technique,mre,params,trained_count,test_count,learn_time,system,strategy,rq,size_type,seed,tuned
CART,0.17192375503240145,"{""max_features"": 1.0, ""min_samples_leaf"": 2, ""splitter"": ""best""}",8,2296,0.01,Dune,rsbs,1,T1,1,True
kNN,0.172318572112859,"{""n_neighbors"": 6, ""p"": 1, ""weights"": ""distance""}",8,2296,0.01,Dune,rsbs,1,T1,1,True
KRR,0.1663245231476586,"{""regressor__kernel"": ""rbf"", ""regressor__gamma"": 0.1, ""regressor__alpha"": 0.0001}",8,2296,0.02,Dune,rsbs,1,T1,1,True
MR,0.17127839686947147,"{""lasso__regressor__alpha"": 1.0}",8,2296,0.03,Dune,rsbs,1,T1,1,True
RF,0.16943648306920142,"{""max_features"": ""log2"", ""min_samples_leaf"": 1, ""n_estimators"": 10}",8,2296,0.02,Dune,rsbs,1,T1,1,True
SVR,0.1710027147586248,"{""regressor__tol"": 0.3, ""regressor__shrinking"": false, ""regressor__epsilon"": 0.1, ""regressor__coef0"": 2.0, ""regressor__C"": 0.5}",8,2296,0.01,Dune,rsbs,1,T1,1,True
CART,0.23422230370127403,"{""max_features"": 1.0, ""min_samples_leaf"": 2, ""splitter"": ""best""}",8,2296,0.01,Dune,rsbs,1,T1,2,True
kNN,0.16738858188032668,"{""n_neighbors"": 6, ""p"": 1, ""weights"": ""distance""}",8,2296,0.01,Dune,rsbs,1,T1,2,True
KRR,0.17720075629579274,"{""regressor__kernel"": ""rbf"", ""regressor__gamma"": 0.1, ""regressor__alpha"": 0.0001}",8,2296,0.02,Dune,rsbs,1,T1,2,True
MR,0.17158149888144672,"{""lasso__regressor__alpha"": 1.0}",8,2296,0.03,Dune,rsbs,1,T1,2,True
RF,0.171688845316938,"{""max_features"": ""log2"", ""min_samples_leaf"": 1, ""n_estimators"": 10}",8,2296,0.02,Dune,rsbs,1,T1,2,True
SVR,0.1689996519421068,"{""regressor__tol"": 0.3, ""regressor__shrinking"": false, ""regressor__epsilon"": 0.1, ""regressor__coef0"": 2.0, ""regressor__C"": 0.5}",8,2296,0.01,Dune,rsbs,1,T1,2,True
CART,0.16088692049926806,"{""max_features"": 1.0, ""min_samples_leaf"": 2, ""splitter"": ""best""}",8,2296,0.0,Dune,rsbs,1,T1,3,True
kNN,0.16703324803211092,"{""n_neighbors"": 6, ""p"": 1, ""weights"": ""distance""}",8,2296,0.0,Dune,rsbs,1,T1,3,True
KRR,0.16178131992403041,"{""regressor__kernel"": ""rbf"", ""regressor__gamma"": 0.1, ""regressor__alpha"": 0.0001}",8,2296,0.01,Dune,rsbs,1,T1,3,True
MR,0.17273235483803798,"{""lasso__regressor__alpha"": 1.0}",8,2296,0.03,Dune,rsbs,1,T1,3,True
RF,0.16306260883324789,"{""max_features"": ""log2"", ""min_samples_leaf"": 1, ""n_estimators"": 10}",8,2296,0.02,Dune,rsbs,1,T1,3,True
SVR,0.1678416050369067,"{""regressor__tol"": 0.3, ""regressor__shrinking"": false, ""regressor__epsilon"": 0.1, ""regressor__coef0"": 2.0, ""regressor__C"": 0.5}",8,2296,0.01,Dune,rsbs,1,T1,3,True
CART,0.19575346975863037,"{""max_features"": 1.0, ""min_samples_leaf"": 2, ""splitter"": ""best""}",8,2296,0.0,Dune,rsbs,1,T1,4,True
kNN,0.18147627055483243,"{""n_neighbors"": 6, ""p"": 1, ""weights"": ""distance""}",8,2296,0.0,Dune,rsbs,1,T1,4,True
KRR,0.16922791855871136,"{""regressor__kernel"": ""rbf"", ""regressor__gamma"": 0.1, ""regressor__alpha"": 0.0001}",8,2296,0.01,Dune,rsbs,1,T1,4,True
MR,0.18527811150565696,"{""lasso__regressor__alpha"": 1.0}",8,2296,0.03,Dune,rsbs,1,T1,4,True
RF,0.16147157422732442,"{""max_features"": ""log2"", ""min_samples_leaf"": 1, ""n_estimators"": 10}",8,2296,0.02,Dune,rsbs,1,T1,4,True
SVR,0.18795842171352722,"{""regressor__tol"": 0.3, ""regressor__shrinking"": false, ""regressor__epsilon"": 0.1, ""regressor__coef0"": 2.0, ""regressor__C"": 0.5}",8,2296,0.01,Dune,rsbs,1,T1,4,True
CART,0.18522132255410226,"{""max_features"": 1.0, ""min_samples_leaf"": 2, ""splitter"": ""best""}",8,2296,0.0,Dune,rsbs,1,T1,5,True
kNN,0.1692688158244282,"{""n_neighbors"": 6, ""p"": 1, ""weights"": ""distance""}",8,2296,0.01,Dune,rsbs,1,T1,5,True
KRR,0.17165545407434682,"{""regressor__kernel"": ""rbf"", ""regressor__gamma"": 0.1, ""regressor__alpha"": 0.0001}",8,2296,0.01,Dune,rsbs,1,T1,5,True
MR,0.17099858372391666,"{""lasso__regressor__alpha"": 1.0}",8,2296,0.02,Dune,rsbs,1,T1,5,True
RF,0.18350950220089537,"{""max_features"": ""log2"", ""min_samples_leaf"": 1, ""n_estimators"": 10}",8,2296,0.03,Dune,rsbs,1,T1,5,True
SVR,0.17157295716352486,"{""regressor__tol"": 0.3, ""regressor__shrinking"": false, ""regressor__epsilon"": 0.1, ""regressor__coef0"": 2.0, ""regressor__C"": 0.5}",8,2296,0.01,Dune,rsbs,1,T1,5,True
CART,0.1773559240680968,"{""max_features"": 1.0, ""min_samples_leaf"": 2, ""splitter"": ""best""}",8,2296,0.0,Dune,rsbs,1,T1,6,True
kNN,0.16416802185196527,"{""n_neighbors"": 6, ""p"": 1, ""weights"": ""distance""}",8,2296,0.01,Dune,rsbs,1,T1,6,True
KRR,0.15750247855122362,"{""regressor__kernel"": ""rbf"", ""regressor__gamma"": 0.1, ""regressor__alpha"": 0.0001}",8,2296,0.01,Dune,rsbs,1,T1,6,True
MR,0.17336179183557426,"{""lasso__regressor__alpha"": 1.0}",8,2296,0.03,Dune,rsbs,1,T1,6,True
RF,0.16659951439616555,"{""max_features"": ""log2"", ""min_samples_leaf"": 1, ""n_estimators"": 10}",8,2296,0.03,Dune,rsbs,1,T1,6,True
SVR,0.1693914295622266,"{""regressor__tol"": 0.3, ""regressor__shrinking"": false, ""regressor__epsilon"": 0.1, ""regressor__coef0"": 2.0, ""regressor__C"": 0.5}",8,2296,0.01,Dune,rsbs,1,T1,6,True
CART,0.19940887506947672,"{""max_features"": 1.0, ""min_samples_leaf"": 2, ""splitter"": ""best""}",8,2296,0.0,Dune,rsbs,1,T1,7,True
kNN,0.163829844532783,"{""n_neighbors"": 6, ""p"": 1, ""weights"": ""distance""}",8,2296,0.01,Dune,rsbs,1,T1,7,True
KRR,0.16039300769535808,"{""regressor__kernel"": ""rbf"", ""regressor__gamma"": 0.1, ""regressor__alpha"": 0.0001}",8,2296,0.01,Dune,rsbs,1,T1,7,True
MR,0.17345526761354613,"{""lasso__regressor__alpha"": 1.0}",8,2296,0.02,Dune,rsbs,1,T1,7,True
RF,0.16409392492254116,"{""max_features"": ""log2"", ""min_samples_leaf"": 1, ""n_estimators"": 10}",8,2296,0.03,Dune,rsbs,1,T1,7,True
SVR,0.1817770254021038,"{""regressor__tol"": 0.3, ""regressor__shrinking"": false, ""regressor__epsilon"": 0.1, ""regressor__coef0"": 2.0, ""regressor__C"": 0.5}",8,2296,0.01,Dune,rsbs,1,T1,7,True
CART,0.16523585247331699,"{""max_features"": 1.0, ""min_samples_leaf"": 2, ""splitter"": ""best""}",8,2296,0.0,Dune,rsbs,1,T1,8,True
kNN,0.16605996481478055,"{""n_neighbors"": 6, ""p"": 1, ""weights"": ""distance""}",8,2296,0.01,Dune,rsbs,1,T1,8,True
KRR,0.15671140542036122,"{""regressor__kernel"": ""rbf"", ""regressor__gamma"": 0.1, ""regressor__alpha"": 0.0001}",8,2296,0.01,Dune,rsbs,1,T1,8,True
MR,0.17292207816993949,"{""lasso__regressor__alpha"": 1.0}",8,2296,0.02,Dune,rsbs,1,T1,8,True
RF,0.16389833813912427,"{""max_features"": ""log2"", ""min_samples_leaf"": 1, ""n_estimators"": 10}",8,2296,0.03,Dune,rsbs,1,T1,8,True
SVR,0.17071218771049856,"{""regressor__tol"": 0.3, ""regressor__shrinking"": false, ""regressor__epsilon"": 0.1, ""regressor__coef0"": 2.0, ""regressor__C"": 0.5}",8,2296,0.01,Dune,rsbs,1,T1,8,True
CART,0.1698727896201309,"{""max_features"": 1.0, ""min_samples_leaf"": 2, ""splitter"": ""best""}",8,2296,0.0,Dune,rsbs,1,T1,9,True
kNN,0.18103943784857973,"{""n_neighbors"": 6, ""p"": 1, ""weights"": ""distance""}",8,2296,0.0,Dune,rsbs,1,T1,9,True
KRR,0.16788875723947788,"{""regressor__kernel"": ""rbf"", ""regressor__gamma"": 0.1, ""regressor__alpha"": 0.0001}",8,2296,0.01,Dune,rsbs,1,T1,9,True
MR,0.18201406203229475,"{""lasso__regressor__alpha"": 1.0}",8,2296,0.02,Dune,rsbs,1,T1,9,True
RF,0.18118659343429547,"{""max_features"": ""log2"", ""min_samples_leaf"": 1, ""n_estimators"": 10}",8,2296,0.02,Dune,rsbs,1,T1,9,True
SVR,0.17902761479800963,"{""regressor__tol"": 0.3, ""regressor__shrinking"": false, ""regressor__epsilon"": 0.1, ""regressor__coef0"": 2.0, ""regressor__C"": 0.5}",8,2296,0.01,Dune,rsbs,1,T1,9,True
CART,0.17516730305271233,"{""max_features"": 1.0, ""min_samples_leaf"": 2, ""splitter"": ""best""}",8,2296,0.0,Dune,rsbs,1,T1,10,True
kNN,0.16435028591534293,"{""n_neighbors"": 6, ""p"": 1, ""weights"": ""distance""}",8,2296,0.0,Dune,rsbs,1,T1,10,True
KRR,0.1638607030436216,"{""regressor__kernel"": ""rbf"", ""regressor__gamma"": 0.1, ""regressor__alpha"": 0.0001}",8,2296,0.01,Dune,rsbs,1,T1,10,True
MR,0.1710747608961481,"{""lasso__regressor__alpha"": 1.0}",8,2296,0.02,Dune,rsbs,1,T1,10,True
RF,0.17627018352857232,"{""max_features"": ""log2"", ""min_samples_leaf"": 1, ""n_estimators"": 10}",8,2296,0.02,Dune,rsbs,1,T1,10,True
SVR,0.16738784963262165,"{""regressor__tol"": 0.3, ""regressor__shrinking"": false, ""regressor__epsilon"": 0.1, ""regressor__coef0"": 2.0, ""regressor__C"": 0.5}",8,2296,0.01,Dune,rsbs,1,T1,10,True
CART,0.1660015589547836,"{""max_features"": 1.0, ""min_samples_leaf"": 2, ""splitter"": ""best""}",8,2296,0.0,Dune,rsbs,1,T1,11,True
kNN,0.15654272467171773,"{""n_neighbors"": 6, ""p"": 1, ""weights"": ""distance""}",8,2296,0.01,Dune,rsbs,1,T1,11,True
KRR,0.14359506797001992,"{""regressor__kernel"": ""rbf"", ""regressor__gamma"": 0.1, ""regressor__alpha"": 0.0001}",8,2296,0.01,Dune,rsbs,1,T1,11,True
MR,0.17253867264993067,"{""lasso__regressor__alpha"": 1.0}",8,2296,0.02,Dune,rsbs,1,T1,11,True
RF,0.1543364647250667,"{""max_features"": ""log2"", ""min_samples_leaf"": 1, ""n_estimators"": 10}",8,2296,0.02,Dune,rsbs,1,T1,11,True
SVR,0.18062480384976534,"{""regressor__tol"": 0.3, ""regressor__shrinking"": false, ""regressor__epsilon"": 0.1, ""regressor__coef0"": 2.0, ""regressor__C"": 0.5}",8,2296,0.01,Dune,rsbs,1,T1,11,True
CART,0.19994268917600588,"{""max_features"": 1.0, ""min_samples_leaf"": 2, ""splitter"": ""best""}",8,2296,0.0,Dune,rsbs,1,T1,12,True
kNN,0.17258301248501123,"{""n_neighbors"": 6, ""p"": 1, ""weights"": ""distance""}",8,2296,0.01,Dune,rsbs,1,T1,12,True
KRR,0.18193391586886087,"{""regressor__kernel"": ""rbf"", ""regressor__gamma"": 0.1, ""regressor__alpha"": 0.0001}",8,2296,0.01,Dune,rsbs,1,T1,12,True
MR,0.18094271131003242,"{""lasso__regressor__alpha"": 1.0}",8,2296,0.02,Dune,rsbs,1,T1,12,True
RF,0.17921579660359885,"{""max_features"": ""log2"", ""min_samples_leaf"": 1, ""n_estimators"": 10}",8,2296,0.02,Dune,rsbs,1,T1,12,True
SVR,0.184519428538969,"{""regressor__tol"": 0.3, ""regressor__shrinking"": false, ""regressor__epsilon"": 0.1, ""regressor__coef0"": 2.0, ""regressor__C"": 0.5}",8,2296,0.01,Dune,rsbs,1,T1,12,True
CART,0.1984416768445013,"{""max_features"": 1.0, ""min_samples_leaf"": 2, ""splitter"": ""best""}",8,2296,0.0,Dune,rsbs,1,T1,13,True
kNN,0.17717210179123763,"{""n_neighbors"": 6, ""p"": 1, ""weights"": ""distance""}",8,2296,0.0,Dune,rsbs,1,T1,13,True
KRR,0.16702841640016275,"{""regressor__kernel"": ""rbf"", ""regressor__gamma"": 0.1, ""regressor__alpha"": 0.0001}",8,2296,0.01,Dune,rsbs,1,T1,13,True
MR,0.18226356434273724,"{""lasso__regressor__alpha"": 1.0}",8,2296,0.02,Dune,rsbs,1,T1,13,True
RF,0.18077442291746557,"{""max_features"": ""log2"", ""min_samples_leaf"": 1, ""n_estimators"": 10}",8,2296,0.02,Dune,rsbs,1,T1,13,True
SVR,0.18383487040365448,"{""regressor__tol"": 0.3, ""regressor__shrinking"": false, ""regressor__epsilon"": 0.1, ""regressor__coef0"": 2.0, ""regressor__C"": 0.5}",8,2296,0.01,Dune,rsbs,1,T1,13,True
CART,0.17813447921041187,"{""max_features"": 1.0, ""min_samples_leaf"": 2, ""splitter"": ""best""}",8,2296,0.0,Dune,rsbs,1,T1,14,True
kNN,0.17130860403520892,"{""n_neighbors"": 6, ""p"": 1, ""weights"": ""distance""}",8,2296,0.0,Dune,rsbs,1,T1,14,True
KRR,0.1672909422250061,"{""regressor__kernel"": ""rbf"", ""regressor__gamma"": 0.1, ""regressor__alpha"": 0.0001}",8,2296,0.01,Dune,rsbs,1,T1,14,True
MR,0.17558735512644025,"{""lasso__regressor__alpha"": 1.0}",8,2296,0.02,Dune,rsbs,1,T1,14,True
RF,0.1639874155782804,"{""max_features"": ""log2"", ""min_samples_leaf"": 1, ""n_estimators"": 10}",8,2296,0.02,Dune,rsbs,1,T1,14,True
SVR,0.17108097700822478,"{""regressor__tol"": 0.3, ""regressor__shrinking"": false, ""regressor__epsilon"": 0.1, ""regressor__coef0"": 2.0, ""regressor__C"": 0.5}",8,2296,0.01,Dune,rsbs,1,T1,14,True
CART,0.17743281040125092,"{""max_features"": 1.0, ""min_samples_leaf"": 2, ""splitter"": ""best""}",8,2296,0.0,Dune,rsbs,1,T1,15,True
kNN,0.17258472885059115,"{""n_neighbors"": 6, ""p"": 1, ""weights"": ""distance""}",8,2296,0.0,Dune,rsbs,1,T1,15,True
KRR,0.1708841601477833,"{""regressor__kernel"": ""rbf"", ""regressor__gamma"": 0.1, ""regressor__alpha"": 0.0001}",8,2296,0.01,Dune,rsbs,1,T1,15,True
MR,0.1741603370689504,"{""lasso__regressor__alpha"": 1.0}",8,2296,0.02,Dune,rsbs,1,T1,15,True
RF,0.16886372869692542,"{""max_features"": ""log2"", ""min_samples_leaf"": 1, ""n_estimators"": 10}",8,2296,0.02,Dune,rsbs,1,T1,15,True
SVR,0.17770730435522228,"{""regressor__tol"": 0.3, ""regressor__shrinking"": false, ""regressor__epsilon"": 0.1, ""regressor__coef0"": 2.0, ""regressor__C"": 0.5}",8,2296,0.01,Dune,rsbs,1,T1,15,True
CART,0.20667905154422758,"{""max_features"": 1.0, ""min_samples_leaf"": 2, ""splitter"": ""best""}",8,2296,0.0,Dune,rsbs,1,T1,16,True
kNN,0.18294071341826912,"{""n_neighbors"": 6, ""p"": 1, ""weights"": ""distance""}",8,2296,0.0,Dune,rsbs,1,T1,16,True
KRR,0.16353749478392052,"{""regressor__kernel"": ""rbf"", ""regressor__gamma"": 0.1, ""regressor__alpha"": 0.0001}",8,2296,0.01,Dune,rsbs,1,T1,16,True
MR,0.18735109551753815,"{""lasso__regressor__alpha"": 1.0}",8,2296,0.02,Dune,rsbs,1,T1,16,True
RF,0.19500385799138056,"{""max_features"": ""log2"", ""min_samples_leaf"": 1, ""n_estimators"": 10}",8,2296,0.02,Dune,rsbs,1,T1,16,True
SVR,0.20934587222086357,"{""regressor__tol"": 0.3, ""regressor__shrinking"": false, ""regressor__epsilon"": 0.1, ""regressor__coef0"": 2.0, ""regressor__C"": 0.5}",8,2296,0.01,Dune,rsbs,1,T1,16,True
CART,0.19969331475658683,"{""max_features"": 1.0, ""min_samples_leaf"": 2, ""splitter"": ""best""}",8,2296,0.0,Dune,rsbs,1,T1,17,True
kNN,0.16699469775556908,"{""n_neighbors"": 6, ""p"": 1, ""weights"": ""distance""}",8,2296,0.0,Dune,rsbs,1,T1,17,True
KRR,0.1530327591134585,"{""regressor__kernel"": ""rbf"", ""regressor__gamma"": 0.1, ""regressor__alpha"": 0.0001}",8,2296,0.01,Dune,rsbs,1,T1,17,True
MR,0.17215272861533204,"{""lasso__regressor__alpha"": 1.0}",8,2296,0.02,Dune,rsbs,1,T1,17,True
RF,0.15476871704950854,"{""max_features"": ""log2"", ""min_samples_leaf"": 1, ""n_estimators"": 10}",8,2296,0.02,Dune,rsbs,1,T1,17,True
SVR,0.17161641847438056,"{""regressor__tol"": 0.3, ""regressor__shrinking"": false, ""regressor__epsilon"": 0.1, ""regressor__coef0"": 2.0, ""regressor__C"": 0.5}",8,2296,0.01,Dune,rsbs,1,T1,17,True
CART,0.21337436694995993,"{""max_features"": 1.0, ""min_samples_leaf"": 2, ""splitter"": ""best""}",8,2296,0.0,Dune,rsbs,1,T1,18,True
kNN,0.16871209539381615,"{""n_neighbors"": 6, ""p"": 1, ""weights"": ""distance""}",8,2296,0.01,Dune,rsbs,1,T1,18,True
KRR,0.17382979354669922,"{""regressor__kernel"": ""rbf"", ""regressor__gamma"": 0.1, ""regressor__alpha"": 0.0001}",8,2296,0.01,Dune,rsbs,1,T1,18,True
MR,0.17103074794733247,"{""lasso__regressor__alpha"": 1.0}",8,2296,0.02,Dune,rsbs,1,T1,18,True
RF,0.17176717947739045,"{""max_features"": ""log2"", ""min_samples_leaf"": 1, ""n_estimators"": 10}",8,2296,0.02,Dune,rsbs,1,T1,18,True
SVR,0.16974906739867418,"{""regressor__tol"": 0.3, ""regressor__shrinking"": false, ""regressor__epsilon"": 0.1, ""regressor__coef0"": 2.0, ""regressor__C"": 0.5}",8,2296,0.01,Dune,rsbs,1,T1,18,True
CART,0.18187917973163142,"{""max_features"": 1.0, ""min_samples_leaf"": 2, ""splitter"": ""best""}",8,2296,0.0,Dune,rsbs,1,T1,19,True
kNN,0.17268551909939914,"{""n_neighbors"": 6, ""p"": 1, ""weights"": ""distance""}",8,2296,0.0,Dune,rsbs,1,T1,19,True
KRR,0.1658188495365656,"{""regressor__kernel"": ""rbf"", ""regressor__gamma"": 0.1, ""regressor__alpha"": 0.0001}",8,2296,0.01,Dune,rsbs,1,T1,19,True
MR,0.17571581667910333,"{""lasso__regressor__alpha"": 1.0}",8,2296,0.02,Dune,rsbs,1,T1,19,True
RF,0.15999614671727327,"{""max_features"": ""log2"", ""min_samples_leaf"": 1, ""n_estimators"": 10}",8,2296,0.02,Dune,rsbs,1,T1,19,True
SVR,0.16756753076950298,"{""regressor__tol"": 0.3, ""regressor__shrinking"": false, ""regressor__epsilon"": 0.1, ""regressor__coef0"": 2.0, ""regressor__C"": 0.5}",8,2296,0.01,Dune,rsbs,1,T1,19,True
CART,0.18310922557741108,"{""max_features"": 1.0, ""min_samples_leaf"": 2, ""splitter"": ""best""}",8,2296,0.0,Dune,rsbs,1,T1,20,True
kNN,0.17278344289496791,"{""n_neighbors"": 6, ""p"": 1, ""weights"": ""distance""}",8,2296,0.0,Dune,rsbs,1,T1,20,True
KRR,0.17424996553961997,"{""regressor__kernel"": ""rbf"", ""regressor__gamma"": 0.1, ""regressor__alpha"": 0.0001}",8,2296,0.01,Dune,rsbs,1,T1,20,True
MR,0.1738336466573494,"{""lasso__regressor__alpha"": 1.0}",8,2296,0.02,Dune,rsbs,1,T1,20,True
RF,0.1957131919543006,"{""max_features"": ""log2"", ""min_samples_leaf"": 1, ""n_estimators"": 10}",8,2296,0.02,Dune,rsbs,1,T1,20,True
SVR,0.16875388446627704,"{""regressor__tol"": 0.3, ""regressor__shrinking"": false, ""regressor__epsilon"": 0.1, ""regressor__coef0"": 2.0, ""regressor__C"": 0.5}",8,2296,0.01,Dune,rsbs,1,T1,20,True
CART,0.23136666254946153,"{""max_features"": 1.0, ""min_samples_leaf"": 2, ""splitter"": ""best""}",8,2296,0.0,Dune,rsbs,1,T1,21,True
kNN,0.16855455253094367,"{""n_neighbors"": 6, ""p"": 1, ""weights"": ""distance""}",8,2296,0.0,Dune,rsbs,1,T1,21,True
KRR,0.1670037890006552,"{""regressor__kernel"": ""rbf"", ""regressor__gamma"": 0.1, ""regressor__alpha"": 0.0001}",8,2296,0.01,Dune,rsbs,1,T1,21,True
MR,0.17221332503687142,"{""lasso__regressor__alpha"": 1.0}",8,2296,0.02,Dune,rsbs,1,T1,21,True
RF,0.18303517376401582,"{""max_features"": ""log2"", ""min_samples_leaf"": 1, ""n_estimators"": 10}",8,2296,0.02,Dune,rsbs,1,T1,21,True
SVR,0.17322143073114515,"{""regressor__tol"": 0.3, ""regressor__shrinking"": false, ""regressor__epsilon"": 0.1, ""regressor__coef0"": 2.0, ""regressor__C"": 0.5}",8,2296,0.01,Dune,rsbs,1,T1,21,True
CART,0.1799263390528433,"{""max_features"": 1.0, ""min_samples_leaf"": 2, ""splitter"": ""best""}",8,2296,0.0,Dune,rsbs,1,T1,22,True
kNN,0.16495335019211868,"{""n_neighbors"": 6, ""p"": 1, ""weights"": ""distance""}",8,2296,0.0,Dune,rsbs,1,T1,22,True
KRR,0.1710782092459866,"{""regressor__kernel"": ""rbf"", ""regressor__gamma"": 0.1, ""regressor__alpha"": 0.0001}",8,2296,0.01,Dune,rsbs,1,T1,22,True
MR,0.17173926054422356,"{""lasso__regressor__alpha"": 1.0}",8,2296,0.02,Dune,rsbs,1,T1,22,True
RF,0.17442106173022115,"{""max_features"": ""log2"", ""min_samples_leaf"": 1, ""n_estimators"": 10}",8,2296,0.02,Dune,rsbs,1,T1,22,True
SVR,0.18735985945854106,"{""regressor__tol"": 0.3, ""regressor__shrinking"": false, ""regressor__epsilon"": 0.1, ""regressor__coef0"": 2.0, ""regressor__C"": 0.5}",8,2296,0.01,Dune,rsbs,1,T1,22,True
CART,0.2044567976083332,"{""max_features"": 1.0, ""min_samples_leaf"": 2, ""splitter"": ""best""}",8,2296,0.0,Dune,rsbs,1,T1,23,True
kNN,0.17335026768583656,"{""n_neighbors"": 6, ""p"": 1, ""weights"": ""distance""}",8,2296,0.0,Dune,rsbs,1,T1,23,True
KRR,0.16217412126632724,"{""regressor__kernel"": ""rbf"", ""regressor__gamma"": 0.1, ""regressor__alpha"": 0.0001}",8,2296,0.01,Dune,rsbs,1,T1,23,True
MR,0.1775663503251754,"{""lasso__regressor__alpha"": 1.0}",8,2296,0.02,Dune,rsbs,1,T1,23,True
RF,0.17119413285222748,"{""max_features"": ""log2"", ""min_samples_leaf"": 1, ""n_estimators"": 10}",8,2296,0.02,Dune,rsbs,1,T1,23,True
SVR,0.16888721632152612,"{""regressor__tol"": 0.3, ""regressor__shrinking"": false, ""regressor__epsilon"": 0.1, ""regressor__coef0"": 2.0, ""regressor__C"": 0.5}",8,2296,0.01,Dune,rsbs,1,T1,23,True
CART,0.19374731728214872,"{""max_features"": 1.0, ""min_samples_leaf"": 2, ""splitter"": ""best""}",8,2296,0.0,Dune,rsbs,1,T1,24,True
kNN,0.17586411796417842,"{""n_neighbors"": 6, ""p"": 1, ""weights"": ""distance""}",8,2296,0.0,Dune,rsbs,1,T1,24,True
KRR,0.17124094442830162,"{""regressor__kernel"": ""rbf"", ""regressor__gamma"": 0.1, ""regressor__alpha"": 0.0001}",8,2296,0.01,Dune,rsbs,1,T1,24,True
MR,0.18527645001617474,"{""lasso__regressor__alpha"": 1.0}",8,2296,0.02,Dune,rsbs,1,T1,24,True
RF,0.17762054223354945,"{""max_features"": ""log2"", ""min_samples_leaf"": 1, ""n_estimators"": 10}",8,2296,0.02,Dune,rsbs,1,T1,24,True
SVR,0.19975807145716198,"{""regressor__tol"": 0.3, ""regressor__shrinking"": false, ""regressor__epsilon"": 0.1, ""regressor__coef0"": 2.0, ""regressor__C"": 0.5}",8,2296,0.01,Dune,rsbs,1,T1,24,True
CART,0.22198776992229813,"{""max_features"": 1.0, ""min_samples_leaf"": 2, ""splitter"": ""best""}",8,2296,0.0,Dune,rsbs,1,T1,25,True
kNN,0.17168316056594435,"{""n_neighbors"": 6, ""p"": 1, ""weights"": ""distance""}",8,2296,0.0,Dune,rsbs,1,T1,25,True
KRR,0.189393410555687,"{""regressor__kernel"": ""rbf"", ""regressor__gamma"": 0.1, ""regressor__alpha"": 0.0001}",8,2296,0.01,Dune,rsbs,1,T1,25,True
MR,0.17583933546893246,"{""lasso__regressor__alpha"": 1.0}",8,2296,0.02,Dune,rsbs,1,T1,25,True
RF,0.18922483430292597,"{""max_features"": ""log2"", ""min_samples_leaf"": 1, ""n_estimators"": 10}",8,2296,0.02,Dune,rsbs,1,T1,25,True
SVR,0.1709927107837905,"{""regressor__tol"": 0.3, ""regressor__shrinking"": false, ""regressor__epsilon"": 0.1, ""regressor__coef0"": 2.0, ""regressor__C"": 0.5}",8,2296,0.01,Dune,rsbs,1,T1,25,True
CART,0.20965234090511997,"{""max_features"": 1.0, ""min_samples_leaf"": 2, ""splitter"": ""best""}",8,2296,0.0,Dune,rsbs,1,T1,26,True
kNN,0.18258059111566147,"{""n_neighbors"": 6, ""p"": 1, ""weights"": ""distance""}",8,2296,0.0,Dune,rsbs,1,T1,26,True
KRR,0.17093547384697153,"{""regressor__kernel"": ""rbf"", ""regressor__gamma"": 0.1, ""regressor__alpha"": 0.0001}",8,2296,0.01,Dune,rsbs,1,T1,26,True
MR,0.18554197913391132,"{""lasso__regressor__alpha"": 1.0}",8,2296,0.02,Dune,rsbs,1,T1,26,True
RF,0.1776725772445403,"{""max_features"": ""log2"", ""min_samples_leaf"": 1, ""n_estimators"": 10}",8,2296,0.02,Dune,rsbs,1,T1,26,True
SVR,0.18467015885113355,"{""regressor__tol"": 0.3, ""regressor__shrinking"": false, ""regressor__epsilon"": 0.1, ""regressor__coef0"": 2.0, ""regressor__C"": 0.5}",8,2296,0.01,Dune,rsbs,1,T1,26,True
CART,0.19409840655621877,"{""max_features"": 1.0, ""min_samples_leaf"": 2, ""splitter"": ""best""}",8,2296,0.0,Dune,rsbs,1,T1,27,True
kNN,0.17562501393370492,"{""n_neighbors"": 6, ""p"": 1, ""weights"": ""distance""}",8,2296,0.0,Dune,rsbs,1,T1,27,True
KRR,0.17266467161779026,"{""regressor__kernel"": ""rbf"", ""regressor__gamma"": 0.1, ""regressor__alpha"": 0.0001}",8,2296,0.01,Dune,rsbs,1,T1,27,True
MR,0.17927810309060746,"{""lasso__regressor__alpha"": 1.0}",8,2296,0.02,Dune,rsbs,1,T1,27,True
RF,0.17279993108593786,"{""max_features"": ""log2"", ""min_samples_leaf"": 1, ""n_estimators"": 10}",8,2296,0.02,Dune,rsbs,1,T1,27,True
SVR,0.1843304349269269,"{""regressor__tol"": 0.3, ""regressor__shrinking"": false, ""regressor__epsilon"": 0.1, ""regressor__coef0"": 2.0, ""regressor__C"": 0.5}",8,2296,0.01,Dune,rsbs,1,T1,27,True
CART,0.21433911773509415,"{""max_features"": 1.0, ""min_samples_leaf"": 2, ""splitter"": ""best""}",8,2296,0.0,Dune,rsbs,1,T1,28,True
kNN,0.18971652026302005,"{""n_neighbors"": 6, ""p"": 1, ""weights"": ""distance""}",8,2296,0.0,Dune,rsbs,1,T1,28,True
KRR,0.19080305218615246,"{""regressor__kernel"": ""rbf"", ""regressor__gamma"": 0.1, ""regressor__alpha"": 0.0001}",8,2296,0.01,Dune,rsbs,1,T1,28,True
MR,0.19319486924888177,"{""lasso__regressor__alpha"": 1.0}",8,2296,0.02,Dune,rsbs,1,T1,28,True
RF,0.19574573979382667,"{""max_features"": ""log2"", ""min_samples_leaf"": 1, ""n_estimators"": 10}",8,2296,0.02,Dune,rsbs,1,T1,28,True
SVR,0.198387223981652,"{""regressor__tol"": 0.3, ""regressor__shrinking"": false, ""regressor__epsilon"": 0.1, ""regressor__coef0"": 2.0, ""regressor__C"": 0.5}",8,2296,0.01,Dune,rsbs,1,T1,28,True
CART,0.2129162261780412,"{""max_features"": 1.0, ""min_samples_leaf"": 2, ""splitter"": ""best""}",8,2296,0.0,Dune,rsbs,1,T1,29,True
kNN,0.18808483654247957,"{""n_neighbors"": 6, ""p"": 1, ""weights"": ""distance""}",8,2296,0.0,Dune,rsbs,1,T1,29,True
KRR,0.19203681338988113,"{""regressor__kernel"": ""rbf"", ""regressor__gamma"": 0.1, ""regressor__alpha"": 0.0001}",8,2296,0.01,Dune,rsbs,1,T1,29,True
MR,0.1942343017967089,"{""lasso__regressor__alpha"": 1.0}",8,2296,0.02,Dune,rsbs,1,T1,29,True
RF,0.1758837554280752,"{""max_features"": ""log2"", ""min_samples_leaf"": 1, ""n_estimators"": 10}",8,2296,0.02,Dune,rsbs,1,T1,29,True
SVR,0.1825771873919742,"{""regressor__tol"": 0.3, ""regressor__shrinking"": false, ""regressor__epsilon"": 0.1, ""regressor__coef0"": 2.0, ""regressor__C"": 0.5}",8,2296,0.01,Dune,rsbs,1,T1,29,True
CART,0.1825074873412738,"{""max_features"": 1.0, ""min_samples_leaf"": 2, ""splitter"": ""best""}",8,2296,0.0,Dune,rsbs,1,T1,30,True
kNN,0.17283614638299252,"{""n_neighbors"": 6, ""p"": 1, ""weights"": ""distance""}",8,2296,0.0,Dune,rsbs,1,T1,30,True
KRR,0.1714318139291496,"{""regressor__kernel"": ""rbf"", ""regressor__gamma"": 0.1, ""regressor__alpha"": 0.0001}",8,2296,0.01,Dune,rsbs,1,T1,30,True
MR,0.1763761788853642,"{""lasso__regressor__alpha"": 1.0}",8,2296,0.02,Dune,rsbs,1,T1,30,True
RF,0.17346891836731237,"{""max_features"": ""log2"", ""min_samples_leaf"": 1, ""n_estimators"": 10}",8,2296,0.02,Dune,rsbs,1,T1,30,True
SVR,0.1704900703895801,"{""regressor__tol"": 0.3, ""regressor__shrinking"": false, ""regressor__epsilon"": 0.1, ""regressor__coef0"": 2.0, ""regressor__C"": 0.5}",8,2296,0.01,Dune,rsbs,1,T1,30,True
CART,0.1930152033733403,"{""max_features"": 1.0, ""min_samples_leaf"": 2, ""splitter"": ""best""}",8,2296,0.0,Dune,rsbs,1,T1,31,True
kNN,0.17944140193329877,"{""n_neighbors"": 6, ""p"": 1, ""weights"": ""distance""}",8,2296,0.0,Dune,rsbs,1,T1,31,True
KRR,0.1871627684109788,"{""regressor__kernel"": ""rbf"", ""regressor__gamma"": 0.1, ""regressor__alpha"": 0.0001}",8,2296,0.01,Dune,rsbs,1,T1,31,True
MR,0.18317727417211208,"{""lasso__regressor__alpha"": 1.0}",8,2296,0.02,Dune,rsbs,1,T1,31,True
RF,0.17463957778014358,"{""max_features"": ""log2"", ""min_samples_leaf"": 1, ""n_estimators"": 10}",8,2296,0.02,Dune,rsbs,1,T1,31,True
SVR,0.1747459113144955,"{""regressor__tol"": 0.3, ""regressor__shrinking"": false, ""regressor__epsilon"": 0.1, ""regressor__coef0"": 2.0, ""regressor__C"": 0.5}",8,2296,0.01,Dune,rsbs,1,T1,31,True
CART,0.21508713189806378,"{""max_features"": 1.0, ""min_samples_leaf"": 2, ""splitter"": ""best""}",8,2296,0.0,Dune,rsbs,1,T1,32,True
kNN,0.1716696772942819,"{""n_neighbors"": 6, ""p"": 1, ""weights"": ""distance""}",8,2296,0.0,Dune,rsbs,1,T1,32,True
KRR,0.17409609657429245,"{""regressor__kernel"": ""rbf"", ""regressor__gamma"": 0.1, ""regressor__alpha"": 0.0001}",8,2296,0.01,Dune,rsbs,1,T1,32,True
MR,0.17613393870527488,"{""lasso__regressor__alpha"": 1.0}",8,2296,0.02,Dune,rsbs,1,T1,32,True
RF,0.1684486332233732,"{""max_features"": ""log2"", ""min_samples_leaf"": 1, ""n_estimators"": 10}",8,2296,0.02,Dune,rsbs,1,T1,32,True
SVR,0.18006127771779537,"{""regressor__tol"": 0.3, ""regressor__shrinking"": false, ""regressor__epsilon"": 0.1, ""regressor__coef0"": 2.0, ""regressor__C"": 0.5}",8,2296,0.01,Dune,rsbs,1,T1,32,True
CART,0.21127799218114895,"{""max_features"": 1.0, ""min_samples_leaf"": 2, ""splitter"": ""best""}",8,2296,0.0,Dune,rsbs,1,T1,33,True
kNN,0.17287859519949889,"{""n_neighbors"": 6, ""p"": 1, ""weights"": ""distance""}",8,2296,0.0,Dune,rsbs,1,T1,33,True
KRR,0.1643377932424325,"{""regressor__kernel"": ""rbf"", ""regressor__gamma"": 0.1, ""regressor__alpha"": 0.0001}",8,2296,0.01,Dune,rsbs,1,T1,33,True
MR,0.17872434406382567,"{""lasso__regressor__alpha"": 1.0}",8,2296,0.02,Dune,rsbs,1,T1,33,True
RF,0.1698161404508887,"{""max_features"": ""log2"", ""min_samples_leaf"": 1, ""n_estimators"": 10}",8,2296,0.02,Dune,rsbs,1,T1,33,True
SVR,0.19043343551218178,"{""regressor__tol"": 0.3, ""regressor__shrinking"": false, ""regressor__epsilon"": 0.1, ""regressor__coef0"": 2.0, ""regressor__C"": 0.5}",8,2296,0.01,Dune,rsbs,1,T1,33,True
CART,0.2158782217706057,"{""max_features"": 1.0, ""min_samples_leaf"": 2, ""splitter"": ""best""}",8,2296,0.0,Dune,rsbs,1,T1,34,True
kNN,0.20592102478129856,"{""n_neighbors"": 6, ""p"": 1, ""weights"": ""distance""}",8,2296,0.0,Dune,rsbs,1,T1,34,True
KRR,0.18784084584623156,"{""regressor__kernel"": ""rbf"", ""regressor__gamma"": 0.1, ""regressor__alpha"": 0.0001}",8,2296,0.01,Dune,rsbs,1,T1,34,True
MR,0.20450998607184928,"{""lasso__regressor__alpha"": 1.0}",8,2296,0.02,Dune,rsbs,1,T1,34,True
RF,0.2066562387282156,"{""max_features"": ""log2"", ""min_samples_leaf"": 1, ""n_estimators"": 10}",8,2296,0.02,Dune,rsbs,1,T1,34,True
SVR,0.21147424231089554,"{""regressor__tol"": 0.3, ""regressor__shrinking"": false, ""regressor__epsilon"": 0.1, ""regressor__coef0"": 2.0, ""regressor__C"": 0.5}",8,2296,0.01,Dune,rsbs,1,T1,34,True
CART,0.17610131534299484,"{""max_features"": 1.0, ""min_samples_leaf"": 2, ""splitter"": ""best""}",8,2296,0.0,Dune,rsbs,1,T1,35,True
kNN,0.16793759875282008,"{""n_neighbors"": 6, ""p"": 1, ""weights"": ""distance""}",8,2296,0.0,Dune,rsbs,1,T1,35,True
KRR,0.156070861597951,"{""regressor__kernel"": ""rbf"", ""regressor__gamma"": 0.1, ""regressor__alpha"": 0.0001}",8,2296,0.01,Dune,rsbs,1,T1,35,True
MR,0.1743176171037983,"{""lasso__regressor__alpha"": 1.0}",8,2296,0.02,Dune,rsbs,1,T1,35,True
RF,0.16807788709948498,"{""max_features"": ""log2"", ""min_samples_leaf"": 1, ""n_estimators"": 10}",8,2296,0.02,Dune,rsbs,1,T1,35,True
SVR,0.1696785023479306,"{""regressor__tol"": 0.3, ""regressor__shrinking"": false, ""regressor__epsilon"": 0.1, ""regressor__coef0"": 2.0, ""regressor__C"": 0.5}",8,2296,0.01,Dune,rsbs,1,T1,35,True
CART,0.1776768088809333,"{""max_features"": 1.0, ""min_samples_leaf"": 2, ""splitter"": ""best""}",8,2296,0.0,Dune,rsbs,1,T1,36,True
kNN,0.16515057166400418,"{""n_neighbors"": 6, ""p"": 1, ""weights"": ""distance""}",8,2296,0.0,Dune,rsbs,1,T1,36,True
KRR,0.15914988276208958,"{""regressor__kernel"": ""rbf"", ""regressor__gamma"": 0.1, ""regressor__alpha"": 0.0001}",8,2296,0.01,Dune,rsbs,1,T1,36,True
MR,0.17163327798204547,"{""lasso__regressor__alpha"": 1.0}",8,2296,0.02,Dune,rsbs,1,T1,36,True
RF,0.17115983479059624,"{""max_features"": ""log2"", ""min_samples_leaf"": 1, ""n_estimators"": 10}",8,2296,0.02,Dune,rsbs,1,T1,36,True
SVR,0.17408511577736774,"{""regressor__tol"": 0.3, ""regressor__shrinking"": false, ""regressor__epsilon"": 0.1, ""regressor__coef0"": 2.0, ""regressor__C"": 0.5}",8,2296,0.01,Dune,rsbs,1,T1,36,True
CART,0.2474830392523461,"{""max_features"": 1.0, ""min_samples_leaf"": 2, ""splitter"": ""best""}",8,2296,0.0,Dune,rsbs,1,T1,37,True
kNN,0.20104245890269404,"{""n_neighbors"": 6, ""p"": 1, ""weights"": ""distance""}",8,2296,0.0,Dune,rsbs,1,T1,37,True
KRR,0.20183922460413145,"{""regressor__kernel"": ""rbf"", ""regressor__gamma"": 0.1, ""regressor__alpha"": 0.0001}",8,2296,0.01,Dune,rsbs,1,T1,37,True
MR,0.19780873251261588,"{""lasso__regressor__alpha"": 1.0}",8,2296,0.02,Dune,rsbs,1,T1,37,True
RF,0.21281520839134413,"{""max_features"": ""log2"", ""min_samples_leaf"": 1, ""n_estimators"": 10}",8,2296,0.02,Dune,rsbs,1,T1,37,True
SVR,0.19474503605777663,"{""regressor__tol"": 0.3, ""regressor__shrinking"": false, ""regressor__epsilon"": 0.1, ""regressor__coef0"": 2.0, ""regressor__C"": 0.5}",8,2296,0.01,Dune,rsbs,1,T1,37,True
CART,0.2009061857361896,"{""max_features"": 1.0, ""min_samples_leaf"": 2, ""splitter"": ""best""}",8,2296,0.0,Dune,rsbs,1,T1,38,True
kNN,0.17261128464478248,"{""n_neighbors"": 6, ""p"": 1, ""weights"": ""distance""}",8,2296,0.0,Dune,rsbs,1,T1,38,True
KRR,0.1716140780886278,"{""regressor__kernel"": ""rbf"", ""regressor__gamma"": 0.1, ""regressor__alpha"": 0.0001}",8,2296,0.01,Dune,rsbs,1,T1,38,True
MR,0.17136690164378698,"{""lasso__regressor__alpha"": 1.0}",8,2296,0.02,Dune,rsbs,1,T1,38,True
RF,0.18690928499254694,"{""max_features"": ""log2"", ""min_samples_leaf"": 1, ""n_estimators"": 10}",8,2296,0.02,Dune,rsbs,1,T1,38,True
SVR,0.16919625507912062,"{""regressor__tol"": 0.3, ""regressor__shrinking"": false, ""regressor__epsilon"": 0.1, ""regressor__coef0"": 2.0, ""regressor__C"": 0.5}",8,2296,0.01,Dune,rsbs,1,T1,38,True
CART,0.16944590453631672,"{""max_features"": 1.0, ""min_samples_leaf"": 2, ""splitter"": ""best""}",8,2296,0.0,Dune,rsbs,1,T1,39,True
kNN,0.18167810226883913,"{""n_neighbors"": 6, ""p"": 1, ""weights"": ""distance""}",8,2296,0.0,Dune,rsbs,1,T1,39,True
KRR,0.15827738991748502,"{""regressor__kernel"": ""rbf"", ""regressor__gamma"": 0.1, ""regressor__alpha"": 0.0001}",8,2296,0.01,Dune,rsbs,1,T1,39,True
MR,0.18658529649431607,"{""lasso__regressor__alpha"": 1.0}",8,2296,0.02,Dune,rsbs,1,T1,39,True
RF,0.1784909061488151,"{""max_features"": ""log2"", ""min_samples_leaf"": 1, ""n_estimators"": 10}",8,2296,0.02,Dune,rsbs,1,T1,39,True
SVR,0.17582347093777972,"{""regressor__tol"": 0.3, ""regressor__shrinking"": false, ""regressor__epsilon"": 0.1, ""regressor__coef0"": 2.0, ""regressor__C"": 0.5}",8,2296,0.01,Dune,rsbs,1,T1,39,True
CART,0.21708631129843858,"{""max_features"": 1.0, ""min_samples_leaf"": 2, ""splitter"": ""best""}",8,2296,0.0,Dune,rsbs,1,T1,40,True
kNN,0.17704297250266773,"{""n_neighbors"": 6, ""p"": 1, ""weights"": ""distance""}",8,2296,0.0,Dune,rsbs,1,T1,40,True
KRR,0.1785507189603195,"{""regressor__kernel"": ""rbf"", ""regressor__gamma"": 0.1, ""regressor__alpha"": 0.0001}",8,2296,0.01,Dune,rsbs,1,T1,40,True
MR,0.17363140296930826,"{""lasso__regressor__alpha"": 1.0}",8,2296,0.02,Dune,rsbs,1,T1,40,True
RF,0.17013349764369712,"{""max_features"": ""log2"", ""min_samples_leaf"": 1, ""n_estimators"": 10}",8,2296,0.02,Dune,rsbs,1,T1,40,True
SVR,0.18073476496584784,"{""regressor__tol"": 0.3, ""regressor__shrinking"": false, ""regressor__epsilon"": 0.1, ""regressor__coef0"": 2.0, ""regressor__C"": 0.5}",8,2296,0.01,Dune,rsbs,1,T1,40,True
CART,0.21340343339801798,"{""max_features"": 1.0, ""min_samples_leaf"": 2, ""splitter"": ""best""}",8,2296,0.0,Dune,rsbs,1,T1,41,True
kNN,0.16597449265808853,"{""n_neighbors"": 6, ""p"": 1, ""weights"": ""distance""}",8,2296,0.0,Dune,rsbs,1,T1,41,True
KRR,0.1662621809672898,"{""regressor__kernel"": ""rbf"", ""regressor__gamma"": 0.1, ""regressor__alpha"": 0.0001}",8,2296,0.01,Dune,rsbs,1,T1,41,True
MR,0.17163660981939594,"{""lasso__regressor__alpha"": 1.0}",8,2296,0.02,Dune,rsbs,1,T1,41,True
RF,0.1700233228340224,"{""max_features"": ""log2"", ""min_samples_leaf"": 1, ""n_estimators"": 10}",8,2296,0.02,Dune,rsbs,1,T1,41,True
SVR,0.16623461879026258,"{""regressor__tol"": 0.3, ""regressor__shrinking"": false, ""regressor__epsilon"": 0.1, ""regressor__coef0"": 2.0, ""regressor__C"": 0.5}",8,2296,0.01,Dune,rsbs,1,T1,41,True
CART,0.18288667065211706,"{""max_features"": 1.0, ""min_samples_leaf"": 2, ""splitter"": ""best""}",8,2296,0.0,Dune,rsbs,1,T1,42,True
kNN,0.1810965082510797,"{""n_neighbors"": 6, ""p"": 1, ""weights"": ""distance""}",8,2296,0.0,Dune,rsbs,1,T1,42,True
KRR,0.18238541508808598,"{""regressor__kernel"": ""rbf"", ""regressor__gamma"": 0.1, ""regressor__alpha"": 0.0001}",8,2296,0.01,Dune,rsbs,1,T1,42,True
MR,0.18893670091026177,"{""lasso__regressor__alpha"": 1.0}",8,2296,0.02,Dune,rsbs,1,T1,42,True
RF,0.17978381155616616,"{""max_features"": ""log2"", ""min_samples_leaf"": 1, ""n_estimators"": 10}",8,2296,0.02,Dune,rsbs,1,T1,42,True
SVR,0.20372536365481714,"{""regressor__tol"": 0.3, ""regressor__shrinking"": false, ""regressor__epsilon"": 0.1, ""regressor__coef0"": 2.0, ""regressor__C"": 0.5}",8,2296,0.01,Dune,rsbs,1,T1,42,True
CART,0.16770221167015556,"{""max_features"": 1.0, ""min_samples_leaf"": 2, ""splitter"": ""best""}",8,2296,0.0,Dune,rsbs,1,T1,43,True
kNN,0.16759956807651316,"{""n_neighbors"": 6, ""p"": 1, ""weights"": ""distance""}",8,2296,0.0,Dune,rsbs,1,T1,43,True
KRR,0.15717881504317993,"{""regressor__kernel"": ""rbf"", ""regressor__gamma"": 0.1, ""regressor__alpha"": 0.0001}",8,2296,0.01,Dune,rsbs,1,T1,43,True
MR,0.17125710052589846,"{""lasso__regressor__alpha"": 1.0}",8,2296,0.02,Dune,rsbs,1,T1,43,True
RF,0.16472816260504983,"{""max_features"": ""log2"", ""min_samples_leaf"": 1, ""n_estimators"": 10}",8,2296,0.02,Dune,rsbs,1,T1,43,True
SVR,0.16925733117211134,"{""regressor__tol"": 0.3, ""regressor__shrinking"": false, ""regressor__epsilon"": 0.1, ""regressor__coef0"": 2.0, ""regressor__C"": 0.5}",8,2296,0.01,Dune,rsbs,1,T1,43,True
CART,0.18674037795544335,"{""max_features"": 1.0, ""min_samples_leaf"": 2, ""splitter"": ""best""}",8,2296,0.0,Dune,rsbs,1,T1,44,True
kNN,0.17019885426649115,"{""n_neighbors"": 6, ""p"": 1, ""weights"": ""distance""}",8,2296,0.01,Dune,rsbs,1,T1,44,True
KRR,0.16598483464983468,"{""regressor__kernel"": ""rbf"", ""regressor__gamma"": 0.1, ""regressor__alpha"": 0.0001}",8,2296,0.01,Dune,rsbs,1,T1,44,True
MR,0.1741330598270739,"{""lasso__regressor__alpha"": 1.0}",8,2296,0.02,Dune,rsbs,1,T1,44,True
RF,0.1787159229173968,"{""max_features"": ""log2"", ""min_samples_leaf"": 1, ""n_estimators"": 10}",8,2296,0.02,Dune,rsbs,1,T1,44,True
SVR,0.1696927916463208,"{""regressor__tol"": 0.3, ""regressor__shrinking"": false, ""regressor__epsilon"": 0.1, ""regressor__coef0"": 2.0, ""regressor__C"": 0.5}",8,2296,0.01,Dune,rsbs,1,T1,44,True
CART,0.18002227855512998,"{""max_features"": 1.0, ""min_samples_leaf"": 2, ""splitter"": ""best""}",8,2296,0.0,Dune,rsbs,1,T1,45,True
kNN,0.17196695526157138,"{""n_neighbors"": 6, ""p"": 1, ""weights"": ""distance""}",8,2296,0.0,Dune,rsbs,1,T1,45,True
KRR,0.15697161072917837,"{""regressor__kernel"": ""rbf"", ""regressor__gamma"": 0.1, ""regressor__alpha"": 0.0001}",8,2296,0.01,Dune,rsbs,1,T1,45,True
MR,0.17385646310902064,"{""lasso__regressor__alpha"": 1.0}",8,2296,0.02,Dune,rsbs,1,T1,45,True
RF,0.17105887338113732,"{""max_features"": ""log2"", ""min_samples_leaf"": 1, ""n_estimators"": 10}",8,2296,0.02,Dune,rsbs,1,T1,45,True
SVR,0.168937854881212,"{""regressor__tol"": 0.3, ""regressor__shrinking"": false, ""regressor__epsilon"": 0.1, ""regressor__coef0"": 2.0, ""regressor__C"": 0.5}",8,2296,0.01,Dune,rsbs,1,T1,45,True
CART,0.1835978307024213,"{""max_features"": 1.0, ""min_samples_leaf"": 2, ""splitter"": ""best""}",8,2296,0.0,Dune,rsbs,1,T1,46,True
kNN,0.18827819356442635,"{""n_neighbors"": 6, ""p"": 1, ""weights"": ""distance""}",8,2296,0.0,Dune,rsbs,1,T1,46,True
KRR,0.17853140388488747,"{""regressor__kernel"": ""rbf"", ""regressor__gamma"": 0.1, ""regressor__alpha"": 0.0001}",8,2296,0.01,Dune,rsbs,1,T1,46,True
MR,0.19384334757152114,"{""lasso__regressor__alpha"": 1.0}",8,2296,0.02,Dune,rsbs,1,T1,46,True
RF,0.19039454882823928,"{""max_features"": ""log2"", ""min_samples_leaf"": 1, ""n_estimators"": 10}",8,2296,0.02,Dune,rsbs,1,T1,46,True
SVR,0.1828847255616882,"{""regressor__tol"": 0.3, ""regressor__shrinking"": false, ""regressor__epsilon"": 0.1, ""regressor__coef0"": 2.0, ""regressor__C"": 0.5}",8,2296,0.01,Dune,rsbs,1,T1,46,True
CART,0.18586094622472543,"{""max_features"": 1.0, ""min_samples_leaf"": 2, ""splitter"": ""best""}",8,2296,0.0,Dune,rsbs,1,T1,47,True
kNN,0.17207898102562802,"{""n_neighbors"": 6, ""p"": 1, ""weights"": ""distance""}",8,2296,0.0,Dune,rsbs,1,T1,47,True
KRR,0.18182244364383962,"{""regressor__kernel"": ""rbf"", ""regressor__gamma"": 0.1, ""regressor__alpha"": 0.0001}",8,2296,0.01,Dune,rsbs,1,T1,47,True
MR,0.17806342799760957,"{""lasso__regressor__alpha"": 1.0}",8,2296,0.02,Dune,rsbs,1,T1,47,True
RF,0.17904338202972558,"{""max_features"": ""log2"", ""min_samples_leaf"": 1, ""n_estimators"": 10}",8,2296,0.02,Dune,rsbs,1,T1,47,True
SVR,0.18860640370532683,"{""regressor__tol"": 0.3, ""regressor__shrinking"": false, ""regressor__epsilon"": 0.1, ""regressor__coef0"": 2.0, ""regressor__C"": 0.5}",8,2296,0.01,Dune,rsbs,1,T1,47,True
CART,0.23030778415376757,"{""max_features"": 1.0, ""min_samples_leaf"": 2, ""splitter"": ""best""}",8,2296,0.0,Dune,rsbs,1,T1,48,True
kNN,0.1717143790232186,"{""n_neighbors"": 6, ""p"": 1, ""weights"": ""distance""}",8,2296,0.0,Dune,rsbs,1,T1,48,True
KRR,0.15924699310474763,"{""regressor__kernel"": ""rbf"", ""regressor__gamma"": 0.1, ""regressor__alpha"": 0.0001}",8,2296,0.01,Dune,rsbs,1,T1,48,True
MR,0.171180461958192,"{""lasso__regressor__alpha"": 1.0}",8,2296,0.02,Dune,rsbs,1,T1,48,True
RF,0.17043617159039312,"{""max_features"": ""log2"", ""min_samples_leaf"": 1, ""n_estimators"": 10}",8,2296,0.02,Dune,rsbs,1,T1,48,True
SVR,0.16880528967123717,"{""regressor__tol"": 0.3, ""regressor__shrinking"": false, ""regressor__epsilon"": 0.1, ""regressor__coef0"": 2.0, ""regressor__C"": 0.5}",8,2296,0.01,Dune,rsbs,1,T1,48,True
CART,0.16391070887582523,"{""max_features"": 1.0, ""min_samples_leaf"": 2, ""splitter"": ""best""}",8,2296,0.0,Dune,rsbs,1,T1,49,True
kNN,0.16403943074713803,"{""n_neighbors"": 6, ""p"": 1, ""weights"": ""distance""}",8,2296,0.0,Dune,rsbs,1,T1,49,True
KRR,0.15568559386820727,"{""regressor__kernel"": ""rbf"", ""regressor__gamma"": 0.1, ""regressor__alpha"": 0.0001}",8,2296,0.01,Dune,rsbs,1,T1,49,True
MR,0.17112351495092512,"{""lasso__regressor__alpha"": 1.0}",8,2296,0.02,Dune,rsbs,1,T1,49,True
RF,0.16590435933138273,"{""max_features"": ""log2"", ""min_samples_leaf"": 1, ""n_estimators"": 10}",8,2296,0.02,Dune,rsbs,1,T1,49,True
SVR,0.16631623773884033,"{""regressor__tol"": 0.3, ""regressor__shrinking"": false, ""regressor__epsilon"": 0.1, ""regressor__coef0"": 2.0, ""regressor__C"": 0.5}",8,2296,0.01,Dune,rsbs,1,T1,49,True
CART,0.16655100819698324,"{""max_features"": 1.0, ""min_samples_leaf"": 2, ""splitter"": ""best""}",8,2296,0.0,Dune,rsbs,1,T1,50,True
kNN,0.17346378922928876,"{""n_neighbors"": 6, ""p"": 1, ""weights"": ""distance""}",8,2296,0.0,Dune,rsbs,1,T1,50,True
KRR,0.16784916171153194,"{""regressor__kernel"": ""rbf"", ""regressor__gamma"": 0.1, ""regressor__alpha"": 0.0001}",8,2296,0.01,Dune,rsbs,1,T1,50,True
MR,0.17607248280616636,"{""lasso__regressor__alpha"": 1.0}",8,2296,0.02,Dune,rsbs,1,T1,50,True
RF,0.17042767420239419,"{""max_features"": ""log2"", ""min_samples_leaf"": 1, ""n_estimators"": 10}",8,2296,0.02,Dune,rsbs,1,T1,50,True
SVR,0.17972621767757435,"{""regressor__tol"": 0.3, ""regressor__shrinking"": false, ""regressor__epsilon"": 0.1, ""regressor__coef0"": 2.0, ""regressor__C"": 0.5}",8,2296,0.01,Dune,rsbs,1,T1,50,True
CART,0.23080445228623772,"{""max_features"": 1.0, ""min_samples_leaf"": 2, ""splitter"": ""best""}",8,2296,0.0,Dune,rsbs,1,T1,51,True
kNN,0.1683967574940931,"{""n_neighbors"": 6, ""p"": 1, ""weights"": ""distance""}",8,2296,0.0,Dune,rsbs,1,T1,51,True
KRR,0.16141063672186745,"{""regressor__kernel"": ""rbf"", ""regressor__gamma"": 0.1, ""regressor__alpha"": 0.0001}",8,2296,0.01,Dune,rsbs,1,T1,51,True
MR,0.1758120624403912,"{""lasso__regressor__alpha"": 1.0}",8,2296,0.02,Dune,rsbs,1,T1,51,True
RF,0.1642072817434312,"{""max_features"": ""log2"", ""min_samples_leaf"": 1, ""n_estimators"": 10}",8,2296,0.02,Dune,rsbs,1,T1,51,True
SVR,0.16594249538109787,"{""regressor__tol"": 0.3, ""regressor__shrinking"": false, ""regressor__epsilon"": 0.1, ""regressor__coef0"": 2.0, ""regressor__C"": 0.5}",8,2296,0.01,Dune,rsbs,1,T1,51,True
CART,0.16287983414408996,"{""max_features"": 1.0, ""min_samples_leaf"": 2, ""splitter"": ""best""}",8,2296,0.0,Dune,rsbs,1,T1,52,True
kNN,0.16607578158985736,"{""n_neighbors"": 6, ""p"": 1, ""weights"": ""distance""}",8,2296,0.0,Dune,rsbs,1,T1,52,True
KRR,0.1520931748026271,"{""regressor__kernel"": ""rbf"", ""regressor__gamma"": 0.1, ""regressor__alpha"": 0.0001}",8,2296,0.01,Dune,rsbs,1,T1,52,True
MR,0.17389259533099674,"{""lasso__regressor__alpha"": 1.0}",8,2296,0.02,Dune,rsbs,1,T1,52,True
RF,0.16643095586100476,"{""max_features"": ""log2"", ""min_samples_leaf"": 1, ""n_estimators"": 10}",8,2296,0.03,Dune,rsbs,1,T1,52,True
SVR,0.17068667108144756,"{""regressor__tol"": 0.3, ""regressor__shrinking"": false, ""regressor__epsilon"": 0.1, ""regressor__coef0"": 2.0, ""regressor__C"": 0.5}",8,2296,0.01,Dune,rsbs,1,T1,52,True
CART,0.18316459018940232,"{""max_features"": 1.0, ""min_samples_leaf"": 2, ""splitter"": ""best""}",8,2296,0.0,Dune,rsbs,1,T1,53,True
kNN,0.1824445678009113,"{""n_neighbors"": 6, ""p"": 1, ""weights"": ""distance""}",8,2296,0.01,Dune,rsbs,1,T1,53,True
KRR,0.1709587423247768,"{""regressor__kernel"": ""rbf"", ""regressor__gamma"": 0.1, ""regressor__alpha"": 0.0001}",8,2296,0.01,Dune,rsbs,1,T1,53,True
MR,0.18127063621251802,"{""lasso__regressor__alpha"": 1.0}",8,2296,0.02,Dune,rsbs,1,T1,53,True
RF,0.17254587229275495,"{""max_features"": ""log2"", ""min_samples_leaf"": 1, ""n_estimators"": 10}",8,2296,0.03,Dune,rsbs,1,T1,53,True
SVR,0.17589499822389368,"{""regressor__tol"": 0.3, ""regressor__shrinking"": false, ""regressor__epsilon"": 0.1, ""regressor__coef0"": 2.0, ""regressor__C"": 0.5}",8,2296,0.01,Dune,rsbs,1,T1,53,True
CART,0.2152333357469474,"{""max_features"": 1.0, ""min_samples_leaf"": 2, ""splitter"": ""best""}",8,2296,0.0,Dune,rsbs,1,T1,54,True
kNN,0.17229917933921118,"{""n_neighbors"": 6, ""p"": 1, ""weights"": ""distance""}",8,2296,0.01,Dune,rsbs,1,T1,54,True
KRR,0.17823147131267178,"{""regressor__kernel"": ""rbf"", ""regressor__gamma"": 0.1, ""regressor__alpha"": 0.0001}",8,2296,0.01,Dune,rsbs,1,T1,54,True
MR,0.17281145021888053,"{""lasso__regressor__alpha"": 1.0}",8,2296,0.02,Dune,rsbs,1,T1,54,True
RF,0.18255264971339602,"{""max_features"": ""log2"", ""min_samples_leaf"": 1, ""n_estimators"": 10}",8,2296,0.03,Dune,rsbs,1,T1,54,True
SVR,0.17167950780496946,"{""regressor__tol"": 0.3, ""regressor__shrinking"": false, ""regressor__epsilon"": 0.1, ""regressor__coef0"": 2.0, ""regressor__C"": 0.5}",8,2296,0.01,Dune,rsbs,1,T1,54,True
CART,0.19927429103975,"{""max_features"": 1.0, ""min_samples_leaf"": 2, ""splitter"": ""best""}",8,2296,0.0,Dune,rsbs,1,T1,55,True
kNN,0.16684146792320595,"{""n_neighbors"": 6, ""p"": 1, ""weights"": ""distance""}",8,2296,0.01,Dune,rsbs,1,T1,55,True
KRR,0.1601705288722452,"{""regressor__kernel"": ""rbf"", ""regressor__gamma"": 0.1, ""regressor__alpha"": 0.0001}",8,2296,0.01,Dune,rsbs,1,T1,55,True
MR,0.1716446541472882,"{""lasso__regressor__alpha"": 1.0}",8,2296,0.02,Dune,rsbs,1,T1,55,True
RF,0.16548361393801156,"{""max_features"": ""log2"", ""min_samples_leaf"": 1, ""n_estimators"": 10}",8,2296,0.03,Dune,rsbs,1,T1,55,True
SVR,0.16962942169992454,"{""regressor__tol"": 0.3, ""regressor__shrinking"": false, ""regressor__epsilon"": 0.1, ""regressor__coef0"": 2.0, ""regressor__C"": 0.5}",8,2296,0.01,Dune,rsbs,1,T1,55,True
CART,0.20405674332003293,"{""max_features"": 1.0, ""min_samples_leaf"": 2, ""splitter"": ""best""}",8,2296,0.0,Dune,rsbs,1,T1,56,True
kNN,0.17795453301337405,"{""n_neighbors"": 6, ""p"": 1, ""weights"": ""distance""}",8,2296,0.0,Dune,rsbs,1,T1,56,True
KRR,0.17914930229236253,"{""regressor__kernel"": ""rbf"", ""regressor__gamma"": 0.1, ""regressor__alpha"": 0.0001}",8,2296,0.01,Dune,rsbs,1,T1,56,True
MR,0.1793868639121579,"{""lasso__regressor__alpha"": 1.0}",8,2296,0.02,Dune,rsbs,1,T1,56,True
RF,0.17650597773197754,"{""max_features"": ""log2"", ""min_samples_leaf"": 1, ""n_estimators"": 10}",8,2296,0.02,Dune,rsbs,1,T1,56,True
SVR,0.18694650200861118,"{""regressor__tol"": 0.3, ""regressor__shrinking"": false, ""regressor__epsilon"": 0.1, ""regressor__coef0"": 2.0, ""regressor__C"": 0.5}",8,2296,0.01,Dune,rsbs,1,T1,56,True
CART,0.18085960313832503,"{""max_features"": 1.0, ""min_samples_leaf"": 2, ""splitter"": ""best""}",8,2296,0.0,Dune,rsbs,1,T1,57,True
kNN,0.1694370556097675,"{""n_neighbors"": 6, ""p"": 1, ""weights"": ""distance""}",8,2296,0.01,Dune,rsbs,1,T1,57,True
KRR,0.16427218337065166,"{""regressor__kernel"": ""rbf"", ""regressor__gamma"": 0.1, ""regressor__alpha"": 0.0001}",8,2296,0.01,Dune,rsbs,1,T1,57,True
MR,0.17792345409356564,"{""lasso__regressor__alpha"": 1.0}",8,2296,0.02,Dune,rsbs,1,T1,57,True
RF,0.1731805062166055,"{""max_features"": ""log2"", ""min_samples_leaf"": 1, ""n_estimators"": 10}",8,2296,0.03,Dune,rsbs,1,T1,57,True
SVR,0.18032561680558765,"{""regressor__tol"": 0.3, ""regressor__shrinking"": false, ""regressor__epsilon"": 0.1, ""regressor__coef0"": 2.0, ""regressor__C"": 0.5}",8,2296,0.01,Dune,rsbs,1,T1,57,True
CART,0.1821408611932271,"{""max_features"": 1.0, ""min_samples_leaf"": 2, ""splitter"": ""best""}",8,2296,0.0,Dune,rsbs,1,T1,58,True
kNN,0.16566711945884713,"{""n_neighbors"": 6, ""p"": 1, ""weights"": ""distance""}",8,2296,0.0,Dune,rsbs,1,T1,58,True
KRR,0.1729821716343098,"{""regressor__kernel"": ""rbf"", ""regressor__gamma"": 0.1, ""regressor__alpha"": 0.0001}",8,2296,0.01,Dune,rsbs,1,T1,58,True
MR,0.1712894086651899,"{""lasso__regressor__alpha"": 1.0}",8,2296,0.02,Dune,rsbs,1,T1,58,True
RF,0.16852665188593322,"{""max_features"": ""log2"", ""min_samples_leaf"": 1, ""n_estimators"": 10}",8,2296,0.02,Dune,rsbs,1,T1,58,True
SVR,0.1806662291957608,"{""regressor__tol"": 0.3, ""regressor__shrinking"": false, ""regressor__epsilon"": 0.1, ""regressor__coef0"": 2.0, ""regressor__C"": 0.5}",8,2296,0.01,Dune,rsbs,1,T1,58,True
CART,0.2184057498150893,"{""max_features"": 1.0, ""min_samples_leaf"": 2, ""splitter"": ""best""}",8,2296,0.0,Dune,rsbs,1,T1,59,True
kNN,0.17281321488587928,"{""n_neighbors"": 6, ""p"": 1, ""weights"": ""distance""}",8,2296,0.0,Dune,rsbs,1,T1,59,True
KRR,0.18245086198677674,"{""regressor__kernel"": ""rbf"", ""regressor__gamma"": 0.1, ""regressor__alpha"": 0.0001}",8,2296,0.01,Dune,rsbs,1,T1,59,True
MR,0.17387954734634398,"{""lasso__regressor__alpha"": 1.0}",8,2296,0.02,Dune,rsbs,1,T1,59,True
RF,0.17802112647580354,"{""max_features"": ""log2"", ""min_samples_leaf"": 1, ""n_estimators"": 10}",8,2296,0.02,Dune,rsbs,1,T1,59,True
SVR,0.17685347648607536,"{""regressor__tol"": 0.3, ""regressor__shrinking"": false, ""regressor__epsilon"": 0.1, ""regressor__coef0"": 2.0, ""regressor__C"": 0.5}",8,2296,0.01,Dune,rsbs,1,T1,59,True
CART,0.3258458692413855,"{""max_features"": 1.0, ""min_samples_leaf"": 2, ""splitter"": ""best""}",8,2296,0.0,Dune,rsbs,1,T1,60,True
kNN,0.1657090149511768,"{""n_neighbors"": 6, ""p"": 1, ""weights"": ""distance""}",8,2296,0.0,Dune,rsbs,1,T1,60,True
KRR,0.16336844236706374,"{""regressor__kernel"": ""rbf"", ""regressor__gamma"": 0.1, ""regressor__alpha"": 0.0001}",8,2296,0.01,Dune,rsbs,1,T1,60,True
MR,0.17134247630735716,"{""lasso__regressor__alpha"": 1.0}",8,2296,0.03,Dune,rsbs,1,T1,60,True
RF,0.16769706127761086,"{""max_features"": ""log2"", ""min_samples_leaf"": 1, ""n_estimators"": 10}",8,2296,0.02,Dune,rsbs,1,T1,60,True
SVR,0.1762782045801861,"{""regressor__tol"": 0.3, ""regressor__shrinking"": false, ""regressor__epsilon"": 0.1, ""regressor__coef0"": 2.0, ""regressor__C"": 0.5}",8,2296,0.01,Dune,rsbs,1,T1,60,True
CART,0.1690093049692538,"{""max_features"": 1.0, ""min_samples_leaf"": 2, ""splitter"": ""best""}",8,2296,0.0,Dune,rsbs,1,T1,61,True
kNN,0.17025920222992355,"{""n_neighbors"": 6, ""p"": 1, ""weights"": ""distance""}",8,2296,0.01,Dune,rsbs,1,T1,61,True
KRR,0.16080486500679753,"{""regressor__kernel"": ""rbf"", ""regressor__gamma"": 0.1, ""regressor__alpha"": 0.0001}",8,2296,0.01,Dune,rsbs,1,T1,61,True
MR,0.17223342031749006,"{""lasso__regressor__alpha"": 1.0}",8,2296,0.02,Dune,rsbs,1,T1,61,True
RF,0.16793224093886155,"{""max_features"": ""log2"", ""min_samples_leaf"": 1, ""n_estimators"": 10}",8,2296,0.03,Dune,rsbs,1,T1,61,True
SVR,0.16944851187091123,"{""regressor__tol"": 0.3, ""regressor__shrinking"": false, ""regressor__epsilon"": 0.1, ""regressor__coef0"": 2.0, ""regressor__C"": 0.5}",8,2296,0.01,Dune,rsbs,1,T1,61,True
CART,0.16584846098901393,"{""max_features"": 1.0, ""min_samples_leaf"": 2, ""splitter"": ""best""}",8,2296,0.0,Dune,rsbs,1,T1,62,True
kNN,0.169170174917878,"{""n_neighbors"": 6, ""p"": 1, ""weights"": ""distance""}",8,2296,0.01,Dune,rsbs,1,T1,62,True
KRR,0.1677509836128748,"{""regressor__kernel"": ""rbf"", ""regressor__gamma"": 0.1, ""regressor__alpha"": 0.0001}",8,2296,0.01,Dune,rsbs,1,T1,62,True
MR,0.17176485819094067,"{""lasso__regressor__alpha"": 1.0}",8,2296,0.02,Dune,rsbs,1,T1,62,True
RF,0.16888340349518008,"{""max_features"": ""log2"", ""min_samples_leaf"": 1, ""n_estimators"": 10}",8,2296,0.02,Dune,rsbs,1,T1,62,True
SVR,0.17028679323690088,"{""regressor__tol"": 0.3, ""regressor__shrinking"": false, ""regressor__epsilon"": 0.1, ""regressor__coef0"": 2.0, ""regressor__C"": 0.5}",8,2296,0.01,Dune,rsbs,1,T1,62,True
CART,0.179379884097328,"{""max_features"": 1.0, ""min_samples_leaf"": 2, ""splitter"": ""best""}",8,2296,0.0,Dune,rsbs,1,T1,63,True
kNN,0.21414118687087796,"{""n_neighbors"": 6, ""p"": 1, ""weights"": ""distance""}",8,2296,0.0,Dune,rsbs,1,T1,63,True
KRR,0.19327724633735544,"{""regressor__kernel"": ""rbf"", ""regressor__gamma"": 0.1, ""regressor__alpha"": 0.0001}",8,2296,0.01,Dune,rsbs,1,T1,63,True
MR,0.21560648675279506,"{""lasso__regressor__alpha"": 1.0}",8,2296,0.02,Dune,rsbs,1,T1,63,True
RF,0.22975334711941672,"{""max_features"": ""log2"", ""min_samples_leaf"": 1, ""n_estimators"": 10}",8,2296,0.02,Dune,rsbs,1,T1,63,True
SVR,0.19045475133911624,"{""regressor__tol"": 0.3, ""regressor__shrinking"": false, ""regressor__epsilon"": 0.1, ""regressor__coef0"": 2.0, ""regressor__C"": 0.5}",8,2296,0.01,Dune,rsbs,1,T1,63,True
CART,0.17355842220856982,"{""max_features"": 1.0, ""min_samples_leaf"": 2, ""splitter"": ""best""}",8,2296,0.0,Dune,rsbs,1,T1,64,True
kNN,0.1655277747376077,"{""n_neighbors"": 6, ""p"": 1, ""weights"": ""distance""}",8,2296,0.0,Dune,rsbs,1,T1,64,True
KRR,0.15464075026922003,"{""regressor__kernel"": ""rbf"", ""regressor__gamma"": 0.1, ""regressor__alpha"": 0.0001}",8,2296,0.01,Dune,rsbs,1,T1,64,True
MR,0.17504633644040768,"{""lasso__regressor__alpha"": 1.0}",8,2296,0.02,Dune,rsbs,1,T1,64,True
RF,0.1684981959270908,"{""max_features"": ""log2"", ""min_samples_leaf"": 1, ""n_estimators"": 10}",8,2296,0.02,Dune,rsbs,1,T1,64,True
SVR,0.18024940772806775,"{""regressor__tol"": 0.3, ""regressor__shrinking"": false, ""regressor__epsilon"": 0.1, ""regressor__coef0"": 2.0, ""regressor__C"": 0.5}",8,2296,0.01,Dune,rsbs,1,T1,64,True
CART,0.19305223109144012,"{""max_features"": 1.0, ""min_samples_leaf"": 2, ""splitter"": ""best""}",8,2296,0.0,Dune,rsbs,1,T1,65,True
kNN,0.1692676934666783,"{""n_neighbors"": 6, ""p"": 1, ""weights"": ""distance""}",8,2296,0.0,Dune,rsbs,1,T1,65,True
KRR,0.1701530432753036,"{""regressor__kernel"": ""rbf"", ""regressor__gamma"": 0.1, ""regressor__alpha"": 0.0001}",8,2296,0.01,Dune,rsbs,1,T1,65,True
MR,0.1717029954801767,"{""lasso__regressor__alpha"": 1.0}",8,2296,0.02,Dune,rsbs,1,T1,65,True
RF,0.1618050113855208,"{""max_features"": ""log2"", ""min_samples_leaf"": 1, ""n_estimators"": 10}",8,2296,0.03,Dune,rsbs,1,T1,65,True
SVR,0.18005288732622937,"{""regressor__tol"": 0.3, ""regressor__shrinking"": false, ""regressor__epsilon"": 0.1, ""regressor__coef0"": 2.0, ""regressor__C"": 0.5}",8,2296,0.01,Dune,rsbs,1,T1,65,True
CART,0.17085901779496054,"{""max_features"": 1.0, ""min_samples_leaf"": 2, ""splitter"": ""best""}",8,2296,0.0,Dune,rsbs,1,T1,66,True
kNN,0.17014085933577316,"{""n_neighbors"": 6, ""p"": 1, ""weights"": ""distance""}",8,2296,0.01,Dune,rsbs,1,T1,66,True
KRR,0.17920480535116134,"{""regressor__kernel"": ""rbf"", ""regressor__gamma"": 0.1, ""regressor__alpha"": 0.0001}",8,2296,0.01,Dune,rsbs,1,T1,66,True
MR,0.17355518074222143,"{""lasso__regressor__alpha"": 1.0}",8,2296,0.03,Dune,rsbs,1,T1,66,True
RF,0.1830817851062545,"{""max_features"": ""log2"", ""min_samples_leaf"": 1, ""n_estimators"": 10}",8,2296,0.02,Dune,rsbs,1,T1,66,True
SVR,0.16928002522753152,"{""regressor__tol"": 0.3, ""regressor__shrinking"": false, ""regressor__epsilon"": 0.1, ""regressor__coef0"": 2.0, ""regressor__C"": 0.5}",8,2296,0.01,Dune,rsbs,1,T1,66,True
CART,0.18325520949200566,"{""max_features"": 1.0, ""min_samples_leaf"": 2, ""splitter"": ""best""}",8,2296,0.0,Dune,rsbs,1,T1,67,True
kNN,0.17115128292135956,"{""n_neighbors"": 6, ""p"": 1, ""weights"": ""distance""}",8,2296,0.0,Dune,rsbs,1,T1,67,True
KRR,0.16698298249760596,"{""regressor__kernel"": ""rbf"", ""regressor__gamma"": 0.1, ""regressor__alpha"": 0.0001}",8,2296,0.01,Dune,rsbs,1,T1,67,True
MR,0.17180457211071606,"{""lasso__regressor__alpha"": 1.0}",8,2296,0.02,Dune,rsbs,1,T1,67,True
RF,0.1682976668958554,"{""max_features"": ""log2"", ""min_samples_leaf"": 1, ""n_estimators"": 10}",8,2296,0.03,Dune,rsbs,1,T1,67,True
SVR,0.17049332477969434,"{""regressor__tol"": 0.3, ""regressor__shrinking"": false, ""regressor__epsilon"": 0.1, ""regressor__coef0"": 2.0, ""regressor__C"": 0.5}",8,2296,0.01,Dune,rsbs,1,T1,67,True
CART,0.18529431091694476,"{""max_features"": 1.0, ""min_samples_leaf"": 2, ""splitter"": ""best""}",8,2296,0.0,Dune,rsbs,1,T1,68,True
kNN,0.17773493126810005,"{""n_neighbors"": 6, ""p"": 1, ""weights"": ""distance""}",8,2296,0.0,Dune,rsbs,1,T1,68,True
KRR,0.17261986292252793,"{""regressor__kernel"": ""rbf"", ""regressor__gamma"": 0.1, ""regressor__alpha"": 0.0001}",8,2296,0.01,Dune,rsbs,1,T1,68,True
MR,0.17668804719125872,"{""lasso__regressor__alpha"": 1.0}",8,2296,0.02,Dune,rsbs,1,T1,68,True
RF,0.18004095422411817,"{""max_features"": ""log2"", ""min_samples_leaf"": 1, ""n_estimators"": 10}",8,2296,0.02,Dune,rsbs,1,T1,68,True
SVR,0.18046258546939872,"{""regressor__tol"": 0.3, ""regressor__shrinking"": false, ""regressor__epsilon"": 0.1, ""regressor__coef0"": 2.0, ""regressor__C"": 0.5}",8,2296,0.01,Dune,rsbs,1,T1,68,True
CART,0.244073399055698,"{""max_features"": 1.0, ""min_samples_leaf"": 2, ""splitter"": ""best""}",8,2296,0.0,Dune,rsbs,1,T1,69,True
kNN,0.17326196694141863,"{""n_neighbors"": 6, ""p"": 1, ""weights"": ""distance""}",8,2296,0.0,Dune,rsbs,1,T1,69,True
KRR,0.179947920273816,"{""regressor__kernel"": ""rbf"", ""regressor__gamma"": 0.1, ""regressor__alpha"": 0.0001}",8,2296,0.01,Dune,rsbs,1,T1,69,True
MR,0.1774370019351304,"{""lasso__regressor__alpha"": 1.0}",8,2296,0.02,Dune,rsbs,1,T1,69,True
RF,0.1920920425481967,"{""max_features"": ""log2"", ""min_samples_leaf"": 1, ""n_estimators"": 10}",8,2296,0.02,Dune,rsbs,1,T1,69,True
SVR,0.18163619218313598,"{""regressor__tol"": 0.3, ""regressor__shrinking"": false, ""regressor__epsilon"": 0.1, ""regressor__coef0"": 2.0, ""regressor__C"": 0.5}",8,2296,0.01,Dune,rsbs,1,T1,69,True
CART,0.17934943429720698,"{""max_features"": 1.0, ""min_samples_leaf"": 2, ""splitter"": ""best""}",8,2296,0.0,Dune,rsbs,1,T1,70,True
kNN,0.17462930685476566,"{""n_neighbors"": 6, ""p"": 1, ""weights"": ""distance""}",8,2296,0.0,Dune,rsbs,1,T1,70,True
KRR,0.17031548182066963,"{""regressor__kernel"": ""rbf"", ""regressor__gamma"": 0.1, ""regressor__alpha"": 0.0001}",8,2296,0.01,Dune,rsbs,1,T1,70,True
MR,0.17528955071221636,"{""lasso__regressor__alpha"": 1.0}",8,2296,0.02,Dune,rsbs,1,T1,70,True
RF,0.1766717123597147,"{""max_features"": ""log2"", ""min_samples_leaf"": 1, ""n_estimators"": 10}",8,2296,0.03,Dune,rsbs,1,T1,70,True
SVR,0.17898395265274245,"{""regressor__tol"": 0.3, ""regressor__shrinking"": false, ""regressor__epsilon"": 0.1, ""regressor__coef0"": 2.0, ""regressor__C"": 0.5}",8,2296,0.01,Dune,rsbs,1,T1,70,True
CART,0.2266263254848569,"{""max_features"": 1.0, ""min_samples_leaf"": 2, ""splitter"": ""best""}",8,2296,0.0,Dune,rsbs,1,T1,71,True
kNN,0.20792367102623352,"{""n_neighbors"": 6, ""p"": 1, ""weights"": ""distance""}",8,2296,0.0,Dune,rsbs,1,T1,71,True
KRR,0.20421592086591786,"{""regressor__kernel"": ""rbf"", ""regressor__gamma"": 0.1, ""regressor__alpha"": 0.0001}",8,2296,0.01,Dune,rsbs,1,T1,71,True
MR,0.21122598307940568,"{""lasso__regressor__alpha"": 1.0}",8,2296,0.02,Dune,rsbs,1,T1,71,True
RF,0.24884200257849293,"{""max_features"": ""log2"", ""min_samples_leaf"": 1, ""n_estimators"": 10}",8,2296,0.03,Dune,rsbs,1,T1,71,True
SVR,0.1993246557736955,"{""regressor__tol"": 0.3, ""regressor__shrinking"": false, ""regressor__epsilon"": 0.1, ""regressor__coef0"": 2.0, ""regressor__C"": 0.5}",8,2296,0.01,Dune,rsbs,1,T1,71,True
CART,0.18129504986054082,"{""max_features"": 1.0, ""min_samples_leaf"": 2, ""splitter"": ""best""}",8,2296,0.0,Dune,rsbs,1,T1,72,True
kNN,0.17174388947672828,"{""n_neighbors"": 6, ""p"": 1, ""weights"": ""distance""}",8,2296,0.0,Dune,rsbs,1,T1,72,True
KRR,0.17370275568236865,"{""regressor__kernel"": ""rbf"", ""regressor__gamma"": 0.1, ""regressor__alpha"": 0.0001}",8,2296,0.01,Dune,rsbs,1,T1,72,True
MR,0.17136772446046128,"{""lasso__regressor__alpha"": 1.0}",8,2296,0.02,Dune,rsbs,1,T1,72,True
RF,0.17430660030617198,"{""max_features"": ""log2"", ""min_samples_leaf"": 1, ""n_estimators"": 10}",8,2296,0.02,Dune,rsbs,1,T1,72,True
SVR,0.17401090339685132,"{""regressor__tol"": 0.3, ""regressor__shrinking"": false, ""regressor__epsilon"": 0.1, ""regressor__coef0"": 2.0, ""regressor__C"": 0.5}",8,2296,0.01,Dune,rsbs,1,T1,72,True
CART,0.17229436219644673,"{""max_features"": 1.0, ""min_samples_leaf"": 2, ""splitter"": ""best""}",8,2296,0.0,Dune,rsbs,1,T1,73,True
kNN,0.16830039596541163,"{""n_neighbors"": 6, ""p"": 1, ""weights"": ""distance""}",8,2296,0.01,Dune,rsbs,1,T1,73,True
KRR,0.16196907559107016,"{""regressor__kernel"": ""rbf"", ""regressor__gamma"": 0.1, ""regressor__alpha"": 0.0001}",8,2296,0.01,Dune,rsbs,1,T1,73,True
MR,0.17323612470083816,"{""lasso__regressor__alpha"": 1.0}",8,2296,0.02,Dune,rsbs,1,T1,73,True
RF,0.1617620074049311,"{""max_features"": ""log2"", ""min_samples_leaf"": 1, ""n_estimators"": 10}",8,2296,0.02,Dune,rsbs,1,T1,73,True
SVR,0.16908468270459356,"{""regressor__tol"": 0.3, ""regressor__shrinking"": false, ""regressor__epsilon"": 0.1, ""regressor__coef0"": 2.0, ""regressor__C"": 0.5}",8,2296,0.01,Dune,rsbs,1,T1,73,True
CART,0.16323341082919304,"{""max_features"": 1.0, ""min_samples_leaf"": 2, ""splitter"": ""best""}",8,2296,0.0,Dune,rsbs,1,T1,74,True
kNN,0.16158115842532209,"{""n_neighbors"": 6, ""p"": 1, ""weights"": ""distance""}",8,2296,0.0,Dune,rsbs,1,T1,74,True
KRR,0.15473481987240292,"{""regressor__kernel"": ""rbf"", ""regressor__gamma"": 0.1, ""regressor__alpha"": 0.0001}",8,2296,0.01,Dune,rsbs,1,T1,74,True
MR,0.17224579279816296,"{""lasso__regressor__alpha"": 1.0}",8,2296,0.02,Dune,rsbs,1,T1,74,True
RF,0.16128743785403532,"{""max_features"": ""log2"", ""min_samples_leaf"": 1, ""n_estimators"": 10}",8,2296,0.02,Dune,rsbs,1,T1,74,True
SVR,0.16726977489070427,"{""regressor__tol"": 0.3, ""regressor__shrinking"": false, ""regressor__epsilon"": 0.1, ""regressor__coef0"": 2.0, ""regressor__C"": 0.5}",8,2296,0.01,Dune,rsbs,1,T1,74,True
CART,0.18450016767677746,"{""max_features"": 1.0, ""min_samples_leaf"": 2, ""splitter"": ""best""}",8,2296,0.0,Dune,rsbs,1,T1,75,True
kNN,0.17689743946991207,"{""n_neighbors"": 6, ""p"": 1, ""weights"": ""distance""}",8,2296,0.0,Dune,rsbs,1,T1,75,True
KRR,0.16626423089782172,"{""regressor__kernel"": ""rbf"", ""regressor__gamma"": 0.1, ""regressor__alpha"": 0.0001}",8,2296,0.01,Dune,rsbs,1,T1,75,True
MR,0.18676017501162687,"{""lasso__regressor__alpha"": 1.0}",8,2296,0.02,Dune,rsbs,1,T1,75,True
RF,0.17966002825417762,"{""max_features"": ""log2"", ""min_samples_leaf"": 1, ""n_estimators"": 10}",8,2296,0.02,Dune,rsbs,1,T1,75,True
SVR,0.20146041699326678,"{""regressor__tol"": 0.3, ""regressor__shrinking"": false, ""regressor__epsilon"": 0.1, ""regressor__coef0"": 2.0, ""regressor__C"": 0.5}",8,2296,0.01,Dune,rsbs,1,T1,75,True
CART,0.16878372956830356,"{""max_features"": 1.0, ""min_samples_leaf"": 2, ""splitter"": ""best""}",8,2296,0.0,Dune,rsbs,1,T1,76,True
kNN,0.16703896618462646,"{""n_neighbors"": 6, ""p"": 1, ""weights"": ""distance""}",8,2296,0.0,Dune,rsbs,1,T1,76,True
KRR,0.15652637517701767,"{""regressor__kernel"": ""rbf"", ""regressor__gamma"": 0.1, ""regressor__alpha"": 0.0001}",8,2296,0.01,Dune,rsbs,1,T1,76,True
MR,0.17134105540617614,"{""lasso__regressor__alpha"": 1.0}",8,2296,0.02,Dune,rsbs,1,T1,76,True
RF,0.16632725922927918,"{""max_features"": ""log2"", ""min_samples_leaf"": 1, ""n_estimators"": 10}",8,2296,0.03,Dune,rsbs,1,T1,76,True
SVR,0.1680903403641973,"{""regressor__tol"": 0.3, ""regressor__shrinking"": false, ""regressor__epsilon"": 0.1, ""regressor__coef0"": 2.0, ""regressor__C"": 0.5}",8,2296,0.01,Dune,rsbs,1,T1,76,True
CART,0.2091638081641027,"{""max_features"": 1.0, ""min_samples_leaf"": 2, ""splitter"": ""best""}",8,2296,0.0,Dune,rsbs,1,T1,77,True
kNN,0.17057044910803595,"{""n_neighbors"": 6, ""p"": 1, ""weights"": ""distance""}",8,2296,0.0,Dune,rsbs,1,T1,77,True
KRR,0.17252368637173712,"{""regressor__kernel"": ""rbf"", ""regressor__gamma"": 0.1, ""regressor__alpha"": 0.0001}",8,2296,0.01,Dune,rsbs,1,T1,77,True
MR,0.1752171670368783,"{""lasso__regressor__alpha"": 1.0}",8,2296,0.02,Dune,rsbs,1,T1,77,True
RF,0.17183597782468749,"{""max_features"": ""log2"", ""min_samples_leaf"": 1, ""n_estimators"": 10}",8,2296,0.02,Dune,rsbs,1,T1,77,True
SVR,0.18252794415270843,"{""regressor__tol"": 0.3, ""regressor__shrinking"": false, ""regressor__epsilon"": 0.1, ""regressor__coef0"": 2.0, ""regressor__C"": 0.5}",8,2296,0.01,Dune,rsbs,1,T1,77,True
CART,0.2033411809380859,"{""max_features"": 1.0, ""min_samples_leaf"": 2, ""splitter"": ""best""}",8,2296,0.0,Dune,rsbs,1,T1,78,True
kNN,0.16626871513201677,"{""n_neighbors"": 6, ""p"": 1, ""weights"": ""distance""}",8,2296,0.01,Dune,rsbs,1,T1,78,True
KRR,0.16065187831724348,"{""regressor__kernel"": ""rbf"", ""regressor__gamma"": 0.1, ""regressor__alpha"": 0.0001}",8,2296,0.01,Dune,rsbs,1,T1,78,True
MR,0.17248777931615505,"{""lasso__regressor__alpha"": 1.0}",8,2296,0.02,Dune,rsbs,1,T1,78,True
RF,0.1661662169700292,"{""max_features"": ""log2"", ""min_samples_leaf"": 1, ""n_estimators"": 10}",8,2296,0.03,Dune,rsbs,1,T1,78,True
SVR,0.16638605922380514,"{""regressor__tol"": 0.3, ""regressor__shrinking"": false, ""regressor__epsilon"": 0.1, ""regressor__coef0"": 2.0, ""regressor__C"": 0.5}",8,2296,0.01,Dune,rsbs,1,T1,78,True
CART,0.2044539505908022,"{""max_features"": 1.0, ""min_samples_leaf"": 2, ""splitter"": ""best""}",8,2296,0.0,Dune,rsbs,1,T1,79,True
kNN,0.16888982523405685,"{""n_neighbors"": 6, ""p"": 1, ""weights"": ""distance""}",8,2296,0.0,Dune,rsbs,1,T1,79,True
KRR,0.15552739859713785,"{""regressor__kernel"": ""rbf"", ""regressor__gamma"": 0.1, ""regressor__alpha"": 0.0001}",8,2296,0.01,Dune,rsbs,1,T1,79,True
MR,0.17114846791015467,"{""lasso__regressor__alpha"": 1.0}",8,2296,0.02,Dune,rsbs,1,T1,79,True
RF,0.15987253187501727,"{""max_features"": ""log2"", ""min_samples_leaf"": 1, ""n_estimators"": 10}",8,2296,0.02,Dune,rsbs,1,T1,79,True
SVR,0.16693239170119936,"{""regressor__tol"": 0.3, ""regressor__shrinking"": false, ""regressor__epsilon"": 0.1, ""regressor__coef0"": 2.0, ""regressor__C"": 0.5}",8,2296,0.01,Dune,rsbs,1,T1,79,True
CART,0.18101376897217858,"{""max_features"": 1.0, ""min_samples_leaf"": 2, ""splitter"": ""best""}",8,2296,0.0,Dune,rsbs,1,T1,80,True
kNN,0.2008154951439583,"{""n_neighbors"": 6, ""p"": 1, ""weights"": ""distance""}",8,2296,0.0,Dune,rsbs,1,T1,80,True
KRR,0.19404829307996874,"{""regressor__kernel"": ""rbf"", ""regressor__gamma"": 0.1, ""regressor__alpha"": 0.0001}",8,2296,0.01,Dune,rsbs,1,T1,80,True
MR,0.20473356732030015,"{""lasso__regressor__alpha"": 1.0}",8,2296,0.03,Dune,rsbs,1,T1,80,True
RF,0.1942651231869809,"{""max_features"": ""log2"", ""min_samples_leaf"": 1, ""n_estimators"": 10}",8,2296,0.02,Dune,rsbs,1,T1,80,True
SVR,0.1976453675559363,"{""regressor__tol"": 0.3, ""regressor__shrinking"": false, ""regressor__epsilon"": 0.1, ""regressor__coef0"": 2.0, ""regressor__C"": 0.5}",8,2296,0.01,Dune,rsbs,1,T1,80,True
CART,0.201269566936768,"{""max_features"": 1.0, ""min_samples_leaf"": 2, ""splitter"": ""best""}",8,2296,0.0,Dune,rsbs,1,T1,81,True
kNN,0.16388275893644372,"{""n_neighbors"": 6, ""p"": 1, ""weights"": ""distance""}",8,2296,0.0,Dune,rsbs,1,T1,81,True
KRR,0.16554066429001363,"{""regressor__kernel"": ""rbf"", ""regressor__gamma"": 0.1, ""regressor__alpha"": 0.0001}",8,2296,0.01,Dune,rsbs,1,T1,81,True
MR,0.17119087483309878,"{""lasso__regressor__alpha"": 1.0}",8,2296,0.02,Dune,rsbs,1,T1,81,True
RF,0.17206753205738098,"{""max_features"": ""log2"", ""min_samples_leaf"": 1, ""n_estimators"": 10}",8,2296,0.02,Dune,rsbs,1,T1,81,True
SVR,0.1748905864474355,"{""regressor__tol"": 0.3, ""regressor__shrinking"": false, ""regressor__epsilon"": 0.1, ""regressor__coef0"": 2.0, ""regressor__C"": 0.5}",8,2296,0.01,Dune,rsbs,1,T1,81,True
CART,0.18809052712701105,"{""max_features"": 1.0, ""min_samples_leaf"": 2, ""splitter"": ""best""}",8,2296,0.0,Dune,rsbs,1,T1,82,True
kNN,0.1720244975694382,"{""n_neighbors"": 6, ""p"": 1, ""weights"": ""distance""}",8,2296,0.0,Dune,rsbs,1,T1,82,True
KRR,0.16391575555434662,"{""regressor__kernel"": ""rbf"", ""regressor__gamma"": 0.1, ""regressor__alpha"": 0.0001}",8,2296,0.01,Dune,rsbs,1,T1,82,True
MR,0.17249633321202118,"{""lasso__regressor__alpha"": 1.0}",8,2296,0.02,Dune,rsbs,1,T1,82,True
RF,0.18265231185667388,"{""max_features"": ""log2"", ""min_samples_leaf"": 1, ""n_estimators"": 10}",8,2296,0.02,Dune,rsbs,1,T1,82,True
SVR,0.17322285052393424,"{""regressor__tol"": 0.3, ""regressor__shrinking"": false, ""regressor__epsilon"": 0.1, ""regressor__coef0"": 2.0, ""regressor__C"": 0.5}",8,2296,0.01,Dune,rsbs,1,T1,82,True
CART,0.18164425702871362,"{""max_features"": 1.0, ""min_samples_leaf"": 2, ""splitter"": ""best""}",8,2296,0.0,Dune,rsbs,1,T1,83,True
kNN,0.1643442295272924,"{""n_neighbors"": 6, ""p"": 1, ""weights"": ""distance""}",8,2296,0.0,Dune,rsbs,1,T1,83,True
KRR,0.15322051931454272,"{""regressor__kernel"": ""rbf"", ""regressor__gamma"": 0.1, ""regressor__alpha"": 0.0001}",8,2296,0.01,Dune,rsbs,1,T1,83,True
MR,0.1712376664442528,"{""lasso__regressor__alpha"": 1.0}",8,2296,0.02,Dune,rsbs,1,T1,83,True
RF,0.16038817253891155,"{""max_features"": ""log2"", ""min_samples_leaf"": 1, ""n_estimators"": 10}",8,2296,0.02,Dune,rsbs,1,T1,83,True
SVR,0.16941766806995268,"{""regressor__tol"": 0.3, ""regressor__shrinking"": false, ""regressor__epsilon"": 0.1, ""regressor__coef0"": 2.0, ""regressor__C"": 0.5}",8,2296,0.01,Dune,rsbs,1,T1,83,True
CART,0.21830967780875882,"{""max_features"": 1.0, ""min_samples_leaf"": 2, ""splitter"": ""best""}",8,2296,0.0,Dune,rsbs,1,T1,84,True
kNN,0.17469787910573326,"{""n_neighbors"": 6, ""p"": 1, ""weights"": ""distance""}",8,2296,0.0,Dune,rsbs,1,T1,84,True
KRR,0.17721212515364554,"{""regressor__kernel"": ""rbf"", ""regressor__gamma"": 0.1, ""regressor__alpha"": 0.0001}",8,2296,0.01,Dune,rsbs,1,T1,84,True
MR,0.17705674749636888,"{""lasso__regressor__alpha"": 1.0}",8,2296,0.02,Dune,rsbs,1,T1,84,True
RF,0.17586068735523322,"{""max_features"": ""log2"", ""min_samples_leaf"": 1, ""n_estimators"": 10}",8,2296,0.02,Dune,rsbs,1,T1,84,True
SVR,0.18308686643416525,"{""regressor__tol"": 0.3, ""regressor__shrinking"": false, ""regressor__epsilon"": 0.1, ""regressor__coef0"": 2.0, ""regressor__C"": 0.5}",8,2296,0.01,Dune,rsbs,1,T1,84,True
CART,0.17771281390058039,"{""max_features"": 1.0, ""min_samples_leaf"": 2, ""splitter"": ""best""}",8,2296,0.0,Dune,rsbs,1,T1,85,True
kNN,0.16520548083265008,"{""n_neighbors"": 6, ""p"": 1, ""weights"": ""distance""}",8,2296,0.0,Dune,rsbs,1,T1,85,True
KRR,0.15231344303750094,"{""regressor__kernel"": ""rbf"", ""regressor__gamma"": 0.1, ""regressor__alpha"": 0.0001}",8,2296,0.01,Dune,rsbs,1,T1,85,True
MR,0.17191924033991482,"{""lasso__regressor__alpha"": 1.0}",8,2296,0.02,Dune,rsbs,1,T1,85,True
RF,0.1595452176309954,"{""max_features"": ""log2"", ""min_samples_leaf"": 1, ""n_estimators"": 10}",8,2296,0.02,Dune,rsbs,1,T1,85,True
SVR,0.16747082366753485,"{""regressor__tol"": 0.3, ""regressor__shrinking"": false, ""regressor__epsilon"": 0.1, ""regressor__coef0"": 2.0, ""regressor__C"": 0.5}",8,2296,0.01,Dune,rsbs,1,T1,85,True
CART,0.1968511305120893,"{""max_features"": 1.0, ""min_samples_leaf"": 2, ""splitter"": ""best""}",8,2296,0.0,Dune,rsbs,1,T1,86,True
kNN,0.16420149642620735,"{""n_neighbors"": 6, ""p"": 1, ""weights"": ""distance""}",8,2296,0.0,Dune,rsbs,1,T1,86,True
KRR,0.1623585374784236,"{""regressor__kernel"": ""rbf"", ""regressor__gamma"": 0.1, ""regressor__alpha"": 0.0001}",8,2296,0.01,Dune,rsbs,1,T1,86,True
MR,0.17088798321691565,"{""lasso__regressor__alpha"": 1.0}",8,2296,0.02,Dune,rsbs,1,T1,86,True
RF,0.16492811225721785,"{""max_features"": ""log2"", ""min_samples_leaf"": 1, ""n_estimators"": 10}",8,2296,0.02,Dune,rsbs,1,T1,86,True
SVR,0.17171790561261926,"{""regressor__tol"": 0.3, ""regressor__shrinking"": false, ""regressor__epsilon"": 0.1, ""regressor__coef0"": 2.0, ""regressor__C"": 0.5}",8,2296,0.01,Dune,rsbs,1,T1,86,True
CART,0.19243264240950705,"{""max_features"": 1.0, ""min_samples_leaf"": 2, ""splitter"": ""best""}",8,2296,0.0,Dune,rsbs,1,T1,87,True
kNN,0.1836175999886631,"{""n_neighbors"": 6, ""p"": 1, ""weights"": ""distance""}",8,2296,0.0,Dune,rsbs,1,T1,87,True
KRR,0.169014931659452,"{""regressor__kernel"": ""rbf"", ""regressor__gamma"": 0.1, ""regressor__alpha"": 0.0001}",8,2296,0.01,Dune,rsbs,1,T1,87,True
MR,0.19059447082615785,"{""lasso__regressor__alpha"": 1.0}",8,2296,0.02,Dune,rsbs,1,T1,87,True
RF,0.17485164993274144,"{""max_features"": ""log2"", ""min_samples_leaf"": 1, ""n_estimators"": 10}",8,2296,0.02,Dune,rsbs,1,T1,87,True
SVR,0.2152893928321821,"{""regressor__tol"": 0.3, ""regressor__shrinking"": false, ""regressor__epsilon"": 0.1, ""regressor__coef0"": 2.0, ""regressor__C"": 0.5}",8,2296,0.01,Dune,rsbs,1,T1,87,True
CART,0.18378199352326083,"{""max_features"": 1.0, ""min_samples_leaf"": 2, ""splitter"": ""best""}",8,2296,0.0,Dune,rsbs,1,T1,88,True
kNN,0.16788296509481213,"{""n_neighbors"": 6, ""p"": 1, ""weights"": ""distance""}",8,2296,0.0,Dune,rsbs,1,T1,88,True
KRR,0.1589519206013572,"{""regressor__kernel"": ""rbf"", ""regressor__gamma"": 0.1, ""regressor__alpha"": 0.0001}",8,2296,0.01,Dune,rsbs,1,T1,88,True
MR,0.17218115136709067,"{""lasso__regressor__alpha"": 1.0}",8,2296,0.02,Dune,rsbs,1,T1,88,True
RF,0.16631515084579973,"{""max_features"": ""log2"", ""min_samples_leaf"": 1, ""n_estimators"": 10}",8,2296,0.02,Dune,rsbs,1,T1,88,True
SVR,0.17274165267019567,"{""regressor__tol"": 0.3, ""regressor__shrinking"": false, ""regressor__epsilon"": 0.1, ""regressor__coef0"": 2.0, ""regressor__C"": 0.5}",8,2296,0.01,Dune,rsbs,1,T1,88,True
CART,0.1754152866375357,"{""max_features"": 1.0, ""min_samples_leaf"": 2, ""splitter"": ""best""}",8,2296,0.0,Dune,rsbs,1,T1,89,True
kNN,0.17511989417763066,"{""n_neighbors"": 6, ""p"": 1, ""weights"": ""distance""}",8,2296,0.0,Dune,rsbs,1,T1,89,True
KRR,0.15678129369901694,"{""regressor__kernel"": ""rbf"", ""regressor__gamma"": 0.1, ""regressor__alpha"": 0.0001}",8,2296,0.01,Dune,rsbs,1,T1,89,True
MR,0.18487916913488658,"{""lasso__regressor__alpha"": 1.0}",8,2296,0.02,Dune,rsbs,1,T1,89,True
RF,0.1762021239233878,"{""max_features"": ""log2"", ""min_samples_leaf"": 1, ""n_estimators"": 10}",8,2296,0.02,Dune,rsbs,1,T1,89,True
SVR,0.1844646751238489,"{""regressor__tol"": 0.3, ""regressor__shrinking"": false, ""regressor__epsilon"": 0.1, ""regressor__coef0"": 2.0, ""regressor__C"": 0.5}",8,2296,0.01,Dune,rsbs,1,T1,89,True
CART,0.1740076350565772,"{""max_features"": 1.0, ""min_samples_leaf"": 2, ""splitter"": ""best""}",8,2296,0.0,Dune,rsbs,1,T1,90,True
kNN,0.1921853710521109,"{""n_neighbors"": 6, ""p"": 1, ""weights"": ""distance""}",8,2296,0.0,Dune,rsbs,1,T1,90,True
KRR,0.1843131496401399,"{""regressor__kernel"": ""rbf"", ""regressor__gamma"": 0.1, ""regressor__alpha"": 0.0001}",8,2296,0.01,Dune,rsbs,1,T1,90,True
MR,0.19982944816421175,"{""lasso__regressor__alpha"": 1.0}",8,2296,0.02,Dune,rsbs,1,T1,90,True
RF,0.19235295853525852,"{""max_features"": ""log2"", ""min_samples_leaf"": 1, ""n_estimators"": 10}",8,2296,0.02,Dune,rsbs,1,T1,90,True
SVR,0.20048587821310332,"{""regressor__tol"": 0.3, ""regressor__shrinking"": false, ""regressor__epsilon"": 0.1, ""regressor__coef0"": 2.0, ""regressor__C"": 0.5}",8,2296,0.01,Dune,rsbs,1,T1,90,True
CART,0.19900831954016918,"{""max_features"": 1.0, ""min_samples_leaf"": 2, ""splitter"": ""best""}",8,2296,0.0,Dune,rsbs,1,T1,91,True
kNN,0.17425679953454204,"{""n_neighbors"": 6, ""p"": 1, ""weights"": ""distance""}",8,2296,0.0,Dune,rsbs,1,T1,91,True
KRR,0.1678546215077927,"{""regressor__kernel"": ""rbf"", ""regressor__gamma"": 0.1, ""regressor__alpha"": 0.0001}",8,2296,0.01,Dune,rsbs,1,T1,91,True
MR,0.17661806182317455,"{""lasso__regressor__alpha"": 1.0}",8,2296,0.02,Dune,rsbs,1,T1,91,True
RF,0.17014313051700952,"{""max_features"": ""log2"", ""min_samples_leaf"": 1, ""n_estimators"": 10}",8,2296,0.02,Dune,rsbs,1,T1,91,True
SVR,0.17521817870771078,"{""regressor__tol"": 0.3, ""regressor__shrinking"": false, ""regressor__epsilon"": 0.1, ""regressor__coef0"": 2.0, ""regressor__C"": 0.5}",8,2296,0.01,Dune,rsbs,1,T1,91,True
CART,0.18596214134473296,"{""max_features"": 1.0, ""min_samples_leaf"": 2, ""splitter"": ""best""}",8,2296,0.0,Dune,rsbs,1,T1,92,True
kNN,0.17278435572020437,"{""n_neighbors"": 6, ""p"": 1, ""weights"": ""distance""}",8,2296,0.0,Dune,rsbs,1,T1,92,True
KRR,0.16650450604760153,"{""regressor__kernel"": ""rbf"", ""regressor__gamma"": 0.1, ""regressor__alpha"": 0.0001}",8,2296,0.01,Dune,rsbs,1,T1,92,True
MR,0.17936763812932263,"{""lasso__regressor__alpha"": 1.0}",8,2296,0.02,Dune,rsbs,1,T1,92,True
RF,0.17563979029326296,"{""max_features"": ""log2"", ""min_samples_leaf"": 1, ""n_estimators"": 10}",8,2296,0.02,Dune,rsbs,1,T1,92,True
SVR,0.19210810419073446,"{""regressor__tol"": 0.3, ""regressor__shrinking"": false, ""regressor__epsilon"": 0.1, ""regressor__coef0"": 2.0, ""regressor__C"": 0.5}",8,2296,0.01,Dune,rsbs,1,T1,92,True
CART,0.18706316293595737,"{""max_features"": 1.0, ""min_samples_leaf"": 2, ""splitter"": ""best""}",8,2296,0.0,Dune,rsbs,1,T1,93,True
kNN,0.1735414319166866,"{""n_neighbors"": 6, ""p"": 1, ""weights"": ""distance""}",8,2296,0.0,Dune,rsbs,1,T1,93,True
KRR,0.16943190030751476,"{""regressor__kernel"": ""rbf"", ""regressor__gamma"": 0.1, ""regressor__alpha"": 0.0001}",8,2296,0.01,Dune,rsbs,1,T1,93,True
MR,0.18355284940268188,"{""lasso__regressor__alpha"": 1.0}",8,2296,0.02,Dune,rsbs,1,T1,93,True
RF,0.16990068830262148,"{""max_features"": ""log2"", ""min_samples_leaf"": 1, ""n_estimators"": 10}",8,2296,0.02,Dune,rsbs,1,T1,93,True
SVR,0.19145777092392585,"{""regressor__tol"": 0.3, ""regressor__shrinking"": false, ""regressor__epsilon"": 0.1, ""regressor__coef0"": 2.0, ""regressor__C"": 0.5}",8,2296,0.01,Dune,rsbs,1,T1,93,True
CART,0.2130104252693662,"{""max_features"": 1.0, ""min_samples_leaf"": 2, ""splitter"": ""best""}",8,2296,0.0,Dune,rsbs,1,T1,94,True
kNN,0.1732479147316686,"{""n_neighbors"": 6, ""p"": 1, ""weights"": ""distance""}",8,2296,0.0,Dune,rsbs,1,T1,94,True
KRR,0.1763573329566589,"{""regressor__kernel"": ""rbf"", ""regressor__gamma"": 0.1, ""regressor__alpha"": 0.0001}",8,2296,0.01,Dune,rsbs,1,T1,94,True
MR,0.1715467035308038,"{""lasso__regressor__alpha"": 1.0}",8,2296,0.02,Dune,rsbs,1,T1,94,True
RF,0.18271118503977946,"{""max_features"": ""log2"", ""min_samples_leaf"": 1, ""n_estimators"": 10}",8,2296,0.02,Dune,rsbs,1,T1,94,True
SVR,0.17136785509928196,"{""regressor__tol"": 0.3, ""regressor__shrinking"": false, ""regressor__epsilon"": 0.1, ""regressor__coef0"": 2.0, ""regressor__C"": 0.5}",8,2296,0.01,Dune,rsbs,1,T1,94,True
CART,0.1865637643329327,"{""max_features"": 1.0, ""min_samples_leaf"": 2, ""splitter"": ""best""}",8,2296,0.0,Dune,rsbs,1,T1,95,True
kNN,0.1691488412003866,"{""n_neighbors"": 6, ""p"": 1, ""weights"": ""distance""}",8,2296,0.0,Dune,rsbs,1,T1,95,True
KRR,0.1566297690275403,"{""regressor__kernel"": ""rbf"", ""regressor__gamma"": 0.1, ""regressor__alpha"": 0.0001}",8,2296,0.01,Dune,rsbs,1,T1,95,True
MR,0.17370433160148396,"{""lasso__regressor__alpha"": 1.0}",8,2296,0.02,Dune,rsbs,1,T1,95,True
RF,0.15836299167189574,"{""max_features"": ""log2"", ""min_samples_leaf"": 1, ""n_estimators"": 10}",8,2296,0.02,Dune,rsbs,1,T1,95,True
SVR,0.17684959951768742,"{""regressor__tol"": 0.3, ""regressor__shrinking"": false, ""regressor__epsilon"": 0.1, ""regressor__coef0"": 2.0, ""regressor__C"": 0.5}",8,2296,0.01,Dune,rsbs,1,T1,95,True
CART,0.1652346428501467,"{""max_features"": 1.0, ""min_samples_leaf"": 2, ""splitter"": ""best""}",8,2296,0.0,Dune,rsbs,1,T1,96,True
kNN,0.1740619742082288,"{""n_neighbors"": 6, ""p"": 1, ""weights"": ""distance""}",8,2296,0.0,Dune,rsbs,1,T1,96,True
KRR,0.16590494086126178,"{""regressor__kernel"": ""rbf"", ""regressor__gamma"": 0.1, ""regressor__alpha"": 0.0001}",8,2296,0.01,Dune,rsbs,1,T1,96,True
MR,0.17469858276288355,"{""lasso__regressor__alpha"": 1.0}",8,2296,0.02,Dune,rsbs,1,T1,96,True
RF,0.1721496657822117,"{""max_features"": ""log2"", ""min_samples_leaf"": 1, ""n_estimators"": 10}",8,2296,0.02,Dune,rsbs,1,T1,96,True
SVR,0.1876942304761954,"{""regressor__tol"": 0.3, ""regressor__shrinking"": false, ""regressor__epsilon"": 0.1, ""regressor__coef0"": 2.0, ""regressor__C"": 0.5}",8,2296,0.01,Dune,rsbs,1,T1,96,True
CART,0.20132762032527984,"{""max_features"": 1.0, ""min_samples_leaf"": 2, ""splitter"": ""best""}",8,2296,0.0,Dune,rsbs,1,T1,97,True
kNN,0.19557594800642056,"{""n_neighbors"": 6, ""p"": 1, ""weights"": ""distance""}",8,2296,0.0,Dune,rsbs,1,T1,97,True
KRR,0.19096977172255342,"{""regressor__kernel"": ""rbf"", ""regressor__gamma"": 0.1, ""regressor__alpha"": 0.0001}",8,2296,0.01,Dune,rsbs,1,T1,97,True
MR,0.20048601452971407,"{""lasso__regressor__alpha"": 1.0}",8,2296,0.02,Dune,rsbs,1,T1,97,True
RF,0.19451306079236938,"{""max_features"": ""log2"", ""min_samples_leaf"": 1, ""n_estimators"": 10}",8,2296,0.02,Dune,rsbs,1,T1,97,True
SVR,0.18895824970141714,"{""regressor__tol"": 0.3, ""regressor__shrinking"": false, ""regressor__epsilon"": 0.1, ""regressor__coef0"": 2.0, ""regressor__C"": 0.5}",8,2296,0.01,Dune,rsbs,1,T1,97,True
CART,0.18303379914499962,"{""max_features"": 1.0, ""min_samples_leaf"": 2, ""splitter"": ""best""}",8,2296,0.0,Dune,rsbs,1,T1,98,True
kNN,0.1806995723161542,"{""n_neighbors"": 6, ""p"": 1, ""weights"": ""distance""}",8,2296,0.0,Dune,rsbs,1,T1,98,True
KRR,0.17199073257913047,"{""regressor__kernel"": ""rbf"", ""regressor__gamma"": 0.1, ""regressor__alpha"": 0.0001}",8,2296,0.01,Dune,rsbs,1,T1,98,True
MR,0.1812368166694089,"{""lasso__regressor__alpha"": 1.0}",8,2296,0.02,Dune,rsbs,1,T1,98,True
RF,0.17198052006184786,"{""max_features"": ""log2"", ""min_samples_leaf"": 1, ""n_estimators"": 10}",8,2296,0.02,Dune,rsbs,1,T1,98,True
SVR,0.1787225848024263,"{""regressor__tol"": 0.3, ""regressor__shrinking"": false, ""regressor__epsilon"": 0.1, ""regressor__coef0"": 2.0, ""regressor__C"": 0.5}",8,2296,0.01,Dune,rsbs,1,T1,98,True
CART,0.1818886466403326,"{""max_features"": 1.0, ""min_samples_leaf"": 2, ""splitter"": ""best""}",8,2296,0.0,Dune,rsbs,1,T1,99,True
kNN,0.1774209228911167,"{""n_neighbors"": 6, ""p"": 1, ""weights"": ""distance""}",8,2296,0.0,Dune,rsbs,1,T1,99,True
KRR,0.16848471862563436,"{""regressor__kernel"": ""rbf"", ""regressor__gamma"": 0.1, ""regressor__alpha"": 0.0001}",8,2296,0.01,Dune,rsbs,1,T1,99,True
MR,0.18203799060212897,"{""lasso__regressor__alpha"": 1.0}",8,2296,0.02,Dune,rsbs,1,T1,99,True
RF,0.18049498087018304,"{""max_features"": ""log2"", ""min_samples_leaf"": 1, ""n_estimators"": 10}",8,2296,0.02,Dune,rsbs,1,T1,99,True
SVR,0.1909283858553344,"{""regressor__tol"": 0.3, ""regressor__shrinking"": false, ""regressor__epsilon"": 0.1, ""regressor__coef0"": 2.0, ""regressor__C"": 0.5}",8,2296,0.01,Dune,rsbs,1,T1,99,True
CART,0.1889574445464316,"{""max_features"": 1.0, ""min_samples_leaf"": 2, ""splitter"": ""best""}",8,2296,0.0,Dune,rsbs,1,T1,100,True
kNN,0.17625861358330305,"{""n_neighbors"": 6, ""p"": 1, ""weights"": ""distance""}",8,2296,0.0,Dune,rsbs,1,T1,100,True
KRR,0.16408223235353106,"{""regressor__kernel"": ""rbf"", ""regressor__gamma"": 0.1, ""regressor__alpha"": 0.0001}",8,2296,0.01,Dune,rsbs,1,T1,100,True
MR,0.18356851936512855,"{""lasso__regressor__alpha"": 1.0}",8,2296,0.02,Dune,rsbs,1,T1,100,True
RF,0.1707653025660326,"{""max_features"": ""log2"", ""min_samples_leaf"": 1, ""n_estimators"": 10}",8,2296,0.01,Dune,rsbs,1,T1,100,True
SVR,0.19327995698604425,"{""regressor__tol"": 0.3, ""regressor__shrinking"": false, ""regressor__epsilon"": 0.1, ""regressor__coef0"": 2.0, ""regressor__C"": 0.5}",8,2296,0.0,Dune,rsbs,1,T1,100,True
CART,0.1591850667623924,"{""max_features"": 1.0, ""min_samples_leaf"": 2, ""splitter"": ""best""}",49,2255,0.0,Dune,rsbs,1,T2,1,True
kNN,0.1571822355812382,"{""n_neighbors"": 10, ""p"": 1, ""weights"": ""distance""}",49,2255,0.01,Dune,rsbs,1,T2,1,True
KRR,0.13605926490233283,"{""regressor__kernel"": ""rbf"", ""regressor__gamma"": 0.1, ""regressor__alpha"": 0.01}",49,2255,0.01,Dune,rsbs,1,T2,1,True
MR,0.184885789487948,"{""lasso__regressor__alpha"": 0.001}",49,2255,0.04,Dune,rsbs,1,T2,1,True
RF,0.14550543037691635,"{""max_features"": ""log2"", ""min_samples_leaf"": 1, ""n_estimators"": 20}",49,2255,0.05,Dune,rsbs,1,T2,1,True
SVR,0.13516451140907795,"{""regressor__tol"": 0.1, ""regressor__shrinking"": false, ""regressor__epsilon"": 0.1, ""regressor__coef0"": 1.0, ""regressor__C"": 2.0}",49,2255,0.02,Dune,rsbs,1,T2,1,True
CART,0.16277734036402505,"{""max_features"": 1.0, ""min_samples_leaf"": 2, ""splitter"": ""best""}",49,2255,0.0,Dune,rsbs,1,T2,2,True
kNN,0.16131557819415038,"{""n_neighbors"": 10, ""p"": 1, ""weights"": ""distance""}",49,2255,0.01,Dune,rsbs,1,T2,2,True
KRR,0.15311885528569427,"{""regressor__kernel"": ""rbf"", ""regressor__gamma"": 0.1, ""regressor__alpha"": 0.01}",49,2255,0.01,Dune,rsbs,1,T2,2,True
MR,0.14397713399301776,"{""lasso__regressor__alpha"": 0.001}",49,2255,0.04,Dune,rsbs,1,T2,2,True
RF,0.1588016980482054,"{""max_features"": ""log2"", ""min_samples_leaf"": 1, ""n_estimators"": 20}",49,2255,0.05,Dune,rsbs,1,T2,2,True
SVR,0.15542493873592464,"{""regressor__tol"": 0.1, ""regressor__shrinking"": false, ""regressor__epsilon"": 0.1, ""regressor__coef0"": 1.0, ""regressor__C"": 2.0}",49,2255,0.01,Dune,rsbs,1,T2,2,True
CART,0.15670183465847962,"{""max_features"": 1.0, ""min_samples_leaf"": 2, ""splitter"": ""best""}",49,2255,0.0,Dune,rsbs,1,T2,3,True
kNN,0.15883211778017603,"{""n_neighbors"": 10, ""p"": 1, ""weights"": ""distance""}",49,2255,0.01,Dune,rsbs,1,T2,3,True
KRR,0.15321728193188006,"{""regressor__kernel"": ""rbf"", ""regressor__gamma"": 0.1, ""regressor__alpha"": 0.01}",49,2255,0.01,Dune,rsbs,1,T2,3,True
MR,0.17928315884112275,"{""lasso__regressor__alpha"": 0.001}",49,2255,0.03,Dune,rsbs,1,T2,3,True
RF,0.1611951591736926,"{""max_features"": ""log2"", ""min_samples_leaf"": 1, ""n_estimators"": 20}",49,2255,0.05,Dune,rsbs,1,T2,3,True
SVR,0.15906244242022716,"{""regressor__tol"": 0.1, ""regressor__shrinking"": false, ""regressor__epsilon"": 0.1, ""regressor__coef0"": 1.0, ""regressor__C"": 2.0}",49,2255,0.02,Dune,rsbs,1,T2,3,True
CART,0.15474862191509578,"{""max_features"": 1.0, ""min_samples_leaf"": 2, ""splitter"": ""best""}",49,2255,0.0,Dune,rsbs,1,T2,4,True
kNN,0.15426646065568986,"{""n_neighbors"": 10, ""p"": 1, ""weights"": ""distance""}",49,2255,0.01,Dune,rsbs,1,T2,4,True
KRR,0.13776964709017991,"{""regressor__kernel"": ""rbf"", ""regressor__gamma"": 0.1, ""regressor__alpha"": 0.01}",49,2255,0.01,Dune,rsbs,1,T2,4,True
MR,0.15813013120318217,"{""lasso__regressor__alpha"": 0.001}",49,2255,0.03,Dune,rsbs,1,T2,4,True
RF,0.15098530013540107,"{""max_features"": ""log2"", ""min_samples_leaf"": 1, ""n_estimators"": 20}",49,2255,0.05,Dune,rsbs,1,T2,4,True
SVR,0.14066658039255733,"{""regressor__tol"": 0.1, ""regressor__shrinking"": false, ""regressor__epsilon"": 0.1, ""regressor__coef0"": 1.0, ""regressor__C"": 2.0}",49,2255,0.02,Dune,rsbs,1,T2,4,True
CART,0.15848256368440586,"{""max_features"": 1.0, ""min_samples_leaf"": 2, ""splitter"": ""best""}",49,2255,0.0,Dune,rsbs,1,T2,5,True
kNN,0.14559842315650126,"{""n_neighbors"": 10, ""p"": 1, ""weights"": ""distance""}",49,2255,0.01,Dune,rsbs,1,T2,5,True
KRR,0.1435050956107661,"{""regressor__kernel"": ""rbf"", ""regressor__gamma"": 0.1, ""regressor__alpha"": 0.01}",49,2255,0.01,Dune,rsbs,1,T2,5,True
MR,0.16858729840586084,"{""lasso__regressor__alpha"": 0.001}",49,2255,0.03,Dune,rsbs,1,T2,5,True
RF,0.13976064732416746,"{""max_features"": ""log2"", ""min_samples_leaf"": 1, ""n_estimators"": 20}",49,2255,0.05,Dune,rsbs,1,T2,5,True
SVR,0.13040381150760622,"{""regressor__tol"": 0.1, ""regressor__shrinking"": false, ""regressor__epsilon"": 0.1, ""regressor__coef0"": 1.0, ""regressor__C"": 2.0}",49,2255,0.02,Dune,rsbs,1,T2,5,True
CART,0.15362517861942943,"{""max_features"": 1.0, ""min_samples_leaf"": 2, ""splitter"": ""best""}",49,2255,0.0,Dune,rsbs,1,T2,6,True
kNN,0.15826222426863454,"{""n_neighbors"": 10, ""p"": 1, ""weights"": ""distance""}",49,2255,0.01,Dune,rsbs,1,T2,6,True
KRR,0.17282797261124822,"{""regressor__kernel"": ""rbf"", ""regressor__gamma"": 0.1, ""regressor__alpha"": 0.01}",49,2255,0.01,Dune,rsbs,1,T2,6,True
MR,0.2032830473512376,"{""lasso__regressor__alpha"": 0.001}",49,2255,0.03,Dune,rsbs,1,T2,6,True
RF,0.15494234867293485,"{""max_features"": ""log2"", ""min_samples_leaf"": 1, ""n_estimators"": 20}",49,2255,0.05,Dune,rsbs,1,T2,6,True
SVR,0.15602895194902244,"{""regressor__tol"": 0.1, ""regressor__shrinking"": false, ""regressor__epsilon"": 0.1, ""regressor__coef0"": 1.0, ""regressor__C"": 2.0}",49,2255,0.02,Dune,rsbs,1,T2,6,True
CART,0.15762620334781186,"{""max_features"": 1.0, ""min_samples_leaf"": 2, ""splitter"": ""best""}",49,2255,0.0,Dune,rsbs,1,T2,7,True
kNN,0.15552528309142227,"{""n_neighbors"": 10, ""p"": 1, ""weights"": ""distance""}",49,2255,0.01,Dune,rsbs,1,T2,7,True
KRR,0.1429644683168424,"{""regressor__kernel"": ""rbf"", ""regressor__gamma"": 0.1, ""regressor__alpha"": 0.01}",49,2255,0.01,Dune,rsbs,1,T2,7,True
MR,0.153824873485432,"{""lasso__regressor__alpha"": 0.001}",49,2255,0.04,Dune,rsbs,1,T2,7,True
RF,0.14781325727554676,"{""max_features"": ""log2"", ""min_samples_leaf"": 1, ""n_estimators"": 20}",49,2255,0.05,Dune,rsbs,1,T2,7,True
SVR,0.13790177778688786,"{""regressor__tol"": 0.1, ""regressor__shrinking"": false, ""regressor__epsilon"": 0.1, ""regressor__coef0"": 1.0, ""regressor__C"": 2.0}",49,2255,0.02,Dune,rsbs,1,T2,7,True
CART,0.23093376808784985,"{""max_features"": 1.0, ""min_samples_leaf"": 2, ""splitter"": ""best""}",49,2255,0.0,Dune,rsbs,1,T2,8,True
kNN,0.16554377069908316,"{""n_neighbors"": 10, ""p"": 1, ""weights"": ""distance""}",49,2255,0.01,Dune,rsbs,1,T2,8,True
KRR,0.16655137612370433,"{""regressor__kernel"": ""rbf"", ""regressor__gamma"": 0.1, ""regressor__alpha"": 0.01}",49,2255,0.01,Dune,rsbs,1,T2,8,True
MR,0.15903964425689865,"{""lasso__regressor__alpha"": 0.001}",49,2255,0.03,Dune,rsbs,1,T2,8,True
RF,0.15944891195315464,"{""max_features"": ""log2"", ""min_samples_leaf"": 1, ""n_estimators"": 20}",49,2255,0.05,Dune,rsbs,1,T2,8,True
SVR,0.15863718635244625,"{""regressor__tol"": 0.1, ""regressor__shrinking"": false, ""regressor__epsilon"": 0.1, ""regressor__coef0"": 1.0, ""regressor__C"": 2.0}",49,2255,0.02,Dune,rsbs,1,T2,8,True
CART,0.15408234737991372,"{""max_features"": 1.0, ""min_samples_leaf"": 2, ""splitter"": ""best""}",49,2255,0.0,Dune,rsbs,1,T2,9,True
kNN,0.1556348065070516,"{""n_neighbors"": 10, ""p"": 1, ""weights"": ""distance""}",49,2255,0.01,Dune,rsbs,1,T2,9,True
KRR,0.15704484225365836,"{""regressor__kernel"": ""rbf"", ""regressor__gamma"": 0.1, ""regressor__alpha"": 0.01}",49,2255,0.01,Dune,rsbs,1,T2,9,True
MR,0.1782764900621068,"{""lasso__regressor__alpha"": 0.001}",49,2255,0.03,Dune,rsbs,1,T2,9,True
RF,0.1546560276099229,"{""max_features"": ""log2"", ""min_samples_leaf"": 1, ""n_estimators"": 20}",49,2255,0.05,Dune,rsbs,1,T2,9,True
SVR,0.15352657925679333,"{""regressor__tol"": 0.1, ""regressor__shrinking"": false, ""regressor__epsilon"": 0.1, ""regressor__coef0"": 1.0, ""regressor__C"": 2.0}",49,2255,0.01,Dune,rsbs,1,T2,9,True
CART,0.169219946026224,"{""max_features"": 1.0, ""min_samples_leaf"": 2, ""splitter"": ""best""}",49,2255,0.0,Dune,rsbs,1,T2,10,True
kNN,0.15750487468266558,"{""n_neighbors"": 10, ""p"": 1, ""weights"": ""distance""}",49,2255,0.01,Dune,rsbs,1,T2,10,True
KRR,0.15121901566013946,"{""regressor__kernel"": ""rbf"", ""regressor__gamma"": 0.1, ""regressor__alpha"": 0.01}",49,2255,0.01,Dune,rsbs,1,T2,10,True
MR,0.17618955226398106,"{""lasso__regressor__alpha"": 0.001}",49,2255,0.03,Dune,rsbs,1,T2,10,True
RF,0.15074924903682327,"{""max_features"": ""log2"", ""min_samples_leaf"": 1, ""n_estimators"": 20}",49,2255,0.05,Dune,rsbs,1,T2,10,True
SVR,0.14890626403285662,"{""regressor__tol"": 0.1, ""regressor__shrinking"": false, ""regressor__epsilon"": 0.1, ""regressor__coef0"": 1.0, ""regressor__C"": 2.0}",49,2255,0.01,Dune,rsbs,1,T2,10,True
CART,0.15601331147570444,"{""max_features"": 1.0, ""min_samples_leaf"": 2, ""splitter"": ""best""}",49,2255,0.0,Dune,rsbs,1,T2,11,True
kNN,0.1542263146631691,"{""n_neighbors"": 10, ""p"": 1, ""weights"": ""distance""}",49,2255,0.01,Dune,rsbs,1,T2,11,True
KRR,0.14072386028681977,"{""regressor__kernel"": ""rbf"", ""regressor__gamma"": 0.1, ""regressor__alpha"": 0.01}",49,2255,0.01,Dune,rsbs,1,T2,11,True
MR,0.1310280540030867,"{""lasso__regressor__alpha"": 0.001}",49,2255,0.03,Dune,rsbs,1,T2,11,True
RF,0.16227058342138892,"{""max_features"": ""log2"", ""min_samples_leaf"": 1, ""n_estimators"": 20}",49,2255,0.05,Dune,rsbs,1,T2,11,True
SVR,0.14312271588127903,"{""regressor__tol"": 0.1, ""regressor__shrinking"": false, ""regressor__epsilon"": 0.1, ""regressor__coef0"": 1.0, ""regressor__C"": 2.0}",49,2255,0.02,Dune,rsbs,1,T2,11,True
CART,0.1558924753717417,"{""max_features"": 1.0, ""min_samples_leaf"": 2, ""splitter"": ""best""}",49,2255,0.0,Dune,rsbs,1,T2,12,True
kNN,0.1523532712000408,"{""n_neighbors"": 10, ""p"": 1, ""weights"": ""distance""}",49,2255,0.01,Dune,rsbs,1,T2,12,True
KRR,0.12563144801560053,"{""regressor__kernel"": ""rbf"", ""regressor__gamma"": 0.1, ""regressor__alpha"": 0.01}",49,2255,0.01,Dune,rsbs,1,T2,12,True
MR,0.1023793741163403,"{""lasso__regressor__alpha"": 0.001}",49,2255,0.04,Dune,rsbs,1,T2,12,True
RF,0.14928218783902136,"{""max_features"": ""log2"", ""min_samples_leaf"": 1, ""n_estimators"": 20}",49,2255,0.05,Dune,rsbs,1,T2,12,True
SVR,0.13778560370564835,"{""regressor__tol"": 0.1, ""regressor__shrinking"": false, ""regressor__epsilon"": 0.1, ""regressor__coef0"": 1.0, ""regressor__C"": 2.0}",49,2255,0.02,Dune,rsbs,1,T2,12,True
CART,0.15912465300610654,"{""max_features"": 1.0, ""min_samples_leaf"": 2, ""splitter"": ""best""}",49,2255,0.0,Dune,rsbs,1,T2,13,True
kNN,0.15803334548678813,"{""n_neighbors"": 10, ""p"": 1, ""weights"": ""distance""}",49,2255,0.01,Dune,rsbs,1,T2,13,True
KRR,0.13528747280603376,"{""regressor__kernel"": ""rbf"", ""regressor__gamma"": 0.1, ""regressor__alpha"": 0.01}",49,2255,0.01,Dune,rsbs,1,T2,13,True
MR,0.1329515802358419,"{""lasso__regressor__alpha"": 0.001}",49,2255,0.03,Dune,rsbs,1,T2,13,True
RF,0.14592380039612912,"{""max_features"": ""log2"", ""min_samples_leaf"": 1, ""n_estimators"": 20}",49,2255,0.05,Dune,rsbs,1,T2,13,True
SVR,0.14083175980029514,"{""regressor__tol"": 0.1, ""regressor__shrinking"": false, ""regressor__epsilon"": 0.1, ""regressor__coef0"": 1.0, ""regressor__C"": 2.0}",49,2255,0.02,Dune,rsbs,1,T2,13,True
CART,0.15870252282287078,"{""max_features"": 1.0, ""min_samples_leaf"": 2, ""splitter"": ""best""}",49,2255,0.0,Dune,rsbs,1,T2,14,True
kNN,0.1672055041555241,"{""n_neighbors"": 10, ""p"": 1, ""weights"": ""distance""}",49,2255,0.01,Dune,rsbs,1,T2,14,True
KRR,0.14877964206779828,"{""regressor__kernel"": ""rbf"", ""regressor__gamma"": 0.1, ""regressor__alpha"": 0.01}",49,2255,0.01,Dune,rsbs,1,T2,14,True
MR,0.16580826395453224,"{""lasso__regressor__alpha"": 0.001}",49,2255,0.03,Dune,rsbs,1,T2,14,True
RF,0.158404552418372,"{""max_features"": ""log2"", ""min_samples_leaf"": 1, ""n_estimators"": 20}",49,2255,0.05,Dune,rsbs,1,T2,14,True
SVR,0.1442821798651861,"{""regressor__tol"": 0.1, ""regressor__shrinking"": false, ""regressor__epsilon"": 0.1, ""regressor__coef0"": 1.0, ""regressor__C"": 2.0}",49,2255,0.02,Dune,rsbs,1,T2,14,True
CART,0.18511409716885643,"{""max_features"": 1.0, ""min_samples_leaf"": 2, ""splitter"": ""best""}",49,2255,0.0,Dune,rsbs,1,T2,15,True
kNN,0.16340120914484652,"{""n_neighbors"": 10, ""p"": 1, ""weights"": ""distance""}",49,2255,0.01,Dune,rsbs,1,T2,15,True
KRR,0.15138943098283308,"{""regressor__kernel"": ""rbf"", ""regressor__gamma"": 0.1, ""regressor__alpha"": 0.01}",49,2255,0.01,Dune,rsbs,1,T2,15,True
MR,0.1633518782132321,"{""lasso__regressor__alpha"": 0.001}",49,2255,0.03,Dune,rsbs,1,T2,15,True
RF,0.16229888344325472,"{""max_features"": ""log2"", ""min_samples_leaf"": 1, ""n_estimators"": 20}",49,2255,0.05,Dune,rsbs,1,T2,15,True
SVR,0.16211256878921512,"{""regressor__tol"": 0.1, ""regressor__shrinking"": false, ""regressor__epsilon"": 0.1, ""regressor__coef0"": 1.0, ""regressor__C"": 2.0}",49,2255,0.01,Dune,rsbs,1,T2,15,True
CART,0.14382616552305846,"{""max_features"": 1.0, ""min_samples_leaf"": 2, ""splitter"": ""best""}",49,2255,0.0,Dune,rsbs,1,T2,16,True
kNN,0.152993216630019,"{""n_neighbors"": 10, ""p"": 1, ""weights"": ""distance""}",49,2255,0.01,Dune,rsbs,1,T2,16,True
KRR,0.1367702997881199,"{""regressor__kernel"": ""rbf"", ""regressor__gamma"": 0.1, ""regressor__alpha"": 0.01}",49,2255,0.01,Dune,rsbs,1,T2,16,True
MR,0.1542097180761965,"{""lasso__regressor__alpha"": 0.001}",49,2255,0.04,Dune,rsbs,1,T2,16,True
RF,0.1494706680896476,"{""max_features"": ""log2"", ""min_samples_leaf"": 1, ""n_estimators"": 20}",49,2255,0.05,Dune,rsbs,1,T2,16,True
SVR,0.13438830820319067,"{""regressor__tol"": 0.1, ""regressor__shrinking"": false, ""regressor__epsilon"": 0.1, ""regressor__coef0"": 1.0, ""regressor__C"": 2.0}",49,2255,0.02,Dune,rsbs,1,T2,16,True
CART,0.14893371244050982,"{""max_features"": 1.0, ""min_samples_leaf"": 2, ""splitter"": ""best""}",49,2255,0.0,Dune,rsbs,1,T2,17,True
kNN,0.15303550541936725,"{""n_neighbors"": 10, ""p"": 1, ""weights"": ""distance""}",49,2255,0.01,Dune,rsbs,1,T2,17,True
KRR,0.11794279293061567,"{""regressor__kernel"": ""rbf"", ""regressor__gamma"": 0.1, ""regressor__alpha"": 0.01}",49,2255,0.01,Dune,rsbs,1,T2,17,True
MR,0.1379120047610183,"{""lasso__regressor__alpha"": 0.001}",49,2255,0.03,Dune,rsbs,1,T2,17,True
RF,0.14144747072893718,"{""max_features"": ""log2"", ""min_samples_leaf"": 1, ""n_estimators"": 20}",49,2255,0.05,Dune,rsbs,1,T2,17,True
SVR,0.13434159924316852,"{""regressor__tol"": 0.1, ""regressor__shrinking"": false, ""regressor__epsilon"": 0.1, ""regressor__coef0"": 1.0, ""regressor__C"": 2.0}",49,2255,0.01,Dune,rsbs,1,T2,17,True
CART,0.16555527175129647,"{""max_features"": 1.0, ""min_samples_leaf"": 2, ""splitter"": ""best""}",49,2255,0.0,Dune,rsbs,1,T2,18,True
kNN,0.15244528528202336,"{""n_neighbors"": 10, ""p"": 1, ""weights"": ""distance""}",49,2255,0.01,Dune,rsbs,1,T2,18,True
KRR,0.14564951702704348,"{""regressor__kernel"": ""rbf"", ""regressor__gamma"": 0.1, ""regressor__alpha"": 0.01}",49,2255,0.01,Dune,rsbs,1,T2,18,True
MR,0.16080373128701317,"{""lasso__regressor__alpha"": 0.001}",49,2255,0.09,Dune,rsbs,1,T2,18,True
RF,0.14878723756861012,"{""max_features"": ""log2"", ""min_samples_leaf"": 1, ""n_estimators"": 20}",49,2255,0.05,Dune,rsbs,1,T2,18,True
SVR,0.14181429774895946,"{""regressor__tol"": 0.1, ""regressor__shrinking"": false, ""regressor__epsilon"": 0.1, ""regressor__coef0"": 1.0, ""regressor__C"": 2.0}",49,2255,0.02,Dune,rsbs,1,T2,18,True
CART,0.19185155397009945,"{""max_features"": 1.0, ""min_samples_leaf"": 2, ""splitter"": ""best""}",49,2255,0.0,Dune,rsbs,1,T2,19,True
kNN,0.16444963843678226,"{""n_neighbors"": 10, ""p"": 1, ""weights"": ""distance""}",49,2255,0.01,Dune,rsbs,1,T2,19,True
KRR,0.1495054106720615,"{""regressor__kernel"": ""rbf"", ""regressor__gamma"": 0.1, ""regressor__alpha"": 0.01}",49,2255,0.01,Dune,rsbs,1,T2,19,True
MR,0.1515982913128195,"{""lasso__regressor__alpha"": 0.001}",49,2255,0.03,Dune,rsbs,1,T2,19,True
RF,0.16103098439822544,"{""max_features"": ""log2"", ""min_samples_leaf"": 1, ""n_estimators"": 20}",49,2255,0.05,Dune,rsbs,1,T2,19,True
SVR,0.15375064080922232,"{""regressor__tol"": 0.1, ""regressor__shrinking"": false, ""regressor__epsilon"": 0.1, ""regressor__coef0"": 1.0, ""regressor__C"": 2.0}",49,2255,0.02,Dune,rsbs,1,T2,19,True
CART,0.1749198839949179,"{""max_features"": 1.0, ""min_samples_leaf"": 2, ""splitter"": ""best""}",49,2255,0.0,Dune,rsbs,1,T2,20,True
kNN,0.15818867489649904,"{""n_neighbors"": 10, ""p"": 1, ""weights"": ""distance""}",49,2255,0.01,Dune,rsbs,1,T2,20,True
KRR,0.14567702246059785,"{""regressor__kernel"": ""rbf"", ""regressor__gamma"": 0.1, ""regressor__alpha"": 0.01}",49,2255,0.01,Dune,rsbs,1,T2,20,True
MR,0.15351128832862665,"{""lasso__regressor__alpha"": 0.001}",49,2255,0.03,Dune,rsbs,1,T2,20,True
RF,0.1611336541991895,"{""max_features"": ""log2"", ""min_samples_leaf"": 1, ""n_estimators"": 20}",49,2255,0.05,Dune,rsbs,1,T2,20,True
SVR,0.14548912378656795,"{""regressor__tol"": 0.1, ""regressor__shrinking"": false, ""regressor__epsilon"": 0.1, ""regressor__coef0"": 1.0, ""regressor__C"": 2.0}",49,2255,0.02,Dune,rsbs,1,T2,20,True
CART,0.15733818070348685,"{""max_features"": 1.0, ""min_samples_leaf"": 2, ""splitter"": ""best""}",49,2255,0.0,Dune,rsbs,1,T2,21,True
kNN,0.14513935274041773,"{""n_neighbors"": 10, ""p"": 1, ""weights"": ""distance""}",49,2255,0.01,Dune,rsbs,1,T2,21,True
KRR,0.1164236447820575,"{""regressor__kernel"": ""rbf"", ""regressor__gamma"": 0.1, ""regressor__alpha"": 0.01}",49,2255,0.01,Dune,rsbs,1,T2,21,True
MR,0.1363298492933863,"{""lasso__regressor__alpha"": 0.001}",49,2255,0.04,Dune,rsbs,1,T2,21,True
RF,0.12933498384761685,"{""max_features"": ""log2"", ""min_samples_leaf"": 1, ""n_estimators"": 20}",49,2255,0.05,Dune,rsbs,1,T2,21,True
SVR,0.12237171558049487,"{""regressor__tol"": 0.1, ""regressor__shrinking"": false, ""regressor__epsilon"": 0.1, ""regressor__coef0"": 1.0, ""regressor__C"": 2.0}",49,2255,0.02,Dune,rsbs,1,T2,21,True
CART,0.16924599701014284,"{""max_features"": 1.0, ""min_samples_leaf"": 2, ""splitter"": ""best""}",49,2255,0.0,Dune,rsbs,1,T2,22,True
kNN,0.15208788692291253,"{""n_neighbors"": 10, ""p"": 1, ""weights"": ""distance""}",49,2255,0.01,Dune,rsbs,1,T2,22,True
KRR,0.13820941458791922,"{""regressor__kernel"": ""rbf"", ""regressor__gamma"": 0.1, ""regressor__alpha"": 0.01}",49,2255,0.01,Dune,rsbs,1,T2,22,True
MR,0.13851137752138784,"{""lasso__regressor__alpha"": 0.001}",49,2255,0.03,Dune,rsbs,1,T2,22,True
RF,0.14944947675298936,"{""max_features"": ""log2"", ""min_samples_leaf"": 1, ""n_estimators"": 20}",49,2255,0.05,Dune,rsbs,1,T2,22,True
SVR,0.14026792013112152,"{""regressor__tol"": 0.1, ""regressor__shrinking"": false, ""regressor__epsilon"": 0.1, ""regressor__coef0"": 1.0, ""regressor__C"": 2.0}",49,2255,0.02,Dune,rsbs,1,T2,22,True
CART,0.18384081853253412,"{""max_features"": 1.0, ""min_samples_leaf"": 2, ""splitter"": ""best""}",49,2255,0.0,Dune,rsbs,1,T2,23,True
kNN,0.1486203028566888,"{""n_neighbors"": 10, ""p"": 1, ""weights"": ""distance""}",49,2255,0.01,Dune,rsbs,1,T2,23,True
KRR,0.13311478567060808,"{""regressor__kernel"": ""rbf"", ""regressor__gamma"": 0.1, ""regressor__alpha"": 0.01}",49,2255,0.01,Dune,rsbs,1,T2,23,True
MR,0.14780033896824094,"{""lasso__regressor__alpha"": 0.001}",49,2255,0.03,Dune,rsbs,1,T2,23,True
RF,0.14726247398750594,"{""max_features"": ""log2"", ""min_samples_leaf"": 1, ""n_estimators"": 20}",49,2255,0.05,Dune,rsbs,1,T2,23,True
SVR,0.13416523015964388,"{""regressor__tol"": 0.1, ""regressor__shrinking"": false, ""regressor__epsilon"": 0.1, ""regressor__coef0"": 1.0, ""regressor__C"": 2.0}",49,2255,0.02,Dune,rsbs,1,T2,23,True
CART,0.13752547361087195,"{""max_features"": 1.0, ""min_samples_leaf"": 2, ""splitter"": ""best""}",49,2255,0.0,Dune,rsbs,1,T2,24,True
kNN,0.1524211963009682,"{""n_neighbors"": 10, ""p"": 1, ""weights"": ""distance""}",49,2255,0.01,Dune,rsbs,1,T2,24,True
KRR,0.1227165522208353,"{""regressor__kernel"": ""rbf"", ""regressor__gamma"": 0.1, ""regressor__alpha"": 0.01}",49,2255,0.01,Dune,rsbs,1,T2,24,True
MR,0.14499005295946557,"{""lasso__regressor__alpha"": 0.001}",49,2255,0.03,Dune,rsbs,1,T2,24,True
RF,0.1437992361487489,"{""max_features"": ""log2"", ""min_samples_leaf"": 1, ""n_estimators"": 20}",49,2255,0.05,Dune,rsbs,1,T2,24,True
SVR,0.13305513587134324,"{""regressor__tol"": 0.1, ""regressor__shrinking"": false, ""regressor__epsilon"": 0.1, ""regressor__coef0"": 1.0, ""regressor__C"": 2.0}",49,2255,0.01,Dune,rsbs,1,T2,24,True
CART,0.20649479949875957,"{""max_features"": 1.0, ""min_samples_leaf"": 2, ""splitter"": ""best""}",49,2255,0.0,Dune,rsbs,1,T2,25,True
kNN,0.15102863415165393,"{""n_neighbors"": 10, ""p"": 1, ""weights"": ""distance""}",49,2255,0.01,Dune,rsbs,1,T2,25,True
KRR,0.1319153624686743,"{""regressor__kernel"": ""rbf"", ""regressor__gamma"": 0.1, ""regressor__alpha"": 0.01}",49,2255,0.01,Dune,rsbs,1,T2,25,True
MR,0.1546313874231167,"{""lasso__regressor__alpha"": 0.001}",49,2255,0.03,Dune,rsbs,1,T2,25,True
RF,0.14394288977259412,"{""max_features"": ""log2"", ""min_samples_leaf"": 1, ""n_estimators"": 20}",49,2255,0.05,Dune,rsbs,1,T2,25,True
SVR,0.13506165055806396,"{""regressor__tol"": 0.1, ""regressor__shrinking"": false, ""regressor__epsilon"": 0.1, ""regressor__coef0"": 1.0, ""regressor__C"": 2.0}",49,2255,0.02,Dune,rsbs,1,T2,25,True
CART,0.1498678524863795,"{""max_features"": 1.0, ""min_samples_leaf"": 2, ""splitter"": ""best""}",49,2255,0.0,Dune,rsbs,1,T2,26,True
kNN,0.15670583733479018,"{""n_neighbors"": 10, ""p"": 1, ""weights"": ""distance""}",49,2255,0.01,Dune,rsbs,1,T2,26,True
KRR,0.143148836535575,"{""regressor__kernel"": ""rbf"", ""regressor__gamma"": 0.1, ""regressor__alpha"": 0.01}",49,2255,0.01,Dune,rsbs,1,T2,26,True
MR,0.1536041287093253,"{""lasso__regressor__alpha"": 0.001}",49,2255,0.03,Dune,rsbs,1,T2,26,True
RF,0.15256185414426046,"{""max_features"": ""log2"", ""min_samples_leaf"": 1, ""n_estimators"": 20}",49,2255,0.05,Dune,rsbs,1,T2,26,True
SVR,0.14377540961969928,"{""regressor__tol"": 0.1, ""regressor__shrinking"": false, ""regressor__epsilon"": 0.1, ""regressor__coef0"": 1.0, ""regressor__C"": 2.0}",49,2255,0.02,Dune,rsbs,1,T2,26,True
CART,0.15306796352020546,"{""max_features"": 1.0, ""min_samples_leaf"": 2, ""splitter"": ""best""}",49,2255,0.0,Dune,rsbs,1,T2,27,True
kNN,0.15809068920946426,"{""n_neighbors"": 10, ""p"": 1, ""weights"": ""distance""}",49,2255,0.01,Dune,rsbs,1,T2,27,True
KRR,0.14634303596245946,"{""regressor__kernel"": ""rbf"", ""regressor__gamma"": 0.1, ""regressor__alpha"": 0.01}",49,2255,0.01,Dune,rsbs,1,T2,27,True
MR,0.15136402870678325,"{""lasso__regressor__alpha"": 0.001}",49,2255,0.03,Dune,rsbs,1,T2,27,True
RF,0.15459177253833858,"{""max_features"": ""log2"", ""min_samples_leaf"": 1, ""n_estimators"": 20}",49,2255,0.05,Dune,rsbs,1,T2,27,True
SVR,0.14377634953373045,"{""regressor__tol"": 0.1, ""regressor__shrinking"": false, ""regressor__epsilon"": 0.1, ""regressor__coef0"": 1.0, ""regressor__C"": 2.0}",49,2255,0.02,Dune,rsbs,1,T2,27,True
CART,0.13851018395278375,"{""max_features"": 1.0, ""min_samples_leaf"": 2, ""splitter"": ""best""}",49,2255,0.0,Dune,rsbs,1,T2,28,True
kNN,0.15385738831833012,"{""n_neighbors"": 10, ""p"": 1, ""weights"": ""distance""}",49,2255,0.01,Dune,rsbs,1,T2,28,True
KRR,0.1368020256719603,"{""regressor__kernel"": ""rbf"", ""regressor__gamma"": 0.1, ""regressor__alpha"": 0.01}",49,2255,0.01,Dune,rsbs,1,T2,28,True
MR,0.13059693196349753,"{""lasso__regressor__alpha"": 0.001}",49,2255,0.03,Dune,rsbs,1,T2,28,True
RF,0.1504377946153326,"{""max_features"": ""log2"", ""min_samples_leaf"": 1, ""n_estimators"": 20}",49,2255,0.05,Dune,rsbs,1,T2,28,True
SVR,0.14423698580946612,"{""regressor__tol"": 0.1, ""regressor__shrinking"": false, ""regressor__epsilon"": 0.1, ""regressor__coef0"": 1.0, ""regressor__C"": 2.0}",49,2255,0.02,Dune,rsbs,1,T2,28,True
CART,0.14063765420610289,"{""max_features"": 1.0, ""min_samples_leaf"": 2, ""splitter"": ""best""}",49,2255,0.0,Dune,rsbs,1,T2,29,True
kNN,0.15153172720152214,"{""n_neighbors"": 10, ""p"": 1, ""weights"": ""distance""}",49,2255,0.01,Dune,rsbs,1,T2,29,True
KRR,0.12710830983143642,"{""regressor__kernel"": ""rbf"", ""regressor__gamma"": 0.1, ""regressor__alpha"": 0.01}",49,2255,0.01,Dune,rsbs,1,T2,29,True
MR,0.14587073967596687,"{""lasso__regressor__alpha"": 0.001}",49,2255,0.03,Dune,rsbs,1,T2,29,True
RF,0.13867451632878394,"{""max_features"": ""log2"", ""min_samples_leaf"": 1, ""n_estimators"": 20}",49,2255,0.05,Dune,rsbs,1,T2,29,True
SVR,0.13674680725864538,"{""regressor__tol"": 0.1, ""regressor__shrinking"": false, ""regressor__epsilon"": 0.1, ""regressor__coef0"": 1.0, ""regressor__C"": 2.0}",49,2255,0.02,Dune,rsbs,1,T2,29,True
CART,0.15210645273787543,"{""max_features"": 1.0, ""min_samples_leaf"": 2, ""splitter"": ""best""}",49,2255,0.0,Dune,rsbs,1,T2,30,True
kNN,0.15810209088253907,"{""n_neighbors"": 10, ""p"": 1, ""weights"": ""distance""}",49,2255,0.01,Dune,rsbs,1,T2,30,True
KRR,0.1531696681327012,"{""regressor__kernel"": ""rbf"", ""regressor__gamma"": 0.1, ""regressor__alpha"": 0.01}",49,2255,0.01,Dune,rsbs,1,T2,30,True
MR,0.16263535828731535,"{""lasso__regressor__alpha"": 0.001}",49,2255,0.03,Dune,rsbs,1,T2,30,True
RF,0.15312564713199805,"{""max_features"": ""log2"", ""min_samples_leaf"": 1, ""n_estimators"": 20}",49,2255,0.05,Dune,rsbs,1,T2,30,True
SVR,0.1452794578837965,"{""regressor__tol"": 0.1, ""regressor__shrinking"": false, ""regressor__epsilon"": 0.1, ""regressor__coef0"": 1.0, ""regressor__C"": 2.0}",49,2255,0.01,Dune,rsbs,1,T2,30,True
CART,0.17999855546956886,"{""max_features"": 1.0, ""min_samples_leaf"": 2, ""splitter"": ""best""}",49,2255,0.0,Dune,rsbs,1,T2,31,True
kNN,0.16444733445828705,"{""n_neighbors"": 10, ""p"": 1, ""weights"": ""distance""}",49,2255,0.01,Dune,rsbs,1,T2,31,True
KRR,0.1748775713821365,"{""regressor__kernel"": ""rbf"", ""regressor__gamma"": 0.1, ""regressor__alpha"": 0.01}",49,2255,0.01,Dune,rsbs,1,T2,31,True
MR,0.19268689822307714,"{""lasso__regressor__alpha"": 0.001}",49,2255,0.03,Dune,rsbs,1,T2,31,True
RF,0.15691244545112032,"{""max_features"": ""log2"", ""min_samples_leaf"": 1, ""n_estimators"": 20}",49,2255,0.05,Dune,rsbs,1,T2,31,True
SVR,0.15921771043071906,"{""regressor__tol"": 0.1, ""regressor__shrinking"": false, ""regressor__epsilon"": 0.1, ""regressor__coef0"": 1.0, ""regressor__C"": 2.0}",49,2255,0.02,Dune,rsbs,1,T2,31,True
CART,0.15739514430619397,"{""max_features"": 1.0, ""min_samples_leaf"": 2, ""splitter"": ""best""}",49,2255,0.0,Dune,rsbs,1,T2,32,True
kNN,0.15866976049899031,"{""n_neighbors"": 10, ""p"": 1, ""weights"": ""distance""}",49,2255,0.01,Dune,rsbs,1,T2,32,True
KRR,0.1363005075565849,"{""regressor__kernel"": ""rbf"", ""regressor__gamma"": 0.1, ""regressor__alpha"": 0.01}",49,2255,0.01,Dune,rsbs,1,T2,32,True
MR,0.1514578956487506,"{""lasso__regressor__alpha"": 0.001}",49,2255,0.04,Dune,rsbs,1,T2,32,True
RF,0.15580342245158224,"{""max_features"": ""log2"", ""min_samples_leaf"": 1, ""n_estimators"": 20}",49,2255,0.05,Dune,rsbs,1,T2,32,True
SVR,0.14379810751438382,"{""regressor__tol"": 0.1, ""regressor__shrinking"": false, ""regressor__epsilon"": 0.1, ""regressor__coef0"": 1.0, ""regressor__C"": 2.0}",49,2255,0.02,Dune,rsbs,1,T2,32,True
CART,0.15134806195053946,"{""max_features"": 1.0, ""min_samples_leaf"": 2, ""splitter"": ""best""}",49,2255,0.0,Dune,rsbs,1,T2,33,True
kNN,0.15452092313136287,"{""n_neighbors"": 10, ""p"": 1, ""weights"": ""distance""}",49,2255,0.01,Dune,rsbs,1,T2,33,True
KRR,0.13924942956844277,"{""regressor__kernel"": ""rbf"", ""regressor__gamma"": 0.1, ""regressor__alpha"": 0.01}",49,2255,0.01,Dune,rsbs,1,T2,33,True
MR,0.13338501022315571,"{""lasso__regressor__alpha"": 0.001}",49,2255,0.03,Dune,rsbs,1,T2,33,True
RF,0.14884311431793473,"{""max_features"": ""log2"", ""min_samples_leaf"": 1, ""n_estimators"": 20}",49,2255,0.05,Dune,rsbs,1,T2,33,True
SVR,0.14064728618345165,"{""regressor__tol"": 0.1, ""regressor__shrinking"": false, ""regressor__epsilon"": 0.1, ""regressor__coef0"": 1.0, ""regressor__C"": 2.0}",49,2255,0.02,Dune,rsbs,1,T2,33,True
CART,0.1834713513405423,"{""max_features"": 1.0, ""min_samples_leaf"": 2, ""splitter"": ""best""}",49,2255,0.0,Dune,rsbs,1,T2,34,True
kNN,0.1557259589919364,"{""n_neighbors"": 10, ""p"": 1, ""weights"": ""distance""}",49,2255,0.01,Dune,rsbs,1,T2,34,True
KRR,0.1359601268372526,"{""regressor__kernel"": ""rbf"", ""regressor__gamma"": 0.1, ""regressor__alpha"": 0.01}",49,2255,0.01,Dune,rsbs,1,T2,34,True
MR,0.1340918487384328,"{""lasso__regressor__alpha"": 0.001}",49,2255,0.03,Dune,rsbs,1,T2,34,True
RF,0.14511073463276425,"{""max_features"": ""log2"", ""min_samples_leaf"": 1, ""n_estimators"": 20}",49,2255,0.05,Dune,rsbs,1,T2,34,True
SVR,0.14044594258806656,"{""regressor__tol"": 0.1, ""regressor__shrinking"": false, ""regressor__epsilon"": 0.1, ""regressor__coef0"": 1.0, ""regressor__C"": 2.0}",49,2255,0.01,Dune,rsbs,1,T2,34,True
CART,0.16075134141317016,"{""max_features"": 1.0, ""min_samples_leaf"": 2, ""splitter"": ""best""}",49,2255,0.0,Dune,rsbs,1,T2,35,True
kNN,0.16401554837708202,"{""n_neighbors"": 10, ""p"": 1, ""weights"": ""distance""}",49,2255,0.01,Dune,rsbs,1,T2,35,True
KRR,0.1471265173207113,"{""regressor__kernel"": ""rbf"", ""regressor__gamma"": 0.1, ""regressor__alpha"": 0.01}",49,2255,0.01,Dune,rsbs,1,T2,35,True
MR,0.1497983284132314,"{""lasso__regressor__alpha"": 0.001}",49,2255,0.03,Dune,rsbs,1,T2,35,True
RF,0.1619623163690956,"{""max_features"": ""log2"", ""min_samples_leaf"": 1, ""n_estimators"": 20}",49,2255,0.05,Dune,rsbs,1,T2,35,True
SVR,0.14648527439484613,"{""regressor__tol"": 0.1, ""regressor__shrinking"": false, ""regressor__epsilon"": 0.1, ""regressor__coef0"": 1.0, ""regressor__C"": 2.0}",49,2255,0.02,Dune,rsbs,1,T2,35,True
CART,0.1531990528862717,"{""max_features"": 1.0, ""min_samples_leaf"": 2, ""splitter"": ""best""}",49,2255,0.0,Dune,rsbs,1,T2,36,True
kNN,0.16075393870402904,"{""n_neighbors"": 10, ""p"": 1, ""weights"": ""distance""}",49,2255,0.01,Dune,rsbs,1,T2,36,True
KRR,0.14164422370966842,"{""regressor__kernel"": ""rbf"", ""regressor__gamma"": 0.1, ""regressor__alpha"": 0.01}",49,2255,0.01,Dune,rsbs,1,T2,36,True
MR,0.14505504307913075,"{""lasso__regressor__alpha"": 0.001}",49,2255,0.03,Dune,rsbs,1,T2,36,True
RF,0.1535403495774558,"{""max_features"": ""log2"", ""min_samples_leaf"": 1, ""n_estimators"": 20}",49,2255,0.05,Dune,rsbs,1,T2,36,True
SVR,0.14705841149859206,"{""regressor__tol"": 0.1, ""regressor__shrinking"": false, ""regressor__epsilon"": 0.1, ""regressor__coef0"": 1.0, ""regressor__C"": 2.0}",49,2255,0.01,Dune,rsbs,1,T2,36,True
CART,0.15178869881252718,"{""max_features"": 1.0, ""min_samples_leaf"": 2, ""splitter"": ""best""}",49,2255,0.0,Dune,rsbs,1,T2,37,True
kNN,0.153892501373727,"{""n_neighbors"": 10, ""p"": 1, ""weights"": ""distance""}",49,2255,0.01,Dune,rsbs,1,T2,37,True
KRR,0.13897432742811894,"{""regressor__kernel"": ""rbf"", ""regressor__gamma"": 0.1, ""regressor__alpha"": 0.01}",49,2255,0.01,Dune,rsbs,1,T2,37,True
MR,0.14011512707764032,"{""lasso__regressor__alpha"": 0.001}",49,2255,0.03,Dune,rsbs,1,T2,37,True
RF,0.15169496518522121,"{""max_features"": ""log2"", ""min_samples_leaf"": 1, ""n_estimators"": 20}",49,2255,0.05,Dune,rsbs,1,T2,37,True
SVR,0.1377738999328212,"{""regressor__tol"": 0.1, ""regressor__shrinking"": false, ""regressor__epsilon"": 0.1, ""regressor__coef0"": 1.0, ""regressor__C"": 2.0}",49,2255,0.02,Dune,rsbs,1,T2,37,True
CART,0.17213685615226854,"{""max_features"": 1.0, ""min_samples_leaf"": 2, ""splitter"": ""best""}",49,2255,0.0,Dune,rsbs,1,T2,38,True
kNN,0.14959593733837903,"{""n_neighbors"": 10, ""p"": 1, ""weights"": ""distance""}",49,2255,0.01,Dune,rsbs,1,T2,38,True
KRR,0.11785180154535632,"{""regressor__kernel"": ""rbf"", ""regressor__gamma"": 0.1, ""regressor__alpha"": 0.01}",49,2255,0.01,Dune,rsbs,1,T2,38,True
MR,0.1231684816865851,"{""lasso__regressor__alpha"": 0.001}",49,2255,0.04,Dune,rsbs,1,T2,38,True
RF,0.13596572871403928,"{""max_features"": ""log2"", ""min_samples_leaf"": 1, ""n_estimators"": 20}",49,2255,0.05,Dune,rsbs,1,T2,38,True
SVR,0.13694649590430563,"{""regressor__tol"": 0.1, ""regressor__shrinking"": false, ""regressor__epsilon"": 0.1, ""regressor__coef0"": 1.0, ""regressor__C"": 2.0}",49,2255,0.02,Dune,rsbs,1,T2,38,True
CART,0.1549232332057858,"{""max_features"": 1.0, ""min_samples_leaf"": 2, ""splitter"": ""best""}",49,2255,0.0,Dune,rsbs,1,T2,39,True
kNN,0.15873147626455172,"{""n_neighbors"": 10, ""p"": 1, ""weights"": ""distance""}",49,2255,0.01,Dune,rsbs,1,T2,39,True
KRR,0.1495110795345409,"{""regressor__kernel"": ""rbf"", ""regressor__gamma"": 0.1, ""regressor__alpha"": 0.01}",49,2255,0.01,Dune,rsbs,1,T2,39,True
MR,0.1480019727821461,"{""lasso__regressor__alpha"": 0.001}",49,2255,0.05,Dune,rsbs,1,T2,39,True
RF,0.15366992672157845,"{""max_features"": ""log2"", ""min_samples_leaf"": 1, ""n_estimators"": 20}",49,2255,0.05,Dune,rsbs,1,T2,39,True
SVR,0.14773132678655776,"{""regressor__tol"": 0.1, ""regressor__shrinking"": false, ""regressor__epsilon"": 0.1, ""regressor__coef0"": 1.0, ""regressor__C"": 2.0}",49,2255,0.02,Dune,rsbs,1,T2,39,True
CART,0.1750663385720247,"{""max_features"": 1.0, ""min_samples_leaf"": 2, ""splitter"": ""best""}",49,2255,0.0,Dune,rsbs,1,T2,40,True
kNN,0.1501492939178662,"{""n_neighbors"": 10, ""p"": 1, ""weights"": ""distance""}",49,2255,0.01,Dune,rsbs,1,T2,40,True
KRR,0.12758124705488516,"{""regressor__kernel"": ""rbf"", ""regressor__gamma"": 0.1, ""regressor__alpha"": 0.01}",49,2255,0.01,Dune,rsbs,1,T2,40,True
MR,0.12956699585245077,"{""lasso__regressor__alpha"": 0.001}",49,2255,0.04,Dune,rsbs,1,T2,40,True
RF,0.14450616365448696,"{""max_features"": ""log2"", ""min_samples_leaf"": 1, ""n_estimators"": 20}",49,2255,0.05,Dune,rsbs,1,T2,40,True
SVR,0.13635316750559223,"{""regressor__tol"": 0.1, ""regressor__shrinking"": false, ""regressor__epsilon"": 0.1, ""regressor__coef0"": 1.0, ""regressor__C"": 2.0}",49,2255,0.01,Dune,rsbs,1,T2,40,True
CART,0.15532645408133836,"{""max_features"": 1.0, ""min_samples_leaf"": 2, ""splitter"": ""best""}",49,2255,0.0,Dune,rsbs,1,T2,41,True
kNN,0.15324563559682353,"{""n_neighbors"": 10, ""p"": 1, ""weights"": ""distance""}",49,2255,0.01,Dune,rsbs,1,T2,41,True
KRR,0.13915621982588477,"{""regressor__kernel"": ""rbf"", ""regressor__gamma"": 0.1, ""regressor__alpha"": 0.01}",49,2255,0.01,Dune,rsbs,1,T2,41,True
MR,0.13149875773947967,"{""lasso__regressor__alpha"": 0.001}",49,2255,0.03,Dune,rsbs,1,T2,41,True
RF,0.1427114042721911,"{""max_features"": ""log2"", ""min_samples_leaf"": 1, ""n_estimators"": 20}",49,2255,0.05,Dune,rsbs,1,T2,41,True
SVR,0.13617828384381783,"{""regressor__tol"": 0.1, ""regressor__shrinking"": false, ""regressor__epsilon"": 0.1, ""regressor__coef0"": 1.0, ""regressor__C"": 2.0}",49,2255,0.01,Dune,rsbs,1,T2,41,True
CART,0.15471108521824478,"{""max_features"": 1.0, ""min_samples_leaf"": 2, ""splitter"": ""best""}",49,2255,0.0,Dune,rsbs,1,T2,42,True
kNN,0.14434713399946,"{""n_neighbors"": 10, ""p"": 1, ""weights"": ""distance""}",49,2255,0.01,Dune,rsbs,1,T2,42,True
KRR,0.12888789761075006,"{""regressor__kernel"": ""rbf"", ""regressor__gamma"": 0.1, ""regressor__alpha"": 0.01}",49,2255,0.01,Dune,rsbs,1,T2,42,True
MR,0.12835914623275038,"{""lasso__regressor__alpha"": 0.001}",49,2255,0.04,Dune,rsbs,1,T2,42,True
RF,0.1358328000442525,"{""max_features"": ""log2"", ""min_samples_leaf"": 1, ""n_estimators"": 20}",49,2255,0.05,Dune,rsbs,1,T2,42,True
SVR,0.13159822645635083,"{""regressor__tol"": 0.1, ""regressor__shrinking"": false, ""regressor__epsilon"": 0.1, ""regressor__coef0"": 1.0, ""regressor__C"": 2.0}",49,2255,0.02,Dune,rsbs,1,T2,42,True
CART,0.1482408114581046,"{""max_features"": 1.0, ""min_samples_leaf"": 2, ""splitter"": ""best""}",49,2255,0.0,Dune,rsbs,1,T2,43,True
kNN,0.15591514239190696,"{""n_neighbors"": 10, ""p"": 1, ""weights"": ""distance""}",49,2255,0.01,Dune,rsbs,1,T2,43,True
KRR,0.13145132643167262,"{""regressor__kernel"": ""rbf"", ""regressor__gamma"": 0.1, ""regressor__alpha"": 0.01}",49,2255,0.01,Dune,rsbs,1,T2,43,True
MR,0.15718135912171122,"{""lasso__regressor__alpha"": 0.001}",49,2255,0.04,Dune,rsbs,1,T2,43,True
RF,0.1566716576467318,"{""max_features"": ""log2"", ""min_samples_leaf"": 1, ""n_estimators"": 20}",49,2255,0.05,Dune,rsbs,1,T2,43,True
SVR,0.13333803098008123,"{""regressor__tol"": 0.1, ""regressor__shrinking"": false, ""regressor__epsilon"": 0.1, ""regressor__coef0"": 1.0, ""regressor__C"": 2.0}",49,2255,0.02,Dune,rsbs,1,T2,43,True
CART,0.1551250579187641,"{""max_features"": 1.0, ""min_samples_leaf"": 2, ""splitter"": ""best""}",49,2255,0.0,Dune,rsbs,1,T2,44,True
kNN,0.1510394314590152,"{""n_neighbors"": 10, ""p"": 1, ""weights"": ""distance""}",49,2255,0.01,Dune,rsbs,1,T2,44,True
KRR,0.14199401661663189,"{""regressor__kernel"": ""rbf"", ""regressor__gamma"": 0.1, ""regressor__alpha"": 0.01}",49,2255,0.01,Dune,rsbs,1,T2,44,True
MR,0.15062938578482601,"{""lasso__regressor__alpha"": 0.001}",49,2255,0.03,Dune,rsbs,1,T2,44,True
RF,0.14248206776130154,"{""max_features"": ""log2"", ""min_samples_leaf"": 1, ""n_estimators"": 20}",49,2255,0.05,Dune,rsbs,1,T2,44,True
SVR,0.14194710131167718,"{""regressor__tol"": 0.1, ""regressor__shrinking"": false, ""regressor__epsilon"": 0.1, ""regressor__coef0"": 1.0, ""regressor__C"": 2.0}",49,2255,0.02,Dune,rsbs,1,T2,44,True
CART,0.1631395162847705,"{""max_features"": 1.0, ""min_samples_leaf"": 2, ""splitter"": ""best""}",49,2255,0.0,Dune,rsbs,1,T2,45,True
kNN,0.15275922578018408,"{""n_neighbors"": 10, ""p"": 1, ""weights"": ""distance""}",49,2255,0.01,Dune,rsbs,1,T2,45,True
KRR,0.14336727327423401,"{""regressor__kernel"": ""rbf"", ""regressor__gamma"": 0.1, ""regressor__alpha"": 0.01}",49,2255,0.01,Dune,rsbs,1,T2,45,True
MR,0.14216356258052235,"{""lasso__regressor__alpha"": 0.001}",49,2255,0.03,Dune,rsbs,1,T2,45,True
RF,0.14647903932928877,"{""max_features"": ""log2"", ""min_samples_leaf"": 1, ""n_estimators"": 20}",49,2255,0.05,Dune,rsbs,1,T2,45,True
SVR,0.13944624714044776,"{""regressor__tol"": 0.1, ""regressor__shrinking"": false, ""regressor__epsilon"": 0.1, ""regressor__coef0"": 1.0, ""regressor__C"": 2.0}",49,2255,0.02,Dune,rsbs,1,T2,45,True
CART,0.1483519665417755,"{""max_features"": 1.0, ""min_samples_leaf"": 2, ""splitter"": ""best""}",49,2255,0.0,Dune,rsbs,1,T2,46,True
kNN,0.15679870082679914,"{""n_neighbors"": 10, ""p"": 1, ""weights"": ""distance""}",49,2255,0.01,Dune,rsbs,1,T2,46,True
KRR,0.12468666344330516,"{""regressor__kernel"": ""rbf"", ""regressor__gamma"": 0.1, ""regressor__alpha"": 0.01}",49,2255,0.01,Dune,rsbs,1,T2,46,True
MR,0.12587852207650774,"{""lasso__regressor__alpha"": 0.001}",49,2255,0.03,Dune,rsbs,1,T2,46,True
RF,0.142509000371917,"{""max_features"": ""log2"", ""min_samples_leaf"": 1, ""n_estimators"": 20}",49,2255,0.05,Dune,rsbs,1,T2,46,True
SVR,0.1360240199932768,"{""regressor__tol"": 0.1, ""regressor__shrinking"": false, ""regressor__epsilon"": 0.1, ""regressor__coef0"": 1.0, ""regressor__C"": 2.0}",49,2255,0.02,Dune,rsbs,1,T2,46,True
CART,0.15184417579653442,"{""max_features"": 1.0, ""min_samples_leaf"": 2, ""splitter"": ""best""}",49,2255,0.0,Dune,rsbs,1,T2,47,True
kNN,0.15411736228593692,"{""n_neighbors"": 10, ""p"": 1, ""weights"": ""distance""}",49,2255,0.01,Dune,rsbs,1,T2,47,True
KRR,0.13790230262010786,"{""regressor__kernel"": ""rbf"", ""regressor__gamma"": 0.1, ""regressor__alpha"": 0.01}",49,2255,0.01,Dune,rsbs,1,T2,47,True
MR,0.13943471257134443,"{""lasso__regressor__alpha"": 0.001}",49,2255,0.03,Dune,rsbs,1,T2,47,True
RF,0.1471411484924838,"{""max_features"": ""log2"", ""min_samples_leaf"": 1, ""n_estimators"": 20}",49,2255,0.05,Dune,rsbs,1,T2,47,True
SVR,0.1352478050220808,"{""regressor__tol"": 0.1, ""regressor__shrinking"": false, ""regressor__epsilon"": 0.1, ""regressor__coef0"": 1.0, ""regressor__C"": 2.0}",49,2255,0.02,Dune,rsbs,1,T2,47,True
CART,0.1660533838853832,"{""max_features"": 1.0, ""min_samples_leaf"": 2, ""splitter"": ""best""}",49,2255,0.0,Dune,rsbs,1,T2,48,True
kNN,0.1545834677294555,"{""n_neighbors"": 10, ""p"": 1, ""weights"": ""distance""}",49,2255,0.01,Dune,rsbs,1,T2,48,True
KRR,0.13743154713802097,"{""regressor__kernel"": ""rbf"", ""regressor__gamma"": 0.1, ""regressor__alpha"": 0.01}",49,2255,0.01,Dune,rsbs,1,T2,48,True
MR,0.13485281807804209,"{""lasso__regressor__alpha"": 0.001}",49,2255,0.03,Dune,rsbs,1,T2,48,True
RF,0.15245154709078562,"{""max_features"": ""log2"", ""min_samples_leaf"": 1, ""n_estimators"": 20}",49,2255,0.05,Dune,rsbs,1,T2,48,True
SVR,0.14299211578906745,"{""regressor__tol"": 0.1, ""regressor__shrinking"": false, ""regressor__epsilon"": 0.1, ""regressor__coef0"": 1.0, ""regressor__C"": 2.0}",49,2255,0.01,Dune,rsbs,1,T2,48,True
CART,0.15444259481977948,"{""max_features"": 1.0, ""min_samples_leaf"": 2, ""splitter"": ""best""}",49,2255,0.0,Dune,rsbs,1,T2,49,True
kNN,0.15568947702510663,"{""n_neighbors"": 10, ""p"": 1, ""weights"": ""distance""}",49,2255,0.01,Dune,rsbs,1,T2,49,True
KRR,0.14871273795353773,"{""regressor__kernel"": ""rbf"", ""regressor__gamma"": 0.1, ""regressor__alpha"": 0.01}",49,2255,0.01,Dune,rsbs,1,T2,49,True
MR,0.16831193016718057,"{""lasso__regressor__alpha"": 0.001}",49,2255,0.04,Dune,rsbs,1,T2,49,True
RF,0.14997455812427316,"{""max_features"": ""log2"", ""min_samples_leaf"": 1, ""n_estimators"": 20}",49,2255,0.05,Dune,rsbs,1,T2,49,True
SVR,0.14640812941912373,"{""regressor__tol"": 0.1, ""regressor__shrinking"": false, ""regressor__epsilon"": 0.1, ""regressor__coef0"": 1.0, ""regressor__C"": 2.0}",49,2255,0.02,Dune,rsbs,1,T2,49,True
CART,0.1371642676233143,"{""max_features"": 1.0, ""min_samples_leaf"": 2, ""splitter"": ""best""}",49,2255,0.0,Dune,rsbs,1,T2,50,True
kNN,0.15207233126511507,"{""n_neighbors"": 10, ""p"": 1, ""weights"": ""distance""}",49,2255,0.01,Dune,rsbs,1,T2,50,True
KRR,0.13340714710015292,"{""regressor__kernel"": ""rbf"", ""regressor__gamma"": 0.1, ""regressor__alpha"": 0.01}",49,2255,0.01,Dune,rsbs,1,T2,50,True
MR,0.1378998452324258,"{""lasso__regressor__alpha"": 0.001}",49,2255,0.03,Dune,rsbs,1,T2,50,True
RF,0.14949983629001806,"{""max_features"": ""log2"", ""min_samples_leaf"": 1, ""n_estimators"": 20}",49,2255,0.05,Dune,rsbs,1,T2,50,True
SVR,0.13907464534221523,"{""regressor__tol"": 0.1, ""regressor__shrinking"": false, ""regressor__epsilon"": 0.1, ""regressor__coef0"": 1.0, ""regressor__C"": 2.0}",49,2255,0.01,Dune,rsbs,1,T2,50,True
CART,0.1526703682988878,"{""max_features"": 1.0, ""min_samples_leaf"": 2, ""splitter"": ""best""}",49,2255,0.0,Dune,rsbs,1,T2,51,True
kNN,0.15644284584426907,"{""n_neighbors"": 10, ""p"": 1, ""weights"": ""distance""}",49,2255,0.01,Dune,rsbs,1,T2,51,True
KRR,0.14842196697645302,"{""regressor__kernel"": ""rbf"", ""regressor__gamma"": 0.1, ""regressor__alpha"": 0.01}",49,2255,0.01,Dune,rsbs,1,T2,51,True
MR,0.17113665867411823,"{""lasso__regressor__alpha"": 0.001}",49,2255,0.05,Dune,rsbs,1,T2,51,True
RF,0.14356034005750462,"{""max_features"": ""log2"", ""min_samples_leaf"": 1, ""n_estimators"": 20}",49,2255,0.05,Dune,rsbs,1,T2,51,True
SVR,0.1468000716101648,"{""regressor__tol"": 0.1, ""regressor__shrinking"": false, ""regressor__epsilon"": 0.1, ""regressor__coef0"": 1.0, ""regressor__C"": 2.0}",49,2255,0.02,Dune,rsbs,1,T2,51,True
CART,0.14661132399451982,"{""max_features"": 1.0, ""min_samples_leaf"": 2, ""splitter"": ""best""}",49,2255,0.0,Dune,rsbs,1,T2,52,True
kNN,0.15309297259150456,"{""n_neighbors"": 10, ""p"": 1, ""weights"": ""distance""}",49,2255,0.01,Dune,rsbs,1,T2,52,True
KRR,0.13861598872297146,"{""regressor__kernel"": ""rbf"", ""regressor__gamma"": 0.1, ""regressor__alpha"": 0.01}",49,2255,0.01,Dune,rsbs,1,T2,52,True
MR,0.14274088609292082,"{""lasso__regressor__alpha"": 0.001}",49,2255,0.03,Dune,rsbs,1,T2,52,True
RF,0.14349807677627288,"{""max_features"": ""log2"", ""min_samples_leaf"": 1, ""n_estimators"": 20}",49,2255,0.05,Dune,rsbs,1,T2,52,True
SVR,0.13773233570369675,"{""regressor__tol"": 0.1, ""regressor__shrinking"": false, ""regressor__epsilon"": 0.1, ""regressor__coef0"": 1.0, ""regressor__C"": 2.0}",49,2255,0.01,Dune,rsbs,1,T2,52,True
CART,0.17436417738714405,"{""max_features"": 1.0, ""min_samples_leaf"": 2, ""splitter"": ""best""}",49,2255,0.0,Dune,rsbs,1,T2,53,True
kNN,0.16000239871256575,"{""n_neighbors"": 10, ""p"": 1, ""weights"": ""distance""}",49,2255,0.01,Dune,rsbs,1,T2,53,True
KRR,0.14962691513007842,"{""regressor__kernel"": ""rbf"", ""regressor__gamma"": 0.1, ""regressor__alpha"": 0.01}",49,2255,0.01,Dune,rsbs,1,T2,53,True
MR,0.1318459250931952,"{""lasso__regressor__alpha"": 0.001}",49,2255,0.03,Dune,rsbs,1,T2,53,True
RF,0.15680351463124306,"{""max_features"": ""log2"", ""min_samples_leaf"": 1, ""n_estimators"": 20}",49,2255,0.05,Dune,rsbs,1,T2,53,True
SVR,0.14784779675101006,"{""regressor__tol"": 0.1, ""regressor__shrinking"": false, ""regressor__epsilon"": 0.1, ""regressor__coef0"": 1.0, ""regressor__C"": 2.0}",49,2255,0.02,Dune,rsbs,1,T2,53,True
CART,0.18600607337522818,"{""max_features"": 1.0, ""min_samples_leaf"": 2, ""splitter"": ""best""}",49,2255,0.0,Dune,rsbs,1,T2,54,True
kNN,0.15761640532656654,"{""n_neighbors"": 10, ""p"": 1, ""weights"": ""distance""}",49,2255,0.01,Dune,rsbs,1,T2,54,True
KRR,0.14579285735826256,"{""regressor__kernel"": ""rbf"", ""regressor__gamma"": 0.1, ""regressor__alpha"": 0.01}",49,2255,0.01,Dune,rsbs,1,T2,54,True
MR,0.16371756951100094,"{""lasso__regressor__alpha"": 0.001}",49,2255,0.04,Dune,rsbs,1,T2,54,True
RF,0.1541921402210438,"{""max_features"": ""log2"", ""min_samples_leaf"": 1, ""n_estimators"": 20}",49,2255,0.05,Dune,rsbs,1,T2,54,True
SVR,0.15005874784757706,"{""regressor__tol"": 0.1, ""regressor__shrinking"": false, ""regressor__epsilon"": 0.1, ""regressor__coef0"": 1.0, ""regressor__C"": 2.0}",49,2255,0.02,Dune,rsbs,1,T2,54,True
CART,0.18294822488203125,"{""max_features"": 1.0, ""min_samples_leaf"": 2, ""splitter"": ""best""}",49,2255,0.0,Dune,rsbs,1,T2,55,True
kNN,0.15898991791313735,"{""n_neighbors"": 10, ""p"": 1, ""weights"": ""distance""}",49,2255,0.01,Dune,rsbs,1,T2,55,True
KRR,0.15625073184979754,"{""regressor__kernel"": ""rbf"", ""regressor__gamma"": 0.1, ""regressor__alpha"": 0.01}",49,2255,0.01,Dune,rsbs,1,T2,55,True
MR,0.168819838428244,"{""lasso__regressor__alpha"": 0.001}",49,2255,0.03,Dune,rsbs,1,T2,55,True
RF,0.15373413856344997,"{""max_features"": ""log2"", ""min_samples_leaf"": 1, ""n_estimators"": 20}",49,2255,0.05,Dune,rsbs,1,T2,55,True
SVR,0.15413668445022252,"{""regressor__tol"": 0.1, ""regressor__shrinking"": false, ""regressor__epsilon"": 0.1, ""regressor__coef0"": 1.0, ""regressor__C"": 2.0}",49,2255,0.02,Dune,rsbs,1,T2,55,True
CART,0.16845628338349158,"{""max_features"": 1.0, ""min_samples_leaf"": 2, ""splitter"": ""best""}",49,2255,0.0,Dune,rsbs,1,T2,56,True
kNN,0.1661485286945753,"{""n_neighbors"": 10, ""p"": 1, ""weights"": ""distance""}",49,2255,0.01,Dune,rsbs,1,T2,56,True
KRR,0.15203873540400165,"{""regressor__kernel"": ""rbf"", ""regressor__gamma"": 0.1, ""regressor__alpha"": 0.01}",49,2255,0.01,Dune,rsbs,1,T2,56,True
MR,0.18014368633654876,"{""lasso__regressor__alpha"": 0.001}",49,2255,0.03,Dune,rsbs,1,T2,56,True
RF,0.16024105865079719,"{""max_features"": ""log2"", ""min_samples_leaf"": 1, ""n_estimators"": 20}",49,2255,0.05,Dune,rsbs,1,T2,56,True
SVR,0.1464621649202507,"{""regressor__tol"": 0.1, ""regressor__shrinking"": false, ""regressor__epsilon"": 0.1, ""regressor__coef0"": 1.0, ""regressor__C"": 2.0}",49,2255,0.02,Dune,rsbs,1,T2,56,True
CART,0.15888746037887555,"{""max_features"": 1.0, ""min_samples_leaf"": 2, ""splitter"": ""best""}",49,2255,0.0,Dune,rsbs,1,T2,57,True
kNN,0.15396062185961518,"{""n_neighbors"": 10, ""p"": 1, ""weights"": ""distance""}",49,2255,0.01,Dune,rsbs,1,T2,57,True
KRR,0.13296596909156042,"{""regressor__kernel"": ""rbf"", ""regressor__gamma"": 0.1, ""regressor__alpha"": 0.01}",49,2255,0.01,Dune,rsbs,1,T2,57,True
MR,0.1457275809834477,"{""lasso__regressor__alpha"": 0.001}",49,2255,0.04,Dune,rsbs,1,T2,57,True
RF,0.14722016907930943,"{""max_features"": ""log2"", ""min_samples_leaf"": 1, ""n_estimators"": 20}",49,2255,0.05,Dune,rsbs,1,T2,57,True
SVR,0.13410970542714104,"{""regressor__tol"": 0.1, ""regressor__shrinking"": false, ""regressor__epsilon"": 0.1, ""regressor__coef0"": 1.0, ""regressor__C"": 2.0}",49,2255,0.02,Dune,rsbs,1,T2,57,True
CART,0.15359142355230723,"{""max_features"": 1.0, ""min_samples_leaf"": 2, ""splitter"": ""best""}",49,2255,0.0,Dune,rsbs,1,T2,58,True
kNN,0.15955589066787562,"{""n_neighbors"": 10, ""p"": 1, ""weights"": ""distance""}",49,2255,0.01,Dune,rsbs,1,T2,58,True
KRR,0.13766167194740236,"{""regressor__kernel"": ""rbf"", ""regressor__gamma"": 0.1, ""regressor__alpha"": 0.01}",49,2255,0.01,Dune,rsbs,1,T2,58,True
MR,0.1379701644276496,"{""lasso__regressor__alpha"": 0.001}",49,2255,0.03,Dune,rsbs,1,T2,58,True
RF,0.15418695299643484,"{""max_features"": ""log2"", ""min_samples_leaf"": 1, ""n_estimators"": 20}",49,2255,0.05,Dune,rsbs,1,T2,58,True
SVR,0.1478785040799018,"{""regressor__tol"": 0.1, ""regressor__shrinking"": false, ""regressor__epsilon"": 0.1, ""regressor__coef0"": 1.0, ""regressor__C"": 2.0}",49,2255,0.02,Dune,rsbs,1,T2,58,True
CART,0.17995230148790656,"{""max_features"": 1.0, ""min_samples_leaf"": 2, ""splitter"": ""best""}",49,2255,0.0,Dune,rsbs,1,T2,59,True
kNN,0.1647867997703689,"{""n_neighbors"": 10, ""p"": 1, ""weights"": ""distance""}",49,2255,0.01,Dune,rsbs,1,T2,59,True
KRR,0.15927476213494052,"{""regressor__kernel"": ""rbf"", ""regressor__gamma"": 0.1, ""regressor__alpha"": 0.01}",49,2255,0.01,Dune,rsbs,1,T2,59,True
MR,0.1662938765681644,"{""lasso__regressor__alpha"": 0.001}",49,2255,0.04,Dune,rsbs,1,T2,59,True
RF,0.16381008245177883,"{""max_features"": ""log2"", ""min_samples_leaf"": 1, ""n_estimators"": 20}",49,2255,0.05,Dune,rsbs,1,T2,59,True
SVR,0.15312411665554565,"{""regressor__tol"": 0.1, ""regressor__shrinking"": false, ""regressor__epsilon"": 0.1, ""regressor__coef0"": 1.0, ""regressor__C"": 2.0}",49,2255,0.02,Dune,rsbs,1,T2,59,True
CART,0.15977289982664483,"{""max_features"": 1.0, ""min_samples_leaf"": 2, ""splitter"": ""best""}",49,2255,0.0,Dune,rsbs,1,T2,60,True
kNN,0.1524734428942541,"{""n_neighbors"": 10, ""p"": 1, ""weights"": ""distance""}",49,2255,0.01,Dune,rsbs,1,T2,60,True
KRR,0.12462319135593451,"{""regressor__kernel"": ""rbf"", ""regressor__gamma"": 0.1, ""regressor__alpha"": 0.01}",49,2255,0.01,Dune,rsbs,1,T2,60,True
MR,0.1401984755389987,"{""lasso__regressor__alpha"": 0.001}",49,2255,0.03,Dune,rsbs,1,T2,60,True
RF,0.13872125538963606,"{""max_features"": ""log2"", ""min_samples_leaf"": 1, ""n_estimators"": 20}",49,2255,0.05,Dune,rsbs,1,T2,60,True
SVR,0.13240032446772168,"{""regressor__tol"": 0.1, ""regressor__shrinking"": false, ""regressor__epsilon"": 0.1, ""regressor__coef0"": 1.0, ""regressor__C"": 2.0}",49,2255,0.02,Dune,rsbs,1,T2,60,True
CART,0.1795881571802655,"{""max_features"": 1.0, ""min_samples_leaf"": 2, ""splitter"": ""best""}",49,2255,0.0,Dune,rsbs,1,T2,61,True
kNN,0.16364372902223873,"{""n_neighbors"": 10, ""p"": 1, ""weights"": ""distance""}",49,2255,0.01,Dune,rsbs,1,T2,61,True
KRR,0.1669516476150316,"{""regressor__kernel"": ""rbf"", ""regressor__gamma"": 0.1, ""regressor__alpha"": 0.01}",49,2255,0.01,Dune,rsbs,1,T2,61,True
MR,0.17039502318052738,"{""lasso__regressor__alpha"": 0.001}",49,2255,0.03,Dune,rsbs,1,T2,61,True
RF,0.16526912470062233,"{""max_features"": ""log2"", ""min_samples_leaf"": 1, ""n_estimators"": 20}",49,2255,0.05,Dune,rsbs,1,T2,61,True
SVR,0.17659227765915328,"{""regressor__tol"": 0.1, ""regressor__shrinking"": false, ""regressor__epsilon"": 0.1, ""regressor__coef0"": 1.0, ""regressor__C"": 2.0}",49,2255,0.02,Dune,rsbs,1,T2,61,True
CART,0.15130608629625916,"{""max_features"": 1.0, ""min_samples_leaf"": 2, ""splitter"": ""best""}",49,2255,0.0,Dune,rsbs,1,T2,62,True
kNN,0.16016826584028954,"{""n_neighbors"": 10, ""p"": 1, ""weights"": ""distance""}",49,2255,0.01,Dune,rsbs,1,T2,62,True
KRR,0.12815400477469038,"{""regressor__kernel"": ""rbf"", ""regressor__gamma"": 0.1, ""regressor__alpha"": 0.01}",49,2255,0.01,Dune,rsbs,1,T2,62,True
MR,0.11514368352136005,"{""lasso__regressor__alpha"": 0.001}",49,2255,0.04,Dune,rsbs,1,T2,62,True
RF,0.15336364133377728,"{""max_features"": ""log2"", ""min_samples_leaf"": 1, ""n_estimators"": 20}",49,2255,0.05,Dune,rsbs,1,T2,62,True
SVR,0.1348188619202836,"{""regressor__tol"": 0.1, ""regressor__shrinking"": false, ""regressor__epsilon"": 0.1, ""regressor__coef0"": 1.0, ""regressor__C"": 2.0}",49,2255,0.02,Dune,rsbs,1,T2,62,True
CART,0.15125403500539966,"{""max_features"": 1.0, ""min_samples_leaf"": 2, ""splitter"": ""best""}",49,2255,0.0,Dune,rsbs,1,T2,63,True
kNN,0.15519261995894396,"{""n_neighbors"": 10, ""p"": 1, ""weights"": ""distance""}",49,2255,0.01,Dune,rsbs,1,T2,63,True
KRR,0.11681255269172791,"{""regressor__kernel"": ""rbf"", ""regressor__gamma"": 0.1, ""regressor__alpha"": 0.01}",49,2255,0.01,Dune,rsbs,1,T2,63,True
MR,0.10367680847900672,"{""lasso__regressor__alpha"": 0.001}",49,2255,0.03,Dune,rsbs,1,T2,63,True
RF,0.14554456994447046,"{""max_features"": ""log2"", ""min_samples_leaf"": 1, ""n_estimators"": 20}",49,2255,0.05,Dune,rsbs,1,T2,63,True
SVR,0.13636503691030727,"{""regressor__tol"": 0.1, ""regressor__shrinking"": false, ""regressor__epsilon"": 0.1, ""regressor__coef0"": 1.0, ""regressor__C"": 2.0}",49,2255,0.02,Dune,rsbs,1,T2,63,True
CART,0.14547786962125392,"{""max_features"": 1.0, ""min_samples_leaf"": 2, ""splitter"": ""best""}",49,2255,0.0,Dune,rsbs,1,T2,64,True
kNN,0.1548602024067353,"{""n_neighbors"": 10, ""p"": 1, ""weights"": ""distance""}",49,2255,0.01,Dune,rsbs,1,T2,64,True
KRR,0.14596914120302615,"{""regressor__kernel"": ""rbf"", ""regressor__gamma"": 0.1, ""regressor__alpha"": 0.01}",49,2255,0.01,Dune,rsbs,1,T2,64,True
MR,0.14201027376705094,"{""lasso__regressor__alpha"": 0.001}",49,2255,0.03,Dune,rsbs,1,T2,64,True
RF,0.1487771284717382,"{""max_features"": ""log2"", ""min_samples_leaf"": 1, ""n_estimators"": 20}",49,2255,0.05,Dune,rsbs,1,T2,64,True
SVR,0.14124032967155398,"{""regressor__tol"": 0.1, ""regressor__shrinking"": false, ""regressor__epsilon"": 0.1, ""regressor__coef0"": 1.0, ""regressor__C"": 2.0}",49,2255,0.01,Dune,rsbs,1,T2,64,True
CART,0.14320349073138056,"{""max_features"": 1.0, ""min_samples_leaf"": 2, ""splitter"": ""best""}",49,2255,0.0,Dune,rsbs,1,T2,65,True
kNN,0.1518314509471428,"{""n_neighbors"": 10, ""p"": 1, ""weights"": ""distance""}",49,2255,0.01,Dune,rsbs,1,T2,65,True
KRR,0.13061637771192666,"{""regressor__kernel"": ""rbf"", ""regressor__gamma"": 0.1, ""regressor__alpha"": 0.01}",49,2255,0.01,Dune,rsbs,1,T2,65,True
MR,0.15178081193429346,"{""lasso__regressor__alpha"": 0.001}",49,2255,0.03,Dune,rsbs,1,T2,65,True
RF,0.14677168774146243,"{""max_features"": ""log2"", ""min_samples_leaf"": 1, ""n_estimators"": 20}",49,2255,0.05,Dune,rsbs,1,T2,65,True
SVR,0.1389523735459248,"{""regressor__tol"": 0.1, ""regressor__shrinking"": false, ""regressor__epsilon"": 0.1, ""regressor__coef0"": 1.0, ""regressor__C"": 2.0}",49,2255,0.02,Dune,rsbs,1,T2,65,True
CART,0.18589087971609103,"{""max_features"": 1.0, ""min_samples_leaf"": 2, ""splitter"": ""best""}",49,2255,0.0,Dune,rsbs,1,T2,66,True
kNN,0.16281570357587707,"{""n_neighbors"": 10, ""p"": 1, ""weights"": ""distance""}",49,2255,0.01,Dune,rsbs,1,T2,66,True
KRR,0.14626231861065578,"{""regressor__kernel"": ""rbf"", ""regressor__gamma"": 0.1, ""regressor__alpha"": 0.01}",49,2255,0.01,Dune,rsbs,1,T2,66,True
MR,0.15382223550452362,"{""lasso__regressor__alpha"": 0.001}",49,2255,0.04,Dune,rsbs,1,T2,66,True
RF,0.16425624813191153,"{""max_features"": ""log2"", ""min_samples_leaf"": 1, ""n_estimators"": 20}",49,2255,0.05,Dune,rsbs,1,T2,66,True
SVR,0.14678507656159195,"{""regressor__tol"": 0.1, ""regressor__shrinking"": false, ""regressor__epsilon"": 0.1, ""regressor__coef0"": 1.0, ""regressor__C"": 2.0}",49,2255,0.02,Dune,rsbs,1,T2,66,True
CART,0.15069904646604365,"{""max_features"": 1.0, ""min_samples_leaf"": 2, ""splitter"": ""best""}",49,2255,0.0,Dune,rsbs,1,T2,67,True
kNN,0.15754845382164834,"{""n_neighbors"": 10, ""p"": 1, ""weights"": ""distance""}",49,2255,0.01,Dune,rsbs,1,T2,67,True
KRR,0.14607396271044415,"{""regressor__kernel"": ""rbf"", ""regressor__gamma"": 0.1, ""regressor__alpha"": 0.01}",49,2255,0.01,Dune,rsbs,1,T2,67,True
MR,0.14670566675808683,"{""lasso__regressor__alpha"": 0.001}",49,2255,0.04,Dune,rsbs,1,T2,67,True
RF,0.15421107167289363,"{""max_features"": ""log2"", ""min_samples_leaf"": 1, ""n_estimators"": 20}",49,2255,0.05,Dune,rsbs,1,T2,67,True
SVR,0.1475534821468104,"{""regressor__tol"": 0.1, ""regressor__shrinking"": false, ""regressor__epsilon"": 0.1, ""regressor__coef0"": 1.0, ""regressor__C"": 2.0}",49,2255,0.02,Dune,rsbs,1,T2,67,True
CART,0.1677276506620212,"{""max_features"": 1.0, ""min_samples_leaf"": 2, ""splitter"": ""best""}",49,2255,0.0,Dune,rsbs,1,T2,68,True
kNN,0.15587681056069871,"{""n_neighbors"": 10, ""p"": 1, ""weights"": ""distance""}",49,2255,0.01,Dune,rsbs,1,T2,68,True
KRR,0.13558646924556655,"{""regressor__kernel"": ""rbf"", ""regressor__gamma"": 0.1, ""regressor__alpha"": 0.01}",49,2255,0.01,Dune,rsbs,1,T2,68,True
MR,0.13945852443192278,"{""lasso__regressor__alpha"": 0.001}",49,2255,0.03,Dune,rsbs,1,T2,68,True
RF,0.14618642970813625,"{""max_features"": ""log2"", ""min_samples_leaf"": 1, ""n_estimators"": 20}",49,2255,0.04,Dune,rsbs,1,T2,68,True
SVR,0.13686593541458514,"{""regressor__tol"": 0.1, ""regressor__shrinking"": false, ""regressor__epsilon"": 0.1, ""regressor__coef0"": 1.0, ""regressor__C"": 2.0}",49,2255,0.02,Dune,rsbs,1,T2,68,True
CART,0.16601756455619013,"{""max_features"": 1.0, ""min_samples_leaf"": 2, ""splitter"": ""best""}",49,2255,0.0,Dune,rsbs,1,T2,69,True
kNN,0.15958467201927273,"{""n_neighbors"": 10, ""p"": 1, ""weights"": ""distance""}",49,2255,0.01,Dune,rsbs,1,T2,69,True
KRR,0.13523680349816686,"{""regressor__kernel"": ""rbf"", ""regressor__gamma"": 0.1, ""regressor__alpha"": 0.01}",49,2255,0.01,Dune,rsbs,1,T2,69,True
MR,0.133717189170245,"{""lasso__regressor__alpha"": 0.001}",49,2255,0.03,Dune,rsbs,1,T2,69,True
RF,0.15312005291533456,"{""max_features"": ""log2"", ""min_samples_leaf"": 1, ""n_estimators"": 20}",49,2255,0.05,Dune,rsbs,1,T2,69,True
SVR,0.14339593547802604,"{""regressor__tol"": 0.1, ""regressor__shrinking"": false, ""regressor__epsilon"": 0.1, ""regressor__coef0"": 1.0, ""regressor__C"": 2.0}",49,2255,0.02,Dune,rsbs,1,T2,69,True
CART,0.15938862008455099,"{""max_features"": 1.0, ""min_samples_leaf"": 2, ""splitter"": ""best""}",49,2255,0.0,Dune,rsbs,1,T2,70,True
kNN,0.15669544147406833,"{""n_neighbors"": 10, ""p"": 1, ""weights"": ""distance""}",49,2255,0.01,Dune,rsbs,1,T2,70,True
KRR,0.12606663329319762,"{""regressor__kernel"": ""rbf"", ""regressor__gamma"": 0.1, ""regressor__alpha"": 0.01}",49,2255,0.01,Dune,rsbs,1,T2,70,True
MR,0.12786370546738324,"{""lasso__regressor__alpha"": 0.001}",49,2255,0.03,Dune,rsbs,1,T2,70,True
RF,0.15773825379440304,"{""max_features"": ""log2"", ""min_samples_leaf"": 1, ""n_estimators"": 20}",49,2255,0.05,Dune,rsbs,1,T2,70,True
SVR,0.1408335615165494,"{""regressor__tol"": 0.1, ""regressor__shrinking"": false, ""regressor__epsilon"": 0.1, ""regressor__coef0"": 1.0, ""regressor__C"": 2.0}",49,2255,0.02,Dune,rsbs,1,T2,70,True
CART,0.162409101596871,"{""max_features"": 1.0, ""min_samples_leaf"": 2, ""splitter"": ""best""}",49,2255,0.0,Dune,rsbs,1,T2,71,True
kNN,0.15339517370879524,"{""n_neighbors"": 10, ""p"": 1, ""weights"": ""distance""}",49,2255,0.01,Dune,rsbs,1,T2,71,True
KRR,0.1283021748936459,"{""regressor__kernel"": ""rbf"", ""regressor__gamma"": 0.1, ""regressor__alpha"": 0.01}",49,2255,0.01,Dune,rsbs,1,T2,71,True
MR,0.13346000811509565,"{""lasso__regressor__alpha"": 0.001}",49,2255,0.03,Dune,rsbs,1,T2,71,True
RF,0.13697523766137554,"{""max_features"": ""log2"", ""min_samples_leaf"": 1, ""n_estimators"": 20}",49,2255,0.05,Dune,rsbs,1,T2,71,True
SVR,0.13455076670154423,"{""regressor__tol"": 0.1, ""regressor__shrinking"": false, ""regressor__epsilon"": 0.1, ""regressor__coef0"": 1.0, ""regressor__C"": 2.0}",49,2255,0.02,Dune,rsbs,1,T2,71,True
CART,0.1770379690824101,"{""max_features"": 1.0, ""min_samples_leaf"": 2, ""splitter"": ""best""}",49,2255,0.0,Dune,rsbs,1,T2,72,True
kNN,0.16319316904450903,"{""n_neighbors"": 10, ""p"": 1, ""weights"": ""distance""}",49,2255,0.01,Dune,rsbs,1,T2,72,True
KRR,0.14668378155471054,"{""regressor__kernel"": ""rbf"", ""regressor__gamma"": 0.1, ""regressor__alpha"": 0.01}",49,2255,0.01,Dune,rsbs,1,T2,72,True
MR,0.16757190543673667,"{""lasso__regressor__alpha"": 0.001}",49,2255,0.04,Dune,rsbs,1,T2,72,True
RF,0.15010347147550807,"{""max_features"": ""log2"", ""min_samples_leaf"": 1, ""n_estimators"": 20}",49,2255,0.05,Dune,rsbs,1,T2,72,True
SVR,0.15688317696329956,"{""regressor__tol"": 0.1, ""regressor__shrinking"": false, ""regressor__epsilon"": 0.1, ""regressor__coef0"": 1.0, ""regressor__C"": 2.0}",49,2255,0.02,Dune,rsbs,1,T2,72,True
CART,0.16899430848810953,"{""max_features"": 1.0, ""min_samples_leaf"": 2, ""splitter"": ""best""}",49,2255,0.0,Dune,rsbs,1,T2,73,True
kNN,0.15039315177516588,"{""n_neighbors"": 10, ""p"": 1, ""weights"": ""distance""}",49,2255,0.01,Dune,rsbs,1,T2,73,True
KRR,0.14108756539446712,"{""regressor__kernel"": ""rbf"", ""regressor__gamma"": 0.1, ""regressor__alpha"": 0.01}",49,2255,0.01,Dune,rsbs,1,T2,73,True
MR,0.14680641491633595,"{""lasso__regressor__alpha"": 0.001}",49,2255,0.03,Dune,rsbs,1,T2,73,True
RF,0.1414956244008859,"{""max_features"": ""log2"", ""min_samples_leaf"": 1, ""n_estimators"": 20}",49,2255,0.05,Dune,rsbs,1,T2,73,True
SVR,0.13651209688004956,"{""regressor__tol"": 0.1, ""regressor__shrinking"": false, ""regressor__epsilon"": 0.1, ""regressor__coef0"": 1.0, ""regressor__C"": 2.0}",49,2255,0.02,Dune,rsbs,1,T2,73,True
CART,0.17815439700448804,"{""max_features"": 1.0, ""min_samples_leaf"": 2, ""splitter"": ""best""}",49,2255,0.0,Dune,rsbs,1,T2,74,True
kNN,0.15166992016495826,"{""n_neighbors"": 10, ""p"": 1, ""weights"": ""distance""}",49,2255,0.01,Dune,rsbs,1,T2,74,True
KRR,0.1658028955571315,"{""regressor__kernel"": ""rbf"", ""regressor__gamma"": 0.1, ""regressor__alpha"": 0.01}",49,2255,0.01,Dune,rsbs,1,T2,74,True
MR,0.217756807970211,"{""lasso__regressor__alpha"": 0.001}",49,2255,0.03,Dune,rsbs,1,T2,74,True
RF,0.1769645167674031,"{""max_features"": ""log2"", ""min_samples_leaf"": 1, ""n_estimators"": 20}",49,2255,0.05,Dune,rsbs,1,T2,74,True
SVR,0.133264056521747,"{""regressor__tol"": 0.1, ""regressor__shrinking"": false, ""regressor__epsilon"": 0.1, ""regressor__coef0"": 1.0, ""regressor__C"": 2.0}",49,2255,0.01,Dune,rsbs,1,T2,74,True
CART,0.1547261091343254,"{""max_features"": 1.0, ""min_samples_leaf"": 2, ""splitter"": ""best""}",49,2255,0.0,Dune,rsbs,1,T2,75,True
kNN,0.15680754635950472,"{""n_neighbors"": 10, ""p"": 1, ""weights"": ""distance""}",49,2255,0.01,Dune,rsbs,1,T2,75,True
KRR,0.14202400629490908,"{""regressor__kernel"": ""rbf"", ""regressor__gamma"": 0.1, ""regressor__alpha"": 0.01}",49,2255,0.01,Dune,rsbs,1,T2,75,True
MR,0.16582748569649078,"{""lasso__regressor__alpha"": 0.001}",49,2255,0.03,Dune,rsbs,1,T2,75,True
RF,0.15126125089691328,"{""max_features"": ""log2"", ""min_samples_leaf"": 1, ""n_estimators"": 20}",49,2255,0.05,Dune,rsbs,1,T2,75,True
SVR,0.14162342997036503,"{""regressor__tol"": 0.1, ""regressor__shrinking"": false, ""regressor__epsilon"": 0.1, ""regressor__coef0"": 1.0, ""regressor__C"": 2.0}",49,2255,0.01,Dune,rsbs,1,T2,75,True
CART,0.16135894938001039,"{""max_features"": 1.0, ""min_samples_leaf"": 2, ""splitter"": ""best""}",49,2255,0.0,Dune,rsbs,1,T2,76,True
kNN,0.1551702456041504,"{""n_neighbors"": 10, ""p"": 1, ""weights"": ""distance""}",49,2255,0.01,Dune,rsbs,1,T2,76,True
KRR,0.1366542025182628,"{""regressor__kernel"": ""rbf"", ""regressor__gamma"": 0.1, ""regressor__alpha"": 0.01}",49,2255,0.01,Dune,rsbs,1,T2,76,True
MR,0.13392302496443267,"{""lasso__regressor__alpha"": 0.001}",49,2255,0.03,Dune,rsbs,1,T2,76,True
RF,0.150814663932363,"{""max_features"": ""log2"", ""min_samples_leaf"": 1, ""n_estimators"": 20}",49,2255,0.05,Dune,rsbs,1,T2,76,True
SVR,0.1454910747908117,"{""regressor__tol"": 0.1, ""regressor__shrinking"": false, ""regressor__epsilon"": 0.1, ""regressor__coef0"": 1.0, ""regressor__C"": 2.0}",49,2255,0.02,Dune,rsbs,1,T2,76,True
CART,0.16110380554804218,"{""max_features"": 1.0, ""min_samples_leaf"": 2, ""splitter"": ""best""}",49,2255,0.0,Dune,rsbs,1,T2,77,True
kNN,0.1555043106341803,"{""n_neighbors"": 10, ""p"": 1, ""weights"": ""distance""}",49,2255,0.01,Dune,rsbs,1,T2,77,True
KRR,0.1381016356972024,"{""regressor__kernel"": ""rbf"", ""regressor__gamma"": 0.1, ""regressor__alpha"": 0.01}",49,2255,0.01,Dune,rsbs,1,T2,77,True
MR,0.15419162806473355,"{""lasso__regressor__alpha"": 0.001}",49,2255,0.03,Dune,rsbs,1,T2,77,True
RF,0.1495795093438937,"{""max_features"": ""log2"", ""min_samples_leaf"": 1, ""n_estimators"": 20}",49,2255,0.05,Dune,rsbs,1,T2,77,True
SVR,0.14160180001814326,"{""regressor__tol"": 0.1, ""regressor__shrinking"": false, ""regressor__epsilon"": 0.1, ""regressor__coef0"": 1.0, ""regressor__C"": 2.0}",49,2255,0.02,Dune,rsbs,1,T2,77,True
CART,0.14577751423522062,"{""max_features"": 1.0, ""min_samples_leaf"": 2, ""splitter"": ""best""}",49,2255,0.0,Dune,rsbs,1,T2,78,True
kNN,0.1523391957813598,"{""n_neighbors"": 10, ""p"": 1, ""weights"": ""distance""}",49,2255,0.01,Dune,rsbs,1,T2,78,True
KRR,0.13038872701121737,"{""regressor__kernel"": ""rbf"", ""regressor__gamma"": 0.1, ""regressor__alpha"": 0.01}",49,2255,0.01,Dune,rsbs,1,T2,78,True
MR,0.16981111276171856,"{""lasso__regressor__alpha"": 0.001}",49,2255,0.03,Dune,rsbs,1,T2,78,True
RF,0.13251241055683252,"{""max_features"": ""log2"", ""min_samples_leaf"": 1, ""n_estimators"": 20}",49,2255,0.05,Dune,rsbs,1,T2,78,True
SVR,0.13687038328889725,"{""regressor__tol"": 0.1, ""regressor__shrinking"": false, ""regressor__epsilon"": 0.1, ""regressor__coef0"": 1.0, ""regressor__C"": 2.0}",49,2255,0.02,Dune,rsbs,1,T2,78,True
CART,0.15171673429992685,"{""max_features"": 1.0, ""min_samples_leaf"": 2, ""splitter"": ""best""}",49,2255,0.0,Dune,rsbs,1,T2,79,True
kNN,0.15608581926024298,"{""n_neighbors"": 10, ""p"": 1, ""weights"": ""distance""}",49,2255,0.01,Dune,rsbs,1,T2,79,True
KRR,0.13435150854195801,"{""regressor__kernel"": ""rbf"", ""regressor__gamma"": 0.1, ""regressor__alpha"": 0.01}",49,2255,0.01,Dune,rsbs,1,T2,79,True
MR,0.10616260757004342,"{""lasso__regressor__alpha"": 0.001}",49,2255,0.04,Dune,rsbs,1,T2,79,True
RF,0.14717287980325422,"{""max_features"": ""log2"", ""min_samples_leaf"": 1, ""n_estimators"": 20}",49,2255,0.05,Dune,rsbs,1,T2,79,True
SVR,0.13890064830056761,"{""regressor__tol"": 0.1, ""regressor__shrinking"": false, ""regressor__epsilon"": 0.1, ""regressor__coef0"": 1.0, ""regressor__C"": 2.0}",49,2255,0.02,Dune,rsbs,1,T2,79,True
CART,0.16808032066207096,"{""max_features"": 1.0, ""min_samples_leaf"": 2, ""splitter"": ""best""}",49,2255,0.0,Dune,rsbs,1,T2,80,True
kNN,0.16115278581066125,"{""n_neighbors"": 10, ""p"": 1, ""weights"": ""distance""}",49,2255,0.01,Dune,rsbs,1,T2,80,True
KRR,0.151642058876622,"{""regressor__kernel"": ""rbf"", ""regressor__gamma"": 0.1, ""regressor__alpha"": 0.01}",49,2255,0.01,Dune,rsbs,1,T2,80,True
MR,0.15933762179899516,"{""lasso__regressor__alpha"": 0.001}",49,2255,0.03,Dune,rsbs,1,T2,80,True
RF,0.1558262272498124,"{""max_features"": ""log2"", ""min_samples_leaf"": 1, ""n_estimators"": 20}",49,2255,0.05,Dune,rsbs,1,T2,80,True
SVR,0.14983700056431157,"{""regressor__tol"": 0.1, ""regressor__shrinking"": false, ""regressor__epsilon"": 0.1, ""regressor__coef0"": 1.0, ""regressor__C"": 2.0}",49,2255,0.01,Dune,rsbs,1,T2,80,True
CART,0.14229326945735557,"{""max_features"": 1.0, ""min_samples_leaf"": 2, ""splitter"": ""best""}",49,2255,0.0,Dune,rsbs,1,T2,81,True
kNN,0.14811713581555855,"{""n_neighbors"": 10, ""p"": 1, ""weights"": ""distance""}",49,2255,0.01,Dune,rsbs,1,T2,81,True
KRR,0.1261123435859542,"{""regressor__kernel"": ""rbf"", ""regressor__gamma"": 0.1, ""regressor__alpha"": 0.01}",49,2255,0.01,Dune,rsbs,1,T2,81,True
MR,0.13543046548160634,"{""lasso__regressor__alpha"": 0.001}",49,2255,0.03,Dune,rsbs,1,T2,81,True
RF,0.13707900591864547,"{""max_features"": ""log2"", ""min_samples_leaf"": 1, ""n_estimators"": 20}",49,2255,0.05,Dune,rsbs,1,T2,81,True
SVR,0.12786378784115413,"{""regressor__tol"": 0.1, ""regressor__shrinking"": false, ""regressor__epsilon"": 0.1, ""regressor__coef0"": 1.0, ""regressor__C"": 2.0}",49,2255,0.02,Dune,rsbs,1,T2,81,True
CART,0.16385407598159715,"{""max_features"": 1.0, ""min_samples_leaf"": 2, ""splitter"": ""best""}",49,2255,0.0,Dune,rsbs,1,T2,82,True
kNN,0.16269325762531256,"{""n_neighbors"": 10, ""p"": 1, ""weights"": ""distance""}",49,2255,0.01,Dune,rsbs,1,T2,82,True
KRR,0.15958963467089923,"{""regressor__kernel"": ""rbf"", ""regressor__gamma"": 0.1, ""regressor__alpha"": 0.01}",49,2255,0.01,Dune,rsbs,1,T2,82,True
MR,0.18252582109237508,"{""lasso__regressor__alpha"": 0.001}",49,2255,0.03,Dune,rsbs,1,T2,82,True
RF,0.15040066192616652,"{""max_features"": ""log2"", ""min_samples_leaf"": 1, ""n_estimators"": 20}",49,2255,0.05,Dune,rsbs,1,T2,82,True
SVR,0.1484411848739118,"{""regressor__tol"": 0.1, ""regressor__shrinking"": false, ""regressor__epsilon"": 0.1, ""regressor__coef0"": 1.0, ""regressor__C"": 2.0}",49,2255,0.02,Dune,rsbs,1,T2,82,True
CART,0.15780686665589802,"{""max_features"": 1.0, ""min_samples_leaf"": 2, ""splitter"": ""best""}",49,2255,0.0,Dune,rsbs,1,T2,83,True
kNN,0.1620249439950337,"{""n_neighbors"": 10, ""p"": 1, ""weights"": ""distance""}",49,2255,0.01,Dune,rsbs,1,T2,83,True
KRR,0.15727786485703082,"{""regressor__kernel"": ""rbf"", ""regressor__gamma"": 0.1, ""regressor__alpha"": 0.01}",49,2255,0.01,Dune,rsbs,1,T2,83,True
MR,0.15861900479309915,"{""lasso__regressor__alpha"": 0.001}",49,2255,0.03,Dune,rsbs,1,T2,83,True
RF,0.16021105185467446,"{""max_features"": ""log2"", ""min_samples_leaf"": 1, ""n_estimators"": 20}",49,2255,0.05,Dune,rsbs,1,T2,83,True
SVR,0.1531530684322728,"{""regressor__tol"": 0.1, ""regressor__shrinking"": false, ""regressor__epsilon"": 0.1, ""regressor__coef0"": 1.0, ""regressor__C"": 2.0}",49,2255,0.02,Dune,rsbs,1,T2,83,True
CART,0.18406333158071067,"{""max_features"": 1.0, ""min_samples_leaf"": 2, ""splitter"": ""best""}",49,2255,0.0,Dune,rsbs,1,T2,84,True
kNN,0.15028548173393125,"{""n_neighbors"": 10, ""p"": 1, ""weights"": ""distance""}",49,2255,0.01,Dune,rsbs,1,T2,84,True
KRR,0.12849753395513047,"{""regressor__kernel"": ""rbf"", ""regressor__gamma"": 0.1, ""regressor__alpha"": 0.01}",49,2255,0.01,Dune,rsbs,1,T2,84,True
MR,0.13521797235179175,"{""lasso__regressor__alpha"": 0.001}",49,2255,0.03,Dune,rsbs,1,T2,84,True
RF,0.1275666689192407,"{""max_features"": ""log2"", ""min_samples_leaf"": 1, ""n_estimators"": 20}",49,2255,0.05,Dune,rsbs,1,T2,84,True
SVR,0.14456652644622242,"{""regressor__tol"": 0.1, ""regressor__shrinking"": false, ""regressor__epsilon"": 0.1, ""regressor__coef0"": 1.0, ""regressor__C"": 2.0}",49,2255,0.02,Dune,rsbs,1,T2,84,True
CART,0.14419072063964553,"{""max_features"": 1.0, ""min_samples_leaf"": 2, ""splitter"": ""best""}",49,2255,0.0,Dune,rsbs,1,T2,85,True
kNN,0.15436139724566664,"{""n_neighbors"": 10, ""p"": 1, ""weights"": ""distance""}",49,2255,0.01,Dune,rsbs,1,T2,85,True
KRR,0.1448150872842839,"{""regressor__kernel"": ""rbf"", ""regressor__gamma"": 0.1, ""regressor__alpha"": 0.01}",49,2255,0.01,Dune,rsbs,1,T2,85,True
MR,0.15516338928484524,"{""lasso__regressor__alpha"": 0.001}",49,2255,0.03,Dune,rsbs,1,T2,85,True
RF,0.14658149655340624,"{""max_features"": ""log2"", ""min_samples_leaf"": 1, ""n_estimators"": 20}",49,2255,0.05,Dune,rsbs,1,T2,85,True
SVR,0.14443954081669758,"{""regressor__tol"": 0.1, ""regressor__shrinking"": false, ""regressor__epsilon"": 0.1, ""regressor__coef0"": 1.0, ""regressor__C"": 2.0}",49,2255,0.01,Dune,rsbs,1,T2,85,True
CART,0.1629835771120677,"{""max_features"": 1.0, ""min_samples_leaf"": 2, ""splitter"": ""best""}",49,2255,0.0,Dune,rsbs,1,T2,86,True
kNN,0.16084374522385406,"{""n_neighbors"": 10, ""p"": 1, ""weights"": ""distance""}",49,2255,0.01,Dune,rsbs,1,T2,86,True
KRR,0.16966378498991758,"{""regressor__kernel"": ""rbf"", ""regressor__gamma"": 0.1, ""regressor__alpha"": 0.01}",49,2255,0.01,Dune,rsbs,1,T2,86,True
MR,0.19748499003240708,"{""lasso__regressor__alpha"": 0.001}",49,2255,0.03,Dune,rsbs,1,T2,86,True
RF,0.1560885188219173,"{""max_features"": ""log2"", ""min_samples_leaf"": 1, ""n_estimators"": 20}",49,2255,0.05,Dune,rsbs,1,T2,86,True
SVR,0.154395525619534,"{""regressor__tol"": 0.1, ""regressor__shrinking"": false, ""regressor__epsilon"": 0.1, ""regressor__coef0"": 1.0, ""regressor__C"": 2.0}",49,2255,0.02,Dune,rsbs,1,T2,86,True
CART,0.15152780632323162,"{""max_features"": 1.0, ""min_samples_leaf"": 2, ""splitter"": ""best""}",49,2255,0.0,Dune,rsbs,1,T2,87,True
kNN,0.15138611203998367,"{""n_neighbors"": 10, ""p"": 1, ""weights"": ""distance""}",49,2255,0.01,Dune,rsbs,1,T2,87,True
KRR,0.13267892204708587,"{""regressor__kernel"": ""rbf"", ""regressor__gamma"": 0.1, ""regressor__alpha"": 0.01}",49,2255,0.01,Dune,rsbs,1,T2,87,True
MR,0.10752446242620789,"{""lasso__regressor__alpha"": 0.001}",49,2255,0.04,Dune,rsbs,1,T2,87,True
RF,0.14182455785452508,"{""max_features"": ""log2"", ""min_samples_leaf"": 1, ""n_estimators"": 20}",49,2255,0.05,Dune,rsbs,1,T2,87,True
SVR,0.13547100650431057,"{""regressor__tol"": 0.1, ""regressor__shrinking"": false, ""regressor__epsilon"": 0.1, ""regressor__coef0"": 1.0, ""regressor__C"": 2.0}",49,2255,0.02,Dune,rsbs,1,T2,87,True
CART,0.16089473653006944,"{""max_features"": 1.0, ""min_samples_leaf"": 2, ""splitter"": ""best""}",49,2255,0.0,Dune,rsbs,1,T2,88,True
kNN,0.16093767342248588,"{""n_neighbors"": 10, ""p"": 1, ""weights"": ""distance""}",49,2255,0.01,Dune,rsbs,1,T2,88,True
KRR,0.13751437006398018,"{""regressor__kernel"": ""rbf"", ""regressor__gamma"": 0.1, ""regressor__alpha"": 0.01}",49,2255,0.01,Dune,rsbs,1,T2,88,True
MR,0.14816642840261474,"{""lasso__regressor__alpha"": 0.001}",49,2255,0.03,Dune,rsbs,1,T2,88,True
RF,0.14758116313942451,"{""max_features"": ""log2"", ""min_samples_leaf"": 1, ""n_estimators"": 20}",49,2255,0.05,Dune,rsbs,1,T2,88,True
SVR,0.14626320656409128,"{""regressor__tol"": 0.1, ""regressor__shrinking"": false, ""regressor__epsilon"": 0.1, ""regressor__coef0"": 1.0, ""regressor__C"": 2.0}",49,2255,0.02,Dune,rsbs,1,T2,88,True
CART,0.1453627211764994,"{""max_features"": 1.0, ""min_samples_leaf"": 2, ""splitter"": ""best""}",49,2255,0.0,Dune,rsbs,1,T2,89,True
kNN,0.1567291059106973,"{""n_neighbors"": 10, ""p"": 1, ""weights"": ""distance""}",49,2255,0.01,Dune,rsbs,1,T2,89,True
KRR,0.12388266446031237,"{""regressor__kernel"": ""rbf"", ""regressor__gamma"": 0.1, ""regressor__alpha"": 0.01}",49,2255,0.01,Dune,rsbs,1,T2,89,True
MR,0.13760795270628381,"{""lasso__regressor__alpha"": 0.001}",49,2255,0.03,Dune,rsbs,1,T2,89,True
RF,0.14588711531723167,"{""max_features"": ""log2"", ""min_samples_leaf"": 1, ""n_estimators"": 20}",49,2255,0.05,Dune,rsbs,1,T2,89,True
SVR,0.1373614745498289,"{""regressor__tol"": 0.1, ""regressor__shrinking"": false, ""regressor__epsilon"": 0.1, ""regressor__coef0"": 1.0, ""regressor__C"": 2.0}",49,2255,0.02,Dune,rsbs,1,T2,89,True
CART,0.15401988467903202,"{""max_features"": 1.0, ""min_samples_leaf"": 2, ""splitter"": ""best""}",49,2255,0.0,Dune,rsbs,1,T2,90,True
kNN,0.1639261361257876,"{""n_neighbors"": 10, ""p"": 1, ""weights"": ""distance""}",49,2255,0.01,Dune,rsbs,1,T2,90,True
KRR,0.15740155159044938,"{""regressor__kernel"": ""rbf"", ""regressor__gamma"": 0.1, ""regressor__alpha"": 0.01}",49,2255,0.01,Dune,rsbs,1,T2,90,True
MR,0.1401153049528042,"{""lasso__regressor__alpha"": 0.001}",49,2255,0.04,Dune,rsbs,1,T2,90,True
RF,0.15646538118463446,"{""max_features"": ""log2"", ""min_samples_leaf"": 1, ""n_estimators"": 20}",49,2255,0.04,Dune,rsbs,1,T2,90,True
SVR,0.15244378015455234,"{""regressor__tol"": 0.1, ""regressor__shrinking"": false, ""regressor__epsilon"": 0.1, ""regressor__coef0"": 1.0, ""regressor__C"": 2.0}",49,2255,0.02,Dune,rsbs,1,T2,90,True
CART,0.15358353774817618,"{""max_features"": 1.0, ""min_samples_leaf"": 2, ""splitter"": ""best""}",49,2255,0.0,Dune,rsbs,1,T2,91,True
kNN,0.15546387876818432,"{""n_neighbors"": 10, ""p"": 1, ""weights"": ""distance""}",49,2255,0.01,Dune,rsbs,1,T2,91,True
KRR,0.12583275745609704,"{""regressor__kernel"": ""rbf"", ""regressor__gamma"": 0.1, ""regressor__alpha"": 0.01}",49,2255,0.01,Dune,rsbs,1,T2,91,True
MR,0.1317393059198505,"{""lasso__regressor__alpha"": 0.001}",49,2255,0.03,Dune,rsbs,1,T2,91,True
RF,0.15106126233511186,"{""max_features"": ""log2"", ""min_samples_leaf"": 1, ""n_estimators"": 20}",49,2255,0.05,Dune,rsbs,1,T2,91,True
SVR,0.1367160304544328,"{""regressor__tol"": 0.1, ""regressor__shrinking"": false, ""regressor__epsilon"": 0.1, ""regressor__coef0"": 1.0, ""regressor__C"": 2.0}",49,2255,0.02,Dune,rsbs,1,T2,91,True
CART,0.14321881171233086,"{""max_features"": 1.0, ""min_samples_leaf"": 2, ""splitter"": ""best""}",49,2255,0.0,Dune,rsbs,1,T2,92,True
kNN,0.16197103683609118,"{""n_neighbors"": 10, ""p"": 1, ""weights"": ""distance""}",49,2255,0.01,Dune,rsbs,1,T2,92,True
KRR,0.14351099210080626,"{""regressor__kernel"": ""rbf"", ""regressor__gamma"": 0.1, ""regressor__alpha"": 0.01}",49,2255,0.01,Dune,rsbs,1,T2,92,True
MR,0.14173548757312426,"{""lasso__regressor__alpha"": 0.001}",49,2255,0.03,Dune,rsbs,1,T2,92,True
RF,0.1629670926911386,"{""max_features"": ""log2"", ""min_samples_leaf"": 1, ""n_estimators"": 20}",49,2255,0.05,Dune,rsbs,1,T2,92,True
SVR,0.1482141467536461,"{""regressor__tol"": 0.1, ""regressor__shrinking"": false, ""regressor__epsilon"": 0.1, ""regressor__coef0"": 1.0, ""regressor__C"": 2.0}",49,2255,0.02,Dune,rsbs,1,T2,92,True
CART,0.15868637980148714,"{""max_features"": 1.0, ""min_samples_leaf"": 2, ""splitter"": ""best""}",49,2255,0.0,Dune,rsbs,1,T2,93,True
kNN,0.15503839788713283,"{""n_neighbors"": 10, ""p"": 1, ""weights"": ""distance""}",49,2255,0.01,Dune,rsbs,1,T2,93,True
KRR,0.13416248001909736,"{""regressor__kernel"": ""rbf"", ""regressor__gamma"": 0.1, ""regressor__alpha"": 0.01}",49,2255,0.01,Dune,rsbs,1,T2,93,True
MR,0.13241686918760026,"{""lasso__regressor__alpha"": 0.001}",49,2255,0.03,Dune,rsbs,1,T2,93,True
RF,0.14093671832696011,"{""max_features"": ""log2"", ""min_samples_leaf"": 1, ""n_estimators"": 20}",49,2255,0.05,Dune,rsbs,1,T2,93,True
SVR,0.13631716044986078,"{""regressor__tol"": 0.1, ""regressor__shrinking"": false, ""regressor__epsilon"": 0.1, ""regressor__coef0"": 1.0, ""regressor__C"": 2.0}",49,2255,0.02,Dune,rsbs,1,T2,93,True
CART,0.16902532888169022,"{""max_features"": 1.0, ""min_samples_leaf"": 2, ""splitter"": ""best""}",49,2255,0.0,Dune,rsbs,1,T2,94,True
kNN,0.1581899960235941,"{""n_neighbors"": 10, ""p"": 1, ""weights"": ""distance""}",49,2255,0.01,Dune,rsbs,1,T2,94,True
KRR,0.14083251399076138,"{""regressor__kernel"": ""rbf"", ""regressor__gamma"": 0.1, ""regressor__alpha"": 0.01}",49,2255,0.01,Dune,rsbs,1,T2,94,True
MR,0.16227510065762316,"{""lasso__regressor__alpha"": 0.001}",49,2255,0.03,Dune,rsbs,1,T2,94,True
RF,0.1505388657898898,"{""max_features"": ""log2"", ""min_samples_leaf"": 1, ""n_estimators"": 20}",49,2255,0.04,Dune,rsbs,1,T2,94,True
SVR,0.14417586100365565,"{""regressor__tol"": 0.1, ""regressor__shrinking"": false, ""regressor__epsilon"": 0.1, ""regressor__coef0"": 1.0, ""regressor__C"": 2.0}",49,2255,0.01,Dune,rsbs,1,T2,94,True
CART,0.162793246910504,"{""max_features"": 1.0, ""min_samples_leaf"": 2, ""splitter"": ""best""}",49,2255,0.0,Dune,rsbs,1,T2,95,True
kNN,0.14996851015295984,"{""n_neighbors"": 10, ""p"": 1, ""weights"": ""distance""}",49,2255,0.01,Dune,rsbs,1,T2,95,True
KRR,0.1476614967734444,"{""regressor__kernel"": ""rbf"", ""regressor__gamma"": 0.1, ""regressor__alpha"": 0.01}",49,2255,0.01,Dune,rsbs,1,T2,95,True
MR,0.16987474795888735,"{""lasso__regressor__alpha"": 0.001}",49,2255,0.03,Dune,rsbs,1,T2,95,True
RF,0.14469807488407474,"{""max_features"": ""log2"", ""min_samples_leaf"": 1, ""n_estimators"": 20}",49,2255,0.05,Dune,rsbs,1,T2,95,True
SVR,0.14026681711171834,"{""regressor__tol"": 0.1, ""regressor__shrinking"": false, ""regressor__epsilon"": 0.1, ""regressor__coef0"": 1.0, ""regressor__C"": 2.0}",49,2255,0.02,Dune,rsbs,1,T2,95,True
CART,0.13929866882128314,"{""max_features"": 1.0, ""min_samples_leaf"": 2, ""splitter"": ""best""}",49,2255,0.0,Dune,rsbs,1,T2,96,True
kNN,0.1564734614338644,"{""n_neighbors"": 10, ""p"": 1, ""weights"": ""distance""}",49,2255,0.01,Dune,rsbs,1,T2,96,True
KRR,0.1415721732756144,"{""regressor__kernel"": ""rbf"", ""regressor__gamma"": 0.1, ""regressor__alpha"": 0.01}",49,2255,0.01,Dune,rsbs,1,T2,96,True
MR,0.1719861087899812,"{""lasso__regressor__alpha"": 0.001}",49,2255,0.03,Dune,rsbs,1,T2,96,True
RF,0.15047085207475003,"{""max_features"": ""log2"", ""min_samples_leaf"": 1, ""n_estimators"": 20}",49,2255,0.05,Dune,rsbs,1,T2,96,True
SVR,0.14575681469385257,"{""regressor__tol"": 0.1, ""regressor__shrinking"": false, ""regressor__epsilon"": 0.1, ""regressor__coef0"": 1.0, ""regressor__C"": 2.0}",49,2255,0.02,Dune,rsbs,1,T2,96,True
CART,0.16038097128420134,"{""max_features"": 1.0, ""min_samples_leaf"": 2, ""splitter"": ""best""}",49,2255,0.0,Dune,rsbs,1,T2,97,True
kNN,0.15513362420566437,"{""n_neighbors"": 10, ""p"": 1, ""weights"": ""distance""}",49,2255,0.01,Dune,rsbs,1,T2,97,True
KRR,0.1695663218005086,"{""regressor__kernel"": ""rbf"", ""regressor__gamma"": 0.1, ""regressor__alpha"": 0.01}",49,2255,0.01,Dune,rsbs,1,T2,97,True
MR,0.1734040626716443,"{""lasso__regressor__alpha"": 0.001}",49,2255,0.04,Dune,rsbs,1,T2,97,True
RF,0.1597049269281322,"{""max_features"": ""log2"", ""min_samples_leaf"": 1, ""n_estimators"": 20}",49,2255,0.05,Dune,rsbs,1,T2,97,True
SVR,0.15069858468500016,"{""regressor__tol"": 0.1, ""regressor__shrinking"": false, ""regressor__epsilon"": 0.1, ""regressor__coef0"": 1.0, ""regressor__C"": 2.0}",49,2255,0.02,Dune,rsbs,1,T2,97,True
CART,0.16415145396315137,"{""max_features"": 1.0, ""min_samples_leaf"": 2, ""splitter"": ""best""}",49,2255,0.0,Dune,rsbs,1,T2,98,True
kNN,0.16394618611856618,"{""n_neighbors"": 10, ""p"": 1, ""weights"": ""distance""}",49,2255,0.01,Dune,rsbs,1,T2,98,True
KRR,0.1406111097425283,"{""regressor__kernel"": ""rbf"", ""regressor__gamma"": 0.1, ""regressor__alpha"": 0.01}",49,2255,0.01,Dune,rsbs,1,T2,98,True
MR,0.1464492678335337,"{""lasso__regressor__alpha"": 0.001}",49,2255,0.03,Dune,rsbs,1,T2,98,True
RF,0.1516574374047706,"{""max_features"": ""log2"", ""min_samples_leaf"": 1, ""n_estimators"": 20}",49,2255,0.04,Dune,rsbs,1,T2,98,True
SVR,0.14793356480908407,"{""regressor__tol"": 0.1, ""regressor__shrinking"": false, ""regressor__epsilon"": 0.1, ""regressor__coef0"": 1.0, ""regressor__C"": 2.0}",49,2255,0.02,Dune,rsbs,1,T2,98,True
CART,0.16860542136996845,"{""max_features"": 1.0, ""min_samples_leaf"": 2, ""splitter"": ""best""}",49,2255,0.0,Dune,rsbs,1,T2,99,True
kNN,0.1541189230490327,"{""n_neighbors"": 10, ""p"": 1, ""weights"": ""distance""}",49,2255,0.01,Dune,rsbs,1,T2,99,True
KRR,0.13087824861084285,"{""regressor__kernel"": ""rbf"", ""regressor__gamma"": 0.1, ""regressor__alpha"": 0.01}",49,2255,0.01,Dune,rsbs,1,T2,99,True
MR,0.13649085694500884,"{""lasso__regressor__alpha"": 0.001}",49,2255,0.03,Dune,rsbs,1,T2,99,True
RF,0.14055583360669344,"{""max_features"": ""log2"", ""min_samples_leaf"": 1, ""n_estimators"": 20}",49,2255,0.05,Dune,rsbs,1,T2,99,True
SVR,0.13755137352858132,"{""regressor__tol"": 0.1, ""regressor__shrinking"": false, ""regressor__epsilon"": 0.1, ""regressor__coef0"": 1.0, ""regressor__C"": 2.0}",49,2255,0.02,Dune,rsbs,1,T2,99,True
CART,0.18501149003574768,"{""max_features"": 1.0, ""min_samples_leaf"": 2, ""splitter"": ""best""}",49,2255,0.0,Dune,rsbs,1,T2,100,True
kNN,0.16301643709488306,"{""n_neighbors"": 10, ""p"": 1, ""weights"": ""distance""}",49,2255,0.01,Dune,rsbs,1,T2,100,True
KRR,0.1500233923880331,"{""regressor__kernel"": ""rbf"", ""regressor__gamma"": 0.1, ""regressor__alpha"": 0.01}",49,2255,0.01,Dune,rsbs,1,T2,100,True
MR,0.17016762307533623,"{""lasso__regressor__alpha"": 0.001}",49,2255,0.03,Dune,rsbs,1,T2,100,True
RF,0.15181044592855697,"{""max_features"": ""log2"", ""min_samples_leaf"": 1, ""n_estimators"": 20}",49,2255,0.04,Dune,rsbs,1,T2,100,True
SVR,0.15069182873266926,"{""regressor__tol"": 0.1, ""regressor__shrinking"": false, ""regressor__epsilon"": 0.1, ""regressor__coef0"": 1.0, ""regressor__C"": 2.0}",49,2255,0.01,Dune,rsbs,1,T2,100,True
CART,0.15779456339654133,"{""max_features"": 1.0, ""min_samples_leaf"": 1, ""splitter"": ""best""}",291,2013,0.0,Dune,rsbs,1,T3,1,True
kNN,0.1602969857489394,"{""n_neighbors"": 8, ""p"": 1, ""weights"": ""distance""}",291,2013,0.03,Dune,rsbs,1,T3,1,True
KRR,0.12816975397728558,"{""regressor__kernel"": ""rbf"", ""regressor__gamma"": 0.2, ""regressor__alpha"": 0.1}",291,2013,0.03,Dune,rsbs,1,T3,1,True
MR,0.15371022969694084,"{""lasso__regressor__alpha"": 0.01}",291,2013,0.03,Dune,rsbs,1,T3,1,True
RF,0.1555810176087375,"{""max_features"": 1.0, ""min_samples_leaf"": 1, ""n_estimators"": 10}",291,2013,0.04,Dune,rsbs,1,T3,1,True
SVR,0.14006817061080376,"{""regressor__tol"": 0.1, ""regressor__shrinking"": false, ""regressor__epsilon"": 0.1, ""regressor__coef0"": 1.0, ""regressor__C"": 2.0}",291,2013,0.06,Dune,rsbs,1,T3,1,True
CART,0.13393727166804165,"{""max_features"": 1.0, ""min_samples_leaf"": 1, ""splitter"": ""best""}",291,2013,0.0,Dune,rsbs,1,T3,2,True
kNN,0.15401699519067819,"{""n_neighbors"": 8, ""p"": 1, ""weights"": ""distance""}",291,2013,0.03,Dune,rsbs,1,T3,2,True
KRR,0.12776585196890036,"{""regressor__kernel"": ""rbf"", ""regressor__gamma"": 0.2, ""regressor__alpha"": 0.1}",291,2013,0.03,Dune,rsbs,1,T3,2,True
MR,0.14156214364069325,"{""lasso__regressor__alpha"": 0.01}",291,2013,0.03,Dune,rsbs,1,T3,2,True
RF,0.1343377532994411,"{""max_features"": 1.0, ""min_samples_leaf"": 1, ""n_estimators"": 10}",291,2013,0.03,Dune,rsbs,1,T3,2,True
SVR,0.12855145307967056,"{""regressor__tol"": 0.1, ""regressor__shrinking"": false, ""regressor__epsilon"": 0.1, ""regressor__coef0"": 1.0, ""regressor__C"": 2.0}",291,2013,0.06,Dune,rsbs,1,T3,2,True
CART,0.15050434458077291,"{""max_features"": 1.0, ""min_samples_leaf"": 1, ""splitter"": ""best""}",291,2013,0.0,Dune,rsbs,1,T3,3,True
kNN,0.15451183793665108,"{""n_neighbors"": 8, ""p"": 1, ""weights"": ""distance""}",291,2013,0.03,Dune,rsbs,1,T3,3,True
KRR,0.12708620693317996,"{""regressor__kernel"": ""rbf"", ""regressor__gamma"": 0.2, ""regressor__alpha"": 0.1}",291,2013,0.03,Dune,rsbs,1,T3,3,True
MR,0.14110495782767202,"{""lasso__regressor__alpha"": 0.01}",291,2013,0.03,Dune,rsbs,1,T3,3,True
RF,0.15269642834377714,"{""max_features"": 1.0, ""min_samples_leaf"": 1, ""n_estimators"": 10}",291,2013,0.04,Dune,rsbs,1,T3,3,True
SVR,0.13888653688088057,"{""regressor__tol"": 0.1, ""regressor__shrinking"": false, ""regressor__epsilon"": 0.1, ""regressor__coef0"": 1.0, ""regressor__C"": 2.0}",291,2013,0.06,Dune,rsbs,1,T3,3,True
CART,0.15342528987043916,"{""max_features"": 1.0, ""min_samples_leaf"": 1, ""splitter"": ""best""}",291,2013,0.0,Dune,rsbs,1,T3,4,True
kNN,0.14881209166435735,"{""n_neighbors"": 8, ""p"": 1, ""weights"": ""distance""}",291,2013,0.03,Dune,rsbs,1,T3,4,True
KRR,0.12994504498551382,"{""regressor__kernel"": ""rbf"", ""regressor__gamma"": 0.2, ""regressor__alpha"": 0.1}",291,2013,0.03,Dune,rsbs,1,T3,4,True
MR,0.14292373456287083,"{""lasso__regressor__alpha"": 0.01}",291,2013,0.03,Dune,rsbs,1,T3,4,True
RF,0.14800019024277097,"{""max_features"": 1.0, ""min_samples_leaf"": 1, ""n_estimators"": 10}",291,2013,0.03,Dune,rsbs,1,T3,4,True
SVR,0.12843612381306319,"{""regressor__tol"": 0.1, ""regressor__shrinking"": false, ""regressor__epsilon"": 0.1, ""regressor__coef0"": 1.0, ""regressor__C"": 2.0}",291,2013,0.06,Dune,rsbs,1,T3,4,True
CART,0.15346792507983303,"{""max_features"": 1.0, ""min_samples_leaf"": 1, ""splitter"": ""best""}",291,2013,0.0,Dune,rsbs,1,T3,5,True
kNN,0.14955382020716207,"{""n_neighbors"": 8, ""p"": 1, ""weights"": ""distance""}",291,2013,0.03,Dune,rsbs,1,T3,5,True
KRR,0.11259811716416464,"{""regressor__kernel"": ""rbf"", ""regressor__gamma"": 0.2, ""regressor__alpha"": 0.1}",291,2013,0.03,Dune,rsbs,1,T3,5,True
MR,0.130368623941013,"{""lasso__regressor__alpha"": 0.01}",291,2013,0.03,Dune,rsbs,1,T3,5,True
RF,0.13870248121939655,"{""max_features"": 1.0, ""min_samples_leaf"": 1, ""n_estimators"": 10}",291,2013,0.04,Dune,rsbs,1,T3,5,True
SVR,0.12293807060700825,"{""regressor__tol"": 0.1, ""regressor__shrinking"": false, ""regressor__epsilon"": 0.1, ""regressor__coef0"": 1.0, ""regressor__C"": 2.0}",291,2013,0.06,Dune,rsbs,1,T3,5,True
CART,0.14206287018163982,"{""max_features"": 1.0, ""min_samples_leaf"": 1, ""splitter"": ""best""}",291,2013,0.0,Dune,rsbs,1,T3,6,True
kNN,0.14907979188697237,"{""n_neighbors"": 8, ""p"": 1, ""weights"": ""distance""}",291,2013,0.03,Dune,rsbs,1,T3,6,True
KRR,0.12259134127284708,"{""regressor__kernel"": ""rbf"", ""regressor__gamma"": 0.2, ""regressor__alpha"": 0.1}",291,2013,0.03,Dune,rsbs,1,T3,6,True
MR,0.14927659650576108,"{""lasso__regressor__alpha"": 0.01}",291,2013,0.03,Dune,rsbs,1,T3,6,True
RF,0.13893499391331118,"{""max_features"": 1.0, ""min_samples_leaf"": 1, ""n_estimators"": 10}",291,2013,0.04,Dune,rsbs,1,T3,6,True
SVR,0.1287880269836044,"{""regressor__tol"": 0.1, ""regressor__shrinking"": false, ""regressor__epsilon"": 0.1, ""regressor__coef0"": 1.0, ""regressor__C"": 2.0}",291,2013,0.06,Dune,rsbs,1,T3,6,True
CART,0.17253924139401966,"{""max_features"": 1.0, ""min_samples_leaf"": 1, ""splitter"": ""best""}",291,2013,0.0,Dune,rsbs,1,T3,7,True
kNN,0.15305511133831617,"{""n_neighbors"": 8, ""p"": 1, ""weights"": ""distance""}",291,2013,0.03,Dune,rsbs,1,T3,7,True
KRR,0.1321529368616769,"{""regressor__kernel"": ""rbf"", ""regressor__gamma"": 0.2, ""regressor__alpha"": 0.1}",291,2013,0.03,Dune,rsbs,1,T3,7,True
MR,0.1482662423573781,"{""lasso__regressor__alpha"": 0.01}",291,2013,0.04,Dune,rsbs,1,T3,7,True
RF,0.15458986693507581,"{""max_features"": 1.0, ""min_samples_leaf"": 1, ""n_estimators"": 10}",291,2013,0.04,Dune,rsbs,1,T3,7,True
SVR,0.13096195262723176,"{""regressor__tol"": 0.1, ""regressor__shrinking"": false, ""regressor__epsilon"": 0.1, ""regressor__coef0"": 1.0, ""regressor__C"": 2.0}",291,2013,0.06,Dune,rsbs,1,T3,7,True
CART,0.13817019772659508,"{""max_features"": 1.0, ""min_samples_leaf"": 1, ""splitter"": ""best""}",291,2013,0.0,Dune,rsbs,1,T3,8,True
kNN,0.14368404633501114,"{""n_neighbors"": 8, ""p"": 1, ""weights"": ""distance""}",291,2013,0.03,Dune,rsbs,1,T3,8,True
KRR,0.11369606164903494,"{""regressor__kernel"": ""rbf"", ""regressor__gamma"": 0.2, ""regressor__alpha"": 0.1}",291,2013,0.03,Dune,rsbs,1,T3,8,True
MR,0.12644068969805516,"{""lasso__regressor__alpha"": 0.01}",291,2013,0.03,Dune,rsbs,1,T3,8,True
RF,0.13545650320227476,"{""max_features"": 1.0, ""min_samples_leaf"": 1, ""n_estimators"": 10}",291,2013,0.04,Dune,rsbs,1,T3,8,True
SVR,0.11514560875652635,"{""regressor__tol"": 0.1, ""regressor__shrinking"": false, ""regressor__epsilon"": 0.1, ""regressor__coef0"": 1.0, ""regressor__C"": 2.0}",291,2013,0.07,Dune,rsbs,1,T3,8,True
CART,0.14826730415172587,"{""max_features"": 1.0, ""min_samples_leaf"": 1, ""splitter"": ""best""}",291,2013,0.0,Dune,rsbs,1,T3,9,True
kNN,0.148173475401661,"{""n_neighbors"": 8, ""p"": 1, ""weights"": ""distance""}",291,2013,0.03,Dune,rsbs,1,T3,9,True
KRR,0.12040540238567995,"{""regressor__kernel"": ""rbf"", ""regressor__gamma"": 0.2, ""regressor__alpha"": 0.1}",291,2013,0.03,Dune,rsbs,1,T3,9,True
MR,0.13556861109352364,"{""lasso__regressor__alpha"": 0.01}",291,2013,0.03,Dune,rsbs,1,T3,9,True
RF,0.14338657924090656,"{""max_features"": 1.0, ""min_samples_leaf"": 1, ""n_estimators"": 10}",291,2013,0.04,Dune,rsbs,1,T3,9,True
SVR,0.12579244902771872,"{""regressor__tol"": 0.1, ""regressor__shrinking"": false, ""regressor__epsilon"": 0.1, ""regressor__coef0"": 1.0, ""regressor__C"": 2.0}",291,2013,0.06,Dune,rsbs,1,T3,9,True
CART,0.1496211507729294,"{""max_features"": 1.0, ""min_samples_leaf"": 1, ""splitter"": ""best""}",291,2013,0.0,Dune,rsbs,1,T3,10,True
kNN,0.15041700883438386,"{""n_neighbors"": 8, ""p"": 1, ""weights"": ""distance""}",291,2013,0.03,Dune,rsbs,1,T3,10,True
KRR,0.12942149029965896,"{""regressor__kernel"": ""rbf"", ""regressor__gamma"": 0.2, ""regressor__alpha"": 0.1}",291,2013,0.03,Dune,rsbs,1,T3,10,True
MR,0.14784831905856752,"{""lasso__regressor__alpha"": 0.01}",291,2013,0.03,Dune,rsbs,1,T3,10,True
RF,0.1439737956895989,"{""max_features"": 1.0, ""min_samples_leaf"": 1, ""n_estimators"": 10}",291,2013,0.04,Dune,rsbs,1,T3,10,True
SVR,0.13268863814764226,"{""regressor__tol"": 0.1, ""regressor__shrinking"": false, ""regressor__epsilon"": 0.1, ""regressor__coef0"": 1.0, ""regressor__C"": 2.0}",291,2013,0.06,Dune,rsbs,1,T3,10,True
CART,0.13532738742940745,"{""max_features"": 1.0, ""min_samples_leaf"": 1, ""splitter"": ""best""}",291,2013,0.0,Dune,rsbs,1,T3,11,True
kNN,0.14730805165946537,"{""n_neighbors"": 8, ""p"": 1, ""weights"": ""distance""}",291,2013,0.03,Dune,rsbs,1,T3,11,True
KRR,0.11842799928773524,"{""regressor__kernel"": ""rbf"", ""regressor__gamma"": 0.2, ""regressor__alpha"": 0.1}",291,2013,0.03,Dune,rsbs,1,T3,11,True
MR,0.1306694936055551,"{""lasso__regressor__alpha"": 0.01}",291,2013,0.03,Dune,rsbs,1,T3,11,True
RF,0.12272739644844502,"{""max_features"": 1.0, ""min_samples_leaf"": 1, ""n_estimators"": 10}",291,2013,0.04,Dune,rsbs,1,T3,11,True
SVR,0.1222348625817597,"{""regressor__tol"": 0.1, ""regressor__shrinking"": false, ""regressor__epsilon"": 0.1, ""regressor__coef0"": 1.0, ""regressor__C"": 2.0}",291,2013,0.06,Dune,rsbs,1,T3,11,True
CART,0.1498791770634428,"{""max_features"": 1.0, ""min_samples_leaf"": 1, ""splitter"": ""best""}",291,2013,0.0,Dune,rsbs,1,T3,12,True
kNN,0.13895562648475476,"{""n_neighbors"": 8, ""p"": 1, ""weights"": ""distance""}",291,2013,0.03,Dune,rsbs,1,T3,12,True
KRR,0.10925467683353075,"{""regressor__kernel"": ""rbf"", ""regressor__gamma"": 0.2, ""regressor__alpha"": 0.1}",291,2013,0.03,Dune,rsbs,1,T3,12,True
MR,0.1154689769541552,"{""lasso__regressor__alpha"": 0.01}",291,2013,0.04,Dune,rsbs,1,T3,12,True
RF,0.14598782504014773,"{""max_features"": 1.0, ""min_samples_leaf"": 1, ""n_estimators"": 10}",291,2013,0.04,Dune,rsbs,1,T3,12,True
SVR,0.11689460104604621,"{""regressor__tol"": 0.1, ""regressor__shrinking"": false, ""regressor__epsilon"": 0.1, ""regressor__coef0"": 1.0, ""regressor__C"": 2.0}",291,2013,0.06,Dune,rsbs,1,T3,12,True
CART,0.14846970828172998,"{""max_features"": 1.0, ""min_samples_leaf"": 1, ""splitter"": ""best""}",291,2013,0.0,Dune,rsbs,1,T3,13,True
kNN,0.14568303381476175,"{""n_neighbors"": 8, ""p"": 1, ""weights"": ""distance""}",291,2013,0.04,Dune,rsbs,1,T3,13,True
KRR,0.11012019345947519,"{""regressor__kernel"": ""rbf"", ""regressor__gamma"": 0.2, ""regressor__alpha"": 0.1}",291,2013,0.03,Dune,rsbs,1,T3,13,True
MR,0.12818201764599035,"{""lasso__regressor__alpha"": 0.01}",291,2013,0.04,Dune,rsbs,1,T3,13,True
RF,0.12338170270099154,"{""max_features"": 1.0, ""min_samples_leaf"": 1, ""n_estimators"": 10}",291,2013,0.04,Dune,rsbs,1,T3,13,True
SVR,0.11126786173042158,"{""regressor__tol"": 0.1, ""regressor__shrinking"": false, ""regressor__epsilon"": 0.1, ""regressor__coef0"": 1.0, ""regressor__C"": 2.0}",291,2013,0.06,Dune,rsbs,1,T3,13,True
CART,0.15350892084009513,"{""max_features"": 1.0, ""min_samples_leaf"": 1, ""splitter"": ""best""}",291,2013,0.0,Dune,rsbs,1,T3,14,True
kNN,0.1507714646301237,"{""n_neighbors"": 8, ""p"": 1, ""weights"": ""distance""}",291,2013,0.04,Dune,rsbs,1,T3,14,True
KRR,0.1245629407369527,"{""regressor__kernel"": ""rbf"", ""regressor__gamma"": 0.2, ""regressor__alpha"": 0.1}",291,2013,0.03,Dune,rsbs,1,T3,14,True
MR,0.13382842983243085,"{""lasso__regressor__alpha"": 0.01}",291,2013,0.04,Dune,rsbs,1,T3,14,True
RF,0.15059618986438988,"{""max_features"": 1.0, ""min_samples_leaf"": 1, ""n_estimators"": 10}",291,2013,0.04,Dune,rsbs,1,T3,14,True
SVR,0.12809011693479588,"{""regressor__tol"": 0.1, ""regressor__shrinking"": false, ""regressor__epsilon"": 0.1, ""regressor__coef0"": 1.0, ""regressor__C"": 2.0}",291,2013,0.06,Dune,rsbs,1,T3,14,True
CART,0.1375197515326316,"{""max_features"": 1.0, ""min_samples_leaf"": 1, ""splitter"": ""best""}",291,2013,0.0,Dune,rsbs,1,T3,15,True
kNN,0.15241532844193215,"{""n_neighbors"": 8, ""p"": 1, ""weights"": ""distance""}",291,2013,0.03,Dune,rsbs,1,T3,15,True
KRR,0.12647941426662757,"{""regressor__kernel"": ""rbf"", ""regressor__gamma"": 0.2, ""regressor__alpha"": 0.1}",291,2013,0.03,Dune,rsbs,1,T3,15,True
MR,0.1394239489348197,"{""lasso__regressor__alpha"": 0.01}",291,2013,0.03,Dune,rsbs,1,T3,15,True
RF,0.1373473140406492,"{""max_features"": 1.0, ""min_samples_leaf"": 1, ""n_estimators"": 10}",291,2013,0.04,Dune,rsbs,1,T3,15,True
SVR,0.12620306388749167,"{""regressor__tol"": 0.1, ""regressor__shrinking"": false, ""regressor__epsilon"": 0.1, ""regressor__coef0"": 1.0, ""regressor__C"": 2.0}",291,2013,0.06,Dune,rsbs,1,T3,15,True
CART,0.13492743660806114,"{""max_features"": 1.0, ""min_samples_leaf"": 1, ""splitter"": ""best""}",291,2013,0.0,Dune,rsbs,1,T3,16,True
kNN,0.14726385611393866,"{""n_neighbors"": 8, ""p"": 1, ""weights"": ""distance""}",291,2013,0.03,Dune,rsbs,1,T3,16,True
KRR,0.11544388407547104,"{""regressor__kernel"": ""rbf"", ""regressor__gamma"": 0.2, ""regressor__alpha"": 0.1}",291,2013,0.03,Dune,rsbs,1,T3,16,True
MR,0.1246211858482511,"{""lasso__regressor__alpha"": 0.01}",291,2013,0.03,Dune,rsbs,1,T3,16,True
RF,0.13512098753972676,"{""max_features"": 1.0, ""min_samples_leaf"": 1, ""n_estimators"": 10}",291,2013,0.04,Dune,rsbs,1,T3,16,True
SVR,0.11994911295206354,"{""regressor__tol"": 0.1, ""regressor__shrinking"": false, ""regressor__epsilon"": 0.1, ""regressor__coef0"": 1.0, ""regressor__C"": 2.0}",291,2013,0.06,Dune,rsbs,1,T3,16,True
CART,0.1469769822269111,"{""max_features"": 1.0, ""min_samples_leaf"": 1, ""splitter"": ""best""}",291,2013,0.0,Dune,rsbs,1,T3,17,True
kNN,0.14769768267962644,"{""n_neighbors"": 8, ""p"": 1, ""weights"": ""distance""}",291,2013,0.03,Dune,rsbs,1,T3,17,True
KRR,0.11787923271298432,"{""regressor__kernel"": ""rbf"", ""regressor__gamma"": 0.2, ""regressor__alpha"": 0.1}",291,2013,0.03,Dune,rsbs,1,T3,17,True
MR,0.1402632779411024,"{""lasso__regressor__alpha"": 0.01}",291,2013,0.03,Dune,rsbs,1,T3,17,True
RF,0.14234209009924964,"{""max_features"": 1.0, ""min_samples_leaf"": 1, ""n_estimators"": 10}",291,2013,0.04,Dune,rsbs,1,T3,17,True
SVR,0.12025641597079333,"{""regressor__tol"": 0.1, ""regressor__shrinking"": false, ""regressor__epsilon"": 0.1, ""regressor__coef0"": 1.0, ""regressor__C"": 2.0}",291,2013,0.06,Dune,rsbs,1,T3,17,True
CART,0.14435414831042434,"{""max_features"": 1.0, ""min_samples_leaf"": 1, ""splitter"": ""best""}",291,2013,0.0,Dune,rsbs,1,T3,18,True
kNN,0.14115842021891917,"{""n_neighbors"": 8, ""p"": 1, ""weights"": ""distance""}",291,2013,0.03,Dune,rsbs,1,T3,18,True
KRR,0.11532126760984064,"{""regressor__kernel"": ""rbf"", ""regressor__gamma"": 0.2, ""regressor__alpha"": 0.1}",291,2013,0.03,Dune,rsbs,1,T3,18,True
MR,0.12570766342335382,"{""lasso__regressor__alpha"": 0.01}",291,2013,0.03,Dune,rsbs,1,T3,18,True
RF,0.1292973039159689,"{""max_features"": 1.0, ""min_samples_leaf"": 1, ""n_estimators"": 10}",291,2013,0.04,Dune,rsbs,1,T3,18,True
SVR,0.12118529925649947,"{""regressor__tol"": 0.1, ""regressor__shrinking"": false, ""regressor__epsilon"": 0.1, ""regressor__coef0"": 1.0, ""regressor__C"": 2.0}",291,2013,0.06,Dune,rsbs,1,T3,18,True
CART,0.14822553911493755,"{""max_features"": 1.0, ""min_samples_leaf"": 1, ""splitter"": ""best""}",291,2013,0.0,Dune,rsbs,1,T3,19,True
kNN,0.1489354307027481,"{""n_neighbors"": 8, ""p"": 1, ""weights"": ""distance""}",291,2013,0.03,Dune,rsbs,1,T3,19,True
KRR,0.12997848156453834,"{""regressor__kernel"": ""rbf"", ""regressor__gamma"": 0.2, ""regressor__alpha"": 0.1}",291,2013,0.03,Dune,rsbs,1,T3,19,True
MR,0.1354964222824612,"{""lasso__regressor__alpha"": 0.01}",291,2013,0.03,Dune,rsbs,1,T3,19,True
RF,0.14014426341434713,"{""max_features"": 1.0, ""min_samples_leaf"": 1, ""n_estimators"": 10}",291,2013,0.04,Dune,rsbs,1,T3,19,True
SVR,0.12951636277275733,"{""regressor__tol"": 0.1, ""regressor__shrinking"": false, ""regressor__epsilon"": 0.1, ""regressor__coef0"": 1.0, ""regressor__C"": 2.0}",291,2013,0.06,Dune,rsbs,1,T3,19,True
CART,0.1451443697978383,"{""max_features"": 1.0, ""min_samples_leaf"": 1, ""splitter"": ""best""}",291,2013,0.0,Dune,rsbs,1,T3,20,True
kNN,0.15222824381684585,"{""n_neighbors"": 8, ""p"": 1, ""weights"": ""distance""}",291,2013,0.03,Dune,rsbs,1,T3,20,True
KRR,0.12464869074485238,"{""regressor__kernel"": ""rbf"", ""regressor__gamma"": 0.2, ""regressor__alpha"": 0.1}",291,2013,0.03,Dune,rsbs,1,T3,20,True
MR,0.13410232758862548,"{""lasso__regressor__alpha"": 0.01}",291,2013,0.03,Dune,rsbs,1,T3,20,True
RF,0.13607584288287836,"{""max_features"": 1.0, ""min_samples_leaf"": 1, ""n_estimators"": 10}",291,2013,0.04,Dune,rsbs,1,T3,20,True
SVR,0.12640497045421847,"{""regressor__tol"": 0.1, ""regressor__shrinking"": false, ""regressor__epsilon"": 0.1, ""regressor__coef0"": 1.0, ""regressor__C"": 2.0}",291,2013,0.05,Dune,rsbs,1,T3,20,True
CART,0.1051122748246475,"{""max_features"": 1.0, ""min_samples_leaf"": 1, ""splitter"": ""best""}",291,2013,0.0,Dune,rsbs,1,T3,21,True
kNN,0.13978798983352303,"{""n_neighbors"": 8, ""p"": 1, ""weights"": ""distance""}",291,2013,0.03,Dune,rsbs,1,T3,21,True
KRR,0.10885457208120036,"{""regressor__kernel"": ""rbf"", ""regressor__gamma"": 0.2, ""regressor__alpha"": 0.1}",291,2013,0.02,Dune,rsbs,1,T3,21,True
MR,0.1233196058304575,"{""lasso__regressor__alpha"": 0.01}",291,2013,0.03,Dune,rsbs,1,T3,21,True
RF,0.12432134470250857,"{""max_features"": 1.0, ""min_samples_leaf"": 1, ""n_estimators"": 10}",291,2013,0.03,Dune,rsbs,1,T3,21,True
SVR,0.11107143936709109,"{""regressor__tol"": 0.1, ""regressor__shrinking"": false, ""regressor__epsilon"": 0.1, ""regressor__coef0"": 1.0, ""regressor__C"": 2.0}",291,2013,0.06,Dune,rsbs,1,T3,21,True
CART,0.13988061383649544,"{""max_features"": 1.0, ""min_samples_leaf"": 1, ""splitter"": ""best""}",291,2013,0.0,Dune,rsbs,1,T3,22,True
kNN,0.14948024273552585,"{""n_neighbors"": 8, ""p"": 1, ""weights"": ""distance""}",291,2013,0.03,Dune,rsbs,1,T3,22,True
KRR,0.11889697847070835,"{""regressor__kernel"": ""rbf"", ""regressor__gamma"": 0.2, ""regressor__alpha"": 0.1}",291,2013,0.02,Dune,rsbs,1,T3,22,True
MR,0.13496730529027032,"{""lasso__regressor__alpha"": 0.01}",291,2013,0.03,Dune,rsbs,1,T3,22,True
RF,0.14042835151147257,"{""max_features"": 1.0, ""min_samples_leaf"": 1, ""n_estimators"": 10}",291,2013,0.03,Dune,rsbs,1,T3,22,True
SVR,0.12358309159907564,"{""regressor__tol"": 0.1, ""regressor__shrinking"": false, ""regressor__epsilon"": 0.1, ""regressor__coef0"": 1.0, ""regressor__C"": 2.0}",291,2013,0.06,Dune,rsbs,1,T3,22,True
CART,0.15435949048585385,"{""max_features"": 1.0, ""min_samples_leaf"": 1, ""splitter"": ""best""}",291,2013,0.0,Dune,rsbs,1,T3,23,True
kNN,0.1484690319566878,"{""n_neighbors"": 8, ""p"": 1, ""weights"": ""distance""}",291,2013,0.03,Dune,rsbs,1,T3,23,True
KRR,0.11129740891218735,"{""regressor__kernel"": ""rbf"", ""regressor__gamma"": 0.2, ""regressor__alpha"": 0.1}",291,2013,0.02,Dune,rsbs,1,T3,23,True
MR,0.12296986558781361,"{""lasso__regressor__alpha"": 0.01}",291,2013,0.03,Dune,rsbs,1,T3,23,True
RF,0.13291939024376923,"{""max_features"": 1.0, ""min_samples_leaf"": 1, ""n_estimators"": 10}",291,2013,0.03,Dune,rsbs,1,T3,23,True
SVR,0.11919081739863302,"{""regressor__tol"": 0.1, ""regressor__shrinking"": false, ""regressor__epsilon"": 0.1, ""regressor__coef0"": 1.0, ""regressor__C"": 2.0}",291,2013,0.05,Dune,rsbs,1,T3,23,True
CART,0.14770427433591551,"{""max_features"": 1.0, ""min_samples_leaf"": 1, ""splitter"": ""best""}",291,2013,0.0,Dune,rsbs,1,T3,24,True
kNN,0.1424206663389589,"{""n_neighbors"": 8, ""p"": 1, ""weights"": ""distance""}",291,2013,0.03,Dune,rsbs,1,T3,24,True
KRR,0.1171086051379693,"{""regressor__kernel"": ""rbf"", ""regressor__gamma"": 0.2, ""regressor__alpha"": 0.1}",291,2013,0.02,Dune,rsbs,1,T3,24,True
MR,0.12506223890960502,"{""lasso__regressor__alpha"": 0.01}",291,2013,0.03,Dune,rsbs,1,T3,24,True
RF,0.1401377827007054,"{""max_features"": 1.0, ""min_samples_leaf"": 1, ""n_estimators"": 10}",291,2013,0.03,Dune,rsbs,1,T3,24,True
SVR,0.12074509817324923,"{""regressor__tol"": 0.1, ""regressor__shrinking"": false, ""regressor__epsilon"": 0.1, ""regressor__coef0"": 1.0, ""regressor__C"": 2.0}",291,2013,0.05,Dune,rsbs,1,T3,24,True
CART,0.12354385485290205,"{""max_features"": 1.0, ""min_samples_leaf"": 1, ""splitter"": ""best""}",291,2013,0.0,Dune,rsbs,1,T3,25,True
kNN,0.1519146098399634,"{""n_neighbors"": 8, ""p"": 1, ""weights"": ""distance""}",291,2013,0.03,Dune,rsbs,1,T3,25,True
KRR,0.12391118893017976,"{""regressor__kernel"": ""rbf"", ""regressor__gamma"": 0.2, ""regressor__alpha"": 0.1}",291,2013,0.02,Dune,rsbs,1,T3,25,True
MR,0.13670449175185093,"{""lasso__regressor__alpha"": 0.01}",291,2013,0.03,Dune,rsbs,1,T3,25,True
RF,0.14115191980640465,"{""max_features"": 1.0, ""min_samples_leaf"": 1, ""n_estimators"": 10}",291,2013,0.03,Dune,rsbs,1,T3,25,True
SVR,0.12368959635814841,"{""regressor__tol"": 0.1, ""regressor__shrinking"": false, ""regressor__epsilon"": 0.1, ""regressor__coef0"": 1.0, ""regressor__C"": 2.0}",291,2013,0.06,Dune,rsbs,1,T3,25,True
CART,0.1488026225639345,"{""max_features"": 1.0, ""min_samples_leaf"": 1, ""splitter"": ""best""}",291,2013,0.0,Dune,rsbs,1,T3,26,True
kNN,0.14849026963259684,"{""n_neighbors"": 8, ""p"": 1, ""weights"": ""distance""}",291,2013,0.03,Dune,rsbs,1,T3,26,True
KRR,0.1270537809516748,"{""regressor__kernel"": ""rbf"", ""regressor__gamma"": 0.2, ""regressor__alpha"": 0.1}",291,2013,0.02,Dune,rsbs,1,T3,26,True
MR,0.1534119793162021,"{""lasso__regressor__alpha"": 0.01}",291,2013,0.03,Dune,rsbs,1,T3,26,True
RF,0.14384038836155502,"{""max_features"": 1.0, ""min_samples_leaf"": 1, ""n_estimators"": 10}",291,2013,0.03,Dune,rsbs,1,T3,26,True
SVR,0.12994418939958624,"{""regressor__tol"": 0.1, ""regressor__shrinking"": false, ""regressor__epsilon"": 0.1, ""regressor__coef0"": 1.0, ""regressor__C"": 2.0}",291,2013,0.05,Dune,rsbs,1,T3,26,True
CART,0.184228408922875,"{""max_features"": 1.0, ""min_samples_leaf"": 1, ""splitter"": ""best""}",291,2013,0.0,Dune,rsbs,1,T3,27,True
kNN,0.1593351196131814,"{""n_neighbors"": 8, ""p"": 1, ""weights"": ""distance""}",291,2013,0.03,Dune,rsbs,1,T3,27,True
KRR,0.12785794408294432,"{""regressor__kernel"": ""rbf"", ""regressor__gamma"": 0.2, ""regressor__alpha"": 0.1}",291,2013,0.03,Dune,rsbs,1,T3,27,True
MR,0.1471377093581429,"{""lasso__regressor__alpha"": 0.01}",291,2013,0.04,Dune,rsbs,1,T3,27,True
RF,0.16482702280971348,"{""max_features"": 1.0, ""min_samples_leaf"": 1, ""n_estimators"": 10}",291,2013,0.04,Dune,rsbs,1,T3,27,True
SVR,0.1398443966484019,"{""regressor__tol"": 0.1, ""regressor__shrinking"": false, ""regressor__epsilon"": 0.1, ""regressor__coef0"": 1.0, ""regressor__C"": 2.0}",291,2013,0.06,Dune,rsbs,1,T3,27,True
CART,0.14720208041137425,"{""max_features"": 1.0, ""min_samples_leaf"": 1, ""splitter"": ""best""}",291,2013,0.0,Dune,rsbs,1,T3,28,True
kNN,0.15504954343365807,"{""n_neighbors"": 8, ""p"": 1, ""weights"": ""distance""}",291,2013,0.03,Dune,rsbs,1,T3,28,True
KRR,0.1460828527442507,"{""regressor__kernel"": ""rbf"", ""regressor__gamma"": 0.2, ""regressor__alpha"": 0.1}",291,2013,0.03,Dune,rsbs,1,T3,28,True
MR,0.16363989683624106,"{""lasso__regressor__alpha"": 0.01}",291,2013,0.04,Dune,rsbs,1,T3,28,True
RF,0.1555237919107895,"{""max_features"": 1.0, ""min_samples_leaf"": 1, ""n_estimators"": 10}",291,2013,0.04,Dune,rsbs,1,T3,28,True
SVR,0.1488866098123256,"{""regressor__tol"": 0.1, ""regressor__shrinking"": false, ""regressor__epsilon"": 0.1, ""regressor__coef0"": 1.0, ""regressor__C"": 2.0}",291,2013,0.07,Dune,rsbs,1,T3,28,True
CART,0.13172011934086905,"{""max_features"": 1.0, ""min_samples_leaf"": 1, ""splitter"": ""best""}",291,2013,0.0,Dune,rsbs,1,T3,29,True
kNN,0.14399454063181422,"{""n_neighbors"": 8, ""p"": 1, ""weights"": ""distance""}",291,2013,0.04,Dune,rsbs,1,T3,29,True
KRR,0.11970633566336561,"{""regressor__kernel"": ""rbf"", ""regressor__gamma"": 0.2, ""regressor__alpha"": 0.1}",291,2013,0.03,Dune,rsbs,1,T3,29,True
MR,0.13109797141422425,"{""lasso__regressor__alpha"": 0.01}",291,2013,0.03,Dune,rsbs,1,T3,29,True
RF,0.14737065818077524,"{""max_features"": 1.0, ""min_samples_leaf"": 1, ""n_estimators"": 10}",291,2013,0.04,Dune,rsbs,1,T3,29,True
SVR,0.11975074192374911,"{""regressor__tol"": 0.1, ""regressor__shrinking"": false, ""regressor__epsilon"": 0.1, ""regressor__coef0"": 1.0, ""regressor__C"": 2.0}",291,2013,0.07,Dune,rsbs,1,T3,29,True
CART,0.1630934509879975,"{""max_features"": 1.0, ""min_samples_leaf"": 1, ""splitter"": ""best""}",291,2013,0.0,Dune,rsbs,1,T3,30,True
kNN,0.15739761205454667,"{""n_neighbors"": 8, ""p"": 1, ""weights"": ""distance""}",291,2013,0.04,Dune,rsbs,1,T3,30,True
KRR,0.14168348647985207,"{""regressor__kernel"": ""rbf"", ""regressor__gamma"": 0.2, ""regressor__alpha"": 0.1}",291,2013,0.03,Dune,rsbs,1,T3,30,True
MR,0.15725895355488828,"{""lasso__regressor__alpha"": 0.01}",291,2013,0.04,Dune,rsbs,1,T3,30,True
RF,0.15887042776296104,"{""max_features"": 1.0, ""min_samples_leaf"": 1, ""n_estimators"": 10}",291,2013,0.04,Dune,rsbs,1,T3,30,True
SVR,0.14449503571423167,"{""regressor__tol"": 0.1, ""regressor__shrinking"": false, ""regressor__epsilon"": 0.1, ""regressor__coef0"": 1.0, ""regressor__C"": 2.0}",291,2013,0.05,Dune,rsbs,1,T3,30,True
CART,0.13729061495376854,"{""max_features"": 1.0, ""min_samples_leaf"": 1, ""splitter"": ""best""}",291,2013,0.0,Dune,rsbs,1,T3,31,True
kNN,0.15548919136277892,"{""n_neighbors"": 8, ""p"": 1, ""weights"": ""distance""}",291,2013,0.04,Dune,rsbs,1,T3,31,True
KRR,0.12601481421617874,"{""regressor__kernel"": ""rbf"", ""regressor__gamma"": 0.2, ""regressor__alpha"": 0.1}",291,2013,0.03,Dune,rsbs,1,T3,31,True
MR,0.13552677572491822,"{""lasso__regressor__alpha"": 0.01}",291,2013,0.03,Dune,rsbs,1,T3,31,True
RF,0.14357773729352394,"{""max_features"": 1.0, ""min_samples_leaf"": 1, ""n_estimators"": 10}",291,2013,0.04,Dune,rsbs,1,T3,31,True
SVR,0.12958199967104114,"{""regressor__tol"": 0.1, ""regressor__shrinking"": false, ""regressor__epsilon"": 0.1, ""regressor__coef0"": 1.0, ""regressor__C"": 2.0}",291,2013,0.06,Dune,rsbs,1,T3,31,True
CART,0.15464157066239126,"{""max_features"": 1.0, ""min_samples_leaf"": 1, ""splitter"": ""best""}",291,2013,0.0,Dune,rsbs,1,T3,32,True
kNN,0.14757760945838924,"{""n_neighbors"": 8, ""p"": 1, ""weights"": ""distance""}",291,2013,0.04,Dune,rsbs,1,T3,32,True
KRR,0.11765345686424851,"{""regressor__kernel"": ""rbf"", ""regressor__gamma"": 0.2, ""regressor__alpha"": 0.1}",291,2013,0.03,Dune,rsbs,1,T3,32,True
MR,0.13450292743614678,"{""lasso__regressor__alpha"": 0.01}",291,2013,0.03,Dune,rsbs,1,T3,32,True
RF,0.14265978659390724,"{""max_features"": 1.0, ""min_samples_leaf"": 1, ""n_estimators"": 10}",291,2013,0.04,Dune,rsbs,1,T3,32,True
SVR,0.12132170761681015,"{""regressor__tol"": 0.1, ""regressor__shrinking"": false, ""regressor__epsilon"": 0.1, ""regressor__coef0"": 1.0, ""regressor__C"": 2.0}",291,2013,0.06,Dune,rsbs,1,T3,32,True
CART,0.133680171419726,"{""max_features"": 1.0, ""min_samples_leaf"": 1, ""splitter"": ""best""}",291,2013,0.0,Dune,rsbs,1,T3,33,True
kNN,0.1528484237058072,"{""n_neighbors"": 8, ""p"": 1, ""weights"": ""distance""}",291,2013,0.04,Dune,rsbs,1,T3,33,True
KRR,0.11406154197098951,"{""regressor__kernel"": ""rbf"", ""regressor__gamma"": 0.2, ""regressor__alpha"": 0.1}",291,2013,0.03,Dune,rsbs,1,T3,33,True
MR,0.13313611162818834,"{""lasso__regressor__alpha"": 0.01}",291,2013,0.03,Dune,rsbs,1,T3,33,True
RF,0.12531337020457212,"{""max_features"": 1.0, ""min_samples_leaf"": 1, ""n_estimators"": 10}",291,2013,0.04,Dune,rsbs,1,T3,33,True
SVR,0.12002338992986482,"{""regressor__tol"": 0.1, ""regressor__shrinking"": false, ""regressor__epsilon"": 0.1, ""regressor__coef0"": 1.0, ""regressor__C"": 2.0}",291,2013,0.06,Dune,rsbs,1,T3,33,True
CART,0.1493119057499485,"{""max_features"": 1.0, ""min_samples_leaf"": 1, ""splitter"": ""best""}",291,2013,0.0,Dune,rsbs,1,T3,34,True
kNN,0.1490467735025424,"{""n_neighbors"": 8, ""p"": 1, ""weights"": ""distance""}",291,2013,0.04,Dune,rsbs,1,T3,34,True
KRR,0.11703629784921042,"{""regressor__kernel"": ""rbf"", ""regressor__gamma"": 0.2, ""regressor__alpha"": 0.1}",291,2013,0.03,Dune,rsbs,1,T3,34,True
MR,0.1383208535708344,"{""lasso__regressor__alpha"": 0.01}",291,2013,0.03,Dune,rsbs,1,T3,34,True
RF,0.14294324978907968,"{""max_features"": 1.0, ""min_samples_leaf"": 1, ""n_estimators"": 10}",291,2013,0.04,Dune,rsbs,1,T3,34,True
SVR,0.11950272395517864,"{""regressor__tol"": 0.1, ""regressor__shrinking"": false, ""regressor__epsilon"": 0.1, ""regressor__coef0"": 1.0, ""regressor__C"": 2.0}",291,2013,0.05,Dune,rsbs,1,T3,34,True
CART,0.14450907425847326,"{""max_features"": 1.0, ""min_samples_leaf"": 1, ""splitter"": ""best""}",291,2013,0.0,Dune,rsbs,1,T3,35,True
kNN,0.15685973095481823,"{""n_neighbors"": 8, ""p"": 1, ""weights"": ""distance""}",291,2013,0.04,Dune,rsbs,1,T3,35,True
KRR,0.13240675797458723,"{""regressor__kernel"": ""rbf"", ""regressor__gamma"": 0.2, ""regressor__alpha"": 0.1}",291,2013,0.03,Dune,rsbs,1,T3,35,True
MR,0.15353937401816842,"{""lasso__regressor__alpha"": 0.01}",291,2013,0.04,Dune,rsbs,1,T3,35,True
RF,0.15148100244787482,"{""max_features"": 1.0, ""min_samples_leaf"": 1, ""n_estimators"": 10}",291,2013,0.04,Dune,rsbs,1,T3,35,True
SVR,0.13345431505888167,"{""regressor__tol"": 0.1, ""regressor__shrinking"": false, ""regressor__epsilon"": 0.1, ""regressor__coef0"": 1.0, ""regressor__C"": 2.0}",291,2013,0.07,Dune,rsbs,1,T3,35,True
CART,0.14466551225333663,"{""max_features"": 1.0, ""min_samples_leaf"": 1, ""splitter"": ""best""}",291,2013,0.0,Dune,rsbs,1,T3,36,True
kNN,0.157669436154003,"{""n_neighbors"": 8, ""p"": 1, ""weights"": ""distance""}",291,2013,0.04,Dune,rsbs,1,T3,36,True
KRR,0.1300399283704685,"{""regressor__kernel"": ""rbf"", ""regressor__gamma"": 0.2, ""regressor__alpha"": 0.1}",291,2013,0.03,Dune,rsbs,1,T3,36,True
MR,0.14522298937857517,"{""lasso__regressor__alpha"": 0.01}",291,2013,0.04,Dune,rsbs,1,T3,36,True
RF,0.14366823523600147,"{""max_features"": 1.0, ""min_samples_leaf"": 1, ""n_estimators"": 10}",291,2013,0.04,Dune,rsbs,1,T3,36,True
SVR,0.13439651891071894,"{""regressor__tol"": 0.1, ""regressor__shrinking"": false, ""regressor__epsilon"": 0.1, ""regressor__coef0"": 1.0, ""regressor__C"": 2.0}",291,2013,0.07,Dune,rsbs,1,T3,36,True
CART,0.14485183953222547,"{""max_features"": 1.0, ""min_samples_leaf"": 1, ""splitter"": ""best""}",291,2013,0.0,Dune,rsbs,1,T3,37,True
kNN,0.14885263011512606,"{""n_neighbors"": 8, ""p"": 1, ""weights"": ""distance""}",291,2013,0.04,Dune,rsbs,1,T3,37,True
KRR,0.12136066135483754,"{""regressor__kernel"": ""rbf"", ""regressor__gamma"": 0.2, ""regressor__alpha"": 0.1}",291,2013,0.03,Dune,rsbs,1,T3,37,True
MR,0.1286279226815145,"{""lasso__regressor__alpha"": 0.01}",291,2013,0.03,Dune,rsbs,1,T3,37,True
RF,0.14395338926229911,"{""max_features"": 1.0, ""min_samples_leaf"": 1, ""n_estimators"": 10}",291,2013,0.04,Dune,rsbs,1,T3,37,True
SVR,0.1214968199298821,"{""regressor__tol"": 0.1, ""regressor__shrinking"": false, ""regressor__epsilon"": 0.1, ""regressor__coef0"": 1.0, ""regressor__C"": 2.0}",291,2013,0.06,Dune,rsbs,1,T3,37,True
CART,0.1409793199734266,"{""max_features"": 1.0, ""min_samples_leaf"": 1, ""splitter"": ""best""}",291,2013,0.0,Dune,rsbs,1,T3,38,True
kNN,0.1510722734745838,"{""n_neighbors"": 8, ""p"": 1, ""weights"": ""distance""}",291,2013,0.04,Dune,rsbs,1,T3,38,True
KRR,0.12318238364982567,"{""regressor__kernel"": ""rbf"", ""regressor__gamma"": 0.2, ""regressor__alpha"": 0.1}",291,2013,0.03,Dune,rsbs,1,T3,38,True
MR,0.15104554146079438,"{""lasso__regressor__alpha"": 0.01}",291,2013,0.03,Dune,rsbs,1,T3,38,True
RF,0.14289915183474164,"{""max_features"": 1.0, ""min_samples_leaf"": 1, ""n_estimators"": 10}",291,2013,0.04,Dune,rsbs,1,T3,38,True
SVR,0.1274799499939563,"{""regressor__tol"": 0.1, ""regressor__shrinking"": false, ""regressor__epsilon"": 0.1, ""regressor__coef0"": 1.0, ""regressor__C"": 2.0}",291,2013,0.06,Dune,rsbs,1,T3,38,True
CART,0.15221088870309457,"{""max_features"": 1.0, ""min_samples_leaf"": 1, ""splitter"": ""best""}",291,2013,0.0,Dune,rsbs,1,T3,39,True
kNN,0.14398909357746947,"{""n_neighbors"": 8, ""p"": 1, ""weights"": ""distance""}",291,2013,0.04,Dune,rsbs,1,T3,39,True
KRR,0.12624992097621915,"{""regressor__kernel"": ""rbf"", ""regressor__gamma"": 0.2, ""regressor__alpha"": 0.1}",291,2013,0.03,Dune,rsbs,1,T3,39,True
MR,0.13943518399292298,"{""lasso__regressor__alpha"": 0.01}",291,2013,0.03,Dune,rsbs,1,T3,39,True
RF,0.1447286198470382,"{""max_features"": 1.0, ""min_samples_leaf"": 1, ""n_estimators"": 10}",291,2013,0.04,Dune,rsbs,1,T3,39,True
SVR,0.12422988648555983,"{""regressor__tol"": 0.1, ""regressor__shrinking"": false, ""regressor__epsilon"": 0.1, ""regressor__coef0"": 1.0, ""regressor__C"": 2.0}",291,2013,0.07,Dune,rsbs,1,T3,39,True
CART,0.15867150350465806,"{""max_features"": 1.0, ""min_samples_leaf"": 1, ""splitter"": ""best""}",291,2013,0.0,Dune,rsbs,1,T3,40,True
kNN,0.145863034601849,"{""n_neighbors"": 8, ""p"": 1, ""weights"": ""distance""}",291,2013,0.04,Dune,rsbs,1,T3,40,True
KRR,0.12002306245660985,"{""regressor__kernel"": ""rbf"", ""regressor__gamma"": 0.2, ""regressor__alpha"": 0.1}",291,2013,0.03,Dune,rsbs,1,T3,40,True
MR,0.1375765385552988,"{""lasso__regressor__alpha"": 0.01}",291,2013,0.04,Dune,rsbs,1,T3,40,True
RF,0.14236750519783017,"{""max_features"": 1.0, ""min_samples_leaf"": 1, ""n_estimators"": 10}",291,2013,0.04,Dune,rsbs,1,T3,40,True
SVR,0.12261097657401081,"{""regressor__tol"": 0.1, ""regressor__shrinking"": false, ""regressor__epsilon"": 0.1, ""regressor__coef0"": 1.0, ""regressor__C"": 2.0}",291,2013,0.06,Dune,rsbs,1,T3,40,True
CART,0.13526489987362889,"{""max_features"": 1.0, ""min_samples_leaf"": 1, ""splitter"": ""best""}",291,2013,0.0,Dune,rsbs,1,T3,41,True
kNN,0.14756994703197046,"{""n_neighbors"": 8, ""p"": 1, ""weights"": ""distance""}",291,2013,0.03,Dune,rsbs,1,T3,41,True
KRR,0.11972863423330977,"{""regressor__kernel"": ""rbf"", ""regressor__gamma"": 0.2, ""regressor__alpha"": 0.1}",291,2013,0.03,Dune,rsbs,1,T3,41,True
MR,0.13497432571858778,"{""lasso__regressor__alpha"": 0.01}",291,2013,0.03,Dune,rsbs,1,T3,41,True
RF,0.12755929557591728,"{""max_features"": 1.0, ""min_samples_leaf"": 1, ""n_estimators"": 10}",291,2013,0.04,Dune,rsbs,1,T3,41,True
SVR,0.1209036985326445,"{""regressor__tol"": 0.1, ""regressor__shrinking"": false, ""regressor__epsilon"": 0.1, ""regressor__coef0"": 1.0, ""regressor__C"": 2.0}",291,2013,0.06,Dune,rsbs,1,T3,41,True
CART,0.15418323758306826,"{""max_features"": 1.0, ""min_samples_leaf"": 1, ""splitter"": ""best""}",291,2013,0.0,Dune,rsbs,1,T3,42,True
kNN,0.13946445910758493,"{""n_neighbors"": 8, ""p"": 1, ""weights"": ""distance""}",291,2013,0.03,Dune,rsbs,1,T3,42,True
KRR,0.11655787359446593,"{""regressor__kernel"": ""rbf"", ""regressor__gamma"": 0.2, ""regressor__alpha"": 0.1}",291,2013,0.03,Dune,rsbs,1,T3,42,True
MR,0.12576145151868984,"{""lasso__regressor__alpha"": 0.01}",291,2013,0.04,Dune,rsbs,1,T3,42,True
RF,0.14354415989827524,"{""max_features"": 1.0, ""min_samples_leaf"": 1, ""n_estimators"": 10}",291,2013,0.04,Dune,rsbs,1,T3,42,True
SVR,0.12270149643649572,"{""regressor__tol"": 0.1, ""regressor__shrinking"": false, ""regressor__epsilon"": 0.1, ""regressor__coef0"": 1.0, ""regressor__C"": 2.0}",291,2013,0.06,Dune,rsbs,1,T3,42,True
CART,0.14786352061190475,"{""max_features"": 1.0, ""min_samples_leaf"": 1, ""splitter"": ""best""}",291,2013,0.0,Dune,rsbs,1,T3,43,True
kNN,0.14181516647374215,"{""n_neighbors"": 8, ""p"": 1, ""weights"": ""distance""}",291,2013,0.03,Dune,rsbs,1,T3,43,True
KRR,0.11317787351550176,"{""regressor__kernel"": ""rbf"", ""regressor__gamma"": 0.2, ""regressor__alpha"": 0.1}",291,2013,0.03,Dune,rsbs,1,T3,43,True
MR,0.12526827148333536,"{""lasso__regressor__alpha"": 0.01}",291,2013,0.03,Dune,rsbs,1,T3,43,True
RF,0.1386586957986712,"{""max_features"": 1.0, ""min_samples_leaf"": 1, ""n_estimators"": 10}",291,2013,0.04,Dune,rsbs,1,T3,43,True
SVR,0.119042010431551,"{""regressor__tol"": 0.1, ""regressor__shrinking"": false, ""regressor__epsilon"": 0.1, ""regressor__coef0"": 1.0, ""regressor__C"": 2.0}",291,2013,0.06,Dune,rsbs,1,T3,43,True
CART,0.14966054756979363,"{""max_features"": 1.0, ""min_samples_leaf"": 1, ""splitter"": ""best""}",291,2013,0.0,Dune,rsbs,1,T3,44,True
kNN,0.1440060751376711,"{""n_neighbors"": 8, ""p"": 1, ""weights"": ""distance""}",291,2013,0.03,Dune,rsbs,1,T3,44,True
KRR,0.12459800065355107,"{""regressor__kernel"": ""rbf"", ""regressor__gamma"": 0.2, ""regressor__alpha"": 0.1}",291,2013,0.03,Dune,rsbs,1,T3,44,True
MR,0.13780424621169104,"{""lasso__regressor__alpha"": 0.01}",291,2013,0.03,Dune,rsbs,1,T3,44,True
RF,0.14949816624587794,"{""max_features"": 1.0, ""min_samples_leaf"": 1, ""n_estimators"": 10}",291,2013,0.04,Dune,rsbs,1,T3,44,True
SVR,0.12232323006508423,"{""regressor__tol"": 0.1, ""regressor__shrinking"": false, ""regressor__epsilon"": 0.1, ""regressor__coef0"": 1.0, ""regressor__C"": 2.0}",291,2013,0.06,Dune,rsbs,1,T3,44,True
CART,0.14408455763582648,"{""max_features"": 1.0, ""min_samples_leaf"": 1, ""splitter"": ""best""}",291,2013,0.0,Dune,rsbs,1,T3,45,True
kNN,0.14488027742697507,"{""n_neighbors"": 8, ""p"": 1, ""weights"": ""distance""}",291,2013,0.03,Dune,rsbs,1,T3,45,True
KRR,0.11294316576051415,"{""regressor__kernel"": ""rbf"", ""regressor__gamma"": 0.2, ""regressor__alpha"": 0.1}",291,2013,0.03,Dune,rsbs,1,T3,45,True
MR,0.12469019603119223,"{""lasso__regressor__alpha"": 0.01}",291,2013,0.03,Dune,rsbs,1,T3,45,True
RF,0.13513690747274906,"{""max_features"": 1.0, ""min_samples_leaf"": 1, ""n_estimators"": 10}",291,2013,0.04,Dune,rsbs,1,T3,45,True
SVR,0.11882590894948065,"{""regressor__tol"": 0.1, ""regressor__shrinking"": false, ""regressor__epsilon"": 0.1, ""regressor__coef0"": 1.0, ""regressor__C"": 2.0}",291,2013,0.06,Dune,rsbs,1,T3,45,True
CART,0.15325659648815998,"{""max_features"": 1.0, ""min_samples_leaf"": 1, ""splitter"": ""best""}",291,2013,0.0,Dune,rsbs,1,T3,46,True
kNN,0.14752389607561792,"{""n_neighbors"": 8, ""p"": 1, ""weights"": ""distance""}",291,2013,0.03,Dune,rsbs,1,T3,46,True
KRR,0.12609035178882902,"{""regressor__kernel"": ""rbf"", ""regressor__gamma"": 0.2, ""regressor__alpha"": 0.1}",291,2013,0.03,Dune,rsbs,1,T3,46,True
MR,0.13752055215409967,"{""lasso__regressor__alpha"": 0.01}",291,2013,0.04,Dune,rsbs,1,T3,46,True
RF,0.14071556398483737,"{""max_features"": 1.0, ""min_samples_leaf"": 1, ""n_estimators"": 10}",291,2013,0.04,Dune,rsbs,1,T3,46,True
SVR,0.1272274001783195,"{""regressor__tol"": 0.1, ""regressor__shrinking"": false, ""regressor__epsilon"": 0.1, ""regressor__coef0"": 1.0, ""regressor__C"": 2.0}",291,2013,0.06,Dune,rsbs,1,T3,46,True
CART,0.15824974622039417,"{""max_features"": 1.0, ""min_samples_leaf"": 1, ""splitter"": ""best""}",291,2013,0.0,Dune,rsbs,1,T3,47,True
kNN,0.14933914975066956,"{""n_neighbors"": 8, ""p"": 1, ""weights"": ""distance""}",291,2013,0.04,Dune,rsbs,1,T3,47,True
KRR,0.1227921659375912,"{""regressor__kernel"": ""rbf"", ""regressor__gamma"": 0.2, ""regressor__alpha"": 0.1}",291,2013,0.03,Dune,rsbs,1,T3,47,True
MR,0.14372557064231697,"{""lasso__regressor__alpha"": 0.01}",291,2013,0.03,Dune,rsbs,1,T3,47,True
RF,0.14782148042740753,"{""max_features"": 1.0, ""min_samples_leaf"": 1, ""n_estimators"": 10}",291,2013,0.04,Dune,rsbs,1,T3,47,True
SVR,0.12976498296683628,"{""regressor__tol"": 0.1, ""regressor__shrinking"": false, ""regressor__epsilon"": 0.1, ""regressor__coef0"": 1.0, ""regressor__C"": 2.0}",291,2013,0.06,Dune,rsbs,1,T3,47,True
CART,0.17080434910890516,"{""max_features"": 1.0, ""min_samples_leaf"": 1, ""splitter"": ""best""}",291,2013,0.0,Dune,rsbs,1,T3,48,True
kNN,0.1428819962671526,"{""n_neighbors"": 8, ""p"": 1, ""weights"": ""distance""}",291,2013,0.03,Dune,rsbs,1,T3,48,True
KRR,0.11803358000433796,"{""regressor__kernel"": ""rbf"", ""regressor__gamma"": 0.2, ""regressor__alpha"": 0.1}",291,2013,0.03,Dune,rsbs,1,T3,48,True
MR,0.13641074192556393,"{""lasso__regressor__alpha"": 0.01}",291,2013,0.03,Dune,rsbs,1,T3,48,True
RF,0.15892534016835735,"{""max_features"": 1.0, ""min_samples_leaf"": 1, ""n_estimators"": 10}",291,2013,0.04,Dune,rsbs,1,T3,48,True
SVR,0.12598177724521187,"{""regressor__tol"": 0.1, ""regressor__shrinking"": false, ""regressor__epsilon"": 0.1, ""regressor__coef0"": 1.0, ""regressor__C"": 2.0}",291,2013,0.06,Dune,rsbs,1,T3,48,True
CART,0.13676023628161071,"{""max_features"": 1.0, ""min_samples_leaf"": 1, ""splitter"": ""best""}",291,2013,0.0,Dune,rsbs,1,T3,49,True
kNN,0.1537909484732215,"{""n_neighbors"": 8, ""p"": 1, ""weights"": ""distance""}",291,2013,0.03,Dune,rsbs,1,T3,49,True
KRR,0.12804657016848264,"{""regressor__kernel"": ""rbf"", ""regressor__gamma"": 0.2, ""regressor__alpha"": 0.1}",291,2013,0.03,Dune,rsbs,1,T3,49,True
MR,0.13766256114700542,"{""lasso__regressor__alpha"": 0.01}",291,2013,0.03,Dune,rsbs,1,T3,49,True
RF,0.1324741711902737,"{""max_features"": 1.0, ""min_samples_leaf"": 1, ""n_estimators"": 10}",291,2013,0.04,Dune,rsbs,1,T3,49,True
SVR,0.13146675951751063,"{""regressor__tol"": 0.1, ""regressor__shrinking"": false, ""regressor__epsilon"": 0.1, ""regressor__coef0"": 1.0, ""regressor__C"": 2.0}",291,2013,0.06,Dune,rsbs,1,T3,49,True
CART,0.13505404419127529,"{""max_features"": 1.0, ""min_samples_leaf"": 1, ""splitter"": ""best""}",291,2013,0.0,Dune,rsbs,1,T3,50,True
kNN,0.1459322971971308,"{""n_neighbors"": 8, ""p"": 1, ""weights"": ""distance""}",291,2013,0.03,Dune,rsbs,1,T3,50,True
KRR,0.11938566872104033,"{""regressor__kernel"": ""rbf"", ""regressor__gamma"": 0.2, ""regressor__alpha"": 0.1}",291,2013,0.03,Dune,rsbs,1,T3,50,True
MR,0.12874486327051082,"{""lasso__regressor__alpha"": 0.01}",291,2013,0.03,Dune,rsbs,1,T3,50,True
RF,0.14121149969824898,"{""max_features"": 1.0, ""min_samples_leaf"": 1, ""n_estimators"": 10}",291,2013,0.03,Dune,rsbs,1,T3,50,True
SVR,0.11956117978718893,"{""regressor__tol"": 0.1, ""regressor__shrinking"": false, ""regressor__epsilon"": 0.1, ""regressor__coef0"": 1.0, ""regressor__C"": 2.0}",291,2013,0.06,Dune,rsbs,1,T3,50,True
CART,0.1828733835213914,"{""max_features"": 1.0, ""min_samples_leaf"": 1, ""splitter"": ""best""}",291,2013,0.0,Dune,rsbs,1,T3,51,True
kNN,0.14499471670391686,"{""n_neighbors"": 8, ""p"": 1, ""weights"": ""distance""}",291,2013,0.03,Dune,rsbs,1,T3,51,True
KRR,0.11084790721462338,"{""regressor__kernel"": ""rbf"", ""regressor__gamma"": 0.2, ""regressor__alpha"": 0.1}",291,2013,0.03,Dune,rsbs,1,T3,51,True
MR,0.11521784112866158,"{""lasso__regressor__alpha"": 0.01}",291,2013,0.03,Dune,rsbs,1,T3,51,True
RF,0.11511829419199952,"{""max_features"": 1.0, ""min_samples_leaf"": 1, ""n_estimators"": 10}",291,2013,0.04,Dune,rsbs,1,T3,51,True
SVR,0.1184450859257434,"{""regressor__tol"": 0.1, ""regressor__shrinking"": false, ""regressor__epsilon"": 0.1, ""regressor__coef0"": 1.0, ""regressor__C"": 2.0}",291,2013,0.06,Dune,rsbs,1,T3,51,True
CART,0.1556841461422577,"{""max_features"": 1.0, ""min_samples_leaf"": 1, ""splitter"": ""best""}",291,2013,0.0,Dune,rsbs,1,T3,52,True
kNN,0.14758038040971244,"{""n_neighbors"": 8, ""p"": 1, ""weights"": ""distance""}",291,2013,0.03,Dune,rsbs,1,T3,52,True
KRR,0.11694522169529974,"{""regressor__kernel"": ""rbf"", ""regressor__gamma"": 0.2, ""regressor__alpha"": 0.1}",291,2013,0.03,Dune,rsbs,1,T3,52,True
MR,0.12927844048945492,"{""lasso__regressor__alpha"": 0.01}",291,2013,0.03,Dune,rsbs,1,T3,52,True
RF,0.1466511782146506,"{""max_features"": 1.0, ""min_samples_leaf"": 1, ""n_estimators"": 10}",291,2013,0.03,Dune,rsbs,1,T3,52,True
SVR,0.11995118617459295,"{""regressor__tol"": 0.1, ""regressor__shrinking"": false, ""regressor__epsilon"": 0.1, ""regressor__coef0"": 1.0, ""regressor__C"": 2.0}",291,2013,0.06,Dune,rsbs,1,T3,52,True
CART,0.13625437554418293,"{""max_features"": 1.0, ""min_samples_leaf"": 1, ""splitter"": ""best""}",291,2013,0.0,Dune,rsbs,1,T3,53,True
kNN,0.14009221156420673,"{""n_neighbors"": 8, ""p"": 1, ""weights"": ""distance""}",291,2013,0.03,Dune,rsbs,1,T3,53,True
KRR,0.11812138447701365,"{""regressor__kernel"": ""rbf"", ""regressor__gamma"": 0.2, ""regressor__alpha"": 0.1}",291,2013,0.03,Dune,rsbs,1,T3,53,True
MR,0.1254366021479325,"{""lasso__regressor__alpha"": 0.01}",291,2013,0.03,Dune,rsbs,1,T3,53,True
RF,0.12240883130575655,"{""max_features"": 1.0, ""min_samples_leaf"": 1, ""n_estimators"": 10}",291,2013,0.04,Dune,rsbs,1,T3,53,True
SVR,0.11736503148003798,"{""regressor__tol"": 0.1, ""regressor__shrinking"": false, ""regressor__epsilon"": 0.1, ""regressor__coef0"": 1.0, ""regressor__C"": 2.0}",291,2013,0.06,Dune,rsbs,1,T3,53,True
CART,0.15532818149211708,"{""max_features"": 1.0, ""min_samples_leaf"": 1, ""splitter"": ""best""}",291,2013,0.0,Dune,rsbs,1,T3,54,True
kNN,0.1559199619854368,"{""n_neighbors"": 8, ""p"": 1, ""weights"": ""distance""}",291,2013,0.03,Dune,rsbs,1,T3,54,True
KRR,0.11321933836640076,"{""regressor__kernel"": ""rbf"", ""regressor__gamma"": 0.2, ""regressor__alpha"": 0.1}",291,2013,0.03,Dune,rsbs,1,T3,54,True
MR,0.12685890990000828,"{""lasso__regressor__alpha"": 0.01}",291,2013,0.03,Dune,rsbs,1,T3,54,True
RF,0.13939620122654686,"{""max_features"": 1.0, ""min_samples_leaf"": 1, ""n_estimators"": 10}",291,2013,0.04,Dune,rsbs,1,T3,54,True
SVR,0.12825091476932104,"{""regressor__tol"": 0.1, ""regressor__shrinking"": false, ""regressor__epsilon"": 0.1, ""regressor__coef0"": 1.0, ""regressor__C"": 2.0}",291,2013,0.06,Dune,rsbs,1,T3,54,True
CART,0.15844746356755834,"{""max_features"": 1.0, ""min_samples_leaf"": 1, ""splitter"": ""best""}",291,2013,0.0,Dune,rsbs,1,T3,55,True
kNN,0.1559776662865304,"{""n_neighbors"": 8, ""p"": 1, ""weights"": ""distance""}",291,2013,0.03,Dune,rsbs,1,T3,55,True
KRR,0.13112327018704634,"{""regressor__kernel"": ""rbf"", ""regressor__gamma"": 0.2, ""regressor__alpha"": 0.1}",291,2013,0.03,Dune,rsbs,1,T3,55,True
MR,0.1488518988044072,"{""lasso__regressor__alpha"": 0.01}",291,2013,0.03,Dune,rsbs,1,T3,55,True
RF,0.1507322728984735,"{""max_features"": 1.0, ""min_samples_leaf"": 1, ""n_estimators"": 10}",291,2013,0.04,Dune,rsbs,1,T3,55,True
SVR,0.1351381617300595,"{""regressor__tol"": 0.1, ""regressor__shrinking"": false, ""regressor__epsilon"": 0.1, ""regressor__coef0"": 1.0, ""regressor__C"": 2.0}",291,2013,0.06,Dune,rsbs,1,T3,55,True
CART,0.17294450421103777,"{""max_features"": 1.0, ""min_samples_leaf"": 1, ""splitter"": ""best""}",291,2013,0.0,Dune,rsbs,1,T3,56,True
kNN,0.16159214340878889,"{""n_neighbors"": 8, ""p"": 1, ""weights"": ""distance""}",291,2013,0.03,Dune,rsbs,1,T3,56,True
KRR,0.1435429784565336,"{""regressor__kernel"": ""rbf"", ""regressor__gamma"": 0.2, ""regressor__alpha"": 0.1}",291,2013,0.03,Dune,rsbs,1,T3,56,True
MR,0.16143432821824868,"{""lasso__regressor__alpha"": 0.01}",291,2013,0.03,Dune,rsbs,1,T3,56,True
RF,0.16371384421221857,"{""max_features"": 1.0, ""min_samples_leaf"": 1, ""n_estimators"": 10}",291,2013,0.04,Dune,rsbs,1,T3,56,True
SVR,0.14841678959365456,"{""regressor__tol"": 0.1, ""regressor__shrinking"": false, ""regressor__epsilon"": 0.1, ""regressor__coef0"": 1.0, ""regressor__C"": 2.0}",291,2013,0.06,Dune,rsbs,1,T3,56,True
CART,0.16733667332329824,"{""max_features"": 1.0, ""min_samples_leaf"": 1, ""splitter"": ""best""}",291,2013,0.0,Dune,rsbs,1,T3,57,True
kNN,0.15104398704343716,"{""n_neighbors"": 8, ""p"": 1, ""weights"": ""distance""}",291,2013,0.03,Dune,rsbs,1,T3,57,True
KRR,0.11163569252924195,"{""regressor__kernel"": ""rbf"", ""regressor__gamma"": 0.2, ""regressor__alpha"": 0.1}",291,2013,0.03,Dune,rsbs,1,T3,57,True
MR,0.12717535690847734,"{""lasso__regressor__alpha"": 0.01}",291,2013,0.03,Dune,rsbs,1,T3,57,True
RF,0.14514391038910732,"{""max_features"": 1.0, ""min_samples_leaf"": 1, ""n_estimators"": 10}",291,2013,0.04,Dune,rsbs,1,T3,57,True
SVR,0.12360825514210477,"{""regressor__tol"": 0.1, ""regressor__shrinking"": false, ""regressor__epsilon"": 0.1, ""regressor__coef0"": 1.0, ""regressor__C"": 2.0}",291,2013,0.06,Dune,rsbs,1,T3,57,True
CART,0.15585193111856668,"{""max_features"": 1.0, ""min_samples_leaf"": 1, ""splitter"": ""best""}",291,2013,0.0,Dune,rsbs,1,T3,58,True
kNN,0.14644928387612854,"{""n_neighbors"": 8, ""p"": 1, ""weights"": ""distance""}",291,2013,0.03,Dune,rsbs,1,T3,58,True
KRR,0.1226414825014941,"{""regressor__kernel"": ""rbf"", ""regressor__gamma"": 0.2, ""regressor__alpha"": 0.1}",291,2013,0.03,Dune,rsbs,1,T3,58,True
MR,0.14176846476220675,"{""lasso__regressor__alpha"": 0.01}",291,2013,0.03,Dune,rsbs,1,T3,58,True
RF,0.14361136452822995,"{""max_features"": 1.0, ""min_samples_leaf"": 1, ""n_estimators"": 10}",291,2013,0.04,Dune,rsbs,1,T3,58,True
SVR,0.12716017432008647,"{""regressor__tol"": 0.1, ""regressor__shrinking"": false, ""regressor__epsilon"": 0.1, ""regressor__coef0"": 1.0, ""regressor__C"": 2.0}",291,2013,0.05,Dune,rsbs,1,T3,58,True
CART,0.13376242777285455,"{""max_features"": 1.0, ""min_samples_leaf"": 1, ""splitter"": ""best""}",291,2013,0.0,Dune,rsbs,1,T3,59,True
kNN,0.15441505293371435,"{""n_neighbors"": 8, ""p"": 1, ""weights"": ""distance""}",291,2013,0.03,Dune,rsbs,1,T3,59,True
KRR,0.12420385537006881,"{""regressor__kernel"": ""rbf"", ""regressor__gamma"": 0.2, ""regressor__alpha"": 0.1}",291,2013,0.03,Dune,rsbs,1,T3,59,True
MR,0.14382024945756375,"{""lasso__regressor__alpha"": 0.01}",291,2013,0.03,Dune,rsbs,1,T3,59,True
RF,0.13820211073172725,"{""max_features"": 1.0, ""min_samples_leaf"": 1, ""n_estimators"": 10}",291,2013,0.04,Dune,rsbs,1,T3,59,True
SVR,0.1298009715214532,"{""regressor__tol"": 0.1, ""regressor__shrinking"": false, ""regressor__epsilon"": 0.1, ""regressor__coef0"": 1.0, ""regressor__C"": 2.0}",291,2013,0.06,Dune,rsbs,1,T3,59,True
CART,0.1423308906243657,"{""max_features"": 1.0, ""min_samples_leaf"": 1, ""splitter"": ""best""}",291,2013,0.0,Dune,rsbs,1,T3,60,True
kNN,0.14675275555080633,"{""n_neighbors"": 8, ""p"": 1, ""weights"": ""distance""}",291,2013,0.03,Dune,rsbs,1,T3,60,True
KRR,0.10724283498887353,"{""regressor__kernel"": ""rbf"", ""regressor__gamma"": 0.2, ""regressor__alpha"": 0.1}",291,2013,0.03,Dune,rsbs,1,T3,60,True
MR,0.12427717689365533,"{""lasso__regressor__alpha"": 0.01}",291,2013,0.03,Dune,rsbs,1,T3,60,True
RF,0.13565417870915786,"{""max_features"": 1.0, ""min_samples_leaf"": 1, ""n_estimators"": 10}",291,2013,0.04,Dune,rsbs,1,T3,60,True
SVR,0.11956481085805891,"{""regressor__tol"": 0.1, ""regressor__shrinking"": false, ""regressor__epsilon"": 0.1, ""regressor__coef0"": 1.0, ""regressor__C"": 2.0}",291,2013,0.06,Dune,rsbs,1,T3,60,True
CART,0.15114648119297122,"{""max_features"": 1.0, ""min_samples_leaf"": 1, ""splitter"": ""best""}",291,2013,0.0,Dune,rsbs,1,T3,61,True
kNN,0.14980732782546893,"{""n_neighbors"": 8, ""p"": 1, ""weights"": ""distance""}",291,2013,0.03,Dune,rsbs,1,T3,61,True
KRR,0.11997377016858585,"{""regressor__kernel"": ""rbf"", ""regressor__gamma"": 0.2, ""regressor__alpha"": 0.1}",291,2013,0.03,Dune,rsbs,1,T3,61,True
MR,0.13077141937138037,"{""lasso__regressor__alpha"": 0.01}",291,2013,0.03,Dune,rsbs,1,T3,61,True
RF,0.13469394647112956,"{""max_features"": 1.0, ""min_samples_leaf"": 1, ""n_estimators"": 10}",291,2013,0.04,Dune,rsbs,1,T3,61,True
SVR,0.12241004565077514,"{""regressor__tol"": 0.1, ""regressor__shrinking"": false, ""regressor__epsilon"": 0.1, ""regressor__coef0"": 1.0, ""regressor__C"": 2.0}",291,2013,0.06,Dune,rsbs,1,T3,61,True
CART,0.14517335833097383,"{""max_features"": 1.0, ""min_samples_leaf"": 1, ""splitter"": ""best""}",291,2013,0.0,Dune,rsbs,1,T3,62,True
kNN,0.14939313611486577,"{""n_neighbors"": 8, ""p"": 1, ""weights"": ""distance""}",291,2013,0.03,Dune,rsbs,1,T3,62,True
KRR,0.12903211580526242,"{""regressor__kernel"": ""rbf"", ""regressor__gamma"": 0.2, ""regressor__alpha"": 0.1}",291,2013,0.03,Dune,rsbs,1,T3,62,True
MR,0.14044786771358284,"{""lasso__regressor__alpha"": 0.01}",291,2013,0.03,Dune,rsbs,1,T3,62,True
RF,0.1358528379226262,"{""max_features"": 1.0, ""min_samples_leaf"": 1, ""n_estimators"": 10}",291,2013,0.04,Dune,rsbs,1,T3,62,True
SVR,0.13026264381909858,"{""regressor__tol"": 0.1, ""regressor__shrinking"": false, ""regressor__epsilon"": 0.1, ""regressor__coef0"": 1.0, ""regressor__C"": 2.0}",291,2013,0.05,Dune,rsbs,1,T3,62,True
CART,0.1337530532432344,"{""max_features"": 1.0, ""min_samples_leaf"": 1, ""splitter"": ""best""}",291,2013,0.0,Dune,rsbs,1,T3,63,True
kNN,0.15006979938640855,"{""n_neighbors"": 8, ""p"": 1, ""weights"": ""distance""}",291,2013,0.03,Dune,rsbs,1,T3,63,True
KRR,0.11369583514219583,"{""regressor__kernel"": ""rbf"", ""regressor__gamma"": 0.2, ""regressor__alpha"": 0.1}",291,2013,0.03,Dune,rsbs,1,T3,63,True
MR,0.12566202019233566,"{""lasso__regressor__alpha"": 0.01}",291,2013,0.03,Dune,rsbs,1,T3,63,True
RF,0.13001300206670813,"{""max_features"": 1.0, ""min_samples_leaf"": 1, ""n_estimators"": 10}",291,2013,0.04,Dune,rsbs,1,T3,63,True
SVR,0.11765370642804782,"{""regressor__tol"": 0.1, ""regressor__shrinking"": false, ""regressor__epsilon"": 0.1, ""regressor__coef0"": 1.0, ""regressor__C"": 2.0}",291,2013,0.06,Dune,rsbs,1,T3,63,True
CART,0.16743634389346304,"{""max_features"": 1.0, ""min_samples_leaf"": 1, ""splitter"": ""best""}",291,2013,0.0,Dune,rsbs,1,T3,64,True
kNN,0.15766996966170976,"{""n_neighbors"": 8, ""p"": 1, ""weights"": ""distance""}",291,2013,0.03,Dune,rsbs,1,T3,64,True
KRR,0.1390716130086355,"{""regressor__kernel"": ""rbf"", ""regressor__gamma"": 0.2, ""regressor__alpha"": 0.1}",291,2013,0.03,Dune,rsbs,1,T3,64,True
MR,0.15585810597360078,"{""lasso__regressor__alpha"": 0.01}",291,2013,0.03,Dune,rsbs,1,T3,64,True
RF,0.1659339588960358,"{""max_features"": 1.0, ""min_samples_leaf"": 1, ""n_estimators"": 10}",291,2013,0.04,Dune,rsbs,1,T3,64,True
SVR,0.1420914968843816,"{""regressor__tol"": 0.1, ""regressor__shrinking"": false, ""regressor__epsilon"": 0.1, ""regressor__coef0"": 1.0, ""regressor__C"": 2.0}",291,2013,0.06,Dune,rsbs,1,T3,64,True
CART,0.16320440647216716,"{""max_features"": 1.0, ""min_samples_leaf"": 1, ""splitter"": ""best""}",291,2013,0.0,Dune,rsbs,1,T3,65,True
kNN,0.15427907420541648,"{""n_neighbors"": 8, ""p"": 1, ""weights"": ""distance""}",291,2013,0.04,Dune,rsbs,1,T3,65,True
KRR,0.12660509423479044,"{""regressor__kernel"": ""rbf"", ""regressor__gamma"": 0.2, ""regressor__alpha"": 0.1}",291,2013,0.03,Dune,rsbs,1,T3,65,True
MR,0.1420972861149134,"{""lasso__regressor__alpha"": 0.01}",291,2013,0.04,Dune,rsbs,1,T3,65,True
RF,0.15666296122201046,"{""max_features"": 1.0, ""min_samples_leaf"": 1, ""n_estimators"": 10}",291,2013,0.04,Dune,rsbs,1,T3,65,True
SVR,0.12827497711502434,"{""regressor__tol"": 0.1, ""regressor__shrinking"": false, ""regressor__epsilon"": 0.1, ""regressor__coef0"": 1.0, ""regressor__C"": 2.0}",291,2013,0.05,Dune,rsbs,1,T3,65,True
CART,0.15286122140899824,"{""max_features"": 1.0, ""min_samples_leaf"": 1, ""splitter"": ""best""}",291,2013,0.0,Dune,rsbs,1,T3,66,True
kNN,0.15891402596510296,"{""n_neighbors"": 8, ""p"": 1, ""weights"": ""distance""}",291,2013,0.04,Dune,rsbs,1,T3,66,True
KRR,0.12300370922058346,"{""regressor__kernel"": ""rbf"", ""regressor__gamma"": 0.2, ""regressor__alpha"": 0.1}",291,2013,0.03,Dune,rsbs,1,T3,66,True
MR,0.14568174199644668,"{""lasso__regressor__alpha"": 0.01}",291,2013,0.04,Dune,rsbs,1,T3,66,True
RF,0.13735137779172468,"{""max_features"": 1.0, ""min_samples_leaf"": 1, ""n_estimators"": 10}",291,2013,0.04,Dune,rsbs,1,T3,66,True
SVR,0.12597533848247752,"{""regressor__tol"": 0.1, ""regressor__shrinking"": false, ""regressor__epsilon"": 0.1, ""regressor__coef0"": 1.0, ""regressor__C"": 2.0}",291,2013,0.06,Dune,rsbs,1,T3,66,True
CART,0.1478703749425384,"{""max_features"": 1.0, ""min_samples_leaf"": 1, ""splitter"": ""best""}",291,2013,0.0,Dune,rsbs,1,T3,67,True
kNN,0.14914186499584364,"{""n_neighbors"": 8, ""p"": 1, ""weights"": ""distance""}",291,2013,0.04,Dune,rsbs,1,T3,67,True
KRR,0.12085801944158123,"{""regressor__kernel"": ""rbf"", ""regressor__gamma"": 0.2, ""regressor__alpha"": 0.1}",291,2013,0.03,Dune,rsbs,1,T3,67,True
MR,0.1271238259638025,"{""lasso__regressor__alpha"": 0.01}",291,2013,0.03,Dune,rsbs,1,T3,67,True
RF,0.13796752365176654,"{""max_features"": 1.0, ""min_samples_leaf"": 1, ""n_estimators"": 10}",291,2013,0.04,Dune,rsbs,1,T3,67,True
SVR,0.12174313262721763,"{""regressor__tol"": 0.1, ""regressor__shrinking"": false, ""regressor__epsilon"": 0.1, ""regressor__coef0"": 1.0, ""regressor__C"": 2.0}",291,2013,0.06,Dune,rsbs,1,T3,67,True
CART,0.15795445748329495,"{""max_features"": 1.0, ""min_samples_leaf"": 1, ""splitter"": ""best""}",291,2013,0.0,Dune,rsbs,1,T3,68,True
kNN,0.1528523181288035,"{""n_neighbors"": 8, ""p"": 1, ""weights"": ""distance""}",291,2013,0.04,Dune,rsbs,1,T3,68,True
KRR,0.13315840768912307,"{""regressor__kernel"": ""rbf"", ""regressor__gamma"": 0.2, ""regressor__alpha"": 0.1}",291,2013,0.03,Dune,rsbs,1,T3,68,True
MR,0.14478725927706634,"{""lasso__regressor__alpha"": 0.01}",291,2013,0.04,Dune,rsbs,1,T3,68,True
RF,0.14757059550825177,"{""max_features"": 1.0, ""min_samples_leaf"": 1, ""n_estimators"": 10}",291,2013,0.04,Dune,rsbs,1,T3,68,True
SVR,0.1334054530174407,"{""regressor__tol"": 0.1, ""regressor__shrinking"": false, ""regressor__epsilon"": 0.1, ""regressor__coef0"": 1.0, ""regressor__C"": 2.0}",291,2013,0.06,Dune,rsbs,1,T3,68,True
CART,0.14836109490087138,"{""max_features"": 1.0, ""min_samples_leaf"": 1, ""splitter"": ""best""}",291,2013,0.0,Dune,rsbs,1,T3,69,True
kNN,0.14487353271137313,"{""n_neighbors"": 8, ""p"": 1, ""weights"": ""distance""}",291,2013,0.04,Dune,rsbs,1,T3,69,True
KRR,0.12437738321656208,"{""regressor__kernel"": ""rbf"", ""regressor__gamma"": 0.2, ""regressor__alpha"": 0.1}",291,2013,0.03,Dune,rsbs,1,T3,69,True
MR,0.13535047205906742,"{""lasso__regressor__alpha"": 0.01}",291,2013,0.03,Dune,rsbs,1,T3,69,True
RF,0.1375160748821038,"{""max_features"": 1.0, ""min_samples_leaf"": 1, ""n_estimators"": 10}",291,2013,0.04,Dune,rsbs,1,T3,69,True
SVR,0.12578659900551797,"{""regressor__tol"": 0.1, ""regressor__shrinking"": false, ""regressor__epsilon"": 0.1, ""regressor__coef0"": 1.0, ""regressor__C"": 2.0}",291,2013,0.06,Dune,rsbs,1,T3,69,True
CART,0.13883273315669784,"{""max_features"": 1.0, ""min_samples_leaf"": 1, ""splitter"": ""best""}",291,2013,0.0,Dune,rsbs,1,T3,70,True
kNN,0.1436605412492326,"{""n_neighbors"": 8, ""p"": 1, ""weights"": ""distance""}",291,2013,0.03,Dune,rsbs,1,T3,70,True
KRR,0.11205388283516914,"{""regressor__kernel"": ""rbf"", ""regressor__gamma"": 0.2, ""regressor__alpha"": 0.1}",291,2013,0.03,Dune,rsbs,1,T3,70,True
MR,0.12524999879625529,"{""lasso__regressor__alpha"": 0.01}",291,2013,0.04,Dune,rsbs,1,T3,70,True
RF,0.1349378613950004,"{""max_features"": 1.0, ""min_samples_leaf"": 1, ""n_estimators"": 10}",291,2013,0.04,Dune,rsbs,1,T3,70,True
SVR,0.11341315240221449,"{""regressor__tol"": 0.1, ""regressor__shrinking"": false, ""regressor__epsilon"": 0.1, ""regressor__coef0"": 1.0, ""regressor__C"": 2.0}",291,2013,0.06,Dune,rsbs,1,T3,70,True
CART,0.15567913721729754,"{""max_features"": 1.0, ""min_samples_leaf"": 1, ""splitter"": ""best""}",291,2013,0.0,Dune,rsbs,1,T3,71,True
kNN,0.151835631944924,"{""n_neighbors"": 8, ""p"": 1, ""weights"": ""distance""}",291,2013,0.04,Dune,rsbs,1,T3,71,True
KRR,0.12709329140464048,"{""regressor__kernel"": ""rbf"", ""regressor__gamma"": 0.2, ""regressor__alpha"": 0.1}",291,2013,0.03,Dune,rsbs,1,T3,71,True
MR,0.15036849514398612,"{""lasso__regressor__alpha"": 0.01}",291,2013,0.04,Dune,rsbs,1,T3,71,True
RF,0.15429737779195754,"{""max_features"": 1.0, ""min_samples_leaf"": 1, ""n_estimators"": 10}",291,2013,0.04,Dune,rsbs,1,T3,71,True
SVR,0.1295699526408364,"{""regressor__tol"": 0.1, ""regressor__shrinking"": false, ""regressor__epsilon"": 0.1, ""regressor__coef0"": 1.0, ""regressor__C"": 2.0}",291,2013,0.06,Dune,rsbs,1,T3,71,True
CART,0.16412220908892416,"{""max_features"": 1.0, ""min_samples_leaf"": 1, ""splitter"": ""best""}",291,2013,0.0,Dune,rsbs,1,T3,72,True
kNN,0.15112279396003656,"{""n_neighbors"": 8, ""p"": 1, ""weights"": ""distance""}",291,2013,0.03,Dune,rsbs,1,T3,72,True
KRR,0.1361361598315491,"{""regressor__kernel"": ""rbf"", ""regressor__gamma"": 0.2, ""regressor__alpha"": 0.1}",291,2013,0.03,Dune,rsbs,1,T3,72,True
MR,0.14424019402481617,"{""lasso__regressor__alpha"": 0.01}",291,2013,0.04,Dune,rsbs,1,T3,72,True
RF,0.14621626427940004,"{""max_features"": 1.0, ""min_samples_leaf"": 1, ""n_estimators"": 10}",291,2013,0.04,Dune,rsbs,1,T3,72,True
SVR,0.13897383938173546,"{""regressor__tol"": 0.1, ""regressor__shrinking"": false, ""regressor__epsilon"": 0.1, ""regressor__coef0"": 1.0, ""regressor__C"": 2.0}",291,2013,0.06,Dune,rsbs,1,T3,72,True
CART,0.1496225614854928,"{""max_features"": 1.0, ""min_samples_leaf"": 1, ""splitter"": ""best""}",291,2013,0.0,Dune,rsbs,1,T3,73,True
kNN,0.1432233721986104,"{""n_neighbors"": 8, ""p"": 1, ""weights"": ""distance""}",291,2013,0.03,Dune,rsbs,1,T3,73,True
KRR,0.11396960934499428,"{""regressor__kernel"": ""rbf"", ""regressor__gamma"": 0.2, ""regressor__alpha"": 0.1}",291,2013,0.03,Dune,rsbs,1,T3,73,True
MR,0.12163495976400929,"{""lasso__regressor__alpha"": 0.01}",291,2013,0.03,Dune,rsbs,1,T3,73,True
RF,0.1276274152277177,"{""max_features"": 1.0, ""min_samples_leaf"": 1, ""n_estimators"": 10}",291,2013,0.04,Dune,rsbs,1,T3,73,True
SVR,0.11405822313918416,"{""regressor__tol"": 0.1, ""regressor__shrinking"": false, ""regressor__epsilon"": 0.1, ""regressor__coef0"": 1.0, ""regressor__C"": 2.0}",291,2013,0.06,Dune,rsbs,1,T3,73,True
CART,0.1376046975862305,"{""max_features"": 1.0, ""min_samples_leaf"": 1, ""splitter"": ""best""}",291,2013,0.0,Dune,rsbs,1,T3,74,True
kNN,0.14473238879926437,"{""n_neighbors"": 8, ""p"": 1, ""weights"": ""distance""}",291,2013,0.03,Dune,rsbs,1,T3,74,True
KRR,0.11054820328623151,"{""regressor__kernel"": ""rbf"", ""regressor__gamma"": 0.2, ""regressor__alpha"": 0.1}",291,2013,0.03,Dune,rsbs,1,T3,74,True
MR,0.11977653642422283,"{""lasso__regressor__alpha"": 0.01}",291,2013,0.03,Dune,rsbs,1,T3,74,True
RF,0.13482532900202293,"{""max_features"": 1.0, ""min_samples_leaf"": 1, ""n_estimators"": 10}",291,2013,0.04,Dune,rsbs,1,T3,74,True
SVR,0.11051015885366317,"{""regressor__tol"": 0.1, ""regressor__shrinking"": false, ""regressor__epsilon"": 0.1, ""regressor__coef0"": 1.0, ""regressor__C"": 2.0}",291,2013,0.06,Dune,rsbs,1,T3,74,True
CART,0.12927991142639578,"{""max_features"": 1.0, ""min_samples_leaf"": 1, ""splitter"": ""best""}",291,2013,0.0,Dune,rsbs,1,T3,75,True
kNN,0.15071087095396862,"{""n_neighbors"": 8, ""p"": 1, ""weights"": ""distance""}",291,2013,0.03,Dune,rsbs,1,T3,75,True
KRR,0.11816536919180902,"{""regressor__kernel"": ""rbf"", ""regressor__gamma"": 0.2, ""regressor__alpha"": 0.1}",291,2013,0.03,Dune,rsbs,1,T3,75,True
MR,0.12209292249515195,"{""lasso__regressor__alpha"": 0.01}",291,2013,0.03,Dune,rsbs,1,T3,75,True
RF,0.1287825456346952,"{""max_features"": 1.0, ""min_samples_leaf"": 1, ""n_estimators"": 10}",291,2013,0.04,Dune,rsbs,1,T3,75,True
SVR,0.1204544058590885,"{""regressor__tol"": 0.1, ""regressor__shrinking"": false, ""regressor__epsilon"": 0.1, ""regressor__coef0"": 1.0, ""regressor__C"": 2.0}",291,2013,0.06,Dune,rsbs,1,T3,75,True
CART,0.1512426962997847,"{""max_features"": 1.0, ""min_samples_leaf"": 1, ""splitter"": ""best""}",291,2013,0.0,Dune,rsbs,1,T3,76,True
kNN,0.14513514295583124,"{""n_neighbors"": 8, ""p"": 1, ""weights"": ""distance""}",291,2013,0.03,Dune,rsbs,1,T3,76,True
KRR,0.11910299848007808,"{""regressor__kernel"": ""rbf"", ""regressor__gamma"": 0.2, ""regressor__alpha"": 0.1}",291,2013,0.03,Dune,rsbs,1,T3,76,True
MR,0.1361149692978642,"{""lasso__regressor__alpha"": 0.01}",291,2013,0.03,Dune,rsbs,1,T3,76,True
RF,0.144983140884949,"{""max_features"": 1.0, ""min_samples_leaf"": 1, ""n_estimators"": 10}",291,2013,0.04,Dune,rsbs,1,T3,76,True
SVR,0.12194687754955308,"{""regressor__tol"": 0.1, ""regressor__shrinking"": false, ""regressor__epsilon"": 0.1, ""regressor__coef0"": 1.0, ""regressor__C"": 2.0}",291,2013,0.05,Dune,rsbs,1,T3,76,True
CART,0.1560630058822301,"{""max_features"": 1.0, ""min_samples_leaf"": 1, ""splitter"": ""best""}",291,2013,0.0,Dune,rsbs,1,T3,77,True
kNN,0.1495345942348991,"{""n_neighbors"": 8, ""p"": 1, ""weights"": ""distance""}",291,2013,0.04,Dune,rsbs,1,T3,77,True
KRR,0.12343765336752148,"{""regressor__kernel"": ""rbf"", ""regressor__gamma"": 0.2, ""regressor__alpha"": 0.1}",291,2013,0.03,Dune,rsbs,1,T3,77,True
MR,0.14015376028381707,"{""lasso__regressor__alpha"": 0.01}",291,2013,0.03,Dune,rsbs,1,T3,77,True
RF,0.14535800528943707,"{""max_features"": 1.0, ""min_samples_leaf"": 1, ""n_estimators"": 10}",291,2013,0.04,Dune,rsbs,1,T3,77,True
SVR,0.12545201762579744,"{""regressor__tol"": 0.1, ""regressor__shrinking"": false, ""regressor__epsilon"": 0.1, ""regressor__coef0"": 1.0, ""regressor__C"": 2.0}",291,2013,0.06,Dune,rsbs,1,T3,77,True
CART,0.14827767317726973,"{""max_features"": 1.0, ""min_samples_leaf"": 1, ""splitter"": ""best""}",291,2013,0.0,Dune,rsbs,1,T3,78,True
kNN,0.14992491094859187,"{""n_neighbors"": 8, ""p"": 1, ""weights"": ""distance""}",291,2013,0.03,Dune,rsbs,1,T3,78,True
KRR,0.12079569728986182,"{""regressor__kernel"": ""rbf"", ""regressor__gamma"": 0.2, ""regressor__alpha"": 0.1}",291,2013,0.03,Dune,rsbs,1,T3,78,True
MR,0.1440224334265664,"{""lasso__regressor__alpha"": 0.01}",291,2013,0.03,Dune,rsbs,1,T3,78,True
RF,0.15387147478652893,"{""max_features"": 1.0, ""min_samples_leaf"": 1, ""n_estimators"": 10}",291,2013,0.04,Dune,rsbs,1,T3,78,True
SVR,0.13054162915961565,"{""regressor__tol"": 0.1, ""regressor__shrinking"": false, ""regressor__epsilon"": 0.1, ""regressor__coef0"": 1.0, ""regressor__C"": 2.0}",291,2013,0.06,Dune,rsbs,1,T3,78,True
CART,0.1470631313852003,"{""max_features"": 1.0, ""min_samples_leaf"": 1, ""splitter"": ""best""}",291,2013,0.0,Dune,rsbs,1,T3,79,True
kNN,0.15047044980049246,"{""n_neighbors"": 8, ""p"": 1, ""weights"": ""distance""}",291,2013,0.03,Dune,rsbs,1,T3,79,True
KRR,0.1203687385135893,"{""regressor__kernel"": ""rbf"", ""regressor__gamma"": 0.2, ""regressor__alpha"": 0.1}",291,2013,0.03,Dune,rsbs,1,T3,79,True
MR,0.13452247679564341,"{""lasso__regressor__alpha"": 0.01}",291,2013,0.03,Dune,rsbs,1,T3,79,True
RF,0.14582563116139938,"{""max_features"": 1.0, ""min_samples_leaf"": 1, ""n_estimators"": 10}",291,2013,0.04,Dune,rsbs,1,T3,79,True
SVR,0.1212436864596472,"{""regressor__tol"": 0.1, ""regressor__shrinking"": false, ""regressor__epsilon"": 0.1, ""regressor__coef0"": 1.0, ""regressor__C"": 2.0}",291,2013,0.05,Dune,rsbs,1,T3,79,True
CART,0.13668990268826683,"{""max_features"": 1.0, ""min_samples_leaf"": 1, ""splitter"": ""best""}",291,2013,0.0,Dune,rsbs,1,T3,80,True
kNN,0.1487616523009302,"{""n_neighbors"": 8, ""p"": 1, ""weights"": ""distance""}",291,2013,0.03,Dune,rsbs,1,T3,80,True
KRR,0.11263608707282427,"{""regressor__kernel"": ""rbf"", ""regressor__gamma"": 0.2, ""regressor__alpha"": 0.1}",291,2013,0.03,Dune,rsbs,1,T3,80,True
MR,0.11760875273817635,"{""lasso__regressor__alpha"": 0.01}",291,2013,0.03,Dune,rsbs,1,T3,80,True
RF,0.1342190598069382,"{""max_features"": 1.0, ""min_samples_leaf"": 1, ""n_estimators"": 10}",291,2013,0.04,Dune,rsbs,1,T3,80,True
SVR,0.11436325650502796,"{""regressor__tol"": 0.1, ""regressor__shrinking"": false, ""regressor__epsilon"": 0.1, ""regressor__coef0"": 1.0, ""regressor__C"": 2.0}",291,2013,0.06,Dune,rsbs,1,T3,80,True
CART,0.14419228408099505,"{""max_features"": 1.0, ""min_samples_leaf"": 1, ""splitter"": ""best""}",291,2013,0.0,Dune,rsbs,1,T3,81,True
kNN,0.1502746742613881,"{""n_neighbors"": 8, ""p"": 1, ""weights"": ""distance""}",291,2013,0.03,Dune,rsbs,1,T3,81,True
KRR,0.12713586379766273,"{""regressor__kernel"": ""rbf"", ""regressor__gamma"": 0.2, ""regressor__alpha"": 0.1}",291,2013,0.02,Dune,rsbs,1,T3,81,True
MR,0.14241968593143894,"{""lasso__regressor__alpha"": 0.01}",291,2013,0.03,Dune,rsbs,1,T3,81,True
RF,0.14690914773909763,"{""max_features"": 1.0, ""min_samples_leaf"": 1, ""n_estimators"": 10}",291,2013,0.04,Dune,rsbs,1,T3,81,True
SVR,0.12649956149147223,"{""regressor__tol"": 0.1, ""regressor__shrinking"": false, ""regressor__epsilon"": 0.1, ""regressor__coef0"": 1.0, ""regressor__C"": 2.0}",291,2013,0.06,Dune,rsbs,1,T3,81,True
CART,0.1775040621013447,"{""max_features"": 1.0, ""min_samples_leaf"": 1, ""splitter"": ""best""}",291,2013,0.0,Dune,rsbs,1,T3,82,True
kNN,0.15532333887065686,"{""n_neighbors"": 8, ""p"": 1, ""weights"": ""distance""}",291,2013,0.03,Dune,rsbs,1,T3,82,True
KRR,0.12212781042964799,"{""regressor__kernel"": ""rbf"", ""regressor__gamma"": 0.2, ""regressor__alpha"": 0.1}",291,2013,0.03,Dune,rsbs,1,T3,82,True
MR,0.14162552316946192,"{""lasso__regressor__alpha"": 0.01}",291,2013,0.03,Dune,rsbs,1,T3,82,True
RF,0.16487792843504046,"{""max_features"": 1.0, ""min_samples_leaf"": 1, ""n_estimators"": 10}",291,2013,0.04,Dune,rsbs,1,T3,82,True
SVR,0.1270312797802256,"{""regressor__tol"": 0.1, ""regressor__shrinking"": false, ""regressor__epsilon"": 0.1, ""regressor__coef0"": 1.0, ""regressor__C"": 2.0}",291,2013,0.06,Dune,rsbs,1,T3,82,True
CART,0.14473857617979557,"{""max_features"": 1.0, ""min_samples_leaf"": 1, ""splitter"": ""best""}",291,2013,0.0,Dune,rsbs,1,T3,83,True
kNN,0.1451544657930265,"{""n_neighbors"": 8, ""p"": 1, ""weights"": ""distance""}",291,2013,0.03,Dune,rsbs,1,T3,83,True
KRR,0.11061464597366345,"{""regressor__kernel"": ""rbf"", ""regressor__gamma"": 0.2, ""regressor__alpha"": 0.1}",291,2013,0.03,Dune,rsbs,1,T3,83,True
MR,0.12804289636598615,"{""lasso__regressor__alpha"": 0.01}",291,2013,0.03,Dune,rsbs,1,T3,83,True
RF,0.1386372688213845,"{""max_features"": 1.0, ""min_samples_leaf"": 1, ""n_estimators"": 10}",291,2013,0.04,Dune,rsbs,1,T3,83,True
SVR,0.12022974664247157,"{""regressor__tol"": 0.1, ""regressor__shrinking"": false, ""regressor__epsilon"": 0.1, ""regressor__coef0"": 1.0, ""regressor__C"": 2.0}",291,2013,0.05,Dune,rsbs,1,T3,83,True
CART,0.15229969093458756,"{""max_features"": 1.0, ""min_samples_leaf"": 1, ""splitter"": ""best""}",291,2013,0.0,Dune,rsbs,1,T3,84,True
kNN,0.1507793962802146,"{""n_neighbors"": 8, ""p"": 1, ""weights"": ""distance""}",291,2013,0.03,Dune,rsbs,1,T3,84,True
KRR,0.1218308079155642,"{""regressor__kernel"": ""rbf"", ""regressor__gamma"": 0.2, ""regressor__alpha"": 0.1}",291,2013,0.03,Dune,rsbs,1,T3,84,True
MR,0.13669455803867572,"{""lasso__regressor__alpha"": 0.01}",291,2013,0.03,Dune,rsbs,1,T3,84,True
RF,0.13536132350581712,"{""max_features"": 1.0, ""min_samples_leaf"": 1, ""n_estimators"": 10}",291,2013,0.04,Dune,rsbs,1,T3,84,True
SVR,0.12232018245714285,"{""regressor__tol"": 0.1, ""regressor__shrinking"": false, ""regressor__epsilon"": 0.1, ""regressor__coef0"": 1.0, ""regressor__C"": 2.0}",291,2013,0.06,Dune,rsbs,1,T3,84,True
CART,0.159296730122694,"{""max_features"": 1.0, ""min_samples_leaf"": 1, ""splitter"": ""best""}",291,2013,0.0,Dune,rsbs,1,T3,85,True
kNN,0.1450939761451987,"{""n_neighbors"": 8, ""p"": 1, ""weights"": ""distance""}",291,2013,0.03,Dune,rsbs,1,T3,85,True
KRR,0.1267256442293382,"{""regressor__kernel"": ""rbf"", ""regressor__gamma"": 0.2, ""regressor__alpha"": 0.1}",291,2013,0.03,Dune,rsbs,1,T3,85,True
MR,0.1407350158920205,"{""lasso__regressor__alpha"": 0.01}",291,2013,0.03,Dune,rsbs,1,T3,85,True
RF,0.15860159788141034,"{""max_features"": 1.0, ""min_samples_leaf"": 1, ""n_estimators"": 10}",291,2013,0.04,Dune,rsbs,1,T3,85,True
SVR,0.13208092464063426,"{""regressor__tol"": 0.1, ""regressor__shrinking"": false, ""regressor__epsilon"": 0.1, ""regressor__coef0"": 1.0, ""regressor__C"": 2.0}",291,2013,0.06,Dune,rsbs,1,T3,85,True
CART,0.1626415196052591,"{""max_features"": 1.0, ""min_samples_leaf"": 1, ""splitter"": ""best""}",291,2013,0.0,Dune,rsbs,1,T3,86,True
kNN,0.15701890238387028,"{""n_neighbors"": 8, ""p"": 1, ""weights"": ""distance""}",291,2013,0.03,Dune,rsbs,1,T3,86,True
KRR,0.13294001305900988,"{""regressor__kernel"": ""rbf"", ""regressor__gamma"": 0.2, ""regressor__alpha"": 0.1}",291,2013,0.03,Dune,rsbs,1,T3,86,True
MR,0.1516613897592812,"{""lasso__regressor__alpha"": 0.01}",291,2013,0.03,Dune,rsbs,1,T3,86,True
RF,0.14961063295813518,"{""max_features"": 1.0, ""min_samples_leaf"": 1, ""n_estimators"": 10}",291,2013,0.04,Dune,rsbs,1,T3,86,True
SVR,0.13829919691671805,"{""regressor__tol"": 0.1, ""regressor__shrinking"": false, ""regressor__epsilon"": 0.1, ""regressor__coef0"": 1.0, ""regressor__C"": 2.0}",291,2013,0.05,Dune,rsbs,1,T3,86,True
CART,0.15355496766087537,"{""max_features"": 1.0, ""min_samples_leaf"": 1, ""splitter"": ""best""}",291,2013,0.0,Dune,rsbs,1,T3,87,True
kNN,0.15163209383120008,"{""n_neighbors"": 8, ""p"": 1, ""weights"": ""distance""}",291,2013,0.03,Dune,rsbs,1,T3,87,True
KRR,0.11288953964322399,"{""regressor__kernel"": ""rbf"", ""regressor__gamma"": 0.2, ""regressor__alpha"": 0.1}",291,2013,0.03,Dune,rsbs,1,T3,87,True
MR,0.12667206153088933,"{""lasso__regressor__alpha"": 0.01}",291,2013,0.03,Dune,rsbs,1,T3,87,True
RF,0.13484576203234674,"{""max_features"": 1.0, ""min_samples_leaf"": 1, ""n_estimators"": 10}",291,2013,0.04,Dune,rsbs,1,T3,87,True
SVR,0.11480168584103441,"{""regressor__tol"": 0.1, ""regressor__shrinking"": false, ""regressor__epsilon"": 0.1, ""regressor__coef0"": 1.0, ""regressor__C"": 2.0}",291,2013,0.06,Dune,rsbs,1,T3,87,True
CART,0.15278625195009723,"{""max_features"": 1.0, ""min_samples_leaf"": 1, ""splitter"": ""best""}",291,2013,0.0,Dune,rsbs,1,T3,88,True
kNN,0.15093663378639785,"{""n_neighbors"": 8, ""p"": 1, ""weights"": ""distance""}",291,2013,0.03,Dune,rsbs,1,T3,88,True
KRR,0.12310055159217344,"{""regressor__kernel"": ""rbf"", ""regressor__gamma"": 0.2, ""regressor__alpha"": 0.1}",291,2013,0.03,Dune,rsbs,1,T3,88,True
MR,0.13701611803244665,"{""lasso__regressor__alpha"": 0.01}",291,2013,0.03,Dune,rsbs,1,T3,88,True
RF,0.15548365175595552,"{""max_features"": 1.0, ""min_samples_leaf"": 1, ""n_estimators"": 10}",291,2013,0.04,Dune,rsbs,1,T3,88,True
SVR,0.12417712256543141,"{""regressor__tol"": 0.1, ""regressor__shrinking"": false, ""regressor__epsilon"": 0.1, ""regressor__coef0"": 1.0, ""regressor__C"": 2.0}",291,2013,0.05,Dune,rsbs,1,T3,88,True
CART,0.1462268684777332,"{""max_features"": 1.0, ""min_samples_leaf"": 1, ""splitter"": ""best""}",291,2013,0.0,Dune,rsbs,1,T3,89,True
kNN,0.14100697001861462,"{""n_neighbors"": 8, ""p"": 1, ""weights"": ""distance""}",291,2013,0.03,Dune,rsbs,1,T3,89,True
KRR,0.1083537638537098,"{""regressor__kernel"": ""rbf"", ""regressor__gamma"": 0.2, ""regressor__alpha"": 0.1}",291,2013,0.03,Dune,rsbs,1,T3,89,True
MR,0.12182061403783756,"{""lasso__regressor__alpha"": 0.01}",291,2013,0.03,Dune,rsbs,1,T3,89,True
RF,0.1289875010137968,"{""max_features"": 1.0, ""min_samples_leaf"": 1, ""n_estimators"": 10}",291,2013,0.04,Dune,rsbs,1,T3,89,True
SVR,0.11046913657165709,"{""regressor__tol"": 0.1, ""regressor__shrinking"": false, ""regressor__epsilon"": 0.1, ""regressor__coef0"": 1.0, ""regressor__C"": 2.0}",291,2013,0.06,Dune,rsbs,1,T3,89,True
CART,0.14580328994092087,"{""max_features"": 1.0, ""min_samples_leaf"": 1, ""splitter"": ""best""}",291,2013,0.0,Dune,rsbs,1,T3,90,True
kNN,0.14766558166410806,"{""n_neighbors"": 8, ""p"": 1, ""weights"": ""distance""}",291,2013,0.03,Dune,rsbs,1,T3,90,True
KRR,0.11886198834919426,"{""regressor__kernel"": ""rbf"", ""regressor__gamma"": 0.2, ""regressor__alpha"": 0.1}",291,2013,0.03,Dune,rsbs,1,T3,90,True
MR,0.1359377450733651,"{""lasso__regressor__alpha"": 0.01}",291,2013,0.03,Dune,rsbs,1,T3,90,True
RF,0.14248045249476315,"{""max_features"": 1.0, ""min_samples_leaf"": 1, ""n_estimators"": 10}",291,2013,0.04,Dune,rsbs,1,T3,90,True
SVR,0.12948818600337939,"{""regressor__tol"": 0.1, ""regressor__shrinking"": false, ""regressor__epsilon"": 0.1, ""regressor__coef0"": 1.0, ""regressor__C"": 2.0}",291,2013,0.06,Dune,rsbs,1,T3,90,True
CART,0.13718620737044632,"{""max_features"": 1.0, ""min_samples_leaf"": 1, ""splitter"": ""best""}",291,2013,0.0,Dune,rsbs,1,T3,91,True
kNN,0.15250048668497654,"{""n_neighbors"": 8, ""p"": 1, ""weights"": ""distance""}",291,2013,0.03,Dune,rsbs,1,T3,91,True
KRR,0.11803523190524733,"{""regressor__kernel"": ""rbf"", ""regressor__gamma"": 0.2, ""regressor__alpha"": 0.1}",291,2013,0.03,Dune,rsbs,1,T3,91,True
MR,0.12950572052321685,"{""lasso__regressor__alpha"": 0.01}",291,2013,0.03,Dune,rsbs,1,T3,91,True
RF,0.12904266138511192,"{""max_features"": 1.0, ""min_samples_leaf"": 1, ""n_estimators"": 10}",291,2013,0.04,Dune,rsbs,1,T3,91,True
SVR,0.11943923225730181,"{""regressor__tol"": 0.1, ""regressor__shrinking"": false, ""regressor__epsilon"": 0.1, ""regressor__coef0"": 1.0, ""regressor__C"": 2.0}",291,2013,0.06,Dune,rsbs,1,T3,91,True
CART,0.14533697450257807,"{""max_features"": 1.0, ""min_samples_leaf"": 1, ""splitter"": ""best""}",291,2013,0.0,Dune,rsbs,1,T3,92,True
kNN,0.14710183153377976,"{""n_neighbors"": 8, ""p"": 1, ""weights"": ""distance""}",291,2013,0.03,Dune,rsbs,1,T3,92,True
KRR,0.1209786924992205,"{""regressor__kernel"": ""rbf"", ""regressor__gamma"": 0.2, ""regressor__alpha"": 0.1}",291,2013,0.03,Dune,rsbs,1,T3,92,True
MR,0.1379350683875538,"{""lasso__regressor__alpha"": 0.01}",291,2013,0.03,Dune,rsbs,1,T3,92,True
RF,0.14025942351200243,"{""max_features"": 1.0, ""min_samples_leaf"": 1, ""n_estimators"": 10}",291,2013,0.04,Dune,rsbs,1,T3,92,True
SVR,0.1255223488906003,"{""regressor__tol"": 0.1, ""regressor__shrinking"": false, ""regressor__epsilon"": 0.1, ""regressor__coef0"": 1.0, ""regressor__C"": 2.0}",291,2013,0.06,Dune,rsbs,1,T3,92,True
CART,0.15489038910406874,"{""max_features"": 1.0, ""min_samples_leaf"": 1, ""splitter"": ""best""}",291,2013,0.0,Dune,rsbs,1,T3,93,True
kNN,0.15798970259054848,"{""n_neighbors"": 8, ""p"": 1, ""weights"": ""distance""}",291,2013,0.03,Dune,rsbs,1,T3,93,True
KRR,0.14339352507179068,"{""regressor__kernel"": ""rbf"", ""regressor__gamma"": 0.2, ""regressor__alpha"": 0.1}",291,2013,0.03,Dune,rsbs,1,T3,93,True
MR,0.16160899217176908,"{""lasso__regressor__alpha"": 0.01}",291,2013,0.03,Dune,rsbs,1,T3,93,True
RF,0.15847619663064746,"{""max_features"": 1.0, ""min_samples_leaf"": 1, ""n_estimators"": 10}",291,2013,0.03,Dune,rsbs,1,T3,93,True
SVR,0.14447719739139991,"{""regressor__tol"": 0.1, ""regressor__shrinking"": false, ""regressor__epsilon"": 0.1, ""regressor__coef0"": 1.0, ""regressor__C"": 2.0}",291,2013,0.06,Dune,rsbs,1,T3,93,True
CART,0.1495450957916553,"{""max_features"": 1.0, ""min_samples_leaf"": 1, ""splitter"": ""best""}",291,2013,0.0,Dune,rsbs,1,T3,94,True
kNN,0.14750834918027286,"{""n_neighbors"": 8, ""p"": 1, ""weights"": ""distance""}",291,2013,0.03,Dune,rsbs,1,T3,94,True
KRR,0.11730014141770513,"{""regressor__kernel"": ""rbf"", ""regressor__gamma"": 0.2, ""regressor__alpha"": 0.1}",291,2013,0.03,Dune,rsbs,1,T3,94,True
MR,0.12971377035931012,"{""lasso__regressor__alpha"": 0.01}",291,2013,0.03,Dune,rsbs,1,T3,94,True
RF,0.1291324210490966,"{""max_features"": 1.0, ""min_samples_leaf"": 1, ""n_estimators"": 10}",291,2013,0.04,Dune,rsbs,1,T3,94,True
SVR,0.11894491356730648,"{""regressor__tol"": 0.1, ""regressor__shrinking"": false, ""regressor__epsilon"": 0.1, ""regressor__coef0"": 1.0, ""regressor__C"": 2.0}",291,2013,0.06,Dune,rsbs,1,T3,94,True
CART,0.1504364776020841,"{""max_features"": 1.0, ""min_samples_leaf"": 1, ""splitter"": ""best""}",291,2013,0.0,Dune,rsbs,1,T3,95,True
kNN,0.1473407331681221,"{""n_neighbors"": 8, ""p"": 1, ""weights"": ""distance""}",291,2013,0.03,Dune,rsbs,1,T3,95,True
KRR,0.13981152827128265,"{""regressor__kernel"": ""rbf"", ""regressor__gamma"": 0.2, ""regressor__alpha"": 0.1}",291,2013,0.03,Dune,rsbs,1,T3,95,True
MR,0.14615002973159227,"{""lasso__regressor__alpha"": 0.01}",291,2013,0.03,Dune,rsbs,1,T3,95,True
RF,0.14551343456438562,"{""max_features"": 1.0, ""min_samples_leaf"": 1, ""n_estimators"": 10}",291,2013,0.03,Dune,rsbs,1,T3,95,True
SVR,0.13514909143518655,"{""regressor__tol"": 0.1, ""regressor__shrinking"": false, ""regressor__epsilon"": 0.1, ""regressor__coef0"": 1.0, ""regressor__C"": 2.0}",291,2013,0.06,Dune,rsbs,1,T3,95,True
CART,0.1399100924248822,"{""max_features"": 1.0, ""min_samples_leaf"": 1, ""splitter"": ""best""}",291,2013,0.0,Dune,rsbs,1,T3,96,True
kNN,0.1467317473814283,"{""n_neighbors"": 8, ""p"": 1, ""weights"": ""distance""}",291,2013,0.03,Dune,rsbs,1,T3,96,True
KRR,0.11247601609923341,"{""regressor__kernel"": ""rbf"", ""regressor__gamma"": 0.2, ""regressor__alpha"": 0.1}",291,2013,0.03,Dune,rsbs,1,T3,96,True
MR,0.13206157345937133,"{""lasso__regressor__alpha"": 0.01}",291,2013,0.03,Dune,rsbs,1,T3,96,True
RF,0.13597714516813084,"{""max_features"": 1.0, ""min_samples_leaf"": 1, ""n_estimators"": 10}",291,2013,0.04,Dune,rsbs,1,T3,96,True
SVR,0.1186786344820106,"{""regressor__tol"": 0.1, ""regressor__shrinking"": false, ""regressor__epsilon"": 0.1, ""regressor__coef0"": 1.0, ""regressor__C"": 2.0}",291,2013,0.06,Dune,rsbs,1,T3,96,True
CART,0.13291447069643622,"{""max_features"": 1.0, ""min_samples_leaf"": 1, ""splitter"": ""best""}",291,2013,0.0,Dune,rsbs,1,T3,97,True
kNN,0.14792047879838996,"{""n_neighbors"": 8, ""p"": 1, ""weights"": ""distance""}",291,2013,0.03,Dune,rsbs,1,T3,97,True
KRR,0.13025037266616157,"{""regressor__kernel"": ""rbf"", ""regressor__gamma"": 0.2, ""regressor__alpha"": 0.1}",291,2013,0.03,Dune,rsbs,1,T3,97,True
MR,0.1391607806934716,"{""lasso__regressor__alpha"": 0.01}",291,2013,0.04,Dune,rsbs,1,T3,97,True
RF,0.14026595737680647,"{""max_features"": 1.0, ""min_samples_leaf"": 1, ""n_estimators"": 10}",291,2013,0.03,Dune,rsbs,1,T3,97,True
SVR,0.1306006717117354,"{""regressor__tol"": 0.1, ""regressor__shrinking"": false, ""regressor__epsilon"": 0.1, ""regressor__coef0"": 1.0, ""regressor__C"": 2.0}",291,2013,0.06,Dune,rsbs,1,T3,97,True
CART,0.1216852732414968,"{""max_features"": 1.0, ""min_samples_leaf"": 1, ""splitter"": ""best""}",291,2013,0.0,Dune,rsbs,1,T3,98,True
kNN,0.14776065017373455,"{""n_neighbors"": 8, ""p"": 1, ""weights"": ""distance""}",291,2013,0.03,Dune,rsbs,1,T3,98,True
KRR,0.12453144200716997,"{""regressor__kernel"": ""rbf"", ""regressor__gamma"": 0.2, ""regressor__alpha"": 0.1}",291,2013,0.03,Dune,rsbs,1,T3,98,True
MR,0.12761110069213563,"{""lasso__regressor__alpha"": 0.01}",291,2013,0.03,Dune,rsbs,1,T3,98,True
RF,0.12964302997545932,"{""max_features"": 1.0, ""min_samples_leaf"": 1, ""n_estimators"": 10}",291,2013,0.04,Dune,rsbs,1,T3,98,True
SVR,0.12339539215797238,"{""regressor__tol"": 0.1, ""regressor__shrinking"": false, ""regressor__epsilon"": 0.1, ""regressor__coef0"": 1.0, ""regressor__C"": 2.0}",291,2013,0.06,Dune,rsbs,1,T3,98,True
CART,0.16007554879320213,"{""max_features"": 1.0, ""min_samples_leaf"": 1, ""splitter"": ""best""}",291,2013,0.0,Dune,rsbs,1,T3,99,True
kNN,0.15862548864387685,"{""n_neighbors"": 8, ""p"": 1, ""weights"": ""distance""}",291,2013,0.03,Dune,rsbs,1,T3,99,True
KRR,0.12119693525505698,"{""regressor__kernel"": ""rbf"", ""regressor__gamma"": 0.2, ""regressor__alpha"": 0.1}",291,2013,0.02,Dune,rsbs,1,T3,99,True
MR,0.14454967558801618,"{""lasso__regressor__alpha"": 0.01}",291,2013,0.03,Dune,rsbs,1,T3,99,True
RF,0.143095624731068,"{""max_features"": 1.0, ""min_samples_leaf"": 1, ""n_estimators"": 10}",291,2013,0.03,Dune,rsbs,1,T3,99,True
SVR,0.13097109399132362,"{""regressor__tol"": 0.1, ""regressor__shrinking"": false, ""regressor__epsilon"": 0.1, ""regressor__coef0"": 1.0, ""regressor__C"": 2.0}",291,2013,0.05,Dune,rsbs,1,T3,99,True
CART,0.16406629307452428,"{""max_features"": 1.0, ""min_samples_leaf"": 1, ""splitter"": ""best""}",291,2013,0.0,Dune,rsbs,1,T3,100,True
kNN,0.153497906997402,"{""n_neighbors"": 8, ""p"": 1, ""weights"": ""distance""}",291,2013,0.03,Dune,rsbs,1,T3,100,True
KRR,0.12138053760064964,"{""regressor__kernel"": ""rbf"", ""regressor__gamma"": 0.2, ""regressor__alpha"": 0.1}",291,2013,0.03,Dune,rsbs,1,T3,100,True
MR,0.1300035407919545,"{""lasso__regressor__alpha"": 0.01}",291,2013,0.03,Dune,rsbs,1,T3,100,True
RF,0.1428664429312707,"{""max_features"": 1.0, ""min_samples_leaf"": 1, ""n_estimators"": 10}",291,2013,0.03,Dune,rsbs,1,T3,100,True
SVR,0.13171252658887386,"{""regressor__tol"": 0.1, ""regressor__shrinking"": false, ""regressor__epsilon"": 0.1, ""regressor__coef0"": 1.0, ""regressor__C"": 2.0}",291,2013,0.03,Dune,rsbs,1,T3,100,True
