technique,mre,params,trained_count,test_count,learn_time,system,strategy,rq,size_type,seed,tuned
CART,1.7760547644232483,"{""max_features"": ""log2"", ""min_samples_leaf"": 2, ""splitter"": ""best""}",7,193529,0.03,JavaGC,ddbs,1,T1,1,True
kNN,1.247720073044123,"{""n_neighbors"": 5, ""p"": 1, ""weights"": ""uniform""}",7,193529,0.25,JavaGC,ddbs,1,T1,1,True
KRR,1.568667253606185,"{""regressor__kernel"": ""rbf"", ""regressor__gamma"": 0.01, ""regressor__alpha"": 0.1}",7,193529,0.17,JavaGC,ddbs,1,T1,1,True
MR,1.532254426259537,"{""lasso__regressor__alpha"": 0.1}",7,193529,3.66,JavaGC,ddbs,1,T1,1,True
RF,1.169111995811693,"{""max_features"": ""sqrt"", ""min_samples_leaf"": 2, ""n_estimators"": 10}",7,193529,0.06,JavaGC,ddbs,1,T1,1,True
SVR,1.0063245241743044,"{""regressor__tol"": 0.3, ""regressor__shrinking"": false, ""regressor__epsilon"": 0.1, ""regressor__coef0"": 2.0, ""regressor__C"": 0.5}",7,193529,0.22,JavaGC,ddbs,1,T1,1,True
CART,1.9247240299238966,"{""max_features"": ""log2"", ""min_samples_leaf"": 2, ""splitter"": ""best""}",7,193529,0.04,JavaGC,ddbs,1,T1,2,True
kNN,1.429194701803169,"{""n_neighbors"": 5, ""p"": 1, ""weights"": ""uniform""}",7,193529,0.26,JavaGC,ddbs,1,T1,2,True
KRR,1.751328815794215,"{""regressor__kernel"": ""rbf"", ""regressor__gamma"": 0.01, ""regressor__alpha"": 0.1}",7,193529,0.17,JavaGC,ddbs,1,T1,2,True
MR,1.4985072383555014,"{""lasso__regressor__alpha"": 0.1}",7,193529,3.63,JavaGC,ddbs,1,T1,2,True
RF,1.376465754778777,"{""max_features"": ""sqrt"", ""min_samples_leaf"": 2, ""n_estimators"": 10}",7,193529,0.06,JavaGC,ddbs,1,T1,2,True
SVR,1.1007046944714125,"{""regressor__tol"": 0.3, ""regressor__shrinking"": false, ""regressor__epsilon"": 0.1, ""regressor__coef0"": 2.0, ""regressor__C"": 0.5}",7,193529,0.22,JavaGC,ddbs,1,T1,2,True
CART,1.314942597862027,"{""max_features"": ""log2"", ""min_samples_leaf"": 2, ""splitter"": ""best""}",7,193529,0.03,JavaGC,ddbs,1,T1,3,True
kNN,1.3010953758916346,"{""n_neighbors"": 5, ""p"": 1, ""weights"": ""uniform""}",7,193529,0.25,JavaGC,ddbs,1,T1,3,True
KRR,1.6488138031979118,"{""regressor__kernel"": ""rbf"", ""regressor__gamma"": 0.01, ""regressor__alpha"": 0.1}",7,193529,0.13,JavaGC,ddbs,1,T1,3,True
MR,1.6296411713294054,"{""lasso__regressor__alpha"": 0.1}",7,193529,3.6,JavaGC,ddbs,1,T1,3,True
RF,1.2843843733745932,"{""max_features"": ""sqrt"", ""min_samples_leaf"": 2, ""n_estimators"": 10}",7,193529,0.06,JavaGC,ddbs,1,T1,3,True
SVR,1.0419536874516109,"{""regressor__tol"": 0.3, ""regressor__shrinking"": false, ""regressor__epsilon"": 0.1, ""regressor__coef0"": 2.0, ""regressor__C"": 0.5}",7,193529,0.22,JavaGC,ddbs,1,T1,3,True
CART,1.2551028640598547,"{""max_features"": ""log2"", ""min_samples_leaf"": 2, ""splitter"": ""best""}",7,193529,0.03,JavaGC,ddbs,1,T1,4,True
kNN,0.9482485504575849,"{""n_neighbors"": 5, ""p"": 1, ""weights"": ""uniform""}",7,193529,0.25,JavaGC,ddbs,1,T1,4,True
KRR,1.1673175200409578,"{""regressor__kernel"": ""rbf"", ""regressor__gamma"": 0.01, ""regressor__alpha"": 0.1}",7,193529,0.14,JavaGC,ddbs,1,T1,4,True
MR,1.553637056770459,"{""lasso__regressor__alpha"": 0.1}",7,193529,3.45,JavaGC,ddbs,1,T1,4,True
RF,0.9688325449396629,"{""max_features"": ""sqrt"", ""min_samples_leaf"": 2, ""n_estimators"": 10}",7,193529,0.06,JavaGC,ddbs,1,T1,4,True
SVR,0.8191695664054605,"{""regressor__tol"": 0.3, ""regressor__shrinking"": false, ""regressor__epsilon"": 0.1, ""regressor__coef0"": 2.0, ""regressor__C"": 0.5}",7,193529,0.17,JavaGC,ddbs,1,T1,4,True
CART,1.9655674625753619,"{""max_features"": ""log2"", ""min_samples_leaf"": 2, ""splitter"": ""best""}",7,193529,0.03,JavaGC,ddbs,1,T1,5,True
kNN,1.228109012240757,"{""n_neighbors"": 5, ""p"": 1, ""weights"": ""uniform""}",7,193529,0.26,JavaGC,ddbs,1,T1,5,True
KRR,1.3822904716527704,"{""regressor__kernel"": ""rbf"", ""regressor__gamma"": 0.01, ""regressor__alpha"": 0.1}",7,193529,0.13,JavaGC,ddbs,1,T1,5,True
MR,1.2488139615892124,"{""lasso__regressor__alpha"": 0.1}",7,193529,3.8,JavaGC,ddbs,1,T1,5,True
RF,0.9511833675813025,"{""max_features"": ""sqrt"", ""min_samples_leaf"": 2, ""n_estimators"": 10}",7,193529,0.07,JavaGC,ddbs,1,T1,5,True
SVR,0.8409293967575916,"{""regressor__tol"": 0.3, ""regressor__shrinking"": false, ""regressor__epsilon"": 0.1, ""regressor__coef0"": 2.0, ""regressor__C"": 0.5}",7,193529,0.18,JavaGC,ddbs,1,T1,5,True
CART,3.0354044486204406,"{""max_features"": ""log2"", ""min_samples_leaf"": 2, ""splitter"": ""best""}",7,193529,0.03,JavaGC,ddbs,1,T1,6,True
kNN,2.271444477231766,"{""n_neighbors"": 5, ""p"": 1, ""weights"": ""uniform""}",7,193529,0.25,JavaGC,ddbs,1,T1,6,True
KRR,2.4201098168684565,"{""regressor__kernel"": ""rbf"", ""regressor__gamma"": 0.01, ""regressor__alpha"": 0.1}",7,193529,0.13,JavaGC,ddbs,1,T1,6,True
MR,1.4692335390874838,"{""lasso__regressor__alpha"": 0.1}",7,193529,3.6,JavaGC,ddbs,1,T1,6,True
RF,2.22908446979462,"{""max_features"": ""sqrt"", ""min_samples_leaf"": 2, ""n_estimators"": 10}",7,193529,0.05,JavaGC,ddbs,1,T1,6,True
SVR,2.2972911139065295,"{""regressor__tol"": 0.3, ""regressor__shrinking"": false, ""regressor__epsilon"": 0.1, ""regressor__coef0"": 2.0, ""regressor__C"": 0.5}",7,193529,0.18,JavaGC,ddbs,1,T1,6,True
CART,1.1881324418547647,"{""max_features"": ""log2"", ""min_samples_leaf"": 2, ""splitter"": ""best""}",7,193529,0.03,JavaGC,ddbs,1,T1,7,True
kNN,0.76195359500862,"{""n_neighbors"": 5, ""p"": 1, ""weights"": ""uniform""}",7,193529,0.26,JavaGC,ddbs,1,T1,7,True
KRR,0.7919787668082813,"{""regressor__kernel"": ""rbf"", ""regressor__gamma"": 0.01, ""regressor__alpha"": 0.1}",7,193529,0.15,JavaGC,ddbs,1,T1,7,True
MR,0.8128467044231528,"{""lasso__regressor__alpha"": 0.1}",7,193529,3.72,JavaGC,ddbs,1,T1,7,True
RF,0.9221263891195447,"{""max_features"": ""sqrt"", ""min_samples_leaf"": 2, ""n_estimators"": 10}",7,193529,0.06,JavaGC,ddbs,1,T1,7,True
SVR,0.5591295828663928,"{""regressor__tol"": 0.3, ""regressor__shrinking"": false, ""regressor__epsilon"": 0.1, ""regressor__coef0"": 2.0, ""regressor__C"": 0.5}",7,193529,0.2,JavaGC,ddbs,1,T1,7,True
CART,1.3764610361086251,"{""max_features"": ""log2"", ""min_samples_leaf"": 2, ""splitter"": ""best""}",7,193529,0.03,JavaGC,ddbs,1,T1,8,True
kNN,1.2749972269364205,"{""n_neighbors"": 5, ""p"": 1, ""weights"": ""uniform""}",7,193529,0.25,JavaGC,ddbs,1,T1,8,True
KRR,1.2500610474094005,"{""regressor__kernel"": ""rbf"", ""regressor__gamma"": 0.01, ""regressor__alpha"": 0.1}",7,193529,0.12,JavaGC,ddbs,1,T1,8,True
MR,1.681472533772761,"{""lasso__regressor__alpha"": 0.1}",7,193529,3.46,JavaGC,ddbs,1,T1,8,True
RF,1.3042339812745933,"{""max_features"": ""sqrt"", ""min_samples_leaf"": 2, ""n_estimators"": 10}",7,193529,0.06,JavaGC,ddbs,1,T1,8,True
SVR,1.5704315225117664,"{""regressor__tol"": 0.3, ""regressor__shrinking"": false, ""regressor__epsilon"": 0.1, ""regressor__coef0"": 2.0, ""regressor__C"": 0.5}",7,193529,0.24,JavaGC,ddbs,1,T1,8,True
CART,1.3679318642145404,"{""max_features"": ""log2"", ""min_samples_leaf"": 2, ""splitter"": ""best""}",7,193529,0.03,JavaGC,ddbs,1,T1,9,True
kNN,1.289027092450984,"{""n_neighbors"": 5, ""p"": 1, ""weights"": ""uniform""}",7,193529,0.27,JavaGC,ddbs,1,T1,9,True
KRR,1.3399241703116063,"{""regressor__kernel"": ""rbf"", ""regressor__gamma"": 0.01, ""regressor__alpha"": 0.1}",7,193529,0.15,JavaGC,ddbs,1,T1,9,True
MR,1.0560859694259344,"{""lasso__regressor__alpha"": 0.1}",7,193529,3.74,JavaGC,ddbs,1,T1,9,True
RF,1.219130305383775,"{""max_features"": ""sqrt"", ""min_samples_leaf"": 2, ""n_estimators"": 10}",7,193529,0.07,JavaGC,ddbs,1,T1,9,True
SVR,1.4267607559771993,"{""regressor__tol"": 0.3, ""regressor__shrinking"": false, ""regressor__epsilon"": 0.1, ""regressor__coef0"": 2.0, ""regressor__C"": 0.5}",7,193529,0.22,JavaGC,ddbs,1,T1,9,True
CART,2.039906945503189,"{""max_features"": ""log2"", ""min_samples_leaf"": 2, ""splitter"": ""best""}",7,193529,0.03,JavaGC,ddbs,1,T1,10,True
kNN,1.9165179343842478,"{""n_neighbors"": 5, ""p"": 1, ""weights"": ""uniform""}",7,193529,0.27,JavaGC,ddbs,1,T1,10,True
KRR,2.034989803410036,"{""regressor__kernel"": ""rbf"", ""regressor__gamma"": 0.01, ""regressor__alpha"": 0.1}",7,193529,0.15,JavaGC,ddbs,1,T1,10,True
MR,2.233821455112344,"{""lasso__regressor__alpha"": 0.1}",7,193529,3.84,JavaGC,ddbs,1,T1,10,True
RF,1.913229736843682,"{""max_features"": ""sqrt"", ""min_samples_leaf"": 2, ""n_estimators"": 10}",7,193529,0.06,JavaGC,ddbs,1,T1,10,True
SVR,1.7507117355885355,"{""regressor__tol"": 0.3, ""regressor__shrinking"": false, ""regressor__epsilon"": 0.1, ""regressor__coef0"": 2.0, ""regressor__C"": 0.5}",7,193529,0.21,JavaGC,ddbs,1,T1,10,True
CART,1.2473166970592302,"{""max_features"": ""log2"", ""min_samples_leaf"": 2, ""splitter"": ""best""}",7,193529,0.03,JavaGC,ddbs,1,T1,11,True
kNN,1.034981366646495,"{""n_neighbors"": 5, ""p"": 1, ""weights"": ""uniform""}",7,193529,0.26,JavaGC,ddbs,1,T1,11,True
KRR,1.2731059868987478,"{""regressor__kernel"": ""rbf"", ""regressor__gamma"": 0.01, ""regressor__alpha"": 0.1}",7,193529,0.15,JavaGC,ddbs,1,T1,11,True
MR,1.4767090276962935,"{""lasso__regressor__alpha"": 0.1}",7,193529,3.82,JavaGC,ddbs,1,T1,11,True
RF,1.12496143896067,"{""max_features"": ""sqrt"", ""min_samples_leaf"": 2, ""n_estimators"": 10}",7,193529,0.06,JavaGC,ddbs,1,T1,11,True
SVR,0.8104203791324106,"{""regressor__tol"": 0.3, ""regressor__shrinking"": false, ""regressor__epsilon"": 0.1, ""regressor__coef0"": 2.0, ""regressor__C"": 0.5}",7,193529,0.22,JavaGC,ddbs,1,T1,11,True
CART,1.2616499043269758,"{""max_features"": ""log2"", ""min_samples_leaf"": 2, ""splitter"": ""best""}",7,193529,0.03,JavaGC,ddbs,1,T1,12,True
kNN,1.1116591182978506,"{""n_neighbors"": 5, ""p"": 1, ""weights"": ""uniform""}",7,193529,0.24,JavaGC,ddbs,1,T1,12,True
KRR,1.3423065370546226,"{""regressor__kernel"": ""rbf"", ""regressor__gamma"": 0.01, ""regressor__alpha"": 0.1}",7,193529,0.12,JavaGC,ddbs,1,T1,12,True
MR,0.9964468801802983,"{""lasso__regressor__alpha"": 0.1}",7,193529,3.71,JavaGC,ddbs,1,T1,12,True
RF,0.9525756665796568,"{""max_features"": ""sqrt"", ""min_samples_leaf"": 2, ""n_estimators"": 10}",7,193529,0.06,JavaGC,ddbs,1,T1,12,True
SVR,0.7584291046737569,"{""regressor__tol"": 0.3, ""regressor__shrinking"": false, ""regressor__epsilon"": 0.1, ""regressor__coef0"": 2.0, ""regressor__C"": 0.5}",7,193529,0.22,JavaGC,ddbs,1,T1,12,True
CART,1.9725787409097486,"{""max_features"": ""log2"", ""min_samples_leaf"": 2, ""splitter"": ""best""}",7,193529,0.03,JavaGC,ddbs,1,T1,13,True
kNN,1.9129804732376547,"{""n_neighbors"": 5, ""p"": 1, ""weights"": ""uniform""}",7,193529,0.26,JavaGC,ddbs,1,T1,13,True
KRR,1.6975743265202543,"{""regressor__kernel"": ""rbf"", ""regressor__gamma"": 0.01, ""regressor__alpha"": 0.1}",7,193529,0.15,JavaGC,ddbs,1,T1,13,True
MR,1.7699959210065748,"{""lasso__regressor__alpha"": 0.1}",7,193529,3.78,JavaGC,ddbs,1,T1,13,True
RF,1.6913235552350832,"{""max_features"": ""sqrt"", ""min_samples_leaf"": 2, ""n_estimators"": 10}",7,193529,0.06,JavaGC,ddbs,1,T1,13,True
SVR,1.4440737336305147,"{""regressor__tol"": 0.3, ""regressor__shrinking"": false, ""regressor__epsilon"": 0.1, ""regressor__coef0"": 2.0, ""regressor__C"": 0.5}",7,193529,0.22,JavaGC,ddbs,1,T1,13,True
CART,1.5615255198774118,"{""max_features"": ""log2"", ""min_samples_leaf"": 2, ""splitter"": ""best""}",7,193529,0.03,JavaGC,ddbs,1,T1,14,True
kNN,0.8575863746065692,"{""n_neighbors"": 5, ""p"": 1, ""weights"": ""uniform""}",7,193529,0.25,JavaGC,ddbs,1,T1,14,True
KRR,1.2602408007708228,"{""regressor__kernel"": ""rbf"", ""regressor__gamma"": 0.01, ""regressor__alpha"": 0.1}",7,193529,0.13,JavaGC,ddbs,1,T1,14,True
MR,1.3704542506664206,"{""lasso__regressor__alpha"": 0.1}",7,193529,3.78,JavaGC,ddbs,1,T1,14,True
RF,0.8741476848311377,"{""max_features"": ""sqrt"", ""min_samples_leaf"": 2, ""n_estimators"": 10}",7,193529,0.06,JavaGC,ddbs,1,T1,14,True
SVR,0.6600145406451791,"{""regressor__tol"": 0.3, ""regressor__shrinking"": false, ""regressor__epsilon"": 0.1, ""regressor__coef0"": 2.0, ""regressor__C"": 0.5}",7,193529,0.18,JavaGC,ddbs,1,T1,14,True
CART,1.8963539730461054,"{""max_features"": ""log2"", ""min_samples_leaf"": 2, ""splitter"": ""best""}",7,193529,0.03,JavaGC,ddbs,1,T1,15,True
kNN,0.9517484945218144,"{""n_neighbors"": 5, ""p"": 1, ""weights"": ""uniform""}",7,193529,0.27,JavaGC,ddbs,1,T1,15,True
KRR,1.1008278100336768,"{""regressor__kernel"": ""rbf"", ""regressor__gamma"": 0.01, ""regressor__alpha"": 0.1}",7,193529,0.16,JavaGC,ddbs,1,T1,15,True
MR,1.7196604239126034,"{""lasso__regressor__alpha"": 0.1}",7,193529,3.67,JavaGC,ddbs,1,T1,15,True
RF,0.8891774534565072,"{""max_features"": ""sqrt"", ""min_samples_leaf"": 2, ""n_estimators"": 10}",7,193529,0.06,JavaGC,ddbs,1,T1,15,True
SVR,0.9505265693245207,"{""regressor__tol"": 0.3, ""regressor__shrinking"": false, ""regressor__epsilon"": 0.1, ""regressor__coef0"": 2.0, ""regressor__C"": 0.5}",7,193529,0.22,JavaGC,ddbs,1,T1,15,True
CART,1.872792042742477,"{""max_features"": ""log2"", ""min_samples_leaf"": 2, ""splitter"": ""best""}",7,193529,0.03,JavaGC,ddbs,1,T1,16,True
kNN,1.3507476281545137,"{""n_neighbors"": 5, ""p"": 1, ""weights"": ""uniform""}",7,193529,0.27,JavaGC,ddbs,1,T1,16,True
KRR,1.6257829499169312,"{""regressor__kernel"": ""rbf"", ""regressor__gamma"": 0.01, ""regressor__alpha"": 0.1}",7,193529,0.15,JavaGC,ddbs,1,T1,16,True
MR,1.4325922627244079,"{""lasso__regressor__alpha"": 0.1}",7,193529,3.67,JavaGC,ddbs,1,T1,16,True
RF,1.200824942773613,"{""max_features"": ""sqrt"", ""min_samples_leaf"": 2, ""n_estimators"": 10}",7,193529,0.06,JavaGC,ddbs,1,T1,16,True
SVR,1.1297285096915595,"{""regressor__tol"": 0.3, ""regressor__shrinking"": false, ""regressor__epsilon"": 0.1, ""regressor__coef0"": 2.0, ""regressor__C"": 0.5}",7,193529,0.22,JavaGC,ddbs,1,T1,16,True
CART,2.1493843480951806,"{""max_features"": ""log2"", ""min_samples_leaf"": 2, ""splitter"": ""best""}",7,193529,0.03,JavaGC,ddbs,1,T1,17,True
kNN,1.9012677543778436,"{""n_neighbors"": 5, ""p"": 1, ""weights"": ""uniform""}",7,193529,0.26,JavaGC,ddbs,1,T1,17,True
KRR,2.1303482813092542,"{""regressor__kernel"": ""rbf"", ""regressor__gamma"": 0.01, ""regressor__alpha"": 0.1}",7,193529,0.16,JavaGC,ddbs,1,T1,17,True
MR,2.068957795906148,"{""lasso__regressor__alpha"": 0.1}",7,193529,3.86,JavaGC,ddbs,1,T1,17,True
RF,1.9133588312623164,"{""max_features"": ""sqrt"", ""min_samples_leaf"": 2, ""n_estimators"": 10}",7,193529,0.06,JavaGC,ddbs,1,T1,17,True
SVR,1.9219671758011148,"{""regressor__tol"": 0.3, ""regressor__shrinking"": false, ""regressor__epsilon"": 0.1, ""regressor__coef0"": 2.0, ""regressor__C"": 0.5}",7,193529,0.18,JavaGC,ddbs,1,T1,17,True
CART,1.9020589211265313,"{""max_features"": ""log2"", ""min_samples_leaf"": 2, ""splitter"": ""best""}",7,193529,0.03,JavaGC,ddbs,1,T1,18,True
kNN,1.5459196457546598,"{""n_neighbors"": 5, ""p"": 1, ""weights"": ""uniform""}",7,193529,0.26,JavaGC,ddbs,1,T1,18,True
KRR,1.900962765034777,"{""regressor__kernel"": ""rbf"", ""regressor__gamma"": 0.01, ""regressor__alpha"": 0.1}",7,193529,0.13,JavaGC,ddbs,1,T1,18,True
MR,1.4093545129132994,"{""lasso__regressor__alpha"": 0.1}",7,193529,3.74,JavaGC,ddbs,1,T1,18,True
RF,1.280616402245583,"{""max_features"": ""sqrt"", ""min_samples_leaf"": 2, ""n_estimators"": 10}",7,193529,0.06,JavaGC,ddbs,1,T1,18,True
SVR,1.5458087608535263,"{""regressor__tol"": 0.3, ""regressor__shrinking"": false, ""regressor__epsilon"": 0.1, ""regressor__coef0"": 2.0, ""regressor__C"": 0.5}",7,193529,0.22,JavaGC,ddbs,1,T1,18,True
CART,1.7488248549751295,"{""max_features"": ""log2"", ""min_samples_leaf"": 2, ""splitter"": ""best""}",7,193529,0.04,JavaGC,ddbs,1,T1,19,True
kNN,1.627207516878186,"{""n_neighbors"": 5, ""p"": 1, ""weights"": ""uniform""}",7,193529,0.27,JavaGC,ddbs,1,T1,19,True
KRR,1.1858376587843173,"{""regressor__kernel"": ""rbf"", ""regressor__gamma"": 0.01, ""regressor__alpha"": 0.1}",7,193529,0.15,JavaGC,ddbs,1,T1,19,True
MR,0.8946530562535399,"{""lasso__regressor__alpha"": 0.1}",7,193529,3.79,JavaGC,ddbs,1,T1,19,True
RF,1.3103881899133119,"{""max_features"": ""sqrt"", ""min_samples_leaf"": 2, ""n_estimators"": 10}",7,193529,0.06,JavaGC,ddbs,1,T1,19,True
SVR,0.9986770294671731,"{""regressor__tol"": 0.3, ""regressor__shrinking"": false, ""regressor__epsilon"": 0.1, ""regressor__coef0"": 2.0, ""regressor__C"": 0.5}",7,193529,0.2,JavaGC,ddbs,1,T1,19,True
CART,0.9921874204531458,"{""max_features"": ""log2"", ""min_samples_leaf"": 2, ""splitter"": ""best""}",7,193529,0.03,JavaGC,ddbs,1,T1,20,True
kNN,0.8943051923483583,"{""n_neighbors"": 5, ""p"": 1, ""weights"": ""uniform""}",7,193529,0.27,JavaGC,ddbs,1,T1,20,True
KRR,0.866421634155132,"{""regressor__kernel"": ""rbf"", ""regressor__gamma"": 0.01, ""regressor__alpha"": 0.1}",7,193529,0.15,JavaGC,ddbs,1,T1,20,True
MR,0.8785806292414621,"{""lasso__regressor__alpha"": 0.1}",7,193529,3.57,JavaGC,ddbs,1,T1,20,True
RF,0.7419282018096345,"{""max_features"": ""sqrt"", ""min_samples_leaf"": 2, ""n_estimators"": 10}",7,193529,0.06,JavaGC,ddbs,1,T1,20,True
SVR,0.4755522849057283,"{""regressor__tol"": 0.3, ""regressor__shrinking"": false, ""regressor__epsilon"": 0.1, ""regressor__coef0"": 2.0, ""regressor__C"": 0.5}",7,193529,0.24,JavaGC,ddbs,1,T1,20,True
CART,1.401105066737824,"{""max_features"": ""log2"", ""min_samples_leaf"": 2, ""splitter"": ""best""}",7,193529,0.03,JavaGC,ddbs,1,T1,21,True
kNN,1.1995415203829365,"{""n_neighbors"": 5, ""p"": 1, ""weights"": ""uniform""}",7,193529,0.27,JavaGC,ddbs,1,T1,21,True
KRR,1.5292486559934273,"{""regressor__kernel"": ""rbf"", ""regressor__gamma"": 0.01, ""regressor__alpha"": 0.1}",7,193529,0.16,JavaGC,ddbs,1,T1,21,True
MR,1.6223761802864067,"{""lasso__regressor__alpha"": 0.1}",7,193529,3.69,JavaGC,ddbs,1,T1,21,True
RF,1.0844648987024978,"{""max_features"": ""sqrt"", ""min_samples_leaf"": 2, ""n_estimators"": 10}",7,193529,0.06,JavaGC,ddbs,1,T1,21,True
SVR,0.8835624764755104,"{""regressor__tol"": 0.3, ""regressor__shrinking"": false, ""regressor__epsilon"": 0.1, ""regressor__coef0"": 2.0, ""regressor__C"": 0.5}",7,193529,0.22,JavaGC,ddbs,1,T1,21,True
CART,1.0126129778732196,"{""max_features"": ""log2"", ""min_samples_leaf"": 2, ""splitter"": ""best""}",7,193529,0.03,JavaGC,ddbs,1,T1,22,True
kNN,0.8852599390603003,"{""n_neighbors"": 5, ""p"": 1, ""weights"": ""uniform""}",7,193529,0.26,JavaGC,ddbs,1,T1,22,True
KRR,0.9412428737140454,"{""regressor__kernel"": ""rbf"", ""regressor__gamma"": 0.01, ""regressor__alpha"": 0.1}",7,193529,0.12,JavaGC,ddbs,1,T1,22,True
MR,0.8070910018162893,"{""lasso__regressor__alpha"": 0.1}",7,193529,3.57,JavaGC,ddbs,1,T1,22,True
RF,0.831945633840197,"{""max_features"": ""sqrt"", ""min_samples_leaf"": 2, ""n_estimators"": 10}",7,193529,0.06,JavaGC,ddbs,1,T1,22,True
SVR,0.6987462149469789,"{""regressor__tol"": 0.3, ""regressor__shrinking"": false, ""regressor__epsilon"": 0.1, ""regressor__coef0"": 2.0, ""regressor__C"": 0.5}",7,193529,0.22,JavaGC,ddbs,1,T1,22,True
CART,1.260085487900278,"{""max_features"": ""log2"", ""min_samples_leaf"": 2, ""splitter"": ""best""}",7,193529,0.03,JavaGC,ddbs,1,T1,23,True
kNN,1.138765791555476,"{""n_neighbors"": 5, ""p"": 1, ""weights"": ""uniform""}",7,193529,0.25,JavaGC,ddbs,1,T1,23,True
KRR,1.1090804434402368,"{""regressor__kernel"": ""rbf"", ""regressor__gamma"": 0.01, ""regressor__alpha"": 0.1}",7,193529,0.13,JavaGC,ddbs,1,T1,23,True
MR,0.8571787509558064,"{""lasso__regressor__alpha"": 0.1}",7,193529,3.75,JavaGC,ddbs,1,T1,23,True
RF,1.264628809501017,"{""max_features"": ""sqrt"", ""min_samples_leaf"": 2, ""n_estimators"": 10}",7,193529,0.06,JavaGC,ddbs,1,T1,23,True
SVR,0.8200061350350355,"{""regressor__tol"": 0.3, ""regressor__shrinking"": false, ""regressor__epsilon"": 0.1, ""regressor__coef0"": 2.0, ""regressor__C"": 0.5}",7,193529,0.22,JavaGC,ddbs,1,T1,23,True
CART,1.2088325512576457,"{""max_features"": ""log2"", ""min_samples_leaf"": 2, ""splitter"": ""best""}",7,193529,0.03,JavaGC,ddbs,1,T1,24,True
kNN,1.1887124134570892,"{""n_neighbors"": 5, ""p"": 1, ""weights"": ""uniform""}",7,193529,0.24,JavaGC,ddbs,1,T1,24,True
KRR,1.074459933578891,"{""regressor__kernel"": ""rbf"", ""regressor__gamma"": 0.01, ""regressor__alpha"": 0.1}",7,193529,0.13,JavaGC,ddbs,1,T1,24,True
MR,0.8996739747582595,"{""lasso__regressor__alpha"": 0.1}",7,193529,3.46,JavaGC,ddbs,1,T1,24,True
RF,1.1243189831640084,"{""max_features"": ""sqrt"", ""min_samples_leaf"": 2, ""n_estimators"": 10}",7,193529,0.05,JavaGC,ddbs,1,T1,24,True
SVR,1.0466459394583225,"{""regressor__tol"": 0.3, ""regressor__shrinking"": false, ""regressor__epsilon"": 0.1, ""regressor__coef0"": 2.0, ""regressor__C"": 0.5}",7,193529,0.21,JavaGC,ddbs,1,T1,24,True
CART,0.7682382704981985,"{""max_features"": ""log2"", ""min_samples_leaf"": 2, ""splitter"": ""best""}",7,193529,0.03,JavaGC,ddbs,1,T1,25,True
kNN,0.5357647113669907,"{""n_neighbors"": 5, ""p"": 1, ""weights"": ""uniform""}",7,193529,0.27,JavaGC,ddbs,1,T1,25,True
KRR,0.7701987725530121,"{""regressor__kernel"": ""rbf"", ""regressor__gamma"": 0.01, ""regressor__alpha"": 0.1}",7,193529,0.15,JavaGC,ddbs,1,T1,25,True
MR,1.0089296857170578,"{""lasso__regressor__alpha"": 0.1}",7,193529,3.83,JavaGC,ddbs,1,T1,25,True
RF,0.48355929252362606,"{""max_features"": ""sqrt"", ""min_samples_leaf"": 2, ""n_estimators"": 10}",7,193529,0.06,JavaGC,ddbs,1,T1,25,True
SVR,0.5078160939217696,"{""regressor__tol"": 0.3, ""regressor__shrinking"": false, ""regressor__epsilon"": 0.1, ""regressor__coef0"": 2.0, ""regressor__C"": 0.5}",7,193529,0.18,JavaGC,ddbs,1,T1,25,True
CART,1.5041844215888416,"{""max_features"": ""log2"", ""min_samples_leaf"": 2, ""splitter"": ""best""}",7,193529,0.03,JavaGC,ddbs,1,T1,26,True
kNN,1.4222132339176263,"{""n_neighbors"": 5, ""p"": 1, ""weights"": ""uniform""}",7,193529,0.27,JavaGC,ddbs,1,T1,26,True
KRR,1.7849156079064226,"{""regressor__kernel"": ""rbf"", ""regressor__gamma"": 0.01, ""regressor__alpha"": 0.1}",7,193529,0.15,JavaGC,ddbs,1,T1,26,True
MR,1.59047079258879,"{""lasso__regressor__alpha"": 0.1}",7,193529,3.81,JavaGC,ddbs,1,T1,26,True
RF,1.3108993512177745,"{""max_features"": ""sqrt"", ""min_samples_leaf"": 2, ""n_estimators"": 10}",7,193529,0.06,JavaGC,ddbs,1,T1,26,True
SVR,1.075201732402252,"{""regressor__tol"": 0.3, ""regressor__shrinking"": false, ""regressor__epsilon"": 0.1, ""regressor__coef0"": 2.0, ""regressor__C"": 0.5}",7,193529,0.23,JavaGC,ddbs,1,T1,26,True
CART,1.0185653527043932,"{""max_features"": ""log2"", ""min_samples_leaf"": 2, ""splitter"": ""best""}",7,193529,0.03,JavaGC,ddbs,1,T1,27,True
kNN,0.9743271001840342,"{""n_neighbors"": 5, ""p"": 1, ""weights"": ""uniform""}",7,193529,0.25,JavaGC,ddbs,1,T1,27,True
KRR,0.9002024004152627,"{""regressor__kernel"": ""rbf"", ""regressor__gamma"": 0.01, ""regressor__alpha"": 0.1}",7,193529,0.15,JavaGC,ddbs,1,T1,27,True
MR,0.5346622002637312,"{""lasso__regressor__alpha"": 0.1}",7,193529,3.55,JavaGC,ddbs,1,T1,27,True
RF,0.8973031978403484,"{""max_features"": ""sqrt"", ""min_samples_leaf"": 2, ""n_estimators"": 10}",7,193529,0.06,JavaGC,ddbs,1,T1,27,True
SVR,1.1587823633115657,"{""regressor__tol"": 0.3, ""regressor__shrinking"": false, ""regressor__epsilon"": 0.1, ""regressor__coef0"": 2.0, ""regressor__C"": 0.5}",7,193529,0.22,JavaGC,ddbs,1,T1,27,True
CART,1.8267153763795232,"{""max_features"": ""log2"", ""min_samples_leaf"": 2, ""splitter"": ""best""}",7,193529,0.03,JavaGC,ddbs,1,T1,28,True
kNN,1.7894891650324722,"{""n_neighbors"": 5, ""p"": 1, ""weights"": ""uniform""}",7,193529,0.25,JavaGC,ddbs,1,T1,28,True
KRR,1.9042165671672384,"{""regressor__kernel"": ""rbf"", ""regressor__gamma"": 0.01, ""regressor__alpha"": 0.1}",7,193529,0.12,JavaGC,ddbs,1,T1,28,True
MR,1.811421269217932,"{""lasso__regressor__alpha"": 0.1}",7,193529,3.68,JavaGC,ddbs,1,T1,28,True
RF,1.8789536813473529,"{""max_features"": ""sqrt"", ""min_samples_leaf"": 2, ""n_estimators"": 10}",7,193529,0.06,JavaGC,ddbs,1,T1,28,True
SVR,1.948123284614666,"{""regressor__tol"": 0.3, ""regressor__shrinking"": false, ""regressor__epsilon"": 0.1, ""regressor__coef0"": 2.0, ""regressor__C"": 0.5}",7,193529,0.2,JavaGC,ddbs,1,T1,28,True
CART,2.084250737039571,"{""max_features"": ""log2"", ""min_samples_leaf"": 2, ""splitter"": ""best""}",7,193529,0.04,JavaGC,ddbs,1,T1,29,True
kNN,1.4617481404939305,"{""n_neighbors"": 5, ""p"": 1, ""weights"": ""uniform""}",7,193529,0.27,JavaGC,ddbs,1,T1,29,True
KRR,1.65671017459769,"{""regressor__kernel"": ""rbf"", ""regressor__gamma"": 0.01, ""regressor__alpha"": 0.1}",7,193529,0.16,JavaGC,ddbs,1,T1,29,True
MR,1.4907304060801838,"{""lasso__regressor__alpha"": 0.1}",7,193529,3.81,JavaGC,ddbs,1,T1,29,True
RF,1.3120175297724845,"{""max_features"": ""sqrt"", ""min_samples_leaf"": 2, ""n_estimators"": 10}",7,193529,0.06,JavaGC,ddbs,1,T1,29,True
SVR,1.3443609991221679,"{""regressor__tol"": 0.3, ""regressor__shrinking"": false, ""regressor__epsilon"": 0.1, ""regressor__coef0"": 2.0, ""regressor__C"": 0.5}",7,193529,0.2,JavaGC,ddbs,1,T1,29,True
CART,0.714241019534566,"{""max_features"": ""log2"", ""min_samples_leaf"": 2, ""splitter"": ""best""}",7,193529,0.03,JavaGC,ddbs,1,T1,30,True
kNN,0.6840537325391676,"{""n_neighbors"": 5, ""p"": 1, ""weights"": ""uniform""}",7,193529,0.27,JavaGC,ddbs,1,T1,30,True
KRR,0.8956689062276711,"{""regressor__kernel"": ""rbf"", ""regressor__gamma"": 0.01, ""regressor__alpha"": 0.1}",7,193529,0.16,JavaGC,ddbs,1,T1,30,True
MR,1.162045044856057,"{""lasso__regressor__alpha"": 0.1}",7,193529,3.75,JavaGC,ddbs,1,T1,30,True
RF,0.6637655788742055,"{""max_features"": ""sqrt"", ""min_samples_leaf"": 2, ""n_estimators"": 10}",7,193529,0.06,JavaGC,ddbs,1,T1,30,True
SVR,0.5667405765439204,"{""regressor__tol"": 0.3, ""regressor__shrinking"": false, ""regressor__epsilon"": 0.1, ""regressor__coef0"": 2.0, ""regressor__C"": 0.5}",7,193529,0.18,JavaGC,ddbs,1,T1,30,True
CART,1.286067300660542,"{""max_features"": ""log2"", ""min_samples_leaf"": 2, ""splitter"": ""best""}",7,193529,0.03,JavaGC,ddbs,1,T1,31,True
kNN,1.1657912578552192,"{""n_neighbors"": 5, ""p"": 1, ""weights"": ""uniform""}",7,193529,0.25,JavaGC,ddbs,1,T1,31,True
KRR,1.4304501676655927,"{""regressor__kernel"": ""rbf"", ""regressor__gamma"": 0.01, ""regressor__alpha"": 0.1}",7,193529,0.13,JavaGC,ddbs,1,T1,31,True
MR,1.1041203856636683,"{""lasso__regressor__alpha"": 0.1}",7,193529,3.64,JavaGC,ddbs,1,T1,31,True
RF,1.172311539347576,"{""max_features"": ""sqrt"", ""min_samples_leaf"": 2, ""n_estimators"": 10}",7,193529,0.06,JavaGC,ddbs,1,T1,31,True
SVR,1.0147761331249745,"{""regressor__tol"": 0.3, ""regressor__shrinking"": false, ""regressor__epsilon"": 0.1, ""regressor__coef0"": 2.0, ""regressor__C"": 0.5}",7,193529,0.22,JavaGC,ddbs,1,T1,31,True
CART,1.4485154605885182,"{""max_features"": ""log2"", ""min_samples_leaf"": 2, ""splitter"": ""best""}",7,193529,0.03,JavaGC,ddbs,1,T1,32,True
kNN,1.3731385887622598,"{""n_neighbors"": 5, ""p"": 1, ""weights"": ""uniform""}",7,193529,0.24,JavaGC,ddbs,1,T1,32,True
KRR,1.7235052047656592,"{""regressor__kernel"": ""rbf"", ""regressor__gamma"": 0.01, ""regressor__alpha"": 0.1}",7,193529,0.13,JavaGC,ddbs,1,T1,32,True
MR,1.9898187095739237,"{""lasso__regressor__alpha"": 0.1}",7,193529,3.66,JavaGC,ddbs,1,T1,32,True
RF,1.4294163855892839,"{""max_features"": ""sqrt"", ""min_samples_leaf"": 2, ""n_estimators"": 10}",7,193529,0.06,JavaGC,ddbs,1,T1,32,True
SVR,1.1688312364301328,"{""regressor__tol"": 0.3, ""regressor__shrinking"": false, ""regressor__epsilon"": 0.1, ""regressor__coef0"": 2.0, ""regressor__C"": 0.5}",7,193529,0.2,JavaGC,ddbs,1,T1,32,True
CART,0.7021725548716432,"{""max_features"": ""log2"", ""min_samples_leaf"": 2, ""splitter"": ""best""}",7,193529,0.03,JavaGC,ddbs,1,T1,33,True
kNN,0.664399785725526,"{""n_neighbors"": 5, ""p"": 1, ""weights"": ""uniform""}",7,193529,0.25,JavaGC,ddbs,1,T1,33,True
KRR,0.6727863545831554,"{""regressor__kernel"": ""rbf"", ""regressor__gamma"": 0.01, ""regressor__alpha"": 0.1}",7,193529,0.13,JavaGC,ddbs,1,T1,33,True
MR,0.7156209542826052,"{""lasso__regressor__alpha"": 0.1}",7,193529,3.62,JavaGC,ddbs,1,T1,33,True
RF,0.6268470490333927,"{""max_features"": ""sqrt"", ""min_samples_leaf"": 2, ""n_estimators"": 10}",7,193529,0.06,JavaGC,ddbs,1,T1,33,True
SVR,0.5133526305451892,"{""regressor__tol"": 0.3, ""regressor__shrinking"": false, ""regressor__epsilon"": 0.1, ""regressor__coef0"": 2.0, ""regressor__C"": 0.5}",7,193529,0.22,JavaGC,ddbs,1,T1,33,True
CART,1.4040610504616016,"{""max_features"": ""log2"", ""min_samples_leaf"": 2, ""splitter"": ""best""}",7,193529,0.03,JavaGC,ddbs,1,T1,34,True
kNN,1.1344133594695482,"{""n_neighbors"": 5, ""p"": 1, ""weights"": ""uniform""}",7,193529,0.25,JavaGC,ddbs,1,T1,34,True
KRR,0.9354256127656194,"{""regressor__kernel"": ""rbf"", ""regressor__gamma"": 0.01, ""regressor__alpha"": 0.1}",7,193529,0.12,JavaGC,ddbs,1,T1,34,True
MR,0.8421425695190613,"{""lasso__regressor__alpha"": 0.1}",7,193529,3.68,JavaGC,ddbs,1,T1,34,True
RF,1.1370314038518583,"{""max_features"": ""sqrt"", ""min_samples_leaf"": 2, ""n_estimators"": 10}",7,193529,0.06,JavaGC,ddbs,1,T1,34,True
SVR,0.6032976690527172,"{""regressor__tol"": 0.3, ""regressor__shrinking"": false, ""regressor__epsilon"": 0.1, ""regressor__coef0"": 2.0, ""regressor__C"": 0.5}",7,193529,0.23,JavaGC,ddbs,1,T1,34,True
CART,1.256426423783159,"{""max_features"": ""log2"", ""min_samples_leaf"": 2, ""splitter"": ""best""}",7,193529,0.03,JavaGC,ddbs,1,T1,35,True
kNN,1.7376726677048828,"{""n_neighbors"": 5, ""p"": 1, ""weights"": ""uniform""}",7,193529,0.26,JavaGC,ddbs,1,T1,35,True
KRR,1.27347521620213,"{""regressor__kernel"": ""rbf"", ""regressor__gamma"": 0.01, ""regressor__alpha"": 0.1}",7,193529,0.13,JavaGC,ddbs,1,T1,35,True
MR,0.9594805517104085,"{""lasso__regressor__alpha"": 0.1}",7,193529,3.79,JavaGC,ddbs,1,T1,35,True
RF,1.5621901743129036,"{""max_features"": ""sqrt"", ""min_samples_leaf"": 2, ""n_estimators"": 10}",7,193529,0.06,JavaGC,ddbs,1,T1,35,True
SVR,0.8967632664480295,"{""regressor__tol"": 0.3, ""regressor__shrinking"": false, ""regressor__epsilon"": 0.1, ""regressor__coef0"": 2.0, ""regressor__C"": 0.5}",7,193529,0.24,JavaGC,ddbs,1,T1,35,True
CART,1.9092566781206926,"{""max_features"": ""log2"", ""min_samples_leaf"": 2, ""splitter"": ""best""}",7,193529,0.03,JavaGC,ddbs,1,T1,36,True
kNN,1.7825646482223967,"{""n_neighbors"": 5, ""p"": 1, ""weights"": ""uniform""}",7,193529,0.24,JavaGC,ddbs,1,T1,36,True
KRR,1.5613508561766969,"{""regressor__kernel"": ""rbf"", ""regressor__gamma"": 0.01, ""regressor__alpha"": 0.1}",7,193529,0.13,JavaGC,ddbs,1,T1,36,True
MR,1.6305957089822936,"{""lasso__regressor__alpha"": 0.1}",7,193529,3.66,JavaGC,ddbs,1,T1,36,True
RF,1.5614445728291202,"{""max_features"": ""sqrt"", ""min_samples_leaf"": 2, ""n_estimators"": 10}",7,193529,0.06,JavaGC,ddbs,1,T1,36,True
SVR,1.5295432097117403,"{""regressor__tol"": 0.3, ""regressor__shrinking"": false, ""regressor__epsilon"": 0.1, ""regressor__coef0"": 2.0, ""regressor__C"": 0.5}",7,193529,0.22,JavaGC,ddbs,1,T1,36,True
CART,0.7483671068774909,"{""max_features"": ""log2"", ""min_samples_leaf"": 2, ""splitter"": ""best""}",7,193529,0.03,JavaGC,ddbs,1,T1,37,True
kNN,0.7418502884502823,"{""n_neighbors"": 5, ""p"": 1, ""weights"": ""uniform""}",7,193529,0.25,JavaGC,ddbs,1,T1,37,True
KRR,0.8571398165617687,"{""regressor__kernel"": ""rbf"", ""regressor__gamma"": 0.01, ""regressor__alpha"": 0.1}",7,193529,0.12,JavaGC,ddbs,1,T1,37,True
MR,1.1883790653306923,"{""lasso__regressor__alpha"": 0.1}",7,193529,3.56,JavaGC,ddbs,1,T1,37,True
RF,0.681542543252792,"{""max_features"": ""sqrt"", ""min_samples_leaf"": 2, ""n_estimators"": 10}",7,193529,0.06,JavaGC,ddbs,1,T1,37,True
SVR,0.5194569481562165,"{""regressor__tol"": 0.3, ""regressor__shrinking"": false, ""regressor__epsilon"": 0.1, ""regressor__coef0"": 2.0, ""regressor__C"": 0.5}",7,193529,0.18,JavaGC,ddbs,1,T1,37,True
CART,2.6384485938655624,"{""max_features"": ""log2"", ""min_samples_leaf"": 2, ""splitter"": ""best""}",7,193529,0.03,JavaGC,ddbs,1,T1,38,True
kNN,2.278331400623208,"{""n_neighbors"": 5, ""p"": 1, ""weights"": ""uniform""}",7,193529,0.26,JavaGC,ddbs,1,T1,38,True
KRR,1.5808442150853876,"{""regressor__kernel"": ""rbf"", ""regressor__gamma"": 0.01, ""regressor__alpha"": 0.1}",7,193529,0.13,JavaGC,ddbs,1,T1,38,True
MR,0.9392422340423829,"{""lasso__regressor__alpha"": 0.1}",7,193529,3.5,JavaGC,ddbs,1,T1,38,True
RF,2.2809529164600346,"{""max_features"": ""sqrt"", ""min_samples_leaf"": 2, ""n_estimators"": 10}",7,193529,0.06,JavaGC,ddbs,1,T1,38,True
SVR,1.4472197171937589,"{""regressor__tol"": 0.3, ""regressor__shrinking"": false, ""regressor__epsilon"": 0.1, ""regressor__coef0"": 2.0, ""regressor__C"": 0.5}",7,193529,0.21,JavaGC,ddbs,1,T1,38,True
CART,2.468428987360095,"{""max_features"": ""log2"", ""min_samples_leaf"": 2, ""splitter"": ""best""}",7,193529,0.03,JavaGC,ddbs,1,T1,39,True
kNN,1.399627983227357,"{""n_neighbors"": 5, ""p"": 1, ""weights"": ""uniform""}",7,193529,0.26,JavaGC,ddbs,1,T1,39,True
KRR,1.802880498727558,"{""regressor__kernel"": ""rbf"", ""regressor__gamma"": 0.01, ""regressor__alpha"": 0.1}",7,193529,0.12,JavaGC,ddbs,1,T1,39,True
MR,1.5488075694292005,"{""lasso__regressor__alpha"": 0.1}",7,193529,3.32,JavaGC,ddbs,1,T1,39,True
RF,1.4309341074585014,"{""max_features"": ""sqrt"", ""min_samples_leaf"": 2, ""n_estimators"": 10}",7,193529,0.06,JavaGC,ddbs,1,T1,39,True
SVR,1.8531086086048643,"{""regressor__tol"": 0.3, ""regressor__shrinking"": false, ""regressor__epsilon"": 0.1, ""regressor__coef0"": 2.0, ""regressor__C"": 0.5}",7,193529,0.22,JavaGC,ddbs,1,T1,39,True
CART,0.44439587129201746,"{""max_features"": ""log2"", ""min_samples_leaf"": 2, ""splitter"": ""best""}",7,193529,0.03,JavaGC,ddbs,1,T1,40,True
kNN,0.45217036993881116,"{""n_neighbors"": 5, ""p"": 1, ""weights"": ""uniform""}",7,193529,0.25,JavaGC,ddbs,1,T1,40,True
KRR,0.456899143539166,"{""regressor__kernel"": ""rbf"", ""regressor__gamma"": 0.01, ""regressor__alpha"": 0.1}",7,193529,0.13,JavaGC,ddbs,1,T1,40,True
MR,0.5423607145331842,"{""lasso__regressor__alpha"": 0.1}",7,193529,3.18,JavaGC,ddbs,1,T1,40,True
RF,0.4413282831792018,"{""max_features"": ""sqrt"", ""min_samples_leaf"": 2, ""n_estimators"": 10}",7,193529,0.05,JavaGC,ddbs,1,T1,40,True
SVR,0.418408138149461,"{""regressor__tol"": 0.3, ""regressor__shrinking"": false, ""regressor__epsilon"": 0.1, ""regressor__coef0"": 2.0, ""regressor__C"": 0.5}",7,193529,0.16,JavaGC,ddbs,1,T1,40,True
CART,0.9362949017202039,"{""max_features"": ""log2"", ""min_samples_leaf"": 2, ""splitter"": ""best""}",7,193529,0.03,JavaGC,ddbs,1,T1,41,True
kNN,0.9402179593791571,"{""n_neighbors"": 5, ""p"": 1, ""weights"": ""uniform""}",7,193529,0.25,JavaGC,ddbs,1,T1,41,True
KRR,0.9908946255552801,"{""regressor__kernel"": ""rbf"", ""regressor__gamma"": 0.01, ""regressor__alpha"": 0.1}",7,193529,0.13,JavaGC,ddbs,1,T1,41,True
MR,1.3319097258553003,"{""lasso__regressor__alpha"": 0.1}",7,193529,3.43,JavaGC,ddbs,1,T1,41,True
RF,0.8781834871783772,"{""max_features"": ""sqrt"", ""min_samples_leaf"": 2, ""n_estimators"": 10}",7,193529,0.05,JavaGC,ddbs,1,T1,41,True
SVR,0.6534567772975499,"{""regressor__tol"": 0.3, ""regressor__shrinking"": false, ""regressor__epsilon"": 0.1, ""regressor__coef0"": 2.0, ""regressor__C"": 0.5}",7,193529,0.18,JavaGC,ddbs,1,T1,41,True
CART,0.8356095322176673,"{""max_features"": ""log2"", ""min_samples_leaf"": 2, ""splitter"": ""best""}",7,193529,0.03,JavaGC,ddbs,1,T1,42,True
kNN,0.8376507167483335,"{""n_neighbors"": 5, ""p"": 1, ""weights"": ""uniform""}",7,193529,0.25,JavaGC,ddbs,1,T1,42,True
KRR,0.6725762619511166,"{""regressor__kernel"": ""rbf"", ""regressor__gamma"": 0.01, ""regressor__alpha"": 0.1}",7,193529,0.13,JavaGC,ddbs,1,T1,42,True
MR,0.5245491764754007,"{""lasso__regressor__alpha"": 0.1}",7,193529,3.36,JavaGC,ddbs,1,T1,42,True
RF,0.8785416559237825,"{""max_features"": ""sqrt"", ""min_samples_leaf"": 2, ""n_estimators"": 10}",7,193529,0.06,JavaGC,ddbs,1,T1,42,True
SVR,0.5271303063389879,"{""regressor__tol"": 0.3, ""regressor__shrinking"": false, ""regressor__epsilon"": 0.1, ""regressor__coef0"": 2.0, ""regressor__C"": 0.5}",7,193529,0.19,JavaGC,ddbs,1,T1,42,True
CART,1.6570665213732623,"{""max_features"": ""log2"", ""min_samples_leaf"": 2, ""splitter"": ""best""}",7,193529,0.03,JavaGC,ddbs,1,T1,43,True
kNN,1.3863717113620597,"{""n_neighbors"": 5, ""p"": 1, ""weights"": ""uniform""}",7,193529,0.25,JavaGC,ddbs,1,T1,43,True
KRR,1.7172177859287496,"{""regressor__kernel"": ""rbf"", ""regressor__gamma"": 0.01, ""regressor__alpha"": 0.1}",7,193529,0.13,JavaGC,ddbs,1,T1,43,True
MR,1.721568161867929,"{""lasso__regressor__alpha"": 0.1}",7,193529,3.59,JavaGC,ddbs,1,T1,43,True
RF,1.401591987225868,"{""max_features"": ""sqrt"", ""min_samples_leaf"": 2, ""n_estimators"": 10}",7,193529,0.06,JavaGC,ddbs,1,T1,43,True
SVR,1.3740770605134576,"{""regressor__tol"": 0.3, ""regressor__shrinking"": false, ""regressor__epsilon"": 0.1, ""regressor__coef0"": 2.0, ""regressor__C"": 0.5}",7,193529,0.21,JavaGC,ddbs,1,T1,43,True
CART,1.0437900408724663,"{""max_features"": ""log2"", ""min_samples_leaf"": 2, ""splitter"": ""best""}",7,193529,0.03,JavaGC,ddbs,1,T1,44,True
kNN,0.9733118964184562,"{""n_neighbors"": 5, ""p"": 1, ""weights"": ""uniform""}",7,193529,0.24,JavaGC,ddbs,1,T1,44,True
KRR,1.0613775908020653,"{""regressor__kernel"": ""rbf"", ""regressor__gamma"": 0.01, ""regressor__alpha"": 0.1}",7,193529,0.13,JavaGC,ddbs,1,T1,44,True
MR,1.2506937847331763,"{""lasso__regressor__alpha"": 0.1}",7,193529,3.45,JavaGC,ddbs,1,T1,44,True
RF,0.8921915307495302,"{""max_features"": ""sqrt"", ""min_samples_leaf"": 2, ""n_estimators"": 10}",7,193529,0.06,JavaGC,ddbs,1,T1,44,True
SVR,0.7287085728222302,"{""regressor__tol"": 0.3, ""regressor__shrinking"": false, ""regressor__epsilon"": 0.1, ""regressor__coef0"": 2.0, ""regressor__C"": 0.5}",7,193529,0.22,JavaGC,ddbs,1,T1,44,True
CART,1.3630573564568993,"{""max_features"": ""log2"", ""min_samples_leaf"": 2, ""splitter"": ""best""}",7,193529,0.03,JavaGC,ddbs,1,T1,45,True
kNN,1.016243856725124,"{""n_neighbors"": 5, ""p"": 1, ""weights"": ""uniform""}",7,193529,0.25,JavaGC,ddbs,1,T1,45,True
KRR,1.1567123909228223,"{""regressor__kernel"": ""rbf"", ""regressor__gamma"": 0.01, ""regressor__alpha"": 0.1}",7,193529,0.13,JavaGC,ddbs,1,T1,45,True
MR,0.9188347659165241,"{""lasso__regressor__alpha"": 0.1}",7,193529,3.17,JavaGC,ddbs,1,T1,45,True
RF,1.0524164310638158,"{""max_features"": ""sqrt"", ""min_samples_leaf"": 2, ""n_estimators"": 10}",7,193529,0.05,JavaGC,ddbs,1,T1,45,True
SVR,0.778131571461143,"{""regressor__tol"": 0.3, ""regressor__shrinking"": false, ""regressor__epsilon"": 0.1, ""regressor__coef0"": 2.0, ""regressor__C"": 0.5}",7,193529,0.22,JavaGC,ddbs,1,T1,45,True
CART,1.6983810859708253,"{""max_features"": ""log2"", ""min_samples_leaf"": 2, ""splitter"": ""best""}",7,193529,0.03,JavaGC,ddbs,1,T1,46,True
kNN,1.663970763297941,"{""n_neighbors"": 5, ""p"": 1, ""weights"": ""uniform""}",7,193529,0.26,JavaGC,ddbs,1,T1,46,True
KRR,1.8067563650660625,"{""regressor__kernel"": ""rbf"", ""regressor__gamma"": 0.01, ""regressor__alpha"": 0.1}",7,193529,0.13,JavaGC,ddbs,1,T1,46,True
MR,2.112980600984611,"{""lasso__regressor__alpha"": 0.1}",7,193529,3.19,JavaGC,ddbs,1,T1,46,True
RF,1.7369739203211565,"{""max_features"": ""sqrt"", ""min_samples_leaf"": 2, ""n_estimators"": 10}",7,193529,0.06,JavaGC,ddbs,1,T1,46,True
SVR,1.856815006450538,"{""regressor__tol"": 0.3, ""regressor__shrinking"": false, ""regressor__epsilon"": 0.1, ""regressor__coef0"": 2.0, ""regressor__C"": 0.5}",7,193529,0.24,JavaGC,ddbs,1,T1,46,True
CART,1.3306010958719938,"{""max_features"": ""log2"", ""min_samples_leaf"": 2, ""splitter"": ""best""}",7,193529,0.03,JavaGC,ddbs,1,T1,47,True
kNN,1.2732272039466603,"{""n_neighbors"": 5, ""p"": 1, ""weights"": ""uniform""}",7,193529,0.25,JavaGC,ddbs,1,T1,47,True
KRR,1.1742189093968014,"{""regressor__kernel"": ""rbf"", ""regressor__gamma"": 0.01, ""regressor__alpha"": 0.1}",7,193529,0.13,JavaGC,ddbs,1,T1,47,True
MR,1.032173669518115,"{""lasso__regressor__alpha"": 0.1}",7,193529,3.78,JavaGC,ddbs,1,T1,47,True
RF,1.361162056739243,"{""max_features"": ""sqrt"", ""min_samples_leaf"": 2, ""n_estimators"": 10}",7,193529,0.06,JavaGC,ddbs,1,T1,47,True
SVR,1.2627959789828807,"{""regressor__tol"": 0.3, ""regressor__shrinking"": false, ""regressor__epsilon"": 0.1, ""regressor__coef0"": 2.0, ""regressor__C"": 0.5}",7,193529,0.24,JavaGC,ddbs,1,T1,47,True
CART,1.107312791846948,"{""max_features"": ""log2"", ""min_samples_leaf"": 2, ""splitter"": ""best""}",7,193529,0.03,JavaGC,ddbs,1,T1,48,True
kNN,1.069689342570682,"{""n_neighbors"": 5, ""p"": 1, ""weights"": ""uniform""}",7,193529,0.24,JavaGC,ddbs,1,T1,48,True
KRR,1.3601443067250156,"{""regressor__kernel"": ""rbf"", ""regressor__gamma"": 0.01, ""regressor__alpha"": 0.1}",7,193529,0.13,JavaGC,ddbs,1,T1,48,True
MR,1.447077886943694,"{""lasso__regressor__alpha"": 0.1}",7,193529,3.68,JavaGC,ddbs,1,T1,48,True
RF,1.091574387685443,"{""max_features"": ""sqrt"", ""min_samples_leaf"": 2, ""n_estimators"": 10}",7,193529,0.06,JavaGC,ddbs,1,T1,48,True
SVR,0.6966599388440504,"{""regressor__tol"": 0.3, ""regressor__shrinking"": false, ""regressor__epsilon"": 0.1, ""regressor__coef0"": 2.0, ""regressor__C"": 0.5}",7,193529,0.17,JavaGC,ddbs,1,T1,48,True
CART,2.317907382869033,"{""max_features"": ""log2"", ""min_samples_leaf"": 2, ""splitter"": ""best""}",7,193529,0.03,JavaGC,ddbs,1,T1,49,True
kNN,1.4609029139516883,"{""n_neighbors"": 5, ""p"": 1, ""weights"": ""uniform""}",7,193529,0.25,JavaGC,ddbs,1,T1,49,True
KRR,1.9633125079420104,"{""regressor__kernel"": ""rbf"", ""regressor__gamma"": 0.01, ""regressor__alpha"": 0.1}",7,193529,0.13,JavaGC,ddbs,1,T1,49,True
MR,2.543971470194152,"{""lasso__regressor__alpha"": 0.1}",7,193529,3.35,JavaGC,ddbs,1,T1,49,True
RF,1.2820630434312845,"{""max_features"": ""sqrt"", ""min_samples_leaf"": 2, ""n_estimators"": 10}",7,193529,0.05,JavaGC,ddbs,1,T1,49,True
SVR,1.2393782004288094,"{""regressor__tol"": 0.3, ""regressor__shrinking"": false, ""regressor__epsilon"": 0.1, ""regressor__coef0"": 2.0, ""regressor__C"": 0.5}",7,193529,0.22,JavaGC,ddbs,1,T1,49,True
CART,1.7344373334004943,"{""max_features"": ""log2"", ""min_samples_leaf"": 2, ""splitter"": ""best""}",7,193529,0.03,JavaGC,ddbs,1,T1,50,True
kNN,1.2463879074902935,"{""n_neighbors"": 5, ""p"": 1, ""weights"": ""uniform""}",7,193529,0.26,JavaGC,ddbs,1,T1,50,True
KRR,1.4409732688451093,"{""regressor__kernel"": ""rbf"", ""regressor__gamma"": 0.01, ""regressor__alpha"": 0.1}",7,193529,0.13,JavaGC,ddbs,1,T1,50,True
MR,1.6154155371109942,"{""lasso__regressor__alpha"": 0.1}",7,193529,3.36,JavaGC,ddbs,1,T1,50,True
RF,1.3524175224993942,"{""max_features"": ""sqrt"", ""min_samples_leaf"": 2, ""n_estimators"": 10}",7,193529,0.06,JavaGC,ddbs,1,T1,50,True
SVR,0.9080696885883593,"{""regressor__tol"": 0.3, ""regressor__shrinking"": false, ""regressor__epsilon"": 0.1, ""regressor__coef0"": 2.0, ""regressor__C"": 0.5}",7,193529,0.22,JavaGC,ddbs,1,T1,50,True
CART,0.9122566112914666,"{""max_features"": ""log2"", ""min_samples_leaf"": 2, ""splitter"": ""best""}",7,193529,0.03,JavaGC,ddbs,1,T1,51,True
kNN,1.0109038221052231,"{""n_neighbors"": 5, ""p"": 1, ""weights"": ""uniform""}",7,193529,0.25,JavaGC,ddbs,1,T1,51,True
KRR,1.304286023951605,"{""regressor__kernel"": ""rbf"", ""regressor__gamma"": 0.01, ""regressor__alpha"": 0.1}",7,193529,0.14,JavaGC,ddbs,1,T1,51,True
MR,1.4356225243900727,"{""lasso__regressor__alpha"": 0.1}",7,193529,3.75,JavaGC,ddbs,1,T1,51,True
RF,0.9553710489081599,"{""max_features"": ""sqrt"", ""min_samples_leaf"": 2, ""n_estimators"": 10}",7,193529,0.07,JavaGC,ddbs,1,T1,51,True
SVR,0.794514197371955,"{""regressor__tol"": 0.3, ""regressor__shrinking"": false, ""regressor__epsilon"": 0.1, ""regressor__coef0"": 2.0, ""regressor__C"": 0.5}",7,193529,0.18,JavaGC,ddbs,1,T1,51,True
CART,0.6806548782546475,"{""max_features"": ""log2"", ""min_samples_leaf"": 2, ""splitter"": ""best""}",7,193529,0.04,JavaGC,ddbs,1,T1,52,True
kNN,0.7251736373616772,"{""n_neighbors"": 5, ""p"": 1, ""weights"": ""uniform""}",7,193529,0.25,JavaGC,ddbs,1,T1,52,True
KRR,0.6825588519542266,"{""regressor__kernel"": ""rbf"", ""regressor__gamma"": 0.01, ""regressor__alpha"": 0.1}",7,193529,0.13,JavaGC,ddbs,1,T1,52,True
MR,0.8533774383205726,"{""lasso__regressor__alpha"": 0.1}",7,193529,3.52,JavaGC,ddbs,1,T1,52,True
RF,0.6927159163566213,"{""max_features"": ""sqrt"", ""min_samples_leaf"": 2, ""n_estimators"": 10}",7,193529,0.06,JavaGC,ddbs,1,T1,52,True
SVR,0.6461338822950358,"{""regressor__tol"": 0.3, ""regressor__shrinking"": false, ""regressor__epsilon"": 0.1, ""regressor__coef0"": 2.0, ""regressor__C"": 0.5}",7,193529,0.21,JavaGC,ddbs,1,T1,52,True
CART,0.890442889832955,"{""max_features"": ""log2"", ""min_samples_leaf"": 2, ""splitter"": ""best""}",7,193529,0.03,JavaGC,ddbs,1,T1,53,True
kNN,0.8800423103670951,"{""n_neighbors"": 5, ""p"": 1, ""weights"": ""uniform""}",7,193529,0.24,JavaGC,ddbs,1,T1,53,True
KRR,0.9538371177486973,"{""regressor__kernel"": ""rbf"", ""regressor__gamma"": 0.01, ""regressor__alpha"": 0.1}",7,193529,0.13,JavaGC,ddbs,1,T1,53,True
MR,0.9718427273355317,"{""lasso__regressor__alpha"": 0.1}",7,193529,3.2,JavaGC,ddbs,1,T1,53,True
RF,0.8605402120484245,"{""max_features"": ""sqrt"", ""min_samples_leaf"": 2, ""n_estimators"": 10}",7,193529,0.05,JavaGC,ddbs,1,T1,53,True
SVR,0.6351090051291685,"{""regressor__tol"": 0.3, ""regressor__shrinking"": false, ""regressor__epsilon"": 0.1, ""regressor__coef0"": 2.0, ""regressor__C"": 0.5}",7,193529,0.2,JavaGC,ddbs,1,T1,53,True
CART,1.328058020197018,"{""max_features"": ""log2"", ""min_samples_leaf"": 2, ""splitter"": ""best""}",7,193529,0.03,JavaGC,ddbs,1,T1,54,True
kNN,1.0077689509349366,"{""n_neighbors"": 5, ""p"": 1, ""weights"": ""uniform""}",7,193529,0.25,JavaGC,ddbs,1,T1,54,True
KRR,1.4353223205651682,"{""regressor__kernel"": ""rbf"", ""regressor__gamma"": 0.01, ""regressor__alpha"": 0.1}",7,193529,0.13,JavaGC,ddbs,1,T1,54,True
MR,1.5850700717226902,"{""lasso__regressor__alpha"": 0.1}",7,193529,3.17,JavaGC,ddbs,1,T1,54,True
RF,1.09291693700532,"{""max_features"": ""sqrt"", ""min_samples_leaf"": 2, ""n_estimators"": 10}",7,193529,0.06,JavaGC,ddbs,1,T1,54,True
SVR,0.7117385770669767,"{""regressor__tol"": 0.3, ""regressor__shrinking"": false, ""regressor__epsilon"": 0.1, ""regressor__coef0"": 2.0, ""regressor__C"": 0.5}",7,193529,0.18,JavaGC,ddbs,1,T1,54,True
CART,1.3057898092361206,"{""max_features"": ""log2"", ""min_samples_leaf"": 2, ""splitter"": ""best""}",7,193529,0.03,JavaGC,ddbs,1,T1,55,True
kNN,1.2682669681715744,"{""n_neighbors"": 5, ""p"": 1, ""weights"": ""uniform""}",7,193529,0.26,JavaGC,ddbs,1,T1,55,True
KRR,0.9630075263476165,"{""regressor__kernel"": ""rbf"", ""regressor__gamma"": 0.01, ""regressor__alpha"": 0.1}",7,193529,0.16,JavaGC,ddbs,1,T1,55,True
MR,0.9909289617010382,"{""lasso__regressor__alpha"": 0.1}",7,193529,3.71,JavaGC,ddbs,1,T1,55,True
RF,1.2311150153540589,"{""max_features"": ""sqrt"", ""min_samples_leaf"": 2, ""n_estimators"": 10}",7,193529,0.06,JavaGC,ddbs,1,T1,55,True
SVR,0.6712543414423564,"{""regressor__tol"": 0.3, ""regressor__shrinking"": false, ""regressor__epsilon"": 0.1, ""regressor__coef0"": 2.0, ""regressor__C"": 0.5}",7,193529,0.25,JavaGC,ddbs,1,T1,55,True
CART,0.8991871233689753,"{""max_features"": ""log2"", ""min_samples_leaf"": 2, ""splitter"": ""best""}",7,193529,0.03,JavaGC,ddbs,1,T1,56,True
kNN,0.8198363367216683,"{""n_neighbors"": 5, ""p"": 1, ""weights"": ""uniform""}",7,193529,0.25,JavaGC,ddbs,1,T1,56,True
KRR,0.8461823659558843,"{""regressor__kernel"": ""rbf"", ""regressor__gamma"": 0.01, ""regressor__alpha"": 0.1}",7,193529,0.13,JavaGC,ddbs,1,T1,56,True
MR,0.9019629506655996,"{""lasso__regressor__alpha"": 0.1}",7,193529,3.64,JavaGC,ddbs,1,T1,56,True
RF,0.7698316914379616,"{""max_features"": ""sqrt"", ""min_samples_leaf"": 2, ""n_estimators"": 10}",7,193529,0.06,JavaGC,ddbs,1,T1,56,True
SVR,0.5706028457785931,"{""regressor__tol"": 0.3, ""regressor__shrinking"": false, ""regressor__epsilon"": 0.1, ""regressor__coef0"": 2.0, ""regressor__C"": 0.5}",7,193529,0.19,JavaGC,ddbs,1,T1,56,True
CART,1.9276616195314207,"{""max_features"": ""log2"", ""min_samples_leaf"": 2, ""splitter"": ""best""}",7,193529,0.02,JavaGC,ddbs,1,T1,57,True
kNN,2.036359281892179,"{""n_neighbors"": 5, ""p"": 1, ""weights"": ""uniform""}",7,193529,0.25,JavaGC,ddbs,1,T1,57,True
KRR,1.8364715094303723,"{""regressor__kernel"": ""rbf"", ""regressor__gamma"": 0.01, ""regressor__alpha"": 0.1}",7,193529,0.12,JavaGC,ddbs,1,T1,57,True
MR,2.0268402699700383,"{""lasso__regressor__alpha"": 0.1}",7,193529,3.57,JavaGC,ddbs,1,T1,57,True
RF,2.064222266502293,"{""max_features"": ""sqrt"", ""min_samples_leaf"": 2, ""n_estimators"": 10}",7,193529,0.06,JavaGC,ddbs,1,T1,57,True
SVR,1.940758004585776,"{""regressor__tol"": 0.3, ""regressor__shrinking"": false, ""regressor__epsilon"": 0.1, ""regressor__coef0"": 2.0, ""regressor__C"": 0.5}",7,193529,0.18,JavaGC,ddbs,1,T1,57,True
CART,2.6132644655550217,"{""max_features"": ""log2"", ""min_samples_leaf"": 2, ""splitter"": ""best""}",7,193529,0.03,JavaGC,ddbs,1,T1,58,True
kNN,1.5194835032780818,"{""n_neighbors"": 5, ""p"": 1, ""weights"": ""uniform""}",7,193529,0.25,JavaGC,ddbs,1,T1,58,True
KRR,1.7220334772194923,"{""regressor__kernel"": ""rbf"", ""regressor__gamma"": 0.01, ""regressor__alpha"": 0.1}",7,193529,0.13,JavaGC,ddbs,1,T1,58,True
MR,1.7791916640635113,"{""lasso__regressor__alpha"": 0.1}",7,193529,3.34,JavaGC,ddbs,1,T1,58,True
RF,1.3712432224010578,"{""max_features"": ""sqrt"", ""min_samples_leaf"": 2, ""n_estimators"": 10}",7,193529,0.06,JavaGC,ddbs,1,T1,58,True
SVR,1.1897554085667925,"{""regressor__tol"": 0.3, ""regressor__shrinking"": false, ""regressor__epsilon"": 0.1, ""regressor__coef0"": 2.0, ""regressor__C"": 0.5}",7,193529,0.21,JavaGC,ddbs,1,T1,58,True
CART,2.0645675146041342,"{""max_features"": ""log2"", ""min_samples_leaf"": 2, ""splitter"": ""best""}",7,193529,0.04,JavaGC,ddbs,1,T1,59,True
kNN,1.4075882019897348,"{""n_neighbors"": 5, ""p"": 1, ""weights"": ""uniform""}",7,193529,0.26,JavaGC,ddbs,1,T1,59,True
KRR,1.4135978368285516,"{""regressor__kernel"": ""rbf"", ""regressor__gamma"": 0.01, ""regressor__alpha"": 0.1}",7,193529,0.15,JavaGC,ddbs,1,T1,59,True
MR,1.3213548883523645,"{""lasso__regressor__alpha"": 0.1}",7,193529,3.61,JavaGC,ddbs,1,T1,59,True
RF,1.3249686310803686,"{""max_features"": ""sqrt"", ""min_samples_leaf"": 2, ""n_estimators"": 10}",7,193529,0.06,JavaGC,ddbs,1,T1,59,True
SVR,1.3565272760468992,"{""regressor__tol"": 0.3, ""regressor__shrinking"": false, ""regressor__epsilon"": 0.1, ""regressor__coef0"": 2.0, ""regressor__C"": 0.5}",7,193529,0.22,JavaGC,ddbs,1,T1,59,True
CART,1.660605179901696,"{""max_features"": ""log2"", ""min_samples_leaf"": 2, ""splitter"": ""best""}",7,193529,0.03,JavaGC,ddbs,1,T1,60,True
kNN,1.237053566822893,"{""n_neighbors"": 5, ""p"": 1, ""weights"": ""uniform""}",7,193529,0.25,JavaGC,ddbs,1,T1,60,True
KRR,1.2906596363800997,"{""regressor__kernel"": ""rbf"", ""regressor__gamma"": 0.01, ""regressor__alpha"": 0.1}",7,193529,0.13,JavaGC,ddbs,1,T1,60,True
MR,1.510309734721453,"{""lasso__regressor__alpha"": 0.1}",7,193529,3.7,JavaGC,ddbs,1,T1,60,True
RF,1.0805912831557134,"{""max_features"": ""sqrt"", ""min_samples_leaf"": 2, ""n_estimators"": 10}",7,193529,0.06,JavaGC,ddbs,1,T1,60,True
SVR,0.7876164205504472,"{""regressor__tol"": 0.3, ""regressor__shrinking"": false, ""regressor__epsilon"": 0.1, ""regressor__coef0"": 2.0, ""regressor__C"": 0.5}",7,193529,0.21,JavaGC,ddbs,1,T1,60,True
CART,1.8671711435508331,"{""max_features"": ""log2"", ""min_samples_leaf"": 2, ""splitter"": ""best""}",7,193529,0.03,JavaGC,ddbs,1,T1,61,True
kNN,1.6514155984727346,"{""n_neighbors"": 5, ""p"": 1, ""weights"": ""uniform""}",7,193529,0.25,JavaGC,ddbs,1,T1,61,True
KRR,2.0334647291127688,"{""regressor__kernel"": ""rbf"", ""regressor__gamma"": 0.01, ""regressor__alpha"": 0.1}",7,193529,0.12,JavaGC,ddbs,1,T1,61,True
MR,2.784759800143808,"{""lasso__regressor__alpha"": 0.1}",7,193529,3.38,JavaGC,ddbs,1,T1,61,True
RF,1.7171780820216223,"{""max_features"": ""sqrt"", ""min_samples_leaf"": 2, ""n_estimators"": 10}",7,193529,0.05,JavaGC,ddbs,1,T1,61,True
SVR,1.7900314726011692,"{""regressor__tol"": 0.3, ""regressor__shrinking"": false, ""regressor__epsilon"": 0.1, ""regressor__coef0"": 2.0, ""regressor__C"": 0.5}",7,193529,0.21,JavaGC,ddbs,1,T1,61,True
CART,2.385067315610174,"{""max_features"": ""log2"", ""min_samples_leaf"": 2, ""splitter"": ""best""}",7,193529,0.03,JavaGC,ddbs,1,T1,62,True
kNN,1.3483323272504244,"{""n_neighbors"": 5, ""p"": 1, ""weights"": ""uniform""}",7,193529,0.26,JavaGC,ddbs,1,T1,62,True
KRR,1.7043562609943008,"{""regressor__kernel"": ""rbf"", ""regressor__gamma"": 0.01, ""regressor__alpha"": 0.1}",7,193529,0.13,JavaGC,ddbs,1,T1,62,True
MR,1.3877888097062316,"{""lasso__regressor__alpha"": 0.1}",7,193529,3.37,JavaGC,ddbs,1,T1,62,True
RF,0.9574905931590102,"{""max_features"": ""sqrt"", ""min_samples_leaf"": 2, ""n_estimators"": 10}",7,193529,0.06,JavaGC,ddbs,1,T1,62,True
SVR,1.2142221084550775,"{""regressor__tol"": 0.3, ""regressor__shrinking"": false, ""regressor__epsilon"": 0.1, ""regressor__coef0"": 2.0, ""regressor__C"": 0.5}",7,193529,0.21,JavaGC,ddbs,1,T1,62,True
CART,1.9959571794561521,"{""max_features"": ""log2"", ""min_samples_leaf"": 2, ""splitter"": ""best""}",7,193529,0.03,JavaGC,ddbs,1,T1,63,True
kNN,2.0818076793988056,"{""n_neighbors"": 5, ""p"": 1, ""weights"": ""uniform""}",7,193529,0.25,JavaGC,ddbs,1,T1,63,True
KRR,1.8730592781546185,"{""regressor__kernel"": ""rbf"", ""regressor__gamma"": 0.01, ""regressor__alpha"": 0.1}",7,193529,0.14,JavaGC,ddbs,1,T1,63,True
MR,1.0723144418491386,"{""lasso__regressor__alpha"": 0.1}",7,193529,3.76,JavaGC,ddbs,1,T1,63,True
RF,1.9479636840977324,"{""max_features"": ""sqrt"", ""min_samples_leaf"": 2, ""n_estimators"": 10}",7,193529,0.06,JavaGC,ddbs,1,T1,63,True
SVR,2.3299918052108355,"{""regressor__tol"": 0.3, ""regressor__shrinking"": false, ""regressor__epsilon"": 0.1, ""regressor__coef0"": 2.0, ""regressor__C"": 0.5}",7,193529,0.22,JavaGC,ddbs,1,T1,63,True
CART,1.7654484732164002,"{""max_features"": ""log2"", ""min_samples_leaf"": 2, ""splitter"": ""best""}",7,193529,0.03,JavaGC,ddbs,1,T1,64,True
kNN,1.0389905096758922,"{""n_neighbors"": 5, ""p"": 1, ""weights"": ""uniform""}",7,193529,0.24,JavaGC,ddbs,1,T1,64,True
KRR,1.384201740817006,"{""regressor__kernel"": ""rbf"", ""regressor__gamma"": 0.01, ""regressor__alpha"": 0.1}",7,193529,0.12,JavaGC,ddbs,1,T1,64,True
MR,1.579523381850988,"{""lasso__regressor__alpha"": 0.1}",7,193529,3.61,JavaGC,ddbs,1,T1,64,True
RF,1.0526008748957614,"{""max_features"": ""sqrt"", ""min_samples_leaf"": 2, ""n_estimators"": 10}",7,193529,0.06,JavaGC,ddbs,1,T1,64,True
SVR,0.7384518720815357,"{""regressor__tol"": 0.3, ""regressor__shrinking"": false, ""regressor__epsilon"": 0.1, ""regressor__coef0"": 2.0, ""regressor__C"": 0.5}",7,193529,0.22,JavaGC,ddbs,1,T1,64,True
CART,0.8261479960233533,"{""max_features"": ""log2"", ""min_samples_leaf"": 2, ""splitter"": ""best""}",7,193529,0.03,JavaGC,ddbs,1,T1,65,True
kNN,0.8045262232088826,"{""n_neighbors"": 5, ""p"": 1, ""weights"": ""uniform""}",7,193529,0.25,JavaGC,ddbs,1,T1,65,True
KRR,0.6922590022824543,"{""regressor__kernel"": ""rbf"", ""regressor__gamma"": 0.01, ""regressor__alpha"": 0.1}",7,193529,0.12,JavaGC,ddbs,1,T1,65,True
MR,0.5871344895161128,"{""lasso__regressor__alpha"": 0.1}",7,193529,3.5,JavaGC,ddbs,1,T1,65,True
RF,0.8663411840442793,"{""max_features"": ""sqrt"", ""min_samples_leaf"": 2, ""n_estimators"": 10}",7,193529,0.06,JavaGC,ddbs,1,T1,65,True
SVR,0.49729023471275713,"{""regressor__tol"": 0.3, ""regressor__shrinking"": false, ""regressor__epsilon"": 0.1, ""regressor__coef0"": 2.0, ""regressor__C"": 0.5}",7,193529,0.18,JavaGC,ddbs,1,T1,65,True
CART,1.0142996984937684,"{""max_features"": ""log2"", ""min_samples_leaf"": 2, ""splitter"": ""best""}",7,193529,0.03,JavaGC,ddbs,1,T1,66,True
kNN,1.4187746360679736,"{""n_neighbors"": 5, ""p"": 1, ""weights"": ""uniform""}",7,193529,0.25,JavaGC,ddbs,1,T1,66,True
KRR,1.9259311486869297,"{""regressor__kernel"": ""rbf"", ""regressor__gamma"": 0.01, ""regressor__alpha"": 0.1}",7,193529,0.13,JavaGC,ddbs,1,T1,66,True
MR,2.443714803824371,"{""lasso__regressor__alpha"": 0.1}",7,193529,3.39,JavaGC,ddbs,1,T1,66,True
RF,1.3354971053777256,"{""max_features"": ""sqrt"", ""min_samples_leaf"": 2, ""n_estimators"": 10}",7,193529,0.06,JavaGC,ddbs,1,T1,66,True
SVR,1.0644814590258127,"{""regressor__tol"": 0.3, ""regressor__shrinking"": false, ""regressor__epsilon"": 0.1, ""regressor__coef0"": 2.0, ""regressor__C"": 0.5}",7,193529,0.22,JavaGC,ddbs,1,T1,66,True
CART,2.4028099600457447,"{""max_features"": ""log2"", ""min_samples_leaf"": 2, ""splitter"": ""best""}",7,193529,0.03,JavaGC,ddbs,1,T1,67,True
kNN,1.6609176426923433,"{""n_neighbors"": 5, ""p"": 1, ""weights"": ""uniform""}",7,193529,0.27,JavaGC,ddbs,1,T1,67,True
KRR,2.0035939951002786,"{""regressor__kernel"": ""rbf"", ""regressor__gamma"": 0.01, ""regressor__alpha"": 0.1}",7,193529,0.16,JavaGC,ddbs,1,T1,67,True
MR,1.6448483381842913,"{""lasso__regressor__alpha"": 0.1}",7,193529,3.58,JavaGC,ddbs,1,T1,67,True
RF,1.648912566148528,"{""max_features"": ""sqrt"", ""min_samples_leaf"": 2, ""n_estimators"": 10}",7,193529,0.07,JavaGC,ddbs,1,T1,67,True
SVR,1.7539743028819106,"{""regressor__tol"": 0.3, ""regressor__shrinking"": false, ""regressor__epsilon"": 0.1, ""regressor__coef0"": 2.0, ""regressor__C"": 0.5}",7,193529,0.22,JavaGC,ddbs,1,T1,67,True
CART,0.9832740628033874,"{""max_features"": ""log2"", ""min_samples_leaf"": 2, ""splitter"": ""best""}",7,193529,0.03,JavaGC,ddbs,1,T1,68,True
kNN,0.9609912285701104,"{""n_neighbors"": 5, ""p"": 1, ""weights"": ""uniform""}",7,193529,0.27,JavaGC,ddbs,1,T1,68,True
KRR,1.3802097979410854,"{""regressor__kernel"": ""rbf"", ""regressor__gamma"": 0.01, ""regressor__alpha"": 0.1}",7,193529,0.16,JavaGC,ddbs,1,T1,68,True
MR,1.457794095937004,"{""lasso__regressor__alpha"": 0.1}",7,193529,3.65,JavaGC,ddbs,1,T1,68,True
RF,1.037904286968375,"{""max_features"": ""sqrt"", ""min_samples_leaf"": 2, ""n_estimators"": 10}",7,193529,0.05,JavaGC,ddbs,1,T1,68,True
SVR,0.6659946766476309,"{""regressor__tol"": 0.3, ""regressor__shrinking"": false, ""regressor__epsilon"": 0.1, ""regressor__coef0"": 2.0, ""regressor__C"": 0.5}",7,193529,0.17,JavaGC,ddbs,1,T1,68,True
CART,1.004685494587823,"{""max_features"": ""log2"", ""min_samples_leaf"": 2, ""splitter"": ""best""}",7,193529,0.03,JavaGC,ddbs,1,T1,69,True
kNN,0.8623364568855435,"{""n_neighbors"": 5, ""p"": 1, ""weights"": ""uniform""}",7,193529,0.26,JavaGC,ddbs,1,T1,69,True
KRR,0.7189801625082028,"{""regressor__kernel"": ""rbf"", ""regressor__gamma"": 0.01, ""regressor__alpha"": 0.1}",7,193529,0.13,JavaGC,ddbs,1,T1,69,True
MR,0.628068520781532,"{""lasso__regressor__alpha"": 0.1}",7,193529,3.75,JavaGC,ddbs,1,T1,69,True
RF,0.9756833335446005,"{""max_features"": ""sqrt"", ""min_samples_leaf"": 2, ""n_estimators"": 10}",7,193529,0.07,JavaGC,ddbs,1,T1,69,True
SVR,0.6128455073366227,"{""regressor__tol"": 0.3, ""regressor__shrinking"": false, ""regressor__epsilon"": 0.1, ""regressor__coef0"": 2.0, ""regressor__C"": 0.5}",7,193529,0.18,JavaGC,ddbs,1,T1,69,True
CART,3.0572584542660297,"{""max_features"": ""log2"", ""min_samples_leaf"": 2, ""splitter"": ""best""}",7,193529,0.03,JavaGC,ddbs,1,T1,70,True
kNN,2.3333465895661303,"{""n_neighbors"": 5, ""p"": 1, ""weights"": ""uniform""}",7,193529,0.24,JavaGC,ddbs,1,T1,70,True
KRR,2.334011477134736,"{""regressor__kernel"": ""rbf"", ""regressor__gamma"": 0.01, ""regressor__alpha"": 0.1}",7,193529,0.13,JavaGC,ddbs,1,T1,70,True
MR,1.8971238327281508,"{""lasso__regressor__alpha"": 0.1}",7,193529,3.51,JavaGC,ddbs,1,T1,70,True
RF,2.3758426225613016,"{""max_features"": ""sqrt"", ""min_samples_leaf"": 2, ""n_estimators"": 10}",7,193529,0.05,JavaGC,ddbs,1,T1,70,True
SVR,2.261397438234354,"{""regressor__tol"": 0.3, ""regressor__shrinking"": false, ""regressor__epsilon"": 0.1, ""regressor__coef0"": 2.0, ""regressor__C"": 0.5}",7,193529,0.18,JavaGC,ddbs,1,T1,70,True
CART,0.8704706658533011,"{""max_features"": ""log2"", ""min_samples_leaf"": 2, ""splitter"": ""best""}",7,193529,0.03,JavaGC,ddbs,1,T1,71,True
kNN,0.7496583341303772,"{""n_neighbors"": 5, ""p"": 1, ""weights"": ""uniform""}",7,193529,0.25,JavaGC,ddbs,1,T1,71,True
KRR,1.0036880649605893,"{""regressor__kernel"": ""rbf"", ""regressor__gamma"": 0.01, ""regressor__alpha"": 0.1}",7,193529,0.13,JavaGC,ddbs,1,T1,71,True
MR,1.1811989401536234,"{""lasso__regressor__alpha"": 0.1}",7,193529,3.68,JavaGC,ddbs,1,T1,71,True
RF,0.7156865924916584,"{""max_features"": ""sqrt"", ""min_samples_leaf"": 2, ""n_estimators"": 10}",7,193529,0.07,JavaGC,ddbs,1,T1,71,True
SVR,0.7253018636497525,"{""regressor__tol"": 0.3, ""regressor__shrinking"": false, ""regressor__epsilon"": 0.1, ""regressor__coef0"": 2.0, ""regressor__C"": 0.5}",7,193529,0.22,JavaGC,ddbs,1,T1,71,True
CART,2.381974722250714,"{""max_features"": ""log2"", ""min_samples_leaf"": 2, ""splitter"": ""best""}",7,193529,0.04,JavaGC,ddbs,1,T1,72,True
kNN,2.216318276926136,"{""n_neighbors"": 5, ""p"": 1, ""weights"": ""uniform""}",7,193529,0.26,JavaGC,ddbs,1,T1,72,True
KRR,2.0965561895319764,"{""regressor__kernel"": ""rbf"", ""regressor__gamma"": 0.01, ""regressor__alpha"": 0.1}",7,193529,0.15,JavaGC,ddbs,1,T1,72,True
MR,1.8084953457848476,"{""lasso__regressor__alpha"": 0.1}",7,193529,3.83,JavaGC,ddbs,1,T1,72,True
RF,2.120056044515384,"{""max_features"": ""sqrt"", ""min_samples_leaf"": 2, ""n_estimators"": 10}",7,193529,0.06,JavaGC,ddbs,1,T1,72,True
SVR,2.407034102927465,"{""regressor__tol"": 0.3, ""regressor__shrinking"": false, ""regressor__epsilon"": 0.1, ""regressor__coef0"": 2.0, ""regressor__C"": 0.5}",7,193529,0.17,JavaGC,ddbs,1,T1,72,True
CART,0.6424029533933457,"{""max_features"": ""log2"", ""min_samples_leaf"": 2, ""splitter"": ""best""}",7,193529,0.03,JavaGC,ddbs,1,T1,73,True
kNN,0.8790017027916883,"{""n_neighbors"": 5, ""p"": 1, ""weights"": ""uniform""}",7,193529,0.25,JavaGC,ddbs,1,T1,73,True
KRR,0.7446029402724004,"{""regressor__kernel"": ""rbf"", ""regressor__gamma"": 0.01, ""regressor__alpha"": 0.1}",7,193529,0.13,JavaGC,ddbs,1,T1,73,True
MR,0.6621758701527845,"{""lasso__regressor__alpha"": 0.1}",7,193529,3.34,JavaGC,ddbs,1,T1,73,True
RF,0.7727800714317917,"{""max_features"": ""sqrt"", ""min_samples_leaf"": 2, ""n_estimators"": 10}",7,193529,0.06,JavaGC,ddbs,1,T1,73,True
SVR,0.5015726747612119,"{""regressor__tol"": 0.3, ""regressor__shrinking"": false, ""regressor__epsilon"": 0.1, ""regressor__coef0"": 2.0, ""regressor__C"": 0.5}",7,193529,0.2,JavaGC,ddbs,1,T1,73,True
CART,1.2178646462044374,"{""max_features"": ""log2"", ""min_samples_leaf"": 2, ""splitter"": ""best""}",7,193529,0.03,JavaGC,ddbs,1,T1,74,True
kNN,1.0159057135221643,"{""n_neighbors"": 5, ""p"": 1, ""weights"": ""uniform""}",7,193529,0.25,JavaGC,ddbs,1,T1,74,True
KRR,0.8607686509868472,"{""regressor__kernel"": ""rbf"", ""regressor__gamma"": 0.01, ""regressor__alpha"": 0.1}",7,193529,0.12,JavaGC,ddbs,1,T1,74,True
MR,0.6373580455636713,"{""lasso__regressor__alpha"": 0.1}",7,193529,3.49,JavaGC,ddbs,1,T1,74,True
RF,0.9545703563847961,"{""max_features"": ""sqrt"", ""min_samples_leaf"": 2, ""n_estimators"": 10}",7,193529,0.06,JavaGC,ddbs,1,T1,74,True
SVR,0.678640572486275,"{""regressor__tol"": 0.3, ""regressor__shrinking"": false, ""regressor__epsilon"": 0.1, ""regressor__coef0"": 2.0, ""regressor__C"": 0.5}",7,193529,0.21,JavaGC,ddbs,1,T1,74,True
CART,1.6141637223891252,"{""max_features"": ""log2"", ""min_samples_leaf"": 2, ""splitter"": ""best""}",7,193529,0.03,JavaGC,ddbs,1,T1,75,True
kNN,1.5499133992867642,"{""n_neighbors"": 5, ""p"": 1, ""weights"": ""uniform""}",7,193529,0.26,JavaGC,ddbs,1,T1,75,True
KRR,1.4074986092296873,"{""regressor__kernel"": ""rbf"", ""regressor__gamma"": 0.01, ""regressor__alpha"": 0.1}",7,193529,0.16,JavaGC,ddbs,1,T1,75,True
MR,1.7855769414683218,"{""lasso__regressor__alpha"": 0.1}",7,193529,3.77,JavaGC,ddbs,1,T1,75,True
RF,1.553062945729195,"{""max_features"": ""sqrt"", ""min_samples_leaf"": 2, ""n_estimators"": 10}",7,193529,0.06,JavaGC,ddbs,1,T1,75,True
SVR,1.5222633856247505,"{""regressor__tol"": 0.3, ""regressor__shrinking"": false, ""regressor__epsilon"": 0.1, ""regressor__coef0"": 2.0, ""regressor__C"": 0.5}",7,193529,0.21,JavaGC,ddbs,1,T1,75,True
CART,1.223500693921298,"{""max_features"": ""log2"", ""min_samples_leaf"": 2, ""splitter"": ""best""}",7,193529,0.03,JavaGC,ddbs,1,T1,76,True
kNN,1.0455739952564975,"{""n_neighbors"": 5, ""p"": 1, ""weights"": ""uniform""}",7,193529,0.25,JavaGC,ddbs,1,T1,76,True
KRR,1.1038317042725245,"{""regressor__kernel"": ""rbf"", ""regressor__gamma"": 0.01, ""regressor__alpha"": 0.1}",7,193529,0.13,JavaGC,ddbs,1,T1,76,True
MR,0.6255003282477262,"{""lasso__regressor__alpha"": 0.1}",7,193529,3.64,JavaGC,ddbs,1,T1,76,True
RF,1.1626068670264575,"{""max_features"": ""sqrt"", ""min_samples_leaf"": 2, ""n_estimators"": 10}",7,193529,0.06,JavaGC,ddbs,1,T1,76,True
SVR,0.9448358258708787,"{""regressor__tol"": 0.3, ""regressor__shrinking"": false, ""regressor__epsilon"": 0.1, ""regressor__coef0"": 2.0, ""regressor__C"": 0.5}",7,193529,0.22,JavaGC,ddbs,1,T1,76,True
CART,1.1093116620336998,"{""max_features"": ""log2"", ""min_samples_leaf"": 2, ""splitter"": ""best""}",7,193529,0.03,JavaGC,ddbs,1,T1,77,True
kNN,1.0755749838413282,"{""n_neighbors"": 5, ""p"": 1, ""weights"": ""uniform""}",7,193529,0.25,JavaGC,ddbs,1,T1,77,True
KRR,0.8005180891631825,"{""regressor__kernel"": ""rbf"", ""regressor__gamma"": 0.01, ""regressor__alpha"": 0.1}",7,193529,0.12,JavaGC,ddbs,1,T1,77,True
MR,0.7298649111450303,"{""lasso__regressor__alpha"": 0.1}",7,193529,3.58,JavaGC,ddbs,1,T1,77,True
RF,0.9962920678556836,"{""max_features"": ""sqrt"", ""min_samples_leaf"": 2, ""n_estimators"": 10}",7,193529,0.06,JavaGC,ddbs,1,T1,77,True
SVR,0.6434371475219085,"{""regressor__tol"": 0.3, ""regressor__shrinking"": false, ""regressor__epsilon"": 0.1, ""regressor__coef0"": 2.0, ""regressor__C"": 0.5}",7,193529,0.22,JavaGC,ddbs,1,T1,77,True
CART,1.15437834875689,"{""max_features"": ""log2"", ""min_samples_leaf"": 2, ""splitter"": ""best""}",7,193529,0.03,JavaGC,ddbs,1,T1,78,True
kNN,1.140340195258977,"{""n_neighbors"": 5, ""p"": 1, ""weights"": ""uniform""}",7,193529,0.25,JavaGC,ddbs,1,T1,78,True
KRR,1.1119779175198263,"{""regressor__kernel"": ""rbf"", ""regressor__gamma"": 0.01, ""regressor__alpha"": 0.1}",7,193529,0.13,JavaGC,ddbs,1,T1,78,True
MR,0.8446202273593433,"{""lasso__regressor__alpha"": 0.1}",7,193529,3.49,JavaGC,ddbs,1,T1,78,True
RF,0.9575293740197613,"{""max_features"": ""sqrt"", ""min_samples_leaf"": 2, ""n_estimators"": 10}",7,193529,0.06,JavaGC,ddbs,1,T1,78,True
SVR,0.6629766091925269,"{""regressor__tol"": 0.3, ""regressor__shrinking"": false, ""regressor__epsilon"": 0.1, ""regressor__coef0"": 2.0, ""regressor__C"": 0.5}",7,193529,0.17,JavaGC,ddbs,1,T1,78,True
CART,1.408287320386364,"{""max_features"": ""log2"", ""min_samples_leaf"": 2, ""splitter"": ""best""}",7,193529,0.03,JavaGC,ddbs,1,T1,79,True
kNN,1.070218756330721,"{""n_neighbors"": 5, ""p"": 1, ""weights"": ""uniform""}",7,193529,0.25,JavaGC,ddbs,1,T1,79,True
KRR,1.3162285298790832,"{""regressor__kernel"": ""rbf"", ""regressor__gamma"": 0.01, ""regressor__alpha"": 0.1}",7,193529,0.13,JavaGC,ddbs,1,T1,79,True
MR,1.7560179909757545,"{""lasso__regressor__alpha"": 0.1}",7,193529,3.41,JavaGC,ddbs,1,T1,79,True
RF,1.1325873321253197,"{""max_features"": ""sqrt"", ""min_samples_leaf"": 2, ""n_estimators"": 10}",7,193529,0.06,JavaGC,ddbs,1,T1,79,True
SVR,0.6759612877460686,"{""regressor__tol"": 0.3, ""regressor__shrinking"": false, ""regressor__epsilon"": 0.1, ""regressor__coef0"": 2.0, ""regressor__C"": 0.5}",7,193529,0.18,JavaGC,ddbs,1,T1,79,True
CART,0.7121699552707378,"{""max_features"": ""log2"", ""min_samples_leaf"": 2, ""splitter"": ""best""}",7,193529,0.03,JavaGC,ddbs,1,T1,80,True
kNN,0.6034192255412885,"{""n_neighbors"": 5, ""p"": 1, ""weights"": ""uniform""}",7,193529,0.25,JavaGC,ddbs,1,T1,80,True
KRR,0.8043323468138456,"{""regressor__kernel"": ""rbf"", ""regressor__gamma"": 0.01, ""regressor__alpha"": 0.1}",7,193529,0.13,JavaGC,ddbs,1,T1,80,True
MR,0.9574390990271868,"{""lasso__regressor__alpha"": 0.1}",7,193529,3.42,JavaGC,ddbs,1,T1,80,True
RF,0.5862739993158184,"{""max_features"": ""sqrt"", ""min_samples_leaf"": 2, ""n_estimators"": 10}",7,193529,0.06,JavaGC,ddbs,1,T1,80,True
SVR,0.5028027456680367,"{""regressor__tol"": 0.3, ""regressor__shrinking"": false, ""regressor__epsilon"": 0.1, ""regressor__coef0"": 2.0, ""regressor__C"": 0.5}",7,193529,0.19,JavaGC,ddbs,1,T1,80,True
CART,1.6170910995675516,"{""max_features"": ""log2"", ""min_samples_leaf"": 2, ""splitter"": ""best""}",7,193529,0.03,JavaGC,ddbs,1,T1,81,True
kNN,1.543054874626781,"{""n_neighbors"": 5, ""p"": 1, ""weights"": ""uniform""}",7,193529,0.26,JavaGC,ddbs,1,T1,81,True
KRR,1.5784924733786667,"{""regressor__kernel"": ""rbf"", ""regressor__gamma"": 0.01, ""regressor__alpha"": 0.1}",7,193529,0.12,JavaGC,ddbs,1,T1,81,True
MR,1.1770678087297768,"{""lasso__regressor__alpha"": 0.1}",7,193529,3.62,JavaGC,ddbs,1,T1,81,True
RF,1.470899950826199,"{""max_features"": ""sqrt"", ""min_samples_leaf"": 2, ""n_estimators"": 10}",7,193529,0.06,JavaGC,ddbs,1,T1,81,True
SVR,1.8557476371405153,"{""regressor__tol"": 0.3, ""regressor__shrinking"": false, ""regressor__epsilon"": 0.1, ""regressor__coef0"": 2.0, ""regressor__C"": 0.5}",7,193529,0.22,JavaGC,ddbs,1,T1,81,True
CART,2.2604014412555515,"{""max_features"": ""log2"", ""min_samples_leaf"": 2, ""splitter"": ""best""}",7,193529,0.03,JavaGC,ddbs,1,T1,82,True
kNN,1.877000090468014,"{""n_neighbors"": 5, ""p"": 1, ""weights"": ""uniform""}",7,193529,0.25,JavaGC,ddbs,1,T1,82,True
KRR,2.032820393357779,"{""regressor__kernel"": ""rbf"", ""regressor__gamma"": 0.01, ""regressor__alpha"": 0.1}",7,193529,0.13,JavaGC,ddbs,1,T1,82,True
MR,1.5096784720726535,"{""lasso__regressor__alpha"": 0.1}",7,193529,3.52,JavaGC,ddbs,1,T1,82,True
RF,1.8216426294352748,"{""max_features"": ""sqrt"", ""min_samples_leaf"": 2, ""n_estimators"": 10}",7,193529,0.06,JavaGC,ddbs,1,T1,82,True
SVR,1.5689004180581214,"{""regressor__tol"": 0.3, ""regressor__shrinking"": false, ""regressor__epsilon"": 0.1, ""regressor__coef0"": 2.0, ""regressor__C"": 0.5}",7,193529,0.2,JavaGC,ddbs,1,T1,82,True
CART,1.5811258697940382,"{""max_features"": ""log2"", ""min_samples_leaf"": 2, ""splitter"": ""best""}",7,193529,0.03,JavaGC,ddbs,1,T1,83,True
kNN,1.5540565000203463,"{""n_neighbors"": 5, ""p"": 1, ""weights"": ""uniform""}",7,193529,0.25,JavaGC,ddbs,1,T1,83,True
KRR,1.4517954746114132,"{""regressor__kernel"": ""rbf"", ""regressor__gamma"": 0.01, ""regressor__alpha"": 0.1}",7,193529,0.12,JavaGC,ddbs,1,T1,83,True
MR,1.7468925975270593,"{""lasso__regressor__alpha"": 0.1}",7,193529,3.45,JavaGC,ddbs,1,T1,83,True
RF,1.5647744197664408,"{""max_features"": ""sqrt"", ""min_samples_leaf"": 2, ""n_estimators"": 10}",7,193529,0.06,JavaGC,ddbs,1,T1,83,True
SVR,1.6256708237022972,"{""regressor__tol"": 0.3, ""regressor__shrinking"": false, ""regressor__epsilon"": 0.1, ""regressor__coef0"": 2.0, ""regressor__C"": 0.5}",7,193529,0.22,JavaGC,ddbs,1,T1,83,True
CART,2.1282614022583104,"{""max_features"": ""log2"", ""min_samples_leaf"": 2, ""splitter"": ""best""}",7,193529,0.03,JavaGC,ddbs,1,T1,84,True
kNN,1.6174841107655142,"{""n_neighbors"": 5, ""p"": 1, ""weights"": ""uniform""}",7,193529,0.26,JavaGC,ddbs,1,T1,84,True
KRR,1.78427353175989,"{""regressor__kernel"": ""rbf"", ""regressor__gamma"": 0.01, ""regressor__alpha"": 0.1}",7,193529,0.13,JavaGC,ddbs,1,T1,84,True
MR,1.5349125940975974,"{""lasso__regressor__alpha"": 0.1}",7,193529,3.45,JavaGC,ddbs,1,T1,84,True
RF,1.3181010352831455,"{""max_features"": ""sqrt"", ""min_samples_leaf"": 2, ""n_estimators"": 10}",7,193529,0.06,JavaGC,ddbs,1,T1,84,True
SVR,1.6446319770945763,"{""regressor__tol"": 0.3, ""regressor__shrinking"": false, ""regressor__epsilon"": 0.1, ""regressor__coef0"": 2.0, ""regressor__C"": 0.5}",7,193529,0.21,JavaGC,ddbs,1,T1,84,True
CART,0.7011223604127842,"{""max_features"": ""log2"", ""min_samples_leaf"": 2, ""splitter"": ""best""}",7,193529,0.03,JavaGC,ddbs,1,T1,85,True
kNN,0.7628225985302277,"{""n_neighbors"": 5, ""p"": 1, ""weights"": ""uniform""}",7,193529,0.26,JavaGC,ddbs,1,T1,85,True
KRR,1.1292677698013873,"{""regressor__kernel"": ""rbf"", ""regressor__gamma"": 0.01, ""regressor__alpha"": 0.1}",7,193529,0.13,JavaGC,ddbs,1,T1,85,True
MR,1.9169947471355806,"{""lasso__regressor__alpha"": 0.1}",7,193529,3.45,JavaGC,ddbs,1,T1,85,True
RF,0.7768311171964569,"{""max_features"": ""sqrt"", ""min_samples_leaf"": 2, ""n_estimators"": 10}",7,193529,0.06,JavaGC,ddbs,1,T1,85,True
SVR,0.607352025192888,"{""regressor__tol"": 0.3, ""regressor__shrinking"": false, ""regressor__epsilon"": 0.1, ""regressor__coef0"": 2.0, ""regressor__C"": 0.5}",7,193529,0.13,JavaGC,ddbs,1,T1,85,True
CART,0.700568231841019,"{""max_features"": ""log2"", ""min_samples_leaf"": 2, ""splitter"": ""best""}",7,193529,0.03,JavaGC,ddbs,1,T1,86,True
kNN,0.8408794415222193,"{""n_neighbors"": 5, ""p"": 1, ""weights"": ""uniform""}",7,193529,0.25,JavaGC,ddbs,1,T1,86,True
KRR,1.0139144583932662,"{""regressor__kernel"": ""rbf"", ""regressor__gamma"": 0.01, ""regressor__alpha"": 0.1}",7,193529,0.13,JavaGC,ddbs,1,T1,86,True
MR,0.7605100388247891,"{""lasso__regressor__alpha"": 0.1}",7,193529,3.34,JavaGC,ddbs,1,T1,86,True
RF,0.7543065726081262,"{""max_features"": ""sqrt"", ""min_samples_leaf"": 2, ""n_estimators"": 10}",7,193529,0.06,JavaGC,ddbs,1,T1,86,True
SVR,0.7383832842857327,"{""regressor__tol"": 0.3, ""regressor__shrinking"": false, ""regressor__epsilon"": 0.1, ""regressor__coef0"": 2.0, ""regressor__C"": 0.5}",7,193529,0.21,JavaGC,ddbs,1,T1,86,True
CART,0.7798147843047437,"{""max_features"": ""log2"", ""min_samples_leaf"": 2, ""splitter"": ""best""}",7,193529,0.03,JavaGC,ddbs,1,T1,87,True
kNN,0.6722071574525486,"{""n_neighbors"": 5, ""p"": 1, ""weights"": ""uniform""}",7,193529,0.25,JavaGC,ddbs,1,T1,87,True
KRR,0.7422652116268807,"{""regressor__kernel"": ""rbf"", ""regressor__gamma"": 0.01, ""regressor__alpha"": 0.1}",7,193529,0.12,JavaGC,ddbs,1,T1,87,True
MR,0.7727744134097617,"{""lasso__regressor__alpha"": 0.1}",7,193529,3.59,JavaGC,ddbs,1,T1,87,True
RF,0.6584719886383996,"{""max_features"": ""sqrt"", ""min_samples_leaf"": 2, ""n_estimators"": 10}",7,193529,0.06,JavaGC,ddbs,1,T1,87,True
SVR,0.4705112564388682,"{""regressor__tol"": 0.3, ""regressor__shrinking"": false, ""regressor__epsilon"": 0.1, ""regressor__coef0"": 2.0, ""regressor__C"": 0.5}",7,193529,0.2,JavaGC,ddbs,1,T1,87,True
CART,1.7216857433100201,"{""max_features"": ""log2"", ""min_samples_leaf"": 2, ""splitter"": ""best""}",7,193529,0.03,JavaGC,ddbs,1,T1,88,True
kNN,1.7292876994396476,"{""n_neighbors"": 5, ""p"": 1, ""weights"": ""uniform""}",7,193529,0.26,JavaGC,ddbs,1,T1,88,True
KRR,1.8164905149978436,"{""regressor__kernel"": ""rbf"", ""regressor__gamma"": 0.01, ""regressor__alpha"": 0.1}",7,193529,0.13,JavaGC,ddbs,1,T1,88,True
MR,1.4168538608953447,"{""lasso__regressor__alpha"": 0.1}",7,193529,3.41,JavaGC,ddbs,1,T1,88,True
RF,1.7400163677219302,"{""max_features"": ""sqrt"", ""min_samples_leaf"": 2, ""n_estimators"": 10}",7,193529,0.06,JavaGC,ddbs,1,T1,88,True
SVR,1.920913818710229,"{""regressor__tol"": 0.3, ""regressor__shrinking"": false, ""regressor__epsilon"": 0.1, ""regressor__coef0"": 2.0, ""regressor__C"": 0.5}",7,193529,0.21,JavaGC,ddbs,1,T1,88,True
CART,1.634044530310569,"{""max_features"": ""log2"", ""min_samples_leaf"": 2, ""splitter"": ""best""}",7,193529,0.03,JavaGC,ddbs,1,T1,89,True
kNN,1.5491402366847455,"{""n_neighbors"": 5, ""p"": 1, ""weights"": ""uniform""}",7,193529,0.25,JavaGC,ddbs,1,T1,89,True
KRR,1.4945999227632618,"{""regressor__kernel"": ""rbf"", ""regressor__gamma"": 0.01, ""regressor__alpha"": 0.1}",7,193529,0.12,JavaGC,ddbs,1,T1,89,True
MR,1.0640346026633485,"{""lasso__regressor__alpha"": 0.1}",7,193529,3.25,JavaGC,ddbs,1,T1,89,True
RF,1.5303218074138147,"{""max_features"": ""sqrt"", ""min_samples_leaf"": 2, ""n_estimators"": 10}",7,193529,0.06,JavaGC,ddbs,1,T1,89,True
SVR,1.6994627613535371,"{""regressor__tol"": 0.3, ""regressor__shrinking"": false, ""regressor__epsilon"": 0.1, ""regressor__coef0"": 2.0, ""regressor__C"": 0.5}",7,193529,0.22,JavaGC,ddbs,1,T1,89,True
CART,0.7271650024868721,"{""max_features"": ""log2"", ""min_samples_leaf"": 2, ""splitter"": ""best""}",7,193529,0.03,JavaGC,ddbs,1,T1,90,True
kNN,0.6667161686833526,"{""n_neighbors"": 5, ""p"": 1, ""weights"": ""uniform""}",7,193529,0.26,JavaGC,ddbs,1,T1,90,True
KRR,0.7111204494674875,"{""regressor__kernel"": ""rbf"", ""regressor__gamma"": 0.01, ""regressor__alpha"": 0.1}",7,193529,0.13,JavaGC,ddbs,1,T1,90,True
MR,0.7622194137719022,"{""lasso__regressor__alpha"": 0.1}",7,193529,2.97,JavaGC,ddbs,1,T1,90,True
RF,0.6243607846481711,"{""max_features"": ""sqrt"", ""min_samples_leaf"": 2, ""n_estimators"": 10}",7,193529,0.06,JavaGC,ddbs,1,T1,90,True
SVR,0.4396413162247346,"{""regressor__tol"": 0.3, ""regressor__shrinking"": false, ""regressor__epsilon"": 0.1, ""regressor__coef0"": 2.0, ""regressor__C"": 0.5}",7,193529,0.18,JavaGC,ddbs,1,T1,90,True
CART,2.26835380818925,"{""max_features"": ""log2"", ""min_samples_leaf"": 2, ""splitter"": ""best""}",7,193529,0.03,JavaGC,ddbs,1,T1,91,True
kNN,2.30875399976059,"{""n_neighbors"": 5, ""p"": 1, ""weights"": ""uniform""}",7,193529,0.26,JavaGC,ddbs,1,T1,91,True
KRR,2.2506133712153042,"{""regressor__kernel"": ""rbf"", ""regressor__gamma"": 0.01, ""regressor__alpha"": 0.1}",7,193529,0.13,JavaGC,ddbs,1,T1,91,True
MR,2.9578790984428536,"{""lasso__regressor__alpha"": 0.1}",7,193529,3.62,JavaGC,ddbs,1,T1,91,True
RF,2.040579363354664,"{""max_features"": ""sqrt"", ""min_samples_leaf"": 2, ""n_estimators"": 10}",7,193529,0.06,JavaGC,ddbs,1,T1,91,True
SVR,2.4469995382844676,"{""regressor__tol"": 0.3, ""regressor__shrinking"": false, ""regressor__epsilon"": 0.1, ""regressor__coef0"": 2.0, ""regressor__C"": 0.5}",7,193529,0.22,JavaGC,ddbs,1,T1,91,True
CART,1.3898732605646498,"{""max_features"": ""log2"", ""min_samples_leaf"": 2, ""splitter"": ""best""}",7,193529,0.03,JavaGC,ddbs,1,T1,92,True
kNN,1.216032596946264,"{""n_neighbors"": 5, ""p"": 1, ""weights"": ""uniform""}",7,193529,0.25,JavaGC,ddbs,1,T1,92,True
KRR,1.3112150242704839,"{""regressor__kernel"": ""rbf"", ""regressor__gamma"": 0.01, ""regressor__alpha"": 0.1}",7,193529,0.13,JavaGC,ddbs,1,T1,92,True
MR,0.7534001070146169,"{""lasso__regressor__alpha"": 0.1}",7,193529,3.19,JavaGC,ddbs,1,T1,92,True
RF,1.1405670830588002,"{""max_features"": ""sqrt"", ""min_samples_leaf"": 2, ""n_estimators"": 10}",7,193529,0.06,JavaGC,ddbs,1,T1,92,True
SVR,1.298194765528835,"{""regressor__tol"": 0.3, ""regressor__shrinking"": false, ""regressor__epsilon"": 0.1, ""regressor__coef0"": 2.0, ""regressor__C"": 0.5}",7,193529,0.22,JavaGC,ddbs,1,T1,92,True
CART,0.5085380201742272,"{""max_features"": ""log2"", ""min_samples_leaf"": 2, ""splitter"": ""best""}",7,193529,0.03,JavaGC,ddbs,1,T1,93,True
kNN,0.5786295028028972,"{""n_neighbors"": 5, ""p"": 1, ""weights"": ""uniform""}",7,193529,0.26,JavaGC,ddbs,1,T1,93,True
KRR,0.6152657070050205,"{""regressor__kernel"": ""rbf"", ""regressor__gamma"": 0.01, ""regressor__alpha"": 0.1}",7,193529,0.15,JavaGC,ddbs,1,T1,93,True
MR,0.7544829044577693,"{""lasso__regressor__alpha"": 0.1}",7,193529,3.41,JavaGC,ddbs,1,T1,93,True
RF,0.5794614123710629,"{""max_features"": ""sqrt"", ""min_samples_leaf"": 2, ""n_estimators"": 10}",7,193529,0.06,JavaGC,ddbs,1,T1,93,True
SVR,0.44144622205294626,"{""regressor__tol"": 0.3, ""regressor__shrinking"": false, ""regressor__epsilon"": 0.1, ""regressor__coef0"": 2.0, ""regressor__C"": 0.5}",7,193529,0.17,JavaGC,ddbs,1,T1,93,True
CART,0.6611776054339471,"{""max_features"": ""log2"", ""min_samples_leaf"": 2, ""splitter"": ""best""}",7,193529,0.03,JavaGC,ddbs,1,T1,94,True
kNN,0.5342016511782116,"{""n_neighbors"": 5, ""p"": 1, ""weights"": ""uniform""}",7,193529,0.25,JavaGC,ddbs,1,T1,94,True
KRR,0.6171843233617148,"{""regressor__kernel"": ""rbf"", ""regressor__gamma"": 0.01, ""regressor__alpha"": 0.1}",7,193529,0.13,JavaGC,ddbs,1,T1,94,True
MR,0.60674057045741,"{""lasso__regressor__alpha"": 0.1}",7,193529,3.43,JavaGC,ddbs,1,T1,94,True
RF,0.49573817177389323,"{""max_features"": ""sqrt"", ""min_samples_leaf"": 2, ""n_estimators"": 10}",7,193529,0.06,JavaGC,ddbs,1,T1,94,True
SVR,0.43250643250204285,"{""regressor__tol"": 0.3, ""regressor__shrinking"": false, ""regressor__epsilon"": 0.1, ""regressor__coef0"": 2.0, ""regressor__C"": 0.5}",7,193529,0.13,JavaGC,ddbs,1,T1,94,True
CART,1.431934137304981,"{""max_features"": ""log2"", ""min_samples_leaf"": 2, ""splitter"": ""best""}",7,193529,0.03,JavaGC,ddbs,1,T1,95,True
kNN,1.0198088788764,"{""n_neighbors"": 5, ""p"": 1, ""weights"": ""uniform""}",7,193529,0.26,JavaGC,ddbs,1,T1,95,True
KRR,1.5066237666498872,"{""regressor__kernel"": ""rbf"", ""regressor__gamma"": 0.01, ""regressor__alpha"": 0.1}",7,193529,0.16,JavaGC,ddbs,1,T1,95,True
MR,1.4395975951118156,"{""lasso__regressor__alpha"": 0.1}",7,193529,3.74,JavaGC,ddbs,1,T1,95,True
RF,1.288197559240677,"{""max_features"": ""sqrt"", ""min_samples_leaf"": 2, ""n_estimators"": 10}",7,193529,0.06,JavaGC,ddbs,1,T1,95,True
SVR,0.7535537967336695,"{""regressor__tol"": 0.3, ""regressor__shrinking"": false, ""regressor__epsilon"": 0.1, ""regressor__coef0"": 2.0, ""regressor__C"": 0.5}",7,193529,0.17,JavaGC,ddbs,1,T1,95,True
CART,1.7082276855957168,"{""max_features"": ""log2"", ""min_samples_leaf"": 2, ""splitter"": ""best""}",7,193529,0.03,JavaGC,ddbs,1,T1,96,True
kNN,1.508131840544343,"{""n_neighbors"": 5, ""p"": 1, ""weights"": ""uniform""}",7,193529,0.25,JavaGC,ddbs,1,T1,96,True
KRR,1.5073679723667233,"{""regressor__kernel"": ""rbf"", ""regressor__gamma"": 0.01, ""regressor__alpha"": 0.1}",7,193529,0.13,JavaGC,ddbs,1,T1,96,True
MR,1.2019061239300832,"{""lasso__regressor__alpha"": 0.1}",7,193529,3.79,JavaGC,ddbs,1,T1,96,True
RF,1.416540512318899,"{""max_features"": ""sqrt"", ""min_samples_leaf"": 2, ""n_estimators"": 10}",7,193529,0.06,JavaGC,ddbs,1,T1,96,True
SVR,1.0215579264085568,"{""regressor__tol"": 0.3, ""regressor__shrinking"": false, ""regressor__epsilon"": 0.1, ""regressor__coef0"": 2.0, ""regressor__C"": 0.5}",7,193529,0.2,JavaGC,ddbs,1,T1,96,True
CART,1.5244899520452253,"{""max_features"": ""log2"", ""min_samples_leaf"": 2, ""splitter"": ""best""}",7,193529,0.03,JavaGC,ddbs,1,T1,97,True
kNN,1.4137386910124428,"{""n_neighbors"": 5, ""p"": 1, ""weights"": ""uniform""}",7,193529,0.26,JavaGC,ddbs,1,T1,97,True
KRR,1.6981959234185595,"{""regressor__kernel"": ""rbf"", ""regressor__gamma"": 0.01, ""regressor__alpha"": 0.1}",7,193529,0.16,JavaGC,ddbs,1,T1,97,True
MR,1.9002675634770572,"{""lasso__regressor__alpha"": 0.1}",7,193529,3.78,JavaGC,ddbs,1,T1,97,True
RF,1.2476726108829017,"{""max_features"": ""sqrt"", ""min_samples_leaf"": 2, ""n_estimators"": 10}",7,193529,0.06,JavaGC,ddbs,1,T1,97,True
SVR,1.2264374825357518,"{""regressor__tol"": 0.3, ""regressor__shrinking"": false, ""regressor__epsilon"": 0.1, ""regressor__coef0"": 2.0, ""regressor__C"": 0.5}",7,193529,0.22,JavaGC,ddbs,1,T1,97,True
CART,1.3860204784041723,"{""max_features"": ""log2"", ""min_samples_leaf"": 2, ""splitter"": ""best""}",7,193529,0.03,JavaGC,ddbs,1,T1,98,True
kNN,1.148257970201442,"{""n_neighbors"": 5, ""p"": 1, ""weights"": ""uniform""}",7,193529,0.25,JavaGC,ddbs,1,T1,98,True
KRR,1.4981582772590452,"{""regressor__kernel"": ""rbf"", ""regressor__gamma"": 0.01, ""regressor__alpha"": 0.1}",7,193529,0.12,JavaGC,ddbs,1,T1,98,True
MR,1.368099363009203,"{""lasso__regressor__alpha"": 0.1}",7,193529,3.73,JavaGC,ddbs,1,T1,98,True
RF,1.2589591028899438,"{""max_features"": ""sqrt"", ""min_samples_leaf"": 2, ""n_estimators"": 10}",7,193529,0.06,JavaGC,ddbs,1,T1,98,True
SVR,0.6770409026618723,"{""regressor__tol"": 0.3, ""regressor__shrinking"": false, ""regressor__epsilon"": 0.1, ""regressor__coef0"": 2.0, ""regressor__C"": 0.5}",7,193529,0.22,JavaGC,ddbs,1,T1,98,True
CART,1.4478836654940723,"{""max_features"": ""log2"", ""min_samples_leaf"": 2, ""splitter"": ""best""}",7,193529,0.03,JavaGC,ddbs,1,T1,99,True
kNN,1.0646554951403695,"{""n_neighbors"": 5, ""p"": 1, ""weights"": ""uniform""}",7,193529,0.25,JavaGC,ddbs,1,T1,99,True
KRR,1.4242675312154915,"{""regressor__kernel"": ""rbf"", ""regressor__gamma"": 0.01, ""regressor__alpha"": 0.1}",7,193529,0.14,JavaGC,ddbs,1,T1,99,True
MR,1.856049425692872,"{""lasso__regressor__alpha"": 0.1}",7,193529,2.85,JavaGC,ddbs,1,T1,99,True
RF,0.930394797498038,"{""max_features"": ""sqrt"", ""min_samples_leaf"": 2, ""n_estimators"": 10}",7,193529,0.04,JavaGC,ddbs,1,T1,99,True
SVR,0.691302255045001,"{""regressor__tol"": 0.3, ""regressor__shrinking"": false, ""regressor__epsilon"": 0.1, ""regressor__coef0"": 2.0, ""regressor__C"": 0.5}",7,193529,0.1,JavaGC,ddbs,1,T1,99,True
CART,2.457374916284595,"{""max_features"": ""log2"", ""min_samples_leaf"": 2, ""splitter"": ""best""}",7,193529,0.03,JavaGC,ddbs,1,T1,100,True
kNN,1.8496582164904967,"{""n_neighbors"": 5, ""p"": 1, ""weights"": ""uniform""}",7,193529,0.25,JavaGC,ddbs,1,T1,100,True
KRR,1.6425525741998188,"{""regressor__kernel"": ""rbf"", ""regressor__gamma"": 0.01, ""regressor__alpha"": 0.1}",7,193529,0.12,JavaGC,ddbs,1,T1,100,True
MR,1.2928645290748897,"{""lasso__regressor__alpha"": 0.1}",7,193529,2.86,JavaGC,ddbs,1,T1,100,True
RF,2.050497804703533,"{""max_features"": ""sqrt"", ""min_samples_leaf"": 2, ""n_estimators"": 10}",7,193529,0.04,JavaGC,ddbs,1,T1,100,True
SVR,1.5443442643235172,"{""regressor__tol"": 0.3, ""regressor__shrinking"": false, ""regressor__epsilon"": 0.1, ""regressor__coef0"": 2.0, ""regressor__C"": 0.5}",7,193529,0.12,JavaGC,ddbs,1,T1,100,True
CART,0.15293653965060444,"{""max_features"": 1.0, ""min_samples_leaf"": 1, ""splitter"": ""random""}",45,193491,0.04,JavaGC,ddbs,1,T2,1,True
kNN,1.0642716447056462,"{""n_neighbors"": 8, ""p"": 1, ""weights"": ""distance""}",45,193491,0.9,JavaGC,ddbs,1,T2,1,True
KRR,0.7251863386676565,"{""regressor__kernel"": ""rbf"", ""regressor__gamma"": 0.1, ""regressor__alpha"": 0.0001}",45,193491,0.4,JavaGC,ddbs,1,T2,1,True
MR,0.4600016304666789,"{""lasso__regressor__alpha"": 0.01}",45,193491,5.2,JavaGC,ddbs,1,T2,1,True
RF,0.40868288694535754,"{""max_features"": 1.0, ""min_samples_leaf"": 1, ""n_estimators"": 10}",45,193491,0.1,JavaGC,ddbs,1,T2,1,True
SVR,0.838409283281971,"{""regressor__tol"": 0.3, ""regressor__shrinking"": false, ""regressor__epsilon"": 0.1, ""regressor__coef0"": 2.0, ""regressor__C"": 0.5}",45,193491,0.8,JavaGC,ddbs,1,T2,1,True
CART,0.1798647133871783,"{""max_features"": 1.0, ""min_samples_leaf"": 1, ""splitter"": ""random""}",45,193491,0.04,JavaGC,ddbs,1,T2,2,True
kNN,1.1656254127746462,"{""n_neighbors"": 8, ""p"": 1, ""weights"": ""distance""}",45,193491,0.86,JavaGC,ddbs,1,T2,2,True
KRR,0.8737083768277566,"{""regressor__kernel"": ""rbf"", ""regressor__gamma"": 0.1, ""regressor__alpha"": 0.0001}",45,193491,0.38,JavaGC,ddbs,1,T2,2,True
MR,0.3721512813831704,"{""lasso__regressor__alpha"": 0.01}",45,193491,5.15,JavaGC,ddbs,1,T2,2,True
RF,0.35569249187929397,"{""max_features"": 1.0, ""min_samples_leaf"": 1, ""n_estimators"": 10}",45,193491,0.1,JavaGC,ddbs,1,T2,2,True
SVR,1.0991505523116167,"{""regressor__tol"": 0.3, ""regressor__shrinking"": false, ""regressor__epsilon"": 0.1, ""regressor__coef0"": 2.0, ""regressor__C"": 0.5}",45,193491,0.79,JavaGC,ddbs,1,T2,2,True
CART,0.7306207151385993,"{""max_features"": 1.0, ""min_samples_leaf"": 1, ""splitter"": ""random""}",45,193491,0.03,JavaGC,ddbs,1,T2,3,True
kNN,0.9831723173033436,"{""n_neighbors"": 8, ""p"": 1, ""weights"": ""distance""}",45,193491,0.87,JavaGC,ddbs,1,T2,3,True
KRR,0.9200700351312984,"{""regressor__kernel"": ""rbf"", ""regressor__gamma"": 0.1, ""regressor__alpha"": 0.0001}",45,193491,0.35,JavaGC,ddbs,1,T2,3,True
MR,0.6150789261382889,"{""lasso__regressor__alpha"": 0.01}",45,193491,5.0,JavaGC,ddbs,1,T2,3,True
RF,0.8132024602381948,"{""max_features"": 1.0, ""min_samples_leaf"": 1, ""n_estimators"": 10}",45,193491,0.11,JavaGC,ddbs,1,T2,3,True
SVR,0.8598421218595622,"{""regressor__tol"": 0.3, ""regressor__shrinking"": false, ""regressor__epsilon"": 0.1, ""regressor__coef0"": 2.0, ""regressor__C"": 0.5}",45,193491,0.74,JavaGC,ddbs,1,T2,3,True
CART,0.18366761882087873,"{""max_features"": 1.0, ""min_samples_leaf"": 1, ""splitter"": ""random""}",45,193491,0.04,JavaGC,ddbs,1,T2,4,True
kNN,1.373878102619903,"{""n_neighbors"": 8, ""p"": 1, ""weights"": ""distance""}",45,193491,0.88,JavaGC,ddbs,1,T2,4,True
KRR,1.0934095530762087,"{""regressor__kernel"": ""rbf"", ""regressor__gamma"": 0.1, ""regressor__alpha"": 0.0001}",45,193491,0.4,JavaGC,ddbs,1,T2,4,True
MR,0.5577091209213599,"{""lasso__regressor__alpha"": 0.01}",45,193491,5.14,JavaGC,ddbs,1,T2,4,True
RF,0.2931346863167479,"{""max_features"": 1.0, ""min_samples_leaf"": 1, ""n_estimators"": 10}",45,193491,0.11,JavaGC,ddbs,1,T2,4,True
SVR,1.4271679976026792,"{""regressor__tol"": 0.3, ""regressor__shrinking"": false, ""regressor__epsilon"": 0.1, ""regressor__coef0"": 2.0, ""regressor__C"": 0.5}",45,193491,0.77,JavaGC,ddbs,1,T2,4,True
CART,0.22272364363575414,"{""max_features"": 1.0, ""min_samples_leaf"": 1, ""splitter"": ""random""}",45,193491,0.03,JavaGC,ddbs,1,T2,5,True
kNN,1.1865909272519901,"{""n_neighbors"": 8, ""p"": 1, ""weights"": ""distance""}",45,193491,0.84,JavaGC,ddbs,1,T2,5,True
KRR,0.93734767504123,"{""regressor__kernel"": ""rbf"", ""regressor__gamma"": 0.1, ""regressor__alpha"": 0.0001}",45,193491,0.38,JavaGC,ddbs,1,T2,5,True
MR,0.5405808188429895,"{""lasso__regressor__alpha"": 0.01}",45,193491,5.07,JavaGC,ddbs,1,T2,5,True
RF,0.6936255141826991,"{""max_features"": 1.0, ""min_samples_leaf"": 1, ""n_estimators"": 10}",45,193491,0.11,JavaGC,ddbs,1,T2,5,True
SVR,1.3160836937925302,"{""regressor__tol"": 0.3, ""regressor__shrinking"": false, ""regressor__epsilon"": 0.1, ""regressor__coef0"": 2.0, ""regressor__C"": 0.5}",45,193491,0.68,JavaGC,ddbs,1,T2,5,True
CART,0.1476948985714051,"{""max_features"": 1.0, ""min_samples_leaf"": 1, ""splitter"": ""random""}",45,193491,0.03,JavaGC,ddbs,1,T2,6,True
kNN,1.1385369571694774,"{""n_neighbors"": 8, ""p"": 1, ""weights"": ""distance""}",45,193491,0.83,JavaGC,ddbs,1,T2,6,True
KRR,0.6972268501513987,"{""regressor__kernel"": ""rbf"", ""regressor__gamma"": 0.1, ""regressor__alpha"": 0.0001}",45,193491,0.33,JavaGC,ddbs,1,T2,6,True
MR,0.31657670953555367,"{""lasso__regressor__alpha"": 0.01}",45,193491,5.08,JavaGC,ddbs,1,T2,6,True
RF,0.3748888439394693,"{""max_features"": 1.0, ""min_samples_leaf"": 1, ""n_estimators"": 10}",45,193491,0.1,JavaGC,ddbs,1,T2,6,True
SVR,0.9588420562340078,"{""regressor__tol"": 0.3, ""regressor__shrinking"": false, ""regressor__epsilon"": 0.1, ""regressor__coef0"": 2.0, ""regressor__C"": 0.5}",45,193491,0.75,JavaGC,ddbs,1,T2,6,True
CART,0.5761112588212886,"{""max_features"": 1.0, ""min_samples_leaf"": 1, ""splitter"": ""random""}",45,193491,0.03,JavaGC,ddbs,1,T2,7,True
kNN,0.912396926429535,"{""n_neighbors"": 8, ""p"": 1, ""weights"": ""distance""}",45,193491,0.82,JavaGC,ddbs,1,T2,7,True
KRR,0.6353724678625128,"{""regressor__kernel"": ""rbf"", ""regressor__gamma"": 0.1, ""regressor__alpha"": 0.0001}",45,193491,0.37,JavaGC,ddbs,1,T2,7,True
MR,0.5658816747747075,"{""lasso__regressor__alpha"": 0.01}",45,193491,5.01,JavaGC,ddbs,1,T2,7,True
RF,0.6513183036064004,"{""max_features"": 1.0, ""min_samples_leaf"": 1, ""n_estimators"": 10}",45,193491,0.11,JavaGC,ddbs,1,T2,7,True
SVR,0.7267916768324671,"{""regressor__tol"": 0.3, ""regressor__shrinking"": false, ""regressor__epsilon"": 0.1, ""regressor__coef0"": 2.0, ""regressor__C"": 0.5}",45,193491,0.84,JavaGC,ddbs,1,T2,7,True
CART,0.21371343373308407,"{""max_features"": 1.0, ""min_samples_leaf"": 1, ""splitter"": ""random""}",45,193491,0.03,JavaGC,ddbs,1,T2,8,True
kNN,1.2064536112623074,"{""n_neighbors"": 8, ""p"": 1, ""weights"": ""distance""}",45,193491,0.84,JavaGC,ddbs,1,T2,8,True
KRR,0.9244240968848106,"{""regressor__kernel"": ""rbf"", ""regressor__gamma"": 0.1, ""regressor__alpha"": 0.0001}",45,193491,0.31,JavaGC,ddbs,1,T2,8,True
MR,0.512078966293344,"{""lasso__regressor__alpha"": 0.01}",45,193491,4.88,JavaGC,ddbs,1,T2,8,True
RF,0.5592281666217489,"{""max_features"": 1.0, ""min_samples_leaf"": 1, ""n_estimators"": 10}",45,193491,0.09,JavaGC,ddbs,1,T2,8,True
SVR,1.2693287171145604,"{""regressor__tol"": 0.3, ""regressor__shrinking"": false, ""regressor__epsilon"": 0.1, ""regressor__coef0"": 2.0, ""regressor__C"": 0.5}",45,193491,0.81,JavaGC,ddbs,1,T2,8,True
CART,0.1973111949531377,"{""max_features"": 1.0, ""min_samples_leaf"": 1, ""splitter"": ""random""}",45,193491,0.04,JavaGC,ddbs,1,T2,9,True
kNN,1.1953371050953525,"{""n_neighbors"": 8, ""p"": 1, ""weights"": ""distance""}",45,193491,0.83,JavaGC,ddbs,1,T2,9,True
KRR,1.0014529031418093,"{""regressor__kernel"": ""rbf"", ""regressor__gamma"": 0.1, ""regressor__alpha"": 0.0001}",45,193491,0.35,JavaGC,ddbs,1,T2,9,True
MR,0.6709729120035732,"{""lasso__regressor__alpha"": 0.01}",45,193491,5.0,JavaGC,ddbs,1,T2,9,True
RF,0.446330082528538,"{""max_features"": 1.0, ""min_samples_leaf"": 1, ""n_estimators"": 10}",45,193491,0.1,JavaGC,ddbs,1,T2,9,True
SVR,1.2558506888985645,"{""regressor__tol"": 0.3, ""regressor__shrinking"": false, ""regressor__epsilon"": 0.1, ""regressor__coef0"": 2.0, ""regressor__C"": 0.5}",45,193491,0.72,JavaGC,ddbs,1,T2,9,True
CART,0.33739995093920944,"{""max_features"": 1.0, ""min_samples_leaf"": 1, ""splitter"": ""random""}",45,193491,0.03,JavaGC,ddbs,1,T2,10,True
kNN,1.2995869423948239,"{""n_neighbors"": 8, ""p"": 1, ""weights"": ""distance""}",45,193491,0.82,JavaGC,ddbs,1,T2,10,True
KRR,0.9736606015963974,"{""regressor__kernel"": ""rbf"", ""regressor__gamma"": 0.1, ""regressor__alpha"": 0.0001}",45,193491,0.31,JavaGC,ddbs,1,T2,10,True
MR,0.7609322560669589,"{""lasso__regressor__alpha"": 0.01}",45,193491,4.9,JavaGC,ddbs,1,T2,10,True
RF,0.6428838484910481,"{""max_features"": 1.0, ""min_samples_leaf"": 1, ""n_estimators"": 10}",45,193491,0.09,JavaGC,ddbs,1,T2,10,True
SVR,1.3863607434804404,"{""regressor__tol"": 0.3, ""regressor__shrinking"": false, ""regressor__epsilon"": 0.1, ""regressor__coef0"": 2.0, ""regressor__C"": 0.5}",45,193491,0.66,JavaGC,ddbs,1,T2,10,True
CART,0.1638244609303896,"{""max_features"": 1.0, ""min_samples_leaf"": 1, ""splitter"": ""random""}",45,193491,0.04,JavaGC,ddbs,1,T2,11,True
kNN,0.9287979744091771,"{""n_neighbors"": 8, ""p"": 1, ""weights"": ""distance""}",45,193491,0.88,JavaGC,ddbs,1,T2,11,True
KRR,0.7703470079550819,"{""regressor__kernel"": ""rbf"", ""regressor__gamma"": 0.1, ""regressor__alpha"": 0.0001}",45,193491,0.4,JavaGC,ddbs,1,T2,11,True
MR,0.5218086304657602,"{""lasso__regressor__alpha"": 0.01}",45,193491,5.03,JavaGC,ddbs,1,T2,11,True
RF,0.5299240427212303,"{""max_features"": 1.0, ""min_samples_leaf"": 1, ""n_estimators"": 10}",45,193491,0.09,JavaGC,ddbs,1,T2,11,True
SVR,0.8335622331237833,"{""regressor__tol"": 0.3, ""regressor__shrinking"": false, ""regressor__epsilon"": 0.1, ""regressor__coef0"": 2.0, ""regressor__C"": 0.5}",45,193491,0.79,JavaGC,ddbs,1,T2,11,True
CART,0.9085091767310938,"{""max_features"": 1.0, ""min_samples_leaf"": 1, ""splitter"": ""random""}",45,193491,0.03,JavaGC,ddbs,1,T2,12,True
kNN,0.9911822620367049,"{""n_neighbors"": 8, ""p"": 1, ""weights"": ""distance""}",45,193491,0.88,JavaGC,ddbs,1,T2,12,True
KRR,1.001444304057746,"{""regressor__kernel"": ""rbf"", ""regressor__gamma"": 0.1, ""regressor__alpha"": 0.0001}",45,193491,0.39,JavaGC,ddbs,1,T2,12,True
MR,0.5854636589083563,"{""lasso__regressor__alpha"": 0.01}",45,193491,4.95,JavaGC,ddbs,1,T2,12,True
RF,0.8659866560549823,"{""max_features"": 1.0, ""min_samples_leaf"": 1, ""n_estimators"": 10}",45,193491,0.1,JavaGC,ddbs,1,T2,12,True
SVR,0.9997390369266447,"{""regressor__tol"": 0.3, ""regressor__shrinking"": false, ""regressor__epsilon"": 0.1, ""regressor__coef0"": 2.0, ""regressor__C"": 0.5}",45,193491,0.72,JavaGC,ddbs,1,T2,12,True
CART,0.6209947004863156,"{""max_features"": 1.0, ""min_samples_leaf"": 1, ""splitter"": ""random""}",45,193491,0.03,JavaGC,ddbs,1,T2,13,True
kNN,1.0986314250621434,"{""n_neighbors"": 8, ""p"": 1, ""weights"": ""distance""}",45,193491,0.87,JavaGC,ddbs,1,T2,13,True
KRR,0.8564348314576576,"{""regressor__kernel"": ""rbf"", ""regressor__gamma"": 0.1, ""regressor__alpha"": 0.0001}",45,193491,0.38,JavaGC,ddbs,1,T2,13,True
MR,0.8099361753477824,"{""lasso__regressor__alpha"": 0.01}",45,193491,5.09,JavaGC,ddbs,1,T2,13,True
RF,0.5972943353315491,"{""max_features"": 1.0, ""min_samples_leaf"": 1, ""n_estimators"": 10}",45,193491,0.1,JavaGC,ddbs,1,T2,13,True
SVR,1.0971070426425185,"{""regressor__tol"": 0.3, ""regressor__shrinking"": false, ""regressor__epsilon"": 0.1, ""regressor__coef0"": 2.0, ""regressor__C"": 0.5}",45,193491,0.71,JavaGC,ddbs,1,T2,13,True
CART,0.5012772131291435,"{""max_features"": 1.0, ""min_samples_leaf"": 1, ""splitter"": ""random""}",45,193491,0.03,JavaGC,ddbs,1,T2,14,True
kNN,0.9191364592615668,"{""n_neighbors"": 8, ""p"": 1, ""weights"": ""distance""}",45,193491,0.86,JavaGC,ddbs,1,T2,14,True
KRR,0.8908636485539974,"{""regressor__kernel"": ""rbf"", ""regressor__gamma"": 0.1, ""regressor__alpha"": 0.0001}",45,193491,0.36,JavaGC,ddbs,1,T2,14,True
MR,0.583224558515252,"{""lasso__regressor__alpha"": 0.01}",45,193491,5.02,JavaGC,ddbs,1,T2,14,True
RF,0.6849259519835224,"{""max_features"": 1.0, ""min_samples_leaf"": 1, ""n_estimators"": 10}",45,193491,0.1,JavaGC,ddbs,1,T2,14,True
SVR,0.716683339719162,"{""regressor__tol"": 0.3, ""regressor__shrinking"": false, ""regressor__epsilon"": 0.1, ""regressor__coef0"": 2.0, ""regressor__C"": 0.5}",45,193491,0.69,JavaGC,ddbs,1,T2,14,True
CART,0.4737883426840701,"{""max_features"": 1.0, ""min_samples_leaf"": 1, ""splitter"": ""random""}",45,193491,0.03,JavaGC,ddbs,1,T2,15,True
kNN,0.9277353862122921,"{""n_neighbors"": 8, ""p"": 1, ""weights"": ""distance""}",45,193491,0.86,JavaGC,ddbs,1,T2,15,True
KRR,0.6259810361781538,"{""regressor__kernel"": ""rbf"", ""regressor__gamma"": 0.1, ""regressor__alpha"": 0.0001}",45,193491,0.37,JavaGC,ddbs,1,T2,15,True
MR,0.5131784340289135,"{""lasso__regressor__alpha"": 0.01}",45,193491,5.08,JavaGC,ddbs,1,T2,15,True
RF,0.4979811908049033,"{""max_features"": 1.0, ""min_samples_leaf"": 1, ""n_estimators"": 10}",45,193491,0.1,JavaGC,ddbs,1,T2,15,True
SVR,0.8058680201605216,"{""regressor__tol"": 0.3, ""regressor__shrinking"": false, ""regressor__epsilon"": 0.1, ""regressor__coef0"": 2.0, ""regressor__C"": 0.5}",45,193491,0.77,JavaGC,ddbs,1,T2,15,True
CART,0.4944242659627315,"{""max_features"": 1.0, ""min_samples_leaf"": 1, ""splitter"": ""random""}",45,193491,0.03,JavaGC,ddbs,1,T2,16,True
kNN,1.064137850123808,"{""n_neighbors"": 8, ""p"": 1, ""weights"": ""distance""}",45,193491,0.84,JavaGC,ddbs,1,T2,16,True
KRR,0.9115918152357871,"{""regressor__kernel"": ""rbf"", ""regressor__gamma"": 0.1, ""regressor__alpha"": 0.0001}",45,193491,0.35,JavaGC,ddbs,1,T2,16,True
MR,0.7786162699993775,"{""lasso__regressor__alpha"": 0.01}",45,193491,5.02,JavaGC,ddbs,1,T2,16,True
RF,0.5084101263088953,"{""max_features"": 1.0, ""min_samples_leaf"": 1, ""n_estimators"": 10}",45,193491,0.1,JavaGC,ddbs,1,T2,16,True
SVR,1.047327134822092,"{""regressor__tol"": 0.3, ""regressor__shrinking"": false, ""regressor__epsilon"": 0.1, ""regressor__coef0"": 2.0, ""regressor__C"": 0.5}",45,193491,0.8,JavaGC,ddbs,1,T2,16,True
CART,0.6795499942335497,"{""max_features"": 1.0, ""min_samples_leaf"": 1, ""splitter"": ""random""}",45,193491,0.03,JavaGC,ddbs,1,T2,17,True
kNN,0.9925461115932133,"{""n_neighbors"": 8, ""p"": 1, ""weights"": ""distance""}",45,193491,0.84,JavaGC,ddbs,1,T2,17,True
KRR,0.9933629624285809,"{""regressor__kernel"": ""rbf"", ""regressor__gamma"": 0.1, ""regressor__alpha"": 0.0001}",45,193491,0.38,JavaGC,ddbs,1,T2,17,True
MR,0.8497155080028218,"{""lasso__regressor__alpha"": 0.01}",45,193491,4.92,JavaGC,ddbs,1,T2,17,True
RF,1.0535006706471917,"{""max_features"": 1.0, ""min_samples_leaf"": 1, ""n_estimators"": 10}",45,193491,0.11,JavaGC,ddbs,1,T2,17,True
SVR,1.0886180418937097,"{""regressor__tol"": 0.3, ""regressor__shrinking"": false, ""regressor__epsilon"": 0.1, ""regressor__coef0"": 2.0, ""regressor__C"": 0.5}",45,193491,0.79,JavaGC,ddbs,1,T2,17,True
CART,0.5789279608731532,"{""max_features"": 1.0, ""min_samples_leaf"": 1, ""splitter"": ""random""}",45,193491,0.03,JavaGC,ddbs,1,T2,18,True
kNN,1.0126297300941314,"{""n_neighbors"": 8, ""p"": 1, ""weights"": ""distance""}",45,193491,0.84,JavaGC,ddbs,1,T2,18,True
KRR,0.8169264680935273,"{""regressor__kernel"": ""rbf"", ""regressor__gamma"": 0.1, ""regressor__alpha"": 0.0001}",45,193491,0.33,JavaGC,ddbs,1,T2,18,True
MR,0.6205505635001863,"{""lasso__regressor__alpha"": 0.01}",45,193491,4.85,JavaGC,ddbs,1,T2,18,True
RF,0.6976059360429505,"{""max_features"": 1.0, ""min_samples_leaf"": 1, ""n_estimators"": 10}",45,193491,0.09,JavaGC,ddbs,1,T2,18,True
SVR,1.0460379302721081,"{""regressor__tol"": 0.3, ""regressor__shrinking"": false, ""regressor__epsilon"": 0.1, ""regressor__coef0"": 2.0, ""regressor__C"": 0.5}",45,193491,0.76,JavaGC,ddbs,1,T2,18,True
CART,0.16186531041654717,"{""max_features"": 1.0, ""min_samples_leaf"": 1, ""splitter"": ""random""}",45,193491,0.04,JavaGC,ddbs,1,T2,19,True
kNN,1.0393718599722057,"{""n_neighbors"": 8, ""p"": 1, ""weights"": ""distance""}",45,193491,0.9,JavaGC,ddbs,1,T2,19,True
KRR,0.6639174801193323,"{""regressor__kernel"": ""rbf"", ""regressor__gamma"": 0.1, ""regressor__alpha"": 0.0001}",45,193491,0.38,JavaGC,ddbs,1,T2,19,True
MR,0.3015769926679945,"{""lasso__regressor__alpha"": 0.01}",45,193491,5.12,JavaGC,ddbs,1,T2,19,True
RF,0.42639086268514287,"{""max_features"": 1.0, ""min_samples_leaf"": 1, ""n_estimators"": 10}",45,193491,0.1,JavaGC,ddbs,1,T2,19,True
SVR,0.9960015743716013,"{""regressor__tol"": 0.3, ""regressor__shrinking"": false, ""regressor__epsilon"": 0.1, ""regressor__coef0"": 2.0, ""regressor__C"": 0.5}",45,193491,0.81,JavaGC,ddbs,1,T2,19,True
CART,0.31792596294377506,"{""max_features"": 1.0, ""min_samples_leaf"": 1, ""splitter"": ""random""}",45,193491,0.03,JavaGC,ddbs,1,T2,20,True
kNN,1.2907182022981172,"{""n_neighbors"": 8, ""p"": 1, ""weights"": ""distance""}",45,193491,0.89,JavaGC,ddbs,1,T2,20,True
KRR,1.0736053068928804,"{""regressor__kernel"": ""rbf"", ""regressor__gamma"": 0.1, ""regressor__alpha"": 0.0001}",45,193491,0.38,JavaGC,ddbs,1,T2,20,True
MR,0.786669203105319,"{""lasso__regressor__alpha"": 0.01}",45,193491,5.11,JavaGC,ddbs,1,T2,20,True
RF,0.7124600828049268,"{""max_features"": 1.0, ""min_samples_leaf"": 1, ""n_estimators"": 10}",45,193491,0.1,JavaGC,ddbs,1,T2,20,True
SVR,1.4769602170077516,"{""regressor__tol"": 0.3, ""regressor__shrinking"": false, ""regressor__epsilon"": 0.1, ""regressor__coef0"": 2.0, ""regressor__C"": 0.5}",45,193491,0.75,JavaGC,ddbs,1,T2,20,True
CART,0.16206778772079328,"{""max_features"": 1.0, ""min_samples_leaf"": 1, ""splitter"": ""random""}",45,193491,0.03,JavaGC,ddbs,1,T2,21,True
kNN,0.9492352357100612,"{""n_neighbors"": 8, ""p"": 1, ""weights"": ""distance""}",45,193491,0.85,JavaGC,ddbs,1,T2,21,True
KRR,0.7965074262125116,"{""regressor__kernel"": ""rbf"", ""regressor__gamma"": 0.1, ""regressor__alpha"": 0.0001}",45,193491,0.38,JavaGC,ddbs,1,T2,21,True
MR,0.3224322782140076,"{""lasso__regressor__alpha"": 0.01}",45,193491,5.0,JavaGC,ddbs,1,T2,21,True
RF,0.4784131455448501,"{""max_features"": 1.0, ""min_samples_leaf"": 1, ""n_estimators"": 10}",45,193491,0.11,JavaGC,ddbs,1,T2,21,True
SVR,1.0152622448522501,"{""regressor__tol"": 0.3, ""regressor__shrinking"": false, ""regressor__epsilon"": 0.1, ""regressor__coef0"": 2.0, ""regressor__C"": 0.5}",45,193491,0.74,JavaGC,ddbs,1,T2,21,True
CART,0.6044878376413292,"{""max_features"": 1.0, ""min_samples_leaf"": 1, ""splitter"": ""random""}",45,193491,0.03,JavaGC,ddbs,1,T2,22,True
kNN,0.9073289542709349,"{""n_neighbors"": 8, ""p"": 1, ""weights"": ""distance""}",45,193491,0.85,JavaGC,ddbs,1,T2,22,True
KRR,0.879568233519468,"{""regressor__kernel"": ""rbf"", ""regressor__gamma"": 0.1, ""regressor__alpha"": 0.0001}",45,193491,0.33,JavaGC,ddbs,1,T2,22,True
MR,0.629291873538082,"{""lasso__regressor__alpha"": 0.01}",45,193491,4.98,JavaGC,ddbs,1,T2,22,True
RF,0.7661630035394744,"{""max_features"": 1.0, ""min_samples_leaf"": 1, ""n_estimators"": 10}",45,193491,0.09,JavaGC,ddbs,1,T2,22,True
SVR,0.8608782366406518,"{""regressor__tol"": 0.3, ""regressor__shrinking"": false, ""regressor__epsilon"": 0.1, ""regressor__coef0"": 2.0, ""regressor__C"": 0.5}",45,193491,0.72,JavaGC,ddbs,1,T2,22,True
CART,0.20691787094470224,"{""max_features"": 1.0, ""min_samples_leaf"": 1, ""splitter"": ""random""}",45,193491,0.03,JavaGC,ddbs,1,T2,23,True
kNN,0.8945553010749149,"{""n_neighbors"": 8, ""p"": 1, ""weights"": ""distance""}",45,193491,0.85,JavaGC,ddbs,1,T2,23,True
KRR,0.6821496633802331,"{""regressor__kernel"": ""rbf"", ""regressor__gamma"": 0.1, ""regressor__alpha"": 0.0001}",45,193491,0.38,JavaGC,ddbs,1,T2,23,True
MR,0.3709730404940124,"{""lasso__regressor__alpha"": 0.01}",45,193491,4.99,JavaGC,ddbs,1,T2,23,True
RF,0.27300288149408913,"{""max_features"": 1.0, ""min_samples_leaf"": 1, ""n_estimators"": 10}",45,193491,0.11,JavaGC,ddbs,1,T2,23,True
SVR,0.8069652049521528,"{""regressor__tol"": 0.3, ""regressor__shrinking"": false, ""regressor__epsilon"": 0.1, ""regressor__coef0"": 2.0, ""regressor__C"": 0.5}",45,193491,0.77,JavaGC,ddbs,1,T2,23,True
CART,0.16068035328176977,"{""max_features"": 1.0, ""min_samples_leaf"": 1, ""splitter"": ""random""}",45,193491,0.03,JavaGC,ddbs,1,T2,24,True
kNN,1.212902783130362,"{""n_neighbors"": 8, ""p"": 1, ""weights"": ""distance""}",45,193491,0.86,JavaGC,ddbs,1,T2,24,True
KRR,0.6910230090664158,"{""regressor__kernel"": ""rbf"", ""regressor__gamma"": 0.1, ""regressor__alpha"": 0.0001}",45,193491,0.33,JavaGC,ddbs,1,T2,24,True
MR,0.44526325251619925,"{""lasso__regressor__alpha"": 0.01}",45,193491,5.03,JavaGC,ddbs,1,T2,24,True
RF,0.3084104234363621,"{""max_features"": 1.0, ""min_samples_leaf"": 1, ""n_estimators"": 10}",45,193491,0.1,JavaGC,ddbs,1,T2,24,True
SVR,1.259324631979017,"{""regressor__tol"": 0.3, ""regressor__shrinking"": false, ""regressor__epsilon"": 0.1, ""regressor__coef0"": 2.0, ""regressor__C"": 0.5}",45,193491,0.73,JavaGC,ddbs,1,T2,24,True
CART,0.1787129535429703,"{""max_features"": 1.0, ""min_samples_leaf"": 1, ""splitter"": ""random""}",45,193491,0.03,JavaGC,ddbs,1,T2,25,True
kNN,0.9026407526079776,"{""n_neighbors"": 8, ""p"": 1, ""weights"": ""distance""}",45,193491,0.86,JavaGC,ddbs,1,T2,25,True
KRR,0.9191436497777798,"{""regressor__kernel"": ""rbf"", ""regressor__gamma"": 0.1, ""regressor__alpha"": 0.0001}",45,193491,0.36,JavaGC,ddbs,1,T2,25,True
MR,0.7918461823084266,"{""lasso__regressor__alpha"": 0.01}",45,193491,5.0,JavaGC,ddbs,1,T2,25,True
RF,0.41643289074730655,"{""max_features"": 1.0, ""min_samples_leaf"": 1, ""n_estimators"": 10}",45,193491,0.11,JavaGC,ddbs,1,T2,25,True
SVR,0.8995949256443971,"{""regressor__tol"": 0.3, ""regressor__shrinking"": false, ""regressor__epsilon"": 0.1, ""regressor__coef0"": 2.0, ""regressor__C"": 0.5}",45,193491,0.63,JavaGC,ddbs,1,T2,25,True
CART,0.5148320670022177,"{""max_features"": 1.0, ""min_samples_leaf"": 1, ""splitter"": ""random""}",45,193491,0.03,JavaGC,ddbs,1,T2,26,True
kNN,1.2293903135137478,"{""n_neighbors"": 8, ""p"": 1, ""weights"": ""distance""}",45,193491,0.87,JavaGC,ddbs,1,T2,26,True
KRR,0.9039169897974122,"{""regressor__kernel"": ""rbf"", ""regressor__gamma"": 0.1, ""regressor__alpha"": 0.0001}",45,193491,0.32,JavaGC,ddbs,1,T2,26,True
MR,0.86990295654654,"{""lasso__regressor__alpha"": 0.01}",45,193491,5.03,JavaGC,ddbs,1,T2,26,True
RF,0.6049774490825394,"{""max_features"": 1.0, ""min_samples_leaf"": 1, ""n_estimators"": 10}",45,193491,0.1,JavaGC,ddbs,1,T2,26,True
SVR,1.2205244303525344,"{""regressor__tol"": 0.3, ""regressor__shrinking"": false, ""regressor__epsilon"": 0.1, ""regressor__coef0"": 2.0, ""regressor__C"": 0.5}",45,193491,0.74,JavaGC,ddbs,1,T2,26,True
CART,0.5182982424932026,"{""max_features"": 1.0, ""min_samples_leaf"": 1, ""splitter"": ""random""}",45,193491,0.03,JavaGC,ddbs,1,T2,27,True
kNN,1.100946924705295,"{""n_neighbors"": 8, ""p"": 1, ""weights"": ""distance""}",45,193491,0.83,JavaGC,ddbs,1,T2,27,True
KRR,0.9421962372925246,"{""regressor__kernel"": ""rbf"", ""regressor__gamma"": 0.1, ""regressor__alpha"": 0.0001}",45,193491,0.39,JavaGC,ddbs,1,T2,27,True
MR,0.5437606184661915,"{""lasso__regressor__alpha"": 0.01}",45,193491,4.97,JavaGC,ddbs,1,T2,27,True
RF,0.6238767881532564,"{""max_features"": 1.0, ""min_samples_leaf"": 1, ""n_estimators"": 10}",45,193491,0.12,JavaGC,ddbs,1,T2,27,True
SVR,1.0480857933172858,"{""regressor__tol"": 0.3, ""regressor__shrinking"": false, ""regressor__epsilon"": 0.1, ""regressor__coef0"": 2.0, ""regressor__C"": 0.5}",45,193491,0.77,JavaGC,ddbs,1,T2,27,True
CART,0.4531135627101771,"{""max_features"": 1.0, ""min_samples_leaf"": 1, ""splitter"": ""random""}",45,193491,0.03,JavaGC,ddbs,1,T2,28,True
kNN,1.2645535311500278,"{""n_neighbors"": 8, ""p"": 1, ""weights"": ""distance""}",45,193491,0.85,JavaGC,ddbs,1,T2,28,True
KRR,1.1700700849768402,"{""regressor__kernel"": ""rbf"", ""regressor__gamma"": 0.1, ""regressor__alpha"": 0.0001}",45,193491,0.33,JavaGC,ddbs,1,T2,28,True
MR,0.7750314493246542,"{""lasso__regressor__alpha"": 0.01}",45,193491,4.86,JavaGC,ddbs,1,T2,28,True
RF,0.575585037032248,"{""max_features"": 1.0, ""min_samples_leaf"": 1, ""n_estimators"": 10}",45,193491,0.1,JavaGC,ddbs,1,T2,28,True
SVR,1.3382933845180276,"{""regressor__tol"": 0.3, ""regressor__shrinking"": false, ""regressor__epsilon"": 0.1, ""regressor__coef0"": 2.0, ""regressor__C"": 0.5}",45,193491,0.67,JavaGC,ddbs,1,T2,28,True
CART,0.7727645335068014,"{""max_features"": 1.0, ""min_samples_leaf"": 1, ""splitter"": ""random""}",45,193491,0.03,JavaGC,ddbs,1,T2,29,True
kNN,1.4171272602242462,"{""n_neighbors"": 8, ""p"": 1, ""weights"": ""distance""}",45,193491,0.82,JavaGC,ddbs,1,T2,29,True
KRR,1.1246782480593935,"{""regressor__kernel"": ""rbf"", ""regressor__gamma"": 0.1, ""regressor__alpha"": 0.0001}",45,193491,0.34,JavaGC,ddbs,1,T2,29,True
MR,0.7857767481548228,"{""lasso__regressor__alpha"": 0.01}",45,193491,4.96,JavaGC,ddbs,1,T2,29,True
RF,0.5779261526277002,"{""max_features"": 1.0, ""min_samples_leaf"": 1, ""n_estimators"": 10}",45,193491,0.09,JavaGC,ddbs,1,T2,29,True
SVR,1.5229447498340363,"{""regressor__tol"": 0.3, ""regressor__shrinking"": false, ""regressor__epsilon"": 0.1, ""regressor__coef0"": 2.0, ""regressor__C"": 0.5}",45,193491,0.76,JavaGC,ddbs,1,T2,29,True
CART,0.654208478363202,"{""max_features"": 1.0, ""min_samples_leaf"": 1, ""splitter"": ""random""}",45,193491,0.03,JavaGC,ddbs,1,T2,30,True
kNN,0.669813913533262,"{""n_neighbors"": 8, ""p"": 1, ""weights"": ""distance""}",45,193491,0.83,JavaGC,ddbs,1,T2,30,True
KRR,0.5583102927866568,"{""regressor__kernel"": ""rbf"", ""regressor__gamma"": 0.1, ""regressor__alpha"": 0.0001}",45,193491,0.32,JavaGC,ddbs,1,T2,30,True
MR,0.5092229699217636,"{""lasso__regressor__alpha"": 0.01}",45,193491,4.79,JavaGC,ddbs,1,T2,30,True
RF,0.6267467945708435,"{""max_features"": 1.0, ""min_samples_leaf"": 1, ""n_estimators"": 10}",45,193491,0.09,JavaGC,ddbs,1,T2,30,True
SVR,0.45278829756620415,"{""regressor__tol"": 0.3, ""regressor__shrinking"": false, ""regressor__epsilon"": 0.1, ""regressor__coef0"": 2.0, ""regressor__C"": 0.5}",45,193491,0.53,JavaGC,ddbs,1,T2,30,True
CART,0.3578056419415132,"{""max_features"": 1.0, ""min_samples_leaf"": 1, ""splitter"": ""random""}",45,193491,0.04,JavaGC,ddbs,1,T2,31,True
kNN,1.228922399124399,"{""n_neighbors"": 8, ""p"": 1, ""weights"": ""distance""}",45,193491,0.89,JavaGC,ddbs,1,T2,31,True
KRR,1.19574891162416,"{""regressor__kernel"": ""rbf"", ""regressor__gamma"": 0.1, ""regressor__alpha"": 0.0001}",45,193491,0.38,JavaGC,ddbs,1,T2,31,True
MR,0.6072810018671552,"{""lasso__regressor__alpha"": 0.01}",45,193491,5.1,JavaGC,ddbs,1,T2,31,True
RF,0.8478441428842689,"{""max_features"": 1.0, ""min_samples_leaf"": 1, ""n_estimators"": 10}",45,193491,0.1,JavaGC,ddbs,1,T2,31,True
SVR,1.5588185933435192,"{""regressor__tol"": 0.3, ""regressor__shrinking"": false, ""regressor__epsilon"": 0.1, ""regressor__coef0"": 2.0, ""regressor__C"": 0.5}",45,193491,0.68,JavaGC,ddbs,1,T2,31,True
CART,0.17121333457230026,"{""max_features"": 1.0, ""min_samples_leaf"": 1, ""splitter"": ""random""}",45,193491,0.04,JavaGC,ddbs,1,T2,32,True
kNN,1.1386921943780008,"{""n_neighbors"": 8, ""p"": 1, ""weights"": ""distance""}",45,193491,0.87,JavaGC,ddbs,1,T2,32,True
KRR,0.7864235312851312,"{""regressor__kernel"": ""rbf"", ""regressor__gamma"": 0.1, ""regressor__alpha"": 0.0001}",45,193491,0.39,JavaGC,ddbs,1,T2,32,True
MR,0.7339145303422251,"{""lasso__regressor__alpha"": 0.01}",45,193491,5.08,JavaGC,ddbs,1,T2,32,True
RF,0.3784307478069752,"{""max_features"": 1.0, ""min_samples_leaf"": 1, ""n_estimators"": 10}",45,193491,0.11,JavaGC,ddbs,1,T2,32,True
SVR,1.2761529529671916,"{""regressor__tol"": 0.3, ""regressor__shrinking"": false, ""regressor__epsilon"": 0.1, ""regressor__coef0"": 2.0, ""regressor__C"": 0.5}",45,193491,0.9,JavaGC,ddbs,1,T2,32,True
CART,0.7478923769015178,"{""max_features"": 1.0, ""min_samples_leaf"": 1, ""splitter"": ""random""}",45,193491,0.04,JavaGC,ddbs,1,T2,33,True
kNN,0.8888276799338315,"{""n_neighbors"": 8, ""p"": 1, ""weights"": ""distance""}",45,193491,0.9,JavaGC,ddbs,1,T2,33,True
KRR,0.8110250036591785,"{""regressor__kernel"": ""rbf"", ""regressor__gamma"": 0.1, ""regressor__alpha"": 0.0001}",45,193491,0.39,JavaGC,ddbs,1,T2,33,True
MR,0.7718593530747043,"{""lasso__regressor__alpha"": 0.01}",45,193491,5.07,JavaGC,ddbs,1,T2,33,True
RF,0.6547549860643347,"{""max_features"": 1.0, ""min_samples_leaf"": 1, ""n_estimators"": 10}",45,193491,0.11,JavaGC,ddbs,1,T2,33,True
SVR,0.9516552283306289,"{""regressor__tol"": 0.3, ""regressor__shrinking"": false, ""regressor__epsilon"": 0.1, ""regressor__coef0"": 2.0, ""regressor__C"": 0.5}",45,193491,0.66,JavaGC,ddbs,1,T2,33,True
CART,0.2494683716463836,"{""max_features"": 1.0, ""min_samples_leaf"": 1, ""splitter"": ""random""}",45,193491,0.03,JavaGC,ddbs,1,T2,34,True
kNN,1.1606498063675714,"{""n_neighbors"": 8, ""p"": 1, ""weights"": ""distance""}",45,193491,0.88,JavaGC,ddbs,1,T2,34,True
KRR,0.858197168413702,"{""regressor__kernel"": ""rbf"", ""regressor__gamma"": 0.1, ""regressor__alpha"": 0.0001}",45,193491,0.39,JavaGC,ddbs,1,T2,34,True
MR,0.5142260345859034,"{""lasso__regressor__alpha"": 0.01}",45,193491,5.15,JavaGC,ddbs,1,T2,34,True
RF,0.4728031944176225,"{""max_features"": 1.0, ""min_samples_leaf"": 1, ""n_estimators"": 10}",45,193491,0.1,JavaGC,ddbs,1,T2,34,True
SVR,1.312959802676845,"{""regressor__tol"": 0.3, ""regressor__shrinking"": false, ""regressor__epsilon"": 0.1, ""regressor__coef0"": 2.0, ""regressor__C"": 0.5}",45,193491,0.67,JavaGC,ddbs,1,T2,34,True
CART,0.24373608458787605,"{""max_features"": 1.0, ""min_samples_leaf"": 1, ""splitter"": ""random""}",45,193491,0.03,JavaGC,ddbs,1,T2,35,True
kNN,1.1870985720090812,"{""n_neighbors"": 8, ""p"": 1, ""weights"": ""distance""}",45,193491,0.82,JavaGC,ddbs,1,T2,35,True
KRR,0.7270787963241588,"{""regressor__kernel"": ""rbf"", ""regressor__gamma"": 0.1, ""regressor__alpha"": 0.0001}",45,193491,0.33,JavaGC,ddbs,1,T2,35,True
MR,0.41097172319107744,"{""lasso__regressor__alpha"": 0.01}",45,193491,5.06,JavaGC,ddbs,1,T2,35,True
RF,0.4888917330396898,"{""max_features"": 1.0, ""min_samples_leaf"": 1, ""n_estimators"": 10}",45,193491,0.1,JavaGC,ddbs,1,T2,35,True
SVR,1.2303508758805488,"{""regressor__tol"": 0.3, ""regressor__shrinking"": false, ""regressor__epsilon"": 0.1, ""regressor__coef0"": 2.0, ""regressor__C"": 0.5}",45,193491,0.77,JavaGC,ddbs,1,T2,35,True
CART,0.1366396248193018,"{""max_features"": 1.0, ""min_samples_leaf"": 1, ""splitter"": ""random""}",45,193491,0.03,JavaGC,ddbs,1,T2,36,True
kNN,0.824664886777912,"{""n_neighbors"": 8, ""p"": 1, ""weights"": ""distance""}",45,193491,0.83,JavaGC,ddbs,1,T2,36,True
KRR,0.8038888974669531,"{""regressor__kernel"": ""rbf"", ""regressor__gamma"": 0.1, ""regressor__alpha"": 0.0001}",45,193491,0.34,JavaGC,ddbs,1,T2,36,True
MR,0.40597958192844075,"{""lasso__regressor__alpha"": 0.01}",45,193491,4.83,JavaGC,ddbs,1,T2,36,True
RF,0.4160396434568903,"{""max_features"": 1.0, ""min_samples_leaf"": 1, ""n_estimators"": 10}",45,193491,0.1,JavaGC,ddbs,1,T2,36,True
SVR,0.8440091389055473,"{""regressor__tol"": 0.3, ""regressor__shrinking"": false, ""regressor__epsilon"": 0.1, ""regressor__coef0"": 2.0, ""regressor__C"": 0.5}",45,193491,0.79,JavaGC,ddbs,1,T2,36,True
CART,0.5570382194459784,"{""max_features"": 1.0, ""min_samples_leaf"": 1, ""splitter"": ""random""}",45,193491,0.03,JavaGC,ddbs,1,T2,37,True
kNN,1.1043089346588784,"{""n_neighbors"": 8, ""p"": 1, ""weights"": ""distance""}",45,193491,0.85,JavaGC,ddbs,1,T2,37,True
KRR,1.1741228322856807,"{""regressor__kernel"": ""rbf"", ""regressor__gamma"": 0.1, ""regressor__alpha"": 0.0001}",45,193491,0.36,JavaGC,ddbs,1,T2,37,True
MR,0.8758659348325745,"{""lasso__regressor__alpha"": 0.01}",45,193491,5.05,JavaGC,ddbs,1,T2,37,True
RF,0.7734802837587916,"{""max_features"": 1.0, ""min_samples_leaf"": 1, ""n_estimators"": 10}",45,193491,0.11,JavaGC,ddbs,1,T2,37,True
SVR,1.1855100536725076,"{""regressor__tol"": 0.3, ""regressor__shrinking"": false, ""regressor__epsilon"": 0.1, ""regressor__coef0"": 2.0, ""regressor__C"": 0.5}",45,193491,0.62,JavaGC,ddbs,1,T2,37,True
CART,0.8766924274234764,"{""max_features"": 1.0, ""min_samples_leaf"": 1, ""splitter"": ""random""}",45,193491,0.03,JavaGC,ddbs,1,T2,38,True
kNN,1.1214505481222954,"{""n_neighbors"": 8, ""p"": 1, ""weights"": ""distance""}",45,193491,0.84,JavaGC,ddbs,1,T2,38,True
KRR,0.8493391078460009,"{""regressor__kernel"": ""rbf"", ""regressor__gamma"": 0.1, ""regressor__alpha"": 0.0001}",45,193491,0.32,JavaGC,ddbs,1,T2,38,True
MR,0.5579753400135703,"{""lasso__regressor__alpha"": 0.01}",45,193491,5.02,JavaGC,ddbs,1,T2,38,True
RF,0.9866397679591409,"{""max_features"": 1.0, ""min_samples_leaf"": 1, ""n_estimators"": 10}",45,193491,0.1,JavaGC,ddbs,1,T2,38,True
SVR,1.3625809793473975,"{""regressor__tol"": 0.3, ""regressor__shrinking"": false, ""regressor__epsilon"": 0.1, ""regressor__coef0"": 2.0, ""regressor__C"": 0.5}",45,193491,0.68,JavaGC,ddbs,1,T2,38,True
CART,0.6216392270472731,"{""max_features"": 1.0, ""min_samples_leaf"": 1, ""splitter"": ""random""}",45,193491,0.03,JavaGC,ddbs,1,T2,39,True
kNN,1.18186965852216,"{""n_neighbors"": 8, ""p"": 1, ""weights"": ""distance""}",45,193491,0.84,JavaGC,ddbs,1,T2,39,True
KRR,0.9361250595464656,"{""regressor__kernel"": ""rbf"", ""regressor__gamma"": 0.1, ""regressor__alpha"": 0.0001}",45,193491,0.37,JavaGC,ddbs,1,T2,39,True
MR,0.7482492634395878,"{""lasso__regressor__alpha"": 0.01}",45,193491,4.95,JavaGC,ddbs,1,T2,39,True
RF,0.5634402626263901,"{""max_features"": 1.0, ""min_samples_leaf"": 1, ""n_estimators"": 10}",45,193491,0.11,JavaGC,ddbs,1,T2,39,True
SVR,1.3649184649264081,"{""regressor__tol"": 0.3, ""regressor__shrinking"": false, ""regressor__epsilon"": 0.1, ""regressor__coef0"": 2.0, ""regressor__C"": 0.5}",45,193491,0.69,JavaGC,ddbs,1,T2,39,True
CART,0.5748994195765659,"{""max_features"": 1.0, ""min_samples_leaf"": 1, ""splitter"": ""random""}",45,193491,0.04,JavaGC,ddbs,1,T2,40,True
kNN,0.865285202504828,"{""n_neighbors"": 8, ""p"": 1, ""weights"": ""distance""}",45,193491,0.83,JavaGC,ddbs,1,T2,40,True
KRR,0.8436559575778155,"{""regressor__kernel"": ""rbf"", ""regressor__gamma"": 0.1, ""regressor__alpha"": 0.0001}",45,193491,0.34,JavaGC,ddbs,1,T2,40,True
MR,0.5188886598948534,"{""lasso__regressor__alpha"": 0.01}",45,193491,4.89,JavaGC,ddbs,1,T2,40,True
RF,0.5067417800435816,"{""max_features"": 1.0, ""min_samples_leaf"": 1, ""n_estimators"": 10}",45,193491,0.1,JavaGC,ddbs,1,T2,40,True
SVR,0.859511251296816,"{""regressor__tol"": 0.3, ""regressor__shrinking"": false, ""regressor__epsilon"": 0.1, ""regressor__coef0"": 2.0, ""regressor__C"": 0.5}",45,193491,0.81,JavaGC,ddbs,1,T2,40,True
CART,0.2868578579439462,"{""max_features"": 1.0, ""min_samples_leaf"": 1, ""splitter"": ""random""}",45,193491,0.03,JavaGC,ddbs,1,T2,41,True
kNN,0.7605874159165428,"{""n_neighbors"": 8, ""p"": 1, ""weights"": ""distance""}",45,193491,0.87,JavaGC,ddbs,1,T2,41,True
KRR,0.7571887663455081,"{""regressor__kernel"": ""rbf"", ""regressor__gamma"": 0.1, ""regressor__alpha"": 0.0001}",45,193491,0.38,JavaGC,ddbs,1,T2,41,True
MR,0.5254072313091256,"{""lasso__regressor__alpha"": 0.01}",45,193491,4.96,JavaGC,ddbs,1,T2,41,True
RF,0.5124756984297117,"{""max_features"": 1.0, ""min_samples_leaf"": 1, ""n_estimators"": 10}",45,193491,0.11,JavaGC,ddbs,1,T2,41,True
SVR,0.7492861441512689,"{""regressor__tol"": 0.3, ""regressor__shrinking"": false, ""regressor__epsilon"": 0.1, ""regressor__coef0"": 2.0, ""regressor__C"": 0.5}",45,193491,0.77,JavaGC,ddbs,1,T2,41,True
CART,0.19408065687565287,"{""max_features"": 1.0, ""min_samples_leaf"": 1, ""splitter"": ""random""}",45,193491,0.03,JavaGC,ddbs,1,T2,42,True
kNN,0.9807540798007478,"{""n_neighbors"": 8, ""p"": 1, ""weights"": ""distance""}",45,193491,0.85,JavaGC,ddbs,1,T2,42,True
KRR,0.7339906776485758,"{""regressor__kernel"": ""rbf"", ""regressor__gamma"": 0.1, ""regressor__alpha"": 0.0001}",45,193491,0.36,JavaGC,ddbs,1,T2,42,True
MR,0.3732063277548937,"{""lasso__regressor__alpha"": 0.01}",45,193491,5.06,JavaGC,ddbs,1,T2,42,True
RF,0.6125961010321128,"{""max_features"": 1.0, ""min_samples_leaf"": 1, ""n_estimators"": 10}",45,193491,0.1,JavaGC,ddbs,1,T2,42,True
SVR,0.9381049814533141,"{""regressor__tol"": 0.3, ""regressor__shrinking"": false, ""regressor__epsilon"": 0.1, ""regressor__coef0"": 2.0, ""regressor__C"": 0.5}",45,193491,0.67,JavaGC,ddbs,1,T2,42,True
CART,0.28356600690472994,"{""max_features"": 1.0, ""min_samples_leaf"": 1, ""splitter"": ""random""}",45,193491,0.03,JavaGC,ddbs,1,T2,43,True
kNN,1.2342168348862503,"{""n_neighbors"": 8, ""p"": 1, ""weights"": ""distance""}",45,193491,0.82,JavaGC,ddbs,1,T2,43,True
KRR,0.9079784552251721,"{""regressor__kernel"": ""rbf"", ""regressor__gamma"": 0.1, ""regressor__alpha"": 0.0001}",45,193491,0.33,JavaGC,ddbs,1,T2,43,True
MR,0.5130724747863201,"{""lasso__regressor__alpha"": 0.01}",45,193491,5.1,JavaGC,ddbs,1,T2,43,True
RF,0.4861057667194652,"{""max_features"": 1.0, ""min_samples_leaf"": 1, ""n_estimators"": 10}",45,193491,0.11,JavaGC,ddbs,1,T2,43,True
SVR,1.1894530867557271,"{""regressor__tol"": 0.3, ""regressor__shrinking"": false, ""regressor__epsilon"": 0.1, ""regressor__coef0"": 2.0, ""regressor__C"": 0.5}",45,193491,0.86,JavaGC,ddbs,1,T2,43,True
CART,1.0668969327313484,"{""max_features"": 1.0, ""min_samples_leaf"": 1, ""splitter"": ""random""}",45,193491,0.03,JavaGC,ddbs,1,T2,44,True
kNN,1.079492539516869,"{""n_neighbors"": 8, ""p"": 1, ""weights"": ""distance""}",45,193491,0.83,JavaGC,ddbs,1,T2,44,True
KRR,0.9173406198388829,"{""regressor__kernel"": ""rbf"", ""regressor__gamma"": 0.1, ""regressor__alpha"": 0.0001}",45,193491,0.33,JavaGC,ddbs,1,T2,44,True
MR,0.7813222670651189,"{""lasso__regressor__alpha"": 0.01}",45,193491,4.79,JavaGC,ddbs,1,T2,44,True
RF,1.023558752724936,"{""max_features"": 1.0, ""min_samples_leaf"": 1, ""n_estimators"": 10}",45,193491,0.1,JavaGC,ddbs,1,T2,44,True
SVR,1.1102309248971414,"{""regressor__tol"": 0.3, ""regressor__shrinking"": false, ""regressor__epsilon"": 0.1, ""regressor__coef0"": 2.0, ""regressor__C"": 0.5}",45,193491,0.74,JavaGC,ddbs,1,T2,44,True
CART,0.21925497484541598,"{""max_features"": 1.0, ""min_samples_leaf"": 1, ""splitter"": ""random""}",45,193491,0.03,JavaGC,ddbs,1,T2,45,True
kNN,0.9799430112221853,"{""n_neighbors"": 8, ""p"": 1, ""weights"": ""distance""}",45,193491,0.81,JavaGC,ddbs,1,T2,45,True
KRR,0.8471254985075645,"{""regressor__kernel"": ""rbf"", ""regressor__gamma"": 0.1, ""regressor__alpha"": 0.0001}",45,193491,0.32,JavaGC,ddbs,1,T2,45,True
MR,0.5111951963982473,"{""lasso__regressor__alpha"": 0.01}",45,193491,3.98,JavaGC,ddbs,1,T2,45,True
RF,0.4715603087755237,"{""max_features"": 1.0, ""min_samples_leaf"": 1, ""n_estimators"": 10}",45,193491,0.09,JavaGC,ddbs,1,T2,45,True
SVR,0.9423960972991858,"{""regressor__tol"": 0.3, ""regressor__shrinking"": false, ""regressor__epsilon"": 0.1, ""regressor__coef0"": 2.0, ""regressor__C"": 0.5}",45,193491,0.74,JavaGC,ddbs,1,T2,45,True
CART,0.15379008434674246,"{""max_features"": 1.0, ""min_samples_leaf"": 1, ""splitter"": ""random""}",45,193491,0.03,JavaGC,ddbs,1,T2,46,True
kNN,1.0406613934527136,"{""n_neighbors"": 8, ""p"": 1, ""weights"": ""distance""}",45,193491,0.83,JavaGC,ddbs,1,T2,46,True
KRR,0.8486787981318356,"{""regressor__kernel"": ""rbf"", ""regressor__gamma"": 0.1, ""regressor__alpha"": 0.0001}",45,193491,0.33,JavaGC,ddbs,1,T2,46,True
MR,0.42888250260039784,"{""lasso__regressor__alpha"": 0.01}",45,193491,4.1,JavaGC,ddbs,1,T2,46,True
RF,0.680811546943698,"{""max_features"": 1.0, ""min_samples_leaf"": 1, ""n_estimators"": 10}",45,193491,0.09,JavaGC,ddbs,1,T2,46,True
SVR,1.1214829767337149,"{""regressor__tol"": 0.3, ""regressor__shrinking"": false, ""regressor__epsilon"": 0.1, ""regressor__coef0"": 2.0, ""regressor__C"": 0.5}",45,193491,0.79,JavaGC,ddbs,1,T2,46,True
CART,0.2411569409951683,"{""max_features"": 1.0, ""min_samples_leaf"": 1, ""splitter"": ""random""}",45,193491,0.03,JavaGC,ddbs,1,T2,47,True
kNN,1.2471996809529133,"{""n_neighbors"": 8, ""p"": 1, ""weights"": ""distance""}",45,193491,0.82,JavaGC,ddbs,1,T2,47,True
KRR,0.8562585453133629,"{""regressor__kernel"": ""rbf"", ""regressor__gamma"": 0.1, ""regressor__alpha"": 0.0001}",45,193491,0.38,JavaGC,ddbs,1,T2,47,True
MR,0.5262939046794259,"{""lasso__regressor__alpha"": 0.01}",45,193491,4.08,JavaGC,ddbs,1,T2,47,True
RF,0.6018982083184002,"{""max_features"": 1.0, ""min_samples_leaf"": 1, ""n_estimators"": 10}",45,193491,0.13,JavaGC,ddbs,1,T2,47,True
SVR,1.1649680611090034,"{""regressor__tol"": 0.3, ""regressor__shrinking"": false, ""regressor__epsilon"": 0.1, ""regressor__coef0"": 2.0, ""regressor__C"": 0.5}",45,193491,0.83,JavaGC,ddbs,1,T2,47,True
CART,0.2847436432020054,"{""max_features"": 1.0, ""min_samples_leaf"": 1, ""splitter"": ""random""}",45,193491,0.03,JavaGC,ddbs,1,T2,48,True
kNN,1.1642156994988924,"{""n_neighbors"": 8, ""p"": 1, ""weights"": ""distance""}",45,193491,0.81,JavaGC,ddbs,1,T2,48,True
KRR,1.148518102705198,"{""regressor__kernel"": ""rbf"", ""regressor__gamma"": 0.1, ""regressor__alpha"": 0.0001}",45,193491,0.42,JavaGC,ddbs,1,T2,48,True
MR,0.8472051091700791,"{""lasso__regressor__alpha"": 0.01}",45,193491,4.22,JavaGC,ddbs,1,T2,48,True
RF,0.5329650742340781,"{""max_features"": 1.0, ""min_samples_leaf"": 1, ""n_estimators"": 10}",45,193491,0.1,JavaGC,ddbs,1,T2,48,True
SVR,1.2707280030459038,"{""regressor__tol"": 0.3, ""regressor__shrinking"": false, ""regressor__epsilon"": 0.1, ""regressor__coef0"": 2.0, ""regressor__C"": 0.5}",45,193491,0.78,JavaGC,ddbs,1,T2,48,True
CART,0.29202018579711925,"{""max_features"": 1.0, ""min_samples_leaf"": 1, ""splitter"": ""random""}",45,193491,0.03,JavaGC,ddbs,1,T2,49,True
kNN,1.037465427851017,"{""n_neighbors"": 8, ""p"": 1, ""weights"": ""distance""}",45,193491,0.82,JavaGC,ddbs,1,T2,49,True
KRR,1.0842724964035724,"{""regressor__kernel"": ""rbf"", ""regressor__gamma"": 0.1, ""regressor__alpha"": 0.0001}",45,193491,0.34,JavaGC,ddbs,1,T2,49,True
MR,0.5604406137688824,"{""lasso__regressor__alpha"": 0.01}",45,193491,4.55,JavaGC,ddbs,1,T2,49,True
RF,0.39300843143236636,"{""max_features"": 1.0, ""min_samples_leaf"": 1, ""n_estimators"": 10}",45,193491,0.1,JavaGC,ddbs,1,T2,49,True
SVR,1.3290039136305183,"{""regressor__tol"": 0.3, ""regressor__shrinking"": false, ""regressor__epsilon"": 0.1, ""regressor__coef0"": 2.0, ""regressor__C"": 0.5}",45,193491,0.72,JavaGC,ddbs,1,T2,49,True
CART,0.22657215398605654,"{""max_features"": 1.0, ""min_samples_leaf"": 1, ""splitter"": ""random""}",45,193491,0.03,JavaGC,ddbs,1,T2,50,True
kNN,1.046473704781458,"{""n_neighbors"": 8, ""p"": 1, ""weights"": ""distance""}",45,193491,0.82,JavaGC,ddbs,1,T2,50,True
KRR,0.9931592907761172,"{""regressor__kernel"": ""rbf"", ""regressor__gamma"": 0.1, ""regressor__alpha"": 0.0001}",45,193491,0.33,JavaGC,ddbs,1,T2,50,True
MR,0.5066179252122702,"{""lasso__regressor__alpha"": 0.01}",45,193491,3.99,JavaGC,ddbs,1,T2,50,True
RF,0.9794258411235318,"{""max_features"": 1.0, ""min_samples_leaf"": 1, ""n_estimators"": 10}",45,193491,0.09,JavaGC,ddbs,1,T2,50,True
SVR,1.2143521533849937,"{""regressor__tol"": 0.3, ""regressor__shrinking"": false, ""regressor__epsilon"": 0.1, ""regressor__coef0"": 2.0, ""regressor__C"": 0.5}",45,193491,0.67,JavaGC,ddbs,1,T2,50,True
CART,0.19705114135187524,"{""max_features"": 1.0, ""min_samples_leaf"": 1, ""splitter"": ""random""}",45,193491,0.03,JavaGC,ddbs,1,T2,51,True
kNN,1.0633286814043497,"{""n_neighbors"": 8, ""p"": 1, ""weights"": ""distance""}",45,193491,0.8,JavaGC,ddbs,1,T2,51,True
KRR,1.1540690078478146,"{""regressor__kernel"": ""rbf"", ""regressor__gamma"": 0.1, ""regressor__alpha"": 0.0001}",45,193491,0.34,JavaGC,ddbs,1,T2,51,True
MR,0.6615348382751214,"{""lasso__regressor__alpha"": 0.01}",45,193491,4.41,JavaGC,ddbs,1,T2,51,True
RF,0.9521246784172949,"{""max_features"": 1.0, ""min_samples_leaf"": 1, ""n_estimators"": 10}",45,193491,0.09,JavaGC,ddbs,1,T2,51,True
SVR,1.1948068225089523,"{""regressor__tol"": 0.3, ""regressor__shrinking"": false, ""regressor__epsilon"": 0.1, ""regressor__coef0"": 2.0, ""regressor__C"": 0.5}",45,193491,0.53,JavaGC,ddbs,1,T2,51,True
CART,0.2765176976032583,"{""max_features"": 1.0, ""min_samples_leaf"": 1, ""splitter"": ""random""}",45,193491,0.04,JavaGC,ddbs,1,T2,52,True
kNN,0.7143246421815913,"{""n_neighbors"": 8, ""p"": 1, ""weights"": ""distance""}",45,193491,0.81,JavaGC,ddbs,1,T2,52,True
KRR,0.7032623379541373,"{""regressor__kernel"": ""rbf"", ""regressor__gamma"": 0.1, ""regressor__alpha"": 0.0001}",45,193491,0.32,JavaGC,ddbs,1,T2,52,True
MR,0.42811414715482166,"{""lasso__regressor__alpha"": 0.01}",45,193491,3.97,JavaGC,ddbs,1,T2,52,True
RF,0.37469592501106047,"{""max_features"": 1.0, ""min_samples_leaf"": 1, ""n_estimators"": 10}",45,193491,0.09,JavaGC,ddbs,1,T2,52,True
SVR,0.6417483071228918,"{""regressor__tol"": 0.3, ""regressor__shrinking"": false, ""regressor__epsilon"": 0.1, ""regressor__coef0"": 2.0, ""regressor__C"": 0.5}",45,193491,0.74,JavaGC,ddbs,1,T2,52,True
CART,0.19148894899174648,"{""max_features"": 1.0, ""min_samples_leaf"": 1, ""splitter"": ""random""}",45,193491,0.03,JavaGC,ddbs,1,T2,53,True
kNN,0.8393074440029433,"{""n_neighbors"": 8, ""p"": 1, ""weights"": ""distance""}",45,193491,0.81,JavaGC,ddbs,1,T2,53,True
KRR,0.816191970895809,"{""regressor__kernel"": ""rbf"", ""regressor__gamma"": 0.1, ""regressor__alpha"": 0.0001}",45,193491,0.32,JavaGC,ddbs,1,T2,53,True
MR,0.42006572621792987,"{""lasso__regressor__alpha"": 0.01}",45,193491,3.89,JavaGC,ddbs,1,T2,53,True
RF,0.7418416015028305,"{""max_features"": 1.0, ""min_samples_leaf"": 1, ""n_estimators"": 10}",45,193491,0.09,JavaGC,ddbs,1,T2,53,True
SVR,0.7793639367006971,"{""regressor__tol"": 0.3, ""regressor__shrinking"": false, ""regressor__epsilon"": 0.1, ""regressor__coef0"": 2.0, ""regressor__C"": 0.5}",45,193491,0.84,JavaGC,ddbs,1,T2,53,True
CART,0.2901326859764952,"{""max_features"": 1.0, ""min_samples_leaf"": 1, ""splitter"": ""random""}",45,193491,0.03,JavaGC,ddbs,1,T2,54,True
kNN,1.0046700062725578,"{""n_neighbors"": 8, ""p"": 1, ""weights"": ""distance""}",45,193491,0.81,JavaGC,ddbs,1,T2,54,True
KRR,0.6331397470016042,"{""regressor__kernel"": ""rbf"", ""regressor__gamma"": 0.1, ""regressor__alpha"": 0.0001}",45,193491,0.32,JavaGC,ddbs,1,T2,54,True
MR,0.42903143861875237,"{""lasso__regressor__alpha"": 0.01}",45,193491,4.92,JavaGC,ddbs,1,T2,54,True
RF,0.43743783015440507,"{""max_features"": 1.0, ""min_samples_leaf"": 1, ""n_estimators"": 10}",45,193491,0.1,JavaGC,ddbs,1,T2,54,True
SVR,0.8361383709176193,"{""regressor__tol"": 0.3, ""regressor__shrinking"": false, ""regressor__epsilon"": 0.1, ""regressor__coef0"": 2.0, ""regressor__C"": 0.5}",45,193491,0.8,JavaGC,ddbs,1,T2,54,True
CART,0.1467679844676722,"{""max_features"": 1.0, ""min_samples_leaf"": 1, ""splitter"": ""random""}",45,193491,0.03,JavaGC,ddbs,1,T2,55,True
kNN,1.020524907210718,"{""n_neighbors"": 8, ""p"": 1, ""weights"": ""distance""}",45,193491,0.82,JavaGC,ddbs,1,T2,55,True
KRR,0.8576097351269686,"{""regressor__kernel"": ""rbf"", ""regressor__gamma"": 0.1, ""regressor__alpha"": 0.0001}",45,193491,0.32,JavaGC,ddbs,1,T2,55,True
MR,0.38055986617013976,"{""lasso__regressor__alpha"": 0.01}",45,193491,4.05,JavaGC,ddbs,1,T2,55,True
RF,0.6865826962065605,"{""max_features"": 1.0, ""min_samples_leaf"": 1, ""n_estimators"": 10}",45,193491,0.09,JavaGC,ddbs,1,T2,55,True
SVR,0.8927948240252724,"{""regressor__tol"": 0.3, ""regressor__shrinking"": false, ""regressor__epsilon"": 0.1, ""regressor__coef0"": 2.0, ""regressor__C"": 0.5}",45,193491,0.77,JavaGC,ddbs,1,T2,55,True
CART,0.2128271876877295,"{""max_features"": 1.0, ""min_samples_leaf"": 1, ""splitter"": ""random""}",45,193491,0.03,JavaGC,ddbs,1,T2,56,True
kNN,0.7629209208472526,"{""n_neighbors"": 8, ""p"": 1, ""weights"": ""distance""}",45,193491,0.82,JavaGC,ddbs,1,T2,56,True
KRR,0.7488068108427592,"{""regressor__kernel"": ""rbf"", ""regressor__gamma"": 0.1, ""regressor__alpha"": 0.0001}",45,193491,0.35,JavaGC,ddbs,1,T2,56,True
MR,0.3875846941952757,"{""lasso__regressor__alpha"": 0.01}",45,193491,4.51,JavaGC,ddbs,1,T2,56,True
RF,0.45671182140186334,"{""max_features"": 1.0, ""min_samples_leaf"": 1, ""n_estimators"": 10}",45,193491,0.09,JavaGC,ddbs,1,T2,56,True
SVR,0.8439629262336795,"{""regressor__tol"": 0.3, ""regressor__shrinking"": false, ""regressor__epsilon"": 0.1, ""regressor__coef0"": 2.0, ""regressor__C"": 0.5}",45,193491,0.73,JavaGC,ddbs,1,T2,56,True
CART,0.5615542920324695,"{""max_features"": 1.0, ""min_samples_leaf"": 1, ""splitter"": ""random""}",45,193491,0.03,JavaGC,ddbs,1,T2,57,True
kNN,1.3947944568743242,"{""n_neighbors"": 8, ""p"": 1, ""weights"": ""distance""}",45,193491,0.81,JavaGC,ddbs,1,T2,57,True
KRR,0.763291581800256,"{""regressor__kernel"": ""rbf"", ""regressor__gamma"": 0.1, ""regressor__alpha"": 0.0001}",45,193491,0.32,JavaGC,ddbs,1,T2,57,True
MR,0.2956997961962586,"{""lasso__regressor__alpha"": 0.01}",45,193491,4.48,JavaGC,ddbs,1,T2,57,True
RF,0.677248640232565,"{""max_features"": 1.0, ""min_samples_leaf"": 1, ""n_estimators"": 10}",45,193491,0.1,JavaGC,ddbs,1,T2,57,True
SVR,1.3301931340049449,"{""regressor__tol"": 0.3, ""regressor__shrinking"": false, ""regressor__epsilon"": 0.1, ""regressor__coef0"": 2.0, ""regressor__C"": 0.5}",45,193491,0.79,JavaGC,ddbs,1,T2,57,True
CART,0.4669971492977672,"{""max_features"": 1.0, ""min_samples_leaf"": 1, ""splitter"": ""random""}",45,193491,0.03,JavaGC,ddbs,1,T2,58,True
kNN,1.0369220594574566,"{""n_neighbors"": 8, ""p"": 1, ""weights"": ""distance""}",45,193491,0.81,JavaGC,ddbs,1,T2,58,True
KRR,0.6614844191536018,"{""regressor__kernel"": ""rbf"", ""regressor__gamma"": 0.1, ""regressor__alpha"": 0.0001}",45,193491,0.33,JavaGC,ddbs,1,T2,58,True
MR,0.3845612447002471,"{""lasso__regressor__alpha"": 0.01}",45,193491,4.4,JavaGC,ddbs,1,T2,58,True
RF,0.4449106478631703,"{""max_features"": 1.0, ""min_samples_leaf"": 1, ""n_estimators"": 10}",45,193491,0.1,JavaGC,ddbs,1,T2,58,True
SVR,0.8861289122748739,"{""regressor__tol"": 0.3, ""regressor__shrinking"": false, ""regressor__epsilon"": 0.1, ""regressor__coef0"": 2.0, ""regressor__C"": 0.5}",45,193491,0.72,JavaGC,ddbs,1,T2,58,True
CART,0.25522143222912486,"{""max_features"": 1.0, ""min_samples_leaf"": 1, ""splitter"": ""random""}",45,193491,0.04,JavaGC,ddbs,1,T2,59,True
kNN,1.0337969658463055,"{""n_neighbors"": 8, ""p"": 1, ""weights"": ""distance""}",45,193491,0.83,JavaGC,ddbs,1,T2,59,True
KRR,0.823064842878993,"{""regressor__kernel"": ""rbf"", ""regressor__gamma"": 0.1, ""regressor__alpha"": 0.0001}",45,193491,0.33,JavaGC,ddbs,1,T2,59,True
MR,0.7632828215990182,"{""lasso__regressor__alpha"": 0.01}",45,193491,5.03,JavaGC,ddbs,1,T2,59,True
RF,0.39239989194451,"{""max_features"": 1.0, ""min_samples_leaf"": 1, ""n_estimators"": 10}",45,193491,0.1,JavaGC,ddbs,1,T2,59,True
SVR,1.1275683148955087,"{""regressor__tol"": 0.3, ""regressor__shrinking"": false, ""regressor__epsilon"": 0.1, ""regressor__coef0"": 2.0, ""regressor__C"": 0.5}",45,193491,0.8,JavaGC,ddbs,1,T2,59,True
CART,0.29972014141332903,"{""max_features"": 1.0, ""min_samples_leaf"": 1, ""splitter"": ""random""}",45,193491,0.03,JavaGC,ddbs,1,T2,60,True
kNN,1.0845874970924274,"{""n_neighbors"": 8, ""p"": 1, ""weights"": ""distance""}",45,193491,0.83,JavaGC,ddbs,1,T2,60,True
KRR,1.0117713700911404,"{""regressor__kernel"": ""rbf"", ""regressor__gamma"": 0.1, ""regressor__alpha"": 0.0001}",45,193491,0.32,JavaGC,ddbs,1,T2,60,True
MR,0.8109352963440597,"{""lasso__regressor__alpha"": 0.01}",45,193491,4.89,JavaGC,ddbs,1,T2,60,True
RF,0.35900995896604454,"{""max_features"": 1.0, ""min_samples_leaf"": 1, ""n_estimators"": 10}",45,193491,0.09,JavaGC,ddbs,1,T2,60,True
SVR,1.175685202357854,"{""regressor__tol"": 0.3, ""regressor__shrinking"": false, ""regressor__epsilon"": 0.1, ""regressor__coef0"": 2.0, ""regressor__C"": 0.5}",45,193491,0.77,JavaGC,ddbs,1,T2,60,True
CART,0.25743434134524856,"{""max_features"": 1.0, ""min_samples_leaf"": 1, ""splitter"": ""random""}",45,193491,0.03,JavaGC,ddbs,1,T2,61,True
kNN,1.0785683473646186,"{""n_neighbors"": 8, ""p"": 1, ""weights"": ""distance""}",45,193491,0.79,JavaGC,ddbs,1,T2,61,True
KRR,0.9109676567470262,"{""regressor__kernel"": ""rbf"", ""regressor__gamma"": 0.1, ""regressor__alpha"": 0.0001}",45,193491,0.31,JavaGC,ddbs,1,T2,61,True
MR,0.7942770963521599,"{""lasso__regressor__alpha"": 0.01}",45,193491,4.94,JavaGC,ddbs,1,T2,61,True
RF,0.5112484405577952,"{""max_features"": 1.0, ""min_samples_leaf"": 1, ""n_estimators"": 10}",45,193491,0.1,JavaGC,ddbs,1,T2,61,True
SVR,1.1775712297075223,"{""regressor__tol"": 0.3, ""regressor__shrinking"": false, ""regressor__epsilon"": 0.1, ""regressor__coef0"": 2.0, ""regressor__C"": 0.5}",45,193491,0.76,JavaGC,ddbs,1,T2,61,True
CART,0.22258266957231157,"{""max_features"": 1.0, ""min_samples_leaf"": 1, ""splitter"": ""random""}",45,193491,0.03,JavaGC,ddbs,1,T2,62,True
kNN,0.9431324952757818,"{""n_neighbors"": 8, ""p"": 1, ""weights"": ""distance""}",45,193491,0.8,JavaGC,ddbs,1,T2,62,True
KRR,0.7884301726178947,"{""regressor__kernel"": ""rbf"", ""regressor__gamma"": 0.1, ""regressor__alpha"": 0.0001}",45,193491,0.33,JavaGC,ddbs,1,T2,62,True
MR,0.7973338651251197,"{""lasso__regressor__alpha"": 0.01}",45,193491,4.69,JavaGC,ddbs,1,T2,62,True
RF,0.5779649713960932,"{""max_features"": 1.0, ""min_samples_leaf"": 1, ""n_estimators"": 10}",45,193491,0.1,JavaGC,ddbs,1,T2,62,True
SVR,0.9226187488878212,"{""regressor__tol"": 0.3, ""regressor__shrinking"": false, ""regressor__epsilon"": 0.1, ""regressor__coef0"": 2.0, ""regressor__C"": 0.5}",45,193491,0.72,JavaGC,ddbs,1,T2,62,True
CART,0.2482857037317127,"{""max_features"": 1.0, ""min_samples_leaf"": 1, ""splitter"": ""random""}",45,193491,0.03,JavaGC,ddbs,1,T2,63,True
kNN,1.0921013923709502,"{""n_neighbors"": 8, ""p"": 1, ""weights"": ""distance""}",45,193491,0.87,JavaGC,ddbs,1,T2,63,True
KRR,0.8548643674753463,"{""regressor__kernel"": ""rbf"", ""regressor__gamma"": 0.1, ""regressor__alpha"": 0.0001}",45,193491,0.37,JavaGC,ddbs,1,T2,63,True
MR,0.473131155018265,"{""lasso__regressor__alpha"": 0.01}",45,193491,5.06,JavaGC,ddbs,1,T2,63,True
RF,0.48878468737478253,"{""max_features"": 1.0, ""min_samples_leaf"": 1, ""n_estimators"": 10}",45,193491,0.11,JavaGC,ddbs,1,T2,63,True
SVR,0.8366131222651123,"{""regressor__tol"": 0.3, ""regressor__shrinking"": false, ""regressor__epsilon"": 0.1, ""regressor__coef0"": 2.0, ""regressor__C"": 0.5}",45,193491,0.83,JavaGC,ddbs,1,T2,63,True
CART,0.26635525329301574,"{""max_features"": 1.0, ""min_samples_leaf"": 1, ""splitter"": ""random""}",45,193491,0.03,JavaGC,ddbs,1,T2,64,True
kNN,1.1656317936363088,"{""n_neighbors"": 8, ""p"": 1, ""weights"": ""distance""}",45,193491,0.85,JavaGC,ddbs,1,T2,64,True
KRR,0.9486911155983083,"{""regressor__kernel"": ""rbf"", ""regressor__gamma"": 0.1, ""regressor__alpha"": 0.0001}",45,193491,0.33,JavaGC,ddbs,1,T2,64,True
MR,0.29045915780660897,"{""lasso__regressor__alpha"": 0.01}",45,193491,5.04,JavaGC,ddbs,1,T2,64,True
RF,0.40195609531421184,"{""max_features"": 1.0, ""min_samples_leaf"": 1, ""n_estimators"": 10}",45,193491,0.09,JavaGC,ddbs,1,T2,64,True
SVR,1.2108654505770364,"{""regressor__tol"": 0.3, ""regressor__shrinking"": false, ""regressor__epsilon"": 0.1, ""regressor__coef0"": 2.0, ""regressor__C"": 0.5}",45,193491,0.77,JavaGC,ddbs,1,T2,64,True
CART,0.14066519915396608,"{""max_features"": 1.0, ""min_samples_leaf"": 1, ""splitter"": ""random""}",45,193491,0.03,JavaGC,ddbs,1,T2,65,True
kNN,1.1263315471359205,"{""n_neighbors"": 8, ""p"": 1, ""weights"": ""distance""}",45,193491,0.81,JavaGC,ddbs,1,T2,65,True
KRR,0.9434852774868026,"{""regressor__kernel"": ""rbf"", ""regressor__gamma"": 0.1, ""regressor__alpha"": 0.0001}",45,193491,0.33,JavaGC,ddbs,1,T2,65,True
MR,0.42014400827975723,"{""lasso__regressor__alpha"": 0.01}",45,193491,4.76,JavaGC,ddbs,1,T2,65,True
RF,0.3009062335511652,"{""max_features"": 1.0, ""min_samples_leaf"": 1, ""n_estimators"": 10}",45,193491,0.1,JavaGC,ddbs,1,T2,65,True
SVR,1.1601025726780363,"{""regressor__tol"": 0.3, ""regressor__shrinking"": false, ""regressor__epsilon"": 0.1, ""regressor__coef0"": 2.0, ""regressor__C"": 0.5}",45,193491,0.76,JavaGC,ddbs,1,T2,65,True
CART,0.2106506112290713,"{""max_features"": 1.0, ""min_samples_leaf"": 1, ""splitter"": ""random""}",45,193491,0.03,JavaGC,ddbs,1,T2,66,True
kNN,0.9098717495491899,"{""n_neighbors"": 8, ""p"": 1, ""weights"": ""distance""}",45,193491,0.82,JavaGC,ddbs,1,T2,66,True
KRR,0.8222538561177885,"{""regressor__kernel"": ""rbf"", ""regressor__gamma"": 0.1, ""regressor__alpha"": 0.0001}",45,193491,0.32,JavaGC,ddbs,1,T2,66,True
MR,0.43360157230050145,"{""lasso__regressor__alpha"": 0.01}",45,193491,4.66,JavaGC,ddbs,1,T2,66,True
RF,0.5441945236790648,"{""max_features"": 1.0, ""min_samples_leaf"": 1, ""n_estimators"": 10}",45,193491,0.1,JavaGC,ddbs,1,T2,66,True
SVR,0.89315040790063,"{""regressor__tol"": 0.3, ""regressor__shrinking"": false, ""regressor__epsilon"": 0.1, ""regressor__coef0"": 2.0, ""regressor__C"": 0.5}",45,193491,0.68,JavaGC,ddbs,1,T2,66,True
CART,0.29915160150780196,"{""max_features"": 1.0, ""min_samples_leaf"": 1, ""splitter"": ""random""}",45,193491,0.04,JavaGC,ddbs,1,T2,67,True
kNN,1.045521266594039,"{""n_neighbors"": 8, ""p"": 1, ""weights"": ""distance""}",45,193491,0.88,JavaGC,ddbs,1,T2,67,True
KRR,0.7303066864334671,"{""regressor__kernel"": ""rbf"", ""regressor__gamma"": 0.1, ""regressor__alpha"": 0.0001}",45,193491,0.39,JavaGC,ddbs,1,T2,67,True
MR,0.7046395671491911,"{""lasso__regressor__alpha"": 0.01}",45,193491,5.08,JavaGC,ddbs,1,T2,67,True
RF,0.42700728825301826,"{""max_features"": 1.0, ""min_samples_leaf"": 1, ""n_estimators"": 10}",45,193491,0.1,JavaGC,ddbs,1,T2,67,True
SVR,0.9362464486078171,"{""regressor__tol"": 0.3, ""regressor__shrinking"": false, ""regressor__epsilon"": 0.1, ""regressor__coef0"": 2.0, ""regressor__C"": 0.5}",45,193491,0.82,JavaGC,ddbs,1,T2,67,True
CART,0.2586983313757379,"{""max_features"": 1.0, ""min_samples_leaf"": 1, ""splitter"": ""random""}",45,193491,0.04,JavaGC,ddbs,1,T2,68,True
kNN,1.1681892563450518,"{""n_neighbors"": 8, ""p"": 1, ""weights"": ""distance""}",45,193491,0.89,JavaGC,ddbs,1,T2,68,True
KRR,0.7107882896151736,"{""regressor__kernel"": ""rbf"", ""regressor__gamma"": 0.1, ""regressor__alpha"": 0.0001}",45,193491,0.37,JavaGC,ddbs,1,T2,68,True
MR,0.4290538936032138,"{""lasso__regressor__alpha"": 0.01}",45,193491,5.03,JavaGC,ddbs,1,T2,68,True
RF,0.3936757517801722,"{""max_features"": 1.0, ""min_samples_leaf"": 1, ""n_estimators"": 10}",45,193491,0.11,JavaGC,ddbs,1,T2,68,True
SVR,1.061568986504523,"{""regressor__tol"": 0.3, ""regressor__shrinking"": false, ""regressor__epsilon"": 0.1, ""regressor__coef0"": 2.0, ""regressor__C"": 0.5}",45,193491,0.86,JavaGC,ddbs,1,T2,68,True
CART,0.18795300325441744,"{""max_features"": 1.0, ""min_samples_leaf"": 1, ""splitter"": ""random""}",45,193491,0.03,JavaGC,ddbs,1,T2,69,True
kNN,0.8668156256148443,"{""n_neighbors"": 8, ""p"": 1, ""weights"": ""distance""}",45,193491,0.81,JavaGC,ddbs,1,T2,69,True
KRR,0.6777118828737826,"{""regressor__kernel"": ""rbf"", ""regressor__gamma"": 0.1, ""regressor__alpha"": 0.0001}",45,193491,0.33,JavaGC,ddbs,1,T2,69,True
MR,0.28135643858037473,"{""lasso__regressor__alpha"": 0.01}",45,193491,4.22,JavaGC,ddbs,1,T2,69,True
RF,0.3490046038936312,"{""max_features"": 1.0, ""min_samples_leaf"": 1, ""n_estimators"": 10}",45,193491,0.1,JavaGC,ddbs,1,T2,69,True
SVR,0.7203294979530271,"{""regressor__tol"": 0.3, ""regressor__shrinking"": false, ""regressor__epsilon"": 0.1, ""regressor__coef0"": 2.0, ""regressor__C"": 0.5}",45,193491,0.76,JavaGC,ddbs,1,T2,69,True
CART,0.1918312362487251,"{""max_features"": 1.0, ""min_samples_leaf"": 1, ""splitter"": ""random""}",45,193491,0.03,JavaGC,ddbs,1,T2,70,True
kNN,1.0070580619398064,"{""n_neighbors"": 8, ""p"": 1, ""weights"": ""distance""}",45,193491,0.83,JavaGC,ddbs,1,T2,70,True
KRR,0.8913612978187785,"{""regressor__kernel"": ""rbf"", ""regressor__gamma"": 0.1, ""regressor__alpha"": 0.0001}",45,193491,0.33,JavaGC,ddbs,1,T2,70,True
MR,0.5857726786453514,"{""lasso__regressor__alpha"": 0.01}",45,193491,4.38,JavaGC,ddbs,1,T2,70,True
RF,0.3660296204898301,"{""max_features"": 1.0, ""min_samples_leaf"": 1, ""n_estimators"": 10}",45,193491,0.1,JavaGC,ddbs,1,T2,70,True
SVR,1.1004439151150291,"{""regressor__tol"": 0.3, ""regressor__shrinking"": false, ""regressor__epsilon"": 0.1, ""regressor__coef0"": 2.0, ""regressor__C"": 0.5}",45,193491,0.63,JavaGC,ddbs,1,T2,70,True
CART,0.17053192663401512,"{""max_features"": 1.0, ""min_samples_leaf"": 1, ""splitter"": ""random""}",45,193491,0.04,JavaGC,ddbs,1,T2,71,True
kNN,0.9378713914012955,"{""n_neighbors"": 8, ""p"": 1, ""weights"": ""distance""}",45,193491,0.88,JavaGC,ddbs,1,T2,71,True
KRR,0.8635655443077344,"{""regressor__kernel"": ""rbf"", ""regressor__gamma"": 0.1, ""regressor__alpha"": 0.0001}",45,193491,0.39,JavaGC,ddbs,1,T2,71,True
MR,0.7647790996800604,"{""lasso__regressor__alpha"": 0.01}",45,193491,4.89,JavaGC,ddbs,1,T2,71,True
RF,0.4258545009496573,"{""max_features"": 1.0, ""min_samples_leaf"": 1, ""n_estimators"": 10}",45,193491,0.1,JavaGC,ddbs,1,T2,71,True
SVR,1.0371225450731456,"{""regressor__tol"": 0.3, ""regressor__shrinking"": false, ""regressor__epsilon"": 0.1, ""regressor__coef0"": 2.0, ""regressor__C"": 0.5}",45,193491,0.69,JavaGC,ddbs,1,T2,71,True
CART,0.17512082588092676,"{""max_features"": 1.0, ""min_samples_leaf"": 1, ""splitter"": ""random""}",45,193491,0.03,JavaGC,ddbs,1,T2,72,True
kNN,0.9983758604877448,"{""n_neighbors"": 8, ""p"": 1, ""weights"": ""distance""}",45,193491,0.9,JavaGC,ddbs,1,T2,72,True
KRR,0.8389951428950726,"{""regressor__kernel"": ""rbf"", ""regressor__gamma"": 0.1, ""regressor__alpha"": 0.0001}",45,193491,0.38,JavaGC,ddbs,1,T2,72,True
MR,0.4138422256619637,"{""lasso__regressor__alpha"": 0.01}",45,193491,4.87,JavaGC,ddbs,1,T2,72,True
RF,0.7086967724752985,"{""max_features"": 1.0, ""min_samples_leaf"": 1, ""n_estimators"": 10}",45,193491,0.1,JavaGC,ddbs,1,T2,72,True
SVR,1.2043559332455642,"{""regressor__tol"": 0.3, ""regressor__shrinking"": false, ""regressor__epsilon"": 0.1, ""regressor__coef0"": 2.0, ""regressor__C"": 0.5}",45,193491,0.83,JavaGC,ddbs,1,T2,72,True
CART,0.38464322758241887,"{""max_features"": 1.0, ""min_samples_leaf"": 1, ""splitter"": ""random""}",45,193491,0.03,JavaGC,ddbs,1,T2,73,True
kNN,1.2385283320782188,"{""n_neighbors"": 8, ""p"": 1, ""weights"": ""distance""}",45,193491,0.79,JavaGC,ddbs,1,T2,73,True
KRR,0.9290580451149675,"{""regressor__kernel"": ""rbf"", ""regressor__gamma"": 0.1, ""regressor__alpha"": 0.0001}",45,193491,0.31,JavaGC,ddbs,1,T2,73,True
MR,0.5221876363555668,"{""lasso__regressor__alpha"": 0.01}",45,193491,4.87,JavaGC,ddbs,1,T2,73,True
RF,0.7163758096573999,"{""max_features"": 1.0, ""min_samples_leaf"": 1, ""n_estimators"": 10}",45,193491,0.11,JavaGC,ddbs,1,T2,73,True
SVR,1.0808669715385066,"{""regressor__tol"": 0.3, ""regressor__shrinking"": false, ""regressor__epsilon"": 0.1, ""regressor__coef0"": 2.0, ""regressor__C"": 0.5}",45,193491,0.8,JavaGC,ddbs,1,T2,73,True
CART,0.2697276443942682,"{""max_features"": 1.0, ""min_samples_leaf"": 1, ""splitter"": ""random""}",45,193491,0.03,JavaGC,ddbs,1,T2,74,True
kNN,1.1021065253131535,"{""n_neighbors"": 8, ""p"": 1, ""weights"": ""distance""}",45,193491,0.81,JavaGC,ddbs,1,T2,74,True
KRR,0.9507737581380443,"{""regressor__kernel"": ""rbf"", ""regressor__gamma"": 0.1, ""regressor__alpha"": 0.0001}",45,193491,0.32,JavaGC,ddbs,1,T2,74,True
MR,0.5859757614507294,"{""lasso__regressor__alpha"": 0.01}",45,193491,4.74,JavaGC,ddbs,1,T2,74,True
RF,0.7558144912205536,"{""max_features"": 1.0, ""min_samples_leaf"": 1, ""n_estimators"": 10}",45,193491,0.09,JavaGC,ddbs,1,T2,74,True
SVR,0.9575778142751903,"{""regressor__tol"": 0.3, ""regressor__shrinking"": false, ""regressor__epsilon"": 0.1, ""regressor__coef0"": 2.0, ""regressor__C"": 0.5}",45,193491,0.81,JavaGC,ddbs,1,T2,74,True
CART,0.20284562773420955,"{""max_features"": 1.0, ""min_samples_leaf"": 1, ""splitter"": ""random""}",45,193491,0.04,JavaGC,ddbs,1,T2,75,True
kNN,1.2687987351334817,"{""n_neighbors"": 8, ""p"": 1, ""weights"": ""distance""}",45,193491,0.82,JavaGC,ddbs,1,T2,75,True
KRR,0.8908518915148197,"{""regressor__kernel"": ""rbf"", ""regressor__gamma"": 0.1, ""regressor__alpha"": 0.0001}",45,193491,0.35,JavaGC,ddbs,1,T2,75,True
MR,0.6991280248090026,"{""lasso__regressor__alpha"": 0.01}",45,193491,4.78,JavaGC,ddbs,1,T2,75,True
RF,0.4407480954578413,"{""max_features"": 1.0, ""min_samples_leaf"": 1, ""n_estimators"": 10}",45,193491,0.1,JavaGC,ddbs,1,T2,75,True
SVR,1.460932855161147,"{""regressor__tol"": 0.3, ""regressor__shrinking"": false, ""regressor__epsilon"": 0.1, ""regressor__coef0"": 2.0, ""regressor__C"": 0.5}",45,193491,0.76,JavaGC,ddbs,1,T2,75,True
CART,0.2712638706165515,"{""max_features"": 1.0, ""min_samples_leaf"": 1, ""splitter"": ""random""}",45,193491,0.03,JavaGC,ddbs,1,T2,76,True
kNN,0.9664456541037072,"{""n_neighbors"": 8, ""p"": 1, ""weights"": ""distance""}",45,193491,0.84,JavaGC,ddbs,1,T2,76,True
KRR,0.9590315186775729,"{""regressor__kernel"": ""rbf"", ""regressor__gamma"": 0.1, ""regressor__alpha"": 0.0001}",45,193491,0.31,JavaGC,ddbs,1,T2,76,True
MR,0.7504009149082298,"{""lasso__regressor__alpha"": 0.01}",45,193491,4.61,JavaGC,ddbs,1,T2,76,True
RF,0.6662701846871711,"{""max_features"": 1.0, ""min_samples_leaf"": 1, ""n_estimators"": 10}",45,193491,0.09,JavaGC,ddbs,1,T2,76,True
SVR,0.9736035492814926,"{""regressor__tol"": 0.3, ""regressor__shrinking"": false, ""regressor__epsilon"": 0.1, ""regressor__coef0"": 2.0, ""regressor__C"": 0.5}",45,193491,0.63,JavaGC,ddbs,1,T2,76,True
CART,0.18660639171945298,"{""max_features"": 1.0, ""min_samples_leaf"": 1, ""splitter"": ""random""}",45,193491,0.03,JavaGC,ddbs,1,T2,77,True
kNN,1.2107474374711849,"{""n_neighbors"": 8, ""p"": 1, ""weights"": ""distance""}",45,193491,0.81,JavaGC,ddbs,1,T2,77,True
KRR,0.9401958692567803,"{""regressor__kernel"": ""rbf"", ""regressor__gamma"": 0.1, ""regressor__alpha"": 0.0001}",45,193491,0.33,JavaGC,ddbs,1,T2,77,True
MR,0.5369885871316546,"{""lasso__regressor__alpha"": 0.01}",45,193491,4.97,JavaGC,ddbs,1,T2,77,True
RF,0.3330534381842404,"{""max_features"": 1.0, ""min_samples_leaf"": 1, ""n_estimators"": 10}",45,193491,0.11,JavaGC,ddbs,1,T2,77,True
SVR,1.2713245074272952,"{""regressor__tol"": 0.3, ""regressor__shrinking"": false, ""regressor__epsilon"": 0.1, ""regressor__coef0"": 2.0, ""regressor__C"": 0.5}",45,193491,0.72,JavaGC,ddbs,1,T2,77,True
CART,0.5922890698516037,"{""max_features"": 1.0, ""min_samples_leaf"": 1, ""splitter"": ""random""}",45,193491,0.03,JavaGC,ddbs,1,T2,78,True
kNN,0.8717369693305236,"{""n_neighbors"": 8, ""p"": 1, ""weights"": ""distance""}",45,193491,0.84,JavaGC,ddbs,1,T2,78,True
KRR,0.7959604744185453,"{""regressor__kernel"": ""rbf"", ""regressor__gamma"": 0.1, ""regressor__alpha"": 0.0001}",45,193491,0.32,JavaGC,ddbs,1,T2,78,True
MR,0.37294896448169473,"{""lasso__regressor__alpha"": 0.01}",45,193491,4.76,JavaGC,ddbs,1,T2,78,True
RF,0.5794598565486447,"{""max_features"": 1.0, ""min_samples_leaf"": 1, ""n_estimators"": 10}",45,193491,0.1,JavaGC,ddbs,1,T2,78,True
SVR,0.8261930637534414,"{""regressor__tol"": 0.3, ""regressor__shrinking"": false, ""regressor__epsilon"": 0.1, ""regressor__coef0"": 2.0, ""regressor__C"": 0.5}",45,193491,0.74,JavaGC,ddbs,1,T2,78,True
CART,0.26263371705867616,"{""max_features"": 1.0, ""min_samples_leaf"": 1, ""splitter"": ""random""}",45,193491,0.04,JavaGC,ddbs,1,T2,79,True
kNN,0.8679429849536441,"{""n_neighbors"": 8, ""p"": 1, ""weights"": ""distance""}",45,193491,0.9,JavaGC,ddbs,1,T2,79,True
KRR,0.720896482659444,"{""regressor__kernel"": ""rbf"", ""regressor__gamma"": 0.1, ""regressor__alpha"": 0.0001}",45,193491,0.36,JavaGC,ddbs,1,T2,79,True
MR,0.38353631933359833,"{""lasso__regressor__alpha"": 0.01}",45,193491,4.83,JavaGC,ddbs,1,T2,79,True
RF,0.46724236826542426,"{""max_features"": 1.0, ""min_samples_leaf"": 1, ""n_estimators"": 10}",45,193491,0.09,JavaGC,ddbs,1,T2,79,True
SVR,0.7371498722955133,"{""regressor__tol"": 0.3, ""regressor__shrinking"": false, ""regressor__epsilon"": 0.1, ""regressor__coef0"": 2.0, ""regressor__C"": 0.5}",45,193491,0.73,JavaGC,ddbs,1,T2,79,True
CART,0.4979305550054102,"{""max_features"": 1.0, ""min_samples_leaf"": 1, ""splitter"": ""random""}",45,193491,0.04,JavaGC,ddbs,1,T2,80,True
kNN,1.1016144617686805,"{""n_neighbors"": 8, ""p"": 1, ""weights"": ""distance""}",45,193491,0.88,JavaGC,ddbs,1,T2,80,True
KRR,0.8359871156087596,"{""regressor__kernel"": ""rbf"", ""regressor__gamma"": 0.1, ""regressor__alpha"": 0.0001}",45,193491,0.39,JavaGC,ddbs,1,T2,80,True
MR,0.777820457700819,"{""lasso__regressor__alpha"": 0.01}",45,193491,4.75,JavaGC,ddbs,1,T2,80,True
RF,0.5110963095623552,"{""max_features"": 1.0, ""min_samples_leaf"": 1, ""n_estimators"": 10}",45,193491,0.11,JavaGC,ddbs,1,T2,80,True
SVR,1.1053612053850088,"{""regressor__tol"": 0.3, ""regressor__shrinking"": false, ""regressor__epsilon"": 0.1, ""regressor__coef0"": 2.0, ""regressor__C"": 0.5}",45,193491,0.81,JavaGC,ddbs,1,T2,80,True
CART,0.296113043686392,"{""max_features"": 1.0, ""min_samples_leaf"": 1, ""splitter"": ""random""}",45,193491,0.03,JavaGC,ddbs,1,T2,81,True
kNN,1.0922846978268193,"{""n_neighbors"": 8, ""p"": 1, ""weights"": ""distance""}",45,193491,0.81,JavaGC,ddbs,1,T2,81,True
KRR,0.99551333192719,"{""regressor__kernel"": ""rbf"", ""regressor__gamma"": 0.1, ""regressor__alpha"": 0.0001}",45,193491,0.33,JavaGC,ddbs,1,T2,81,True
MR,0.819686939199972,"{""lasso__regressor__alpha"": 0.01}",45,193491,4.84,JavaGC,ddbs,1,T2,81,True
RF,0.5147255369518314,"{""max_features"": 1.0, ""min_samples_leaf"": 1, ""n_estimators"": 10}",45,193491,0.11,JavaGC,ddbs,1,T2,81,True
SVR,1.074266417060843,"{""regressor__tol"": 0.3, ""regressor__shrinking"": false, ""regressor__epsilon"": 0.1, ""regressor__coef0"": 2.0, ""regressor__C"": 0.5}",45,193491,0.78,JavaGC,ddbs,1,T2,81,True
CART,0.39413018904888003,"{""max_features"": 1.0, ""min_samples_leaf"": 1, ""splitter"": ""random""}",45,193491,0.03,JavaGC,ddbs,1,T2,82,True
kNN,1.1133594580168023,"{""n_neighbors"": 8, ""p"": 1, ""weights"": ""distance""}",45,193491,0.82,JavaGC,ddbs,1,T2,82,True
KRR,0.7866776362295033,"{""regressor__kernel"": ""rbf"", ""regressor__gamma"": 0.1, ""regressor__alpha"": 0.0001}",45,193491,0.33,JavaGC,ddbs,1,T2,82,True
MR,0.487163706281656,"{""lasso__regressor__alpha"": 0.01}",45,193491,4.79,JavaGC,ddbs,1,T2,82,True
RF,0.7059085703797107,"{""max_features"": 1.0, ""min_samples_leaf"": 1, ""n_estimators"": 10}",45,193491,0.1,JavaGC,ddbs,1,T2,82,True
SVR,1.1065613506484973,"{""regressor__tol"": 0.3, ""regressor__shrinking"": false, ""regressor__epsilon"": 0.1, ""regressor__coef0"": 2.0, ""regressor__C"": 0.5}",45,193491,0.66,JavaGC,ddbs,1,T2,82,True
CART,0.3998940543104384,"{""max_features"": 1.0, ""min_samples_leaf"": 1, ""splitter"": ""random""}",45,193491,0.04,JavaGC,ddbs,1,T2,83,True
kNN,1.2465466300578982,"{""n_neighbors"": 8, ""p"": 1, ""weights"": ""distance""}",45,193491,0.89,JavaGC,ddbs,1,T2,83,True
KRR,0.9958918203801543,"{""regressor__kernel"": ""rbf"", ""regressor__gamma"": 0.1, ""regressor__alpha"": 0.0001}",45,193491,0.4,JavaGC,ddbs,1,T2,83,True
MR,0.8525138815998893,"{""lasso__regressor__alpha"": 0.01}",45,193491,4.84,JavaGC,ddbs,1,T2,83,True
RF,0.7814867880120339,"{""max_features"": 1.0, ""min_samples_leaf"": 1, ""n_estimators"": 10}",45,193491,0.09,JavaGC,ddbs,1,T2,83,True
SVR,1.3058991837610572,"{""regressor__tol"": 0.3, ""regressor__shrinking"": false, ""regressor__epsilon"": 0.1, ""regressor__coef0"": 2.0, ""regressor__C"": 0.5}",45,193491,0.75,JavaGC,ddbs,1,T2,83,True
CART,0.14954608307173445,"{""max_features"": 1.0, ""min_samples_leaf"": 1, ""splitter"": ""random""}",45,193491,0.04,JavaGC,ddbs,1,T2,84,True
kNN,1.2631555483705055,"{""n_neighbors"": 8, ""p"": 1, ""weights"": ""distance""}",45,193491,0.9,JavaGC,ddbs,1,T2,84,True
KRR,0.8684597741017479,"{""regressor__kernel"": ""rbf"", ""regressor__gamma"": 0.1, ""regressor__alpha"": 0.0001}",45,193491,0.4,JavaGC,ddbs,1,T2,84,True
MR,0.4849021360150589,"{""lasso__regressor__alpha"": 0.01}",45,193491,4.82,JavaGC,ddbs,1,T2,84,True
RF,0.5735359702641345,"{""max_features"": 1.0, ""min_samples_leaf"": 1, ""n_estimators"": 10}",45,193491,0.1,JavaGC,ddbs,1,T2,84,True
SVR,1.0091103755907156,"{""regressor__tol"": 0.3, ""regressor__shrinking"": false, ""regressor__epsilon"": 0.1, ""regressor__coef0"": 2.0, ""regressor__C"": 0.5}",45,193491,0.79,JavaGC,ddbs,1,T2,84,True
CART,0.2784828690124157,"{""max_features"": 1.0, ""min_samples_leaf"": 1, ""splitter"": ""random""}",45,193491,0.03,JavaGC,ddbs,1,T2,85,True
kNN,0.9369436190749926,"{""n_neighbors"": 8, ""p"": 1, ""weights"": ""distance""}",45,193491,0.83,JavaGC,ddbs,1,T2,85,True
KRR,0.9190590995426791,"{""regressor__kernel"": ""rbf"", ""regressor__gamma"": 0.1, ""regressor__alpha"": 0.0001}",45,193491,0.36,JavaGC,ddbs,1,T2,85,True
MR,0.42589159415294214,"{""lasso__regressor__alpha"": 0.01}",45,193491,4.88,JavaGC,ddbs,1,T2,85,True
RF,0.7831770627059917,"{""max_features"": 1.0, ""min_samples_leaf"": 1, ""n_estimators"": 10}",45,193491,0.1,JavaGC,ddbs,1,T2,85,True
SVR,0.9835107370179317,"{""regressor__tol"": 0.3, ""regressor__shrinking"": false, ""regressor__epsilon"": 0.1, ""regressor__coef0"": 2.0, ""regressor__C"": 0.5}",45,193491,0.76,JavaGC,ddbs,1,T2,85,True
CART,0.35375556551597975,"{""max_features"": 1.0, ""min_samples_leaf"": 1, ""splitter"": ""random""}",45,193491,0.03,JavaGC,ddbs,1,T2,86,True
kNN,1.146588761374788,"{""n_neighbors"": 8, ""p"": 1, ""weights"": ""distance""}",45,193491,0.83,JavaGC,ddbs,1,T2,86,True
KRR,0.9640850369206959,"{""regressor__kernel"": ""rbf"", ""regressor__gamma"": 0.1, ""regressor__alpha"": 0.0001}",45,193491,0.31,JavaGC,ddbs,1,T2,86,True
MR,0.6980220706888784,"{""lasso__regressor__alpha"": 0.01}",45,193491,4.76,JavaGC,ddbs,1,T2,86,True
RF,0.5598602284915385,"{""max_features"": 1.0, ""min_samples_leaf"": 1, ""n_estimators"": 10}",45,193491,0.1,JavaGC,ddbs,1,T2,86,True
SVR,1.2818167048303981,"{""regressor__tol"": 0.3, ""regressor__shrinking"": false, ""regressor__epsilon"": 0.1, ""regressor__coef0"": 2.0, ""regressor__C"": 0.5}",45,193491,0.68,JavaGC,ddbs,1,T2,86,True
CART,0.16070933412599708,"{""max_features"": 1.0, ""min_samples_leaf"": 1, ""splitter"": ""random""}",45,193491,0.04,JavaGC,ddbs,1,T2,87,True
kNN,0.9779186949398965,"{""n_neighbors"": 8, ""p"": 1, ""weights"": ""distance""}",45,193491,0.89,JavaGC,ddbs,1,T2,87,True
KRR,0.7899594638505063,"{""regressor__kernel"": ""rbf"", ""regressor__gamma"": 0.1, ""regressor__alpha"": 0.0001}",45,193491,0.4,JavaGC,ddbs,1,T2,87,True
MR,0.43752414929695277,"{""lasso__regressor__alpha"": 0.01}",45,193491,4.85,JavaGC,ddbs,1,T2,87,True
RF,0.47459741668065386,"{""max_features"": 1.0, ""min_samples_leaf"": 1, ""n_estimators"": 10}",45,193491,0.1,JavaGC,ddbs,1,T2,87,True
SVR,0.7777557653943138,"{""regressor__tol"": 0.3, ""regressor__shrinking"": false, ""regressor__epsilon"": 0.1, ""regressor__coef0"": 2.0, ""regressor__C"": 0.5}",45,193491,0.89,JavaGC,ddbs,1,T2,87,True
CART,0.4967137410359054,"{""max_features"": 1.0, ""min_samples_leaf"": 1, ""splitter"": ""random""}",45,193491,0.04,JavaGC,ddbs,1,T2,88,True
kNN,1.2250428001085303,"{""n_neighbors"": 8, ""p"": 1, ""weights"": ""distance""}",45,193491,0.9,JavaGC,ddbs,1,T2,88,True
KRR,0.9885706570578039,"{""regressor__kernel"": ""rbf"", ""regressor__gamma"": 0.1, ""regressor__alpha"": 0.0001}",45,193491,0.39,JavaGC,ddbs,1,T2,88,True
MR,0.6754640011092488,"{""lasso__regressor__alpha"": 0.01}",45,193491,4.83,JavaGC,ddbs,1,T2,88,True
RF,0.681708039216444,"{""max_features"": 1.0, ""min_samples_leaf"": 1, ""n_estimators"": 10}",45,193491,0.1,JavaGC,ddbs,1,T2,88,True
SVR,1.397107450869311,"{""regressor__tol"": 0.3, ""regressor__shrinking"": false, ""regressor__epsilon"": 0.1, ""regressor__coef0"": 2.0, ""regressor__C"": 0.5}",45,193491,0.69,JavaGC,ddbs,1,T2,88,True
CART,0.23920306126937552,"{""max_features"": 1.0, ""min_samples_leaf"": 1, ""splitter"": ""random""}",45,193491,0.04,JavaGC,ddbs,1,T2,89,True
kNN,0.7397012057998738,"{""n_neighbors"": 8, ""p"": 1, ""weights"": ""distance""}",45,193491,0.9,JavaGC,ddbs,1,T2,89,True
KRR,0.5712514524237619,"{""regressor__kernel"": ""rbf"", ""regressor__gamma"": 0.1, ""regressor__alpha"": 0.0001}",45,193491,0.38,JavaGC,ddbs,1,T2,89,True
MR,0.4394680021159065,"{""lasso__regressor__alpha"": 0.01}",45,193491,4.92,JavaGC,ddbs,1,T2,89,True
RF,0.4615260611191241,"{""max_features"": 1.0, ""min_samples_leaf"": 1, ""n_estimators"": 10}",45,193491,0.1,JavaGC,ddbs,1,T2,89,True
SVR,0.5463355188583752,"{""regressor__tol"": 0.3, ""regressor__shrinking"": false, ""regressor__epsilon"": 0.1, ""regressor__coef0"": 2.0, ""regressor__C"": 0.5}",45,193491,0.71,JavaGC,ddbs,1,T2,89,True
CART,0.7365651895935142,"{""max_features"": 1.0, ""min_samples_leaf"": 1, ""splitter"": ""random""}",45,193491,0.03,JavaGC,ddbs,1,T2,90,True
kNN,0.7400823647277214,"{""n_neighbors"": 8, ""p"": 1, ""weights"": ""distance""}",45,193491,0.88,JavaGC,ddbs,1,T2,90,True
KRR,0.6748056994241791,"{""regressor__kernel"": ""rbf"", ""regressor__gamma"": 0.1, ""regressor__alpha"": 0.0001}",45,193491,0.38,JavaGC,ddbs,1,T2,90,True
MR,0.29597580407893465,"{""lasso__regressor__alpha"": 0.01}",45,193491,4.95,JavaGC,ddbs,1,T2,90,True
RF,0.5775250332896911,"{""max_features"": 1.0, ""min_samples_leaf"": 1, ""n_estimators"": 10}",45,193491,0.1,JavaGC,ddbs,1,T2,90,True
SVR,0.6129838682960378,"{""regressor__tol"": 0.3, ""regressor__shrinking"": false, ""regressor__epsilon"": 0.1, ""regressor__coef0"": 2.0, ""regressor__C"": 0.5}",45,193491,0.84,JavaGC,ddbs,1,T2,90,True
CART,0.4306311913372384,"{""max_features"": 1.0, ""min_samples_leaf"": 1, ""splitter"": ""random""}",45,193491,0.03,JavaGC,ddbs,1,T2,91,True
kNN,1.1072870756307913,"{""n_neighbors"": 8, ""p"": 1, ""weights"": ""distance""}",45,193491,0.82,JavaGC,ddbs,1,T2,91,True
KRR,0.9192177655303713,"{""regressor__kernel"": ""rbf"", ""regressor__gamma"": 0.1, ""regressor__alpha"": 0.0001}",45,193491,0.33,JavaGC,ddbs,1,T2,91,True
MR,0.7439269291725806,"{""lasso__regressor__alpha"": 0.01}",45,193491,4.69,JavaGC,ddbs,1,T2,91,True
RF,0.4828718394658063,"{""max_features"": 1.0, ""min_samples_leaf"": 1, ""n_estimators"": 10}",45,193491,0.1,JavaGC,ddbs,1,T2,91,True
SVR,1.081289138831431,"{""regressor__tol"": 0.3, ""regressor__shrinking"": false, ""regressor__epsilon"": 0.1, ""regressor__coef0"": 2.0, ""regressor__C"": 0.5}",45,193491,0.8,JavaGC,ddbs,1,T2,91,True
CART,0.14383536571769354,"{""max_features"": 1.0, ""min_samples_leaf"": 1, ""splitter"": ""random""}",45,193491,0.03,JavaGC,ddbs,1,T2,92,True
kNN,1.2042003042243201,"{""n_neighbors"": 8, ""p"": 1, ""weights"": ""distance""}",45,193491,0.83,JavaGC,ddbs,1,T2,92,True
KRR,0.7741073863495503,"{""regressor__kernel"": ""rbf"", ""regressor__gamma"": 0.1, ""regressor__alpha"": 0.0001}",45,193491,0.35,JavaGC,ddbs,1,T2,92,True
MR,0.4447235605000926,"{""lasso__regressor__alpha"": 0.01}",45,193491,4.49,JavaGC,ddbs,1,T2,92,True
RF,0.6003129603994829,"{""max_features"": 1.0, ""min_samples_leaf"": 1, ""n_estimators"": 10}",45,193491,0.1,JavaGC,ddbs,1,T2,92,True
SVR,1.1262789022310469,"{""regressor__tol"": 0.3, ""regressor__shrinking"": false, ""regressor__epsilon"": 0.1, ""regressor__coef0"": 2.0, ""regressor__C"": 0.5}",45,193491,0.76,JavaGC,ddbs,1,T2,92,True
CART,0.5207681637569855,"{""max_features"": 1.0, ""min_samples_leaf"": 1, ""splitter"": ""random""}",45,193491,0.04,JavaGC,ddbs,1,T2,93,True
kNN,0.9118409490315131,"{""n_neighbors"": 8, ""p"": 1, ""weights"": ""distance""}",45,193491,0.82,JavaGC,ddbs,1,T2,93,True
KRR,1.0038645877915477,"{""regressor__kernel"": ""rbf"", ""regressor__gamma"": 0.1, ""regressor__alpha"": 0.0001}",45,193491,0.34,JavaGC,ddbs,1,T2,93,True
MR,0.8565673032149016,"{""lasso__regressor__alpha"": 0.01}",45,193491,4.72,JavaGC,ddbs,1,T2,93,True
RF,0.8596848106589186,"{""max_features"": 1.0, ""min_samples_leaf"": 1, ""n_estimators"": 10}",45,193491,0.11,JavaGC,ddbs,1,T2,93,True
SVR,0.9673783338614494,"{""regressor__tol"": 0.3, ""regressor__shrinking"": false, ""regressor__epsilon"": 0.1, ""regressor__coef0"": 2.0, ""regressor__C"": 0.5}",45,193491,0.72,JavaGC,ddbs,1,T2,93,True
CART,0.18274348047075178,"{""max_features"": 1.0, ""min_samples_leaf"": 1, ""splitter"": ""random""}",45,193491,0.04,JavaGC,ddbs,1,T2,94,True
kNN,0.9615232698159034,"{""n_neighbors"": 8, ""p"": 1, ""weights"": ""distance""}",45,193491,0.82,JavaGC,ddbs,1,T2,94,True
KRR,0.8155618459985082,"{""regressor__kernel"": ""rbf"", ""regressor__gamma"": 0.1, ""regressor__alpha"": 0.0001}",45,193491,0.32,JavaGC,ddbs,1,T2,94,True
MR,0.45741632787114206,"{""lasso__regressor__alpha"": 0.01}",45,193491,4.62,JavaGC,ddbs,1,T2,94,True
RF,0.4621343600822603,"{""max_features"": 1.0, ""min_samples_leaf"": 1, ""n_estimators"": 10}",45,193491,0.1,JavaGC,ddbs,1,T2,94,True
SVR,0.9770811247494499,"{""regressor__tol"": 0.3, ""regressor__shrinking"": false, ""regressor__epsilon"": 0.1, ""regressor__coef0"": 2.0, ""regressor__C"": 0.5}",45,193491,0.74,JavaGC,ddbs,1,T2,94,True
CART,0.8071470407834904,"{""max_features"": 1.0, ""min_samples_leaf"": 1, ""splitter"": ""random""}",45,193491,0.03,JavaGC,ddbs,1,T2,95,True
kNN,1.0161355697553185,"{""n_neighbors"": 8, ""p"": 1, ""weights"": ""distance""}",45,193491,0.84,JavaGC,ddbs,1,T2,95,True
KRR,0.9779316551429861,"{""regressor__kernel"": ""rbf"", ""regressor__gamma"": 0.1, ""regressor__alpha"": 0.0001}",45,193491,0.37,JavaGC,ddbs,1,T2,95,True
MR,0.621418465478318,"{""lasso__regressor__alpha"": 0.01}",45,193491,4.78,JavaGC,ddbs,1,T2,95,True
RF,0.9385283350407572,"{""max_features"": 1.0, ""min_samples_leaf"": 1, ""n_estimators"": 10}",45,193491,0.1,JavaGC,ddbs,1,T2,95,True
SVR,1.0743926415876985,"{""regressor__tol"": 0.3, ""regressor__shrinking"": false, ""regressor__epsilon"": 0.1, ""regressor__coef0"": 2.0, ""regressor__C"": 0.5}",45,193491,0.65,JavaGC,ddbs,1,T2,95,True
CART,0.13667229489233707,"{""max_features"": 1.0, ""min_samples_leaf"": 1, ""splitter"": ""random""}",45,193491,0.03,JavaGC,ddbs,1,T2,96,True
kNN,1.0519610268137647,"{""n_neighbors"": 8, ""p"": 1, ""weights"": ""distance""}",45,193491,0.83,JavaGC,ddbs,1,T2,96,True
KRR,0.7419390045448727,"{""regressor__kernel"": ""rbf"", ""regressor__gamma"": 0.1, ""regressor__alpha"": 0.0001}",45,193491,0.33,JavaGC,ddbs,1,T2,96,True
MR,0.24178686285921078,"{""lasso__regressor__alpha"": 0.01}",45,193491,4.74,JavaGC,ddbs,1,T2,96,True
RF,0.5266879192364392,"{""max_features"": 1.0, ""min_samples_leaf"": 1, ""n_estimators"": 10}",45,193491,0.1,JavaGC,ddbs,1,T2,96,True
SVR,0.9391063044605504,"{""regressor__tol"": 0.3, ""regressor__shrinking"": false, ""regressor__epsilon"": 0.1, ""regressor__coef0"": 2.0, ""regressor__C"": 0.5}",45,193491,0.8,JavaGC,ddbs,1,T2,96,True
CART,0.20654244847842734,"{""max_features"": 1.0, ""min_samples_leaf"": 1, ""splitter"": ""random""}",45,193491,0.03,JavaGC,ddbs,1,T2,97,True
kNN,1.0067590105520274,"{""n_neighbors"": 8, ""p"": 1, ""weights"": ""distance""}",45,193491,0.81,JavaGC,ddbs,1,T2,97,True
KRR,0.7098088295073344,"{""regressor__kernel"": ""rbf"", ""regressor__gamma"": 0.1, ""regressor__alpha"": 0.0001}",45,193491,0.33,JavaGC,ddbs,1,T2,97,True
MR,0.4703782330860597,"{""lasso__regressor__alpha"": 0.01}",45,193491,4.56,JavaGC,ddbs,1,T2,97,True
RF,0.5644385568869756,"{""max_features"": 1.0, ""min_samples_leaf"": 1, ""n_estimators"": 10}",45,193491,0.1,JavaGC,ddbs,1,T2,97,True
SVR,1.0655324428168742,"{""regressor__tol"": 0.3, ""regressor__shrinking"": false, ""regressor__epsilon"": 0.1, ""regressor__coef0"": 2.0, ""regressor__C"": 0.5}",45,193491,0.74,JavaGC,ddbs,1,T2,97,True
CART,0.5750273909938278,"{""max_features"": 1.0, ""min_samples_leaf"": 1, ""splitter"": ""random""}",45,193491,0.03,JavaGC,ddbs,1,T2,98,True
kNN,0.9283305232645485,"{""n_neighbors"": 8, ""p"": 1, ""weights"": ""distance""}",45,193491,0.83,JavaGC,ddbs,1,T2,98,True
KRR,0.6496004918575944,"{""regressor__kernel"": ""rbf"", ""regressor__gamma"": 0.1, ""regressor__alpha"": 0.0001}",45,193491,0.32,JavaGC,ddbs,1,T2,98,True
MR,0.48453877715525406,"{""lasso__regressor__alpha"": 0.01}",45,193491,4.54,JavaGC,ddbs,1,T2,98,True
RF,0.6286553027659263,"{""max_features"": 1.0, ""min_samples_leaf"": 1, ""n_estimators"": 10}",45,193491,0.1,JavaGC,ddbs,1,T2,98,True
SVR,0.7708513357589967,"{""regressor__tol"": 0.3, ""regressor__shrinking"": false, ""regressor__epsilon"": 0.1, ""regressor__coef0"": 2.0, ""regressor__C"": 0.5}",45,193491,0.68,JavaGC,ddbs,1,T2,98,True
CART,0.22516081896788542,"{""max_features"": 1.0, ""min_samples_leaf"": 1, ""splitter"": ""random""}",45,193491,0.03,JavaGC,ddbs,1,T2,99,True
kNN,1.101004201135553,"{""n_neighbors"": 8, ""p"": 1, ""weights"": ""distance""}",45,193491,0.81,JavaGC,ddbs,1,T2,99,True
KRR,0.8374231318321494,"{""regressor__kernel"": ""rbf"", ""regressor__gamma"": 0.1, ""regressor__alpha"": 0.0001}",45,193491,0.33,JavaGC,ddbs,1,T2,99,True
MR,0.26383235643783903,"{""lasso__regressor__alpha"": 0.01}",45,193491,4.15,JavaGC,ddbs,1,T2,99,True
RF,0.8392661321896447,"{""max_features"": 1.0, ""min_samples_leaf"": 1, ""n_estimators"": 10}",45,193491,0.06,JavaGC,ddbs,1,T2,99,True
SVR,1.25579638548355,"{""regressor__tol"": 0.3, ""regressor__shrinking"": false, ""regressor__epsilon"": 0.1, ""regressor__coef0"": 2.0, ""regressor__C"": 0.5}",45,193491,0.41,JavaGC,ddbs,1,T2,99,True
CART,0.17608497447671537,"{""max_features"": 1.0, ""min_samples_leaf"": 1, ""splitter"": ""random""}",45,193491,0.03,JavaGC,ddbs,1,T2,100,True
kNN,1.0890433095086878,"{""n_neighbors"": 8, ""p"": 1, ""weights"": ""distance""}",45,193491,0.81,JavaGC,ddbs,1,T2,100,True
KRR,0.8712346131531579,"{""regressor__kernel"": ""rbf"", ""regressor__gamma"": 0.1, ""regressor__alpha"": 0.0001}",45,193491,0.34,JavaGC,ddbs,1,T2,100,True
MR,0.4512401257402209,"{""lasso__regressor__alpha"": 0.01}",45,193491,3.87,JavaGC,ddbs,1,T2,100,True
RF,0.4523004316562746,"{""max_features"": 1.0, ""min_samples_leaf"": 1, ""n_estimators"": 10}",45,193491,0.06,JavaGC,ddbs,1,T2,100,True
SVR,1.0024009223594268,"{""regressor__tol"": 0.3, ""regressor__shrinking"": false, ""regressor__epsilon"": 0.1, ""regressor__coef0"": 2.0, ""regressor__C"": 0.5}",45,193491,0.39,JavaGC,ddbs,1,T2,100,True
CART,0.1501199795870367,"{""max_features"": 1.0, ""min_samples_leaf"": 1, ""splitter"": ""best""}",198,193338,0.05,JavaGC,ddbs,1,T3,1,True
kNN,1.0492006596344738,"{""n_neighbors"": 8, ""p"": 1, ""weights"": ""distance""}",198,193338,3.44,JavaGC,ddbs,1,T3,1,True
KRR,0.9805136663382584,"{""regressor__kernel"": ""rbf"", ""regressor__gamma"": 0.2, ""regressor__alpha"": 0.01}",198,193338,1.22,JavaGC,ddbs,1,T3,1,True
MR,0.32968500735658546,"{""lasso__regressor__alpha"": 0.01}",198,193338,5.44,JavaGC,ddbs,1,T3,1,True
RF,0.16438347318029933,"{""max_features"": 1.0, ""min_samples_leaf"": 1, ""n_estimators"": 20}",198,193338,0.3,JavaGC,ddbs,1,T3,1,True
SVR,1.044574500322031,"{""regressor__tol"": 0.3, ""regressor__shrinking"": false, ""regressor__epsilon"": 0.1, ""regressor__coef0"": 2.0, ""regressor__C"": 0.5}",198,193338,2.4,JavaGC,ddbs,1,T3,1,True
CART,0.1282855024272358,"{""max_features"": 1.0, ""min_samples_leaf"": 1, ""splitter"": ""best""}",198,193338,0.05,JavaGC,ddbs,1,T3,2,True
kNN,0.9704653332665768,"{""n_neighbors"": 8, ""p"": 1, ""weights"": ""distance""}",198,193338,3.35,JavaGC,ddbs,1,T3,2,True
KRR,0.8752141288821386,"{""regressor__kernel"": ""rbf"", ""regressor__gamma"": 0.2, ""regressor__alpha"": 0.01}",198,193338,1.29,JavaGC,ddbs,1,T3,2,True
MR,0.22648629828210415,"{""lasso__regressor__alpha"": 0.01}",198,193338,5.44,JavaGC,ddbs,1,T3,2,True
RF,0.12624271769072473,"{""max_features"": 1.0, ""min_samples_leaf"": 1, ""n_estimators"": 20}",198,193338,0.32,JavaGC,ddbs,1,T3,2,True
SVR,0.9117427034296826,"{""regressor__tol"": 0.3, ""regressor__shrinking"": false, ""regressor__epsilon"": 0.1, ""regressor__coef0"": 2.0, ""regressor__C"": 0.5}",198,193338,2.44,JavaGC,ddbs,1,T3,2,True
CART,0.16724043397251157,"{""max_features"": 1.0, ""min_samples_leaf"": 1, ""splitter"": ""best""}",198,193338,0.04,JavaGC,ddbs,1,T3,3,True
kNN,0.9877050513689335,"{""n_neighbors"": 8, ""p"": 1, ""weights"": ""distance""}",198,193338,3.34,JavaGC,ddbs,1,T3,3,True
KRR,0.8647013062244838,"{""regressor__kernel"": ""rbf"", ""regressor__gamma"": 0.2, ""regressor__alpha"": 0.01}",198,193338,1.28,JavaGC,ddbs,1,T3,3,True
MR,0.24148869477339016,"{""lasso__regressor__alpha"": 0.01}",198,193338,5.37,JavaGC,ddbs,1,T3,3,True
RF,0.15584816827003906,"{""max_features"": 1.0, ""min_samples_leaf"": 1, ""n_estimators"": 20}",198,193338,0.31,JavaGC,ddbs,1,T3,3,True
SVR,0.8862893119736062,"{""regressor__tol"": 0.3, ""regressor__shrinking"": false, ""regressor__epsilon"": 0.1, ""regressor__coef0"": 2.0, ""regressor__C"": 0.5}",198,193338,2.49,JavaGC,ddbs,1,T3,3,True
CART,0.13926816181760537,"{""max_features"": 1.0, ""min_samples_leaf"": 1, ""splitter"": ""best""}",198,193338,0.04,JavaGC,ddbs,1,T3,4,True
kNN,1.0120668998556812,"{""n_neighbors"": 8, ""p"": 1, ""weights"": ""distance""}",198,193338,3.45,JavaGC,ddbs,1,T3,4,True
KRR,0.8959176038930355,"{""regressor__kernel"": ""rbf"", ""regressor__gamma"": 0.2, ""regressor__alpha"": 0.01}",198,193338,1.24,JavaGC,ddbs,1,T3,4,True
MR,0.29125798693609006,"{""lasso__regressor__alpha"": 0.01}",198,193338,5.23,JavaGC,ddbs,1,T3,4,True
RF,0.2063257515868062,"{""max_features"": 1.0, ""min_samples_leaf"": 1, ""n_estimators"": 20}",198,193338,0.28,JavaGC,ddbs,1,T3,4,True
SVR,1.0043565070169833,"{""regressor__tol"": 0.3, ""regressor__shrinking"": false, ""regressor__epsilon"": 0.1, ""regressor__coef0"": 2.0, ""regressor__C"": 0.5}",198,193338,2.37,JavaGC,ddbs,1,T3,4,True
CART,0.14828825487387717,"{""max_features"": 1.0, ""min_samples_leaf"": 1, ""splitter"": ""best""}",198,193338,0.04,JavaGC,ddbs,1,T3,5,True
kNN,1.1197193856467726,"{""n_neighbors"": 8, ""p"": 1, ""weights"": ""distance""}",198,193338,3.45,JavaGC,ddbs,1,T3,5,True
KRR,0.9895589455910673,"{""regressor__kernel"": ""rbf"", ""regressor__gamma"": 0.2, ""regressor__alpha"": 0.01}",198,193338,1.18,JavaGC,ddbs,1,T3,5,True
MR,0.3763033755484137,"{""lasso__regressor__alpha"": 0.01}",198,193338,5.35,JavaGC,ddbs,1,T3,5,True
RF,0.13782350132242446,"{""max_features"": 1.0, ""min_samples_leaf"": 1, ""n_estimators"": 20}",198,193338,0.28,JavaGC,ddbs,1,T3,5,True
SVR,1.0287922533015486,"{""regressor__tol"": 0.3, ""regressor__shrinking"": false, ""regressor__epsilon"": 0.1, ""regressor__coef0"": 2.0, ""regressor__C"": 0.5}",198,193338,2.32,JavaGC,ddbs,1,T3,5,True
CART,0.14667016023052779,"{""max_features"": 1.0, ""min_samples_leaf"": 1, ""splitter"": ""best""}",198,193338,0.05,JavaGC,ddbs,1,T3,6,True
kNN,0.9905417445216352,"{""n_neighbors"": 8, ""p"": 1, ""weights"": ""distance""}",198,193338,3.35,JavaGC,ddbs,1,T3,6,True
KRR,0.801327898249663,"{""regressor__kernel"": ""rbf"", ""regressor__gamma"": 0.2, ""regressor__alpha"": 0.01}",198,193338,1.28,JavaGC,ddbs,1,T3,6,True
MR,0.23270014897572994,"{""lasso__regressor__alpha"": 0.01}",198,193338,5.46,JavaGC,ddbs,1,T3,6,True
RF,0.1328414702300703,"{""max_features"": 1.0, ""min_samples_leaf"": 1, ""n_estimators"": 20}",198,193338,0.32,JavaGC,ddbs,1,T3,6,True
SVR,0.9252199735961406,"{""regressor__tol"": 0.3, ""regressor__shrinking"": false, ""regressor__epsilon"": 0.1, ""regressor__coef0"": 2.0, ""regressor__C"": 0.5}",198,193338,2.53,JavaGC,ddbs,1,T3,6,True
CART,0.17584199637640657,"{""max_features"": 1.0, ""min_samples_leaf"": 1, ""splitter"": ""best""}",198,193338,0.04,JavaGC,ddbs,1,T3,7,True
kNN,0.9399408493516433,"{""n_neighbors"": 8, ""p"": 1, ""weights"": ""distance""}",198,193338,3.34,JavaGC,ddbs,1,T3,7,True
KRR,0.8579256168093553,"{""regressor__kernel"": ""rbf"", ""regressor__gamma"": 0.2, ""regressor__alpha"": 0.01}",198,193338,1.27,JavaGC,ddbs,1,T3,7,True
MR,0.2550356623644927,"{""lasso__regressor__alpha"": 0.01}",198,193338,5.28,JavaGC,ddbs,1,T3,7,True
RF,0.13979583125622144,"{""max_features"": 1.0, ""min_samples_leaf"": 1, ""n_estimators"": 20}",198,193338,0.31,JavaGC,ddbs,1,T3,7,True
SVR,0.8638638493933792,"{""regressor__tol"": 0.3, ""regressor__shrinking"": false, ""regressor__epsilon"": 0.1, ""regressor__coef0"": 2.0, ""regressor__C"": 0.5}",198,193338,2.37,JavaGC,ddbs,1,T3,7,True
CART,0.1705482220171932,"{""max_features"": 1.0, ""min_samples_leaf"": 1, ""splitter"": ""best""}",198,193338,0.04,JavaGC,ddbs,1,T3,8,True
kNN,1.12270875099071,"{""n_neighbors"": 8, ""p"": 1, ""weights"": ""distance""}",198,193338,3.43,JavaGC,ddbs,1,T3,8,True
KRR,0.9263104427845104,"{""regressor__kernel"": ""rbf"", ""regressor__gamma"": 0.2, ""regressor__alpha"": 0.01}",198,193338,1.24,JavaGC,ddbs,1,T3,8,True
MR,0.24906303165060872,"{""lasso__regressor__alpha"": 0.01}",198,193338,5.28,JavaGC,ddbs,1,T3,8,True
RF,0.1295961329514715,"{""max_features"": 1.0, ""min_samples_leaf"": 1, ""n_estimators"": 20}",198,193338,0.3,JavaGC,ddbs,1,T3,8,True
SVR,1.099778537522484,"{""regressor__tol"": 0.3, ""regressor__shrinking"": false, ""regressor__epsilon"": 0.1, ""regressor__coef0"": 2.0, ""regressor__C"": 0.5}",198,193338,2.47,JavaGC,ddbs,1,T3,8,True
CART,0.13440220197376507,"{""max_features"": 1.0, ""min_samples_leaf"": 1, ""splitter"": ""best""}",198,193338,0.04,JavaGC,ddbs,1,T3,9,True
kNN,1.0537927288566793,"{""n_neighbors"": 8, ""p"": 1, ""weights"": ""distance""}",198,193338,3.29,JavaGC,ddbs,1,T3,9,True
KRR,0.9326846939319826,"{""regressor__kernel"": ""rbf"", ""regressor__gamma"": 0.2, ""regressor__alpha"": 0.01}",198,193338,1.23,JavaGC,ddbs,1,T3,9,True
MR,0.3452711683109866,"{""lasso__regressor__alpha"": 0.01}",198,193338,5.29,JavaGC,ddbs,1,T3,9,True
RF,0.13204912291003976,"{""max_features"": 1.0, ""min_samples_leaf"": 1, ""n_estimators"": 20}",198,193338,0.32,JavaGC,ddbs,1,T3,9,True
SVR,0.9194576431760626,"{""regressor__tol"": 0.3, ""regressor__shrinking"": false, ""regressor__epsilon"": 0.1, ""regressor__coef0"": 2.0, ""regressor__C"": 0.5}",198,193338,2.37,JavaGC,ddbs,1,T3,9,True
CART,0.1486876741399241,"{""max_features"": 1.0, ""min_samples_leaf"": 1, ""splitter"": ""best""}",198,193338,0.04,JavaGC,ddbs,1,T3,10,True
kNN,1.0358701906205685,"{""n_neighbors"": 8, ""p"": 1, ""weights"": ""distance""}",198,193338,3.37,JavaGC,ddbs,1,T3,10,True
KRR,0.8843665115159149,"{""regressor__kernel"": ""rbf"", ""regressor__gamma"": 0.2, ""regressor__alpha"": 0.01}",198,193338,1.11,JavaGC,ddbs,1,T3,10,True
MR,0.23309270566168266,"{""lasso__regressor__alpha"": 0.01}",198,193338,5.21,JavaGC,ddbs,1,T3,10,True
RF,0.13492029365717287,"{""max_features"": 1.0, ""min_samples_leaf"": 1, ""n_estimators"": 20}",198,193338,0.28,JavaGC,ddbs,1,T3,10,True
SVR,1.0176816877930595,"{""regressor__tol"": 0.3, ""regressor__shrinking"": false, ""regressor__epsilon"": 0.1, ""regressor__coef0"": 2.0, ""regressor__C"": 0.5}",198,193338,2.39,JavaGC,ddbs,1,T3,10,True
CART,0.13613787231987856,"{""max_features"": 1.0, ""min_samples_leaf"": 1, ""splitter"": ""best""}",198,193338,0.04,JavaGC,ddbs,1,T3,11,True
kNN,0.8684231246007592,"{""n_neighbors"": 8, ""p"": 1, ""weights"": ""distance""}",198,193338,3.32,JavaGC,ddbs,1,T3,11,True
KRR,0.7761948077928971,"{""regressor__kernel"": ""rbf"", ""regressor__gamma"": 0.2, ""regressor__alpha"": 0.01}",198,193338,1.24,JavaGC,ddbs,1,T3,11,True
MR,0.21838655995393202,"{""lasso__regressor__alpha"": 0.01}",198,193338,5.21,JavaGC,ddbs,1,T3,11,True
RF,0.14836383600849096,"{""max_features"": 1.0, ""min_samples_leaf"": 1, ""n_estimators"": 20}",198,193338,0.3,JavaGC,ddbs,1,T3,11,True
SVR,0.7672720243908471,"{""regressor__tol"": 0.3, ""regressor__shrinking"": false, ""regressor__epsilon"": 0.1, ""regressor__coef0"": 2.0, ""regressor__C"": 0.5}",198,193338,2.23,JavaGC,ddbs,1,T3,11,True
CART,0.21839459671955583,"{""max_features"": 1.0, ""min_samples_leaf"": 1, ""splitter"": ""best""}",198,193338,0.04,JavaGC,ddbs,1,T3,12,True
kNN,0.9107823066974527,"{""n_neighbors"": 8, ""p"": 1, ""weights"": ""distance""}",198,193338,3.39,JavaGC,ddbs,1,T3,12,True
KRR,0.7789685505398325,"{""regressor__kernel"": ""rbf"", ""regressor__gamma"": 0.2, ""regressor__alpha"": 0.01}",198,193338,1.18,JavaGC,ddbs,1,T3,12,True
MR,0.23129543685379142,"{""lasso__regressor__alpha"": 0.01}",198,193338,5.1,JavaGC,ddbs,1,T3,12,True
RF,0.19373214363147184,"{""max_features"": 1.0, ""min_samples_leaf"": 1, ""n_estimators"": 20}",198,193338,0.26,JavaGC,ddbs,1,T3,12,True
SVR,0.9048344507859984,"{""regressor__tol"": 0.3, ""regressor__shrinking"": false, ""regressor__epsilon"": 0.1, ""regressor__coef0"": 2.0, ""regressor__C"": 0.5}",198,193338,2.51,JavaGC,ddbs,1,T3,12,True
CART,0.20846764224456116,"{""max_features"": 1.0, ""min_samples_leaf"": 1, ""splitter"": ""best""}",198,193338,0.04,JavaGC,ddbs,1,T3,13,True
kNN,0.9997066510001402,"{""n_neighbors"": 8, ""p"": 1, ""weights"": ""distance""}",198,193338,3.27,JavaGC,ddbs,1,T3,13,True
KRR,0.8561926527626259,"{""regressor__kernel"": ""rbf"", ""regressor__gamma"": 0.2, ""regressor__alpha"": 0.01}",198,193338,1.22,JavaGC,ddbs,1,T3,13,True
MR,0.24640628679792928,"{""lasso__regressor__alpha"": 0.01}",198,193338,5.15,JavaGC,ddbs,1,T3,13,True
RF,0.22160897948867103,"{""max_features"": 1.0, ""min_samples_leaf"": 1, ""n_estimators"": 20}",198,193338,0.3,JavaGC,ddbs,1,T3,13,True
SVR,0.8397100198210288,"{""regressor__tol"": 0.3, ""regressor__shrinking"": false, ""regressor__epsilon"": 0.1, ""regressor__coef0"": 2.0, ""regressor__C"": 0.5}",198,193338,2.48,JavaGC,ddbs,1,T3,13,True
CART,0.15980135565489428,"{""max_features"": 1.0, ""min_samples_leaf"": 1, ""splitter"": ""best""}",198,193338,0.04,JavaGC,ddbs,1,T3,14,True
kNN,1.0552646721870127,"{""n_neighbors"": 8, ""p"": 1, ""weights"": ""distance""}",198,193338,3.36,JavaGC,ddbs,1,T3,14,True
KRR,0.9582358011844598,"{""regressor__kernel"": ""rbf"", ""regressor__gamma"": 0.2, ""regressor__alpha"": 0.01}",198,193338,1.12,JavaGC,ddbs,1,T3,14,True
MR,0.30624475293374265,"{""lasso__regressor__alpha"": 0.01}",198,193338,5.1,JavaGC,ddbs,1,T3,14,True
RF,0.13219783289637332,"{""max_features"": 1.0, ""min_samples_leaf"": 1, ""n_estimators"": 20}",198,193338,0.28,JavaGC,ddbs,1,T3,14,True
SVR,0.9861867440536937,"{""regressor__tol"": 0.3, ""regressor__shrinking"": false, ""regressor__epsilon"": 0.1, ""regressor__coef0"": 2.0, ""regressor__C"": 0.5}",198,193338,2.36,JavaGC,ddbs,1,T3,14,True
CART,0.14734947017509067,"{""max_features"": 1.0, ""min_samples_leaf"": 1, ""splitter"": ""best""}",198,193338,0.04,JavaGC,ddbs,1,T3,15,True
kNN,0.9474328633977941,"{""n_neighbors"": 8, ""p"": 1, ""weights"": ""distance""}",198,193338,3.22,JavaGC,ddbs,1,T3,15,True
KRR,0.8569920508893686,"{""regressor__kernel"": ""rbf"", ""regressor__gamma"": 0.2, ""regressor__alpha"": 0.01}",198,193338,1.12,JavaGC,ddbs,1,T3,15,True
MR,0.24805614626467562,"{""lasso__regressor__alpha"": 0.01}",198,193338,4.94,JavaGC,ddbs,1,T3,15,True
RF,0.1668074764655702,"{""max_features"": 1.0, ""min_samples_leaf"": 1, ""n_estimators"": 20}",198,193338,0.3,JavaGC,ddbs,1,T3,15,True
SVR,0.9476927453999854,"{""regressor__tol"": 0.3, ""regressor__shrinking"": false, ""regressor__epsilon"": 0.1, ""regressor__coef0"": 2.0, ""regressor__C"": 0.5}",198,193338,2.34,JavaGC,ddbs,1,T3,15,True
CART,0.13704742668072178,"{""max_features"": 1.0, ""min_samples_leaf"": 1, ""splitter"": ""best""}",198,193338,0.04,JavaGC,ddbs,1,T3,16,True
kNN,0.9831670259093468,"{""n_neighbors"": 8, ""p"": 1, ""weights"": ""distance""}",198,193338,3.33,JavaGC,ddbs,1,T3,16,True
KRR,0.7983077893829701,"{""regressor__kernel"": ""rbf"", ""regressor__gamma"": 0.2, ""regressor__alpha"": 0.01}",198,193338,1.16,JavaGC,ddbs,1,T3,16,True
MR,0.2276295006429611,"{""lasso__regressor__alpha"": 0.01}",198,193338,4.88,JavaGC,ddbs,1,T3,16,True
RF,0.12937874527531146,"{""max_features"": 1.0, ""min_samples_leaf"": 1, ""n_estimators"": 20}",198,193338,0.29,JavaGC,ddbs,1,T3,16,True
SVR,0.9314420087742733,"{""regressor__tol"": 0.3, ""regressor__shrinking"": false, ""regressor__epsilon"": 0.1, ""regressor__coef0"": 2.0, ""regressor__C"": 0.5}",198,193338,2.39,JavaGC,ddbs,1,T3,16,True
CART,0.14301182300005863,"{""max_features"": 1.0, ""min_samples_leaf"": 1, ""splitter"": ""best""}",198,193338,0.04,JavaGC,ddbs,1,T3,17,True
kNN,0.9578411785027938,"{""n_neighbors"": 8, ""p"": 1, ""weights"": ""distance""}",198,193338,3.23,JavaGC,ddbs,1,T3,17,True
KRR,0.7646797084642081,"{""regressor__kernel"": ""rbf"", ""regressor__gamma"": 0.2, ""regressor__alpha"": 0.01}",198,193338,1.14,JavaGC,ddbs,1,T3,17,True
MR,0.24048934602653926,"{""lasso__regressor__alpha"": 0.01}",198,193338,4.91,JavaGC,ddbs,1,T3,17,True
RF,0.1231599009540938,"{""max_features"": 1.0, ""min_samples_leaf"": 1, ""n_estimators"": 20}",198,193338,0.31,JavaGC,ddbs,1,T3,17,True
SVR,0.8193508183031957,"{""regressor__tol"": 0.3, ""regressor__shrinking"": false, ""regressor__epsilon"": 0.1, ""regressor__coef0"": 2.0, ""regressor__C"": 0.5}",198,193338,2.5,JavaGC,ddbs,1,T3,17,True
CART,0.15865673584091536,"{""max_features"": 1.0, ""min_samples_leaf"": 1, ""splitter"": ""best""}",198,193338,0.04,JavaGC,ddbs,1,T3,18,True
kNN,1.0305699106854422,"{""n_neighbors"": 8, ""p"": 1, ""weights"": ""distance""}",198,193338,3.3,JavaGC,ddbs,1,T3,18,True
KRR,0.8443851019900617,"{""regressor__kernel"": ""rbf"", ""regressor__gamma"": 0.2, ""regressor__alpha"": 0.01}",198,193338,1.22,JavaGC,ddbs,1,T3,18,True
MR,0.255884381339669,"{""lasso__regressor__alpha"": 0.01}",198,193338,5.44,JavaGC,ddbs,1,T3,18,True
RF,0.1494707038342697,"{""max_features"": 1.0, ""min_samples_leaf"": 1, ""n_estimators"": 20}",198,193338,0.31,JavaGC,ddbs,1,T3,18,True
SVR,1.0100823730781148,"{""regressor__tol"": 0.3, ""regressor__shrinking"": false, ""regressor__epsilon"": 0.1, ""regressor__coef0"": 2.0, ""regressor__C"": 0.5}",198,193338,2.33,JavaGC,ddbs,1,T3,18,True
CART,0.1688360444404396,"{""max_features"": 1.0, ""min_samples_leaf"": 1, ""splitter"": ""best""}",198,193338,0.04,JavaGC,ddbs,1,T3,19,True
kNN,1.028168407152701,"{""n_neighbors"": 8, ""p"": 1, ""weights"": ""distance""}",198,193338,3.38,JavaGC,ddbs,1,T3,19,True
KRR,0.9126844095846832,"{""regressor__kernel"": ""rbf"", ""regressor__gamma"": 0.2, ""regressor__alpha"": 0.01}",198,193338,1.12,JavaGC,ddbs,1,T3,19,True
MR,0.24116784487442033,"{""lasso__regressor__alpha"": 0.01}",198,193338,5.23,JavaGC,ddbs,1,T3,19,True
RF,0.1371325302222279,"{""max_features"": 1.0, ""min_samples_leaf"": 1, ""n_estimators"": 20}",198,193338,0.28,JavaGC,ddbs,1,T3,19,True
SVR,0.985220099105885,"{""regressor__tol"": 0.3, ""regressor__shrinking"": false, ""regressor__epsilon"": 0.1, ""regressor__coef0"": 2.0, ""regressor__C"": 0.5}",198,193338,2.49,JavaGC,ddbs,1,T3,19,True
CART,0.11120476547152183,"{""max_features"": 1.0, ""min_samples_leaf"": 1, ""splitter"": ""best""}",198,193338,0.04,JavaGC,ddbs,1,T3,20,True
kNN,1.1627470882551574,"{""n_neighbors"": 8, ""p"": 1, ""weights"": ""distance""}",198,193338,3.33,JavaGC,ddbs,1,T3,20,True
KRR,0.9648145135765159,"{""regressor__kernel"": ""rbf"", ""regressor__gamma"": 0.2, ""regressor__alpha"": 0.01}",198,193338,1.16,JavaGC,ddbs,1,T3,20,True
MR,0.40453666784253955,"{""lasso__regressor__alpha"": 0.01}",198,193338,4.88,JavaGC,ddbs,1,T3,20,True
RF,0.12708954490885546,"{""max_features"": 1.0, ""min_samples_leaf"": 1, ""n_estimators"": 20}",198,193338,0.29,JavaGC,ddbs,1,T3,20,True
SVR,0.9635687774774977,"{""regressor__tol"": 0.3, ""regressor__shrinking"": false, ""regressor__epsilon"": 0.1, ""regressor__coef0"": 2.0, ""regressor__C"": 0.5}",198,193338,2.26,JavaGC,ddbs,1,T3,20,True
CART,0.11956808413591329,"{""max_features"": 1.0, ""min_samples_leaf"": 1, ""splitter"": ""best""}",198,193338,0.04,JavaGC,ddbs,1,T3,21,True
kNN,0.9670312834156478,"{""n_neighbors"": 8, ""p"": 1, ""weights"": ""distance""}",198,193338,3.28,JavaGC,ddbs,1,T3,21,True
KRR,0.8520000248214465,"{""regressor__kernel"": ""rbf"", ""regressor__gamma"": 0.2, ""regressor__alpha"": 0.01}",198,193338,1.23,JavaGC,ddbs,1,T3,21,True
MR,0.2505262555242521,"{""lasso__regressor__alpha"": 0.01}",198,193338,5.1,JavaGC,ddbs,1,T3,21,True
RF,0.13564599809982109,"{""max_features"": 1.0, ""min_samples_leaf"": 1, ""n_estimators"": 20}",198,193338,0.31,JavaGC,ddbs,1,T3,21,True
SVR,0.9112673707015686,"{""regressor__tol"": 0.3, ""regressor__shrinking"": false, ""regressor__epsilon"": 0.1, ""regressor__coef0"": 2.0, ""regressor__C"": 0.5}",198,193338,2.28,JavaGC,ddbs,1,T3,21,True
CART,0.12221560050468373,"{""max_features"": 1.0, ""min_samples_leaf"": 1, ""splitter"": ""best""}",198,193338,0.04,JavaGC,ddbs,1,T3,22,True
kNN,1.013271127856499,"{""n_neighbors"": 8, ""p"": 1, ""weights"": ""distance""}",198,193338,3.37,JavaGC,ddbs,1,T3,22,True
KRR,0.846876977080738,"{""regressor__kernel"": ""rbf"", ""regressor__gamma"": 0.2, ""regressor__alpha"": 0.01}",198,193338,1.17,JavaGC,ddbs,1,T3,22,True
MR,0.23618366343939193,"{""lasso__regressor__alpha"": 0.01}",198,193338,5.05,JavaGC,ddbs,1,T3,22,True
RF,0.12907443024309967,"{""max_features"": 1.0, ""min_samples_leaf"": 1, ""n_estimators"": 20}",198,193338,0.28,JavaGC,ddbs,1,T3,22,True
SVR,1.0056467087287804,"{""regressor__tol"": 0.3, ""regressor__shrinking"": false, ""regressor__epsilon"": 0.1, ""regressor__coef0"": 2.0, ""regressor__C"": 0.5}",198,193338,2.43,JavaGC,ddbs,1,T3,22,True
CART,0.2500253674448904,"{""max_features"": 1.0, ""min_samples_leaf"": 1, ""splitter"": ""best""}",198,193338,0.04,JavaGC,ddbs,1,T3,23,True
kNN,0.8891289611350301,"{""n_neighbors"": 8, ""p"": 1, ""weights"": ""distance""}",198,193338,3.25,JavaGC,ddbs,1,T3,23,True
KRR,0.7241495689461198,"{""regressor__kernel"": ""rbf"", ""regressor__gamma"": 0.2, ""regressor__alpha"": 0.01}",198,193338,1.19,JavaGC,ddbs,1,T3,23,True
MR,0.22524038632949422,"{""lasso__regressor__alpha"": 0.01}",198,193338,5.31,JavaGC,ddbs,1,T3,23,True
RF,0.15948561242162054,"{""max_features"": 1.0, ""min_samples_leaf"": 1, ""n_estimators"": 20}",198,193338,0.31,JavaGC,ddbs,1,T3,23,True
SVR,0.8644325802241732,"{""regressor__tol"": 0.3, ""regressor__shrinking"": false, ""regressor__epsilon"": 0.1, ""regressor__coef0"": 2.0, ""regressor__C"": 0.5}",198,193338,2.42,JavaGC,ddbs,1,T3,23,True
CART,0.17625383664590138,"{""max_features"": 1.0, ""min_samples_leaf"": 1, ""splitter"": ""best""}",198,193338,0.04,JavaGC,ddbs,1,T3,24,True
kNN,0.9838556311295342,"{""n_neighbors"": 8, ""p"": 1, ""weights"": ""distance""}",198,193338,3.35,JavaGC,ddbs,1,T3,24,True
KRR,0.8152824916367346,"{""regressor__kernel"": ""rbf"", ""regressor__gamma"": 0.2, ""regressor__alpha"": 0.01}",198,193338,1.11,JavaGC,ddbs,1,T3,24,True
MR,0.21469342150444418,"{""lasso__regressor__alpha"": 0.01}",198,193338,5.05,JavaGC,ddbs,1,T3,24,True
RF,0.14847377323226932,"{""max_features"": 1.0, ""min_samples_leaf"": 1, ""n_estimators"": 20}",198,193338,0.27,JavaGC,ddbs,1,T3,24,True
SVR,0.9065475015972738,"{""regressor__tol"": 0.3, ""regressor__shrinking"": false, ""regressor__epsilon"": 0.1, ""regressor__coef0"": 2.0, ""regressor__C"": 0.5}",198,193338,2.44,JavaGC,ddbs,1,T3,24,True
CART,0.13532611112238346,"{""max_features"": 1.0, ""min_samples_leaf"": 1, ""splitter"": ""best""}",198,193338,0.04,JavaGC,ddbs,1,T3,25,True
kNN,1.030037703754101,"{""n_neighbors"": 8, ""p"": 1, ""weights"": ""distance""}",198,193338,3.23,JavaGC,ddbs,1,T3,25,True
KRR,0.8901360991414996,"{""regressor__kernel"": ""rbf"", ""regressor__gamma"": 0.2, ""regressor__alpha"": 0.01}",198,193338,1.14,JavaGC,ddbs,1,T3,25,True
MR,0.26221773516451896,"{""lasso__regressor__alpha"": 0.01}",198,193338,4.76,JavaGC,ddbs,1,T3,25,True
RF,0.1414530825936768,"{""max_features"": 1.0, ""min_samples_leaf"": 1, ""n_estimators"": 20}",198,193338,0.32,JavaGC,ddbs,1,T3,25,True
SVR,1.0008996674159194,"{""regressor__tol"": 0.3, ""regressor__shrinking"": false, ""regressor__epsilon"": 0.1, ""regressor__coef0"": 2.0, ""regressor__C"": 0.5}",198,193338,2.41,JavaGC,ddbs,1,T3,25,True
CART,0.210122724720969,"{""max_features"": 1.0, ""min_samples_leaf"": 1, ""splitter"": ""best""}",198,193338,0.04,JavaGC,ddbs,1,T3,26,True
kNN,0.9678038138068473,"{""n_neighbors"": 8, ""p"": 1, ""weights"": ""distance""}",198,193338,3.28,JavaGC,ddbs,1,T3,26,True
KRR,0.7953695294722334,"{""regressor__kernel"": ""rbf"", ""regressor__gamma"": 0.2, ""regressor__alpha"": 0.01}",198,193338,1.23,JavaGC,ddbs,1,T3,26,True
MR,0.2561032510356331,"{""lasso__regressor__alpha"": 0.01}",198,193338,5.31,JavaGC,ddbs,1,T3,26,True
RF,0.16178680527088046,"{""max_features"": 1.0, ""min_samples_leaf"": 1, ""n_estimators"": 20}",198,193338,0.32,JavaGC,ddbs,1,T3,26,True
SVR,0.9657267289195992,"{""regressor__tol"": 0.3, ""regressor__shrinking"": false, ""regressor__epsilon"": 0.1, ""regressor__coef0"": 2.0, ""regressor__C"": 0.5}",198,193338,2.54,JavaGC,ddbs,1,T3,26,True
CART,0.14039554765637963,"{""max_features"": 1.0, ""min_samples_leaf"": 1, ""splitter"": ""best""}",198,193338,0.04,JavaGC,ddbs,1,T3,27,True
kNN,1.0641016307633595,"{""n_neighbors"": 8, ""p"": 1, ""weights"": ""distance""}",198,193338,3.33,JavaGC,ddbs,1,T3,27,True
KRR,0.950114357335326,"{""regressor__kernel"": ""rbf"", ""regressor__gamma"": 0.2, ""regressor__alpha"": 0.01}",198,193338,1.17,JavaGC,ddbs,1,T3,27,True
MR,0.30637939082760623,"{""lasso__regressor__alpha"": 0.01}",198,193338,4.75,JavaGC,ddbs,1,T3,27,True
RF,0.12472291157151882,"{""max_features"": 1.0, ""min_samples_leaf"": 1, ""n_estimators"": 20}",198,193338,0.3,JavaGC,ddbs,1,T3,27,True
SVR,0.9451234227967924,"{""regressor__tol"": 0.3, ""regressor__shrinking"": false, ""regressor__epsilon"": 0.1, ""regressor__coef0"": 2.0, ""regressor__C"": 0.5}",198,193338,2.45,JavaGC,ddbs,1,T3,27,True
CART,0.12240607599361406,"{""max_features"": 1.0, ""min_samples_leaf"": 1, ""splitter"": ""best""}",198,193338,0.04,JavaGC,ddbs,1,T3,28,True
kNN,0.9548816537064986,"{""n_neighbors"": 8, ""p"": 1, ""weights"": ""distance""}",198,193338,3.38,JavaGC,ddbs,1,T3,28,True
KRR,0.8156150746290137,"{""regressor__kernel"": ""rbf"", ""regressor__gamma"": 0.2, ""regressor__alpha"": 0.01}",198,193338,1.12,JavaGC,ddbs,1,T3,28,True
MR,0.25684484910975147,"{""lasso__regressor__alpha"": 0.01}",198,193338,5.12,JavaGC,ddbs,1,T3,28,True
RF,0.13226480351504058,"{""max_features"": 1.0, ""min_samples_leaf"": 1, ""n_estimators"": 20}",198,193338,0.28,JavaGC,ddbs,1,T3,28,True
SVR,1.0243427966744607,"{""regressor__tol"": 0.3, ""regressor__shrinking"": false, ""regressor__epsilon"": 0.1, ""regressor__coef0"": 2.0, ""regressor__C"": 0.5}",198,193338,2.3,JavaGC,ddbs,1,T3,28,True
CART,0.12305033111638466,"{""max_features"": 1.0, ""min_samples_leaf"": 1, ""splitter"": ""best""}",198,193338,0.04,JavaGC,ddbs,1,T3,29,True
kNN,0.9846333168996191,"{""n_neighbors"": 8, ""p"": 1, ""weights"": ""distance""}",198,193338,3.18,JavaGC,ddbs,1,T3,29,True
KRR,0.8654452094714985,"{""regressor__kernel"": ""rbf"", ""regressor__gamma"": 0.2, ""regressor__alpha"": 0.01}",198,193338,1.12,JavaGC,ddbs,1,T3,29,True
MR,0.24977164466090987,"{""lasso__regressor__alpha"": 0.01}",198,193338,4.68,JavaGC,ddbs,1,T3,29,True
RF,0.12817554907662398,"{""max_features"": 1.0, ""min_samples_leaf"": 1, ""n_estimators"": 20}",198,193338,0.34,JavaGC,ddbs,1,T3,29,True
SVR,0.9238262481932629,"{""regressor__tol"": 0.3, ""regressor__shrinking"": false, ""regressor__epsilon"": 0.1, ""regressor__coef0"": 2.0, ""regressor__C"": 0.5}",198,193338,2.28,JavaGC,ddbs,1,T3,29,True
CART,0.20017027242925245,"{""max_features"": 1.0, ""min_samples_leaf"": 1, ""splitter"": ""best""}",198,193338,0.04,JavaGC,ddbs,1,T3,30,True
kNN,1.0172822123692804,"{""n_neighbors"": 8, ""p"": 1, ""weights"": ""distance""}",198,193338,3.3,JavaGC,ddbs,1,T3,30,True
KRR,0.8217024403879651,"{""regressor__kernel"": ""rbf"", ""regressor__gamma"": 0.2, ""regressor__alpha"": 0.01}",198,193338,1.18,JavaGC,ddbs,1,T3,30,True
MR,0.2308188390410306,"{""lasso__regressor__alpha"": 0.01}",198,193338,4.66,JavaGC,ddbs,1,T3,30,True
RF,0.13403956351268256,"{""max_features"": 1.0, ""min_samples_leaf"": 1, ""n_estimators"": 20}",198,193338,0.28,JavaGC,ddbs,1,T3,30,True
SVR,0.8944140447005126,"{""regressor__tol"": 0.3, ""regressor__shrinking"": false, ""regressor__epsilon"": 0.1, ""regressor__coef0"": 2.0, ""regressor__C"": 0.5}",198,193338,2.67,JavaGC,ddbs,1,T3,30,True
CART,0.1377799823206205,"{""max_features"": 1.0, ""min_samples_leaf"": 1, ""splitter"": ""best""}",198,193338,0.05,JavaGC,ddbs,1,T3,31,True
kNN,1.0770116896283244,"{""n_neighbors"": 8, ""p"": 1, ""weights"": ""distance""}",198,193338,3.45,JavaGC,ddbs,1,T3,31,True
KRR,0.9259072290327003,"{""regressor__kernel"": ""rbf"", ""regressor__gamma"": 0.2, ""regressor__alpha"": 0.01}",198,193338,1.21,JavaGC,ddbs,1,T3,31,True
MR,0.3592520244119472,"{""lasso__regressor__alpha"": 0.01}",198,193338,5.39,JavaGC,ddbs,1,T3,31,True
RF,0.13108586873155167,"{""max_features"": 1.0, ""min_samples_leaf"": 1, ""n_estimators"": 20}",198,193338,0.3,JavaGC,ddbs,1,T3,31,True
SVR,0.9284328070773484,"{""regressor__tol"": 0.3, ""regressor__shrinking"": false, ""regressor__epsilon"": 0.1, ""regressor__coef0"": 2.0, ""regressor__C"": 0.5}",198,193338,2.43,JavaGC,ddbs,1,T3,31,True
CART,0.11825552924304912,"{""max_features"": 1.0, ""min_samples_leaf"": 1, ""splitter"": ""best""}",198,193338,0.04,JavaGC,ddbs,1,T3,32,True
kNN,1.0316424028259936,"{""n_neighbors"": 8, ""p"": 1, ""weights"": ""distance""}",198,193338,3.35,JavaGC,ddbs,1,T3,32,True
KRR,0.8584797716511609,"{""regressor__kernel"": ""rbf"", ""regressor__gamma"": 0.2, ""regressor__alpha"": 0.01}",198,193338,1.28,JavaGC,ddbs,1,T3,32,True
MR,0.23886794903997266,"{""lasso__regressor__alpha"": 0.01}",198,193338,5.38,JavaGC,ddbs,1,T3,32,True
RF,0.12584893095784258,"{""max_features"": 1.0, ""min_samples_leaf"": 1, ""n_estimators"": 20}",198,193338,0.32,JavaGC,ddbs,1,T3,32,True
SVR,0.9068977777122988,"{""regressor__tol"": 0.3, ""regressor__shrinking"": false, ""regressor__epsilon"": 0.1, ""regressor__coef0"": 2.0, ""regressor__C"": 0.5}",198,193338,2.62,JavaGC,ddbs,1,T3,32,True
CART,0.1138949702127597,"{""max_features"": 1.0, ""min_samples_leaf"": 1, ""splitter"": ""best""}",198,193338,0.04,JavaGC,ddbs,1,T3,33,True
kNN,0.9413900554781467,"{""n_neighbors"": 8, ""p"": 1, ""weights"": ""distance""}",198,193338,3.1,JavaGC,ddbs,1,T3,33,True
KRR,0.7943039394211108,"{""regressor__kernel"": ""rbf"", ""regressor__gamma"": 0.2, ""regressor__alpha"": 0.01}",198,193338,1.12,JavaGC,ddbs,1,T3,33,True
MR,0.26009891556728926,"{""lasso__regressor__alpha"": 0.01}",198,193338,4.4,JavaGC,ddbs,1,T3,33,True
RF,0.12390860153475683,"{""max_features"": 1.0, ""min_samples_leaf"": 1, ""n_estimators"": 20}",198,193338,0.29,JavaGC,ddbs,1,T3,33,True
SVR,0.8759799805450293,"{""regressor__tol"": 0.3, ""regressor__shrinking"": false, ""regressor__epsilon"": 0.1, ""regressor__coef0"": 2.0, ""regressor__C"": 0.5}",198,193338,2.45,JavaGC,ddbs,1,T3,33,True
CART,0.14766715763481011,"{""max_features"": 1.0, ""min_samples_leaf"": 1, ""splitter"": ""best""}",198,193338,0.04,JavaGC,ddbs,1,T3,34,True
kNN,1.0946857072552199,"{""n_neighbors"": 8, ""p"": 1, ""weights"": ""distance""}",198,193338,3.21,JavaGC,ddbs,1,T3,34,True
KRR,0.9642370060680632,"{""regressor__kernel"": ""rbf"", ""regressor__gamma"": 0.2, ""regressor__alpha"": 0.01}",198,193338,1.18,JavaGC,ddbs,1,T3,34,True
MR,0.4311015342002118,"{""lasso__regressor__alpha"": 0.01}",198,193338,4.33,JavaGC,ddbs,1,T3,34,True
RF,0.13219599099237592,"{""max_features"": 1.0, ""min_samples_leaf"": 1, ""n_estimators"": 20}",198,193338,0.3,JavaGC,ddbs,1,T3,34,True
SVR,0.9734772723082615,"{""regressor__tol"": 0.3, ""regressor__shrinking"": false, ""regressor__epsilon"": 0.1, ""regressor__coef0"": 2.0, ""regressor__C"": 0.5}",198,193338,2.23,JavaGC,ddbs,1,T3,34,True
CART,0.13190015409556494,"{""max_features"": 1.0, ""min_samples_leaf"": 1, ""splitter"": ""best""}",198,193338,0.04,JavaGC,ddbs,1,T3,35,True
kNN,1.019712083015516,"{""n_neighbors"": 8, ""p"": 1, ""weights"": ""distance""}",198,193338,3.46,JavaGC,ddbs,1,T3,35,True
KRR,0.8615884073426138,"{""regressor__kernel"": ""rbf"", ""regressor__gamma"": 0.2, ""regressor__alpha"": 0.01}",198,193338,1.31,JavaGC,ddbs,1,T3,35,True
MR,0.22557233853335742,"{""lasso__regressor__alpha"": 0.01}",198,193338,5.43,JavaGC,ddbs,1,T3,35,True
RF,0.1309999034015534,"{""max_features"": 1.0, ""min_samples_leaf"": 1, ""n_estimators"": 20}",198,193338,0.28,JavaGC,ddbs,1,T3,35,True
SVR,0.9195597742873786,"{""regressor__tol"": 0.3, ""regressor__shrinking"": false, ""regressor__epsilon"": 0.1, ""regressor__coef0"": 2.0, ""regressor__C"": 0.5}",198,193338,2.4,JavaGC,ddbs,1,T3,35,True
CART,0.13242046968741925,"{""max_features"": 1.0, ""min_samples_leaf"": 1, ""splitter"": ""best""}",198,193338,0.04,JavaGC,ddbs,1,T3,36,True
kNN,0.9723837909297378,"{""n_neighbors"": 8, ""p"": 1, ""weights"": ""distance""}",198,193338,3.34,JavaGC,ddbs,1,T3,36,True
KRR,0.852417109623341,"{""regressor__kernel"": ""rbf"", ""regressor__gamma"": 0.2, ""regressor__alpha"": 0.01}",198,193338,1.32,JavaGC,ddbs,1,T3,36,True
MR,0.23221809300102492,"{""lasso__regressor__alpha"": 0.01}",198,193338,5.42,JavaGC,ddbs,1,T3,36,True
RF,0.13934482728134914,"{""max_features"": 1.0, ""min_samples_leaf"": 1, ""n_estimators"": 20}",198,193338,0.3,JavaGC,ddbs,1,T3,36,True
SVR,0.9359637880308628,"{""regressor__tol"": 0.3, ""regressor__shrinking"": false, ""regressor__epsilon"": 0.1, ""regressor__coef0"": 2.0, ""regressor__C"": 0.5}",198,193338,2.38,JavaGC,ddbs,1,T3,36,True
CART,0.20831715265977716,"{""max_features"": 1.0, ""min_samples_leaf"": 1, ""splitter"": ""best""}",198,193338,0.04,JavaGC,ddbs,1,T3,37,True
kNN,0.949613978470156,"{""n_neighbors"": 8, ""p"": 1, ""weights"": ""distance""}",198,193338,3.18,JavaGC,ddbs,1,T3,37,True
KRR,0.789484136296823,"{""regressor__kernel"": ""rbf"", ""regressor__gamma"": 0.2, ""regressor__alpha"": 0.01}",198,193338,1.1,JavaGC,ddbs,1,T3,37,True
MR,0.22940416267347605,"{""lasso__regressor__alpha"": 0.01}",198,193338,4.37,JavaGC,ddbs,1,T3,37,True
RF,0.1538538628732027,"{""max_features"": 1.0, ""min_samples_leaf"": 1, ""n_estimators"": 20}",198,193338,0.28,JavaGC,ddbs,1,T3,37,True
SVR,0.8699535281944208,"{""regressor__tol"": 0.3, ""regressor__shrinking"": false, ""regressor__epsilon"": 0.1, ""regressor__coef0"": 2.0, ""regressor__C"": 0.5}",198,193338,2.52,JavaGC,ddbs,1,T3,37,True
CART,0.148338484506987,"{""max_features"": 1.0, ""min_samples_leaf"": 1, ""splitter"": ""best""}",198,193338,0.04,JavaGC,ddbs,1,T3,38,True
kNN,1.0760460712156779,"{""n_neighbors"": 8, ""p"": 1, ""weights"": ""distance""}",198,193338,3.27,JavaGC,ddbs,1,T3,38,True
KRR,0.9574280862455397,"{""regressor__kernel"": ""rbf"", ""regressor__gamma"": 0.2, ""regressor__alpha"": 0.01}",198,193338,1.16,JavaGC,ddbs,1,T3,38,True
MR,0.38835309462650286,"{""lasso__regressor__alpha"": 0.01}",198,193338,4.42,JavaGC,ddbs,1,T3,38,True
RF,0.16645292247938806,"{""max_features"": 1.0, ""min_samples_leaf"": 1, ""n_estimators"": 20}",198,193338,0.31,JavaGC,ddbs,1,T3,38,True
SVR,0.974213368504097,"{""regressor__tol"": 0.3, ""regressor__shrinking"": false, ""regressor__epsilon"": 0.1, ""regressor__coef0"": 2.0, ""regressor__C"": 0.5}",198,193338,2.29,JavaGC,ddbs,1,T3,38,True
CART,0.14081969376220185,"{""max_features"": 1.0, ""min_samples_leaf"": 1, ""splitter"": ""best""}",198,193338,0.04,JavaGC,ddbs,1,T3,39,True
kNN,1.087106043395067,"{""n_neighbors"": 8, ""p"": 1, ""weights"": ""distance""}",198,193338,3.34,JavaGC,ddbs,1,T3,39,True
KRR,0.9500796932245917,"{""regressor__kernel"": ""rbf"", ""regressor__gamma"": 0.2, ""regressor__alpha"": 0.01}",198,193338,1.25,JavaGC,ddbs,1,T3,39,True
MR,0.24090614168174945,"{""lasso__regressor__alpha"": 0.01}",198,193338,5.23,JavaGC,ddbs,1,T3,39,True
RF,0.13156089601250517,"{""max_features"": 1.0, ""min_samples_leaf"": 1, ""n_estimators"": 20}",198,193338,0.3,JavaGC,ddbs,1,T3,39,True
SVR,1.01953948137087,"{""regressor__tol"": 0.3, ""regressor__shrinking"": false, ""regressor__epsilon"": 0.1, ""regressor__coef0"": 2.0, ""regressor__C"": 0.5}",198,193338,2.89,JavaGC,ddbs,1,T3,39,True
CART,0.1693896837887431,"{""max_features"": 1.0, ""min_samples_leaf"": 1, ""splitter"": ""best""}",198,193338,0.04,JavaGC,ddbs,1,T3,40,True
kNN,1.004126144242633,"{""n_neighbors"": 8, ""p"": 1, ""weights"": ""distance""}",198,193338,3.42,JavaGC,ddbs,1,T3,40,True
KRR,0.8927658417709139,"{""regressor__kernel"": ""rbf"", ""regressor__gamma"": 0.2, ""regressor__alpha"": 0.01}",198,193338,1.15,JavaGC,ddbs,1,T3,40,True
MR,0.24226180962236923,"{""lasso__regressor__alpha"": 0.01}",198,193338,5.14,JavaGC,ddbs,1,T3,40,True
RF,0.15250901018926508,"{""max_features"": 1.0, ""min_samples_leaf"": 1, ""n_estimators"": 20}",198,193338,0.28,JavaGC,ddbs,1,T3,40,True
SVR,0.9976933964352217,"{""regressor__tol"": 0.3, ""regressor__shrinking"": false, ""regressor__epsilon"": 0.1, ""regressor__coef0"": 2.0, ""regressor__C"": 0.5}",198,193338,2.32,JavaGC,ddbs,1,T3,40,True
CART,0.12778233198070105,"{""max_features"": 1.0, ""min_samples_leaf"": 1, ""splitter"": ""best""}",198,193338,0.04,JavaGC,ddbs,1,T3,41,True
kNN,0.9453478434908033,"{""n_neighbors"": 8, ""p"": 1, ""weights"": ""distance""}",198,193338,3.2,JavaGC,ddbs,1,T3,41,True
KRR,0.8168773239985451,"{""regressor__kernel"": ""rbf"", ""regressor__gamma"": 0.2, ""regressor__alpha"": 0.01}",198,193338,1.11,JavaGC,ddbs,1,T3,41,True
MR,0.26191939994782804,"{""lasso__regressor__alpha"": 0.01}",198,193338,4.77,JavaGC,ddbs,1,T3,41,True
RF,0.14298593243128827,"{""max_features"": 1.0, ""min_samples_leaf"": 1, ""n_estimators"": 20}",198,193338,0.3,JavaGC,ddbs,1,T3,41,True
SVR,0.9627762409024273,"{""regressor__tol"": 0.3, ""regressor__shrinking"": false, ""regressor__epsilon"": 0.1, ""regressor__coef0"": 2.0, ""regressor__C"": 0.5}",198,193338,2.47,JavaGC,ddbs,1,T3,41,True
CART,0.17868781656247587,"{""max_features"": 1.0, ""min_samples_leaf"": 1, ""splitter"": ""best""}",198,193338,0.04,JavaGC,ddbs,1,T3,42,True
kNN,0.967891234501121,"{""n_neighbors"": 8, ""p"": 1, ""weights"": ""distance""}",198,193338,3.32,JavaGC,ddbs,1,T3,42,True
KRR,0.7638796976746667,"{""regressor__kernel"": ""rbf"", ""regressor__gamma"": 0.2, ""regressor__alpha"": 0.01}",198,193338,1.17,JavaGC,ddbs,1,T3,42,True
MR,0.232980643510269,"{""lasso__regressor__alpha"": 0.01}",198,193338,4.78,JavaGC,ddbs,1,T3,42,True
RF,0.1510046439479494,"{""max_features"": 1.0, ""min_samples_leaf"": 1, ""n_estimators"": 20}",198,193338,0.3,JavaGC,ddbs,1,T3,42,True
SVR,0.8894434735117287,"{""regressor__tol"": 0.3, ""regressor__shrinking"": false, ""regressor__epsilon"": 0.1, ""regressor__coef0"": 2.0, ""regressor__C"": 0.5}",198,193338,2.5,JavaGC,ddbs,1,T3,42,True
CART,0.11912311674234322,"{""max_features"": 1.0, ""min_samples_leaf"": 1, ""splitter"": ""best""}",198,193338,0.04,JavaGC,ddbs,1,T3,43,True
kNN,1.0786455522983844,"{""n_neighbors"": 8, ""p"": 1, ""weights"": ""distance""}",198,193338,3.35,JavaGC,ddbs,1,T3,43,True
KRR,0.9134422905867238,"{""regressor__kernel"": ""rbf"", ""regressor__gamma"": 0.2, ""regressor__alpha"": 0.01}",198,193338,1.23,JavaGC,ddbs,1,T3,43,True
MR,0.26662741525534356,"{""lasso__regressor__alpha"": 0.01}",198,193338,5.05,JavaGC,ddbs,1,T3,43,True
RF,0.12793272806366446,"{""max_features"": 1.0, ""min_samples_leaf"": 1, ""n_estimators"": 20}",198,193338,0.31,JavaGC,ddbs,1,T3,43,True
SVR,0.9233021102894756,"{""regressor__tol"": 0.3, ""regressor__shrinking"": false, ""regressor__epsilon"": 0.1, ""regressor__coef0"": 2.0, ""regressor__C"": 0.5}",198,193338,2.37,JavaGC,ddbs,1,T3,43,True
CART,0.13975811811945602,"{""max_features"": 1.0, ""min_samples_leaf"": 1, ""splitter"": ""best""}",198,193338,0.04,JavaGC,ddbs,1,T3,44,True
kNN,0.9405598232904336,"{""n_neighbors"": 8, ""p"": 1, ""weights"": ""distance""}",198,193338,3.28,JavaGC,ddbs,1,T3,44,True
KRR,0.829681243170947,"{""regressor__kernel"": ""rbf"", ""regressor__gamma"": 0.2, ""regressor__alpha"": 0.01}",198,193338,1.11,JavaGC,ddbs,1,T3,44,True
MR,0.24771276749928853,"{""lasso__regressor__alpha"": 0.01}",198,193338,4.83,JavaGC,ddbs,1,T3,44,True
RF,0.26536393982568,"{""max_features"": 1.0, ""min_samples_leaf"": 1, ""n_estimators"": 20}",198,193338,0.28,JavaGC,ddbs,1,T3,44,True
SVR,0.8037906305474862,"{""regressor__tol"": 0.3, ""regressor__shrinking"": false, ""regressor__epsilon"": 0.1, ""regressor__coef0"": 2.0, ""regressor__C"": 0.5}",198,193338,2.39,JavaGC,ddbs,1,T3,44,True
CART,0.2045505795699704,"{""max_features"": 1.0, ""min_samples_leaf"": 1, ""splitter"": ""best""}",198,193338,0.04,JavaGC,ddbs,1,T3,45,True
kNN,0.9952816737175633,"{""n_neighbors"": 8, ""p"": 1, ""weights"": ""distance""}",198,193338,3.17,JavaGC,ddbs,1,T3,45,True
KRR,0.8775767908292911,"{""regressor__kernel"": ""rbf"", ""regressor__gamma"": 0.2, ""regressor__alpha"": 0.01}",198,193338,1.11,JavaGC,ddbs,1,T3,45,True
MR,0.2429760142448378,"{""lasso__regressor__alpha"": 0.01}",198,193338,4.75,JavaGC,ddbs,1,T3,45,True
RF,0.1500139919471944,"{""max_features"": 1.0, ""min_samples_leaf"": 1, ""n_estimators"": 20}",198,193338,0.32,JavaGC,ddbs,1,T3,45,True
SVR,1.047886183883887,"{""regressor__tol"": 0.3, ""regressor__shrinking"": false, ""regressor__epsilon"": 0.1, ""regressor__coef0"": 2.0, ""regressor__C"": 0.5}",198,193338,2.49,JavaGC,ddbs,1,T3,45,True
CART,0.15437368011540017,"{""max_features"": 1.0, ""min_samples_leaf"": 1, ""splitter"": ""best""}",198,193338,0.04,JavaGC,ddbs,1,T3,46,True
kNN,0.8850709582159939,"{""n_neighbors"": 8, ""p"": 1, ""weights"": ""distance""}",198,193338,3.29,JavaGC,ddbs,1,T3,46,True
KRR,0.7634715377340471,"{""regressor__kernel"": ""rbf"", ""regressor__gamma"": 0.2, ""regressor__alpha"": 0.01}",198,193338,1.16,JavaGC,ddbs,1,T3,46,True
MR,0.24435798169044087,"{""lasso__regressor__alpha"": 0.01}",198,193338,4.57,JavaGC,ddbs,1,T3,46,True
RF,0.13543631161232297,"{""max_features"": 1.0, ""min_samples_leaf"": 1, ""n_estimators"": 20}",198,193338,0.29,JavaGC,ddbs,1,T3,46,True
SVR,0.8341540871144691,"{""regressor__tol"": 0.3, ""regressor__shrinking"": false, ""regressor__epsilon"": 0.1, ""regressor__coef0"": 2.0, ""regressor__C"": 0.5}",198,193338,2.39,JavaGC,ddbs,1,T3,46,True
CART,0.1597571306354537,"{""max_features"": 1.0, ""min_samples_leaf"": 1, ""splitter"": ""best""}",198,193338,0.04,JavaGC,ddbs,1,T3,47,True
kNN,1.0163757802370739,"{""n_neighbors"": 8, ""p"": 1, ""weights"": ""distance""}",198,193338,3.45,JavaGC,ddbs,1,T3,47,True
KRR,0.8605387960312934,"{""regressor__kernel"": ""rbf"", ""regressor__gamma"": 0.2, ""regressor__alpha"": 0.01}",198,193338,1.34,JavaGC,ddbs,1,T3,47,True
MR,0.23380891341178944,"{""lasso__regressor__alpha"": 0.01}",198,193338,5.03,JavaGC,ddbs,1,T3,47,True
RF,0.15039459833152136,"{""max_features"": 1.0, ""min_samples_leaf"": 1, ""n_estimators"": 20}",198,193338,0.33,JavaGC,ddbs,1,T3,47,True
SVR,0.9518641257523686,"{""regressor__tol"": 0.3, ""regressor__shrinking"": false, ""regressor__epsilon"": 0.1, ""regressor__coef0"": 2.0, ""regressor__C"": 0.5}",198,193338,2.61,JavaGC,ddbs,1,T3,47,True
CART,0.1313023518077198,"{""max_features"": 1.0, ""min_samples_leaf"": 1, ""splitter"": ""best""}",198,193338,0.04,JavaGC,ddbs,1,T3,48,True
kNN,1.0948744967644266,"{""n_neighbors"": 8, ""p"": 1, ""weights"": ""distance""}",198,193338,3.33,JavaGC,ddbs,1,T3,48,True
KRR,0.9332707210803968,"{""regressor__kernel"": ""rbf"", ""regressor__gamma"": 0.2, ""regressor__alpha"": 0.01}",198,193338,1.31,JavaGC,ddbs,1,T3,48,True
MR,0.2594117866216046,"{""lasso__regressor__alpha"": 0.01}",198,193338,5.03,JavaGC,ddbs,1,T3,48,True
RF,0.12775007516370468,"{""max_features"": 1.0, ""min_samples_leaf"": 1, ""n_estimators"": 20}",198,193338,0.32,JavaGC,ddbs,1,T3,48,True
SVR,1.075571944669427,"{""regressor__tol"": 0.3, ""regressor__shrinking"": false, ""regressor__epsilon"": 0.1, ""regressor__coef0"": 2.0, ""regressor__C"": 0.5}",198,193338,2.43,JavaGC,ddbs,1,T3,48,True
CART,0.12259511173186517,"{""max_features"": 1.0, ""min_samples_leaf"": 1, ""splitter"": ""best""}",198,193338,0.04,JavaGC,ddbs,1,T3,49,True
kNN,0.9599773390138783,"{""n_neighbors"": 8, ""p"": 1, ""weights"": ""distance""}",198,193338,3.23,JavaGC,ddbs,1,T3,49,True
KRR,0.8695820495054359,"{""regressor__kernel"": ""rbf"", ""regressor__gamma"": 0.2, ""regressor__alpha"": 0.01}",198,193338,1.12,JavaGC,ddbs,1,T3,49,True
MR,0.25876942557835075,"{""lasso__regressor__alpha"": 0.01}",198,193338,4.82,JavaGC,ddbs,1,T3,49,True
RF,0.136233376122228,"{""max_features"": 1.0, ""min_samples_leaf"": 1, ""n_estimators"": 20}",198,193338,0.3,JavaGC,ddbs,1,T3,49,True
SVR,1.0394400952517244,"{""regressor__tol"": 0.3, ""regressor__shrinking"": false, ""regressor__epsilon"": 0.1, ""regressor__coef0"": 2.0, ""regressor__C"": 0.5}",198,193338,2.34,JavaGC,ddbs,1,T3,49,True
CART,0.13587443772583435,"{""max_features"": 1.0, ""min_samples_leaf"": 1, ""splitter"": ""best""}",198,193338,0.04,JavaGC,ddbs,1,T3,50,True
kNN,0.987983791369525,"{""n_neighbors"": 8, ""p"": 1, ""weights"": ""distance""}",198,193338,3.33,JavaGC,ddbs,1,T3,50,True
KRR,0.816467802704563,"{""regressor__kernel"": ""rbf"", ""regressor__gamma"": 0.2, ""regressor__alpha"": 0.01}",198,193338,1.15,JavaGC,ddbs,1,T3,50,True
MR,0.2160955539833966,"{""lasso__regressor__alpha"": 0.01}",198,193338,4.69,JavaGC,ddbs,1,T3,50,True
RF,0.13230485591485663,"{""max_features"": 1.0, ""min_samples_leaf"": 1, ""n_estimators"": 20}",198,193338,0.29,JavaGC,ddbs,1,T3,50,True
SVR,1.011753519181345,"{""regressor__tol"": 0.3, ""regressor__shrinking"": false, ""regressor__epsilon"": 0.1, ""regressor__coef0"": 2.0, ""regressor__C"": 0.5}",198,193338,2.51,JavaGC,ddbs,1,T3,50,True
CART,0.11950869110804319,"{""max_features"": 1.0, ""min_samples_leaf"": 1, ""splitter"": ""best""}",198,193338,0.04,JavaGC,ddbs,1,T3,51,True
kNN,0.931122725941248,"{""n_neighbors"": 8, ""p"": 1, ""weights"": ""distance""}",198,193338,3.31,JavaGC,ddbs,1,T3,51,True
KRR,0.8329939850754869,"{""regressor__kernel"": ""rbf"", ""regressor__gamma"": 0.2, ""regressor__alpha"": 0.01}",198,193338,1.23,JavaGC,ddbs,1,T3,51,True
MR,0.24547776754892484,"{""lasso__regressor__alpha"": 0.01}",198,193338,4.82,JavaGC,ddbs,1,T3,51,True
RF,0.14755454795052164,"{""max_features"": 1.0, ""min_samples_leaf"": 1, ""n_estimators"": 20}",198,193338,0.32,JavaGC,ddbs,1,T3,51,True
SVR,0.9314582829053235,"{""regressor__tol"": 0.3, ""regressor__shrinking"": false, ""regressor__epsilon"": 0.1, ""regressor__coef0"": 2.0, ""regressor__C"": 0.5}",198,193338,2.2,JavaGC,ddbs,1,T3,51,True
CART,0.1963048503979824,"{""max_features"": 1.0, ""min_samples_leaf"": 1, ""splitter"": ""best""}",198,193338,0.04,JavaGC,ddbs,1,T3,52,True
kNN,0.9585853552680509,"{""n_neighbors"": 8, ""p"": 1, ""weights"": ""distance""}",198,193338,3.4,JavaGC,ddbs,1,T3,52,True
KRR,0.859518211016977,"{""regressor__kernel"": ""rbf"", ""regressor__gamma"": 0.2, ""regressor__alpha"": 0.01}",198,193338,1.11,JavaGC,ddbs,1,T3,52,True
MR,0.25804224264490866,"{""lasso__regressor__alpha"": 0.01}",198,193338,4.62,JavaGC,ddbs,1,T3,52,True
RF,0.13088443501492722,"{""max_features"": 1.0, ""min_samples_leaf"": 1, ""n_estimators"": 20}",198,193338,0.29,JavaGC,ddbs,1,T3,52,True
SVR,0.8389134224478553,"{""regressor__tol"": 0.3, ""regressor__shrinking"": false, ""regressor__epsilon"": 0.1, ""regressor__coef0"": 2.0, ""regressor__C"": 0.5}",198,193338,2.33,JavaGC,ddbs,1,T3,52,True
CART,0.15424440680917909,"{""max_features"": 1.0, ""min_samples_leaf"": 1, ""splitter"": ""best""}",198,193338,0.04,JavaGC,ddbs,1,T3,53,True
kNN,1.0171426223597544,"{""n_neighbors"": 8, ""p"": 1, ""weights"": ""distance""}",198,193338,3.21,JavaGC,ddbs,1,T3,53,True
KRR,0.9006286501153392,"{""regressor__kernel"": ""rbf"", ""regressor__gamma"": 0.2, ""regressor__alpha"": 0.01}",198,193338,1.11,JavaGC,ddbs,1,T3,53,True
MR,0.2611367533490124,"{""lasso__regressor__alpha"": 0.01}",198,193338,4.58,JavaGC,ddbs,1,T3,53,True
RF,0.14833842803274952,"{""max_features"": 1.0, ""min_samples_leaf"": 1, ""n_estimators"": 20}",198,193338,0.31,JavaGC,ddbs,1,T3,53,True
SVR,1.0191860690713848,"{""regressor__tol"": 0.3, ""regressor__shrinking"": false, ""regressor__epsilon"": 0.1, ""regressor__coef0"": 2.0, ""regressor__C"": 0.5}",198,193338,2.46,JavaGC,ddbs,1,T3,53,True
CART,0.12108853757154014,"{""max_features"": 1.0, ""min_samples_leaf"": 1, ""splitter"": ""best""}",198,193338,0.04,JavaGC,ddbs,1,T3,54,True
kNN,1.0048686854894657,"{""n_neighbors"": 8, ""p"": 1, ""weights"": ""distance""}",198,193338,3.31,JavaGC,ddbs,1,T3,54,True
KRR,0.8557990345814523,"{""regressor__kernel"": ""rbf"", ""regressor__gamma"": 0.2, ""regressor__alpha"": 0.01}",198,193338,1.16,JavaGC,ddbs,1,T3,54,True
MR,0.2386714702294392,"{""lasso__regressor__alpha"": 0.01}",198,193338,4.49,JavaGC,ddbs,1,T3,54,True
RF,0.1479182293518936,"{""max_features"": 1.0, ""min_samples_leaf"": 1, ""n_estimators"": 20}",198,193338,0.29,JavaGC,ddbs,1,T3,54,True
SVR,0.947694399332763,"{""regressor__tol"": 0.3, ""regressor__shrinking"": false, ""regressor__epsilon"": 0.1, ""regressor__coef0"": 2.0, ""regressor__C"": 0.5}",198,193338,2.41,JavaGC,ddbs,1,T3,54,True
CART,0.11742536481058818,"{""max_features"": 1.0, ""min_samples_leaf"": 1, ""splitter"": ""best""}",198,193338,0.04,JavaGC,ddbs,1,T3,55,True
kNN,1.088946977964598,"{""n_neighbors"": 8, ""p"": 1, ""weights"": ""distance""}",198,193338,3.3,JavaGC,ddbs,1,T3,55,True
KRR,0.9494339359379088,"{""regressor__kernel"": ""rbf"", ""regressor__gamma"": 0.2, ""regressor__alpha"": 0.01}",198,193338,1.22,JavaGC,ddbs,1,T3,55,True
MR,0.3495303780642778,"{""lasso__regressor__alpha"": 0.01}",198,193338,4.74,JavaGC,ddbs,1,T3,55,True
RF,0.12715437399292837,"{""max_features"": 1.0, ""min_samples_leaf"": 1, ""n_estimators"": 20}",198,193338,0.32,JavaGC,ddbs,1,T3,55,True
SVR,0.9802567821580684,"{""regressor__tol"": 0.3, ""regressor__shrinking"": false, ""regressor__epsilon"": 0.1, ""regressor__coef0"": 2.0, ""regressor__C"": 0.5}",198,193338,2.35,JavaGC,ddbs,1,T3,55,True
CART,0.17077292574681008,"{""max_features"": 1.0, ""min_samples_leaf"": 1, ""splitter"": ""best""}",198,193338,0.04,JavaGC,ddbs,1,T3,56,True
kNN,0.9031470068510137,"{""n_neighbors"": 8, ""p"": 1, ""weights"": ""distance""}",198,193338,3.38,JavaGC,ddbs,1,T3,56,True
KRR,0.7495210556555043,"{""regressor__kernel"": ""rbf"", ""regressor__gamma"": 0.2, ""regressor__alpha"": 0.01}",198,193338,1.12,JavaGC,ddbs,1,T3,56,True
MR,0.2372213089312411,"{""lasso__regressor__alpha"": 0.01}",198,193338,4.49,JavaGC,ddbs,1,T3,56,True
RF,0.16921612443432324,"{""max_features"": 1.0, ""min_samples_leaf"": 1, ""n_estimators"": 20}",198,193338,0.29,JavaGC,ddbs,1,T3,56,True
SVR,0.8049061477577049,"{""regressor__tol"": 0.3, ""regressor__shrinking"": false, ""regressor__epsilon"": 0.1, ""regressor__coef0"": 2.0, ""regressor__C"": 0.5}",198,193338,2.24,JavaGC,ddbs,1,T3,56,True
CART,0.11521153495496908,"{""max_features"": 1.0, ""min_samples_leaf"": 1, ""splitter"": ""best""}",198,193338,0.04,JavaGC,ddbs,1,T3,57,True
kNN,0.9245062004137607,"{""n_neighbors"": 8, ""p"": 1, ""weights"": ""distance""}",198,193338,3.21,JavaGC,ddbs,1,T3,57,True
KRR,0.8039837124790855,"{""regressor__kernel"": ""rbf"", ""regressor__gamma"": 0.2, ""regressor__alpha"": 0.01}",198,193338,1.11,JavaGC,ddbs,1,T3,57,True
MR,0.24421529235728284,"{""lasso__regressor__alpha"": 0.01}",198,193338,4.74,JavaGC,ddbs,1,T3,57,True
RF,0.12541932469244083,"{""max_features"": 1.0, ""min_samples_leaf"": 1, ""n_estimators"": 20}",198,193338,0.32,JavaGC,ddbs,1,T3,57,True
SVR,1.0023257205198868,"{""regressor__tol"": 0.3, ""regressor__shrinking"": false, ""regressor__epsilon"": 0.1, ""regressor__coef0"": 2.0, ""regressor__C"": 0.5}",198,193338,2.21,JavaGC,ddbs,1,T3,57,True
CART,0.15244809584674104,"{""max_features"": 1.0, ""min_samples_leaf"": 1, ""splitter"": ""best""}",198,193338,0.04,JavaGC,ddbs,1,T3,58,True
kNN,0.9792357514335877,"{""n_neighbors"": 8, ""p"": 1, ""weights"": ""distance""}",198,193338,3.32,JavaGC,ddbs,1,T3,58,True
KRR,0.9036777283446177,"{""regressor__kernel"": ""rbf"", ""regressor__gamma"": 0.2, ""regressor__alpha"": 0.01}",198,193338,1.16,JavaGC,ddbs,1,T3,58,True
MR,0.31490265826824365,"{""lasso__regressor__alpha"": 0.01}",198,193338,4.59,JavaGC,ddbs,1,T3,58,True
RF,0.132828490535732,"{""max_features"": 1.0, ""min_samples_leaf"": 1, ""n_estimators"": 20}",198,193338,0.3,JavaGC,ddbs,1,T3,58,True
SVR,0.8856678475046891,"{""regressor__tol"": 0.3, ""regressor__shrinking"": false, ""regressor__epsilon"": 0.1, ""regressor__coef0"": 2.0, ""regressor__C"": 0.5}",198,193338,2.37,JavaGC,ddbs,1,T3,58,True
CART,0.12416723649603284,"{""max_features"": 1.0, ""min_samples_leaf"": 1, ""splitter"": ""best""}",198,193338,0.05,JavaGC,ddbs,1,T3,59,True
kNN,0.938042676191693,"{""n_neighbors"": 8, ""p"": 1, ""weights"": ""distance""}",198,193338,3.36,JavaGC,ddbs,1,T3,59,True
KRR,0.8491597137240867,"{""regressor__kernel"": ""rbf"", ""regressor__gamma"": 0.2, ""regressor__alpha"": 0.01}",198,193338,1.26,JavaGC,ddbs,1,T3,59,True
MR,0.2599352594258746,"{""lasso__regressor__alpha"": 0.01}",198,193338,4.64,JavaGC,ddbs,1,T3,59,True
RF,0.14899753725248485,"{""max_features"": 1.0, ""min_samples_leaf"": 1, ""n_estimators"": 20}",198,193338,0.32,JavaGC,ddbs,1,T3,59,True
SVR,0.9519726769141023,"{""regressor__tol"": 0.3, ""regressor__shrinking"": false, ""regressor__epsilon"": 0.1, ""regressor__coef0"": 2.0, ""regressor__C"": 0.5}",198,193338,2.35,JavaGC,ddbs,1,T3,59,True
CART,0.12366658281648979,"{""max_features"": 1.0, ""min_samples_leaf"": 1, ""splitter"": ""best""}",198,193338,0.04,JavaGC,ddbs,1,T3,60,True
kNN,0.9823494385335755,"{""n_neighbors"": 8, ""p"": 1, ""weights"": ""distance""}",198,193338,3.44,JavaGC,ddbs,1,T3,60,True
KRR,0.858585064846585,"{""regressor__kernel"": ""rbf"", ""regressor__gamma"": 0.2, ""regressor__alpha"": 0.01}",198,193338,1.17,JavaGC,ddbs,1,T3,60,True
MR,0.22899841034871626,"{""lasso__regressor__alpha"": 0.01}",198,193338,4.72,JavaGC,ddbs,1,T3,60,True
RF,0.13805419160903767,"{""max_features"": 1.0, ""min_samples_leaf"": 1, ""n_estimators"": 20}",198,193338,0.28,JavaGC,ddbs,1,T3,60,True
SVR,0.9639308427991451,"{""regressor__tol"": 0.3, ""regressor__shrinking"": false, ""regressor__epsilon"": 0.1, ""regressor__coef0"": 2.0, ""regressor__C"": 0.5}",198,193338,2.36,JavaGC,ddbs,1,T3,60,True
CART,0.18009418758311102,"{""max_features"": 1.0, ""min_samples_leaf"": 1, ""splitter"": ""best""}",198,193338,0.04,JavaGC,ddbs,1,T3,61,True
kNN,1.0612946197398143,"{""n_neighbors"": 8, ""p"": 1, ""weights"": ""distance""}",198,193338,3.18,JavaGC,ddbs,1,T3,61,True
KRR,0.9909981942292383,"{""regressor__kernel"": ""rbf"", ""regressor__gamma"": 0.2, ""regressor__alpha"": 0.01}",198,193338,1.11,JavaGC,ddbs,1,T3,61,True
MR,0.37606082457245127,"{""lasso__regressor__alpha"": 0.01}",198,193338,4.48,JavaGC,ddbs,1,T3,61,True
RF,0.14973828715793586,"{""max_features"": 1.0, ""min_samples_leaf"": 1, ""n_estimators"": 20}",198,193338,0.3,JavaGC,ddbs,1,T3,61,True
SVR,1.1001781476227601,"{""regressor__tol"": 0.3, ""regressor__shrinking"": false, ""regressor__epsilon"": 0.1, ""regressor__coef0"": 2.0, ""regressor__C"": 0.5}",198,193338,2.04,JavaGC,ddbs,1,T3,61,True
CART,0.12433727518034178,"{""max_features"": 1.0, ""min_samples_leaf"": 1, ""splitter"": ""best""}",198,193338,0.04,JavaGC,ddbs,1,T3,62,True
kNN,0.966712627444108,"{""n_neighbors"": 8, ""p"": 1, ""weights"": ""distance""}",198,193338,3.3,JavaGC,ddbs,1,T3,62,True
KRR,0.8531211341690904,"{""regressor__kernel"": ""rbf"", ""regressor__gamma"": 0.2, ""regressor__alpha"": 0.01}",198,193338,1.16,JavaGC,ddbs,1,T3,62,True
MR,0.22541601474478687,"{""lasso__regressor__alpha"": 0.01}",198,193338,4.39,JavaGC,ddbs,1,T3,62,True
RF,0.12779589126618246,"{""max_features"": 1.0, ""min_samples_leaf"": 1, ""n_estimators"": 20}",198,193338,0.3,JavaGC,ddbs,1,T3,62,True
SVR,0.9886884427516132,"{""regressor__tol"": 0.3, ""regressor__shrinking"": false, ""regressor__epsilon"": 0.1, ""regressor__coef0"": 2.0, ""regressor__C"": 0.5}",198,193338,2.44,JavaGC,ddbs,1,T3,62,True
CART,0.12501428276442134,"{""max_features"": 1.0, ""min_samples_leaf"": 1, ""splitter"": ""best""}",198,193338,0.04,JavaGC,ddbs,1,T3,63,True
kNN,1.0047564398207602,"{""n_neighbors"": 8, ""p"": 1, ""weights"": ""distance""}",198,193338,3.3,JavaGC,ddbs,1,T3,63,True
KRR,0.8844095483178964,"{""regressor__kernel"": ""rbf"", ""regressor__gamma"": 0.2, ""regressor__alpha"": 0.01}",198,193338,1.22,JavaGC,ddbs,1,T3,63,True
MR,0.26242631753989915,"{""lasso__regressor__alpha"": 0.01}",198,193338,4.68,JavaGC,ddbs,1,T3,63,True
RF,0.1551121730202488,"{""max_features"": 1.0, ""min_samples_leaf"": 1, ""n_estimators"": 20}",198,193338,0.32,JavaGC,ddbs,1,T3,63,True
SVR,0.9151698020882294,"{""regressor__tol"": 0.3, ""regressor__shrinking"": false, ""regressor__epsilon"": 0.1, ""regressor__coef0"": 2.0, ""regressor__C"": 0.5}",198,193338,2.52,JavaGC,ddbs,1,T3,63,True
CART,0.14842017152432493,"{""max_features"": 1.0, ""min_samples_leaf"": 1, ""splitter"": ""best""}",198,193338,0.04,JavaGC,ddbs,1,T3,64,True
kNN,0.9684465934484976,"{""n_neighbors"": 8, ""p"": 1, ""weights"": ""distance""}",198,193338,3.4,JavaGC,ddbs,1,T3,64,True
KRR,0.8734111693591106,"{""regressor__kernel"": ""rbf"", ""regressor__gamma"": 0.2, ""regressor__alpha"": 0.01}",198,193338,1.12,JavaGC,ddbs,1,T3,64,True
MR,0.25710517527943494,"{""lasso__regressor__alpha"": 0.01}",198,193338,4.51,JavaGC,ddbs,1,T3,64,True
RF,0.1364076709596932,"{""max_features"": 1.0, ""min_samples_leaf"": 1, ""n_estimators"": 20}",198,193338,0.27,JavaGC,ddbs,1,T3,64,True
SVR,0.9518581358012571,"{""regressor__tol"": 0.3, ""regressor__shrinking"": false, ""regressor__epsilon"": 0.1, ""regressor__coef0"": 2.0, ""regressor__C"": 0.5}",198,193338,2.47,JavaGC,ddbs,1,T3,64,True
CART,0.1208324238719468,"{""max_features"": 1.0, ""min_samples_leaf"": 1, ""splitter"": ""best""}",198,193338,0.04,JavaGC,ddbs,1,T3,65,True
kNN,0.9882457685771753,"{""n_neighbors"": 8, ""p"": 1, ""weights"": ""distance""}",198,193338,3.08,JavaGC,ddbs,1,T3,65,True
KRR,0.8330895910509665,"{""regressor__kernel"": ""rbf"", ""regressor__gamma"": 0.2, ""regressor__alpha"": 0.01}",198,193338,1.13,JavaGC,ddbs,1,T3,65,True
MR,0.2407679878552681,"{""lasso__regressor__alpha"": 0.01}",198,193338,3.8,JavaGC,ddbs,1,T3,65,True
RF,0.11904499774051816,"{""max_features"": 1.0, ""min_samples_leaf"": 1, ""n_estimators"": 20}",198,193338,0.29,JavaGC,ddbs,1,T3,65,True
SVR,0.9409564558171065,"{""regressor__tol"": 0.3, ""regressor__shrinking"": false, ""regressor__epsilon"": 0.1, ""regressor__coef0"": 2.0, ""regressor__C"": 0.5}",198,193338,2.52,JavaGC,ddbs,1,T3,65,True
CART,0.1423552700226497,"{""max_features"": 1.0, ""min_samples_leaf"": 1, ""splitter"": ""best""}",198,193338,0.04,JavaGC,ddbs,1,T3,66,True
kNN,1.0615436332176078,"{""n_neighbors"": 8, ""p"": 1, ""weights"": ""distance""}",198,193338,3.22,JavaGC,ddbs,1,T3,66,True
KRR,0.9692020913256423,"{""regressor__kernel"": ""rbf"", ""regressor__gamma"": 0.2, ""regressor__alpha"": 0.01}",198,193338,1.18,JavaGC,ddbs,1,T3,66,True
MR,0.3759039298173298,"{""lasso__regressor__alpha"": 0.01}",198,193338,4.15,JavaGC,ddbs,1,T3,66,True
RF,0.13530964279011612,"{""max_features"": 1.0, ""min_samples_leaf"": 1, ""n_estimators"": 20}",198,193338,0.29,JavaGC,ddbs,1,T3,66,True
SVR,1.0660700663244385,"{""regressor__tol"": 0.3, ""regressor__shrinking"": false, ""regressor__epsilon"": 0.1, ""regressor__coef0"": 2.0, ""regressor__C"": 0.5}",198,193338,2.34,JavaGC,ddbs,1,T3,66,True
CART,0.11684226686088953,"{""max_features"": 1.0, ""min_samples_leaf"": 1, ""splitter"": ""best""}",198,193338,0.04,JavaGC,ddbs,1,T3,67,True
kNN,1.0302653504974626,"{""n_neighbors"": 8, ""p"": 1, ""weights"": ""distance""}",198,193338,3.32,JavaGC,ddbs,1,T3,67,True
KRR,0.8389278071314717,"{""regressor__kernel"": ""rbf"", ""regressor__gamma"": 0.2, ""regressor__alpha"": 0.01}",198,193338,1.22,JavaGC,ddbs,1,T3,67,True
MR,0.2410671354922748,"{""lasso__regressor__alpha"": 0.01}",198,193338,4.59,JavaGC,ddbs,1,T3,67,True
RF,0.12048712297846494,"{""max_features"": 1.0, ""min_samples_leaf"": 1, ""n_estimators"": 20}",198,193338,0.31,JavaGC,ddbs,1,T3,67,True
SVR,0.956840077680337,"{""regressor__tol"": 0.3, ""regressor__shrinking"": false, ""regressor__epsilon"": 0.1, ""regressor__coef0"": 2.0, ""regressor__C"": 0.5}",198,193338,2.42,JavaGC,ddbs,1,T3,67,True
CART,0.18294152412480646,"{""max_features"": 1.0, ""min_samples_leaf"": 1, ""splitter"": ""best""}",198,193338,0.04,JavaGC,ddbs,1,T3,68,True
kNN,0.9908083316609521,"{""n_neighbors"": 8, ""p"": 1, ""weights"": ""distance""}",198,193338,3.4,JavaGC,ddbs,1,T3,68,True
KRR,0.8960698074871036,"{""regressor__kernel"": ""rbf"", ""regressor__gamma"": 0.2, ""regressor__alpha"": 0.01}",198,193338,1.13,JavaGC,ddbs,1,T3,68,True
MR,0.2397915053466516,"{""lasso__regressor__alpha"": 0.01}",198,193338,4.52,JavaGC,ddbs,1,T3,68,True
RF,0.16996165011489953,"{""max_features"": 1.0, ""min_samples_leaf"": 1, ""n_estimators"": 20}",198,193338,0.27,JavaGC,ddbs,1,T3,68,True
SVR,0.9969485799998383,"{""regressor__tol"": 0.3, ""regressor__shrinking"": false, ""regressor__epsilon"": 0.1, ""regressor__coef0"": 2.0, ""regressor__C"": 0.5}",198,193338,2.34,JavaGC,ddbs,1,T3,68,True
CART,0.13297741507386188,"{""max_features"": 1.0, ""min_samples_leaf"": 1, ""splitter"": ""best""}",198,193338,0.04,JavaGC,ddbs,1,T3,69,True
kNN,0.9644616615926151,"{""n_neighbors"": 8, ""p"": 1, ""weights"": ""distance""}",198,193338,3.11,JavaGC,ddbs,1,T3,69,True
KRR,0.8128835437593612,"{""regressor__kernel"": ""rbf"", ""regressor__gamma"": 0.2, ""regressor__alpha"": 0.01}",198,193338,1.16,JavaGC,ddbs,1,T3,69,True
MR,0.2305547611923879,"{""lasso__regressor__alpha"": 0.01}",198,193338,4.01,JavaGC,ddbs,1,T3,69,True
RF,0.15849545501876447,"{""max_features"": 1.0, ""min_samples_leaf"": 1, ""n_estimators"": 20}",198,193338,0.28,JavaGC,ddbs,1,T3,69,True
SVR,0.9353845910890486,"{""regressor__tol"": 0.3, ""regressor__shrinking"": false, ""regressor__epsilon"": 0.1, ""regressor__coef0"": 2.0, ""regressor__C"": 0.5}",198,193338,2.48,JavaGC,ddbs,1,T3,69,True
CART,0.1785107247008859,"{""max_features"": 1.0, ""min_samples_leaf"": 1, ""splitter"": ""best""}",198,193338,0.04,JavaGC,ddbs,1,T3,70,True
kNN,0.9672898863944017,"{""n_neighbors"": 8, ""p"": 1, ""weights"": ""distance""}",198,193338,3.25,JavaGC,ddbs,1,T3,70,True
KRR,0.8263913695219067,"{""regressor__kernel"": ""rbf"", ""regressor__gamma"": 0.2, ""regressor__alpha"": 0.01}",198,193338,1.16,JavaGC,ddbs,1,T3,70,True
MR,0.2078623158845008,"{""lasso__regressor__alpha"": 0.01}",198,193338,4.13,JavaGC,ddbs,1,T3,70,True
RF,0.1678452626767303,"{""max_features"": 1.0, ""min_samples_leaf"": 1, ""n_estimators"": 20}",198,193338,0.3,JavaGC,ddbs,1,T3,70,True
SVR,0.8503102913861822,"{""regressor__tol"": 0.3, ""regressor__shrinking"": false, ""regressor__epsilon"": 0.1, ""regressor__coef0"": 2.0, ""regressor__C"": 0.5}",198,193338,2.54,JavaGC,ddbs,1,T3,70,True
CART,0.12429777017160075,"{""max_features"": 1.0, ""min_samples_leaf"": 1, ""splitter"": ""best""}",198,193338,0.04,JavaGC,ddbs,1,T3,71,True
kNN,0.989575977769714,"{""n_neighbors"": 8, ""p"": 1, ""weights"": ""distance""}",198,193338,3.32,JavaGC,ddbs,1,T3,71,True
KRR,0.8422499596719225,"{""regressor__kernel"": ""rbf"", ""regressor__gamma"": 0.2, ""regressor__alpha"": 0.01}",198,193338,1.21,JavaGC,ddbs,1,T3,71,True
MR,0.26415528673934535,"{""lasso__regressor__alpha"": 0.01}",198,193338,4.9,JavaGC,ddbs,1,T3,71,True
RF,0.14158840056016747,"{""max_features"": 1.0, ""min_samples_leaf"": 1, ""n_estimators"": 20}",198,193338,0.31,JavaGC,ddbs,1,T3,71,True
SVR,0.8856277627388198,"{""regressor__tol"": 0.3, ""regressor__shrinking"": false, ""regressor__epsilon"": 0.1, ""regressor__coef0"": 2.0, ""regressor__C"": 0.5}",198,193338,2.5,JavaGC,ddbs,1,T3,71,True
CART,0.1314056166100628,"{""max_features"": 1.0, ""min_samples_leaf"": 1, ""splitter"": ""best""}",198,193338,0.04,JavaGC,ddbs,1,T3,72,True
kNN,1.0548182973264637,"{""n_neighbors"": 8, ""p"": 1, ""weights"": ""distance""}",198,193338,3.41,JavaGC,ddbs,1,T3,72,True
KRR,0.892334430120313,"{""regressor__kernel"": ""rbf"", ""regressor__gamma"": 0.2, ""regressor__alpha"": 0.01}",198,193338,1.12,JavaGC,ddbs,1,T3,72,True
MR,0.2714467864484552,"{""lasso__regressor__alpha"": 0.01}",198,193338,4.77,JavaGC,ddbs,1,T3,72,True
RF,0.1484166803938207,"{""max_features"": 1.0, ""min_samples_leaf"": 1, ""n_estimators"": 20}",198,193338,0.27,JavaGC,ddbs,1,T3,72,True
SVR,1.0213087043367433,"{""regressor__tol"": 0.3, ""regressor__shrinking"": false, ""regressor__epsilon"": 0.1, ""regressor__coef0"": 2.0, ""regressor__C"": 0.5}",198,193338,2.28,JavaGC,ddbs,1,T3,72,True
CART,0.1261584239972403,"{""max_features"": 1.0, ""min_samples_leaf"": 1, ""splitter"": ""best""}",198,193338,0.04,JavaGC,ddbs,1,T3,73,True
kNN,0.9691102712725378,"{""n_neighbors"": 8, ""p"": 1, ""weights"": ""distance""}",198,193338,3.1,JavaGC,ddbs,1,T3,73,True
KRR,0.8915545665859229,"{""regressor__kernel"": ""rbf"", ""regressor__gamma"": 0.2, ""regressor__alpha"": 0.01}",198,193338,1.12,JavaGC,ddbs,1,T3,73,True
MR,0.24283837738562947,"{""lasso__regressor__alpha"": 0.01}",198,193338,3.6,JavaGC,ddbs,1,T3,73,True
RF,0.14643421662287737,"{""max_features"": 1.0, ""min_samples_leaf"": 1, ""n_estimators"": 20}",198,193338,0.28,JavaGC,ddbs,1,T3,73,True
SVR,0.9495169870532394,"{""regressor__tol"": 0.3, ""regressor__shrinking"": false, ""regressor__epsilon"": 0.1, ""regressor__coef0"": 2.0, ""regressor__C"": 0.5}",198,193338,2.39,JavaGC,ddbs,1,T3,73,True
CART,0.11038126774142414,"{""max_features"": 1.0, ""min_samples_leaf"": 1, ""splitter"": ""best""}",198,193338,0.04,JavaGC,ddbs,1,T3,74,True
kNN,1.0050579016939978,"{""n_neighbors"": 8, ""p"": 1, ""weights"": ""distance""}",198,193338,3.22,JavaGC,ddbs,1,T3,74,True
KRR,0.8500165388711857,"{""regressor__kernel"": ""rbf"", ""regressor__gamma"": 0.2, ""regressor__alpha"": 0.01}",198,193338,1.18,JavaGC,ddbs,1,T3,74,True
MR,0.2626844109656851,"{""lasso__regressor__alpha"": 0.01}",198,193338,3.69,JavaGC,ddbs,1,T3,74,True
RF,0.12348465141666383,"{""max_features"": 1.0, ""min_samples_leaf"": 1, ""n_estimators"": 20}",198,193338,0.3,JavaGC,ddbs,1,T3,74,True
SVR,0.9982110136404847,"{""regressor__tol"": 0.3, ""regressor__shrinking"": false, ""regressor__epsilon"": 0.1, ""regressor__coef0"": 2.0, ""regressor__C"": 0.5}",198,193338,2.38,JavaGC,ddbs,1,T3,74,True
CART,0.13605265307941927,"{""max_features"": 1.0, ""min_samples_leaf"": 1, ""splitter"": ""best""}",198,193338,0.05,JavaGC,ddbs,1,T3,75,True
kNN,0.9884854779891075,"{""n_neighbors"": 8, ""p"": 1, ""weights"": ""distance""}",198,193338,3.36,JavaGC,ddbs,1,T3,75,True
KRR,0.7971349835859012,"{""regressor__kernel"": ""rbf"", ""regressor__gamma"": 0.2, ""regressor__alpha"": 0.01}",198,193338,1.25,JavaGC,ddbs,1,T3,75,True
MR,0.22462618888281174,"{""lasso__regressor__alpha"": 0.01}",198,193338,5.12,JavaGC,ddbs,1,T3,75,True
RF,0.14382726965147338,"{""max_features"": 1.0, ""min_samples_leaf"": 1, ""n_estimators"": 20}",198,193338,0.31,JavaGC,ddbs,1,T3,75,True
SVR,1.0362440436208649,"{""regressor__tol"": 0.3, ""regressor__shrinking"": false, ""regressor__epsilon"": 0.1, ""regressor__coef0"": 2.0, ""regressor__C"": 0.5}",198,193338,2.55,JavaGC,ddbs,1,T3,75,True
CART,0.18520558837402673,"{""max_features"": 1.0, ""min_samples_leaf"": 1, ""splitter"": ""best""}",198,193338,0.04,JavaGC,ddbs,1,T3,76,True
kNN,0.8857055327411782,"{""n_neighbors"": 8, ""p"": 1, ""weights"": ""distance""}",198,193338,3.46,JavaGC,ddbs,1,T3,76,True
KRR,0.7547290236500983,"{""regressor__kernel"": ""rbf"", ""regressor__gamma"": 0.2, ""regressor__alpha"": 0.01}",198,193338,1.15,JavaGC,ddbs,1,T3,76,True
MR,0.24949626327284513,"{""lasso__regressor__alpha"": 0.01}",198,193338,5.13,JavaGC,ddbs,1,T3,76,True
RF,0.17805524384342383,"{""max_features"": 1.0, ""min_samples_leaf"": 1, ""n_estimators"": 20}",198,193338,0.28,JavaGC,ddbs,1,T3,76,True
SVR,0.8786429491612358,"{""regressor__tol"": 0.3, ""regressor__shrinking"": false, ""regressor__epsilon"": 0.1, ""regressor__coef0"": 2.0, ""regressor__C"": 0.5}",198,193338,2.25,JavaGC,ddbs,1,T3,76,True
CART,0.18243918252558003,"{""max_features"": 1.0, ""min_samples_leaf"": 1, ""splitter"": ""best""}",198,193338,0.04,JavaGC,ddbs,1,T3,77,True
kNN,0.9257015609291117,"{""n_neighbors"": 8, ""p"": 1, ""weights"": ""distance""}",198,193338,3.11,JavaGC,ddbs,1,T3,77,True
KRR,0.8100483294353548,"{""regressor__kernel"": ""rbf"", ""regressor__gamma"": 0.2, ""regressor__alpha"": 0.01}",198,193338,1.11,JavaGC,ddbs,1,T3,77,True
MR,0.23616640677758163,"{""lasso__regressor__alpha"": 0.01}",198,193338,3.8,JavaGC,ddbs,1,T3,77,True
RF,0.16210184241973738,"{""max_features"": 1.0, ""min_samples_leaf"": 1, ""n_estimators"": 20}",198,193338,0.29,JavaGC,ddbs,1,T3,77,True
SVR,0.8492683311423052,"{""regressor__tol"": 0.3, ""regressor__shrinking"": false, ""regressor__epsilon"": 0.1, ""regressor__coef0"": 2.0, ""regressor__C"": 0.5}",198,193338,2.37,JavaGC,ddbs,1,T3,77,True
CART,0.12949744746785996,"{""max_features"": 1.0, ""min_samples_leaf"": 1, ""splitter"": ""best""}",198,193338,0.04,JavaGC,ddbs,1,T3,78,True
kNN,0.9809761587119596,"{""n_neighbors"": 8, ""p"": 1, ""weights"": ""distance""}",198,193338,3.22,JavaGC,ddbs,1,T3,78,True
KRR,0.8228731066655748,"{""regressor__kernel"": ""rbf"", ""regressor__gamma"": 0.2, ""regressor__alpha"": 0.01}",198,193338,1.17,JavaGC,ddbs,1,T3,78,True
MR,0.22821384274266374,"{""lasso__regressor__alpha"": 0.01}",198,193338,3.75,JavaGC,ddbs,1,T3,78,True
RF,0.14349882967283029,"{""max_features"": 1.0, ""min_samples_leaf"": 1, ""n_estimators"": 20}",198,193338,0.29,JavaGC,ddbs,1,T3,78,True
SVR,1.0196260924010399,"{""regressor__tol"": 0.3, ""regressor__shrinking"": false, ""regressor__epsilon"": 0.1, ""regressor__coef0"": 2.0, ""regressor__C"": 0.5}",198,193338,2.5,JavaGC,ddbs,1,T3,78,True
CART,0.17264485019648007,"{""max_features"": 1.0, ""min_samples_leaf"": 1, ""splitter"": ""best""}",198,193338,0.04,JavaGC,ddbs,1,T3,79,True
kNN,0.9818373519378697,"{""n_neighbors"": 8, ""p"": 1, ""weights"": ""distance""}",198,193338,3.42,JavaGC,ddbs,1,T3,79,True
KRR,0.852485435215784,"{""regressor__kernel"": ""rbf"", ""regressor__gamma"": 0.2, ""regressor__alpha"": 0.01}",198,193338,1.25,JavaGC,ddbs,1,T3,79,True
MR,0.2521877573938934,"{""lasso__regressor__alpha"": 0.01}",198,193338,5.06,JavaGC,ddbs,1,T3,79,True
RF,0.1472901649198038,"{""max_features"": 1.0, ""min_samples_leaf"": 1, ""n_estimators"": 20}",198,193338,0.33,JavaGC,ddbs,1,T3,79,True
SVR,0.9366482013766914,"{""regressor__tol"": 0.3, ""regressor__shrinking"": false, ""regressor__epsilon"": 0.1, ""regressor__coef0"": 2.0, ""regressor__C"": 0.5}",198,193338,2.4,JavaGC,ddbs,1,T3,79,True
CART,0.1609368376243975,"{""max_features"": 1.0, ""min_samples_leaf"": 1, ""splitter"": ""best""}",198,193338,0.04,JavaGC,ddbs,1,T3,80,True
kNN,1.1383374913745186,"{""n_neighbors"": 8, ""p"": 1, ""weights"": ""distance""}",198,193338,3.32,JavaGC,ddbs,1,T3,80,True
KRR,1.0077079382203056,"{""regressor__kernel"": ""rbf"", ""regressor__gamma"": 0.2, ""regressor__alpha"": 0.01}",198,193338,1.14,JavaGC,ddbs,1,T3,80,True
MR,0.3872030413154854,"{""lasso__regressor__alpha"": 0.01}",198,193338,5.07,JavaGC,ddbs,1,T3,80,True
RF,0.13891413469849484,"{""max_features"": 1.0, ""min_samples_leaf"": 1, ""n_estimators"": 20}",198,193338,0.3,JavaGC,ddbs,1,T3,80,True
SVR,1.0422079758696032,"{""regressor__tol"": 0.3, ""regressor__shrinking"": false, ""regressor__epsilon"": 0.1, ""regressor__coef0"": 2.0, ""regressor__C"": 0.5}",198,193338,2.29,JavaGC,ddbs,1,T3,80,True
CART,0.12362311148980873,"{""max_features"": 1.0, ""min_samples_leaf"": 1, ""splitter"": ""best""}",198,193338,0.04,JavaGC,ddbs,1,T3,81,True
kNN,1.0699578030447192,"{""n_neighbors"": 8, ""p"": 1, ""weights"": ""distance""}",198,193338,3.11,JavaGC,ddbs,1,T3,81,True
KRR,0.9518779639849789,"{""regressor__kernel"": ""rbf"", ""regressor__gamma"": 0.2, ""regressor__alpha"": 0.01}",198,193338,1.13,JavaGC,ddbs,1,T3,81,True
MR,0.3341432219506217,"{""lasso__regressor__alpha"": 0.01}",198,193338,3.93,JavaGC,ddbs,1,T3,81,True
RF,0.1205767113061439,"{""max_features"": 1.0, ""min_samples_leaf"": 1, ""n_estimators"": 20}",198,193338,0.28,JavaGC,ddbs,1,T3,81,True
SVR,1.0009421178061089,"{""regressor__tol"": 0.3, ""regressor__shrinking"": false, ""regressor__epsilon"": 0.1, ""regressor__coef0"": 2.0, ""regressor__C"": 0.5}",198,193338,2.34,JavaGC,ddbs,1,T3,81,True
CART,0.19761694734357343,"{""max_features"": 1.0, ""min_samples_leaf"": 1, ""splitter"": ""best""}",198,193338,0.04,JavaGC,ddbs,1,T3,82,True
kNN,0.9986804550928202,"{""n_neighbors"": 8, ""p"": 1, ""weights"": ""distance""}",198,193338,3.22,JavaGC,ddbs,1,T3,82,True
KRR,0.8566679171347849,"{""regressor__kernel"": ""rbf"", ""regressor__gamma"": 0.2, ""regressor__alpha"": 0.01}",198,193338,1.16,JavaGC,ddbs,1,T3,82,True
MR,0.2459300483444674,"{""lasso__regressor__alpha"": 0.01}",198,193338,3.96,JavaGC,ddbs,1,T3,82,True
RF,0.1698288954055399,"{""max_features"": 1.0, ""min_samples_leaf"": 1, ""n_estimators"": 20}",198,193338,0.28,JavaGC,ddbs,1,T3,82,True
SVR,0.9919012958288289,"{""regressor__tol"": 0.3, ""regressor__shrinking"": false, ""regressor__epsilon"": 0.1, ""regressor__coef0"": 2.0, ""regressor__C"": 0.5}",198,193338,2.49,JavaGC,ddbs,1,T3,82,True
CART,0.16000032562498914,"{""max_features"": 1.0, ""min_samples_leaf"": 1, ""splitter"": ""best""}",198,193338,0.05,JavaGC,ddbs,1,T3,83,True
kNN,0.9952868305986399,"{""n_neighbors"": 8, ""p"": 1, ""weights"": ""distance""}",198,193338,3.34,JavaGC,ddbs,1,T3,83,True
KRR,0.8226935151499254,"{""regressor__kernel"": ""rbf"", ""regressor__gamma"": 0.2, ""regressor__alpha"": 0.01}",198,193338,1.24,JavaGC,ddbs,1,T3,83,True
MR,0.24590259391482966,"{""lasso__regressor__alpha"": 0.01}",198,193338,4.9,JavaGC,ddbs,1,T3,83,True
RF,0.1265377419896484,"{""max_features"": 1.0, ""min_samples_leaf"": 1, ""n_estimators"": 20}",198,193338,0.33,JavaGC,ddbs,1,T3,83,True
SVR,0.9452821804007121,"{""regressor__tol"": 0.3, ""regressor__shrinking"": false, ""regressor__epsilon"": 0.1, ""regressor__coef0"": 2.0, ""regressor__C"": 0.5}",198,193338,2.32,JavaGC,ddbs,1,T3,83,True
CART,0.1487647242121066,"{""max_features"": 1.0, ""min_samples_leaf"": 1, ""splitter"": ""best""}",198,193338,0.04,JavaGC,ddbs,1,T3,84,True
kNN,1.0084878532166017,"{""n_neighbors"": 8, ""p"": 1, ""weights"": ""distance""}",198,193338,3.42,JavaGC,ddbs,1,T3,84,True
KRR,0.9141365263343297,"{""regressor__kernel"": ""rbf"", ""regressor__gamma"": 0.2, ""regressor__alpha"": 0.01}",198,193338,1.14,JavaGC,ddbs,1,T3,84,True
MR,0.2560663784876011,"{""lasso__regressor__alpha"": 0.01}",198,193338,4.9,JavaGC,ddbs,1,T3,84,True
RF,0.15558957460227732,"{""max_features"": 1.0, ""min_samples_leaf"": 1, ""n_estimators"": 20}",198,193338,0.29,JavaGC,ddbs,1,T3,84,True
SVR,1.0890700987516697,"{""regressor__tol"": 0.3, ""regressor__shrinking"": false, ""regressor__epsilon"": 0.1, ""regressor__coef0"": 2.0, ""regressor__C"": 0.5}",198,193338,2.46,JavaGC,ddbs,1,T3,84,True
CART,0.11644964799021154,"{""max_features"": 1.0, ""min_samples_leaf"": 1, ""splitter"": ""best""}",198,193338,0.04,JavaGC,ddbs,1,T3,85,True
kNN,1.0405753943073837,"{""n_neighbors"": 8, ""p"": 1, ""weights"": ""distance""}",198,193338,3.09,JavaGC,ddbs,1,T3,85,True
KRR,0.8721367120612841,"{""regressor__kernel"": ""rbf"", ""regressor__gamma"": 0.2, ""regressor__alpha"": 0.01}",198,193338,1.12,JavaGC,ddbs,1,T3,85,True
MR,0.22843881457986578,"{""lasso__regressor__alpha"": 0.01}",198,193338,3.8,JavaGC,ddbs,1,T3,85,True
RF,0.13282252803000213,"{""max_features"": 1.0, ""min_samples_leaf"": 1, ""n_estimators"": 20}",198,193338,0.28,JavaGC,ddbs,1,T3,85,True
SVR,0.8728076676241086,"{""regressor__tol"": 0.3, ""regressor__shrinking"": false, ""regressor__epsilon"": 0.1, ""regressor__coef0"": 2.0, ""regressor__C"": 0.5}",198,193338,2.6,JavaGC,ddbs,1,T3,85,True
CART,0.14095922659745208,"{""max_features"": 1.0, ""min_samples_leaf"": 1, ""splitter"": ""best""}",198,193338,0.04,JavaGC,ddbs,1,T3,86,True
kNN,0.97260972268621,"{""n_neighbors"": 8, ""p"": 1, ""weights"": ""distance""}",198,193338,3.22,JavaGC,ddbs,1,T3,86,True
KRR,0.7928474837117957,"{""regressor__kernel"": ""rbf"", ""regressor__gamma"": 0.2, ""regressor__alpha"": 0.01}",198,193338,1.19,JavaGC,ddbs,1,T3,86,True
MR,0.22089324569895977,"{""lasso__regressor__alpha"": 0.01}",198,193338,3.92,JavaGC,ddbs,1,T3,86,True
RF,0.13935631077103827,"{""max_features"": 1.0, ""min_samples_leaf"": 1, ""n_estimators"": 20}",198,193338,0.27,JavaGC,ddbs,1,T3,86,True
SVR,0.918494329605874,"{""regressor__tol"": 0.3, ""regressor__shrinking"": false, ""regressor__epsilon"": 0.1, ""regressor__coef0"": 2.0, ""regressor__C"": 0.5}",198,193338,2.35,JavaGC,ddbs,1,T3,86,True
CART,0.16523301723497652,"{""max_features"": 1.0, ""min_samples_leaf"": 1, ""splitter"": ""best""}",198,193338,0.04,JavaGC,ddbs,1,T3,87,True
kNN,1.0055749464365702,"{""n_neighbors"": 8, ""p"": 1, ""weights"": ""distance""}",198,193338,3.27,JavaGC,ddbs,1,T3,87,True
KRR,0.9022642472180545,"{""regressor__kernel"": ""rbf"", ""regressor__gamma"": 0.2, ""regressor__alpha"": 0.01}",198,193338,1.21,JavaGC,ddbs,1,T3,87,True
MR,0.2563095123121281,"{""lasso__regressor__alpha"": 0.01}",198,193338,4.61,JavaGC,ddbs,1,T3,87,True
RF,0.18290712891795813,"{""max_features"": 1.0, ""min_samples_leaf"": 1, ""n_estimators"": 20}",198,193338,0.29,JavaGC,ddbs,1,T3,87,True
SVR,1.0868115389008683,"{""regressor__tol"": 0.3, ""regressor__shrinking"": false, ""regressor__epsilon"": 0.1, ""regressor__coef0"": 2.0, ""regressor__C"": 0.5}",198,193338,2.39,JavaGC,ddbs,1,T3,87,True
CART,0.15043028072619952,"{""max_features"": 1.0, ""min_samples_leaf"": 1, ""splitter"": ""best""}",198,193338,0.04,JavaGC,ddbs,1,T3,88,True
kNN,1.1575770629276112,"{""n_neighbors"": 8, ""p"": 1, ""weights"": ""distance""}",198,193338,3.36,JavaGC,ddbs,1,T3,88,True
KRR,0.9590295989882098,"{""regressor__kernel"": ""rbf"", ""regressor__gamma"": 0.2, ""regressor__alpha"": 0.01}",198,193338,1.11,JavaGC,ddbs,1,T3,88,True
MR,0.4007937448541429,"{""lasso__regressor__alpha"": 0.01}",198,193338,4.61,JavaGC,ddbs,1,T3,88,True
RF,0.1546701340486929,"{""max_features"": 1.0, ""min_samples_leaf"": 1, ""n_estimators"": 20}",198,193338,0.29,JavaGC,ddbs,1,T3,88,True
SVR,0.9005244778155205,"{""regressor__tol"": 0.3, ""regressor__shrinking"": false, ""regressor__epsilon"": 0.1, ""regressor__coef0"": 2.0, ""regressor__C"": 0.5}",198,193338,2.42,JavaGC,ddbs,1,T3,88,True
CART,0.1474366381462879,"{""max_features"": 1.0, ""min_samples_leaf"": 1, ""splitter"": ""best""}",198,193338,0.04,JavaGC,ddbs,1,T3,89,True
kNN,1.0546456962903759,"{""n_neighbors"": 8, ""p"": 1, ""weights"": ""distance""}",198,193338,3.17,JavaGC,ddbs,1,T3,89,True
KRR,0.9845564969248545,"{""regressor__kernel"": ""rbf"", ""regressor__gamma"": 0.2, ""regressor__alpha"": 0.01}",198,193338,1.11,JavaGC,ddbs,1,T3,89,True
MR,0.34491599906510645,"{""lasso__regressor__alpha"": 0.01}",198,193338,4.01,JavaGC,ddbs,1,T3,89,True
RF,0.17472713301417042,"{""max_features"": 1.0, ""min_samples_leaf"": 1, ""n_estimators"": 20}",198,193338,0.28,JavaGC,ddbs,1,T3,89,True
SVR,0.9360511129501231,"{""regressor__tol"": 0.3, ""regressor__shrinking"": false, ""regressor__epsilon"": 0.1, ""regressor__coef0"": 2.0, ""regressor__C"": 0.5}",198,193338,2.29,JavaGC,ddbs,1,T3,89,True
CART,0.14522674802867716,"{""max_features"": 1.0, ""min_samples_leaf"": 1, ""splitter"": ""best""}",198,193338,0.04,JavaGC,ddbs,1,T3,90,True
kNN,0.9476967997722681,"{""n_neighbors"": 8, ""p"": 1, ""weights"": ""distance""}",198,193338,3.28,JavaGC,ddbs,1,T3,90,True
KRR,0.787812138137403,"{""regressor__kernel"": ""rbf"", ""regressor__gamma"": 0.2, ""regressor__alpha"": 0.01}",198,193338,1.17,JavaGC,ddbs,1,T3,90,True
MR,0.26126314007626683,"{""lasso__regressor__alpha"": 0.01}",198,193338,4.05,JavaGC,ddbs,1,T3,90,True
RF,0.14681372474385637,"{""max_features"": 1.0, ""min_samples_leaf"": 1, ""n_estimators"": 20}",198,193338,0.28,JavaGC,ddbs,1,T3,90,True
SVR,0.8896821658434017,"{""regressor__tol"": 0.3, ""regressor__shrinking"": false, ""regressor__epsilon"": 0.1, ""regressor__coef0"": 2.0, ""regressor__C"": 0.5}",198,193338,2.52,JavaGC,ddbs,1,T3,90,True
CART,0.1201561803239705,"{""max_features"": 1.0, ""min_samples_leaf"": 1, ""splitter"": ""best""}",198,193338,0.04,JavaGC,ddbs,1,T3,91,True
kNN,0.9955481839814518,"{""n_neighbors"": 8, ""p"": 1, ""weights"": ""distance""}",198,193338,3.25,JavaGC,ddbs,1,T3,91,True
KRR,0.8659737501045087,"{""regressor__kernel"": ""rbf"", ""regressor__gamma"": 0.2, ""regressor__alpha"": 0.01}",198,193338,1.18,JavaGC,ddbs,1,T3,91,True
MR,0.23185773561391715,"{""lasso__regressor__alpha"": 0.01}",198,193338,4.71,JavaGC,ddbs,1,T3,91,True
RF,0.13184360130920791,"{""max_features"": 1.0, ""min_samples_leaf"": 1, ""n_estimators"": 20}",198,193338,0.31,JavaGC,ddbs,1,T3,91,True
SVR,0.9426215539275554,"{""regressor__tol"": 0.3, ""regressor__shrinking"": false, ""regressor__epsilon"": 0.1, ""regressor__coef0"": 2.0, ""regressor__C"": 0.5}",198,193338,2.35,JavaGC,ddbs,1,T3,91,True
CART,0.12190064700587142,"{""max_features"": 1.0, ""min_samples_leaf"": 1, ""splitter"": ""best""}",198,193338,0.04,JavaGC,ddbs,1,T3,92,True
kNN,1.0307153626570196,"{""n_neighbors"": 8, ""p"": 1, ""weights"": ""distance""}",198,193338,3.33,JavaGC,ddbs,1,T3,92,True
KRR,0.9134291798305593,"{""regressor__kernel"": ""rbf"", ""regressor__gamma"": 0.2, ""regressor__alpha"": 0.01}",198,193338,1.12,JavaGC,ddbs,1,T3,92,True
MR,0.28501927344260236,"{""lasso__regressor__alpha"": 0.01}",198,193338,4.7,JavaGC,ddbs,1,T3,92,True
RF,0.12095352679143488,"{""max_features"": 1.0, ""min_samples_leaf"": 1, ""n_estimators"": 20}",198,193338,0.29,JavaGC,ddbs,1,T3,92,True
SVR,0.8781771895807391,"{""regressor__tol"": 0.3, ""regressor__shrinking"": false, ""regressor__epsilon"": 0.1, ""regressor__coef0"": 2.0, ""regressor__C"": 0.5}",198,193338,2.27,JavaGC,ddbs,1,T3,92,True
CART,0.2276530948825097,"{""max_features"": 1.0, ""min_samples_leaf"": 1, ""splitter"": ""best""}",198,193338,0.04,JavaGC,ddbs,1,T3,93,True
kNN,0.93205137115907,"{""n_neighbors"": 8, ""p"": 1, ""weights"": ""distance""}",198,193338,3.12,JavaGC,ddbs,1,T3,93,True
KRR,0.7963063015593577,"{""regressor__kernel"": ""rbf"", ""regressor__gamma"": 0.2, ""regressor__alpha"": 0.01}",198,193338,1.15,JavaGC,ddbs,1,T3,93,True
MR,0.23827672954223966,"{""lasso__regressor__alpha"": 0.01}",198,193338,3.45,JavaGC,ddbs,1,T3,93,True
RF,0.15249513910488147,"{""max_features"": 1.0, ""min_samples_leaf"": 1, ""n_estimators"": 20}",198,193338,0.29,JavaGC,ddbs,1,T3,93,True
SVR,0.8360698067281592,"{""regressor__tol"": 0.3, ""regressor__shrinking"": false, ""regressor__epsilon"": 0.1, ""regressor__coef0"": 2.0, ""regressor__C"": 0.5}",198,193338,2.44,JavaGC,ddbs,1,T3,93,True
CART,0.16000842038812374,"{""max_features"": 1.0, ""min_samples_leaf"": 1, ""splitter"": ""best""}",198,193338,0.04,JavaGC,ddbs,1,T3,94,True
kNN,0.8967734518589234,"{""n_neighbors"": 8, ""p"": 1, ""weights"": ""distance""}",198,193338,3.25,JavaGC,ddbs,1,T3,94,True
KRR,0.7515455252088244,"{""regressor__kernel"": ""rbf"", ""regressor__gamma"": 0.2, ""regressor__alpha"": 0.01}",198,193338,1.18,JavaGC,ddbs,1,T3,94,True
MR,0.23630896663315754,"{""lasso__regressor__alpha"": 0.01}",198,193338,3.54,JavaGC,ddbs,1,T3,94,True
RF,0.14145895680653242,"{""max_features"": 1.0, ""min_samples_leaf"": 1, ""n_estimators"": 20}",198,193338,0.27,JavaGC,ddbs,1,T3,94,True
SVR,0.7974252426307264,"{""regressor__tol"": 0.3, ""regressor__shrinking"": false, ""regressor__epsilon"": 0.1, ""regressor__coef0"": 2.0, ""regressor__C"": 0.5}",198,193338,2.51,JavaGC,ddbs,1,T3,94,True
CART,0.15453208574165195,"{""max_features"": 1.0, ""min_samples_leaf"": 1, ""splitter"": ""best""}",198,193338,0.04,JavaGC,ddbs,1,T3,95,True
kNN,1.001472496047332,"{""n_neighbors"": 8, ""p"": 1, ""weights"": ""distance""}",198,193338,3.25,JavaGC,ddbs,1,T3,95,True
KRR,0.8557160430214821,"{""regressor__kernel"": ""rbf"", ""regressor__gamma"": 0.2, ""regressor__alpha"": 0.01}",198,193338,1.18,JavaGC,ddbs,1,T3,95,True
MR,0.24376544413761994,"{""lasso__regressor__alpha"": 0.01}",198,193338,4.89,JavaGC,ddbs,1,T3,95,True
RF,0.15524141624539792,"{""max_features"": 1.0, ""min_samples_leaf"": 1, ""n_estimators"": 20}",198,193338,0.3,JavaGC,ddbs,1,T3,95,True
SVR,1.1230099111903074,"{""regressor__tol"": 0.3, ""regressor__shrinking"": false, ""regressor__epsilon"": 0.1, ""regressor__coef0"": 2.0, ""regressor__C"": 0.5}",198,193338,2.08,JavaGC,ddbs,1,T3,95,True
CART,0.16243267887425578,"{""max_features"": 1.0, ""min_samples_leaf"": 1, ""splitter"": ""best""}",198,193338,0.04,JavaGC,ddbs,1,T3,96,True
kNN,1.0758450482708695,"{""n_neighbors"": 8, ""p"": 1, ""weights"": ""distance""}",198,193338,3.36,JavaGC,ddbs,1,T3,96,True
KRR,0.9576631491533371,"{""regressor__kernel"": ""rbf"", ""regressor__gamma"": 0.2, ""regressor__alpha"": 0.01}",198,193338,1.11,JavaGC,ddbs,1,T3,96,True
MR,0.29263180363029534,"{""lasso__regressor__alpha"": 0.01}",198,193338,4.79,JavaGC,ddbs,1,T3,96,True
RF,0.14883253379252506,"{""max_features"": 1.0, ""min_samples_leaf"": 1, ""n_estimators"": 20}",198,193338,0.29,JavaGC,ddbs,1,T3,96,True
SVR,0.8873057290660837,"{""regressor__tol"": 0.3, ""regressor__shrinking"": false, ""regressor__epsilon"": 0.1, ""regressor__coef0"": 2.0, ""regressor__C"": 0.5}",198,193338,2.37,JavaGC,ddbs,1,T3,96,True
CART,0.1485217075483115,"{""max_features"": 1.0, ""min_samples_leaf"": 1, ""splitter"": ""best""}",198,193338,0.04,JavaGC,ddbs,1,T3,97,True
kNN,0.9849771849574174,"{""n_neighbors"": 8, ""p"": 1, ""weights"": ""distance""}",198,193338,3.11,JavaGC,ddbs,1,T3,97,True
KRR,0.7815501354191603,"{""regressor__kernel"": ""rbf"", ""regressor__gamma"": 0.2, ""regressor__alpha"": 0.01}",198,193338,1.14,JavaGC,ddbs,1,T3,97,True
MR,0.25343161962415944,"{""lasso__regressor__alpha"": 0.01}",198,193338,3.94,JavaGC,ddbs,1,T3,97,True
RF,0.12975237836645384,"{""max_features"": 1.0, ""min_samples_leaf"": 1, ""n_estimators"": 20}",198,193338,0.29,JavaGC,ddbs,1,T3,97,True
SVR,0.9163209237759704,"{""regressor__tol"": 0.3, ""regressor__shrinking"": false, ""regressor__epsilon"": 0.1, ""regressor__coef0"": 2.0, ""regressor__C"": 0.5}",198,193338,2.33,JavaGC,ddbs,1,T3,97,True
CART,0.15845768695211782,"{""max_features"": 1.0, ""min_samples_leaf"": 1, ""splitter"": ""best""}",198,193338,0.04,JavaGC,ddbs,1,T3,98,True
kNN,0.906987423884829,"{""n_neighbors"": 8, ""p"": 1, ""weights"": ""distance""}",198,193338,3.21,JavaGC,ddbs,1,T3,98,True
KRR,0.8226703208551469,"{""regressor__kernel"": ""rbf"", ""regressor__gamma"": 0.2, ""regressor__alpha"": 0.01}",198,193338,1.18,JavaGC,ddbs,1,T3,98,True
MR,0.2509309657057889,"{""lasso__regressor__alpha"": 0.01}",198,193338,3.73,JavaGC,ddbs,1,T3,98,True
RF,0.17891049052977162,"{""max_features"": 1.0, ""min_samples_leaf"": 1, ""n_estimators"": 20}",198,193338,0.28,JavaGC,ddbs,1,T3,98,True
SVR,0.8583420116551245,"{""regressor__tol"": 0.3, ""regressor__shrinking"": false, ""regressor__epsilon"": 0.1, ""regressor__coef0"": 2.0, ""regressor__C"": 0.5}",198,193338,2.01,JavaGC,ddbs,1,T3,98,True
CART,0.15301146286029715,"{""max_features"": 1.0, ""min_samples_leaf"": 1, ""splitter"": ""best""}",198,193338,0.04,JavaGC,ddbs,1,T3,99,True
kNN,0.9739983344347976,"{""n_neighbors"": 8, ""p"": 1, ""weights"": ""distance""}",198,193338,2.81,JavaGC,ddbs,1,T3,99,True
KRR,0.8313013277829144,"{""regressor__kernel"": ""rbf"", ""regressor__gamma"": 0.2, ""regressor__alpha"": 0.01}",198,193338,0.71,JavaGC,ddbs,1,T3,99,True
MR,0.22197634410797124,"{""lasso__regressor__alpha"": 0.01}",198,193338,2.54,JavaGC,ddbs,1,T3,99,True
RF,0.13625460172684234,"{""max_features"": 1.0, ""min_samples_leaf"": 1, ""n_estimators"": 20}",198,193338,0.14,JavaGC,ddbs,1,T3,99,True
SVR,0.9204640161057321,"{""regressor__tol"": 0.3, ""regressor__shrinking"": false, ""regressor__epsilon"": 0.1, ""regressor__coef0"": 2.0, ""regressor__C"": 0.5}",198,193338,1.93,JavaGC,ddbs,1,T3,99,True
CART,0.11587995208799325,"{""max_features"": 1.0, ""min_samples_leaf"": 1, ""splitter"": ""best""}",198,193338,0.04,JavaGC,ddbs,1,T3,100,True
kNN,1.080216750630715,"{""n_neighbors"": 8, ""p"": 1, ""weights"": ""distance""}",198,193338,2.66,JavaGC,ddbs,1,T3,100,True
KRR,0.9373821260923585,"{""regressor__kernel"": ""rbf"", ""regressor__gamma"": 0.2, ""regressor__alpha"": 0.01}",198,193338,0.71,JavaGC,ddbs,1,T3,100,True
MR,0.40778286854749035,"{""lasso__regressor__alpha"": 0.01}",198,193338,2.71,JavaGC,ddbs,1,T3,100,True
RF,0.13737076502569628,"{""max_features"": 1.0, ""min_samples_leaf"": 1, ""n_estimators"": 20}",198,193338,0.15,JavaGC,ddbs,1,T3,100,True
SVR,0.9562794412357025,"{""regressor__tol"": 0.3, ""regressor__shrinking"": false, ""regressor__epsilon"": 0.1, ""regressor__coef0"": 2.0, ""regressor__C"": 0.5}",198,193338,1.22,JavaGC,ddbs,1,T3,100,True
