technique,mre,params,trained_count,test_count,learn_time,system,strategy,rq,size_type,seed,tuned
CART,0.22469148339712441,"{""max_features"": 1.0, ""min_samples_leaf"": 1, ""splitter"": ""best""}",21,13464,0.01,Hippacc,rsbs,1,T1,1,True
kNN,0.241315061012512,"{""n_neighbors"": 12, ""p"": 1, ""weights"": ""uniform""}",21,13464,0.04,Hippacc,rsbs,1,T1,1,True
KRR,0.23772047608887148,"{""regressor__kernel"": ""rbf"", ""regressor__gamma"": 0.1, ""regressor__alpha"": 0.1}",21,13464,0.03,Hippacc,rsbs,1,T1,1,True
MR,0.19871699744401913,"{""lasso__regressor__alpha"": 0.001}",21,13464,0.33,Hippacc,rsbs,1,T1,1,True
RF,0.20035166215018038,"{""max_features"": 1.0, ""min_samples_leaf"": 2, ""n_estimators"": 20}",21,13464,0.04,Hippacc,rsbs,1,T1,1,True
SVR,0.21751594414364944,"{""regressor__tol"": 0.2, ""regressor__shrinking"": false, ""regressor__epsilon"": 0.1, ""regressor__coef0"": 2.0, ""regressor__C"": 1.0}",21,13464,0.03,Hippacc,rsbs,1,T1,1,True
CART,0.19973392984660857,"{""max_features"": 1.0, ""min_samples_leaf"": 1, ""splitter"": ""best""}",21,13464,0.01,Hippacc,rsbs,1,T1,2,True
kNN,0.21950759855198176,"{""n_neighbors"": 12, ""p"": 1, ""weights"": ""uniform""}",21,13464,0.04,Hippacc,rsbs,1,T1,2,True
KRR,0.2302975090459544,"{""regressor__kernel"": ""rbf"", ""regressor__gamma"": 0.1, ""regressor__alpha"": 0.1}",21,13464,0.03,Hippacc,rsbs,1,T1,2,True
MR,0.2515371732300167,"{""lasso__regressor__alpha"": 0.001}",21,13464,0.33,Hippacc,rsbs,1,T1,2,True
RF,0.18763729649875413,"{""max_features"": 1.0, ""min_samples_leaf"": 2, ""n_estimators"": 20}",21,13464,0.04,Hippacc,rsbs,1,T1,2,True
SVR,0.21205670485228512,"{""regressor__tol"": 0.2, ""regressor__shrinking"": false, ""regressor__epsilon"": 0.1, ""regressor__coef0"": 2.0, ""regressor__C"": 1.0}",21,13464,0.03,Hippacc,rsbs,1,T1,2,True
CART,0.595760890304508,"{""max_features"": 1.0, ""min_samples_leaf"": 1, ""splitter"": ""best""}",21,13464,0.01,Hippacc,rsbs,1,T1,3,True
kNN,0.26641249466457306,"{""n_neighbors"": 12, ""p"": 1, ""weights"": ""uniform""}",21,13464,0.04,Hippacc,rsbs,1,T1,3,True
KRR,0.3929176567966534,"{""regressor__kernel"": ""rbf"", ""regressor__gamma"": 0.1, ""regressor__alpha"": 0.1}",21,13464,0.03,Hippacc,rsbs,1,T1,3,True
MR,0.4363491767660447,"{""lasso__regressor__alpha"": 0.001}",21,13464,0.32,Hippacc,rsbs,1,T1,3,True
RF,0.27882271972564915,"{""max_features"": 1.0, ""min_samples_leaf"": 2, ""n_estimators"": 20}",21,13464,0.04,Hippacc,rsbs,1,T1,3,True
SVR,0.26050166549462345,"{""regressor__tol"": 0.2, ""regressor__shrinking"": false, ""regressor__epsilon"": 0.1, ""regressor__coef0"": 2.0, ""regressor__C"": 1.0}",21,13464,0.03,Hippacc,rsbs,1,T1,3,True
CART,0.18307800244955597,"{""max_features"": 1.0, ""min_samples_leaf"": 1, ""splitter"": ""best""}",21,13464,0.01,Hippacc,rsbs,1,T1,4,True
kNN,0.22137046517091,"{""n_neighbors"": 12, ""p"": 1, ""weights"": ""uniform""}",21,13464,0.04,Hippacc,rsbs,1,T1,4,True
KRR,0.19853260548651655,"{""regressor__kernel"": ""rbf"", ""regressor__gamma"": 0.1, ""regressor__alpha"": 0.1}",21,13464,0.03,Hippacc,rsbs,1,T1,4,True
MR,0.18362591643850992,"{""lasso__regressor__alpha"": 0.001}",21,13464,0.33,Hippacc,rsbs,1,T1,4,True
RF,0.17095186376406524,"{""max_features"": 1.0, ""min_samples_leaf"": 2, ""n_estimators"": 20}",21,13464,0.04,Hippacc,rsbs,1,T1,4,True
SVR,0.2079117393765497,"{""regressor__tol"": 0.2, ""regressor__shrinking"": false, ""regressor__epsilon"": 0.1, ""regressor__coef0"": 2.0, ""regressor__C"": 1.0}",21,13464,0.04,Hippacc,rsbs,1,T1,4,True
CART,0.1843269630200999,"{""max_features"": 1.0, ""min_samples_leaf"": 1, ""splitter"": ""best""}",21,13464,0.0,Hippacc,rsbs,1,T1,5,True
kNN,0.21301401822544538,"{""n_neighbors"": 12, ""p"": 1, ""weights"": ""uniform""}",21,13464,0.04,Hippacc,rsbs,1,T1,5,True
KRR,0.18917749909368645,"{""regressor__kernel"": ""rbf"", ""regressor__gamma"": 0.1, ""regressor__alpha"": 0.1}",21,13464,0.02,Hippacc,rsbs,1,T1,5,True
MR,0.17928603719312877,"{""lasso__regressor__alpha"": 0.001}",21,13464,0.31,Hippacc,rsbs,1,T1,5,True
RF,0.16483816263802434,"{""max_features"": 1.0, ""min_samples_leaf"": 2, ""n_estimators"": 20}",21,13464,0.04,Hippacc,rsbs,1,T1,5,True
SVR,0.19794130417133712,"{""regressor__tol"": 0.2, ""regressor__shrinking"": false, ""regressor__epsilon"": 0.1, ""regressor__coef0"": 2.0, ""regressor__C"": 1.0}",21,13464,0.03,Hippacc,rsbs,1,T1,5,True
CART,0.24843521054094866,"{""max_features"": 1.0, ""min_samples_leaf"": 1, ""splitter"": ""best""}",21,13464,0.0,Hippacc,rsbs,1,T1,6,True
kNN,0.2281472355002731,"{""n_neighbors"": 12, ""p"": 1, ""weights"": ""uniform""}",21,13464,0.04,Hippacc,rsbs,1,T1,6,True
KRR,0.2322278209660537,"{""regressor__kernel"": ""rbf"", ""regressor__gamma"": 0.1, ""regressor__alpha"": 0.1}",21,13464,0.01,Hippacc,rsbs,1,T1,6,True
MR,0.21814026682020254,"{""lasso__regressor__alpha"": 0.001}",21,13464,0.32,Hippacc,rsbs,1,T1,6,True
RF,0.2074856979497049,"{""max_features"": 1.0, ""min_samples_leaf"": 2, ""n_estimators"": 20}",21,13464,0.04,Hippacc,rsbs,1,T1,6,True
SVR,0.22220296964083816,"{""regressor__tol"": 0.2, ""regressor__shrinking"": false, ""regressor__epsilon"": 0.1, ""regressor__coef0"": 2.0, ""regressor__C"": 1.0}",21,13464,0.03,Hippacc,rsbs,1,T1,6,True
CART,0.19902560609997794,"{""max_features"": 1.0, ""min_samples_leaf"": 1, ""splitter"": ""best""}",21,13464,0.0,Hippacc,rsbs,1,T1,7,True
kNN,0.22433349337423453,"{""n_neighbors"": 12, ""p"": 1, ""weights"": ""uniform""}",21,13464,0.04,Hippacc,rsbs,1,T1,7,True
KRR,0.20493984033482915,"{""regressor__kernel"": ""rbf"", ""regressor__gamma"": 0.1, ""regressor__alpha"": 0.1}",21,13464,0.01,Hippacc,rsbs,1,T1,7,True
MR,0.20782387262097454,"{""lasso__regressor__alpha"": 0.001}",21,13464,0.32,Hippacc,rsbs,1,T1,7,True
RF,0.17797300266609414,"{""max_features"": 1.0, ""min_samples_leaf"": 2, ""n_estimators"": 20}",21,13464,0.04,Hippacc,rsbs,1,T1,7,True
SVR,0.21594928545194456,"{""regressor__tol"": 0.2, ""regressor__shrinking"": false, ""regressor__epsilon"": 0.1, ""regressor__coef0"": 2.0, ""regressor__C"": 1.0}",21,13464,0.04,Hippacc,rsbs,1,T1,7,True
CART,0.22659064708684631,"{""max_features"": 1.0, ""min_samples_leaf"": 1, ""splitter"": ""best""}",21,13464,0.0,Hippacc,rsbs,1,T1,8,True
kNN,0.21913773830814373,"{""n_neighbors"": 12, ""p"": 1, ""weights"": ""uniform""}",21,13464,0.04,Hippacc,rsbs,1,T1,8,True
KRR,0.19368258595532203,"{""regressor__kernel"": ""rbf"", ""regressor__gamma"": 0.1, ""regressor__alpha"": 0.1}",21,13464,0.02,Hippacc,rsbs,1,T1,8,True
MR,0.2199779274999645,"{""lasso__regressor__alpha"": 0.001}",21,13464,0.29,Hippacc,rsbs,1,T1,8,True
RF,0.17813799239668143,"{""max_features"": 1.0, ""min_samples_leaf"": 2, ""n_estimators"": 20}",21,13464,0.04,Hippacc,rsbs,1,T1,8,True
SVR,0.20669125060296092,"{""regressor__tol"": 0.2, ""regressor__shrinking"": false, ""regressor__epsilon"": 0.1, ""regressor__coef0"": 2.0, ""regressor__C"": 1.0}",21,13464,0.04,Hippacc,rsbs,1,T1,8,True
CART,0.6182094782081261,"{""max_features"": 1.0, ""min_samples_leaf"": 1, ""splitter"": ""best""}",21,13464,0.0,Hippacc,rsbs,1,T1,9,True
kNN,0.2549484101618659,"{""n_neighbors"": 12, ""p"": 1, ""weights"": ""uniform""}",21,13464,0.03,Hippacc,rsbs,1,T1,9,True
KRR,0.31649052322306,"{""regressor__kernel"": ""rbf"", ""regressor__gamma"": 0.1, ""regressor__alpha"": 0.1}",21,13464,0.01,Hippacc,rsbs,1,T1,9,True
MR,0.29945868729203656,"{""lasso__regressor__alpha"": 0.001}",21,13464,0.31,Hippacc,rsbs,1,T1,9,True
RF,0.2421812172410037,"{""max_features"": 1.0, ""min_samples_leaf"": 2, ""n_estimators"": 20}",21,13464,0.04,Hippacc,rsbs,1,T1,9,True
SVR,0.23848139981465333,"{""regressor__tol"": 0.2, ""regressor__shrinking"": false, ""regressor__epsilon"": 0.1, ""regressor__coef0"": 2.0, ""regressor__C"": 1.0}",21,13464,0.03,Hippacc,rsbs,1,T1,9,True
CART,0.2625376950117322,"{""max_features"": 1.0, ""min_samples_leaf"": 1, ""splitter"": ""best""}",21,13464,0.0,Hippacc,rsbs,1,T1,10,True
kNN,0.30543930623109455,"{""n_neighbors"": 12, ""p"": 1, ""weights"": ""uniform""}",21,13464,0.03,Hippacc,rsbs,1,T1,10,True
KRR,0.3244535376352545,"{""regressor__kernel"": ""rbf"", ""regressor__gamma"": 0.1, ""regressor__alpha"": 0.1}",21,13464,0.01,Hippacc,rsbs,1,T1,10,True
MR,0.35887390552473275,"{""lasso__regressor__alpha"": 0.001}",21,13464,0.31,Hippacc,rsbs,1,T1,10,True
RF,0.20501780091502453,"{""max_features"": 1.0, ""min_samples_leaf"": 2, ""n_estimators"": 20}",21,13464,0.04,Hippacc,rsbs,1,T1,10,True
SVR,0.25939758850847233,"{""regressor__tol"": 0.2, ""regressor__shrinking"": false, ""regressor__epsilon"": 0.1, ""regressor__coef0"": 2.0, ""regressor__C"": 1.0}",21,13464,0.04,Hippacc,rsbs,1,T1,10,True
CART,0.20123863931837097,"{""max_features"": 1.0, ""min_samples_leaf"": 1, ""splitter"": ""best""}",21,13464,0.0,Hippacc,rsbs,1,T1,11,True
kNN,0.2579357726441298,"{""n_neighbors"": 12, ""p"": 1, ""weights"": ""uniform""}",21,13464,0.03,Hippacc,rsbs,1,T1,11,True
KRR,0.21217209034703244,"{""regressor__kernel"": ""rbf"", ""regressor__gamma"": 0.1, ""regressor__alpha"": 0.1}",21,13464,0.02,Hippacc,rsbs,1,T1,11,True
MR,0.1778785304888654,"{""lasso__regressor__alpha"": 0.001}",21,13464,0.29,Hippacc,rsbs,1,T1,11,True
RF,0.17989490748658457,"{""max_features"": 1.0, ""min_samples_leaf"": 2, ""n_estimators"": 20}",21,13464,0.04,Hippacc,rsbs,1,T1,11,True
SVR,0.23789515208932352,"{""regressor__tol"": 0.2, ""regressor__shrinking"": false, ""regressor__epsilon"": 0.1, ""regressor__coef0"": 2.0, ""regressor__C"": 1.0}",21,13464,0.04,Hippacc,rsbs,1,T1,11,True
CART,0.19109614818531523,"{""max_features"": 1.0, ""min_samples_leaf"": 1, ""splitter"": ""best""}",21,13464,0.0,Hippacc,rsbs,1,T1,12,True
kNN,0.24831289800491235,"{""n_neighbors"": 12, ""p"": 1, ""weights"": ""uniform""}",21,13464,0.03,Hippacc,rsbs,1,T1,12,True
KRR,0.20779213364126456,"{""regressor__kernel"": ""rbf"", ""regressor__gamma"": 0.1, ""regressor__alpha"": 0.1}",21,13464,0.01,Hippacc,rsbs,1,T1,12,True
MR,0.17958841716013993,"{""lasso__regressor__alpha"": 0.001}",21,13464,0.3,Hippacc,rsbs,1,T1,12,True
RF,0.1684385694618496,"{""max_features"": 1.0, ""min_samples_leaf"": 2, ""n_estimators"": 20}",21,13464,0.04,Hippacc,rsbs,1,T1,12,True
SVR,0.20780113908479086,"{""regressor__tol"": 0.2, ""regressor__shrinking"": false, ""regressor__epsilon"": 0.1, ""regressor__coef0"": 2.0, ""regressor__C"": 1.0}",21,13464,0.04,Hippacc,rsbs,1,T1,12,True
CART,0.2754811491284042,"{""max_features"": 1.0, ""min_samples_leaf"": 1, ""splitter"": ""best""}",21,13464,0.0,Hippacc,rsbs,1,T1,13,True
kNN,0.2924710262954817,"{""n_neighbors"": 12, ""p"": 1, ""weights"": ""uniform""}",21,13464,0.03,Hippacc,rsbs,1,T1,13,True
KRR,0.2597520193354944,"{""regressor__kernel"": ""rbf"", ""regressor__gamma"": 0.1, ""regressor__alpha"": 0.1}",21,13464,0.01,Hippacc,rsbs,1,T1,13,True
MR,0.21166969106172884,"{""lasso__regressor__alpha"": 0.001}",21,13464,0.33,Hippacc,rsbs,1,T1,13,True
RF,0.24588974772681416,"{""max_features"": 1.0, ""min_samples_leaf"": 2, ""n_estimators"": 20}",21,13464,0.04,Hippacc,rsbs,1,T1,13,True
SVR,0.30783871306125393,"{""regressor__tol"": 0.2, ""regressor__shrinking"": false, ""regressor__epsilon"": 0.1, ""regressor__coef0"": 2.0, ""regressor__C"": 1.0}",21,13464,0.04,Hippacc,rsbs,1,T1,13,True
CART,0.18455467557926114,"{""max_features"": 1.0, ""min_samples_leaf"": 1, ""splitter"": ""best""}",21,13464,0.0,Hippacc,rsbs,1,T1,14,True
kNN,0.24291437730271484,"{""n_neighbors"": 12, ""p"": 1, ""weights"": ""uniform""}",21,13464,0.03,Hippacc,rsbs,1,T1,14,True
KRR,0.2157635734395073,"{""regressor__kernel"": ""rbf"", ""regressor__gamma"": 0.1, ""regressor__alpha"": 0.1}",21,13464,0.02,Hippacc,rsbs,1,T1,14,True
MR,0.23116023763895366,"{""lasso__regressor__alpha"": 0.001}",21,13464,0.29,Hippacc,rsbs,1,T1,14,True
RF,0.19145527273735813,"{""max_features"": 1.0, ""min_samples_leaf"": 2, ""n_estimators"": 20}",21,13464,0.04,Hippacc,rsbs,1,T1,14,True
SVR,0.21999852948891097,"{""regressor__tol"": 0.2, ""regressor__shrinking"": false, ""regressor__epsilon"": 0.1, ""regressor__coef0"": 2.0, ""regressor__C"": 1.0}",21,13464,0.03,Hippacc,rsbs,1,T1,14,True
CART,0.18563724731755593,"{""max_features"": 1.0, ""min_samples_leaf"": 1, ""splitter"": ""best""}",21,13464,0.0,Hippacc,rsbs,1,T1,15,True
kNN,0.2200209468859962,"{""n_neighbors"": 12, ""p"": 1, ""weights"": ""uniform""}",21,13464,0.03,Hippacc,rsbs,1,T1,15,True
KRR,0.2078215227424792,"{""regressor__kernel"": ""rbf"", ""regressor__gamma"": 0.1, ""regressor__alpha"": 0.1}",21,13464,0.01,Hippacc,rsbs,1,T1,15,True
MR,0.20323554301253385,"{""lasso__regressor__alpha"": 0.001}",21,13464,0.31,Hippacc,rsbs,1,T1,15,True
RF,0.17027045115828832,"{""max_features"": 1.0, ""min_samples_leaf"": 2, ""n_estimators"": 20}",21,13464,0.04,Hippacc,rsbs,1,T1,15,True
SVR,0.21600938245271464,"{""regressor__tol"": 0.2, ""regressor__shrinking"": false, ""regressor__epsilon"": 0.1, ""regressor__coef0"": 2.0, ""regressor__C"": 1.0}",21,13464,0.03,Hippacc,rsbs,1,T1,15,True
CART,0.1706255416190162,"{""max_features"": 1.0, ""min_samples_leaf"": 1, ""splitter"": ""best""}",21,13464,0.0,Hippacc,rsbs,1,T1,16,True
kNN,0.216675857563978,"{""n_neighbors"": 12, ""p"": 1, ""weights"": ""uniform""}",21,13464,0.03,Hippacc,rsbs,1,T1,16,True
KRR,0.1905119275815935,"{""regressor__kernel"": ""rbf"", ""regressor__gamma"": 0.1, ""regressor__alpha"": 0.1}",21,13464,0.01,Hippacc,rsbs,1,T1,16,True
MR,0.19580249432460634,"{""lasso__regressor__alpha"": 0.001}",21,13464,0.31,Hippacc,rsbs,1,T1,16,True
RF,0.17719331906346703,"{""max_features"": 1.0, ""min_samples_leaf"": 2, ""n_estimators"": 20}",21,13464,0.04,Hippacc,rsbs,1,T1,16,True
SVR,0.21454254290495464,"{""regressor__tol"": 0.2, ""regressor__shrinking"": false, ""regressor__epsilon"": 0.1, ""regressor__coef0"": 2.0, ""regressor__C"": 1.0}",21,13464,0.03,Hippacc,rsbs,1,T1,16,True
CART,0.5023967118236307,"{""max_features"": 1.0, ""min_samples_leaf"": 1, ""splitter"": ""best""}",21,13464,0.0,Hippacc,rsbs,1,T1,17,True
kNN,0.22352081237178376,"{""n_neighbors"": 12, ""p"": 1, ""weights"": ""uniform""}",21,13464,0.03,Hippacc,rsbs,1,T1,17,True
KRR,0.23621509973679716,"{""regressor__kernel"": ""rbf"", ""regressor__gamma"": 0.1, ""regressor__alpha"": 0.1}",21,13464,0.02,Hippacc,rsbs,1,T1,17,True
MR,0.3933385981743095,"{""lasso__regressor__alpha"": 0.001}",21,13464,0.33,Hippacc,rsbs,1,T1,17,True
RF,0.19063101763184825,"{""max_features"": 1.0, ""min_samples_leaf"": 2, ""n_estimators"": 20}",21,13464,0.04,Hippacc,rsbs,1,T1,17,True
SVR,0.20370664368284727,"{""regressor__tol"": 0.2, ""regressor__shrinking"": false, ""regressor__epsilon"": 0.1, ""regressor__coef0"": 2.0, ""regressor__C"": 1.0}",21,13464,0.03,Hippacc,rsbs,1,T1,17,True
CART,0.2280659917347081,"{""max_features"": 1.0, ""min_samples_leaf"": 1, ""splitter"": ""best""}",21,13464,0.0,Hippacc,rsbs,1,T1,18,True
kNN,0.2446781362545934,"{""n_neighbors"": 12, ""p"": 1, ""weights"": ""uniform""}",21,13464,0.03,Hippacc,rsbs,1,T1,18,True
KRR,0.22965109705561979,"{""regressor__kernel"": ""rbf"", ""regressor__gamma"": 0.1, ""regressor__alpha"": 0.1}",21,13464,0.01,Hippacc,rsbs,1,T1,18,True
MR,0.219973105248812,"{""lasso__regressor__alpha"": 0.001}",21,13464,0.29,Hippacc,rsbs,1,T1,18,True
RF,0.20420514943645546,"{""max_features"": 1.0, ""min_samples_leaf"": 2, ""n_estimators"": 20}",21,13464,0.04,Hippacc,rsbs,1,T1,18,True
SVR,0.2423847641495284,"{""regressor__tol"": 0.2, ""regressor__shrinking"": false, ""regressor__epsilon"": 0.1, ""regressor__coef0"": 2.0, ""regressor__C"": 1.0}",21,13464,0.04,Hippacc,rsbs,1,T1,18,True
CART,0.21300083788394308,"{""max_features"": 1.0, ""min_samples_leaf"": 1, ""splitter"": ""best""}",21,13464,0.0,Hippacc,rsbs,1,T1,19,True
kNN,0.23965145865356974,"{""n_neighbors"": 12, ""p"": 1, ""weights"": ""uniform""}",21,13464,0.03,Hippacc,rsbs,1,T1,19,True
KRR,0.24113112274998919,"{""regressor__kernel"": ""rbf"", ""regressor__gamma"": 0.1, ""regressor__alpha"": 0.1}",21,13464,0.01,Hippacc,rsbs,1,T1,19,True
MR,0.2911513619492376,"{""lasso__regressor__alpha"": 0.001}",21,13464,0.33,Hippacc,rsbs,1,T1,19,True
RF,0.1880617253341281,"{""max_features"": 1.0, ""min_samples_leaf"": 2, ""n_estimators"": 20}",21,13464,0.04,Hippacc,rsbs,1,T1,19,True
SVR,0.22196637315225018,"{""regressor__tol"": 0.2, ""regressor__shrinking"": false, ""regressor__epsilon"": 0.1, ""regressor__coef0"": 2.0, ""regressor__C"": 1.0}",21,13464,0.04,Hippacc,rsbs,1,T1,19,True
CART,0.25373424424833685,"{""max_features"": 1.0, ""min_samples_leaf"": 1, ""splitter"": ""best""}",21,13464,0.0,Hippacc,rsbs,1,T1,20,True
kNN,0.22752618307543793,"{""n_neighbors"": 12, ""p"": 1, ""weights"": ""uniform""}",21,13464,0.03,Hippacc,rsbs,1,T1,20,True
KRR,0.26725632385450765,"{""regressor__kernel"": ""rbf"", ""regressor__gamma"": 0.1, ""regressor__alpha"": 0.1}",21,13464,0.01,Hippacc,rsbs,1,T1,20,True
MR,0.24579666668834646,"{""lasso__regressor__alpha"": 0.001}",21,13464,0.3,Hippacc,rsbs,1,T1,20,True
RF,0.2122052964147655,"{""max_features"": 1.0, ""min_samples_leaf"": 2, ""n_estimators"": 20}",21,13464,0.04,Hippacc,rsbs,1,T1,20,True
SVR,0.21171800149225473,"{""regressor__tol"": 0.2, ""regressor__shrinking"": false, ""regressor__epsilon"": 0.1, ""regressor__coef0"": 2.0, ""regressor__C"": 1.0}",21,13464,0.03,Hippacc,rsbs,1,T1,20,True
CART,0.1910987997434555,"{""max_features"": 1.0, ""min_samples_leaf"": 1, ""splitter"": ""best""}",21,13464,0.0,Hippacc,rsbs,1,T1,21,True
kNN,0.2176887533109036,"{""n_neighbors"": 12, ""p"": 1, ""weights"": ""uniform""}",21,13464,0.03,Hippacc,rsbs,1,T1,21,True
KRR,0.19504734742009475,"{""regressor__kernel"": ""rbf"", ""regressor__gamma"": 0.1, ""regressor__alpha"": 0.1}",21,13464,0.01,Hippacc,rsbs,1,T1,21,True
MR,0.17570907562217786,"{""lasso__regressor__alpha"": 0.001}",21,13464,0.32,Hippacc,rsbs,1,T1,21,True
RF,0.17564106032347365,"{""max_features"": 1.0, ""min_samples_leaf"": 2, ""n_estimators"": 20}",21,13464,0.04,Hippacc,rsbs,1,T1,21,True
SVR,0.20906513894776962,"{""regressor__tol"": 0.2, ""regressor__shrinking"": false, ""regressor__epsilon"": 0.1, ""regressor__coef0"": 2.0, ""regressor__C"": 1.0}",21,13464,0.04,Hippacc,rsbs,1,T1,21,True
CART,0.17856259626935428,"{""max_features"": 1.0, ""min_samples_leaf"": 1, ""splitter"": ""best""}",21,13464,0.0,Hippacc,rsbs,1,T1,22,True
kNN,0.2451676205445654,"{""n_neighbors"": 12, ""p"": 1, ""weights"": ""uniform""}",21,13464,0.03,Hippacc,rsbs,1,T1,22,True
KRR,0.27360434533698336,"{""regressor__kernel"": ""rbf"", ""regressor__gamma"": 0.1, ""regressor__alpha"": 0.1}",21,13464,0.01,Hippacc,rsbs,1,T1,22,True
MR,0.23776308167270827,"{""lasso__regressor__alpha"": 0.001}",21,13464,0.3,Hippacc,rsbs,1,T1,22,True
RF,0.24738140811694498,"{""max_features"": 1.0, ""min_samples_leaf"": 2, ""n_estimators"": 20}",21,13464,0.04,Hippacc,rsbs,1,T1,22,True
SVR,0.28973546975589315,"{""regressor__tol"": 0.2, ""regressor__shrinking"": false, ""regressor__epsilon"": 0.1, ""regressor__coef0"": 2.0, ""regressor__C"": 1.0}",21,13464,0.04,Hippacc,rsbs,1,T1,22,True
CART,0.20825568192429936,"{""max_features"": 1.0, ""min_samples_leaf"": 1, ""splitter"": ""best""}",21,13464,0.0,Hippacc,rsbs,1,T1,23,True
kNN,0.22849832463267047,"{""n_neighbors"": 12, ""p"": 1, ""weights"": ""uniform""}",21,13464,0.03,Hippacc,rsbs,1,T1,23,True
KRR,0.19834687837025267,"{""regressor__kernel"": ""rbf"", ""regressor__gamma"": 0.1, ""regressor__alpha"": 0.1}",21,13464,0.01,Hippacc,rsbs,1,T1,23,True
MR,0.19451601842206726,"{""lasso__regressor__alpha"": 0.001}",21,13464,0.31,Hippacc,rsbs,1,T1,23,True
RF,0.19473236497289478,"{""max_features"": 1.0, ""min_samples_leaf"": 2, ""n_estimators"": 20}",21,13464,0.04,Hippacc,rsbs,1,T1,23,True
SVR,0.2123195645684724,"{""regressor__tol"": 0.2, ""regressor__shrinking"": false, ""regressor__epsilon"": 0.1, ""regressor__coef0"": 2.0, ""regressor__C"": 1.0}",21,13464,0.04,Hippacc,rsbs,1,T1,23,True
CART,0.2612060442490773,"{""max_features"": 1.0, ""min_samples_leaf"": 1, ""splitter"": ""best""}",21,13464,0.0,Hippacc,rsbs,1,T1,24,True
kNN,0.2156599026696216,"{""n_neighbors"": 12, ""p"": 1, ""weights"": ""uniform""}",21,13464,0.03,Hippacc,rsbs,1,T1,24,True
KRR,0.20267777709406787,"{""regressor__kernel"": ""rbf"", ""regressor__gamma"": 0.1, ""regressor__alpha"": 0.1}",21,13464,0.01,Hippacc,rsbs,1,T1,24,True
MR,0.23471556135986388,"{""lasso__regressor__alpha"": 0.001}",21,13464,0.3,Hippacc,rsbs,1,T1,24,True
RF,0.17227690238234358,"{""max_features"": 1.0, ""min_samples_leaf"": 2, ""n_estimators"": 20}",21,13464,0.04,Hippacc,rsbs,1,T1,24,True
SVR,0.20951564516668886,"{""regressor__tol"": 0.2, ""regressor__shrinking"": false, ""regressor__epsilon"": 0.1, ""regressor__coef0"": 2.0, ""regressor__C"": 1.0}",21,13464,0.03,Hippacc,rsbs,1,T1,24,True
CART,0.5503018462874516,"{""max_features"": 1.0, ""min_samples_leaf"": 1, ""splitter"": ""best""}",21,13464,0.0,Hippacc,rsbs,1,T1,25,True
kNN,0.22589826012641046,"{""n_neighbors"": 12, ""p"": 1, ""weights"": ""uniform""}",21,13464,0.03,Hippacc,rsbs,1,T1,25,True
KRR,0.261233533286986,"{""regressor__kernel"": ""rbf"", ""regressor__gamma"": 0.1, ""regressor__alpha"": 0.1}",21,13464,0.02,Hippacc,rsbs,1,T1,25,True
MR,0.3271488048234545,"{""lasso__regressor__alpha"": 0.001}",21,13464,0.32,Hippacc,rsbs,1,T1,25,True
RF,0.19421338733482646,"{""max_features"": 1.0, ""min_samples_leaf"": 2, ""n_estimators"": 20}",21,13464,0.04,Hippacc,rsbs,1,T1,25,True
SVR,0.21363747801605273,"{""regressor__tol"": 0.2, ""regressor__shrinking"": false, ""regressor__epsilon"": 0.1, ""regressor__coef0"": 2.0, ""regressor__C"": 1.0}",21,13464,0.03,Hippacc,rsbs,1,T1,25,True
CART,0.25380507957725934,"{""max_features"": 1.0, ""min_samples_leaf"": 1, ""splitter"": ""best""}",21,13464,0.0,Hippacc,rsbs,1,T1,26,True
kNN,0.22406200889989586,"{""n_neighbors"": 12, ""p"": 1, ""weights"": ""uniform""}",21,13464,0.03,Hippacc,rsbs,1,T1,26,True
KRR,0.19688315539185308,"{""regressor__kernel"": ""rbf"", ""regressor__gamma"": 0.1, ""regressor__alpha"": 0.1}",21,13464,0.01,Hippacc,rsbs,1,T1,26,True
MR,0.21169465671148455,"{""lasso__regressor__alpha"": 0.001}",21,13464,0.31,Hippacc,rsbs,1,T1,26,True
RF,0.17028478412099995,"{""max_features"": 1.0, ""min_samples_leaf"": 2, ""n_estimators"": 20}",21,13464,0.04,Hippacc,rsbs,1,T1,26,True
SVR,0.2018227523617781,"{""regressor__tol"": 0.2, ""regressor__shrinking"": false, ""regressor__epsilon"": 0.1, ""regressor__coef0"": 2.0, ""regressor__C"": 1.0}",21,13464,0.03,Hippacc,rsbs,1,T1,26,True
CART,0.18836995135121232,"{""max_features"": 1.0, ""min_samples_leaf"": 1, ""splitter"": ""best""}",21,13464,0.0,Hippacc,rsbs,1,T1,27,True
kNN,0.21367644218582707,"{""n_neighbors"": 12, ""p"": 1, ""weights"": ""uniform""}",21,13464,0.03,Hippacc,rsbs,1,T1,27,True
KRR,0.1885372753556457,"{""regressor__kernel"": ""rbf"", ""regressor__gamma"": 0.1, ""regressor__alpha"": 0.1}",21,13464,0.01,Hippacc,rsbs,1,T1,27,True
MR,0.17508195220507522,"{""lasso__regressor__alpha"": 0.001}",21,13464,0.3,Hippacc,rsbs,1,T1,27,True
RF,0.17063036803508305,"{""max_features"": 1.0, ""min_samples_leaf"": 2, ""n_estimators"": 20}",21,13464,0.04,Hippacc,rsbs,1,T1,27,True
SVR,0.20560979198701,"{""regressor__tol"": 0.2, ""regressor__shrinking"": false, ""regressor__epsilon"": 0.1, ""regressor__coef0"": 2.0, ""regressor__C"": 1.0}",21,13464,0.04,Hippacc,rsbs,1,T1,27,True
CART,0.1847100533062572,"{""max_features"": 1.0, ""min_samples_leaf"": 1, ""splitter"": ""best""}",21,13464,0.0,Hippacc,rsbs,1,T1,28,True
kNN,0.244579418485284,"{""n_neighbors"": 12, ""p"": 1, ""weights"": ""uniform""}",21,13464,0.03,Hippacc,rsbs,1,T1,28,True
KRR,0.21571878784830467,"{""regressor__kernel"": ""rbf"", ""regressor__gamma"": 0.1, ""regressor__alpha"": 0.1}",21,13464,0.01,Hippacc,rsbs,1,T1,28,True
MR,0.18611475044656162,"{""lasso__regressor__alpha"": 0.001}",21,13464,0.3,Hippacc,rsbs,1,T1,28,True
RF,0.17682999906318936,"{""max_features"": 1.0, ""min_samples_leaf"": 2, ""n_estimators"": 20}",21,13464,0.04,Hippacc,rsbs,1,T1,28,True
SVR,0.2226106137499517,"{""regressor__tol"": 0.2, ""regressor__shrinking"": false, ""regressor__epsilon"": 0.1, ""regressor__coef0"": 2.0, ""regressor__C"": 1.0}",21,13464,0.04,Hippacc,rsbs,1,T1,28,True
CART,0.19632353553445284,"{""max_features"": 1.0, ""min_samples_leaf"": 1, ""splitter"": ""best""}",21,13464,0.0,Hippacc,rsbs,1,T1,29,True
kNN,0.23927208097135566,"{""n_neighbors"": 12, ""p"": 1, ""weights"": ""uniform""}",21,13464,0.03,Hippacc,rsbs,1,T1,29,True
KRR,0.20065812703807334,"{""regressor__kernel"": ""rbf"", ""regressor__gamma"": 0.1, ""regressor__alpha"": 0.1}",21,13464,0.01,Hippacc,rsbs,1,T1,29,True
MR,0.2161464345490058,"{""lasso__regressor__alpha"": 0.001}",21,13464,0.33,Hippacc,rsbs,1,T1,29,True
RF,0.17292217134346607,"{""max_features"": 1.0, ""min_samples_leaf"": 2, ""n_estimators"": 20}",21,13464,0.04,Hippacc,rsbs,1,T1,29,True
SVR,0.21050032985085682,"{""regressor__tol"": 0.2, ""regressor__shrinking"": false, ""regressor__epsilon"": 0.1, ""regressor__coef0"": 2.0, ""regressor__C"": 1.0}",21,13464,0.03,Hippacc,rsbs,1,T1,29,True
CART,0.18223081777032374,"{""max_features"": 1.0, ""min_samples_leaf"": 1, ""splitter"": ""best""}",21,13464,0.0,Hippacc,rsbs,1,T1,30,True
kNN,0.22654809226889133,"{""n_neighbors"": 12, ""p"": 1, ""weights"": ""uniform""}",21,13464,0.03,Hippacc,rsbs,1,T1,30,True
KRR,0.2018756548449924,"{""regressor__kernel"": ""rbf"", ""regressor__gamma"": 0.1, ""regressor__alpha"": 0.1}",21,13464,0.01,Hippacc,rsbs,1,T1,30,True
MR,0.20779023829244567,"{""lasso__regressor__alpha"": 0.001}",21,13464,0.31,Hippacc,rsbs,1,T1,30,True
RF,0.17230110714861946,"{""max_features"": 1.0, ""min_samples_leaf"": 2, ""n_estimators"": 20}",21,13464,0.04,Hippacc,rsbs,1,T1,30,True
SVR,0.2030465211982748,"{""regressor__tol"": 0.2, ""regressor__shrinking"": false, ""regressor__epsilon"": 0.1, ""regressor__coef0"": 2.0, ""regressor__C"": 1.0}",21,13464,0.03,Hippacc,rsbs,1,T1,30,True
CART,0.23682468460561903,"{""max_features"": 1.0, ""min_samples_leaf"": 1, ""splitter"": ""best""}",21,13464,0.0,Hippacc,rsbs,1,T1,31,True
kNN,0.22516857439088891,"{""n_neighbors"": 12, ""p"": 1, ""weights"": ""uniform""}",21,13464,0.03,Hippacc,rsbs,1,T1,31,True
KRR,0.20886522459935888,"{""regressor__kernel"": ""rbf"", ""regressor__gamma"": 0.1, ""regressor__alpha"": 0.1}",21,13464,0.01,Hippacc,rsbs,1,T1,31,True
MR,0.2165102722709065,"{""lasso__regressor__alpha"": 0.001}",21,13464,0.31,Hippacc,rsbs,1,T1,31,True
RF,0.16737572643713364,"{""max_features"": 1.0, ""min_samples_leaf"": 2, ""n_estimators"": 20}",21,13464,0.04,Hippacc,rsbs,1,T1,31,True
SVR,0.20506479264050329,"{""regressor__tol"": 0.2, ""regressor__shrinking"": false, ""regressor__epsilon"": 0.1, ""regressor__coef0"": 2.0, ""regressor__C"": 1.0}",21,13464,0.04,Hippacc,rsbs,1,T1,31,True
CART,0.19750170437738365,"{""max_features"": 1.0, ""min_samples_leaf"": 1, ""splitter"": ""best""}",21,13464,0.0,Hippacc,rsbs,1,T1,32,True
kNN,0.2220873263249904,"{""n_neighbors"": 12, ""p"": 1, ""weights"": ""uniform""}",21,13464,0.03,Hippacc,rsbs,1,T1,32,True
KRR,0.19043187187873806,"{""regressor__kernel"": ""rbf"", ""regressor__gamma"": 0.1, ""regressor__alpha"": 0.1}",21,13464,0.01,Hippacc,rsbs,1,T1,32,True
MR,0.21016723098308288,"{""lasso__regressor__alpha"": 0.001}",21,13464,0.29,Hippacc,rsbs,1,T1,32,True
RF,0.18403791341558948,"{""max_features"": 1.0, ""min_samples_leaf"": 2, ""n_estimators"": 20}",21,13464,0.04,Hippacc,rsbs,1,T1,32,True
SVR,0.21709993153332494,"{""regressor__tol"": 0.2, ""regressor__shrinking"": false, ""regressor__epsilon"": 0.1, ""regressor__coef0"": 2.0, ""regressor__C"": 1.0}",21,13464,0.03,Hippacc,rsbs,1,T1,32,True
CART,0.19154348850060793,"{""max_features"": 1.0, ""min_samples_leaf"": 1, ""splitter"": ""best""}",21,13464,0.0,Hippacc,rsbs,1,T1,33,True
kNN,0.23331631030335787,"{""n_neighbors"": 12, ""p"": 1, ""weights"": ""uniform""}",21,13464,0.03,Hippacc,rsbs,1,T1,33,True
KRR,0.21034923625840507,"{""regressor__kernel"": ""rbf"", ""regressor__gamma"": 0.1, ""regressor__alpha"": 0.1}",21,13464,0.02,Hippacc,rsbs,1,T1,33,True
MR,0.18464459062987465,"{""lasso__regressor__alpha"": 0.001}",21,13464,0.32,Hippacc,rsbs,1,T1,33,True
RF,0.1877984420342161,"{""max_features"": 1.0, ""min_samples_leaf"": 2, ""n_estimators"": 20}",21,13464,0.04,Hippacc,rsbs,1,T1,33,True
SVR,0.21860911100731484,"{""regressor__tol"": 0.2, ""regressor__shrinking"": false, ""regressor__epsilon"": 0.1, ""regressor__coef0"": 2.0, ""regressor__C"": 1.0}",21,13464,0.03,Hippacc,rsbs,1,T1,33,True
CART,0.25779231618772425,"{""max_features"": 1.0, ""min_samples_leaf"": 1, ""splitter"": ""best""}",21,13464,0.0,Hippacc,rsbs,1,T1,34,True
kNN,0.2350668194683859,"{""n_neighbors"": 12, ""p"": 1, ""weights"": ""uniform""}",21,13464,0.03,Hippacc,rsbs,1,T1,34,True
KRR,0.22985759527046395,"{""regressor__kernel"": ""rbf"", ""regressor__gamma"": 0.1, ""regressor__alpha"": 0.1}",21,13464,0.02,Hippacc,rsbs,1,T1,34,True
MR,0.2217714321186358,"{""lasso__regressor__alpha"": 0.001}",21,13464,0.31,Hippacc,rsbs,1,T1,34,True
RF,0.21494075004281737,"{""max_features"": 1.0, ""min_samples_leaf"": 2, ""n_estimators"": 20}",21,13464,0.04,Hippacc,rsbs,1,T1,34,True
SVR,0.22440294027357452,"{""regressor__tol"": 0.2, ""regressor__shrinking"": false, ""regressor__epsilon"": 0.1, ""regressor__coef0"": 2.0, ""regressor__C"": 1.0}",21,13464,0.04,Hippacc,rsbs,1,T1,34,True
CART,0.2116859446103723,"{""max_features"": 1.0, ""min_samples_leaf"": 1, ""splitter"": ""best""}",21,13464,0.0,Hippacc,rsbs,1,T1,35,True
kNN,0.24437570869832995,"{""n_neighbors"": 12, ""p"": 1, ""weights"": ""uniform""}",21,13464,0.03,Hippacc,rsbs,1,T1,35,True
KRR,0.20715862458728407,"{""regressor__kernel"": ""rbf"", ""regressor__gamma"": 0.1, ""regressor__alpha"": 0.1}",21,13464,0.01,Hippacc,rsbs,1,T1,35,True
MR,0.18630160454136513,"{""lasso__regressor__alpha"": 0.001}",21,13464,0.3,Hippacc,rsbs,1,T1,35,True
RF,0.1724744685763796,"{""max_features"": 1.0, ""min_samples_leaf"": 2, ""n_estimators"": 20}",21,13464,0.04,Hippacc,rsbs,1,T1,35,True
SVR,0.20259082807909157,"{""regressor__tol"": 0.2, ""regressor__shrinking"": false, ""regressor__epsilon"": 0.1, ""regressor__coef0"": 2.0, ""regressor__C"": 1.0}",21,13464,0.04,Hippacc,rsbs,1,T1,35,True
CART,0.20425433040259292,"{""max_features"": 1.0, ""min_samples_leaf"": 1, ""splitter"": ""best""}",21,13464,0.0,Hippacc,rsbs,1,T1,36,True
kNN,0.21279376389808824,"{""n_neighbors"": 12, ""p"": 1, ""weights"": ""uniform""}",21,13464,0.03,Hippacc,rsbs,1,T1,36,True
KRR,0.1966509908020364,"{""regressor__kernel"": ""rbf"", ""regressor__gamma"": 0.1, ""regressor__alpha"": 0.1}",21,13464,0.01,Hippacc,rsbs,1,T1,36,True
MR,0.18409615313966485,"{""lasso__regressor__alpha"": 0.001}",21,13464,0.3,Hippacc,rsbs,1,T1,36,True
RF,0.1815120206813306,"{""max_features"": 1.0, ""min_samples_leaf"": 2, ""n_estimators"": 20}",21,13464,0.04,Hippacc,rsbs,1,T1,36,True
SVR,0.1927815673611134,"{""regressor__tol"": 0.2, ""regressor__shrinking"": false, ""regressor__epsilon"": 0.1, ""regressor__coef0"": 2.0, ""regressor__C"": 1.0}",21,13464,0.03,Hippacc,rsbs,1,T1,36,True
CART,0.212571863558407,"{""max_features"": 1.0, ""min_samples_leaf"": 1, ""splitter"": ""best""}",21,13464,0.0,Hippacc,rsbs,1,T1,37,True
kNN,0.22817214052772997,"{""n_neighbors"": 12, ""p"": 1, ""weights"": ""uniform""}",21,13464,0.03,Hippacc,rsbs,1,T1,37,True
KRR,0.20732638798551842,"{""regressor__kernel"": ""rbf"", ""regressor__gamma"": 0.1, ""regressor__alpha"": 0.1}",21,13464,0.01,Hippacc,rsbs,1,T1,37,True
MR,0.2029629324120243,"{""lasso__regressor__alpha"": 0.001}",21,13464,0.31,Hippacc,rsbs,1,T1,37,True
RF,0.20585388543019018,"{""max_features"": 1.0, ""min_samples_leaf"": 2, ""n_estimators"": 20}",21,13464,0.04,Hippacc,rsbs,1,T1,37,True
SVR,0.21595632218525446,"{""regressor__tol"": 0.2, ""regressor__shrinking"": false, ""regressor__epsilon"": 0.1, ""regressor__coef0"": 2.0, ""regressor__C"": 1.0}",21,13464,0.03,Hippacc,rsbs,1,T1,37,True
CART,0.1878982086020257,"{""max_features"": 1.0, ""min_samples_leaf"": 1, ""splitter"": ""best""}",21,13464,0.0,Hippacc,rsbs,1,T1,38,True
kNN,0.24264358174647896,"{""n_neighbors"": 12, ""p"": 1, ""weights"": ""uniform""}",21,13464,0.03,Hippacc,rsbs,1,T1,38,True
KRR,0.19980435514498357,"{""regressor__kernel"": ""rbf"", ""regressor__gamma"": 0.1, ""regressor__alpha"": 0.1}",21,13464,0.01,Hippacc,rsbs,1,T1,38,True
MR,0.18378413555684553,"{""lasso__regressor__alpha"": 0.001}",21,13464,0.3,Hippacc,rsbs,1,T1,38,True
RF,0.18059400952146534,"{""max_features"": 1.0, ""min_samples_leaf"": 2, ""n_estimators"": 20}",21,13464,0.04,Hippacc,rsbs,1,T1,38,True
SVR,0.21142702503383304,"{""regressor__tol"": 0.2, ""regressor__shrinking"": false, ""regressor__epsilon"": 0.1, ""regressor__coef0"": 2.0, ""regressor__C"": 1.0}",21,13464,0.03,Hippacc,rsbs,1,T1,38,True
CART,0.3346152832152182,"{""max_features"": 1.0, ""min_samples_leaf"": 1, ""splitter"": ""best""}",21,13464,0.0,Hippacc,rsbs,1,T1,39,True
kNN,0.2228287061583929,"{""n_neighbors"": 12, ""p"": 1, ""weights"": ""uniform""}",21,13464,0.03,Hippacc,rsbs,1,T1,39,True
KRR,0.19865403406008464,"{""regressor__kernel"": ""rbf"", ""regressor__gamma"": 0.1, ""regressor__alpha"": 0.1}",21,13464,0.01,Hippacc,rsbs,1,T1,39,True
MR,0.21135752252266524,"{""lasso__regressor__alpha"": 0.001}",21,13464,0.31,Hippacc,rsbs,1,T1,39,True
RF,0.2038439813190595,"{""max_features"": 1.0, ""min_samples_leaf"": 2, ""n_estimators"": 20}",21,13464,0.04,Hippacc,rsbs,1,T1,39,True
SVR,0.20857291809569897,"{""regressor__tol"": 0.2, ""regressor__shrinking"": false, ""regressor__epsilon"": 0.1, ""regressor__coef0"": 2.0, ""regressor__C"": 1.0}",21,13464,0.04,Hippacc,rsbs,1,T1,39,True
CART,0.19945074795820586,"{""max_features"": 1.0, ""min_samples_leaf"": 1, ""splitter"": ""best""}",21,13464,0.0,Hippacc,rsbs,1,T1,40,True
kNN,0.22393207283875305,"{""n_neighbors"": 12, ""p"": 1, ""weights"": ""uniform""}",21,13464,0.03,Hippacc,rsbs,1,T1,40,True
KRR,0.2128350058850618,"{""regressor__kernel"": ""rbf"", ""regressor__gamma"": 0.1, ""regressor__alpha"": 0.1}",21,13464,0.01,Hippacc,rsbs,1,T1,40,True
MR,0.1950653777188379,"{""lasso__regressor__alpha"": 0.001}",21,13464,0.29,Hippacc,rsbs,1,T1,40,True
RF,0.16827682357570353,"{""max_features"": 1.0, ""min_samples_leaf"": 2, ""n_estimators"": 20}",21,13464,0.04,Hippacc,rsbs,1,T1,40,True
SVR,0.21238460029368583,"{""regressor__tol"": 0.2, ""regressor__shrinking"": false, ""regressor__epsilon"": 0.1, ""regressor__coef0"": 2.0, ""regressor__C"": 1.0}",21,13464,0.03,Hippacc,rsbs,1,T1,40,True
CART,0.18659187286392118,"{""max_features"": 1.0, ""min_samples_leaf"": 1, ""splitter"": ""best""}",21,13464,0.0,Hippacc,rsbs,1,T1,41,True
kNN,0.24781972986826442,"{""n_neighbors"": 12, ""p"": 1, ""weights"": ""uniform""}",21,13464,0.03,Hippacc,rsbs,1,T1,41,True
KRR,0.25148086376949375,"{""regressor__kernel"": ""rbf"", ""regressor__gamma"": 0.1, ""regressor__alpha"": 0.1}",21,13464,0.01,Hippacc,rsbs,1,T1,41,True
MR,0.24775369307225661,"{""lasso__regressor__alpha"": 0.001}",21,13464,0.31,Hippacc,rsbs,1,T1,41,True
RF,0.18298506895813565,"{""max_features"": 1.0, ""min_samples_leaf"": 2, ""n_estimators"": 20}",21,13464,0.04,Hippacc,rsbs,1,T1,41,True
SVR,0.23665128677477118,"{""regressor__tol"": 0.2, ""regressor__shrinking"": false, ""regressor__epsilon"": 0.1, ""regressor__coef0"": 2.0, ""regressor__C"": 1.0}",21,13464,0.03,Hippacc,rsbs,1,T1,41,True
CART,0.23021753162768863,"{""max_features"": 1.0, ""min_samples_leaf"": 1, ""splitter"": ""best""}",21,13464,0.0,Hippacc,rsbs,1,T1,42,True
kNN,0.2414869653624204,"{""n_neighbors"": 12, ""p"": 1, ""weights"": ""uniform""}",21,13464,0.03,Hippacc,rsbs,1,T1,42,True
KRR,0.23978154395361626,"{""regressor__kernel"": ""rbf"", ""regressor__gamma"": 0.1, ""regressor__alpha"": 0.1}",21,13464,0.02,Hippacc,rsbs,1,T1,42,True
MR,0.21343193093819238,"{""lasso__regressor__alpha"": 0.001}",21,13464,0.31,Hippacc,rsbs,1,T1,42,True
RF,0.18567642786777153,"{""max_features"": 1.0, ""min_samples_leaf"": 2, ""n_estimators"": 20}",21,13464,0.04,Hippacc,rsbs,1,T1,42,True
SVR,0.21558658375060996,"{""regressor__tol"": 0.2, ""regressor__shrinking"": false, ""regressor__epsilon"": 0.1, ""regressor__coef0"": 2.0, ""regressor__C"": 1.0}",21,13464,0.03,Hippacc,rsbs,1,T1,42,True
CART,0.2394141522676506,"{""max_features"": 1.0, ""min_samples_leaf"": 1, ""splitter"": ""best""}",21,13464,0.0,Hippacc,rsbs,1,T1,43,True
kNN,0.2577940457617846,"{""n_neighbors"": 12, ""p"": 1, ""weights"": ""uniform""}",21,13464,0.03,Hippacc,rsbs,1,T1,43,True
KRR,0.27437854762277075,"{""regressor__kernel"": ""rbf"", ""regressor__gamma"": 0.1, ""regressor__alpha"": 0.1}",21,13464,0.02,Hippacc,rsbs,1,T1,43,True
MR,0.354614028558827,"{""lasso__regressor__alpha"": 0.001}",21,13464,0.3,Hippacc,rsbs,1,T1,43,True
RF,0.23919906460372584,"{""max_features"": 1.0, ""min_samples_leaf"": 2, ""n_estimators"": 20}",21,13464,0.04,Hippacc,rsbs,1,T1,43,True
SVR,0.20782829447688797,"{""regressor__tol"": 0.2, ""regressor__shrinking"": false, ""regressor__epsilon"": 0.1, ""regressor__coef0"": 2.0, ""regressor__C"": 1.0}",21,13464,0.04,Hippacc,rsbs,1,T1,43,True
CART,0.17769999280506268,"{""max_features"": 1.0, ""min_samples_leaf"": 1, ""splitter"": ""best""}",21,13464,0.0,Hippacc,rsbs,1,T1,44,True
kNN,0.24970303246457126,"{""n_neighbors"": 12, ""p"": 1, ""weights"": ""uniform""}",21,13464,0.03,Hippacc,rsbs,1,T1,44,True
KRR,0.19757396151947948,"{""regressor__kernel"": ""rbf"", ""regressor__gamma"": 0.1, ""regressor__alpha"": 0.1}",21,13464,0.01,Hippacc,rsbs,1,T1,44,True
MR,0.1838393480150058,"{""lasso__regressor__alpha"": 0.001}",21,13464,0.28,Hippacc,rsbs,1,T1,44,True
RF,0.16663363800106712,"{""max_features"": 1.0, ""min_samples_leaf"": 2, ""n_estimators"": 20}",21,13464,0.04,Hippacc,rsbs,1,T1,44,True
SVR,0.21113233959973599,"{""regressor__tol"": 0.2, ""regressor__shrinking"": false, ""regressor__epsilon"": 0.1, ""regressor__coef0"": 2.0, ""regressor__C"": 1.0}",21,13464,0.04,Hippacc,rsbs,1,T1,44,True
CART,0.21568797422173483,"{""max_features"": 1.0, ""min_samples_leaf"": 1, ""splitter"": ""best""}",21,13464,0.0,Hippacc,rsbs,1,T1,45,True
kNN,0.24528906518874824,"{""n_neighbors"": 12, ""p"": 1, ""weights"": ""uniform""}",21,13464,0.03,Hippacc,rsbs,1,T1,45,True
KRR,0.2553656524637888,"{""regressor__kernel"": ""rbf"", ""regressor__gamma"": 0.1, ""regressor__alpha"": 0.1}",21,13464,0.01,Hippacc,rsbs,1,T1,45,True
MR,0.2963664970566176,"{""lasso__regressor__alpha"": 0.001}",21,13464,0.31,Hippacc,rsbs,1,T1,45,True
RF,0.21125959164771715,"{""max_features"": 1.0, ""min_samples_leaf"": 2, ""n_estimators"": 20}",21,13464,0.04,Hippacc,rsbs,1,T1,45,True
SVR,0.2205248273455772,"{""regressor__tol"": 0.2, ""regressor__shrinking"": false, ""regressor__epsilon"": 0.1, ""regressor__coef0"": 2.0, ""regressor__C"": 1.0}",21,13464,0.03,Hippacc,rsbs,1,T1,45,True
CART,0.18821050518727162,"{""max_features"": 1.0, ""min_samples_leaf"": 1, ""splitter"": ""best""}",21,13464,0.0,Hippacc,rsbs,1,T1,46,True
kNN,0.24425857378820237,"{""n_neighbors"": 12, ""p"": 1, ""weights"": ""uniform""}",21,13464,0.03,Hippacc,rsbs,1,T1,46,True
KRR,0.22220124490015053,"{""regressor__kernel"": ""rbf"", ""regressor__gamma"": 0.1, ""regressor__alpha"": 0.1}",21,13464,0.02,Hippacc,rsbs,1,T1,46,True
MR,0.2241959811842224,"{""lasso__regressor__alpha"": 0.001}",21,13464,0.29,Hippacc,rsbs,1,T1,46,True
RF,0.18718868196369196,"{""max_features"": 1.0, ""min_samples_leaf"": 2, ""n_estimators"": 20}",21,13464,0.04,Hippacc,rsbs,1,T1,46,True
SVR,0.22855097135960623,"{""regressor__tol"": 0.2, ""regressor__shrinking"": false, ""regressor__epsilon"": 0.1, ""regressor__coef0"": 2.0, ""regressor__C"": 1.0}",21,13464,0.04,Hippacc,rsbs,1,T1,46,True
CART,0.19721046039309964,"{""max_features"": 1.0, ""min_samples_leaf"": 1, ""splitter"": ""best""}",21,13464,0.0,Hippacc,rsbs,1,T1,47,True
kNN,0.22619963750328023,"{""n_neighbors"": 12, ""p"": 1, ""weights"": ""uniform""}",21,13464,0.03,Hippacc,rsbs,1,T1,47,True
KRR,0.2060859889004055,"{""regressor__kernel"": ""rbf"", ""regressor__gamma"": 0.1, ""regressor__alpha"": 0.1}",21,13464,0.01,Hippacc,rsbs,1,T1,47,True
MR,0.19652216182385937,"{""lasso__regressor__alpha"": 0.001}",21,13464,0.31,Hippacc,rsbs,1,T1,47,True
RF,0.1898010429595632,"{""max_features"": 1.0, ""min_samples_leaf"": 2, ""n_estimators"": 20}",21,13464,0.04,Hippacc,rsbs,1,T1,47,True
SVR,0.22081077663478513,"{""regressor__tol"": 0.2, ""regressor__shrinking"": false, ""regressor__epsilon"": 0.1, ""regressor__coef0"": 2.0, ""regressor__C"": 1.0}",21,13464,0.04,Hippacc,rsbs,1,T1,47,True
CART,0.1717197948924832,"{""max_features"": 1.0, ""min_samples_leaf"": 1, ""splitter"": ""best""}",21,13464,0.0,Hippacc,rsbs,1,T1,48,True
kNN,0.21200100961189813,"{""n_neighbors"": 12, ""p"": 1, ""weights"": ""uniform""}",21,13464,0.03,Hippacc,rsbs,1,T1,48,True
KRR,0.2073605663867409,"{""regressor__kernel"": ""rbf"", ""regressor__gamma"": 0.1, ""regressor__alpha"": 0.1}",21,13464,0.01,Hippacc,rsbs,1,T1,48,True
MR,0.2029004281248847,"{""lasso__regressor__alpha"": 0.001}",21,13464,0.3,Hippacc,rsbs,1,T1,48,True
RF,0.1728596793991037,"{""max_features"": 1.0, ""min_samples_leaf"": 2, ""n_estimators"": 20}",21,13464,0.04,Hippacc,rsbs,1,T1,48,True
SVR,0.20997874733292918,"{""regressor__tol"": 0.2, ""regressor__shrinking"": false, ""regressor__epsilon"": 0.1, ""regressor__coef0"": 2.0, ""regressor__C"": 1.0}",21,13464,0.03,Hippacc,rsbs,1,T1,48,True
CART,0.25242557899740203,"{""max_features"": 1.0, ""min_samples_leaf"": 1, ""splitter"": ""best""}",21,13464,0.0,Hippacc,rsbs,1,T1,49,True
kNN,0.2106908279694073,"{""n_neighbors"": 12, ""p"": 1, ""weights"": ""uniform""}",21,13464,0.03,Hippacc,rsbs,1,T1,49,True
KRR,0.21210951000240963,"{""regressor__kernel"": ""rbf"", ""regressor__gamma"": 0.1, ""regressor__alpha"": 0.1}",21,13464,0.01,Hippacc,rsbs,1,T1,49,True
MR,0.24762421626025635,"{""lasso__regressor__alpha"": 0.001}",21,13464,0.31,Hippacc,rsbs,1,T1,49,True
RF,0.17482704328859885,"{""max_features"": 1.0, ""min_samples_leaf"": 2, ""n_estimators"": 20}",21,13464,0.04,Hippacc,rsbs,1,T1,49,True
SVR,0.20680198807566813,"{""regressor__tol"": 0.2, ""regressor__shrinking"": false, ""regressor__epsilon"": 0.1, ""regressor__coef0"": 2.0, ""regressor__C"": 1.0}",21,13464,0.02,Hippacc,rsbs,1,T1,49,True
CART,0.2316879557908511,"{""max_features"": 1.0, ""min_samples_leaf"": 1, ""splitter"": ""best""}",21,13464,0.0,Hippacc,rsbs,1,T1,50,True
kNN,0.22058845065125413,"{""n_neighbors"": 12, ""p"": 1, ""weights"": ""uniform""}",21,13464,0.03,Hippacc,rsbs,1,T1,50,True
KRR,0.20977930872423134,"{""regressor__kernel"": ""rbf"", ""regressor__gamma"": 0.1, ""regressor__alpha"": 0.1}",21,13464,0.02,Hippacc,rsbs,1,T1,50,True
MR,0.1926292835220508,"{""lasso__regressor__alpha"": 0.001}",21,13464,0.29,Hippacc,rsbs,1,T1,50,True
RF,0.18043924045039866,"{""max_features"": 1.0, ""min_samples_leaf"": 2, ""n_estimators"": 20}",21,13464,0.04,Hippacc,rsbs,1,T1,50,True
SVR,0.20939108256750222,"{""regressor__tol"": 0.2, ""regressor__shrinking"": false, ""regressor__epsilon"": 0.1, ""regressor__coef0"": 2.0, ""regressor__C"": 1.0}",21,13464,0.04,Hippacc,rsbs,1,T1,50,True
CART,0.17415897837345282,"{""max_features"": 1.0, ""min_samples_leaf"": 1, ""splitter"": ""best""}",21,13464,0.0,Hippacc,rsbs,1,T1,51,True
kNN,0.22867630625880994,"{""n_neighbors"": 12, ""p"": 1, ""weights"": ""uniform""}",21,13464,0.03,Hippacc,rsbs,1,T1,51,True
KRR,0.19141687275755706,"{""regressor__kernel"": ""rbf"", ""regressor__gamma"": 0.1, ""regressor__alpha"": 0.1}",21,13464,0.01,Hippacc,rsbs,1,T1,51,True
MR,0.1854365460908238,"{""lasso__regressor__alpha"": 0.001}",21,13464,0.32,Hippacc,rsbs,1,T1,51,True
RF,0.19392704164202668,"{""max_features"": 1.0, ""min_samples_leaf"": 2, ""n_estimators"": 20}",21,13464,0.04,Hippacc,rsbs,1,T1,51,True
SVR,0.21378770152383414,"{""regressor__tol"": 0.2, ""regressor__shrinking"": false, ""regressor__epsilon"": 0.1, ""regressor__coef0"": 2.0, ""regressor__C"": 1.0}",21,13464,0.04,Hippacc,rsbs,1,T1,51,True
CART,0.5888544680849392,"{""max_features"": 1.0, ""min_samples_leaf"": 1, ""splitter"": ""best""}",21,13464,0.0,Hippacc,rsbs,1,T1,52,True
kNN,0.22319510300414305,"{""n_neighbors"": 12, ""p"": 1, ""weights"": ""uniform""}",21,13464,0.03,Hippacc,rsbs,1,T1,52,True
KRR,0.2942751484435927,"{""regressor__kernel"": ""rbf"", ""regressor__gamma"": 0.1, ""regressor__alpha"": 0.1}",21,13464,0.02,Hippacc,rsbs,1,T1,52,True
MR,0.3000981260777328,"{""lasso__regressor__alpha"": 0.001}",21,13464,0.3,Hippacc,rsbs,1,T1,52,True
RF,0.22693147800868319,"{""max_features"": 1.0, ""min_samples_leaf"": 2, ""n_estimators"": 20}",21,13464,0.04,Hippacc,rsbs,1,T1,52,True
SVR,0.23466266485315815,"{""regressor__tol"": 0.2, ""regressor__shrinking"": false, ""regressor__epsilon"": 0.1, ""regressor__coef0"": 2.0, ""regressor__C"": 1.0}",21,13464,0.03,Hippacc,rsbs,1,T1,52,True
CART,0.17139699424172739,"{""max_features"": 1.0, ""min_samples_leaf"": 1, ""splitter"": ""best""}",21,13464,0.0,Hippacc,rsbs,1,T1,53,True
kNN,0.21930503250608757,"{""n_neighbors"": 12, ""p"": 1, ""weights"": ""uniform""}",21,13464,0.03,Hippacc,rsbs,1,T1,53,True
KRR,0.1976467294222648,"{""regressor__kernel"": ""rbf"", ""regressor__gamma"": 0.1, ""regressor__alpha"": 0.1}",21,13464,0.01,Hippacc,rsbs,1,T1,53,True
MR,0.18206230537739224,"{""lasso__regressor__alpha"": 0.001}",21,13464,0.31,Hippacc,rsbs,1,T1,53,True
RF,0.17159946223630912,"{""max_features"": 1.0, ""min_samples_leaf"": 2, ""n_estimators"": 20}",21,13464,0.04,Hippacc,rsbs,1,T1,53,True
SVR,0.20585304611689773,"{""regressor__tol"": 0.2, ""regressor__shrinking"": false, ""regressor__epsilon"": 0.1, ""regressor__coef0"": 2.0, ""regressor__C"": 1.0}",21,13464,0.04,Hippacc,rsbs,1,T1,53,True
CART,0.1713053270455282,"{""max_features"": 1.0, ""min_samples_leaf"": 1, ""splitter"": ""best""}",21,13464,0.0,Hippacc,rsbs,1,T1,54,True
kNN,0.2179916176920514,"{""n_neighbors"": 12, ""p"": 1, ""weights"": ""uniform""}",21,13464,0.03,Hippacc,rsbs,1,T1,54,True
KRR,0.23527639921436563,"{""regressor__kernel"": ""rbf"", ""regressor__gamma"": 0.1, ""regressor__alpha"": 0.1}",21,13464,0.02,Hippacc,rsbs,1,T1,54,True
MR,0.2027957326957325,"{""lasso__regressor__alpha"": 0.001}",21,13464,0.28,Hippacc,rsbs,1,T1,54,True
RF,0.1878899036404323,"{""max_features"": 1.0, ""min_samples_leaf"": 2, ""n_estimators"": 20}",21,13464,0.04,Hippacc,rsbs,1,T1,54,True
SVR,0.21550932862194774,"{""regressor__tol"": 0.2, ""regressor__shrinking"": false, ""regressor__epsilon"": 0.1, ""regressor__coef0"": 2.0, ""regressor__C"": 1.0}",21,13464,0.04,Hippacc,rsbs,1,T1,54,True
CART,0.21749202074652083,"{""max_features"": 1.0, ""min_samples_leaf"": 1, ""splitter"": ""best""}",21,13464,0.0,Hippacc,rsbs,1,T1,55,True
kNN,0.23249156440433597,"{""n_neighbors"": 12, ""p"": 1, ""weights"": ""uniform""}",21,13464,0.03,Hippacc,rsbs,1,T1,55,True
KRR,0.18871449929337325,"{""regressor__kernel"": ""rbf"", ""regressor__gamma"": 0.1, ""regressor__alpha"": 0.1}",21,13464,0.01,Hippacc,rsbs,1,T1,55,True
MR,0.1776874047977439,"{""lasso__regressor__alpha"": 0.001}",21,13464,0.31,Hippacc,rsbs,1,T1,55,True
RF,0.18369131272881975,"{""max_features"": 1.0, ""min_samples_leaf"": 2, ""n_estimators"": 20}",21,13464,0.04,Hippacc,rsbs,1,T1,55,True
SVR,0.20307101425759388,"{""regressor__tol"": 0.2, ""regressor__shrinking"": false, ""regressor__epsilon"": 0.1, ""regressor__coef0"": 2.0, ""regressor__C"": 1.0}",21,13464,0.04,Hippacc,rsbs,1,T1,55,True
CART,0.18989877335409217,"{""max_features"": 1.0, ""min_samples_leaf"": 1, ""splitter"": ""best""}",21,13464,0.0,Hippacc,rsbs,1,T1,56,True
kNN,0.21734390344948848,"{""n_neighbors"": 12, ""p"": 1, ""weights"": ""uniform""}",21,13464,0.03,Hippacc,rsbs,1,T1,56,True
KRR,0.18847775264590622,"{""regressor__kernel"": ""rbf"", ""regressor__gamma"": 0.1, ""regressor__alpha"": 0.1}",21,13464,0.01,Hippacc,rsbs,1,T1,56,True
MR,0.1971433768604553,"{""lasso__regressor__alpha"": 0.001}",21,13464,0.28,Hippacc,rsbs,1,T1,56,True
RF,0.1824740778106023,"{""max_features"": 1.0, ""min_samples_leaf"": 2, ""n_estimators"": 20}",21,13464,0.04,Hippacc,rsbs,1,T1,56,True
SVR,0.2134162179703515,"{""regressor__tol"": 0.2, ""regressor__shrinking"": false, ""regressor__epsilon"": 0.1, ""regressor__coef0"": 2.0, ""regressor__C"": 1.0}",21,13464,0.03,Hippacc,rsbs,1,T1,56,True
CART,0.19551251258063337,"{""max_features"": 1.0, ""min_samples_leaf"": 1, ""splitter"": ""best""}",21,13464,0.0,Hippacc,rsbs,1,T1,57,True
kNN,0.2418025654932906,"{""n_neighbors"": 12, ""p"": 1, ""weights"": ""uniform""}",21,13464,0.03,Hippacc,rsbs,1,T1,57,True
KRR,0.18466477941563403,"{""regressor__kernel"": ""rbf"", ""regressor__gamma"": 0.1, ""regressor__alpha"": 0.1}",21,13464,0.01,Hippacc,rsbs,1,T1,57,True
MR,0.19510311511370088,"{""lasso__regressor__alpha"": 0.001}",21,13464,0.3,Hippacc,rsbs,1,T1,57,True
RF,0.17219950450703814,"{""max_features"": 1.0, ""min_samples_leaf"": 2, ""n_estimators"": 20}",21,13464,0.04,Hippacc,rsbs,1,T1,57,True
SVR,0.19885548115191284,"{""regressor__tol"": 0.2, ""regressor__shrinking"": false, ""regressor__epsilon"": 0.1, ""regressor__coef0"": 2.0, ""regressor__C"": 1.0}",21,13464,0.04,Hippacc,rsbs,1,T1,57,True
CART,0.17204046458339692,"{""max_features"": 1.0, ""min_samples_leaf"": 1, ""splitter"": ""best""}",21,13464,0.0,Hippacc,rsbs,1,T1,58,True
kNN,0.26376205703469585,"{""n_neighbors"": 12, ""p"": 1, ""weights"": ""uniform""}",21,13464,0.03,Hippacc,rsbs,1,T1,58,True
KRR,0.20781511178699152,"{""regressor__kernel"": ""rbf"", ""regressor__gamma"": 0.1, ""regressor__alpha"": 0.1}",21,13464,0.02,Hippacc,rsbs,1,T1,58,True
MR,0.17278617596038795,"{""lasso__regressor__alpha"": 0.001}",21,13464,0.29,Hippacc,rsbs,1,T1,58,True
RF,0.1733662569774707,"{""max_features"": 1.0, ""min_samples_leaf"": 2, ""n_estimators"": 20}",21,13464,0.04,Hippacc,rsbs,1,T1,58,True
SVR,0.21912752741460725,"{""regressor__tol"": 0.2, ""regressor__shrinking"": false, ""regressor__epsilon"": 0.1, ""regressor__coef0"": 2.0, ""regressor__C"": 1.0}",21,13464,0.04,Hippacc,rsbs,1,T1,58,True
CART,0.17495298464423847,"{""max_features"": 1.0, ""min_samples_leaf"": 1, ""splitter"": ""best""}",21,13464,0.0,Hippacc,rsbs,1,T1,59,True
kNN,0.23420137761516668,"{""n_neighbors"": 12, ""p"": 1, ""weights"": ""uniform""}",21,13464,0.03,Hippacc,rsbs,1,T1,59,True
KRR,0.2044335205317765,"{""regressor__kernel"": ""rbf"", ""regressor__gamma"": 0.1, ""regressor__alpha"": 0.1}",21,13464,0.01,Hippacc,rsbs,1,T1,59,True
MR,0.2009108245939836,"{""lasso__regressor__alpha"": 0.001}",21,13464,0.31,Hippacc,rsbs,1,T1,59,True
RF,0.18188963673555167,"{""max_features"": 1.0, ""min_samples_leaf"": 2, ""n_estimators"": 20}",21,13464,0.04,Hippacc,rsbs,1,T1,59,True
SVR,0.21444734851438935,"{""regressor__tol"": 0.2, ""regressor__shrinking"": false, ""regressor__epsilon"": 0.1, ""regressor__coef0"": 2.0, ""regressor__C"": 1.0}",21,13464,0.04,Hippacc,rsbs,1,T1,59,True
CART,0.3491090193998498,"{""max_features"": 1.0, ""min_samples_leaf"": 1, ""splitter"": ""best""}",21,13464,0.0,Hippacc,rsbs,1,T1,60,True
kNN,0.23497567481246756,"{""n_neighbors"": 12, ""p"": 1, ""weights"": ""uniform""}",21,13464,0.03,Hippacc,rsbs,1,T1,60,True
KRR,0.29368021293333796,"{""regressor__kernel"": ""rbf"", ""regressor__gamma"": 0.1, ""regressor__alpha"": 0.1}",21,13464,0.02,Hippacc,rsbs,1,T1,60,True
MR,0.3015803632517604,"{""lasso__regressor__alpha"": 0.001}",21,13464,0.27,Hippacc,rsbs,1,T1,60,True
RF,0.20423701208838432,"{""max_features"": 1.0, ""min_samples_leaf"": 2, ""n_estimators"": 20}",21,13464,0.04,Hippacc,rsbs,1,T1,60,True
SVR,0.22291379020498148,"{""regressor__tol"": 0.2, ""regressor__shrinking"": false, ""regressor__epsilon"": 0.1, ""regressor__coef0"": 2.0, ""regressor__C"": 1.0}",21,13464,0.02,Hippacc,rsbs,1,T1,60,True
CART,0.23039781387502553,"{""max_features"": 1.0, ""min_samples_leaf"": 1, ""splitter"": ""best""}",21,13464,0.0,Hippacc,rsbs,1,T1,61,True
kNN,0.2155933007517003,"{""n_neighbors"": 12, ""p"": 1, ""weights"": ""uniform""}",21,13464,0.03,Hippacc,rsbs,1,T1,61,True
KRR,0.19903218083324098,"{""regressor__kernel"": ""rbf"", ""regressor__gamma"": 0.1, ""regressor__alpha"": 0.1}",21,13464,0.02,Hippacc,rsbs,1,T1,61,True
MR,0.21698718539779036,"{""lasso__regressor__alpha"": 0.001}",21,13464,0.3,Hippacc,rsbs,1,T1,61,True
RF,0.16685510716852506,"{""max_features"": 1.0, ""min_samples_leaf"": 2, ""n_estimators"": 20}",21,13464,0.04,Hippacc,rsbs,1,T1,61,True
SVR,0.2092234269426489,"{""regressor__tol"": 0.2, ""regressor__shrinking"": false, ""regressor__epsilon"": 0.1, ""regressor__coef0"": 2.0, ""regressor__C"": 1.0}",21,13464,0.03,Hippacc,rsbs,1,T1,61,True
CART,0.25066096623362444,"{""max_features"": 1.0, ""min_samples_leaf"": 1, ""splitter"": ""best""}",21,13464,0.0,Hippacc,rsbs,1,T1,62,True
kNN,0.249927721102518,"{""n_neighbors"": 12, ""p"": 1, ""weights"": ""uniform""}",21,13464,0.03,Hippacc,rsbs,1,T1,62,True
KRR,0.23166608580696438,"{""regressor__kernel"": ""rbf"", ""regressor__gamma"": 0.1, ""regressor__alpha"": 0.1}",21,13464,0.01,Hippacc,rsbs,1,T1,62,True
MR,0.2553526329318297,"{""lasso__regressor__alpha"": 0.001}",21,13464,0.31,Hippacc,rsbs,1,T1,62,True
RF,0.1924297093921628,"{""max_features"": 1.0, ""min_samples_leaf"": 2, ""n_estimators"": 20}",21,13464,0.04,Hippacc,rsbs,1,T1,62,True
SVR,0.2197641444701033,"{""regressor__tol"": 0.2, ""regressor__shrinking"": false, ""regressor__epsilon"": 0.1, ""regressor__coef0"": 2.0, ""regressor__C"": 1.0}",21,13464,0.03,Hippacc,rsbs,1,T1,62,True
CART,0.20718348822574892,"{""max_features"": 1.0, ""min_samples_leaf"": 1, ""splitter"": ""best""}",21,13464,0.0,Hippacc,rsbs,1,T1,63,True
kNN,0.22171916549780551,"{""n_neighbors"": 12, ""p"": 1, ""weights"": ""uniform""}",21,13464,0.03,Hippacc,rsbs,1,T1,63,True
KRR,0.23371904449416758,"{""regressor__kernel"": ""rbf"", ""regressor__gamma"": 0.1, ""regressor__alpha"": 0.1}",21,13464,0.01,Hippacc,rsbs,1,T1,63,True
MR,0.2275750016401412,"{""lasso__regressor__alpha"": 0.001}",21,13464,0.28,Hippacc,rsbs,1,T1,63,True
RF,0.17163640555115206,"{""max_features"": 1.0, ""min_samples_leaf"": 2, ""n_estimators"": 20}",21,13464,0.04,Hippacc,rsbs,1,T1,63,True
SVR,0.21683173989075985,"{""regressor__tol"": 0.2, ""regressor__shrinking"": false, ""regressor__epsilon"": 0.1, ""regressor__coef0"": 2.0, ""regressor__C"": 1.0}",21,13464,0.02,Hippacc,rsbs,1,T1,63,True
CART,0.16910604496610648,"{""max_features"": 1.0, ""min_samples_leaf"": 1, ""splitter"": ""best""}",21,13464,0.0,Hippacc,rsbs,1,T1,64,True
kNN,0.2466551896513431,"{""n_neighbors"": 12, ""p"": 1, ""weights"": ""uniform""}",21,13464,0.03,Hippacc,rsbs,1,T1,64,True
KRR,0.24551991875311305,"{""regressor__kernel"": ""rbf"", ""regressor__gamma"": 0.1, ""regressor__alpha"": 0.1}",21,13464,0.02,Hippacc,rsbs,1,T1,64,True
MR,0.1932646827414065,"{""lasso__regressor__alpha"": 0.001}",21,13464,0.29,Hippacc,rsbs,1,T1,64,True
RF,0.17022135697870647,"{""max_features"": 1.0, ""min_samples_leaf"": 2, ""n_estimators"": 20}",21,13464,0.04,Hippacc,rsbs,1,T1,64,True
SVR,0.24129695976773619,"{""regressor__tol"": 0.2, ""regressor__shrinking"": false, ""regressor__epsilon"": 0.1, ""regressor__coef0"": 2.0, ""regressor__C"": 1.0}",21,13464,0.04,Hippacc,rsbs,1,T1,64,True
CART,0.18575236204170625,"{""max_features"": 1.0, ""min_samples_leaf"": 1, ""splitter"": ""best""}",21,13464,0.0,Hippacc,rsbs,1,T1,65,True
kNN,0.20454485126099095,"{""n_neighbors"": 12, ""p"": 1, ""weights"": ""uniform""}",21,13464,0.03,Hippacc,rsbs,1,T1,65,True
KRR,0.19397752062060938,"{""regressor__kernel"": ""rbf"", ""regressor__gamma"": 0.1, ""regressor__alpha"": 0.1}",21,13464,0.01,Hippacc,rsbs,1,T1,65,True
MR,0.20622349752617528,"{""lasso__regressor__alpha"": 0.001}",21,13464,0.3,Hippacc,rsbs,1,T1,65,True
RF,0.17223294863655944,"{""max_features"": 1.0, ""min_samples_leaf"": 2, ""n_estimators"": 20}",21,13464,0.04,Hippacc,rsbs,1,T1,65,True
SVR,0.21238184106455632,"{""regressor__tol"": 0.2, ""regressor__shrinking"": false, ""regressor__epsilon"": 0.1, ""regressor__coef0"": 2.0, ""regressor__C"": 1.0}",21,13464,0.03,Hippacc,rsbs,1,T1,65,True
CART,0.1913570233432002,"{""max_features"": 1.0, ""min_samples_leaf"": 1, ""splitter"": ""best""}",21,13464,0.0,Hippacc,rsbs,1,T1,66,True
kNN,0.23323387781581695,"{""n_neighbors"": 12, ""p"": 1, ""weights"": ""uniform""}",21,13464,0.03,Hippacc,rsbs,1,T1,66,True
KRR,0.21033351166747322,"{""regressor__kernel"": ""rbf"", ""regressor__gamma"": 0.1, ""regressor__alpha"": 0.1}",21,13464,0.02,Hippacc,rsbs,1,T1,66,True
MR,0.1975305971996536,"{""lasso__regressor__alpha"": 0.001}",21,13464,0.31,Hippacc,rsbs,1,T1,66,True
RF,0.20222513396848119,"{""max_features"": 1.0, ""min_samples_leaf"": 2, ""n_estimators"": 20}",21,13464,0.04,Hippacc,rsbs,1,T1,66,True
SVR,0.21882624054764213,"{""regressor__tol"": 0.2, ""regressor__shrinking"": false, ""regressor__epsilon"": 0.1, ""regressor__coef0"": 2.0, ""regressor__C"": 1.0}",21,13464,0.04,Hippacc,rsbs,1,T1,66,True
CART,0.2031345797885128,"{""max_features"": 1.0, ""min_samples_leaf"": 1, ""splitter"": ""best""}",21,13464,0.0,Hippacc,rsbs,1,T1,67,True
kNN,0.21277657449132145,"{""n_neighbors"": 12, ""p"": 1, ""weights"": ""uniform""}",21,13464,0.03,Hippacc,rsbs,1,T1,67,True
KRR,0.19841980296484765,"{""regressor__kernel"": ""rbf"", ""regressor__gamma"": 0.1, ""regressor__alpha"": 0.1}",21,13464,0.02,Hippacc,rsbs,1,T1,67,True
MR,0.18681133724275076,"{""lasso__regressor__alpha"": 0.001}",21,13464,0.29,Hippacc,rsbs,1,T1,67,True
RF,0.1775193707827352,"{""max_features"": 1.0, ""min_samples_leaf"": 2, ""n_estimators"": 20}",21,13464,0.04,Hippacc,rsbs,1,T1,67,True
SVR,0.21084521819481242,"{""regressor__tol"": 0.2, ""regressor__shrinking"": false, ""regressor__epsilon"": 0.1, ""regressor__coef0"": 2.0, ""regressor__C"": 1.0}",21,13464,0.03,Hippacc,rsbs,1,T1,67,True
CART,0.17214786841822755,"{""max_features"": 1.0, ""min_samples_leaf"": 1, ""splitter"": ""best""}",21,13464,0.0,Hippacc,rsbs,1,T1,68,True
kNN,0.25984720558887414,"{""n_neighbors"": 12, ""p"": 1, ""weights"": ""uniform""}",21,13464,0.03,Hippacc,rsbs,1,T1,68,True
KRR,0.21887522819625613,"{""regressor__kernel"": ""rbf"", ""regressor__gamma"": 0.1, ""regressor__alpha"": 0.1}",21,13464,0.02,Hippacc,rsbs,1,T1,68,True
MR,0.22570908323651656,"{""lasso__regressor__alpha"": 0.001}",21,13464,0.28,Hippacc,rsbs,1,T1,68,True
RF,0.23042303697938887,"{""max_features"": 1.0, ""min_samples_leaf"": 2, ""n_estimators"": 20}",21,13464,0.04,Hippacc,rsbs,1,T1,68,True
SVR,0.216229235089539,"{""regressor__tol"": 0.2, ""regressor__shrinking"": false, ""regressor__epsilon"": 0.1, ""regressor__coef0"": 2.0, ""regressor__C"": 1.0}",21,13464,0.03,Hippacc,rsbs,1,T1,68,True
CART,0.2715742242986537,"{""max_features"": 1.0, ""min_samples_leaf"": 1, ""splitter"": ""best""}",21,13464,0.0,Hippacc,rsbs,1,T1,69,True
kNN,0.2816123559305822,"{""n_neighbors"": 12, ""p"": 1, ""weights"": ""uniform""}",21,13464,0.03,Hippacc,rsbs,1,T1,69,True
KRR,0.34153069000027864,"{""regressor__kernel"": ""rbf"", ""regressor__gamma"": 0.1, ""regressor__alpha"": 0.1}",21,13464,0.01,Hippacc,rsbs,1,T1,69,True
MR,0.2655881816416564,"{""lasso__regressor__alpha"": 0.001}",21,13464,0.3,Hippacc,rsbs,1,T1,69,True
RF,0.18534076737619168,"{""max_features"": 1.0, ""min_samples_leaf"": 2, ""n_estimators"": 20}",21,13464,0.04,Hippacc,rsbs,1,T1,69,True
SVR,0.24411673746397264,"{""regressor__tol"": 0.2, ""regressor__shrinking"": false, ""regressor__epsilon"": 0.1, ""regressor__coef0"": 2.0, ""regressor__C"": 1.0}",21,13464,0.03,Hippacc,rsbs,1,T1,69,True
CART,0.19819289273879548,"{""max_features"": 1.0, ""min_samples_leaf"": 1, ""splitter"": ""best""}",21,13464,0.0,Hippacc,rsbs,1,T1,70,True
kNN,0.2700818699032748,"{""n_neighbors"": 12, ""p"": 1, ""weights"": ""uniform""}",21,13464,0.03,Hippacc,rsbs,1,T1,70,True
KRR,0.21516095279234662,"{""regressor__kernel"": ""rbf"", ""regressor__gamma"": 0.1, ""regressor__alpha"": 0.1}",21,13464,0.02,Hippacc,rsbs,1,T1,70,True
MR,0.21311781383046283,"{""lasso__regressor__alpha"": 0.001}",21,13464,0.3,Hippacc,rsbs,1,T1,70,True
RF,0.21535476729281733,"{""max_features"": 1.0, ""min_samples_leaf"": 2, ""n_estimators"": 20}",21,13464,0.04,Hippacc,rsbs,1,T1,70,True
SVR,0.24477266421778776,"{""regressor__tol"": 0.2, ""regressor__shrinking"": false, ""regressor__epsilon"": 0.1, ""regressor__coef0"": 2.0, ""regressor__C"": 1.0}",21,13464,0.03,Hippacc,rsbs,1,T1,70,True
CART,0.22883820832959756,"{""max_features"": 1.0, ""min_samples_leaf"": 1, ""splitter"": ""best""}",21,13464,0.0,Hippacc,rsbs,1,T1,71,True
kNN,0.2291111357785718,"{""n_neighbors"": 12, ""p"": 1, ""weights"": ""uniform""}",21,13464,0.03,Hippacc,rsbs,1,T1,71,True
KRR,0.21721241827367008,"{""regressor__kernel"": ""rbf"", ""regressor__gamma"": 0.1, ""regressor__alpha"": 0.1}",21,13464,0.02,Hippacc,rsbs,1,T1,71,True
MR,0.22640220368846642,"{""lasso__regressor__alpha"": 0.001}",21,13464,0.29,Hippacc,rsbs,1,T1,71,True
RF,0.1798580109326413,"{""max_features"": 1.0, ""min_samples_leaf"": 2, ""n_estimators"": 20}",21,13464,0.04,Hippacc,rsbs,1,T1,71,True
SVR,0.20539442498184496,"{""regressor__tol"": 0.2, ""regressor__shrinking"": false, ""regressor__epsilon"": 0.1, ""regressor__coef0"": 2.0, ""regressor__C"": 1.0}",21,13464,0.04,Hippacc,rsbs,1,T1,71,True
CART,0.22589843332433757,"{""max_features"": 1.0, ""min_samples_leaf"": 1, ""splitter"": ""best""}",21,13464,0.0,Hippacc,rsbs,1,T1,72,True
kNN,0.31159699072268887,"{""n_neighbors"": 12, ""p"": 1, ""weights"": ""uniform""}",21,13464,0.03,Hippacc,rsbs,1,T1,72,True
KRR,0.2497684680716922,"{""regressor__kernel"": ""rbf"", ""regressor__gamma"": 0.1, ""regressor__alpha"": 0.1}",21,13464,0.02,Hippacc,rsbs,1,T1,72,True
MR,0.2506767330870658,"{""lasso__regressor__alpha"": 0.001}",21,13464,0.3,Hippacc,rsbs,1,T1,72,True
RF,0.22090157243279748,"{""max_features"": 1.0, ""min_samples_leaf"": 2, ""n_estimators"": 20}",21,13464,0.04,Hippacc,rsbs,1,T1,72,True
SVR,0.2204566274682462,"{""regressor__tol"": 0.2, ""regressor__shrinking"": false, ""regressor__epsilon"": 0.1, ""regressor__coef0"": 2.0, ""regressor__C"": 1.0}",21,13464,0.03,Hippacc,rsbs,1,T1,72,True
CART,0.21556448038332238,"{""max_features"": 1.0, ""min_samples_leaf"": 1, ""splitter"": ""best""}",21,13464,0.0,Hippacc,rsbs,1,T1,73,True
kNN,0.22946836278373134,"{""n_neighbors"": 12, ""p"": 1, ""weights"": ""uniform""}",21,13464,0.03,Hippacc,rsbs,1,T1,73,True
KRR,0.19720423866106296,"{""regressor__kernel"": ""rbf"", ""regressor__gamma"": 0.1, ""regressor__alpha"": 0.1}",21,13464,0.02,Hippacc,rsbs,1,T1,73,True
MR,0.19537234556252908,"{""lasso__regressor__alpha"": 0.001}",21,13464,0.31,Hippacc,rsbs,1,T1,73,True
RF,0.2128760329303748,"{""max_features"": 1.0, ""min_samples_leaf"": 2, ""n_estimators"": 20}",21,13464,0.04,Hippacc,rsbs,1,T1,73,True
SVR,0.22075283251741257,"{""regressor__tol"": 0.2, ""regressor__shrinking"": false, ""regressor__epsilon"": 0.1, ""regressor__coef0"": 2.0, ""regressor__C"": 1.0}",21,13464,0.04,Hippacc,rsbs,1,T1,73,True
CART,0.1924387727545743,"{""max_features"": 1.0, ""min_samples_leaf"": 1, ""splitter"": ""best""}",21,13464,0.0,Hippacc,rsbs,1,T1,74,True
kNN,0.2902440856543073,"{""n_neighbors"": 12, ""p"": 1, ""weights"": ""uniform""}",21,13464,0.03,Hippacc,rsbs,1,T1,74,True
KRR,0.23553529428018713,"{""regressor__kernel"": ""rbf"", ""regressor__gamma"": 0.1, ""regressor__alpha"": 0.1}",21,13464,0.01,Hippacc,rsbs,1,T1,74,True
MR,0.21218078029467788,"{""lasso__regressor__alpha"": 0.001}",21,13464,0.31,Hippacc,rsbs,1,T1,74,True
RF,0.18810414774501458,"{""max_features"": 1.0, ""min_samples_leaf"": 2, ""n_estimators"": 20}",21,13464,0.04,Hippacc,rsbs,1,T1,74,True
SVR,0.2682751889947125,"{""regressor__tol"": 0.2, ""regressor__shrinking"": false, ""regressor__epsilon"": 0.1, ""regressor__coef0"": 2.0, ""regressor__C"": 1.0}",21,13464,0.04,Hippacc,rsbs,1,T1,74,True
CART,0.20068620157911166,"{""max_features"": 1.0, ""min_samples_leaf"": 1, ""splitter"": ""best""}",21,13464,0.0,Hippacc,rsbs,1,T1,75,True
kNN,0.23337287286935718,"{""n_neighbors"": 12, ""p"": 1, ""weights"": ""uniform""}",21,13464,0.03,Hippacc,rsbs,1,T1,75,True
KRR,0.19248396811085025,"{""regressor__kernel"": ""rbf"", ""regressor__gamma"": 0.1, ""regressor__alpha"": 0.1}",21,13464,0.02,Hippacc,rsbs,1,T1,75,True
MR,0.18736145717445626,"{""lasso__regressor__alpha"": 0.001}",21,13464,0.29,Hippacc,rsbs,1,T1,75,True
RF,0.17361491858767586,"{""max_features"": 1.0, ""min_samples_leaf"": 2, ""n_estimators"": 20}",21,13464,0.04,Hippacc,rsbs,1,T1,75,True
SVR,0.2113090924036948,"{""regressor__tol"": 0.2, ""regressor__shrinking"": false, ""regressor__epsilon"": 0.1, ""regressor__coef0"": 2.0, ""regressor__C"": 1.0}",21,13464,0.04,Hippacc,rsbs,1,T1,75,True
CART,0.2102875277904463,"{""max_features"": 1.0, ""min_samples_leaf"": 1, ""splitter"": ""best""}",21,13464,0.0,Hippacc,rsbs,1,T1,76,True
kNN,0.31376289890745956,"{""n_neighbors"": 12, ""p"": 1, ""weights"": ""uniform""}",21,13464,0.03,Hippacc,rsbs,1,T1,76,True
KRR,0.41773922376352884,"{""regressor__kernel"": ""rbf"", ""regressor__gamma"": 0.1, ""regressor__alpha"": 0.1}",21,13464,0.01,Hippacc,rsbs,1,T1,76,True
MR,0.596583115899133,"{""lasso__regressor__alpha"": 0.001}",21,13464,0.29,Hippacc,rsbs,1,T1,76,True
RF,0.2701882840012344,"{""max_features"": 1.0, ""min_samples_leaf"": 2, ""n_estimators"": 20}",21,13464,0.04,Hippacc,rsbs,1,T1,76,True
SVR,0.3270575852398243,"{""regressor__tol"": 0.2, ""regressor__shrinking"": false, ""regressor__epsilon"": 0.1, ""regressor__coef0"": 2.0, ""regressor__C"": 1.0}",21,13464,0.03,Hippacc,rsbs,1,T1,76,True
CART,0.1848904840437664,"{""max_features"": 1.0, ""min_samples_leaf"": 1, ""splitter"": ""best""}",21,13464,0.0,Hippacc,rsbs,1,T1,77,True
kNN,0.21128932672032855,"{""n_neighbors"": 12, ""p"": 1, ""weights"": ""uniform""}",21,13464,0.03,Hippacc,rsbs,1,T1,77,True
KRR,0.17416974081062606,"{""regressor__kernel"": ""rbf"", ""regressor__gamma"": 0.1, ""regressor__alpha"": 0.1}",21,13464,0.01,Hippacc,rsbs,1,T1,77,True
MR,0.19554164834650384,"{""lasso__regressor__alpha"": 0.001}",21,13464,0.31,Hippacc,rsbs,1,T1,77,True
RF,0.1759923969766629,"{""max_features"": 1.0, ""min_samples_leaf"": 2, ""n_estimators"": 20}",21,13464,0.04,Hippacc,rsbs,1,T1,77,True
SVR,0.20864049303545615,"{""regressor__tol"": 0.2, ""regressor__shrinking"": false, ""regressor__epsilon"": 0.1, ""regressor__coef0"": 2.0, ""regressor__C"": 1.0}",21,13464,0.02,Hippacc,rsbs,1,T1,77,True
CART,0.17723150337968238,"{""max_features"": 1.0, ""min_samples_leaf"": 1, ""splitter"": ""best""}",21,13464,0.0,Hippacc,rsbs,1,T1,78,True
kNN,0.25221040115632115,"{""n_neighbors"": 12, ""p"": 1, ""weights"": ""uniform""}",21,13464,0.03,Hippacc,rsbs,1,T1,78,True
KRR,0.21544196453836925,"{""regressor__kernel"": ""rbf"", ""regressor__gamma"": 0.1, ""regressor__alpha"": 0.1}",21,13464,0.01,Hippacc,rsbs,1,T1,78,True
MR,0.19959033595678924,"{""lasso__regressor__alpha"": 0.001}",21,13464,0.29,Hippacc,rsbs,1,T1,78,True
RF,0.174858414375564,"{""max_features"": 1.0, ""min_samples_leaf"": 2, ""n_estimators"": 20}",21,13464,0.04,Hippacc,rsbs,1,T1,78,True
SVR,0.21527374527643464,"{""regressor__tol"": 0.2, ""regressor__shrinking"": false, ""regressor__epsilon"": 0.1, ""regressor__coef0"": 2.0, ""regressor__C"": 1.0}",21,13464,0.03,Hippacc,rsbs,1,T1,78,True
CART,0.187235464066658,"{""max_features"": 1.0, ""min_samples_leaf"": 1, ""splitter"": ""best""}",21,13464,0.0,Hippacc,rsbs,1,T1,79,True
kNN,0.23226242453313242,"{""n_neighbors"": 12, ""p"": 1, ""weights"": ""uniform""}",21,13464,0.03,Hippacc,rsbs,1,T1,79,True
KRR,0.22755693168704202,"{""regressor__kernel"": ""rbf"", ""regressor__gamma"": 0.1, ""regressor__alpha"": 0.1}",21,13464,0.02,Hippacc,rsbs,1,T1,79,True
MR,0.20581276884648284,"{""lasso__regressor__alpha"": 0.001}",21,13464,0.29,Hippacc,rsbs,1,T1,79,True
RF,0.17197607702403273,"{""max_features"": 1.0, ""min_samples_leaf"": 2, ""n_estimators"": 20}",21,13464,0.04,Hippacc,rsbs,1,T1,79,True
SVR,0.218254421475319,"{""regressor__tol"": 0.2, ""regressor__shrinking"": false, ""regressor__epsilon"": 0.1, ""regressor__coef0"": 2.0, ""regressor__C"": 1.0}",21,13464,0.03,Hippacc,rsbs,1,T1,79,True
CART,0.2234550206655779,"{""max_features"": 1.0, ""min_samples_leaf"": 1, ""splitter"": ""best""}",21,13464,0.0,Hippacc,rsbs,1,T1,80,True
kNN,0.22657367048548302,"{""n_neighbors"": 12, ""p"": 1, ""weights"": ""uniform""}",21,13464,0.03,Hippacc,rsbs,1,T1,80,True
KRR,0.196401067895169,"{""regressor__kernel"": ""rbf"", ""regressor__gamma"": 0.1, ""regressor__alpha"": 0.1}",21,13464,0.02,Hippacc,rsbs,1,T1,80,True
MR,0.1872340368262717,"{""lasso__regressor__alpha"": 0.001}",21,13464,0.28,Hippacc,rsbs,1,T1,80,True
RF,0.17019808939732464,"{""max_features"": 1.0, ""min_samples_leaf"": 2, ""n_estimators"": 20}",21,13464,0.04,Hippacc,rsbs,1,T1,80,True
SVR,0.1956704476354455,"{""regressor__tol"": 0.2, ""regressor__shrinking"": false, ""regressor__epsilon"": 0.1, ""regressor__coef0"": 2.0, ""regressor__C"": 1.0}",21,13464,0.04,Hippacc,rsbs,1,T1,80,True
CART,0.2502197627161019,"{""max_features"": 1.0, ""min_samples_leaf"": 1, ""splitter"": ""best""}",21,13464,0.0,Hippacc,rsbs,1,T1,81,True
kNN,0.24076611451973232,"{""n_neighbors"": 12, ""p"": 1, ""weights"": ""uniform""}",21,13464,0.03,Hippacc,rsbs,1,T1,81,True
KRR,0.2090224457939006,"{""regressor__kernel"": ""rbf"", ""regressor__gamma"": 0.1, ""regressor__alpha"": 0.1}",21,13464,0.02,Hippacc,rsbs,1,T1,81,True
MR,0.2187339013596786,"{""lasso__regressor__alpha"": 0.001}",21,13464,0.31,Hippacc,rsbs,1,T1,81,True
RF,0.1887203512920767,"{""max_features"": 1.0, ""min_samples_leaf"": 2, ""n_estimators"": 20}",21,13464,0.04,Hippacc,rsbs,1,T1,81,True
SVR,0.21140491503213632,"{""regressor__tol"": 0.2, ""regressor__shrinking"": false, ""regressor__epsilon"": 0.1, ""regressor__coef0"": 2.0, ""regressor__C"": 1.0}",21,13464,0.03,Hippacc,rsbs,1,T1,81,True
CART,0.6605464507873506,"{""max_features"": 1.0, ""min_samples_leaf"": 1, ""splitter"": ""best""}",21,13464,0.0,Hippacc,rsbs,1,T1,82,True
kNN,0.253210921983169,"{""n_neighbors"": 12, ""p"": 1, ""weights"": ""uniform""}",21,13464,0.03,Hippacc,rsbs,1,T1,82,True
KRR,0.29363891382977886,"{""regressor__kernel"": ""rbf"", ""regressor__gamma"": 0.1, ""regressor__alpha"": 0.1}",21,13464,0.02,Hippacc,rsbs,1,T1,82,True
MR,0.23003801166380514,"{""lasso__regressor__alpha"": 0.001}",21,13464,0.3,Hippacc,rsbs,1,T1,82,True
RF,0.1835927891759257,"{""max_features"": 1.0, ""min_samples_leaf"": 2, ""n_estimators"": 20}",21,13464,0.04,Hippacc,rsbs,1,T1,82,True
SVR,0.2219235946004395,"{""regressor__tol"": 0.2, ""regressor__shrinking"": false, ""regressor__epsilon"": 0.1, ""regressor__coef0"": 2.0, ""regressor__C"": 1.0}",21,13464,0.03,Hippacc,rsbs,1,T1,82,True
CART,0.1955653999602272,"{""max_features"": 1.0, ""min_samples_leaf"": 1, ""splitter"": ""best""}",21,13464,0.0,Hippacc,rsbs,1,T1,83,True
kNN,0.22536148944920573,"{""n_neighbors"": 12, ""p"": 1, ""weights"": ""uniform""}",21,13464,0.03,Hippacc,rsbs,1,T1,83,True
KRR,0.20029109741603382,"{""regressor__kernel"": ""rbf"", ""regressor__gamma"": 0.1, ""regressor__alpha"": 0.1}",21,13464,0.02,Hippacc,rsbs,1,T1,83,True
MR,0.1948958352665677,"{""lasso__regressor__alpha"": 0.001}",21,13464,0.29,Hippacc,rsbs,1,T1,83,True
RF,0.17433018313647627,"{""max_features"": 1.0, ""min_samples_leaf"": 2, ""n_estimators"": 20}",21,13464,0.04,Hippacc,rsbs,1,T1,83,True
SVR,0.20952492087503893,"{""regressor__tol"": 0.2, ""regressor__shrinking"": false, ""regressor__epsilon"": 0.1, ""regressor__coef0"": 2.0, ""regressor__C"": 1.0}",21,13464,0.04,Hippacc,rsbs,1,T1,83,True
CART,0.23719460240142906,"{""max_features"": 1.0, ""min_samples_leaf"": 1, ""splitter"": ""best""}",21,13464,0.0,Hippacc,rsbs,1,T1,84,True
kNN,0.2742538545960157,"{""n_neighbors"": 12, ""p"": 1, ""weights"": ""uniform""}",21,13464,0.03,Hippacc,rsbs,1,T1,84,True
KRR,0.2651779808258188,"{""regressor__kernel"": ""rbf"", ""regressor__gamma"": 0.1, ""regressor__alpha"": 0.1}",21,13464,0.02,Hippacc,rsbs,1,T1,84,True
MR,0.21946541406649753,"{""lasso__regressor__alpha"": 0.001}",21,13464,0.29,Hippacc,rsbs,1,T1,84,True
RF,0.22976963747696563,"{""max_features"": 1.0, ""min_samples_leaf"": 2, ""n_estimators"": 20}",21,13464,0.04,Hippacc,rsbs,1,T1,84,True
SVR,0.23708383817554798,"{""regressor__tol"": 0.2, ""regressor__shrinking"": false, ""regressor__epsilon"": 0.1, ""regressor__coef0"": 2.0, ""regressor__C"": 1.0}",21,13464,0.04,Hippacc,rsbs,1,T1,84,True
CART,0.19430233312844436,"{""max_features"": 1.0, ""min_samples_leaf"": 1, ""splitter"": ""best""}",21,13464,0.0,Hippacc,rsbs,1,T1,85,True
kNN,0.2467045365621806,"{""n_neighbors"": 12, ""p"": 1, ""weights"": ""uniform""}",21,13464,0.03,Hippacc,rsbs,1,T1,85,True
KRR,0.21903392310837205,"{""regressor__kernel"": ""rbf"", ""regressor__gamma"": 0.1, ""regressor__alpha"": 0.1}",21,13464,0.02,Hippacc,rsbs,1,T1,85,True
MR,0.20817458241594403,"{""lasso__regressor__alpha"": 0.001}",21,13464,0.3,Hippacc,rsbs,1,T1,85,True
RF,0.1751649967160298,"{""max_features"": 1.0, ""min_samples_leaf"": 2, ""n_estimators"": 20}",21,13464,0.04,Hippacc,rsbs,1,T1,85,True
SVR,0.2103203661366329,"{""regressor__tol"": 0.2, ""regressor__shrinking"": false, ""regressor__epsilon"": 0.1, ""regressor__coef0"": 2.0, ""regressor__C"": 1.0}",21,13464,0.04,Hippacc,rsbs,1,T1,85,True
CART,0.2055516829844827,"{""max_features"": 1.0, ""min_samples_leaf"": 1, ""splitter"": ""best""}",21,13464,0.0,Hippacc,rsbs,1,T1,86,True
kNN,0.2305301058318479,"{""n_neighbors"": 12, ""p"": 1, ""weights"": ""uniform""}",21,13464,0.03,Hippacc,rsbs,1,T1,86,True
KRR,0.22012089214497568,"{""regressor__kernel"": ""rbf"", ""regressor__gamma"": 0.1, ""regressor__alpha"": 0.1}",21,13464,0.01,Hippacc,rsbs,1,T1,86,True
MR,0.20540980906041303,"{""lasso__regressor__alpha"": 0.001}",21,13464,0.31,Hippacc,rsbs,1,T1,86,True
RF,0.1712546277134717,"{""max_features"": 1.0, ""min_samples_leaf"": 2, ""n_estimators"": 20}",21,13464,0.04,Hippacc,rsbs,1,T1,86,True
SVR,0.21833813873561478,"{""regressor__tol"": 0.2, ""regressor__shrinking"": false, ""regressor__epsilon"": 0.1, ""regressor__coef0"": 2.0, ""regressor__C"": 1.0}",21,13464,0.04,Hippacc,rsbs,1,T1,86,True
CART,0.21146249433149533,"{""max_features"": 1.0, ""min_samples_leaf"": 1, ""splitter"": ""best""}",21,13464,0.0,Hippacc,rsbs,1,T1,87,True
kNN,0.2464071119662509,"{""n_neighbors"": 12, ""p"": 1, ""weights"": ""uniform""}",21,13464,0.03,Hippacc,rsbs,1,T1,87,True
KRR,0.2314818798987153,"{""regressor__kernel"": ""rbf"", ""regressor__gamma"": 0.1, ""regressor__alpha"": 0.1}",21,13464,0.02,Hippacc,rsbs,1,T1,87,True
MR,0.2129834970995536,"{""lasso__regressor__alpha"": 0.001}",21,13464,0.29,Hippacc,rsbs,1,T1,87,True
RF,0.1855583426025375,"{""max_features"": 1.0, ""min_samples_leaf"": 2, ""n_estimators"": 20}",21,13464,0.04,Hippacc,rsbs,1,T1,87,True
SVR,0.2114718157412117,"{""regressor__tol"": 0.2, ""regressor__shrinking"": false, ""regressor__epsilon"": 0.1, ""regressor__coef0"": 2.0, ""regressor__C"": 1.0}",21,13464,0.03,Hippacc,rsbs,1,T1,87,True
CART,0.21844683587373412,"{""max_features"": 1.0, ""min_samples_leaf"": 1, ""splitter"": ""best""}",21,13464,0.0,Hippacc,rsbs,1,T1,88,True
kNN,0.2429401858487308,"{""n_neighbors"": 12, ""p"": 1, ""weights"": ""uniform""}",21,13464,0.03,Hippacc,rsbs,1,T1,88,True
KRR,0.23264893074389817,"{""regressor__kernel"": ""rbf"", ""regressor__gamma"": 0.1, ""regressor__alpha"": 0.1}",21,13464,0.01,Hippacc,rsbs,1,T1,88,True
MR,0.19635457914782364,"{""lasso__regressor__alpha"": 0.001}",21,13464,0.28,Hippacc,rsbs,1,T1,88,True
RF,0.17337684059264846,"{""max_features"": 1.0, ""min_samples_leaf"": 2, ""n_estimators"": 20}",21,13464,0.04,Hippacc,rsbs,1,T1,88,True
SVR,0.20750258026980348,"{""regressor__tol"": 0.2, ""regressor__shrinking"": false, ""regressor__epsilon"": 0.1, ""regressor__coef0"": 2.0, ""regressor__C"": 1.0}",21,13464,0.03,Hippacc,rsbs,1,T1,88,True
CART,0.1994082290874758,"{""max_features"": 1.0, ""min_samples_leaf"": 1, ""splitter"": ""best""}",21,13464,0.0,Hippacc,rsbs,1,T1,89,True
kNN,0.22241562723948918,"{""n_neighbors"": 12, ""p"": 1, ""weights"": ""uniform""}",21,13464,0.03,Hippacc,rsbs,1,T1,89,True
KRR,0.19113531776785406,"{""regressor__kernel"": ""rbf"", ""regressor__gamma"": 0.1, ""regressor__alpha"": 0.1}",21,13464,0.01,Hippacc,rsbs,1,T1,89,True
MR,0.18574728919648117,"{""lasso__regressor__alpha"": 0.001}",21,13464,0.31,Hippacc,rsbs,1,T1,89,True
RF,0.19469187559506432,"{""max_features"": 1.0, ""min_samples_leaf"": 2, ""n_estimators"": 20}",21,13464,0.04,Hippacc,rsbs,1,T1,89,True
SVR,0.21493314235854233,"{""regressor__tol"": 0.2, ""regressor__shrinking"": false, ""regressor__epsilon"": 0.1, ""regressor__coef0"": 2.0, ""regressor__C"": 1.0}",21,13464,0.03,Hippacc,rsbs,1,T1,89,True
CART,0.25142158908390333,"{""max_features"": 1.0, ""min_samples_leaf"": 1, ""splitter"": ""best""}",21,13464,0.0,Hippacc,rsbs,1,T1,90,True
kNN,0.257012255006953,"{""n_neighbors"": 12, ""p"": 1, ""weights"": ""uniform""}",21,13464,0.03,Hippacc,rsbs,1,T1,90,True
KRR,0.22688602816326017,"{""regressor__kernel"": ""rbf"", ""regressor__gamma"": 0.1, ""regressor__alpha"": 0.1}",21,13464,0.01,Hippacc,rsbs,1,T1,90,True
MR,0.21366991742998095,"{""lasso__regressor__alpha"": 0.001}",21,13464,0.31,Hippacc,rsbs,1,T1,90,True
RF,0.16791044490336723,"{""max_features"": 1.0, ""min_samples_leaf"": 2, ""n_estimators"": 20}",21,13464,0.04,Hippacc,rsbs,1,T1,90,True
SVR,0.21034085654240703,"{""regressor__tol"": 0.2, ""regressor__shrinking"": false, ""regressor__epsilon"": 0.1, ""regressor__coef0"": 2.0, ""regressor__C"": 1.0}",21,13464,0.03,Hippacc,rsbs,1,T1,90,True
CART,0.23817556181970465,"{""max_features"": 1.0, ""min_samples_leaf"": 1, ""splitter"": ""best""}",21,13464,0.0,Hippacc,rsbs,1,T1,91,True
kNN,0.23412843619587356,"{""n_neighbors"": 12, ""p"": 1, ""weights"": ""uniform""}",21,13464,0.03,Hippacc,rsbs,1,T1,91,True
KRR,0.20632363342949567,"{""regressor__kernel"": ""rbf"", ""regressor__gamma"": 0.1, ""regressor__alpha"": 0.1}",21,13464,0.02,Hippacc,rsbs,1,T1,91,True
MR,0.22392165209250892,"{""lasso__regressor__alpha"": 0.001}",21,13464,0.29,Hippacc,rsbs,1,T1,91,True
RF,0.18970808795443647,"{""max_features"": 1.0, ""min_samples_leaf"": 2, ""n_estimators"": 20}",21,13464,0.04,Hippacc,rsbs,1,T1,91,True
SVR,0.20751523197471586,"{""regressor__tol"": 0.2, ""regressor__shrinking"": false, ""regressor__epsilon"": 0.1, ""regressor__coef0"": 2.0, ""regressor__C"": 1.0}",21,13464,0.03,Hippacc,rsbs,1,T1,91,True
CART,0.17533730167786643,"{""max_features"": 1.0, ""min_samples_leaf"": 1, ""splitter"": ""best""}",21,13464,0.0,Hippacc,rsbs,1,T1,92,True
kNN,0.2349235184238758,"{""n_neighbors"": 12, ""p"": 1, ""weights"": ""uniform""}",21,13464,0.03,Hippacc,rsbs,1,T1,92,True
KRR,0.1946489731793467,"{""regressor__kernel"": ""rbf"", ""regressor__gamma"": 0.1, ""regressor__alpha"": 0.1}",21,13464,0.02,Hippacc,rsbs,1,T1,92,True
MR,0.1908203674687334,"{""lasso__regressor__alpha"": 0.001}",21,13464,0.29,Hippacc,rsbs,1,T1,92,True
RF,0.18125921711019635,"{""max_features"": 1.0, ""min_samples_leaf"": 2, ""n_estimators"": 20}",21,13464,0.04,Hippacc,rsbs,1,T1,92,True
SVR,0.21232608218024462,"{""regressor__tol"": 0.2, ""regressor__shrinking"": false, ""regressor__epsilon"": 0.1, ""regressor__coef0"": 2.0, ""regressor__C"": 1.0}",21,13464,0.04,Hippacc,rsbs,1,T1,92,True
CART,0.18232416110413235,"{""max_features"": 1.0, ""min_samples_leaf"": 1, ""splitter"": ""best""}",21,13464,0.0,Hippacc,rsbs,1,T1,93,True
kNN,0.2562535868305344,"{""n_neighbors"": 12, ""p"": 1, ""weights"": ""uniform""}",21,13464,0.03,Hippacc,rsbs,1,T1,93,True
KRR,0.22246967711883012,"{""regressor__kernel"": ""rbf"", ""regressor__gamma"": 0.1, ""regressor__alpha"": 0.1}",21,13464,0.02,Hippacc,rsbs,1,T1,93,True
MR,0.1822037592508176,"{""lasso__regressor__alpha"": 0.001}",21,13464,0.31,Hippacc,rsbs,1,T1,93,True
RF,0.19813950013145987,"{""max_features"": 1.0, ""min_samples_leaf"": 2, ""n_estimators"": 20}",21,13464,0.04,Hippacc,rsbs,1,T1,93,True
SVR,0.21109357404955012,"{""regressor__tol"": 0.2, ""regressor__shrinking"": false, ""regressor__epsilon"": 0.1, ""regressor__coef0"": 2.0, ""regressor__C"": 1.0}",21,13464,0.04,Hippacc,rsbs,1,T1,93,True
CART,0.20148336660599506,"{""max_features"": 1.0, ""min_samples_leaf"": 1, ""splitter"": ""best""}",21,13464,0.0,Hippacc,rsbs,1,T1,94,True
kNN,0.23761310278443995,"{""n_neighbors"": 12, ""p"": 1, ""weights"": ""uniform""}",21,13464,0.03,Hippacc,rsbs,1,T1,94,True
KRR,0.22541815071474258,"{""regressor__kernel"": ""rbf"", ""regressor__gamma"": 0.1, ""regressor__alpha"": 0.1}",21,13464,0.01,Hippacc,rsbs,1,T1,94,True
MR,0.18709280034090595,"{""lasso__regressor__alpha"": 0.001}",21,13464,0.31,Hippacc,rsbs,1,T1,94,True
RF,0.17671202807366254,"{""max_features"": 1.0, ""min_samples_leaf"": 2, ""n_estimators"": 20}",21,13464,0.04,Hippacc,rsbs,1,T1,94,True
SVR,0.234940242217638,"{""regressor__tol"": 0.2, ""regressor__shrinking"": false, ""regressor__epsilon"": 0.1, ""regressor__coef0"": 2.0, ""regressor__C"": 1.0}",21,13464,0.03,Hippacc,rsbs,1,T1,94,True
CART,0.20915892810017536,"{""max_features"": 1.0, ""min_samples_leaf"": 1, ""splitter"": ""best""}",21,13464,0.0,Hippacc,rsbs,1,T1,95,True
kNN,0.22955074497671937,"{""n_neighbors"": 12, ""p"": 1, ""weights"": ""uniform""}",21,13464,0.03,Hippacc,rsbs,1,T1,95,True
KRR,0.2251678054287706,"{""regressor__kernel"": ""rbf"", ""regressor__gamma"": 0.1, ""regressor__alpha"": 0.1}",21,13464,0.02,Hippacc,rsbs,1,T1,95,True
MR,0.23769978359365498,"{""lasso__regressor__alpha"": 0.001}",21,13464,0.29,Hippacc,rsbs,1,T1,95,True
RF,0.17623251599116888,"{""max_features"": 1.0, ""min_samples_leaf"": 2, ""n_estimators"": 20}",21,13464,0.04,Hippacc,rsbs,1,T1,95,True
SVR,0.22544124034853677,"{""regressor__tol"": 0.2, ""regressor__shrinking"": false, ""regressor__epsilon"": 0.1, ""regressor__coef0"": 2.0, ""regressor__C"": 1.0}",21,13464,0.04,Hippacc,rsbs,1,T1,95,True
CART,0.20473474979338768,"{""max_features"": 1.0, ""min_samples_leaf"": 1, ""splitter"": ""best""}",21,13464,0.0,Hippacc,rsbs,1,T1,96,True
kNN,0.2268437632920712,"{""n_neighbors"": 12, ""p"": 1, ""weights"": ""uniform""}",21,13464,0.03,Hippacc,rsbs,1,T1,96,True
KRR,0.1976117133852647,"{""regressor__kernel"": ""rbf"", ""regressor__gamma"": 0.1, ""regressor__alpha"": 0.1}",21,13464,0.01,Hippacc,rsbs,1,T1,96,True
MR,0.17959105965824335,"{""lasso__regressor__alpha"": 0.001}",21,13464,0.28,Hippacc,rsbs,1,T1,96,True
RF,0.1875621308651089,"{""max_features"": 1.0, ""min_samples_leaf"": 2, ""n_estimators"": 20}",21,13464,0.04,Hippacc,rsbs,1,T1,96,True
SVR,0.20082935035552255,"{""regressor__tol"": 0.2, ""regressor__shrinking"": false, ""regressor__epsilon"": 0.1, ""regressor__coef0"": 2.0, ""regressor__C"": 1.0}",21,13464,0.03,Hippacc,rsbs,1,T1,96,True
CART,0.21855503282729233,"{""max_features"": 1.0, ""min_samples_leaf"": 1, ""splitter"": ""best""}",21,13464,0.0,Hippacc,rsbs,1,T1,97,True
kNN,0.21752125562848051,"{""n_neighbors"": 12, ""p"": 1, ""weights"": ""uniform""}",21,13464,0.03,Hippacc,rsbs,1,T1,97,True
KRR,0.20753383704170217,"{""regressor__kernel"": ""rbf"", ""regressor__gamma"": 0.1, ""regressor__alpha"": 0.1}",21,13464,0.02,Hippacc,rsbs,1,T1,97,True
MR,0.22538987729746895,"{""lasso__regressor__alpha"": 0.001}",21,13464,0.3,Hippacc,rsbs,1,T1,97,True
RF,0.1860129058285087,"{""max_features"": 1.0, ""min_samples_leaf"": 2, ""n_estimators"": 20}",21,13464,0.04,Hippacc,rsbs,1,T1,97,True
SVR,0.2192663943515511,"{""regressor__tol"": 0.2, ""regressor__shrinking"": false, ""regressor__epsilon"": 0.1, ""regressor__coef0"": 2.0, ""regressor__C"": 1.0}",21,13464,0.03,Hippacc,rsbs,1,T1,97,True
CART,0.22861932499059798,"{""max_features"": 1.0, ""min_samples_leaf"": 1, ""splitter"": ""best""}",21,13464,0.0,Hippacc,rsbs,1,T1,98,True
kNN,0.22701039342362486,"{""n_neighbors"": 12, ""p"": 1, ""weights"": ""uniform""}",21,13464,0.03,Hippacc,rsbs,1,T1,98,True
KRR,0.1864650313095043,"{""regressor__kernel"": ""rbf"", ""regressor__gamma"": 0.1, ""regressor__alpha"": 0.1}",21,13464,0.01,Hippacc,rsbs,1,T1,98,True
MR,0.18320825763794932,"{""lasso__regressor__alpha"": 0.001}",21,13464,0.32,Hippacc,rsbs,1,T1,98,True
RF,0.18080745878440713,"{""max_features"": 1.0, ""min_samples_leaf"": 2, ""n_estimators"": 20}",21,13464,0.04,Hippacc,rsbs,1,T1,98,True
SVR,0.21107132354956387,"{""regressor__tol"": 0.2, ""regressor__shrinking"": false, ""regressor__epsilon"": 0.1, ""regressor__coef0"": 2.0, ""regressor__C"": 1.0}",21,13464,0.03,Hippacc,rsbs,1,T1,98,True
CART,0.43379258090733996,"{""max_features"": 1.0, ""min_samples_leaf"": 1, ""splitter"": ""best""}",21,13464,0.0,Hippacc,rsbs,1,T1,99,True
kNN,0.23245287375859125,"{""n_neighbors"": 12, ""p"": 1, ""weights"": ""uniform""}",21,13464,0.03,Hippacc,rsbs,1,T1,99,True
KRR,0.24787259651336876,"{""regressor__kernel"": ""rbf"", ""regressor__gamma"": 0.1, ""regressor__alpha"": 0.1}",21,13464,0.01,Hippacc,rsbs,1,T1,99,True
MR,0.274536586450861,"{""lasso__regressor__alpha"": 0.001}",21,13464,0.29,Hippacc,rsbs,1,T1,99,True
RF,0.19726402362149026,"{""max_features"": 1.0, ""min_samples_leaf"": 2, ""n_estimators"": 20}",21,13464,0.04,Hippacc,rsbs,1,T1,99,True
SVR,0.22154098892057064,"{""regressor__tol"": 0.2, ""regressor__shrinking"": false, ""regressor__epsilon"": 0.1, ""regressor__coef0"": 2.0, ""regressor__C"": 1.0}",21,13464,0.03,Hippacc,rsbs,1,T1,99,True
CART,0.18975953568551854,"{""max_features"": 1.0, ""min_samples_leaf"": 1, ""splitter"": ""best""}",21,13464,0.0,Hippacc,rsbs,1,T1,100,True
kNN,0.2297952137801707,"{""n_neighbors"": 12, ""p"": 1, ""weights"": ""uniform""}",21,13464,0.03,Hippacc,rsbs,1,T1,100,True
KRR,0.2364519451356104,"{""regressor__kernel"": ""rbf"", ""regressor__gamma"": 0.1, ""regressor__alpha"": 0.1}",21,13464,0.02,Hippacc,rsbs,1,T1,100,True
MR,0.2238824095543869,"{""lasso__regressor__alpha"": 0.001}",21,13464,0.29,Hippacc,rsbs,1,T1,100,True
RF,0.1875442133409785,"{""max_features"": 1.0, ""min_samples_leaf"": 2, ""n_estimators"": 20}",21,13464,0.04,Hippacc,rsbs,1,T1,100,True
SVR,0.2310495031106933,"{""regressor__tol"": 0.2, ""regressor__shrinking"": false, ""regressor__epsilon"": 0.1, ""regressor__coef0"": 2.0, ""regressor__C"": 1.0}",21,13464,0.02,Hippacc,rsbs,1,T1,100,True
CART,0.13439055647061848,"{""max_features"": 1.0, ""min_samples_leaf"": 1, ""splitter"": ""best""}",361,13124,0.01,Hippacc,rsbs,1,T2,1,True
kNN,0.19732824053114587,"{""n_neighbors"": 10, ""p"": 1, ""weights"": ""uniform""}",361,13124,0.38,Hippacc,rsbs,1,T2,1,True
KRR,0.1356764218309893,"{""regressor__kernel"": ""rbf"", ""regressor__gamma"": 0.2, ""regressor__alpha"": 0.1}",361,13124,0.16,Hippacc,rsbs,1,T2,1,True
MR,0.11941602472269475,"{""lasso__regressor__alpha"": 0.001}",361,13124,0.4,Hippacc,rsbs,1,T2,1,True
RF,0.1136198484669728,"{""max_features"": 1.0, ""min_samples_leaf"": 1, ""n_estimators"": 20}",361,13124,0.09,Hippacc,rsbs,1,T2,1,True
SVR,0.1489175809420686,"{""regressor__tol"": 0.1, ""regressor__shrinking"": false, ""regressor__epsilon"": 0.1, ""regressor__coef0"": 1.0, ""regressor__C"": 1.0}",361,13124,0.39,Hippacc,rsbs,1,T2,1,True
CART,0.14002745504945976,"{""max_features"": 1.0, ""min_samples_leaf"": 1, ""splitter"": ""best""}",361,13124,0.01,Hippacc,rsbs,1,T2,2,True
kNN,0.19930307188350838,"{""n_neighbors"": 10, ""p"": 1, ""weights"": ""uniform""}",361,13124,0.39,Hippacc,rsbs,1,T2,2,True
KRR,0.1294509778031654,"{""regressor__kernel"": ""rbf"", ""regressor__gamma"": 0.2, ""regressor__alpha"": 0.1}",361,13124,0.15,Hippacc,rsbs,1,T2,2,True
MR,0.10723229607682748,"{""lasso__regressor__alpha"": 0.001}",361,13124,0.43,Hippacc,rsbs,1,T2,2,True
RF,0.11124827589907813,"{""max_features"": 1.0, ""min_samples_leaf"": 1, ""n_estimators"": 20}",361,13124,0.09,Hippacc,rsbs,1,T2,2,True
SVR,0.1446390286166997,"{""regressor__tol"": 0.1, ""regressor__shrinking"": false, ""regressor__epsilon"": 0.1, ""regressor__coef0"": 1.0, ""regressor__C"": 1.0}",361,13124,0.38,Hippacc,rsbs,1,T2,2,True
CART,0.1658337234004003,"{""max_features"": 1.0, ""min_samples_leaf"": 1, ""splitter"": ""best""}",361,13124,0.01,Hippacc,rsbs,1,T2,3,True
kNN,0.21978449448000378,"{""n_neighbors"": 10, ""p"": 1, ""weights"": ""uniform""}",361,13124,0.38,Hippacc,rsbs,1,T2,3,True
KRR,0.152235302502223,"{""regressor__kernel"": ""rbf"", ""regressor__gamma"": 0.2, ""regressor__alpha"": 0.1}",361,13124,0.17,Hippacc,rsbs,1,T2,3,True
MR,0.13177698564476498,"{""lasso__regressor__alpha"": 0.001}",361,13124,0.44,Hippacc,rsbs,1,T2,3,True
RF,0.12099971975800335,"{""max_features"": 1.0, ""min_samples_leaf"": 1, ""n_estimators"": 20}",361,13124,0.09,Hippacc,rsbs,1,T2,3,True
SVR,0.1602536504936464,"{""regressor__tol"": 0.1, ""regressor__shrinking"": false, ""regressor__epsilon"": 0.1, ""regressor__coef0"": 1.0, ""regressor__C"": 1.0}",361,13124,0.4,Hippacc,rsbs,1,T2,3,True
CART,0.11488851626784699,"{""max_features"": 1.0, ""min_samples_leaf"": 1, ""splitter"": ""best""}",361,13124,0.01,Hippacc,rsbs,1,T2,4,True
kNN,0.2060942878519911,"{""n_neighbors"": 10, ""p"": 1, ""weights"": ""uniform""}",361,13124,0.37,Hippacc,rsbs,1,T2,4,True
KRR,0.123254890633957,"{""regressor__kernel"": ""rbf"", ""regressor__gamma"": 0.2, ""regressor__alpha"": 0.1}",361,13124,0.16,Hippacc,rsbs,1,T2,4,True
MR,0.10525810755346779,"{""lasso__regressor__alpha"": 0.001}",361,13124,0.47,Hippacc,rsbs,1,T2,4,True
RF,0.09955481237944695,"{""max_features"": 1.0, ""min_samples_leaf"": 1, ""n_estimators"": 20}",361,13124,0.09,Hippacc,rsbs,1,T2,4,True
SVR,0.14346977259959734,"{""regressor__tol"": 0.1, ""regressor__shrinking"": false, ""regressor__epsilon"": 0.1, ""regressor__coef0"": 1.0, ""regressor__C"": 1.0}",361,13124,0.4,Hippacc,rsbs,1,T2,4,True
CART,0.15354192701532707,"{""max_features"": 1.0, ""min_samples_leaf"": 1, ""splitter"": ""best""}",361,13124,0.01,Hippacc,rsbs,1,T2,5,True
kNN,0.1989846365559639,"{""n_neighbors"": 10, ""p"": 1, ""weights"": ""uniform""}",361,13124,0.38,Hippacc,rsbs,1,T2,5,True
KRR,0.12674229999926329,"{""regressor__kernel"": ""rbf"", ""regressor__gamma"": 0.2, ""regressor__alpha"": 0.1}",361,13124,0.16,Hippacc,rsbs,1,T2,5,True
MR,0.10663310140445988,"{""lasso__regressor__alpha"": 0.001}",361,13124,0.42,Hippacc,rsbs,1,T2,5,True
RF,0.11692366783597216,"{""max_features"": 1.0, ""min_samples_leaf"": 1, ""n_estimators"": 20}",361,13124,0.09,Hippacc,rsbs,1,T2,5,True
SVR,0.14302407068429995,"{""regressor__tol"": 0.1, ""regressor__shrinking"": false, ""regressor__epsilon"": 0.1, ""regressor__coef0"": 1.0, ""regressor__C"": 1.0}",361,13124,0.38,Hippacc,rsbs,1,T2,5,True
CART,0.14291831088780968,"{""max_features"": 1.0, ""min_samples_leaf"": 1, ""splitter"": ""best""}",361,13124,0.01,Hippacc,rsbs,1,T2,6,True
kNN,0.22138195148949055,"{""n_neighbors"": 10, ""p"": 1, ""weights"": ""uniform""}",361,13124,0.39,Hippacc,rsbs,1,T2,6,True
KRR,0.14270987753650544,"{""regressor__kernel"": ""rbf"", ""regressor__gamma"": 0.2, ""regressor__alpha"": 0.1}",361,13124,0.15,Hippacc,rsbs,1,T2,6,True
MR,0.12956142754653419,"{""lasso__regressor__alpha"": 0.001}",361,13124,0.43,Hippacc,rsbs,1,T2,6,True
RF,0.11430922539658614,"{""max_features"": 1.0, ""min_samples_leaf"": 1, ""n_estimators"": 20}",361,13124,0.09,Hippacc,rsbs,1,T2,6,True
SVR,0.16036915099287277,"{""regressor__tol"": 0.1, ""regressor__shrinking"": false, ""regressor__epsilon"": 0.1, ""regressor__coef0"": 1.0, ""regressor__C"": 1.0}",361,13124,0.41,Hippacc,rsbs,1,T2,6,True
CART,0.13419674505117501,"{""max_features"": 1.0, ""min_samples_leaf"": 1, ""splitter"": ""best""}",361,13124,0.01,Hippacc,rsbs,1,T2,7,True
kNN,0.19666131733868414,"{""n_neighbors"": 10, ""p"": 1, ""weights"": ""uniform""}",361,13124,0.38,Hippacc,rsbs,1,T2,7,True
KRR,0.1320948827972607,"{""regressor__kernel"": ""rbf"", ""regressor__gamma"": 0.2, ""regressor__alpha"": 0.1}",361,13124,0.16,Hippacc,rsbs,1,T2,7,True
MR,0.10837789600806545,"{""lasso__regressor__alpha"": 0.001}",361,13124,0.4,Hippacc,rsbs,1,T2,7,True
RF,0.10351604411377924,"{""max_features"": 1.0, ""min_samples_leaf"": 1, ""n_estimators"": 20}",361,13124,0.09,Hippacc,rsbs,1,T2,7,True
SVR,0.1441400389980011,"{""regressor__tol"": 0.1, ""regressor__shrinking"": false, ""regressor__epsilon"": 0.1, ""regressor__coef0"": 1.0, ""regressor__C"": 1.0}",361,13124,0.39,Hippacc,rsbs,1,T2,7,True
CART,0.11671379819095629,"{""max_features"": 1.0, ""min_samples_leaf"": 1, ""splitter"": ""best""}",361,13124,0.01,Hippacc,rsbs,1,T2,8,True
kNN,0.22196332254714937,"{""n_neighbors"": 10, ""p"": 1, ""weights"": ""uniform""}",361,13124,0.38,Hippacc,rsbs,1,T2,8,True
KRR,0.13846818052058318,"{""regressor__kernel"": ""rbf"", ""regressor__gamma"": 0.2, ""regressor__alpha"": 0.1}",361,13124,0.15,Hippacc,rsbs,1,T2,8,True
MR,0.1190792557181832,"{""lasso__regressor__alpha"": 0.001}",361,13124,0.41,Hippacc,rsbs,1,T2,8,True
RF,0.1116707533431182,"{""max_features"": 1.0, ""min_samples_leaf"": 1, ""n_estimators"": 20}",361,13124,0.09,Hippacc,rsbs,1,T2,8,True
SVR,0.1515884313842757,"{""regressor__tol"": 0.1, ""regressor__shrinking"": false, ""regressor__epsilon"": 0.1, ""regressor__coef0"": 1.0, ""regressor__C"": 1.0}",361,13124,0.4,Hippacc,rsbs,1,T2,8,True
CART,0.11809636456620928,"{""max_features"": 1.0, ""min_samples_leaf"": 1, ""splitter"": ""best""}",361,13124,0.01,Hippacc,rsbs,1,T2,9,True
kNN,0.2041926622020004,"{""n_neighbors"": 10, ""p"": 1, ""weights"": ""uniform""}",361,13124,0.38,Hippacc,rsbs,1,T2,9,True
KRR,0.12871749107973898,"{""regressor__kernel"": ""rbf"", ""regressor__gamma"": 0.2, ""regressor__alpha"": 0.1}",361,13124,0.15,Hippacc,rsbs,1,T2,9,True
MR,0.12116525779671765,"{""lasso__regressor__alpha"": 0.001}",361,13124,0.39,Hippacc,rsbs,1,T2,9,True
RF,0.11625004561686061,"{""max_features"": 1.0, ""min_samples_leaf"": 1, ""n_estimators"": 20}",361,13124,0.09,Hippacc,rsbs,1,T2,9,True
SVR,0.13889236128568216,"{""regressor__tol"": 0.1, ""regressor__shrinking"": false, ""regressor__epsilon"": 0.1, ""regressor__coef0"": 1.0, ""regressor__C"": 1.0}",361,13124,0.39,Hippacc,rsbs,1,T2,9,True
CART,0.14024082508396,"{""max_features"": 1.0, ""min_samples_leaf"": 1, ""splitter"": ""best""}",361,13124,0.01,Hippacc,rsbs,1,T2,10,True
kNN,0.21140003286705306,"{""n_neighbors"": 10, ""p"": 1, ""weights"": ""uniform""}",361,13124,0.38,Hippacc,rsbs,1,T2,10,True
KRR,0.15926884435369695,"{""regressor__kernel"": ""rbf"", ""regressor__gamma"": 0.2, ""regressor__alpha"": 0.1}",361,13124,0.15,Hippacc,rsbs,1,T2,10,True
MR,0.13261499914649275,"{""lasso__regressor__alpha"": 0.001}",361,13124,0.42,Hippacc,rsbs,1,T2,10,True
RF,0.1282786078228582,"{""max_features"": 1.0, ""min_samples_leaf"": 1, ""n_estimators"": 20}",361,13124,0.09,Hippacc,rsbs,1,T2,10,True
SVR,0.16490560717838693,"{""regressor__tol"": 0.1, ""regressor__shrinking"": false, ""regressor__epsilon"": 0.1, ""regressor__coef0"": 1.0, ""regressor__C"": 1.0}",361,13124,0.38,Hippacc,rsbs,1,T2,10,True
CART,0.13276273627641377,"{""max_features"": 1.0, ""min_samples_leaf"": 1, ""splitter"": ""best""}",361,13124,0.01,Hippacc,rsbs,1,T2,11,True
kNN,0.21255087774901307,"{""n_neighbors"": 10, ""p"": 1, ""weights"": ""uniform""}",361,13124,0.38,Hippacc,rsbs,1,T2,11,True
KRR,0.15332398962437155,"{""regressor__kernel"": ""rbf"", ""regressor__gamma"": 0.2, ""regressor__alpha"": 0.1}",361,13124,0.15,Hippacc,rsbs,1,T2,11,True
MR,0.1378379152097255,"{""lasso__regressor__alpha"": 0.001}",361,13124,0.41,Hippacc,rsbs,1,T2,11,True
RF,0.11938704847453521,"{""max_features"": 1.0, ""min_samples_leaf"": 1, ""n_estimators"": 20}",361,13124,0.1,Hippacc,rsbs,1,T2,11,True
SVR,0.1597758811485606,"{""regressor__tol"": 0.1, ""regressor__shrinking"": false, ""regressor__epsilon"": 0.1, ""regressor__coef0"": 1.0, ""regressor__C"": 1.0}",361,13124,0.4,Hippacc,rsbs,1,T2,11,True
CART,0.12119537901687873,"{""max_features"": 1.0, ""min_samples_leaf"": 1, ""splitter"": ""best""}",361,13124,0.01,Hippacc,rsbs,1,T2,12,True
kNN,0.20704409542665117,"{""n_neighbors"": 10, ""p"": 1, ""weights"": ""uniform""}",361,13124,0.39,Hippacc,rsbs,1,T2,12,True
KRR,0.13168141659867486,"{""regressor__kernel"": ""rbf"", ""regressor__gamma"": 0.2, ""regressor__alpha"": 0.1}",361,13124,0.15,Hippacc,rsbs,1,T2,12,True
MR,0.11876520186413114,"{""lasso__regressor__alpha"": 0.001}",361,13124,0.41,Hippacc,rsbs,1,T2,12,True
RF,0.10853416361864067,"{""max_features"": 1.0, ""min_samples_leaf"": 1, ""n_estimators"": 20}",361,13124,0.09,Hippacc,rsbs,1,T2,12,True
SVR,0.14654875984544563,"{""regressor__tol"": 0.1, ""regressor__shrinking"": false, ""regressor__epsilon"": 0.1, ""regressor__coef0"": 1.0, ""regressor__C"": 1.0}",361,13124,0.4,Hippacc,rsbs,1,T2,12,True
CART,0.18606843084450933,"{""max_features"": 1.0, ""min_samples_leaf"": 1, ""splitter"": ""best""}",361,13124,0.01,Hippacc,rsbs,1,T2,13,True
kNN,0.21953136457679429,"{""n_neighbors"": 10, ""p"": 1, ""weights"": ""uniform""}",361,13124,0.36,Hippacc,rsbs,1,T2,13,True
KRR,0.14130399849742722,"{""regressor__kernel"": ""rbf"", ""regressor__gamma"": 0.2, ""regressor__alpha"": 0.1}",361,13124,0.15,Hippacc,rsbs,1,T2,13,True
MR,0.12795595091525575,"{""lasso__regressor__alpha"": 0.001}",361,13124,0.39,Hippacc,rsbs,1,T2,13,True
RF,0.11502956386904986,"{""max_features"": 1.0, ""min_samples_leaf"": 1, ""n_estimators"": 20}",361,13124,0.1,Hippacc,rsbs,1,T2,13,True
SVR,0.15323177740041577,"{""regressor__tol"": 0.1, ""regressor__shrinking"": false, ""regressor__epsilon"": 0.1, ""regressor__coef0"": 1.0, ""regressor__C"": 1.0}",361,13124,0.38,Hippacc,rsbs,1,T2,13,True
CART,0.16674425486907646,"{""max_features"": 1.0, ""min_samples_leaf"": 1, ""splitter"": ""best""}",361,13124,0.01,Hippacc,rsbs,1,T2,14,True
kNN,0.2114459414343358,"{""n_neighbors"": 10, ""p"": 1, ""weights"": ""uniform""}",361,13124,0.37,Hippacc,rsbs,1,T2,14,True
KRR,0.1540341440922609,"{""regressor__kernel"": ""rbf"", ""regressor__gamma"": 0.2, ""regressor__alpha"": 0.1}",361,13124,0.15,Hippacc,rsbs,1,T2,14,True
MR,0.13950309333364552,"{""lasso__regressor__alpha"": 0.001}",361,13124,0.39,Hippacc,rsbs,1,T2,14,True
RF,0.13014689542870023,"{""max_features"": 1.0, ""min_samples_leaf"": 1, ""n_estimators"": 20}",361,13124,0.09,Hippacc,rsbs,1,T2,14,True
SVR,0.15652734684965314,"{""regressor__tol"": 0.1, ""regressor__shrinking"": false, ""regressor__epsilon"": 0.1, ""regressor__coef0"": 1.0, ""regressor__C"": 1.0}",361,13124,0.4,Hippacc,rsbs,1,T2,14,True
CART,0.1191538036806684,"{""max_features"": 1.0, ""min_samples_leaf"": 1, ""splitter"": ""best""}",361,13124,0.01,Hippacc,rsbs,1,T2,15,True
kNN,0.20208651359607382,"{""n_neighbors"": 10, ""p"": 1, ""weights"": ""uniform""}",361,13124,0.37,Hippacc,rsbs,1,T2,15,True
KRR,0.1299140484642976,"{""regressor__kernel"": ""rbf"", ""regressor__gamma"": 0.2, ""regressor__alpha"": 0.1}",361,13124,0.16,Hippacc,rsbs,1,T2,15,True
MR,0.106312444115231,"{""lasso__regressor__alpha"": 0.001}",361,13124,0.4,Hippacc,rsbs,1,T2,15,True
RF,0.10514172975659869,"{""max_features"": 1.0, ""min_samples_leaf"": 1, ""n_estimators"": 20}",361,13124,0.09,Hippacc,rsbs,1,T2,15,True
SVR,0.14465374384540203,"{""regressor__tol"": 0.1, ""regressor__shrinking"": false, ""regressor__epsilon"": 0.1, ""regressor__coef0"": 1.0, ""regressor__C"": 1.0}",361,13124,0.38,Hippacc,rsbs,1,T2,15,True
CART,0.12699502894826237,"{""max_features"": 1.0, ""min_samples_leaf"": 1, ""splitter"": ""best""}",361,13124,0.01,Hippacc,rsbs,1,T2,16,True
kNN,0.21221383996814874,"{""n_neighbors"": 10, ""p"": 1, ""weights"": ""uniform""}",361,13124,0.39,Hippacc,rsbs,1,T2,16,True
KRR,0.14277623002840306,"{""regressor__kernel"": ""rbf"", ""regressor__gamma"": 0.2, ""regressor__alpha"": 0.1}",361,13124,0.15,Hippacc,rsbs,1,T2,16,True
MR,0.11121875769865887,"{""lasso__regressor__alpha"": 0.001}",361,13124,0.43,Hippacc,rsbs,1,T2,16,True
RF,0.1070075376930967,"{""max_features"": 1.0, ""min_samples_leaf"": 1, ""n_estimators"": 20}",361,13124,0.09,Hippacc,rsbs,1,T2,16,True
SVR,0.14897396239096602,"{""regressor__tol"": 0.1, ""regressor__shrinking"": false, ""regressor__epsilon"": 0.1, ""regressor__coef0"": 1.0, ""regressor__C"": 1.0}",361,13124,0.4,Hippacc,rsbs,1,T2,16,True
CART,0.1278825742470411,"{""max_features"": 1.0, ""min_samples_leaf"": 1, ""splitter"": ""best""}",361,13124,0.01,Hippacc,rsbs,1,T2,17,True
kNN,0.20764012587403055,"{""n_neighbors"": 10, ""p"": 1, ""weights"": ""uniform""}",361,13124,0.37,Hippacc,rsbs,1,T2,17,True
KRR,0.12398473309198423,"{""regressor__kernel"": ""rbf"", ""regressor__gamma"": 0.2, ""regressor__alpha"": 0.1}",361,13124,0.15,Hippacc,rsbs,1,T2,17,True
MR,0.125223647269092,"{""lasso__regressor__alpha"": 0.001}",361,13124,0.43,Hippacc,rsbs,1,T2,17,True
RF,0.1128409679123652,"{""max_features"": 1.0, ""min_samples_leaf"": 1, ""n_estimators"": 20}",361,13124,0.09,Hippacc,rsbs,1,T2,17,True
SVR,0.1404090642224439,"{""regressor__tol"": 0.1, ""regressor__shrinking"": false, ""regressor__epsilon"": 0.1, ""regressor__coef0"": 1.0, ""regressor__C"": 1.0}",361,13124,0.4,Hippacc,rsbs,1,T2,17,True
CART,0.14547450812225515,"{""max_features"": 1.0, ""min_samples_leaf"": 1, ""splitter"": ""best""}",361,13124,0.01,Hippacc,rsbs,1,T2,18,True
kNN,0.22007290012091923,"{""n_neighbors"": 10, ""p"": 1, ""weights"": ""uniform""}",361,13124,0.37,Hippacc,rsbs,1,T2,18,True
KRR,0.1469642022885965,"{""regressor__kernel"": ""rbf"", ""regressor__gamma"": 0.2, ""regressor__alpha"": 0.1}",361,13124,0.15,Hippacc,rsbs,1,T2,18,True
MR,0.13549935354366943,"{""lasso__regressor__alpha"": 0.001}",361,13124,0.39,Hippacc,rsbs,1,T2,18,True
RF,0.12270906830781037,"{""max_features"": 1.0, ""min_samples_leaf"": 1, ""n_estimators"": 20}",361,13124,0.09,Hippacc,rsbs,1,T2,18,True
SVR,0.16684552286063392,"{""regressor__tol"": 0.1, ""regressor__shrinking"": false, ""regressor__epsilon"": 0.1, ""regressor__coef0"": 1.0, ""regressor__C"": 1.0}",361,13124,0.41,Hippacc,rsbs,1,T2,18,True
CART,0.11132450920193974,"{""max_features"": 1.0, ""min_samples_leaf"": 1, ""splitter"": ""best""}",361,13124,0.01,Hippacc,rsbs,1,T2,19,True
kNN,0.22021064304711246,"{""n_neighbors"": 10, ""p"": 1, ""weights"": ""uniform""}",361,13124,0.36,Hippacc,rsbs,1,T2,19,True
KRR,0.14849185103992732,"{""regressor__kernel"": ""rbf"", ""regressor__gamma"": 0.2, ""regressor__alpha"": 0.1}",361,13124,0.15,Hippacc,rsbs,1,T2,19,True
MR,0.12106840726268389,"{""lasso__regressor__alpha"": 0.001}",361,13124,0.39,Hippacc,rsbs,1,T2,19,True
RF,0.12509173148186228,"{""max_features"": 1.0, ""min_samples_leaf"": 1, ""n_estimators"": 20}",361,13124,0.09,Hippacc,rsbs,1,T2,19,True
SVR,0.1730862624930889,"{""regressor__tol"": 0.1, ""regressor__shrinking"": false, ""regressor__epsilon"": 0.1, ""regressor__coef0"": 1.0, ""regressor__C"": 1.0}",361,13124,0.4,Hippacc,rsbs,1,T2,19,True
CART,0.1649490546657431,"{""max_features"": 1.0, ""min_samples_leaf"": 1, ""splitter"": ""best""}",361,13124,0.01,Hippacc,rsbs,1,T2,20,True
kNN,0.22173252378224792,"{""n_neighbors"": 10, ""p"": 1, ""weights"": ""uniform""}",361,13124,0.37,Hippacc,rsbs,1,T2,20,True
KRR,0.14554955056423477,"{""regressor__kernel"": ""rbf"", ""regressor__gamma"": 0.2, ""regressor__alpha"": 0.1}",361,13124,0.15,Hippacc,rsbs,1,T2,20,True
MR,0.1237293163385434,"{""lasso__regressor__alpha"": 0.001}",361,13124,0.42,Hippacc,rsbs,1,T2,20,True
RF,0.1311321360315079,"{""max_features"": 1.0, ""min_samples_leaf"": 1, ""n_estimators"": 20}",361,13124,0.1,Hippacc,rsbs,1,T2,20,True
SVR,0.16454868346889903,"{""regressor__tol"": 0.1, ""regressor__shrinking"": false, ""regressor__epsilon"": 0.1, ""regressor__coef0"": 1.0, ""regressor__C"": 1.0}",361,13124,0.37,Hippacc,rsbs,1,T2,20,True
CART,0.14143363720400431,"{""max_features"": 1.0, ""min_samples_leaf"": 1, ""splitter"": ""best""}",361,13124,0.01,Hippacc,rsbs,1,T2,21,True
kNN,0.20412973692894817,"{""n_neighbors"": 10, ""p"": 1, ""weights"": ""uniform""}",361,13124,0.37,Hippacc,rsbs,1,T2,21,True
KRR,0.14692844203947564,"{""regressor__kernel"": ""rbf"", ""regressor__gamma"": 0.2, ""regressor__alpha"": 0.1}",361,13124,0.15,Hippacc,rsbs,1,T2,21,True
MR,0.12943858891007395,"{""lasso__regressor__alpha"": 0.001}",361,13124,0.39,Hippacc,rsbs,1,T2,21,True
RF,0.1232381702395336,"{""max_features"": 1.0, ""min_samples_leaf"": 1, ""n_estimators"": 20}",361,13124,0.09,Hippacc,rsbs,1,T2,21,True
SVR,0.15855926495003606,"{""regressor__tol"": 0.1, ""regressor__shrinking"": false, ""regressor__epsilon"": 0.1, ""regressor__coef0"": 1.0, ""regressor__C"": 1.0}",361,13124,0.39,Hippacc,rsbs,1,T2,21,True
CART,0.13736270065547118,"{""max_features"": 1.0, ""min_samples_leaf"": 1, ""splitter"": ""best""}",361,13124,0.01,Hippacc,rsbs,1,T2,22,True
kNN,0.1937697128903273,"{""n_neighbors"": 10, ""p"": 1, ""weights"": ""uniform""}",361,13124,0.38,Hippacc,rsbs,1,T2,22,True
KRR,0.12399917365207487,"{""regressor__kernel"": ""rbf"", ""regressor__gamma"": 0.2, ""regressor__alpha"": 0.1}",361,13124,0.15,Hippacc,rsbs,1,T2,22,True
MR,0.10601604559922431,"{""lasso__regressor__alpha"": 0.001}",361,13124,0.39,Hippacc,rsbs,1,T2,22,True
RF,0.11342403084142066,"{""max_features"": 1.0, ""min_samples_leaf"": 1, ""n_estimators"": 20}",361,13124,0.09,Hippacc,rsbs,1,T2,22,True
SVR,0.14363500867078033,"{""regressor__tol"": 0.1, ""regressor__shrinking"": false, ""regressor__epsilon"": 0.1, ""regressor__coef0"": 1.0, ""regressor__C"": 1.0}",361,13124,0.4,Hippacc,rsbs,1,T2,22,True
CART,0.14773041270355766,"{""max_features"": 1.0, ""min_samples_leaf"": 1, ""splitter"": ""best""}",361,13124,0.01,Hippacc,rsbs,1,T2,23,True
kNN,0.21455854830511217,"{""n_neighbors"": 10, ""p"": 1, ""weights"": ""uniform""}",361,13124,0.37,Hippacc,rsbs,1,T2,23,True
KRR,0.12667746394169352,"{""regressor__kernel"": ""rbf"", ""regressor__gamma"": 0.2, ""regressor__alpha"": 0.1}",361,13124,0.15,Hippacc,rsbs,1,T2,23,True
MR,0.130011083502108,"{""lasso__regressor__alpha"": 0.001}",361,13124,0.39,Hippacc,rsbs,1,T2,23,True
RF,0.10837713243467674,"{""max_features"": 1.0, ""min_samples_leaf"": 1, ""n_estimators"": 20}",361,13124,0.09,Hippacc,rsbs,1,T2,23,True
SVR,0.13409384219845505,"{""regressor__tol"": 0.1, ""regressor__shrinking"": false, ""regressor__epsilon"": 0.1, ""regressor__coef0"": 1.0, ""regressor__C"": 1.0}",361,13124,0.39,Hippacc,rsbs,1,T2,23,True
CART,0.12377040977044945,"{""max_features"": 1.0, ""min_samples_leaf"": 1, ""splitter"": ""best""}",361,13124,0.01,Hippacc,rsbs,1,T2,24,True
kNN,0.20205710153948694,"{""n_neighbors"": 10, ""p"": 1, ""weights"": ""uniform""}",361,13124,0.37,Hippacc,rsbs,1,T2,24,True
KRR,0.13386347794467576,"{""regressor__kernel"": ""rbf"", ""regressor__gamma"": 0.2, ""regressor__alpha"": 0.1}",361,13124,0.15,Hippacc,rsbs,1,T2,24,True
MR,0.13798584570918163,"{""lasso__regressor__alpha"": 0.001}",361,13124,0.39,Hippacc,rsbs,1,T2,24,True
RF,0.12958848537592194,"{""max_features"": 1.0, ""min_samples_leaf"": 1, ""n_estimators"": 20}",361,13124,0.09,Hippacc,rsbs,1,T2,24,True
SVR,0.13830459744951382,"{""regressor__tol"": 0.1, ""regressor__shrinking"": false, ""regressor__epsilon"": 0.1, ""regressor__coef0"": 1.0, ""regressor__C"": 1.0}",361,13124,0.38,Hippacc,rsbs,1,T2,24,True
CART,0.1368506650889698,"{""max_features"": 1.0, ""min_samples_leaf"": 1, ""splitter"": ""best""}",361,13124,0.01,Hippacc,rsbs,1,T2,25,True
kNN,0.21793166187052088,"{""n_neighbors"": 10, ""p"": 1, ""weights"": ""uniform""}",361,13124,0.36,Hippacc,rsbs,1,T2,25,True
KRR,0.14793026403242943,"{""regressor__kernel"": ""rbf"", ""regressor__gamma"": 0.2, ""regressor__alpha"": 0.1}",361,13124,0.15,Hippacc,rsbs,1,T2,25,True
MR,0.13433922060173598,"{""lasso__regressor__alpha"": 0.001}",361,13124,0.39,Hippacc,rsbs,1,T2,25,True
RF,0.10918626671018213,"{""max_features"": 1.0, ""min_samples_leaf"": 1, ""n_estimators"": 20}",361,13124,0.09,Hippacc,rsbs,1,T2,25,True
SVR,0.14844005701600682,"{""regressor__tol"": 0.1, ""regressor__shrinking"": false, ""regressor__epsilon"": 0.1, ""regressor__coef0"": 1.0, ""regressor__C"": 1.0}",361,13124,0.39,Hippacc,rsbs,1,T2,25,True
CART,0.1306707907494554,"{""max_features"": 1.0, ""min_samples_leaf"": 1, ""splitter"": ""best""}",361,13124,0.01,Hippacc,rsbs,1,T2,26,True
kNN,0.23294563043897681,"{""n_neighbors"": 10, ""p"": 1, ""weights"": ""uniform""}",361,13124,0.37,Hippacc,rsbs,1,T2,26,True
KRR,0.1465846566817706,"{""regressor__kernel"": ""rbf"", ""regressor__gamma"": 0.2, ""regressor__alpha"": 0.1}",361,13124,0.15,Hippacc,rsbs,1,T2,26,True
MR,0.14012037884596945,"{""lasso__regressor__alpha"": 0.001}",361,13124,0.4,Hippacc,rsbs,1,T2,26,True
RF,0.11836904194348631,"{""max_features"": 1.0, ""min_samples_leaf"": 1, ""n_estimators"": 20}",361,13124,0.1,Hippacc,rsbs,1,T2,26,True
SVR,0.16359821514958664,"{""regressor__tol"": 0.1, ""regressor__shrinking"": false, ""regressor__epsilon"": 0.1, ""regressor__coef0"": 1.0, ""regressor__C"": 1.0}",361,13124,0.39,Hippacc,rsbs,1,T2,26,True
CART,0.1336939372688575,"{""max_features"": 1.0, ""min_samples_leaf"": 1, ""splitter"": ""best""}",361,13124,0.01,Hippacc,rsbs,1,T2,27,True
kNN,0.22151450782650936,"{""n_neighbors"": 10, ""p"": 1, ""weights"": ""uniform""}",361,13124,0.37,Hippacc,rsbs,1,T2,27,True
KRR,0.1447293987880688,"{""regressor__kernel"": ""rbf"", ""regressor__gamma"": 0.2, ""regressor__alpha"": 0.1}",361,13124,0.15,Hippacc,rsbs,1,T2,27,True
MR,0.11602335098358973,"{""lasso__regressor__alpha"": 0.001}",361,13124,0.4,Hippacc,rsbs,1,T2,27,True
RF,0.11255811930678902,"{""max_features"": 1.0, ""min_samples_leaf"": 1, ""n_estimators"": 20}",361,13124,0.09,Hippacc,rsbs,1,T2,27,True
SVR,0.1516858729929619,"{""regressor__tol"": 0.1, ""regressor__shrinking"": false, ""regressor__epsilon"": 0.1, ""regressor__coef0"": 1.0, ""regressor__C"": 1.0}",361,13124,0.38,Hippacc,rsbs,1,T2,27,True
CART,0.13289445638649156,"{""max_features"": 1.0, ""min_samples_leaf"": 1, ""splitter"": ""best""}",361,13124,0.01,Hippacc,rsbs,1,T2,28,True
kNN,0.2090587655704778,"{""n_neighbors"": 10, ""p"": 1, ""weights"": ""uniform""}",361,13124,0.37,Hippacc,rsbs,1,T2,28,True
KRR,0.13181467972194594,"{""regressor__kernel"": ""rbf"", ""regressor__gamma"": 0.2, ""regressor__alpha"": 0.1}",361,13124,0.15,Hippacc,rsbs,1,T2,28,True
MR,0.10600840094211421,"{""lasso__regressor__alpha"": 0.001}",361,13124,0.39,Hippacc,rsbs,1,T2,28,True
RF,0.10824612667936677,"{""max_features"": 1.0, ""min_samples_leaf"": 1, ""n_estimators"": 20}",361,13124,0.09,Hippacc,rsbs,1,T2,28,True
SVR,0.1398396095052933,"{""regressor__tol"": 0.1, ""regressor__shrinking"": false, ""regressor__epsilon"": 0.1, ""regressor__coef0"": 1.0, ""regressor__C"": 1.0}",361,13124,0.39,Hippacc,rsbs,1,T2,28,True
CART,0.17360505686632322,"{""max_features"": 1.0, ""min_samples_leaf"": 1, ""splitter"": ""best""}",361,13124,0.01,Hippacc,rsbs,1,T2,29,True
kNN,0.21225109143704526,"{""n_neighbors"": 10, ""p"": 1, ""weights"": ""uniform""}",361,13124,0.36,Hippacc,rsbs,1,T2,29,True
KRR,0.1438733691139771,"{""regressor__kernel"": ""rbf"", ""regressor__gamma"": 0.2, ""regressor__alpha"": 0.1}",361,13124,0.15,Hippacc,rsbs,1,T2,29,True
MR,0.135022788290843,"{""lasso__regressor__alpha"": 0.001}",361,13124,0.38,Hippacc,rsbs,1,T2,29,True
RF,0.13078008132804342,"{""max_features"": 1.0, ""min_samples_leaf"": 1, ""n_estimators"": 20}",361,13124,0.1,Hippacc,rsbs,1,T2,29,True
SVR,0.15169501761225096,"{""regressor__tol"": 0.1, ""regressor__shrinking"": false, ""regressor__epsilon"": 0.1, ""regressor__coef0"": 1.0, ""regressor__C"": 1.0}",361,13124,0.4,Hippacc,rsbs,1,T2,29,True
CART,0.14788618312981108,"{""max_features"": 1.0, ""min_samples_leaf"": 1, ""splitter"": ""best""}",361,13124,0.01,Hippacc,rsbs,1,T2,30,True
kNN,0.20912146549541355,"{""n_neighbors"": 10, ""p"": 1, ""weights"": ""uniform""}",361,13124,0.36,Hippacc,rsbs,1,T2,30,True
KRR,0.12565837644036856,"{""regressor__kernel"": ""rbf"", ""regressor__gamma"": 0.2, ""regressor__alpha"": 0.1}",361,13124,0.15,Hippacc,rsbs,1,T2,30,True
MR,0.11561790785332257,"{""lasso__regressor__alpha"": 0.001}",361,13124,0.38,Hippacc,rsbs,1,T2,30,True
RF,0.11503562165135024,"{""max_features"": 1.0, ""min_samples_leaf"": 1, ""n_estimators"": 20}",361,13124,0.09,Hippacc,rsbs,1,T2,30,True
SVR,0.1401311591341787,"{""regressor__tol"": 0.1, ""regressor__shrinking"": false, ""regressor__epsilon"": 0.1, ""regressor__coef0"": 1.0, ""regressor__C"": 1.0}",361,13124,0.41,Hippacc,rsbs,1,T2,30,True
CART,0.14299153970238318,"{""max_features"": 1.0, ""min_samples_leaf"": 1, ""splitter"": ""best""}",361,13124,0.01,Hippacc,rsbs,1,T2,31,True
kNN,0.20918692631953179,"{""n_neighbors"": 10, ""p"": 1, ""weights"": ""uniform""}",361,13124,0.37,Hippacc,rsbs,1,T2,31,True
KRR,0.13113161407001536,"{""regressor__kernel"": ""rbf"", ""regressor__gamma"": 0.2, ""regressor__alpha"": 0.1}",361,13124,0.15,Hippacc,rsbs,1,T2,31,True
MR,0.12450303393974757,"{""lasso__regressor__alpha"": 0.001}",361,13124,0.38,Hippacc,rsbs,1,T2,31,True
RF,0.1228188601302995,"{""max_features"": 1.0, ""min_samples_leaf"": 1, ""n_estimators"": 20}",361,13124,0.09,Hippacc,rsbs,1,T2,31,True
SVR,0.1396626966744349,"{""regressor__tol"": 0.1, ""regressor__shrinking"": false, ""regressor__epsilon"": 0.1, ""regressor__coef0"": 1.0, ""regressor__C"": 1.0}",361,13124,0.42,Hippacc,rsbs,1,T2,31,True
CART,0.1688844228919896,"{""max_features"": 1.0, ""min_samples_leaf"": 1, ""splitter"": ""best""}",361,13124,0.01,Hippacc,rsbs,1,T2,32,True
kNN,0.2036147778019461,"{""n_neighbors"": 10, ""p"": 1, ""weights"": ""uniform""}",361,13124,0.36,Hippacc,rsbs,1,T2,32,True
KRR,0.1431720571002236,"{""regressor__kernel"": ""rbf"", ""regressor__gamma"": 0.2, ""regressor__alpha"": 0.1}",361,13124,0.15,Hippacc,rsbs,1,T2,32,True
MR,0.1190850147848974,"{""lasso__regressor__alpha"": 0.001}",361,13124,0.39,Hippacc,rsbs,1,T2,32,True
RF,0.11547603304710823,"{""max_features"": 1.0, ""min_samples_leaf"": 1, ""n_estimators"": 20}",361,13124,0.09,Hippacc,rsbs,1,T2,32,True
SVR,0.15306496947391712,"{""regressor__tol"": 0.1, ""regressor__shrinking"": false, ""regressor__epsilon"": 0.1, ""regressor__coef0"": 1.0, ""regressor__C"": 1.0}",361,13124,0.41,Hippacc,rsbs,1,T2,32,True
CART,0.12043019236694659,"{""max_features"": 1.0, ""min_samples_leaf"": 1, ""splitter"": ""best""}",361,13124,0.01,Hippacc,rsbs,1,T2,33,True
kNN,0.20539487835356146,"{""n_neighbors"": 10, ""p"": 1, ""weights"": ""uniform""}",361,13124,0.35,Hippacc,rsbs,1,T2,33,True
KRR,0.1397743046956142,"{""regressor__kernel"": ""rbf"", ""regressor__gamma"": 0.2, ""regressor__alpha"": 0.1}",361,13124,0.15,Hippacc,rsbs,1,T2,33,True
MR,0.1342773340580201,"{""lasso__regressor__alpha"": 0.001}",361,13124,0.41,Hippacc,rsbs,1,T2,33,True
RF,0.13342619199687153,"{""max_features"": 1.0, ""min_samples_leaf"": 1, ""n_estimators"": 20}",361,13124,0.1,Hippacc,rsbs,1,T2,33,True
SVR,0.1502509575612944,"{""regressor__tol"": 0.1, ""regressor__shrinking"": false, ""regressor__epsilon"": 0.1, ""regressor__coef0"": 1.0, ""regressor__C"": 1.0}",361,13124,0.4,Hippacc,rsbs,1,T2,33,True
CART,0.1527337862177951,"{""max_features"": 1.0, ""min_samples_leaf"": 1, ""splitter"": ""best""}",361,13124,0.01,Hippacc,rsbs,1,T2,34,True
kNN,0.21998289253086897,"{""n_neighbors"": 10, ""p"": 1, ""weights"": ""uniform""}",361,13124,0.35,Hippacc,rsbs,1,T2,34,True
KRR,0.16831748361365506,"{""regressor__kernel"": ""rbf"", ""regressor__gamma"": 0.2, ""regressor__alpha"": 0.1}",361,13124,0.15,Hippacc,rsbs,1,T2,34,True
MR,0.16135184289649,"{""lasso__regressor__alpha"": 0.001}",361,13124,0.42,Hippacc,rsbs,1,T2,34,True
RF,0.14187028846470268,"{""max_features"": 1.0, ""min_samples_leaf"": 1, ""n_estimators"": 20}",361,13124,0.09,Hippacc,rsbs,1,T2,34,True
SVR,0.16690563226163313,"{""regressor__tol"": 0.1, ""regressor__shrinking"": false, ""regressor__epsilon"": 0.1, ""regressor__coef0"": 1.0, ""regressor__C"": 1.0}",361,13124,0.39,Hippacc,rsbs,1,T2,34,True
CART,0.12979530925683708,"{""max_features"": 1.0, ""min_samples_leaf"": 1, ""splitter"": ""best""}",361,13124,0.01,Hippacc,rsbs,1,T2,35,True
kNN,0.21992971855841204,"{""n_neighbors"": 10, ""p"": 1, ""weights"": ""uniform""}",361,13124,0.38,Hippacc,rsbs,1,T2,35,True
KRR,0.1333553920366123,"{""regressor__kernel"": ""rbf"", ""regressor__gamma"": 0.2, ""regressor__alpha"": 0.1}",361,13124,0.16,Hippacc,rsbs,1,T2,35,True
MR,0.11870767960168764,"{""lasso__regressor__alpha"": 0.001}",361,13124,0.44,Hippacc,rsbs,1,T2,35,True
RF,0.10523517088108036,"{""max_features"": 1.0, ""min_samples_leaf"": 1, ""n_estimators"": 20}",361,13124,0.09,Hippacc,rsbs,1,T2,35,True
SVR,0.1451742070189953,"{""regressor__tol"": 0.1, ""regressor__shrinking"": false, ""regressor__epsilon"": 0.1, ""regressor__coef0"": 1.0, ""regressor__C"": 1.0}",361,13124,0.42,Hippacc,rsbs,1,T2,35,True
CART,0.1307886246027884,"{""max_features"": 1.0, ""min_samples_leaf"": 1, ""splitter"": ""best""}",361,13124,0.01,Hippacc,rsbs,1,T2,36,True
kNN,0.23024079285884666,"{""n_neighbors"": 10, ""p"": 1, ""weights"": ""uniform""}",361,13124,0.37,Hippacc,rsbs,1,T2,36,True
KRR,0.1605663377811882,"{""regressor__kernel"": ""rbf"", ""regressor__gamma"": 0.2, ""regressor__alpha"": 0.1}",361,13124,0.15,Hippacc,rsbs,1,T2,36,True
MR,0.14668818555959015,"{""lasso__regressor__alpha"": 0.001}",361,13124,0.42,Hippacc,rsbs,1,T2,36,True
RF,0.10466986579265015,"{""max_features"": 1.0, ""min_samples_leaf"": 1, ""n_estimators"": 20}",361,13124,0.09,Hippacc,rsbs,1,T2,36,True
SVR,0.15242977944984898,"{""regressor__tol"": 0.1, ""regressor__shrinking"": false, ""regressor__epsilon"": 0.1, ""regressor__coef0"": 1.0, ""regressor__C"": 1.0}",361,13124,0.38,Hippacc,rsbs,1,T2,36,True
CART,0.1443451608829968,"{""max_features"": 1.0, ""min_samples_leaf"": 1, ""splitter"": ""best""}",361,13124,0.0,Hippacc,rsbs,1,T2,37,True
kNN,0.2076586654383834,"{""n_neighbors"": 10, ""p"": 1, ""weights"": ""uniform""}",361,13124,0.35,Hippacc,rsbs,1,T2,37,True
KRR,0.1321578769615617,"{""regressor__kernel"": ""rbf"", ""regressor__gamma"": 0.2, ""regressor__alpha"": 0.1}",361,13124,0.15,Hippacc,rsbs,1,T2,37,True
MR,0.11893203564649456,"{""lasso__regressor__alpha"": 0.001}",361,13124,0.38,Hippacc,rsbs,1,T2,37,True
RF,0.12161645948562966,"{""max_features"": 1.0, ""min_samples_leaf"": 1, ""n_estimators"": 20}",361,13124,0.09,Hippacc,rsbs,1,T2,37,True
SVR,0.1439753710099036,"{""regressor__tol"": 0.1, ""regressor__shrinking"": false, ""regressor__epsilon"": 0.1, ""regressor__coef0"": 1.0, ""regressor__C"": 1.0}",361,13124,0.39,Hippacc,rsbs,1,T2,37,True
CART,0.14601664738425515,"{""max_features"": 1.0, ""min_samples_leaf"": 1, ""splitter"": ""best""}",361,13124,0.01,Hippacc,rsbs,1,T2,38,True
kNN,0.20112636731127098,"{""n_neighbors"": 10, ""p"": 1, ""weights"": ""uniform""}",361,13124,0.36,Hippacc,rsbs,1,T2,38,True
KRR,0.13215361232922782,"{""regressor__kernel"": ""rbf"", ""regressor__gamma"": 0.2, ""regressor__alpha"": 0.1}",361,13124,0.15,Hippacc,rsbs,1,T2,38,True
MR,0.12162851357149015,"{""lasso__regressor__alpha"": 0.001}",361,13124,0.37,Hippacc,rsbs,1,T2,38,True
RF,0.1073590356498458,"{""max_features"": 1.0, ""min_samples_leaf"": 1, ""n_estimators"": 20}",361,13124,0.09,Hippacc,rsbs,1,T2,38,True
SVR,0.1435575310454834,"{""regressor__tol"": 0.1, ""regressor__shrinking"": false, ""regressor__epsilon"": 0.1, ""regressor__coef0"": 1.0, ""regressor__C"": 1.0}",361,13124,0.38,Hippacc,rsbs,1,T2,38,True
CART,0.1797930039145991,"{""max_features"": 1.0, ""min_samples_leaf"": 1, ""splitter"": ""best""}",361,13124,0.01,Hippacc,rsbs,1,T2,39,True
kNN,0.2027558390539761,"{""n_neighbors"": 10, ""p"": 1, ""weights"": ""uniform""}",361,13124,0.38,Hippacc,rsbs,1,T2,39,True
KRR,0.1340462303501294,"{""regressor__kernel"": ""rbf"", ""regressor__gamma"": 0.2, ""regressor__alpha"": 0.1}",361,13124,0.16,Hippacc,rsbs,1,T2,39,True
MR,0.13470459883536745,"{""lasso__regressor__alpha"": 0.001}",361,13124,0.42,Hippacc,rsbs,1,T2,39,True
RF,0.1381336280532671,"{""max_features"": 1.0, ""min_samples_leaf"": 1, ""n_estimators"": 20}",361,13124,0.09,Hippacc,rsbs,1,T2,39,True
SVR,0.1435127103213152,"{""regressor__tol"": 0.1, ""regressor__shrinking"": false, ""regressor__epsilon"": 0.1, ""regressor__coef0"": 1.0, ""regressor__C"": 1.0}",361,13124,0.39,Hippacc,rsbs,1,T2,39,True
CART,0.13001837927128604,"{""max_features"": 1.0, ""min_samples_leaf"": 1, ""splitter"": ""best""}",361,13124,0.01,Hippacc,rsbs,1,T2,40,True
kNN,0.19940174281535195,"{""n_neighbors"": 10, ""p"": 1, ""weights"": ""uniform""}",361,13124,0.39,Hippacc,rsbs,1,T2,40,True
KRR,0.12951051820231235,"{""regressor__kernel"": ""rbf"", ""regressor__gamma"": 0.2, ""regressor__alpha"": 0.1}",361,13124,0.15,Hippacc,rsbs,1,T2,40,True
MR,0.11675661131620069,"{""lasso__regressor__alpha"": 0.001}",361,13124,0.4,Hippacc,rsbs,1,T2,40,True
RF,0.10587001120892614,"{""max_features"": 1.0, ""min_samples_leaf"": 1, ""n_estimators"": 20}",361,13124,0.09,Hippacc,rsbs,1,T2,40,True
SVR,0.14210077737398594,"{""regressor__tol"": 0.1, ""regressor__shrinking"": false, ""regressor__epsilon"": 0.1, ""regressor__coef0"": 1.0, ""regressor__C"": 1.0}",361,13124,0.38,Hippacc,rsbs,1,T2,40,True
CART,0.12403209121631341,"{""max_features"": 1.0, ""min_samples_leaf"": 1, ""splitter"": ""best""}",361,13124,0.01,Hippacc,rsbs,1,T2,41,True
kNN,0.2032995475350395,"{""n_neighbors"": 10, ""p"": 1, ""weights"": ""uniform""}",361,13124,0.34,Hippacc,rsbs,1,T2,41,True
KRR,0.1316456586821296,"{""regressor__kernel"": ""rbf"", ""regressor__gamma"": 0.2, ""regressor__alpha"": 0.1}",361,13124,0.15,Hippacc,rsbs,1,T2,41,True
MR,0.11976687547895187,"{""lasso__regressor__alpha"": 0.001}",361,13124,0.34,Hippacc,rsbs,1,T2,41,True
RF,0.10651794828759063,"{""max_features"": 1.0, ""min_samples_leaf"": 1, ""n_estimators"": 20}",361,13124,0.09,Hippacc,rsbs,1,T2,41,True
SVR,0.14328018871062217,"{""regressor__tol"": 0.1, ""regressor__shrinking"": false, ""regressor__epsilon"": 0.1, ""regressor__coef0"": 1.0, ""regressor__C"": 1.0}",361,13124,0.38,Hippacc,rsbs,1,T2,41,True
CART,0.15092834579397785,"{""max_features"": 1.0, ""min_samples_leaf"": 1, ""splitter"": ""best""}",361,13124,0.01,Hippacc,rsbs,1,T2,42,True
kNN,0.2075006232039359,"{""n_neighbors"": 10, ""p"": 1, ""weights"": ""uniform""}",361,13124,0.35,Hippacc,rsbs,1,T2,42,True
KRR,0.14248483480499557,"{""regressor__kernel"": ""rbf"", ""regressor__gamma"": 0.2, ""regressor__alpha"": 0.1}",361,13124,0.15,Hippacc,rsbs,1,T2,42,True
MR,0.12041483538178473,"{""lasso__regressor__alpha"": 0.001}",361,13124,0.36,Hippacc,rsbs,1,T2,42,True
RF,0.12340516603498176,"{""max_features"": 1.0, ""min_samples_leaf"": 1, ""n_estimators"": 20}",361,13124,0.09,Hippacc,rsbs,1,T2,42,True
SVR,0.1506365732536501,"{""regressor__tol"": 0.1, ""regressor__shrinking"": false, ""regressor__epsilon"": 0.1, ""regressor__coef0"": 1.0, ""regressor__C"": 1.0}",361,13124,0.39,Hippacc,rsbs,1,T2,42,True
CART,0.14653306777800015,"{""max_features"": 1.0, ""min_samples_leaf"": 1, ""splitter"": ""best""}",361,13124,0.01,Hippacc,rsbs,1,T2,43,True
kNN,0.22030905306355622,"{""n_neighbors"": 10, ""p"": 1, ""weights"": ""uniform""}",361,13124,0.39,Hippacc,rsbs,1,T2,43,True
KRR,0.13372877361554242,"{""regressor__kernel"": ""rbf"", ""regressor__gamma"": 0.2, ""regressor__alpha"": 0.1}",361,13124,0.18,Hippacc,rsbs,1,T2,43,True
MR,0.10755800761336268,"{""lasso__regressor__alpha"": 0.001}",361,13124,0.42,Hippacc,rsbs,1,T2,43,True
RF,0.1026071793948883,"{""max_features"": 1.0, ""min_samples_leaf"": 1, ""n_estimators"": 20}",361,13124,0.09,Hippacc,rsbs,1,T2,43,True
SVR,0.15258481948809544,"{""regressor__tol"": 0.1, ""regressor__shrinking"": false, ""regressor__epsilon"": 0.1, ""regressor__coef0"": 1.0, ""regressor__C"": 1.0}",361,13124,0.4,Hippacc,rsbs,1,T2,43,True
CART,0.13055623077821035,"{""max_features"": 1.0, ""min_samples_leaf"": 1, ""splitter"": ""best""}",361,13124,0.01,Hippacc,rsbs,1,T2,44,True
kNN,0.19696350858368403,"{""n_neighbors"": 10, ""p"": 1, ""weights"": ""uniform""}",361,13124,0.38,Hippacc,rsbs,1,T2,44,True
KRR,0.12369025329697064,"{""regressor__kernel"": ""rbf"", ""regressor__gamma"": 0.2, ""regressor__alpha"": 0.1}",361,13124,0.18,Hippacc,rsbs,1,T2,44,True
MR,0.11121565976430604,"{""lasso__regressor__alpha"": 0.001}",361,13124,0.43,Hippacc,rsbs,1,T2,44,True
RF,0.10223011734839699,"{""max_features"": 1.0, ""min_samples_leaf"": 1, ""n_estimators"": 20}",361,13124,0.09,Hippacc,rsbs,1,T2,44,True
SVR,0.13391599688518532,"{""regressor__tol"": 0.1, ""regressor__shrinking"": false, ""regressor__epsilon"": 0.1, ""regressor__coef0"": 1.0, ""regressor__C"": 1.0}",361,13124,0.39,Hippacc,rsbs,1,T2,44,True
CART,0.12776745597931904,"{""max_features"": 1.0, ""min_samples_leaf"": 1, ""splitter"": ""best""}",361,13124,0.01,Hippacc,rsbs,1,T2,45,True
kNN,0.22065746804339295,"{""n_neighbors"": 10, ""p"": 1, ""weights"": ""uniform""}",361,13124,0.35,Hippacc,rsbs,1,T2,45,True
KRR,0.13029808067866663,"{""regressor__kernel"": ""rbf"", ""regressor__gamma"": 0.2, ""regressor__alpha"": 0.1}",361,13124,0.15,Hippacc,rsbs,1,T2,45,True
MR,0.11995701624060934,"{""lasso__regressor__alpha"": 0.001}",361,13124,0.33,Hippacc,rsbs,1,T2,45,True
RF,0.11274448623225361,"{""max_features"": 1.0, ""min_samples_leaf"": 1, ""n_estimators"": 20}",361,13124,0.08,Hippacc,rsbs,1,T2,45,True
SVR,0.14788393165134817,"{""regressor__tol"": 0.1, ""regressor__shrinking"": false, ""regressor__epsilon"": 0.1, ""regressor__coef0"": 1.0, ""regressor__C"": 1.0}",361,13124,0.38,Hippacc,rsbs,1,T2,45,True
CART,0.1413056286658307,"{""max_features"": 1.0, ""min_samples_leaf"": 1, ""splitter"": ""best""}",361,13124,0.01,Hippacc,rsbs,1,T2,46,True
kNN,0.2265549962422669,"{""n_neighbors"": 10, ""p"": 1, ""weights"": ""uniform""}",361,13124,0.35,Hippacc,rsbs,1,T2,46,True
KRR,0.14775888349814392,"{""regressor__kernel"": ""rbf"", ""regressor__gamma"": 0.2, ""regressor__alpha"": 0.1}",361,13124,0.17,Hippacc,rsbs,1,T2,46,True
MR,0.13259192684756244,"{""lasso__regressor__alpha"": 0.001}",361,13124,0.34,Hippacc,rsbs,1,T2,46,True
RF,0.11989647693908159,"{""max_features"": 1.0, ""min_samples_leaf"": 1, ""n_estimators"": 20}",361,13124,0.09,Hippacc,rsbs,1,T2,46,True
SVR,0.15834899301695432,"{""regressor__tol"": 0.1, ""regressor__shrinking"": false, ""regressor__epsilon"": 0.1, ""regressor__coef0"": 1.0, ""regressor__C"": 1.0}",361,13124,0.39,Hippacc,rsbs,1,T2,46,True
CART,0.12942024821594922,"{""max_features"": 1.0, ""min_samples_leaf"": 1, ""splitter"": ""best""}",361,13124,0.01,Hippacc,rsbs,1,T2,47,True
kNN,0.20203051229289057,"{""n_neighbors"": 10, ""p"": 1, ""weights"": ""uniform""}",361,13124,0.39,Hippacc,rsbs,1,T2,47,True
KRR,0.14071194767291662,"{""regressor__kernel"": ""rbf"", ""regressor__gamma"": 0.2, ""regressor__alpha"": 0.1}",361,13124,0.17,Hippacc,rsbs,1,T2,47,True
MR,0.11231552290089741,"{""lasso__regressor__alpha"": 0.001}",361,13124,0.41,Hippacc,rsbs,1,T2,47,True
RF,0.12096711781218927,"{""max_features"": 1.0, ""min_samples_leaf"": 1, ""n_estimators"": 20}",361,13124,0.09,Hippacc,rsbs,1,T2,47,True
SVR,0.15498703890667484,"{""regressor__tol"": 0.1, ""regressor__shrinking"": false, ""regressor__epsilon"": 0.1, ""regressor__coef0"": 1.0, ""regressor__C"": 1.0}",361,13124,0.4,Hippacc,rsbs,1,T2,47,True
CART,0.15300015834647387,"{""max_features"": 1.0, ""min_samples_leaf"": 1, ""splitter"": ""best""}",361,13124,0.01,Hippacc,rsbs,1,T2,48,True
kNN,0.2105400304862622,"{""n_neighbors"": 10, ""p"": 1, ""weights"": ""uniform""}",361,13124,0.38,Hippacc,rsbs,1,T2,48,True
KRR,0.13941459769762435,"{""regressor__kernel"": ""rbf"", ""regressor__gamma"": 0.2, ""regressor__alpha"": 0.1}",361,13124,0.16,Hippacc,rsbs,1,T2,48,True
MR,0.12217915715147287,"{""lasso__regressor__alpha"": 0.001}",361,13124,0.38,Hippacc,rsbs,1,T2,48,True
RF,0.12285084216097676,"{""max_features"": 1.0, ""min_samples_leaf"": 1, ""n_estimators"": 20}",361,13124,0.09,Hippacc,rsbs,1,T2,48,True
SVR,0.1557266300958843,"{""regressor__tol"": 0.1, ""regressor__shrinking"": false, ""regressor__epsilon"": 0.1, ""regressor__coef0"": 1.0, ""regressor__C"": 1.0}",361,13124,0.42,Hippacc,rsbs,1,T2,48,True
CART,0.14102324197663038,"{""max_features"": 1.0, ""min_samples_leaf"": 1, ""splitter"": ""best""}",361,13124,0.01,Hippacc,rsbs,1,T2,49,True
kNN,0.20961840653758623,"{""n_neighbors"": 10, ""p"": 1, ""weights"": ""uniform""}",361,13124,0.33,Hippacc,rsbs,1,T2,49,True
KRR,0.13858125529590676,"{""regressor__kernel"": ""rbf"", ""regressor__gamma"": 0.2, ""regressor__alpha"": 0.1}",361,13124,0.15,Hippacc,rsbs,1,T2,49,True
MR,0.12081901380191423,"{""lasso__regressor__alpha"": 0.001}",361,13124,0.33,Hippacc,rsbs,1,T2,49,True
RF,0.1076214700776777,"{""max_features"": 1.0, ""min_samples_leaf"": 1, ""n_estimators"": 20}",361,13124,0.09,Hippacc,rsbs,1,T2,49,True
SVR,0.15053151314573213,"{""regressor__tol"": 0.1, ""regressor__shrinking"": false, ""regressor__epsilon"": 0.1, ""regressor__coef0"": 1.0, ""regressor__C"": 1.0}",361,13124,0.4,Hippacc,rsbs,1,T2,49,True
CART,0.15116501147927286,"{""max_features"": 1.0, ""min_samples_leaf"": 1, ""splitter"": ""best""}",361,13124,0.01,Hippacc,rsbs,1,T2,50,True
kNN,0.22566515636951734,"{""n_neighbors"": 10, ""p"": 1, ""weights"": ""uniform""}",361,13124,0.36,Hippacc,rsbs,1,T2,50,True
KRR,0.14643864742834445,"{""regressor__kernel"": ""rbf"", ""regressor__gamma"": 0.2, ""regressor__alpha"": 0.1}",361,13124,0.15,Hippacc,rsbs,1,T2,50,True
MR,0.13330895642320265,"{""lasso__regressor__alpha"": 0.001}",361,13124,0.34,Hippacc,rsbs,1,T2,50,True
RF,0.1310703661422519,"{""max_features"": 1.0, ""min_samples_leaf"": 1, ""n_estimators"": 20}",361,13124,0.09,Hippacc,rsbs,1,T2,50,True
SVR,0.16792165308366677,"{""regressor__tol"": 0.1, ""regressor__shrinking"": false, ""regressor__epsilon"": 0.1, ""regressor__coef0"": 1.0, ""regressor__C"": 1.0}",361,13124,0.39,Hippacc,rsbs,1,T2,50,True
CART,0.13466244282937348,"{""max_features"": 1.0, ""min_samples_leaf"": 1, ""splitter"": ""best""}",361,13124,0.01,Hippacc,rsbs,1,T2,51,True
kNN,0.21212971067786987,"{""n_neighbors"": 10, ""p"": 1, ""weights"": ""uniform""}",361,13124,0.37,Hippacc,rsbs,1,T2,51,True
KRR,0.13397921436489635,"{""regressor__kernel"": ""rbf"", ""regressor__gamma"": 0.2, ""regressor__alpha"": 0.1}",361,13124,0.16,Hippacc,rsbs,1,T2,51,True
MR,0.12273201755357518,"{""lasso__regressor__alpha"": 0.001}",361,13124,0.38,Hippacc,rsbs,1,T2,51,True
RF,0.1225638096403129,"{""max_features"": 1.0, ""min_samples_leaf"": 1, ""n_estimators"": 20}",361,13124,0.09,Hippacc,rsbs,1,T2,51,True
SVR,0.1478302476772136,"{""regressor__tol"": 0.1, ""regressor__shrinking"": false, ""regressor__epsilon"": 0.1, ""regressor__coef0"": 1.0, ""regressor__C"": 1.0}",361,13124,0.38,Hippacc,rsbs,1,T2,51,True
CART,0.14376570951392775,"{""max_features"": 1.0, ""min_samples_leaf"": 1, ""splitter"": ""best""}",361,13124,0.01,Hippacc,rsbs,1,T2,52,True
kNN,0.19611557427894677,"{""n_neighbors"": 10, ""p"": 1, ""weights"": ""uniform""}",361,13124,0.38,Hippacc,rsbs,1,T2,52,True
KRR,0.13582757390634334,"{""regressor__kernel"": ""rbf"", ""regressor__gamma"": 0.2, ""regressor__alpha"": 0.1}",361,13124,0.15,Hippacc,rsbs,1,T2,52,True
MR,0.12013916898449002,"{""lasso__regressor__alpha"": 0.001}",361,13124,0.39,Hippacc,rsbs,1,T2,52,True
RF,0.10835070863729979,"{""max_features"": 1.0, ""min_samples_leaf"": 1, ""n_estimators"": 20}",361,13124,0.09,Hippacc,rsbs,1,T2,52,True
SVR,0.1465720728707281,"{""regressor__tol"": 0.1, ""regressor__shrinking"": false, ""regressor__epsilon"": 0.1, ""regressor__coef0"": 1.0, ""regressor__C"": 1.0}",361,13124,0.42,Hippacc,rsbs,1,T2,52,True
CART,0.13048485953290065,"{""max_features"": 1.0, ""min_samples_leaf"": 1, ""splitter"": ""best""}",361,13124,0.01,Hippacc,rsbs,1,T2,53,True
kNN,0.20334666110510682,"{""n_neighbors"": 10, ""p"": 1, ""weights"": ""uniform""}",361,13124,0.35,Hippacc,rsbs,1,T2,53,True
KRR,0.12491662896442565,"{""regressor__kernel"": ""rbf"", ""regressor__gamma"": 0.2, ""regressor__alpha"": 0.1}",361,13124,0.15,Hippacc,rsbs,1,T2,53,True
MR,0.11957328784126438,"{""lasso__regressor__alpha"": 0.001}",361,13124,0.34,Hippacc,rsbs,1,T2,53,True
RF,0.11743369170264846,"{""max_features"": 1.0, ""min_samples_leaf"": 1, ""n_estimators"": 20}",361,13124,0.09,Hippacc,rsbs,1,T2,53,True
SVR,0.13944076533576352,"{""regressor__tol"": 0.1, ""regressor__shrinking"": false, ""regressor__epsilon"": 0.1, ""regressor__coef0"": 1.0, ""regressor__C"": 1.0}",361,13124,0.4,Hippacc,rsbs,1,T2,53,True
CART,0.14077478503638252,"{""max_features"": 1.0, ""min_samples_leaf"": 1, ""splitter"": ""best""}",361,13124,0.01,Hippacc,rsbs,1,T2,54,True
kNN,0.22323979123459148,"{""n_neighbors"": 10, ""p"": 1, ""weights"": ""uniform""}",361,13124,0.35,Hippacc,rsbs,1,T2,54,True
KRR,0.1657360345554533,"{""regressor__kernel"": ""rbf"", ""regressor__gamma"": 0.2, ""regressor__alpha"": 0.1}",361,13124,0.15,Hippacc,rsbs,1,T2,54,True
MR,0.15372569327675129,"{""lasso__regressor__alpha"": 0.001}",361,13124,0.34,Hippacc,rsbs,1,T2,54,True
RF,0.12366076223434434,"{""max_features"": 1.0, ""min_samples_leaf"": 1, ""n_estimators"": 20}",361,13124,0.09,Hippacc,rsbs,1,T2,54,True
SVR,0.15948193685462939,"{""regressor__tol"": 0.1, ""regressor__shrinking"": false, ""regressor__epsilon"": 0.1, ""regressor__coef0"": 1.0, ""regressor__C"": 1.0}",361,13124,0.4,Hippacc,rsbs,1,T2,54,True
CART,0.11758860767992206,"{""max_features"": 1.0, ""min_samples_leaf"": 1, ""splitter"": ""best""}",361,13124,0.01,Hippacc,rsbs,1,T2,55,True
kNN,0.2149914994026145,"{""n_neighbors"": 10, ""p"": 1, ""weights"": ""uniform""}",361,13124,0.37,Hippacc,rsbs,1,T2,55,True
KRR,0.13299657359939113,"{""regressor__kernel"": ""rbf"", ""regressor__gamma"": 0.2, ""regressor__alpha"": 0.1}",361,13124,0.15,Hippacc,rsbs,1,T2,55,True
MR,0.11336195887150514,"{""lasso__regressor__alpha"": 0.001}",361,13124,0.38,Hippacc,rsbs,1,T2,55,True
RF,0.10438146694083002,"{""max_features"": 1.0, ""min_samples_leaf"": 1, ""n_estimators"": 20}",361,13124,0.09,Hippacc,rsbs,1,T2,55,True
SVR,0.15205483194704275,"{""regressor__tol"": 0.1, ""regressor__shrinking"": false, ""regressor__epsilon"": 0.1, ""regressor__coef0"": 1.0, ""regressor__C"": 1.0}",361,13124,0.4,Hippacc,rsbs,1,T2,55,True
CART,0.1454087281984935,"{""max_features"": 1.0, ""min_samples_leaf"": 1, ""splitter"": ""best""}",361,13124,0.01,Hippacc,rsbs,1,T2,56,True
kNN,0.1934358703672358,"{""n_neighbors"": 10, ""p"": 1, ""weights"": ""uniform""}",361,13124,0.37,Hippacc,rsbs,1,T2,56,True
KRR,0.1320645181332431,"{""regressor__kernel"": ""rbf"", ""regressor__gamma"": 0.2, ""regressor__alpha"": 0.1}",361,13124,0.15,Hippacc,rsbs,1,T2,56,True
MR,0.11800238679815679,"{""lasso__regressor__alpha"": 0.001}",361,13124,0.39,Hippacc,rsbs,1,T2,56,True
RF,0.12755653137430592,"{""max_features"": 1.0, ""min_samples_leaf"": 1, ""n_estimators"": 20}",361,13124,0.09,Hippacc,rsbs,1,T2,56,True
SVR,0.14588787898329386,"{""regressor__tol"": 0.1, ""regressor__shrinking"": false, ""regressor__epsilon"": 0.1, ""regressor__coef0"": 1.0, ""regressor__C"": 1.0}",361,13124,0.4,Hippacc,rsbs,1,T2,56,True
CART,0.15168117138590062,"{""max_features"": 1.0, ""min_samples_leaf"": 1, ""splitter"": ""best""}",361,13124,0.01,Hippacc,rsbs,1,T2,57,True
kNN,0.23000238524845998,"{""n_neighbors"": 10, ""p"": 1, ""weights"": ""uniform""}",361,13124,0.34,Hippacc,rsbs,1,T2,57,True
KRR,0.18707056236073832,"{""regressor__kernel"": ""rbf"", ""regressor__gamma"": 0.2, ""regressor__alpha"": 0.1}",361,13124,0.15,Hippacc,rsbs,1,T2,57,True
MR,0.16636311422139777,"{""lasso__regressor__alpha"": 0.001}",361,13124,0.37,Hippacc,rsbs,1,T2,57,True
RF,0.12196975266042012,"{""max_features"": 1.0, ""min_samples_leaf"": 1, ""n_estimators"": 20}",361,13124,0.08,Hippacc,rsbs,1,T2,57,True
SVR,0.18268476712464565,"{""regressor__tol"": 0.1, ""regressor__shrinking"": false, ""regressor__epsilon"": 0.1, ""regressor__coef0"": 1.0, ""regressor__C"": 1.0}",361,13124,0.4,Hippacc,rsbs,1,T2,57,True
CART,0.12258587925686627,"{""max_features"": 1.0, ""min_samples_leaf"": 1, ""splitter"": ""best""}",361,13124,0.01,Hippacc,rsbs,1,T2,58,True
kNN,0.19017931758445125,"{""n_neighbors"": 10, ""p"": 1, ""weights"": ""uniform""}",361,13124,0.35,Hippacc,rsbs,1,T2,58,True
KRR,0.11979487569046247,"{""regressor__kernel"": ""rbf"", ""regressor__gamma"": 0.2, ""regressor__alpha"": 0.1}",361,13124,0.15,Hippacc,rsbs,1,T2,58,True
MR,0.11034311811888081,"{""lasso__regressor__alpha"": 0.001}",361,13124,0.31,Hippacc,rsbs,1,T2,58,True
RF,0.10126454416223692,"{""max_features"": 1.0, ""min_samples_leaf"": 1, ""n_estimators"": 20}",361,13124,0.09,Hippacc,rsbs,1,T2,58,True
SVR,0.13494940614536322,"{""regressor__tol"": 0.1, ""regressor__shrinking"": false, ""regressor__epsilon"": 0.1, ""regressor__coef0"": 1.0, ""regressor__C"": 1.0}",361,13124,0.39,Hippacc,rsbs,1,T2,58,True
CART,0.1692778361577783,"{""max_features"": 1.0, ""min_samples_leaf"": 1, ""splitter"": ""best""}",361,13124,0.01,Hippacc,rsbs,1,T2,59,True
kNN,0.21457842629494478,"{""n_neighbors"": 10, ""p"": 1, ""weights"": ""uniform""}",361,13124,0.36,Hippacc,rsbs,1,T2,59,True
KRR,0.14033710163660867,"{""regressor__kernel"": ""rbf"", ""regressor__gamma"": 0.2, ""regressor__alpha"": 0.1}",361,13124,0.15,Hippacc,rsbs,1,T2,59,True
MR,0.13643612985690973,"{""lasso__regressor__alpha"": 0.001}",361,13124,0.38,Hippacc,rsbs,1,T2,59,True
RF,0.11862241669584875,"{""max_features"": 1.0, ""min_samples_leaf"": 1, ""n_estimators"": 20}",361,13124,0.1,Hippacc,rsbs,1,T2,59,True
SVR,0.14260700831941023,"{""regressor__tol"": 0.1, ""regressor__shrinking"": false, ""regressor__epsilon"": 0.1, ""regressor__coef0"": 1.0, ""regressor__C"": 1.0}",361,13124,0.41,Hippacc,rsbs,1,T2,59,True
CART,0.1266476893786352,"{""max_features"": 1.0, ""min_samples_leaf"": 1, ""splitter"": ""best""}",361,13124,0.01,Hippacc,rsbs,1,T2,60,True
kNN,0.20423266646548405,"{""n_neighbors"": 10, ""p"": 1, ""weights"": ""uniform""}",361,13124,0.38,Hippacc,rsbs,1,T2,60,True
KRR,0.13152070146501438,"{""regressor__kernel"": ""rbf"", ""regressor__gamma"": 0.2, ""regressor__alpha"": 0.1}",361,13124,0.15,Hippacc,rsbs,1,T2,60,True
MR,0.11738015120292591,"{""lasso__regressor__alpha"": 0.001}",361,13124,0.4,Hippacc,rsbs,1,T2,60,True
RF,0.11461839836983076,"{""max_features"": 1.0, ""min_samples_leaf"": 1, ""n_estimators"": 20}",361,13124,0.1,Hippacc,rsbs,1,T2,60,True
SVR,0.14380393727804958,"{""regressor__tol"": 0.1, ""regressor__shrinking"": false, ""regressor__epsilon"": 0.1, ""regressor__coef0"": 1.0, ""regressor__C"": 1.0}",361,13124,0.39,Hippacc,rsbs,1,T2,60,True
CART,0.13862629489376968,"{""max_features"": 1.0, ""min_samples_leaf"": 1, ""splitter"": ""best""}",361,13124,0.01,Hippacc,rsbs,1,T2,61,True
kNN,0.19535825278597319,"{""n_neighbors"": 10, ""p"": 1, ""weights"": ""uniform""}",361,13124,0.33,Hippacc,rsbs,1,T2,61,True
KRR,0.13330018679456493,"{""regressor__kernel"": ""rbf"", ""regressor__gamma"": 0.2, ""regressor__alpha"": 0.1}",361,13124,0.15,Hippacc,rsbs,1,T2,61,True
MR,0.11785469562053609,"{""lasso__regressor__alpha"": 0.001}",361,13124,0.4,Hippacc,rsbs,1,T2,61,True
RF,0.10433829545768257,"{""max_features"": 1.0, ""min_samples_leaf"": 1, ""n_estimators"": 20}",361,13124,0.08,Hippacc,rsbs,1,T2,61,True
SVR,0.14174291996587862,"{""regressor__tol"": 0.1, ""regressor__shrinking"": false, ""regressor__epsilon"": 0.1, ""regressor__coef0"": 1.0, ""regressor__C"": 1.0}",361,13124,0.4,Hippacc,rsbs,1,T2,61,True
CART,0.12327713349322365,"{""max_features"": 1.0, ""min_samples_leaf"": 1, ""splitter"": ""best""}",361,13124,0.01,Hippacc,rsbs,1,T2,62,True
kNN,0.20945608417835251,"{""n_neighbors"": 10, ""p"": 1, ""weights"": ""uniform""}",361,13124,0.36,Hippacc,rsbs,1,T2,62,True
KRR,0.14355039141485496,"{""regressor__kernel"": ""rbf"", ""regressor__gamma"": 0.2, ""regressor__alpha"": 0.1}",361,13124,0.17,Hippacc,rsbs,1,T2,62,True
MR,0.1170212462461998,"{""lasso__regressor__alpha"": 0.001}",361,13124,0.31,Hippacc,rsbs,1,T2,62,True
RF,0.11588223424943339,"{""max_features"": 1.0, ""min_samples_leaf"": 1, ""n_estimators"": 20}",361,13124,0.09,Hippacc,rsbs,1,T2,62,True
SVR,0.15811917594542893,"{""regressor__tol"": 0.1, ""regressor__shrinking"": false, ""regressor__epsilon"": 0.1, ""regressor__coef0"": 1.0, ""regressor__C"": 1.0}",361,13124,0.39,Hippacc,rsbs,1,T2,62,True
CART,0.13044644658573248,"{""max_features"": 1.0, ""min_samples_leaf"": 1, ""splitter"": ""best""}",361,13124,0.01,Hippacc,rsbs,1,T2,63,True
kNN,0.19717787563639805,"{""n_neighbors"": 10, ""p"": 1, ""weights"": ""uniform""}",361,13124,0.38,Hippacc,rsbs,1,T2,63,True
KRR,0.1267732570630657,"{""regressor__kernel"": ""rbf"", ""regressor__gamma"": 0.2, ""regressor__alpha"": 0.1}",361,13124,0.15,Hippacc,rsbs,1,T2,63,True
MR,0.11516948028793166,"{""lasso__regressor__alpha"": 0.001}",361,13124,0.36,Hippacc,rsbs,1,T2,63,True
RF,0.11838101331198495,"{""max_features"": 1.0, ""min_samples_leaf"": 1, ""n_estimators"": 20}",361,13124,0.09,Hippacc,rsbs,1,T2,63,True
SVR,0.14659892547460834,"{""regressor__tol"": 0.1, ""regressor__shrinking"": false, ""regressor__epsilon"": 0.1, ""regressor__coef0"": 1.0, ""regressor__C"": 1.0}",361,13124,0.38,Hippacc,rsbs,1,T2,63,True
CART,0.11953065294558576,"{""max_features"": 1.0, ""min_samples_leaf"": 1, ""splitter"": ""best""}",361,13124,0.01,Hippacc,rsbs,1,T2,64,True
kNN,0.2149480380967771,"{""n_neighbors"": 10, ""p"": 1, ""weights"": ""uniform""}",361,13124,0.37,Hippacc,rsbs,1,T2,64,True
KRR,0.13112894543721482,"{""regressor__kernel"": ""rbf"", ""regressor__gamma"": 0.2, ""regressor__alpha"": 0.1}",361,13124,0.15,Hippacc,rsbs,1,T2,64,True
MR,0.11235872881901787,"{""lasso__regressor__alpha"": 0.001}",361,13124,0.38,Hippacc,rsbs,1,T2,64,True
RF,0.10018972593998482,"{""max_features"": 1.0, ""min_samples_leaf"": 1, ""n_estimators"": 20}",361,13124,0.09,Hippacc,rsbs,1,T2,64,True
SVR,0.14331782357124961,"{""regressor__tol"": 0.1, ""regressor__shrinking"": false, ""regressor__epsilon"": 0.1, ""regressor__coef0"": 1.0, ""regressor__C"": 1.0}",361,13124,0.4,Hippacc,rsbs,1,T2,64,True
CART,0.14839798606544177,"{""max_features"": 1.0, ""min_samples_leaf"": 1, ""splitter"": ""best""}",361,13124,0.01,Hippacc,rsbs,1,T2,65,True
kNN,0.2120209710584359,"{""n_neighbors"": 10, ""p"": 1, ""weights"": ""uniform""}",361,13124,0.33,Hippacc,rsbs,1,T2,65,True
KRR,0.12804916285955786,"{""regressor__kernel"": ""rbf"", ""regressor__gamma"": 0.2, ""regressor__alpha"": 0.1}",361,13124,0.15,Hippacc,rsbs,1,T2,65,True
MR,0.12489500864621131,"{""lasso__regressor__alpha"": 0.001}",361,13124,0.34,Hippacc,rsbs,1,T2,65,True
RF,0.10393004319869258,"{""max_features"": 1.0, ""min_samples_leaf"": 1, ""n_estimators"": 20}",361,13124,0.08,Hippacc,rsbs,1,T2,65,True
SVR,0.1441218100716947,"{""regressor__tol"": 0.1, ""regressor__shrinking"": false, ""regressor__epsilon"": 0.1, ""regressor__coef0"": 1.0, ""regressor__C"": 1.0}",361,13124,0.41,Hippacc,rsbs,1,T2,65,True
CART,0.13753915166964675,"{""max_features"": 1.0, ""min_samples_leaf"": 1, ""splitter"": ""best""}",361,13124,0.01,Hippacc,rsbs,1,T2,66,True
kNN,0.2062179565119695,"{""n_neighbors"": 10, ""p"": 1, ""weights"": ""uniform""}",361,13124,0.36,Hippacc,rsbs,1,T2,66,True
KRR,0.13893876931589577,"{""regressor__kernel"": ""rbf"", ""regressor__gamma"": 0.2, ""regressor__alpha"": 0.1}",361,13124,0.15,Hippacc,rsbs,1,T2,66,True
MR,0.11524582244480551,"{""lasso__regressor__alpha"": 0.001}",361,13124,0.32,Hippacc,rsbs,1,T2,66,True
RF,0.1203855997659855,"{""max_features"": 1.0, ""min_samples_leaf"": 1, ""n_estimators"": 20}",361,13124,0.09,Hippacc,rsbs,1,T2,66,True
SVR,0.13725023654953597,"{""regressor__tol"": 0.1, ""regressor__shrinking"": false, ""regressor__epsilon"": 0.1, ""regressor__coef0"": 1.0, ""regressor__C"": 1.0}",361,13124,0.41,Hippacc,rsbs,1,T2,66,True
CART,0.15326908312589876,"{""max_features"": 1.0, ""min_samples_leaf"": 1, ""splitter"": ""best""}",361,13124,0.01,Hippacc,rsbs,1,T2,67,True
kNN,0.21850824800496868,"{""n_neighbors"": 10, ""p"": 1, ""weights"": ""uniform""}",361,13124,0.35,Hippacc,rsbs,1,T2,67,True
KRR,0.13085788151706282,"{""regressor__kernel"": ""rbf"", ""regressor__gamma"": 0.2, ""regressor__alpha"": 0.1}",361,13124,0.15,Hippacc,rsbs,1,T2,67,True
MR,0.1210898050301267,"{""lasso__regressor__alpha"": 0.001}",361,13124,0.38,Hippacc,rsbs,1,T2,67,True
RF,0.12664464257716068,"{""max_features"": 1.0, ""min_samples_leaf"": 1, ""n_estimators"": 20}",361,13124,0.1,Hippacc,rsbs,1,T2,67,True
SVR,0.14012618431310203,"{""regressor__tol"": 0.1, ""regressor__shrinking"": false, ""regressor__epsilon"": 0.1, ""regressor__coef0"": 1.0, ""regressor__C"": 1.0}",361,13124,0.39,Hippacc,rsbs,1,T2,67,True
CART,0.12422708604739575,"{""max_features"": 1.0, ""min_samples_leaf"": 1, ""splitter"": ""best""}",361,13124,0.01,Hippacc,rsbs,1,T2,68,True
kNN,0.20468631287584502,"{""n_neighbors"": 10, ""p"": 1, ""weights"": ""uniform""}",361,13124,0.35,Hippacc,rsbs,1,T2,68,True
KRR,0.1306288700999028,"{""regressor__kernel"": ""rbf"", ""regressor__gamma"": 0.2, ""regressor__alpha"": 0.1}",361,13124,0.15,Hippacc,rsbs,1,T2,68,True
MR,0.11409330673294371,"{""lasso__regressor__alpha"": 0.001}",361,13124,0.36,Hippacc,rsbs,1,T2,68,True
RF,0.10689324654784242,"{""max_features"": 1.0, ""min_samples_leaf"": 1, ""n_estimators"": 20}",361,13124,0.09,Hippacc,rsbs,1,T2,68,True
SVR,0.14779136684972777,"{""regressor__tol"": 0.1, ""regressor__shrinking"": false, ""regressor__epsilon"": 0.1, ""regressor__coef0"": 1.0, ""regressor__C"": 1.0}",361,13124,0.4,Hippacc,rsbs,1,T2,68,True
CART,0.1259206280893076,"{""max_features"": 1.0, ""min_samples_leaf"": 1, ""splitter"": ""best""}",361,13124,0.01,Hippacc,rsbs,1,T2,69,True
kNN,0.20540337000636502,"{""n_neighbors"": 10, ""p"": 1, ""weights"": ""uniform""}",361,13124,0.33,Hippacc,rsbs,1,T2,69,True
KRR,0.13141337554387525,"{""regressor__kernel"": ""rbf"", ""regressor__gamma"": 0.2, ""regressor__alpha"": 0.1}",361,13124,0.15,Hippacc,rsbs,1,T2,69,True
MR,0.11522375130327098,"{""lasso__regressor__alpha"": 0.001}",361,13124,0.36,Hippacc,rsbs,1,T2,69,True
RF,0.11482510154831324,"{""max_features"": 1.0, ""min_samples_leaf"": 1, ""n_estimators"": 20}",361,13124,0.09,Hippacc,rsbs,1,T2,69,True
SVR,0.142636226234897,"{""regressor__tol"": 0.1, ""regressor__shrinking"": false, ""regressor__epsilon"": 0.1, ""regressor__coef0"": 1.0, ""regressor__C"": 1.0}",361,13124,0.4,Hippacc,rsbs,1,T2,69,True
CART,0.14400987151077738,"{""max_features"": 1.0, ""min_samples_leaf"": 1, ""splitter"": ""best""}",361,13124,0.01,Hippacc,rsbs,1,T2,70,True
kNN,0.2180923552646602,"{""n_neighbors"": 10, ""p"": 1, ""weights"": ""uniform""}",361,13124,0.35,Hippacc,rsbs,1,T2,70,True
KRR,0.16177363305303352,"{""regressor__kernel"": ""rbf"", ""regressor__gamma"": 0.2, ""regressor__alpha"": 0.1}",361,13124,0.15,Hippacc,rsbs,1,T2,70,True
MR,0.14183055601654665,"{""lasso__regressor__alpha"": 0.001}",361,13124,0.32,Hippacc,rsbs,1,T2,70,True
RF,0.11957001955766154,"{""max_features"": 1.0, ""min_samples_leaf"": 1, ""n_estimators"": 20}",361,13124,0.09,Hippacc,rsbs,1,T2,70,True
SVR,0.14685108156163754,"{""regressor__tol"": 0.1, ""regressor__shrinking"": false, ""regressor__epsilon"": 0.1, ""regressor__coef0"": 1.0, ""regressor__C"": 1.0}",361,13124,0.4,Hippacc,rsbs,1,T2,70,True
CART,0.1552458818869655,"{""max_features"": 1.0, ""min_samples_leaf"": 1, ""splitter"": ""best""}",361,13124,0.01,Hippacc,rsbs,1,T2,71,True
kNN,0.22471296703841057,"{""n_neighbors"": 10, ""p"": 1, ""weights"": ""uniform""}",361,13124,0.36,Hippacc,rsbs,1,T2,71,True
KRR,0.1469079302287255,"{""regressor__kernel"": ""rbf"", ""regressor__gamma"": 0.2, ""regressor__alpha"": 0.1}",361,13124,0.15,Hippacc,rsbs,1,T2,71,True
MR,0.13091298382756494,"{""lasso__regressor__alpha"": 0.001}",361,13124,0.4,Hippacc,rsbs,1,T2,71,True
RF,0.11571924996840124,"{""max_features"": 1.0, ""min_samples_leaf"": 1, ""n_estimators"": 20}",361,13124,0.09,Hippacc,rsbs,1,T2,71,True
SVR,0.14846957171174555,"{""regressor__tol"": 0.1, ""regressor__shrinking"": false, ""regressor__epsilon"": 0.1, ""regressor__coef0"": 1.0, ""regressor__C"": 1.0}",361,13124,0.4,Hippacc,rsbs,1,T2,71,True
CART,0.1296970671197127,"{""max_features"": 1.0, ""min_samples_leaf"": 1, ""splitter"": ""best""}",361,13124,0.01,Hippacc,rsbs,1,T2,72,True
kNN,0.22536366058132912,"{""n_neighbors"": 10, ""p"": 1, ""weights"": ""uniform""}",361,13124,0.35,Hippacc,rsbs,1,T2,72,True
KRR,0.15502011759607895,"{""regressor__kernel"": ""rbf"", ""regressor__gamma"": 0.2, ""regressor__alpha"": 0.1}",361,13124,0.15,Hippacc,rsbs,1,T2,72,True
MR,0.12572495931351169,"{""lasso__regressor__alpha"": 0.001}",361,13124,0.36,Hippacc,rsbs,1,T2,72,True
RF,0.12231115592728463,"{""max_features"": 1.0, ""min_samples_leaf"": 1, ""n_estimators"": 20}",361,13124,0.09,Hippacc,rsbs,1,T2,72,True
SVR,0.15302091340278567,"{""regressor__tol"": 0.1, ""regressor__shrinking"": false, ""regressor__epsilon"": 0.1, ""regressor__coef0"": 1.0, ""regressor__C"": 1.0}",361,13124,0.39,Hippacc,rsbs,1,T2,72,True
CART,0.14961536327805297,"{""max_features"": 1.0, ""min_samples_leaf"": 1, ""splitter"": ""best""}",361,13124,0.01,Hippacc,rsbs,1,T2,73,True
kNN,0.20105502112423065,"{""n_neighbors"": 10, ""p"": 1, ""weights"": ""uniform""}",361,13124,0.34,Hippacc,rsbs,1,T2,73,True
KRR,0.143381564419741,"{""regressor__kernel"": ""rbf"", ""regressor__gamma"": 0.2, ""regressor__alpha"": 0.1}",361,13124,0.15,Hippacc,rsbs,1,T2,73,True
MR,0.1428516237730092,"{""lasso__regressor__alpha"": 0.001}",361,13124,0.35,Hippacc,rsbs,1,T2,73,True
RF,0.13712071648064925,"{""max_features"": 1.0, ""min_samples_leaf"": 1, ""n_estimators"": 20}",361,13124,0.08,Hippacc,rsbs,1,T2,73,True
SVR,0.1474075761392705,"{""regressor__tol"": 0.1, ""regressor__shrinking"": false, ""regressor__epsilon"": 0.1, ""regressor__coef0"": 1.0, ""regressor__C"": 1.0}",361,13124,0.36,Hippacc,rsbs,1,T2,73,True
CART,0.13403257567779311,"{""max_features"": 1.0, ""min_samples_leaf"": 1, ""splitter"": ""best""}",361,13124,0.01,Hippacc,rsbs,1,T2,74,True
kNN,0.20532336203394524,"{""n_neighbors"": 10, ""p"": 1, ""weights"": ""uniform""}",361,13124,0.35,Hippacc,rsbs,1,T2,74,True
KRR,0.1277551595882218,"{""regressor__kernel"": ""rbf"", ""regressor__gamma"": 0.2, ""regressor__alpha"": 0.1}",361,13124,0.15,Hippacc,rsbs,1,T2,74,True
MR,0.1238506984426142,"{""lasso__regressor__alpha"": 0.001}",361,13124,0.3,Hippacc,rsbs,1,T2,74,True
RF,0.11047728007273946,"{""max_features"": 1.0, ""min_samples_leaf"": 1, ""n_estimators"": 20}",361,13124,0.09,Hippacc,rsbs,1,T2,74,True
SVR,0.14260305414965338,"{""regressor__tol"": 0.1, ""regressor__shrinking"": false, ""regressor__epsilon"": 0.1, ""regressor__coef0"": 1.0, ""regressor__C"": 1.0}",361,13124,0.41,Hippacc,rsbs,1,T2,74,True
CART,0.1458105601084864,"{""max_features"": 1.0, ""min_samples_leaf"": 1, ""splitter"": ""best""}",361,13124,0.01,Hippacc,rsbs,1,T2,75,True
kNN,0.20753459205380784,"{""n_neighbors"": 10, ""p"": 1, ""weights"": ""uniform""}",361,13124,0.37,Hippacc,rsbs,1,T2,75,True
KRR,0.1271065598022327,"{""regressor__kernel"": ""rbf"", ""regressor__gamma"": 0.2, ""regressor__alpha"": 0.1}",361,13124,0.15,Hippacc,rsbs,1,T2,75,True
MR,0.11447810211357211,"{""lasso__regressor__alpha"": 0.001}",361,13124,0.36,Hippacc,rsbs,1,T2,75,True
RF,0.1097148262550147,"{""max_features"": 1.0, ""min_samples_leaf"": 1, ""n_estimators"": 20}",361,13124,0.09,Hippacc,rsbs,1,T2,75,True
SVR,0.1425598926471469,"{""regressor__tol"": 0.1, ""regressor__shrinking"": false, ""regressor__epsilon"": 0.1, ""regressor__coef0"": 1.0, ""regressor__C"": 1.0}",361,13124,0.41,Hippacc,rsbs,1,T2,75,True
CART,0.13150083046017944,"{""max_features"": 1.0, ""min_samples_leaf"": 1, ""splitter"": ""best""}",361,13124,0.01,Hippacc,rsbs,1,T2,76,True
kNN,0.2263749818450532,"{""n_neighbors"": 10, ""p"": 1, ""weights"": ""uniform""}",361,13124,0.36,Hippacc,rsbs,1,T2,76,True
KRR,0.16101491391846204,"{""regressor__kernel"": ""rbf"", ""regressor__gamma"": 0.2, ""regressor__alpha"": 0.1}",361,13124,0.14,Hippacc,rsbs,1,T2,76,True
MR,0.13782489264385966,"{""lasso__regressor__alpha"": 0.001}",361,13124,0.38,Hippacc,rsbs,1,T2,76,True
RF,0.11931774657555477,"{""max_features"": 1.0, ""min_samples_leaf"": 1, ""n_estimators"": 20}",361,13124,0.09,Hippacc,rsbs,1,T2,76,True
SVR,0.1666635084852895,"{""regressor__tol"": 0.1, ""regressor__shrinking"": false, ""regressor__epsilon"": 0.1, ""regressor__coef0"": 1.0, ""regressor__C"": 1.0}",361,13124,0.4,Hippacc,rsbs,1,T2,76,True
CART,0.11934905354317575,"{""max_features"": 1.0, ""min_samples_leaf"": 1, ""splitter"": ""best""}",361,13124,0.01,Hippacc,rsbs,1,T2,77,True
kNN,0.20769569721208114,"{""n_neighbors"": 10, ""p"": 1, ""weights"": ""uniform""}",361,13124,0.35,Hippacc,rsbs,1,T2,77,True
KRR,0.13302053713034379,"{""regressor__kernel"": ""rbf"", ""regressor__gamma"": 0.2, ""regressor__alpha"": 0.1}",361,13124,0.15,Hippacc,rsbs,1,T2,77,True
MR,0.11464032283329259,"{""lasso__regressor__alpha"": 0.001}",361,13124,0.34,Hippacc,rsbs,1,T2,77,True
RF,0.11495433718858937,"{""max_features"": 1.0, ""min_samples_leaf"": 1, ""n_estimators"": 20}",361,13124,0.09,Hippacc,rsbs,1,T2,77,True
SVR,0.14320113578430907,"{""regressor__tol"": 0.1, ""regressor__shrinking"": false, ""regressor__epsilon"": 0.1, ""regressor__coef0"": 1.0, ""regressor__C"": 1.0}",361,13124,0.41,Hippacc,rsbs,1,T2,77,True
CART,0.14263687620366544,"{""max_features"": 1.0, ""min_samples_leaf"": 1, ""splitter"": ""best""}",361,13124,0.01,Hippacc,rsbs,1,T2,78,True
kNN,0.20085688714399735,"{""n_neighbors"": 10, ""p"": 1, ""weights"": ""uniform""}",361,13124,0.35,Hippacc,rsbs,1,T2,78,True
KRR,0.14544749808317498,"{""regressor__kernel"": ""rbf"", ""regressor__gamma"": 0.2, ""regressor__alpha"": 0.1}",361,13124,0.15,Hippacc,rsbs,1,T2,78,True
MR,0.13703084043943253,"{""lasso__regressor__alpha"": 0.001}",361,13124,0.31,Hippacc,rsbs,1,T2,78,True
RF,0.11283997182322734,"{""max_features"": 1.0, ""min_samples_leaf"": 1, ""n_estimators"": 20}",361,13124,0.09,Hippacc,rsbs,1,T2,78,True
SVR,0.14240463997746267,"{""regressor__tol"": 0.1, ""regressor__shrinking"": false, ""regressor__epsilon"": 0.1, ""regressor__coef0"": 1.0, ""regressor__C"": 1.0}",361,13124,0.41,Hippacc,rsbs,1,T2,78,True
CART,0.1403439262042258,"{""max_features"": 1.0, ""min_samples_leaf"": 1, ""splitter"": ""best""}",361,13124,0.01,Hippacc,rsbs,1,T2,79,True
kNN,0.2176330620006314,"{""n_neighbors"": 10, ""p"": 1, ""weights"": ""uniform""}",361,13124,0.38,Hippacc,rsbs,1,T2,79,True
KRR,0.14071406203280284,"{""regressor__kernel"": ""rbf"", ""regressor__gamma"": 0.2, ""regressor__alpha"": 0.1}",361,13124,0.15,Hippacc,rsbs,1,T2,79,True
MR,0.11480904895308085,"{""lasso__regressor__alpha"": 0.001}",361,13124,0.38,Hippacc,rsbs,1,T2,79,True
RF,0.11215707853921698,"{""max_features"": 1.0, ""min_samples_leaf"": 1, ""n_estimators"": 20}",361,13124,0.09,Hippacc,rsbs,1,T2,79,True
SVR,0.1516239152355471,"{""regressor__tol"": 0.1, ""regressor__shrinking"": false, ""regressor__epsilon"": 0.1, ""regressor__coef0"": 1.0, ""regressor__C"": 1.0}",361,13124,0.42,Hippacc,rsbs,1,T2,79,True
CART,0.13638039109051917,"{""max_features"": 1.0, ""min_samples_leaf"": 1, ""splitter"": ""best""}",361,13124,0.01,Hippacc,rsbs,1,T2,80,True
kNN,0.20707047273703413,"{""n_neighbors"": 10, ""p"": 1, ""weights"": ""uniform""}",361,13124,0.37,Hippacc,rsbs,1,T2,80,True
KRR,0.12594502353117204,"{""regressor__kernel"": ""rbf"", ""regressor__gamma"": 0.2, ""regressor__alpha"": 0.1}",361,13124,0.15,Hippacc,rsbs,1,T2,80,True
MR,0.11075275514388759,"{""lasso__regressor__alpha"": 0.001}",361,13124,0.42,Hippacc,rsbs,1,T2,80,True
RF,0.11245104492158352,"{""max_features"": 1.0, ""min_samples_leaf"": 1, ""n_estimators"": 20}",361,13124,0.09,Hippacc,rsbs,1,T2,80,True
SVR,0.1421829084461145,"{""regressor__tol"": 0.1, ""regressor__shrinking"": false, ""regressor__epsilon"": 0.1, ""regressor__coef0"": 1.0, ""regressor__C"": 1.0}",361,13124,0.39,Hippacc,rsbs,1,T2,80,True
CART,0.18787952964563887,"{""max_features"": 1.0, ""min_samples_leaf"": 1, ""splitter"": ""best""}",361,13124,0.01,Hippacc,rsbs,1,T2,81,True
kNN,0.2093983895003487,"{""n_neighbors"": 10, ""p"": 1, ""weights"": ""uniform""}",361,13124,0.35,Hippacc,rsbs,1,T2,81,True
KRR,0.13555571039825795,"{""regressor__kernel"": ""rbf"", ""regressor__gamma"": 0.2, ""regressor__alpha"": 0.1}",361,13124,0.15,Hippacc,rsbs,1,T2,81,True
MR,0.12622760584966797,"{""lasso__regressor__alpha"": 0.001}",361,13124,0.35,Hippacc,rsbs,1,T2,81,True
RF,0.12912968847520198,"{""max_features"": 1.0, ""min_samples_leaf"": 1, ""n_estimators"": 20}",361,13124,0.09,Hippacc,rsbs,1,T2,81,True
SVR,0.1463708910465111,"{""regressor__tol"": 0.1, ""regressor__shrinking"": false, ""regressor__epsilon"": 0.1, ""regressor__coef0"": 1.0, ""regressor__C"": 1.0}",361,13124,0.4,Hippacc,rsbs,1,T2,81,True
CART,0.154166331744409,"{""max_features"": 1.0, ""min_samples_leaf"": 1, ""splitter"": ""best""}",361,13124,0.01,Hippacc,rsbs,1,T2,82,True
kNN,0.20105332345410643,"{""n_neighbors"": 10, ""p"": 1, ""weights"": ""uniform""}",361,13124,0.35,Hippacc,rsbs,1,T2,82,True
KRR,0.14565124337761454,"{""regressor__kernel"": ""rbf"", ""regressor__gamma"": 0.2, ""regressor__alpha"": 0.1}",361,13124,0.15,Hippacc,rsbs,1,T2,82,True
MR,0.1363663980692108,"{""lasso__regressor__alpha"": 0.001}",361,13124,0.31,Hippacc,rsbs,1,T2,82,True
RF,0.1126467988500545,"{""max_features"": 1.0, ""min_samples_leaf"": 1, ""n_estimators"": 20}",361,13124,0.09,Hippacc,rsbs,1,T2,82,True
SVR,0.15132620668120167,"{""regressor__tol"": 0.1, ""regressor__shrinking"": false, ""regressor__epsilon"": 0.1, ""regressor__coef0"": 1.0, ""regressor__C"": 1.0}",361,13124,0.35,Hippacc,rsbs,1,T2,82,True
CART,0.14542836911036675,"{""max_features"": 1.0, ""min_samples_leaf"": 1, ""splitter"": ""best""}",361,13124,0.01,Hippacc,rsbs,1,T2,83,True
kNN,0.20249573402447726,"{""n_neighbors"": 10, ""p"": 1, ""weights"": ""uniform""}",361,13124,0.37,Hippacc,rsbs,1,T2,83,True
KRR,0.1300093822841928,"{""regressor__kernel"": ""rbf"", ""regressor__gamma"": 0.2, ""regressor__alpha"": 0.1}",361,13124,0.15,Hippacc,rsbs,1,T2,83,True
MR,0.12048741305770906,"{""lasso__regressor__alpha"": 0.001}",361,13124,0.4,Hippacc,rsbs,1,T2,83,True
RF,0.1212872862568648,"{""max_features"": 1.0, ""min_samples_leaf"": 1, ""n_estimators"": 20}",361,13124,0.09,Hippacc,rsbs,1,T2,83,True
SVR,0.14439393673466921,"{""regressor__tol"": 0.1, ""regressor__shrinking"": false, ""regressor__epsilon"": 0.1, ""regressor__coef0"": 1.0, ""regressor__C"": 1.0}",361,13124,0.37,Hippacc,rsbs,1,T2,83,True
CART,0.14413595986859204,"{""max_features"": 1.0, ""min_samples_leaf"": 1, ""splitter"": ""best""}",361,13124,0.01,Hippacc,rsbs,1,T2,84,True
kNN,0.20208775702945725,"{""n_neighbors"": 10, ""p"": 1, ""weights"": ""uniform""}",361,13124,0.37,Hippacc,rsbs,1,T2,84,True
KRR,0.14367171753922986,"{""regressor__kernel"": ""rbf"", ""regressor__gamma"": 0.2, ""regressor__alpha"": 0.1}",361,13124,0.15,Hippacc,rsbs,1,T2,84,True
MR,0.13758909468515668,"{""lasso__regressor__alpha"": 0.001}",361,13124,0.41,Hippacc,rsbs,1,T2,84,True
RF,0.11034294328904824,"{""max_features"": 1.0, ""min_samples_leaf"": 1, ""n_estimators"": 20}",361,13124,0.09,Hippacc,rsbs,1,T2,84,True
SVR,0.14646167427512746,"{""regressor__tol"": 0.1, ""regressor__shrinking"": false, ""regressor__epsilon"": 0.1, ""regressor__coef0"": 1.0, ""regressor__C"": 1.0}",361,13124,0.38,Hippacc,rsbs,1,T2,84,True
CART,0.15367209327294706,"{""max_features"": 1.0, ""min_samples_leaf"": 1, ""splitter"": ""best""}",361,13124,0.01,Hippacc,rsbs,1,T2,85,True
kNN,0.23737266438165752,"{""n_neighbors"": 10, ""p"": 1, ""weights"": ""uniform""}",361,13124,0.34,Hippacc,rsbs,1,T2,85,True
KRR,0.15738558946721498,"{""regressor__kernel"": ""rbf"", ""regressor__gamma"": 0.2, ""regressor__alpha"": 0.1}",361,13124,0.15,Hippacc,rsbs,1,T2,85,True
MR,0.1518508443884343,"{""lasso__regressor__alpha"": 0.001}",361,13124,0.38,Hippacc,rsbs,1,T2,85,True
RF,0.13348769449568323,"{""max_features"": 1.0, ""min_samples_leaf"": 1, ""n_estimators"": 20}",361,13124,0.08,Hippacc,rsbs,1,T2,85,True
SVR,0.16541663927134037,"{""regressor__tol"": 0.1, ""regressor__shrinking"": false, ""regressor__epsilon"": 0.1, ""regressor__coef0"": 1.0, ""regressor__C"": 1.0}",361,13124,0.4,Hippacc,rsbs,1,T2,85,True
CART,0.12650754530140776,"{""max_features"": 1.0, ""min_samples_leaf"": 1, ""splitter"": ""best""}",361,13124,0.01,Hippacc,rsbs,1,T2,86,True
kNN,0.2129449569049095,"{""n_neighbors"": 10, ""p"": 1, ""weights"": ""uniform""}",361,13124,0.35,Hippacc,rsbs,1,T2,86,True
KRR,0.1343531164639492,"{""regressor__kernel"": ""rbf"", ""regressor__gamma"": 0.2, ""regressor__alpha"": 0.1}",361,13124,0.17,Hippacc,rsbs,1,T2,86,True
MR,0.12026094495057596,"{""lasso__regressor__alpha"": 0.001}",361,13124,0.34,Hippacc,rsbs,1,T2,86,True
RF,0.11590360534486825,"{""max_features"": 1.0, ""min_samples_leaf"": 1, ""n_estimators"": 20}",361,13124,0.09,Hippacc,rsbs,1,T2,86,True
SVR,0.14416983390173232,"{""regressor__tol"": 0.1, ""regressor__shrinking"": false, ""regressor__epsilon"": 0.1, ""regressor__coef0"": 1.0, ""regressor__C"": 1.0}",361,13124,0.41,Hippacc,rsbs,1,T2,86,True
CART,0.1590513011544618,"{""max_features"": 1.0, ""min_samples_leaf"": 1, ""splitter"": ""best""}",361,13124,0.01,Hippacc,rsbs,1,T2,87,True
kNN,0.1914198949092764,"{""n_neighbors"": 10, ""p"": 1, ""weights"": ""uniform""}",361,13124,0.37,Hippacc,rsbs,1,T2,87,True
KRR,0.12676185578994334,"{""regressor__kernel"": ""rbf"", ""regressor__gamma"": 0.2, ""regressor__alpha"": 0.1}",361,13124,0.15,Hippacc,rsbs,1,T2,87,True
MR,0.10682936499355773,"{""lasso__regressor__alpha"": 0.001}",361,13124,0.4,Hippacc,rsbs,1,T2,87,True
RF,0.10738852592810877,"{""max_features"": 1.0, ""min_samples_leaf"": 1, ""n_estimators"": 20}",361,13124,0.09,Hippacc,rsbs,1,T2,87,True
SVR,0.15091217391537612,"{""regressor__tol"": 0.1, ""regressor__shrinking"": false, ""regressor__epsilon"": 0.1, ""regressor__coef0"": 1.0, ""regressor__C"": 1.0}",361,13124,0.38,Hippacc,rsbs,1,T2,87,True
CART,0.11843287454045717,"{""max_features"": 1.0, ""min_samples_leaf"": 1, ""splitter"": ""best""}",361,13124,0.01,Hippacc,rsbs,1,T2,88,True
kNN,0.20966818740694135,"{""n_neighbors"": 10, ""p"": 1, ""weights"": ""uniform""}",361,13124,0.37,Hippacc,rsbs,1,T2,88,True
KRR,0.13980431476376046,"{""regressor__kernel"": ""rbf"", ""regressor__gamma"": 0.2, ""regressor__alpha"": 0.1}",361,13124,0.15,Hippacc,rsbs,1,T2,88,True
MR,0.11801198355780056,"{""lasso__regressor__alpha"": 0.001}",361,13124,0.39,Hippacc,rsbs,1,T2,88,True
RF,0.11862329191404611,"{""max_features"": 1.0, ""min_samples_leaf"": 1, ""n_estimators"": 20}",361,13124,0.09,Hippacc,rsbs,1,T2,88,True
SVR,0.1497883904770233,"{""regressor__tol"": 0.1, ""regressor__shrinking"": false, ""regressor__epsilon"": 0.1, ""regressor__coef0"": 1.0, ""regressor__C"": 1.0}",361,13124,0.39,Hippacc,rsbs,1,T2,88,True
CART,0.13390004737822447,"{""max_features"": 1.0, ""min_samples_leaf"": 1, ""splitter"": ""best""}",361,13124,0.01,Hippacc,rsbs,1,T2,89,True
kNN,0.19653550356098332,"{""n_neighbors"": 10, ""p"": 1, ""weights"": ""uniform""}",361,13124,0.34,Hippacc,rsbs,1,T2,89,True
KRR,0.12635353236265132,"{""regressor__kernel"": ""rbf"", ""regressor__gamma"": 0.2, ""regressor__alpha"": 0.1}",361,13124,0.15,Hippacc,rsbs,1,T2,89,True
MR,0.11483134820093631,"{""lasso__regressor__alpha"": 0.001}",361,13124,0.36,Hippacc,rsbs,1,T2,89,True
RF,0.11293674138208064,"{""max_features"": 1.0, ""min_samples_leaf"": 1, ""n_estimators"": 20}",361,13124,0.08,Hippacc,rsbs,1,T2,89,True
SVR,0.14171991930771335,"{""regressor__tol"": 0.1, ""regressor__shrinking"": false, ""regressor__epsilon"": 0.1, ""regressor__coef0"": 1.0, ""regressor__C"": 1.0}",361,13124,0.4,Hippacc,rsbs,1,T2,89,True
CART,0.15207784057859672,"{""max_features"": 1.0, ""min_samples_leaf"": 1, ""splitter"": ""best""}",361,13124,0.01,Hippacc,rsbs,1,T2,90,True
kNN,0.216115961926183,"{""n_neighbors"": 10, ""p"": 1, ""weights"": ""uniform""}",361,13124,0.34,Hippacc,rsbs,1,T2,90,True
KRR,0.1372680914606436,"{""regressor__kernel"": ""rbf"", ""regressor__gamma"": 0.2, ""regressor__alpha"": 0.1}",361,13124,0.17,Hippacc,rsbs,1,T2,90,True
MR,0.12658000293375343,"{""lasso__regressor__alpha"": 0.001}",361,13124,0.34,Hippacc,rsbs,1,T2,90,True
RF,0.11305249527479191,"{""max_features"": 1.0, ""min_samples_leaf"": 1, ""n_estimators"": 20}",361,13124,0.09,Hippacc,rsbs,1,T2,90,True
SVR,0.15044859587499063,"{""regressor__tol"": 0.1, ""regressor__shrinking"": false, ""regressor__epsilon"": 0.1, ""regressor__coef0"": 1.0, ""regressor__C"": 1.0}",361,13124,0.39,Hippacc,rsbs,1,T2,90,True
CART,0.13708449259033564,"{""max_features"": 1.0, ""min_samples_leaf"": 1, ""splitter"": ""best""}",361,13124,0.01,Hippacc,rsbs,1,T2,91,True
kNN,0.2110917359532065,"{""n_neighbors"": 10, ""p"": 1, ""weights"": ""uniform""}",361,13124,0.38,Hippacc,rsbs,1,T2,91,True
KRR,0.14933216549026643,"{""regressor__kernel"": ""rbf"", ""regressor__gamma"": 0.2, ""regressor__alpha"": 0.1}",361,13124,0.16,Hippacc,rsbs,1,T2,91,True
MR,0.12401324853807247,"{""lasso__regressor__alpha"": 0.001}",361,13124,0.37,Hippacc,rsbs,1,T2,91,True
RF,0.12399086251056202,"{""max_features"": 1.0, ""min_samples_leaf"": 1, ""n_estimators"": 20}",361,13124,0.09,Hippacc,rsbs,1,T2,91,True
SVR,0.14055282139422007,"{""regressor__tol"": 0.1, ""regressor__shrinking"": false, ""regressor__epsilon"": 0.1, ""regressor__coef0"": 1.0, ""regressor__C"": 1.0}",361,13124,0.39,Hippacc,rsbs,1,T2,91,True
CART,0.14630250957175842,"{""max_features"": 1.0, ""min_samples_leaf"": 1, ""splitter"": ""best""}",361,13124,0.01,Hippacc,rsbs,1,T2,92,True
kNN,0.19627748515937696,"{""n_neighbors"": 10, ""p"": 1, ""weights"": ""uniform""}",361,13124,0.38,Hippacc,rsbs,1,T2,92,True
KRR,0.12168346385284824,"{""regressor__kernel"": ""rbf"", ""regressor__gamma"": 0.2, ""regressor__alpha"": 0.1}",361,13124,0.15,Hippacc,rsbs,1,T2,92,True
MR,0.11521131219553842,"{""lasso__regressor__alpha"": 0.001}",361,13124,0.4,Hippacc,rsbs,1,T2,92,True
RF,0.10626250231749532,"{""max_features"": 1.0, ""min_samples_leaf"": 1, ""n_estimators"": 20}",361,13124,0.09,Hippacc,rsbs,1,T2,92,True
SVR,0.1408657471032362,"{""regressor__tol"": 0.1, ""regressor__shrinking"": false, ""regressor__epsilon"": 0.1, ""regressor__coef0"": 1.0, ""regressor__C"": 1.0}",361,13124,0.39,Hippacc,rsbs,1,T2,92,True
CART,0.1243930444233872,"{""max_features"": 1.0, ""min_samples_leaf"": 1, ""splitter"": ""best""}",361,13124,0.01,Hippacc,rsbs,1,T2,93,True
kNN,0.20796630679750092,"{""n_neighbors"": 10, ""p"": 1, ""weights"": ""uniform""}",361,13124,0.34,Hippacc,rsbs,1,T2,93,True
KRR,0.15078280264780067,"{""regressor__kernel"": ""rbf"", ""regressor__gamma"": 0.2, ""regressor__alpha"": 0.1}",361,13124,0.15,Hippacc,rsbs,1,T2,93,True
MR,0.12564631302781415,"{""lasso__regressor__alpha"": 0.001}",361,13124,0.36,Hippacc,rsbs,1,T2,93,True
RF,0.12457324565210419,"{""max_features"": 1.0, ""min_samples_leaf"": 1, ""n_estimators"": 20}",361,13124,0.08,Hippacc,rsbs,1,T2,93,True
SVR,0.15698550510626857,"{""regressor__tol"": 0.1, ""regressor__shrinking"": false, ""regressor__epsilon"": 0.1, ""regressor__coef0"": 1.0, ""regressor__C"": 1.0}",361,13124,0.4,Hippacc,rsbs,1,T2,93,True
CART,0.14227799447509845,"{""max_features"": 1.0, ""min_samples_leaf"": 1, ""splitter"": ""best""}",361,13124,0.01,Hippacc,rsbs,1,T2,94,True
kNN,0.2095838595659103,"{""n_neighbors"": 10, ""p"": 1, ""weights"": ""uniform""}",361,13124,0.35,Hippacc,rsbs,1,T2,94,True
KRR,0.13425817221480385,"{""regressor__kernel"": ""rbf"", ""regressor__gamma"": 0.2, ""regressor__alpha"": 0.1}",361,13124,0.16,Hippacc,rsbs,1,T2,94,True
MR,0.1203861651172886,"{""lasso__regressor__alpha"": 0.001}",361,13124,0.33,Hippacc,rsbs,1,T2,94,True
RF,0.13002397871875637,"{""max_features"": 1.0, ""min_samples_leaf"": 1, ""n_estimators"": 20}",361,13124,0.09,Hippacc,rsbs,1,T2,94,True
SVR,0.14728126240420264,"{""regressor__tol"": 0.1, ""regressor__shrinking"": false, ""regressor__epsilon"": 0.1, ""regressor__coef0"": 1.0, ""regressor__C"": 1.0}",361,13124,0.4,Hippacc,rsbs,1,T2,94,True
CART,0.1514068079611709,"{""max_features"": 1.0, ""min_samples_leaf"": 1, ""splitter"": ""best""}",361,13124,0.01,Hippacc,rsbs,1,T2,95,True
kNN,0.23350670045654515,"{""n_neighbors"": 10, ""p"": 1, ""weights"": ""uniform""}",361,13124,0.38,Hippacc,rsbs,1,T2,95,True
KRR,0.14255661603197614,"{""regressor__kernel"": ""rbf"", ""regressor__gamma"": 0.2, ""regressor__alpha"": 0.1}",361,13124,0.16,Hippacc,rsbs,1,T2,95,True
MR,0.13022045450185837,"{""lasso__regressor__alpha"": 0.001}",361,13124,0.39,Hippacc,rsbs,1,T2,95,True
RF,0.12203956226096442,"{""max_features"": 1.0, ""min_samples_leaf"": 1, ""n_estimators"": 20}",361,13124,0.09,Hippacc,rsbs,1,T2,95,True
SVR,0.16549943426269545,"{""regressor__tol"": 0.1, ""regressor__shrinking"": false, ""regressor__epsilon"": 0.1, ""regressor__coef0"": 1.0, ""regressor__C"": 1.0}",361,13124,0.39,Hippacc,rsbs,1,T2,95,True
CART,0.14378620243081694,"{""max_features"": 1.0, ""min_samples_leaf"": 1, ""splitter"": ""best""}",361,13124,0.01,Hippacc,rsbs,1,T2,96,True
kNN,0.19980362696951023,"{""n_neighbors"": 10, ""p"": 1, ""weights"": ""uniform""}",361,13124,0.38,Hippacc,rsbs,1,T2,96,True
KRR,0.14367446396654085,"{""regressor__kernel"": ""rbf"", ""regressor__gamma"": 0.2, ""regressor__alpha"": 0.1}",361,13124,0.16,Hippacc,rsbs,1,T2,96,True
MR,0.1363149980978989,"{""lasso__regressor__alpha"": 0.001}",361,13124,0.36,Hippacc,rsbs,1,T2,96,True
RF,0.1284817921095315,"{""max_features"": 1.0, ""min_samples_leaf"": 1, ""n_estimators"": 20}",361,13124,0.09,Hippacc,rsbs,1,T2,96,True
SVR,0.14533009382170167,"{""regressor__tol"": 0.1, ""regressor__shrinking"": false, ""regressor__epsilon"": 0.1, ""regressor__coef0"": 1.0, ""regressor__C"": 1.0}",361,13124,0.38,Hippacc,rsbs,1,T2,96,True
CART,0.14652962200765335,"{""max_features"": 1.0, ""min_samples_leaf"": 1, ""splitter"": ""best""}",361,13124,0.01,Hippacc,rsbs,1,T2,97,True
kNN,0.20135939409347,"{""n_neighbors"": 10, ""p"": 1, ""weights"": ""uniform""}",361,13124,0.34,Hippacc,rsbs,1,T2,97,True
KRR,0.1338965220798879,"{""regressor__kernel"": ""rbf"", ""regressor__gamma"": 0.2, ""regressor__alpha"": 0.1}",361,13124,0.15,Hippacc,rsbs,1,T2,97,True
MR,0.11208415822823554,"{""lasso__regressor__alpha"": 0.001}",361,13124,0.34,Hippacc,rsbs,1,T2,97,True
RF,0.1101427278715203,"{""max_features"": 1.0, ""min_samples_leaf"": 1, ""n_estimators"": 20}",361,13124,0.09,Hippacc,rsbs,1,T2,97,True
SVR,0.1426750732935153,"{""regressor__tol"": 0.1, ""regressor__shrinking"": false, ""regressor__epsilon"": 0.1, ""regressor__coef0"": 1.0, ""regressor__C"": 1.0}",361,13124,0.4,Hippacc,rsbs,1,T2,97,True
CART,0.14029663815283852,"{""max_features"": 1.0, ""min_samples_leaf"": 1, ""splitter"": ""best""}",361,13124,0.01,Hippacc,rsbs,1,T2,98,True
kNN,0.21929177832451696,"{""n_neighbors"": 10, ""p"": 1, ""weights"": ""uniform""}",361,13124,0.35,Hippacc,rsbs,1,T2,98,True
KRR,0.15184289511045695,"{""regressor__kernel"": ""rbf"", ""regressor__gamma"": 0.2, ""regressor__alpha"": 0.1}",361,13124,0.15,Hippacc,rsbs,1,T2,98,True
MR,0.11865691345354142,"{""lasso__regressor__alpha"": 0.001}",361,13124,0.31,Hippacc,rsbs,1,T2,98,True
RF,0.10644748509213295,"{""max_features"": 1.0, ""min_samples_leaf"": 1, ""n_estimators"": 20}",361,13124,0.09,Hippacc,rsbs,1,T2,98,True
SVR,0.16169035940860577,"{""regressor__tol"": 0.1, ""regressor__shrinking"": false, ""regressor__epsilon"": 0.1, ""regressor__coef0"": 1.0, ""regressor__C"": 1.0}",361,13124,0.22,Hippacc,rsbs,1,T2,98,True
CART,0.14942639800237448,"{""max_features"": 1.0, ""min_samples_leaf"": 1, ""splitter"": ""best""}",361,13124,0.01,Hippacc,rsbs,1,T2,99,True
kNN,0.21053573331515116,"{""n_neighbors"": 10, ""p"": 1, ""weights"": ""uniform""}",361,13124,0.39,Hippacc,rsbs,1,T2,99,True
KRR,0.12376275656947894,"{""regressor__kernel"": ""rbf"", ""regressor__gamma"": 0.2, ""regressor__alpha"": 0.1}",361,13124,0.16,Hippacc,rsbs,1,T2,99,True
MR,0.11484031377879034,"{""lasso__regressor__alpha"": 0.001}",361,13124,0.36,Hippacc,rsbs,1,T2,99,True
RF,0.11543708449761755,"{""max_features"": 1.0, ""min_samples_leaf"": 1, ""n_estimators"": 20}",361,13124,0.06,Hippacc,rsbs,1,T2,99,True
SVR,0.13407742934456526,"{""regressor__tol"": 0.1, ""regressor__shrinking"": false, ""regressor__epsilon"": 0.1, ""regressor__coef0"": 1.0, ""regressor__C"": 1.0}",361,13124,0.22,Hippacc,rsbs,1,T2,99,True
CART,0.14774691103756468,"{""max_features"": 1.0, ""min_samples_leaf"": 1, ""splitter"": ""best""}",361,13124,0.01,Hippacc,rsbs,1,T2,100,True
kNN,0.20203033697038658,"{""n_neighbors"": 10, ""p"": 1, ""weights"": ""uniform""}",361,13124,0.38,Hippacc,rsbs,1,T2,100,True
KRR,0.12956330747707062,"{""regressor__kernel"": ""rbf"", ""regressor__gamma"": 0.2, ""regressor__alpha"": 0.1}",361,13124,0.16,Hippacc,rsbs,1,T2,100,True
MR,0.12213561289917883,"{""lasso__regressor__alpha"": 0.001}",361,13124,0.24,Hippacc,rsbs,1,T2,100,True
RF,0.11528452794947053,"{""max_features"": 1.0, ""min_samples_leaf"": 1, ""n_estimators"": 20}",361,13124,0.06,Hippacc,rsbs,1,T2,100,True
SVR,0.1495637981480125,"{""regressor__tol"": 0.1, ""regressor__shrinking"": false, ""regressor__epsilon"": 0.1, ""regressor__coef0"": 1.0, ""regressor__C"": 1.0}",361,13124,0.19,Hippacc,rsbs,1,T2,100,True
CART,0.07493432578170939,"{""max_features"": 1.0, ""min_samples_leaf"": 1, ""splitter"": ""best""}",1533,11952,0.02,Hippacc,rsbs,1,T3,1,True
kNN,0.18206987883154727,"{""n_neighbors"": 15, ""p"": 1, ""weights"": ""distance""}",1533,11952,1.28,Hippacc,rsbs,1,T3,1,True
KRR,0.07839758408068473,"{""regressor__kernel"": ""rbf"", ""regressor__gamma"": 0.2, ""regressor__alpha"": 0.0001}",1533,11952,0.82,Hippacc,rsbs,1,T3,1,True
MR,0.10170804675658816,"{""lasso__regressor__alpha"": 0.001}",1533,11952,0.87,Hippacc,rsbs,1,T3,1,True
RF,0.0649464853730073,"{""max_features"": 1.0, ""min_samples_leaf"": 1, ""n_estimators"": 20}",1533,11952,0.22,Hippacc,rsbs,1,T3,1,True
SVR,0.09404611439958825,"{""regressor__tol"": 0.05, ""regressor__shrinking"": true, ""regressor__epsilon"": 0.1, ""regressor__coef0"": 1.0, ""regressor__C"": 5.0}",1533,11952,1.42,Hippacc,rsbs,1,T3,1,True
CART,0.07769582794017073,"{""max_features"": 1.0, ""min_samples_leaf"": 1, ""splitter"": ""best""}",1533,11952,0.02,Hippacc,rsbs,1,T3,2,True
kNN,0.19123033668200115,"{""n_neighbors"": 15, ""p"": 1, ""weights"": ""distance""}",1533,11952,1.24,Hippacc,rsbs,1,T3,2,True
KRR,0.06460240526845566,"{""regressor__kernel"": ""rbf"", ""regressor__gamma"": 0.2, ""regressor__alpha"": 0.0001}",1533,11952,0.82,Hippacc,rsbs,1,T3,2,True
MR,0.0980420378310293,"{""lasso__regressor__alpha"": 0.001}",1533,11952,0.88,Hippacc,rsbs,1,T3,2,True
RF,0.06709478121438742,"{""max_features"": 1.0, ""min_samples_leaf"": 1, ""n_estimators"": 20}",1533,11952,0.22,Hippacc,rsbs,1,T3,2,True
SVR,0.0840140906106682,"{""regressor__tol"": 0.05, ""regressor__shrinking"": true, ""regressor__epsilon"": 0.1, ""regressor__coef0"": 1.0, ""regressor__C"": 5.0}",1533,11952,1.37,Hippacc,rsbs,1,T3,2,True
CART,0.07117892729664686,"{""max_features"": 1.0, ""min_samples_leaf"": 1, ""splitter"": ""best""}",1533,11952,0.02,Hippacc,rsbs,1,T3,3,True
kNN,0.20066496557897295,"{""n_neighbors"": 15, ""p"": 1, ""weights"": ""distance""}",1533,11952,1.27,Hippacc,rsbs,1,T3,3,True
KRR,0.06773549962666298,"{""regressor__kernel"": ""rbf"", ""regressor__gamma"": 0.2, ""regressor__alpha"": 0.0001}",1533,11952,0.82,Hippacc,rsbs,1,T3,3,True
MR,0.10286069509567158,"{""lasso__regressor__alpha"": 0.001}",1533,11952,0.86,Hippacc,rsbs,1,T3,3,True
RF,0.06594392137247664,"{""max_features"": 1.0, ""min_samples_leaf"": 1, ""n_estimators"": 20}",1533,11952,0.22,Hippacc,rsbs,1,T3,3,True
SVR,0.0873262351657181,"{""regressor__tol"": 0.05, ""regressor__shrinking"": true, ""regressor__epsilon"": 0.1, ""regressor__coef0"": 1.0, ""regressor__C"": 5.0}",1533,11952,1.39,Hippacc,rsbs,1,T3,3,True
CART,0.07287093042808405,"{""max_features"": 1.0, ""min_samples_leaf"": 1, ""splitter"": ""best""}",1533,11952,0.02,Hippacc,rsbs,1,T3,4,True
kNN,0.18923574325234663,"{""n_neighbors"": 15, ""p"": 1, ""weights"": ""distance""}",1533,11952,1.24,Hippacc,rsbs,1,T3,4,True
KRR,0.06366263516686176,"{""regressor__kernel"": ""rbf"", ""regressor__gamma"": 0.2, ""regressor__alpha"": 0.0001}",1533,11952,0.83,Hippacc,rsbs,1,T3,4,True
MR,0.09794097831802563,"{""lasso__regressor__alpha"": 0.001}",1533,11952,0.76,Hippacc,rsbs,1,T3,4,True
RF,0.06588985461168537,"{""max_features"": 1.0, ""min_samples_leaf"": 1, ""n_estimators"": 20}",1533,11952,0.22,Hippacc,rsbs,1,T3,4,True
SVR,0.0865970867527231,"{""regressor__tol"": 0.05, ""regressor__shrinking"": true, ""regressor__epsilon"": 0.1, ""regressor__coef0"": 1.0, ""regressor__C"": 5.0}",1533,11952,1.35,Hippacc,rsbs,1,T3,4,True
CART,0.08549984961971144,"{""max_features"": 1.0, ""min_samples_leaf"": 1, ""splitter"": ""best""}",1533,11952,0.02,Hippacc,rsbs,1,T3,5,True
kNN,0.19636007702708638,"{""n_neighbors"": 15, ""p"": 1, ""weights"": ""distance""}",1533,11952,1.22,Hippacc,rsbs,1,T3,5,True
KRR,0.06454100227274555,"{""regressor__kernel"": ""rbf"", ""regressor__gamma"": 0.2, ""regressor__alpha"": 0.0001}",1533,11952,0.77,Hippacc,rsbs,1,T3,5,True
MR,0.09913451527492795,"{""lasso__regressor__alpha"": 0.001}",1533,11952,0.65,Hippacc,rsbs,1,T3,5,True
RF,0.06841440200393627,"{""max_features"": 1.0, ""min_samples_leaf"": 1, ""n_estimators"": 20}",1533,11952,0.22,Hippacc,rsbs,1,T3,5,True
SVR,0.0806997926156659,"{""regressor__tol"": 0.05, ""regressor__shrinking"": true, ""regressor__epsilon"": 0.1, ""regressor__coef0"": 1.0, ""regressor__C"": 5.0}",1533,11952,1.39,Hippacc,rsbs,1,T3,5,True
CART,0.06948751525433702,"{""max_features"": 1.0, ""min_samples_leaf"": 1, ""splitter"": ""best""}",1533,11952,0.02,Hippacc,rsbs,1,T3,6,True
kNN,0.19315932232671768,"{""n_neighbors"": 15, ""p"": 1, ""weights"": ""distance""}",1533,11952,1.22,Hippacc,rsbs,1,T3,6,True
KRR,0.07326993336732886,"{""regressor__kernel"": ""rbf"", ""regressor__gamma"": 0.2, ""regressor__alpha"": 0.0001}",1533,11952,0.78,Hippacc,rsbs,1,T3,6,True
MR,0.10309849539635565,"{""lasso__regressor__alpha"": 0.001}",1533,11952,0.76,Hippacc,rsbs,1,T3,6,True
RF,0.06894035469545512,"{""max_features"": 1.0, ""min_samples_leaf"": 1, ""n_estimators"": 20}",1533,11952,0.22,Hippacc,rsbs,1,T3,6,True
SVR,0.09456672431150871,"{""regressor__tol"": 0.05, ""regressor__shrinking"": true, ""regressor__epsilon"": 0.1, ""regressor__coef0"": 1.0, ""regressor__C"": 5.0}",1533,11952,1.44,Hippacc,rsbs,1,T3,6,True
CART,0.0756241458873781,"{""max_features"": 1.0, ""min_samples_leaf"": 1, ""splitter"": ""best""}",1533,11952,0.02,Hippacc,rsbs,1,T3,7,True
kNN,0.19737265786984856,"{""n_neighbors"": 15, ""p"": 1, ""weights"": ""distance""}",1533,11952,1.25,Hippacc,rsbs,1,T3,7,True
KRR,0.06906774603811866,"{""regressor__kernel"": ""rbf"", ""regressor__gamma"": 0.2, ""regressor__alpha"": 0.0001}",1533,11952,0.72,Hippacc,rsbs,1,T3,7,True
MR,0.10208466377124945,"{""lasso__regressor__alpha"": 0.001}",1533,11952,0.66,Hippacc,rsbs,1,T3,7,True
RF,0.07498173066259138,"{""max_features"": 1.0, ""min_samples_leaf"": 1, ""n_estimators"": 20}",1533,11952,0.22,Hippacc,rsbs,1,T3,7,True
SVR,0.09340532997450655,"{""regressor__tol"": 0.05, ""regressor__shrinking"": true, ""regressor__epsilon"": 0.1, ""regressor__coef0"": 1.0, ""regressor__C"": 5.0}",1533,11952,1.44,Hippacc,rsbs,1,T3,7,True
CART,0.07609710220937753,"{""max_features"": 1.0, ""min_samples_leaf"": 1, ""splitter"": ""best""}",1533,11952,0.02,Hippacc,rsbs,1,T3,8,True
kNN,0.19004487856816143,"{""n_neighbors"": 15, ""p"": 1, ""weights"": ""distance""}",1533,11952,1.26,Hippacc,rsbs,1,T3,8,True
KRR,0.0659466981533023,"{""regressor__kernel"": ""rbf"", ""regressor__gamma"": 0.2, ""regressor__alpha"": 0.0001}",1533,11952,0.75,Hippacc,rsbs,1,T3,8,True
MR,0.10073933905123876,"{""lasso__regressor__alpha"": 0.001}",1533,11952,0.73,Hippacc,rsbs,1,T3,8,True
RF,0.06689816490913046,"{""max_features"": 1.0, ""min_samples_leaf"": 1, ""n_estimators"": 20}",1533,11952,0.22,Hippacc,rsbs,1,T3,8,True
SVR,0.08739573005196238,"{""regressor__tol"": 0.05, ""regressor__shrinking"": true, ""regressor__epsilon"": 0.1, ""regressor__coef0"": 1.0, ""regressor__C"": 5.0}",1533,11952,1.36,Hippacc,rsbs,1,T3,8,True
CART,0.082024843614556,"{""max_features"": 1.0, ""min_samples_leaf"": 1, ""splitter"": ""best""}",1533,11952,0.02,Hippacc,rsbs,1,T3,9,True
kNN,0.19216446686529995,"{""n_neighbors"": 15, ""p"": 1, ""weights"": ""distance""}",1533,11952,1.26,Hippacc,rsbs,1,T3,9,True
KRR,0.06897705596793544,"{""regressor__kernel"": ""rbf"", ""regressor__gamma"": 0.2, ""regressor__alpha"": 0.0001}",1533,11952,0.78,Hippacc,rsbs,1,T3,9,True
MR,0.10151099134749811,"{""lasso__regressor__alpha"": 0.001}",1533,11952,0.67,Hippacc,rsbs,1,T3,9,True
RF,0.06642119841629783,"{""max_features"": 1.0, ""min_samples_leaf"": 1, ""n_estimators"": 20}",1533,11952,0.22,Hippacc,rsbs,1,T3,9,True
SVR,0.0845589267000914,"{""regressor__tol"": 0.05, ""regressor__shrinking"": true, ""regressor__epsilon"": 0.1, ""regressor__coef0"": 1.0, ""regressor__C"": 5.0}",1533,11952,1.39,Hippacc,rsbs,1,T3,9,True
CART,0.08373380507874734,"{""max_features"": 1.0, ""min_samples_leaf"": 1, ""splitter"": ""best""}",1533,11952,0.02,Hippacc,rsbs,1,T3,10,True
kNN,0.18959861619486185,"{""n_neighbors"": 15, ""p"": 1, ""weights"": ""distance""}",1533,11952,1.22,Hippacc,rsbs,1,T3,10,True
KRR,0.0674661908719678,"{""regressor__kernel"": ""rbf"", ""regressor__gamma"": 0.2, ""regressor__alpha"": 0.0001}",1533,11952,0.75,Hippacc,rsbs,1,T3,10,True
MR,0.10155895167925696,"{""lasso__regressor__alpha"": 0.001}",1533,11952,0.67,Hippacc,rsbs,1,T3,10,True
RF,0.06648436338642683,"{""max_features"": 1.0, ""min_samples_leaf"": 1, ""n_estimators"": 20}",1533,11952,0.22,Hippacc,rsbs,1,T3,10,True
SVR,0.08438097953381093,"{""regressor__tol"": 0.05, ""regressor__shrinking"": true, ""regressor__epsilon"": 0.1, ""regressor__coef0"": 1.0, ""regressor__C"": 5.0}",1533,11952,1.4,Hippacc,rsbs,1,T3,10,True
CART,0.07968203627993964,"{""max_features"": 1.0, ""min_samples_leaf"": 1, ""splitter"": ""best""}",1533,11952,0.02,Hippacc,rsbs,1,T3,11,True
kNN,0.19465017574789178,"{""n_neighbors"": 15, ""p"": 1, ""weights"": ""distance""}",1533,11952,1.28,Hippacc,rsbs,1,T3,11,True
KRR,0.07297337428620056,"{""regressor__kernel"": ""rbf"", ""regressor__gamma"": 0.2, ""regressor__alpha"": 0.0001}",1533,11952,0.78,Hippacc,rsbs,1,T3,11,True
MR,0.10258193840010262,"{""lasso__regressor__alpha"": 0.001}",1533,11952,0.67,Hippacc,rsbs,1,T3,11,True
RF,0.07018645357648264,"{""max_features"": 1.0, ""min_samples_leaf"": 1, ""n_estimators"": 20}",1533,11952,0.22,Hippacc,rsbs,1,T3,11,True
SVR,0.09804535980617948,"{""regressor__tol"": 0.05, ""regressor__shrinking"": true, ""regressor__epsilon"": 0.1, ""regressor__coef0"": 1.0, ""regressor__C"": 5.0}",1533,11952,1.42,Hippacc,rsbs,1,T3,11,True
CART,0.07537856474779644,"{""max_features"": 1.0, ""min_samples_leaf"": 1, ""splitter"": ""best""}",1533,11952,0.02,Hippacc,rsbs,1,T3,12,True
kNN,0.19202714612807967,"{""n_neighbors"": 15, ""p"": 1, ""weights"": ""distance""}",1533,11952,1.24,Hippacc,rsbs,1,T3,12,True
KRR,0.06679578701573599,"{""regressor__kernel"": ""rbf"", ""regressor__gamma"": 0.2, ""regressor__alpha"": 0.0001}",1533,11952,0.8,Hippacc,rsbs,1,T3,12,True
MR,0.10078072447635826,"{""lasso__regressor__alpha"": 0.001}",1533,11952,0.66,Hippacc,rsbs,1,T3,12,True
RF,0.0726830820373347,"{""max_features"": 1.0, ""min_samples_leaf"": 1, ""n_estimators"": 20}",1533,11952,0.22,Hippacc,rsbs,1,T3,12,True
SVR,0.08371137463588521,"{""regressor__tol"": 0.05, ""regressor__shrinking"": true, ""regressor__epsilon"": 0.1, ""regressor__coef0"": 1.0, ""regressor__C"": 5.0}",1533,11952,1.37,Hippacc,rsbs,1,T3,12,True
CART,0.07426398656539408,"{""max_features"": 1.0, ""min_samples_leaf"": 1, ""splitter"": ""best""}",1533,11952,0.02,Hippacc,rsbs,1,T3,13,True
kNN,0.1958840453762639,"{""n_neighbors"": 15, ""p"": 1, ""weights"": ""distance""}",1533,11952,1.27,Hippacc,rsbs,1,T3,13,True
KRR,0.0632090256630816,"{""regressor__kernel"": ""rbf"", ""regressor__gamma"": 0.2, ""regressor__alpha"": 0.0001}",1533,11952,0.8,Hippacc,rsbs,1,T3,13,True
MR,0.10294151840705609,"{""lasso__regressor__alpha"": 0.001}",1533,11952,0.76,Hippacc,rsbs,1,T3,13,True
RF,0.06865797497718693,"{""max_features"": 1.0, ""min_samples_leaf"": 1, ""n_estimators"": 20}",1533,11952,0.22,Hippacc,rsbs,1,T3,13,True
SVR,0.08316142322700787,"{""regressor__tol"": 0.05, ""regressor__shrinking"": true, ""regressor__epsilon"": 0.1, ""regressor__coef0"": 1.0, ""regressor__C"": 5.0}",1533,11952,1.41,Hippacc,rsbs,1,T3,13,True
CART,0.08093384187821034,"{""max_features"": 1.0, ""min_samples_leaf"": 1, ""splitter"": ""best""}",1533,11952,0.02,Hippacc,rsbs,1,T3,14,True
kNN,0.18737055307179795,"{""n_neighbors"": 15, ""p"": 1, ""weights"": ""distance""}",1533,11952,1.23,Hippacc,rsbs,1,T3,14,True
KRR,0.06621954718222214,"{""regressor__kernel"": ""rbf"", ""regressor__gamma"": 0.2, ""regressor__alpha"": 0.0001}",1533,11952,0.78,Hippacc,rsbs,1,T3,14,True
MR,0.10074252437550882,"{""lasso__regressor__alpha"": 0.001}",1533,11952,0.8,Hippacc,rsbs,1,T3,14,True
RF,0.07138469565706218,"{""max_features"": 1.0, ""min_samples_leaf"": 1, ""n_estimators"": 20}",1533,11952,0.22,Hippacc,rsbs,1,T3,14,True
SVR,0.08708834771252774,"{""regressor__tol"": 0.05, ""regressor__shrinking"": true, ""regressor__epsilon"": 0.1, ""regressor__coef0"": 1.0, ""regressor__C"": 5.0}",1533,11952,1.37,Hippacc,rsbs,1,T3,14,True
CART,0.07275877812646878,"{""max_features"": 1.0, ""min_samples_leaf"": 1, ""splitter"": ""best""}",1533,11952,0.02,Hippacc,rsbs,1,T3,15,True
kNN,0.18964948264260847,"{""n_neighbors"": 15, ""p"": 1, ""weights"": ""distance""}",1533,11952,1.22,Hippacc,rsbs,1,T3,15,True
KRR,0.06916293085208716,"{""regressor__kernel"": ""rbf"", ""regressor__gamma"": 0.2, ""regressor__alpha"": 0.0001}",1533,11952,0.77,Hippacc,rsbs,1,T3,15,True
MR,0.10421940596417721,"{""lasso__regressor__alpha"": 0.001}",1533,11952,0.68,Hippacc,rsbs,1,T3,15,True
RF,0.06745186449336174,"{""max_features"": 1.0, ""min_samples_leaf"": 1, ""n_estimators"": 20}",1533,11952,0.22,Hippacc,rsbs,1,T3,15,True
SVR,0.09907146399810704,"{""regressor__tol"": 0.05, ""regressor__shrinking"": true, ""regressor__epsilon"": 0.1, ""regressor__coef0"": 1.0, ""regressor__C"": 5.0}",1533,11952,1.4,Hippacc,rsbs,1,T3,15,True
CART,0.07278939511220882,"{""max_features"": 1.0, ""min_samples_leaf"": 1, ""splitter"": ""best""}",1533,11952,0.02,Hippacc,rsbs,1,T3,16,True
kNN,0.18627965564058568,"{""n_neighbors"": 15, ""p"": 1, ""weights"": ""distance""}",1533,11952,1.26,Hippacc,rsbs,1,T3,16,True
KRR,0.06109737805843514,"{""regressor__kernel"": ""rbf"", ""regressor__gamma"": 0.2, ""regressor__alpha"": 0.0001}",1533,11952,0.74,Hippacc,rsbs,1,T3,16,True
MR,0.10174141814820607,"{""lasso__regressor__alpha"": 0.001}",1533,11952,0.65,Hippacc,rsbs,1,T3,16,True
RF,0.0673762643987015,"{""max_features"": 1.0, ""min_samples_leaf"": 1, ""n_estimators"": 20}",1533,11952,0.22,Hippacc,rsbs,1,T3,16,True
SVR,0.08215648827846063,"{""regressor__tol"": 0.05, ""regressor__shrinking"": true, ""regressor__epsilon"": 0.1, ""regressor__coef0"": 1.0, ""regressor__C"": 5.0}",1533,11952,1.39,Hippacc,rsbs,1,T3,16,True
CART,0.07488758370763429,"{""max_features"": 1.0, ""min_samples_leaf"": 1, ""splitter"": ""best""}",1533,11952,0.02,Hippacc,rsbs,1,T3,17,True
kNN,0.18406806257597486,"{""n_neighbors"": 15, ""p"": 1, ""weights"": ""distance""}",1533,11952,1.27,Hippacc,rsbs,1,T3,17,True
KRR,0.06980445783879807,"{""regressor__kernel"": ""rbf"", ""regressor__gamma"": 0.2, ""regressor__alpha"": 0.0001}",1533,11952,0.8,Hippacc,rsbs,1,T3,17,True
MR,0.10162081087798584,"{""lasso__regressor__alpha"": 0.001}",1533,11952,0.79,Hippacc,rsbs,1,T3,17,True
RF,0.0700774596452127,"{""max_features"": 1.0, ""min_samples_leaf"": 1, ""n_estimators"": 20}",1533,11952,0.22,Hippacc,rsbs,1,T3,17,True
SVR,0.08809388307975904,"{""regressor__tol"": 0.05, ""regressor__shrinking"": true, ""regressor__epsilon"": 0.1, ""regressor__coef0"": 1.0, ""regressor__C"": 5.0}",1533,11952,1.43,Hippacc,rsbs,1,T3,17,True
CART,0.08164714743165144,"{""max_features"": 1.0, ""min_samples_leaf"": 1, ""splitter"": ""best""}",1533,11952,0.02,Hippacc,rsbs,1,T3,18,True
kNN,0.19585550395918408,"{""n_neighbors"": 15, ""p"": 1, ""weights"": ""distance""}",1533,11952,1.24,Hippacc,rsbs,1,T3,18,True
KRR,0.0741644151901317,"{""regressor__kernel"": ""rbf"", ""regressor__gamma"": 0.2, ""regressor__alpha"": 0.0001}",1533,11952,0.81,Hippacc,rsbs,1,T3,18,True
MR,0.10992994627878924,"{""lasso__regressor__alpha"": 0.001}",1533,11952,0.77,Hippacc,rsbs,1,T3,18,True
RF,0.0721220593460519,"{""max_features"": 1.0, ""min_samples_leaf"": 1, ""n_estimators"": 20}",1533,11952,0.22,Hippacc,rsbs,1,T3,18,True
SVR,0.10202448414685455,"{""regressor__tol"": 0.05, ""regressor__shrinking"": true, ""regressor__epsilon"": 0.1, ""regressor__coef0"": 1.0, ""regressor__C"": 5.0}",1533,11952,1.43,Hippacc,rsbs,1,T3,18,True
CART,0.0703169122090466,"{""max_features"": 1.0, ""min_samples_leaf"": 1, ""splitter"": ""best""}",1533,11952,0.02,Hippacc,rsbs,1,T3,19,True
kNN,0.19466106498019678,"{""n_neighbors"": 15, ""p"": 1, ""weights"": ""distance""}",1533,11952,1.27,Hippacc,rsbs,1,T3,19,True
KRR,0.06097587713352824,"{""regressor__kernel"": ""rbf"", ""regressor__gamma"": 0.2, ""regressor__alpha"": 0.0001}",1533,11952,0.79,Hippacc,rsbs,1,T3,19,True
MR,0.09929869152030998,"{""lasso__regressor__alpha"": 0.001}",1533,11952,0.78,Hippacc,rsbs,1,T3,19,True
RF,0.0669660654618706,"{""max_features"": 1.0, ""min_samples_leaf"": 1, ""n_estimators"": 20}",1533,11952,0.22,Hippacc,rsbs,1,T3,19,True
SVR,0.08072252444922697,"{""regressor__tol"": 0.05, ""regressor__shrinking"": true, ""regressor__epsilon"": 0.1, ""regressor__coef0"": 1.0, ""regressor__C"": 5.0}",1533,11952,1.39,Hippacc,rsbs,1,T3,19,True
CART,0.0719156645130965,"{""max_features"": 1.0, ""min_samples_leaf"": 1, ""splitter"": ""best""}",1533,11952,0.02,Hippacc,rsbs,1,T3,20,True
kNN,0.19256154132463474,"{""n_neighbors"": 15, ""p"": 1, ""weights"": ""distance""}",1533,11952,1.23,Hippacc,rsbs,1,T3,20,True
KRR,0.0626433609644164,"{""regressor__kernel"": ""rbf"", ""regressor__gamma"": 0.2, ""regressor__alpha"": 0.0001}",1533,11952,0.78,Hippacc,rsbs,1,T3,20,True
MR,0.1032284216447285,"{""lasso__regressor__alpha"": 0.001}",1533,11952,0.93,Hippacc,rsbs,1,T3,20,True
RF,0.07113868905544551,"{""max_features"": 1.0, ""min_samples_leaf"": 1, ""n_estimators"": 20}",1533,11952,0.22,Hippacc,rsbs,1,T3,20,True
SVR,0.08685626460012925,"{""regressor__tol"": 0.05, ""regressor__shrinking"": true, ""regressor__epsilon"": 0.1, ""regressor__coef0"": 1.0, ""regressor__C"": 5.0}",1533,11952,1.47,Hippacc,rsbs,1,T3,20,True
CART,0.08045579504315696,"{""max_features"": 1.0, ""min_samples_leaf"": 1, ""splitter"": ""best""}",1533,11952,0.02,Hippacc,rsbs,1,T3,21,True
kNN,0.1967519978255468,"{""n_neighbors"": 15, ""p"": 1, ""weights"": ""distance""}",1533,11952,1.22,Hippacc,rsbs,1,T3,21,True
KRR,0.06604387470891869,"{""regressor__kernel"": ""rbf"", ""regressor__gamma"": 0.2, ""regressor__alpha"": 0.0001}",1533,11952,0.78,Hippacc,rsbs,1,T3,21,True
MR,0.10383475249985935,"{""lasso__regressor__alpha"": 0.001}",1533,11952,0.71,Hippacc,rsbs,1,T3,21,True
RF,0.06746382280569252,"{""max_features"": 1.0, ""min_samples_leaf"": 1, ""n_estimators"": 20}",1533,11952,0.22,Hippacc,rsbs,1,T3,21,True
SVR,0.09341034274379743,"{""regressor__tol"": 0.05, ""regressor__shrinking"": true, ""regressor__epsilon"": 0.1, ""regressor__coef0"": 1.0, ""regressor__C"": 5.0}",1533,11952,1.37,Hippacc,rsbs,1,T3,21,True
CART,0.07426318220437436,"{""max_features"": 1.0, ""min_samples_leaf"": 1, ""splitter"": ""best""}",1533,11952,0.02,Hippacc,rsbs,1,T3,22,True
kNN,0.18226200813271587,"{""n_neighbors"": 15, ""p"": 1, ""weights"": ""distance""}",1533,11952,1.26,Hippacc,rsbs,1,T3,22,True
KRR,0.07136725090975714,"{""regressor__kernel"": ""rbf"", ""regressor__gamma"": 0.2, ""regressor__alpha"": 0.0001}",1533,11952,0.75,Hippacc,rsbs,1,T3,22,True
MR,0.09881486106798333,"{""lasso__regressor__alpha"": 0.001}",1533,11952,0.74,Hippacc,rsbs,1,T3,22,True
RF,0.06875534888406692,"{""max_features"": 1.0, ""min_samples_leaf"": 1, ""n_estimators"": 20}",1533,11952,0.22,Hippacc,rsbs,1,T3,22,True
SVR,0.08947402373248707,"{""regressor__tol"": 0.05, ""regressor__shrinking"": true, ""regressor__epsilon"": 0.1, ""regressor__coef0"": 1.0, ""regressor__C"": 5.0}",1533,11952,1.39,Hippacc,rsbs,1,T3,22,True
CART,0.08628297427437084,"{""max_features"": 1.0, ""min_samples_leaf"": 1, ""splitter"": ""best""}",1533,11952,0.02,Hippacc,rsbs,1,T3,23,True
kNN,0.19156054959846036,"{""n_neighbors"": 15, ""p"": 1, ""weights"": ""distance""}",1533,11952,1.22,Hippacc,rsbs,1,T3,23,True
KRR,0.06414078905996275,"{""regressor__kernel"": ""rbf"", ""regressor__gamma"": 0.2, ""regressor__alpha"": 0.0001}",1533,11952,0.75,Hippacc,rsbs,1,T3,23,True
MR,0.10220458271353701,"{""lasso__regressor__alpha"": 0.001}",1533,11952,0.58,Hippacc,rsbs,1,T3,23,True
RF,0.0765708220139913,"{""max_features"": 1.0, ""min_samples_leaf"": 1, ""n_estimators"": 20}",1533,11952,0.22,Hippacc,rsbs,1,T3,23,True
SVR,0.08975739914973117,"{""regressor__tol"": 0.05, ""regressor__shrinking"": true, ""regressor__epsilon"": 0.1, ""regressor__coef0"": 1.0, ""regressor__C"": 5.0}",1533,11952,1.36,Hippacc,rsbs,1,T3,23,True
CART,0.07607321064871232,"{""max_features"": 1.0, ""min_samples_leaf"": 1, ""splitter"": ""best""}",1533,11952,0.02,Hippacc,rsbs,1,T3,24,True
kNN,0.19926996972882152,"{""n_neighbors"": 15, ""p"": 1, ""weights"": ""distance""}",1533,11952,1.21,Hippacc,rsbs,1,T3,24,True
KRR,0.0685270809989531,"{""regressor__kernel"": ""rbf"", ""regressor__gamma"": 0.2, ""regressor__alpha"": 0.0001}",1533,11952,0.74,Hippacc,rsbs,1,T3,24,True
MR,0.10581055353395559,"{""lasso__regressor__alpha"": 0.001}",1533,11952,0.61,Hippacc,rsbs,1,T3,24,True
RF,0.06564042462278076,"{""max_features"": 1.0, ""min_samples_leaf"": 1, ""n_estimators"": 20}",1533,11952,0.22,Hippacc,rsbs,1,T3,24,True
SVR,0.09195249609190986,"{""regressor__tol"": 0.05, ""regressor__shrinking"": true, ""regressor__epsilon"": 0.1, ""regressor__coef0"": 1.0, ""regressor__C"": 5.0}",1533,11952,1.42,Hippacc,rsbs,1,T3,24,True
CART,0.08076321293374747,"{""max_features"": 1.0, ""min_samples_leaf"": 1, ""splitter"": ""best""}",1533,11952,0.02,Hippacc,rsbs,1,T3,25,True
kNN,0.19029029314050494,"{""n_neighbors"": 15, ""p"": 1, ""weights"": ""distance""}",1533,11952,1.2,Hippacc,rsbs,1,T3,25,True
KRR,0.06331871752310929,"{""regressor__kernel"": ""rbf"", ""regressor__gamma"": 0.2, ""regressor__alpha"": 0.0001}",1533,11952,0.74,Hippacc,rsbs,1,T3,25,True
MR,0.10085868123061094,"{""lasso__regressor__alpha"": 0.001}",1533,11952,0.52,Hippacc,rsbs,1,T3,25,True
RF,0.07145589302908395,"{""max_features"": 1.0, ""min_samples_leaf"": 1, ""n_estimators"": 20}",1533,11952,0.22,Hippacc,rsbs,1,T3,25,True
SVR,0.08171726448523353,"{""regressor__tol"": 0.05, ""regressor__shrinking"": true, ""regressor__epsilon"": 0.1, ""regressor__coef0"": 1.0, ""regressor__C"": 5.0}",1533,11952,1.36,Hippacc,rsbs,1,T3,25,True
CART,0.07783590950415477,"{""max_features"": 1.0, ""min_samples_leaf"": 1, ""splitter"": ""best""}",1533,11952,0.02,Hippacc,rsbs,1,T3,26,True
kNN,0.19394780106910137,"{""n_neighbors"": 15, ""p"": 1, ""weights"": ""distance""}",1533,11952,1.22,Hippacc,rsbs,1,T3,26,True
KRR,0.07021835415002708,"{""regressor__kernel"": ""rbf"", ""regressor__gamma"": 0.2, ""regressor__alpha"": 0.0001}",1533,11952,0.76,Hippacc,rsbs,1,T3,26,True
MR,0.10070712485670243,"{""lasso__regressor__alpha"": 0.001}",1533,11952,0.57,Hippacc,rsbs,1,T3,26,True
RF,0.06561521694646053,"{""max_features"": 1.0, ""min_samples_leaf"": 1, ""n_estimators"": 20}",1533,11952,0.22,Hippacc,rsbs,1,T3,26,True
SVR,0.08569809136653381,"{""regressor__tol"": 0.05, ""regressor__shrinking"": true, ""regressor__epsilon"": 0.1, ""regressor__coef0"": 1.0, ""regressor__C"": 5.0}",1533,11952,1.38,Hippacc,rsbs,1,T3,26,True
CART,0.07110083404868203,"{""max_features"": 1.0, ""min_samples_leaf"": 1, ""splitter"": ""best""}",1533,11952,0.02,Hippacc,rsbs,1,T3,27,True
kNN,0.19138875327466998,"{""n_neighbors"": 15, ""p"": 1, ""weights"": ""distance""}",1533,11952,1.25,Hippacc,rsbs,1,T3,27,True
KRR,0.0646274400317438,"{""regressor__kernel"": ""rbf"", ""regressor__gamma"": 0.2, ""regressor__alpha"": 0.0001}",1533,11952,0.74,Hippacc,rsbs,1,T3,27,True
MR,0.09912736718144614,"{""lasso__regressor__alpha"": 0.001}",1533,11952,0.58,Hippacc,rsbs,1,T3,27,True
RF,0.06597571427817364,"{""max_features"": 1.0, ""min_samples_leaf"": 1, ""n_estimators"": 20}",1533,11952,0.22,Hippacc,rsbs,1,T3,27,True
SVR,0.08409324558581191,"{""regressor__tol"": 0.05, ""regressor__shrinking"": true, ""regressor__epsilon"": 0.1, ""regressor__coef0"": 1.0, ""regressor__C"": 5.0}",1533,11952,1.37,Hippacc,rsbs,1,T3,27,True
CART,0.07070715629941716,"{""max_features"": 1.0, ""min_samples_leaf"": 1, ""splitter"": ""best""}",1533,11952,0.02,Hippacc,rsbs,1,T3,28,True
kNN,0.20038849588376742,"{""n_neighbors"": 15, ""p"": 1, ""weights"": ""distance""}",1533,11952,1.19,Hippacc,rsbs,1,T3,28,True
KRR,0.07540271182055448,"{""regressor__kernel"": ""rbf"", ""regressor__gamma"": 0.2, ""regressor__alpha"": 0.0001}",1533,11952,0.71,Hippacc,rsbs,1,T3,28,True
MR,0.10413592420436174,"{""lasso__regressor__alpha"": 0.001}",1533,11952,0.55,Hippacc,rsbs,1,T3,28,True
RF,0.06553672608251929,"{""max_features"": 1.0, ""min_samples_leaf"": 1, ""n_estimators"": 20}",1533,11952,0.22,Hippacc,rsbs,1,T3,28,True
SVR,0.09136204522376191,"{""regressor__tol"": 0.05, ""regressor__shrinking"": true, ""regressor__epsilon"": 0.1, ""regressor__coef0"": 1.0, ""regressor__C"": 5.0}",1533,11952,1.35,Hippacc,rsbs,1,T3,28,True
CART,0.07192208729997422,"{""max_features"": 1.0, ""min_samples_leaf"": 1, ""splitter"": ""best""}",1533,11952,0.02,Hippacc,rsbs,1,T3,29,True
kNN,0.186116038621119,"{""n_neighbors"": 15, ""p"": 1, ""weights"": ""distance""}",1533,11952,1.2,Hippacc,rsbs,1,T3,29,True
KRR,0.06713217570552911,"{""regressor__kernel"": ""rbf"", ""regressor__gamma"": 0.2, ""regressor__alpha"": 0.0001}",1533,11952,0.73,Hippacc,rsbs,1,T3,29,True
MR,0.0979377612349858,"{""lasso__regressor__alpha"": 0.001}",1533,11952,0.49,Hippacc,rsbs,1,T3,29,True
RF,0.06667025677651608,"{""max_features"": 1.0, ""min_samples_leaf"": 1, ""n_estimators"": 20}",1533,11952,0.22,Hippacc,rsbs,1,T3,29,True
SVR,0.08602888376060834,"{""regressor__tol"": 0.05, ""regressor__shrinking"": true, ""regressor__epsilon"": 0.1, ""regressor__coef0"": 1.0, ""regressor__C"": 5.0}",1533,11952,1.4,Hippacc,rsbs,1,T3,29,True
CART,0.07368479394148811,"{""max_features"": 1.0, ""min_samples_leaf"": 1, ""splitter"": ""best""}",1533,11952,0.02,Hippacc,rsbs,1,T3,30,True
kNN,0.193902720482202,"{""n_neighbors"": 15, ""p"": 1, ""weights"": ""distance""}",1533,11952,1.2,Hippacc,rsbs,1,T3,30,True
KRR,0.06810829406625052,"{""regressor__kernel"": ""rbf"", ""regressor__gamma"": 0.2, ""regressor__alpha"": 0.0001}",1533,11952,0.74,Hippacc,rsbs,1,T3,30,True
MR,0.10367804769149289,"{""lasso__regressor__alpha"": 0.001}",1533,11952,0.54,Hippacc,rsbs,1,T3,30,True
RF,0.06857480231100266,"{""max_features"": 1.0, ""min_samples_leaf"": 1, ""n_estimators"": 20}",1533,11952,0.22,Hippacc,rsbs,1,T3,30,True
SVR,0.08541181983963385,"{""regressor__tol"": 0.05, ""regressor__shrinking"": true, ""regressor__epsilon"": 0.1, ""regressor__coef0"": 1.0, ""regressor__C"": 5.0}",1533,11952,1.38,Hippacc,rsbs,1,T3,30,True
CART,0.0794048713187563,"{""max_features"": 1.0, ""min_samples_leaf"": 1, ""splitter"": ""best""}",1533,11952,0.02,Hippacc,rsbs,1,T3,31,True
kNN,0.1876698657774688,"{""n_neighbors"": 15, ""p"": 1, ""weights"": ""distance""}",1533,11952,1.19,Hippacc,rsbs,1,T3,31,True
KRR,0.07055187597118584,"{""regressor__kernel"": ""rbf"", ""regressor__gamma"": 0.2, ""regressor__alpha"": 0.0001}",1533,11952,0.71,Hippacc,rsbs,1,T3,31,True
MR,0.11086434485113583,"{""lasso__regressor__alpha"": 0.001}",1533,11952,0.53,Hippacc,rsbs,1,T3,31,True
RF,0.06835298568859595,"{""max_features"": 1.0, ""min_samples_leaf"": 1, ""n_estimators"": 20}",1533,11952,0.22,Hippacc,rsbs,1,T3,31,True
SVR,0.09193074527375034,"{""regressor__tol"": 0.05, ""regressor__shrinking"": true, ""regressor__epsilon"": 0.1, ""regressor__coef0"": 1.0, ""regressor__C"": 5.0}",1533,11952,1.44,Hippacc,rsbs,1,T3,31,True
CART,0.07228037350375323,"{""max_features"": 1.0, ""min_samples_leaf"": 1, ""splitter"": ""best""}",1533,11952,0.02,Hippacc,rsbs,1,T3,32,True
kNN,0.19578890971288326,"{""n_neighbors"": 15, ""p"": 1, ""weights"": ""distance""}",1533,11952,1.23,Hippacc,rsbs,1,T3,32,True
KRR,0.0636882457743141,"{""regressor__kernel"": ""rbf"", ""regressor__gamma"": 0.2, ""regressor__alpha"": 0.0001}",1533,11952,0.74,Hippacc,rsbs,1,T3,32,True
MR,0.10248754439110934,"{""lasso__regressor__alpha"": 0.001}",1533,11952,0.58,Hippacc,rsbs,1,T3,32,True
RF,0.06719061094927235,"{""max_features"": 1.0, ""min_samples_leaf"": 1, ""n_estimators"": 20}",1533,11952,0.22,Hippacc,rsbs,1,T3,32,True
SVR,0.08909075868072698,"{""regressor__tol"": 0.05, ""regressor__shrinking"": true, ""regressor__epsilon"": 0.1, ""regressor__coef0"": 1.0, ""regressor__C"": 5.0}",1533,11952,1.38,Hippacc,rsbs,1,T3,32,True
CART,0.07497555419127737,"{""max_features"": 1.0, ""min_samples_leaf"": 1, ""splitter"": ""best""}",1533,11952,0.02,Hippacc,rsbs,1,T3,33,True
kNN,0.1968043747504814,"{""n_neighbors"": 15, ""p"": 1, ""weights"": ""distance""}",1533,11952,1.19,Hippacc,rsbs,1,T3,33,True
KRR,0.06756213949728192,"{""regressor__kernel"": ""rbf"", ""regressor__gamma"": 0.2, ""regressor__alpha"": 0.0001}",1533,11952,0.72,Hippacc,rsbs,1,T3,33,True
MR,0.10503935638769805,"{""lasso__regressor__alpha"": 0.001}",1533,11952,0.51,Hippacc,rsbs,1,T3,33,True
RF,0.06806777685933416,"{""max_features"": 1.0, ""min_samples_leaf"": 1, ""n_estimators"": 20}",1533,11952,0.22,Hippacc,rsbs,1,T3,33,True
SVR,0.09147456558307226,"{""regressor__tol"": 0.05, ""regressor__shrinking"": true, ""regressor__epsilon"": 0.1, ""regressor__coef0"": 1.0, ""regressor__C"": 5.0}",1533,11952,1.4,Hippacc,rsbs,1,T3,33,True
CART,0.07668158433348676,"{""max_features"": 1.0, ""min_samples_leaf"": 1, ""splitter"": ""best""}",1533,11952,0.02,Hippacc,rsbs,1,T3,34,True
kNN,0.19241138590190532,"{""n_neighbors"": 15, ""p"": 1, ""weights"": ""distance""}",1533,11952,1.18,Hippacc,rsbs,1,T3,34,True
KRR,0.06977486585702045,"{""regressor__kernel"": ""rbf"", ""regressor__gamma"": 0.2, ""regressor__alpha"": 0.0001}",1533,11952,0.74,Hippacc,rsbs,1,T3,34,True
MR,0.09765820478357168,"{""lasso__regressor__alpha"": 0.001}",1533,11952,0.51,Hippacc,rsbs,1,T3,34,True
RF,0.07068523834871382,"{""max_features"": 1.0, ""min_samples_leaf"": 1, ""n_estimators"": 20}",1533,11952,0.21,Hippacc,rsbs,1,T3,34,True
SVR,0.093241419060251,"{""regressor__tol"": 0.05, ""regressor__shrinking"": true, ""regressor__epsilon"": 0.1, ""regressor__coef0"": 1.0, ""regressor__C"": 5.0}",1533,11952,1.41,Hippacc,rsbs,1,T3,34,True
CART,0.07038934603967932,"{""max_features"": 1.0, ""min_samples_leaf"": 1, ""splitter"": ""best""}",1533,11952,0.02,Hippacc,rsbs,1,T3,35,True
kNN,0.18476673418381243,"{""n_neighbors"": 15, ""p"": 1, ""weights"": ""distance""}",1533,11952,1.21,Hippacc,rsbs,1,T3,35,True
KRR,0.06366749778470106,"{""regressor__kernel"": ""rbf"", ""regressor__gamma"": 0.2, ""regressor__alpha"": 0.0001}",1533,11952,0.72,Hippacc,rsbs,1,T3,35,True
MR,0.09826366997896466,"{""lasso__regressor__alpha"": 0.001}",1533,11952,0.52,Hippacc,rsbs,1,T3,35,True
RF,0.06375562775723735,"{""max_features"": 1.0, ""min_samples_leaf"": 1, ""n_estimators"": 20}",1533,11952,0.22,Hippacc,rsbs,1,T3,35,True
SVR,0.0797444098574663,"{""regressor__tol"": 0.05, ""regressor__shrinking"": true, ""regressor__epsilon"": 0.1, ""regressor__coef0"": 1.0, ""regressor__C"": 5.0}",1533,11952,1.42,Hippacc,rsbs,1,T3,35,True
CART,0.07271898667935632,"{""max_features"": 1.0, ""min_samples_leaf"": 1, ""splitter"": ""best""}",1533,11952,0.02,Hippacc,rsbs,1,T3,36,True
kNN,0.196522991986358,"{""n_neighbors"": 15, ""p"": 1, ""weights"": ""distance""}",1533,11952,1.22,Hippacc,rsbs,1,T3,36,True
KRR,0.07534297945807954,"{""regressor__kernel"": ""rbf"", ""regressor__gamma"": 0.2, ""regressor__alpha"": 0.0001}",1533,11952,0.71,Hippacc,rsbs,1,T3,36,True
MR,0.10425999789363868,"{""lasso__regressor__alpha"": 0.001}",1533,11952,0.51,Hippacc,rsbs,1,T3,36,True
RF,0.06707395260316747,"{""max_features"": 1.0, ""min_samples_leaf"": 1, ""n_estimators"": 20}",1533,11952,0.22,Hippacc,rsbs,1,T3,36,True
SVR,0.0935881866174853,"{""regressor__tol"": 0.05, ""regressor__shrinking"": true, ""regressor__epsilon"": 0.1, ""regressor__coef0"": 1.0, ""regressor__C"": 5.0}",1533,11952,1.44,Hippacc,rsbs,1,T3,36,True
CART,0.07236490961374743,"{""max_features"": 1.0, ""min_samples_leaf"": 1, ""splitter"": ""best""}",1533,11952,0.02,Hippacc,rsbs,1,T3,37,True
kNN,0.18751345719663068,"{""n_neighbors"": 15, ""p"": 1, ""weights"": ""distance""}",1533,11952,1.2,Hippacc,rsbs,1,T3,37,True
KRR,0.06316940758604347,"{""regressor__kernel"": ""rbf"", ""regressor__gamma"": 0.2, ""regressor__alpha"": 0.0001}",1533,11952,0.73,Hippacc,rsbs,1,T3,37,True
MR,0.09989339977753897,"{""lasso__regressor__alpha"": 0.001}",1533,11952,0.47,Hippacc,rsbs,1,T3,37,True
RF,0.06605789536675616,"{""max_features"": 1.0, ""min_samples_leaf"": 1, ""n_estimators"": 20}",1533,11952,0.22,Hippacc,rsbs,1,T3,37,True
SVR,0.08553821336161754,"{""regressor__tol"": 0.05, ""regressor__shrinking"": true, ""regressor__epsilon"": 0.1, ""regressor__coef0"": 1.0, ""regressor__C"": 5.0}",1533,11952,1.43,Hippacc,rsbs,1,T3,37,True
CART,0.07502315049119623,"{""max_features"": 1.0, ""min_samples_leaf"": 1, ""splitter"": ""best""}",1533,11952,0.02,Hippacc,rsbs,1,T3,38,True
kNN,0.19294784894309802,"{""n_neighbors"": 15, ""p"": 1, ""weights"": ""distance""}",1533,11952,1.18,Hippacc,rsbs,1,T3,38,True
KRR,0.0720444616913327,"{""regressor__kernel"": ""rbf"", ""regressor__gamma"": 0.2, ""regressor__alpha"": 0.0001}",1533,11952,0.73,Hippacc,rsbs,1,T3,38,True
MR,0.10111402512283485,"{""lasso__regressor__alpha"": 0.001}",1533,11952,0.48,Hippacc,rsbs,1,T3,38,True
RF,0.0683423756277546,"{""max_features"": 1.0, ""min_samples_leaf"": 1, ""n_estimators"": 20}",1533,11952,0.21,Hippacc,rsbs,1,T3,38,True
SVR,0.0891475494097077,"{""regressor__tol"": 0.05, ""regressor__shrinking"": true, ""regressor__epsilon"": 0.1, ""regressor__coef0"": 1.0, ""regressor__C"": 5.0}",1533,11952,1.4,Hippacc,rsbs,1,T3,38,True
CART,0.07593197940701067,"{""max_features"": 1.0, ""min_samples_leaf"": 1, ""splitter"": ""best""}",1533,11952,0.02,Hippacc,rsbs,1,T3,39,True
kNN,0.19322301990396393,"{""n_neighbors"": 15, ""p"": 1, ""weights"": ""distance""}",1533,11952,1.19,Hippacc,rsbs,1,T3,39,True
KRR,0.07045412431060928,"{""regressor__kernel"": ""rbf"", ""regressor__gamma"": 0.2, ""regressor__alpha"": 0.0001}",1533,11952,0.71,Hippacc,rsbs,1,T3,39,True
MR,0.09982298433256863,"{""lasso__regressor__alpha"": 0.001}",1533,11952,0.49,Hippacc,rsbs,1,T3,39,True
RF,0.06958116813925003,"{""max_features"": 1.0, ""min_samples_leaf"": 1, ""n_estimators"": 20}",1533,11952,0.22,Hippacc,rsbs,1,T3,39,True
SVR,0.08591075697779756,"{""regressor__tol"": 0.05, ""regressor__shrinking"": true, ""regressor__epsilon"": 0.1, ""regressor__coef0"": 1.0, ""regressor__C"": 5.0}",1533,11952,1.43,Hippacc,rsbs,1,T3,39,True
CART,0.07148053302685023,"{""max_features"": 1.0, ""min_samples_leaf"": 1, ""splitter"": ""best""}",1533,11952,0.02,Hippacc,rsbs,1,T3,40,True
kNN,0.20420779289087523,"{""n_neighbors"": 15, ""p"": 1, ""weights"": ""distance""}",1533,11952,1.23,Hippacc,rsbs,1,T3,40,True
KRR,0.0696415666447833,"{""regressor__kernel"": ""rbf"", ""regressor__gamma"": 0.2, ""regressor__alpha"": 0.0001}",1533,11952,0.7,Hippacc,rsbs,1,T3,40,True
MR,0.10735587890953976,"{""lasso__regressor__alpha"": 0.001}",1533,11952,0.5,Hippacc,rsbs,1,T3,40,True
RF,0.0638619637820589,"{""max_features"": 1.0, ""min_samples_leaf"": 1, ""n_estimators"": 20}",1533,11952,0.22,Hippacc,rsbs,1,T3,40,True
SVR,0.08915600656287068,"{""regressor__tol"": 0.05, ""regressor__shrinking"": true, ""regressor__epsilon"": 0.1, ""regressor__coef0"": 1.0, ""regressor__C"": 5.0}",1533,11952,1.34,Hippacc,rsbs,1,T3,40,True
CART,0.07248438244642846,"{""max_features"": 1.0, ""min_samples_leaf"": 1, ""splitter"": ""best""}",1533,11952,0.02,Hippacc,rsbs,1,T3,41,True
kNN,0.19259833410481733,"{""n_neighbors"": 15, ""p"": 1, ""weights"": ""distance""}",1533,11952,1.19,Hippacc,rsbs,1,T3,41,True
KRR,0.06414810236643413,"{""regressor__kernel"": ""rbf"", ""regressor__gamma"": 0.2, ""regressor__alpha"": 0.0001}",1533,11952,0.73,Hippacc,rsbs,1,T3,41,True
MR,0.10834857943230884,"{""lasso__regressor__alpha"": 0.001}",1533,11952,0.48,Hippacc,rsbs,1,T3,41,True
RF,0.06762519045254906,"{""max_features"": 1.0, ""min_samples_leaf"": 1, ""n_estimators"": 20}",1533,11952,0.22,Hippacc,rsbs,1,T3,41,True
SVR,0.09558002647675956,"{""regressor__tol"": 0.05, ""regressor__shrinking"": true, ""regressor__epsilon"": 0.1, ""regressor__coef0"": 1.0, ""regressor__C"": 5.0}",1533,11952,1.35,Hippacc,rsbs,1,T3,41,True
CART,0.07432208085238673,"{""max_features"": 1.0, ""min_samples_leaf"": 1, ""splitter"": ""best""}",1533,11952,0.02,Hippacc,rsbs,1,T3,42,True
kNN,0.19425765710064075,"{""n_neighbors"": 15, ""p"": 1, ""weights"": ""distance""}",1533,11952,1.18,Hippacc,rsbs,1,T3,42,True
KRR,0.07333666036023093,"{""regressor__kernel"": ""rbf"", ""regressor__gamma"": 0.2, ""regressor__alpha"": 0.0001}",1533,11952,0.74,Hippacc,rsbs,1,T3,42,True
MR,0.09641468804715139,"{""lasso__regressor__alpha"": 0.001}",1533,11952,0.53,Hippacc,rsbs,1,T3,42,True
RF,0.06744757468557522,"{""max_features"": 1.0, ""min_samples_leaf"": 1, ""n_estimators"": 20}",1533,11952,0.21,Hippacc,rsbs,1,T3,42,True
SVR,0.0912060328995995,"{""regressor__tol"": 0.05, ""regressor__shrinking"": true, ""regressor__epsilon"": 0.1, ""regressor__coef0"": 1.0, ""regressor__C"": 5.0}",1533,11952,1.4,Hippacc,rsbs,1,T3,42,True
CART,0.0779827237946328,"{""max_features"": 1.0, ""min_samples_leaf"": 1, ""splitter"": ""best""}",1533,11952,0.02,Hippacc,rsbs,1,T3,43,True
kNN,0.20304610504975168,"{""n_neighbors"": 15, ""p"": 1, ""weights"": ""distance""}",1533,11952,1.2,Hippacc,rsbs,1,T3,43,True
KRR,0.06596958971675974,"{""regressor__kernel"": ""rbf"", ""regressor__gamma"": 0.2, ""regressor__alpha"": 0.0001}",1533,11952,0.71,Hippacc,rsbs,1,T3,43,True
MR,0.10012524141416863,"{""lasso__regressor__alpha"": 0.001}",1533,11952,0.5,Hippacc,rsbs,1,T3,43,True
RF,0.0710999114803327,"{""max_features"": 1.0, ""min_samples_leaf"": 1, ""n_estimators"": 20}",1533,11952,0.22,Hippacc,rsbs,1,T3,43,True
SVR,0.08359561957693051,"{""regressor__tol"": 0.05, ""regressor__shrinking"": true, ""regressor__epsilon"": 0.1, ""regressor__coef0"": 1.0, ""regressor__C"": 5.0}",1533,11952,1.35,Hippacc,rsbs,1,T3,43,True
CART,0.07044138124852295,"{""max_features"": 1.0, ""min_samples_leaf"": 1, ""splitter"": ""best""}",1533,11952,0.02,Hippacc,rsbs,1,T3,44,True
kNN,0.19019691577614706,"{""n_neighbors"": 15, ""p"": 1, ""weights"": ""distance""}",1533,11952,1.22,Hippacc,rsbs,1,T3,44,True
KRR,0.066932103401318,"{""regressor__kernel"": ""rbf"", ""regressor__gamma"": 0.2, ""regressor__alpha"": 0.0001}",1533,11952,0.72,Hippacc,rsbs,1,T3,44,True
MR,0.10183883585774862,"{""lasso__regressor__alpha"": 0.001}",1533,11952,0.52,Hippacc,rsbs,1,T3,44,True
RF,0.06685000584109957,"{""max_features"": 1.0, ""min_samples_leaf"": 1, ""n_estimators"": 20}",1533,11952,0.22,Hippacc,rsbs,1,T3,44,True
SVR,0.08549130664007408,"{""regressor__tol"": 0.05, ""regressor__shrinking"": true, ""regressor__epsilon"": 0.1, ""regressor__coef0"": 1.0, ""regressor__C"": 5.0}",1533,11952,1.41,Hippacc,rsbs,1,T3,44,True
CART,0.07498816117711578,"{""max_features"": 1.0, ""min_samples_leaf"": 1, ""splitter"": ""best""}",1533,11952,0.02,Hippacc,rsbs,1,T3,45,True
kNN,0.19344404810296023,"{""n_neighbors"": 15, ""p"": 1, ""weights"": ""distance""}",1533,11952,1.18,Hippacc,rsbs,1,T3,45,True
KRR,0.06108751148579618,"{""regressor__kernel"": ""rbf"", ""regressor__gamma"": 0.2, ""regressor__alpha"": 0.0001}",1533,11952,0.73,Hippacc,rsbs,1,T3,45,True
MR,0.10555895331848202,"{""lasso__regressor__alpha"": 0.001}",1533,11952,0.53,Hippacc,rsbs,1,T3,45,True
RF,0.06088873687213355,"{""max_features"": 1.0, ""min_samples_leaf"": 1, ""n_estimators"": 20}",1533,11952,0.22,Hippacc,rsbs,1,T3,45,True
SVR,0.08745402571275647,"{""regressor__tol"": 0.05, ""regressor__shrinking"": true, ""regressor__epsilon"": 0.1, ""regressor__coef0"": 1.0, ""regressor__C"": 5.0}",1533,11952,1.36,Hippacc,rsbs,1,T3,45,True
CART,0.07204945742051849,"{""max_features"": 1.0, ""min_samples_leaf"": 1, ""splitter"": ""best""}",1533,11952,0.02,Hippacc,rsbs,1,T3,46,True
kNN,0.18743323847735915,"{""n_neighbors"": 15, ""p"": 1, ""weights"": ""distance""}",1533,11952,1.17,Hippacc,rsbs,1,T3,46,True
KRR,0.07213435826821693,"{""regressor__kernel"": ""rbf"", ""regressor__gamma"": 0.2, ""regressor__alpha"": 0.0001}",1533,11952,0.73,Hippacc,rsbs,1,T3,46,True
MR,0.10376019207828813,"{""lasso__regressor__alpha"": 0.001}",1533,11952,0.48,Hippacc,rsbs,1,T3,46,True
RF,0.06477588219296773,"{""max_features"": 1.0, ""min_samples_leaf"": 1, ""n_estimators"": 20}",1533,11952,0.21,Hippacc,rsbs,1,T3,46,True
SVR,0.09831710572422497,"{""regressor__tol"": 0.05, ""regressor__shrinking"": true, ""regressor__epsilon"": 0.1, ""regressor__coef0"": 1.0, ""regressor__C"": 5.0}",1533,11952,1.38,Hippacc,rsbs,1,T3,46,True
CART,0.07189030745260688,"{""max_features"": 1.0, ""min_samples_leaf"": 1, ""splitter"": ""best""}",1533,11952,0.02,Hippacc,rsbs,1,T3,47,True
kNN,0.197088395933836,"{""n_neighbors"": 15, ""p"": 1, ""weights"": ""distance""}",1533,11952,1.23,Hippacc,rsbs,1,T3,47,True
KRR,0.06368169638674796,"{""regressor__kernel"": ""rbf"", ""regressor__gamma"": 0.2, ""regressor__alpha"": 0.0001}",1533,11952,0.72,Hippacc,rsbs,1,T3,47,True
MR,0.09947540844181782,"{""lasso__regressor__alpha"": 0.001}",1533,11952,0.53,Hippacc,rsbs,1,T3,47,True
RF,0.06428305333066155,"{""max_features"": 1.0, ""min_samples_leaf"": 1, ""n_estimators"": 20}",1533,11952,0.22,Hippacc,rsbs,1,T3,47,True
SVR,0.08378588099595595,"{""regressor__tol"": 0.05, ""regressor__shrinking"": true, ""regressor__epsilon"": 0.1, ""regressor__coef0"": 1.0, ""regressor__C"": 5.0}",1533,11952,1.45,Hippacc,rsbs,1,T3,47,True
CART,0.0698265720594469,"{""max_features"": 1.0, ""min_samples_leaf"": 1, ""splitter"": ""best""}",1533,11952,0.02,Hippacc,rsbs,1,T3,48,True
kNN,0.1819590354488028,"{""n_neighbors"": 15, ""p"": 1, ""weights"": ""distance""}",1533,11952,1.22,Hippacc,rsbs,1,T3,48,True
KRR,0.06320012996184388,"{""regressor__kernel"": ""rbf"", ""regressor__gamma"": 0.2, ""regressor__alpha"": 0.0001}",1533,11952,0.7,Hippacc,rsbs,1,T3,48,True
MR,0.09430558553289067,"{""lasso__regressor__alpha"": 0.001}",1533,11952,0.52,Hippacc,rsbs,1,T3,48,True
RF,0.06469741228381398,"{""max_features"": 1.0, ""min_samples_leaf"": 1, ""n_estimators"": 20}",1533,11952,0.22,Hippacc,rsbs,1,T3,48,True
SVR,0.08366470885543172,"{""regressor__tol"": 0.05, ""regressor__shrinking"": true, ""regressor__epsilon"": 0.1, ""regressor__coef0"": 1.0, ""regressor__C"": 5.0}",1533,11952,1.38,Hippacc,rsbs,1,T3,48,True
CART,0.09014425928662811,"{""max_features"": 1.0, ""min_samples_leaf"": 1, ""splitter"": ""best""}",1533,11952,0.02,Hippacc,rsbs,1,T3,49,True
kNN,0.19502117207242878,"{""n_neighbors"": 15, ""p"": 1, ""weights"": ""distance""}",1533,11952,1.17,Hippacc,rsbs,1,T3,49,True
KRR,0.0693326871162781,"{""regressor__kernel"": ""rbf"", ""regressor__gamma"": 0.2, ""regressor__alpha"": 0.0001}",1533,11952,0.71,Hippacc,rsbs,1,T3,49,True
MR,0.10268425701704648,"{""lasso__regressor__alpha"": 0.001}",1533,11952,0.52,Hippacc,rsbs,1,T3,49,True
RF,0.06857881089067845,"{""max_features"": 1.0, ""min_samples_leaf"": 1, ""n_estimators"": 20}",1533,11952,0.23,Hippacc,rsbs,1,T3,49,True
SVR,0.09056132093287127,"{""regressor__tol"": 0.05, ""regressor__shrinking"": true, ""regressor__epsilon"": 0.1, ""regressor__coef0"": 1.0, ""regressor__C"": 5.0}",1533,11952,1.36,Hippacc,rsbs,1,T3,49,True
CART,0.07255907959264382,"{""max_features"": 1.0, ""min_samples_leaf"": 1, ""splitter"": ""best""}",1533,11952,0.02,Hippacc,rsbs,1,T3,50,True
kNN,0.19379232163365384,"{""n_neighbors"": 15, ""p"": 1, ""weights"": ""distance""}",1533,11952,1.17,Hippacc,rsbs,1,T3,50,True
KRR,0.07193989356353662,"{""regressor__kernel"": ""rbf"", ""regressor__gamma"": 0.2, ""regressor__alpha"": 0.0001}",1533,11952,0.72,Hippacc,rsbs,1,T3,50,True
MR,0.10856409962779877,"{""lasso__regressor__alpha"": 0.001}",1533,11952,0.52,Hippacc,rsbs,1,T3,50,True
RF,0.06672655481657007,"{""max_features"": 1.0, ""min_samples_leaf"": 1, ""n_estimators"": 20}",1533,11952,0.23,Hippacc,rsbs,1,T3,50,True
SVR,0.09248355555827524,"{""regressor__tol"": 0.05, ""regressor__shrinking"": true, ""regressor__epsilon"": 0.1, ""regressor__coef0"": 1.0, ""regressor__C"": 5.0}",1533,11952,1.39,Hippacc,rsbs,1,T3,50,True
CART,0.06930116144259227,"{""max_features"": 1.0, ""min_samples_leaf"": 1, ""splitter"": ""best""}",1533,11952,0.02,Hippacc,rsbs,1,T3,51,True
kNN,0.19016523502984883,"{""n_neighbors"": 15, ""p"": 1, ""weights"": ""distance""}",1533,11952,1.2,Hippacc,rsbs,1,T3,51,True
KRR,0.06337629926998783,"{""regressor__kernel"": ""rbf"", ""regressor__gamma"": 0.2, ""regressor__alpha"": 0.0001}",1533,11952,0.74,Hippacc,rsbs,1,T3,51,True
MR,0.10016170872722288,"{""lasso__regressor__alpha"": 0.001}",1533,11952,0.51,Hippacc,rsbs,1,T3,51,True
RF,0.06428117455216922,"{""max_features"": 1.0, ""min_samples_leaf"": 1, ""n_estimators"": 20}",1533,11952,0.23,Hippacc,rsbs,1,T3,51,True
SVR,0.08444362750518149,"{""regressor__tol"": 0.05, ""regressor__shrinking"": true, ""regressor__epsilon"": 0.1, ""regressor__coef0"": 1.0, ""regressor__C"": 5.0}",1533,11952,1.42,Hippacc,rsbs,1,T3,51,True
CART,0.08452692245278029,"{""max_features"": 1.0, ""min_samples_leaf"": 1, ""splitter"": ""best""}",1533,11952,0.02,Hippacc,rsbs,1,T3,52,True
kNN,0.18545926382102043,"{""n_neighbors"": 15, ""p"": 1, ""weights"": ""distance""}",1533,11952,1.22,Hippacc,rsbs,1,T3,52,True
KRR,0.07572735012487794,"{""regressor__kernel"": ""rbf"", ""regressor__gamma"": 0.2, ""regressor__alpha"": 0.0001}",1533,11952,0.73,Hippacc,rsbs,1,T3,52,True
MR,0.11131669101225307,"{""lasso__regressor__alpha"": 0.001}",1533,11952,0.5,Hippacc,rsbs,1,T3,52,True
RF,0.0778808501613288,"{""max_features"": 1.0, ""min_samples_leaf"": 1, ""n_estimators"": 20}",1533,11952,0.22,Hippacc,rsbs,1,T3,52,True
SVR,0.10585009643429426,"{""regressor__tol"": 0.05, ""regressor__shrinking"": true, ""regressor__epsilon"": 0.1, ""regressor__coef0"": 1.0, ""regressor__C"": 5.0}",1533,11952,1.4,Hippacc,rsbs,1,T3,52,True
CART,0.07006558166060983,"{""max_features"": 1.0, ""min_samples_leaf"": 1, ""splitter"": ""best""}",1533,11952,0.02,Hippacc,rsbs,1,T3,53,True
kNN,0.18615767517641274,"{""n_neighbors"": 15, ""p"": 1, ""weights"": ""distance""}",1533,11952,1.15,Hippacc,rsbs,1,T3,53,True
KRR,0.06406222673817676,"{""regressor__kernel"": ""rbf"", ""regressor__gamma"": 0.2, ""regressor__alpha"": 0.0001}",1533,11952,0.72,Hippacc,rsbs,1,T3,53,True
MR,0.09675221228943183,"{""lasso__regressor__alpha"": 0.001}",1533,11952,0.61,Hippacc,rsbs,1,T3,53,True
RF,0.06339245331477072,"{""max_features"": 1.0, ""min_samples_leaf"": 1, ""n_estimators"": 20}",1533,11952,0.24,Hippacc,rsbs,1,T3,53,True
SVR,0.08707843281628914,"{""regressor__tol"": 0.05, ""regressor__shrinking"": true, ""regressor__epsilon"": 0.1, ""regressor__coef0"": 1.0, ""regressor__C"": 5.0}",1533,11952,1.4,Hippacc,rsbs,1,T3,53,True
CART,0.08739993193693128,"{""max_features"": 1.0, ""min_samples_leaf"": 1, ""splitter"": ""best""}",1533,11952,0.02,Hippacc,rsbs,1,T3,54,True
kNN,0.18961437123634936,"{""n_neighbors"": 15, ""p"": 1, ""weights"": ""distance""}",1533,11952,1.17,Hippacc,rsbs,1,T3,54,True
KRR,0.06853028894096859,"{""regressor__kernel"": ""rbf"", ""regressor__gamma"": 0.2, ""regressor__alpha"": 0.0001}",1533,11952,0.72,Hippacc,rsbs,1,T3,54,True
MR,0.10883115870256076,"{""lasso__regressor__alpha"": 0.001}",1533,11952,0.61,Hippacc,rsbs,1,T3,54,True
RF,0.06967784908145458,"{""max_features"": 1.0, ""min_samples_leaf"": 1, ""n_estimators"": 20}",1533,11952,0.22,Hippacc,rsbs,1,T3,54,True
SVR,0.09332585081169119,"{""regressor__tol"": 0.05, ""regressor__shrinking"": true, ""regressor__epsilon"": 0.1, ""regressor__coef0"": 1.0, ""regressor__C"": 5.0}",1533,11952,1.4,Hippacc,rsbs,1,T3,54,True
CART,0.06898214467255111,"{""max_features"": 1.0, ""min_samples_leaf"": 1, ""splitter"": ""best""}",1533,11952,0.02,Hippacc,rsbs,1,T3,55,True
kNN,0.19682427190053756,"{""n_neighbors"": 15, ""p"": 1, ""weights"": ""distance""}",1533,11952,1.22,Hippacc,rsbs,1,T3,55,True
KRR,0.06918839567081833,"{""regressor__kernel"": ""rbf"", ""regressor__gamma"": 0.2, ""regressor__alpha"": 0.0001}",1533,11952,0.75,Hippacc,rsbs,1,T3,55,True
MR,0.10096328235657596,"{""lasso__regressor__alpha"": 0.001}",1533,11952,0.52,Hippacc,rsbs,1,T3,55,True
RF,0.06309753780825475,"{""max_features"": 1.0, ""min_samples_leaf"": 1, ""n_estimators"": 20}",1533,11952,0.22,Hippacc,rsbs,1,T3,55,True
SVR,0.085103815012695,"{""regressor__tol"": 0.05, ""regressor__shrinking"": true, ""regressor__epsilon"": 0.1, ""regressor__coef0"": 1.0, ""regressor__C"": 5.0}",1533,11952,1.37,Hippacc,rsbs,1,T3,55,True
CART,0.07225113936735418,"{""max_features"": 1.0, ""min_samples_leaf"": 1, ""splitter"": ""best""}",1533,11952,0.02,Hippacc,rsbs,1,T3,56,True
kNN,0.18983552619452013,"{""n_neighbors"": 15, ""p"": 1, ""weights"": ""distance""}",1533,11952,1.22,Hippacc,rsbs,1,T3,56,True
KRR,0.07312010618977968,"{""regressor__kernel"": ""rbf"", ""regressor__gamma"": 0.2, ""regressor__alpha"": 0.0001}",1533,11952,0.75,Hippacc,rsbs,1,T3,56,True
MR,0.1048347082369856,"{""lasso__regressor__alpha"": 0.001}",1533,11952,0.53,Hippacc,rsbs,1,T3,56,True
RF,0.0694463765156248,"{""max_features"": 1.0, ""min_samples_leaf"": 1, ""n_estimators"": 20}",1533,11952,0.22,Hippacc,rsbs,1,T3,56,True
SVR,0.09149729964304203,"{""regressor__tol"": 0.05, ""regressor__shrinking"": true, ""regressor__epsilon"": 0.1, ""regressor__coef0"": 1.0, ""regressor__C"": 5.0}",1533,11952,1.44,Hippacc,rsbs,1,T3,56,True
CART,0.08261225315884442,"{""max_features"": 1.0, ""min_samples_leaf"": 1, ""splitter"": ""best""}",1533,11952,0.02,Hippacc,rsbs,1,T3,57,True
kNN,0.19870704869802355,"{""n_neighbors"": 15, ""p"": 1, ""weights"": ""distance""}",1533,11952,1.17,Hippacc,rsbs,1,T3,57,True
KRR,0.06569829636427559,"{""regressor__kernel"": ""rbf"", ""regressor__gamma"": 0.2, ""regressor__alpha"": 0.0001}",1533,11952,0.7,Hippacc,rsbs,1,T3,57,True
MR,0.10024806841139897,"{""lasso__regressor__alpha"": 0.001}",1533,11952,0.56,Hippacc,rsbs,1,T3,57,True
RF,0.06612433354765737,"{""max_features"": 1.0, ""min_samples_leaf"": 1, ""n_estimators"": 20}",1533,11952,0.22,Hippacc,rsbs,1,T3,57,True
SVR,0.09470692043745363,"{""regressor__tol"": 0.05, ""regressor__shrinking"": true, ""regressor__epsilon"": 0.1, ""regressor__coef0"": 1.0, ""regressor__C"": 5.0}",1533,11952,1.43,Hippacc,rsbs,1,T3,57,True
CART,0.07368600079890317,"{""max_features"": 1.0, ""min_samples_leaf"": 1, ""splitter"": ""best""}",1533,11952,0.02,Hippacc,rsbs,1,T3,58,True
kNN,0.1951384418606751,"{""n_neighbors"": 15, ""p"": 1, ""weights"": ""distance""}",1533,11952,1.16,Hippacc,rsbs,1,T3,58,True
KRR,0.06274766666487464,"{""regressor__kernel"": ""rbf"", ""regressor__gamma"": 0.2, ""regressor__alpha"": 0.0001}",1533,11952,0.71,Hippacc,rsbs,1,T3,58,True
MR,0.10149724941862921,"{""lasso__regressor__alpha"": 0.001}",1533,11952,0.53,Hippacc,rsbs,1,T3,58,True
RF,0.06900983795511552,"{""max_features"": 1.0, ""min_samples_leaf"": 1, ""n_estimators"": 20}",1533,11952,0.22,Hippacc,rsbs,1,T3,58,True
SVR,0.08675842126459847,"{""regressor__tol"": 0.05, ""regressor__shrinking"": true, ""regressor__epsilon"": 0.1, ""regressor__coef0"": 1.0, ""regressor__C"": 5.0}",1533,11952,1.35,Hippacc,rsbs,1,T3,58,True
CART,0.08188147440125056,"{""max_features"": 1.0, ""min_samples_leaf"": 1, ""splitter"": ""best""}",1533,11952,0.02,Hippacc,rsbs,1,T3,59,True
kNN,0.19941143255645033,"{""n_neighbors"": 15, ""p"": 1, ""weights"": ""distance""}",1533,11952,1.18,Hippacc,rsbs,1,T3,59,True
KRR,0.06921316671866579,"{""regressor__kernel"": ""rbf"", ""regressor__gamma"": 0.2, ""regressor__alpha"": 0.0001}",1533,11952,0.74,Hippacc,rsbs,1,T3,59,True
MR,0.10262483279555569,"{""lasso__regressor__alpha"": 0.001}",1533,11952,0.49,Hippacc,rsbs,1,T3,59,True
RF,0.06544136665658676,"{""max_features"": 1.0, ""min_samples_leaf"": 1, ""n_estimators"": 20}",1533,11952,0.23,Hippacc,rsbs,1,T3,59,True
SVR,0.0919467220320835,"{""regressor__tol"": 0.05, ""regressor__shrinking"": true, ""regressor__epsilon"": 0.1, ""regressor__coef0"": 1.0, ""regressor__C"": 5.0}",1533,11952,1.4,Hippacc,rsbs,1,T3,59,True
CART,0.07539866668766226,"{""max_features"": 1.0, ""min_samples_leaf"": 1, ""splitter"": ""best""}",1533,11952,0.02,Hippacc,rsbs,1,T3,60,True
kNN,0.1917465385303733,"{""n_neighbors"": 15, ""p"": 1, ""weights"": ""distance""}",1533,11952,1.22,Hippacc,rsbs,1,T3,60,True
KRR,0.06348495406660458,"{""regressor__kernel"": ""rbf"", ""regressor__gamma"": 0.2, ""regressor__alpha"": 0.0001}",1533,11952,0.74,Hippacc,rsbs,1,T3,60,True
MR,0.1020760464507304,"{""lasso__regressor__alpha"": 0.001}",1533,11952,0.5,Hippacc,rsbs,1,T3,60,True
RF,0.06799247681815093,"{""max_features"": 1.0, ""min_samples_leaf"": 1, ""n_estimators"": 20}",1533,11952,0.22,Hippacc,rsbs,1,T3,60,True
SVR,0.08197834081312583,"{""regressor__tol"": 0.05, ""regressor__shrinking"": true, ""regressor__epsilon"": 0.1, ""regressor__coef0"": 1.0, ""regressor__C"": 5.0}",1533,11952,1.46,Hippacc,rsbs,1,T3,60,True
CART,0.07074835519118162,"{""max_features"": 1.0, ""min_samples_leaf"": 1, ""splitter"": ""best""}",1533,11952,0.02,Hippacc,rsbs,1,T3,61,True
kNN,0.18407779947973818,"{""n_neighbors"": 15, ""p"": 1, ""weights"": ""distance""}",1533,11952,1.16,Hippacc,rsbs,1,T3,61,True
KRR,0.06909295695968413,"{""regressor__kernel"": ""rbf"", ""regressor__gamma"": 0.2, ""regressor__alpha"": 0.0001}",1533,11952,0.71,Hippacc,rsbs,1,T3,61,True
MR,0.10464599807026898,"{""lasso__regressor__alpha"": 0.001}",1533,11952,0.53,Hippacc,rsbs,1,T3,61,True
RF,0.06447247017078535,"{""max_features"": 1.0, ""min_samples_leaf"": 1, ""n_estimators"": 20}",1533,11952,0.22,Hippacc,rsbs,1,T3,61,True
SVR,0.09053404661487938,"{""regressor__tol"": 0.05, ""regressor__shrinking"": true, ""regressor__epsilon"": 0.1, ""regressor__coef0"": 1.0, ""regressor__C"": 5.0}",1533,11952,1.41,Hippacc,rsbs,1,T3,61,True
CART,0.07405566072398072,"{""max_features"": 1.0, ""min_samples_leaf"": 1, ""splitter"": ""best""}",1533,11952,0.02,Hippacc,rsbs,1,T3,62,True
kNN,0.20786997159702153,"{""n_neighbors"": 15, ""p"": 1, ""weights"": ""distance""}",1533,11952,1.14,Hippacc,rsbs,1,T3,62,True
KRR,0.07437051157454536,"{""regressor__kernel"": ""rbf"", ""regressor__gamma"": 0.2, ""regressor__alpha"": 0.0001}",1533,11952,0.71,Hippacc,rsbs,1,T3,62,True
MR,0.10984833776243771,"{""lasso__regressor__alpha"": 0.001}",1533,11952,0.61,Hippacc,rsbs,1,T3,62,True
RF,0.06887907111946404,"{""max_features"": 1.0, ""min_samples_leaf"": 1, ""n_estimators"": 20}",1533,11952,0.23,Hippacc,rsbs,1,T3,62,True
SVR,0.09422657928980442,"{""regressor__tol"": 0.05, ""regressor__shrinking"": true, ""regressor__epsilon"": 0.1, ""regressor__coef0"": 1.0, ""regressor__C"": 5.0}",1533,11952,1.41,Hippacc,rsbs,1,T3,62,True
CART,0.07244131843506524,"{""max_features"": 1.0, ""min_samples_leaf"": 1, ""splitter"": ""best""}",1533,11952,0.02,Hippacc,rsbs,1,T3,63,True
kNN,0.18488271184211055,"{""n_neighbors"": 15, ""p"": 1, ""weights"": ""distance""}",1533,11952,1.22,Hippacc,rsbs,1,T3,63,True
KRR,0.06965651973197748,"{""regressor__kernel"": ""rbf"", ""regressor__gamma"": 0.2, ""regressor__alpha"": 0.0001}",1533,11952,0.73,Hippacc,rsbs,1,T3,63,True
MR,0.09934065733750445,"{""lasso__regressor__alpha"": 0.001}",1533,11952,0.48,Hippacc,rsbs,1,T3,63,True
RF,0.06706000359448534,"{""max_features"": 1.0, ""min_samples_leaf"": 1, ""n_estimators"": 20}",1533,11952,0.23,Hippacc,rsbs,1,T3,63,True
SVR,0.09746200665355402,"{""regressor__tol"": 0.05, ""regressor__shrinking"": true, ""regressor__epsilon"": 0.1, ""regressor__coef0"": 1.0, ""regressor__C"": 5.0}",1533,11952,1.43,Hippacc,rsbs,1,T3,63,True
CART,0.074941741942726,"{""max_features"": 1.0, ""min_samples_leaf"": 1, ""splitter"": ""best""}",1533,11952,0.02,Hippacc,rsbs,1,T3,64,True
kNN,0.190935948199635,"{""n_neighbors"": 15, ""p"": 1, ""weights"": ""distance""}",1533,11952,1.22,Hippacc,rsbs,1,T3,64,True
KRR,0.06492618920523237,"{""regressor__kernel"": ""rbf"", ""regressor__gamma"": 0.2, ""regressor__alpha"": 0.0001}",1533,11952,0.77,Hippacc,rsbs,1,T3,64,True
MR,0.1032098135091614,"{""lasso__regressor__alpha"": 0.001}",1533,11952,0.49,Hippacc,rsbs,1,T3,64,True
RF,0.06606620324065668,"{""max_features"": 1.0, ""min_samples_leaf"": 1, ""n_estimators"": 20}",1533,11952,0.22,Hippacc,rsbs,1,T3,64,True
SVR,0.0840628054693927,"{""regressor__tol"": 0.05, ""regressor__shrinking"": true, ""regressor__epsilon"": 0.1, ""regressor__coef0"": 1.0, ""regressor__C"": 5.0}",1533,11952,1.4,Hippacc,rsbs,1,T3,64,True
CART,0.08253160320347397,"{""max_features"": 1.0, ""min_samples_leaf"": 1, ""splitter"": ""best""}",1533,11952,0.02,Hippacc,rsbs,1,T3,65,True
kNN,0.1909589399701213,"{""n_neighbors"": 15, ""p"": 1, ""weights"": ""distance""}",1533,11952,1.14,Hippacc,rsbs,1,T3,65,True
KRR,0.06814942718639729,"{""regressor__kernel"": ""rbf"", ""regressor__gamma"": 0.2, ""regressor__alpha"": 0.0001}",1533,11952,0.7,Hippacc,rsbs,1,T3,65,True
MR,0.09924158984020959,"{""lasso__regressor__alpha"": 0.001}",1533,11952,0.59,Hippacc,rsbs,1,T3,65,True
RF,0.06962241412203968,"{""max_features"": 1.0, ""min_samples_leaf"": 1, ""n_estimators"": 20}",1533,11952,0.22,Hippacc,rsbs,1,T3,65,True
SVR,0.0832293296037058,"{""regressor__tol"": 0.05, ""regressor__shrinking"": true, ""regressor__epsilon"": 0.1, ""regressor__coef0"": 1.0, ""regressor__C"": 5.0}",1533,11952,1.45,Hippacc,rsbs,1,T3,65,True
CART,0.07261132806961766,"{""max_features"": 1.0, ""min_samples_leaf"": 1, ""splitter"": ""best""}",1533,11952,0.02,Hippacc,rsbs,1,T3,66,True
kNN,0.19092263366634699,"{""n_neighbors"": 15, ""p"": 1, ""weights"": ""distance""}",1533,11952,1.15,Hippacc,rsbs,1,T3,66,True
KRR,0.06510322396423496,"{""regressor__kernel"": ""rbf"", ""regressor__gamma"": 0.2, ""regressor__alpha"": 0.0001}",1533,11952,0.71,Hippacc,rsbs,1,T3,66,True
MR,0.10105816921714078,"{""lasso__regressor__alpha"": 0.001}",1533,11952,0.57,Hippacc,rsbs,1,T3,66,True
RF,0.06636690548119517,"{""max_features"": 1.0, ""min_samples_leaf"": 1, ""n_estimators"": 20}",1533,11952,0.23,Hippacc,rsbs,1,T3,66,True
SVR,0.08295274397908645,"{""regressor__tol"": 0.05, ""regressor__shrinking"": true, ""regressor__epsilon"": 0.1, ""regressor__coef0"": 1.0, ""regressor__C"": 5.0}",1533,11952,1.34,Hippacc,rsbs,1,T3,66,True
CART,0.07402135135866579,"{""max_features"": 1.0, ""min_samples_leaf"": 1, ""splitter"": ""best""}",1533,11952,0.02,Hippacc,rsbs,1,T3,67,True
kNN,0.19473562563203164,"{""n_neighbors"": 15, ""p"": 1, ""weights"": ""distance""}",1533,11952,1.21,Hippacc,rsbs,1,T3,67,True
KRR,0.06231643622787325,"{""regressor__kernel"": ""rbf"", ""regressor__gamma"": 0.2, ""regressor__alpha"": 0.0001}",1533,11952,0.73,Hippacc,rsbs,1,T3,67,True
MR,0.09775592098852687,"{""lasso__regressor__alpha"": 0.001}",1533,11952,0.44,Hippacc,rsbs,1,T3,67,True
RF,0.06354996742915264,"{""max_features"": 1.0, ""min_samples_leaf"": 1, ""n_estimators"": 20}",1533,11952,0.22,Hippacc,rsbs,1,T3,67,True
SVR,0.0832461139725272,"{""regressor__tol"": 0.05, ""regressor__shrinking"": true, ""regressor__epsilon"": 0.1, ""regressor__coef0"": 1.0, ""regressor__C"": 5.0}",1533,11952,1.42,Hippacc,rsbs,1,T3,67,True
CART,0.07183895604591595,"{""max_features"": 1.0, ""min_samples_leaf"": 1, ""splitter"": ""best""}",1533,11952,0.02,Hippacc,rsbs,1,T3,68,True
kNN,0.19238241830116462,"{""n_neighbors"": 15, ""p"": 1, ""weights"": ""distance""}",1533,11952,1.22,Hippacc,rsbs,1,T3,68,True
KRR,0.06508077859809829,"{""regressor__kernel"": ""rbf"", ""regressor__gamma"": 0.2, ""regressor__alpha"": 0.0001}",1533,11952,0.78,Hippacc,rsbs,1,T3,68,True
MR,0.1050665102345776,"{""lasso__regressor__alpha"": 0.001}",1533,11952,0.46,Hippacc,rsbs,1,T3,68,True
RF,0.06619592379347777,"{""max_features"": 1.0, ""min_samples_leaf"": 1, ""n_estimators"": 20}",1533,11952,0.22,Hippacc,rsbs,1,T3,68,True
SVR,0.09054156298376295,"{""regressor__tol"": 0.05, ""regressor__shrinking"": true, ""regressor__epsilon"": 0.1, ""regressor__coef0"": 1.0, ""regressor__C"": 5.0}",1533,11952,1.38,Hippacc,rsbs,1,T3,68,True
CART,0.07081878909298908,"{""max_features"": 1.0, ""min_samples_leaf"": 1, ""splitter"": ""best""}",1533,11952,0.02,Hippacc,rsbs,1,T3,69,True
kNN,0.19196572756737665,"{""n_neighbors"": 15, ""p"": 1, ""weights"": ""distance""}",1533,11952,1.12,Hippacc,rsbs,1,T3,69,True
KRR,0.06220101741962591,"{""regressor__kernel"": ""rbf"", ""regressor__gamma"": 0.2, ""regressor__alpha"": 0.0001}",1533,11952,0.71,Hippacc,rsbs,1,T3,69,True
MR,0.10018900172154535,"{""lasso__regressor__alpha"": 0.001}",1533,11952,0.58,Hippacc,rsbs,1,T3,69,True
RF,0.06305063020385487,"{""max_features"": 1.0, ""min_samples_leaf"": 1, ""n_estimators"": 20}",1533,11952,0.23,Hippacc,rsbs,1,T3,69,True
SVR,0.08552418087549377,"{""regressor__tol"": 0.05, ""regressor__shrinking"": true, ""regressor__epsilon"": 0.1, ""regressor__coef0"": 1.0, ""regressor__C"": 5.0}",1533,11952,1.38,Hippacc,rsbs,1,T3,69,True
CART,0.07249658582431046,"{""max_features"": 1.0, ""min_samples_leaf"": 1, ""splitter"": ""best""}",1533,11952,0.02,Hippacc,rsbs,1,T3,70,True
kNN,0.1939975677849809,"{""n_neighbors"": 15, ""p"": 1, ""weights"": ""distance""}",1533,11952,1.13,Hippacc,rsbs,1,T3,70,True
KRR,0.0672982314321752,"{""regressor__kernel"": ""rbf"", ""regressor__gamma"": 0.2, ""regressor__alpha"": 0.0001}",1533,11952,0.71,Hippacc,rsbs,1,T3,70,True
MR,0.10555329535154674,"{""lasso__regressor__alpha"": 0.001}",1533,11952,0.66,Hippacc,rsbs,1,T3,70,True
RF,0.06656436316990841,"{""max_features"": 1.0, ""min_samples_leaf"": 1, ""n_estimators"": 20}",1533,11952,0.23,Hippacc,rsbs,1,T3,70,True
SVR,0.0890212647506689,"{""regressor__tol"": 0.05, ""regressor__shrinking"": true, ""regressor__epsilon"": 0.1, ""regressor__coef0"": 1.0, ""regressor__C"": 5.0}",1533,11952,1.37,Hippacc,rsbs,1,T3,70,True
CART,0.06477395741723192,"{""max_features"": 1.0, ""min_samples_leaf"": 1, ""splitter"": ""best""}",1533,11952,0.02,Hippacc,rsbs,1,T3,71,True
kNN,0.1932454916394606,"{""n_neighbors"": 15, ""p"": 1, ""weights"": ""distance""}",1533,11952,1.21,Hippacc,rsbs,1,T3,71,True
KRR,0.061837904419185796,"{""regressor__kernel"": ""rbf"", ""regressor__gamma"": 0.2, ""regressor__alpha"": 0.0001}",1533,11952,0.73,Hippacc,rsbs,1,T3,71,True
MR,0.10221874211964634,"{""lasso__regressor__alpha"": 0.001}",1533,11952,0.49,Hippacc,rsbs,1,T3,71,True
RF,0.0635778520801119,"{""max_features"": 1.0, ""min_samples_leaf"": 1, ""n_estimators"": 20}",1533,11952,0.22,Hippacc,rsbs,1,T3,71,True
SVR,0.08437102045819282,"{""regressor__tol"": 0.05, ""regressor__shrinking"": true, ""regressor__epsilon"": 0.1, ""regressor__coef0"": 1.0, ""regressor__C"": 5.0}",1533,11952,1.44,Hippacc,rsbs,1,T3,71,True
CART,0.07467144290920623,"{""max_features"": 1.0, ""min_samples_leaf"": 1, ""splitter"": ""best""}",1533,11952,0.02,Hippacc,rsbs,1,T3,72,True
kNN,0.19678867880242518,"{""n_neighbors"": 15, ""p"": 1, ""weights"": ""distance""}",1533,11952,1.2,Hippacc,rsbs,1,T3,72,True
KRR,0.06653881281495995,"{""regressor__kernel"": ""rbf"", ""regressor__gamma"": 0.2, ""regressor__alpha"": 0.0001}",1533,11952,0.77,Hippacc,rsbs,1,T3,72,True
MR,0.10718234207203052,"{""lasso__regressor__alpha"": 0.001}",1533,11952,0.49,Hippacc,rsbs,1,T3,72,True
RF,0.06969306993791753,"{""max_features"": 1.0, ""min_samples_leaf"": 1, ""n_estimators"": 20}",1533,11952,0.22,Hippacc,rsbs,1,T3,72,True
SVR,0.08691076504149535,"{""regressor__tol"": 0.05, ""regressor__shrinking"": true, ""regressor__epsilon"": 0.1, ""regressor__coef0"": 1.0, ""regressor__C"": 5.0}",1533,11952,1.42,Hippacc,rsbs,1,T3,72,True
CART,0.06957100062796975,"{""max_features"": 1.0, ""min_samples_leaf"": 1, ""splitter"": ""best""}",1533,11952,0.02,Hippacc,rsbs,1,T3,73,True
kNN,0.19077551898176623,"{""n_neighbors"": 15, ""p"": 1, ""weights"": ""distance""}",1533,11952,1.15,Hippacc,rsbs,1,T3,73,True
KRR,0.06687790097516763,"{""regressor__kernel"": ""rbf"", ""regressor__gamma"": 0.2, ""regressor__alpha"": 0.0001}",1533,11952,0.71,Hippacc,rsbs,1,T3,73,True
MR,0.10376263635342647,"{""lasso__regressor__alpha"": 0.001}",1533,11952,0.6,Hippacc,rsbs,1,T3,73,True
RF,0.07419237143565328,"{""max_features"": 1.0, ""min_samples_leaf"": 1, ""n_estimators"": 20}",1533,11952,0.23,Hippacc,rsbs,1,T3,73,True
SVR,0.08547041079705289,"{""regressor__tol"": 0.05, ""regressor__shrinking"": true, ""regressor__epsilon"": 0.1, ""regressor__coef0"": 1.0, ""regressor__C"": 5.0}",1533,11952,1.4,Hippacc,rsbs,1,T3,73,True
CART,0.07801529109013094,"{""max_features"": 1.0, ""min_samples_leaf"": 1, ""splitter"": ""best""}",1533,11952,0.02,Hippacc,rsbs,1,T3,74,True
kNN,0.19203088012146602,"{""n_neighbors"": 15, ""p"": 1, ""weights"": ""distance""}",1533,11952,1.13,Hippacc,rsbs,1,T3,74,True
KRR,0.06833895815313708,"{""regressor__kernel"": ""rbf"", ""regressor__gamma"": 0.2, ""regressor__alpha"": 0.0001}",1533,11952,0.71,Hippacc,rsbs,1,T3,74,True
MR,0.1055290762534966,"{""lasso__regressor__alpha"": 0.001}",1533,11952,0.68,Hippacc,rsbs,1,T3,74,True
RF,0.06864392450044994,"{""max_features"": 1.0, ""min_samples_leaf"": 1, ""n_estimators"": 20}",1533,11952,0.23,Hippacc,rsbs,1,T3,74,True
SVR,0.0868185461655917,"{""regressor__tol"": 0.05, ""regressor__shrinking"": true, ""regressor__epsilon"": 0.1, ""regressor__coef0"": 1.0, ""regressor__C"": 5.0}",1533,11952,1.36,Hippacc,rsbs,1,T3,74,True
CART,0.07160747959839382,"{""max_features"": 1.0, ""min_samples_leaf"": 1, ""splitter"": ""best""}",1533,11952,0.02,Hippacc,rsbs,1,T3,75,True
kNN,0.19336850066905317,"{""n_neighbors"": 15, ""p"": 1, ""weights"": ""distance""}",1533,11952,1.2,Hippacc,rsbs,1,T3,75,True
KRR,0.06942280401337467,"{""regressor__kernel"": ""rbf"", ""regressor__gamma"": 0.2, ""regressor__alpha"": 0.0001}",1533,11952,0.73,Hippacc,rsbs,1,T3,75,True
MR,0.11030769393789,"{""lasso__regressor__alpha"": 0.001}",1533,11952,0.49,Hippacc,rsbs,1,T3,75,True
RF,0.06842780349788659,"{""max_features"": 1.0, ""min_samples_leaf"": 1, ""n_estimators"": 20}",1533,11952,0.22,Hippacc,rsbs,1,T3,75,True
SVR,0.08584964672911785,"{""regressor__tol"": 0.05, ""regressor__shrinking"": true, ""regressor__epsilon"": 0.1, ""regressor__coef0"": 1.0, ""regressor__C"": 5.0}",1533,11952,1.38,Hippacc,rsbs,1,T3,75,True
CART,0.07725249736064797,"{""max_features"": 1.0, ""min_samples_leaf"": 1, ""splitter"": ""best""}",1533,11952,0.02,Hippacc,rsbs,1,T3,76,True
kNN,0.19476390498645976,"{""n_neighbors"": 15, ""p"": 1, ""weights"": ""distance""}",1533,11952,1.19,Hippacc,rsbs,1,T3,76,True
KRR,0.06628636489735659,"{""regressor__kernel"": ""rbf"", ""regressor__gamma"": 0.2, ""regressor__alpha"": 0.0001}",1533,11952,0.75,Hippacc,rsbs,1,T3,76,True
MR,0.10542374476012159,"{""lasso__regressor__alpha"": 0.001}",1533,11952,0.47,Hippacc,rsbs,1,T3,76,True
RF,0.06758225057930456,"{""max_features"": 1.0, ""min_samples_leaf"": 1, ""n_estimators"": 20}",1533,11952,0.22,Hippacc,rsbs,1,T3,76,True
SVR,0.09112506136004549,"{""regressor__tol"": 0.05, ""regressor__shrinking"": true, ""regressor__epsilon"": 0.1, ""regressor__coef0"": 1.0, ""regressor__C"": 5.0}",1533,11952,1.4,Hippacc,rsbs,1,T3,76,True
CART,0.06879391186329531,"{""max_features"": 1.0, ""min_samples_leaf"": 1, ""splitter"": ""best""}",1533,11952,0.02,Hippacc,rsbs,1,T3,77,True
kNN,0.19402224581827568,"{""n_neighbors"": 15, ""p"": 1, ""weights"": ""distance""}",1533,11952,1.17,Hippacc,rsbs,1,T3,77,True
KRR,0.06662259092258102,"{""regressor__kernel"": ""rbf"", ""regressor__gamma"": 0.2, ""regressor__alpha"": 0.0001}",1533,11952,0.71,Hippacc,rsbs,1,T3,77,True
MR,0.10011984640694017,"{""lasso__regressor__alpha"": 0.001}",1533,11952,0.54,Hippacc,rsbs,1,T3,77,True
RF,0.06468945412953576,"{""max_features"": 1.0, ""min_samples_leaf"": 1, ""n_estimators"": 20}",1533,11952,0.22,Hippacc,rsbs,1,T3,77,True
SVR,0.08452430423637648,"{""regressor__tol"": 0.05, ""regressor__shrinking"": true, ""regressor__epsilon"": 0.1, ""regressor__coef0"": 1.0, ""regressor__C"": 5.0}",1533,11952,1.38,Hippacc,rsbs,1,T3,77,True
CART,0.07877665797307562,"{""max_features"": 1.0, ""min_samples_leaf"": 1, ""splitter"": ""best""}",1533,11952,0.02,Hippacc,rsbs,1,T3,78,True
kNN,0.1877621595106071,"{""n_neighbors"": 15, ""p"": 1, ""weights"": ""distance""}",1533,11952,1.15,Hippacc,rsbs,1,T3,78,True
KRR,0.06651055590621328,"{""regressor__kernel"": ""rbf"", ""regressor__gamma"": 0.2, ""regressor__alpha"": 0.0001}",1533,11952,0.72,Hippacc,rsbs,1,T3,78,True
MR,0.10204017165559509,"{""lasso__regressor__alpha"": 0.001}",1533,11952,0.58,Hippacc,rsbs,1,T3,78,True
RF,0.06316697842811912,"{""max_features"": 1.0, ""min_samples_leaf"": 1, ""n_estimators"": 20}",1533,11952,0.22,Hippacc,rsbs,1,T3,78,True
SVR,0.08818512605729624,"{""regressor__tol"": 0.05, ""regressor__shrinking"": true, ""regressor__epsilon"": 0.1, ""regressor__coef0"": 1.0, ""regressor__C"": 5.0}",1533,11952,1.39,Hippacc,rsbs,1,T3,78,True
CART,0.07622420264170247,"{""max_features"": 1.0, ""min_samples_leaf"": 1, ""splitter"": ""best""}",1533,11952,0.02,Hippacc,rsbs,1,T3,79,True
kNN,0.20079017858362966,"{""n_neighbors"": 15, ""p"": 1, ""weights"": ""distance""}",1533,11952,1.2,Hippacc,rsbs,1,T3,79,True
KRR,0.06457530972805166,"{""regressor__kernel"": ""rbf"", ""regressor__gamma"": 0.2, ""regressor__alpha"": 0.0001}",1533,11952,0.73,Hippacc,rsbs,1,T3,79,True
MR,0.1008972057514018,"{""lasso__regressor__alpha"": 0.001}",1533,11952,0.52,Hippacc,rsbs,1,T3,79,True
RF,0.06857083731034026,"{""max_features"": 1.0, ""min_samples_leaf"": 1, ""n_estimators"": 20}",1533,11952,0.22,Hippacc,rsbs,1,T3,79,True
SVR,0.08791286972707699,"{""regressor__tol"": 0.05, ""regressor__shrinking"": true, ""regressor__epsilon"": 0.1, ""regressor__coef0"": 1.0, ""regressor__C"": 5.0}",1533,11952,1.4,Hippacc,rsbs,1,T3,79,True
CART,0.0761489174568839,"{""max_features"": 1.0, ""min_samples_leaf"": 1, ""splitter"": ""best""}",1533,11952,0.02,Hippacc,rsbs,1,T3,80,True
kNN,0.18337814855322218,"{""n_neighbors"": 15, ""p"": 1, ""weights"": ""distance""}",1533,11952,1.19,Hippacc,rsbs,1,T3,80,True
KRR,0.0674706546417838,"{""regressor__kernel"": ""rbf"", ""regressor__gamma"": 0.2, ""regressor__alpha"": 0.0001}",1533,11952,0.73,Hippacc,rsbs,1,T3,80,True
MR,0.09959102492911673,"{""lasso__regressor__alpha"": 0.001}",1533,11952,0.46,Hippacc,rsbs,1,T3,80,True
RF,0.06465797950270608,"{""max_features"": 1.0, ""min_samples_leaf"": 1, ""n_estimators"": 20}",1533,11952,0.22,Hippacc,rsbs,1,T3,80,True
SVR,0.08521224443817528,"{""regressor__tol"": 0.05, ""regressor__shrinking"": true, ""regressor__epsilon"": 0.1, ""regressor__coef0"": 1.0, ""regressor__C"": 5.0}",1533,11952,1.41,Hippacc,rsbs,1,T3,80,True
CART,0.07394117885118486,"{""max_features"": 1.0, ""min_samples_leaf"": 1, ""splitter"": ""best""}",1533,11952,0.02,Hippacc,rsbs,1,T3,81,True
kNN,0.19484253354762401,"{""n_neighbors"": 15, ""p"": 1, ""weights"": ""distance""}",1533,11952,1.13,Hippacc,rsbs,1,T3,81,True
KRR,0.059935584461340646,"{""regressor__kernel"": ""rbf"", ""regressor__gamma"": 0.2, ""regressor__alpha"": 0.0001}",1533,11952,0.71,Hippacc,rsbs,1,T3,81,True
MR,0.10141155556405265,"{""lasso__regressor__alpha"": 0.001}",1533,11952,0.57,Hippacc,rsbs,1,T3,81,True
RF,0.06385662535252717,"{""max_features"": 1.0, ""min_samples_leaf"": 1, ""n_estimators"": 20}",1533,11952,0.23,Hippacc,rsbs,1,T3,81,True
SVR,0.08044312704589643,"{""regressor__tol"": 0.05, ""regressor__shrinking"": true, ""regressor__epsilon"": 0.1, ""regressor__coef0"": 1.0, ""regressor__C"": 5.0}",1533,11952,1.37,Hippacc,rsbs,1,T3,81,True
CART,0.08293605014688916,"{""max_features"": 1.0, ""min_samples_leaf"": 1, ""splitter"": ""best""}",1533,11952,0.02,Hippacc,rsbs,1,T3,82,True
kNN,0.1963035458672759,"{""n_neighbors"": 15, ""p"": 1, ""weights"": ""distance""}",1533,11952,1.17,Hippacc,rsbs,1,T3,82,True
KRR,0.07281814691158736,"{""regressor__kernel"": ""rbf"", ""regressor__gamma"": 0.2, ""regressor__alpha"": 0.0001}",1533,11952,0.71,Hippacc,rsbs,1,T3,82,True
MR,0.11101611170636314,"{""lasso__regressor__alpha"": 0.001}",1533,11952,0.57,Hippacc,rsbs,1,T3,82,True
RF,0.08277312360733893,"{""max_features"": 1.0, ""min_samples_leaf"": 1, ""n_estimators"": 20}",1533,11952,0.22,Hippacc,rsbs,1,T3,82,True
SVR,0.09782969576794961,"{""regressor__tol"": 0.05, ""regressor__shrinking"": true, ""regressor__epsilon"": 0.1, ""regressor__coef0"": 1.0, ""regressor__C"": 5.0}",1533,11952,1.35,Hippacc,rsbs,1,T3,82,True
CART,0.07220193208503753,"{""max_features"": 1.0, ""min_samples_leaf"": 1, ""splitter"": ""best""}",1533,11952,0.02,Hippacc,rsbs,1,T3,83,True
kNN,0.21035794867249408,"{""n_neighbors"": 15, ""p"": 1, ""weights"": ""distance""}",1533,11952,1.2,Hippacc,rsbs,1,T3,83,True
KRR,0.07477237917018507,"{""regressor__kernel"": ""rbf"", ""regressor__gamma"": 0.2, ""regressor__alpha"": 0.0001}",1533,11952,0.74,Hippacc,rsbs,1,T3,83,True
MR,0.10791779125371082,"{""lasso__regressor__alpha"": 0.001}",1533,11952,0.48,Hippacc,rsbs,1,T3,83,True
RF,0.073704145740087,"{""max_features"": 1.0, ""min_samples_leaf"": 1, ""n_estimators"": 20}",1533,11952,0.22,Hippacc,rsbs,1,T3,83,True
SVR,0.09534668200570627,"{""regressor__tol"": 0.05, ""regressor__shrinking"": true, ""regressor__epsilon"": 0.1, ""regressor__coef0"": 1.0, ""regressor__C"": 5.0}",1533,11952,1.41,Hippacc,rsbs,1,T3,83,True
CART,0.077285190197301,"{""max_features"": 1.0, ""min_samples_leaf"": 1, ""splitter"": ""best""}",1533,11952,0.02,Hippacc,rsbs,1,T3,84,True
kNN,0.18550154556107512,"{""n_neighbors"": 15, ""p"": 1, ""weights"": ""distance""}",1533,11952,1.19,Hippacc,rsbs,1,T3,84,True
KRR,0.06756526702894129,"{""regressor__kernel"": ""rbf"", ""regressor__gamma"": 0.2, ""regressor__alpha"": 0.0001}",1533,11952,0.74,Hippacc,rsbs,1,T3,84,True
MR,0.09878322607923871,"{""lasso__regressor__alpha"": 0.001}",1533,11952,0.51,Hippacc,rsbs,1,T3,84,True
RF,0.0661561635964357,"{""max_features"": 1.0, ""min_samples_leaf"": 1, ""n_estimators"": 20}",1533,11952,0.22,Hippacc,rsbs,1,T3,84,True
SVR,0.08401495405705191,"{""regressor__tol"": 0.05, ""regressor__shrinking"": true, ""regressor__epsilon"": 0.1, ""regressor__coef0"": 1.0, ""regressor__C"": 5.0}",1533,11952,1.35,Hippacc,rsbs,1,T3,84,True
CART,0.08215133051039722,"{""max_features"": 1.0, ""min_samples_leaf"": 1, ""splitter"": ""best""}",1533,11952,0.02,Hippacc,rsbs,1,T3,85,True
kNN,0.19496469533643646,"{""n_neighbors"": 15, ""p"": 1, ""weights"": ""distance""}",1533,11952,1.15,Hippacc,rsbs,1,T3,85,True
KRR,0.06959327092413752,"{""regressor__kernel"": ""rbf"", ""regressor__gamma"": 0.2, ""regressor__alpha"": 0.0001}",1533,11952,0.7,Hippacc,rsbs,1,T3,85,True
MR,0.10513659962552181,"{""lasso__regressor__alpha"": 0.001}",1533,11952,0.61,Hippacc,rsbs,1,T3,85,True
RF,0.07184319143269723,"{""max_features"": 1.0, ""min_samples_leaf"": 1, ""n_estimators"": 20}",1533,11952,0.23,Hippacc,rsbs,1,T3,85,True
SVR,0.09046462367116158,"{""regressor__tol"": 0.05, ""regressor__shrinking"": true, ""regressor__epsilon"": 0.1, ""regressor__coef0"": 1.0, ""regressor__C"": 5.0}",1533,11952,1.42,Hippacc,rsbs,1,T3,85,True
CART,0.07462581119821793,"{""max_features"": 1.0, ""min_samples_leaf"": 1, ""splitter"": ""best""}",1533,11952,0.02,Hippacc,rsbs,1,T3,86,True
kNN,0.1913349678833407,"{""n_neighbors"": 15, ""p"": 1, ""weights"": ""distance""}",1533,11952,1.17,Hippacc,rsbs,1,T3,86,True
KRR,0.06529727345490123,"{""regressor__kernel"": ""rbf"", ""regressor__gamma"": 0.2, ""regressor__alpha"": 0.0001}",1533,11952,0.71,Hippacc,rsbs,1,T3,86,True
MR,0.09788289868533052,"{""lasso__regressor__alpha"": 0.001}",1533,11952,0.5,Hippacc,rsbs,1,T3,86,True
RF,0.06510791361714544,"{""max_features"": 1.0, ""min_samples_leaf"": 1, ""n_estimators"": 20}",1533,11952,0.23,Hippacc,rsbs,1,T3,86,True
SVR,0.08698681820139136,"{""regressor__tol"": 0.05, ""regressor__shrinking"": true, ""regressor__epsilon"": 0.1, ""regressor__coef0"": 1.0, ""regressor__C"": 5.0}",1533,11952,1.39,Hippacc,rsbs,1,T3,86,True
CART,0.07153024304115944,"{""max_features"": 1.0, ""min_samples_leaf"": 1, ""splitter"": ""best""}",1533,11952,0.02,Hippacc,rsbs,1,T3,87,True
kNN,0.1875303801778783,"{""n_neighbors"": 15, ""p"": 1, ""weights"": ""distance""}",1533,11952,1.22,Hippacc,rsbs,1,T3,87,True
KRR,0.07039836451788177,"{""regressor__kernel"": ""rbf"", ""regressor__gamma"": 0.2, ""regressor__alpha"": 0.0001}",1533,11952,0.75,Hippacc,rsbs,1,T3,87,True
MR,0.102824812379592,"{""lasso__regressor__alpha"": 0.001}",1533,11952,0.51,Hippacc,rsbs,1,T3,87,True
RF,0.0638463546629728,"{""max_features"": 1.0, ""min_samples_leaf"": 1, ""n_estimators"": 20}",1533,11952,0.22,Hippacc,rsbs,1,T3,87,True
SVR,0.0877579279132009,"{""regressor__tol"": 0.05, ""regressor__shrinking"": true, ""regressor__epsilon"": 0.1, ""regressor__coef0"": 1.0, ""regressor__C"": 5.0}",1533,11952,1.41,Hippacc,rsbs,1,T3,87,True
CART,0.0705079874872182,"{""max_features"": 1.0, ""min_samples_leaf"": 1, ""splitter"": ""best""}",1533,11952,0.02,Hippacc,rsbs,1,T3,88,True
kNN,0.1944466824726252,"{""n_neighbors"": 15, ""p"": 1, ""weights"": ""distance""}",1533,11952,1.2,Hippacc,rsbs,1,T3,88,True
KRR,0.06754389770985539,"{""regressor__kernel"": ""rbf"", ""regressor__gamma"": 0.2, ""regressor__alpha"": 0.0001}",1533,11952,0.72,Hippacc,rsbs,1,T3,88,True
MR,0.10082254365742639,"{""lasso__regressor__alpha"": 0.001}",1533,11952,0.51,Hippacc,rsbs,1,T3,88,True
RF,0.06850716556347697,"{""max_features"": 1.0, ""min_samples_leaf"": 1, ""n_estimators"": 20}",1533,11952,0.22,Hippacc,rsbs,1,T3,88,True
SVR,0.08718063881111889,"{""regressor__tol"": 0.05, ""regressor__shrinking"": true, ""regressor__epsilon"": 0.1, ""regressor__coef0"": 1.0, ""regressor__C"": 5.0}",1533,11952,1.38,Hippacc,rsbs,1,T3,88,True
CART,0.07482914686581582,"{""max_features"": 1.0, ""min_samples_leaf"": 1, ""splitter"": ""best""}",1533,11952,0.02,Hippacc,rsbs,1,T3,89,True
kNN,0.19203242339645793,"{""n_neighbors"": 15, ""p"": 1, ""weights"": ""distance""}",1533,11952,1.14,Hippacc,rsbs,1,T3,89,True
KRR,0.06873878406826234,"{""regressor__kernel"": ""rbf"", ""regressor__gamma"": 0.2, ""regressor__alpha"": 0.0001}",1533,11952,0.73,Hippacc,rsbs,1,T3,89,True
MR,0.09938727426610186,"{""lasso__regressor__alpha"": 0.001}",1533,11952,0.59,Hippacc,rsbs,1,T3,89,True
RF,0.06422202626693328,"{""max_features"": 1.0, ""min_samples_leaf"": 1, ""n_estimators"": 20}",1533,11952,0.23,Hippacc,rsbs,1,T3,89,True
SVR,0.08407127629080753,"{""regressor__tol"": 0.05, ""regressor__shrinking"": true, ""regressor__epsilon"": 0.1, ""regressor__coef0"": 1.0, ""regressor__C"": 5.0}",1533,11952,1.38,Hippacc,rsbs,1,T3,89,True
CART,0.08214974835160019,"{""max_features"": 1.0, ""min_samples_leaf"": 1, ""splitter"": ""best""}",1533,11952,0.02,Hippacc,rsbs,1,T3,90,True
kNN,0.20476139134107005,"{""n_neighbors"": 15, ""p"": 1, ""weights"": ""distance""}",1533,11952,1.15,Hippacc,rsbs,1,T3,90,True
KRR,0.06290639322462101,"{""regressor__kernel"": ""rbf"", ""regressor__gamma"": 0.2, ""regressor__alpha"": 0.0001}",1533,11952,0.72,Hippacc,rsbs,1,T3,90,True
MR,0.1023284402850224,"{""lasso__regressor__alpha"": 0.001}",1533,11952,0.6,Hippacc,rsbs,1,T3,90,True
RF,0.06798543345751433,"{""max_features"": 1.0, ""min_samples_leaf"": 1, ""n_estimators"": 20}",1533,11952,0.22,Hippacc,rsbs,1,T3,90,True
SVR,0.0870415901640568,"{""regressor__tol"": 0.05, ""regressor__shrinking"": true, ""regressor__epsilon"": 0.1, ""regressor__coef0"": 1.0, ""regressor__C"": 5.0}",1533,11952,1.38,Hippacc,rsbs,1,T3,90,True
CART,0.08393772107358441,"{""max_features"": 1.0, ""min_samples_leaf"": 1, ""splitter"": ""best""}",1533,11952,0.02,Hippacc,rsbs,1,T3,91,True
kNN,0.2044415724506574,"{""n_neighbors"": 15, ""p"": 1, ""weights"": ""distance""}",1533,11952,1.2,Hippacc,rsbs,1,T3,91,True
KRR,0.07422542973203566,"{""regressor__kernel"": ""rbf"", ""regressor__gamma"": 0.2, ""regressor__alpha"": 0.0001}",1533,11952,0.76,Hippacc,rsbs,1,T3,91,True
MR,0.10632649528572811,"{""lasso__regressor__alpha"": 0.001}",1533,11952,0.5,Hippacc,rsbs,1,T3,91,True
RF,0.0700825127520019,"{""max_features"": 1.0, ""min_samples_leaf"": 1, ""n_estimators"": 20}",1533,11952,0.22,Hippacc,rsbs,1,T3,91,True
SVR,0.09872590502149223,"{""regressor__tol"": 0.05, ""regressor__shrinking"": true, ""regressor__epsilon"": 0.1, ""regressor__coef0"": 1.0, ""regressor__C"": 5.0}",1533,11952,1.45,Hippacc,rsbs,1,T3,91,True
CART,0.07954914747197221,"{""max_features"": 1.0, ""min_samples_leaf"": 1, ""splitter"": ""best""}",1533,11952,0.02,Hippacc,rsbs,1,T3,92,True
kNN,0.19170912996636671,"{""n_neighbors"": 15, ""p"": 1, ""weights"": ""distance""}",1533,11952,1.19,Hippacc,rsbs,1,T3,92,True
KRR,0.06416727063551178,"{""regressor__kernel"": ""rbf"", ""regressor__gamma"": 0.2, ""regressor__alpha"": 0.0001}",1533,11952,0.75,Hippacc,rsbs,1,T3,92,True
MR,0.10354139798360988,"{""lasso__regressor__alpha"": 0.001}",1533,11952,0.52,Hippacc,rsbs,1,T3,92,True
RF,0.07093354353899038,"{""max_features"": 1.0, ""min_samples_leaf"": 1, ""n_estimators"": 20}",1533,11952,0.22,Hippacc,rsbs,1,T3,92,True
SVR,0.08534640063532753,"{""regressor__tol"": 0.05, ""regressor__shrinking"": true, ""regressor__epsilon"": 0.1, ""regressor__coef0"": 1.0, ""regressor__C"": 5.0}",1533,11952,1.43,Hippacc,rsbs,1,T3,92,True
CART,0.08722125016886993,"{""max_features"": 1.0, ""min_samples_leaf"": 1, ""splitter"": ""best""}",1533,11952,0.02,Hippacc,rsbs,1,T3,93,True
kNN,0.19002835534318563,"{""n_neighbors"": 15, ""p"": 1, ""weights"": ""distance""}",1533,11952,1.13,Hippacc,rsbs,1,T3,93,True
KRR,0.06711346454920765,"{""regressor__kernel"": ""rbf"", ""regressor__gamma"": 0.2, ""regressor__alpha"": 0.0001}",1533,11952,0.71,Hippacc,rsbs,1,T3,93,True
MR,0.0986576685140152,"{""lasso__regressor__alpha"": 0.001}",1533,11952,0.64,Hippacc,rsbs,1,T3,93,True
RF,0.07455163793798561,"{""max_features"": 1.0, ""min_samples_leaf"": 1, ""n_estimators"": 20}",1533,11952,0.23,Hippacc,rsbs,1,T3,93,True
SVR,0.0864595966925524,"{""regressor__tol"": 0.05, ""regressor__shrinking"": true, ""regressor__epsilon"": 0.1, ""regressor__coef0"": 1.0, ""regressor__C"": 5.0}",1533,11952,1.44,Hippacc,rsbs,1,T3,93,True
CART,0.07572705369764587,"{""max_features"": 1.0, ""min_samples_leaf"": 1, ""splitter"": ""best""}",1533,11952,0.02,Hippacc,rsbs,1,T3,94,True
kNN,0.19288353118995252,"{""n_neighbors"": 15, ""p"": 1, ""weights"": ""distance""}",1533,11952,1.17,Hippacc,rsbs,1,T3,94,True
KRR,0.07454493294978012,"{""regressor__kernel"": ""rbf"", ""regressor__gamma"": 0.2, ""regressor__alpha"": 0.0001}",1533,11952,0.71,Hippacc,rsbs,1,T3,94,True
MR,0.10274121653362642,"{""lasso__regressor__alpha"": 0.001}",1533,11952,0.62,Hippacc,rsbs,1,T3,94,True
RF,0.0661134293839926,"{""max_features"": 1.0, ""min_samples_leaf"": 1, ""n_estimators"": 20}",1533,11952,0.22,Hippacc,rsbs,1,T3,94,True
SVR,0.09642383398925744,"{""regressor__tol"": 0.05, ""regressor__shrinking"": true, ""regressor__epsilon"": 0.1, ""regressor__coef0"": 1.0, ""regressor__C"": 5.0}",1533,11952,1.39,Hippacc,rsbs,1,T3,94,True
CART,0.07658348226174826,"{""max_features"": 1.0, ""min_samples_leaf"": 1, ""splitter"": ""best""}",1533,11952,0.02,Hippacc,rsbs,1,T3,95,True
kNN,0.19905119022782605,"{""n_neighbors"": 15, ""p"": 1, ""weights"": ""distance""}",1533,11952,1.2,Hippacc,rsbs,1,T3,95,True
KRR,0.06623942172538354,"{""regressor__kernel"": ""rbf"", ""regressor__gamma"": 0.2, ""regressor__alpha"": 0.0001}",1533,11952,0.75,Hippacc,rsbs,1,T3,95,True
MR,0.09911796651950476,"{""lasso__regressor__alpha"": 0.001}",1533,11952,0.54,Hippacc,rsbs,1,T3,95,True
RF,0.06581627175689246,"{""max_features"": 1.0, ""min_samples_leaf"": 1, ""n_estimators"": 20}",1533,11952,0.22,Hippacc,rsbs,1,T3,95,True
SVR,0.08588858251546722,"{""regressor__tol"": 0.05, ""regressor__shrinking"": true, ""regressor__epsilon"": 0.1, ""regressor__coef0"": 1.0, ""regressor__C"": 5.0}",1533,11952,1.42,Hippacc,rsbs,1,T3,95,True
CART,0.06444577226861285,"{""max_features"": 1.0, ""min_samples_leaf"": 1, ""splitter"": ""best""}",1533,11952,0.02,Hippacc,rsbs,1,T3,96,True
kNN,0.20019049251084933,"{""n_neighbors"": 15, ""p"": 1, ""weights"": ""distance""}",1533,11952,1.21,Hippacc,rsbs,1,T3,96,True
KRR,0.07132043171352048,"{""regressor__kernel"": ""rbf"", ""regressor__gamma"": 0.2, ""regressor__alpha"": 0.0001}",1533,11952,0.78,Hippacc,rsbs,1,T3,96,True
MR,0.10427605759882017,"{""lasso__regressor__alpha"": 0.001}",1533,11952,0.46,Hippacc,rsbs,1,T3,96,True
RF,0.06721848038103807,"{""max_features"": 1.0, ""min_samples_leaf"": 1, ""n_estimators"": 20}",1533,11952,0.22,Hippacc,rsbs,1,T3,96,True
SVR,0.09719309049331429,"{""regressor__tol"": 0.05, ""regressor__shrinking"": true, ""regressor__epsilon"": 0.1, ""regressor__coef0"": 1.0, ""regressor__C"": 5.0}",1533,11952,1.4,Hippacc,rsbs,1,T3,96,True
CART,0.07954785070328033,"{""max_features"": 1.0, ""min_samples_leaf"": 1, ""splitter"": ""best""}",1533,11952,0.02,Hippacc,rsbs,1,T3,97,True
kNN,0.18447282220803943,"{""n_neighbors"": 15, ""p"": 1, ""weights"": ""distance""}",1533,11952,1.13,Hippacc,rsbs,1,T3,97,True
KRR,0.0713361189196706,"{""regressor__kernel"": ""rbf"", ""regressor__gamma"": 0.2, ""regressor__alpha"": 0.0001}",1533,11952,0.72,Hippacc,rsbs,1,T3,97,True
MR,0.10086543816671684,"{""lasso__regressor__alpha"": 0.001}",1533,11952,0.65,Hippacc,rsbs,1,T3,97,True
RF,0.06981109937456632,"{""max_features"": 1.0, ""min_samples_leaf"": 1, ""n_estimators"": 20}",1533,11952,0.23,Hippacc,rsbs,1,T3,97,True
SVR,0.09847746905923645,"{""regressor__tol"": 0.05, ""regressor__shrinking"": true, ""regressor__epsilon"": 0.1, ""regressor__coef0"": 1.0, ""regressor__C"": 5.0}",1533,11952,1.35,Hippacc,rsbs,1,T3,97,True
CART,0.0726013189881824,"{""max_features"": 1.0, ""min_samples_leaf"": 1, ""splitter"": ""best""}",1533,11952,0.02,Hippacc,rsbs,1,T3,98,True
kNN,0.1975469789527545,"{""n_neighbors"": 15, ""p"": 1, ""weights"": ""distance""}",1533,11952,1.15,Hippacc,rsbs,1,T3,98,True
KRR,0.07020632938162251,"{""regressor__kernel"": ""rbf"", ""regressor__gamma"": 0.2, ""regressor__alpha"": 0.0001}",1533,11952,0.71,Hippacc,rsbs,1,T3,98,True
MR,0.10237036653632368,"{""lasso__regressor__alpha"": 0.001}",1533,11952,0.61,Hippacc,rsbs,1,T3,98,True
RF,0.06635703140804383,"{""max_features"": 1.0, ""min_samples_leaf"": 1, ""n_estimators"": 20}",1533,11952,0.22,Hippacc,rsbs,1,T3,98,True
SVR,0.09166604469162458,"{""regressor__tol"": 0.05, ""regressor__shrinking"": true, ""regressor__epsilon"": 0.1, ""regressor__coef0"": 1.0, ""regressor__C"": 5.0}",1533,11952,1.35,Hippacc,rsbs,1,T3,98,True
CART,0.07492367690917685,"{""max_features"": 1.0, ""min_samples_leaf"": 1, ""splitter"": ""best""}",1533,11952,0.02,Hippacc,rsbs,1,T3,99,True
kNN,0.19862219122351127,"{""n_neighbors"": 15, ""p"": 1, ""weights"": ""distance""}",1533,11952,1.21,Hippacc,rsbs,1,T3,99,True
KRR,0.06742230658023826,"{""regressor__kernel"": ""rbf"", ""regressor__gamma"": 0.2, ""regressor__alpha"": 0.0001}",1533,11952,0.75,Hippacc,rsbs,1,T3,99,True
MR,0.10103246024381016,"{""lasso__regressor__alpha"": 0.001}",1533,11952,0.49,Hippacc,rsbs,1,T3,99,True
RF,0.06829995863082457,"{""max_features"": 1.0, ""min_samples_leaf"": 1, ""n_estimators"": 20}",1533,11952,0.22,Hippacc,rsbs,1,T3,99,True
SVR,0.08829883030073538,"{""regressor__tol"": 0.05, ""regressor__shrinking"": true, ""regressor__epsilon"": 0.1, ""regressor__coef0"": 1.0, ""regressor__C"": 5.0}",1533,11952,1.14,Hippacc,rsbs,1,T3,99,True
CART,0.07885210284688235,"{""max_features"": 1.0, ""min_samples_leaf"": 1, ""splitter"": ""best""}",1533,11952,0.02,Hippacc,rsbs,1,T3,100,True
kNN,0.19105760461287888,"{""n_neighbors"": 15, ""p"": 1, ""weights"": ""distance""}",1533,11952,1.21,Hippacc,rsbs,1,T3,100,True
KRR,0.06702999349394076,"{""regressor__kernel"": ""rbf"", ""regressor__gamma"": 0.2, ""regressor__alpha"": 0.0001}",1533,11952,0.77,Hippacc,rsbs,1,T3,100,True
MR,0.1026167706245306,"{""lasso__regressor__alpha"": 0.001}",1533,11952,0.49,Hippacc,rsbs,1,T3,100,True
RF,0.06836871572845664,"{""max_features"": 1.0, ""min_samples_leaf"": 1, ""n_estimators"": 20}",1533,11952,0.22,Hippacc,rsbs,1,T3,100,True
SVR,0.08749098249640154,"{""regressor__tol"": 0.05, ""regressor__shrinking"": true, ""regressor__epsilon"": 0.1, ""regressor__coef0"": 1.0, ""regressor__C"": 5.0}",1533,11952,1.08,Hippacc,rsbs,1,T3,100,True
