technique,mre,params,trained_count,test_count,learn_time,system,strategy,rq,size_type,seed,tuned
CART,0.1901186701593499,"{""max_features"": ""log2"", ""min_samples_leaf"": 2, ""splitter"": ""best""}",23,2281,0.0,Dune,random,2,Prop0.01,1,True
kNN,0.2096020142685896,"{""n_neighbors"": 8, ""p"": 1, ""weights"": ""uniform""}",23,2281,0.0,Dune,random,2,Prop0.01,1,True
KRR,0.1885187926000209,"{""regressor__kernel"": ""rbf"", ""regressor__gamma"": 0.01, ""regressor__alpha"": 0.1}",23,2281,0.02,Dune,random,2,Prop0.01,1,True
MR,0.1862791491555317,"{""lasso__regressor__alpha"": 0.1}",23,2281,0.02,Dune,random,2,Prop0.01,1,True
RF,0.1735924464100195,"{""max_features"": 1.0, ""min_samples_leaf"": 2, ""n_estimators"": 15}",23,2281,0.03,Dune,random,2,Prop0.01,1,True
SVR,0.1907301822472283,"{""regressor__tol"": 0.1, ""regressor__shrinking"": false, ""regressor__epsilon"": 0.3, ""regressor__coef0"": 1.0, ""regressor__C"": 0.5}",23,2281,0.01,Dune,random,2,Prop0.01,1,True
CART,0.2004421010126421,"{""max_features"": ""log2"", ""min_samples_leaf"": 2, ""splitter"": ""best""}",23,2281,0.0,Dune,random,2,Prop0.01,2,True
kNN,0.1755002045195673,"{""n_neighbors"": 8, ""p"": 1, ""weights"": ""uniform""}",23,2281,0.01,Dune,random,2,Prop0.01,2,True
KRR,0.1554156370602432,"{""regressor__kernel"": ""rbf"", ""regressor__gamma"": 0.01, ""regressor__alpha"": 0.1}",23,2281,0.01,Dune,random,2,Prop0.01,2,True
MR,0.1743803101134642,"{""lasso__regressor__alpha"": 0.1}",23,2281,0.02,Dune,random,2,Prop0.01,2,True
RF,0.1501237037555056,"{""max_features"": 1.0, ""min_samples_leaf"": 2, ""n_estimators"": 15}",23,2281,0.03,Dune,random,2,Prop0.01,2,True
SVR,0.1617113092517128,"{""regressor__tol"": 0.1, ""regressor__shrinking"": false, ""regressor__epsilon"": 0.3, ""regressor__coef0"": 1.0, ""regressor__C"": 0.5}",23,2281,0.01,Dune,random,2,Prop0.01,2,True
CART,0.1916260992970594,"{""max_features"": ""log2"", ""min_samples_leaf"": 2, ""splitter"": ""best""}",23,2281,0.0,Dune,random,2,Prop0.01,3,True
kNN,0.2163425283903769,"{""n_neighbors"": 8, ""p"": 1, ""weights"": ""uniform""}",23,2281,0.01,Dune,random,2,Prop0.01,3,True
KRR,0.209175487439602,"{""regressor__kernel"": ""rbf"", ""regressor__gamma"": 0.01, ""regressor__alpha"": 0.1}",23,2281,0.01,Dune,random,2,Prop0.01,3,True
MR,0.1938354166006944,"{""lasso__regressor__alpha"": 0.1}",23,2281,0.02,Dune,random,2,Prop0.01,3,True
RF,0.2003250376260209,"{""max_features"": 1.0, ""min_samples_leaf"": 2, ""n_estimators"": 15}",23,2281,0.03,Dune,random,2,Prop0.01,3,True
SVR,0.1787794263371486,"{""regressor__tol"": 0.1, ""regressor__shrinking"": false, ""regressor__epsilon"": 0.3, ""regressor__coef0"": 1.0, ""regressor__C"": 0.5}",23,2281,0.0,Dune,random,2,Prop0.01,3,True
CART,0.16688908443959,"{""max_features"": ""log2"", ""min_samples_leaf"": 2, ""splitter"": ""best""}",23,2281,0.0,Dune,random,2,Prop0.01,4,True
kNN,0.167832060394196,"{""n_neighbors"": 8, ""p"": 1, ""weights"": ""uniform""}",23,2281,0.01,Dune,random,2,Prop0.01,4,True
KRR,0.1639013849548787,"{""regressor__kernel"": ""rbf"", ""regressor__gamma"": 0.01, ""regressor__alpha"": 0.1}",23,2281,0.01,Dune,random,2,Prop0.01,4,True
MR,0.1608589213833736,"{""lasso__regressor__alpha"": 0.1}",23,2281,0.02,Dune,random,2,Prop0.01,4,True
RF,0.150956967813594,"{""max_features"": 1.0, ""min_samples_leaf"": 2, ""n_estimators"": 15}",23,2281,0.03,Dune,random,2,Prop0.01,4,True
SVR,0.1779678286568157,"{""regressor__tol"": 0.1, ""regressor__shrinking"": false, ""regressor__epsilon"": 0.3, ""regressor__coef0"": 1.0, ""regressor__C"": 0.5}",23,2281,0.0,Dune,random,2,Prop0.01,4,True
CART,0.1694538998984956,"{""max_features"": ""log2"", ""min_samples_leaf"": 2, ""splitter"": ""best""}",23,2281,0.0,Dune,random,2,Prop0.01,5,True
kNN,0.1865416777621564,"{""n_neighbors"": 8, ""p"": 1, ""weights"": ""uniform""}",23,2281,0.01,Dune,random,2,Prop0.01,5,True
KRR,0.1629502279662007,"{""regressor__kernel"": ""rbf"", ""regressor__gamma"": 0.01, ""regressor__alpha"": 0.1}",23,2281,0.01,Dune,random,2,Prop0.01,5,True
MR,0.1747164748236557,"{""lasso__regressor__alpha"": 0.1}",23,2281,0.02,Dune,random,2,Prop0.01,5,True
RF,0.170787870897329,"{""max_features"": 1.0, ""min_samples_leaf"": 2, ""n_estimators"": 15}",23,2281,0.03,Dune,random,2,Prop0.01,5,True
SVR,0.1643088865952596,"{""regressor__tol"": 0.1, ""regressor__shrinking"": false, ""regressor__epsilon"": 0.3, ""regressor__coef0"": 1.0, ""regressor__C"": 0.5}",23,2281,0.01,Dune,random,2,Prop0.01,5,True
CART,0.1831291715107126,"{""max_features"": ""log2"", ""min_samples_leaf"": 2, ""splitter"": ""best""}",23,2281,0.0,Dune,random,2,Prop0.01,6,True
kNN,0.1850304101860769,"{""n_neighbors"": 8, ""p"": 1, ""weights"": ""uniform""}",23,2281,0.01,Dune,random,2,Prop0.01,6,True
KRR,0.1611658574875679,"{""regressor__kernel"": ""rbf"", ""regressor__gamma"": 0.01, ""regressor__alpha"": 0.1}",23,2281,0.01,Dune,random,2,Prop0.01,6,True
MR,0.1659093074016354,"{""lasso__regressor__alpha"": 0.1}",23,2281,0.03,Dune,random,2,Prop0.01,6,True
RF,0.1587430057722769,"{""max_features"": 1.0, ""min_samples_leaf"": 2, ""n_estimators"": 15}",23,2281,0.03,Dune,random,2,Prop0.01,6,True
SVR,0.1715117094539024,"{""regressor__tol"": 0.1, ""regressor__shrinking"": false, ""regressor__epsilon"": 0.3, ""regressor__coef0"": 1.0, ""regressor__C"": 0.5}",23,2281,0.01,Dune,random,2,Prop0.01,6,True
CART,0.1650016943605862,"{""max_features"": ""log2"", ""min_samples_leaf"": 2, ""splitter"": ""best""}",23,2281,0.0,Dune,random,2,Prop0.01,7,True
kNN,0.1712522557687907,"{""n_neighbors"": 8, ""p"": 1, ""weights"": ""uniform""}",23,2281,0.01,Dune,random,2,Prop0.01,7,True
KRR,0.1537892091880646,"{""regressor__kernel"": ""rbf"", ""regressor__gamma"": 0.01, ""regressor__alpha"": 0.1}",23,2281,0.01,Dune,random,2,Prop0.01,7,True
MR,0.1572935613290847,"{""lasso__regressor__alpha"": 0.1}",23,2281,0.02,Dune,random,2,Prop0.01,7,True
RF,0.1529670754954276,"{""max_features"": 1.0, ""min_samples_leaf"": 2, ""n_estimators"": 15}",23,2281,0.03,Dune,random,2,Prop0.01,7,True
SVR,0.1717153196409293,"{""regressor__tol"": 0.1, ""regressor__shrinking"": false, ""regressor__epsilon"": 0.3, ""regressor__coef0"": 1.0, ""regressor__C"": 0.5}",23,2281,0.01,Dune,random,2,Prop0.01,7,True
CART,0.1898218553025983,"{""max_features"": ""log2"", ""min_samples_leaf"": 2, ""splitter"": ""best""}",23,2281,0.0,Dune,random,2,Prop0.01,8,True
kNN,0.1631466351716905,"{""n_neighbors"": 8, ""p"": 1, ""weights"": ""uniform""}",23,2281,0.01,Dune,random,2,Prop0.01,8,True
KRR,0.168867173460785,"{""regressor__kernel"": ""rbf"", ""regressor__gamma"": 0.01, ""regressor__alpha"": 0.1}",23,2281,0.01,Dune,random,2,Prop0.01,8,True
MR,0.1717352239242922,"{""lasso__regressor__alpha"": 0.1}",23,2281,0.03,Dune,random,2,Prop0.01,8,True
RF,0.2027876194305752,"{""max_features"": 1.0, ""min_samples_leaf"": 2, ""n_estimators"": 15}",23,2281,0.03,Dune,random,2,Prop0.01,8,True
SVR,0.1672866460958318,"{""regressor__tol"": 0.1, ""regressor__shrinking"": false, ""regressor__epsilon"": 0.3, ""regressor__coef0"": 1.0, ""regressor__C"": 0.5}",23,2281,0.0,Dune,random,2,Prop0.01,8,True
CART,0.2022755536662913,"{""max_features"": ""log2"", ""min_samples_leaf"": 2, ""splitter"": ""best""}",23,2281,0.0,Dune,random,2,Prop0.01,9,True
kNN,0.2206997412303353,"{""n_neighbors"": 8, ""p"": 1, ""weights"": ""uniform""}",23,2281,0.01,Dune,random,2,Prop0.01,9,True
KRR,0.1931940161558821,"{""regressor__kernel"": ""rbf"", ""regressor__gamma"": 0.01, ""regressor__alpha"": 0.1}",23,2281,0.01,Dune,random,2,Prop0.01,9,True
MR,0.1917520836402066,"{""lasso__regressor__alpha"": 0.1}",23,2281,0.02,Dune,random,2,Prop0.01,9,True
RF,0.1967038447006977,"{""max_features"": 1.0, ""min_samples_leaf"": 2, ""n_estimators"": 15}",23,2281,0.03,Dune,random,2,Prop0.01,9,True
SVR,0.1766818330953161,"{""regressor__tol"": 0.1, ""regressor__shrinking"": false, ""regressor__epsilon"": 0.3, ""regressor__coef0"": 1.0, ""regressor__C"": 0.5}",23,2281,0.0,Dune,random,2,Prop0.01,9,True
CART,0.1654178841110149,"{""max_features"": ""log2"", ""min_samples_leaf"": 2, ""splitter"": ""best""}",23,2281,0.0,Dune,random,2,Prop0.01,10,True
kNN,0.150394565649831,"{""n_neighbors"": 8, ""p"": 1, ""weights"": ""uniform""}",23,2281,0.01,Dune,random,2,Prop0.01,10,True
KRR,0.1349996749837995,"{""regressor__kernel"": ""rbf"", ""regressor__gamma"": 0.01, ""regressor__alpha"": 0.1}",23,2281,0.01,Dune,random,2,Prop0.01,10,True
MR,0.1476025693350327,"{""lasso__regressor__alpha"": 0.1}",23,2281,0.02,Dune,random,2,Prop0.01,10,True
RF,0.14428420244028,"{""max_features"": 1.0, ""min_samples_leaf"": 2, ""n_estimators"": 15}",23,2281,0.03,Dune,random,2,Prop0.01,10,True
SVR,0.1499210246830574,"{""regressor__tol"": 0.1, ""regressor__shrinking"": false, ""regressor__epsilon"": 0.3, ""regressor__coef0"": 1.0, ""regressor__C"": 0.5}",23,2281,0.01,Dune,random,2,Prop0.01,10,True
CART,0.1971685588839405,"{""max_features"": ""log2"", ""min_samples_leaf"": 2, ""splitter"": ""best""}",23,2281,0.0,Dune,random,2,Prop0.01,11,True
kNN,0.1874725895785114,"{""n_neighbors"": 8, ""p"": 1, ""weights"": ""uniform""}",23,2281,0.01,Dune,random,2,Prop0.01,11,True
KRR,0.162088318166208,"{""regressor__kernel"": ""rbf"", ""regressor__gamma"": 0.01, ""regressor__alpha"": 0.1}",23,2281,0.01,Dune,random,2,Prop0.01,11,True
MR,0.1702096402664292,"{""lasso__regressor__alpha"": 0.1}",23,2281,0.02,Dune,random,2,Prop0.01,11,True
RF,0.1449454882816324,"{""max_features"": 1.0, ""min_samples_leaf"": 2, ""n_estimators"": 15}",23,2281,0.03,Dune,random,2,Prop0.01,11,True
SVR,0.1538362205132999,"{""regressor__tol"": 0.1, ""regressor__shrinking"": false, ""regressor__epsilon"": 0.3, ""regressor__coef0"": 1.0, ""regressor__C"": 0.5}",23,2281,0.0,Dune,random,2,Prop0.01,11,True
CART,0.1965410475729694,"{""max_features"": ""log2"", ""min_samples_leaf"": 2, ""splitter"": ""best""}",23,2281,0.0,Dune,random,2,Prop0.01,12,True
kNN,0.1774136746190115,"{""n_neighbors"": 8, ""p"": 1, ""weights"": ""uniform""}",23,2281,0.01,Dune,random,2,Prop0.01,12,True
KRR,0.1647196192684846,"{""regressor__kernel"": ""rbf"", ""regressor__gamma"": 0.01, ""regressor__alpha"": 0.1}",23,2281,0.01,Dune,random,2,Prop0.01,12,True
MR,0.1779400694507028,"{""lasso__regressor__alpha"": 0.1}",23,2281,0.02,Dune,random,2,Prop0.01,12,True
RF,0.1689151851965566,"{""max_features"": 1.0, ""min_samples_leaf"": 2, ""n_estimators"": 15}",23,2281,0.03,Dune,random,2,Prop0.01,12,True
SVR,0.1852163415056675,"{""regressor__tol"": 0.1, ""regressor__shrinking"": false, ""regressor__epsilon"": 0.3, ""regressor__coef0"": 1.0, ""regressor__C"": 0.5}",23,2281,0.0,Dune,random,2,Prop0.01,12,True
CART,0.2334189066432441,"{""max_features"": ""log2"", ""min_samples_leaf"": 2, ""splitter"": ""best""}",23,2281,0.0,Dune,random,2,Prop0.01,13,True
kNN,0.2141155742917372,"{""n_neighbors"": 8, ""p"": 1, ""weights"": ""uniform""}",23,2281,0.01,Dune,random,2,Prop0.01,13,True
KRR,0.1964919212446161,"{""regressor__kernel"": ""rbf"", ""regressor__gamma"": 0.01, ""regressor__alpha"": 0.1}",23,2281,0.01,Dune,random,2,Prop0.01,13,True
MR,0.1985909491636967,"{""lasso__regressor__alpha"": 0.1}",23,2281,0.02,Dune,random,2,Prop0.01,13,True
RF,0.2267446626621788,"{""max_features"": 1.0, ""min_samples_leaf"": 2, ""n_estimators"": 15}",23,2281,0.03,Dune,random,2,Prop0.01,13,True
SVR,0.1892370561557495,"{""regressor__tol"": 0.1, ""regressor__shrinking"": false, ""regressor__epsilon"": 0.3, ""regressor__coef0"": 1.0, ""regressor__C"": 0.5}",23,2281,0.0,Dune,random,2,Prop0.01,13,True
CART,0.2123626935750996,"{""max_features"": ""log2"", ""min_samples_leaf"": 2, ""splitter"": ""best""}",23,2281,0.0,Dune,random,2,Prop0.01,14,True
kNN,0.304205868272922,"{""n_neighbors"": 8, ""p"": 1, ""weights"": ""uniform""}",23,2281,0.01,Dune,random,2,Prop0.01,14,True
KRR,0.2943021179314322,"{""regressor__kernel"": ""rbf"", ""regressor__gamma"": 0.01, ""regressor__alpha"": 0.1}",23,2281,0.01,Dune,random,2,Prop0.01,14,True
MR,0.203967870504587,"{""lasso__regressor__alpha"": 0.1}",23,2281,0.02,Dune,random,2,Prop0.01,14,True
RF,0.2517016388963513,"{""max_features"": 1.0, ""min_samples_leaf"": 2, ""n_estimators"": 15}",23,2281,0.03,Dune,random,2,Prop0.01,14,True
SVR,0.2197094671190649,"{""regressor__tol"": 0.1, ""regressor__shrinking"": false, ""regressor__epsilon"": 0.3, ""regressor__coef0"": 1.0, ""regressor__C"": 0.5}",23,2281,0.01,Dune,random,2,Prop0.01,14,True
CART,0.1469615883529733,"{""max_features"": ""log2"", ""min_samples_leaf"": 2, ""splitter"": ""best""}",23,2281,0.0,Dune,random,2,Prop0.01,15,True
kNN,0.1571376965994328,"{""n_neighbors"": 8, ""p"": 1, ""weights"": ""uniform""}",23,2281,0.01,Dune,random,2,Prop0.01,15,True
KRR,0.1470572269750205,"{""regressor__kernel"": ""rbf"", ""regressor__gamma"": 0.01, ""regressor__alpha"": 0.1}",23,2281,0.01,Dune,random,2,Prop0.01,15,True
MR,0.1560799306861947,"{""lasso__regressor__alpha"": 0.1}",23,2281,0.02,Dune,random,2,Prop0.01,15,True
RF,0.1485793232832762,"{""max_features"": 1.0, ""min_samples_leaf"": 2, ""n_estimators"": 15}",23,2281,0.03,Dune,random,2,Prop0.01,15,True
SVR,0.1576634807273674,"{""regressor__tol"": 0.1, ""regressor__shrinking"": false, ""regressor__epsilon"": 0.3, ""regressor__coef0"": 1.0, ""regressor__C"": 0.5}",23,2281,0.01,Dune,random,2,Prop0.01,15,True
CART,0.1630896130499988,"{""max_features"": ""log2"", ""min_samples_leaf"": 2, ""splitter"": ""best""}",23,2281,0.0,Dune,random,2,Prop0.01,16,True
kNN,0.1536365197216299,"{""n_neighbors"": 8, ""p"": 1, ""weights"": ""uniform""}",23,2281,0.01,Dune,random,2,Prop0.01,16,True
KRR,0.1386740463935594,"{""regressor__kernel"": ""rbf"", ""regressor__gamma"": 0.01, ""regressor__alpha"": 0.1}",23,2281,0.01,Dune,random,2,Prop0.01,16,True
MR,0.1641952840570277,"{""lasso__regressor__alpha"": 0.1}",23,2281,0.02,Dune,random,2,Prop0.01,16,True
RF,0.1359840397052509,"{""max_features"": 1.0, ""min_samples_leaf"": 2, ""n_estimators"": 15}",23,2281,0.03,Dune,random,2,Prop0.01,16,True
SVR,0.1552932491236517,"{""regressor__tol"": 0.1, ""regressor__shrinking"": false, ""regressor__epsilon"": 0.3, ""regressor__coef0"": 1.0, ""regressor__C"": 0.5}",23,2281,0.0,Dune,random,2,Prop0.01,16,True
CART,0.3517979331523862,"{""max_features"": ""log2"", ""min_samples_leaf"": 2, ""splitter"": ""best""}",23,2281,0.0,Dune,random,2,Prop0.01,17,True
kNN,0.4150273979171481,"{""n_neighbors"": 8, ""p"": 1, ""weights"": ""uniform""}",23,2281,0.01,Dune,random,2,Prop0.01,17,True
KRR,0.4070083924354268,"{""regressor__kernel"": ""rbf"", ""regressor__gamma"": 0.01, ""regressor__alpha"": 0.1}",23,2281,0.01,Dune,random,2,Prop0.01,17,True
MR,0.3314766038213359,"{""lasso__regressor__alpha"": 0.1}",23,2281,0.02,Dune,random,2,Prop0.01,17,True
RF,0.2924644237668696,"{""max_features"": 1.0, ""min_samples_leaf"": 2, ""n_estimators"": 15}",23,2281,0.03,Dune,random,2,Prop0.01,17,True
SVR,0.2789151009707369,"{""regressor__tol"": 0.1, ""regressor__shrinking"": false, ""regressor__epsilon"": 0.3, ""regressor__coef0"": 1.0, ""regressor__C"": 0.5}",23,2281,0.01,Dune,random,2,Prop0.01,17,True
CART,0.1855950021066606,"{""max_features"": ""log2"", ""min_samples_leaf"": 2, ""splitter"": ""best""}",23,2281,0.0,Dune,random,2,Prop0.01,18,True
kNN,0.2059598319109275,"{""n_neighbors"": 8, ""p"": 1, ""weights"": ""uniform""}",23,2281,0.01,Dune,random,2,Prop0.01,18,True
KRR,0.2013818434114222,"{""regressor__kernel"": ""rbf"", ""regressor__gamma"": 0.01, ""regressor__alpha"": 0.1}",23,2281,0.01,Dune,random,2,Prop0.01,18,True
MR,0.2352945625089828,"{""lasso__regressor__alpha"": 0.1}",23,2281,0.02,Dune,random,2,Prop0.01,18,True
RF,0.2239312916555172,"{""max_features"": 1.0, ""min_samples_leaf"": 2, ""n_estimators"": 15}",23,2281,0.03,Dune,random,2,Prop0.01,18,True
SVR,0.1430663996945635,"{""regressor__tol"": 0.1, ""regressor__shrinking"": false, ""regressor__epsilon"": 0.3, ""regressor__coef0"": 1.0, ""regressor__C"": 0.5}",23,2281,0.01,Dune,random,2,Prop0.01,18,True
CART,0.1444387702071062,"{""max_features"": ""log2"", ""min_samples_leaf"": 2, ""splitter"": ""best""}",23,2281,0.0,Dune,random,2,Prop0.01,19,True
kNN,0.1541891124739791,"{""n_neighbors"": 8, ""p"": 1, ""weights"": ""uniform""}",23,2281,0.01,Dune,random,2,Prop0.01,19,True
KRR,0.1440409889767689,"{""regressor__kernel"": ""rbf"", ""regressor__gamma"": 0.01, ""regressor__alpha"": 0.1}",23,2281,0.01,Dune,random,2,Prop0.01,19,True
MR,0.1511458701225217,"{""lasso__regressor__alpha"": 0.1}",23,2281,0.02,Dune,random,2,Prop0.01,19,True
RF,0.1516606877756452,"{""max_features"": 1.0, ""min_samples_leaf"": 2, ""n_estimators"": 15}",23,2281,0.03,Dune,random,2,Prop0.01,19,True
SVR,0.1609407084453212,"{""regressor__tol"": 0.1, ""regressor__shrinking"": false, ""regressor__epsilon"": 0.3, ""regressor__coef0"": 1.0, ""regressor__C"": 0.5}",23,2281,0.01,Dune,random,2,Prop0.01,19,True
CART,0.2117918476060918,"{""max_features"": ""log2"", ""min_samples_leaf"": 2, ""splitter"": ""best""}",23,2281,0.0,Dune,random,2,Prop0.01,20,True
kNN,0.1944819714108591,"{""n_neighbors"": 8, ""p"": 1, ""weights"": ""uniform""}",23,2281,0.01,Dune,random,2,Prop0.01,20,True
KRR,0.1817479520951012,"{""regressor__kernel"": ""rbf"", ""regressor__gamma"": 0.01, ""regressor__alpha"": 0.1}",23,2281,0.01,Dune,random,2,Prop0.01,20,True
MR,0.1808130233663228,"{""lasso__regressor__alpha"": 0.1}",23,2281,0.02,Dune,random,2,Prop0.01,20,True
RF,0.1907439356869078,"{""max_features"": 1.0, ""min_samples_leaf"": 2, ""n_estimators"": 15}",23,2281,0.03,Dune,random,2,Prop0.01,20,True
SVR,0.1661338486498291,"{""regressor__tol"": 0.1, ""regressor__shrinking"": false, ""regressor__epsilon"": 0.3, ""regressor__coef0"": 1.0, ""regressor__C"": 0.5}",23,2281,0.01,Dune,random,2,Prop0.01,20,True
CART,0.1765336835704801,"{""max_features"": ""log2"", ""min_samples_leaf"": 2, ""splitter"": ""best""}",23,2281,0.0,Dune,random,2,Prop0.01,21,True
kNN,0.2026904255601795,"{""n_neighbors"": 8, ""p"": 1, ""weights"": ""uniform""}",23,2281,0.0,Dune,random,2,Prop0.01,21,True
KRR,0.1765952421718363,"{""regressor__kernel"": ""rbf"", ""regressor__gamma"": 0.01, ""regressor__alpha"": 0.1}",23,2281,0.01,Dune,random,2,Prop0.01,21,True
MR,0.1850435511257318,"{""lasso__regressor__alpha"": 0.1}",23,2281,0.02,Dune,random,2,Prop0.01,21,True
RF,0.1789350455163145,"{""max_features"": 1.0, ""min_samples_leaf"": 2, ""n_estimators"": 15}",23,2281,0.03,Dune,random,2,Prop0.01,21,True
SVR,0.1640311001590063,"{""regressor__tol"": 0.1, ""regressor__shrinking"": false, ""regressor__epsilon"": 0.3, ""regressor__coef0"": 1.0, ""regressor__C"": 0.5}",23,2281,0.01,Dune,random,2,Prop0.01,21,True
CART,0.1575989259339736,"{""max_features"": ""log2"", ""min_samples_leaf"": 2, ""splitter"": ""best""}",23,2281,0.0,Dune,random,2,Prop0.01,22,True
kNN,0.1617132139317471,"{""n_neighbors"": 8, ""p"": 1, ""weights"": ""uniform""}",23,2281,0.0,Dune,random,2,Prop0.01,22,True
KRR,0.1508591541116038,"{""regressor__kernel"": ""rbf"", ""regressor__gamma"": 0.01, ""regressor__alpha"": 0.1}",23,2281,0.01,Dune,random,2,Prop0.01,22,True
MR,0.1462546240754338,"{""lasso__regressor__alpha"": 0.1}",23,2281,0.02,Dune,random,2,Prop0.01,22,True
RF,0.1425979543026901,"{""max_features"": 1.0, ""min_samples_leaf"": 2, ""n_estimators"": 15}",23,2281,0.03,Dune,random,2,Prop0.01,22,True
SVR,0.1582343968433705,"{""regressor__tol"": 0.1, ""regressor__shrinking"": false, ""regressor__epsilon"": 0.3, ""regressor__coef0"": 1.0, ""regressor__C"": 0.5}",23,2281,0.01,Dune,random,2,Prop0.01,22,True
CART,0.1788955742833532,"{""max_features"": ""log2"", ""min_samples_leaf"": 2, ""splitter"": ""best""}",23,2281,0.0,Dune,random,2,Prop0.01,23,True
kNN,0.1743600476111897,"{""n_neighbors"": 8, ""p"": 1, ""weights"": ""uniform""}",23,2281,0.0,Dune,random,2,Prop0.01,23,True
KRR,0.1762513028862854,"{""regressor__kernel"": ""rbf"", ""regressor__gamma"": 0.01, ""regressor__alpha"": 0.1}",23,2281,0.01,Dune,random,2,Prop0.01,23,True
MR,0.1641233392728465,"{""lasso__regressor__alpha"": 0.1}",23,2281,0.02,Dune,random,2,Prop0.01,23,True
RF,0.1680330822210159,"{""max_features"": 1.0, ""min_samples_leaf"": 2, ""n_estimators"": 15}",23,2281,0.03,Dune,random,2,Prop0.01,23,True
SVR,0.1481867510482611,"{""regressor__tol"": 0.1, ""regressor__shrinking"": false, ""regressor__epsilon"": 0.3, ""regressor__coef0"": 1.0, ""regressor__C"": 0.5}",23,2281,0.01,Dune,random,2,Prop0.01,23,True
CART,0.1909308926606329,"{""max_features"": ""log2"", ""min_samples_leaf"": 2, ""splitter"": ""best""}",23,2281,0.0,Dune,random,2,Prop0.01,24,True
kNN,0.1731081935836102,"{""n_neighbors"": 8, ""p"": 1, ""weights"": ""uniform""}",23,2281,0.01,Dune,random,2,Prop0.01,24,True
KRR,0.1829855698320849,"{""regressor__kernel"": ""rbf"", ""regressor__gamma"": 0.01, ""regressor__alpha"": 0.1}",23,2281,0.01,Dune,random,2,Prop0.01,24,True
MR,0.203972094366345,"{""lasso__regressor__alpha"": 0.1}",23,2281,0.02,Dune,random,2,Prop0.01,24,True
RF,0.1754570475460918,"{""max_features"": 1.0, ""min_samples_leaf"": 2, ""n_estimators"": 15}",23,2281,0.02,Dune,random,2,Prop0.01,24,True
SVR,0.1556385747250667,"{""regressor__tol"": 0.1, ""regressor__shrinking"": false, ""regressor__epsilon"": 0.3, ""regressor__coef0"": 1.0, ""regressor__C"": 0.5}",23,2281,0.01,Dune,random,2,Prop0.01,24,True
CART,0.3010278009292425,"{""max_features"": ""log2"", ""min_samples_leaf"": 2, ""splitter"": ""best""}",23,2281,0.0,Dune,random,2,Prop0.01,25,True
kNN,0.2639676679348574,"{""n_neighbors"": 8, ""p"": 1, ""weights"": ""uniform""}",23,2281,0.01,Dune,random,2,Prop0.01,25,True
KRR,0.2372144185580098,"{""regressor__kernel"": ""rbf"", ""regressor__gamma"": 0.01, ""regressor__alpha"": 0.1}",23,2281,0.01,Dune,random,2,Prop0.01,25,True
MR,0.1850113702750116,"{""lasso__regressor__alpha"": 0.1}",23,2281,0.02,Dune,random,2,Prop0.01,25,True
RF,0.2633634407936548,"{""max_features"": 1.0, ""min_samples_leaf"": 2, ""n_estimators"": 15}",23,2281,0.03,Dune,random,2,Prop0.01,25,True
SVR,0.2200021830057792,"{""regressor__tol"": 0.1, ""regressor__shrinking"": false, ""regressor__epsilon"": 0.3, ""regressor__coef0"": 1.0, ""regressor__C"": 0.5}",23,2281,0.01,Dune,random,2,Prop0.01,25,True
CART,0.1650518465329333,"{""max_features"": ""log2"", ""min_samples_leaf"": 2, ""splitter"": ""best""}",23,2281,0.0,Dune,random,2,Prop0.01,26,True
kNN,0.1640572383299052,"{""n_neighbors"": 8, ""p"": 1, ""weights"": ""uniform""}",23,2281,0.01,Dune,random,2,Prop0.01,26,True
KRR,0.15117748760941,"{""regressor__kernel"": ""rbf"", ""regressor__gamma"": 0.01, ""regressor__alpha"": 0.1}",23,2281,0.01,Dune,random,2,Prop0.01,26,True
MR,0.1554635751525792,"{""lasso__regressor__alpha"": 0.1}",23,2281,0.02,Dune,random,2,Prop0.01,26,True
RF,0.1530669185146429,"{""max_features"": 1.0, ""min_samples_leaf"": 2, ""n_estimators"": 15}",23,2281,0.03,Dune,random,2,Prop0.01,26,True
SVR,0.1587148407380306,"{""regressor__tol"": 0.1, ""regressor__shrinking"": false, ""regressor__epsilon"": 0.3, ""regressor__coef0"": 1.0, ""regressor__C"": 0.5}",23,2281,0.01,Dune,random,2,Prop0.01,26,True
CART,0.2114759486781231,"{""max_features"": ""log2"", ""min_samples_leaf"": 2, ""splitter"": ""best""}",23,2281,0.0,Dune,random,2,Prop0.01,27,True
kNN,0.1833888201201757,"{""n_neighbors"": 8, ""p"": 1, ""weights"": ""uniform""}",23,2281,0.01,Dune,random,2,Prop0.01,27,True
KRR,0.1565098836425791,"{""regressor__kernel"": ""rbf"", ""regressor__gamma"": 0.01, ""regressor__alpha"": 0.1}",23,2281,0.01,Dune,random,2,Prop0.01,27,True
MR,0.1783948967574646,"{""lasso__regressor__alpha"": 0.1}",23,2281,0.02,Dune,random,2,Prop0.01,27,True
RF,0.1621950179452373,"{""max_features"": 1.0, ""min_samples_leaf"": 2, ""n_estimators"": 15}",23,2281,0.02,Dune,random,2,Prop0.01,27,True
SVR,0.1488407053120916,"{""regressor__tol"": 0.1, ""regressor__shrinking"": false, ""regressor__epsilon"": 0.3, ""regressor__coef0"": 1.0, ""regressor__C"": 0.5}",23,2281,0.0,Dune,random,2,Prop0.01,27,True
CART,0.1673730283844482,"{""max_features"": ""log2"", ""min_samples_leaf"": 2, ""splitter"": ""best""}",23,2281,0.0,Dune,random,2,Prop0.01,28,True
kNN,0.1603517272251171,"{""n_neighbors"": 8, ""p"": 1, ""weights"": ""uniform""}",23,2281,0.01,Dune,random,2,Prop0.01,28,True
KRR,0.1391996440004688,"{""regressor__kernel"": ""rbf"", ""regressor__gamma"": 0.01, ""regressor__alpha"": 0.1}",23,2281,0.01,Dune,random,2,Prop0.01,28,True
MR,0.1560854705037475,"{""lasso__regressor__alpha"": 0.1}",23,2281,0.02,Dune,random,2,Prop0.01,28,True
RF,0.1400982192913052,"{""max_features"": 1.0, ""min_samples_leaf"": 2, ""n_estimators"": 15}",23,2281,0.02,Dune,random,2,Prop0.01,28,True
SVR,0.1624793048822544,"{""regressor__tol"": 0.1, ""regressor__shrinking"": false, ""regressor__epsilon"": 0.3, ""regressor__coef0"": 1.0, ""regressor__C"": 0.5}",23,2281,0.01,Dune,random,2,Prop0.01,28,True
CART,0.1954555624551288,"{""max_features"": ""log2"", ""min_samples_leaf"": 2, ""splitter"": ""best""}",23,2281,0.0,Dune,random,2,Prop0.01,29,True
kNN,0.1720172501288872,"{""n_neighbors"": 8, ""p"": 1, ""weights"": ""uniform""}",23,2281,0.01,Dune,random,2,Prop0.01,29,True
KRR,0.1682155330613019,"{""regressor__kernel"": ""rbf"", ""regressor__gamma"": 0.01, ""regressor__alpha"": 0.1}",23,2281,0.01,Dune,random,2,Prop0.01,29,True
MR,0.1663220710327081,"{""lasso__regressor__alpha"": 0.1}",23,2281,0.02,Dune,random,2,Prop0.01,29,True
RF,0.1733830579959312,"{""max_features"": 1.0, ""min_samples_leaf"": 2, ""n_estimators"": 15}",23,2281,0.03,Dune,random,2,Prop0.01,29,True
SVR,0.1604895824930314,"{""regressor__tol"": 0.1, ""regressor__shrinking"": false, ""regressor__epsilon"": 0.3, ""regressor__coef0"": 1.0, ""regressor__C"": 0.5}",23,2281,0.01,Dune,random,2,Prop0.01,29,True
CART,0.169401741013339,"{""max_features"": ""log2"", ""min_samples_leaf"": 2, ""splitter"": ""best""}",23,2281,0.0,Dune,random,2,Prop0.01,30,True
kNN,0.1720377808369854,"{""n_neighbors"": 8, ""p"": 1, ""weights"": ""uniform""}",23,2281,0.01,Dune,random,2,Prop0.01,30,True
KRR,0.1497120395519805,"{""regressor__kernel"": ""rbf"", ""regressor__gamma"": 0.01, ""regressor__alpha"": 0.1}",23,2281,0.01,Dune,random,2,Prop0.01,30,True
MR,0.1572582745510726,"{""lasso__regressor__alpha"": 0.1}",23,2281,0.02,Dune,random,2,Prop0.01,30,True
RF,0.1817372206172583,"{""max_features"": 1.0, ""min_samples_leaf"": 2, ""n_estimators"": 15}",23,2281,0.03,Dune,random,2,Prop0.01,30,True
SVR,0.1739584628259686,"{""regressor__tol"": 0.1, ""regressor__shrinking"": false, ""regressor__epsilon"": 0.3, ""regressor__coef0"": 1.0, ""regressor__C"": 0.5}",23,2281,0.0,Dune,random,2,Prop0.01,30,True
CART,0.1589267968020503,"{""max_features"": ""log2"", ""min_samples_leaf"": 2, ""splitter"": ""best""}",23,2281,0.0,Dune,random,2,Prop0.01,31,True
kNN,0.1594426425012379,"{""n_neighbors"": 8, ""p"": 1, ""weights"": ""uniform""}",23,2281,0.01,Dune,random,2,Prop0.01,31,True
KRR,0.1417907915212085,"{""regressor__kernel"": ""rbf"", ""regressor__gamma"": 0.01, ""regressor__alpha"": 0.1}",23,2281,0.01,Dune,random,2,Prop0.01,31,True
MR,0.1562634417486435,"{""lasso__regressor__alpha"": 0.1}",23,2281,0.02,Dune,random,2,Prop0.01,31,True
RF,0.1431580466807971,"{""max_features"": 1.0, ""min_samples_leaf"": 2, ""n_estimators"": 15}",23,2281,0.03,Dune,random,2,Prop0.01,31,True
SVR,0.1550454892642639,"{""regressor__tol"": 0.1, ""regressor__shrinking"": false, ""regressor__epsilon"": 0.3, ""regressor__coef0"": 1.0, ""regressor__C"": 0.5}",23,2281,0.01,Dune,random,2,Prop0.01,31,True
CART,0.2092822137732817,"{""max_features"": ""log2"", ""min_samples_leaf"": 2, ""splitter"": ""best""}",23,2281,0.0,Dune,random,2,Prop0.01,32,True
kNN,0.1740061959449762,"{""n_neighbors"": 8, ""p"": 1, ""weights"": ""uniform""}",23,2281,0.01,Dune,random,2,Prop0.01,32,True
KRR,0.1552802354528757,"{""regressor__kernel"": ""rbf"", ""regressor__gamma"": 0.01, ""regressor__alpha"": 0.1}",23,2281,0.01,Dune,random,2,Prop0.01,32,True
MR,0.1862125760637943,"{""lasso__regressor__alpha"": 0.1}",23,2281,0.02,Dune,random,2,Prop0.01,32,True
RF,0.1700207731847666,"{""max_features"": 1.0, ""min_samples_leaf"": 2, ""n_estimators"": 15}",23,2281,0.03,Dune,random,2,Prop0.01,32,True
SVR,0.1579652046797401,"{""regressor__tol"": 0.1, ""regressor__shrinking"": false, ""regressor__epsilon"": 0.3, ""regressor__coef0"": 1.0, ""regressor__C"": 0.5}",23,2281,0.0,Dune,random,2,Prop0.01,32,True
CART,0.2122846188873836,"{""max_features"": ""log2"", ""min_samples_leaf"": 2, ""splitter"": ""best""}",23,2281,0.0,Dune,random,2,Prop0.01,33,True
kNN,0.2460404784667881,"{""n_neighbors"": 8, ""p"": 1, ""weights"": ""uniform""}",23,2281,0.01,Dune,random,2,Prop0.01,33,True
KRR,0.2190906048791477,"{""regressor__kernel"": ""rbf"", ""regressor__gamma"": 0.01, ""regressor__alpha"": 0.1}",23,2281,0.01,Dune,random,2,Prop0.01,33,True
MR,0.2194948255415247,"{""lasso__regressor__alpha"": 0.1}",23,2281,0.02,Dune,random,2,Prop0.01,33,True
RF,0.2560126531264297,"{""max_features"": 1.0, ""min_samples_leaf"": 2, ""n_estimators"": 15}",23,2281,0.03,Dune,random,2,Prop0.01,33,True
SVR,0.1612170147121939,"{""regressor__tol"": 0.1, ""regressor__shrinking"": false, ""regressor__epsilon"": 0.3, ""regressor__coef0"": 1.0, ""regressor__C"": 0.5}",23,2281,0.01,Dune,random,2,Prop0.01,33,True
CART,0.17059838795018,"{""max_features"": ""log2"", ""min_samples_leaf"": 2, ""splitter"": ""best""}",23,2281,0.0,Dune,random,2,Prop0.01,34,True
kNN,0.1867780704642965,"{""n_neighbors"": 8, ""p"": 1, ""weights"": ""uniform""}",23,2281,0.01,Dune,random,2,Prop0.01,34,True
KRR,0.1682442785904069,"{""regressor__kernel"": ""rbf"", ""regressor__gamma"": 0.01, ""regressor__alpha"": 0.1}",23,2281,0.01,Dune,random,2,Prop0.01,34,True
MR,0.1895808690213448,"{""lasso__regressor__alpha"": 0.1}",23,2281,0.02,Dune,random,2,Prop0.01,34,True
RF,0.195420506973677,"{""max_features"": 1.0, ""min_samples_leaf"": 2, ""n_estimators"": 15}",23,2281,0.03,Dune,random,2,Prop0.01,34,True
SVR,0.1772832368948567,"{""regressor__tol"": 0.1, ""regressor__shrinking"": false, ""regressor__epsilon"": 0.3, ""regressor__coef0"": 1.0, ""regressor__C"": 0.5}",23,2281,0.01,Dune,random,2,Prop0.01,34,True
CART,0.1788791919025792,"{""max_features"": ""log2"", ""min_samples_leaf"": 2, ""splitter"": ""best""}",23,2281,0.0,Dune,random,2,Prop0.01,35,True
kNN,0.153427018778451,"{""n_neighbors"": 8, ""p"": 1, ""weights"": ""uniform""}",23,2281,0.01,Dune,random,2,Prop0.01,35,True
KRR,0.1376008522924293,"{""regressor__kernel"": ""rbf"", ""regressor__gamma"": 0.01, ""regressor__alpha"": 0.1}",23,2281,0.01,Dune,random,2,Prop0.01,35,True
MR,0.156898765412141,"{""lasso__regressor__alpha"": 0.1}",23,2281,0.02,Dune,random,2,Prop0.01,35,True
RF,0.1646268179945004,"{""max_features"": 1.0, ""min_samples_leaf"": 2, ""n_estimators"": 15}",23,2281,0.03,Dune,random,2,Prop0.01,35,True
SVR,0.1714805593673682,"{""regressor__tol"": 0.1, ""regressor__shrinking"": false, ""regressor__epsilon"": 0.3, ""regressor__coef0"": 1.0, ""regressor__C"": 0.5}",23,2281,0.01,Dune,random,2,Prop0.01,35,True
CART,0.1583014849225789,"{""max_features"": ""log2"", ""min_samples_leaf"": 2, ""splitter"": ""best""}",23,2281,0.0,Dune,random,2,Prop0.01,36,True
kNN,0.1689189433580376,"{""n_neighbors"": 8, ""p"": 1, ""weights"": ""uniform""}",23,2281,0.01,Dune,random,2,Prop0.01,36,True
KRR,0.1584513899296077,"{""regressor__kernel"": ""rbf"", ""regressor__gamma"": 0.01, ""regressor__alpha"": 0.1}",23,2281,0.01,Dune,random,2,Prop0.01,36,True
MR,0.1716424386814362,"{""lasso__regressor__alpha"": 0.1}",23,2281,0.02,Dune,random,2,Prop0.01,36,True
RF,0.1758627347261647,"{""max_features"": 1.0, ""min_samples_leaf"": 2, ""n_estimators"": 15}",23,2281,0.03,Dune,random,2,Prop0.01,36,True
SVR,0.1626156851761008,"{""regressor__tol"": 0.1, ""regressor__shrinking"": false, ""regressor__epsilon"": 0.3, ""regressor__coef0"": 1.0, ""regressor__C"": 0.5}",23,2281,0.01,Dune,random,2,Prop0.01,36,True
CART,0.2044079320812496,"{""max_features"": ""log2"", ""min_samples_leaf"": 2, ""splitter"": ""best""}",23,2281,0.0,Dune,random,2,Prop0.01,37,True
kNN,0.160221940909472,"{""n_neighbors"": 8, ""p"": 1, ""weights"": ""uniform""}",23,2281,0.01,Dune,random,2,Prop0.01,37,True
KRR,0.1455025470291456,"{""regressor__kernel"": ""rbf"", ""regressor__gamma"": 0.01, ""regressor__alpha"": 0.1}",23,2281,0.01,Dune,random,2,Prop0.01,37,True
MR,0.1615802532108862,"{""lasso__regressor__alpha"": 0.1}",23,2281,0.02,Dune,random,2,Prop0.01,37,True
RF,0.1573255049024796,"{""max_features"": 1.0, ""min_samples_leaf"": 2, ""n_estimators"": 15}",23,2281,0.03,Dune,random,2,Prop0.01,37,True
SVR,0.1644812606049712,"{""regressor__tol"": 0.1, ""regressor__shrinking"": false, ""regressor__epsilon"": 0.3, ""regressor__coef0"": 1.0, ""regressor__C"": 0.5}",23,2281,0.01,Dune,random,2,Prop0.01,37,True
CART,0.2178282289795186,"{""max_features"": ""log2"", ""min_samples_leaf"": 2, ""splitter"": ""best""}",23,2281,0.0,Dune,random,2,Prop0.01,38,True
kNN,0.2413559709807258,"{""n_neighbors"": 8, ""p"": 1, ""weights"": ""uniform""}",23,2281,0.0,Dune,random,2,Prop0.01,38,True
KRR,0.2253113439021309,"{""regressor__kernel"": ""rbf"", ""regressor__gamma"": 0.01, ""regressor__alpha"": 0.1}",23,2281,0.01,Dune,random,2,Prop0.01,38,True
MR,0.1679814020253837,"{""lasso__regressor__alpha"": 0.1}",23,2281,0.02,Dune,random,2,Prop0.01,38,True
RF,0.2454786432462796,"{""max_features"": 1.0, ""min_samples_leaf"": 2, ""n_estimators"": 15}",23,2281,0.03,Dune,random,2,Prop0.01,38,True
SVR,0.1765436597900655,"{""regressor__tol"": 0.1, ""regressor__shrinking"": false, ""regressor__epsilon"": 0.3, ""regressor__coef0"": 1.0, ""regressor__C"": 0.5}",23,2281,0.01,Dune,random,2,Prop0.01,38,True
CART,0.1881781980760955,"{""max_features"": ""log2"", ""min_samples_leaf"": 2, ""splitter"": ""best""}",23,2281,0.0,Dune,random,2,Prop0.01,39,True
kNN,0.1799432348942803,"{""n_neighbors"": 8, ""p"": 1, ""weights"": ""uniform""}",23,2281,0.0,Dune,random,2,Prop0.01,39,True
KRR,0.1569169219130478,"{""regressor__kernel"": ""rbf"", ""regressor__gamma"": 0.01, ""regressor__alpha"": 0.1}",23,2281,0.0,Dune,random,2,Prop0.01,39,True
MR,0.2539746213588801,"{""lasso__regressor__alpha"": 0.1}",23,2281,0.02,Dune,random,2,Prop0.01,39,True
RF,0.1555333361252758,"{""max_features"": 1.0, ""min_samples_leaf"": 2, ""n_estimators"": 15}",23,2281,0.02,Dune,random,2,Prop0.01,39,True
SVR,0.1581950268790057,"{""regressor__tol"": 0.1, ""regressor__shrinking"": false, ""regressor__epsilon"": 0.3, ""regressor__coef0"": 1.0, ""regressor__C"": 0.5}",23,2281,0.0,Dune,random,2,Prop0.01,39,True
CART,0.1554757855482504,"{""max_features"": ""log2"", ""min_samples_leaf"": 2, ""splitter"": ""best""}",23,2281,0.0,Dune,random,2,Prop0.01,40,True
kNN,0.1573513290534849,"{""n_neighbors"": 8, ""p"": 1, ""weights"": ""uniform""}",23,2281,0.01,Dune,random,2,Prop0.01,40,True
KRR,0.1363430227429664,"{""regressor__kernel"": ""rbf"", ""regressor__gamma"": 0.01, ""regressor__alpha"": 0.1}",23,2281,0.01,Dune,random,2,Prop0.01,40,True
MR,0.1486390903179121,"{""lasso__regressor__alpha"": 0.1}",23,2281,0.02,Dune,random,2,Prop0.01,40,True
RF,0.1503331126382733,"{""max_features"": 1.0, ""min_samples_leaf"": 2, ""n_estimators"": 15}",23,2281,0.02,Dune,random,2,Prop0.01,40,True
SVR,0.1733865989040274,"{""regressor__tol"": 0.1, ""regressor__shrinking"": false, ""regressor__epsilon"": 0.3, ""regressor__coef0"": 1.0, ""regressor__C"": 0.5}",23,2281,0.0,Dune,random,2,Prop0.01,40,True
CART,0.1881547370811103,"{""max_features"": ""log2"", ""min_samples_leaf"": 2, ""splitter"": ""best""}",23,2281,0.0,Dune,random,2,Prop0.01,41,True
kNN,0.1614420679653161,"{""n_neighbors"": 8, ""p"": 1, ""weights"": ""uniform""}",23,2281,0.0,Dune,random,2,Prop0.01,41,True
KRR,0.1505042340341117,"{""regressor__kernel"": ""rbf"", ""regressor__gamma"": 0.01, ""regressor__alpha"": 0.1}",23,2281,0.0,Dune,random,2,Prop0.01,41,True
MR,0.163538342356901,"{""lasso__regressor__alpha"": 0.1}",23,2281,0.02,Dune,random,2,Prop0.01,41,True
RF,0.1585765028593883,"{""max_features"": 1.0, ""min_samples_leaf"": 2, ""n_estimators"": 15}",23,2281,0.02,Dune,random,2,Prop0.01,41,True
SVR,0.1619965081357358,"{""regressor__tol"": 0.1, ""regressor__shrinking"": false, ""regressor__epsilon"": 0.3, ""regressor__coef0"": 1.0, ""regressor__C"": 0.5}",23,2281,0.01,Dune,random,2,Prop0.01,41,True
CART,0.1629318281035474,"{""max_features"": ""log2"", ""min_samples_leaf"": 2, ""splitter"": ""best""}",23,2281,0.0,Dune,random,2,Prop0.01,42,True
kNN,0.1633133805342174,"{""n_neighbors"": 8, ""p"": 1, ""weights"": ""uniform""}",23,2281,0.01,Dune,random,2,Prop0.01,42,True
KRR,0.1476175366419505,"{""regressor__kernel"": ""rbf"", ""regressor__gamma"": 0.01, ""regressor__alpha"": 0.1}",23,2281,0.01,Dune,random,2,Prop0.01,42,True
MR,0.1628131611048033,"{""lasso__regressor__alpha"": 0.1}",23,2281,0.02,Dune,random,2,Prop0.01,42,True
RF,0.1455294906885215,"{""max_features"": 1.0, ""min_samples_leaf"": 2, ""n_estimators"": 15}",23,2281,0.03,Dune,random,2,Prop0.01,42,True
SVR,0.1540391210455563,"{""regressor__tol"": 0.1, ""regressor__shrinking"": false, ""regressor__epsilon"": 0.3, ""regressor__coef0"": 1.0, ""regressor__C"": 0.5}",23,2281,0.01,Dune,random,2,Prop0.01,42,True
CART,0.2606026826632178,"{""max_features"": ""log2"", ""min_samples_leaf"": 2, ""splitter"": ""best""}",23,2281,0.0,Dune,random,2,Prop0.01,43,True
kNN,0.186553849280956,"{""n_neighbors"": 8, ""p"": 1, ""weights"": ""uniform""}",23,2281,0.01,Dune,random,2,Prop0.01,43,True
KRR,0.1748568299385249,"{""regressor__kernel"": ""rbf"", ""regressor__gamma"": 0.01, ""regressor__alpha"": 0.1}",23,2281,0.01,Dune,random,2,Prop0.01,43,True
MR,0.187032390370824,"{""lasso__regressor__alpha"": 0.1}",23,2281,0.02,Dune,random,2,Prop0.01,43,True
RF,0.1816507156407562,"{""max_features"": 1.0, ""min_samples_leaf"": 2, ""n_estimators"": 15}",23,2281,0.03,Dune,random,2,Prop0.01,43,True
SVR,0.1581328182669239,"{""regressor__tol"": 0.1, ""regressor__shrinking"": false, ""regressor__epsilon"": 0.3, ""regressor__coef0"": 1.0, ""regressor__C"": 0.5}",23,2281,0.01,Dune,random,2,Prop0.01,43,True
CART,0.1957935296388687,"{""max_features"": ""log2"", ""min_samples_leaf"": 2, ""splitter"": ""best""}",23,2281,0.0,Dune,random,2,Prop0.01,44,True
kNN,0.2226537502840078,"{""n_neighbors"": 8, ""p"": 1, ""weights"": ""uniform""}",23,2281,0.01,Dune,random,2,Prop0.01,44,True
KRR,0.1956622050003851,"{""regressor__kernel"": ""rbf"", ""regressor__gamma"": 0.01, ""regressor__alpha"": 0.1}",23,2281,0.01,Dune,random,2,Prop0.01,44,True
MR,0.173352162368402,"{""lasso__regressor__alpha"": 0.1}",23,2281,0.02,Dune,random,2,Prop0.01,44,True
RF,0.2045611527711606,"{""max_features"": 1.0, ""min_samples_leaf"": 2, ""n_estimators"": 15}",23,2281,0.03,Dune,random,2,Prop0.01,44,True
SVR,0.1540341195290798,"{""regressor__tol"": 0.1, ""regressor__shrinking"": false, ""regressor__epsilon"": 0.3, ""regressor__coef0"": 1.0, ""regressor__C"": 0.5}",23,2281,0.01,Dune,random,2,Prop0.01,44,True
CART,0.1764055357923194,"{""max_features"": ""log2"", ""min_samples_leaf"": 2, ""splitter"": ""best""}",23,2281,0.0,Dune,random,2,Prop0.01,45,True
kNN,0.1629091784892836,"{""n_neighbors"": 8, ""p"": 1, ""weights"": ""uniform""}",23,2281,0.01,Dune,random,2,Prop0.01,45,True
KRR,0.1542951388908415,"{""regressor__kernel"": ""rbf"", ""regressor__gamma"": 0.01, ""regressor__alpha"": 0.1}",23,2281,0.01,Dune,random,2,Prop0.01,45,True
MR,0.1657171568010831,"{""lasso__regressor__alpha"": 0.1}",23,2281,0.02,Dune,random,2,Prop0.01,45,True
RF,0.1681780126068068,"{""max_features"": 1.0, ""min_samples_leaf"": 2, ""n_estimators"": 15}",23,2281,0.03,Dune,random,2,Prop0.01,45,True
SVR,0.1645430029319783,"{""regressor__tol"": 0.1, ""regressor__shrinking"": false, ""regressor__epsilon"": 0.3, ""regressor__coef0"": 1.0, ""regressor__C"": 0.5}",23,2281,0.01,Dune,random,2,Prop0.01,45,True
CART,0.1901579131769385,"{""max_features"": ""log2"", ""min_samples_leaf"": 2, ""splitter"": ""best""}",23,2281,0.0,Dune,random,2,Prop0.01,46,True
kNN,0.1970728494570395,"{""n_neighbors"": 8, ""p"": 1, ""weights"": ""uniform""}",23,2281,0.01,Dune,random,2,Prop0.01,46,True
KRR,0.2072769391823276,"{""regressor__kernel"": ""rbf"", ""regressor__gamma"": 0.01, ""regressor__alpha"": 0.1}",23,2281,0.01,Dune,random,2,Prop0.01,46,True
MR,0.2021037420309533,"{""lasso__regressor__alpha"": 0.1}",23,2281,0.02,Dune,random,2,Prop0.01,46,True
RF,0.1883548160702319,"{""max_features"": 1.0, ""min_samples_leaf"": 2, ""n_estimators"": 15}",23,2281,0.03,Dune,random,2,Prop0.01,46,True
SVR,0.1961623957931949,"{""regressor__tol"": 0.1, ""regressor__shrinking"": false, ""regressor__epsilon"": 0.3, ""regressor__coef0"": 1.0, ""regressor__C"": 0.5}",23,2281,0.01,Dune,random,2,Prop0.01,46,True
CART,0.1591755141312398,"{""max_features"": ""log2"", ""min_samples_leaf"": 2, ""splitter"": ""best""}",23,2281,0.0,Dune,random,2,Prop0.01,47,True
kNN,0.2015373365824362,"{""n_neighbors"": 8, ""p"": 1, ""weights"": ""uniform""}",23,2281,0.01,Dune,random,2,Prop0.01,47,True
KRR,0.1795994668607288,"{""regressor__kernel"": ""rbf"", ""regressor__gamma"": 0.01, ""regressor__alpha"": 0.1}",23,2281,0.01,Dune,random,2,Prop0.01,47,True
MR,0.1744753021338128,"{""lasso__regressor__alpha"": 0.1}",23,2281,0.02,Dune,random,2,Prop0.01,47,True
RF,0.1610223331032836,"{""max_features"": 1.0, ""min_samples_leaf"": 2, ""n_estimators"": 15}",23,2281,0.03,Dune,random,2,Prop0.01,47,True
SVR,0.1690374819992371,"{""regressor__tol"": 0.1, ""regressor__shrinking"": false, ""regressor__epsilon"": 0.3, ""regressor__coef0"": 1.0, ""regressor__C"": 0.5}",23,2281,0.01,Dune,random,2,Prop0.01,47,True
CART,0.226761767812567,"{""max_features"": ""log2"", ""min_samples_leaf"": 2, ""splitter"": ""best""}",23,2281,0.0,Dune,random,2,Prop0.01,48,True
kNN,0.3370569335985228,"{""n_neighbors"": 8, ""p"": 1, ""weights"": ""uniform""}",23,2281,0.01,Dune,random,2,Prop0.01,48,True
KRR,0.3394466053053682,"{""regressor__kernel"": ""rbf"", ""regressor__gamma"": 0.01, ""regressor__alpha"": 0.1}",23,2281,0.01,Dune,random,2,Prop0.01,48,True
MR,0.3736491057475591,"{""lasso__regressor__alpha"": 0.1}",23,2281,0.02,Dune,random,2,Prop0.01,48,True
RF,0.2968149633510922,"{""max_features"": 1.0, ""min_samples_leaf"": 2, ""n_estimators"": 15}",23,2281,0.03,Dune,random,2,Prop0.01,48,True
SVR,0.2601962913492223,"{""regressor__tol"": 0.1, ""regressor__shrinking"": false, ""regressor__epsilon"": 0.3, ""regressor__coef0"": 1.0, ""regressor__C"": 0.5}",23,2281,0.0,Dune,random,2,Prop0.01,48,True
CART,0.2389656855176351,"{""max_features"": ""log2"", ""min_samples_leaf"": 2, ""splitter"": ""best""}",23,2281,0.0,Dune,random,2,Prop0.01,49,True
kNN,0.2972151087302858,"{""n_neighbors"": 8, ""p"": 1, ""weights"": ""uniform""}",23,2281,0.01,Dune,random,2,Prop0.01,49,True
KRR,0.2639502792761943,"{""regressor__kernel"": ""rbf"", ""regressor__gamma"": 0.01, ""regressor__alpha"": 0.1}",23,2281,0.01,Dune,random,2,Prop0.01,49,True
MR,0.261958311797358,"{""lasso__regressor__alpha"": 0.1}",23,2281,0.02,Dune,random,2,Prop0.01,49,True
RF,0.241969340008563,"{""max_features"": 1.0, ""min_samples_leaf"": 2, ""n_estimators"": 15}",23,2281,0.03,Dune,random,2,Prop0.01,49,True
SVR,0.2824740526488682,"{""regressor__tol"": 0.1, ""regressor__shrinking"": false, ""regressor__epsilon"": 0.3, ""regressor__coef0"": 1.0, ""regressor__C"": 0.5}",23,2281,0.01,Dune,random,2,Prop0.01,49,True
CART,0.1848196432999791,"{""max_features"": ""log2"", ""min_samples_leaf"": 2, ""splitter"": ""best""}",23,2281,0.0,Dune,random,2,Prop0.01,50,True
kNN,0.1677836875040448,"{""n_neighbors"": 8, ""p"": 1, ""weights"": ""uniform""}",23,2281,0.01,Dune,random,2,Prop0.01,50,True
KRR,0.1697801052394464,"{""regressor__kernel"": ""rbf"", ""regressor__gamma"": 0.01, ""regressor__alpha"": 0.1}",23,2281,0.01,Dune,random,2,Prop0.01,50,True
MR,0.1619405505783044,"{""lasso__regressor__alpha"": 0.1}",23,2281,0.02,Dune,random,2,Prop0.01,50,True
RF,0.1451485835468481,"{""max_features"": 1.0, ""min_samples_leaf"": 2, ""n_estimators"": 15}",23,2281,0.03,Dune,random,2,Prop0.01,50,True
SVR,0.1590645087896909,"{""regressor__tol"": 0.1, ""regressor__shrinking"": false, ""regressor__epsilon"": 0.3, ""regressor__coef0"": 1.0, ""regressor__C"": 0.5}",23,2281,0.01,Dune,random,2,Prop0.01,50,True
CART,0.1886500140675719,"{""max_features"": ""log2"", ""min_samples_leaf"": 2, ""splitter"": ""best""}",23,2281,0.0,Dune,random,2,Prop0.01,51,True
kNN,0.2379688479134129,"{""n_neighbors"": 8, ""p"": 1, ""weights"": ""uniform""}",23,2281,0.01,Dune,random,2,Prop0.01,51,True
KRR,0.228469082880702,"{""regressor__kernel"": ""rbf"", ""regressor__gamma"": 0.01, ""regressor__alpha"": 0.1}",23,2281,0.01,Dune,random,2,Prop0.01,51,True
MR,0.1673539200548541,"{""lasso__regressor__alpha"": 0.1}",23,2281,0.02,Dune,random,2,Prop0.01,51,True
RF,0.2280002595960669,"{""max_features"": 1.0, ""min_samples_leaf"": 2, ""n_estimators"": 15}",23,2281,0.03,Dune,random,2,Prop0.01,51,True
SVR,0.1990285057801462,"{""regressor__tol"": 0.1, ""regressor__shrinking"": false, ""regressor__epsilon"": 0.3, ""regressor__coef0"": 1.0, ""regressor__C"": 0.5}",23,2281,0.01,Dune,random,2,Prop0.01,51,True
CART,0.1444869308862683,"{""max_features"": ""log2"", ""min_samples_leaf"": 2, ""splitter"": ""best""}",23,2281,0.0,Dune,random,2,Prop0.01,52,True
kNN,0.1593379720748773,"{""n_neighbors"": 8, ""p"": 1, ""weights"": ""uniform""}",23,2281,0.01,Dune,random,2,Prop0.01,52,True
KRR,0.1540270123791141,"{""regressor__kernel"": ""rbf"", ""regressor__gamma"": 0.01, ""regressor__alpha"": 0.1}",23,2281,0.01,Dune,random,2,Prop0.01,52,True
MR,0.1618674546733867,"{""lasso__regressor__alpha"": 0.1}",23,2281,0.02,Dune,random,2,Prop0.01,52,True
RF,0.1513736016641459,"{""max_features"": 1.0, ""min_samples_leaf"": 2, ""n_estimators"": 15}",23,2281,0.03,Dune,random,2,Prop0.01,52,True
SVR,0.1581545773671736,"{""regressor__tol"": 0.1, ""regressor__shrinking"": false, ""regressor__epsilon"": 0.3, ""regressor__coef0"": 1.0, ""regressor__C"": 0.5}",23,2281,0.01,Dune,random,2,Prop0.01,52,True
CART,0.1618830702055489,"{""max_features"": ""log2"", ""min_samples_leaf"": 2, ""splitter"": ""best""}",23,2281,0.0,Dune,random,2,Prop0.01,53,True
kNN,0.1690808372035908,"{""n_neighbors"": 8, ""p"": 1, ""weights"": ""uniform""}",23,2281,0.01,Dune,random,2,Prop0.01,53,True
KRR,0.1608724409716655,"{""regressor__kernel"": ""rbf"", ""regressor__gamma"": 0.01, ""regressor__alpha"": 0.1}",23,2281,0.01,Dune,random,2,Prop0.01,53,True
MR,0.1615971409098492,"{""lasso__regressor__alpha"": 0.1}",23,2281,0.02,Dune,random,2,Prop0.01,53,True
RF,0.1499826476919979,"{""max_features"": 1.0, ""min_samples_leaf"": 2, ""n_estimators"": 15}",23,2281,0.03,Dune,random,2,Prop0.01,53,True
SVR,0.1615090754973975,"{""regressor__tol"": 0.1, ""regressor__shrinking"": false, ""regressor__epsilon"": 0.3, ""regressor__coef0"": 1.0, ""regressor__C"": 0.5}",23,2281,0.01,Dune,random,2,Prop0.01,53,True
CART,0.1824649604157232,"{""max_features"": ""log2"", ""min_samples_leaf"": 2, ""splitter"": ""best""}",23,2281,0.0,Dune,random,2,Prop0.01,54,True
kNN,0.1575634982853241,"{""n_neighbors"": 8, ""p"": 1, ""weights"": ""uniform""}",23,2281,0.01,Dune,random,2,Prop0.01,54,True
KRR,0.1528572679528476,"{""regressor__kernel"": ""rbf"", ""regressor__gamma"": 0.01, ""regressor__alpha"": 0.1}",23,2281,0.01,Dune,random,2,Prop0.01,54,True
MR,0.1608914558174351,"{""lasso__regressor__alpha"": 0.1}",23,2281,0.02,Dune,random,2,Prop0.01,54,True
RF,0.1613291619701737,"{""max_features"": 1.0, ""min_samples_leaf"": 2, ""n_estimators"": 15}",23,2281,0.03,Dune,random,2,Prop0.01,54,True
SVR,0.1588044919612722,"{""regressor__tol"": 0.1, ""regressor__shrinking"": false, ""regressor__epsilon"": 0.3, ""regressor__coef0"": 1.0, ""regressor__C"": 0.5}",23,2281,0.01,Dune,random,2,Prop0.01,54,True
CART,0.1506766232424878,"{""max_features"": ""log2"", ""min_samples_leaf"": 2, ""splitter"": ""best""}",23,2281,0.0,Dune,random,2,Prop0.01,55,True
kNN,0.1691320231464675,"{""n_neighbors"": 8, ""p"": 1, ""weights"": ""uniform""}",23,2281,0.01,Dune,random,2,Prop0.01,55,True
KRR,0.1582703541683208,"{""regressor__kernel"": ""rbf"", ""regressor__gamma"": 0.01, ""regressor__alpha"": 0.1}",23,2281,0.01,Dune,random,2,Prop0.01,55,True
MR,0.1633683004418071,"{""lasso__regressor__alpha"": 0.1}",23,2281,0.02,Dune,random,2,Prop0.01,55,True
RF,0.1397718368772683,"{""max_features"": 1.0, ""min_samples_leaf"": 2, ""n_estimators"": 15}",23,2281,0.03,Dune,random,2,Prop0.01,55,True
SVR,0.1669302943459162,"{""regressor__tol"": 0.1, ""regressor__shrinking"": false, ""regressor__epsilon"": 0.3, ""regressor__coef0"": 1.0, ""regressor__C"": 0.5}",23,2281,0.01,Dune,random,2,Prop0.01,55,True
CART,0.1620974775817451,"{""max_features"": ""log2"", ""min_samples_leaf"": 2, ""splitter"": ""best""}",23,2281,0.0,Dune,random,2,Prop0.01,56,True
kNN,0.1633551474484493,"{""n_neighbors"": 8, ""p"": 1, ""weights"": ""uniform""}",23,2281,0.01,Dune,random,2,Prop0.01,56,True
KRR,0.1524806689127525,"{""regressor__kernel"": ""rbf"", ""regressor__gamma"": 0.01, ""regressor__alpha"": 0.1}",23,2281,0.01,Dune,random,2,Prop0.01,56,True
MR,0.1640537513705315,"{""lasso__regressor__alpha"": 0.1}",23,2281,0.02,Dune,random,2,Prop0.01,56,True
RF,0.1536375376814086,"{""max_features"": 1.0, ""min_samples_leaf"": 2, ""n_estimators"": 15}",23,2281,0.03,Dune,random,2,Prop0.01,56,True
SVR,0.167887386743664,"{""regressor__tol"": 0.1, ""regressor__shrinking"": false, ""regressor__epsilon"": 0.3, ""regressor__coef0"": 1.0, ""regressor__C"": 0.5}",23,2281,0.01,Dune,random,2,Prop0.01,56,True
CART,0.1764874309857998,"{""max_features"": ""log2"", ""min_samples_leaf"": 2, ""splitter"": ""best""}",23,2281,0.0,Dune,random,2,Prop0.01,57,True
kNN,0.1543375302297633,"{""n_neighbors"": 8, ""p"": 1, ""weights"": ""uniform""}",23,2281,0.01,Dune,random,2,Prop0.01,57,True
KRR,0.134086819462185,"{""regressor__kernel"": ""rbf"", ""regressor__gamma"": 0.01, ""regressor__alpha"": 0.1}",23,2281,0.01,Dune,random,2,Prop0.01,57,True
MR,0.1472531321912478,"{""lasso__regressor__alpha"": 0.1}",23,2281,0.02,Dune,random,2,Prop0.01,57,True
RF,0.1429729089991031,"{""max_features"": 1.0, ""min_samples_leaf"": 2, ""n_estimators"": 15}",23,2281,0.03,Dune,random,2,Prop0.01,57,True
SVR,0.1650903726977888,"{""regressor__tol"": 0.1, ""regressor__shrinking"": false, ""regressor__epsilon"": 0.3, ""regressor__coef0"": 1.0, ""regressor__C"": 0.5}",23,2281,0.01,Dune,random,2,Prop0.01,57,True
CART,0.2010928576907552,"{""max_features"": ""log2"", ""min_samples_leaf"": 2, ""splitter"": ""best""}",23,2281,0.0,Dune,random,2,Prop0.01,58,True
kNN,0.1620974850350172,"{""n_neighbors"": 8, ""p"": 1, ""weights"": ""uniform""}",23,2281,0.01,Dune,random,2,Prop0.01,58,True
KRR,0.1489935931827858,"{""regressor__kernel"": ""rbf"", ""regressor__gamma"": 0.01, ""regressor__alpha"": 0.1}",23,2281,0.01,Dune,random,2,Prop0.01,58,True
MR,0.1680361307708204,"{""lasso__regressor__alpha"": 0.1}",23,2281,0.02,Dune,random,2,Prop0.01,58,True
RF,0.1673036173824813,"{""max_features"": 1.0, ""min_samples_leaf"": 2, ""n_estimators"": 15}",23,2281,0.03,Dune,random,2,Prop0.01,58,True
SVR,0.1619978623590838,"{""regressor__tol"": 0.1, ""regressor__shrinking"": false, ""regressor__epsilon"": 0.3, ""regressor__coef0"": 1.0, ""regressor__C"": 0.5}",23,2281,0.01,Dune,random,2,Prop0.01,58,True
CART,0.1960928004573268,"{""max_features"": ""log2"", ""min_samples_leaf"": 2, ""splitter"": ""best""}",23,2281,0.0,Dune,random,2,Prop0.01,59,True
kNN,0.1722775632911299,"{""n_neighbors"": 8, ""p"": 1, ""weights"": ""uniform""}",23,2281,0.01,Dune,random,2,Prop0.01,59,True
KRR,0.1577592028493983,"{""regressor__kernel"": ""rbf"", ""regressor__gamma"": 0.01, ""regressor__alpha"": 0.1}",23,2281,0.01,Dune,random,2,Prop0.01,59,True
MR,0.1593249457953411,"{""lasso__regressor__alpha"": 0.1}",23,2281,0.02,Dune,random,2,Prop0.01,59,True
RF,0.1532137036101133,"{""max_features"": 1.0, ""min_samples_leaf"": 2, ""n_estimators"": 15}",23,2281,0.03,Dune,random,2,Prop0.01,59,True
SVR,0.1650891966115829,"{""regressor__tol"": 0.1, ""regressor__shrinking"": false, ""regressor__epsilon"": 0.3, ""regressor__coef0"": 1.0, ""regressor__C"": 0.5}",23,2281,0.01,Dune,random,2,Prop0.01,59,True
CART,0.28569843337595,"{""max_features"": ""log2"", ""min_samples_leaf"": 2, ""splitter"": ""best""}",23,2281,0.0,Dune,random,2,Prop0.01,60,True
kNN,0.238080472073966,"{""n_neighbors"": 8, ""p"": 1, ""weights"": ""uniform""}",23,2281,0.01,Dune,random,2,Prop0.01,60,True
KRR,0.2499922129028327,"{""regressor__kernel"": ""rbf"", ""regressor__gamma"": 0.01, ""regressor__alpha"": 0.1}",23,2281,0.01,Dune,random,2,Prop0.01,60,True
MR,0.2651477037666712,"{""lasso__regressor__alpha"": 0.1}",23,2281,0.02,Dune,random,2,Prop0.01,60,True
RF,0.2216022503958599,"{""max_features"": 1.0, ""min_samples_leaf"": 2, ""n_estimators"": 15}",23,2281,0.03,Dune,random,2,Prop0.01,60,True
SVR,0.1620556395797018,"{""regressor__tol"": 0.1, ""regressor__shrinking"": false, ""regressor__epsilon"": 0.3, ""regressor__coef0"": 1.0, ""regressor__C"": 0.5}",23,2281,0.0,Dune,random,2,Prop0.01,60,True
CART,0.1577777042510557,"{""max_features"": ""log2"", ""min_samples_leaf"": 2, ""splitter"": ""best""}",23,2281,0.0,Dune,random,2,Prop0.01,61,True
kNN,0.1624233349588908,"{""n_neighbors"": 8, ""p"": 1, ""weights"": ""uniform""}",23,2281,0.01,Dune,random,2,Prop0.01,61,True
KRR,0.1507730122385854,"{""regressor__kernel"": ""rbf"", ""regressor__gamma"": 0.01, ""regressor__alpha"": 0.1}",23,2281,0.01,Dune,random,2,Prop0.01,61,True
MR,0.168680145636093,"{""lasso__regressor__alpha"": 0.1}",23,2281,0.02,Dune,random,2,Prop0.01,61,True
RF,0.1543089078443651,"{""max_features"": 1.0, ""min_samples_leaf"": 2, ""n_estimators"": 15}",23,2281,0.03,Dune,random,2,Prop0.01,61,True
SVR,0.1598742594845438,"{""regressor__tol"": 0.1, ""regressor__shrinking"": false, ""regressor__epsilon"": 0.3, ""regressor__coef0"": 1.0, ""regressor__C"": 0.5}",23,2281,0.01,Dune,random,2,Prop0.01,61,True
CART,0.1549668990079645,"{""max_features"": ""log2"", ""min_samples_leaf"": 2, ""splitter"": ""best""}",23,2281,0.0,Dune,random,2,Prop0.01,62,True
kNN,0.166420910438038,"{""n_neighbors"": 8, ""p"": 1, ""weights"": ""uniform""}",23,2281,0.01,Dune,random,2,Prop0.01,62,True
KRR,0.1645623725677065,"{""regressor__kernel"": ""rbf"", ""regressor__gamma"": 0.01, ""regressor__alpha"": 0.1}",23,2281,0.01,Dune,random,2,Prop0.01,62,True
MR,0.1615415122214034,"{""lasso__regressor__alpha"": 0.1}",23,2281,0.02,Dune,random,2,Prop0.01,62,True
RF,0.1569130457005753,"{""max_features"": 1.0, ""min_samples_leaf"": 2, ""n_estimators"": 15}",23,2281,0.03,Dune,random,2,Prop0.01,62,True
SVR,0.1658133960362843,"{""regressor__tol"": 0.1, ""regressor__shrinking"": false, ""regressor__epsilon"": 0.3, ""regressor__coef0"": 1.0, ""regressor__C"": 0.5}",23,2281,0.01,Dune,random,2,Prop0.01,62,True
CART,0.1780146029190778,"{""max_features"": ""log2"", ""min_samples_leaf"": 2, ""splitter"": ""best""}",23,2281,0.0,Dune,random,2,Prop0.01,63,True
kNN,0.1550635984636573,"{""n_neighbors"": 8, ""p"": 1, ""weights"": ""uniform""}",23,2281,0.01,Dune,random,2,Prop0.01,63,True
KRR,0.1413065245855704,"{""regressor__kernel"": ""rbf"", ""regressor__gamma"": 0.01, ""regressor__alpha"": 0.1}",23,2281,0.01,Dune,random,2,Prop0.01,63,True
MR,0.1604151417550295,"{""lasso__regressor__alpha"": 0.1}",23,2281,0.02,Dune,random,2,Prop0.01,63,True
RF,0.1417674824052519,"{""max_features"": 1.0, ""min_samples_leaf"": 2, ""n_estimators"": 15}",23,2281,0.03,Dune,random,2,Prop0.01,63,True
SVR,0.1552578570893314,"{""regressor__tol"": 0.1, ""regressor__shrinking"": false, ""regressor__epsilon"": 0.3, ""regressor__coef0"": 1.0, ""regressor__C"": 0.5}",23,2281,0.01,Dune,random,2,Prop0.01,63,True
CART,0.176025007549829,"{""max_features"": ""log2"", ""min_samples_leaf"": 2, ""splitter"": ""best""}",23,2281,0.0,Dune,random,2,Prop0.01,64,True
kNN,0.2024582697037416,"{""n_neighbors"": 8, ""p"": 1, ""weights"": ""uniform""}",23,2281,0.01,Dune,random,2,Prop0.01,64,True
KRR,0.1603364073900071,"{""regressor__kernel"": ""rbf"", ""regressor__gamma"": 0.01, ""regressor__alpha"": 0.1}",23,2281,0.01,Dune,random,2,Prop0.01,64,True
MR,0.1739914767272317,"{""lasso__regressor__alpha"": 0.1}",23,2281,0.02,Dune,random,2,Prop0.01,64,True
RF,0.1490946145143052,"{""max_features"": 1.0, ""min_samples_leaf"": 2, ""n_estimators"": 15}",23,2281,0.03,Dune,random,2,Prop0.01,64,True
SVR,0.1671448766385542,"{""regressor__tol"": 0.1, ""regressor__shrinking"": false, ""regressor__epsilon"": 0.3, ""regressor__coef0"": 1.0, ""regressor__C"": 0.5}",23,2281,0.0,Dune,random,2,Prop0.01,64,True
CART,0.1746635906327053,"{""max_features"": ""log2"", ""min_samples_leaf"": 2, ""splitter"": ""best""}",23,2281,0.0,Dune,random,2,Prop0.01,65,True
kNN,0.1772036717827333,"{""n_neighbors"": 8, ""p"": 1, ""weights"": ""uniform""}",23,2281,0.01,Dune,random,2,Prop0.01,65,True
KRR,0.1545503529388725,"{""regressor__kernel"": ""rbf"", ""regressor__gamma"": 0.01, ""regressor__alpha"": 0.1}",23,2281,0.01,Dune,random,2,Prop0.01,65,True
MR,0.1578477677479607,"{""lasso__regressor__alpha"": 0.1}",23,2281,0.02,Dune,random,2,Prop0.01,65,True
RF,0.1650464237938164,"{""max_features"": 1.0, ""min_samples_leaf"": 2, ""n_estimators"": 15}",23,2281,0.03,Dune,random,2,Prop0.01,65,True
SVR,0.1626121940245511,"{""regressor__tol"": 0.1, ""regressor__shrinking"": false, ""regressor__epsilon"": 0.3, ""regressor__coef0"": 1.0, ""regressor__C"": 0.5}",23,2281,0.01,Dune,random,2,Prop0.01,65,True
CART,0.1605980598269439,"{""max_features"": ""log2"", ""min_samples_leaf"": 2, ""splitter"": ""best""}",23,2281,0.0,Dune,random,2,Prop0.01,66,True
kNN,0.202295229644886,"{""n_neighbors"": 8, ""p"": 1, ""weights"": ""uniform""}",23,2281,0.01,Dune,random,2,Prop0.01,66,True
KRR,0.1839634065467792,"{""regressor__kernel"": ""rbf"", ""regressor__gamma"": 0.01, ""regressor__alpha"": 0.1}",23,2281,0.01,Dune,random,2,Prop0.01,66,True
MR,0.1873952764199203,"{""lasso__regressor__alpha"": 0.1}",23,2281,0.02,Dune,random,2,Prop0.01,66,True
RF,0.1943594907089823,"{""max_features"": 1.0, ""min_samples_leaf"": 2, ""n_estimators"": 15}",23,2281,0.03,Dune,random,2,Prop0.01,66,True
SVR,0.1615432931729445,"{""regressor__tol"": 0.1, ""regressor__shrinking"": false, ""regressor__epsilon"": 0.3, ""regressor__coef0"": 1.0, ""regressor__C"": 0.5}",23,2281,0.01,Dune,random,2,Prop0.01,66,True
CART,0.1814681858632924,"{""max_features"": ""log2"", ""min_samples_leaf"": 2, ""splitter"": ""best""}",23,2281,0.0,Dune,random,2,Prop0.01,67,True
kNN,0.1647893162264044,"{""n_neighbors"": 8, ""p"": 1, ""weights"": ""uniform""}",23,2281,0.0,Dune,random,2,Prop0.01,67,True
KRR,0.1555564052543811,"{""regressor__kernel"": ""rbf"", ""regressor__gamma"": 0.01, ""regressor__alpha"": 0.1}",23,2281,0.01,Dune,random,2,Prop0.01,67,True
MR,0.1652009568778713,"{""lasso__regressor__alpha"": 0.1}",23,2281,0.02,Dune,random,2,Prop0.01,67,True
RF,0.1506425833660443,"{""max_features"": 1.0, ""min_samples_leaf"": 2, ""n_estimators"": 15}",23,2281,0.03,Dune,random,2,Prop0.01,67,True
SVR,0.1609524980878487,"{""regressor__tol"": 0.1, ""regressor__shrinking"": false, ""regressor__epsilon"": 0.3, ""regressor__coef0"": 1.0, ""regressor__C"": 0.5}",23,2281,0.01,Dune,random,2,Prop0.01,67,True
CART,0.291078985157179,"{""max_features"": ""log2"", ""min_samples_leaf"": 2, ""splitter"": ""best""}",23,2281,0.0,Dune,random,2,Prop0.01,68,True
kNN,0.2404693916242524,"{""n_neighbors"": 8, ""p"": 1, ""weights"": ""uniform""}",23,2281,0.01,Dune,random,2,Prop0.01,68,True
KRR,0.2568965004722084,"{""regressor__kernel"": ""rbf"", ""regressor__gamma"": 0.01, ""regressor__alpha"": 0.1}",23,2281,0.01,Dune,random,2,Prop0.01,68,True
MR,0.2141159348501517,"{""lasso__regressor__alpha"": 0.1}",23,2281,0.02,Dune,random,2,Prop0.01,68,True
RF,0.190293463201825,"{""max_features"": 1.0, ""min_samples_leaf"": 2, ""n_estimators"": 15}",23,2281,0.03,Dune,random,2,Prop0.01,68,True
SVR,0.1642863368743667,"{""regressor__tol"": 0.1, ""regressor__shrinking"": false, ""regressor__epsilon"": 0.3, ""regressor__coef0"": 1.0, ""regressor__C"": 0.5}",23,2281,0.0,Dune,random,2,Prop0.01,68,True
CART,0.200827901826755,"{""max_features"": ""log2"", ""min_samples_leaf"": 2, ""splitter"": ""best""}",23,2281,0.0,Dune,random,2,Prop0.01,69,True
kNN,0.1758434150497951,"{""n_neighbors"": 8, ""p"": 1, ""weights"": ""uniform""}",23,2281,0.01,Dune,random,2,Prop0.01,69,True
KRR,0.1726429810058814,"{""regressor__kernel"": ""rbf"", ""regressor__gamma"": 0.01, ""regressor__alpha"": 0.1}",23,2281,0.01,Dune,random,2,Prop0.01,69,True
MR,0.1696582028625479,"{""lasso__regressor__alpha"": 0.1}",23,2281,0.02,Dune,random,2,Prop0.01,69,True
RF,0.16189543294981,"{""max_features"": 1.0, ""min_samples_leaf"": 2, ""n_estimators"": 15}",23,2281,0.03,Dune,random,2,Prop0.01,69,True
SVR,0.1495112691091667,"{""regressor__tol"": 0.1, ""regressor__shrinking"": false, ""regressor__epsilon"": 0.3, ""regressor__coef0"": 1.0, ""regressor__C"": 0.5}",23,2281,0.01,Dune,random,2,Prop0.01,69,True
CART,0.169501168645824,"{""max_features"": ""log2"", ""min_samples_leaf"": 2, ""splitter"": ""best""}",23,2281,0.0,Dune,random,2,Prop0.01,70,True
kNN,0.1654798519726845,"{""n_neighbors"": 8, ""p"": 1, ""weights"": ""uniform""}",23,2281,0.0,Dune,random,2,Prop0.01,70,True
KRR,0.1478211929733165,"{""regressor__kernel"": ""rbf"", ""regressor__gamma"": 0.01, ""regressor__alpha"": 0.1}",23,2281,0.01,Dune,random,2,Prop0.01,70,True
MR,0.1563486962232718,"{""lasso__regressor__alpha"": 0.1}",23,2281,0.02,Dune,random,2,Prop0.01,70,True
RF,0.15169997214428,"{""max_features"": 1.0, ""min_samples_leaf"": 2, ""n_estimators"": 15}",23,2281,0.03,Dune,random,2,Prop0.01,70,True
SVR,0.1553814252953783,"{""regressor__tol"": 0.1, ""regressor__shrinking"": false, ""regressor__epsilon"": 0.3, ""regressor__coef0"": 1.0, ""regressor__C"": 0.5}",23,2281,0.01,Dune,random,2,Prop0.01,70,True
CART,0.1674694720520457,"{""max_features"": ""log2"", ""min_samples_leaf"": 2, ""splitter"": ""best""}",23,2281,0.0,Dune,random,2,Prop0.01,71,True
kNN,0.1920123795625132,"{""n_neighbors"": 8, ""p"": 1, ""weights"": ""uniform""}",23,2281,0.01,Dune,random,2,Prop0.01,71,True
KRR,0.1721191732248256,"{""regressor__kernel"": ""rbf"", ""regressor__gamma"": 0.01, ""regressor__alpha"": 0.1}",23,2281,0.01,Dune,random,2,Prop0.01,71,True
MR,0.1661966823592055,"{""lasso__regressor__alpha"": 0.1}",23,2281,0.02,Dune,random,2,Prop0.01,71,True
RF,0.151985604646288,"{""max_features"": 1.0, ""min_samples_leaf"": 2, ""n_estimators"": 15}",23,2281,0.03,Dune,random,2,Prop0.01,71,True
SVR,0.1570459659750544,"{""regressor__tol"": 0.1, ""regressor__shrinking"": false, ""regressor__epsilon"": 0.3, ""regressor__coef0"": 1.0, ""regressor__C"": 0.5}",23,2281,0.01,Dune,random,2,Prop0.01,71,True
CART,0.1578151731411602,"{""max_features"": ""log2"", ""min_samples_leaf"": 2, ""splitter"": ""best""}",23,2281,0.0,Dune,random,2,Prop0.01,72,True
kNN,0.1692202281399932,"{""n_neighbors"": 8, ""p"": 1, ""weights"": ""uniform""}",23,2281,0.01,Dune,random,2,Prop0.01,72,True
KRR,0.1578015089434178,"{""regressor__kernel"": ""rbf"", ""regressor__gamma"": 0.01, ""regressor__alpha"": 0.1}",23,2281,0.01,Dune,random,2,Prop0.01,72,True
MR,0.1636910243114813,"{""lasso__regressor__alpha"": 0.1}",23,2281,0.02,Dune,random,2,Prop0.01,72,True
RF,0.1457756490190005,"{""max_features"": 1.0, ""min_samples_leaf"": 2, ""n_estimators"": 15}",23,2281,0.02,Dune,random,2,Prop0.01,72,True
SVR,0.1792992763717614,"{""regressor__tol"": 0.1, ""regressor__shrinking"": false, ""regressor__epsilon"": 0.3, ""regressor__coef0"": 1.0, ""regressor__C"": 0.5}",23,2281,0.01,Dune,random,2,Prop0.01,72,True
CART,0.1554323187921809,"{""max_features"": ""log2"", ""min_samples_leaf"": 2, ""splitter"": ""best""}",23,2281,0.0,Dune,random,2,Prop0.01,73,True
kNN,0.1675468632605188,"{""n_neighbors"": 8, ""p"": 1, ""weights"": ""uniform""}",23,2281,0.01,Dune,random,2,Prop0.01,73,True
KRR,0.1583944490334827,"{""regressor__kernel"": ""rbf"", ""regressor__gamma"": 0.01, ""regressor__alpha"": 0.1}",23,2281,0.01,Dune,random,2,Prop0.01,73,True
MR,0.1549927538695047,"{""lasso__regressor__alpha"": 0.1}",23,2281,0.02,Dune,random,2,Prop0.01,73,True
RF,0.1498557584113406,"{""max_features"": 1.0, ""min_samples_leaf"": 2, ""n_estimators"": 15}",23,2281,0.03,Dune,random,2,Prop0.01,73,True
SVR,0.1633853539112719,"{""regressor__tol"": 0.1, ""regressor__shrinking"": false, ""regressor__epsilon"": 0.3, ""regressor__coef0"": 1.0, ""regressor__C"": 0.5}",23,2281,0.01,Dune,random,2,Prop0.01,73,True
CART,0.1989720063780633,"{""max_features"": ""log2"", ""min_samples_leaf"": 2, ""splitter"": ""best""}",23,2281,0.0,Dune,random,2,Prop0.01,74,True
kNN,0.2212530584193063,"{""n_neighbors"": 8, ""p"": 1, ""weights"": ""uniform""}",23,2281,0.01,Dune,random,2,Prop0.01,74,True
KRR,0.1747585623395474,"{""regressor__kernel"": ""rbf"", ""regressor__gamma"": 0.01, ""regressor__alpha"": 0.1}",23,2281,0.01,Dune,random,2,Prop0.01,74,True
MR,0.1804549174967634,"{""lasso__regressor__alpha"": 0.1}",23,2281,0.02,Dune,random,2,Prop0.01,74,True
RF,0.1535768391250075,"{""max_features"": 1.0, ""min_samples_leaf"": 2, ""n_estimators"": 15}",23,2281,0.03,Dune,random,2,Prop0.01,74,True
SVR,0.221436744749573,"{""regressor__tol"": 0.1, ""regressor__shrinking"": false, ""regressor__epsilon"": 0.3, ""regressor__coef0"": 1.0, ""regressor__C"": 0.5}",23,2281,0.01,Dune,random,2,Prop0.01,74,True
CART,0.1914064454999839,"{""max_features"": ""log2"", ""min_samples_leaf"": 2, ""splitter"": ""best""}",23,2281,0.0,Dune,random,2,Prop0.01,75,True
kNN,0.1511077976307484,"{""n_neighbors"": 8, ""p"": 1, ""weights"": ""uniform""}",23,2281,0.01,Dune,random,2,Prop0.01,75,True
KRR,0.1368298069878374,"{""regressor__kernel"": ""rbf"", ""regressor__gamma"": 0.01, ""regressor__alpha"": 0.1}",23,2281,0.01,Dune,random,2,Prop0.01,75,True
MR,0.1471891798571846,"{""lasso__regressor__alpha"": 0.1}",23,2281,0.02,Dune,random,2,Prop0.01,75,True
RF,0.1414372004834354,"{""max_features"": 1.0, ""min_samples_leaf"": 2, ""n_estimators"": 15}",23,2281,0.03,Dune,random,2,Prop0.01,75,True
SVR,0.1542513326013628,"{""regressor__tol"": 0.1, ""regressor__shrinking"": false, ""regressor__epsilon"": 0.3, ""regressor__coef0"": 1.0, ""regressor__C"": 0.5}",23,2281,0.01,Dune,random,2,Prop0.01,75,True
CART,0.2414847402830121,"{""max_features"": ""log2"", ""min_samples_leaf"": 2, ""splitter"": ""best""}",23,2281,0.0,Dune,random,2,Prop0.01,76,True
kNN,0.2365748955507275,"{""n_neighbors"": 8, ""p"": 1, ""weights"": ""uniform""}",23,2281,0.01,Dune,random,2,Prop0.01,76,True
KRR,0.2874666861388147,"{""regressor__kernel"": ""rbf"", ""regressor__gamma"": 0.01, ""regressor__alpha"": 0.1}",23,2281,0.01,Dune,random,2,Prop0.01,76,True
MR,0.200546844526241,"{""lasso__regressor__alpha"": 0.1}",23,2281,0.02,Dune,random,2,Prop0.01,76,True
RF,0.1927866010077726,"{""max_features"": 1.0, ""min_samples_leaf"": 2, ""n_estimators"": 15}",23,2281,0.03,Dune,random,2,Prop0.01,76,True
SVR,0.1935977600987017,"{""regressor__tol"": 0.1, ""regressor__shrinking"": false, ""regressor__epsilon"": 0.3, ""regressor__coef0"": 1.0, ""regressor__C"": 0.5}",23,2281,0.0,Dune,random,2,Prop0.01,76,True
CART,0.1868154227584198,"{""max_features"": ""log2"", ""min_samples_leaf"": 2, ""splitter"": ""best""}",23,2281,0.0,Dune,random,2,Prop0.01,77,True
kNN,0.2661349195430019,"{""n_neighbors"": 8, ""p"": 1, ""weights"": ""uniform""}",23,2281,0.0,Dune,random,2,Prop0.01,77,True
KRR,0.2609449865146107,"{""regressor__kernel"": ""rbf"", ""regressor__gamma"": 0.01, ""regressor__alpha"": 0.1}",23,2281,0.0,Dune,random,2,Prop0.01,77,True
MR,0.1735734087369901,"{""lasso__regressor__alpha"": 0.1}",23,2281,0.02,Dune,random,2,Prop0.01,77,True
RF,0.1789846425280803,"{""max_features"": 1.0, ""min_samples_leaf"": 2, ""n_estimators"": 15}",23,2281,0.03,Dune,random,2,Prop0.01,77,True
SVR,0.2339638810802721,"{""regressor__tol"": 0.1, ""regressor__shrinking"": false, ""regressor__epsilon"": 0.3, ""regressor__coef0"": 1.0, ""regressor__C"": 0.5}",23,2281,0.01,Dune,random,2,Prop0.01,77,True
CART,0.2140097139839188,"{""max_features"": ""log2"", ""min_samples_leaf"": 2, ""splitter"": ""best""}",23,2281,0.0,Dune,random,2,Prop0.01,78,True
kNN,0.1642322667929999,"{""n_neighbors"": 8, ""p"": 1, ""weights"": ""uniform""}",23,2281,0.01,Dune,random,2,Prop0.01,78,True
KRR,0.1600520906275586,"{""regressor__kernel"": ""rbf"", ""regressor__gamma"": 0.01, ""regressor__alpha"": 0.1}",23,2281,0.01,Dune,random,2,Prop0.01,78,True
MR,0.162396645832738,"{""lasso__regressor__alpha"": 0.1}",23,2281,0.02,Dune,random,2,Prop0.01,78,True
RF,0.1603865089906101,"{""max_features"": 1.0, ""min_samples_leaf"": 2, ""n_estimators"": 15}",23,2281,0.03,Dune,random,2,Prop0.01,78,True
SVR,0.1651411526455382,"{""regressor__tol"": 0.1, ""regressor__shrinking"": false, ""regressor__epsilon"": 0.3, ""regressor__coef0"": 1.0, ""regressor__C"": 0.5}",23,2281,0.01,Dune,random,2,Prop0.01,78,True
CART,0.1802422073480814,"{""max_features"": ""log2"", ""min_samples_leaf"": 2, ""splitter"": ""best""}",23,2281,0.0,Dune,random,2,Prop0.01,79,True
kNN,0.1621835826080824,"{""n_neighbors"": 8, ""p"": 1, ""weights"": ""uniform""}",23,2281,0.01,Dune,random,2,Prop0.01,79,True
KRR,0.1536869806640884,"{""regressor__kernel"": ""rbf"", ""regressor__gamma"": 0.01, ""regressor__alpha"": 0.1}",23,2281,0.01,Dune,random,2,Prop0.01,79,True
MR,0.1582958759945443,"{""lasso__regressor__alpha"": 0.1}",23,2281,0.02,Dune,random,2,Prop0.01,79,True
RF,0.1560805276866602,"{""max_features"": 1.0, ""min_samples_leaf"": 2, ""n_estimators"": 15}",23,2281,0.03,Dune,random,2,Prop0.01,79,True
SVR,0.1580452703076773,"{""regressor__tol"": 0.1, ""regressor__shrinking"": false, ""regressor__epsilon"": 0.3, ""regressor__coef0"": 1.0, ""regressor__C"": 0.5}",23,2281,0.01,Dune,random,2,Prop0.01,79,True
CART,0.1679922706776247,"{""max_features"": ""log2"", ""min_samples_leaf"": 2, ""splitter"": ""best""}",23,2281,0.0,Dune,random,2,Prop0.01,80,True
kNN,0.1605035780494431,"{""n_neighbors"": 8, ""p"": 1, ""weights"": ""uniform""}",23,2281,0.01,Dune,random,2,Prop0.01,80,True
KRR,0.149223557533192,"{""regressor__kernel"": ""rbf"", ""regressor__gamma"": 0.01, ""regressor__alpha"": 0.1}",23,2281,0.01,Dune,random,2,Prop0.01,80,True
MR,0.1482083929193784,"{""lasso__regressor__alpha"": 0.1}",23,2281,0.02,Dune,random,2,Prop0.01,80,True
RF,0.1550657330342445,"{""max_features"": 1.0, ""min_samples_leaf"": 2, ""n_estimators"": 15}",23,2281,0.03,Dune,random,2,Prop0.01,80,True
SVR,0.1608673018706795,"{""regressor__tol"": 0.1, ""regressor__shrinking"": false, ""regressor__epsilon"": 0.3, ""regressor__coef0"": 1.0, ""regressor__C"": 0.5}",23,2281,0.01,Dune,random,2,Prop0.01,80,True
CART,0.1654043550514795,"{""max_features"": ""log2"", ""min_samples_leaf"": 2, ""splitter"": ""best""}",23,2281,0.0,Dune,random,2,Prop0.01,81,True
kNN,0.1937933897919862,"{""n_neighbors"": 8, ""p"": 1, ""weights"": ""uniform""}",23,2281,0.01,Dune,random,2,Prop0.01,81,True
KRR,0.1875125330244743,"{""regressor__kernel"": ""rbf"", ""regressor__gamma"": 0.01, ""regressor__alpha"": 0.1}",23,2281,0.01,Dune,random,2,Prop0.01,81,True
MR,0.2080942170032646,"{""lasso__regressor__alpha"": 0.1}",23,2281,0.02,Dune,random,2,Prop0.01,81,True
RF,0.1963615183167406,"{""max_features"": 1.0, ""min_samples_leaf"": 2, ""n_estimators"": 15}",23,2281,0.03,Dune,random,2,Prop0.01,81,True
SVR,0.1807629158790688,"{""regressor__tol"": 0.1, ""regressor__shrinking"": false, ""regressor__epsilon"": 0.3, ""regressor__coef0"": 1.0, ""regressor__C"": 0.5}",23,2281,0.01,Dune,random,2,Prop0.01,81,True
CART,0.1664051131975489,"{""max_features"": ""log2"", ""min_samples_leaf"": 2, ""splitter"": ""best""}",23,2281,0.0,Dune,random,2,Prop0.01,82,True
kNN,0.1621494278627777,"{""n_neighbors"": 8, ""p"": 1, ""weights"": ""uniform""}",23,2281,0.01,Dune,random,2,Prop0.01,82,True
KRR,0.1488074766176749,"{""regressor__kernel"": ""rbf"", ""regressor__gamma"": 0.01, ""regressor__alpha"": 0.1}",23,2281,0.01,Dune,random,2,Prop0.01,82,True
MR,0.1620052424985092,"{""lasso__regressor__alpha"": 0.1}",23,2281,0.02,Dune,random,2,Prop0.01,82,True
RF,0.1571068856905903,"{""max_features"": 1.0, ""min_samples_leaf"": 2, ""n_estimators"": 15}",23,2281,0.03,Dune,random,2,Prop0.01,82,True
SVR,0.1605505220347904,"{""regressor__tol"": 0.1, ""regressor__shrinking"": false, ""regressor__epsilon"": 0.3, ""regressor__coef0"": 1.0, ""regressor__C"": 0.5}",23,2281,0.01,Dune,random,2,Prop0.01,82,True
CART,0.1627008654282836,"{""max_features"": ""log2"", ""min_samples_leaf"": 2, ""splitter"": ""best""}",23,2281,0.0,Dune,random,2,Prop0.01,83,True
kNN,0.1609736865460866,"{""n_neighbors"": 8, ""p"": 1, ""weights"": ""uniform""}",23,2281,0.01,Dune,random,2,Prop0.01,83,True
KRR,0.1530120737390986,"{""regressor__kernel"": ""rbf"", ""regressor__gamma"": 0.01, ""regressor__alpha"": 0.1}",23,2281,0.01,Dune,random,2,Prop0.01,83,True
MR,0.1612816751381625,"{""lasso__regressor__alpha"": 0.1}",23,2281,0.02,Dune,random,2,Prop0.01,83,True
RF,0.1500073137335567,"{""max_features"": 1.0, ""min_samples_leaf"": 2, ""n_estimators"": 15}",23,2281,0.03,Dune,random,2,Prop0.01,83,True
SVR,0.1628143395879371,"{""regressor__tol"": 0.1, ""regressor__shrinking"": false, ""regressor__epsilon"": 0.3, ""regressor__coef0"": 1.0, ""regressor__C"": 0.5}",23,2281,0.0,Dune,random,2,Prop0.01,83,True
CART,0.2721260963131238,"{""max_features"": ""log2"", ""min_samples_leaf"": 2, ""splitter"": ""best""}",23,2281,0.0,Dune,random,2,Prop0.01,84,True
kNN,0.2098506228501494,"{""n_neighbors"": 8, ""p"": 1, ""weights"": ""uniform""}",23,2281,0.01,Dune,random,2,Prop0.01,84,True
KRR,0.2567376436433826,"{""regressor__kernel"": ""rbf"", ""regressor__gamma"": 0.01, ""regressor__alpha"": 0.1}",23,2281,0.01,Dune,random,2,Prop0.01,84,True
MR,0.1876591726243183,"{""lasso__regressor__alpha"": 0.1}",23,2281,0.02,Dune,random,2,Prop0.01,84,True
RF,0.1992819738118626,"{""max_features"": 1.0, ""min_samples_leaf"": 2, ""n_estimators"": 15}",23,2281,0.03,Dune,random,2,Prop0.01,84,True
SVR,0.1893007123297962,"{""regressor__tol"": 0.1, ""regressor__shrinking"": false, ""regressor__epsilon"": 0.3, ""regressor__coef0"": 1.0, ""regressor__C"": 0.5}",23,2281,0.01,Dune,random,2,Prop0.01,84,True
CART,0.4355943312878012,"{""max_features"": ""log2"", ""min_samples_leaf"": 2, ""splitter"": ""best""}",23,2281,0.0,Dune,random,2,Prop0.01,85,True
kNN,0.3055573458752257,"{""n_neighbors"": 8, ""p"": 1, ""weights"": ""uniform""}",23,2281,0.01,Dune,random,2,Prop0.01,85,True
KRR,0.2504748026720547,"{""regressor__kernel"": ""rbf"", ""regressor__gamma"": 0.01, ""regressor__alpha"": 0.1}",23,2281,0.01,Dune,random,2,Prop0.01,85,True
MR,0.2547157714161385,"{""lasso__regressor__alpha"": 0.1}",23,2281,0.02,Dune,random,2,Prop0.01,85,True
RF,0.2330007982282632,"{""max_features"": 1.0, ""min_samples_leaf"": 2, ""n_estimators"": 15}",23,2281,0.03,Dune,random,2,Prop0.01,85,True
SVR,0.183644808624812,"{""regressor__tol"": 0.1, ""regressor__shrinking"": false, ""regressor__epsilon"": 0.3, ""regressor__coef0"": 1.0, ""regressor__C"": 0.5}",23,2281,0.01,Dune,random,2,Prop0.01,85,True
CART,0.259754755877515,"{""max_features"": ""log2"", ""min_samples_leaf"": 2, ""splitter"": ""best""}",23,2281,0.0,Dune,random,2,Prop0.01,86,True
kNN,0.23084228225411,"{""n_neighbors"": 8, ""p"": 1, ""weights"": ""uniform""}",23,2281,0.01,Dune,random,2,Prop0.01,86,True
KRR,0.2666914247016732,"{""regressor__kernel"": ""rbf"", ""regressor__gamma"": 0.01, ""regressor__alpha"": 0.1}",23,2281,0.01,Dune,random,2,Prop0.01,86,True
MR,0.2073798703534191,"{""lasso__regressor__alpha"": 0.1}",23,2281,0.02,Dune,random,2,Prop0.01,86,True
RF,0.2560460630537617,"{""max_features"": 1.0, ""min_samples_leaf"": 2, ""n_estimators"": 15}",23,2281,0.03,Dune,random,2,Prop0.01,86,True
SVR,0.1931810084485125,"{""regressor__tol"": 0.1, ""regressor__shrinking"": false, ""regressor__epsilon"": 0.3, ""regressor__coef0"": 1.0, ""regressor__C"": 0.5}",23,2281,0.0,Dune,random,2,Prop0.01,86,True
CART,0.1540447855668846,"{""max_features"": ""log2"", ""min_samples_leaf"": 2, ""splitter"": ""best""}",23,2281,0.0,Dune,random,2,Prop0.01,87,True
kNN,0.1563463543287191,"{""n_neighbors"": 8, ""p"": 1, ""weights"": ""uniform""}",23,2281,0.01,Dune,random,2,Prop0.01,87,True
KRR,0.1404065465022801,"{""regressor__kernel"": ""rbf"", ""regressor__gamma"": 0.01, ""regressor__alpha"": 0.1}",23,2281,0.01,Dune,random,2,Prop0.01,87,True
MR,0.1759622955534744,"{""lasso__regressor__alpha"": 0.1}",23,2281,0.02,Dune,random,2,Prop0.01,87,True
RF,0.1669433250903813,"{""max_features"": 1.0, ""min_samples_leaf"": 2, ""n_estimators"": 15}",23,2281,0.03,Dune,random,2,Prop0.01,87,True
SVR,0.1539714792850046,"{""regressor__tol"": 0.1, ""regressor__shrinking"": false, ""regressor__epsilon"": 0.3, ""regressor__coef0"": 1.0, ""regressor__C"": 0.5}",23,2281,0.01,Dune,random,2,Prop0.01,87,True
CART,0.1735123965403489,"{""max_features"": ""log2"", ""min_samples_leaf"": 2, ""splitter"": ""best""}",23,2281,0.0,Dune,random,2,Prop0.01,88,True
kNN,0.1859351010355242,"{""n_neighbors"": 8, ""p"": 1, ""weights"": ""uniform""}",23,2281,0.01,Dune,random,2,Prop0.01,88,True
KRR,0.1687402273835215,"{""regressor__kernel"": ""rbf"", ""regressor__gamma"": 0.01, ""regressor__alpha"": 0.1}",23,2281,0.01,Dune,random,2,Prop0.01,88,True
MR,0.1830295156882924,"{""lasso__regressor__alpha"": 0.1}",23,2281,0.02,Dune,random,2,Prop0.01,88,True
RF,0.2263942457680864,"{""max_features"": 1.0, ""min_samples_leaf"": 2, ""n_estimators"": 15}",23,2281,0.03,Dune,random,2,Prop0.01,88,True
SVR,0.158691627752019,"{""regressor__tol"": 0.1, ""regressor__shrinking"": false, ""regressor__epsilon"": 0.3, ""regressor__coef0"": 1.0, ""regressor__C"": 0.5}",23,2281,0.01,Dune,random,2,Prop0.01,88,True
CART,0.1839320662387339,"{""max_features"": ""log2"", ""min_samples_leaf"": 2, ""splitter"": ""best""}",23,2281,0.0,Dune,random,2,Prop0.01,89,True
kNN,0.2004423819121547,"{""n_neighbors"": 8, ""p"": 1, ""weights"": ""uniform""}",23,2281,0.01,Dune,random,2,Prop0.01,89,True
KRR,0.1742371056541893,"{""regressor__kernel"": ""rbf"", ""regressor__gamma"": 0.01, ""regressor__alpha"": 0.1}",23,2281,0.01,Dune,random,2,Prop0.01,89,True
MR,0.1725640969092216,"{""lasso__regressor__alpha"": 0.1}",23,2281,0.02,Dune,random,2,Prop0.01,89,True
RF,0.1862862205901108,"{""max_features"": 1.0, ""min_samples_leaf"": 2, ""n_estimators"": 15}",23,2281,0.03,Dune,random,2,Prop0.01,89,True
SVR,0.1761622904649335,"{""regressor__tol"": 0.1, ""regressor__shrinking"": false, ""regressor__epsilon"": 0.3, ""regressor__coef0"": 1.0, ""regressor__C"": 0.5}",23,2281,0.01,Dune,random,2,Prop0.01,89,True
CART,0.1944807237928597,"{""max_features"": ""log2"", ""min_samples_leaf"": 2, ""splitter"": ""best""}",23,2281,0.0,Dune,random,2,Prop0.01,90,True
kNN,0.2010805178765266,"{""n_neighbors"": 8, ""p"": 1, ""weights"": ""uniform""}",23,2281,0.01,Dune,random,2,Prop0.01,90,True
KRR,0.1932729450300451,"{""regressor__kernel"": ""rbf"", ""regressor__gamma"": 0.01, ""regressor__alpha"": 0.1}",23,2281,0.01,Dune,random,2,Prop0.01,90,True
MR,0.1831853589964849,"{""lasso__regressor__alpha"": 0.1}",23,2281,0.02,Dune,random,2,Prop0.01,90,True
RF,0.1844336339565342,"{""max_features"": 1.0, ""min_samples_leaf"": 2, ""n_estimators"": 15}",23,2281,0.03,Dune,random,2,Prop0.01,90,True
SVR,0.1753581744171924,"{""regressor__tol"": 0.1, ""regressor__shrinking"": false, ""regressor__epsilon"": 0.3, ""regressor__coef0"": 1.0, ""regressor__C"": 0.5}",23,2281,0.01,Dune,random,2,Prop0.01,90,True
CART,0.1598968021350177,"{""max_features"": ""log2"", ""min_samples_leaf"": 2, ""splitter"": ""best""}",23,2281,0.0,Dune,random,2,Prop0.01,91,True
kNN,0.1594148221913954,"{""n_neighbors"": 8, ""p"": 1, ""weights"": ""uniform""}",23,2281,0.01,Dune,random,2,Prop0.01,91,True
KRR,0.1480195674604748,"{""regressor__kernel"": ""rbf"", ""regressor__gamma"": 0.01, ""regressor__alpha"": 0.1}",23,2281,0.01,Dune,random,2,Prop0.01,91,True
MR,0.1612233195433666,"{""lasso__regressor__alpha"": 0.1}",23,2281,0.02,Dune,random,2,Prop0.01,91,True
RF,0.152241586099743,"{""max_features"": 1.0, ""min_samples_leaf"": 2, ""n_estimators"": 15}",23,2281,0.03,Dune,random,2,Prop0.01,91,True
SVR,0.1580941489532615,"{""regressor__tol"": 0.1, ""regressor__shrinking"": false, ""regressor__epsilon"": 0.3, ""regressor__coef0"": 1.0, ""regressor__C"": 0.5}",23,2281,0.01,Dune,random,2,Prop0.01,91,True
CART,0.1721317172595182,"{""max_features"": ""log2"", ""min_samples_leaf"": 2, ""splitter"": ""best""}",23,2281,0.0,Dune,random,2,Prop0.01,92,True
kNN,0.1762872751690437,"{""n_neighbors"": 8, ""p"": 1, ""weights"": ""uniform""}",23,2281,0.01,Dune,random,2,Prop0.01,92,True
KRR,0.1600010014953569,"{""regressor__kernel"": ""rbf"", ""regressor__gamma"": 0.01, ""regressor__alpha"": 0.1}",23,2281,0.01,Dune,random,2,Prop0.01,92,True
MR,0.1618257917447685,"{""lasso__regressor__alpha"": 0.1}",23,2281,0.02,Dune,random,2,Prop0.01,92,True
RF,0.1456929833886578,"{""max_features"": 1.0, ""min_samples_leaf"": 2, ""n_estimators"": 15}",23,2281,0.03,Dune,random,2,Prop0.01,92,True
SVR,0.1659240801672449,"{""regressor__tol"": 0.1, ""regressor__shrinking"": false, ""regressor__epsilon"": 0.3, ""regressor__coef0"": 1.0, ""regressor__C"": 0.5}",23,2281,0.01,Dune,random,2,Prop0.01,92,True
CART,0.1584268189424526,"{""max_features"": ""log2"", ""min_samples_leaf"": 2, ""splitter"": ""best""}",23,2281,0.0,Dune,random,2,Prop0.01,93,True
kNN,0.1671008519433344,"{""n_neighbors"": 8, ""p"": 1, ""weights"": ""uniform""}",23,2281,0.01,Dune,random,2,Prop0.01,93,True
KRR,0.1564476130574039,"{""regressor__kernel"": ""rbf"", ""regressor__gamma"": 0.01, ""regressor__alpha"": 0.1}",23,2281,0.01,Dune,random,2,Prop0.01,93,True
MR,0.1588475465991895,"{""lasso__regressor__alpha"": 0.1}",23,2281,0.02,Dune,random,2,Prop0.01,93,True
RF,0.14510726463503,"{""max_features"": 1.0, ""min_samples_leaf"": 2, ""n_estimators"": 15}",23,2281,0.03,Dune,random,2,Prop0.01,93,True
SVR,0.1650962221955111,"{""regressor__tol"": 0.1, ""regressor__shrinking"": false, ""regressor__epsilon"": 0.3, ""regressor__coef0"": 1.0, ""regressor__C"": 0.5}",23,2281,0.01,Dune,random,2,Prop0.01,93,True
CART,0.1684889940762967,"{""max_features"": ""log2"", ""min_samples_leaf"": 2, ""splitter"": ""best""}",23,2281,0.0,Dune,random,2,Prop0.01,94,True
kNN,0.1750875626282032,"{""n_neighbors"": 8, ""p"": 1, ""weights"": ""uniform""}",23,2281,0.01,Dune,random,2,Prop0.01,94,True
KRR,0.1570758274293905,"{""regressor__kernel"": ""rbf"", ""regressor__gamma"": 0.01, ""regressor__alpha"": 0.1}",23,2281,0.01,Dune,random,2,Prop0.01,94,True
MR,0.1819310846415823,"{""lasso__regressor__alpha"": 0.1}",23,2281,0.02,Dune,random,2,Prop0.01,94,True
RF,0.2019993533003916,"{""max_features"": 1.0, ""min_samples_leaf"": 2, ""n_estimators"": 15}",23,2281,0.03,Dune,random,2,Prop0.01,94,True
SVR,0.1857160972899485,"{""regressor__tol"": 0.1, ""regressor__shrinking"": false, ""regressor__epsilon"": 0.3, ""regressor__coef0"": 1.0, ""regressor__C"": 0.5}",23,2281,0.01,Dune,random,2,Prop0.01,94,True
CART,0.1831879406064944,"{""max_features"": ""log2"", ""min_samples_leaf"": 2, ""splitter"": ""best""}",23,2281,0.0,Dune,random,2,Prop0.01,95,True
kNN,0.1581019156294815,"{""n_neighbors"": 8, ""p"": 1, ""weights"": ""uniform""}",23,2281,0.01,Dune,random,2,Prop0.01,95,True
KRR,0.1443444935209949,"{""regressor__kernel"": ""rbf"", ""regressor__gamma"": 0.01, ""regressor__alpha"": 0.1}",23,2281,0.01,Dune,random,2,Prop0.01,95,True
MR,0.1621780712898951,"{""lasso__regressor__alpha"": 0.1}",23,2281,0.02,Dune,random,2,Prop0.01,95,True
RF,0.1471358206950295,"{""max_features"": 1.0, ""min_samples_leaf"": 2, ""n_estimators"": 15}",23,2281,0.03,Dune,random,2,Prop0.01,95,True
SVR,0.1606348305771862,"{""regressor__tol"": 0.1, ""regressor__shrinking"": false, ""regressor__epsilon"": 0.3, ""regressor__coef0"": 1.0, ""regressor__C"": 0.5}",23,2281,0.0,Dune,random,2,Prop0.01,95,True
CART,0.1766762634770045,"{""max_features"": ""log2"", ""min_samples_leaf"": 2, ""splitter"": ""best""}",23,2281,0.0,Dune,random,2,Prop0.01,96,True
kNN,0.1556937859382258,"{""n_neighbors"": 8, ""p"": 1, ""weights"": ""uniform""}",23,2281,0.01,Dune,random,2,Prop0.01,96,True
KRR,0.152627559072296,"{""regressor__kernel"": ""rbf"", ""regressor__gamma"": 0.01, ""regressor__alpha"": 0.1}",23,2281,0.01,Dune,random,2,Prop0.01,96,True
MR,0.1535084188791123,"{""lasso__regressor__alpha"": 0.1}",23,2281,0.02,Dune,random,2,Prop0.01,96,True
RF,0.1557875462860041,"{""max_features"": 1.0, ""min_samples_leaf"": 2, ""n_estimators"": 15}",23,2281,0.03,Dune,random,2,Prop0.01,96,True
SVR,0.1531916506391887,"{""regressor__tol"": 0.1, ""regressor__shrinking"": false, ""regressor__epsilon"": 0.3, ""regressor__coef0"": 1.0, ""regressor__C"": 0.5}",23,2281,0.01,Dune,random,2,Prop0.01,96,True
CART,0.1744991159007418,"{""max_features"": ""log2"", ""min_samples_leaf"": 2, ""splitter"": ""best""}",23,2281,0.0,Dune,random,2,Prop0.01,97,True
kNN,0.1759143910409803,"{""n_neighbors"": 8, ""p"": 1, ""weights"": ""uniform""}",23,2281,0.01,Dune,random,2,Prop0.01,97,True
KRR,0.1742478276378573,"{""regressor__kernel"": ""rbf"", ""regressor__gamma"": 0.01, ""regressor__alpha"": 0.1}",23,2281,0.01,Dune,random,2,Prop0.01,97,True
MR,0.1727142752733461,"{""lasso__regressor__alpha"": 0.1}",23,2281,0.02,Dune,random,2,Prop0.01,97,True
RF,0.1720699209346983,"{""max_features"": 1.0, ""min_samples_leaf"": 2, ""n_estimators"": 15}",23,2281,0.03,Dune,random,2,Prop0.01,97,True
SVR,0.1626807828808159,"{""regressor__tol"": 0.1, ""regressor__shrinking"": false, ""regressor__epsilon"": 0.3, ""regressor__coef0"": 1.0, ""regressor__C"": 0.5}",23,2281,0.01,Dune,random,2,Prop0.01,97,True
CART,0.1590849853133078,"{""max_features"": ""log2"", ""min_samples_leaf"": 2, ""splitter"": ""best""}",23,2281,0.0,Dune,random,2,Prop0.01,98,True
kNN,0.1540970800881322,"{""n_neighbors"": 8, ""p"": 1, ""weights"": ""uniform""}",23,2281,0.01,Dune,random,2,Prop0.01,98,True
KRR,0.1412586596884266,"{""regressor__kernel"": ""rbf"", ""regressor__gamma"": 0.01, ""regressor__alpha"": 0.1}",23,2281,0.01,Dune,random,2,Prop0.01,98,True
MR,0.1414860632731564,"{""lasso__regressor__alpha"": 0.1}",23,2281,0.02,Dune,random,2,Prop0.01,98,True
RF,0.1386571261480466,"{""max_features"": 1.0, ""min_samples_leaf"": 2, ""n_estimators"": 15}",23,2281,0.03,Dune,random,2,Prop0.01,98,True
SVR,0.1530264596522604,"{""regressor__tol"": 0.1, ""regressor__shrinking"": false, ""regressor__epsilon"": 0.3, ""regressor__coef0"": 1.0, ""regressor__C"": 0.5}",23,2281,0.01,Dune,random,2,Prop0.01,98,True
CART,0.1839681660903361,"{""max_features"": ""log2"", ""min_samples_leaf"": 2, ""splitter"": ""best""}",23,2281,0.0,Dune,random,2,Prop0.01,99,True
kNN,0.184398033969187,"{""n_neighbors"": 8, ""p"": 1, ""weights"": ""uniform""}",23,2281,0.01,Dune,random,2,Prop0.01,99,True
KRR,0.1579881185494241,"{""regressor__kernel"": ""rbf"", ""regressor__gamma"": 0.01, ""regressor__alpha"": 0.1}",23,2281,0.01,Dune,random,2,Prop0.01,99,True
MR,0.1658263371683829,"{""lasso__regressor__alpha"": 0.1}",23,2281,0.02,Dune,random,2,Prop0.01,99,True
RF,0.1630930992423855,"{""max_features"": 1.0, ""min_samples_leaf"": 2, ""n_estimators"": 15}",23,2281,0.03,Dune,random,2,Prop0.01,99,True
SVR,0.1744490421281539,"{""regressor__tol"": 0.1, ""regressor__shrinking"": false, ""regressor__epsilon"": 0.3, ""regressor__coef0"": 1.0, ""regressor__C"": 0.5}",23,2281,0.01,Dune,random,2,Prop0.01,99,True
CART,0.1801053499104165,"{""max_features"": ""log2"", ""min_samples_leaf"": 2, ""splitter"": ""best""}",23,2281,0.0,Dune,random,2,Prop0.01,100,True
kNN,0.2005635104457728,"{""n_neighbors"": 8, ""p"": 1, ""weights"": ""uniform""}",23,2281,0.01,Dune,random,2,Prop0.01,100,True
KRR,0.1854576507181463,"{""regressor__kernel"": ""rbf"", ""regressor__gamma"": 0.01, ""regressor__alpha"": 0.1}",23,2281,0.01,Dune,random,2,Prop0.01,100,True
MR,0.1876586769053185,"{""lasso__regressor__alpha"": 0.1}",23,2281,0.01,Dune,random,2,Prop0.01,100,True
RF,0.2041110008954659,"{""max_features"": 1.0, ""min_samples_leaf"": 2, ""n_estimators"": 15}",23,2281,0.02,Dune,random,2,Prop0.01,100,True
SVR,0.1676331299985364,"{""regressor__tol"": 0.1, ""regressor__shrinking"": false, ""regressor__epsilon"": 0.3, ""regressor__coef0"": 1.0, ""regressor__C"": 0.5}",23,2281,0.0,Dune,random,2,Prop0.01,100,True
CART,0.1517200037743019,"{""max_features"": ""log2"", ""min_samples_leaf"": 2, ""splitter"": ""random""}",46,2258,0.0,Dune,random,2,Prop0.02,1,True
kNN,0.1674984770005918,"{""n_neighbors"": 12, ""p"": 1, ""weights"": ""distance""}",46,2258,0.01,Dune,random,2,Prop0.02,1,True
KRR,0.1319115251111681,"{""regressor__kernel"": ""rbf"", ""regressor__gamma"": 0.05, ""regressor__alpha"": 0.1}",46,2258,0.02,Dune,random,2,Prop0.02,1,True
MR,0.1616399854296872,"{""lasso__regressor__alpha"": 0.1}",46,2258,0.02,Dune,random,2,Prop0.02,1,True
RF,0.1375869870566495,"{""max_features"": 1.0, ""min_samples_leaf"": 2, ""n_estimators"": 10}",46,2258,0.02,Dune,random,2,Prop0.02,1,True
SVR,0.1224153117590338,"{""regressor__tol"": 0.1, ""regressor__shrinking"": false, ""regressor__epsilon"": 0.1, ""regressor__coef0"": 1.0, ""regressor__C"": 2.0}",46,2258,0.01,Dune,random,2,Prop0.02,1,True
CART,0.1868836615791914,"{""max_features"": ""log2"", ""min_samples_leaf"": 2, ""splitter"": ""random""}",46,2258,0.0,Dune,random,2,Prop0.02,2,True
kNN,0.1774014941422561,"{""n_neighbors"": 12, ""p"": 1, ""weights"": ""distance""}",46,2258,0.01,Dune,random,2,Prop0.02,2,True
KRR,0.1800913735085125,"{""regressor__kernel"": ""rbf"", ""regressor__gamma"": 0.05, ""regressor__alpha"": 0.1}",46,2258,0.02,Dune,random,2,Prop0.02,2,True
MR,0.175261598582225,"{""lasso__regressor__alpha"": 0.1}",46,2258,0.02,Dune,random,2,Prop0.02,2,True
RF,0.142002040966343,"{""max_features"": 1.0, ""min_samples_leaf"": 2, ""n_estimators"": 10}",46,2258,0.02,Dune,random,2,Prop0.02,2,True
SVR,0.1335507206993188,"{""regressor__tol"": 0.1, ""regressor__shrinking"": false, ""regressor__epsilon"": 0.1, ""regressor__coef0"": 1.0, ""regressor__C"": 2.0}",46,2258,0.01,Dune,random,2,Prop0.02,2,True
CART,0.2528872549077606,"{""max_features"": ""log2"", ""min_samples_leaf"": 2, ""splitter"": ""random""}",46,2258,0.0,Dune,random,2,Prop0.02,3,True
kNN,0.201785066474913,"{""n_neighbors"": 12, ""p"": 1, ""weights"": ""distance""}",46,2258,0.01,Dune,random,2,Prop0.02,3,True
KRR,0.1639542484676568,"{""regressor__kernel"": ""rbf"", ""regressor__gamma"": 0.05, ""regressor__alpha"": 0.1}",46,2258,0.02,Dune,random,2,Prop0.02,3,True
MR,0.1853580380342439,"{""lasso__regressor__alpha"": 0.1}",46,2258,0.03,Dune,random,2,Prop0.02,3,True
RF,0.203331131149208,"{""max_features"": 1.0, ""min_samples_leaf"": 2, ""n_estimators"": 10}",46,2258,0.02,Dune,random,2,Prop0.02,3,True
SVR,0.1489403384721307,"{""regressor__tol"": 0.1, ""regressor__shrinking"": false, ""regressor__epsilon"": 0.1, ""regressor__coef0"": 1.0, ""regressor__C"": 2.0}",46,2258,0.01,Dune,random,2,Prop0.02,3,True
CART,0.152596770107714,"{""max_features"": ""log2"", ""min_samples_leaf"": 2, ""splitter"": ""random""}",46,2258,0.0,Dune,random,2,Prop0.02,4,True
kNN,0.1957611232765796,"{""n_neighbors"": 12, ""p"": 1, ""weights"": ""distance""}",46,2258,0.01,Dune,random,2,Prop0.02,4,True
KRR,0.1820241877801816,"{""regressor__kernel"": ""rbf"", ""regressor__gamma"": 0.05, ""regressor__alpha"": 0.1}",46,2258,0.02,Dune,random,2,Prop0.02,4,True
MR,0.1583930567553765,"{""lasso__regressor__alpha"": 0.1}",46,2258,0.02,Dune,random,2,Prop0.02,4,True
RF,0.1459293888538511,"{""max_features"": 1.0, ""min_samples_leaf"": 2, ""n_estimators"": 10}",46,2258,0.02,Dune,random,2,Prop0.02,4,True
SVR,0.1317948757259577,"{""regressor__tol"": 0.1, ""regressor__shrinking"": false, ""regressor__epsilon"": 0.1, ""regressor__coef0"": 1.0, ""regressor__C"": 2.0}",46,2258,0.01,Dune,random,2,Prop0.02,4,True
CART,0.1557864561091221,"{""max_features"": ""log2"", ""min_samples_leaf"": 2, ""splitter"": ""random""}",46,2258,0.0,Dune,random,2,Prop0.02,5,True
kNN,0.1614909210707044,"{""n_neighbors"": 12, ""p"": 1, ""weights"": ""distance""}",46,2258,0.01,Dune,random,2,Prop0.02,5,True
KRR,0.1213153858815454,"{""regressor__kernel"": ""rbf"", ""regressor__gamma"": 0.05, ""regressor__alpha"": 0.1}",46,2258,0.01,Dune,random,2,Prop0.02,5,True
MR,0.1506905400600682,"{""lasso__regressor__alpha"": 0.1}",46,2258,0.02,Dune,random,2,Prop0.02,5,True
RF,0.1384099442063669,"{""max_features"": 1.0, ""min_samples_leaf"": 2, ""n_estimators"": 10}",46,2258,0.02,Dune,random,2,Prop0.02,5,True
SVR,0.1287531700538036,"{""regressor__tol"": 0.1, ""regressor__shrinking"": false, ""regressor__epsilon"": 0.1, ""regressor__coef0"": 1.0, ""regressor__C"": 2.0}",46,2258,0.01,Dune,random,2,Prop0.02,5,True
CART,0.1653406645030617,"{""max_features"": ""log2"", ""min_samples_leaf"": 2, ""splitter"": ""random""}",46,2258,0.0,Dune,random,2,Prop0.02,6,True
kNN,0.1749554947844148,"{""n_neighbors"": 12, ""p"": 1, ""weights"": ""distance""}",46,2258,0.01,Dune,random,2,Prop0.02,6,True
KRR,0.162445254312217,"{""regressor__kernel"": ""rbf"", ""regressor__gamma"": 0.05, ""regressor__alpha"": 0.1}",46,2258,0.01,Dune,random,2,Prop0.02,6,True
MR,0.1592079357977783,"{""lasso__regressor__alpha"": 0.1}",46,2258,0.02,Dune,random,2,Prop0.02,6,True
RF,0.1357402379097226,"{""max_features"": 1.0, ""min_samples_leaf"": 2, ""n_estimators"": 10}",46,2258,0.02,Dune,random,2,Prop0.02,6,True
SVR,0.1232865326034078,"{""regressor__tol"": 0.1, ""regressor__shrinking"": false, ""regressor__epsilon"": 0.1, ""regressor__coef0"": 1.0, ""regressor__C"": 2.0}",46,2258,0.01,Dune,random,2,Prop0.02,6,True
CART,0.1482840126309125,"{""max_features"": ""log2"", ""min_samples_leaf"": 2, ""splitter"": ""random""}",46,2258,0.0,Dune,random,2,Prop0.02,7,True
kNN,0.1444108941923149,"{""n_neighbors"": 12, ""p"": 1, ""weights"": ""distance""}",46,2258,0.01,Dune,random,2,Prop0.02,7,True
KRR,0.1188334230834628,"{""regressor__kernel"": ""rbf"", ""regressor__gamma"": 0.05, ""regressor__alpha"": 0.1}",46,2258,0.01,Dune,random,2,Prop0.02,7,True
MR,0.1538470493264661,"{""lasso__regressor__alpha"": 0.1}",46,2258,0.02,Dune,random,2,Prop0.02,7,True
RF,0.1274421262988116,"{""max_features"": 1.0, ""min_samples_leaf"": 2, ""n_estimators"": 10}",46,2258,0.02,Dune,random,2,Prop0.02,7,True
SVR,0.1161524436778289,"{""regressor__tol"": 0.1, ""regressor__shrinking"": false, ""regressor__epsilon"": 0.1, ""regressor__coef0"": 1.0, ""regressor__C"": 2.0}",46,2258,0.01,Dune,random,2,Prop0.02,7,True
CART,0.1997480746730826,"{""max_features"": ""log2"", ""min_samples_leaf"": 2, ""splitter"": ""random""}",46,2258,0.0,Dune,random,2,Prop0.02,8,True
kNN,0.1524906586462534,"{""n_neighbors"": 12, ""p"": 1, ""weights"": ""distance""}",46,2258,0.01,Dune,random,2,Prop0.02,8,True
KRR,0.1360259958743383,"{""regressor__kernel"": ""rbf"", ""regressor__gamma"": 0.05, ""regressor__alpha"": 0.1}",46,2258,0.01,Dune,random,2,Prop0.02,8,True
MR,0.167408065830628,"{""lasso__regressor__alpha"": 0.1}",46,2258,0.02,Dune,random,2,Prop0.02,8,True
RF,0.1534454093744012,"{""max_features"": 1.0, ""min_samples_leaf"": 2, ""n_estimators"": 10}",46,2258,0.02,Dune,random,2,Prop0.02,8,True
SVR,0.1332930233456818,"{""regressor__tol"": 0.1, ""regressor__shrinking"": false, ""regressor__epsilon"": 0.1, ""regressor__coef0"": 1.0, ""regressor__C"": 2.0}",46,2258,0.01,Dune,random,2,Prop0.02,8,True
CART,0.1846512051692017,"{""max_features"": ""log2"", ""min_samples_leaf"": 2, ""splitter"": ""random""}",46,2258,0.0,Dune,random,2,Prop0.02,9,True
kNN,0.1824059072595482,"{""n_neighbors"": 12, ""p"": 1, ""weights"": ""distance""}",46,2258,0.01,Dune,random,2,Prop0.02,9,True
KRR,0.2019462658885449,"{""regressor__kernel"": ""rbf"", ""regressor__gamma"": 0.05, ""regressor__alpha"": 0.1}",46,2258,0.01,Dune,random,2,Prop0.02,9,True
MR,0.1919724954485461,"{""lasso__regressor__alpha"": 0.1}",46,2258,0.02,Dune,random,2,Prop0.02,9,True
RF,0.1736182328043456,"{""max_features"": 1.0, ""min_samples_leaf"": 2, ""n_estimators"": 10}",46,2258,0.02,Dune,random,2,Prop0.02,9,True
SVR,0.1293106960245928,"{""regressor__tol"": 0.1, ""regressor__shrinking"": false, ""regressor__epsilon"": 0.1, ""regressor__coef0"": 1.0, ""regressor__C"": 2.0}",46,2258,0.01,Dune,random,2,Prop0.02,9,True
CART,0.1546409390389179,"{""max_features"": ""log2"", ""min_samples_leaf"": 2, ""splitter"": ""random""}",46,2258,0.0,Dune,random,2,Prop0.02,10,True
kNN,0.1373401130859823,"{""n_neighbors"": 12, ""p"": 1, ""weights"": ""distance""}",46,2258,0.01,Dune,random,2,Prop0.02,10,True
KRR,0.1178742877677239,"{""regressor__kernel"": ""rbf"", ""regressor__gamma"": 0.05, ""regressor__alpha"": 0.1}",46,2258,0.01,Dune,random,2,Prop0.02,10,True
MR,0.1505437104519923,"{""lasso__regressor__alpha"": 0.1}",46,2258,0.02,Dune,random,2,Prop0.02,10,True
RF,0.1431373807920294,"{""max_features"": 1.0, ""min_samples_leaf"": 2, ""n_estimators"": 10}",46,2258,0.02,Dune,random,2,Prop0.02,10,True
SVR,0.1146082028438278,"{""regressor__tol"": 0.1, ""regressor__shrinking"": false, ""regressor__epsilon"": 0.1, ""regressor__coef0"": 1.0, ""regressor__C"": 2.0}",46,2258,0.01,Dune,random,2,Prop0.02,10,True
CART,0.1922862956131446,"{""max_features"": ""log2"", ""min_samples_leaf"": 2, ""splitter"": ""random""}",46,2258,0.0,Dune,random,2,Prop0.02,11,True
kNN,0.1547153120426088,"{""n_neighbors"": 12, ""p"": 1, ""weights"": ""distance""}",46,2258,0.01,Dune,random,2,Prop0.02,11,True
KRR,0.143883200579878,"{""regressor__kernel"": ""rbf"", ""regressor__gamma"": 0.05, ""regressor__alpha"": 0.1}",46,2258,0.01,Dune,random,2,Prop0.02,11,True
MR,0.1597576241061915,"{""lasso__regressor__alpha"": 0.1}",46,2258,0.02,Dune,random,2,Prop0.02,11,True
RF,0.132865756704012,"{""max_features"": 1.0, ""min_samples_leaf"": 2, ""n_estimators"": 10}",46,2258,0.01,Dune,random,2,Prop0.02,11,True
SVR,0.1217172298023981,"{""regressor__tol"": 0.1, ""regressor__shrinking"": false, ""regressor__epsilon"": 0.1, ""regressor__coef0"": 1.0, ""regressor__C"": 2.0}",46,2258,0.01,Dune,random,2,Prop0.02,11,True
CART,0.1522030958765951,"{""max_features"": ""log2"", ""min_samples_leaf"": 2, ""splitter"": ""random""}",46,2258,0.0,Dune,random,2,Prop0.02,12,True
kNN,0.1566895259391086,"{""n_neighbors"": 12, ""p"": 1, ""weights"": ""distance""}",46,2258,0.01,Dune,random,2,Prop0.02,12,True
KRR,0.1377130160602421,"{""regressor__kernel"": ""rbf"", ""regressor__gamma"": 0.05, ""regressor__alpha"": 0.1}",46,2258,0.01,Dune,random,2,Prop0.02,12,True
MR,0.1701105189442732,"{""lasso__regressor__alpha"": 0.1}",46,2258,0.02,Dune,random,2,Prop0.02,12,True
RF,0.1544774930470482,"{""max_features"": 1.0, ""min_samples_leaf"": 2, ""n_estimators"": 10}",46,2258,0.02,Dune,random,2,Prop0.02,12,True
SVR,0.1444866527311442,"{""regressor__tol"": 0.1, ""regressor__shrinking"": false, ""regressor__epsilon"": 0.1, ""regressor__coef0"": 1.0, ""regressor__C"": 2.0}",46,2258,0.01,Dune,random,2,Prop0.02,12,True
CART,0.1874648224575295,"{""max_features"": ""log2"", ""min_samples_leaf"": 2, ""splitter"": ""random""}",46,2258,0.0,Dune,random,2,Prop0.02,13,True
kNN,0.168014270044612,"{""n_neighbors"": 12, ""p"": 1, ""weights"": ""distance""}",46,2258,0.01,Dune,random,2,Prop0.02,13,True
KRR,0.135458126230855,"{""regressor__kernel"": ""rbf"", ""regressor__gamma"": 0.05, ""regressor__alpha"": 0.1}",46,2258,0.01,Dune,random,2,Prop0.02,13,True
MR,0.1743484967664463,"{""lasso__regressor__alpha"": 0.1}",46,2258,0.02,Dune,random,2,Prop0.02,13,True
RF,0.1492678042983636,"{""max_features"": 1.0, ""min_samples_leaf"": 2, ""n_estimators"": 10}",46,2258,0.02,Dune,random,2,Prop0.02,13,True
SVR,0.1205994553279542,"{""regressor__tol"": 0.1, ""regressor__shrinking"": false, ""regressor__epsilon"": 0.1, ""regressor__coef0"": 1.0, ""regressor__C"": 2.0}",46,2258,0.01,Dune,random,2,Prop0.02,13,True
CART,0.1976059717016796,"{""max_features"": ""log2"", ""min_samples_leaf"": 2, ""splitter"": ""random""}",46,2258,0.0,Dune,random,2,Prop0.02,14,True
kNN,0.1851350873846349,"{""n_neighbors"": 12, ""p"": 1, ""weights"": ""distance""}",46,2258,0.01,Dune,random,2,Prop0.02,14,True
KRR,0.2266588368204223,"{""regressor__kernel"": ""rbf"", ""regressor__gamma"": 0.05, ""regressor__alpha"": 0.1}",46,2258,0.01,Dune,random,2,Prop0.02,14,True
MR,0.1591845555695294,"{""lasso__regressor__alpha"": 0.1}",46,2258,0.02,Dune,random,2,Prop0.02,14,True
RF,0.1370197792287427,"{""max_features"": 1.0, ""min_samples_leaf"": 2, ""n_estimators"": 10}",46,2258,0.02,Dune,random,2,Prop0.02,14,True
SVR,0.1465963063668884,"{""regressor__tol"": 0.1, ""regressor__shrinking"": false, ""regressor__epsilon"": 0.1, ""regressor__coef0"": 1.0, ""regressor__C"": 2.0}",46,2258,0.01,Dune,random,2,Prop0.02,14,True
CART,0.1626124620772313,"{""max_features"": ""log2"", ""min_samples_leaf"": 2, ""splitter"": ""random""}",46,2258,0.0,Dune,random,2,Prop0.02,15,True
kNN,0.1558154850489806,"{""n_neighbors"": 12, ""p"": 1, ""weights"": ""distance""}",46,2258,0.01,Dune,random,2,Prop0.02,15,True
KRR,0.1314731601526676,"{""regressor__kernel"": ""rbf"", ""regressor__gamma"": 0.05, ""regressor__alpha"": 0.1}",46,2258,0.01,Dune,random,2,Prop0.02,15,True
MR,0.1610623639101735,"{""lasso__regressor__alpha"": 0.1}",46,2258,0.02,Dune,random,2,Prop0.02,15,True
RF,0.1269189735255156,"{""max_features"": 1.0, ""min_samples_leaf"": 2, ""n_estimators"": 10}",46,2258,0.01,Dune,random,2,Prop0.02,15,True
SVR,0.1326732838398643,"{""regressor__tol"": 0.1, ""regressor__shrinking"": false, ""regressor__epsilon"": 0.1, ""regressor__coef0"": 1.0, ""regressor__C"": 2.0}",46,2258,0.01,Dune,random,2,Prop0.02,15,True
CART,0.1423695381443605,"{""max_features"": ""log2"", ""min_samples_leaf"": 2, ""splitter"": ""random""}",46,2258,0.0,Dune,random,2,Prop0.02,16,True
kNN,0.1474657541954135,"{""n_neighbors"": 12, ""p"": 1, ""weights"": ""distance""}",46,2258,0.01,Dune,random,2,Prop0.02,16,True
KRR,0.114034541994915,"{""regressor__kernel"": ""rbf"", ""regressor__gamma"": 0.05, ""regressor__alpha"": 0.1}",46,2258,0.01,Dune,random,2,Prop0.02,16,True
MR,0.1620077964758788,"{""lasso__regressor__alpha"": 0.1}",46,2258,0.02,Dune,random,2,Prop0.02,16,True
RF,0.1408735550915775,"{""max_features"": 1.0, ""min_samples_leaf"": 2, ""n_estimators"": 10}",46,2258,0.02,Dune,random,2,Prop0.02,16,True
SVR,0.1217302800278404,"{""regressor__tol"": 0.1, ""regressor__shrinking"": false, ""regressor__epsilon"": 0.1, ""regressor__coef0"": 1.0, ""regressor__C"": 2.0}",46,2258,0.01,Dune,random,2,Prop0.02,16,True
CART,0.2729967931839814,"{""max_features"": ""log2"", ""min_samples_leaf"": 2, ""splitter"": ""random""}",46,2258,0.0,Dune,random,2,Prop0.02,17,True
kNN,0.250239078448515,"{""n_neighbors"": 12, ""p"": 1, ""weights"": ""distance""}",46,2258,0.01,Dune,random,2,Prop0.02,17,True
KRR,0.3041331283357106,"{""regressor__kernel"": ""rbf"", ""regressor__gamma"": 0.05, ""regressor__alpha"": 0.1}",46,2258,0.01,Dune,random,2,Prop0.02,17,True
MR,0.2336635725489146,"{""lasso__regressor__alpha"": 0.1}",46,2258,0.02,Dune,random,2,Prop0.02,17,True
RF,0.2242358173012462,"{""max_features"": 1.0, ""min_samples_leaf"": 2, ""n_estimators"": 10}",46,2258,0.02,Dune,random,2,Prop0.02,17,True
SVR,0.1863751099474748,"{""regressor__tol"": 0.1, ""regressor__shrinking"": false, ""regressor__epsilon"": 0.1, ""regressor__coef0"": 1.0, ""regressor__C"": 2.0}",46,2258,0.01,Dune,random,2,Prop0.02,17,True
CART,0.1975355017106613,"{""max_features"": ""log2"", ""min_samples_leaf"": 2, ""splitter"": ""random""}",46,2258,0.0,Dune,random,2,Prop0.02,18,True
kNN,0.1771816528954163,"{""n_neighbors"": 12, ""p"": 1, ""weights"": ""distance""}",46,2258,0.01,Dune,random,2,Prop0.02,18,True
KRR,0.1697604340343653,"{""regressor__kernel"": ""rbf"", ""regressor__gamma"": 0.05, ""regressor__alpha"": 0.1}",46,2258,0.01,Dune,random,2,Prop0.02,18,True
MR,0.1804077065985455,"{""lasso__regressor__alpha"": 0.1}",46,2258,0.02,Dune,random,2,Prop0.02,18,True
RF,0.1423531659241914,"{""max_features"": 1.0, ""min_samples_leaf"": 2, ""n_estimators"": 10}",46,2258,0.02,Dune,random,2,Prop0.02,18,True
SVR,0.1283599753144298,"{""regressor__tol"": 0.1, ""regressor__shrinking"": false, ""regressor__epsilon"": 0.1, ""regressor__coef0"": 1.0, ""regressor__C"": 2.0}",46,2258,0.01,Dune,random,2,Prop0.02,18,True
CART,0.1531917421793834,"{""max_features"": ""log2"", ""min_samples_leaf"": 2, ""splitter"": ""random""}",46,2258,0.0,Dune,random,2,Prop0.02,19,True
kNN,0.1518949571646882,"{""n_neighbors"": 12, ""p"": 1, ""weights"": ""distance""}",46,2258,0.01,Dune,random,2,Prop0.02,19,True
KRR,0.1258901322819536,"{""regressor__kernel"": ""rbf"", ""regressor__gamma"": 0.05, ""regressor__alpha"": 0.1}",46,2258,0.01,Dune,random,2,Prop0.02,19,True
MR,0.1569462510146775,"{""lasso__regressor__alpha"": 0.1}",46,2258,0.02,Dune,random,2,Prop0.02,19,True
RF,0.1413211041050981,"{""max_features"": 1.0, ""min_samples_leaf"": 2, ""n_estimators"": 10}",46,2258,0.02,Dune,random,2,Prop0.02,19,True
SVR,0.1389865924976186,"{""regressor__tol"": 0.1, ""regressor__shrinking"": false, ""regressor__epsilon"": 0.1, ""regressor__coef0"": 1.0, ""regressor__C"": 2.0}",46,2258,0.01,Dune,random,2,Prop0.02,19,True
CART,0.2002820775468426,"{""max_features"": ""log2"", ""min_samples_leaf"": 2, ""splitter"": ""random""}",46,2258,0.0,Dune,random,2,Prop0.02,20,True
kNN,0.1611943266655419,"{""n_neighbors"": 12, ""p"": 1, ""weights"": ""distance""}",46,2258,0.01,Dune,random,2,Prop0.02,20,True
KRR,0.1677806235289302,"{""regressor__kernel"": ""rbf"", ""regressor__gamma"": 0.05, ""regressor__alpha"": 0.1}",46,2258,0.01,Dune,random,2,Prop0.02,20,True
MR,0.1738307292384958,"{""lasso__regressor__alpha"": 0.1}",46,2258,0.02,Dune,random,2,Prop0.02,20,True
RF,0.173724349592987,"{""max_features"": 1.0, ""min_samples_leaf"": 2, ""n_estimators"": 10}",46,2258,0.02,Dune,random,2,Prop0.02,20,True
SVR,0.1430711003101776,"{""regressor__tol"": 0.1, ""regressor__shrinking"": false, ""regressor__epsilon"": 0.1, ""regressor__coef0"": 1.0, ""regressor__C"": 2.0}",46,2258,0.01,Dune,random,2,Prop0.02,20,True
CART,0.17587476193988,"{""max_features"": ""log2"", ""min_samples_leaf"": 2, ""splitter"": ""random""}",46,2258,0.0,Dune,random,2,Prop0.02,21,True
kNN,0.1709898749048468,"{""n_neighbors"": 12, ""p"": 1, ""weights"": ""distance""}",46,2258,0.01,Dune,random,2,Prop0.02,21,True
KRR,0.1477426291739244,"{""regressor__kernel"": ""rbf"", ""regressor__gamma"": 0.05, ""regressor__alpha"": 0.1}",46,2258,0.01,Dune,random,2,Prop0.02,21,True
MR,0.1763206245050466,"{""lasso__regressor__alpha"": 0.1}",46,2258,0.02,Dune,random,2,Prop0.02,21,True
RF,0.1642505921628459,"{""max_features"": 1.0, ""min_samples_leaf"": 2, ""n_estimators"": 10}",46,2258,0.02,Dune,random,2,Prop0.02,21,True
SVR,0.1284779581716476,"{""regressor__tol"": 0.1, ""regressor__shrinking"": false, ""regressor__epsilon"": 0.1, ""regressor__coef0"": 1.0, ""regressor__C"": 2.0}",46,2258,0.01,Dune,random,2,Prop0.02,21,True
CART,0.1443735112002547,"{""max_features"": ""log2"", ""min_samples_leaf"": 2, ""splitter"": ""random""}",46,2258,0.0,Dune,random,2,Prop0.02,22,True
kNN,0.1471771128523628,"{""n_neighbors"": 12, ""p"": 1, ""weights"": ""distance""}",46,2258,0.01,Dune,random,2,Prop0.02,22,True
KRR,0.1144429305471058,"{""regressor__kernel"": ""rbf"", ""regressor__gamma"": 0.05, ""regressor__alpha"": 0.1}",46,2258,0.01,Dune,random,2,Prop0.02,22,True
MR,0.1550446831995884,"{""lasso__regressor__alpha"": 0.1}",46,2258,0.02,Dune,random,2,Prop0.02,22,True
RF,0.1261502489979048,"{""max_features"": 1.0, ""min_samples_leaf"": 2, ""n_estimators"": 10}",46,2258,0.02,Dune,random,2,Prop0.02,22,True
SVR,0.1256211963765624,"{""regressor__tol"": 0.1, ""regressor__shrinking"": false, ""regressor__epsilon"": 0.1, ""regressor__coef0"": 1.0, ""regressor__C"": 2.0}",46,2258,0.01,Dune,random,2,Prop0.02,22,True
CART,0.1581975300306677,"{""max_features"": ""log2"", ""min_samples_leaf"": 2, ""splitter"": ""random""}",46,2258,0.0,Dune,random,2,Prop0.02,23,True
kNN,0.1393542503278383,"{""n_neighbors"": 12, ""p"": 1, ""weights"": ""distance""}",46,2258,0.01,Dune,random,2,Prop0.02,23,True
KRR,0.1224699226583494,"{""regressor__kernel"": ""rbf"", ""regressor__gamma"": 0.05, ""regressor__alpha"": 0.1}",46,2258,0.01,Dune,random,2,Prop0.02,23,True
MR,0.1550675260222646,"{""lasso__regressor__alpha"": 0.1}",46,2258,0.02,Dune,random,2,Prop0.02,23,True
RF,0.1440177145491023,"{""max_features"": 1.0, ""min_samples_leaf"": 2, ""n_estimators"": 10}",46,2258,0.02,Dune,random,2,Prop0.02,23,True
SVR,0.1188746518311232,"{""regressor__tol"": 0.1, ""regressor__shrinking"": false, ""regressor__epsilon"": 0.1, ""regressor__coef0"": 1.0, ""regressor__C"": 2.0}",46,2258,0.01,Dune,random,2,Prop0.02,23,True
CART,0.2848067353664229,"{""max_features"": ""log2"", ""min_samples_leaf"": 2, ""splitter"": ""random""}",46,2258,0.0,Dune,random,2,Prop0.02,24,True
kNN,0.1786779044921516,"{""n_neighbors"": 12, ""p"": 1, ""weights"": ""distance""}",46,2258,0.01,Dune,random,2,Prop0.02,24,True
KRR,0.2154263925199454,"{""regressor__kernel"": ""rbf"", ""regressor__gamma"": 0.05, ""regressor__alpha"": 0.1}",46,2258,0.01,Dune,random,2,Prop0.02,24,True
MR,0.1701903184979982,"{""lasso__regressor__alpha"": 0.1}",46,2258,0.02,Dune,random,2,Prop0.02,24,True
RF,0.1642691179111027,"{""max_features"": 1.0, ""min_samples_leaf"": 2, ""n_estimators"": 10}",46,2258,0.02,Dune,random,2,Prop0.02,24,True
SVR,0.1261852194715794,"{""regressor__tol"": 0.1, ""regressor__shrinking"": false, ""regressor__epsilon"": 0.1, ""regressor__coef0"": 1.0, ""regressor__C"": 2.0}",46,2258,0.01,Dune,random,2,Prop0.02,24,True
CART,0.2026129808084115,"{""max_features"": ""log2"", ""min_samples_leaf"": 2, ""splitter"": ""random""}",46,2258,0.0,Dune,random,2,Prop0.02,25,True
kNN,0.2012760095257593,"{""n_neighbors"": 12, ""p"": 1, ""weights"": ""distance""}",46,2258,0.01,Dune,random,2,Prop0.02,25,True
KRR,0.1940464873814272,"{""regressor__kernel"": ""rbf"", ""regressor__gamma"": 0.05, ""regressor__alpha"": 0.1}",46,2258,0.01,Dune,random,2,Prop0.02,25,True
MR,0.1843297681105388,"{""lasso__regressor__alpha"": 0.1}",46,2258,0.02,Dune,random,2,Prop0.02,25,True
RF,0.1909629244235129,"{""max_features"": 1.0, ""min_samples_leaf"": 2, ""n_estimators"": 10}",46,2258,0.02,Dune,random,2,Prop0.02,25,True
SVR,0.1457813910039883,"{""regressor__tol"": 0.1, ""regressor__shrinking"": false, ""regressor__epsilon"": 0.1, ""regressor__coef0"": 1.0, ""regressor__C"": 2.0}",46,2258,0.01,Dune,random,2,Prop0.02,25,True
CART,0.1476672333243752,"{""max_features"": ""log2"", ""min_samples_leaf"": 2, ""splitter"": ""random""}",46,2258,0.0,Dune,random,2,Prop0.02,26,True
kNN,0.148054489824455,"{""n_neighbors"": 12, ""p"": 1, ""weights"": ""distance""}",46,2258,0.01,Dune,random,2,Prop0.02,26,True
KRR,0.1279281944221518,"{""regressor__kernel"": ""rbf"", ""regressor__gamma"": 0.05, ""regressor__alpha"": 0.1}",46,2258,0.01,Dune,random,2,Prop0.02,26,True
MR,0.158345279591827,"{""lasso__regressor__alpha"": 0.1}",46,2258,0.02,Dune,random,2,Prop0.02,26,True
RF,0.1362239017483986,"{""max_features"": 1.0, ""min_samples_leaf"": 2, ""n_estimators"": 10}",46,2258,0.02,Dune,random,2,Prop0.02,26,True
SVR,0.1297896775106597,"{""regressor__tol"": 0.1, ""regressor__shrinking"": false, ""regressor__epsilon"": 0.1, ""regressor__coef0"": 1.0, ""regressor__C"": 2.0}",46,2258,0.01,Dune,random,2,Prop0.02,26,True
CART,0.1772335278829522,"{""max_features"": ""log2"", ""min_samples_leaf"": 2, ""splitter"": ""random""}",46,2258,0.0,Dune,random,2,Prop0.02,27,True
kNN,0.1461620256562808,"{""n_neighbors"": 12, ""p"": 1, ""weights"": ""distance""}",46,2258,0.01,Dune,random,2,Prop0.02,27,True
KRR,0.1301631777804314,"{""regressor__kernel"": ""rbf"", ""regressor__gamma"": 0.05, ""regressor__alpha"": 0.1}",46,2258,0.01,Dune,random,2,Prop0.02,27,True
MR,0.1559759659691526,"{""lasso__regressor__alpha"": 0.1}",46,2258,0.02,Dune,random,2,Prop0.02,27,True
RF,0.1329792176488207,"{""max_features"": 1.0, ""min_samples_leaf"": 2, ""n_estimators"": 10}",46,2258,0.02,Dune,random,2,Prop0.02,27,True
SVR,0.1159411717960493,"{""regressor__tol"": 0.1, ""regressor__shrinking"": false, ""regressor__epsilon"": 0.1, ""regressor__coef0"": 1.0, ""regressor__C"": 2.0}",46,2258,0.01,Dune,random,2,Prop0.02,27,True
CART,0.1378636678930935,"{""max_features"": ""log2"", ""min_samples_leaf"": 2, ""splitter"": ""random""}",46,2258,0.0,Dune,random,2,Prop0.02,28,True
kNN,0.1484937742934428,"{""n_neighbors"": 12, ""p"": 1, ""weights"": ""distance""}",46,2258,0.01,Dune,random,2,Prop0.02,28,True
KRR,0.1151534669929325,"{""regressor__kernel"": ""rbf"", ""regressor__gamma"": 0.05, ""regressor__alpha"": 0.1}",46,2258,0.01,Dune,random,2,Prop0.02,28,True
MR,0.1562613216707014,"{""lasso__regressor__alpha"": 0.1}",46,2258,0.02,Dune,random,2,Prop0.02,28,True
RF,0.1277366548809631,"{""max_features"": 1.0, ""min_samples_leaf"": 2, ""n_estimators"": 10}",46,2258,0.02,Dune,random,2,Prop0.02,28,True
SVR,0.1203816457425658,"{""regressor__tol"": 0.1, ""regressor__shrinking"": false, ""regressor__epsilon"": 0.1, ""regressor__coef0"": 1.0, ""regressor__C"": 2.0}",46,2258,0.01,Dune,random,2,Prop0.02,28,True
CART,0.1842738737501637,"{""max_features"": ""log2"", ""min_samples_leaf"": 2, ""splitter"": ""random""}",46,2258,0.0,Dune,random,2,Prop0.02,29,True
kNN,0.1648732690713973,"{""n_neighbors"": 12, ""p"": 1, ""weights"": ""distance""}",46,2258,0.01,Dune,random,2,Prop0.02,29,True
KRR,0.2089839703235889,"{""regressor__kernel"": ""rbf"", ""regressor__gamma"": 0.05, ""regressor__alpha"": 0.1}",46,2258,0.01,Dune,random,2,Prop0.02,29,True
MR,0.172937572320434,"{""lasso__regressor__alpha"": 0.1}",46,2258,0.02,Dune,random,2,Prop0.02,29,True
RF,0.1603751715652364,"{""max_features"": 1.0, ""min_samples_leaf"": 2, ""n_estimators"": 10}",46,2258,0.02,Dune,random,2,Prop0.02,29,True
SVR,0.1458011808488317,"{""regressor__tol"": 0.1, ""regressor__shrinking"": false, ""regressor__epsilon"": 0.1, ""regressor__coef0"": 1.0, ""regressor__C"": 2.0}",46,2258,0.01,Dune,random,2,Prop0.02,29,True
CART,0.1777129479132959,"{""max_features"": ""log2"", ""min_samples_leaf"": 2, ""splitter"": ""random""}",46,2258,0.0,Dune,random,2,Prop0.02,30,True
kNN,0.1611915635843188,"{""n_neighbors"": 12, ""p"": 1, ""weights"": ""distance""}",46,2258,0.01,Dune,random,2,Prop0.02,30,True
KRR,0.2501340901238525,"{""regressor__kernel"": ""rbf"", ""regressor__gamma"": 0.05, ""regressor__alpha"": 0.1}",46,2258,0.01,Dune,random,2,Prop0.02,30,True
MR,0.1588240126438575,"{""lasso__regressor__alpha"": 0.1}",46,2258,0.02,Dune,random,2,Prop0.02,30,True
RF,0.1995354830785186,"{""max_features"": 1.0, ""min_samples_leaf"": 2, ""n_estimators"": 10}",46,2258,0.02,Dune,random,2,Prop0.02,30,True
SVR,0.123967954528923,"{""regressor__tol"": 0.1, ""regressor__shrinking"": false, ""regressor__epsilon"": 0.1, ""regressor__coef0"": 1.0, ""regressor__C"": 2.0}",46,2258,0.01,Dune,random,2,Prop0.02,30,True
CART,0.145186148053646,"{""max_features"": ""log2"", ""min_samples_leaf"": 2, ""splitter"": ""random""}",46,2258,0.0,Dune,random,2,Prop0.02,31,True
kNN,0.1523887103594391,"{""n_neighbors"": 12, ""p"": 1, ""weights"": ""distance""}",46,2258,0.01,Dune,random,2,Prop0.02,31,True
KRR,0.1262751113061103,"{""regressor__kernel"": ""rbf"", ""regressor__gamma"": 0.05, ""regressor__alpha"": 0.1}",46,2258,0.01,Dune,random,2,Prop0.02,31,True
MR,0.1579406652912287,"{""lasso__regressor__alpha"": 0.1}",46,2258,0.02,Dune,random,2,Prop0.02,31,True
RF,0.1334556068840293,"{""max_features"": 1.0, ""min_samples_leaf"": 2, ""n_estimators"": 10}",46,2258,0.02,Dune,random,2,Prop0.02,31,True
SVR,0.1305796544543794,"{""regressor__tol"": 0.1, ""regressor__shrinking"": false, ""regressor__epsilon"": 0.1, ""regressor__coef0"": 1.0, ""regressor__C"": 2.0}",46,2258,0.01,Dune,random,2,Prop0.02,31,True
CART,0.1857991687852851,"{""max_features"": ""log2"", ""min_samples_leaf"": 2, ""splitter"": ""random""}",46,2258,0.0,Dune,random,2,Prop0.02,32,True
kNN,0.1763247804139465,"{""n_neighbors"": 12, ""p"": 1, ""weights"": ""distance""}",46,2258,0.01,Dune,random,2,Prop0.02,32,True
KRR,0.1487795755335649,"{""regressor__kernel"": ""rbf"", ""regressor__gamma"": 0.05, ""regressor__alpha"": 0.1}",46,2258,0.01,Dune,random,2,Prop0.02,32,True
MR,0.1944955144435631,"{""lasso__regressor__alpha"": 0.1}",46,2258,0.02,Dune,random,2,Prop0.02,32,True
RF,0.1289977402940632,"{""max_features"": 1.0, ""min_samples_leaf"": 2, ""n_estimators"": 10}",46,2258,0.02,Dune,random,2,Prop0.02,32,True
SVR,0.1277947425013417,"{""regressor__tol"": 0.1, ""regressor__shrinking"": false, ""regressor__epsilon"": 0.1, ""regressor__coef0"": 1.0, ""regressor__C"": 2.0}",46,2258,0.01,Dune,random,2,Prop0.02,32,True
CART,0.2381924493819384,"{""max_features"": ""log2"", ""min_samples_leaf"": 2, ""splitter"": ""random""}",46,2258,0.0,Dune,random,2,Prop0.02,33,True
kNN,0.1857590787494899,"{""n_neighbors"": 12, ""p"": 1, ""weights"": ""distance""}",46,2258,0.01,Dune,random,2,Prop0.02,33,True
KRR,0.1752573114958867,"{""regressor__kernel"": ""rbf"", ""regressor__gamma"": 0.05, ""regressor__alpha"": 0.1}",46,2258,0.01,Dune,random,2,Prop0.02,33,True
MR,0.1608633063327417,"{""lasso__regressor__alpha"": 0.1}",46,2258,0.02,Dune,random,2,Prop0.02,33,True
RF,0.1776400034681241,"{""max_features"": 1.0, ""min_samples_leaf"": 2, ""n_estimators"": 10}",46,2258,0.02,Dune,random,2,Prop0.02,33,True
SVR,0.143724438539163,"{""regressor__tol"": 0.1, ""regressor__shrinking"": false, ""regressor__epsilon"": 0.1, ""regressor__coef0"": 1.0, ""regressor__C"": 2.0}",46,2258,0.01,Dune,random,2,Prop0.02,33,True
CART,0.1651724664037646,"{""max_features"": ""log2"", ""min_samples_leaf"": 2, ""splitter"": ""random""}",46,2258,0.0,Dune,random,2,Prop0.02,34,True
kNN,0.1745073965903509,"{""n_neighbors"": 12, ""p"": 1, ""weights"": ""distance""}",46,2258,0.01,Dune,random,2,Prop0.02,34,True
KRR,0.1287412802103751,"{""regressor__kernel"": ""rbf"", ""regressor__gamma"": 0.05, ""regressor__alpha"": 0.1}",46,2258,0.0,Dune,random,2,Prop0.02,34,True
MR,0.1817269100326155,"{""lasso__regressor__alpha"": 0.1}",46,2258,0.02,Dune,random,2,Prop0.02,34,True
RF,0.1470963661718492,"{""max_features"": 1.0, ""min_samples_leaf"": 2, ""n_estimators"": 10}",46,2258,0.02,Dune,random,2,Prop0.02,34,True
SVR,0.1380627066888905,"{""regressor__tol"": 0.1, ""regressor__shrinking"": false, ""regressor__epsilon"": 0.1, ""regressor__coef0"": 1.0, ""regressor__C"": 2.0}",46,2258,0.01,Dune,random,2,Prop0.02,34,True
CART,0.1455920690662722,"{""max_features"": ""log2"", ""min_samples_leaf"": 2, ""splitter"": ""random""}",46,2258,0.0,Dune,random,2,Prop0.02,35,True
kNN,0.1461665628910596,"{""n_neighbors"": 12, ""p"": 1, ""weights"": ""distance""}",46,2258,0.01,Dune,random,2,Prop0.02,35,True
KRR,0.1213094580438073,"{""regressor__kernel"": ""rbf"", ""regressor__gamma"": 0.05, ""regressor__alpha"": 0.1}",46,2258,0.01,Dune,random,2,Prop0.02,35,True
MR,0.1529425023651698,"{""lasso__regressor__alpha"": 0.1}",46,2258,0.02,Dune,random,2,Prop0.02,35,True
RF,0.1314189573407483,"{""max_features"": 1.0, ""min_samples_leaf"": 2, ""n_estimators"": 10}",46,2258,0.02,Dune,random,2,Prop0.02,35,True
SVR,0.12423755671156,"{""regressor__tol"": 0.1, ""regressor__shrinking"": false, ""regressor__epsilon"": 0.1, ""regressor__coef0"": 1.0, ""regressor__C"": 2.0}",46,2258,0.01,Dune,random,2,Prop0.02,35,True
CART,0.199643529452552,"{""max_features"": ""log2"", ""min_samples_leaf"": 2, ""splitter"": ""random""}",46,2258,0.0,Dune,random,2,Prop0.02,36,True
kNN,0.1651148956856327,"{""n_neighbors"": 12, ""p"": 1, ""weights"": ""distance""}",46,2258,0.01,Dune,random,2,Prop0.02,36,True
KRR,0.1851151946571699,"{""regressor__kernel"": ""rbf"", ""regressor__gamma"": 0.05, ""regressor__alpha"": 0.1}",46,2258,0.01,Dune,random,2,Prop0.02,36,True
MR,0.1800945836040538,"{""lasso__regressor__alpha"": 0.1}",46,2258,0.02,Dune,random,2,Prop0.02,36,True
RF,0.1503005339106315,"{""max_features"": 1.0, ""min_samples_leaf"": 2, ""n_estimators"": 10}",46,2258,0.02,Dune,random,2,Prop0.02,36,True
SVR,0.1330478746882439,"{""regressor__tol"": 0.1, ""regressor__shrinking"": false, ""regressor__epsilon"": 0.1, ""regressor__coef0"": 1.0, ""regressor__C"": 2.0}",46,2258,0.01,Dune,random,2,Prop0.02,36,True
CART,0.1625725620615982,"{""max_features"": ""log2"", ""min_samples_leaf"": 2, ""splitter"": ""random""}",46,2258,0.0,Dune,random,2,Prop0.02,37,True
kNN,0.1441948717168859,"{""n_neighbors"": 12, ""p"": 1, ""weights"": ""distance""}",46,2258,0.01,Dune,random,2,Prop0.02,37,True
KRR,0.1183591344526894,"{""regressor__kernel"": ""rbf"", ""regressor__gamma"": 0.05, ""regressor__alpha"": 0.1}",46,2258,0.01,Dune,random,2,Prop0.02,37,True
MR,0.1624296700439829,"{""lasso__regressor__alpha"": 0.1}",46,2258,0.02,Dune,random,2,Prop0.02,37,True
RF,0.1393486403639135,"{""max_features"": 1.0, ""min_samples_leaf"": 2, ""n_estimators"": 10}",46,2258,0.02,Dune,random,2,Prop0.02,37,True
SVR,0.1231978646982789,"{""regressor__tol"": 0.1, ""regressor__shrinking"": false, ""regressor__epsilon"": 0.1, ""regressor__coef0"": 1.0, ""regressor__C"": 2.0}",46,2258,0.01,Dune,random,2,Prop0.02,37,True
CART,0.2252859419211878,"{""max_features"": ""log2"", ""min_samples_leaf"": 2, ""splitter"": ""random""}",46,2258,0.0,Dune,random,2,Prop0.02,38,True
kNN,0.2062306049151012,"{""n_neighbors"": 12, ""p"": 1, ""weights"": ""distance""}",46,2258,0.01,Dune,random,2,Prop0.02,38,True
KRR,0.2220383328163662,"{""regressor__kernel"": ""rbf"", ""regressor__gamma"": 0.05, ""regressor__alpha"": 0.1}",46,2258,0.01,Dune,random,2,Prop0.02,38,True
MR,0.1903717374879199,"{""lasso__regressor__alpha"": 0.1}",46,2258,0.02,Dune,random,2,Prop0.02,38,True
RF,0.1847976576035202,"{""max_features"": 1.0, ""min_samples_leaf"": 2, ""n_estimators"": 10}",46,2258,0.02,Dune,random,2,Prop0.02,38,True
SVR,0.1529219828227113,"{""regressor__tol"": 0.1, ""regressor__shrinking"": false, ""regressor__epsilon"": 0.1, ""regressor__coef0"": 1.0, ""regressor__C"": 2.0}",46,2258,0.01,Dune,random,2,Prop0.02,38,True
CART,0.1759398004574261,"{""max_features"": ""log2"", ""min_samples_leaf"": 2, ""splitter"": ""random""}",46,2258,0.0,Dune,random,2,Prop0.02,39,True
kNN,0.1463789503953614,"{""n_neighbors"": 12, ""p"": 1, ""weights"": ""distance""}",46,2258,0.01,Dune,random,2,Prop0.02,39,True
KRR,0.1666471815050667,"{""regressor__kernel"": ""rbf"", ""regressor__gamma"": 0.05, ""regressor__alpha"": 0.1}",46,2258,0.01,Dune,random,2,Prop0.02,39,True
MR,0.1642075401315599,"{""lasso__regressor__alpha"": 0.1}",46,2258,0.02,Dune,random,2,Prop0.02,39,True
RF,0.1619902219719619,"{""max_features"": 1.0, ""min_samples_leaf"": 2, ""n_estimators"": 10}",46,2258,0.02,Dune,random,2,Prop0.02,39,True
SVR,0.1280720334404381,"{""regressor__tol"": 0.1, ""regressor__shrinking"": false, ""regressor__epsilon"": 0.1, ""regressor__coef0"": 1.0, ""regressor__C"": 2.0}",46,2258,0.01,Dune,random,2,Prop0.02,39,True
CART,0.1701495071800453,"{""max_features"": ""log2"", ""min_samples_leaf"": 2, ""splitter"": ""random""}",46,2258,0.0,Dune,random,2,Prop0.02,40,True
kNN,0.1426189831707937,"{""n_neighbors"": 12, ""p"": 1, ""weights"": ""distance""}",46,2258,0.01,Dune,random,2,Prop0.02,40,True
KRR,0.1115430185916352,"{""regressor__kernel"": ""rbf"", ""regressor__gamma"": 0.05, ""regressor__alpha"": 0.1}",46,2258,0.01,Dune,random,2,Prop0.02,40,True
MR,0.1510333471771345,"{""lasso__regressor__alpha"": 0.1}",46,2258,0.02,Dune,random,2,Prop0.02,40,True
RF,0.1374799372541854,"{""max_features"": 1.0, ""min_samples_leaf"": 2, ""n_estimators"": 10}",46,2258,0.02,Dune,random,2,Prop0.02,40,True
SVR,0.115908917608246,"{""regressor__tol"": 0.1, ""regressor__shrinking"": false, ""regressor__epsilon"": 0.1, ""regressor__coef0"": 1.0, ""regressor__C"": 2.0}",46,2258,0.01,Dune,random,2,Prop0.02,40,True
CART,0.1814759799919755,"{""max_features"": ""log2"", ""min_samples_leaf"": 2, ""splitter"": ""random""}",46,2258,0.0,Dune,random,2,Prop0.02,41,True
kNN,0.1621328944182286,"{""n_neighbors"": 12, ""p"": 1, ""weights"": ""distance""}",46,2258,0.01,Dune,random,2,Prop0.02,41,True
KRR,0.1336687740946067,"{""regressor__kernel"": ""rbf"", ""regressor__gamma"": 0.05, ""regressor__alpha"": 0.1}",46,2258,0.01,Dune,random,2,Prop0.02,41,True
MR,0.1740868339824483,"{""lasso__regressor__alpha"": 0.1}",46,2258,0.02,Dune,random,2,Prop0.02,41,True
RF,0.1455317075168168,"{""max_features"": 1.0, ""min_samples_leaf"": 2, ""n_estimators"": 10}",46,2258,0.02,Dune,random,2,Prop0.02,41,True
SVR,0.1248739456430539,"{""regressor__tol"": 0.1, ""regressor__shrinking"": false, ""regressor__epsilon"": 0.1, ""regressor__coef0"": 1.0, ""regressor__C"": 2.0}",46,2258,0.01,Dune,random,2,Prop0.02,41,True
CART,0.1528074819762039,"{""max_features"": ""log2"", ""min_samples_leaf"": 2, ""splitter"": ""random""}",46,2258,0.0,Dune,random,2,Prop0.02,42,True
kNN,0.1400186584225694,"{""n_neighbors"": 12, ""p"": 1, ""weights"": ""distance""}",46,2258,0.01,Dune,random,2,Prop0.02,42,True
KRR,0.112644045545488,"{""regressor__kernel"": ""rbf"", ""regressor__gamma"": 0.05, ""regressor__alpha"": 0.1}",46,2258,0.0,Dune,random,2,Prop0.02,42,True
MR,0.1553457907242649,"{""lasso__regressor__alpha"": 0.1}",46,2258,0.02,Dune,random,2,Prop0.02,42,True
RF,0.1296659496587175,"{""max_features"": 1.0, ""min_samples_leaf"": 2, ""n_estimators"": 10}",46,2258,0.02,Dune,random,2,Prop0.02,42,True
SVR,0.1202725981049067,"{""regressor__tol"": 0.1, ""regressor__shrinking"": false, ""regressor__epsilon"": 0.1, ""regressor__coef0"": 1.0, ""regressor__C"": 2.0}",46,2258,0.01,Dune,random,2,Prop0.02,42,True
CART,0.1607977392297952,"{""max_features"": ""log2"", ""min_samples_leaf"": 2, ""splitter"": ""random""}",46,2258,0.0,Dune,random,2,Prop0.02,43,True
kNN,0.1700420814827844,"{""n_neighbors"": 12, ""p"": 1, ""weights"": ""distance""}",46,2258,0.01,Dune,random,2,Prop0.02,43,True
KRR,0.1301749623073141,"{""regressor__kernel"": ""rbf"", ""regressor__gamma"": 0.05, ""regressor__alpha"": 0.1}",46,2258,0.01,Dune,random,2,Prop0.02,43,True
MR,0.1806044148775525,"{""lasso__regressor__alpha"": 0.1}",46,2258,0.02,Dune,random,2,Prop0.02,43,True
RF,0.1661073171883092,"{""max_features"": 1.0, ""min_samples_leaf"": 2, ""n_estimators"": 10}",46,2258,0.01,Dune,random,2,Prop0.02,43,True
SVR,0.1254656078618898,"{""regressor__tol"": 0.1, ""regressor__shrinking"": false, ""regressor__epsilon"": 0.1, ""regressor__coef0"": 1.0, ""regressor__C"": 2.0}",46,2258,0.01,Dune,random,2,Prop0.02,43,True
CART,0.2030465517905133,"{""max_features"": ""log2"", ""min_samples_leaf"": 2, ""splitter"": ""random""}",46,2258,0.0,Dune,random,2,Prop0.02,44,True
kNN,0.1789650035409763,"{""n_neighbors"": 12, ""p"": 1, ""weights"": ""distance""}",46,2258,0.01,Dune,random,2,Prop0.02,44,True
KRR,0.1591887926364641,"{""regressor__kernel"": ""rbf"", ""regressor__gamma"": 0.05, ""regressor__alpha"": 0.1}",46,2258,0.01,Dune,random,2,Prop0.02,44,True
MR,0.1789211091566045,"{""lasso__regressor__alpha"": 0.1}",46,2258,0.02,Dune,random,2,Prop0.02,44,True
RF,0.1571850280426321,"{""max_features"": 1.0, ""min_samples_leaf"": 2, ""n_estimators"": 10}",46,2258,0.02,Dune,random,2,Prop0.02,44,True
SVR,0.1266403473919769,"{""regressor__tol"": 0.1, ""regressor__shrinking"": false, ""regressor__epsilon"": 0.1, ""regressor__coef0"": 1.0, ""regressor__C"": 2.0}",46,2258,0.01,Dune,random,2,Prop0.02,44,True
CART,0.1677317741658348,"{""max_features"": ""log2"", ""min_samples_leaf"": 2, ""splitter"": ""random""}",46,2258,0.0,Dune,random,2,Prop0.02,45,True
kNN,0.1559913650537221,"{""n_neighbors"": 12, ""p"": 1, ""weights"": ""distance""}",46,2258,0.01,Dune,random,2,Prop0.02,45,True
KRR,0.1159674003646928,"{""regressor__kernel"": ""rbf"", ""regressor__gamma"": 0.05, ""regressor__alpha"": 0.1}",46,2258,0.01,Dune,random,2,Prop0.02,45,True
MR,0.1603801115246654,"{""lasso__regressor__alpha"": 0.1}",46,2258,0.02,Dune,random,2,Prop0.02,45,True
RF,0.1380750897665729,"{""max_features"": 1.0, ""min_samples_leaf"": 2, ""n_estimators"": 10}",46,2258,0.02,Dune,random,2,Prop0.02,45,True
SVR,0.1284737035817094,"{""regressor__tol"": 0.1, ""regressor__shrinking"": false, ""regressor__epsilon"": 0.1, ""regressor__coef0"": 1.0, ""regressor__C"": 2.0}",46,2258,0.01,Dune,random,2,Prop0.02,45,True
CART,0.17460920864417,"{""max_features"": ""log2"", ""min_samples_leaf"": 2, ""splitter"": ""random""}",46,2258,0.0,Dune,random,2,Prop0.02,46,True
kNN,0.1560435256820722,"{""n_neighbors"": 12, ""p"": 1, ""weights"": ""distance""}",46,2258,0.01,Dune,random,2,Prop0.02,46,True
KRR,0.1266852051901896,"{""regressor__kernel"": ""rbf"", ""regressor__gamma"": 0.05, ""regressor__alpha"": 0.1}",46,2258,0.01,Dune,random,2,Prop0.02,46,True
MR,0.1611902075224669,"{""lasso__regressor__alpha"": 0.1}",46,2258,0.02,Dune,random,2,Prop0.02,46,True
RF,0.1384585270268697,"{""max_features"": 1.0, ""min_samples_leaf"": 2, ""n_estimators"": 10}",46,2258,0.02,Dune,random,2,Prop0.02,46,True
SVR,0.1229266365221023,"{""regressor__tol"": 0.1, ""regressor__shrinking"": false, ""regressor__epsilon"": 0.1, ""regressor__coef0"": 1.0, ""regressor__C"": 2.0}",46,2258,0.01,Dune,random,2,Prop0.02,46,True
CART,0.1573137466993795,"{""max_features"": ""log2"", ""min_samples_leaf"": 2, ""splitter"": ""random""}",46,2258,0.0,Dune,random,2,Prop0.02,47,True
kNN,0.1690148351576265,"{""n_neighbors"": 12, ""p"": 1, ""weights"": ""distance""}",46,2258,0.01,Dune,random,2,Prop0.02,47,True
KRR,0.1311872586787814,"{""regressor__kernel"": ""rbf"", ""regressor__gamma"": 0.05, ""regressor__alpha"": 0.1}",46,2258,0.01,Dune,random,2,Prop0.02,47,True
MR,0.1692382410588085,"{""lasso__regressor__alpha"": 0.1}",46,2258,0.02,Dune,random,2,Prop0.02,47,True
RF,0.1443637679538021,"{""max_features"": 1.0, ""min_samples_leaf"": 2, ""n_estimators"": 10}",46,2258,0.01,Dune,random,2,Prop0.02,47,True
SVR,0.1378082900531507,"{""regressor__tol"": 0.1, ""regressor__shrinking"": false, ""regressor__epsilon"": 0.1, ""regressor__coef0"": 1.0, ""regressor__C"": 2.0}",46,2258,0.01,Dune,random,2,Prop0.02,47,True
CART,0.1930772357782314,"{""max_features"": ""log2"", ""min_samples_leaf"": 2, ""splitter"": ""random""}",46,2258,0.0,Dune,random,2,Prop0.02,48,True
kNN,0.2370716594201206,"{""n_neighbors"": 12, ""p"": 1, ""weights"": ""distance""}",46,2258,0.01,Dune,random,2,Prop0.02,48,True
KRR,0.2881301282150917,"{""regressor__kernel"": ""rbf"", ""regressor__gamma"": 0.05, ""regressor__alpha"": 0.1}",46,2258,0.01,Dune,random,2,Prop0.02,48,True
MR,0.2613119079060899,"{""lasso__regressor__alpha"": 0.1}",46,2258,0.02,Dune,random,2,Prop0.02,48,True
RF,0.2676506345240506,"{""max_features"": 1.0, ""min_samples_leaf"": 2, ""n_estimators"": 10}",46,2258,0.02,Dune,random,2,Prop0.02,48,True
SVR,0.1766555315415656,"{""regressor__tol"": 0.1, ""regressor__shrinking"": false, ""regressor__epsilon"": 0.1, ""regressor__coef0"": 1.0, ""regressor__C"": 2.0}",46,2258,0.01,Dune,random,2,Prop0.02,48,True
CART,0.2534096213060682,"{""max_features"": ""log2"", ""min_samples_leaf"": 2, ""splitter"": ""random""}",46,2258,0.0,Dune,random,2,Prop0.02,49,True
kNN,0.2240344055814312,"{""n_neighbors"": 12, ""p"": 1, ""weights"": ""distance""}",46,2258,0.01,Dune,random,2,Prop0.02,49,True
KRR,0.1715837012909178,"{""regressor__kernel"": ""rbf"", ""regressor__gamma"": 0.05, ""regressor__alpha"": 0.1}",46,2258,0.0,Dune,random,2,Prop0.02,49,True
MR,0.1838524483662853,"{""lasso__regressor__alpha"": 0.1}",46,2258,0.02,Dune,random,2,Prop0.02,49,True
RF,0.1581541171075704,"{""max_features"": 1.0, ""min_samples_leaf"": 2, ""n_estimators"": 10}",46,2258,0.02,Dune,random,2,Prop0.02,49,True
SVR,0.1497842392855157,"{""regressor__tol"": 0.1, ""regressor__shrinking"": false, ""regressor__epsilon"": 0.1, ""regressor__coef0"": 1.0, ""regressor__C"": 2.0}",46,2258,0.01,Dune,random,2,Prop0.02,49,True
CART,0.1531823784900168,"{""max_features"": ""log2"", ""min_samples_leaf"": 2, ""splitter"": ""random""}",46,2258,0.0,Dune,random,2,Prop0.02,50,True
kNN,0.1511043738822947,"{""n_neighbors"": 12, ""p"": 1, ""weights"": ""distance""}",46,2258,0.01,Dune,random,2,Prop0.02,50,True
KRR,0.1597074885179721,"{""regressor__kernel"": ""rbf"", ""regressor__gamma"": 0.05, ""regressor__alpha"": 0.1}",46,2258,0.01,Dune,random,2,Prop0.02,50,True
MR,0.1605980500771924,"{""lasso__regressor__alpha"": 0.1}",46,2258,0.02,Dune,random,2,Prop0.02,50,True
RF,0.1613315572476627,"{""max_features"": 1.0, ""min_samples_leaf"": 2, ""n_estimators"": 10}",46,2258,0.02,Dune,random,2,Prop0.02,50,True
SVR,0.1301749096884124,"{""regressor__tol"": 0.1, ""regressor__shrinking"": false, ""regressor__epsilon"": 0.1, ""regressor__coef0"": 1.0, ""regressor__C"": 2.0}",46,2258,0.01,Dune,random,2,Prop0.02,50,True
CART,0.1805279138215556,"{""max_features"": ""log2"", ""min_samples_leaf"": 2, ""splitter"": ""random""}",46,2258,0.0,Dune,random,2,Prop0.02,51,True
kNN,0.1723423258566279,"{""n_neighbors"": 12, ""p"": 1, ""weights"": ""distance""}",46,2258,0.01,Dune,random,2,Prop0.02,51,True
KRR,0.1833079859133389,"{""regressor__kernel"": ""rbf"", ""regressor__gamma"": 0.05, ""regressor__alpha"": 0.1}",46,2258,0.01,Dune,random,2,Prop0.02,51,True
MR,0.1623618347115231,"{""lasso__regressor__alpha"": 0.1}",46,2258,0.02,Dune,random,2,Prop0.02,51,True
RF,0.155997907426547,"{""max_features"": 1.0, ""min_samples_leaf"": 2, ""n_estimators"": 10}",46,2258,0.02,Dune,random,2,Prop0.02,51,True
SVR,0.1414993602030287,"{""regressor__tol"": 0.1, ""regressor__shrinking"": false, ""regressor__epsilon"": 0.1, ""regressor__coef0"": 1.0, ""regressor__C"": 2.0}",46,2258,0.01,Dune,random,2,Prop0.02,51,True
CART,0.181151435705049,"{""max_features"": ""log2"", ""min_samples_leaf"": 2, ""splitter"": ""random""}",46,2258,0.0,Dune,random,2,Prop0.02,52,True
kNN,0.1505690754004879,"{""n_neighbors"": 12, ""p"": 1, ""weights"": ""distance""}",46,2258,0.01,Dune,random,2,Prop0.02,52,True
KRR,0.1392300423612465,"{""regressor__kernel"": ""rbf"", ""regressor__gamma"": 0.05, ""regressor__alpha"": 0.1}",46,2258,0.01,Dune,random,2,Prop0.02,52,True
MR,0.1615486585002642,"{""lasso__regressor__alpha"": 0.1}",46,2258,0.02,Dune,random,2,Prop0.02,52,True
RF,0.1442972416787398,"{""max_features"": 1.0, ""min_samples_leaf"": 2, ""n_estimators"": 10}",46,2258,0.02,Dune,random,2,Prop0.02,52,True
SVR,0.1240563153798666,"{""regressor__tol"": 0.1, ""regressor__shrinking"": false, ""regressor__epsilon"": 0.1, ""regressor__coef0"": 1.0, ""regressor__C"": 2.0}",46,2258,0.01,Dune,random,2,Prop0.02,52,True
CART,0.1479018963673964,"{""max_features"": ""log2"", ""min_samples_leaf"": 2, ""splitter"": ""random""}",46,2258,0.0,Dune,random,2,Prop0.02,53,True
kNN,0.1501780624343641,"{""n_neighbors"": 12, ""p"": 1, ""weights"": ""distance""}",46,2258,0.01,Dune,random,2,Prop0.02,53,True
KRR,0.1210919950331219,"{""regressor__kernel"": ""rbf"", ""regressor__gamma"": 0.05, ""regressor__alpha"": 0.1}",46,2258,0.01,Dune,random,2,Prop0.02,53,True
MR,0.1557457840536946,"{""lasso__regressor__alpha"": 0.1}",46,2258,0.02,Dune,random,2,Prop0.02,53,True
RF,0.1357905859757356,"{""max_features"": 1.0, ""min_samples_leaf"": 2, ""n_estimators"": 10}",46,2258,0.02,Dune,random,2,Prop0.02,53,True
SVR,0.1243014770985333,"{""regressor__tol"": 0.1, ""regressor__shrinking"": false, ""regressor__epsilon"": 0.1, ""regressor__coef0"": 1.0, ""regressor__C"": 2.0}",46,2258,0.01,Dune,random,2,Prop0.02,53,True
CART,0.1543987726346242,"{""max_features"": ""log2"", ""min_samples_leaf"": 2, ""splitter"": ""random""}",46,2258,0.0,Dune,random,2,Prop0.02,54,True
kNN,0.1466810340932043,"{""n_neighbors"": 12, ""p"": 1, ""weights"": ""distance""}",46,2258,0.01,Dune,random,2,Prop0.02,54,True
KRR,0.1266555474104625,"{""regressor__kernel"": ""rbf"", ""regressor__gamma"": 0.05, ""regressor__alpha"": 0.1}",46,2258,0.01,Dune,random,2,Prop0.02,54,True
MR,0.158713224241835,"{""lasso__regressor__alpha"": 0.1}",46,2258,0.02,Dune,random,2,Prop0.02,54,True
RF,0.1374638899182526,"{""max_features"": 1.0, ""min_samples_leaf"": 2, ""n_estimators"": 10}",46,2258,0.02,Dune,random,2,Prop0.02,54,True
SVR,0.1315414918569742,"{""regressor__tol"": 0.1, ""regressor__shrinking"": false, ""regressor__epsilon"": 0.1, ""regressor__coef0"": 1.0, ""regressor__C"": 2.0}",46,2258,0.01,Dune,random,2,Prop0.02,54,True
CART,0.1541800001466374,"{""max_features"": ""log2"", ""min_samples_leaf"": 2, ""splitter"": ""random""}",46,2258,0.0,Dune,random,2,Prop0.02,55,True
kNN,0.1646513936673283,"{""n_neighbors"": 12, ""p"": 1, ""weights"": ""distance""}",46,2258,0.01,Dune,random,2,Prop0.02,55,True
KRR,0.125798323006415,"{""regressor__kernel"": ""rbf"", ""regressor__gamma"": 0.05, ""regressor__alpha"": 0.1}",46,2258,0.01,Dune,random,2,Prop0.02,55,True
MR,0.1594244573215737,"{""lasso__regressor__alpha"": 0.1}",46,2258,0.02,Dune,random,2,Prop0.02,55,True
RF,0.1349893091153667,"{""max_features"": 1.0, ""min_samples_leaf"": 2, ""n_estimators"": 10}",46,2258,0.02,Dune,random,2,Prop0.02,55,True
SVR,0.1336877251027839,"{""regressor__tol"": 0.1, ""regressor__shrinking"": false, ""regressor__epsilon"": 0.1, ""regressor__coef0"": 1.0, ""regressor__C"": 2.0}",46,2258,0.01,Dune,random,2,Prop0.02,55,True
CART,0.1415455602944731,"{""max_features"": ""log2"", ""min_samples_leaf"": 2, ""splitter"": ""random""}",46,2258,0.0,Dune,random,2,Prop0.02,56,True
kNN,0.1527405557995317,"{""n_neighbors"": 12, ""p"": 1, ""weights"": ""distance""}",46,2258,0.01,Dune,random,2,Prop0.02,56,True
KRR,0.1230634229807872,"{""regressor__kernel"": ""rbf"", ""regressor__gamma"": 0.05, ""regressor__alpha"": 0.1}",46,2258,0.01,Dune,random,2,Prop0.02,56,True
MR,0.1527899784806659,"{""lasso__regressor__alpha"": 0.1}",46,2258,0.02,Dune,random,2,Prop0.02,56,True
RF,0.1275602018374588,"{""max_features"": 1.0, ""min_samples_leaf"": 2, ""n_estimators"": 10}",46,2258,0.02,Dune,random,2,Prop0.02,56,True
SVR,0.1287086573140471,"{""regressor__tol"": 0.1, ""regressor__shrinking"": false, ""regressor__epsilon"": 0.1, ""regressor__coef0"": 1.0, ""regressor__C"": 2.0}",46,2258,0.01,Dune,random,2,Prop0.02,56,True
CART,0.1605230419642168,"{""max_features"": ""log2"", ""min_samples_leaf"": 2, ""splitter"": ""random""}",46,2258,0.0,Dune,random,2,Prop0.02,57,True
kNN,0.1530632253655562,"{""n_neighbors"": 12, ""p"": 1, ""weights"": ""distance""}",46,2258,0.01,Dune,random,2,Prop0.02,57,True
KRR,0.122012494070696,"{""regressor__kernel"": ""rbf"", ""regressor__gamma"": 0.05, ""regressor__alpha"": 0.1}",46,2258,0.01,Dune,random,2,Prop0.02,57,True
MR,0.1570294709979097,"{""lasso__regressor__alpha"": 0.1}",46,2258,0.02,Dune,random,2,Prop0.02,57,True
RF,0.1298605055848185,"{""max_features"": 1.0, ""min_samples_leaf"": 2, ""n_estimators"": 10}",46,2258,0.02,Dune,random,2,Prop0.02,57,True
SVR,0.1173451234352637,"{""regressor__tol"": 0.1, ""regressor__shrinking"": false, ""regressor__epsilon"": 0.1, ""regressor__coef0"": 1.0, ""regressor__C"": 2.0}",46,2258,0.01,Dune,random,2,Prop0.02,57,True
CART,0.1802466429640938,"{""max_features"": ""log2"", ""min_samples_leaf"": 2, ""splitter"": ""random""}",46,2258,0.0,Dune,random,2,Prop0.02,58,True
kNN,0.1635747757161635,"{""n_neighbors"": 12, ""p"": 1, ""weights"": ""distance""}",46,2258,0.01,Dune,random,2,Prop0.02,58,True
KRR,0.1607551015009969,"{""regressor__kernel"": ""rbf"", ""regressor__gamma"": 0.05, ""regressor__alpha"": 0.1}",46,2258,0.01,Dune,random,2,Prop0.02,58,True
MR,0.1787450177490311,"{""lasso__regressor__alpha"": 0.1}",46,2258,0.02,Dune,random,2,Prop0.02,58,True
RF,0.1329485606582187,"{""max_features"": 1.0, ""min_samples_leaf"": 2, ""n_estimators"": 10}",46,2258,0.02,Dune,random,2,Prop0.02,58,True
SVR,0.1242989934296521,"{""regressor__tol"": 0.1, ""regressor__shrinking"": false, ""regressor__epsilon"": 0.1, ""regressor__coef0"": 1.0, ""regressor__C"": 2.0}",46,2258,0.01,Dune,random,2,Prop0.02,58,True
CART,0.1660620832045604,"{""max_features"": ""log2"", ""min_samples_leaf"": 2, ""splitter"": ""random""}",46,2258,0.0,Dune,random,2,Prop0.02,59,True
kNN,0.1535626738465973,"{""n_neighbors"": 12, ""p"": 1, ""weights"": ""distance""}",46,2258,0.01,Dune,random,2,Prop0.02,59,True
KRR,0.1233486985487372,"{""regressor__kernel"": ""rbf"", ""regressor__gamma"": 0.05, ""regressor__alpha"": 0.1}",46,2258,0.01,Dune,random,2,Prop0.02,59,True
MR,0.1629194854654058,"{""lasso__regressor__alpha"": 0.1}",46,2258,0.02,Dune,random,2,Prop0.02,59,True
RF,0.1393163340127348,"{""max_features"": 1.0, ""min_samples_leaf"": 2, ""n_estimators"": 10}",46,2258,0.02,Dune,random,2,Prop0.02,59,True
SVR,0.1314385161180802,"{""regressor__tol"": 0.1, ""regressor__shrinking"": false, ""regressor__epsilon"": 0.1, ""regressor__coef0"": 1.0, ""regressor__C"": 2.0}",46,2258,0.01,Dune,random,2,Prop0.02,59,True
CART,0.2586316432583958,"{""max_features"": ""log2"", ""min_samples_leaf"": 2, ""splitter"": ""random""}",46,2258,0.0,Dune,random,2,Prop0.02,60,True
kNN,0.1852133841354718,"{""n_neighbors"": 12, ""p"": 1, ""weights"": ""distance""}",46,2258,0.01,Dune,random,2,Prop0.02,60,True
KRR,0.200399321905222,"{""regressor__kernel"": ""rbf"", ""regressor__gamma"": 0.05, ""regressor__alpha"": 0.1}",46,2258,0.01,Dune,random,2,Prop0.02,60,True
MR,0.1844371399189374,"{""lasso__regressor__alpha"": 0.1}",46,2258,0.02,Dune,random,2,Prop0.02,60,True
RF,0.1966645681861109,"{""max_features"": 1.0, ""min_samples_leaf"": 2, ""n_estimators"": 10}",46,2258,0.02,Dune,random,2,Prop0.02,60,True
SVR,0.1341884588714587,"{""regressor__tol"": 0.1, ""regressor__shrinking"": false, ""regressor__epsilon"": 0.1, ""regressor__coef0"": 1.0, ""regressor__C"": 2.0}",46,2258,0.01,Dune,random,2,Prop0.02,60,True
CART,0.1371902262442369,"{""max_features"": ""log2"", ""min_samples_leaf"": 2, ""splitter"": ""random""}",46,2258,0.0,Dune,random,2,Prop0.02,61,True
kNN,0.1498922600608733,"{""n_neighbors"": 12, ""p"": 1, ""weights"": ""distance""}",46,2258,0.01,Dune,random,2,Prop0.02,61,True
KRR,0.1264604056815644,"{""regressor__kernel"": ""rbf"", ""regressor__gamma"": 0.05, ""regressor__alpha"": 0.1}",46,2258,0.01,Dune,random,2,Prop0.02,61,True
MR,0.1614814795572429,"{""lasso__regressor__alpha"": 0.1}",46,2258,0.02,Dune,random,2,Prop0.02,61,True
RF,0.1253124191592923,"{""max_features"": 1.0, ""min_samples_leaf"": 2, ""n_estimators"": 10}",46,2258,0.02,Dune,random,2,Prop0.02,61,True
SVR,0.1359805373648201,"{""regressor__tol"": 0.1, ""regressor__shrinking"": false, ""regressor__epsilon"": 0.1, ""regressor__coef0"": 1.0, ""regressor__C"": 2.0}",46,2258,0.01,Dune,random,2,Prop0.02,61,True
CART,0.1472347183441217,"{""max_features"": ""log2"", ""min_samples_leaf"": 2, ""splitter"": ""random""}",46,2258,0.0,Dune,random,2,Prop0.02,62,True
kNN,0.1527401204721809,"{""n_neighbors"": 12, ""p"": 1, ""weights"": ""distance""}",46,2258,0.01,Dune,random,2,Prop0.02,62,True
KRR,0.1389654778077273,"{""regressor__kernel"": ""rbf"", ""regressor__gamma"": 0.05, ""regressor__alpha"": 0.1}",46,2258,0.01,Dune,random,2,Prop0.02,62,True
MR,0.156079883069082,"{""lasso__regressor__alpha"": 0.1}",46,2258,0.02,Dune,random,2,Prop0.02,62,True
RF,0.1313045534792887,"{""max_features"": 1.0, ""min_samples_leaf"": 2, ""n_estimators"": 10}",46,2258,0.02,Dune,random,2,Prop0.02,62,True
SVR,0.1391248975705588,"{""regressor__tol"": 0.1, ""regressor__shrinking"": false, ""regressor__epsilon"": 0.1, ""regressor__coef0"": 1.0, ""regressor__C"": 2.0}",46,2258,0.01,Dune,random,2,Prop0.02,62,True
CART,0.1609869193270994,"{""max_features"": ""log2"", ""min_samples_leaf"": 2, ""splitter"": ""random""}",46,2258,0.0,Dune,random,2,Prop0.02,63,True
kNN,0.1674860956054675,"{""n_neighbors"": 12, ""p"": 1, ""weights"": ""distance""}",46,2258,0.01,Dune,random,2,Prop0.02,63,True
KRR,0.138621751873417,"{""regressor__kernel"": ""rbf"", ""regressor__gamma"": 0.05, ""regressor__alpha"": 0.1}",46,2258,0.01,Dune,random,2,Prop0.02,63,True
MR,0.1742728274619828,"{""lasso__regressor__alpha"": 0.1}",46,2258,0.02,Dune,random,2,Prop0.02,63,True
RF,0.1633102672089996,"{""max_features"": 1.0, ""min_samples_leaf"": 2, ""n_estimators"": 10}",46,2258,0.02,Dune,random,2,Prop0.02,63,True
SVR,0.1153775859472278,"{""regressor__tol"": 0.1, ""regressor__shrinking"": false, ""regressor__epsilon"": 0.1, ""regressor__coef0"": 1.0, ""regressor__C"": 2.0}",46,2258,0.01,Dune,random,2,Prop0.02,63,True
CART,0.1849312640965688,"{""max_features"": ""log2"", ""min_samples_leaf"": 2, ""splitter"": ""random""}",46,2258,0.0,Dune,random,2,Prop0.02,64,True
kNN,0.2043563833813186,"{""n_neighbors"": 12, ""p"": 1, ""weights"": ""distance""}",46,2258,0.01,Dune,random,2,Prop0.02,64,True
KRR,0.1411141229830147,"{""regressor__kernel"": ""rbf"", ""regressor__gamma"": 0.05, ""regressor__alpha"": 0.1}",46,2258,0.01,Dune,random,2,Prop0.02,64,True
MR,0.185807756101312,"{""lasso__regressor__alpha"": 0.1}",46,2258,0.02,Dune,random,2,Prop0.02,64,True
RF,0.1567439547814822,"{""max_features"": 1.0, ""min_samples_leaf"": 2, ""n_estimators"": 10}",46,2258,0.02,Dune,random,2,Prop0.02,64,True
SVR,0.1298033678975305,"{""regressor__tol"": 0.1, ""regressor__shrinking"": false, ""regressor__epsilon"": 0.1, ""regressor__coef0"": 1.0, ""regressor__C"": 2.0}",46,2258,0.01,Dune,random,2,Prop0.02,64,True
CART,0.1621972756713302,"{""max_features"": ""log2"", ""min_samples_leaf"": 2, ""splitter"": ""random""}",46,2258,0.0,Dune,random,2,Prop0.02,65,True
kNN,0.1560487072317492,"{""n_neighbors"": 12, ""p"": 1, ""weights"": ""distance""}",46,2258,0.01,Dune,random,2,Prop0.02,65,True
KRR,0.1176077173585648,"{""regressor__kernel"": ""rbf"", ""regressor__gamma"": 0.05, ""regressor__alpha"": 0.1}",46,2258,0.01,Dune,random,2,Prop0.02,65,True
MR,0.1620010890328863,"{""lasso__regressor__alpha"": 0.1}",46,2258,0.02,Dune,random,2,Prop0.02,65,True
RF,0.1402049260485556,"{""max_features"": 1.0, ""min_samples_leaf"": 2, ""n_estimators"": 10}",46,2258,0.02,Dune,random,2,Prop0.02,65,True
SVR,0.1243433141510896,"{""regressor__tol"": 0.1, ""regressor__shrinking"": false, ""regressor__epsilon"": 0.1, ""regressor__coef0"": 1.0, ""regressor__C"": 2.0}",46,2258,0.01,Dune,random,2,Prop0.02,65,True
CART,0.2224557401972276,"{""max_features"": ""log2"", ""min_samples_leaf"": 2, ""splitter"": ""random""}",46,2258,0.0,Dune,random,2,Prop0.02,66,True
kNN,0.1743386161449973,"{""n_neighbors"": 12, ""p"": 1, ""weights"": ""distance""}",46,2258,0.01,Dune,random,2,Prop0.02,66,True
KRR,0.1520444535800889,"{""regressor__kernel"": ""rbf"", ""regressor__gamma"": 0.05, ""regressor__alpha"": 0.1}",46,2258,0.01,Dune,random,2,Prop0.02,66,True
MR,0.1760314829229479,"{""lasso__regressor__alpha"": 0.1}",46,2258,0.02,Dune,random,2,Prop0.02,66,True
RF,0.1411791294066959,"{""max_features"": 1.0, ""min_samples_leaf"": 2, ""n_estimators"": 10}",46,2258,0.02,Dune,random,2,Prop0.02,66,True
SVR,0.1322116042631007,"{""regressor__tol"": 0.1, ""regressor__shrinking"": false, ""regressor__epsilon"": 0.1, ""regressor__coef0"": 1.0, ""regressor__C"": 2.0}",46,2258,0.01,Dune,random,2,Prop0.02,66,True
CART,0.1467322392284227,"{""max_features"": ""log2"", ""min_samples_leaf"": 2, ""splitter"": ""random""}",46,2258,0.0,Dune,random,2,Prop0.02,67,True
kNN,0.1431020100168124,"{""n_neighbors"": 12, ""p"": 1, ""weights"": ""distance""}",46,2258,0.01,Dune,random,2,Prop0.02,67,True
KRR,0.1184817897586724,"{""regressor__kernel"": ""rbf"", ""regressor__gamma"": 0.05, ""regressor__alpha"": 0.1}",46,2258,0.01,Dune,random,2,Prop0.02,67,True
MR,0.1518115209139825,"{""lasso__regressor__alpha"": 0.1}",46,2258,0.02,Dune,random,2,Prop0.02,67,True
RF,0.1313931241678882,"{""max_features"": 1.0, ""min_samples_leaf"": 2, ""n_estimators"": 10}",46,2258,0.02,Dune,random,2,Prop0.02,67,True
SVR,0.1286412741691872,"{""regressor__tol"": 0.1, ""regressor__shrinking"": false, ""regressor__epsilon"": 0.1, ""regressor__coef0"": 1.0, ""regressor__C"": 2.0}",46,2258,0.01,Dune,random,2,Prop0.02,67,True
CART,0.2272642995490438,"{""max_features"": ""log2"", ""min_samples_leaf"": 2, ""splitter"": ""random""}",46,2258,0.0,Dune,random,2,Prop0.02,68,True
kNN,0.2196320960347199,"{""n_neighbors"": 12, ""p"": 1, ""weights"": ""distance""}",46,2258,0.01,Dune,random,2,Prop0.02,68,True
KRR,0.3243883351820421,"{""regressor__kernel"": ""rbf"", ""regressor__gamma"": 0.05, ""regressor__alpha"": 0.1}",46,2258,0.01,Dune,random,2,Prop0.02,68,True
MR,0.1910437897944386,"{""lasso__regressor__alpha"": 0.1}",46,2258,0.02,Dune,random,2,Prop0.02,68,True
RF,0.2077492182990488,"{""max_features"": 1.0, ""min_samples_leaf"": 2, ""n_estimators"": 10}",46,2258,0.02,Dune,random,2,Prop0.02,68,True
SVR,0.1646097654720547,"{""regressor__tol"": 0.1, ""regressor__shrinking"": false, ""regressor__epsilon"": 0.1, ""regressor__coef0"": 1.0, ""regressor__C"": 2.0}",46,2258,0.01,Dune,random,2,Prop0.02,68,True
CART,0.2006085043342418,"{""max_features"": ""log2"", ""min_samples_leaf"": 2, ""splitter"": ""random""}",46,2258,0.0,Dune,random,2,Prop0.02,69,True
kNN,0.1445836783047788,"{""n_neighbors"": 12, ""p"": 1, ""weights"": ""distance""}",46,2258,0.01,Dune,random,2,Prop0.02,69,True
KRR,0.1725508284828693,"{""regressor__kernel"": ""rbf"", ""regressor__gamma"": 0.05, ""regressor__alpha"": 0.1}",46,2258,0.01,Dune,random,2,Prop0.02,69,True
MR,0.1656307696931518,"{""lasso__regressor__alpha"": 0.1}",46,2258,0.02,Dune,random,2,Prop0.02,69,True
RF,0.154077131956006,"{""max_features"": 1.0, ""min_samples_leaf"": 2, ""n_estimators"": 10}",46,2258,0.02,Dune,random,2,Prop0.02,69,True
SVR,0.1207038784289324,"{""regressor__tol"": 0.1, ""regressor__shrinking"": false, ""regressor__epsilon"": 0.1, ""regressor__coef0"": 1.0, ""regressor__C"": 2.0}",46,2258,0.01,Dune,random,2,Prop0.02,69,True
CART,0.1829957603213482,"{""max_features"": ""log2"", ""min_samples_leaf"": 2, ""splitter"": ""random""}",46,2258,0.0,Dune,random,2,Prop0.02,70,True
kNN,0.1435243079485616,"{""n_neighbors"": 12, ""p"": 1, ""weights"": ""distance""}",46,2258,0.01,Dune,random,2,Prop0.02,70,True
KRR,0.1152381540175851,"{""regressor__kernel"": ""rbf"", ""regressor__gamma"": 0.05, ""regressor__alpha"": 0.1}",46,2258,0.01,Dune,random,2,Prop0.02,70,True
MR,0.167232361330633,"{""lasso__regressor__alpha"": 0.1}",46,2258,0.02,Dune,random,2,Prop0.02,70,True
RF,0.139799042713878,"{""max_features"": 1.0, ""min_samples_leaf"": 2, ""n_estimators"": 10}",46,2258,0.02,Dune,random,2,Prop0.02,70,True
SVR,0.1103066199944503,"{""regressor__tol"": 0.1, ""regressor__shrinking"": false, ""regressor__epsilon"": 0.1, ""regressor__coef0"": 1.0, ""regressor__C"": 2.0}",46,2258,0.01,Dune,random,2,Prop0.02,70,True
CART,0.158166745622252,"{""max_features"": ""log2"", ""min_samples_leaf"": 2, ""splitter"": ""random""}",46,2258,0.0,Dune,random,2,Prop0.02,71,True
kNN,0.1545938448339468,"{""n_neighbors"": 12, ""p"": 1, ""weights"": ""distance""}",46,2258,0.01,Dune,random,2,Prop0.02,71,True
KRR,0.1529126950966328,"{""regressor__kernel"": ""rbf"", ""regressor__gamma"": 0.05, ""regressor__alpha"": 0.1}",46,2258,0.01,Dune,random,2,Prop0.02,71,True
MR,0.1615577873012419,"{""lasso__regressor__alpha"": 0.1}",46,2258,0.02,Dune,random,2,Prop0.02,71,True
RF,0.1406451801416024,"{""max_features"": 1.0, ""min_samples_leaf"": 2, ""n_estimators"": 10}",46,2258,0.02,Dune,random,2,Prop0.02,71,True
SVR,0.1153821107102265,"{""regressor__tol"": 0.1, ""regressor__shrinking"": false, ""regressor__epsilon"": 0.1, ""regressor__coef0"": 1.0, ""regressor__C"": 2.0}",46,2258,0.01,Dune,random,2,Prop0.02,71,True
CART,0.248184342625254,"{""max_features"": ""log2"", ""min_samples_leaf"": 2, ""splitter"": ""random""}",46,2258,0.0,Dune,random,2,Prop0.02,72,True
kNN,0.1854130282332317,"{""n_neighbors"": 12, ""p"": 1, ""weights"": ""distance""}",46,2258,0.01,Dune,random,2,Prop0.02,72,True
KRR,0.1812157834247878,"{""regressor__kernel"": ""rbf"", ""regressor__gamma"": 0.05, ""regressor__alpha"": 0.1}",46,2258,0.01,Dune,random,2,Prop0.02,72,True
MR,0.1927152699239921,"{""lasso__regressor__alpha"": 0.1}",46,2258,0.02,Dune,random,2,Prop0.02,72,True
RF,0.1792828890823394,"{""max_features"": 1.0, ""min_samples_leaf"": 2, ""n_estimators"": 10}",46,2258,0.02,Dune,random,2,Prop0.02,72,True
SVR,0.1444424832649635,"{""regressor__tol"": 0.1, ""regressor__shrinking"": false, ""regressor__epsilon"": 0.1, ""regressor__coef0"": 1.0, ""regressor__C"": 2.0}",46,2258,0.01,Dune,random,2,Prop0.02,72,True
CART,0.1494102229370069,"{""max_features"": ""log2"", ""min_samples_leaf"": 2, ""splitter"": ""random""}",46,2258,0.0,Dune,random,2,Prop0.02,73,True
kNN,0.1568945558737584,"{""n_neighbors"": 12, ""p"": 1, ""weights"": ""distance""}",46,2258,0.01,Dune,random,2,Prop0.02,73,True
KRR,0.1242552510679716,"{""regressor__kernel"": ""rbf"", ""regressor__gamma"": 0.05, ""regressor__alpha"": 0.1}",46,2258,0.01,Dune,random,2,Prop0.02,73,True
MR,0.1584015691521665,"{""lasso__regressor__alpha"": 0.1}",46,2258,0.02,Dune,random,2,Prop0.02,73,True
RF,0.135387187846539,"{""max_features"": 1.0, ""min_samples_leaf"": 2, ""n_estimators"": 10}",46,2258,0.02,Dune,random,2,Prop0.02,73,True
SVR,0.1344904906518156,"{""regressor__tol"": 0.1, ""regressor__shrinking"": false, ""regressor__epsilon"": 0.1, ""regressor__coef0"": 1.0, ""regressor__C"": 2.0}",46,2258,0.01,Dune,random,2,Prop0.02,73,True
CART,0.2129976315066134,"{""max_features"": ""log2"", ""min_samples_leaf"": 2, ""splitter"": ""random""}",46,2258,0.0,Dune,random,2,Prop0.02,74,True
kNN,0.1845604381316549,"{""n_neighbors"": 12, ""p"": 1, ""weights"": ""distance""}",46,2258,0.01,Dune,random,2,Prop0.02,74,True
KRR,0.1505490739510769,"{""regressor__kernel"": ""rbf"", ""regressor__gamma"": 0.05, ""regressor__alpha"": 0.1}",46,2258,0.01,Dune,random,2,Prop0.02,74,True
MR,0.1907654113815577,"{""lasso__regressor__alpha"": 0.1}",46,2258,0.02,Dune,random,2,Prop0.02,74,True
RF,0.1488300597122778,"{""max_features"": 1.0, ""min_samples_leaf"": 2, ""n_estimators"": 10}",46,2258,0.02,Dune,random,2,Prop0.02,74,True
SVR,0.1299888410498872,"{""regressor__tol"": 0.1, ""regressor__shrinking"": false, ""regressor__epsilon"": 0.1, ""regressor__coef0"": 1.0, ""regressor__C"": 2.0}",46,2258,0.01,Dune,random,2,Prop0.02,74,True
CART,0.186820960448654,"{""max_features"": ""log2"", ""min_samples_leaf"": 2, ""splitter"": ""random""}",46,2258,0.0,Dune,random,2,Prop0.02,75,True
kNN,0.1494393671334648,"{""n_neighbors"": 12, ""p"": 1, ""weights"": ""distance""}",46,2258,0.01,Dune,random,2,Prop0.02,75,True
KRR,0.1248087122071106,"{""regressor__kernel"": ""rbf"", ""regressor__gamma"": 0.05, ""regressor__alpha"": 0.1}",46,2258,0.01,Dune,random,2,Prop0.02,75,True
MR,0.1572945263721688,"{""lasso__regressor__alpha"": 0.1}",46,2258,0.02,Dune,random,2,Prop0.02,75,True
RF,0.1253261986174877,"{""max_features"": 1.0, ""min_samples_leaf"": 2, ""n_estimators"": 10}",46,2258,0.02,Dune,random,2,Prop0.02,75,True
SVR,0.1290142778384914,"{""regressor__tol"": 0.1, ""regressor__shrinking"": false, ""regressor__epsilon"": 0.1, ""regressor__coef0"": 1.0, ""regressor__C"": 2.0}",46,2258,0.01,Dune,random,2,Prop0.02,75,True
CART,0.1597849449463012,"{""max_features"": ""log2"", ""min_samples_leaf"": 2, ""splitter"": ""random""}",46,2258,0.0,Dune,random,2,Prop0.02,76,True
kNN,0.2069354993675059,"{""n_neighbors"": 12, ""p"": 1, ""weights"": ""distance""}",46,2258,0.01,Dune,random,2,Prop0.02,76,True
KRR,0.3320905326865713,"{""regressor__kernel"": ""rbf"", ""regressor__gamma"": 0.05, ""regressor__alpha"": 0.1}",46,2258,0.01,Dune,random,2,Prop0.02,76,True
MR,0.1989485419139842,"{""lasso__regressor__alpha"": 0.1}",46,2258,0.02,Dune,random,2,Prop0.02,76,True
RF,0.1570745992435589,"{""max_features"": 1.0, ""min_samples_leaf"": 2, ""n_estimators"": 10}",46,2258,0.02,Dune,random,2,Prop0.02,76,True
SVR,0.1864472693226647,"{""regressor__tol"": 0.1, ""regressor__shrinking"": false, ""regressor__epsilon"": 0.1, ""regressor__coef0"": 1.0, ""regressor__C"": 2.0}",46,2258,0.01,Dune,random,2,Prop0.02,76,True
CART,0.186895810902707,"{""max_features"": ""log2"", ""min_samples_leaf"": 2, ""splitter"": ""random""}",46,2258,0.0,Dune,random,2,Prop0.02,77,True
kNN,0.1997801105165092,"{""n_neighbors"": 12, ""p"": 1, ""weights"": ""distance""}",46,2258,0.01,Dune,random,2,Prop0.02,77,True
KRR,0.2131961375664776,"{""regressor__kernel"": ""rbf"", ""regressor__gamma"": 0.05, ""regressor__alpha"": 0.1}",46,2258,0.01,Dune,random,2,Prop0.02,77,True
MR,0.1687261863186464,"{""lasso__regressor__alpha"": 0.1}",46,2258,0.02,Dune,random,2,Prop0.02,77,True
RF,0.1400798350539688,"{""max_features"": 1.0, ""min_samples_leaf"": 2, ""n_estimators"": 10}",46,2258,0.02,Dune,random,2,Prop0.02,77,True
SVR,0.141078175147463,"{""regressor__tol"": 0.1, ""regressor__shrinking"": false, ""regressor__epsilon"": 0.1, ""regressor__coef0"": 1.0, ""regressor__C"": 2.0}",46,2258,0.01,Dune,random,2,Prop0.02,77,True
CART,0.1973283953968018,"{""max_features"": ""log2"", ""min_samples_leaf"": 2, ""splitter"": ""random""}",46,2258,0.0,Dune,random,2,Prop0.02,78,True
kNN,0.140241575084371,"{""n_neighbors"": 12, ""p"": 1, ""weights"": ""distance""}",46,2258,0.01,Dune,random,2,Prop0.02,78,True
KRR,0.1323502569112961,"{""regressor__kernel"": ""rbf"", ""regressor__gamma"": 0.05, ""regressor__alpha"": 0.1}",46,2258,0.01,Dune,random,2,Prop0.02,78,True
MR,0.1750606504731759,"{""lasso__regressor__alpha"": 0.1}",46,2258,0.02,Dune,random,2,Prop0.02,78,True
RF,0.1301148664171318,"{""max_features"": 1.0, ""min_samples_leaf"": 2, ""n_estimators"": 10}",46,2258,0.02,Dune,random,2,Prop0.02,78,True
SVR,0.1157302287173902,"{""regressor__tol"": 0.1, ""regressor__shrinking"": false, ""regressor__epsilon"": 0.1, ""regressor__coef0"": 1.0, ""regressor__C"": 2.0}",46,2258,0.01,Dune,random,2,Prop0.02,78,True
CART,0.1748754530217478,"{""max_features"": ""log2"", ""min_samples_leaf"": 2, ""splitter"": ""random""}",46,2258,0.0,Dune,random,2,Prop0.02,79,True
kNN,0.1703435400698346,"{""n_neighbors"": 12, ""p"": 1, ""weights"": ""distance""}",46,2258,0.01,Dune,random,2,Prop0.02,79,True
KRR,0.1806423621881971,"{""regressor__kernel"": ""rbf"", ""regressor__gamma"": 0.05, ""regressor__alpha"": 0.1}",46,2258,0.01,Dune,random,2,Prop0.02,79,True
MR,0.1725041031143266,"{""lasso__regressor__alpha"": 0.1}",46,2258,0.02,Dune,random,2,Prop0.02,79,True
RF,0.1465729740958696,"{""max_features"": 1.0, ""min_samples_leaf"": 2, ""n_estimators"": 10}",46,2258,0.02,Dune,random,2,Prop0.02,79,True
SVR,0.1521943712193877,"{""regressor__tol"": 0.1, ""regressor__shrinking"": false, ""regressor__epsilon"": 0.1, ""regressor__coef0"": 1.0, ""regressor__C"": 2.0}",46,2258,0.01,Dune,random,2,Prop0.02,79,True
CART,0.1495283420708179,"{""max_features"": ""log2"", ""min_samples_leaf"": 2, ""splitter"": ""random""}",46,2258,0.0,Dune,random,2,Prop0.02,80,True
kNN,0.1526839113018794,"{""n_neighbors"": 12, ""p"": 1, ""weights"": ""distance""}",46,2258,0.01,Dune,random,2,Prop0.02,80,True
KRR,0.1264940477767519,"{""regressor__kernel"": ""rbf"", ""regressor__gamma"": 0.05, ""regressor__alpha"": 0.1}",46,2258,0.01,Dune,random,2,Prop0.02,80,True
MR,0.1644007538061596,"{""lasso__regressor__alpha"": 0.1}",46,2258,0.02,Dune,random,2,Prop0.02,80,True
RF,0.1382968511319004,"{""max_features"": 1.0, ""min_samples_leaf"": 2, ""n_estimators"": 10}",46,2258,0.02,Dune,random,2,Prop0.02,80,True
SVR,0.1327878947140156,"{""regressor__tol"": 0.1, ""regressor__shrinking"": false, ""regressor__epsilon"": 0.1, ""regressor__coef0"": 1.0, ""regressor__C"": 2.0}",46,2258,0.01,Dune,random,2,Prop0.02,80,True
CART,0.1533383915467415,"{""max_features"": ""log2"", ""min_samples_leaf"": 2, ""splitter"": ""random""}",46,2258,0.0,Dune,random,2,Prop0.02,81,True
kNN,0.17488812982258,"{""n_neighbors"": 12, ""p"": 1, ""weights"": ""distance""}",46,2258,0.01,Dune,random,2,Prop0.02,81,True
KRR,0.1688766139518024,"{""regressor__kernel"": ""rbf"", ""regressor__gamma"": 0.05, ""regressor__alpha"": 0.1}",46,2258,0.0,Dune,random,2,Prop0.02,81,True
MR,0.1752685730257289,"{""lasso__regressor__alpha"": 0.1}",46,2258,0.02,Dune,random,2,Prop0.02,81,True
RF,0.1655143639581988,"{""max_features"": 1.0, ""min_samples_leaf"": 2, ""n_estimators"": 10}",46,2258,0.02,Dune,random,2,Prop0.02,81,True
SVR,0.1484022552305554,"{""regressor__tol"": 0.1, ""regressor__shrinking"": false, ""regressor__epsilon"": 0.1, ""regressor__coef0"": 1.0, ""regressor__C"": 2.0}",46,2258,0.01,Dune,random,2,Prop0.02,81,True
CART,0.1499472351601635,"{""max_features"": ""log2"", ""min_samples_leaf"": 2, ""splitter"": ""random""}",46,2258,0.0,Dune,random,2,Prop0.02,82,True
kNN,0.1455008868978857,"{""n_neighbors"": 12, ""p"": 1, ""weights"": ""distance""}",46,2258,0.01,Dune,random,2,Prop0.02,82,True
KRR,0.1122788053694284,"{""regressor__kernel"": ""rbf"", ""regressor__gamma"": 0.05, ""regressor__alpha"": 0.1}",46,2258,0.01,Dune,random,2,Prop0.02,82,True
MR,0.1627367924243005,"{""lasso__regressor__alpha"": 0.1}",46,2258,0.02,Dune,random,2,Prop0.02,82,True
RF,0.1274898464768466,"{""max_features"": 1.0, ""min_samples_leaf"": 2, ""n_estimators"": 10}",46,2258,0.02,Dune,random,2,Prop0.02,82,True
SVR,0.1192972192766233,"{""regressor__tol"": 0.1, ""regressor__shrinking"": false, ""regressor__epsilon"": 0.1, ""regressor__coef0"": 1.0, ""regressor__C"": 2.0}",46,2258,0.01,Dune,random,2,Prop0.02,82,True
CART,0.1599343990087119,"{""max_features"": ""log2"", ""min_samples_leaf"": 2, ""splitter"": ""random""}",46,2258,0.0,Dune,random,2,Prop0.02,83,True
kNN,0.1494327117590515,"{""n_neighbors"": 12, ""p"": 1, ""weights"": ""distance""}",46,2258,0.01,Dune,random,2,Prop0.02,83,True
KRR,0.1306134819342964,"{""regressor__kernel"": ""rbf"", ""regressor__gamma"": 0.05, ""regressor__alpha"": 0.1}",46,2258,0.01,Dune,random,2,Prop0.02,83,True
MR,0.1530783040927097,"{""lasso__regressor__alpha"": 0.1}",46,2258,0.02,Dune,random,2,Prop0.02,83,True
RF,0.1368833890699916,"{""max_features"": 1.0, ""min_samples_leaf"": 2, ""n_estimators"": 10}",46,2258,0.02,Dune,random,2,Prop0.02,83,True
SVR,0.1325262045743516,"{""regressor__tol"": 0.1, ""regressor__shrinking"": false, ""regressor__epsilon"": 0.1, ""regressor__coef0"": 1.0, ""regressor__C"": 2.0}",46,2258,0.01,Dune,random,2,Prop0.02,83,True
CART,0.1887707689605325,"{""max_features"": ""log2"", ""min_samples_leaf"": 2, ""splitter"": ""random""}",46,2258,0.0,Dune,random,2,Prop0.02,84,True
kNN,0.1784587772096857,"{""n_neighbors"": 12, ""p"": 1, ""weights"": ""distance""}",46,2258,0.01,Dune,random,2,Prop0.02,84,True
KRR,0.2480980993305266,"{""regressor__kernel"": ""rbf"", ""regressor__gamma"": 0.05, ""regressor__alpha"": 0.1}",46,2258,0.01,Dune,random,2,Prop0.02,84,True
MR,0.1765405062068156,"{""lasso__regressor__alpha"": 0.1}",46,2258,0.02,Dune,random,2,Prop0.02,84,True
RF,0.164659958893228,"{""max_features"": 1.0, ""min_samples_leaf"": 2, ""n_estimators"": 10}",46,2258,0.02,Dune,random,2,Prop0.02,84,True
SVR,0.1312562186815833,"{""regressor__tol"": 0.1, ""regressor__shrinking"": false, ""regressor__epsilon"": 0.1, ""regressor__coef0"": 1.0, ""regressor__C"": 2.0}",46,2258,0.01,Dune,random,2,Prop0.02,84,True
CART,0.1707722129908093,"{""max_features"": ""log2"", ""min_samples_leaf"": 2, ""splitter"": ""random""}",46,2258,0.0,Dune,random,2,Prop0.02,85,True
kNN,0.197917707376353,"{""n_neighbors"": 12, ""p"": 1, ""weights"": ""distance""}",46,2258,0.01,Dune,random,2,Prop0.02,85,True
KRR,0.2123174950551283,"{""regressor__kernel"": ""rbf"", ""regressor__gamma"": 0.05, ""regressor__alpha"": 0.1}",46,2258,0.01,Dune,random,2,Prop0.02,85,True
MR,0.2156759406099626,"{""lasso__regressor__alpha"": 0.1}",46,2258,0.02,Dune,random,2,Prop0.02,85,True
RF,0.2289118845176209,"{""max_features"": 1.0, ""min_samples_leaf"": 2, ""n_estimators"": 10}",46,2258,0.02,Dune,random,2,Prop0.02,85,True
SVR,0.1172908645538552,"{""regressor__tol"": 0.1, ""regressor__shrinking"": false, ""regressor__epsilon"": 0.1, ""regressor__coef0"": 1.0, ""regressor__C"": 2.0}",46,2258,0.01,Dune,random,2,Prop0.02,85,True
CART,0.195507347147831,"{""max_features"": ""log2"", ""min_samples_leaf"": 2, ""splitter"": ""random""}",46,2258,0.0,Dune,random,2,Prop0.02,86,True
kNN,0.1760977664920318,"{""n_neighbors"": 12, ""p"": 1, ""weights"": ""distance""}",46,2258,0.01,Dune,random,2,Prop0.02,86,True
KRR,0.3074952241825338,"{""regressor__kernel"": ""rbf"", ""regressor__gamma"": 0.05, ""regressor__alpha"": 0.1}",46,2258,0.01,Dune,random,2,Prop0.02,86,True
MR,0.1800775660469526,"{""lasso__regressor__alpha"": 0.1}",46,2258,0.02,Dune,random,2,Prop0.02,86,True
RF,0.179953292645507,"{""max_features"": 1.0, ""min_samples_leaf"": 2, ""n_estimators"": 10}",46,2258,0.02,Dune,random,2,Prop0.02,86,True
SVR,0.1231159493613388,"{""regressor__tol"": 0.1, ""regressor__shrinking"": false, ""regressor__epsilon"": 0.1, ""regressor__coef0"": 1.0, ""regressor__C"": 2.0}",46,2258,0.01,Dune,random,2,Prop0.02,86,True
CART,0.1351275506056572,"{""max_features"": ""log2"", ""min_samples_leaf"": 2, ""splitter"": ""random""}",46,2258,0.0,Dune,random,2,Prop0.02,87,True
kNN,0.1427813498201175,"{""n_neighbors"": 12, ""p"": 1, ""weights"": ""distance""}",46,2258,0.01,Dune,random,2,Prop0.02,87,True
KRR,0.1224416083081195,"{""regressor__kernel"": ""rbf"", ""regressor__gamma"": 0.05, ""regressor__alpha"": 0.1}",46,2258,0.01,Dune,random,2,Prop0.02,87,True
MR,0.1671209091937328,"{""lasso__regressor__alpha"": 0.1}",46,2258,0.02,Dune,random,2,Prop0.02,87,True
RF,0.1268183235351974,"{""max_features"": 1.0, ""min_samples_leaf"": 2, ""n_estimators"": 10}",46,2258,0.02,Dune,random,2,Prop0.02,87,True
SVR,0.1226553215870936,"{""regressor__tol"": 0.1, ""regressor__shrinking"": false, ""regressor__epsilon"": 0.1, ""regressor__coef0"": 1.0, ""regressor__C"": 2.0}",46,2258,0.01,Dune,random,2,Prop0.02,87,True
CART,0.2306224925515128,"{""max_features"": ""log2"", ""min_samples_leaf"": 2, ""splitter"": ""random""}",46,2258,0.0,Dune,random,2,Prop0.02,88,True
kNN,0.1578527627484487,"{""n_neighbors"": 12, ""p"": 1, ""weights"": ""distance""}",46,2258,0.01,Dune,random,2,Prop0.02,88,True
KRR,0.1655936583930688,"{""regressor__kernel"": ""rbf"", ""regressor__gamma"": 0.05, ""regressor__alpha"": 0.1}",46,2258,0.01,Dune,random,2,Prop0.02,88,True
MR,0.1777445703466888,"{""lasso__regressor__alpha"": 0.1}",46,2258,0.02,Dune,random,2,Prop0.02,88,True
RF,0.1883597803930925,"{""max_features"": 1.0, ""min_samples_leaf"": 2, ""n_estimators"": 10}",46,2258,0.02,Dune,random,2,Prop0.02,88,True
SVR,0.1311699743153135,"{""regressor__tol"": 0.1, ""regressor__shrinking"": false, ""regressor__epsilon"": 0.1, ""regressor__coef0"": 1.0, ""regressor__C"": 2.0}",46,2258,0.01,Dune,random,2,Prop0.02,88,True
CART,0.1831720588524179,"{""max_features"": ""log2"", ""min_samples_leaf"": 2, ""splitter"": ""random""}",46,2258,0.0,Dune,random,2,Prop0.02,89,True
kNN,0.207200397227379,"{""n_neighbors"": 12, ""p"": 1, ""weights"": ""distance""}",46,2258,0.01,Dune,random,2,Prop0.02,89,True
KRR,0.1863169159486832,"{""regressor__kernel"": ""rbf"", ""regressor__gamma"": 0.05, ""regressor__alpha"": 0.1}",46,2258,0.01,Dune,random,2,Prop0.02,89,True
MR,0.1677790651482009,"{""lasso__regressor__alpha"": 0.1}",46,2258,0.02,Dune,random,2,Prop0.02,89,True
RF,0.1362390892942369,"{""max_features"": 1.0, ""min_samples_leaf"": 2, ""n_estimators"": 10}",46,2258,0.02,Dune,random,2,Prop0.02,89,True
SVR,0.1425445038605677,"{""regressor__tol"": 0.1, ""regressor__shrinking"": false, ""regressor__epsilon"": 0.1, ""regressor__coef0"": 1.0, ""regressor__C"": 2.0}",46,2258,0.01,Dune,random,2,Prop0.02,89,True
CART,0.1604225054521881,"{""max_features"": ""log2"", ""min_samples_leaf"": 2, ""splitter"": ""random""}",46,2258,0.0,Dune,random,2,Prop0.02,90,True
kNN,0.1623959146014494,"{""n_neighbors"": 12, ""p"": 1, ""weights"": ""distance""}",46,2258,0.01,Dune,random,2,Prop0.02,90,True
KRR,0.1437698963074893,"{""regressor__kernel"": ""rbf"", ""regressor__gamma"": 0.05, ""regressor__alpha"": 0.1}",46,2258,0.01,Dune,random,2,Prop0.02,90,True
MR,0.1662319168078235,"{""lasso__regressor__alpha"": 0.1}",46,2258,0.02,Dune,random,2,Prop0.02,90,True
RF,0.1554194056231655,"{""max_features"": 1.0, ""min_samples_leaf"": 2, ""n_estimators"": 10}",46,2258,0.02,Dune,random,2,Prop0.02,90,True
SVR,0.1395179994786846,"{""regressor__tol"": 0.1, ""regressor__shrinking"": false, ""regressor__epsilon"": 0.1, ""regressor__coef0"": 1.0, ""regressor__C"": 2.0}",46,2258,0.01,Dune,random,2,Prop0.02,90,True
CART,0.2014290163645118,"{""max_features"": ""log2"", ""min_samples_leaf"": 2, ""splitter"": ""random""}",46,2258,0.0,Dune,random,2,Prop0.02,91,True
kNN,0.1672117413459634,"{""n_neighbors"": 12, ""p"": 1, ""weights"": ""distance""}",46,2258,0.01,Dune,random,2,Prop0.02,91,True
KRR,0.1584850280955244,"{""regressor__kernel"": ""rbf"", ""regressor__gamma"": 0.05, ""regressor__alpha"": 0.1}",46,2258,0.01,Dune,random,2,Prop0.02,91,True
MR,0.1742470445633709,"{""lasso__regressor__alpha"": 0.1}",46,2258,0.02,Dune,random,2,Prop0.02,91,True
RF,0.1509678519110361,"{""max_features"": 1.0, ""min_samples_leaf"": 2, ""n_estimators"": 10}",46,2258,0.02,Dune,random,2,Prop0.02,91,True
SVR,0.1447807045158909,"{""regressor__tol"": 0.1, ""regressor__shrinking"": false, ""regressor__epsilon"": 0.1, ""regressor__coef0"": 1.0, ""regressor__C"": 2.0}",46,2258,0.01,Dune,random,2,Prop0.02,91,True
CART,0.1547964104105468,"{""max_features"": ""log2"", ""min_samples_leaf"": 2, ""splitter"": ""random""}",46,2258,0.0,Dune,random,2,Prop0.02,92,True
kNN,0.1511957715627958,"{""n_neighbors"": 12, ""p"": 1, ""weights"": ""distance""}",46,2258,0.01,Dune,random,2,Prop0.02,92,True
KRR,0.1282803228029405,"{""regressor__kernel"": ""rbf"", ""regressor__gamma"": 0.05, ""regressor__alpha"": 0.1}",46,2258,0.01,Dune,random,2,Prop0.02,92,True
MR,0.1604255538949346,"{""lasso__regressor__alpha"": 0.1}",46,2258,0.02,Dune,random,2,Prop0.02,92,True
RF,0.1390464558212243,"{""max_features"": 1.0, ""min_samples_leaf"": 2, ""n_estimators"": 10}",46,2258,0.02,Dune,random,2,Prop0.02,92,True
SVR,0.1334226986666351,"{""regressor__tol"": 0.1, ""regressor__shrinking"": false, ""regressor__epsilon"": 0.1, ""regressor__coef0"": 1.0, ""regressor__C"": 2.0}",46,2258,0.01,Dune,random,2,Prop0.02,92,True
CART,0.1802830738306901,"{""max_features"": ""log2"", ""min_samples_leaf"": 2, ""splitter"": ""random""}",46,2258,0.0,Dune,random,2,Prop0.02,93,True
kNN,0.1539423025481376,"{""n_neighbors"": 12, ""p"": 1, ""weights"": ""distance""}",46,2258,0.01,Dune,random,2,Prop0.02,93,True
KRR,0.1355975568425883,"{""regressor__kernel"": ""rbf"", ""regressor__gamma"": 0.05, ""regressor__alpha"": 0.1}",46,2258,0.01,Dune,random,2,Prop0.02,93,True
MR,0.166525561991423,"{""lasso__regressor__alpha"": 0.1}",46,2258,0.02,Dune,random,2,Prop0.02,93,True
RF,0.1285566933146188,"{""max_features"": 1.0, ""min_samples_leaf"": 2, ""n_estimators"": 10}",46,2258,0.02,Dune,random,2,Prop0.02,93,True
SVR,0.1226146692635972,"{""regressor__tol"": 0.1, ""regressor__shrinking"": false, ""regressor__epsilon"": 0.1, ""regressor__coef0"": 1.0, ""regressor__C"": 2.0}",46,2258,0.01,Dune,random,2,Prop0.02,93,True
CART,0.1573363933613784,"{""max_features"": ""log2"", ""min_samples_leaf"": 2, ""splitter"": ""random""}",46,2258,0.0,Dune,random,2,Prop0.02,94,True
kNN,0.153402175361615,"{""n_neighbors"": 12, ""p"": 1, ""weights"": ""distance""}",46,2258,0.01,Dune,random,2,Prop0.02,94,True
KRR,0.1241329378793975,"{""regressor__kernel"": ""rbf"", ""regressor__gamma"": 0.05, ""regressor__alpha"": 0.1}",46,2258,0.01,Dune,random,2,Prop0.02,94,True
MR,0.1648477428762995,"{""lasso__regressor__alpha"": 0.1}",46,2258,0.02,Dune,random,2,Prop0.02,94,True
RF,0.1426891357836652,"{""max_features"": 1.0, ""min_samples_leaf"": 2, ""n_estimators"": 10}",46,2258,0.02,Dune,random,2,Prop0.02,94,True
SVR,0.1312059634181346,"{""regressor__tol"": 0.1, ""regressor__shrinking"": false, ""regressor__epsilon"": 0.1, ""regressor__coef0"": 1.0, ""regressor__C"": 2.0}",46,2258,0.01,Dune,random,2,Prop0.02,94,True
CART,0.1720569013968834,"{""max_features"": ""log2"", ""min_samples_leaf"": 2, ""splitter"": ""random""}",46,2258,0.0,Dune,random,2,Prop0.02,95,True
kNN,0.1486994465284185,"{""n_neighbors"": 12, ""p"": 1, ""weights"": ""distance""}",46,2258,0.01,Dune,random,2,Prop0.02,95,True
KRR,0.13313600927031,"{""regressor__kernel"": ""rbf"", ""regressor__gamma"": 0.05, ""regressor__alpha"": 0.1}",46,2258,0.01,Dune,random,2,Prop0.02,95,True
MR,0.1642603358294845,"{""lasso__regressor__alpha"": 0.1}",46,2258,0.02,Dune,random,2,Prop0.02,95,True
RF,0.1440615036417172,"{""max_features"": 1.0, ""min_samples_leaf"": 2, ""n_estimators"": 10}",46,2258,0.02,Dune,random,2,Prop0.02,95,True
SVR,0.1341421273879563,"{""regressor__tol"": 0.1, ""regressor__shrinking"": false, ""regressor__epsilon"": 0.1, ""regressor__coef0"": 1.0, ""regressor__C"": 2.0}",46,2258,0.01,Dune,random,2,Prop0.02,95,True
CART,0.1658589566951251,"{""max_features"": ""log2"", ""min_samples_leaf"": 2, ""splitter"": ""random""}",46,2258,0.0,Dune,random,2,Prop0.02,96,True
kNN,0.1554459949835784,"{""n_neighbors"": 12, ""p"": 1, ""weights"": ""distance""}",46,2258,0.01,Dune,random,2,Prop0.02,96,True
KRR,0.1357478517998005,"{""regressor__kernel"": ""rbf"", ""regressor__gamma"": 0.05, ""regressor__alpha"": 0.1}",46,2258,0.01,Dune,random,2,Prop0.02,96,True
MR,0.1582063087546077,"{""lasso__regressor__alpha"": 0.1}",46,2258,0.02,Dune,random,2,Prop0.02,96,True
RF,0.1681623927299869,"{""max_features"": 1.0, ""min_samples_leaf"": 2, ""n_estimators"": 10}",46,2258,0.02,Dune,random,2,Prop0.02,96,True
SVR,0.1277528372398258,"{""regressor__tol"": 0.1, ""regressor__shrinking"": false, ""regressor__epsilon"": 0.1, ""regressor__coef0"": 1.0, ""regressor__C"": 2.0}",46,2258,0.01,Dune,random,2,Prop0.02,96,True
CART,0.182440202127283,"{""max_features"": ""log2"", ""min_samples_leaf"": 2, ""splitter"": ""random""}",46,2258,0.0,Dune,random,2,Prop0.02,97,True
kNN,0.1660390315001224,"{""n_neighbors"": 12, ""p"": 1, ""weights"": ""distance""}",46,2258,0.01,Dune,random,2,Prop0.02,97,True
KRR,0.1492130174933058,"{""regressor__kernel"": ""rbf"", ""regressor__gamma"": 0.05, ""regressor__alpha"": 0.1}",46,2258,0.01,Dune,random,2,Prop0.02,97,True
MR,0.161822380800981,"{""lasso__regressor__alpha"": 0.1}",46,2258,0.02,Dune,random,2,Prop0.02,97,True
RF,0.1586955327272299,"{""max_features"": 1.0, ""min_samples_leaf"": 2, ""n_estimators"": 10}",46,2258,0.02,Dune,random,2,Prop0.02,97,True
SVR,0.1385162554118373,"{""regressor__tol"": 0.1, ""regressor__shrinking"": false, ""regressor__epsilon"": 0.1, ""regressor__coef0"": 1.0, ""regressor__C"": 2.0}",46,2258,0.01,Dune,random,2,Prop0.02,97,True
CART,0.146366433664552,"{""max_features"": ""log2"", ""min_samples_leaf"": 2, ""splitter"": ""random""}",46,2258,0.0,Dune,random,2,Prop0.02,98,True
kNN,0.143040993960187,"{""n_neighbors"": 12, ""p"": 1, ""weights"": ""distance""}",46,2258,0.01,Dune,random,2,Prop0.02,98,True
KRR,0.1266945319982372,"{""regressor__kernel"": ""rbf"", ""regressor__gamma"": 0.05, ""regressor__alpha"": 0.1}",46,2258,0.01,Dune,random,2,Prop0.02,98,True
MR,0.1606874102637384,"{""lasso__regressor__alpha"": 0.1}",46,2258,0.02,Dune,random,2,Prop0.02,98,True
RF,0.1292934112148918,"{""max_features"": 1.0, ""min_samples_leaf"": 2, ""n_estimators"": 10}",46,2258,0.02,Dune,random,2,Prop0.02,98,True
SVR,0.12335475004701,"{""regressor__tol"": 0.1, ""regressor__shrinking"": false, ""regressor__epsilon"": 0.1, ""regressor__coef0"": 1.0, ""regressor__C"": 2.0}",46,2258,0.01,Dune,random,2,Prop0.02,98,True
CART,0.1384773892902424,"{""max_features"": ""log2"", ""min_samples_leaf"": 2, ""splitter"": ""random""}",46,2258,0.0,Dune,random,2,Prop0.02,99,True
kNN,0.1444561762219197,"{""n_neighbors"": 12, ""p"": 1, ""weights"": ""distance""}",46,2258,0.01,Dune,random,2,Prop0.02,99,True
KRR,0.1207317957950221,"{""regressor__kernel"": ""rbf"", ""regressor__gamma"": 0.05, ""regressor__alpha"": 0.1}",46,2258,0.01,Dune,random,2,Prop0.02,99,True
MR,0.1559852888672986,"{""lasso__regressor__alpha"": 0.1}",46,2258,0.02,Dune,random,2,Prop0.02,99,True
RF,0.1256230012507475,"{""max_features"": 1.0, ""min_samples_leaf"": 2, ""n_estimators"": 10}",46,2258,0.02,Dune,random,2,Prop0.02,99,True
SVR,0.1183685874973594,"{""regressor__tol"": 0.1, ""regressor__shrinking"": false, ""regressor__epsilon"": 0.1, ""regressor__coef0"": 1.0, ""regressor__C"": 2.0}",46,2258,0.01,Dune,random,2,Prop0.02,99,True
CART,0.1897430080412119,"{""max_features"": ""log2"", ""min_samples_leaf"": 2, ""splitter"": ""random""}",46,2258,0.0,Dune,random,2,Prop0.02,100,True
kNN,0.1885313937511037,"{""n_neighbors"": 12, ""p"": 1, ""weights"": ""distance""}",46,2258,0.01,Dune,random,2,Prop0.02,100,True
KRR,0.1750566982978726,"{""regressor__kernel"": ""rbf"", ""regressor__gamma"": 0.05, ""regressor__alpha"": 0.1}",46,2258,0.01,Dune,random,2,Prop0.02,100,True
MR,0.1772273826646898,"{""lasso__regressor__alpha"": 0.1}",46,2258,0.02,Dune,random,2,Prop0.02,100,True
RF,0.1611790572491864,"{""max_features"": 1.0, ""min_samples_leaf"": 2, ""n_estimators"": 10}",46,2258,0.01,Dune,random,2,Prop0.02,100,True
SVR,0.1434354360602525,"{""regressor__tol"": 0.1, ""regressor__shrinking"": false, ""regressor__epsilon"": 0.1, ""regressor__coef0"": 1.0, ""regressor__C"": 2.0}",46,2258,0.01,Dune,random,2,Prop0.02,100,True
CART,0.1308170298444422,"{""max_features"": 1.0, ""min_samples_leaf"": 1, ""splitter"": ""best""}",115,2189,0.0,Dune,random,2,Prop0.05,1,True
kNN,0.1352827116634851,"{""n_neighbors"": 15, ""p"": 1, ""weights"": ""distance""}",115,2189,0.02,Dune,random,2,Prop0.05,1,True
KRR,0.1171657654923063,"{""regressor__kernel"": ""rbf"", ""regressor__gamma"": 0.05, ""regressor__alpha"": 0.1}",115,2189,0.02,Dune,random,2,Prop0.05,1,True
MR,0.1117734619610147,"{""lasso__regressor__alpha"": 0.01}",115,2189,0.03,Dune,random,2,Prop0.05,1,True
RF,0.111153091731228,"{""max_features"": 1.0, ""min_samples_leaf"": 1, ""n_estimators"": 20}",115,2189,0.05,Dune,random,2,Prop0.05,1,True
SVR,0.1120253989886331,"{""regressor__tol"": 0.1, ""regressor__shrinking"": false, ""regressor__epsilon"": 0.1, ""regressor__coef0"": 1.0, ""regressor__C"": 2.0}",115,2189,0.02,Dune,random,2,Prop0.05,1,True
CART,0.1077071659955963,"{""max_features"": 1.0, ""min_samples_leaf"": 1, ""splitter"": ""best""}",115,2189,0.0,Dune,random,2,Prop0.05,2,True
kNN,0.1464535168441183,"{""n_neighbors"": 15, ""p"": 1, ""weights"": ""distance""}",115,2189,0.02,Dune,random,2,Prop0.05,2,True
KRR,0.1207411788122861,"{""regressor__kernel"": ""rbf"", ""regressor__gamma"": 0.05, ""regressor__alpha"": 0.1}",115,2189,0.02,Dune,random,2,Prop0.05,2,True
MR,0.1030154001827333,"{""lasso__regressor__alpha"": 0.01}",115,2189,0.03,Dune,random,2,Prop0.05,2,True
RF,0.1047673706522822,"{""max_features"": 1.0, ""min_samples_leaf"": 1, ""n_estimators"": 20}",115,2189,0.05,Dune,random,2,Prop0.05,2,True
SVR,0.102291158015804,"{""regressor__tol"": 0.1, ""regressor__shrinking"": false, ""regressor__epsilon"": 0.1, ""regressor__coef0"": 1.0, ""regressor__C"": 2.0}",115,2189,0.02,Dune,random,2,Prop0.05,2,True
CART,0.1270659121961892,"{""max_features"": 1.0, ""min_samples_leaf"": 1, ""splitter"": ""best""}",115,2189,0.0,Dune,random,2,Prop0.05,3,True
kNN,0.163856599869994,"{""n_neighbors"": 15, ""p"": 1, ""weights"": ""distance""}",115,2189,0.02,Dune,random,2,Prop0.05,3,True
KRR,0.1304886083783396,"{""regressor__kernel"": ""rbf"", ""regressor__gamma"": 0.05, ""regressor__alpha"": 0.1}",115,2189,0.02,Dune,random,2,Prop0.05,3,True
MR,0.1072194190084066,"{""lasso__regressor__alpha"": 0.01}",115,2189,0.02,Dune,random,2,Prop0.05,3,True
RF,0.1072326452194054,"{""max_features"": 1.0, ""min_samples_leaf"": 1, ""n_estimators"": 20}",115,2189,0.05,Dune,random,2,Prop0.05,3,True
SVR,0.1099329369519818,"{""regressor__tol"": 0.1, ""regressor__shrinking"": false, ""regressor__epsilon"": 0.1, ""regressor__coef0"": 1.0, ""regressor__C"": 2.0}",115,2189,0.02,Dune,random,2,Prop0.05,3,True
CART,0.1166082342068822,"{""max_features"": 1.0, ""min_samples_leaf"": 1, ""splitter"": ""best""}",115,2189,0.0,Dune,random,2,Prop0.05,4,True
kNN,0.1666513018861008,"{""n_neighbors"": 15, ""p"": 1, ""weights"": ""distance""}",115,2189,0.02,Dune,random,2,Prop0.05,4,True
KRR,0.1706020802576092,"{""regressor__kernel"": ""rbf"", ""regressor__gamma"": 0.05, ""regressor__alpha"": 0.1}",115,2189,0.02,Dune,random,2,Prop0.05,4,True
MR,0.130410668042873,"{""lasso__regressor__alpha"": 0.01}",115,2189,0.02,Dune,random,2,Prop0.05,4,True
RF,0.106928017282481,"{""max_features"": 1.0, ""min_samples_leaf"": 1, ""n_estimators"": 20}",115,2189,0.05,Dune,random,2,Prop0.05,4,True
SVR,0.1110379997012428,"{""regressor__tol"": 0.1, ""regressor__shrinking"": false, ""regressor__epsilon"": 0.1, ""regressor__coef0"": 1.0, ""regressor__C"": 2.0}",115,2189,0.02,Dune,random,2,Prop0.05,4,True
CART,0.116502866803792,"{""max_features"": 1.0, ""min_samples_leaf"": 1, ""splitter"": ""best""}",115,2189,0.0,Dune,random,2,Prop0.05,5,True
kNN,0.1441914030026123,"{""n_neighbors"": 15, ""p"": 1, ""weights"": ""distance""}",115,2189,0.02,Dune,random,2,Prop0.05,5,True
KRR,0.1618472228498695,"{""regressor__kernel"": ""rbf"", ""regressor__gamma"": 0.05, ""regressor__alpha"": 0.1}",115,2189,0.01,Dune,random,2,Prop0.05,5,True
MR,0.1465184054165144,"{""lasso__regressor__alpha"": 0.01}",115,2189,0.03,Dune,random,2,Prop0.05,5,True
RF,0.1297761984964113,"{""max_features"": 1.0, ""min_samples_leaf"": 1, ""n_estimators"": 20}",115,2189,0.05,Dune,random,2,Prop0.05,5,True
SVR,0.1064555380462076,"{""regressor__tol"": 0.1, ""regressor__shrinking"": false, ""regressor__epsilon"": 0.1, ""regressor__coef0"": 1.0, ""regressor__C"": 2.0}",115,2189,0.02,Dune,random,2,Prop0.05,5,True
CART,0.1140339300860938,"{""max_features"": 1.0, ""min_samples_leaf"": 1, ""splitter"": ""best""}",115,2189,0.0,Dune,random,2,Prop0.05,6,True
kNN,0.1446305948564668,"{""n_neighbors"": 15, ""p"": 1, ""weights"": ""distance""}",115,2189,0.02,Dune,random,2,Prop0.05,6,True
KRR,0.1163138098705682,"{""regressor__kernel"": ""rbf"", ""regressor__gamma"": 0.05, ""regressor__alpha"": 0.1}",115,2189,0.01,Dune,random,2,Prop0.05,6,True
MR,0.1090665655250619,"{""lasso__regressor__alpha"": 0.01}",115,2189,0.03,Dune,random,2,Prop0.05,6,True
RF,0.1025464036304284,"{""max_features"": 1.0, ""min_samples_leaf"": 1, ""n_estimators"": 20}",115,2189,0.05,Dune,random,2,Prop0.05,6,True
SVR,0.1062107070122839,"{""regressor__tol"": 0.1, ""regressor__shrinking"": false, ""regressor__epsilon"": 0.1, ""regressor__coef0"": 1.0, ""regressor__C"": 2.0}",115,2189,0.02,Dune,random,2,Prop0.05,6,True
CART,0.1180781753116035,"{""max_features"": 1.0, ""min_samples_leaf"": 1, ""splitter"": ""best""}",115,2189,0.0,Dune,random,2,Prop0.05,7,True
kNN,0.1380561331264854,"{""n_neighbors"": 15, ""p"": 1, ""weights"": ""distance""}",115,2189,0.02,Dune,random,2,Prop0.05,7,True
KRR,0.1279765259477321,"{""regressor__kernel"": ""rbf"", ""regressor__gamma"": 0.05, ""regressor__alpha"": 0.1}",115,2189,0.01,Dune,random,2,Prop0.05,7,True
MR,0.1080527883207109,"{""lasso__regressor__alpha"": 0.01}",115,2189,0.03,Dune,random,2,Prop0.05,7,True
RF,0.1010853292437742,"{""max_features"": 1.0, ""min_samples_leaf"": 1, ""n_estimators"": 20}",115,2189,0.05,Dune,random,2,Prop0.05,7,True
SVR,0.1049841947293215,"{""regressor__tol"": 0.1, ""regressor__shrinking"": false, ""regressor__epsilon"": 0.1, ""regressor__coef0"": 1.0, ""regressor__C"": 2.0}",115,2189,0.03,Dune,random,2,Prop0.05,7,True
CART,0.1343922958596034,"{""max_features"": 1.0, ""min_samples_leaf"": 1, ""splitter"": ""best""}",115,2189,0.0,Dune,random,2,Prop0.05,8,True
kNN,0.1431469520087485,"{""n_neighbors"": 15, ""p"": 1, ""weights"": ""distance""}",115,2189,0.02,Dune,random,2,Prop0.05,8,True
KRR,0.1219686654227795,"{""regressor__kernel"": ""rbf"", ""regressor__gamma"": 0.05, ""regressor__alpha"": 0.1}",115,2189,0.01,Dune,random,2,Prop0.05,8,True
MR,0.1152017820308667,"{""lasso__regressor__alpha"": 0.01}",115,2189,0.03,Dune,random,2,Prop0.05,8,True
RF,0.1138990387354762,"{""max_features"": 1.0, ""min_samples_leaf"": 1, ""n_estimators"": 20}",115,2189,0.05,Dune,random,2,Prop0.05,8,True
SVR,0.1088503509564732,"{""regressor__tol"": 0.1, ""regressor__shrinking"": false, ""regressor__epsilon"": 0.1, ""regressor__coef0"": 1.0, ""regressor__C"": 2.0}",115,2189,0.02,Dune,random,2,Prop0.05,8,True
CART,0.1528526785018256,"{""max_features"": 1.0, ""min_samples_leaf"": 1, ""splitter"": ""best""}",115,2189,0.0,Dune,random,2,Prop0.05,9,True
kNN,0.1524611598054973,"{""n_neighbors"": 15, ""p"": 1, ""weights"": ""distance""}",115,2189,0.02,Dune,random,2,Prop0.05,9,True
KRR,0.2456984185029372,"{""regressor__kernel"": ""rbf"", ""regressor__gamma"": 0.05, ""regressor__alpha"": 0.1}",115,2189,0.01,Dune,random,2,Prop0.05,9,True
MR,0.1702829853885749,"{""lasso__regressor__alpha"": 0.01}",115,2189,0.02,Dune,random,2,Prop0.05,9,True
RF,0.1227864988066366,"{""max_features"": 1.0, ""min_samples_leaf"": 1, ""n_estimators"": 20}",115,2189,0.05,Dune,random,2,Prop0.05,9,True
SVR,0.1252277230518496,"{""regressor__tol"": 0.1, ""regressor__shrinking"": false, ""regressor__epsilon"": 0.1, ""regressor__coef0"": 1.0, ""regressor__C"": 2.0}",115,2189,0.02,Dune,random,2,Prop0.05,9,True
CART,0.1252778645399251,"{""max_features"": 1.0, ""min_samples_leaf"": 1, ""splitter"": ""best""}",115,2189,0.0,Dune,random,2,Prop0.05,10,True
kNN,0.1307146072277452,"{""n_neighbors"": 15, ""p"": 1, ""weights"": ""distance""}",115,2189,0.02,Dune,random,2,Prop0.05,10,True
KRR,0.1066806182882271,"{""regressor__kernel"": ""rbf"", ""regressor__gamma"": 0.05, ""regressor__alpha"": 0.1}",115,2189,0.01,Dune,random,2,Prop0.05,10,True
MR,0.1080482829145128,"{""lasso__regressor__alpha"": 0.01}",115,2189,0.02,Dune,random,2,Prop0.05,10,True
RF,0.1045544554603445,"{""max_features"": 1.0, ""min_samples_leaf"": 1, ""n_estimators"": 20}",115,2189,0.05,Dune,random,2,Prop0.05,10,True
SVR,0.1038291661038842,"{""regressor__tol"": 0.1, ""regressor__shrinking"": false, ""regressor__epsilon"": 0.1, ""regressor__coef0"": 1.0, ""regressor__C"": 2.0}",115,2189,0.03,Dune,random,2,Prop0.05,10,True
CART,0.110405490643871,"{""max_features"": 1.0, ""min_samples_leaf"": 1, ""splitter"": ""best""}",115,2189,0.0,Dune,random,2,Prop0.05,11,True
kNN,0.1327846989454127,"{""n_neighbors"": 15, ""p"": 1, ""weights"": ""distance""}",115,2189,0.02,Dune,random,2,Prop0.05,11,True
KRR,0.1234091754632124,"{""regressor__kernel"": ""rbf"", ""regressor__gamma"": 0.05, ""regressor__alpha"": 0.1}",115,2189,0.01,Dune,random,2,Prop0.05,11,True
MR,0.0993931771419087,"{""lasso__regressor__alpha"": 0.01}",115,2189,0.02,Dune,random,2,Prop0.05,11,True
RF,0.0977399974558012,"{""max_features"": 1.0, ""min_samples_leaf"": 1, ""n_estimators"": 20}",115,2189,0.05,Dune,random,2,Prop0.05,11,True
SVR,0.1012491882695334,"{""regressor__tol"": 0.1, ""regressor__shrinking"": false, ""regressor__epsilon"": 0.1, ""regressor__coef0"": 1.0, ""regressor__C"": 2.0}",115,2189,0.02,Dune,random,2,Prop0.05,11,True
CART,0.1182587665836579,"{""max_features"": 1.0, ""min_samples_leaf"": 1, ""splitter"": ""best""}",115,2189,0.0,Dune,random,2,Prop0.05,12,True
kNN,0.1439501667167202,"{""n_neighbors"": 15, ""p"": 1, ""weights"": ""distance""}",115,2189,0.02,Dune,random,2,Prop0.05,12,True
KRR,0.1104352498919877,"{""regressor__kernel"": ""rbf"", ""regressor__gamma"": 0.05, ""regressor__alpha"": 0.1}",115,2189,0.01,Dune,random,2,Prop0.05,12,True
MR,0.1163650327347305,"{""lasso__regressor__alpha"": 0.01}",115,2189,0.03,Dune,random,2,Prop0.05,12,True
RF,0.1094042966055479,"{""max_features"": 1.0, ""min_samples_leaf"": 1, ""n_estimators"": 20}",115,2189,0.05,Dune,random,2,Prop0.05,12,True
SVR,0.1092150834989084,"{""regressor__tol"": 0.1, ""regressor__shrinking"": false, ""regressor__epsilon"": 0.1, ""regressor__coef0"": 1.0, ""regressor__C"": 2.0}",115,2189,0.02,Dune,random,2,Prop0.05,12,True
CART,0.1213224552350159,"{""max_features"": 1.0, ""min_samples_leaf"": 1, ""splitter"": ""best""}",115,2189,0.0,Dune,random,2,Prop0.05,13,True
kNN,0.1547920246790344,"{""n_neighbors"": 15, ""p"": 1, ""weights"": ""distance""}",115,2189,0.02,Dune,random,2,Prop0.05,13,True
KRR,0.113692961772696,"{""regressor__kernel"": ""rbf"", ""regressor__gamma"": 0.05, ""regressor__alpha"": 0.1}",115,2189,0.01,Dune,random,2,Prop0.05,13,True
MR,0.1108643065580517,"{""lasso__regressor__alpha"": 0.01}",115,2189,0.02,Dune,random,2,Prop0.05,13,True
RF,0.1007195707597523,"{""max_features"": 1.0, ""min_samples_leaf"": 1, ""n_estimators"": 20}",115,2189,0.05,Dune,random,2,Prop0.05,13,True
SVR,0.1044691839910788,"{""regressor__tol"": 0.1, ""regressor__shrinking"": false, ""regressor__epsilon"": 0.1, ""regressor__coef0"": 1.0, ""regressor__C"": 2.0}",115,2189,0.03,Dune,random,2,Prop0.05,13,True
CART,0.1129742791013848,"{""max_features"": 1.0, ""min_samples_leaf"": 1, ""splitter"": ""best""}",115,2189,0.0,Dune,random,2,Prop0.05,14,True
kNN,0.1383419737819711,"{""n_neighbors"": 15, ""p"": 1, ""weights"": ""distance""}",115,2189,0.02,Dune,random,2,Prop0.05,14,True
KRR,0.1320055263442491,"{""regressor__kernel"": ""rbf"", ""regressor__gamma"": 0.05, ""regressor__alpha"": 0.1}",115,2189,0.01,Dune,random,2,Prop0.05,14,True
MR,0.1183675128426296,"{""lasso__regressor__alpha"": 0.01}",115,2189,0.03,Dune,random,2,Prop0.05,14,True
RF,0.1072467181258542,"{""max_features"": 1.0, ""min_samples_leaf"": 1, ""n_estimators"": 20}",115,2189,0.05,Dune,random,2,Prop0.05,14,True
SVR,0.1102087349466746,"{""regressor__tol"": 0.1, ""regressor__shrinking"": false, ""regressor__epsilon"": 0.1, ""regressor__coef0"": 1.0, ""regressor__C"": 2.0}",115,2189,0.02,Dune,random,2,Prop0.05,14,True
CART,0.1162046710856896,"{""max_features"": 1.0, ""min_samples_leaf"": 1, ""splitter"": ""best""}",115,2189,0.0,Dune,random,2,Prop0.05,15,True
kNN,0.1542574608914931,"{""n_neighbors"": 15, ""p"": 1, ""weights"": ""distance""}",115,2189,0.02,Dune,random,2,Prop0.05,15,True
KRR,0.1145044819618556,"{""regressor__kernel"": ""rbf"", ""regressor__gamma"": 0.05, ""regressor__alpha"": 0.1}",115,2189,0.01,Dune,random,2,Prop0.05,15,True
MR,0.1053755051309628,"{""lasso__regressor__alpha"": 0.01}",115,2189,0.02,Dune,random,2,Prop0.05,15,True
RF,0.1003337897227408,"{""max_features"": 1.0, ""min_samples_leaf"": 1, ""n_estimators"": 20}",115,2189,0.05,Dune,random,2,Prop0.05,15,True
SVR,0.1064139671038737,"{""regressor__tol"": 0.1, ""regressor__shrinking"": false, ""regressor__epsilon"": 0.1, ""regressor__coef0"": 1.0, ""regressor__C"": 2.0}",115,2189,0.03,Dune,random,2,Prop0.05,15,True
CART,0.1150635870969195,"{""max_features"": 1.0, ""min_samples_leaf"": 1, ""splitter"": ""best""}",115,2189,0.0,Dune,random,2,Prop0.05,16,True
kNN,0.1386229794202644,"{""n_neighbors"": 15, ""p"": 1, ""weights"": ""distance""}",115,2189,0.02,Dune,random,2,Prop0.05,16,True
KRR,0.1100630418164103,"{""regressor__kernel"": ""rbf"", ""regressor__gamma"": 0.05, ""regressor__alpha"": 0.1}",115,2189,0.01,Dune,random,2,Prop0.05,16,True
MR,0.1076392177744602,"{""lasso__regressor__alpha"": 0.01}",115,2189,0.03,Dune,random,2,Prop0.05,16,True
RF,0.1067894137093081,"{""max_features"": 1.0, ""min_samples_leaf"": 1, ""n_estimators"": 20}",115,2189,0.05,Dune,random,2,Prop0.05,16,True
SVR,0.104592574373025,"{""regressor__tol"": 0.1, ""regressor__shrinking"": false, ""regressor__epsilon"": 0.1, ""regressor__coef0"": 1.0, ""regressor__C"": 2.0}",115,2189,0.03,Dune,random,2,Prop0.05,16,True
CART,0.1236225080661968,"{""max_features"": 1.0, ""min_samples_leaf"": 1, ""splitter"": ""best""}",115,2189,0.0,Dune,random,2,Prop0.05,17,True
kNN,0.1679552120681478,"{""n_neighbors"": 15, ""p"": 1, ""weights"": ""distance""}",115,2189,0.02,Dune,random,2,Prop0.05,17,True
KRR,0.1992011172473084,"{""regressor__kernel"": ""rbf"", ""regressor__gamma"": 0.05, ""regressor__alpha"": 0.1}",115,2189,0.01,Dune,random,2,Prop0.05,17,True
MR,0.1351777579384044,"{""lasso__regressor__alpha"": 0.01}",115,2189,0.02,Dune,random,2,Prop0.05,17,True
RF,0.1228830917561453,"{""max_features"": 1.0, ""min_samples_leaf"": 1, ""n_estimators"": 20}",115,2189,0.05,Dune,random,2,Prop0.05,17,True
SVR,0.1227319303378739,"{""regressor__tol"": 0.1, ""regressor__shrinking"": false, ""regressor__epsilon"": 0.1, ""regressor__coef0"": 1.0, ""regressor__C"": 2.0}",115,2189,0.02,Dune,random,2,Prop0.05,17,True
CART,0.1289783600242146,"{""max_features"": 1.0, ""min_samples_leaf"": 1, ""splitter"": ""best""}",115,2189,0.0,Dune,random,2,Prop0.05,18,True
kNN,0.1409505597805083,"{""n_neighbors"": 15, ""p"": 1, ""weights"": ""distance""}",115,2189,0.02,Dune,random,2,Prop0.05,18,True
KRR,0.1236930702682971,"{""regressor__kernel"": ""rbf"", ""regressor__gamma"": 0.05, ""regressor__alpha"": 0.1}",115,2189,0.01,Dune,random,2,Prop0.05,18,True
MR,0.1096571274714094,"{""lasso__regressor__alpha"": 0.01}",115,2189,0.02,Dune,random,2,Prop0.05,18,True
RF,0.1079964812644537,"{""max_features"": 1.0, ""min_samples_leaf"": 1, ""n_estimators"": 20}",115,2189,0.05,Dune,random,2,Prop0.05,18,True
SVR,0.1024596910739264,"{""regressor__tol"": 0.1, ""regressor__shrinking"": false, ""regressor__epsilon"": 0.1, ""regressor__coef0"": 1.0, ""regressor__C"": 2.0}",115,2189,0.03,Dune,random,2,Prop0.05,18,True
CART,0.1425549329150599,"{""max_features"": 1.0, ""min_samples_leaf"": 1, ""splitter"": ""best""}",115,2189,0.0,Dune,random,2,Prop0.05,19,True
kNN,0.1455765562626539,"{""n_neighbors"": 15, ""p"": 1, ""weights"": ""distance""}",115,2189,0.02,Dune,random,2,Prop0.05,19,True
KRR,0.1110860959773015,"{""regressor__kernel"": ""rbf"", ""regressor__gamma"": 0.05, ""regressor__alpha"": 0.1}",115,2189,0.01,Dune,random,2,Prop0.05,19,True
MR,0.1139665154207242,"{""lasso__regressor__alpha"": 0.01}",115,2189,0.03,Dune,random,2,Prop0.05,19,True
RF,0.1153377205361825,"{""max_features"": 1.0, ""min_samples_leaf"": 1, ""n_estimators"": 20}",115,2189,0.05,Dune,random,2,Prop0.05,19,True
SVR,0.1081353085601826,"{""regressor__tol"": 0.1, ""regressor__shrinking"": false, ""regressor__epsilon"": 0.1, ""regressor__coef0"": 1.0, ""regressor__C"": 2.0}",115,2189,0.03,Dune,random,2,Prop0.05,19,True
CART,0.1055805367909528,"{""max_features"": 1.0, ""min_samples_leaf"": 1, ""splitter"": ""best""}",115,2189,0.0,Dune,random,2,Prop0.05,20,True
kNN,0.1515809580599768,"{""n_neighbors"": 15, ""p"": 1, ""weights"": ""distance""}",115,2189,0.02,Dune,random,2,Prop0.05,20,True
KRR,0.1209644329443022,"{""regressor__kernel"": ""rbf"", ""regressor__gamma"": 0.05, ""regressor__alpha"": 0.1}",115,2189,0.01,Dune,random,2,Prop0.05,20,True
MR,0.1048011081644493,"{""lasso__regressor__alpha"": 0.01}",115,2189,0.02,Dune,random,2,Prop0.05,20,True
RF,0.1011539173125957,"{""max_features"": 1.0, ""min_samples_leaf"": 1, ""n_estimators"": 20}",115,2189,0.05,Dune,random,2,Prop0.05,20,True
SVR,0.1095009593844471,"{""regressor__tol"": 0.1, ""regressor__shrinking"": false, ""regressor__epsilon"": 0.1, ""regressor__coef0"": 1.0, ""regressor__C"": 2.0}",115,2189,0.03,Dune,random,2,Prop0.05,20,True
CART,0.1345813646442204,"{""max_features"": 1.0, ""min_samples_leaf"": 1, ""splitter"": ""best""}",115,2189,0.0,Dune,random,2,Prop0.05,21,True
kNN,0.1513903067672158,"{""n_neighbors"": 15, ""p"": 1, ""weights"": ""distance""}",115,2189,0.02,Dune,random,2,Prop0.05,21,True
KRR,0.169597111757422,"{""regressor__kernel"": ""rbf"", ""regressor__gamma"": 0.05, ""regressor__alpha"": 0.1}",115,2189,0.01,Dune,random,2,Prop0.05,21,True
MR,0.1407833693337943,"{""lasso__regressor__alpha"": 0.01}",115,2189,0.02,Dune,random,2,Prop0.05,21,True
RF,0.1270313739470364,"{""max_features"": 1.0, ""min_samples_leaf"": 1, ""n_estimators"": 20}",115,2189,0.05,Dune,random,2,Prop0.05,21,True
SVR,0.1074235713957756,"{""regressor__tol"": 0.1, ""regressor__shrinking"": false, ""regressor__epsilon"": 0.1, ""regressor__coef0"": 1.0, ""regressor__C"": 2.0}",115,2189,0.02,Dune,random,2,Prop0.05,21,True
CART,0.1196843185725057,"{""max_features"": 1.0, ""min_samples_leaf"": 1, ""splitter"": ""best""}",115,2189,0.0,Dune,random,2,Prop0.05,22,True
kNN,0.145610934328473,"{""n_neighbors"": 15, ""p"": 1, ""weights"": ""distance""}",115,2189,0.02,Dune,random,2,Prop0.05,22,True
KRR,0.1255242175919212,"{""regressor__kernel"": ""rbf"", ""regressor__gamma"": 0.05, ""regressor__alpha"": 0.1}",115,2189,0.01,Dune,random,2,Prop0.05,22,True
MR,0.1141466774062812,"{""lasso__regressor__alpha"": 0.01}",115,2189,0.02,Dune,random,2,Prop0.05,22,True
RF,0.122176774295334,"{""max_features"": 1.0, ""min_samples_leaf"": 1, ""n_estimators"": 20}",115,2189,0.05,Dune,random,2,Prop0.05,22,True
SVR,0.0993226777380836,"{""regressor__tol"": 0.1, ""regressor__shrinking"": false, ""regressor__epsilon"": 0.1, ""regressor__coef0"": 1.0, ""regressor__C"": 2.0}",115,2189,0.02,Dune,random,2,Prop0.05,22,True
CART,0.1379903060242593,"{""max_features"": 1.0, ""min_samples_leaf"": 1, ""splitter"": ""best""}",115,2189,0.0,Dune,random,2,Prop0.05,23,True
kNN,0.1555585959000112,"{""n_neighbors"": 15, ""p"": 1, ""weights"": ""distance""}",115,2189,0.02,Dune,random,2,Prop0.05,23,True
KRR,0.154730948427832,"{""regressor__kernel"": ""rbf"", ""regressor__gamma"": 0.05, ""regressor__alpha"": 0.1}",115,2189,0.01,Dune,random,2,Prop0.05,23,True
MR,0.1554360728518014,"{""lasso__regressor__alpha"": 0.01}",115,2189,0.02,Dune,random,2,Prop0.05,23,True
RF,0.1290099541973885,"{""max_features"": 1.0, ""min_samples_leaf"": 1, ""n_estimators"": 20}",115,2189,0.05,Dune,random,2,Prop0.05,23,True
SVR,0.1086234067751391,"{""regressor__tol"": 0.1, ""regressor__shrinking"": false, ""regressor__epsilon"": 0.1, ""regressor__coef0"": 1.0, ""regressor__C"": 2.0}",115,2189,0.02,Dune,random,2,Prop0.05,23,True
CART,0.1192488744441487,"{""max_features"": 1.0, ""min_samples_leaf"": 1, ""splitter"": ""best""}",115,2189,0.0,Dune,random,2,Prop0.05,24,True
kNN,0.1528717056350264,"{""n_neighbors"": 15, ""p"": 1, ""weights"": ""distance""}",115,2189,0.02,Dune,random,2,Prop0.05,24,True
KRR,0.1313620260851111,"{""regressor__kernel"": ""rbf"", ""regressor__gamma"": 0.05, ""regressor__alpha"": 0.1}",115,2189,0.01,Dune,random,2,Prop0.05,24,True
MR,0.1041119092705882,"{""lasso__regressor__alpha"": 0.01}",115,2189,0.03,Dune,random,2,Prop0.05,24,True
RF,0.1109434186052976,"{""max_features"": 1.0, ""min_samples_leaf"": 1, ""n_estimators"": 20}",115,2189,0.05,Dune,random,2,Prop0.05,24,True
SVR,0.1025269839940124,"{""regressor__tol"": 0.1, ""regressor__shrinking"": false, ""regressor__epsilon"": 0.1, ""regressor__coef0"": 1.0, ""regressor__C"": 2.0}",115,2189,0.02,Dune,random,2,Prop0.05,24,True
CART,0.1075858371075655,"{""max_features"": 1.0, ""min_samples_leaf"": 1, ""splitter"": ""best""}",115,2189,0.0,Dune,random,2,Prop0.05,25,True
kNN,0.1531973378563262,"{""n_neighbors"": 15, ""p"": 1, ""weights"": ""distance""}",115,2189,0.02,Dune,random,2,Prop0.05,25,True
KRR,0.1319231951902012,"{""regressor__kernel"": ""rbf"", ""regressor__gamma"": 0.05, ""regressor__alpha"": 0.1}",115,2189,0.01,Dune,random,2,Prop0.05,25,True
MR,0.1017794296607797,"{""lasso__regressor__alpha"": 0.01}",115,2189,0.02,Dune,random,2,Prop0.05,25,True
RF,0.1012346672239629,"{""max_features"": 1.0, ""min_samples_leaf"": 1, ""n_estimators"": 20}",115,2189,0.05,Dune,random,2,Prop0.05,25,True
SVR,0.1097554900163396,"{""regressor__tol"": 0.1, ""regressor__shrinking"": false, ""regressor__epsilon"": 0.1, ""regressor__coef0"": 1.0, ""regressor__C"": 2.0}",115,2189,0.02,Dune,random,2,Prop0.05,25,True
CART,0.125483247051627,"{""max_features"": 1.0, ""min_samples_leaf"": 1, ""splitter"": ""best""}",115,2189,0.0,Dune,random,2,Prop0.05,26,True
kNN,0.1317774244754988,"{""n_neighbors"": 15, ""p"": 1, ""weights"": ""distance""}",115,2189,0.02,Dune,random,2,Prop0.05,26,True
KRR,0.1009409005272437,"{""regressor__kernel"": ""rbf"", ""regressor__gamma"": 0.05, ""regressor__alpha"": 0.1}",115,2189,0.01,Dune,random,2,Prop0.05,26,True
MR,0.106338874334787,"{""lasso__regressor__alpha"": 0.01}",115,2189,0.02,Dune,random,2,Prop0.05,26,True
RF,0.1124186100889212,"{""max_features"": 1.0, ""min_samples_leaf"": 1, ""n_estimators"": 20}",115,2189,0.04,Dune,random,2,Prop0.05,26,True
SVR,0.1032317548909202,"{""regressor__tol"": 0.1, ""regressor__shrinking"": false, ""regressor__epsilon"": 0.1, ""regressor__coef0"": 1.0, ""regressor__C"": 2.0}",115,2189,0.02,Dune,random,2,Prop0.05,26,True
CART,0.11443489909076,"{""max_features"": 1.0, ""min_samples_leaf"": 1, ""splitter"": ""best""}",115,2189,0.0,Dune,random,2,Prop0.05,27,True
kNN,0.1536138549230856,"{""n_neighbors"": 15, ""p"": 1, ""weights"": ""distance""}",115,2189,0.02,Dune,random,2,Prop0.05,27,True
KRR,0.1345949060647944,"{""regressor__kernel"": ""rbf"", ""regressor__gamma"": 0.05, ""regressor__alpha"": 0.1}",115,2189,0.01,Dune,random,2,Prop0.05,27,True
MR,0.1027344307275946,"{""lasso__regressor__alpha"": 0.01}",115,2189,0.03,Dune,random,2,Prop0.05,27,True
RF,0.0966240419114841,"{""max_features"": 1.0, ""min_samples_leaf"": 1, ""n_estimators"": 20}",115,2189,0.05,Dune,random,2,Prop0.05,27,True
SVR,0.1111677310520841,"{""regressor__tol"": 0.1, ""regressor__shrinking"": false, ""regressor__epsilon"": 0.1, ""regressor__coef0"": 1.0, ""regressor__C"": 2.0}",115,2189,0.03,Dune,random,2,Prop0.05,27,True
CART,0.1010592078593476,"{""max_features"": 1.0, ""min_samples_leaf"": 1, ""splitter"": ""best""}",115,2189,0.0,Dune,random,2,Prop0.05,28,True
kNN,0.1390591616644283,"{""n_neighbors"": 15, ""p"": 1, ""weights"": ""distance""}",115,2189,0.02,Dune,random,2,Prop0.05,28,True
KRR,0.1070526471421735,"{""regressor__kernel"": ""rbf"", ""regressor__gamma"": 0.05, ""regressor__alpha"": 0.1}",115,2189,0.01,Dune,random,2,Prop0.05,28,True
MR,0.1084056236031634,"{""lasso__regressor__alpha"": 0.01}",115,2189,0.03,Dune,random,2,Prop0.05,28,True
RF,0.1024268058882317,"{""max_features"": 1.0, ""min_samples_leaf"": 1, ""n_estimators"": 20}",115,2189,0.05,Dune,random,2,Prop0.05,28,True
SVR,0.1039938705057301,"{""regressor__tol"": 0.1, ""regressor__shrinking"": false, ""regressor__epsilon"": 0.1, ""regressor__coef0"": 1.0, ""regressor__C"": 2.0}",115,2189,0.03,Dune,random,2,Prop0.05,28,True
CART,0.1504577651819927,"{""max_features"": 1.0, ""min_samples_leaf"": 1, ""splitter"": ""best""}",115,2189,0.0,Dune,random,2,Prop0.05,29,True
kNN,0.1464182296278335,"{""n_neighbors"": 15, ""p"": 1, ""weights"": ""distance""}",115,2189,0.02,Dune,random,2,Prop0.05,29,True
KRR,0.1424655330670239,"{""regressor__kernel"": ""rbf"", ""regressor__gamma"": 0.05, ""regressor__alpha"": 0.1}",115,2189,0.01,Dune,random,2,Prop0.05,29,True
MR,0.1174371875380342,"{""lasso__regressor__alpha"": 0.01}",115,2189,0.02,Dune,random,2,Prop0.05,29,True
RF,0.1273957248506833,"{""max_features"": 1.0, ""min_samples_leaf"": 1, ""n_estimators"": 20}",115,2189,0.05,Dune,random,2,Prop0.05,29,True
SVR,0.1117215770584807,"{""regressor__tol"": 0.1, ""regressor__shrinking"": false, ""regressor__epsilon"": 0.1, ""regressor__coef0"": 1.0, ""regressor__C"": 2.0}",115,2189,0.02,Dune,random,2,Prop0.05,29,True
CART,0.1213542998689555,"{""max_features"": 1.0, ""min_samples_leaf"": 1, ""splitter"": ""best""}",115,2189,0.0,Dune,random,2,Prop0.05,30,True
kNN,0.1493494255542066,"{""n_neighbors"": 15, ""p"": 1, ""weights"": ""distance""}",115,2189,0.02,Dune,random,2,Prop0.05,30,True
KRR,0.1705051724564701,"{""regressor__kernel"": ""rbf"", ""regressor__gamma"": 0.05, ""regressor__alpha"": 0.1}",115,2189,0.01,Dune,random,2,Prop0.05,30,True
MR,0.1328721052869017,"{""lasso__regressor__alpha"": 0.01}",115,2189,0.03,Dune,random,2,Prop0.05,30,True
RF,0.1224819764459611,"{""max_features"": 1.0, ""min_samples_leaf"": 1, ""n_estimators"": 20}",115,2189,0.05,Dune,random,2,Prop0.05,30,True
SVR,0.1149787639349084,"{""regressor__tol"": 0.1, ""regressor__shrinking"": false, ""regressor__epsilon"": 0.1, ""regressor__coef0"": 1.0, ""regressor__C"": 2.0}",115,2189,0.02,Dune,random,2,Prop0.05,30,True
CART,0.1177646507373751,"{""max_features"": 1.0, ""min_samples_leaf"": 1, ""splitter"": ""best""}",115,2189,0.0,Dune,random,2,Prop0.05,31,True
kNN,0.1360441759579337,"{""n_neighbors"": 15, ""p"": 1, ""weights"": ""distance""}",115,2189,0.02,Dune,random,2,Prop0.05,31,True
KRR,0.1044682929158867,"{""regressor__kernel"": ""rbf"", ""regressor__gamma"": 0.05, ""regressor__alpha"": 0.1}",115,2189,0.01,Dune,random,2,Prop0.05,31,True
MR,0.1104967793487954,"{""lasso__regressor__alpha"": 0.01}",115,2189,0.03,Dune,random,2,Prop0.05,31,True
RF,0.1036994899935318,"{""max_features"": 1.0, ""min_samples_leaf"": 1, ""n_estimators"": 20}",115,2189,0.05,Dune,random,2,Prop0.05,31,True
SVR,0.1048579244652577,"{""regressor__tol"": 0.1, ""regressor__shrinking"": false, ""regressor__epsilon"": 0.1, ""regressor__coef0"": 1.0, ""regressor__C"": 2.0}",115,2189,0.03,Dune,random,2,Prop0.05,31,True
CART,0.1277663499949479,"{""max_features"": 1.0, ""min_samples_leaf"": 1, ""splitter"": ""best""}",115,2189,0.0,Dune,random,2,Prop0.05,32,True
kNN,0.1498306040103467,"{""n_neighbors"": 15, ""p"": 1, ""weights"": ""distance""}",115,2189,0.02,Dune,random,2,Prop0.05,32,True
KRR,0.1226314226165788,"{""regressor__kernel"": ""rbf"", ""regressor__gamma"": 0.05, ""regressor__alpha"": 0.1}",115,2189,0.01,Dune,random,2,Prop0.05,32,True
MR,0.1087918872595827,"{""lasso__regressor__alpha"": 0.01}",115,2189,0.03,Dune,random,2,Prop0.05,32,True
RF,0.1072357407076492,"{""max_features"": 1.0, ""min_samples_leaf"": 1, ""n_estimators"": 20}",115,2189,0.05,Dune,random,2,Prop0.05,32,True
SVR,0.1083521270742923,"{""regressor__tol"": 0.1, ""regressor__shrinking"": false, ""regressor__epsilon"": 0.1, ""regressor__coef0"": 1.0, ""regressor__C"": 2.0}",115,2189,0.03,Dune,random,2,Prop0.05,32,True
CART,0.1214834964992738,"{""max_features"": 1.0, ""min_samples_leaf"": 1, ""splitter"": ""best""}",115,2189,0.0,Dune,random,2,Prop0.05,33,True
kNN,0.143101728328596,"{""n_neighbors"": 15, ""p"": 1, ""weights"": ""distance""}",115,2189,0.02,Dune,random,2,Prop0.05,33,True
KRR,0.1364490477080632,"{""regressor__kernel"": ""rbf"", ""regressor__gamma"": 0.05, ""regressor__alpha"": 0.1}",115,2189,0.01,Dune,random,2,Prop0.05,33,True
MR,0.1222754184795343,"{""lasso__regressor__alpha"": 0.01}",115,2189,0.02,Dune,random,2,Prop0.05,33,True
RF,0.1197895612581584,"{""max_features"": 1.0, ""min_samples_leaf"": 1, ""n_estimators"": 20}",115,2189,0.05,Dune,random,2,Prop0.05,33,True
SVR,0.1043197022531937,"{""regressor__tol"": 0.1, ""regressor__shrinking"": false, ""regressor__epsilon"": 0.1, ""regressor__coef0"": 1.0, ""regressor__C"": 2.0}",115,2189,0.02,Dune,random,2,Prop0.05,33,True
CART,0.1188660992011809,"{""max_features"": 1.0, ""min_samples_leaf"": 1, ""splitter"": ""best""}",115,2189,0.0,Dune,random,2,Prop0.05,34,True
kNN,0.145128241597439,"{""n_neighbors"": 15, ""p"": 1, ""weights"": ""distance""}",115,2189,0.02,Dune,random,2,Prop0.05,34,True
KRR,0.1070271231505542,"{""regressor__kernel"": ""rbf"", ""regressor__gamma"": 0.05, ""regressor__alpha"": 0.1}",115,2189,0.01,Dune,random,2,Prop0.05,34,True
MR,0.1117663932368726,"{""lasso__regressor__alpha"": 0.01}",115,2189,0.02,Dune,random,2,Prop0.05,34,True
RF,0.1128169347950843,"{""max_features"": 1.0, ""min_samples_leaf"": 1, ""n_estimators"": 20}",115,2189,0.05,Dune,random,2,Prop0.05,34,True
SVR,0.1088945008381547,"{""regressor__tol"": 0.1, ""regressor__shrinking"": false, ""regressor__epsilon"": 0.1, ""regressor__coef0"": 1.0, ""regressor__C"": 2.0}",115,2189,0.03,Dune,random,2,Prop0.05,34,True
CART,0.1246559141781524,"{""max_features"": 1.0, ""min_samples_leaf"": 1, ""splitter"": ""best""}",115,2189,0.0,Dune,random,2,Prop0.05,35,True
kNN,0.134157358241049,"{""n_neighbors"": 15, ""p"": 1, ""weights"": ""distance""}",115,2189,0.02,Dune,random,2,Prop0.05,35,True
KRR,0.1022402243207035,"{""regressor__kernel"": ""rbf"", ""regressor__gamma"": 0.05, ""regressor__alpha"": 0.1}",115,2189,0.01,Dune,random,2,Prop0.05,35,True
MR,0.0972779441911616,"{""lasso__regressor__alpha"": 0.01}",115,2189,0.03,Dune,random,2,Prop0.05,35,True
RF,0.102792809562197,"{""max_features"": 1.0, ""min_samples_leaf"": 1, ""n_estimators"": 20}",115,2189,0.05,Dune,random,2,Prop0.05,35,True
SVR,0.0987796235001207,"{""regressor__tol"": 0.1, ""regressor__shrinking"": false, ""regressor__epsilon"": 0.1, ""regressor__coef0"": 1.0, ""regressor__C"": 2.0}",115,2189,0.03,Dune,random,2,Prop0.05,35,True
CART,0.1244745051182649,"{""max_features"": 1.0, ""min_samples_leaf"": 1, ""splitter"": ""best""}",115,2189,0.0,Dune,random,2,Prop0.05,36,True
kNN,0.1677263807343124,"{""n_neighbors"": 15, ""p"": 1, ""weights"": ""distance""}",115,2189,0.02,Dune,random,2,Prop0.05,36,True
KRR,0.1492127540308264,"{""regressor__kernel"": ""rbf"", ""regressor__gamma"": 0.05, ""regressor__alpha"": 0.1}",115,2189,0.01,Dune,random,2,Prop0.05,36,True
MR,0.1230778069122232,"{""lasso__regressor__alpha"": 0.01}",115,2189,0.03,Dune,random,2,Prop0.05,36,True
RF,0.1103588027636051,"{""max_features"": 1.0, ""min_samples_leaf"": 1, ""n_estimators"": 20}",115,2189,0.05,Dune,random,2,Prop0.05,36,True
SVR,0.1051806214577129,"{""regressor__tol"": 0.1, ""regressor__shrinking"": false, ""regressor__epsilon"": 0.1, ""regressor__coef0"": 1.0, ""regressor__C"": 2.0}",115,2189,0.02,Dune,random,2,Prop0.05,36,True
CART,0.1432775578212646,"{""max_features"": 1.0, ""min_samples_leaf"": 1, ""splitter"": ""best""}",115,2189,0.0,Dune,random,2,Prop0.05,37,True
kNN,0.1365782525371683,"{""n_neighbors"": 15, ""p"": 1, ""weights"": ""distance""}",115,2189,0.02,Dune,random,2,Prop0.05,37,True
KRR,0.142235787092722,"{""regressor__kernel"": ""rbf"", ""regressor__gamma"": 0.05, ""regressor__alpha"": 0.1}",115,2189,0.01,Dune,random,2,Prop0.05,37,True
MR,0.1312391252395647,"{""lasso__regressor__alpha"": 0.01}",115,2189,0.02,Dune,random,2,Prop0.05,37,True
RF,0.1333334649480669,"{""max_features"": 1.0, ""min_samples_leaf"": 1, ""n_estimators"": 20}",115,2189,0.05,Dune,random,2,Prop0.05,37,True
SVR,0.1139452112450667,"{""regressor__tol"": 0.1, ""regressor__shrinking"": false, ""regressor__epsilon"": 0.1, ""regressor__coef0"": 1.0, ""regressor__C"": 2.0}",115,2189,0.02,Dune,random,2,Prop0.05,37,True
CART,0.123140108791281,"{""max_features"": 1.0, ""min_samples_leaf"": 1, ""splitter"": ""best""}",115,2189,0.0,Dune,random,2,Prop0.05,38,True
kNN,0.1779735107197242,"{""n_neighbors"": 15, ""p"": 1, ""weights"": ""distance""}",115,2189,0.02,Dune,random,2,Prop0.05,38,True
KRR,0.1446982772724851,"{""regressor__kernel"": ""rbf"", ""regressor__gamma"": 0.05, ""regressor__alpha"": 0.1}",115,2189,0.01,Dune,random,2,Prop0.05,38,True
MR,0.1139498043964228,"{""lasso__regressor__alpha"": 0.01}",115,2189,0.02,Dune,random,2,Prop0.05,38,True
RF,0.1207196907693394,"{""max_features"": 1.0, ""min_samples_leaf"": 1, ""n_estimators"": 20}",115,2189,0.03,Dune,random,2,Prop0.05,38,True
SVR,0.1062375289911661,"{""regressor__tol"": 0.1, ""regressor__shrinking"": false, ""regressor__epsilon"": 0.1, ""regressor__coef0"": 1.0, ""regressor__C"": 2.0}",115,2189,0.02,Dune,random,2,Prop0.05,38,True
CART,0.1311005658632974,"{""max_features"": 1.0, ""min_samples_leaf"": 1, ""splitter"": ""best""}",115,2189,0.0,Dune,random,2,Prop0.05,39,True
kNN,0.1353671719687485,"{""n_neighbors"": 15, ""p"": 1, ""weights"": ""distance""}",115,2189,0.02,Dune,random,2,Prop0.05,39,True
KRR,0.1164250786766318,"{""regressor__kernel"": ""rbf"", ""regressor__gamma"": 0.05, ""regressor__alpha"": 0.1}",115,2189,0.01,Dune,random,2,Prop0.05,39,True
MR,0.1017479544163193,"{""lasso__regressor__alpha"": 0.01}",115,2189,0.02,Dune,random,2,Prop0.05,39,True
RF,0.1091933669542892,"{""max_features"": 1.0, ""min_samples_leaf"": 1, ""n_estimators"": 20}",115,2189,0.05,Dune,random,2,Prop0.05,39,True
SVR,0.1031641228251885,"{""regressor__tol"": 0.1, ""regressor__shrinking"": false, ""regressor__epsilon"": 0.1, ""regressor__coef0"": 1.0, ""regressor__C"": 2.0}",115,2189,0.02,Dune,random,2,Prop0.05,39,True
CART,0.118927206787421,"{""max_features"": 1.0, ""min_samples_leaf"": 1, ""splitter"": ""best""}",115,2189,0.0,Dune,random,2,Prop0.05,40,True
kNN,0.1367037576347809,"{""n_neighbors"": 15, ""p"": 1, ""weights"": ""distance""}",115,2189,0.02,Dune,random,2,Prop0.05,40,True
KRR,0.1060613832874249,"{""regressor__kernel"": ""rbf"", ""regressor__gamma"": 0.05, ""regressor__alpha"": 0.1}",115,2189,0.01,Dune,random,2,Prop0.05,40,True
MR,0.0990673431679644,"{""lasso__regressor__alpha"": 0.01}",115,2189,0.03,Dune,random,2,Prop0.05,40,True
RF,0.1006505055928941,"{""max_features"": 1.0, ""min_samples_leaf"": 1, ""n_estimators"": 20}",115,2189,0.05,Dune,random,2,Prop0.05,40,True
SVR,0.1004433470000474,"{""regressor__tol"": 0.1, ""regressor__shrinking"": false, ""regressor__epsilon"": 0.1, ""regressor__coef0"": 1.0, ""regressor__C"": 2.0}",115,2189,0.03,Dune,random,2,Prop0.05,40,True
CART,0.1542539121471704,"{""max_features"": 1.0, ""min_samples_leaf"": 1, ""splitter"": ""best""}",115,2189,0.0,Dune,random,2,Prop0.05,41,True
kNN,0.1515960779253387,"{""n_neighbors"": 15, ""p"": 1, ""weights"": ""distance""}",115,2189,0.02,Dune,random,2,Prop0.05,41,True
KRR,0.1724323409669918,"{""regressor__kernel"": ""rbf"", ""regressor__gamma"": 0.05, ""regressor__alpha"": 0.1}",115,2189,0.01,Dune,random,2,Prop0.05,41,True
MR,0.1339961535439497,"{""lasso__regressor__alpha"": 0.01}",115,2189,0.03,Dune,random,2,Prop0.05,41,True
RF,0.1263102706365306,"{""max_features"": 1.0, ""min_samples_leaf"": 1, ""n_estimators"": 20}",115,2189,0.05,Dune,random,2,Prop0.05,41,True
SVR,0.1085886236591589,"{""regressor__tol"": 0.1, ""regressor__shrinking"": false, ""regressor__epsilon"": 0.1, ""regressor__coef0"": 1.0, ""regressor__C"": 2.0}",115,2189,0.02,Dune,random,2,Prop0.05,41,True
CART,0.1383433584390428,"{""max_features"": 1.0, ""min_samples_leaf"": 1, ""splitter"": ""best""}",115,2189,0.0,Dune,random,2,Prop0.05,42,True
kNN,0.1393739302633302,"{""n_neighbors"": 15, ""p"": 1, ""weights"": ""distance""}",115,2189,0.02,Dune,random,2,Prop0.05,42,True
KRR,0.1199612983180763,"{""regressor__kernel"": ""rbf"", ""regressor__gamma"": 0.05, ""regressor__alpha"": 0.1}",115,2189,0.01,Dune,random,2,Prop0.05,42,True
MR,0.1129876683411683,"{""lasso__regressor__alpha"": 0.01}",115,2189,0.02,Dune,random,2,Prop0.05,42,True
RF,0.1098661482168117,"{""max_features"": 1.0, ""min_samples_leaf"": 1, ""n_estimators"": 20}",115,2189,0.04,Dune,random,2,Prop0.05,42,True
SVR,0.1071028746793956,"{""regressor__tol"": 0.1, ""regressor__shrinking"": false, ""regressor__epsilon"": 0.1, ""regressor__coef0"": 1.0, ""regressor__C"": 2.0}",115,2189,0.03,Dune,random,2,Prop0.05,42,True
CART,0.1180199910472858,"{""max_features"": 1.0, ""min_samples_leaf"": 1, ""splitter"": ""best""}",115,2189,0.0,Dune,random,2,Prop0.05,43,True
kNN,0.1443209252330322,"{""n_neighbors"": 15, ""p"": 1, ""weights"": ""distance""}",115,2189,0.02,Dune,random,2,Prop0.05,43,True
KRR,0.1292071157379776,"{""regressor__kernel"": ""rbf"", ""regressor__gamma"": 0.05, ""regressor__alpha"": 0.1}",115,2189,0.01,Dune,random,2,Prop0.05,43,True
MR,0.108054459664216,"{""lasso__regressor__alpha"": 0.01}",115,2189,0.02,Dune,random,2,Prop0.05,43,True
RF,0.1014303381473146,"{""max_features"": 1.0, ""min_samples_leaf"": 1, ""n_estimators"": 20}",115,2189,0.05,Dune,random,2,Prop0.05,43,True
SVR,0.106149679868793,"{""regressor__tol"": 0.1, ""regressor__shrinking"": false, ""regressor__epsilon"": 0.1, ""regressor__coef0"": 1.0, ""regressor__C"": 2.0}",115,2189,0.02,Dune,random,2,Prop0.05,43,True
CART,0.1521634599393194,"{""max_features"": 1.0, ""min_samples_leaf"": 1, ""splitter"": ""best""}",115,2189,0.0,Dune,random,2,Prop0.05,44,True
kNN,0.1481397238413384,"{""n_neighbors"": 15, ""p"": 1, ""weights"": ""distance""}",115,2189,0.02,Dune,random,2,Prop0.05,44,True
KRR,0.132067708457974,"{""regressor__kernel"": ""rbf"", ""regressor__gamma"": 0.05, ""regressor__alpha"": 0.1}",115,2189,0.01,Dune,random,2,Prop0.05,44,True
MR,0.1044607105227273,"{""lasso__regressor__alpha"": 0.01}",115,2189,0.03,Dune,random,2,Prop0.05,44,True
RF,0.1220885669792809,"{""max_features"": 1.0, ""min_samples_leaf"": 1, ""n_estimators"": 20}",115,2189,0.05,Dune,random,2,Prop0.05,44,True
SVR,0.1079858591034651,"{""regressor__tol"": 0.1, ""regressor__shrinking"": false, ""regressor__epsilon"": 0.1, ""regressor__coef0"": 1.0, ""regressor__C"": 2.0}",115,2189,0.03,Dune,random,2,Prop0.05,44,True
CART,0.1216702771677414,"{""max_features"": 1.0, ""min_samples_leaf"": 1, ""splitter"": ""best""}",115,2189,0.0,Dune,random,2,Prop0.05,45,True
kNN,0.1442896428747909,"{""n_neighbors"": 15, ""p"": 1, ""weights"": ""distance""}",115,2189,0.02,Dune,random,2,Prop0.05,45,True
KRR,0.1107876731274481,"{""regressor__kernel"": ""rbf"", ""regressor__gamma"": 0.05, ""regressor__alpha"": 0.1}",115,2189,0.01,Dune,random,2,Prop0.05,45,True
MR,0.1115132609162399,"{""lasso__regressor__alpha"": 0.01}",115,2189,0.02,Dune,random,2,Prop0.05,45,True
RF,0.1071992022840365,"{""max_features"": 1.0, ""min_samples_leaf"": 1, ""n_estimators"": 20}",115,2189,0.05,Dune,random,2,Prop0.05,45,True
SVR,0.1064971693391674,"{""regressor__tol"": 0.1, ""regressor__shrinking"": false, ""regressor__epsilon"": 0.1, ""regressor__coef0"": 1.0, ""regressor__C"": 2.0}",115,2189,0.02,Dune,random,2,Prop0.05,45,True
CART,0.1249325112822465,"{""max_features"": 1.0, ""min_samples_leaf"": 1, ""splitter"": ""best""}",115,2189,0.0,Dune,random,2,Prop0.05,46,True
kNN,0.1352322220294204,"{""n_neighbors"": 15, ""p"": 1, ""weights"": ""distance""}",115,2189,0.02,Dune,random,2,Prop0.05,46,True
KRR,0.1061108651398748,"{""regressor__kernel"": ""rbf"", ""regressor__gamma"": 0.05, ""regressor__alpha"": 0.1}",115,2189,0.01,Dune,random,2,Prop0.05,46,True
MR,0.1084874311375156,"{""lasso__regressor__alpha"": 0.01}",115,2189,0.02,Dune,random,2,Prop0.05,46,True
RF,0.1144532426324664,"{""max_features"": 1.0, ""min_samples_leaf"": 1, ""n_estimators"": 20}",115,2189,0.03,Dune,random,2,Prop0.05,46,True
SVR,0.110542322637467,"{""regressor__tol"": 0.1, ""regressor__shrinking"": false, ""regressor__epsilon"": 0.1, ""regressor__coef0"": 1.0, ""regressor__C"": 2.0}",115,2189,0.02,Dune,random,2,Prop0.05,46,True
CART,0.1063329804861356,"{""max_features"": 1.0, ""min_samples_leaf"": 1, ""splitter"": ""best""}",115,2189,0.0,Dune,random,2,Prop0.05,47,True
kNN,0.1629293891089592,"{""n_neighbors"": 15, ""p"": 1, ""weights"": ""distance""}",115,2189,0.01,Dune,random,2,Prop0.05,47,True
KRR,0.1083311561830352,"{""regressor__kernel"": ""rbf"", ""regressor__gamma"": 0.05, ""regressor__alpha"": 0.1}",115,2189,0.01,Dune,random,2,Prop0.05,47,True
MR,0.0991766939850627,"{""lasso__regressor__alpha"": 0.01}",115,2189,0.02,Dune,random,2,Prop0.05,47,True
RF,0.1009693612331375,"{""max_features"": 1.0, ""min_samples_leaf"": 1, ""n_estimators"": 20}",115,2189,0.05,Dune,random,2,Prop0.05,47,True
SVR,0.1072680427580325,"{""regressor__tol"": 0.1, ""regressor__shrinking"": false, ""regressor__epsilon"": 0.1, ""regressor__coef0"": 1.0, ""regressor__C"": 2.0}",115,2189,0.03,Dune,random,2,Prop0.05,47,True
CART,0.1111440741710667,"{""max_features"": 1.0, ""min_samples_leaf"": 1, ""splitter"": ""best""}",115,2189,0.0,Dune,random,2,Prop0.05,48,True
kNN,0.1751523702193738,"{""n_neighbors"": 15, ""p"": 1, ""weights"": ""distance""}",115,2189,0.02,Dune,random,2,Prop0.05,48,True
KRR,0.1564700213911457,"{""regressor__kernel"": ""rbf"", ""regressor__gamma"": 0.05, ""regressor__alpha"": 0.1}",115,2189,0.01,Dune,random,2,Prop0.05,48,True
MR,0.1281910481404355,"{""lasso__regressor__alpha"": 0.01}",115,2189,0.02,Dune,random,2,Prop0.05,48,True
RF,0.1066742043516813,"{""max_features"": 1.0, ""min_samples_leaf"": 1, ""n_estimators"": 20}",115,2189,0.05,Dune,random,2,Prop0.05,48,True
SVR,0.1214849918633619,"{""regressor__tol"": 0.1, ""regressor__shrinking"": false, ""regressor__epsilon"": 0.1, ""regressor__coef0"": 1.0, ""regressor__C"": 2.0}",115,2189,0.02,Dune,random,2,Prop0.05,48,True
CART,0.0948995559535574,"{""max_features"": 1.0, ""min_samples_leaf"": 1, ""splitter"": ""best""}",115,2189,0.0,Dune,random,2,Prop0.05,49,True
kNN,0.1581214406294416,"{""n_neighbors"": 15, ""p"": 1, ""weights"": ""distance""}",115,2189,0.02,Dune,random,2,Prop0.05,49,True
KRR,0.1402555853332102,"{""regressor__kernel"": ""rbf"", ""regressor__gamma"": 0.05, ""regressor__alpha"": 0.1}",115,2189,0.01,Dune,random,2,Prop0.05,49,True
MR,0.1190939248159659,"{""lasso__regressor__alpha"": 0.01}",115,2189,0.02,Dune,random,2,Prop0.05,49,True
RF,0.1083796001940265,"{""max_features"": 1.0, ""min_samples_leaf"": 1, ""n_estimators"": 20}",115,2189,0.05,Dune,random,2,Prop0.05,49,True
SVR,0.1123683306692821,"{""regressor__tol"": 0.1, ""regressor__shrinking"": false, ""regressor__epsilon"": 0.1, ""regressor__coef0"": 1.0, ""regressor__C"": 2.0}",115,2189,0.02,Dune,random,2,Prop0.05,49,True
CART,0.1439755311444176,"{""max_features"": 1.0, ""min_samples_leaf"": 1, ""splitter"": ""best""}",115,2189,0.0,Dune,random,2,Prop0.05,50,True
kNN,0.1499514273968499,"{""n_neighbors"": 15, ""p"": 1, ""weights"": ""distance""}",115,2189,0.02,Dune,random,2,Prop0.05,50,True
KRR,0.1256855345849677,"{""regressor__kernel"": ""rbf"", ""regressor__gamma"": 0.05, ""regressor__alpha"": 0.1}",115,2189,0.01,Dune,random,2,Prop0.05,50,True
MR,0.1189423397758527,"{""lasso__regressor__alpha"": 0.01}",115,2189,0.02,Dune,random,2,Prop0.05,50,True
RF,0.112451468141657,"{""max_features"": 1.0, ""min_samples_leaf"": 1, ""n_estimators"": 20}",115,2189,0.05,Dune,random,2,Prop0.05,50,True
SVR,0.1019058271688863,"{""regressor__tol"": 0.1, ""regressor__shrinking"": false, ""regressor__epsilon"": 0.1, ""regressor__coef0"": 1.0, ""regressor__C"": 2.0}",115,2189,0.02,Dune,random,2,Prop0.05,50,True
CART,0.1255814136627125,"{""max_features"": 1.0, ""min_samples_leaf"": 1, ""splitter"": ""best""}",115,2189,0.0,Dune,random,2,Prop0.05,51,True
kNN,0.1401204006943291,"{""n_neighbors"": 15, ""p"": 1, ""weights"": ""distance""}",115,2189,0.02,Dune,random,2,Prop0.05,51,True
KRR,0.1312997174564951,"{""regressor__kernel"": ""rbf"", ""regressor__gamma"": 0.05, ""regressor__alpha"": 0.1}",115,2189,0.01,Dune,random,2,Prop0.05,51,True
MR,0.1165452088999313,"{""lasso__regressor__alpha"": 0.01}",115,2189,0.02,Dune,random,2,Prop0.05,51,True
RF,0.1111737313831759,"{""max_features"": 1.0, ""min_samples_leaf"": 1, ""n_estimators"": 20}",115,2189,0.05,Dune,random,2,Prop0.05,51,True
SVR,0.1102341568156153,"{""regressor__tol"": 0.1, ""regressor__shrinking"": false, ""regressor__epsilon"": 0.1, ""regressor__coef0"": 1.0, ""regressor__C"": 2.0}",115,2189,0.02,Dune,random,2,Prop0.05,51,True
CART,0.1585054053712739,"{""max_features"": 1.0, ""min_samples_leaf"": 1, ""splitter"": ""best""}",115,2189,0.0,Dune,random,2,Prop0.05,52,True
kNN,0.1445272270518882,"{""n_neighbors"": 15, ""p"": 1, ""weights"": ""distance""}",115,2189,0.02,Dune,random,2,Prop0.05,52,True
KRR,0.1285379536861416,"{""regressor__kernel"": ""rbf"", ""regressor__gamma"": 0.05, ""regressor__alpha"": 0.1}",115,2189,0.01,Dune,random,2,Prop0.05,52,True
MR,0.1159743601985437,"{""lasso__regressor__alpha"": 0.01}",115,2189,0.03,Dune,random,2,Prop0.05,52,True
RF,0.1193940599408025,"{""max_features"": 1.0, ""min_samples_leaf"": 1, ""n_estimators"": 20}",115,2189,0.05,Dune,random,2,Prop0.05,52,True
SVR,0.1050150815899769,"{""regressor__tol"": 0.1, ""regressor__shrinking"": false, ""regressor__epsilon"": 0.1, ""regressor__coef0"": 1.0, ""regressor__C"": 2.0}",115,2189,0.03,Dune,random,2,Prop0.05,52,True
CART,0.1168776330267115,"{""max_features"": 1.0, ""min_samples_leaf"": 1, ""splitter"": ""best""}",115,2189,0.0,Dune,random,2,Prop0.05,53,True
kNN,0.147007674422874,"{""n_neighbors"": 15, ""p"": 1, ""weights"": ""distance""}",115,2189,0.02,Dune,random,2,Prop0.05,53,True
KRR,0.1186096489517243,"{""regressor__kernel"": ""rbf"", ""regressor__gamma"": 0.05, ""regressor__alpha"": 0.1}",115,2189,0.01,Dune,random,2,Prop0.05,53,True
MR,0.1084733884094117,"{""lasso__regressor__alpha"": 0.01}",115,2189,0.03,Dune,random,2,Prop0.05,53,True
RF,0.1163924952767056,"{""max_features"": 1.0, ""min_samples_leaf"": 1, ""n_estimators"": 20}",115,2189,0.05,Dune,random,2,Prop0.05,53,True
SVR,0.1073156772168074,"{""regressor__tol"": 0.1, ""regressor__shrinking"": false, ""regressor__epsilon"": 0.1, ""regressor__coef0"": 1.0, ""regressor__C"": 2.0}",115,2189,0.03,Dune,random,2,Prop0.05,53,True
CART,0.1475833655929532,"{""max_features"": 1.0, ""min_samples_leaf"": 1, ""splitter"": ""best""}",115,2189,0.0,Dune,random,2,Prop0.05,54,True
kNN,0.1365769496678762,"{""n_neighbors"": 15, ""p"": 1, ""weights"": ""distance""}",115,2189,0.02,Dune,random,2,Prop0.05,54,True
KRR,0.1042163627680914,"{""regressor__kernel"": ""rbf"", ""regressor__gamma"": 0.05, ""regressor__alpha"": 0.1}",115,2189,0.01,Dune,random,2,Prop0.05,54,True
MR,0.1063516313676867,"{""lasso__regressor__alpha"": 0.01}",115,2189,0.02,Dune,random,2,Prop0.05,54,True
RF,0.1185103255971424,"{""max_features"": 1.0, ""min_samples_leaf"": 1, ""n_estimators"": 20}",115,2189,0.05,Dune,random,2,Prop0.05,54,True
SVR,0.1043005238733016,"{""regressor__tol"": 0.1, ""regressor__shrinking"": false, ""regressor__epsilon"": 0.1, ""regressor__coef0"": 1.0, ""regressor__C"": 2.0}",115,2189,0.03,Dune,random,2,Prop0.05,54,True
CART,0.0992355042468387,"{""max_features"": 1.0, ""min_samples_leaf"": 1, ""splitter"": ""best""}",115,2189,0.0,Dune,random,2,Prop0.05,55,True
kNN,0.1473638623941972,"{""n_neighbors"": 15, ""p"": 1, ""weights"": ""distance""}",115,2189,0.01,Dune,random,2,Prop0.05,55,True
KRR,0.1175422367871841,"{""regressor__kernel"": ""rbf"", ""regressor__gamma"": 0.05, ""regressor__alpha"": 0.1}",115,2189,0.01,Dune,random,2,Prop0.05,55,True
MR,0.1046112321586319,"{""lasso__regressor__alpha"": 0.01}",115,2189,0.02,Dune,random,2,Prop0.05,55,True
RF,0.1010838104080123,"{""max_features"": 1.0, ""min_samples_leaf"": 1, ""n_estimators"": 20}",115,2189,0.05,Dune,random,2,Prop0.05,55,True
SVR,0.1055628477263392,"{""regressor__tol"": 0.1, ""regressor__shrinking"": false, ""regressor__epsilon"": 0.1, ""regressor__coef0"": 1.0, ""regressor__C"": 2.0}",115,2189,0.03,Dune,random,2,Prop0.05,55,True
CART,0.1251584960561169,"{""max_features"": 1.0, ""min_samples_leaf"": 1, ""splitter"": ""best""}",115,2189,0.0,Dune,random,2,Prop0.05,56,True
kNN,0.1603051919901962,"{""n_neighbors"": 15, ""p"": 1, ""weights"": ""distance""}",115,2189,0.02,Dune,random,2,Prop0.05,56,True
KRR,0.1266239171347651,"{""regressor__kernel"": ""rbf"", ""regressor__gamma"": 0.05, ""regressor__alpha"": 0.1}",115,2189,0.01,Dune,random,2,Prop0.05,56,True
MR,0.1166337897467342,"{""lasso__regressor__alpha"": 0.01}",115,2189,0.02,Dune,random,2,Prop0.05,56,True
RF,0.1152288935574356,"{""max_features"": 1.0, ""min_samples_leaf"": 1, ""n_estimators"": 20}",115,2189,0.05,Dune,random,2,Prop0.05,56,True
SVR,0.1092884436826801,"{""regressor__tol"": 0.1, ""regressor__shrinking"": false, ""regressor__epsilon"": 0.1, ""regressor__coef0"": 1.0, ""regressor__C"": 2.0}",115,2189,0.02,Dune,random,2,Prop0.05,56,True
CART,0.1147751203675105,"{""max_features"": 1.0, ""min_samples_leaf"": 1, ""splitter"": ""best""}",115,2189,0.0,Dune,random,2,Prop0.05,57,True
kNN,0.1380962155350257,"{""n_neighbors"": 15, ""p"": 1, ""weights"": ""distance""}",115,2189,0.02,Dune,random,2,Prop0.05,57,True
KRR,0.1116714485830479,"{""regressor__kernel"": ""rbf"", ""regressor__gamma"": 0.05, ""regressor__alpha"": 0.1}",115,2189,0.01,Dune,random,2,Prop0.05,57,True
MR,0.1090470558621811,"{""lasso__regressor__alpha"": 0.01}",115,2189,0.02,Dune,random,2,Prop0.05,57,True
RF,0.1079080913199826,"{""max_features"": 1.0, ""min_samples_leaf"": 1, ""n_estimators"": 20}",115,2189,0.05,Dune,random,2,Prop0.05,57,True
SVR,0.1093268492146761,"{""regressor__tol"": 0.1, ""regressor__shrinking"": false, ""regressor__epsilon"": 0.1, ""regressor__coef0"": 1.0, ""regressor__C"": 2.0}",115,2189,0.02,Dune,random,2,Prop0.05,57,True
CART,0.127373218939382,"{""max_features"": 1.0, ""min_samples_leaf"": 1, ""splitter"": ""best""}",115,2189,0.0,Dune,random,2,Prop0.05,58,True
kNN,0.1423416389509529,"{""n_neighbors"": 15, ""p"": 1, ""weights"": ""distance""}",115,2189,0.02,Dune,random,2,Prop0.05,58,True
KRR,0.1160606937862886,"{""regressor__kernel"": ""rbf"", ""regressor__gamma"": 0.05, ""regressor__alpha"": 0.1}",115,2189,0.01,Dune,random,2,Prop0.05,58,True
MR,0.104346915958854,"{""lasso__regressor__alpha"": 0.01}",115,2189,0.02,Dune,random,2,Prop0.05,58,True
RF,0.1091659901479712,"{""max_features"": 1.0, ""min_samples_leaf"": 1, ""n_estimators"": 20}",115,2189,0.05,Dune,random,2,Prop0.05,58,True
SVR,0.1074896141173023,"{""regressor__tol"": 0.1, ""regressor__shrinking"": false, ""regressor__epsilon"": 0.1, ""regressor__coef0"": 1.0, ""regressor__C"": 2.0}",115,2189,0.03,Dune,random,2,Prop0.05,58,True
CART,0.1286311412597171,"{""max_features"": 1.0, ""min_samples_leaf"": 1, ""splitter"": ""best""}",115,2189,0.0,Dune,random,2,Prop0.05,59,True
kNN,0.1373703203638428,"{""n_neighbors"": 15, ""p"": 1, ""weights"": ""distance""}",115,2189,0.02,Dune,random,2,Prop0.05,59,True
KRR,0.1048800408440015,"{""regressor__kernel"": ""rbf"", ""regressor__gamma"": 0.05, ""regressor__alpha"": 0.1}",115,2189,0.01,Dune,random,2,Prop0.05,59,True
MR,0.1000467513036462,"{""lasso__regressor__alpha"": 0.01}",115,2189,0.02,Dune,random,2,Prop0.05,59,True
RF,0.10379140218765,"{""max_features"": 1.0, ""min_samples_leaf"": 1, ""n_estimators"": 20}",115,2189,0.05,Dune,random,2,Prop0.05,59,True
SVR,0.1054266077432534,"{""regressor__tol"": 0.1, ""regressor__shrinking"": false, ""regressor__epsilon"": 0.1, ""regressor__coef0"": 1.0, ""regressor__C"": 2.0}",115,2189,0.03,Dune,random,2,Prop0.05,59,True
CART,0.1168651408525554,"{""max_features"": 1.0, ""min_samples_leaf"": 1, ""splitter"": ""best""}",115,2189,0.0,Dune,random,2,Prop0.05,60,True
kNN,0.1394836693279242,"{""n_neighbors"": 15, ""p"": 1, ""weights"": ""distance""}",115,2189,0.02,Dune,random,2,Prop0.05,60,True
KRR,0.136354466488634,"{""regressor__kernel"": ""rbf"", ""regressor__gamma"": 0.05, ""regressor__alpha"": 0.1}",115,2189,0.01,Dune,random,2,Prop0.05,60,True
MR,0.1083616843987475,"{""lasso__regressor__alpha"": 0.01}",115,2189,0.02,Dune,random,2,Prop0.05,60,True
RF,0.1093391246749724,"{""max_features"": 1.0, ""min_samples_leaf"": 1, ""n_estimators"": 20}",115,2189,0.05,Dune,random,2,Prop0.05,60,True
SVR,0.1048871167441455,"{""regressor__tol"": 0.1, ""regressor__shrinking"": false, ""regressor__epsilon"": 0.1, ""regressor__coef0"": 1.0, ""regressor__C"": 2.0}",115,2189,0.03,Dune,random,2,Prop0.05,60,True
CART,0.1045637646013349,"{""max_features"": 1.0, ""min_samples_leaf"": 1, ""splitter"": ""best""}",115,2189,0.0,Dune,random,2,Prop0.05,61,True
kNN,0.1377921936370473,"{""n_neighbors"": 15, ""p"": 1, ""weights"": ""distance""}",115,2189,0.02,Dune,random,2,Prop0.05,61,True
KRR,0.1138621619104452,"{""regressor__kernel"": ""rbf"", ""regressor__gamma"": 0.05, ""regressor__alpha"": 0.1}",115,2189,0.01,Dune,random,2,Prop0.05,61,True
MR,0.1194121308672196,"{""lasso__regressor__alpha"": 0.01}",115,2189,0.02,Dune,random,2,Prop0.05,61,True
RF,0.1098836112248207,"{""max_features"": 1.0, ""min_samples_leaf"": 1, ""n_estimators"": 20}",115,2189,0.05,Dune,random,2,Prop0.05,61,True
SVR,0.104631495449336,"{""regressor__tol"": 0.1, ""regressor__shrinking"": false, ""regressor__epsilon"": 0.1, ""regressor__coef0"": 1.0, ""regressor__C"": 2.0}",115,2189,0.02,Dune,random,2,Prop0.05,61,True
CART,0.1180886476564999,"{""max_features"": 1.0, ""min_samples_leaf"": 1, ""splitter"": ""best""}",115,2189,0.0,Dune,random,2,Prop0.05,62,True
kNN,0.1412369605435078,"{""n_neighbors"": 15, ""p"": 1, ""weights"": ""distance""}",115,2189,0.02,Dune,random,2,Prop0.05,62,True
KRR,0.1343176269705955,"{""regressor__kernel"": ""rbf"", ""regressor__gamma"": 0.05, ""regressor__alpha"": 0.1}",115,2189,0.01,Dune,random,2,Prop0.05,62,True
MR,0.1136162817656644,"{""lasso__regressor__alpha"": 0.01}",115,2189,0.02,Dune,random,2,Prop0.05,62,True
RF,0.1085460113652194,"{""max_features"": 1.0, ""min_samples_leaf"": 1, ""n_estimators"": 20}",115,2189,0.05,Dune,random,2,Prop0.05,62,True
SVR,0.103752977945151,"{""regressor__tol"": 0.1, ""regressor__shrinking"": false, ""regressor__epsilon"": 0.1, ""regressor__coef0"": 1.0, ""regressor__C"": 2.0}",115,2189,0.02,Dune,random,2,Prop0.05,62,True
CART,0.1257043236894118,"{""max_features"": 1.0, ""min_samples_leaf"": 1, ""splitter"": ""best""}",115,2189,0.0,Dune,random,2,Prop0.05,63,True
kNN,0.1391976460346325,"{""n_neighbors"": 15, ""p"": 1, ""weights"": ""distance""}",115,2189,0.02,Dune,random,2,Prop0.05,63,True
KRR,0.1463498207817263,"{""regressor__kernel"": ""rbf"", ""regressor__gamma"": 0.05, ""regressor__alpha"": 0.1}",115,2189,0.01,Dune,random,2,Prop0.05,63,True
MR,0.126021350328049,"{""lasso__regressor__alpha"": 0.01}",115,2189,0.02,Dune,random,2,Prop0.05,63,True
RF,0.1100306209280067,"{""max_features"": 1.0, ""min_samples_leaf"": 1, ""n_estimators"": 20}",115,2189,0.05,Dune,random,2,Prop0.05,63,True
SVR,0.1070695456819536,"{""regressor__tol"": 0.1, ""regressor__shrinking"": false, ""regressor__epsilon"": 0.1, ""regressor__coef0"": 1.0, ""regressor__C"": 2.0}",115,2189,0.02,Dune,random,2,Prop0.05,63,True
CART,0.1228528399244884,"{""max_features"": 1.0, ""min_samples_leaf"": 1, ""splitter"": ""best""}",115,2189,0.0,Dune,random,2,Prop0.05,64,True
kNN,0.1530012809645156,"{""n_neighbors"": 15, ""p"": 1, ""weights"": ""distance""}",115,2189,0.02,Dune,random,2,Prop0.05,64,True
KRR,0.1299769652077044,"{""regressor__kernel"": ""rbf"", ""regressor__gamma"": 0.05, ""regressor__alpha"": 0.1}",115,2189,0.01,Dune,random,2,Prop0.05,64,True
MR,0.104340589543176,"{""lasso__regressor__alpha"": 0.01}",115,2189,0.02,Dune,random,2,Prop0.05,64,True
RF,0.101747253756873,"{""max_features"": 1.0, ""min_samples_leaf"": 1, ""n_estimators"": 20}",115,2189,0.05,Dune,random,2,Prop0.05,64,True
SVR,0.1065289758772784,"{""regressor__tol"": 0.1, ""regressor__shrinking"": false, ""regressor__epsilon"": 0.1, ""regressor__coef0"": 1.0, ""regressor__C"": 2.0}",115,2189,0.03,Dune,random,2,Prop0.05,64,True
CART,0.1035084909250325,"{""max_features"": 1.0, ""min_samples_leaf"": 1, ""splitter"": ""best""}",115,2189,0.0,Dune,random,2,Prop0.05,65,True
kNN,0.1363886054863075,"{""n_neighbors"": 15, ""p"": 1, ""weights"": ""distance""}",115,2189,0.01,Dune,random,2,Prop0.05,65,True
KRR,0.1148570366600515,"{""regressor__kernel"": ""rbf"", ""regressor__gamma"": 0.05, ""regressor__alpha"": 0.1}",115,2189,0.01,Dune,random,2,Prop0.05,65,True
MR,0.1102290960085014,"{""lasso__regressor__alpha"": 0.01}",115,2189,0.02,Dune,random,2,Prop0.05,65,True
RF,0.1204509429321275,"{""max_features"": 1.0, ""min_samples_leaf"": 1, ""n_estimators"": 20}",115,2189,0.05,Dune,random,2,Prop0.05,65,True
SVR,0.1037988033415311,"{""regressor__tol"": 0.1, ""regressor__shrinking"": false, ""regressor__epsilon"": 0.1, ""regressor__coef0"": 1.0, ""regressor__C"": 2.0}",115,2189,0.03,Dune,random,2,Prop0.05,65,True
CART,0.113938354685219,"{""max_features"": 1.0, ""min_samples_leaf"": 1, ""splitter"": ""best""}",115,2189,0.0,Dune,random,2,Prop0.05,66,True
kNN,0.146300082347472,"{""n_neighbors"": 15, ""p"": 1, ""weights"": ""distance""}",115,2189,0.02,Dune,random,2,Prop0.05,66,True
KRR,0.120387729859972,"{""regressor__kernel"": ""rbf"", ""regressor__gamma"": 0.05, ""regressor__alpha"": 0.1}",115,2189,0.01,Dune,random,2,Prop0.05,66,True
MR,0.1033442172258728,"{""lasso__regressor__alpha"": 0.01}",115,2189,0.02,Dune,random,2,Prop0.05,66,True
RF,0.103851075283391,"{""max_features"": 1.0, ""min_samples_leaf"": 1, ""n_estimators"": 20}",115,2189,0.04,Dune,random,2,Prop0.05,66,True
SVR,0.106523748942489,"{""regressor__tol"": 0.1, ""regressor__shrinking"": false, ""regressor__epsilon"": 0.1, ""regressor__coef0"": 1.0, ""regressor__C"": 2.0}",115,2189,0.03,Dune,random,2,Prop0.05,66,True
CART,0.1223061710815604,"{""max_features"": 1.0, ""min_samples_leaf"": 1, ""splitter"": ""best""}",115,2189,0.0,Dune,random,2,Prop0.05,67,True
kNN,0.1366305116839518,"{""n_neighbors"": 15, ""p"": 1, ""weights"": ""distance""}",115,2189,0.02,Dune,random,2,Prop0.05,67,True
KRR,0.1122177978152584,"{""regressor__kernel"": ""rbf"", ""regressor__gamma"": 0.05, ""regressor__alpha"": 0.1}",115,2189,0.01,Dune,random,2,Prop0.05,67,True
MR,0.109362353074263,"{""lasso__regressor__alpha"": 0.01}",115,2189,0.02,Dune,random,2,Prop0.05,67,True
RF,0.1112287589397981,"{""max_features"": 1.0, ""min_samples_leaf"": 1, ""n_estimators"": 20}",115,2189,0.05,Dune,random,2,Prop0.05,67,True
SVR,0.1052832869313776,"{""regressor__tol"": 0.1, ""regressor__shrinking"": false, ""regressor__epsilon"": 0.1, ""regressor__coef0"": 1.0, ""regressor__C"": 2.0}",115,2189,0.02,Dune,random,2,Prop0.05,67,True
CART,0.1620144270121985,"{""max_features"": 1.0, ""min_samples_leaf"": 1, ""splitter"": ""best""}",115,2189,0.0,Dune,random,2,Prop0.05,68,True
kNN,0.1584089025079311,"{""n_neighbors"": 15, ""p"": 1, ""weights"": ""distance""}",115,2189,0.02,Dune,random,2,Prop0.05,68,True
KRR,0.1692971530257346,"{""regressor__kernel"": ""rbf"", ""regressor__gamma"": 0.05, ""regressor__alpha"": 0.1}",115,2189,0.01,Dune,random,2,Prop0.05,68,True
MR,0.1432011291471561,"{""lasso__regressor__alpha"": 0.01}",115,2189,0.02,Dune,random,2,Prop0.05,68,True
RF,0.1385492950222028,"{""max_features"": 1.0, ""min_samples_leaf"": 1, ""n_estimators"": 20}",115,2189,0.05,Dune,random,2,Prop0.05,68,True
SVR,0.1020607218823786,"{""regressor__tol"": 0.1, ""regressor__shrinking"": false, ""regressor__epsilon"": 0.1, ""regressor__coef0"": 1.0, ""regressor__C"": 2.0}",115,2189,0.02,Dune,random,2,Prop0.05,68,True
CART,0.1307945250368605,"{""max_features"": 1.0, ""min_samples_leaf"": 1, ""splitter"": ""best""}",115,2189,0.0,Dune,random,2,Prop0.05,69,True
kNN,0.142662017720295,"{""n_neighbors"": 15, ""p"": 1, ""weights"": ""distance""}",115,2189,0.01,Dune,random,2,Prop0.05,69,True
KRR,0.1361840409257261,"{""regressor__kernel"": ""rbf"", ""regressor__gamma"": 0.05, ""regressor__alpha"": 0.1}",115,2189,0.01,Dune,random,2,Prop0.05,69,True
MR,0.1148610602557204,"{""lasso__regressor__alpha"": 0.01}",115,2189,0.02,Dune,random,2,Prop0.05,69,True
RF,0.1174442977101957,"{""max_features"": 1.0, ""min_samples_leaf"": 1, ""n_estimators"": 20}",115,2189,0.05,Dune,random,2,Prop0.05,69,True
SVR,0.1114309715522944,"{""regressor__tol"": 0.1, ""regressor__shrinking"": false, ""regressor__epsilon"": 0.1, ""regressor__coef0"": 1.0, ""regressor__C"": 2.0}",115,2189,0.03,Dune,random,2,Prop0.05,69,True
CART,0.1193394442431739,"{""max_features"": 1.0, ""min_samples_leaf"": 1, ""splitter"": ""best""}",115,2189,0.0,Dune,random,2,Prop0.05,70,True
kNN,0.1423761450092988,"{""n_neighbors"": 15, ""p"": 1, ""weights"": ""distance""}",115,2189,0.02,Dune,random,2,Prop0.05,70,True
KRR,0.1117199544174667,"{""regressor__kernel"": ""rbf"", ""regressor__gamma"": 0.05, ""regressor__alpha"": 0.1}",115,2189,0.01,Dune,random,2,Prop0.05,70,True
MR,0.1061021101840643,"{""lasso__regressor__alpha"": 0.01}",115,2189,0.02,Dune,random,2,Prop0.05,70,True
RF,0.1107330002025786,"{""max_features"": 1.0, ""min_samples_leaf"": 1, ""n_estimators"": 20}",115,2189,0.05,Dune,random,2,Prop0.05,70,True
SVR,0.1003511282203187,"{""regressor__tol"": 0.1, ""regressor__shrinking"": false, ""regressor__epsilon"": 0.1, ""regressor__coef0"": 1.0, ""regressor__C"": 2.0}",115,2189,0.03,Dune,random,2,Prop0.05,70,True
CART,0.1146542860215799,"{""max_features"": 1.0, ""min_samples_leaf"": 1, ""splitter"": ""best""}",115,2189,0.0,Dune,random,2,Prop0.05,71,True
kNN,0.1410185185430526,"{""n_neighbors"": 15, ""p"": 1, ""weights"": ""distance""}",115,2189,0.02,Dune,random,2,Prop0.05,71,True
KRR,0.1405367476925874,"{""regressor__kernel"": ""rbf"", ""regressor__gamma"": 0.05, ""regressor__alpha"": 0.1}",115,2189,0.01,Dune,random,2,Prop0.05,71,True
MR,0.1201156256388156,"{""lasso__regressor__alpha"": 0.01}",115,2189,0.02,Dune,random,2,Prop0.05,71,True
RF,0.110380208545619,"{""max_features"": 1.0, ""min_samples_leaf"": 1, ""n_estimators"": 20}",115,2189,0.05,Dune,random,2,Prop0.05,71,True
SVR,0.1065042908549783,"{""regressor__tol"": 0.1, ""regressor__shrinking"": false, ""regressor__epsilon"": 0.1, ""regressor__coef0"": 1.0, ""regressor__C"": 2.0}",115,2189,0.02,Dune,random,2,Prop0.05,71,True
CART,0.1134905138745932,"{""max_features"": 1.0, ""min_samples_leaf"": 1, ""splitter"": ""best""}",115,2189,0.0,Dune,random,2,Prop0.05,72,True
kNN,0.1549416366871894,"{""n_neighbors"": 15, ""p"": 1, ""weights"": ""distance""}",115,2189,0.02,Dune,random,2,Prop0.05,72,True
KRR,0.1336330123518231,"{""regressor__kernel"": ""rbf"", ""regressor__gamma"": 0.05, ""regressor__alpha"": 0.1}",115,2189,0.01,Dune,random,2,Prop0.05,72,True
MR,0.1277989065008027,"{""lasso__regressor__alpha"": 0.01}",115,2189,0.03,Dune,random,2,Prop0.05,72,True
RF,0.1181016554500407,"{""max_features"": 1.0, ""min_samples_leaf"": 1, ""n_estimators"": 20}",115,2189,0.04,Dune,random,2,Prop0.05,72,True
SVR,0.1124806606843225,"{""regressor__tol"": 0.1, ""regressor__shrinking"": false, ""regressor__epsilon"": 0.1, ""regressor__coef0"": 1.0, ""regressor__C"": 2.0}",115,2189,0.03,Dune,random,2,Prop0.05,72,True
CART,0.1270203908569813,"{""max_features"": 1.0, ""min_samples_leaf"": 1, ""splitter"": ""best""}",115,2189,0.0,Dune,random,2,Prop0.05,73,True
kNN,0.1377552524768246,"{""n_neighbors"": 15, ""p"": 1, ""weights"": ""distance""}",115,2189,0.02,Dune,random,2,Prop0.05,73,True
KRR,0.117830312842925,"{""regressor__kernel"": ""rbf"", ""regressor__gamma"": 0.05, ""regressor__alpha"": 0.1}",115,2189,0.01,Dune,random,2,Prop0.05,73,True
MR,0.1089962795073764,"{""lasso__regressor__alpha"": 0.01}",115,2189,0.02,Dune,random,2,Prop0.05,73,True
RF,0.1110334036925514,"{""max_features"": 1.0, ""min_samples_leaf"": 1, ""n_estimators"": 20}",115,2189,0.05,Dune,random,2,Prop0.05,73,True
SVR,0.1023974902382874,"{""regressor__tol"": 0.1, ""regressor__shrinking"": false, ""regressor__epsilon"": 0.1, ""regressor__coef0"": 1.0, ""regressor__C"": 2.0}",115,2189,0.02,Dune,random,2,Prop0.05,73,True
CART,0.1230267912038275,"{""max_features"": 1.0, ""min_samples_leaf"": 1, ""splitter"": ""best""}",115,2189,0.0,Dune,random,2,Prop0.05,74,True
kNN,0.1973112439597191,"{""n_neighbors"": 15, ""p"": 1, ""weights"": ""distance""}",115,2189,0.02,Dune,random,2,Prop0.05,74,True
KRR,0.2046595093662959,"{""regressor__kernel"": ""rbf"", ""regressor__gamma"": 0.05, ""regressor__alpha"": 0.1}",115,2189,0.01,Dune,random,2,Prop0.05,74,True
MR,0.1500066838474745,"{""lasso__regressor__alpha"": 0.01}",115,2189,0.02,Dune,random,2,Prop0.05,74,True
RF,0.1180359373634911,"{""max_features"": 1.0, ""min_samples_leaf"": 1, ""n_estimators"": 20}",115,2189,0.04,Dune,random,2,Prop0.05,74,True
SVR,0.123285677981983,"{""regressor__tol"": 0.1, ""regressor__shrinking"": false, ""regressor__epsilon"": 0.1, ""regressor__coef0"": 1.0, ""regressor__C"": 2.0}",115,2189,0.02,Dune,random,2,Prop0.05,74,True
CART,0.1319854029983924,"{""max_features"": 1.0, ""min_samples_leaf"": 1, ""splitter"": ""best""}",115,2189,0.0,Dune,random,2,Prop0.05,75,True
kNN,0.1354273168226789,"{""n_neighbors"": 15, ""p"": 1, ""weights"": ""distance""}",115,2189,0.02,Dune,random,2,Prop0.05,75,True
KRR,0.1112096174048654,"{""regressor__kernel"": ""rbf"", ""regressor__gamma"": 0.05, ""regressor__alpha"": 0.1}",115,2189,0.01,Dune,random,2,Prop0.05,75,True
MR,0.0983602435654752,"{""lasso__regressor__alpha"": 0.01}",115,2189,0.02,Dune,random,2,Prop0.05,75,True
RF,0.1008329949383185,"{""max_features"": 1.0, ""min_samples_leaf"": 1, ""n_estimators"": 20}",115,2189,0.05,Dune,random,2,Prop0.05,75,True
SVR,0.104860471300454,"{""regressor__tol"": 0.1, ""regressor__shrinking"": false, ""regressor__epsilon"": 0.1, ""regressor__coef0"": 1.0, ""regressor__C"": 2.0}",115,2189,0.03,Dune,random,2,Prop0.05,75,True
CART,0.1452608615839832,"{""max_features"": 1.0, ""min_samples_leaf"": 1, ""splitter"": ""best""}",115,2189,0.0,Dune,random,2,Prop0.05,76,True
kNN,0.1456009243249391,"{""n_neighbors"": 15, ""p"": 1, ""weights"": ""distance""}",115,2189,0.02,Dune,random,2,Prop0.05,76,True
KRR,0.2045712504308976,"{""regressor__kernel"": ""rbf"", ""regressor__gamma"": 0.05, ""regressor__alpha"": 0.1}",115,2189,0.01,Dune,random,2,Prop0.05,76,True
MR,0.1355408250565438,"{""lasso__regressor__alpha"": 0.01}",115,2189,0.02,Dune,random,2,Prop0.05,76,True
RF,0.1247528235756691,"{""max_features"": 1.0, ""min_samples_leaf"": 1, ""n_estimators"": 20}",115,2189,0.05,Dune,random,2,Prop0.05,76,True
SVR,0.1133419221211882,"{""regressor__tol"": 0.1, ""regressor__shrinking"": false, ""regressor__epsilon"": 0.1, ""regressor__coef0"": 1.0, ""regressor__C"": 2.0}",115,2189,0.02,Dune,random,2,Prop0.05,76,True
CART,0.1413884733340929,"{""max_features"": 1.0, ""min_samples_leaf"": 1, ""splitter"": ""best""}",115,2189,0.0,Dune,random,2,Prop0.05,77,True
kNN,0.1478024506888858,"{""n_neighbors"": 15, ""p"": 1, ""weights"": ""distance""}",115,2189,0.02,Dune,random,2,Prop0.05,77,True
KRR,0.1381704713668028,"{""regressor__kernel"": ""rbf"", ""regressor__gamma"": 0.05, ""regressor__alpha"": 0.1}",115,2189,0.01,Dune,random,2,Prop0.05,77,True
MR,0.1234605754051919,"{""lasso__regressor__alpha"": 0.01}",115,2189,0.02,Dune,random,2,Prop0.05,77,True
RF,0.1255384905492959,"{""max_features"": 1.0, ""min_samples_leaf"": 1, ""n_estimators"": 20}",115,2189,0.05,Dune,random,2,Prop0.05,77,True
SVR,0.1064259796549198,"{""regressor__tol"": 0.1, ""regressor__shrinking"": false, ""regressor__epsilon"": 0.1, ""regressor__coef0"": 1.0, ""regressor__C"": 2.0}",115,2189,0.02,Dune,random,2,Prop0.05,77,True
CART,0.1222186545679924,"{""max_features"": 1.0, ""min_samples_leaf"": 1, ""splitter"": ""best""}",115,2189,0.0,Dune,random,2,Prop0.05,78,True
kNN,0.1327493683298307,"{""n_neighbors"": 15, ""p"": 1, ""weights"": ""distance""}",115,2189,0.02,Dune,random,2,Prop0.05,78,True
KRR,0.1278671108930423,"{""regressor__kernel"": ""rbf"", ""regressor__gamma"": 0.05, ""regressor__alpha"": 0.1}",115,2189,0.01,Dune,random,2,Prop0.05,78,True
MR,0.1042450605122912,"{""lasso__regressor__alpha"": 0.01}",115,2189,0.02,Dune,random,2,Prop0.05,78,True
RF,0.0961940921218114,"{""max_features"": 1.0, ""min_samples_leaf"": 1, ""n_estimators"": 20}",115,2189,0.05,Dune,random,2,Prop0.05,78,True
SVR,0.1011287276854388,"{""regressor__tol"": 0.1, ""regressor__shrinking"": false, ""regressor__epsilon"": 0.1, ""regressor__coef0"": 1.0, ""regressor__C"": 2.0}",115,2189,0.03,Dune,random,2,Prop0.05,78,True
CART,0.143559361683602,"{""max_features"": 1.0, ""min_samples_leaf"": 1, ""splitter"": ""best""}",115,2189,0.0,Dune,random,2,Prop0.05,79,True
kNN,0.1415717722035175,"{""n_neighbors"": 15, ""p"": 1, ""weights"": ""distance""}",115,2189,0.02,Dune,random,2,Prop0.05,79,True
KRR,0.1227708345133435,"{""regressor__kernel"": ""rbf"", ""regressor__gamma"": 0.05, ""regressor__alpha"": 0.1}",115,2189,0.01,Dune,random,2,Prop0.05,79,True
MR,0.1119931463133295,"{""lasso__regressor__alpha"": 0.01}",115,2189,0.03,Dune,random,2,Prop0.05,79,True
RF,0.1194636886578977,"{""max_features"": 1.0, ""min_samples_leaf"": 1, ""n_estimators"": 20}",115,2189,0.05,Dune,random,2,Prop0.05,79,True
SVR,0.1113112821568338,"{""regressor__tol"": 0.1, ""regressor__shrinking"": false, ""regressor__epsilon"": 0.1, ""regressor__coef0"": 1.0, ""regressor__C"": 2.0}",115,2189,0.02,Dune,random,2,Prop0.05,79,True
CART,0.1170684605790594,"{""max_features"": 1.0, ""min_samples_leaf"": 1, ""splitter"": ""best""}",115,2189,0.0,Dune,random,2,Prop0.05,80,True
kNN,0.153443194873789,"{""n_neighbors"": 15, ""p"": 1, ""weights"": ""distance""}",115,2189,0.02,Dune,random,2,Prop0.05,80,True
KRR,0.1314764894433738,"{""regressor__kernel"": ""rbf"", ""regressor__gamma"": 0.05, ""regressor__alpha"": 0.1}",115,2189,0.01,Dune,random,2,Prop0.05,80,True
MR,0.1102769296232495,"{""lasso__regressor__alpha"": 0.01}",115,2189,0.02,Dune,random,2,Prop0.05,80,True
RF,0.1079157887607133,"{""max_features"": 1.0, ""min_samples_leaf"": 1, ""n_estimators"": 20}",115,2189,0.05,Dune,random,2,Prop0.05,80,True
SVR,0.1061391236499001,"{""regressor__tol"": 0.1, ""regressor__shrinking"": false, ""regressor__epsilon"": 0.1, ""regressor__coef0"": 1.0, ""regressor__C"": 2.0}",115,2189,0.03,Dune,random,2,Prop0.05,80,True
CART,0.1314200452005425,"{""max_features"": 1.0, ""min_samples_leaf"": 1, ""splitter"": ""best""}",115,2189,0.0,Dune,random,2,Prop0.05,81,True
kNN,0.1692338639236154,"{""n_neighbors"": 15, ""p"": 1, ""weights"": ""distance""}",115,2189,0.02,Dune,random,2,Prop0.05,81,True
KRR,0.1805942565218534,"{""regressor__kernel"": ""rbf"", ""regressor__gamma"": 0.05, ""regressor__alpha"": 0.1}",115,2189,0.01,Dune,random,2,Prop0.05,81,True
MR,0.1227526139556066,"{""lasso__regressor__alpha"": 0.01}",115,2189,0.02,Dune,random,2,Prop0.05,81,True
RF,0.1185639923915135,"{""max_features"": 1.0, ""min_samples_leaf"": 1, ""n_estimators"": 20}",115,2189,0.05,Dune,random,2,Prop0.05,81,True
SVR,0.1125089733173806,"{""regressor__tol"": 0.1, ""regressor__shrinking"": false, ""regressor__epsilon"": 0.1, ""regressor__coef0"": 1.0, ""regressor__C"": 2.0}",115,2189,0.02,Dune,random,2,Prop0.05,81,True
CART,0.1264076335908357,"{""max_features"": 1.0, ""min_samples_leaf"": 1, ""splitter"": ""best""}",115,2189,0.0,Dune,random,2,Prop0.05,82,True
kNN,0.1338000435147657,"{""n_neighbors"": 15, ""p"": 1, ""weights"": ""distance""}",115,2189,0.02,Dune,random,2,Prop0.05,82,True
KRR,0.1253773898237256,"{""regressor__kernel"": ""rbf"", ""regressor__gamma"": 0.05, ""regressor__alpha"": 0.1}",115,2189,0.01,Dune,random,2,Prop0.05,82,True
MR,0.1083170206190374,"{""lasso__regressor__alpha"": 0.01}",115,2189,0.02,Dune,random,2,Prop0.05,82,True
RF,0.1126426432293779,"{""max_features"": 1.0, ""min_samples_leaf"": 1, ""n_estimators"": 20}",115,2189,0.04,Dune,random,2,Prop0.05,82,True
SVR,0.1034756486770344,"{""regressor__tol"": 0.1, ""regressor__shrinking"": false, ""regressor__epsilon"": 0.1, ""regressor__coef0"": 1.0, ""regressor__C"": 2.0}",115,2189,0.03,Dune,random,2,Prop0.05,82,True
CART,0.1198572416770247,"{""max_features"": 1.0, ""min_samples_leaf"": 1, ""splitter"": ""best""}",115,2189,0.0,Dune,random,2,Prop0.05,83,True
kNN,0.1531358606497474,"{""n_neighbors"": 15, ""p"": 1, ""weights"": ""distance""}",115,2189,0.02,Dune,random,2,Prop0.05,83,True
KRR,0.1726252127269041,"{""regressor__kernel"": ""rbf"", ""regressor__gamma"": 0.05, ""regressor__alpha"": 0.1}",115,2189,0.01,Dune,random,2,Prop0.05,83,True
MR,0.1274404685275187,"{""lasso__regressor__alpha"": 0.01}",115,2189,0.02,Dune,random,2,Prop0.05,83,True
RF,0.1280480033764093,"{""max_features"": 1.0, ""min_samples_leaf"": 1, ""n_estimators"": 20}",115,2189,0.05,Dune,random,2,Prop0.05,83,True
SVR,0.1128338126747332,"{""regressor__tol"": 0.1, ""regressor__shrinking"": false, ""regressor__epsilon"": 0.1, ""regressor__coef0"": 1.0, ""regressor__C"": 2.0}",115,2189,0.02,Dune,random,2,Prop0.05,83,True
CART,0.1131352489683523,"{""max_features"": 1.0, ""min_samples_leaf"": 1, ""splitter"": ""best""}",115,2189,0.0,Dune,random,2,Prop0.05,84,True
kNN,0.1350255898324318,"{""n_neighbors"": 15, ""p"": 1, ""weights"": ""distance""}",115,2189,0.02,Dune,random,2,Prop0.05,84,True
KRR,0.1239924929350745,"{""regressor__kernel"": ""rbf"", ""regressor__gamma"": 0.05, ""regressor__alpha"": 0.1}",115,2189,0.01,Dune,random,2,Prop0.05,84,True
MR,0.1121007505295685,"{""lasso__regressor__alpha"": 0.01}",115,2189,0.02,Dune,random,2,Prop0.05,84,True
RF,0.1068473818662736,"{""max_features"": 1.0, ""min_samples_leaf"": 1, ""n_estimators"": 20}",115,2189,0.04,Dune,random,2,Prop0.05,84,True
SVR,0.0992539418143488,"{""regressor__tol"": 0.1, ""regressor__shrinking"": false, ""regressor__epsilon"": 0.1, ""regressor__coef0"": 1.0, ""regressor__C"": 2.0}",115,2189,0.03,Dune,random,2,Prop0.05,84,True
CART,0.1616529311810782,"{""max_features"": 1.0, ""min_samples_leaf"": 1, ""splitter"": ""best""}",115,2189,0.0,Dune,random,2,Prop0.05,85,True
kNN,0.1516699526925896,"{""n_neighbors"": 15, ""p"": 1, ""weights"": ""distance""}",115,2189,0.02,Dune,random,2,Prop0.05,85,True
KRR,0.1552753347383696,"{""regressor__kernel"": ""rbf"", ""regressor__gamma"": 0.05, ""regressor__alpha"": 0.1}",115,2189,0.01,Dune,random,2,Prop0.05,85,True
MR,0.13464247536144,"{""lasso__regressor__alpha"": 0.01}",115,2189,0.02,Dune,random,2,Prop0.05,85,True
RF,0.1160618085690769,"{""max_features"": 1.0, ""min_samples_leaf"": 1, ""n_estimators"": 20}",115,2189,0.05,Dune,random,2,Prop0.05,85,True
SVR,0.1085153426087695,"{""regressor__tol"": 0.1, ""regressor__shrinking"": false, ""regressor__epsilon"": 0.1, ""regressor__coef0"": 1.0, ""regressor__C"": 2.0}",115,2189,0.02,Dune,random,2,Prop0.05,85,True
CART,0.1111966771637358,"{""max_features"": 1.0, ""min_samples_leaf"": 1, ""splitter"": ""best""}",115,2189,0.0,Dune,random,2,Prop0.05,86,True
kNN,0.1587526465267898,"{""n_neighbors"": 15, ""p"": 1, ""weights"": ""distance""}",115,2189,0.02,Dune,random,2,Prop0.05,86,True
KRR,0.1890423722580812,"{""regressor__kernel"": ""rbf"", ""regressor__gamma"": 0.05, ""regressor__alpha"": 0.1}",115,2189,0.01,Dune,random,2,Prop0.05,86,True
MR,0.173591165940508,"{""lasso__regressor__alpha"": 0.01}",115,2189,0.02,Dune,random,2,Prop0.05,86,True
RF,0.1121432398764603,"{""max_features"": 1.0, ""min_samples_leaf"": 1, ""n_estimators"": 20}",115,2189,0.05,Dune,random,2,Prop0.05,86,True
SVR,0.1183146014024294,"{""regressor__tol"": 0.1, ""regressor__shrinking"": false, ""regressor__epsilon"": 0.1, ""regressor__coef0"": 1.0, ""regressor__C"": 2.0}",115,2189,0.02,Dune,random,2,Prop0.05,86,True
CART,0.1058835850617278,"{""max_features"": 1.0, ""min_samples_leaf"": 1, ""splitter"": ""best""}",115,2189,0.0,Dune,random,2,Prop0.05,87,True
kNN,0.13483492820288,"{""n_neighbors"": 15, ""p"": 1, ""weights"": ""distance""}",115,2189,0.02,Dune,random,2,Prop0.05,87,True
KRR,0.1108162465637536,"{""regressor__kernel"": ""rbf"", ""regressor__gamma"": 0.05, ""regressor__alpha"": 0.1}",115,2189,0.01,Dune,random,2,Prop0.05,87,True
MR,0.1059332592730116,"{""lasso__regressor__alpha"": 0.01}",115,2189,0.02,Dune,random,2,Prop0.05,87,True
RF,0.1012715230093662,"{""max_features"": 1.0, ""min_samples_leaf"": 1, ""n_estimators"": 20}",115,2189,0.05,Dune,random,2,Prop0.05,87,True
SVR,0.1030376655634023,"{""regressor__tol"": 0.1, ""regressor__shrinking"": false, ""regressor__epsilon"": 0.1, ""regressor__coef0"": 1.0, ""regressor__C"": 2.0}",115,2189,0.03,Dune,random,2,Prop0.05,87,True
CART,0.1239875017032571,"{""max_features"": 1.0, ""min_samples_leaf"": 1, ""splitter"": ""best""}",115,2189,0.0,Dune,random,2,Prop0.05,88,True
kNN,0.1439874200401482,"{""n_neighbors"": 15, ""p"": 1, ""weights"": ""distance""}",115,2189,0.02,Dune,random,2,Prop0.05,88,True
KRR,0.1268558432860676,"{""regressor__kernel"": ""rbf"", ""regressor__gamma"": 0.05, ""regressor__alpha"": 0.1}",115,2189,0.01,Dune,random,2,Prop0.05,88,True
MR,0.1418276001273361,"{""lasso__regressor__alpha"": 0.01}",115,2189,0.02,Dune,random,2,Prop0.05,88,True
RF,0.1141251707327477,"{""max_features"": 1.0, ""min_samples_leaf"": 1, ""n_estimators"": 20}",115,2189,0.04,Dune,random,2,Prop0.05,88,True
SVR,0.1053499967037561,"{""regressor__tol"": 0.1, ""regressor__shrinking"": false, ""regressor__epsilon"": 0.1, ""regressor__coef0"": 1.0, ""regressor__C"": 2.0}",115,2189,0.03,Dune,random,2,Prop0.05,88,True
CART,0.1208104326701171,"{""max_features"": 1.0, ""min_samples_leaf"": 1, ""splitter"": ""best""}",115,2189,0.0,Dune,random,2,Prop0.05,89,True
kNN,0.1417788850971199,"{""n_neighbors"": 15, ""p"": 1, ""weights"": ""distance""}",115,2189,0.02,Dune,random,2,Prop0.05,89,True
KRR,0.1166058455887377,"{""regressor__kernel"": ""rbf"", ""regressor__gamma"": 0.05, ""regressor__alpha"": 0.1}",115,2189,0.01,Dune,random,2,Prop0.05,89,True
MR,0.1163058701357982,"{""lasso__regressor__alpha"": 0.01}",115,2189,0.02,Dune,random,2,Prop0.05,89,True
RF,0.1059006162636562,"{""max_features"": 1.0, ""min_samples_leaf"": 1, ""n_estimators"": 20}",115,2189,0.05,Dune,random,2,Prop0.05,89,True
SVR,0.108980973863802,"{""regressor__tol"": 0.1, ""regressor__shrinking"": false, ""regressor__epsilon"": 0.1, ""regressor__coef0"": 1.0, ""regressor__C"": 2.0}",115,2189,0.02,Dune,random,2,Prop0.05,89,True
CART,0.1133567114819897,"{""max_features"": 1.0, ""min_samples_leaf"": 1, ""splitter"": ""best""}",115,2189,0.0,Dune,random,2,Prop0.05,90,True
kNN,0.1475025859318399,"{""n_neighbors"": 15, ""p"": 1, ""weights"": ""distance""}",115,2189,0.02,Dune,random,2,Prop0.05,90,True
KRR,0.1216452571251803,"{""regressor__kernel"": ""rbf"", ""regressor__gamma"": 0.05, ""regressor__alpha"": 0.1}",115,2189,0.01,Dune,random,2,Prop0.05,90,True
MR,0.1091238289970309,"{""lasso__regressor__alpha"": 0.01}",115,2189,0.03,Dune,random,2,Prop0.05,90,True
RF,0.1051916323066626,"{""max_features"": 1.0, ""min_samples_leaf"": 1, ""n_estimators"": 20}",115,2189,0.05,Dune,random,2,Prop0.05,90,True
SVR,0.1029559720193496,"{""regressor__tol"": 0.1, ""regressor__shrinking"": false, ""regressor__epsilon"": 0.1, ""regressor__coef0"": 1.0, ""regressor__C"": 2.0}",115,2189,0.02,Dune,random,2,Prop0.05,90,True
CART,0.1279822645700425,"{""max_features"": 1.0, ""min_samples_leaf"": 1, ""splitter"": ""best""}",115,2189,0.0,Dune,random,2,Prop0.05,91,True
kNN,0.1574605684493854,"{""n_neighbors"": 15, ""p"": 1, ""weights"": ""distance""}",115,2189,0.02,Dune,random,2,Prop0.05,91,True
KRR,0.1227801852556388,"{""regressor__kernel"": ""rbf"", ""regressor__gamma"": 0.05, ""regressor__alpha"": 0.1}",115,2189,0.01,Dune,random,2,Prop0.05,91,True
MR,0.1174636327559194,"{""lasso__regressor__alpha"": 0.01}",115,2189,0.02,Dune,random,2,Prop0.05,91,True
RF,0.1199012815938431,"{""max_features"": 1.0, ""min_samples_leaf"": 1, ""n_estimators"": 20}",115,2189,0.05,Dune,random,2,Prop0.05,91,True
SVR,0.1147488011314828,"{""regressor__tol"": 0.1, ""regressor__shrinking"": false, ""regressor__epsilon"": 0.1, ""regressor__coef0"": 1.0, ""regressor__C"": 2.0}",115,2189,0.02,Dune,random,2,Prop0.05,91,True
CART,0.120385475989405,"{""max_features"": 1.0, ""min_samples_leaf"": 1, ""splitter"": ""best""}",115,2189,0.0,Dune,random,2,Prop0.05,92,True
kNN,0.131136131672526,"{""n_neighbors"": 15, ""p"": 1, ""weights"": ""distance""}",115,2189,0.02,Dune,random,2,Prop0.05,92,True
KRR,0.1051671292724185,"{""regressor__kernel"": ""rbf"", ""regressor__gamma"": 0.05, ""regressor__alpha"": 0.1}",115,2189,0.01,Dune,random,2,Prop0.05,92,True
MR,0.1034989570124938,"{""lasso__regressor__alpha"": 0.01}",115,2189,0.02,Dune,random,2,Prop0.05,92,True
RF,0.1055686329009151,"{""max_features"": 1.0, ""min_samples_leaf"": 1, ""n_estimators"": 20}",115,2189,0.05,Dune,random,2,Prop0.05,92,True
SVR,0.1043119044400698,"{""regressor__tol"": 0.1, ""regressor__shrinking"": false, ""regressor__epsilon"": 0.1, ""regressor__coef0"": 1.0, ""regressor__C"": 2.0}",115,2189,0.02,Dune,random,2,Prop0.05,92,True
CART,0.1022927306504223,"{""max_features"": 1.0, ""min_samples_leaf"": 1, ""splitter"": ""best""}",115,2189,0.0,Dune,random,2,Prop0.05,93,True
kNN,0.1363209091078279,"{""n_neighbors"": 15, ""p"": 1, ""weights"": ""distance""}",115,2189,0.02,Dune,random,2,Prop0.05,93,True
KRR,0.1080176633410522,"{""regressor__kernel"": ""rbf"", ""regressor__gamma"": 0.05, ""regressor__alpha"": 0.1}",115,2189,0.01,Dune,random,2,Prop0.05,93,True
MR,0.0984249105989789,"{""lasso__regressor__alpha"": 0.01}",115,2189,0.02,Dune,random,2,Prop0.05,93,True
RF,0.1044494777740925,"{""max_features"": 1.0, ""min_samples_leaf"": 1, ""n_estimators"": 20}",115,2189,0.05,Dune,random,2,Prop0.05,93,True
SVR,0.1001657288630572,"{""regressor__tol"": 0.1, ""regressor__shrinking"": false, ""regressor__epsilon"": 0.1, ""regressor__coef0"": 1.0, ""regressor__C"": 2.0}",115,2189,0.03,Dune,random,2,Prop0.05,93,True
CART,0.140855806386392,"{""max_features"": 1.0, ""min_samples_leaf"": 1, ""splitter"": ""best""}",115,2189,0.0,Dune,random,2,Prop0.05,94,True
kNN,0.1542800893266118,"{""n_neighbors"": 15, ""p"": 1, ""weights"": ""distance""}",115,2189,0.02,Dune,random,2,Prop0.05,94,True
KRR,0.1252095620287432,"{""regressor__kernel"": ""rbf"", ""regressor__gamma"": 0.05, ""regressor__alpha"": 0.1}",115,2189,0.01,Dune,random,2,Prop0.05,94,True
MR,0.1104412015568068,"{""lasso__regressor__alpha"": 0.01}",115,2189,0.02,Dune,random,2,Prop0.05,94,True
RF,0.1165223493945891,"{""max_features"": 1.0, ""min_samples_leaf"": 1, ""n_estimators"": 20}",115,2189,0.03,Dune,random,2,Prop0.05,94,True
SVR,0.108404131489916,"{""regressor__tol"": 0.1, ""regressor__shrinking"": false, ""regressor__epsilon"": 0.1, ""regressor__coef0"": 1.0, ""regressor__C"": 2.0}",115,2189,0.02,Dune,random,2,Prop0.05,94,True
CART,0.109034174813246,"{""max_features"": 1.0, ""min_samples_leaf"": 1, ""splitter"": ""best""}",115,2189,0.0,Dune,random,2,Prop0.05,95,True
kNN,0.1454009056516441,"{""n_neighbors"": 15, ""p"": 1, ""weights"": ""distance""}",115,2189,0.02,Dune,random,2,Prop0.05,95,True
KRR,0.1354800855616431,"{""regressor__kernel"": ""rbf"", ""regressor__gamma"": 0.05, ""regressor__alpha"": 0.1}",115,2189,0.01,Dune,random,2,Prop0.05,95,True
MR,0.1276165174162825,"{""lasso__regressor__alpha"": 0.01}",115,2189,0.02,Dune,random,2,Prop0.05,95,True
RF,0.108886311820536,"{""max_features"": 1.0, ""min_samples_leaf"": 1, ""n_estimators"": 20}",115,2189,0.05,Dune,random,2,Prop0.05,95,True
SVR,0.1066836104540803,"{""regressor__tol"": 0.1, ""regressor__shrinking"": false, ""regressor__epsilon"": 0.1, ""regressor__coef0"": 1.0, ""regressor__C"": 2.0}",115,2189,0.02,Dune,random,2,Prop0.05,95,True
CART,0.1337395003040962,"{""max_features"": 1.0, ""min_samples_leaf"": 1, ""splitter"": ""best""}",115,2189,0.0,Dune,random,2,Prop0.05,96,True
kNN,0.1395528912635486,"{""n_neighbors"": 15, ""p"": 1, ""weights"": ""distance""}",115,2189,0.02,Dune,random,2,Prop0.05,96,True
KRR,0.119240828160243,"{""regressor__kernel"": ""rbf"", ""regressor__gamma"": 0.05, ""regressor__alpha"": 0.1}",115,2189,0.01,Dune,random,2,Prop0.05,96,True
MR,0.1152233691014536,"{""lasso__regressor__alpha"": 0.01}",115,2189,0.02,Dune,random,2,Prop0.05,96,True
RF,0.1269479453164528,"{""max_features"": 1.0, ""min_samples_leaf"": 1, ""n_estimators"": 20}",115,2189,0.05,Dune,random,2,Prop0.05,96,True
SVR,0.1131370848737072,"{""regressor__tol"": 0.1, ""regressor__shrinking"": false, ""regressor__epsilon"": 0.1, ""regressor__coef0"": 1.0, ""regressor__C"": 2.0}",115,2189,0.03,Dune,random,2,Prop0.05,96,True
CART,0.1251420854073011,"{""max_features"": 1.0, ""min_samples_leaf"": 1, ""splitter"": ""best""}",115,2189,0.0,Dune,random,2,Prop0.05,97,True
kNN,0.1621093809484664,"{""n_neighbors"": 15, ""p"": 1, ""weights"": ""distance""}",115,2189,0.02,Dune,random,2,Prop0.05,97,True
KRR,0.1383991913581274,"{""regressor__kernel"": ""rbf"", ""regressor__gamma"": 0.05, ""regressor__alpha"": 0.1}",115,2189,0.01,Dune,random,2,Prop0.05,97,True
MR,0.1062279091255636,"{""lasso__regressor__alpha"": 0.01}",115,2189,0.02,Dune,random,2,Prop0.05,97,True
RF,0.1060911140393283,"{""max_features"": 1.0, ""min_samples_leaf"": 1, ""n_estimators"": 20}",115,2189,0.05,Dune,random,2,Prop0.05,97,True
SVR,0.104025801471615,"{""regressor__tol"": 0.1, ""regressor__shrinking"": false, ""regressor__epsilon"": 0.1, ""regressor__coef0"": 1.0, ""regressor__C"": 2.0}",115,2189,0.02,Dune,random,2,Prop0.05,97,True
CART,0.115735170714108,"{""max_features"": 1.0, ""min_samples_leaf"": 1, ""splitter"": ""best""}",115,2189,0.0,Dune,random,2,Prop0.05,98,True
kNN,0.1373986210644843,"{""n_neighbors"": 15, ""p"": 1, ""weights"": ""distance""}",115,2189,0.02,Dune,random,2,Prop0.05,98,True
KRR,0.1209678579178564,"{""regressor__kernel"": ""rbf"", ""regressor__gamma"": 0.05, ""regressor__alpha"": 0.1}",115,2189,0.01,Dune,random,2,Prop0.05,98,True
MR,0.0993406427569798,"{""lasso__regressor__alpha"": 0.01}",115,2189,0.02,Dune,random,2,Prop0.05,98,True
RF,0.1003532118311238,"{""max_features"": 1.0, ""min_samples_leaf"": 1, ""n_estimators"": 20}",115,2189,0.05,Dune,random,2,Prop0.05,98,True
SVR,0.1026172195171299,"{""regressor__tol"": 0.1, ""regressor__shrinking"": false, ""regressor__epsilon"": 0.1, ""regressor__coef0"": 1.0, ""regressor__C"": 2.0}",115,2189,0.01,Dune,random,2,Prop0.05,98,True
CART,0.1272240225052377,"{""max_features"": 1.0, ""min_samples_leaf"": 1, ""splitter"": ""best""}",115,2189,0.0,Dune,random,2,Prop0.05,99,True
kNN,0.1406926164955103,"{""n_neighbors"": 15, ""p"": 1, ""weights"": ""distance""}",115,2189,0.02,Dune,random,2,Prop0.05,99,True
KRR,0.118257356684038,"{""regressor__kernel"": ""rbf"", ""regressor__gamma"": 0.05, ""regressor__alpha"": 0.1}",115,2189,0.01,Dune,random,2,Prop0.05,99,True
MR,0.1091945987679225,"{""lasso__regressor__alpha"": 0.01}",115,2189,0.02,Dune,random,2,Prop0.05,99,True
RF,0.1096877386077364,"{""max_features"": 1.0, ""min_samples_leaf"": 1, ""n_estimators"": 20}",115,2189,0.05,Dune,random,2,Prop0.05,99,True
SVR,0.1060886648868926,"{""regressor__tol"": 0.1, ""regressor__shrinking"": false, ""regressor__epsilon"": 0.1, ""regressor__coef0"": 1.0, ""regressor__C"": 2.0}",115,2189,0.02,Dune,random,2,Prop0.05,99,True
CART,0.1660328583661874,"{""max_features"": 1.0, ""min_samples_leaf"": 1, ""splitter"": ""best""}",115,2189,0.0,Dune,random,2,Prop0.05,100,True
kNN,0.148343147700503,"{""n_neighbors"": 15, ""p"": 1, ""weights"": ""distance""}",115,2189,0.02,Dune,random,2,Prop0.05,100,True
KRR,0.1319595830231475,"{""regressor__kernel"": ""rbf"", ""regressor__gamma"": 0.05, ""regressor__alpha"": 0.1}",115,2189,0.01,Dune,random,2,Prop0.05,100,True
MR,0.1442938680133021,"{""lasso__regressor__alpha"": 0.01}",115,2189,0.02,Dune,random,2,Prop0.05,100,True
RF,0.1170334257434239,"{""max_features"": 1.0, ""min_samples_leaf"": 1, ""n_estimators"": 20}",115,2189,0.03,Dune,random,2,Prop0.05,100,True
SVR,0.1122329995007134,"{""regressor__tol"": 0.1, ""regressor__shrinking"": false, ""regressor__epsilon"": 0.1, ""regressor__coef0"": 1.0, ""regressor__C"": 2.0}",115,2189,0.02,Dune,random,2,Prop0.05,100,True
CART,0.1004229957155392,"{""max_features"": 1.0, ""min_samples_leaf"": 1, ""splitter"": ""best""}",230,2074,0.0,Dune,random,2,Prop0.1,1,True
kNN,0.123349677632392,"{""n_neighbors"": 8, ""p"": 1, ""weights"": ""distance""}",230,2074,0.03,Dune,random,2,Prop0.1,1,True
KRR,0.098788582097111,"{""regressor__kernel"": ""rbf"", ""regressor__gamma"": 0.2, ""regressor__alpha"": 0.1}",230,2074,0.03,Dune,random,2,Prop0.1,1,True
MR,0.0965436572361453,"{""lasso__regressor__alpha"": 0.01}",230,2074,0.03,Dune,random,2,Prop0.1,1,True
RF,0.0918888244897007,"{""max_features"": 1.0, ""min_samples_leaf"": 1, ""n_estimators"": 20}",230,2074,0.06,Dune,random,2,Prop0.1,1,True
SVR,0.0971874377153582,"{""regressor__tol"": 0.05, ""regressor__shrinking"": true, ""regressor__epsilon"": 0.1, ""regressor__coef0"": 1.0, ""regressor__C"": 5.0}",230,2074,0.05,Dune,random,2,Prop0.1,1,True
CART,0.1036355678806168,"{""max_features"": 1.0, ""min_samples_leaf"": 1, ""splitter"": ""best""}",230,2074,0.0,Dune,random,2,Prop0.1,2,True
kNN,0.1392753731889632,"{""n_neighbors"": 8, ""p"": 1, ""weights"": ""distance""}",230,2074,0.04,Dune,random,2,Prop0.1,2,True
KRR,0.1101588870055865,"{""regressor__kernel"": ""rbf"", ""regressor__gamma"": 0.2, ""regressor__alpha"": 0.1}",230,2074,0.03,Dune,random,2,Prop0.1,2,True
MR,0.1003994611496041,"{""lasso__regressor__alpha"": 0.01}",230,2074,0.03,Dune,random,2,Prop0.1,2,True
RF,0.0955870244948933,"{""max_features"": 1.0, ""min_samples_leaf"": 1, ""n_estimators"": 20}",230,2074,0.06,Dune,random,2,Prop0.1,2,True
SVR,0.1007056248739618,"{""regressor__tol"": 0.05, ""regressor__shrinking"": true, ""regressor__epsilon"": 0.1, ""regressor__coef0"": 1.0, ""regressor__C"": 5.0}",230,2074,0.05,Dune,random,2,Prop0.1,2,True
CART,0.0981810412685277,"{""max_features"": 1.0, ""min_samples_leaf"": 1, ""splitter"": ""best""}",230,2074,0.0,Dune,random,2,Prop0.1,3,True
kNN,0.1483386601363846,"{""n_neighbors"": 8, ""p"": 1, ""weights"": ""distance""}",230,2074,0.04,Dune,random,2,Prop0.1,3,True
KRR,0.1120617260247218,"{""regressor__kernel"": ""rbf"", ""regressor__gamma"": 0.2, ""regressor__alpha"": 0.1}",230,2074,0.03,Dune,random,2,Prop0.1,3,True
MR,0.1062706104979927,"{""lasso__regressor__alpha"": 0.01}",230,2074,0.03,Dune,random,2,Prop0.1,3,True
RF,0.0922577729182087,"{""max_features"": 1.0, ""min_samples_leaf"": 1, ""n_estimators"": 20}",230,2074,0.06,Dune,random,2,Prop0.1,3,True
SVR,0.0970580028220699,"{""regressor__tol"": 0.05, ""regressor__shrinking"": true, ""regressor__epsilon"": 0.1, ""regressor__coef0"": 1.0, ""regressor__C"": 5.0}",230,2074,0.05,Dune,random,2,Prop0.1,3,True
CART,0.093856276811724,"{""max_features"": 1.0, ""min_samples_leaf"": 1, ""splitter"": ""best""}",230,2074,0.0,Dune,random,2,Prop0.1,4,True
kNN,0.1400552842032144,"{""n_neighbors"": 8, ""p"": 1, ""weights"": ""distance""}",230,2074,0.04,Dune,random,2,Prop0.1,4,True
KRR,0.1169802077578103,"{""regressor__kernel"": ""rbf"", ""regressor__gamma"": 0.2, ""regressor__alpha"": 0.1}",230,2074,0.03,Dune,random,2,Prop0.1,4,True
MR,0.1226565917215934,"{""lasso__regressor__alpha"": 0.01}",230,2074,0.03,Dune,random,2,Prop0.1,4,True
RF,0.0875729133314926,"{""max_features"": 1.0, ""min_samples_leaf"": 1, ""n_estimators"": 20}",230,2074,0.06,Dune,random,2,Prop0.1,4,True
SVR,0.1031893108199173,"{""regressor__tol"": 0.05, ""regressor__shrinking"": true, ""regressor__epsilon"": 0.1, ""regressor__coef0"": 1.0, ""regressor__C"": 5.0}",230,2074,0.04,Dune,random,2,Prop0.1,4,True
CART,0.0988879916755143,"{""max_features"": 1.0, ""min_samples_leaf"": 1, ""splitter"": ""best""}",230,2074,0.0,Dune,random,2,Prop0.1,5,True
kNN,0.1280705173527714,"{""n_neighbors"": 8, ""p"": 1, ""weights"": ""distance""}",230,2074,0.03,Dune,random,2,Prop0.1,5,True
KRR,0.1145063250963637,"{""regressor__kernel"": ""rbf"", ""regressor__gamma"": 0.2, ""regressor__alpha"": 0.1}",230,2074,0.02,Dune,random,2,Prop0.1,5,True
MR,0.1118904111735571,"{""lasso__regressor__alpha"": 0.01}",230,2074,0.03,Dune,random,2,Prop0.1,5,True
RF,0.0951182691199687,"{""max_features"": 1.0, ""min_samples_leaf"": 1, ""n_estimators"": 20}",230,2074,0.06,Dune,random,2,Prop0.1,5,True
SVR,0.0966912702036405,"{""regressor__tol"": 0.05, ""regressor__shrinking"": true, ""regressor__epsilon"": 0.1, ""regressor__coef0"": 1.0, ""regressor__C"": 5.0}",230,2074,0.05,Dune,random,2,Prop0.1,5,True
CART,0.1018227002122295,"{""max_features"": 1.0, ""min_samples_leaf"": 1, ""splitter"": ""best""}",230,2074,0.0,Dune,random,2,Prop0.1,6,True
kNN,0.1243594948216838,"{""n_neighbors"": 8, ""p"": 1, ""weights"": ""distance""}",230,2074,0.03,Dune,random,2,Prop0.1,6,True
KRR,0.1262671040323817,"{""regressor__kernel"": ""rbf"", ""regressor__gamma"": 0.2, ""regressor__alpha"": 0.1}",230,2074,0.02,Dune,random,2,Prop0.1,6,True
MR,0.1083816593256184,"{""lasso__regressor__alpha"": 0.01}",230,2074,0.03,Dune,random,2,Prop0.1,6,True
RF,0.095272928330268,"{""max_features"": 1.0, ""min_samples_leaf"": 1, ""n_estimators"": 20}",230,2074,0.06,Dune,random,2,Prop0.1,6,True
SVR,0.0986218767914468,"{""regressor__tol"": 0.05, ""regressor__shrinking"": true, ""regressor__epsilon"": 0.1, ""regressor__coef0"": 1.0, ""regressor__C"": 5.0}",230,2074,0.04,Dune,random,2,Prop0.1,6,True
CART,0.1052201976602741,"{""max_features"": 1.0, ""min_samples_leaf"": 1, ""splitter"": ""best""}",230,2074,0.0,Dune,random,2,Prop0.1,7,True
kNN,0.1290684068661313,"{""n_neighbors"": 8, ""p"": 1, ""weights"": ""distance""}",230,2074,0.04,Dune,random,2,Prop0.1,7,True
KRR,0.1095083825017532,"{""regressor__kernel"": ""rbf"", ""regressor__gamma"": 0.2, ""regressor__alpha"": 0.1}",230,2074,0.02,Dune,random,2,Prop0.1,7,True
MR,0.1089582322783767,"{""lasso__regressor__alpha"": 0.01}",230,2074,0.03,Dune,random,2,Prop0.1,7,True
RF,0.0876512363162329,"{""max_features"": 1.0, ""min_samples_leaf"": 1, ""n_estimators"": 20}",230,2074,0.06,Dune,random,2,Prop0.1,7,True
SVR,0.1005242224930213,"{""regressor__tol"": 0.05, ""regressor__shrinking"": true, ""regressor__epsilon"": 0.1, ""regressor__coef0"": 1.0, ""regressor__C"": 5.0}",230,2074,0.04,Dune,random,2,Prop0.1,7,True
CART,0.1048565011129541,"{""max_features"": 1.0, ""min_samples_leaf"": 1, ""splitter"": ""best""}",230,2074,0.0,Dune,random,2,Prop0.1,8,True
kNN,0.1351873639473683,"{""n_neighbors"": 8, ""p"": 1, ""weights"": ""distance""}",230,2074,0.03,Dune,random,2,Prop0.1,8,True
KRR,0.1195011298271682,"{""regressor__kernel"": ""rbf"", ""regressor__gamma"": 0.2, ""regressor__alpha"": 0.1}",230,2074,0.02,Dune,random,2,Prop0.1,8,True
MR,0.1134677525295366,"{""lasso__regressor__alpha"": 0.01}",230,2074,0.03,Dune,random,2,Prop0.1,8,True
RF,0.095341522931289,"{""max_features"": 1.0, ""min_samples_leaf"": 1, ""n_estimators"": 20}",230,2074,0.06,Dune,random,2,Prop0.1,8,True
SVR,0.1034736553026702,"{""regressor__tol"": 0.05, ""regressor__shrinking"": true, ""regressor__epsilon"": 0.1, ""regressor__coef0"": 1.0, ""regressor__C"": 5.0}",230,2074,0.05,Dune,random,2,Prop0.1,8,True
CART,0.1144451103652806,"{""max_features"": 1.0, ""min_samples_leaf"": 1, ""splitter"": ""best""}",230,2074,0.0,Dune,random,2,Prop0.1,9,True
kNN,0.1344175739620247,"{""n_neighbors"": 8, ""p"": 1, ""weights"": ""distance""}",230,2074,0.03,Dune,random,2,Prop0.1,9,True
KRR,0.1425920844752015,"{""regressor__kernel"": ""rbf"", ""regressor__gamma"": 0.2, ""regressor__alpha"": 0.1}",230,2074,0.02,Dune,random,2,Prop0.1,9,True
MR,0.1224683133713197,"{""lasso__regressor__alpha"": 0.01}",230,2074,0.03,Dune,random,2,Prop0.1,9,True
RF,0.1136413658138931,"{""max_features"": 1.0, ""min_samples_leaf"": 1, ""n_estimators"": 20}",230,2074,0.06,Dune,random,2,Prop0.1,9,True
SVR,0.1099821726138971,"{""regressor__tol"": 0.05, ""regressor__shrinking"": true, ""regressor__epsilon"": 0.1, ""regressor__coef0"": 1.0, ""regressor__C"": 5.0}",230,2074,0.04,Dune,random,2,Prop0.1,9,True
CART,0.0894060283275343,"{""max_features"": 1.0, ""min_samples_leaf"": 1, ""splitter"": ""best""}",230,2074,0.0,Dune,random,2,Prop0.1,10,True
kNN,0.1300381500387458,"{""n_neighbors"": 8, ""p"": 1, ""weights"": ""distance""}",230,2074,0.03,Dune,random,2,Prop0.1,10,True
KRR,0.1065349278873895,"{""regressor__kernel"": ""rbf"", ""regressor__gamma"": 0.2, ""regressor__alpha"": 0.1}",230,2074,0.02,Dune,random,2,Prop0.1,10,True
MR,0.1042667582170639,"{""lasso__regressor__alpha"": 0.01}",230,2074,0.03,Dune,random,2,Prop0.1,10,True
RF,0.0868960668639294,"{""max_features"": 1.0, ""min_samples_leaf"": 1, ""n_estimators"": 20}",230,2074,0.06,Dune,random,2,Prop0.1,10,True
SVR,0.0975981953730918,"{""regressor__tol"": 0.05, ""regressor__shrinking"": true, ""regressor__epsilon"": 0.1, ""regressor__coef0"": 1.0, ""regressor__C"": 5.0}",230,2074,0.05,Dune,random,2,Prop0.1,10,True
CART,0.1120681693993001,"{""max_features"": 1.0, ""min_samples_leaf"": 1, ""splitter"": ""best""}",230,2074,0.0,Dune,random,2,Prop0.1,11,True
kNN,0.1328470705328547,"{""n_neighbors"": 8, ""p"": 1, ""weights"": ""distance""}",230,2074,0.03,Dune,random,2,Prop0.1,11,True
KRR,0.1053235523534956,"{""regressor__kernel"": ""rbf"", ""regressor__gamma"": 0.2, ""regressor__alpha"": 0.1}",230,2074,0.02,Dune,random,2,Prop0.1,11,True
MR,0.0932994843844624,"{""lasso__regressor__alpha"": 0.01}",230,2074,0.03,Dune,random,2,Prop0.1,11,True
RF,0.0921973898262924,"{""max_features"": 1.0, ""min_samples_leaf"": 1, ""n_estimators"": 20}",230,2074,0.06,Dune,random,2,Prop0.1,11,True
SVR,0.1028560964026156,"{""regressor__tol"": 0.05, ""regressor__shrinking"": true, ""regressor__epsilon"": 0.1, ""regressor__coef0"": 1.0, ""regressor__C"": 5.0}",230,2074,0.05,Dune,random,2,Prop0.1,11,True
CART,0.1431858623578441,"{""max_features"": 1.0, ""min_samples_leaf"": 1, ""splitter"": ""best""}",230,2074,0.0,Dune,random,2,Prop0.1,12,True
kNN,0.1427622278976975,"{""n_neighbors"": 8, ""p"": 1, ""weights"": ""distance""}",230,2074,0.03,Dune,random,2,Prop0.1,12,True
KRR,0.1227881341080115,"{""regressor__kernel"": ""rbf"", ""regressor__gamma"": 0.2, ""regressor__alpha"": 0.1}",230,2074,0.02,Dune,random,2,Prop0.1,12,True
MR,0.1225192482954481,"{""lasso__regressor__alpha"": 0.01}",230,2074,0.03,Dune,random,2,Prop0.1,12,True
RF,0.1153671873072198,"{""max_features"": 1.0, ""min_samples_leaf"": 1, ""n_estimators"": 20}",230,2074,0.06,Dune,random,2,Prop0.1,12,True
SVR,0.1044304614390975,"{""regressor__tol"": 0.05, ""regressor__shrinking"": true, ""regressor__epsilon"": 0.1, ""regressor__coef0"": 1.0, ""regressor__C"": 5.0}",230,2074,0.04,Dune,random,2,Prop0.1,12,True
CART,0.094183468853342,"{""max_features"": 1.0, ""min_samples_leaf"": 1, ""splitter"": ""best""}",230,2074,0.0,Dune,random,2,Prop0.1,13,True
kNN,0.1427001477401874,"{""n_neighbors"": 8, ""p"": 1, ""weights"": ""distance""}",230,2074,0.03,Dune,random,2,Prop0.1,13,True
KRR,0.1083932357171327,"{""regressor__kernel"": ""rbf"", ""regressor__gamma"": 0.2, ""regressor__alpha"": 0.1}",230,2074,0.02,Dune,random,2,Prop0.1,13,True
MR,0.1059731291707149,"{""lasso__regressor__alpha"": 0.01}",230,2074,0.02,Dune,random,2,Prop0.1,13,True
RF,0.0954758555236603,"{""max_features"": 1.0, ""min_samples_leaf"": 1, ""n_estimators"": 20}",230,2074,0.06,Dune,random,2,Prop0.1,13,True
SVR,0.097723233179303,"{""regressor__tol"": 0.05, ""regressor__shrinking"": true, ""regressor__epsilon"": 0.1, ""regressor__coef0"": 1.0, ""regressor__C"": 5.0}",230,2074,0.04,Dune,random,2,Prop0.1,13,True
CART,0.0843994294743961,"{""max_features"": 1.0, ""min_samples_leaf"": 1, ""splitter"": ""best""}",230,2074,0.0,Dune,random,2,Prop0.1,14,True
kNN,0.1319612016574542,"{""n_neighbors"": 8, ""p"": 1, ""weights"": ""distance""}",230,2074,0.03,Dune,random,2,Prop0.1,14,True
KRR,0.1054372582146774,"{""regressor__kernel"": ""rbf"", ""regressor__gamma"": 0.2, ""regressor__alpha"": 0.1}",230,2074,0.02,Dune,random,2,Prop0.1,14,True
MR,0.0979824625335414,"{""lasso__regressor__alpha"": 0.01}",230,2074,0.03,Dune,random,2,Prop0.1,14,True
RF,0.0809072826329789,"{""max_features"": 1.0, ""min_samples_leaf"": 1, ""n_estimators"": 20}",230,2074,0.06,Dune,random,2,Prop0.1,14,True
SVR,0.0921034435976586,"{""regressor__tol"": 0.05, ""regressor__shrinking"": true, ""regressor__epsilon"": 0.1, ""regressor__coef0"": 1.0, ""regressor__C"": 5.0}",230,2074,0.05,Dune,random,2,Prop0.1,14,True
CART,0.1021300028580632,"{""max_features"": 1.0, ""min_samples_leaf"": 1, ""splitter"": ""best""}",230,2074,0.0,Dune,random,2,Prop0.1,15,True
kNN,0.1354793452237632,"{""n_neighbors"": 8, ""p"": 1, ""weights"": ""distance""}",230,2074,0.03,Dune,random,2,Prop0.1,15,True
KRR,0.1165192752331913,"{""regressor__kernel"": ""rbf"", ""regressor__gamma"": 0.2, ""regressor__alpha"": 0.1}",230,2074,0.02,Dune,random,2,Prop0.1,15,True
MR,0.1066691425419854,"{""lasso__regressor__alpha"": 0.01}",230,2074,0.03,Dune,random,2,Prop0.1,15,True
RF,0.091138772152029,"{""max_features"": 1.0, ""min_samples_leaf"": 1, ""n_estimators"": 20}",230,2074,0.06,Dune,random,2,Prop0.1,15,True
SVR,0.1002710805978285,"{""regressor__tol"": 0.05, ""regressor__shrinking"": true, ""regressor__epsilon"": 0.1, ""regressor__coef0"": 1.0, ""regressor__C"": 5.0}",230,2074,0.04,Dune,random,2,Prop0.1,15,True
CART,0.1021777518176927,"{""max_features"": 1.0, ""min_samples_leaf"": 1, ""splitter"": ""best""}",230,2074,0.0,Dune,random,2,Prop0.1,16,True
kNN,0.1314884890019086,"{""n_neighbors"": 8, ""p"": 1, ""weights"": ""distance""}",230,2074,0.03,Dune,random,2,Prop0.1,16,True
KRR,0.103109182051287,"{""regressor__kernel"": ""rbf"", ""regressor__gamma"": 0.2, ""regressor__alpha"": 0.1}",230,2074,0.02,Dune,random,2,Prop0.1,16,True
MR,0.102900398602446,"{""lasso__regressor__alpha"": 0.01}",230,2074,0.03,Dune,random,2,Prop0.1,16,True
RF,0.0895378686750365,"{""max_features"": 1.0, ""min_samples_leaf"": 1, ""n_estimators"": 20}",230,2074,0.06,Dune,random,2,Prop0.1,16,True
SVR,0.0974108565794175,"{""regressor__tol"": 0.05, ""regressor__shrinking"": true, ""regressor__epsilon"": 0.1, ""regressor__coef0"": 1.0, ""regressor__C"": 5.0}",230,2074,0.05,Dune,random,2,Prop0.1,16,True
CART,0.0890486855002478,"{""max_features"": 1.0, ""min_samples_leaf"": 1, ""splitter"": ""best""}",230,2074,0.0,Dune,random,2,Prop0.1,17,True
kNN,0.1384208635707551,"{""n_neighbors"": 8, ""p"": 1, ""weights"": ""distance""}",230,2074,0.03,Dune,random,2,Prop0.1,17,True
KRR,0.1149300632527369,"{""regressor__kernel"": ""rbf"", ""regressor__gamma"": 0.2, ""regressor__alpha"": 0.1}",230,2074,0.02,Dune,random,2,Prop0.1,17,True
MR,0.1075499024928764,"{""lasso__regressor__alpha"": 0.01}",230,2074,0.03,Dune,random,2,Prop0.1,17,True
RF,0.0879867223254058,"{""max_features"": 1.0, ""min_samples_leaf"": 1, ""n_estimators"": 20}",230,2074,0.06,Dune,random,2,Prop0.1,17,True
SVR,0.1004887295468121,"{""regressor__tol"": 0.05, ""regressor__shrinking"": true, ""regressor__epsilon"": 0.1, ""regressor__coef0"": 1.0, ""regressor__C"": 5.0}",230,2074,0.04,Dune,random,2,Prop0.1,17,True
CART,0.0942457425512652,"{""max_features"": 1.0, ""min_samples_leaf"": 1, ""splitter"": ""best""}",230,2074,0.0,Dune,random,2,Prop0.1,18,True
kNN,0.1296130791507448,"{""n_neighbors"": 8, ""p"": 1, ""weights"": ""distance""}",230,2074,0.03,Dune,random,2,Prop0.1,18,True
KRR,0.1010816627696729,"{""regressor__kernel"": ""rbf"", ""regressor__gamma"": 0.2, ""regressor__alpha"": 0.1}",230,2074,0.02,Dune,random,2,Prop0.1,18,True
MR,0.1012511016217318,"{""lasso__regressor__alpha"": 0.01}",230,2074,0.02,Dune,random,2,Prop0.1,18,True
RF,0.0959985324303707,"{""max_features"": 1.0, ""min_samples_leaf"": 1, ""n_estimators"": 20}",230,2074,0.06,Dune,random,2,Prop0.1,18,True
SVR,0.0960126471825459,"{""regressor__tol"": 0.05, ""regressor__shrinking"": true, ""regressor__epsilon"": 0.1, ""regressor__coef0"": 1.0, ""regressor__C"": 5.0}",230,2074,0.05,Dune,random,2,Prop0.1,18,True
CART,0.1107324153652121,"{""max_features"": 1.0, ""min_samples_leaf"": 1, ""splitter"": ""best""}",230,2074,0.0,Dune,random,2,Prop0.1,19,True
kNN,0.1324757736724323,"{""n_neighbors"": 8, ""p"": 1, ""weights"": ""distance""}",230,2074,0.03,Dune,random,2,Prop0.1,19,True
KRR,0.1016620534619478,"{""regressor__kernel"": ""rbf"", ""regressor__gamma"": 0.2, ""regressor__alpha"": 0.1}",230,2074,0.02,Dune,random,2,Prop0.1,19,True
MR,0.0926325624436189,"{""lasso__regressor__alpha"": 0.01}",230,2074,0.03,Dune,random,2,Prop0.1,19,True
RF,0.0916184640324351,"{""max_features"": 1.0, ""min_samples_leaf"": 1, ""n_estimators"": 20}",230,2074,0.06,Dune,random,2,Prop0.1,19,True
SVR,0.0979851050193978,"{""regressor__tol"": 0.05, ""regressor__shrinking"": true, ""regressor__epsilon"": 0.1, ""regressor__coef0"": 1.0, ""regressor__C"": 5.0}",230,2074,0.05,Dune,random,2,Prop0.1,19,True
CART,0.0989290402095183,"{""max_features"": 1.0, ""min_samples_leaf"": 1, ""splitter"": ""best""}",230,2074,0.0,Dune,random,2,Prop0.1,20,True
kNN,0.1350264979053633,"{""n_neighbors"": 8, ""p"": 1, ""weights"": ""distance""}",230,2074,0.03,Dune,random,2,Prop0.1,20,True
KRR,0.1189917776548934,"{""regressor__kernel"": ""rbf"", ""regressor__gamma"": 0.2, ""regressor__alpha"": 0.1}",230,2074,0.02,Dune,random,2,Prop0.1,20,True
MR,0.1277122280375879,"{""lasso__regressor__alpha"": 0.01}",230,2074,0.03,Dune,random,2,Prop0.1,20,True
RF,0.101878779587511,"{""max_features"": 1.0, ""min_samples_leaf"": 1, ""n_estimators"": 20}",230,2074,0.06,Dune,random,2,Prop0.1,20,True
SVR,0.0983939441591989,"{""regressor__tol"": 0.05, ""regressor__shrinking"": true, ""regressor__epsilon"": 0.1, ""regressor__coef0"": 1.0, ""regressor__C"": 5.0}",230,2074,0.05,Dune,random,2,Prop0.1,20,True
CART,0.0997079636166492,"{""max_features"": 1.0, ""min_samples_leaf"": 1, ""splitter"": ""best""}",230,2074,0.0,Dune,random,2,Prop0.1,21,True
kNN,0.142215880290701,"{""n_neighbors"": 8, ""p"": 1, ""weights"": ""distance""}",230,2074,0.03,Dune,random,2,Prop0.1,21,True
KRR,0.1278097118014841,"{""regressor__kernel"": ""rbf"", ""regressor__gamma"": 0.2, ""regressor__alpha"": 0.1}",230,2074,0.02,Dune,random,2,Prop0.1,21,True
MR,0.1224965261067362,"{""lasso__regressor__alpha"": 0.01}",230,2074,0.02,Dune,random,2,Prop0.1,21,True
RF,0.0969966122888571,"{""max_features"": 1.0, ""min_samples_leaf"": 1, ""n_estimators"": 20}",230,2074,0.06,Dune,random,2,Prop0.1,21,True
SVR,0.1045686032351044,"{""regressor__tol"": 0.05, ""regressor__shrinking"": true, ""regressor__epsilon"": 0.1, ""regressor__coef0"": 1.0, ""regressor__C"": 5.0}",230,2074,0.04,Dune,random,2,Prop0.1,21,True
CART,0.10023951201668,"{""max_features"": 1.0, ""min_samples_leaf"": 1, ""splitter"": ""best""}",230,2074,0.0,Dune,random,2,Prop0.1,22,True
kNN,0.1288476853584504,"{""n_neighbors"": 8, ""p"": 1, ""weights"": ""distance""}",230,2074,0.03,Dune,random,2,Prop0.1,22,True
KRR,0.1063302610116413,"{""regressor__kernel"": ""rbf"", ""regressor__gamma"": 0.2, ""regressor__alpha"": 0.1}",230,2074,0.02,Dune,random,2,Prop0.1,22,True
MR,0.1066442388667578,"{""lasso__regressor__alpha"": 0.01}",230,2074,0.02,Dune,random,2,Prop0.1,22,True
RF,0.0848971771791635,"{""max_features"": 1.0, ""min_samples_leaf"": 1, ""n_estimators"": 20}",230,2074,0.06,Dune,random,2,Prop0.1,22,True
SVR,0.0915727020013351,"{""regressor__tol"": 0.05, ""regressor__shrinking"": true, ""regressor__epsilon"": 0.1, ""regressor__coef0"": 1.0, ""regressor__C"": 5.0}",230,2074,0.05,Dune,random,2,Prop0.1,22,True
CART,0.1035076394371663,"{""max_features"": 1.0, ""min_samples_leaf"": 1, ""splitter"": ""best""}",230,2074,0.0,Dune,random,2,Prop0.1,23,True
kNN,0.1349276600900833,"{""n_neighbors"": 8, ""p"": 1, ""weights"": ""distance""}",230,2074,0.03,Dune,random,2,Prop0.1,23,True
KRR,0.1127489064362221,"{""regressor__kernel"": ""rbf"", ""regressor__gamma"": 0.2, ""regressor__alpha"": 0.1}",230,2074,0.02,Dune,random,2,Prop0.1,23,True
MR,0.1067387200599729,"{""lasso__regressor__alpha"": 0.01}",230,2074,0.02,Dune,random,2,Prop0.1,23,True
RF,0.0860394722952589,"{""max_features"": 1.0, ""min_samples_leaf"": 1, ""n_estimators"": 20}",230,2074,0.06,Dune,random,2,Prop0.1,23,True
SVR,0.102417667123657,"{""regressor__tol"": 0.05, ""regressor__shrinking"": true, ""regressor__epsilon"": 0.1, ""regressor__coef0"": 1.0, ""regressor__C"": 5.0}",230,2074,0.04,Dune,random,2,Prop0.1,23,True
CART,0.0923852886536603,"{""max_features"": 1.0, ""min_samples_leaf"": 1, ""splitter"": ""best""}",230,2074,0.0,Dune,random,2,Prop0.1,24,True
kNN,0.1369392353266368,"{""n_neighbors"": 8, ""p"": 1, ""weights"": ""distance""}",230,2074,0.03,Dune,random,2,Prop0.1,24,True
KRR,0.1104228181899818,"{""regressor__kernel"": ""rbf"", ""regressor__gamma"": 0.2, ""regressor__alpha"": 0.1}",230,2074,0.02,Dune,random,2,Prop0.1,24,True
MR,0.1052879070521354,"{""lasso__regressor__alpha"": 0.01}",230,2074,0.02,Dune,random,2,Prop0.1,24,True
RF,0.0938481927793421,"{""max_features"": 1.0, ""min_samples_leaf"": 1, ""n_estimators"": 20}",230,2074,0.06,Dune,random,2,Prop0.1,24,True
SVR,0.1004704420567077,"{""regressor__tol"": 0.05, ""regressor__shrinking"": true, ""regressor__epsilon"": 0.1, ""regressor__coef0"": 1.0, ""regressor__C"": 5.0}",230,2074,0.05,Dune,random,2,Prop0.1,24,True
CART,0.0996559445898856,"{""max_features"": 1.0, ""min_samples_leaf"": 1, ""splitter"": ""best""}",230,2074,0.0,Dune,random,2,Prop0.1,25,True
kNN,0.1393764963204986,"{""n_neighbors"": 8, ""p"": 1, ""weights"": ""distance""}",230,2074,0.03,Dune,random,2,Prop0.1,25,True
KRR,0.0970326208422458,"{""regressor__kernel"": ""rbf"", ""regressor__gamma"": 0.2, ""regressor__alpha"": 0.1}",230,2074,0.02,Dune,random,2,Prop0.1,25,True
MR,0.0942892357741847,"{""lasso__regressor__alpha"": 0.01}",230,2074,0.02,Dune,random,2,Prop0.1,25,True
RF,0.0846053607394177,"{""max_features"": 1.0, ""min_samples_leaf"": 1, ""n_estimators"": 20}",230,2074,0.06,Dune,random,2,Prop0.1,25,True
SVR,0.0954082375475009,"{""regressor__tol"": 0.05, ""regressor__shrinking"": true, ""regressor__epsilon"": 0.1, ""regressor__coef0"": 1.0, ""regressor__C"": 5.0}",230,2074,0.05,Dune,random,2,Prop0.1,25,True
CART,0.0943731124296749,"{""max_features"": 1.0, ""min_samples_leaf"": 1, ""splitter"": ""best""}",230,2074,0.0,Dune,random,2,Prop0.1,26,True
kNN,0.1275584907443419,"{""n_neighbors"": 8, ""p"": 1, ""weights"": ""distance""}",230,2074,0.03,Dune,random,2,Prop0.1,26,True
KRR,0.1020002855394351,"{""regressor__kernel"": ""rbf"", ""regressor__gamma"": 0.2, ""regressor__alpha"": 0.1}",230,2074,0.02,Dune,random,2,Prop0.1,26,True
MR,0.1014856373722205,"{""lasso__regressor__alpha"": 0.01}",230,2074,0.02,Dune,random,2,Prop0.1,26,True
RF,0.08784336791025,"{""max_features"": 1.0, ""min_samples_leaf"": 1, ""n_estimators"": 20}",230,2074,0.06,Dune,random,2,Prop0.1,26,True
SVR,0.093229476131023,"{""regressor__tol"": 0.05, ""regressor__shrinking"": true, ""regressor__epsilon"": 0.1, ""regressor__coef0"": 1.0, ""regressor__C"": 5.0}",230,2074,0.05,Dune,random,2,Prop0.1,26,True
CART,0.0971664022748906,"{""max_features"": 1.0, ""min_samples_leaf"": 1, ""splitter"": ""best""}",230,2074,0.0,Dune,random,2,Prop0.1,27,True
kNN,0.13336641163786,"{""n_neighbors"": 8, ""p"": 1, ""weights"": ""distance""}",230,2074,0.03,Dune,random,2,Prop0.1,27,True
KRR,0.0991107828213871,"{""regressor__kernel"": ""rbf"", ""regressor__gamma"": 0.2, ""regressor__alpha"": 0.1}",230,2074,0.02,Dune,random,2,Prop0.1,27,True
MR,0.0943787749502199,"{""lasso__regressor__alpha"": 0.01}",230,2074,0.02,Dune,random,2,Prop0.1,27,True
RF,0.0844102833336446,"{""max_features"": 1.0, ""min_samples_leaf"": 1, ""n_estimators"": 20}",230,2074,0.06,Dune,random,2,Prop0.1,27,True
SVR,0.0930157899548294,"{""regressor__tol"": 0.05, ""regressor__shrinking"": true, ""regressor__epsilon"": 0.1, ""regressor__coef0"": 1.0, ""regressor__C"": 5.0}",230,2074,0.05,Dune,random,2,Prop0.1,27,True
CART,0.0952480299192952,"{""max_features"": 1.0, ""min_samples_leaf"": 1, ""splitter"": ""best""}",230,2074,0.0,Dune,random,2,Prop0.1,28,True
kNN,0.1362969376776019,"{""n_neighbors"": 8, ""p"": 1, ""weights"": ""distance""}",230,2074,0.03,Dune,random,2,Prop0.1,28,True
KRR,0.1161775886842023,"{""regressor__kernel"": ""rbf"", ""regressor__gamma"": 0.2, ""regressor__alpha"": 0.1}",230,2074,0.02,Dune,random,2,Prop0.1,28,True
MR,0.1081792046554045,"{""lasso__regressor__alpha"": 0.01}",230,2074,0.02,Dune,random,2,Prop0.1,28,True
RF,0.0925027140127692,"{""max_features"": 1.0, ""min_samples_leaf"": 1, ""n_estimators"": 20}",230,2074,0.06,Dune,random,2,Prop0.1,28,True
SVR,0.1004705127330914,"{""regressor__tol"": 0.05, ""regressor__shrinking"": true, ""regressor__epsilon"": 0.1, ""regressor__coef0"": 1.0, ""regressor__C"": 5.0}",230,2074,0.04,Dune,random,2,Prop0.1,28,True
CART,0.1047933419626622,"{""max_features"": 1.0, ""min_samples_leaf"": 1, ""splitter"": ""best""}",230,2074,0.0,Dune,random,2,Prop0.1,29,True
kNN,0.1311708725224039,"{""n_neighbors"": 8, ""p"": 1, ""weights"": ""distance""}",230,2074,0.03,Dune,random,2,Prop0.1,29,True
KRR,0.1037645893934224,"{""regressor__kernel"": ""rbf"", ""regressor__gamma"": 0.2, ""regressor__alpha"": 0.1}",230,2074,0.02,Dune,random,2,Prop0.1,29,True
MR,0.0985573032306018,"{""lasso__regressor__alpha"": 0.01}",230,2074,0.02,Dune,random,2,Prop0.1,29,True
RF,0.0959336426267851,"{""max_features"": 1.0, ""min_samples_leaf"": 1, ""n_estimators"": 20}",230,2074,0.06,Dune,random,2,Prop0.1,29,True
SVR,0.1038529585618942,"{""regressor__tol"": 0.05, ""regressor__shrinking"": true, ""regressor__epsilon"": 0.1, ""regressor__coef0"": 1.0, ""regressor__C"": 5.0}",230,2074,0.05,Dune,random,2,Prop0.1,29,True
CART,0.1164234677030609,"{""max_features"": 1.0, ""min_samples_leaf"": 1, ""splitter"": ""best""}",230,2074,0.0,Dune,random,2,Prop0.1,30,True
kNN,0.133249335816067,"{""n_neighbors"": 8, ""p"": 1, ""weights"": ""distance""}",230,2074,0.03,Dune,random,2,Prop0.1,30,True
KRR,0.1069237430525977,"{""regressor__kernel"": ""rbf"", ""regressor__gamma"": 0.2, ""regressor__alpha"": 0.1}",230,2074,0.02,Dune,random,2,Prop0.1,30,True
MR,0.104101891476281,"{""lasso__regressor__alpha"": 0.01}",230,2074,0.03,Dune,random,2,Prop0.1,30,True
RF,0.0973612936350053,"{""max_features"": 1.0, ""min_samples_leaf"": 1, ""n_estimators"": 20}",230,2074,0.06,Dune,random,2,Prop0.1,30,True
SVR,0.1012551317684119,"{""regressor__tol"": 0.05, ""regressor__shrinking"": true, ""regressor__epsilon"": 0.1, ""regressor__coef0"": 1.0, ""regressor__C"": 5.0}",230,2074,0.05,Dune,random,2,Prop0.1,30,True
CART,0.1070989677931147,"{""max_features"": 1.0, ""min_samples_leaf"": 1, ""splitter"": ""best""}",230,2074,0.0,Dune,random,2,Prop0.1,31,True
kNN,0.1304683635942723,"{""n_neighbors"": 8, ""p"": 1, ""weights"": ""distance""}",230,2074,0.04,Dune,random,2,Prop0.1,31,True
KRR,0.098874280596054,"{""regressor__kernel"": ""rbf"", ""regressor__gamma"": 0.2, ""regressor__alpha"": 0.1}",230,2074,0.02,Dune,random,2,Prop0.1,31,True
MR,0.0989187342413247,"{""lasso__regressor__alpha"": 0.01}",230,2074,0.03,Dune,random,2,Prop0.1,31,True
RF,0.1025254026361348,"{""max_features"": 1.0, ""min_samples_leaf"": 1, ""n_estimators"": 20}",230,2074,0.06,Dune,random,2,Prop0.1,31,True
SVR,0.0916053936712637,"{""regressor__tol"": 0.05, ""regressor__shrinking"": true, ""regressor__epsilon"": 0.1, ""regressor__coef0"": 1.0, ""regressor__C"": 5.0}",230,2074,0.05,Dune,random,2,Prop0.1,31,True
CART,0.0934350453637938,"{""max_features"": 1.0, ""min_samples_leaf"": 1, ""splitter"": ""best""}",230,2074,0.0,Dune,random,2,Prop0.1,32,True
kNN,0.1305014109475558,"{""n_neighbors"": 8, ""p"": 1, ""weights"": ""distance""}",230,2074,0.03,Dune,random,2,Prop0.1,32,True
KRR,0.1086617403607038,"{""regressor__kernel"": ""rbf"", ""regressor__gamma"": 0.2, ""regressor__alpha"": 0.1}",230,2074,0.02,Dune,random,2,Prop0.1,32,True
MR,0.1045417793421734,"{""lasso__regressor__alpha"": 0.01}",230,2074,0.02,Dune,random,2,Prop0.1,32,True
RF,0.0881971193543267,"{""max_features"": 1.0, ""min_samples_leaf"": 1, ""n_estimators"": 20}",230,2074,0.06,Dune,random,2,Prop0.1,32,True
SVR,0.0963675068977403,"{""regressor__tol"": 0.05, ""regressor__shrinking"": true, ""regressor__epsilon"": 0.1, ""regressor__coef0"": 1.0, ""regressor__C"": 5.0}",230,2074,0.04,Dune,random,2,Prop0.1,32,True
CART,0.0934932427118097,"{""max_features"": 1.0, ""min_samples_leaf"": 1, ""splitter"": ""best""}",230,2074,0.0,Dune,random,2,Prop0.1,33,True
kNN,0.1391572188748091,"{""n_neighbors"": 8, ""p"": 1, ""weights"": ""distance""}",230,2074,0.03,Dune,random,2,Prop0.1,33,True
KRR,0.1202586748710166,"{""regressor__kernel"": ""rbf"", ""regressor__gamma"": 0.2, ""regressor__alpha"": 0.1}",230,2074,0.02,Dune,random,2,Prop0.1,33,True
MR,0.1109623414587696,"{""lasso__regressor__alpha"": 0.01}",230,2074,0.02,Dune,random,2,Prop0.1,33,True
RF,0.1021380803633221,"{""max_features"": 1.0, ""min_samples_leaf"": 1, ""n_estimators"": 20}",230,2074,0.06,Dune,random,2,Prop0.1,33,True
SVR,0.1103080986899466,"{""regressor__tol"": 0.05, ""regressor__shrinking"": true, ""regressor__epsilon"": 0.1, ""regressor__coef0"": 1.0, ""regressor__C"": 5.0}",230,2074,0.04,Dune,random,2,Prop0.1,33,True
CART,0.0983367144696431,"{""max_features"": 1.0, ""min_samples_leaf"": 1, ""splitter"": ""best""}",230,2074,0.0,Dune,random,2,Prop0.1,34,True
kNN,0.1411455626333524,"{""n_neighbors"": 8, ""p"": 1, ""weights"": ""distance""}",230,2074,0.03,Dune,random,2,Prop0.1,34,True
KRR,0.1149820460717968,"{""regressor__kernel"": ""rbf"", ""regressor__gamma"": 0.2, ""regressor__alpha"": 0.1}",230,2074,0.02,Dune,random,2,Prop0.1,34,True
MR,0.1124049823590627,"{""lasso__regressor__alpha"": 0.01}",230,2074,0.03,Dune,random,2,Prop0.1,34,True
RF,0.0918086848009216,"{""max_features"": 1.0, ""min_samples_leaf"": 1, ""n_estimators"": 20}",230,2074,0.06,Dune,random,2,Prop0.1,34,True
SVR,0.0993104596437336,"{""regressor__tol"": 0.05, ""regressor__shrinking"": true, ""regressor__epsilon"": 0.1, ""regressor__coef0"": 1.0, ""regressor__C"": 5.0}",230,2074,0.05,Dune,random,2,Prop0.1,34,True
CART,0.1022826769333601,"{""max_features"": 1.0, ""min_samples_leaf"": 1, ""splitter"": ""best""}",230,2074,0.0,Dune,random,2,Prop0.1,35,True
kNN,0.1287589247287553,"{""n_neighbors"": 8, ""p"": 1, ""weights"": ""distance""}",230,2074,0.03,Dune,random,2,Prop0.1,35,True
KRR,0.1022371177648891,"{""regressor__kernel"": ""rbf"", ""regressor__gamma"": 0.2, ""regressor__alpha"": 0.1}",230,2074,0.02,Dune,random,2,Prop0.1,35,True
MR,0.0966933252943691,"{""lasso__regressor__alpha"": 0.01}",230,2074,0.03,Dune,random,2,Prop0.1,35,True
RF,0.0923216002333474,"{""max_features"": 1.0, ""min_samples_leaf"": 1, ""n_estimators"": 20}",230,2074,0.06,Dune,random,2,Prop0.1,35,True
SVR,0.0973938017469503,"{""regressor__tol"": 0.05, ""regressor__shrinking"": true, ""regressor__epsilon"": 0.1, ""regressor__coef0"": 1.0, ""regressor__C"": 5.0}",230,2074,0.04,Dune,random,2,Prop0.1,35,True
CART,0.098158638568159,"{""max_features"": 1.0, ""min_samples_leaf"": 1, ""splitter"": ""best""}",230,2074,0.0,Dune,random,2,Prop0.1,36,True
kNN,0.1398129274921736,"{""n_neighbors"": 8, ""p"": 1, ""weights"": ""distance""}",230,2074,0.03,Dune,random,2,Prop0.1,36,True
KRR,0.111108645742311,"{""regressor__kernel"": ""rbf"", ""regressor__gamma"": 0.2, ""regressor__alpha"": 0.1}",230,2074,0.02,Dune,random,2,Prop0.1,36,True
MR,0.1041538469629086,"{""lasso__regressor__alpha"": 0.01}",230,2074,0.03,Dune,random,2,Prop0.1,36,True
RF,0.0887735847316505,"{""max_features"": 1.0, ""min_samples_leaf"": 1, ""n_estimators"": 20}",230,2074,0.06,Dune,random,2,Prop0.1,36,True
SVR,0.1000247778829636,"{""regressor__tol"": 0.05, ""regressor__shrinking"": true, ""regressor__epsilon"": 0.1, ""regressor__coef0"": 1.0, ""regressor__C"": 5.0}",230,2074,0.05,Dune,random,2,Prop0.1,36,True
CART,0.1133089813119513,"{""max_features"": 1.0, ""min_samples_leaf"": 1, ""splitter"": ""best""}",230,2074,0.0,Dune,random,2,Prop0.1,37,True
kNN,0.1406261160111715,"{""n_neighbors"": 8, ""p"": 1, ""weights"": ""distance""}",230,2074,0.03,Dune,random,2,Prop0.1,37,True
KRR,0.120120629674145,"{""regressor__kernel"": ""rbf"", ""regressor__gamma"": 0.2, ""regressor__alpha"": 0.1}",230,2074,0.02,Dune,random,2,Prop0.1,37,True
MR,0.1146990817019659,"{""lasso__regressor__alpha"": 0.01}",230,2074,0.02,Dune,random,2,Prop0.1,37,True
RF,0.1030750924800543,"{""max_features"": 1.0, ""min_samples_leaf"": 1, ""n_estimators"": 20}",230,2074,0.06,Dune,random,2,Prop0.1,37,True
SVR,0.1073889516983161,"{""regressor__tol"": 0.05, ""regressor__shrinking"": true, ""regressor__epsilon"": 0.1, ""regressor__coef0"": 1.0, ""regressor__C"": 5.0}",230,2074,0.05,Dune,random,2,Prop0.1,37,True
CART,0.1022837910198697,"{""max_features"": 1.0, ""min_samples_leaf"": 1, ""splitter"": ""best""}",230,2074,0.0,Dune,random,2,Prop0.1,38,True
kNN,0.1434513015485801,"{""n_neighbors"": 8, ""p"": 1, ""weights"": ""distance""}",230,2074,0.04,Dune,random,2,Prop0.1,38,True
KRR,0.1058373818221753,"{""regressor__kernel"": ""rbf"", ""regressor__gamma"": 0.2, ""regressor__alpha"": 0.1}",230,2074,0.02,Dune,random,2,Prop0.1,38,True
MR,0.1036635526407481,"{""lasso__regressor__alpha"": 0.01}",230,2074,0.03,Dune,random,2,Prop0.1,38,True
RF,0.091151522868037,"{""max_features"": 1.0, ""min_samples_leaf"": 1, ""n_estimators"": 20}",230,2074,0.06,Dune,random,2,Prop0.1,38,True
SVR,0.1008288069325821,"{""regressor__tol"": 0.05, ""regressor__shrinking"": true, ""regressor__epsilon"": 0.1, ""regressor__coef0"": 1.0, ""regressor__C"": 5.0}",230,2074,0.04,Dune,random,2,Prop0.1,38,True
CART,0.0885388359706077,"{""max_features"": 1.0, ""min_samples_leaf"": 1, ""splitter"": ""best""}",230,2074,0.0,Dune,random,2,Prop0.1,39,True
kNN,0.1330478730817538,"{""n_neighbors"": 8, ""p"": 1, ""weights"": ""distance""}",230,2074,0.03,Dune,random,2,Prop0.1,39,True
KRR,0.1077300936987241,"{""regressor__kernel"": ""rbf"", ""regressor__gamma"": 0.2, ""regressor__alpha"": 0.1}",230,2074,0.02,Dune,random,2,Prop0.1,39,True
MR,0.0994200625645868,"{""lasso__regressor__alpha"": 0.01}",230,2074,0.02,Dune,random,2,Prop0.1,39,True
RF,0.0828998747884691,"{""max_features"": 1.0, ""min_samples_leaf"": 1, ""n_estimators"": 20}",230,2074,0.06,Dune,random,2,Prop0.1,39,True
SVR,0.0961559096310847,"{""regressor__tol"": 0.05, ""regressor__shrinking"": true, ""regressor__epsilon"": 0.1, ""regressor__coef0"": 1.0, ""regressor__C"": 5.0}",230,2074,0.04,Dune,random,2,Prop0.1,39,True
CART,0.1049897400236395,"{""max_features"": 1.0, ""min_samples_leaf"": 1, ""splitter"": ""best""}",230,2074,0.0,Dune,random,2,Prop0.1,40,True
kNN,0.1331617809723398,"{""n_neighbors"": 8, ""p"": 1, ""weights"": ""distance""}",230,2074,0.03,Dune,random,2,Prop0.1,40,True
KRR,0.0940682228644254,"{""regressor__kernel"": ""rbf"", ""regressor__gamma"": 0.2, ""regressor__alpha"": 0.1}",230,2074,0.02,Dune,random,2,Prop0.1,40,True
MR,0.0982896591081883,"{""lasso__regressor__alpha"": 0.01}",230,2074,0.02,Dune,random,2,Prop0.1,40,True
RF,0.0911925093380429,"{""max_features"": 1.0, ""min_samples_leaf"": 1, ""n_estimators"": 20}",230,2074,0.06,Dune,random,2,Prop0.1,40,True
SVR,0.0929727797533834,"{""regressor__tol"": 0.05, ""regressor__shrinking"": true, ""regressor__epsilon"": 0.1, ""regressor__coef0"": 1.0, ""regressor__C"": 5.0}",230,2074,0.06,Dune,random,2,Prop0.1,40,True
CART,0.1023596889557277,"{""max_features"": 1.0, ""min_samples_leaf"": 1, ""splitter"": ""best""}",230,2074,0.0,Dune,random,2,Prop0.1,41,True
kNN,0.135946734144836,"{""n_neighbors"": 8, ""p"": 1, ""weights"": ""distance""}",230,2074,0.03,Dune,random,2,Prop0.1,41,True
KRR,0.1156075331524989,"{""regressor__kernel"": ""rbf"", ""regressor__gamma"": 0.2, ""regressor__alpha"": 0.1}",230,2074,0.02,Dune,random,2,Prop0.1,41,True
MR,0.1223936843671217,"{""lasso__regressor__alpha"": 0.01}",230,2074,0.03,Dune,random,2,Prop0.1,41,True
RF,0.0934217934554277,"{""max_features"": 1.0, ""min_samples_leaf"": 1, ""n_estimators"": 20}",230,2074,0.06,Dune,random,2,Prop0.1,41,True
SVR,0.0933722308725258,"{""regressor__tol"": 0.05, ""regressor__shrinking"": true, ""regressor__epsilon"": 0.1, ""regressor__coef0"": 1.0, ""regressor__C"": 5.0}",230,2074,0.04,Dune,random,2,Prop0.1,41,True
CART,0.091763151074288,"{""max_features"": 1.0, ""min_samples_leaf"": 1, ""splitter"": ""best""}",230,2074,0.0,Dune,random,2,Prop0.1,42,True
kNN,0.1351360915111797,"{""n_neighbors"": 8, ""p"": 1, ""weights"": ""distance""}",230,2074,0.02,Dune,random,2,Prop0.1,42,True
KRR,0.1068119320794749,"{""regressor__kernel"": ""rbf"", ""regressor__gamma"": 0.2, ""regressor__alpha"": 0.1}",230,2074,0.01,Dune,random,2,Prop0.1,42,True
MR,0.1092548895665984,"{""lasso__regressor__alpha"": 0.01}",230,2074,0.02,Dune,random,2,Prop0.1,42,True
RF,0.0948247894029464,"{""max_features"": 1.0, ""min_samples_leaf"": 1, ""n_estimators"": 20}",230,2074,0.03,Dune,random,2,Prop0.1,42,True
SVR,0.0979220417362581,"{""regressor__tol"": 0.05, ""regressor__shrinking"": true, ""regressor__epsilon"": 0.1, ""regressor__coef0"": 1.0, ""regressor__C"": 5.0}",230,2074,0.04,Dune,random,2,Prop0.1,42,True
CART,0.1063774776261719,"{""max_features"": 1.0, ""min_samples_leaf"": 1, ""splitter"": ""best""}",230,2074,0.0,Dune,random,2,Prop0.1,43,True
kNN,0.132216104211911,"{""n_neighbors"": 8, ""p"": 1, ""weights"": ""distance""}",230,2074,0.02,Dune,random,2,Prop0.1,43,True
KRR,0.0986282159339575,"{""regressor__kernel"": ""rbf"", ""regressor__gamma"": 0.2, ""regressor__alpha"": 0.1}",230,2074,0.01,Dune,random,2,Prop0.1,43,True
MR,0.0941085909961414,"{""lasso__regressor__alpha"": 0.01}",230,2074,0.02,Dune,random,2,Prop0.1,43,True
RF,0.0900041412657465,"{""max_features"": 1.0, ""min_samples_leaf"": 1, ""n_estimators"": 20}",230,2074,0.06,Dune,random,2,Prop0.1,43,True
SVR,0.0922648737121437,"{""regressor__tol"": 0.05, ""regressor__shrinking"": true, ""regressor__epsilon"": 0.1, ""regressor__coef0"": 1.0, ""regressor__C"": 5.0}",230,2074,0.05,Dune,random,2,Prop0.1,43,True
CART,0.0978472137516149,"{""max_features"": 1.0, ""min_samples_leaf"": 1, ""splitter"": ""best""}",230,2074,0.0,Dune,random,2,Prop0.1,44,True
kNN,0.1307472188025558,"{""n_neighbors"": 8, ""p"": 1, ""weights"": ""distance""}",230,2074,0.03,Dune,random,2,Prop0.1,44,True
KRR,0.1191811106113296,"{""regressor__kernel"": ""rbf"", ""regressor__gamma"": 0.2, ""regressor__alpha"": 0.1}",230,2074,0.02,Dune,random,2,Prop0.1,44,True
MR,0.1105462782991113,"{""lasso__regressor__alpha"": 0.01}",230,2074,0.02,Dune,random,2,Prop0.1,44,True
RF,0.0863626886337161,"{""max_features"": 1.0, ""min_samples_leaf"": 1, ""n_estimators"": 20}",230,2074,0.06,Dune,random,2,Prop0.1,44,True
SVR,0.1064929991028918,"{""regressor__tol"": 0.05, ""regressor__shrinking"": true, ""regressor__epsilon"": 0.1, ""regressor__coef0"": 1.0, ""regressor__C"": 5.0}",230,2074,0.04,Dune,random,2,Prop0.1,44,True
CART,0.10805848409206,"{""max_features"": 1.0, ""min_samples_leaf"": 1, ""splitter"": ""best""}",230,2074,0.0,Dune,random,2,Prop0.1,45,True
kNN,0.1392837841680823,"{""n_neighbors"": 8, ""p"": 1, ""weights"": ""distance""}",230,2074,0.03,Dune,random,2,Prop0.1,45,True
KRR,0.1007989736766795,"{""regressor__kernel"": ""rbf"", ""regressor__gamma"": 0.2, ""regressor__alpha"": 0.1}",230,2074,0.02,Dune,random,2,Prop0.1,45,True
MR,0.0942939513440932,"{""lasso__regressor__alpha"": 0.01}",230,2074,0.02,Dune,random,2,Prop0.1,45,True
RF,0.0954678216340968,"{""max_features"": 1.0, ""min_samples_leaf"": 1, ""n_estimators"": 20}",230,2074,0.06,Dune,random,2,Prop0.1,45,True
SVR,0.0938091029907302,"{""regressor__tol"": 0.05, ""regressor__shrinking"": true, ""regressor__epsilon"": 0.1, ""regressor__coef0"": 1.0, ""regressor__C"": 5.0}",230,2074,0.04,Dune,random,2,Prop0.1,45,True
CART,0.119181125365032,"{""max_features"": 1.0, ""min_samples_leaf"": 1, ""splitter"": ""best""}",230,2074,0.0,Dune,random,2,Prop0.1,46,True
kNN,0.1276701999427662,"{""n_neighbors"": 8, ""p"": 1, ""weights"": ""distance""}",230,2074,0.03,Dune,random,2,Prop0.1,46,True
KRR,0.1098448999076813,"{""regressor__kernel"": ""rbf"", ""regressor__gamma"": 0.2, ""regressor__alpha"": 0.1}",230,2074,0.02,Dune,random,2,Prop0.1,46,True
MR,0.1010607366731873,"{""lasso__regressor__alpha"": 0.01}",230,2074,0.03,Dune,random,2,Prop0.1,46,True
RF,0.0948699378830898,"{""max_features"": 1.0, ""min_samples_leaf"": 1, ""n_estimators"": 20}",230,2074,0.06,Dune,random,2,Prop0.1,46,True
SVR,0.097230991183857,"{""regressor__tol"": 0.05, ""regressor__shrinking"": true, ""regressor__epsilon"": 0.1, ""regressor__coef0"": 1.0, ""regressor__C"": 5.0}",230,2074,0.05,Dune,random,2,Prop0.1,46,True
CART,0.0906989676125292,"{""max_features"": 1.0, ""min_samples_leaf"": 1, ""splitter"": ""best""}",230,2074,0.0,Dune,random,2,Prop0.1,47,True
kNN,0.13822309166767,"{""n_neighbors"": 8, ""p"": 1, ""weights"": ""distance""}",230,2074,0.03,Dune,random,2,Prop0.1,47,True
KRR,0.0999529127222017,"{""regressor__kernel"": ""rbf"", ""regressor__gamma"": 0.2, ""regressor__alpha"": 0.1}",230,2074,0.02,Dune,random,2,Prop0.1,47,True
MR,0.0945745532796221,"{""lasso__regressor__alpha"": 0.01}",230,2074,0.02,Dune,random,2,Prop0.1,47,True
RF,0.083543501413997,"{""max_features"": 1.0, ""min_samples_leaf"": 1, ""n_estimators"": 20}",230,2074,0.06,Dune,random,2,Prop0.1,47,True
SVR,0.0967872486874846,"{""regressor__tol"": 0.05, ""regressor__shrinking"": true, ""regressor__epsilon"": 0.1, ""regressor__coef0"": 1.0, ""regressor__C"": 5.0}",230,2074,0.05,Dune,random,2,Prop0.1,47,True
CART,0.113750478174531,"{""max_features"": 1.0, ""min_samples_leaf"": 1, ""splitter"": ""best""}",230,2074,0.0,Dune,random,2,Prop0.1,48,True
kNN,0.1424534221978611,"{""n_neighbors"": 8, ""p"": 1, ""weights"": ""distance""}",230,2074,0.03,Dune,random,2,Prop0.1,48,True
KRR,0.1149393958758577,"{""regressor__kernel"": ""rbf"", ""regressor__gamma"": 0.2, ""regressor__alpha"": 0.1}",230,2074,0.02,Dune,random,2,Prop0.1,48,True
MR,0.1120086067831225,"{""lasso__regressor__alpha"": 0.01}",230,2074,0.02,Dune,random,2,Prop0.1,48,True
RF,0.0902625382089204,"{""max_features"": 1.0, ""min_samples_leaf"": 1, ""n_estimators"": 20}",230,2074,0.06,Dune,random,2,Prop0.1,48,True
SVR,0.1025685238975344,"{""regressor__tol"": 0.05, ""regressor__shrinking"": true, ""regressor__epsilon"": 0.1, ""regressor__coef0"": 1.0, ""regressor__C"": 5.0}",230,2074,0.04,Dune,random,2,Prop0.1,48,True
CART,0.1013934471105592,"{""max_features"": 1.0, ""min_samples_leaf"": 1, ""splitter"": ""best""}",230,2074,0.0,Dune,random,2,Prop0.1,49,True
kNN,0.1343722446319299,"{""n_neighbors"": 8, ""p"": 1, ""weights"": ""distance""}",230,2074,0.03,Dune,random,2,Prop0.1,49,True
KRR,0.103175245929563,"{""regressor__kernel"": ""rbf"", ""regressor__gamma"": 0.2, ""regressor__alpha"": 0.1}",230,2074,0.02,Dune,random,2,Prop0.1,49,True
MR,0.1057356326135246,"{""lasso__regressor__alpha"": 0.01}",230,2074,0.02,Dune,random,2,Prop0.1,49,True
RF,0.0881257934511437,"{""max_features"": 1.0, ""min_samples_leaf"": 1, ""n_estimators"": 20}",230,2074,0.06,Dune,random,2,Prop0.1,49,True
SVR,0.0995408316258291,"{""regressor__tol"": 0.05, ""regressor__shrinking"": true, ""regressor__epsilon"": 0.1, ""regressor__coef0"": 1.0, ""regressor__C"": 5.0}",230,2074,0.05,Dune,random,2,Prop0.1,49,True
CART,0.0969546505233548,"{""max_features"": 1.0, ""min_samples_leaf"": 1, ""splitter"": ""best""}",230,2074,0.0,Dune,random,2,Prop0.1,50,True
kNN,0.1439579917848759,"{""n_neighbors"": 8, ""p"": 1, ""weights"": ""distance""}",230,2074,0.03,Dune,random,2,Prop0.1,50,True
KRR,0.1100014918638202,"{""regressor__kernel"": ""rbf"", ""regressor__gamma"": 0.2, ""regressor__alpha"": 0.1}",230,2074,0.02,Dune,random,2,Prop0.1,50,True
MR,0.1150771419531461,"{""lasso__regressor__alpha"": 0.01}",230,2074,0.03,Dune,random,2,Prop0.1,50,True
RF,0.1000626116420445,"{""max_features"": 1.0, ""min_samples_leaf"": 1, ""n_estimators"": 20}",230,2074,0.06,Dune,random,2,Prop0.1,50,True
SVR,0.0969042108916219,"{""regressor__tol"": 0.05, ""regressor__shrinking"": true, ""regressor__epsilon"": 0.1, ""regressor__coef0"": 1.0, ""regressor__C"": 5.0}",230,2074,0.04,Dune,random,2,Prop0.1,50,True
CART,0.0939052546083769,"{""max_features"": 1.0, ""min_samples_leaf"": 1, ""splitter"": ""best""}",230,2074,0.0,Dune,random,2,Prop0.1,51,True
kNN,0.1293707502242189,"{""n_neighbors"": 8, ""p"": 1, ""weights"": ""distance""}",230,2074,0.03,Dune,random,2,Prop0.1,51,True
KRR,0.1158109758491656,"{""regressor__kernel"": ""rbf"", ""regressor__gamma"": 0.2, ""regressor__alpha"": 0.1}",230,2074,0.02,Dune,random,2,Prop0.1,51,True
MR,0.1097273596323859,"{""lasso__regressor__alpha"": 0.01}",230,2074,0.02,Dune,random,2,Prop0.1,51,True
RF,0.0908298568943092,"{""max_features"": 1.0, ""min_samples_leaf"": 1, ""n_estimators"": 20}",230,2074,0.06,Dune,random,2,Prop0.1,51,True
SVR,0.0999995195399804,"{""regressor__tol"": 0.05, ""regressor__shrinking"": true, ""regressor__epsilon"": 0.1, ""regressor__coef0"": 1.0, ""regressor__C"": 5.0}",230,2074,0.04,Dune,random,2,Prop0.1,51,True
CART,0.1466622470173559,"{""max_features"": 1.0, ""min_samples_leaf"": 1, ""splitter"": ""best""}",230,2074,0.0,Dune,random,2,Prop0.1,52,True
kNN,0.1310481530039862,"{""n_neighbors"": 8, ""p"": 1, ""weights"": ""distance""}",230,2074,0.03,Dune,random,2,Prop0.1,52,True
KRR,0.1141286605920632,"{""regressor__kernel"": ""rbf"", ""regressor__gamma"": 0.2, ""regressor__alpha"": 0.1}",230,2074,0.02,Dune,random,2,Prop0.1,52,True
MR,0.1055984781947671,"{""lasso__regressor__alpha"": 0.01}",230,2074,0.02,Dune,random,2,Prop0.1,52,True
RF,0.1230899379891769,"{""max_features"": 1.0, ""min_samples_leaf"": 1, ""n_estimators"": 20}",230,2074,0.06,Dune,random,2,Prop0.1,52,True
SVR,0.1054130630534961,"{""regressor__tol"": 0.05, ""regressor__shrinking"": true, ""regressor__epsilon"": 0.1, ""regressor__coef0"": 1.0, ""regressor__C"": 5.0}",230,2074,0.05,Dune,random,2,Prop0.1,52,True
CART,0.0948677876777235,"{""max_features"": 1.0, ""min_samples_leaf"": 1, ""splitter"": ""best""}",230,2074,0.0,Dune,random,2,Prop0.1,53,True
kNN,0.1375253709625577,"{""n_neighbors"": 8, ""p"": 1, ""weights"": ""distance""}",230,2074,0.03,Dune,random,2,Prop0.1,53,True
KRR,0.1107704815835362,"{""regressor__kernel"": ""rbf"", ""regressor__gamma"": 0.2, ""regressor__alpha"": 0.1}",230,2074,0.02,Dune,random,2,Prop0.1,53,True
MR,0.1023875408502163,"{""lasso__regressor__alpha"": 0.01}",230,2074,0.02,Dune,random,2,Prop0.1,53,True
RF,0.0934324636602102,"{""max_features"": 1.0, ""min_samples_leaf"": 1, ""n_estimators"": 20}",230,2074,0.06,Dune,random,2,Prop0.1,53,True
SVR,0.1043766865695959,"{""regressor__tol"": 0.05, ""regressor__shrinking"": true, ""regressor__epsilon"": 0.1, ""regressor__coef0"": 1.0, ""regressor__C"": 5.0}",230,2074,0.04,Dune,random,2,Prop0.1,53,True
CART,0.1037779120786362,"{""max_features"": 1.0, ""min_samples_leaf"": 1, ""splitter"": ""best""}",230,2074,0.0,Dune,random,2,Prop0.1,54,True
kNN,0.1270466786917398,"{""n_neighbors"": 8, ""p"": 1, ""weights"": ""distance""}",230,2074,0.03,Dune,random,2,Prop0.1,54,True
KRR,0.116493383996744,"{""regressor__kernel"": ""rbf"", ""regressor__gamma"": 0.2, ""regressor__alpha"": 0.1}",230,2074,0.02,Dune,random,2,Prop0.1,54,True
MR,0.1121972620609787,"{""lasso__regressor__alpha"": 0.01}",230,2074,0.02,Dune,random,2,Prop0.1,54,True
RF,0.0975457048917477,"{""max_features"": 1.0, ""min_samples_leaf"": 1, ""n_estimators"": 20}",230,2074,0.06,Dune,random,2,Prop0.1,54,True
SVR,0.09476453683406,"{""regressor__tol"": 0.05, ""regressor__shrinking"": true, ""regressor__epsilon"": 0.1, ""regressor__coef0"": 1.0, ""regressor__C"": 5.0}",230,2074,0.05,Dune,random,2,Prop0.1,54,True
CART,0.0947990654036251,"{""max_features"": 1.0, ""min_samples_leaf"": 1, ""splitter"": ""best""}",230,2074,0.0,Dune,random,2,Prop0.1,55,True
kNN,0.1321434603400945,"{""n_neighbors"": 8, ""p"": 1, ""weights"": ""distance""}",230,2074,0.03,Dune,random,2,Prop0.1,55,True
KRR,0.0992291259964558,"{""regressor__kernel"": ""rbf"", ""regressor__gamma"": 0.2, ""regressor__alpha"": 0.1}",230,2074,0.02,Dune,random,2,Prop0.1,55,True
MR,0.0949247207522022,"{""lasso__regressor__alpha"": 0.01}",230,2074,0.02,Dune,random,2,Prop0.1,55,True
RF,0.0878385820338443,"{""max_features"": 1.0, ""min_samples_leaf"": 1, ""n_estimators"": 20}",230,2074,0.06,Dune,random,2,Prop0.1,55,True
SVR,0.0976069229102841,"{""regressor__tol"": 0.05, ""regressor__shrinking"": true, ""regressor__epsilon"": 0.1, ""regressor__coef0"": 1.0, ""regressor__C"": 5.0}",230,2074,0.05,Dune,random,2,Prop0.1,55,True
CART,0.0949708019569215,"{""max_features"": 1.0, ""min_samples_leaf"": 1, ""splitter"": ""best""}",230,2074,0.0,Dune,random,2,Prop0.1,56,True
kNN,0.1443853640072289,"{""n_neighbors"": 8, ""p"": 1, ""weights"": ""distance""}",230,2074,0.03,Dune,random,2,Prop0.1,56,True
KRR,0.1091802485862805,"{""regressor__kernel"": ""rbf"", ""regressor__gamma"": 0.2, ""regressor__alpha"": 0.1}",230,2074,0.02,Dune,random,2,Prop0.1,56,True
MR,0.1084552499101012,"{""lasso__regressor__alpha"": 0.01}",230,2074,0.02,Dune,random,2,Prop0.1,56,True
RF,0.0956118290772804,"{""max_features"": 1.0, ""min_samples_leaf"": 1, ""n_estimators"": 20}",230,2074,0.06,Dune,random,2,Prop0.1,56,True
SVR,0.0949538400215409,"{""regressor__tol"": 0.05, ""regressor__shrinking"": true, ""regressor__epsilon"": 0.1, ""regressor__coef0"": 1.0, ""regressor__C"": 5.0}",230,2074,0.05,Dune,random,2,Prop0.1,56,True
CART,0.1042115507387907,"{""max_features"": 1.0, ""min_samples_leaf"": 1, ""splitter"": ""best""}",230,2074,0.0,Dune,random,2,Prop0.1,57,True
kNN,0.1347540182374521,"{""n_neighbors"": 8, ""p"": 1, ""weights"": ""distance""}",230,2074,0.03,Dune,random,2,Prop0.1,57,True
KRR,0.1104557793294997,"{""regressor__kernel"": ""rbf"", ""regressor__gamma"": 0.2, ""regressor__alpha"": 0.1}",230,2074,0.02,Dune,random,2,Prop0.1,57,True
MR,0.1124963605176254,"{""lasso__regressor__alpha"": 0.01}",230,2074,0.02,Dune,random,2,Prop0.1,57,True
RF,0.0992131551942073,"{""max_features"": 1.0, ""min_samples_leaf"": 1, ""n_estimators"": 20}",230,2074,0.06,Dune,random,2,Prop0.1,57,True
SVR,0.0984206080835427,"{""regressor__tol"": 0.05, ""regressor__shrinking"": true, ""regressor__epsilon"": 0.1, ""regressor__coef0"": 1.0, ""regressor__C"": 5.0}",230,2074,0.04,Dune,random,2,Prop0.1,57,True
CART,0.0996419148987984,"{""max_features"": 1.0, ""min_samples_leaf"": 1, ""splitter"": ""best""}",230,2074,0.0,Dune,random,2,Prop0.1,58,True
kNN,0.1257337928429008,"{""n_neighbors"": 8, ""p"": 1, ""weights"": ""distance""}",230,2074,0.03,Dune,random,2,Prop0.1,58,True
KRR,0.1020141895764409,"{""regressor__kernel"": ""rbf"", ""regressor__gamma"": 0.2, ""regressor__alpha"": 0.1}",230,2074,0.01,Dune,random,2,Prop0.1,58,True
MR,0.0986717306743753,"{""lasso__regressor__alpha"": 0.01}",230,2074,0.02,Dune,random,2,Prop0.1,58,True
RF,0.0870637636673858,"{""max_features"": 1.0, ""min_samples_leaf"": 1, ""n_estimators"": 20}",230,2074,0.06,Dune,random,2,Prop0.1,58,True
SVR,0.0949067550992197,"{""regressor__tol"": 0.05, ""regressor__shrinking"": true, ""regressor__epsilon"": 0.1, ""regressor__coef0"": 1.0, ""regressor__C"": 5.0}",230,2074,0.05,Dune,random,2,Prop0.1,58,True
CART,0.1020914989625946,"{""max_features"": 1.0, ""min_samples_leaf"": 1, ""splitter"": ""best""}",230,2074,0.0,Dune,random,2,Prop0.1,59,True
kNN,0.139992099930528,"{""n_neighbors"": 8, ""p"": 1, ""weights"": ""distance""}",230,2074,0.03,Dune,random,2,Prop0.1,59,True
KRR,0.0992380074458311,"{""regressor__kernel"": ""rbf"", ""regressor__gamma"": 0.2, ""regressor__alpha"": 0.1}",230,2074,0.02,Dune,random,2,Prop0.1,59,True
MR,0.098544467893854,"{""lasso__regressor__alpha"": 0.01}",230,2074,0.02,Dune,random,2,Prop0.1,59,True
RF,0.0892811431614572,"{""max_features"": 1.0, ""min_samples_leaf"": 1, ""n_estimators"": 20}",230,2074,0.06,Dune,random,2,Prop0.1,59,True
SVR,0.0962198576222209,"{""regressor__tol"": 0.05, ""regressor__shrinking"": true, ""regressor__epsilon"": 0.1, ""regressor__coef0"": 1.0, ""regressor__C"": 5.0}",230,2074,0.05,Dune,random,2,Prop0.1,59,True
CART,0.0992626074301788,"{""max_features"": 1.0, ""min_samples_leaf"": 1, ""splitter"": ""best""}",230,2074,0.0,Dune,random,2,Prop0.1,60,True
kNN,0.1538023706502818,"{""n_neighbors"": 8, ""p"": 1, ""weights"": ""distance""}",230,2074,0.03,Dune,random,2,Prop0.1,60,True
KRR,0.116806020531479,"{""regressor__kernel"": ""rbf"", ""regressor__gamma"": 0.2, ""regressor__alpha"": 0.1}",230,2074,0.02,Dune,random,2,Prop0.1,60,True
MR,0.1076733434269608,"{""lasso__regressor__alpha"": 0.01}",230,2074,0.02,Dune,random,2,Prop0.1,60,True
RF,0.1005822714243721,"{""max_features"": 1.0, ""min_samples_leaf"": 1, ""n_estimators"": 20}",230,2074,0.06,Dune,random,2,Prop0.1,60,True
SVR,0.1072352836585543,"{""regressor__tol"": 0.05, ""regressor__shrinking"": true, ""regressor__epsilon"": 0.1, ""regressor__coef0"": 1.0, ""regressor__C"": 5.0}",230,2074,0.05,Dune,random,2,Prop0.1,60,True
CART,0.0933886981254912,"{""max_features"": 1.0, ""min_samples_leaf"": 1, ""splitter"": ""best""}",230,2074,0.0,Dune,random,2,Prop0.1,61,True
kNN,0.1245441870742464,"{""n_neighbors"": 8, ""p"": 1, ""weights"": ""distance""}",230,2074,0.03,Dune,random,2,Prop0.1,61,True
KRR,0.1059035622319974,"{""regressor__kernel"": ""rbf"", ""regressor__gamma"": 0.2, ""regressor__alpha"": 0.1}",230,2074,0.02,Dune,random,2,Prop0.1,61,True
MR,0.1171591407500332,"{""lasso__regressor__alpha"": 0.01}",230,2074,0.02,Dune,random,2,Prop0.1,61,True
RF,0.0932093664200099,"{""max_features"": 1.0, ""min_samples_leaf"": 1, ""n_estimators"": 20}",230,2074,0.06,Dune,random,2,Prop0.1,61,True
SVR,0.0933497334294247,"{""regressor__tol"": 0.05, ""regressor__shrinking"": true, ""regressor__epsilon"": 0.1, ""regressor__coef0"": 1.0, ""regressor__C"": 5.0}",230,2074,0.04,Dune,random,2,Prop0.1,61,True
CART,0.101118650006289,"{""max_features"": 1.0, ""min_samples_leaf"": 1, ""splitter"": ""best""}",230,2074,0.0,Dune,random,2,Prop0.1,62,True
kNN,0.1280760514511883,"{""n_neighbors"": 8, ""p"": 1, ""weights"": ""distance""}",230,2074,0.03,Dune,random,2,Prop0.1,62,True
KRR,0.1300772177521017,"{""regressor__kernel"": ""rbf"", ""regressor__gamma"": 0.2, ""regressor__alpha"": 0.1}",230,2074,0.02,Dune,random,2,Prop0.1,62,True
MR,0.1124474966456814,"{""lasso__regressor__alpha"": 0.01}",230,2074,0.03,Dune,random,2,Prop0.1,62,True
RF,0.0896426718194592,"{""max_features"": 1.0, ""min_samples_leaf"": 1, ""n_estimators"": 20}",230,2074,0.06,Dune,random,2,Prop0.1,62,True
SVR,0.105050330986586,"{""regressor__tol"": 0.05, ""regressor__shrinking"": true, ""regressor__epsilon"": 0.1, ""regressor__coef0"": 1.0, ""regressor__C"": 5.0}",230,2074,0.04,Dune,random,2,Prop0.1,62,True
CART,0.1055941410461527,"{""max_features"": 1.0, ""min_samples_leaf"": 1, ""splitter"": ""best""}",230,2074,0.0,Dune,random,2,Prop0.1,63,True
kNN,0.1266216243682108,"{""n_neighbors"": 8, ""p"": 1, ""weights"": ""distance""}",230,2074,0.03,Dune,random,2,Prop0.1,63,True
KRR,0.1181779411343244,"{""regressor__kernel"": ""rbf"", ""regressor__gamma"": 0.2, ""regressor__alpha"": 0.1}",230,2074,0.02,Dune,random,2,Prop0.1,63,True
MR,0.1206312625059381,"{""lasso__regressor__alpha"": 0.01}",230,2074,0.02,Dune,random,2,Prop0.1,63,True
RF,0.0852904884239256,"{""max_features"": 1.0, ""min_samples_leaf"": 1, ""n_estimators"": 20}",230,2074,0.06,Dune,random,2,Prop0.1,63,True
SVR,0.0954286032555652,"{""regressor__tol"": 0.05, ""regressor__shrinking"": true, ""regressor__epsilon"": 0.1, ""regressor__coef0"": 1.0, ""regressor__C"": 5.0}",230,2074,0.04,Dune,random,2,Prop0.1,63,True
CART,0.1023610319893058,"{""max_features"": 1.0, ""min_samples_leaf"": 1, ""splitter"": ""best""}",230,2074,0.0,Dune,random,2,Prop0.1,64,True
kNN,0.1301507730329116,"{""n_neighbors"": 8, ""p"": 1, ""weights"": ""distance""}",230,2074,0.03,Dune,random,2,Prop0.1,64,True
KRR,0.1004802904416665,"{""regressor__kernel"": ""rbf"", ""regressor__gamma"": 0.2, ""regressor__alpha"": 0.1}",230,2074,0.02,Dune,random,2,Prop0.1,64,True
MR,0.0974826275038597,"{""lasso__regressor__alpha"": 0.01}",230,2074,0.02,Dune,random,2,Prop0.1,64,True
RF,0.0909492798631172,"{""max_features"": 1.0, ""min_samples_leaf"": 1, ""n_estimators"": 20}",230,2074,0.06,Dune,random,2,Prop0.1,64,True
SVR,0.0959920110316573,"{""regressor__tol"": 0.05, ""regressor__shrinking"": true, ""regressor__epsilon"": 0.1, ""regressor__coef0"": 1.0, ""regressor__C"": 5.0}",230,2074,0.05,Dune,random,2,Prop0.1,64,True
CART,0.0988964886724082,"{""max_features"": 1.0, ""min_samples_leaf"": 1, ""splitter"": ""best""}",230,2074,0.0,Dune,random,2,Prop0.1,65,True
kNN,0.1355437188007716,"{""n_neighbors"": 8, ""p"": 1, ""weights"": ""distance""}",230,2074,0.03,Dune,random,2,Prop0.1,65,True
KRR,0.1197750321081071,"{""regressor__kernel"": ""rbf"", ""regressor__gamma"": 0.2, ""regressor__alpha"": 0.1}",230,2074,0.02,Dune,random,2,Prop0.1,65,True
MR,0.1165538549527107,"{""lasso__regressor__alpha"": 0.01}",230,2074,0.02,Dune,random,2,Prop0.1,65,True
RF,0.0912849979479147,"{""max_features"": 1.0, ""min_samples_leaf"": 1, ""n_estimators"": 20}",230,2074,0.06,Dune,random,2,Prop0.1,65,True
SVR,0.1042603364248143,"{""regressor__tol"": 0.05, ""regressor__shrinking"": true, ""regressor__epsilon"": 0.1, ""regressor__coef0"": 1.0, ""regressor__C"": 5.0}",230,2074,0.05,Dune,random,2,Prop0.1,65,True
CART,0.0857817439199761,"{""max_features"": 1.0, ""min_samples_leaf"": 1, ""splitter"": ""best""}",230,2074,0.0,Dune,random,2,Prop0.1,66,True
kNN,0.1316027813390781,"{""n_neighbors"": 8, ""p"": 1, ""weights"": ""distance""}",230,2074,0.03,Dune,random,2,Prop0.1,66,True
KRR,0.1030792911304001,"{""regressor__kernel"": ""rbf"", ""regressor__gamma"": 0.2, ""regressor__alpha"": 0.1}",230,2074,0.02,Dune,random,2,Prop0.1,66,True
MR,0.0972431074664773,"{""lasso__regressor__alpha"": 0.01}",230,2074,0.03,Dune,random,2,Prop0.1,66,True
RF,0.0882672015063487,"{""max_features"": 1.0, ""min_samples_leaf"": 1, ""n_estimators"": 20}",230,2074,0.06,Dune,random,2,Prop0.1,66,True
SVR,0.0946719176997709,"{""regressor__tol"": 0.05, ""regressor__shrinking"": true, ""regressor__epsilon"": 0.1, ""regressor__coef0"": 1.0, ""regressor__C"": 5.0}",230,2074,0.05,Dune,random,2,Prop0.1,66,True
CART,0.0927579626937081,"{""max_features"": 1.0, ""min_samples_leaf"": 1, ""splitter"": ""best""}",230,2074,0.0,Dune,random,2,Prop0.1,67,True
kNN,0.1366591072296893,"{""n_neighbors"": 8, ""p"": 1, ""weights"": ""distance""}",230,2074,0.02,Dune,random,2,Prop0.1,67,True
KRR,0.110854705570315,"{""regressor__kernel"": ""rbf"", ""regressor__gamma"": 0.2, ""regressor__alpha"": 0.1}",230,2074,0.02,Dune,random,2,Prop0.1,67,True
MR,0.1065281309755219,"{""lasso__regressor__alpha"": 0.01}",230,2074,0.02,Dune,random,2,Prop0.1,67,True
RF,0.0893906336720208,"{""max_features"": 1.0, ""min_samples_leaf"": 1, ""n_estimators"": 20}",230,2074,0.06,Dune,random,2,Prop0.1,67,True
SVR,0.1007958537334724,"{""regressor__tol"": 0.05, ""regressor__shrinking"": true, ""regressor__epsilon"": 0.1, ""regressor__coef0"": 1.0, ""regressor__C"": 5.0}",230,2074,0.05,Dune,random,2,Prop0.1,67,True
CART,0.1052844369470697,"{""max_features"": 1.0, ""min_samples_leaf"": 1, ""splitter"": ""best""}",230,2074,0.0,Dune,random,2,Prop0.1,68,True
kNN,0.1479966405739323,"{""n_neighbors"": 8, ""p"": 1, ""weights"": ""distance""}",230,2074,0.03,Dune,random,2,Prop0.1,68,True
KRR,0.1185847721899556,"{""regressor__kernel"": ""rbf"", ""regressor__gamma"": 0.2, ""regressor__alpha"": 0.1}",230,2074,0.02,Dune,random,2,Prop0.1,68,True
MR,0.1160075403699613,"{""lasso__regressor__alpha"": 0.01}",230,2074,0.02,Dune,random,2,Prop0.1,68,True
RF,0.0999982643252114,"{""max_features"": 1.0, ""min_samples_leaf"": 1, ""n_estimators"": 20}",230,2074,0.06,Dune,random,2,Prop0.1,68,True
SVR,0.0990869768123745,"{""regressor__tol"": 0.05, ""regressor__shrinking"": true, ""regressor__epsilon"": 0.1, ""regressor__coef0"": 1.0, ""regressor__C"": 5.0}",230,2074,0.04,Dune,random,2,Prop0.1,68,True
CART,0.1000557551965862,"{""max_features"": 1.0, ""min_samples_leaf"": 1, ""splitter"": ""best""}",230,2074,0.0,Dune,random,2,Prop0.1,69,True
kNN,0.1511727044770256,"{""n_neighbors"": 8, ""p"": 1, ""weights"": ""distance""}",230,2074,0.03,Dune,random,2,Prop0.1,69,True
KRR,0.1184206862890397,"{""regressor__kernel"": ""rbf"", ""regressor__gamma"": 0.2, ""regressor__alpha"": 0.1}",230,2074,0.02,Dune,random,2,Prop0.1,69,True
MR,0.1087306109072046,"{""lasso__regressor__alpha"": 0.01}",230,2074,0.02,Dune,random,2,Prop0.1,69,True
RF,0.0970060551396819,"{""max_features"": 1.0, ""min_samples_leaf"": 1, ""n_estimators"": 20}",230,2074,0.06,Dune,random,2,Prop0.1,69,True
SVR,0.1056875779495224,"{""regressor__tol"": 0.05, ""regressor__shrinking"": true, ""regressor__epsilon"": 0.1, ""regressor__coef0"": 1.0, ""regressor__C"": 5.0}",230,2074,0.04,Dune,random,2,Prop0.1,69,True
CART,0.0915730366942267,"{""max_features"": 1.0, ""min_samples_leaf"": 1, ""splitter"": ""best""}",230,2074,0.0,Dune,random,2,Prop0.1,70,True
kNN,0.1300326627959226,"{""n_neighbors"": 8, ""p"": 1, ""weights"": ""distance""}",230,2074,0.03,Dune,random,2,Prop0.1,70,True
KRR,0.1011876669578045,"{""regressor__kernel"": ""rbf"", ""regressor__gamma"": 0.2, ""regressor__alpha"": 0.1}",230,2074,0.01,Dune,random,2,Prop0.1,70,True
MR,0.0993208049149328,"{""lasso__regressor__alpha"": 0.01}",230,2074,0.02,Dune,random,2,Prop0.1,70,True
RF,0.0871257462428899,"{""max_features"": 1.0, ""min_samples_leaf"": 1, ""n_estimators"": 20}",230,2074,0.06,Dune,random,2,Prop0.1,70,True
SVR,0.0957043014571442,"{""regressor__tol"": 0.05, ""regressor__shrinking"": true, ""regressor__epsilon"": 0.1, ""regressor__coef0"": 1.0, ""regressor__C"": 5.0}",230,2074,0.05,Dune,random,2,Prop0.1,70,True
CART,0.1020056151906148,"{""max_features"": 1.0, ""min_samples_leaf"": 1, ""splitter"": ""best""}",230,2074,0.0,Dune,random,2,Prop0.1,71,True
kNN,0.137953481038114,"{""n_neighbors"": 8, ""p"": 1, ""weights"": ""distance""}",230,2074,0.03,Dune,random,2,Prop0.1,71,True
KRR,0.1072739793537292,"{""regressor__kernel"": ""rbf"", ""regressor__gamma"": 0.2, ""regressor__alpha"": 0.1}",230,2074,0.02,Dune,random,2,Prop0.1,71,True
MR,0.1018300768236534,"{""lasso__regressor__alpha"": 0.01}",230,2074,0.02,Dune,random,2,Prop0.1,71,True
RF,0.0899402948343125,"{""max_features"": 1.0, ""min_samples_leaf"": 1, ""n_estimators"": 20}",230,2074,0.06,Dune,random,2,Prop0.1,71,True
SVR,0.0973393446192777,"{""regressor__tol"": 0.05, ""regressor__shrinking"": true, ""regressor__epsilon"": 0.1, ""regressor__coef0"": 1.0, ""regressor__C"": 5.0}",230,2074,0.05,Dune,random,2,Prop0.1,71,True
CART,0.0984108637374893,"{""max_features"": 1.0, ""min_samples_leaf"": 1, ""splitter"": ""best""}",230,2074,0.0,Dune,random,2,Prop0.1,72,True
kNN,0.132494245746186,"{""n_neighbors"": 8, ""p"": 1, ""weights"": ""distance""}",230,2074,0.03,Dune,random,2,Prop0.1,72,True
KRR,0.0996212393370765,"{""regressor__kernel"": ""rbf"", ""regressor__gamma"": 0.2, ""regressor__alpha"": 0.1}",230,2074,0.02,Dune,random,2,Prop0.1,72,True
MR,0.0996775495122881,"{""lasso__regressor__alpha"": 0.01}",230,2074,0.02,Dune,random,2,Prop0.1,72,True
RF,0.0978102803021371,"{""max_features"": 1.0, ""min_samples_leaf"": 1, ""n_estimators"": 20}",230,2074,0.06,Dune,random,2,Prop0.1,72,True
SVR,0.0975658881558828,"{""regressor__tol"": 0.05, ""regressor__shrinking"": true, ""regressor__epsilon"": 0.1, ""regressor__coef0"": 1.0, ""regressor__C"": 5.0}",230,2074,0.05,Dune,random,2,Prop0.1,72,True
CART,0.0926936700149794,"{""max_features"": 1.0, ""min_samples_leaf"": 1, ""splitter"": ""best""}",230,2074,0.0,Dune,random,2,Prop0.1,73,True
kNN,0.1256687926646918,"{""n_neighbors"": 8, ""p"": 1, ""weights"": ""distance""}",230,2074,0.03,Dune,random,2,Prop0.1,73,True
KRR,0.0978162437222681,"{""regressor__kernel"": ""rbf"", ""regressor__gamma"": 0.2, ""regressor__alpha"": 0.1}",230,2074,0.02,Dune,random,2,Prop0.1,73,True
MR,0.0934332913840253,"{""lasso__regressor__alpha"": 0.01}",230,2074,0.02,Dune,random,2,Prop0.1,73,True
RF,0.0963378984827667,"{""max_features"": 1.0, ""min_samples_leaf"": 1, ""n_estimators"": 20}",230,2074,0.06,Dune,random,2,Prop0.1,73,True
SVR,0.0930409254574213,"{""regressor__tol"": 0.05, ""regressor__shrinking"": true, ""regressor__epsilon"": 0.1, ""regressor__coef0"": 1.0, ""regressor__C"": 5.0}",230,2074,0.05,Dune,random,2,Prop0.1,73,True
CART,0.096726675311741,"{""max_features"": 1.0, ""min_samples_leaf"": 1, ""splitter"": ""best""}",230,2074,0.0,Dune,random,2,Prop0.1,74,True
kNN,0.1542345182763529,"{""n_neighbors"": 8, ""p"": 1, ""weights"": ""distance""}",230,2074,0.03,Dune,random,2,Prop0.1,74,True
KRR,0.1265127651129441,"{""regressor__kernel"": ""rbf"", ""regressor__gamma"": 0.2, ""regressor__alpha"": 0.1}",230,2074,0.02,Dune,random,2,Prop0.1,74,True
MR,0.1184217019046931,"{""lasso__regressor__alpha"": 0.01}",230,2074,0.02,Dune,random,2,Prop0.1,74,True
RF,0.0902217487196446,"{""max_features"": 1.0, ""min_samples_leaf"": 1, ""n_estimators"": 20}",230,2074,0.06,Dune,random,2,Prop0.1,74,True
SVR,0.1017228687916688,"{""regressor__tol"": 0.05, ""regressor__shrinking"": true, ""regressor__epsilon"": 0.1, ""regressor__coef0"": 1.0, ""regressor__C"": 5.0}",230,2074,0.04,Dune,random,2,Prop0.1,74,True
CART,0.090419876380236,"{""max_features"": 1.0, ""min_samples_leaf"": 1, ""splitter"": ""best""}",230,2074,0.0,Dune,random,2,Prop0.1,75,True
kNN,0.137547908624926,"{""n_neighbors"": 8, ""p"": 1, ""weights"": ""distance""}",230,2074,0.02,Dune,random,2,Prop0.1,75,True
KRR,0.1049747498842063,"{""regressor__kernel"": ""rbf"", ""regressor__gamma"": 0.2, ""regressor__alpha"": 0.1}",230,2074,0.02,Dune,random,2,Prop0.1,75,True
MR,0.1034477861954924,"{""lasso__regressor__alpha"": 0.01}",230,2074,0.02,Dune,random,2,Prop0.1,75,True
RF,0.0902504438264235,"{""max_features"": 1.0, ""min_samples_leaf"": 1, ""n_estimators"": 20}",230,2074,0.06,Dune,random,2,Prop0.1,75,True
SVR,0.098335607480323,"{""regressor__tol"": 0.05, ""regressor__shrinking"": true, ""regressor__epsilon"": 0.1, ""regressor__coef0"": 1.0, ""regressor__C"": 5.0}",230,2074,0.05,Dune,random,2,Prop0.1,75,True
CART,0.0968886319340863,"{""max_features"": 1.0, ""min_samples_leaf"": 1, ""splitter"": ""best""}",230,2074,0.0,Dune,random,2,Prop0.1,76,True
kNN,0.1316761572665875,"{""n_neighbors"": 8, ""p"": 1, ""weights"": ""distance""}",230,2074,0.03,Dune,random,2,Prop0.1,76,True
KRR,0.1254057503380457,"{""regressor__kernel"": ""rbf"", ""regressor__gamma"": 0.2, ""regressor__alpha"": 0.1}",230,2074,0.02,Dune,random,2,Prop0.1,76,True
MR,0.1243563917744765,"{""lasso__regressor__alpha"": 0.01}",230,2074,0.02,Dune,random,2,Prop0.1,76,True
RF,0.0922899538877795,"{""max_features"": 1.0, ""min_samples_leaf"": 1, ""n_estimators"": 20}",230,2074,0.06,Dune,random,2,Prop0.1,76,True
SVR,0.1023888779753903,"{""regressor__tol"": 0.05, ""regressor__shrinking"": true, ""regressor__epsilon"": 0.1, ""regressor__coef0"": 1.0, ""regressor__C"": 5.0}",230,2074,0.04,Dune,random,2,Prop0.1,76,True
CART,0.0976604584575226,"{""max_features"": 1.0, ""min_samples_leaf"": 1, ""splitter"": ""best""}",230,2074,0.0,Dune,random,2,Prop0.1,77,True
kNN,0.1303412972336585,"{""n_neighbors"": 8, ""p"": 1, ""weights"": ""distance""}",230,2074,0.03,Dune,random,2,Prop0.1,77,True
KRR,0.1222298174821133,"{""regressor__kernel"": ""rbf"", ""regressor__gamma"": 0.2, ""regressor__alpha"": 0.1}",230,2074,0.02,Dune,random,2,Prop0.1,77,True
MR,0.1131108073603557,"{""lasso__regressor__alpha"": 0.01}",230,2074,0.02,Dune,random,2,Prop0.1,77,True
RF,0.0926372418353886,"{""max_features"": 1.0, ""min_samples_leaf"": 1, ""n_estimators"": 20}",230,2074,0.06,Dune,random,2,Prop0.1,77,True
SVR,0.1104906510157427,"{""regressor__tol"": 0.05, ""regressor__shrinking"": true, ""regressor__epsilon"": 0.1, ""regressor__coef0"": 1.0, ""regressor__C"": 5.0}",230,2074,0.04,Dune,random,2,Prop0.1,77,True
CART,0.1123727587841582,"{""max_features"": 1.0, ""min_samples_leaf"": 1, ""splitter"": ""best""}",230,2074,0.0,Dune,random,2,Prop0.1,78,True
kNN,0.1292780099038,"{""n_neighbors"": 8, ""p"": 1, ""weights"": ""distance""}",230,2074,0.03,Dune,random,2,Prop0.1,78,True
KRR,0.1018595339832283,"{""regressor__kernel"": ""rbf"", ""regressor__gamma"": 0.2, ""regressor__alpha"": 0.1}",230,2074,0.02,Dune,random,2,Prop0.1,78,True
MR,0.0992034773713045,"{""lasso__regressor__alpha"": 0.01}",230,2074,0.02,Dune,random,2,Prop0.1,78,True
RF,0.091014100135317,"{""max_features"": 1.0, ""min_samples_leaf"": 1, ""n_estimators"": 20}",230,2074,0.06,Dune,random,2,Prop0.1,78,True
SVR,0.0954763028332183,"{""regressor__tol"": 0.05, ""regressor__shrinking"": true, ""regressor__epsilon"": 0.1, ""regressor__coef0"": 1.0, ""regressor__C"": 5.0}",230,2074,0.05,Dune,random,2,Prop0.1,78,True
CART,0.1112240140640129,"{""max_features"": 1.0, ""min_samples_leaf"": 1, ""splitter"": ""best""}",230,2074,0.0,Dune,random,2,Prop0.1,79,True
kNN,0.1301358424644936,"{""n_neighbors"": 8, ""p"": 1, ""weights"": ""distance""}",230,2074,0.03,Dune,random,2,Prop0.1,79,True
KRR,0.1177609491084824,"{""regressor__kernel"": ""rbf"", ""regressor__gamma"": 0.2, ""regressor__alpha"": 0.1}",230,2074,0.02,Dune,random,2,Prop0.1,79,True
MR,0.1083755618474694,"{""lasso__regressor__alpha"": 0.01}",230,2074,0.02,Dune,random,2,Prop0.1,79,True
RF,0.0962019821407534,"{""max_features"": 1.0, ""min_samples_leaf"": 1, ""n_estimators"": 20}",230,2074,0.06,Dune,random,2,Prop0.1,79,True
SVR,0.1006143875366711,"{""regressor__tol"": 0.05, ""regressor__shrinking"": true, ""regressor__epsilon"": 0.1, ""regressor__coef0"": 1.0, ""regressor__C"": 5.0}",230,2074,0.04,Dune,random,2,Prop0.1,79,True
CART,0.0901766635094646,"{""max_features"": 1.0, ""min_samples_leaf"": 1, ""splitter"": ""best""}",230,2074,0.0,Dune,random,2,Prop0.1,80,True
kNN,0.1327394145094065,"{""n_neighbors"": 8, ""p"": 1, ""weights"": ""distance""}",230,2074,0.03,Dune,random,2,Prop0.1,80,True
KRR,0.1065783184909297,"{""regressor__kernel"": ""rbf"", ""regressor__gamma"": 0.2, ""regressor__alpha"": 0.1}",230,2074,0.02,Dune,random,2,Prop0.1,80,True
MR,0.104299857619113,"{""lasso__regressor__alpha"": 0.01}",230,2074,0.02,Dune,random,2,Prop0.1,80,True
RF,0.0913352813299586,"{""max_features"": 1.0, ""min_samples_leaf"": 1, ""n_estimators"": 20}",230,2074,0.06,Dune,random,2,Prop0.1,80,True
SVR,0.0925459520516815,"{""regressor__tol"": 0.05, ""regressor__shrinking"": true, ""regressor__epsilon"": 0.1, ""regressor__coef0"": 1.0, ""regressor__C"": 5.0}",230,2074,0.05,Dune,random,2,Prop0.1,80,True
CART,0.1172363077703968,"{""max_features"": 1.0, ""min_samples_leaf"": 1, ""splitter"": ""best""}",230,2074,0.0,Dune,random,2,Prop0.1,81,True
kNN,0.1407475127053843,"{""n_neighbors"": 8, ""p"": 1, ""weights"": ""distance""}",230,2074,0.03,Dune,random,2,Prop0.1,81,True
KRR,0.1145487403151695,"{""regressor__kernel"": ""rbf"", ""regressor__gamma"": 0.2, ""regressor__alpha"": 0.1}",230,2074,0.02,Dune,random,2,Prop0.1,81,True
MR,0.1107642815660649,"{""lasso__regressor__alpha"": 0.01}",230,2074,0.02,Dune,random,2,Prop0.1,81,True
RF,0.1064752591708848,"{""max_features"": 1.0, ""min_samples_leaf"": 1, ""n_estimators"": 20}",230,2074,0.06,Dune,random,2,Prop0.1,81,True
SVR,0.0979422314846639,"{""regressor__tol"": 0.05, ""regressor__shrinking"": true, ""regressor__epsilon"": 0.1, ""regressor__coef0"": 1.0, ""regressor__C"": 5.0}",230,2074,0.04,Dune,random,2,Prop0.1,81,True
CART,0.0976399296742508,"{""max_features"": 1.0, ""min_samples_leaf"": 1, ""splitter"": ""best""}",230,2074,0.0,Dune,random,2,Prop0.1,82,True
kNN,0.1238816711624826,"{""n_neighbors"": 8, ""p"": 1, ""weights"": ""distance""}",230,2074,0.04,Dune,random,2,Prop0.1,82,True
KRR,0.0976185918919281,"{""regressor__kernel"": ""rbf"", ""regressor__gamma"": 0.2, ""regressor__alpha"": 0.1}",230,2074,0.02,Dune,random,2,Prop0.1,82,True
MR,0.0966850609679017,"{""lasso__regressor__alpha"": 0.01}",230,2074,0.02,Dune,random,2,Prop0.1,82,True
RF,0.0925320285293853,"{""max_features"": 1.0, ""min_samples_leaf"": 1, ""n_estimators"": 20}",230,2074,0.03,Dune,random,2,Prop0.1,82,True
SVR,0.0955906303184759,"{""regressor__tol"": 0.05, ""regressor__shrinking"": true, ""regressor__epsilon"": 0.1, ""regressor__coef0"": 1.0, ""regressor__C"": 5.0}",230,2074,0.03,Dune,random,2,Prop0.1,82,True
CART,0.093598126359426,"{""max_features"": 1.0, ""min_samples_leaf"": 1, ""splitter"": ""best""}",230,2074,0.0,Dune,random,2,Prop0.1,83,True
kNN,0.1372081418006132,"{""n_neighbors"": 8, ""p"": 1, ""weights"": ""distance""}",230,2074,0.03,Dune,random,2,Prop0.1,83,True
KRR,0.1097005544984715,"{""regressor__kernel"": ""rbf"", ""regressor__gamma"": 0.2, ""regressor__alpha"": 0.1}",230,2074,0.01,Dune,random,2,Prop0.1,83,True
MR,0.1076389222022105,"{""lasso__regressor__alpha"": 0.01}",230,2074,0.02,Dune,random,2,Prop0.1,83,True
RF,0.0908174309250932,"{""max_features"": 1.0, ""min_samples_leaf"": 1, ""n_estimators"": 20}",230,2074,0.03,Dune,random,2,Prop0.1,83,True
SVR,0.0955235276012979,"{""regressor__tol"": 0.05, ""regressor__shrinking"": true, ""regressor__epsilon"": 0.1, ""regressor__coef0"": 1.0, ""regressor__C"": 5.0}",230,2074,0.03,Dune,random,2,Prop0.1,83,True
CART,0.0979612146035794,"{""max_features"": 1.0, ""min_samples_leaf"": 1, ""splitter"": ""best""}",230,2074,0.0,Dune,random,2,Prop0.1,84,True
kNN,0.1363362382959033,"{""n_neighbors"": 8, ""p"": 1, ""weights"": ""distance""}",230,2074,0.02,Dune,random,2,Prop0.1,84,True
KRR,0.111823295779693,"{""regressor__kernel"": ""rbf"", ""regressor__gamma"": 0.2, ""regressor__alpha"": 0.1}",230,2074,0.01,Dune,random,2,Prop0.1,84,True
MR,0.1115872258616064,"{""lasso__regressor__alpha"": 0.01}",230,2074,0.02,Dune,random,2,Prop0.1,84,True
RF,0.0883709778195958,"{""max_features"": 1.0, ""min_samples_leaf"": 1, ""n_estimators"": 20}",230,2074,0.03,Dune,random,2,Prop0.1,84,True
SVR,0.0963570312597282,"{""regressor__tol"": 0.05, ""regressor__shrinking"": true, ""regressor__epsilon"": 0.1, ""regressor__coef0"": 1.0, ""regressor__C"": 5.0}",230,2074,0.03,Dune,random,2,Prop0.1,84,True
CART,0.104148732336439,"{""max_features"": 1.0, ""min_samples_leaf"": 1, ""splitter"": ""best""}",230,2074,0.0,Dune,random,2,Prop0.1,85,True
kNN,0.1437577985308214,"{""n_neighbors"": 8, ""p"": 1, ""weights"": ""distance""}",230,2074,0.03,Dune,random,2,Prop0.1,85,True
KRR,0.1178009808874233,"{""regressor__kernel"": ""rbf"", ""regressor__gamma"": 0.2, ""regressor__alpha"": 0.1}",230,2074,0.02,Dune,random,2,Prop0.1,85,True
MR,0.1128721508843504,"{""lasso__regressor__alpha"": 0.01}",230,2074,0.02,Dune,random,2,Prop0.1,85,True
RF,0.0956705959299364,"{""max_features"": 1.0, ""min_samples_leaf"": 1, ""n_estimators"": 20}",230,2074,0.06,Dune,random,2,Prop0.1,85,True
SVR,0.102352377945951,"{""regressor__tol"": 0.05, ""regressor__shrinking"": true, ""regressor__epsilon"": 0.1, ""regressor__coef0"": 1.0, ""regressor__C"": 5.0}",230,2074,0.03,Dune,random,2,Prop0.1,85,True
CART,0.1030637887957556,"{""max_features"": 1.0, ""min_samples_leaf"": 1, ""splitter"": ""best""}",230,2074,0.0,Dune,random,2,Prop0.1,86,True
kNN,0.1474630362542265,"{""n_neighbors"": 8, ""p"": 1, ""weights"": ""distance""}",230,2074,0.03,Dune,random,2,Prop0.1,86,True
KRR,0.1273188668677847,"{""regressor__kernel"": ""rbf"", ""regressor__gamma"": 0.2, ""regressor__alpha"": 0.1}",230,2074,0.02,Dune,random,2,Prop0.1,86,True
MR,0.1341512035546654,"{""lasso__regressor__alpha"": 0.01}",230,2074,0.02,Dune,random,2,Prop0.1,86,True
RF,0.0980859530486566,"{""max_features"": 1.0, ""min_samples_leaf"": 1, ""n_estimators"": 20}",230,2074,0.06,Dune,random,2,Prop0.1,86,True
SVR,0.1082035287969023,"{""regressor__tol"": 0.05, ""regressor__shrinking"": true, ""regressor__epsilon"": 0.1, ""regressor__coef0"": 1.0, ""regressor__C"": 5.0}",230,2074,0.04,Dune,random,2,Prop0.1,86,True
CART,0.0981699241256013,"{""max_features"": 1.0, ""min_samples_leaf"": 1, ""splitter"": ""best""}",230,2074,0.0,Dune,random,2,Prop0.1,87,True
kNN,0.1321057052128487,"{""n_neighbors"": 8, ""p"": 1, ""weights"": ""distance""}",230,2074,0.03,Dune,random,2,Prop0.1,87,True
KRR,0.1033266806671196,"{""regressor__kernel"": ""rbf"", ""regressor__gamma"": 0.2, ""regressor__alpha"": 0.1}",230,2074,0.02,Dune,random,2,Prop0.1,87,True
MR,0.0961611150647586,"{""lasso__regressor__alpha"": 0.01}",230,2074,0.02,Dune,random,2,Prop0.1,87,True
RF,0.0896961111328954,"{""max_features"": 1.0, ""min_samples_leaf"": 1, ""n_estimators"": 20}",230,2074,0.05,Dune,random,2,Prop0.1,87,True
SVR,0.0967746827309649,"{""regressor__tol"": 0.05, ""regressor__shrinking"": true, ""regressor__epsilon"": 0.1, ""regressor__coef0"": 1.0, ""regressor__C"": 5.0}",230,2074,0.05,Dune,random,2,Prop0.1,87,True
CART,0.1048354699322326,"{""max_features"": 1.0, ""min_samples_leaf"": 1, ""splitter"": ""best""}",230,2074,0.0,Dune,random,2,Prop0.1,88,True
kNN,0.1311966259049433,"{""n_neighbors"": 8, ""p"": 1, ""weights"": ""distance""}",230,2074,0.02,Dune,random,2,Prop0.1,88,True
KRR,0.1108366652822005,"{""regressor__kernel"": ""rbf"", ""regressor__gamma"": 0.2, ""regressor__alpha"": 0.1}",230,2074,0.02,Dune,random,2,Prop0.1,88,True
MR,0.1128220225112541,"{""lasso__regressor__alpha"": 0.01}",230,2074,0.02,Dune,random,2,Prop0.1,88,True
RF,0.0973688804778024,"{""max_features"": 1.0, ""min_samples_leaf"": 1, ""n_estimators"": 20}",230,2074,0.06,Dune,random,2,Prop0.1,88,True
SVR,0.0992817662043447,"{""regressor__tol"": 0.05, ""regressor__shrinking"": true, ""regressor__epsilon"": 0.1, ""regressor__coef0"": 1.0, ""regressor__C"": 5.0}",230,2074,0.05,Dune,random,2,Prop0.1,88,True
CART,0.1070711842643135,"{""max_features"": 1.0, ""min_samples_leaf"": 1, ""splitter"": ""best""}",230,2074,0.0,Dune,random,2,Prop0.1,89,True
kNN,0.1334896988547242,"{""n_neighbors"": 8, ""p"": 1, ""weights"": ""distance""}",230,2074,0.03,Dune,random,2,Prop0.1,89,True
KRR,0.124244585740552,"{""regressor__kernel"": ""rbf"", ""regressor__gamma"": 0.2, ""regressor__alpha"": 0.1}",230,2074,0.02,Dune,random,2,Prop0.1,89,True
MR,0.1294145865342052,"{""lasso__regressor__alpha"": 0.01}",230,2074,0.02,Dune,random,2,Prop0.1,89,True
RF,0.1081230084335063,"{""max_features"": 1.0, ""min_samples_leaf"": 1, ""n_estimators"": 20}",230,2074,0.06,Dune,random,2,Prop0.1,89,True
SVR,0.1054088834855516,"{""regressor__tol"": 0.05, ""regressor__shrinking"": true, ""regressor__epsilon"": 0.1, ""regressor__coef0"": 1.0, ""regressor__C"": 5.0}",230,2074,0.04,Dune,random,2,Prop0.1,89,True
CART,0.0925424407689777,"{""max_features"": 1.0, ""min_samples_leaf"": 1, ""splitter"": ""best""}",230,2074,0.0,Dune,random,2,Prop0.1,90,True
kNN,0.1364928109256477,"{""n_neighbors"": 8, ""p"": 1, ""weights"": ""distance""}",230,2074,0.03,Dune,random,2,Prop0.1,90,True
KRR,0.1012753673624147,"{""regressor__kernel"": ""rbf"", ""regressor__gamma"": 0.2, ""regressor__alpha"": 0.1}",230,2074,0.02,Dune,random,2,Prop0.1,90,True
MR,0.1021752505061232,"{""lasso__regressor__alpha"": 0.01}",230,2074,0.02,Dune,random,2,Prop0.1,90,True
RF,0.0934895023031252,"{""max_features"": 1.0, ""min_samples_leaf"": 1, ""n_estimators"": 20}",230,2074,0.06,Dune,random,2,Prop0.1,90,True
SVR,0.0942082768239263,"{""regressor__tol"": 0.05, ""regressor__shrinking"": true, ""regressor__epsilon"": 0.1, ""regressor__coef0"": 1.0, ""regressor__C"": 5.0}",230,2074,0.05,Dune,random,2,Prop0.1,90,True
CART,0.0978408450651443,"{""max_features"": 1.0, ""min_samples_leaf"": 1, ""splitter"": ""best""}",230,2074,0.0,Dune,random,2,Prop0.1,91,True
kNN,0.1392525045698164,"{""n_neighbors"": 8, ""p"": 1, ""weights"": ""distance""}",230,2074,0.03,Dune,random,2,Prop0.1,91,True
KRR,0.1138439040451012,"{""regressor__kernel"": ""rbf"", ""regressor__gamma"": 0.2, ""regressor__alpha"": 0.1}",230,2074,0.02,Dune,random,2,Prop0.1,91,True
MR,0.1091339603769108,"{""lasso__regressor__alpha"": 0.01}",230,2074,0.02,Dune,random,2,Prop0.1,91,True
RF,0.0929714792215037,"{""max_features"": 1.0, ""min_samples_leaf"": 1, ""n_estimators"": 20}",230,2074,0.06,Dune,random,2,Prop0.1,91,True
SVR,0.0994932207441491,"{""regressor__tol"": 0.05, ""regressor__shrinking"": true, ""regressor__epsilon"": 0.1, ""regressor__coef0"": 1.0, ""regressor__C"": 5.0}",230,2074,0.05,Dune,random,2,Prop0.1,91,True
CART,0.0982655291688221,"{""max_features"": 1.0, ""min_samples_leaf"": 1, ""splitter"": ""best""}",230,2074,0.0,Dune,random,2,Prop0.1,92,True
kNN,0.1279732845512634,"{""n_neighbors"": 8, ""p"": 1, ""weights"": ""distance""}",230,2074,0.03,Dune,random,2,Prop0.1,92,True
KRR,0.1039151047279661,"{""regressor__kernel"": ""rbf"", ""regressor__gamma"": 0.2, ""regressor__alpha"": 0.1}",230,2074,0.02,Dune,random,2,Prop0.1,92,True
MR,0.0983244088840398,"{""lasso__regressor__alpha"": 0.01}",230,2074,0.02,Dune,random,2,Prop0.1,92,True
RF,0.0909759471361631,"{""max_features"": 1.0, ""min_samples_leaf"": 1, ""n_estimators"": 20}",230,2074,0.06,Dune,random,2,Prop0.1,92,True
SVR,0.1040917291338863,"{""regressor__tol"": 0.05, ""regressor__shrinking"": true, ""regressor__epsilon"": 0.1, ""regressor__coef0"": 1.0, ""regressor__C"": 5.0}",230,2074,0.05,Dune,random,2,Prop0.1,92,True
CART,0.0958911401817878,"{""max_features"": 1.0, ""min_samples_leaf"": 1, ""splitter"": ""best""}",230,2074,0.0,Dune,random,2,Prop0.1,93,True
kNN,0.1389876786655036,"{""n_neighbors"": 8, ""p"": 1, ""weights"": ""distance""}",230,2074,0.04,Dune,random,2,Prop0.1,93,True
KRR,0.1149514456842236,"{""regressor__kernel"": ""rbf"", ""regressor__gamma"": 0.2, ""regressor__alpha"": 0.1}",230,2074,0.02,Dune,random,2,Prop0.1,93,True
MR,0.1028795469265661,"{""lasso__regressor__alpha"": 0.01}",230,2074,0.03,Dune,random,2,Prop0.1,93,True
RF,0.0889022820905149,"{""max_features"": 1.0, ""min_samples_leaf"": 1, ""n_estimators"": 20}",230,2074,0.06,Dune,random,2,Prop0.1,93,True
SVR,0.1020192038847404,"{""regressor__tol"": 0.05, ""regressor__shrinking"": true, ""regressor__epsilon"": 0.1, ""regressor__coef0"": 1.0, ""regressor__C"": 5.0}",230,2074,0.04,Dune,random,2,Prop0.1,93,True
CART,0.1044827179443748,"{""max_features"": 1.0, ""min_samples_leaf"": 1, ""splitter"": ""best""}",230,2074,0.0,Dune,random,2,Prop0.1,94,True
kNN,0.1378126682814739,"{""n_neighbors"": 8, ""p"": 1, ""weights"": ""distance""}",230,2074,0.03,Dune,random,2,Prop0.1,94,True
KRR,0.1090488516562134,"{""regressor__kernel"": ""rbf"", ""regressor__gamma"": 0.2, ""regressor__alpha"": 0.1}",230,2074,0.02,Dune,random,2,Prop0.1,94,True
MR,0.0990660081061448,"{""lasso__regressor__alpha"": 0.01}",230,2074,0.02,Dune,random,2,Prop0.1,94,True
RF,0.0964359311691307,"{""max_features"": 1.0, ""min_samples_leaf"": 1, ""n_estimators"": 20}",230,2074,0.06,Dune,random,2,Prop0.1,94,True
SVR,0.1029863220094996,"{""regressor__tol"": 0.05, ""regressor__shrinking"": true, ""regressor__epsilon"": 0.1, ""regressor__coef0"": 1.0, ""regressor__C"": 5.0}",230,2074,0.05,Dune,random,2,Prop0.1,94,True
CART,0.1028707027699719,"{""max_features"": 1.0, ""min_samples_leaf"": 1, ""splitter"": ""best""}",230,2074,0.0,Dune,random,2,Prop0.1,95,True
kNN,0.1500219114001888,"{""n_neighbors"": 8, ""p"": 1, ""weights"": ""distance""}",230,2074,0.03,Dune,random,2,Prop0.1,95,True
KRR,0.1293210249761694,"{""regressor__kernel"": ""rbf"", ""regressor__gamma"": 0.2, ""regressor__alpha"": 0.1}",230,2074,0.02,Dune,random,2,Prop0.1,95,True
MR,0.1291949447601018,"{""lasso__regressor__alpha"": 0.01}",230,2074,0.02,Dune,random,2,Prop0.1,95,True
RF,0.1048785272748713,"{""max_features"": 1.0, ""min_samples_leaf"": 1, ""n_estimators"": 20}",230,2074,0.06,Dune,random,2,Prop0.1,95,True
SVR,0.1127733053006872,"{""regressor__tol"": 0.05, ""regressor__shrinking"": true, ""regressor__epsilon"": 0.1, ""regressor__coef0"": 1.0, ""regressor__C"": 5.0}",230,2074,0.04,Dune,random,2,Prop0.1,95,True
CART,0.1205047342647093,"{""max_features"": 1.0, ""min_samples_leaf"": 1, ""splitter"": ""best""}",230,2074,0.0,Dune,random,2,Prop0.1,96,True
kNN,0.1325215671085616,"{""n_neighbors"": 8, ""p"": 1, ""weights"": ""distance""}",230,2074,0.03,Dune,random,2,Prop0.1,96,True
KRR,0.1030055364452523,"{""regressor__kernel"": ""rbf"", ""regressor__gamma"": 0.2, ""regressor__alpha"": 0.1}",230,2074,0.02,Dune,random,2,Prop0.1,96,True
MR,0.0999507249788657,"{""lasso__regressor__alpha"": 0.01}",230,2074,0.03,Dune,random,2,Prop0.1,96,True
RF,0.1017914895112346,"{""max_features"": 1.0, ""min_samples_leaf"": 1, ""n_estimators"": 20}",230,2074,0.06,Dune,random,2,Prop0.1,96,True
SVR,0.0967881965609779,"{""regressor__tol"": 0.05, ""regressor__shrinking"": true, ""regressor__epsilon"": 0.1, ""regressor__coef0"": 1.0, ""regressor__C"": 5.0}",230,2074,0.05,Dune,random,2,Prop0.1,96,True
CART,0.1122817862316303,"{""max_features"": 1.0, ""min_samples_leaf"": 1, ""splitter"": ""best""}",230,2074,0.0,Dune,random,2,Prop0.1,97,True
kNN,0.1338342879451566,"{""n_neighbors"": 8, ""p"": 1, ""weights"": ""distance""}",230,2074,0.03,Dune,random,2,Prop0.1,97,True
KRR,0.1075844896297471,"{""regressor__kernel"": ""rbf"", ""regressor__gamma"": 0.2, ""regressor__alpha"": 0.1}",230,2074,0.02,Dune,random,2,Prop0.1,97,True
MR,0.0973072873457253,"{""lasso__regressor__alpha"": 0.01}",230,2074,0.02,Dune,random,2,Prop0.1,97,True
RF,0.0979819852148485,"{""max_features"": 1.0, ""min_samples_leaf"": 1, ""n_estimators"": 20}",230,2074,0.06,Dune,random,2,Prop0.1,97,True
SVR,0.0998220067764686,"{""regressor__tol"": 0.05, ""regressor__shrinking"": true, ""regressor__epsilon"": 0.1, ""regressor__coef0"": 1.0, ""regressor__C"": 5.0}",230,2074,0.05,Dune,random,2,Prop0.1,97,True
CART,0.0995276962277086,"{""max_features"": 1.0, ""min_samples_leaf"": 1, ""splitter"": ""best""}",230,2074,0.0,Dune,random,2,Prop0.1,98,True
kNN,0.1318915773962313,"{""n_neighbors"": 8, ""p"": 1, ""weights"": ""distance""}",230,2074,0.03,Dune,random,2,Prop0.1,98,True
KRR,0.0976547858690814,"{""regressor__kernel"": ""rbf"", ""regressor__gamma"": 0.2, ""regressor__alpha"": 0.1}",230,2074,0.02,Dune,random,2,Prop0.1,98,True
MR,0.0977821205877711,"{""lasso__regressor__alpha"": 0.01}",230,2074,0.02,Dune,random,2,Prop0.1,98,True
RF,0.0916993199559492,"{""max_features"": 1.0, ""min_samples_leaf"": 1, ""n_estimators"": 20}",230,2074,0.06,Dune,random,2,Prop0.1,98,True
SVR,0.0942421101564453,"{""regressor__tol"": 0.05, ""regressor__shrinking"": true, ""regressor__epsilon"": 0.1, ""regressor__coef0"": 1.0, ""regressor__C"": 5.0}",230,2074,0.05,Dune,random,2,Prop0.1,98,True
CART,0.1095476146876552,"{""max_features"": 1.0, ""min_samples_leaf"": 1, ""splitter"": ""best""}",230,2074,0.0,Dune,random,2,Prop0.1,99,True
kNN,0.1368834574351499,"{""n_neighbors"": 8, ""p"": 1, ""weights"": ""distance""}",230,2074,0.03,Dune,random,2,Prop0.1,99,True
KRR,0.1071031614791079,"{""regressor__kernel"": ""rbf"", ""regressor__gamma"": 0.2, ""regressor__alpha"": 0.1}",230,2074,0.02,Dune,random,2,Prop0.1,99,True
MR,0.1028116004503805,"{""lasso__regressor__alpha"": 0.01}",230,2074,0.02,Dune,random,2,Prop0.1,99,True
RF,0.0926170352935893,"{""max_features"": 1.0, ""min_samples_leaf"": 1, ""n_estimators"": 20}",230,2074,0.06,Dune,random,2,Prop0.1,99,True
SVR,0.0954923853124397,"{""regressor__tol"": 0.05, ""regressor__shrinking"": true, ""regressor__epsilon"": 0.1, ""regressor__coef0"": 1.0, ""regressor__C"": 5.0}",230,2074,0.03,Dune,random,2,Prop0.1,99,True
CART,0.1013244120988599,"{""max_features"": 1.0, ""min_samples_leaf"": 1, ""splitter"": ""best""}",230,2074,0.0,Dune,random,2,Prop0.1,100,True
kNN,0.1500875862713091,"{""n_neighbors"": 8, ""p"": 1, ""weights"": ""distance""}",230,2074,0.03,Dune,random,2,Prop0.1,100,True
KRR,0.1070957219618113,"{""regressor__kernel"": ""rbf"", ""regressor__gamma"": 0.2, ""regressor__alpha"": 0.1}",230,2074,0.01,Dune,random,2,Prop0.1,100,True
MR,0.109731374259955,"{""lasso__regressor__alpha"": 0.01}",230,2074,0.01,Dune,random,2,Prop0.1,100,True
RF,0.1020473827159696,"{""max_features"": 1.0, ""min_samples_leaf"": 1, ""n_estimators"": 20}",230,2074,0.03,Dune,random,2,Prop0.1,100,True
SVR,0.1033389682181884,"{""regressor__tol"": 0.05, ""regressor__shrinking"": true, ""regressor__epsilon"": 0.1, ""regressor__coef0"": 1.0, ""regressor__C"": 5.0}",230,2074,0.03,Dune,random,2,Prop0.1,100,True
CART,0.0943494655745049,"{""max_features"": 1.0, ""min_samples_leaf"": 2, ""splitter"": ""random""}",346,1958,0.0,Dune,random,2,Prop0.15,1,True
kNN,0.1257915988766186,"{""n_neighbors"": 15, ""p"": 1, ""weights"": ""distance""}",346,1958,0.04,Dune,random,2,Prop0.15,1,True
KRR,0.092414767742547,"{""regressor__kernel"": ""rbf"", ""regressor__gamma"": 0.2, ""regressor__alpha"": 0.1}",346,1958,0.04,Dune,random,2,Prop0.15,1,True
MR,0.0954185468689269,"{""lasso__regressor__alpha"": 0.01}",346,1958,0.03,Dune,random,2,Prop0.15,1,True
RF,0.0883072364853475,"{""max_features"": 1.0, ""min_samples_leaf"": 1, ""n_estimators"": 10}",346,1958,0.04,Dune,random,2,Prop0.15,1,True
SVR,0.0937572079093643,"{""regressor__tol"": 0.1, ""regressor__shrinking"": false, ""regressor__epsilon"": 0.1, ""regressor__coef0"": 1.0, ""regressor__C"": 1.0}",346,1958,0.06,Dune,random,2,Prop0.15,1,True
CART,0.08833600657188,"{""max_features"": 1.0, ""min_samples_leaf"": 2, ""splitter"": ""random""}",346,1958,0.0,Dune,random,2,Prop0.15,2,True
kNN,0.1266300451778639,"{""n_neighbors"": 15, ""p"": 1, ""weights"": ""distance""}",346,1958,0.04,Dune,random,2,Prop0.15,2,True
KRR,0.1097668502408758,"{""regressor__kernel"": ""rbf"", ""regressor__gamma"": 0.2, ""regressor__alpha"": 0.1}",346,1958,0.04,Dune,random,2,Prop0.15,2,True
MR,0.1047311127735662,"{""lasso__regressor__alpha"": 0.01}",346,1958,0.03,Dune,random,2,Prop0.15,2,True
RF,0.0821146500006616,"{""max_features"": 1.0, ""min_samples_leaf"": 1, ""n_estimators"": 10}",346,1958,0.04,Dune,random,2,Prop0.15,2,True
SVR,0.0951981443618465,"{""regressor__tol"": 0.1, ""regressor__shrinking"": false, ""regressor__epsilon"": 0.1, ""regressor__coef0"": 1.0, ""regressor__C"": 1.0}",346,1958,0.06,Dune,random,2,Prop0.15,2,True
CART,0.0885092640382803,"{""max_features"": 1.0, ""min_samples_leaf"": 2, ""splitter"": ""random""}",346,1958,0.0,Dune,random,2,Prop0.15,3,True
kNN,0.1400499141490277,"{""n_neighbors"": 15, ""p"": 1, ""weights"": ""distance""}",346,1958,0.04,Dune,random,2,Prop0.15,3,True
KRR,0.1051690477250061,"{""regressor__kernel"": ""rbf"", ""regressor__gamma"": 0.2, ""regressor__alpha"": 0.1}",346,1958,0.04,Dune,random,2,Prop0.15,3,True
MR,0.105825834068269,"{""lasso__regressor__alpha"": 0.01}",346,1958,0.03,Dune,random,2,Prop0.15,3,True
RF,0.0808198775204219,"{""max_features"": 1.0, ""min_samples_leaf"": 1, ""n_estimators"": 10}",346,1958,0.03,Dune,random,2,Prop0.15,3,True
SVR,0.0902988916699811,"{""regressor__tol"": 0.1, ""regressor__shrinking"": false, ""regressor__epsilon"": 0.1, ""regressor__coef0"": 1.0, ""regressor__C"": 1.0}",346,1958,0.05,Dune,random,2,Prop0.15,3,True
CART,0.0850483522850049,"{""max_features"": 1.0, ""min_samples_leaf"": 2, ""splitter"": ""random""}",346,1958,0.0,Dune,random,2,Prop0.15,4,True
kNN,0.1343970515525804,"{""n_neighbors"": 15, ""p"": 1, ""weights"": ""distance""}",346,1958,0.04,Dune,random,2,Prop0.15,4,True
KRR,0.107611844320248,"{""regressor__kernel"": ""rbf"", ""regressor__gamma"": 0.2, ""regressor__alpha"": 0.1}",346,1958,0.04,Dune,random,2,Prop0.15,4,True
MR,0.1161269623657191,"{""lasso__regressor__alpha"": 0.01}",346,1958,0.03,Dune,random,2,Prop0.15,4,True
RF,0.0761675087037036,"{""max_features"": 1.0, ""min_samples_leaf"": 1, ""n_estimators"": 10}",346,1958,0.03,Dune,random,2,Prop0.15,4,True
SVR,0.0908669609800226,"{""regressor__tol"": 0.1, ""regressor__shrinking"": false, ""regressor__epsilon"": 0.1, ""regressor__coef0"": 1.0, ""regressor__C"": 1.0}",346,1958,0.04,Dune,random,2,Prop0.15,4,True
CART,0.0938287268181891,"{""max_features"": 1.0, ""min_samples_leaf"": 2, ""splitter"": ""random""}",346,1958,0.0,Dune,random,2,Prop0.15,5,True
kNN,0.1250866588292516,"{""n_neighbors"": 15, ""p"": 1, ""weights"": ""distance""}",346,1958,0.04,Dune,random,2,Prop0.15,5,True
KRR,0.0995779012502637,"{""regressor__kernel"": ""rbf"", ""regressor__gamma"": 0.2, ""regressor__alpha"": 0.1}",346,1958,0.02,Dune,random,2,Prop0.15,5,True
MR,0.1068074983702483,"{""lasso__regressor__alpha"": 0.01}",346,1958,0.03,Dune,random,2,Prop0.15,5,True
RF,0.0814506067785867,"{""max_features"": 1.0, ""min_samples_leaf"": 1, ""n_estimators"": 10}",346,1958,0.03,Dune,random,2,Prop0.15,5,True
SVR,0.0899226252439307,"{""regressor__tol"": 0.1, ""regressor__shrinking"": false, ""regressor__epsilon"": 0.1, ""regressor__coef0"": 1.0, ""regressor__C"": 1.0}",346,1958,0.06,Dune,random,2,Prop0.15,5,True
CART,0.0866531376801413,"{""max_features"": 1.0, ""min_samples_leaf"": 2, ""splitter"": ""random""}",346,1958,0.0,Dune,random,2,Prop0.15,6,True
kNN,0.1301088430134567,"{""n_neighbors"": 15, ""p"": 1, ""weights"": ""distance""}",346,1958,0.04,Dune,random,2,Prop0.15,6,True
KRR,0.1067055558475616,"{""regressor__kernel"": ""rbf"", ""regressor__gamma"": 0.2, ""regressor__alpha"": 0.1}",346,1958,0.02,Dune,random,2,Prop0.15,6,True
MR,0.1034731810326203,"{""lasso__regressor__alpha"": 0.01}",346,1958,0.03,Dune,random,2,Prop0.15,6,True
RF,0.0823101382779636,"{""max_features"": 1.0, ""min_samples_leaf"": 1, ""n_estimators"": 10}",346,1958,0.03,Dune,random,2,Prop0.15,6,True
SVR,0.0863020932153249,"{""regressor__tol"": 0.1, ""regressor__shrinking"": false, ""regressor__epsilon"": 0.1, ""regressor__coef0"": 1.0, ""regressor__C"": 1.0}",346,1958,0.06,Dune,random,2,Prop0.15,6,True
CART,0.0943717337550381,"{""max_features"": 1.0, ""min_samples_leaf"": 2, ""splitter"": ""random""}",346,1958,0.0,Dune,random,2,Prop0.15,7,True
kNN,0.1264662437280878,"{""n_neighbors"": 15, ""p"": 1, ""weights"": ""distance""}",346,1958,0.04,Dune,random,2,Prop0.15,7,True
KRR,0.0998952871595735,"{""regressor__kernel"": ""rbf"", ""regressor__gamma"": 0.2, ""regressor__alpha"": 0.1}",346,1958,0.02,Dune,random,2,Prop0.15,7,True
MR,0.1021956987397295,"{""lasso__regressor__alpha"": 0.01}",346,1958,0.02,Dune,random,2,Prop0.15,7,True
RF,0.0807387010030671,"{""max_features"": 1.0, ""min_samples_leaf"": 1, ""n_estimators"": 10}",346,1958,0.03,Dune,random,2,Prop0.15,7,True
SVR,0.0930642225385025,"{""regressor__tol"": 0.1, ""regressor__shrinking"": false, ""regressor__epsilon"": 0.1, ""regressor__coef0"": 1.0, ""regressor__C"": 1.0}",346,1958,0.05,Dune,random,2,Prop0.15,7,True
CART,0.0875552601032486,"{""max_features"": 1.0, ""min_samples_leaf"": 2, ""splitter"": ""random""}",346,1958,0.0,Dune,random,2,Prop0.15,8,True
kNN,0.1321313192551715,"{""n_neighbors"": 15, ""p"": 1, ""weights"": ""distance""}",346,1958,0.04,Dune,random,2,Prop0.15,8,True
KRR,0.1066518601366359,"{""regressor__kernel"": ""rbf"", ""regressor__gamma"": 0.2, ""regressor__alpha"": 0.1}",346,1958,0.02,Dune,random,2,Prop0.15,8,True
MR,0.1036398600604714,"{""lasso__regressor__alpha"": 0.01}",346,1958,0.03,Dune,random,2,Prop0.15,8,True
RF,0.0807934808539677,"{""max_features"": 1.0, ""min_samples_leaf"": 1, ""n_estimators"": 10}",346,1958,0.03,Dune,random,2,Prop0.15,8,True
SVR,0.088830890830537,"{""regressor__tol"": 0.1, ""regressor__shrinking"": false, ""regressor__epsilon"": 0.1, ""regressor__coef0"": 1.0, ""regressor__C"": 1.0}",346,1958,0.05,Dune,random,2,Prop0.15,8,True
CART,0.0846675148279066,"{""max_features"": 1.0, ""min_samples_leaf"": 2, ""splitter"": ""random""}",346,1958,0.0,Dune,random,2,Prop0.15,9,True
kNN,0.1269200507941822,"{""n_neighbors"": 15, ""p"": 1, ""weights"": ""distance""}",346,1958,0.03,Dune,random,2,Prop0.15,9,True
KRR,0.1187545708919459,"{""regressor__kernel"": ""rbf"", ""regressor__gamma"": 0.2, ""regressor__alpha"": 0.1}",346,1958,0.02,Dune,random,2,Prop0.15,9,True
MR,0.1165248086465012,"{""lasso__regressor__alpha"": 0.01}",346,1958,0.02,Dune,random,2,Prop0.15,9,True
RF,0.0862617933319319,"{""max_features"": 1.0, ""min_samples_leaf"": 1, ""n_estimators"": 10}",346,1958,0.04,Dune,random,2,Prop0.15,9,True
SVR,0.0919746232294854,"{""regressor__tol"": 0.1, ""regressor__shrinking"": false, ""regressor__epsilon"": 0.1, ""regressor__coef0"": 1.0, ""regressor__C"": 1.0}",346,1958,0.07,Dune,random,2,Prop0.15,9,True
CART,0.0797972921802239,"{""max_features"": 1.0, ""min_samples_leaf"": 2, ""splitter"": ""random""}",346,1958,0.0,Dune,random,2,Prop0.15,10,True
kNN,0.1253576414328584,"{""n_neighbors"": 15, ""p"": 1, ""weights"": ""distance""}",346,1958,0.04,Dune,random,2,Prop0.15,10,True
KRR,0.0970016817301948,"{""regressor__kernel"": ""rbf"", ""regressor__gamma"": 0.2, ""regressor__alpha"": 0.1}",346,1958,0.02,Dune,random,2,Prop0.15,10,True
MR,0.1033296535020745,"{""lasso__regressor__alpha"": 0.01}",346,1958,0.03,Dune,random,2,Prop0.15,10,True
RF,0.0790356123330744,"{""max_features"": 1.0, ""min_samples_leaf"": 1, ""n_estimators"": 10}",346,1958,0.03,Dune,random,2,Prop0.15,10,True
SVR,0.0897926543284413,"{""regressor__tol"": 0.1, ""regressor__shrinking"": false, ""regressor__epsilon"": 0.1, ""regressor__coef0"": 1.0, ""regressor__C"": 1.0}",346,1958,0.06,Dune,random,2,Prop0.15,10,True
CART,0.0920241100756457,"{""max_features"": 1.0, ""min_samples_leaf"": 2, ""splitter"": ""random""}",346,1958,0.0,Dune,random,2,Prop0.15,11,True
kNN,0.1328103966785292,"{""n_neighbors"": 15, ""p"": 1, ""weights"": ""distance""}",346,1958,0.03,Dune,random,2,Prop0.15,11,True
KRR,0.1069686085508398,"{""regressor__kernel"": ""rbf"", ""regressor__gamma"": 0.2, ""regressor__alpha"": 0.1}",346,1958,0.02,Dune,random,2,Prop0.15,11,True
MR,0.0963152736250758,"{""lasso__regressor__alpha"": 0.01}",346,1958,0.03,Dune,random,2,Prop0.15,11,True
RF,0.0890429741994285,"{""max_features"": 1.0, ""min_samples_leaf"": 1, ""n_estimators"": 10}",346,1958,0.03,Dune,random,2,Prop0.15,11,True
SVR,0.0948133638167024,"{""regressor__tol"": 0.1, ""regressor__shrinking"": false, ""regressor__epsilon"": 0.1, ""regressor__coef0"": 1.0, ""regressor__C"": 1.0}",346,1958,0.05,Dune,random,2,Prop0.15,11,True
CART,0.0868511175429851,"{""max_features"": 1.0, ""min_samples_leaf"": 2, ""splitter"": ""random""}",346,1958,0.0,Dune,random,2,Prop0.15,12,True
kNN,0.1346458215642403,"{""n_neighbors"": 15, ""p"": 1, ""weights"": ""distance""}",346,1958,0.04,Dune,random,2,Prop0.15,12,True
KRR,0.1134442580279921,"{""regressor__kernel"": ""rbf"", ""regressor__gamma"": 0.2, ""regressor__alpha"": 0.1}",346,1958,0.02,Dune,random,2,Prop0.15,12,True
MR,0.1184063710766119,"{""lasso__regressor__alpha"": 0.01}",346,1958,0.03,Dune,random,2,Prop0.15,12,True
RF,0.1036992156517508,"{""max_features"": 1.0, ""min_samples_leaf"": 1, ""n_estimators"": 10}",346,1958,0.03,Dune,random,2,Prop0.15,12,True
SVR,0.0916418074730593,"{""regressor__tol"": 0.1, ""regressor__shrinking"": false, ""regressor__epsilon"": 0.1, ""regressor__coef0"": 1.0, ""regressor__C"": 1.0}",346,1958,0.05,Dune,random,2,Prop0.15,12,True
CART,0.0979815501930757,"{""max_features"": 1.0, ""min_samples_leaf"": 2, ""splitter"": ""random""}",346,1958,0.0,Dune,random,2,Prop0.15,13,True
kNN,0.1344257465962081,"{""n_neighbors"": 15, ""p"": 1, ""weights"": ""distance""}",346,1958,0.04,Dune,random,2,Prop0.15,13,True
KRR,0.0971243807452472,"{""regressor__kernel"": ""rbf"", ""regressor__gamma"": 0.2, ""regressor__alpha"": 0.1}",346,1958,0.02,Dune,random,2,Prop0.15,13,True
MR,0.1000068236208974,"{""lasso__regressor__alpha"": 0.01}",346,1958,0.03,Dune,random,2,Prop0.15,13,True
RF,0.0925988533629076,"{""max_features"": 1.0, ""min_samples_leaf"": 1, ""n_estimators"": 10}",346,1958,0.03,Dune,random,2,Prop0.15,13,True
SVR,0.09400217395477,"{""regressor__tol"": 0.1, ""regressor__shrinking"": false, ""regressor__epsilon"": 0.1, ""regressor__coef0"": 1.0, ""regressor__C"": 1.0}",346,1958,0.06,Dune,random,2,Prop0.15,13,True
CART,0.0860639375704029,"{""max_features"": 1.0, ""min_samples_leaf"": 2, ""splitter"": ""random""}",346,1958,0.0,Dune,random,2,Prop0.15,14,True
kNN,0.126247371991341,"{""n_neighbors"": 15, ""p"": 1, ""weights"": ""distance""}",346,1958,0.04,Dune,random,2,Prop0.15,14,True
KRR,0.0961376461789158,"{""regressor__kernel"": ""rbf"", ""regressor__gamma"": 0.2, ""regressor__alpha"": 0.1}",346,1958,0.02,Dune,random,2,Prop0.15,14,True
MR,0.0948983486177385,"{""lasso__regressor__alpha"": 0.01}",346,1958,0.03,Dune,random,2,Prop0.15,14,True
RF,0.0807554727410773,"{""max_features"": 1.0, ""min_samples_leaf"": 1, ""n_estimators"": 10}",346,1958,0.03,Dune,random,2,Prop0.15,14,True
SVR,0.0896511972917736,"{""regressor__tol"": 0.1, ""regressor__shrinking"": false, ""regressor__epsilon"": 0.1, ""regressor__coef0"": 1.0, ""regressor__C"": 1.0}",346,1958,0.06,Dune,random,2,Prop0.15,14,True
CART,0.0892625512361278,"{""max_features"": 1.0, ""min_samples_leaf"": 2, ""splitter"": ""random""}",346,1958,0.0,Dune,random,2,Prop0.15,15,True
kNN,0.1317239353546062,"{""n_neighbors"": 15, ""p"": 1, ""weights"": ""distance""}",346,1958,0.03,Dune,random,2,Prop0.15,15,True
KRR,0.1003605083500537,"{""regressor__kernel"": ""rbf"", ""regressor__gamma"": 0.2, ""regressor__alpha"": 0.1}",346,1958,0.02,Dune,random,2,Prop0.15,15,True
MR,0.1070290186196989,"{""lasso__regressor__alpha"": 0.01}",346,1958,0.02,Dune,random,2,Prop0.15,15,True
RF,0.0879607000473213,"{""max_features"": 1.0, ""min_samples_leaf"": 1, ""n_estimators"": 10}",346,1958,0.03,Dune,random,2,Prop0.15,15,True
SVR,0.0912707982086096,"{""regressor__tol"": 0.1, ""regressor__shrinking"": false, ""regressor__epsilon"": 0.1, ""regressor__coef0"": 1.0, ""regressor__C"": 1.0}",346,1958,0.05,Dune,random,2,Prop0.15,15,True
CART,0.100140628318452,"{""max_features"": 1.0, ""min_samples_leaf"": 2, ""splitter"": ""random""}",346,1958,0.0,Dune,random,2,Prop0.15,16,True
kNN,0.1305056073638807,"{""n_neighbors"": 15, ""p"": 1, ""weights"": ""distance""}",346,1958,0.04,Dune,random,2,Prop0.15,16,True
KRR,0.0902872459875803,"{""regressor__kernel"": ""rbf"", ""regressor__gamma"": 0.2, ""regressor__alpha"": 0.1}",346,1958,0.02,Dune,random,2,Prop0.15,16,True
MR,0.1008051920077721,"{""lasso__regressor__alpha"": 0.01}",346,1958,0.03,Dune,random,2,Prop0.15,16,True
RF,0.0882816166212252,"{""max_features"": 1.0, ""min_samples_leaf"": 1, ""n_estimators"": 10}",346,1958,0.03,Dune,random,2,Prop0.15,16,True
SVR,0.0938106836782965,"{""regressor__tol"": 0.1, ""regressor__shrinking"": false, ""regressor__epsilon"": 0.1, ""regressor__coef0"": 1.0, ""regressor__C"": 1.0}",346,1958,0.06,Dune,random,2,Prop0.15,16,True
CART,0.0819725079442373,"{""max_features"": 1.0, ""min_samples_leaf"": 2, ""splitter"": ""random""}",346,1958,0.0,Dune,random,2,Prop0.15,17,True
kNN,0.12492915996784,"{""n_neighbors"": 15, ""p"": 1, ""weights"": ""distance""}",346,1958,0.02,Dune,random,2,Prop0.15,17,True
KRR,0.0984834399921466,"{""regressor__kernel"": ""rbf"", ""regressor__gamma"": 0.2, ""regressor__alpha"": 0.1}",346,1958,0.01,Dune,random,2,Prop0.15,17,True
MR,0.1026783494875844,"{""lasso__regressor__alpha"": 0.01}",346,1958,0.02,Dune,random,2,Prop0.15,17,True
RF,0.0774325452564243,"{""max_features"": 1.0, ""min_samples_leaf"": 1, ""n_estimators"": 10}",346,1958,0.02,Dune,random,2,Prop0.15,17,True
SVR,0.0881157600936665,"{""regressor__tol"": 0.1, ""regressor__shrinking"": false, ""regressor__epsilon"": 0.1, ""regressor__coef0"": 1.0, ""regressor__C"": 1.0}",346,1958,0.03,Dune,random,2,Prop0.15,17,True
CART,0.0889170983300839,"{""max_features"": 1.0, ""min_samples_leaf"": 2, ""splitter"": ""random""}",346,1958,0.0,Dune,random,2,Prop0.15,18,True
kNN,0.1252970057938497,"{""n_neighbors"": 15, ""p"": 1, ""weights"": ""distance""}",346,1958,0.03,Dune,random,2,Prop0.15,18,True
KRR,0.0936172750749112,"{""regressor__kernel"": ""rbf"", ""regressor__gamma"": 0.2, ""regressor__alpha"": 0.1}",346,1958,0.02,Dune,random,2,Prop0.15,18,True
MR,0.0931877820686881,"{""lasso__regressor__alpha"": 0.01}",346,1958,0.02,Dune,random,2,Prop0.15,18,True
RF,0.0873672703587627,"{""max_features"": 1.0, ""min_samples_leaf"": 1, ""n_estimators"": 10}",346,1958,0.04,Dune,random,2,Prop0.15,18,True
SVR,0.089266948830456,"{""regressor__tol"": 0.1, ""regressor__shrinking"": false, ""regressor__epsilon"": 0.1, ""regressor__coef0"": 1.0, ""regressor__C"": 1.0}",346,1958,0.06,Dune,random,2,Prop0.15,18,True
CART,0.0906610725096216,"{""max_features"": 1.0, ""min_samples_leaf"": 2, ""splitter"": ""random""}",346,1958,0.0,Dune,random,2,Prop0.15,19,True
kNN,0.125954167000435,"{""n_neighbors"": 15, ""p"": 1, ""weights"": ""distance""}",346,1958,0.04,Dune,random,2,Prop0.15,19,True
KRR,0.0893643507114482,"{""regressor__kernel"": ""rbf"", ""regressor__gamma"": 0.2, ""regressor__alpha"": 0.1}",346,1958,0.02,Dune,random,2,Prop0.15,19,True
MR,0.0888553278018825,"{""lasso__regressor__alpha"": 0.01}",346,1958,0.02,Dune,random,2,Prop0.15,19,True
RF,0.0850679099614921,"{""max_features"": 1.0, ""min_samples_leaf"": 1, ""n_estimators"": 10}",346,1958,0.03,Dune,random,2,Prop0.15,19,True
SVR,0.090362594750341,"{""regressor__tol"": 0.1, ""regressor__shrinking"": false, ""regressor__epsilon"": 0.1, ""regressor__coef0"": 1.0, ""regressor__C"": 1.0}",346,1958,0.06,Dune,random,2,Prop0.15,19,True
CART,0.0929524461365651,"{""max_features"": 1.0, ""min_samples_leaf"": 2, ""splitter"": ""random""}",346,1958,0.0,Dune,random,2,Prop0.15,20,True
kNN,0.1363385103997554,"{""n_neighbors"": 15, ""p"": 1, ""weights"": ""distance""}",346,1958,0.02,Dune,random,2,Prop0.15,20,True
KRR,0.1109166417321924,"{""regressor__kernel"": ""rbf"", ""regressor__gamma"": 0.2, ""regressor__alpha"": 0.1}",346,1958,0.01,Dune,random,2,Prop0.15,20,True
MR,0.1121451450773921,"{""lasso__regressor__alpha"": 0.01}",346,1958,0.02,Dune,random,2,Prop0.15,20,True
RF,0.090158619028762,"{""max_features"": 1.0, ""min_samples_leaf"": 1, ""n_estimators"": 10}",346,1958,0.02,Dune,random,2,Prop0.15,20,True
SVR,0.0885146276517739,"{""regressor__tol"": 0.1, ""regressor__shrinking"": false, ""regressor__epsilon"": 0.1, ""regressor__coef0"": 1.0, ""regressor__C"": 1.0}",346,1958,0.03,Dune,random,2,Prop0.15,20,True
CART,0.0905705165297242,"{""max_features"": 1.0, ""min_samples_leaf"": 2, ""splitter"": ""random""}",346,1958,0.0,Dune,random,2,Prop0.15,21,True
kNN,0.1299402794185535,"{""n_neighbors"": 15, ""p"": 1, ""weights"": ""distance""}",346,1958,0.03,Dune,random,2,Prop0.15,21,True
KRR,0.1027139852963851,"{""regressor__kernel"": ""rbf"", ""regressor__gamma"": 0.2, ""regressor__alpha"": 0.1}",346,1958,0.03,Dune,random,2,Prop0.15,21,True
MR,0.1103828509979415,"{""lasso__regressor__alpha"": 0.01}",346,1958,0.02,Dune,random,2,Prop0.15,21,True
RF,0.0835096508830579,"{""max_features"": 1.0, ""min_samples_leaf"": 1, ""n_estimators"": 10}",346,1958,0.03,Dune,random,2,Prop0.15,21,True
SVR,0.0870263894360661,"{""regressor__tol"": 0.1, ""regressor__shrinking"": false, ""regressor__epsilon"": 0.1, ""regressor__coef0"": 1.0, ""regressor__C"": 1.0}",346,1958,0.05,Dune,random,2,Prop0.15,21,True
CART,0.0780942435202991,"{""max_features"": 1.0, ""min_samples_leaf"": 2, ""splitter"": ""random""}",346,1958,0.0,Dune,random,2,Prop0.15,22,True
kNN,0.1175505290760301,"{""n_neighbors"": 15, ""p"": 1, ""weights"": ""distance""}",346,1958,0.02,Dune,random,2,Prop0.15,22,True
KRR,0.0913170486029573,"{""regressor__kernel"": ""rbf"", ""regressor__gamma"": 0.2, ""regressor__alpha"": 0.1}",346,1958,0.01,Dune,random,2,Prop0.15,22,True
MR,0.098378436952279,"{""lasso__regressor__alpha"": 0.01}",346,1958,0.02,Dune,random,2,Prop0.15,22,True
RF,0.0802882148515027,"{""max_features"": 1.0, ""min_samples_leaf"": 1, ""n_estimators"": 10}",346,1958,0.02,Dune,random,2,Prop0.15,22,True
SVR,0.0863014838609618,"{""regressor__tol"": 0.1, ""regressor__shrinking"": false, ""regressor__epsilon"": 0.1, ""regressor__coef0"": 1.0, ""regressor__C"": 1.0}",346,1958,0.03,Dune,random,2,Prop0.15,22,True
CART,0.0879207837407516,"{""max_features"": 1.0, ""min_samples_leaf"": 2, ""splitter"": ""random""}",346,1958,0.0,Dune,random,2,Prop0.15,23,True
kNN,0.1254838701444066,"{""n_neighbors"": 15, ""p"": 1, ""weights"": ""distance""}",346,1958,0.04,Dune,random,2,Prop0.15,23,True
KRR,0.0942458465881406,"{""regressor__kernel"": ""rbf"", ""regressor__gamma"": 0.2, ""regressor__alpha"": 0.1}",346,1958,0.02,Dune,random,2,Prop0.15,23,True
MR,0.1004206971109144,"{""lasso__regressor__alpha"": 0.01}",346,1958,0.03,Dune,random,2,Prop0.15,23,True
RF,0.0821213918303767,"{""max_features"": 1.0, ""min_samples_leaf"": 1, ""n_estimators"": 10}",346,1958,0.03,Dune,random,2,Prop0.15,23,True
SVR,0.0913433484801628,"{""regressor__tol"": 0.1, ""regressor__shrinking"": false, ""regressor__epsilon"": 0.1, ""regressor__coef0"": 1.0, ""regressor__C"": 1.0}",346,1958,0.05,Dune,random,2,Prop0.15,23,True
CART,0.0967561925571479,"{""max_features"": 1.0, ""min_samples_leaf"": 2, ""splitter"": ""random""}",346,1958,0.0,Dune,random,2,Prop0.15,24,True
kNN,0.1225316335730911,"{""n_neighbors"": 15, ""p"": 1, ""weights"": ""distance""}",346,1958,0.04,Dune,random,2,Prop0.15,24,True
KRR,0.0983536577422884,"{""regressor__kernel"": ""rbf"", ""regressor__gamma"": 0.2, ""regressor__alpha"": 0.1}",346,1958,0.02,Dune,random,2,Prop0.15,24,True
MR,0.0946536490168845,"{""lasso__regressor__alpha"": 0.01}",346,1958,0.02,Dune,random,2,Prop0.15,24,True
RF,0.082315011749332,"{""max_features"": 1.0, ""min_samples_leaf"": 1, ""n_estimators"": 10}",346,1958,0.04,Dune,random,2,Prop0.15,24,True
SVR,0.091604113145782,"{""regressor__tol"": 0.1, ""regressor__shrinking"": false, ""regressor__epsilon"": 0.1, ""regressor__coef0"": 1.0, ""regressor__C"": 1.0}",346,1958,0.06,Dune,random,2,Prop0.15,24,True
CART,0.082264559102386,"{""max_features"": 1.0, ""min_samples_leaf"": 2, ""splitter"": ""random""}",346,1958,0.0,Dune,random,2,Prop0.15,25,True
kNN,0.125167953954929,"{""n_neighbors"": 15, ""p"": 1, ""weights"": ""distance""}",346,1958,0.04,Dune,random,2,Prop0.15,25,True
KRR,0.0962008656322999,"{""regressor__kernel"": ""rbf"", ""regressor__gamma"": 0.2, ""regressor__alpha"": 0.1}",346,1958,0.02,Dune,random,2,Prop0.15,25,True
MR,0.098552099150741,"{""lasso__regressor__alpha"": 0.01}",346,1958,0.03,Dune,random,2,Prop0.15,25,True
RF,0.0879301862076165,"{""max_features"": 1.0, ""min_samples_leaf"": 1, ""n_estimators"": 10}",346,1958,0.03,Dune,random,2,Prop0.15,25,True
SVR,0.0882156229856263,"{""regressor__tol"": 0.1, ""regressor__shrinking"": false, ""regressor__epsilon"": 0.1, ""regressor__coef0"": 1.0, ""regressor__C"": 1.0}",346,1958,0.06,Dune,random,2,Prop0.15,25,True
CART,0.0888282724249271,"{""max_features"": 1.0, ""min_samples_leaf"": 2, ""splitter"": ""random""}",346,1958,0.0,Dune,random,2,Prop0.15,26,True
kNN,0.1214969666954203,"{""n_neighbors"": 15, ""p"": 1, ""weights"": ""distance""}",346,1958,0.03,Dune,random,2,Prop0.15,26,True
KRR,0.0913425948315866,"{""regressor__kernel"": ""rbf"", ""regressor__gamma"": 0.2, ""regressor__alpha"": 0.1}",346,1958,0.02,Dune,random,2,Prop0.15,26,True
MR,0.0946318340932964,"{""lasso__regressor__alpha"": 0.01}",346,1958,0.02,Dune,random,2,Prop0.15,26,True
RF,0.0804771376075499,"{""max_features"": 1.0, ""min_samples_leaf"": 1, ""n_estimators"": 10}",346,1958,0.04,Dune,random,2,Prop0.15,26,True
SVR,0.0901148787019522,"{""regressor__tol"": 0.1, ""regressor__shrinking"": false, ""regressor__epsilon"": 0.1, ""regressor__coef0"": 1.0, ""regressor__C"": 1.0}",346,1958,0.07,Dune,random,2,Prop0.15,26,True
CART,0.090311722258593,"{""max_features"": 1.0, ""min_samples_leaf"": 2, ""splitter"": ""random""}",346,1958,0.0,Dune,random,2,Prop0.15,27,True
kNN,0.1289444823233375,"{""n_neighbors"": 15, ""p"": 1, ""weights"": ""distance""}",346,1958,0.03,Dune,random,2,Prop0.15,27,True
KRR,0.0934875835433751,"{""regressor__kernel"": ""rbf"", ""regressor__gamma"": 0.2, ""regressor__alpha"": 0.1}",346,1958,0.02,Dune,random,2,Prop0.15,27,True
MR,0.0933357597565906,"{""lasso__regressor__alpha"": 0.01}",346,1958,0.03,Dune,random,2,Prop0.15,27,True
RF,0.0769576167233173,"{""max_features"": 1.0, ""min_samples_leaf"": 1, ""n_estimators"": 10}",346,1958,0.03,Dune,random,2,Prop0.15,27,True
SVR,0.0889955539775861,"{""regressor__tol"": 0.1, ""regressor__shrinking"": false, ""regressor__epsilon"": 0.1, ""regressor__coef0"": 1.0, ""regressor__C"": 1.0}",346,1958,0.05,Dune,random,2,Prop0.15,27,True
CART,0.0870784226045539,"{""max_features"": 1.0, ""min_samples_leaf"": 2, ""splitter"": ""random""}",346,1958,0.0,Dune,random,2,Prop0.15,28,True
kNN,0.1235552387739214,"{""n_neighbors"": 15, ""p"": 1, ""weights"": ""distance""}",346,1958,0.03,Dune,random,2,Prop0.15,28,True
KRR,0.0986092250642763,"{""regressor__kernel"": ""rbf"", ""regressor__gamma"": 0.2, ""regressor__alpha"": 0.1}",346,1958,0.02,Dune,random,2,Prop0.15,28,True
MR,0.1006767316501038,"{""lasso__regressor__alpha"": 0.01}",346,1958,0.02,Dune,random,2,Prop0.15,28,True
RF,0.0821551715722372,"{""max_features"": 1.0, ""min_samples_leaf"": 1, ""n_estimators"": 10}",346,1958,0.04,Dune,random,2,Prop0.15,28,True
SVR,0.0883139563738544,"{""regressor__tol"": 0.1, ""regressor__shrinking"": false, ""regressor__epsilon"": 0.1, ""regressor__coef0"": 1.0, ""regressor__C"": 1.0}",346,1958,0.05,Dune,random,2,Prop0.15,28,True
CART,0.1010606625240048,"{""max_features"": 1.0, ""min_samples_leaf"": 2, ""splitter"": ""random""}",346,1958,0.0,Dune,random,2,Prop0.15,29,True
kNN,0.1246539549715406,"{""n_neighbors"": 15, ""p"": 1, ""weights"": ""distance""}",346,1958,0.04,Dune,random,2,Prop0.15,29,True
KRR,0.0965724202275897,"{""regressor__kernel"": ""rbf"", ""regressor__gamma"": 0.2, ""regressor__alpha"": 0.1}",346,1958,0.02,Dune,random,2,Prop0.15,29,True
MR,0.0977677820520134,"{""lasso__regressor__alpha"": 0.01}",346,1958,0.03,Dune,random,2,Prop0.15,29,True
RF,0.0903051553908262,"{""max_features"": 1.0, ""min_samples_leaf"": 1, ""n_estimators"": 10}",346,1958,0.03,Dune,random,2,Prop0.15,29,True
SVR,0.0950090511494048,"{""regressor__tol"": 0.1, ""regressor__shrinking"": false, ""regressor__epsilon"": 0.1, ""regressor__coef0"": 1.0, ""regressor__C"": 1.0}",346,1958,0.06,Dune,random,2,Prop0.15,29,True
CART,0.0960260727733556,"{""max_features"": 1.0, ""min_samples_leaf"": 2, ""splitter"": ""random""}",346,1958,0.0,Dune,random,2,Prop0.15,30,True
kNN,0.1189065936623117,"{""n_neighbors"": 15, ""p"": 1, ""weights"": ""distance""}",346,1958,0.04,Dune,random,2,Prop0.15,30,True
KRR,0.0987512777934277,"{""regressor__kernel"": ""rbf"", ""regressor__gamma"": 0.2, ""regressor__alpha"": 0.1}",346,1958,0.02,Dune,random,2,Prop0.15,30,True
MR,0.0949009597839421,"{""lasso__regressor__alpha"": 0.01}",346,1958,0.03,Dune,random,2,Prop0.15,30,True
RF,0.0840621704833012,"{""max_features"": 1.0, ""min_samples_leaf"": 1, ""n_estimators"": 10}",346,1958,0.03,Dune,random,2,Prop0.15,30,True
SVR,0.0934835687851885,"{""regressor__tol"": 0.1, ""regressor__shrinking"": false, ""regressor__epsilon"": 0.1, ""regressor__coef0"": 1.0, ""regressor__C"": 1.0}",346,1958,0.07,Dune,random,2,Prop0.15,30,True
CART,0.1003226780707422,"{""max_features"": 1.0, ""min_samples_leaf"": 2, ""splitter"": ""random""}",346,1958,0.0,Dune,random,2,Prop0.15,31,True
kNN,0.1271775227683798,"{""n_neighbors"": 15, ""p"": 1, ""weights"": ""distance""}",346,1958,0.03,Dune,random,2,Prop0.15,31,True
KRR,0.0891810008566608,"{""regressor__kernel"": ""rbf"", ""regressor__gamma"": 0.2, ""regressor__alpha"": 0.1}",346,1958,0.02,Dune,random,2,Prop0.15,31,True
MR,0.0904193094617476,"{""lasso__regressor__alpha"": 0.01}",346,1958,0.02,Dune,random,2,Prop0.15,31,True
RF,0.0877927684594437,"{""max_features"": 1.0, ""min_samples_leaf"": 1, ""n_estimators"": 10}",346,1958,0.03,Dune,random,2,Prop0.15,31,True
SVR,0.0896336500388706,"{""regressor__tol"": 0.1, ""regressor__shrinking"": false, ""regressor__epsilon"": 0.1, ""regressor__coef0"": 1.0, ""regressor__C"": 1.0}",346,1958,0.06,Dune,random,2,Prop0.15,31,True
CART,0.0814512396958917,"{""max_features"": 1.0, ""min_samples_leaf"": 2, ""splitter"": ""random""}",346,1958,0.0,Dune,random,2,Prop0.15,32,True
kNN,0.1329504810830409,"{""n_neighbors"": 15, ""p"": 1, ""weights"": ""distance""}",346,1958,0.04,Dune,random,2,Prop0.15,32,True
KRR,0.1007419623343926,"{""regressor__kernel"": ""rbf"", ""regressor__gamma"": 0.2, ""regressor__alpha"": 0.1}",346,1958,0.02,Dune,random,2,Prop0.15,32,True
MR,0.1061736886255763,"{""lasso__regressor__alpha"": 0.01}",346,1958,0.03,Dune,random,2,Prop0.15,32,True
RF,0.0849154419794677,"{""max_features"": 1.0, ""min_samples_leaf"": 1, ""n_estimators"": 10}",346,1958,0.04,Dune,random,2,Prop0.15,32,True
SVR,0.0879516074942798,"{""regressor__tol"": 0.1, ""regressor__shrinking"": false, ""regressor__epsilon"": 0.1, ""regressor__coef0"": 1.0, ""regressor__C"": 1.0}",346,1958,0.05,Dune,random,2,Prop0.15,32,True
CART,0.087760599190592,"{""max_features"": 1.0, ""min_samples_leaf"": 2, ""splitter"": ""random""}",346,1958,0.0,Dune,random,2,Prop0.15,33,True
kNN,0.1243641920921713,"{""n_neighbors"": 15, ""p"": 1, ""weights"": ""distance""}",346,1958,0.03,Dune,random,2,Prop0.15,33,True
KRR,0.1012953864285439,"{""regressor__kernel"": ""rbf"", ""regressor__gamma"": 0.2, ""regressor__alpha"": 0.1}",346,1958,0.02,Dune,random,2,Prop0.15,33,True
MR,0.1049157773387326,"{""lasso__regressor__alpha"": 0.01}",346,1958,0.03,Dune,random,2,Prop0.15,33,True
RF,0.0810146752833849,"{""max_features"": 1.0, ""min_samples_leaf"": 1, ""n_estimators"": 10}",346,1958,0.04,Dune,random,2,Prop0.15,33,True
SVR,0.0872754681795447,"{""regressor__tol"": 0.1, ""regressor__shrinking"": false, ""regressor__epsilon"": 0.1, ""regressor__coef0"": 1.0, ""regressor__C"": 1.0}",346,1958,0.05,Dune,random,2,Prop0.15,33,True
CART,0.0958248785742151,"{""max_features"": 1.0, ""min_samples_leaf"": 2, ""splitter"": ""random""}",346,1958,0.0,Dune,random,2,Prop0.15,34,True
kNN,0.1271494337582683,"{""n_neighbors"": 15, ""p"": 1, ""weights"": ""distance""}",346,1958,0.02,Dune,random,2,Prop0.15,34,True
KRR,0.1014498257083924,"{""regressor__kernel"": ""rbf"", ""regressor__gamma"": 0.2, ""regressor__alpha"": 0.1}",346,1958,0.02,Dune,random,2,Prop0.15,34,True
MR,0.1080821842732129,"{""lasso__regressor__alpha"": 0.01}",346,1958,0.02,Dune,random,2,Prop0.15,34,True
RF,0.0855319963718038,"{""max_features"": 1.0, ""min_samples_leaf"": 1, ""n_estimators"": 10}",346,1958,0.03,Dune,random,2,Prop0.15,34,True
SVR,0.0903667704610008,"{""regressor__tol"": 0.1, ""regressor__shrinking"": false, ""regressor__epsilon"": 0.1, ""regressor__coef0"": 1.0, ""regressor__C"": 1.0}",346,1958,0.06,Dune,random,2,Prop0.15,34,True
CART,0.0960343143781179,"{""max_features"": 1.0, ""min_samples_leaf"": 2, ""splitter"": ""random""}",346,1958,0.0,Dune,random,2,Prop0.15,35,True
kNN,0.1312292927093956,"{""n_neighbors"": 15, ""p"": 1, ""weights"": ""distance""}",346,1958,0.03,Dune,random,2,Prop0.15,35,True
KRR,0.0968586034778013,"{""regressor__kernel"": ""rbf"", ""regressor__gamma"": 0.2, ""regressor__alpha"": 0.1}",346,1958,0.02,Dune,random,2,Prop0.15,35,True
MR,0.1024090483147906,"{""lasso__regressor__alpha"": 0.01}",346,1958,0.02,Dune,random,2,Prop0.15,35,True
RF,0.0863053573593156,"{""max_features"": 1.0, ""min_samples_leaf"": 1, ""n_estimators"": 10}",346,1958,0.03,Dune,random,2,Prop0.15,35,True
SVR,0.089378136342585,"{""regressor__tol"": 0.1, ""regressor__shrinking"": false, ""regressor__epsilon"": 0.1, ""regressor__coef0"": 1.0, ""regressor__C"": 1.0}",346,1958,0.06,Dune,random,2,Prop0.15,35,True
CART,0.0955822576189392,"{""max_features"": 1.0, ""min_samples_leaf"": 2, ""splitter"": ""random""}",346,1958,0.0,Dune,random,2,Prop0.15,36,True
kNN,0.1365634769941079,"{""n_neighbors"": 15, ""p"": 1, ""weights"": ""distance""}",346,1958,0.03,Dune,random,2,Prop0.15,36,True
KRR,0.0985710726828344,"{""regressor__kernel"": ""rbf"", ""regressor__gamma"": 0.2, ""regressor__alpha"": 0.1}",346,1958,0.02,Dune,random,2,Prop0.15,36,True
MR,0.097586935595468,"{""lasso__regressor__alpha"": 0.01}",346,1958,0.02,Dune,random,2,Prop0.15,36,True
RF,0.0870180432434174,"{""max_features"": 1.0, ""min_samples_leaf"": 1, ""n_estimators"": 10}",346,1958,0.03,Dune,random,2,Prop0.15,36,True
SVR,0.0916932810500837,"{""regressor__tol"": 0.1, ""regressor__shrinking"": false, ""regressor__epsilon"": 0.1, ""regressor__coef0"": 1.0, ""regressor__C"": 1.0}",346,1958,0.06,Dune,random,2,Prop0.15,36,True
CART,0.0887190845883483,"{""max_features"": 1.0, ""min_samples_leaf"": 2, ""splitter"": ""random""}",346,1958,0.0,Dune,random,2,Prop0.15,37,True
kNN,0.1286942039563932,"{""n_neighbors"": 15, ""p"": 1, ""weights"": ""distance""}",346,1958,0.04,Dune,random,2,Prop0.15,37,True
KRR,0.109752948607101,"{""regressor__kernel"": ""rbf"", ""regressor__gamma"": 0.2, ""regressor__alpha"": 0.1}",346,1958,0.02,Dune,random,2,Prop0.15,37,True
MR,0.1131653753667357,"{""lasso__regressor__alpha"": 0.01}",346,1958,0.02,Dune,random,2,Prop0.15,37,True
RF,0.0863934357052973,"{""max_features"": 1.0, ""min_samples_leaf"": 1, ""n_estimators"": 10}",346,1958,0.03,Dune,random,2,Prop0.15,37,True
SVR,0.0879272163414674,"{""regressor__tol"": 0.1, ""regressor__shrinking"": false, ""regressor__epsilon"": 0.1, ""regressor__coef0"": 1.0, ""regressor__C"": 1.0}",346,1958,0.05,Dune,random,2,Prop0.15,37,True
CART,0.0943245237659473,"{""max_features"": 1.0, ""min_samples_leaf"": 2, ""splitter"": ""random""}",346,1958,0.0,Dune,random,2,Prop0.15,38,True
kNN,0.1270490090910192,"{""n_neighbors"": 15, ""p"": 1, ""weights"": ""distance""}",346,1958,0.04,Dune,random,2,Prop0.15,38,True
KRR,0.0980185018339453,"{""regressor__kernel"": ""rbf"", ""regressor__gamma"": 0.2, ""regressor__alpha"": 0.1}",346,1958,0.02,Dune,random,2,Prop0.15,38,True
MR,0.0975562797206407,"{""lasso__regressor__alpha"": 0.01}",346,1958,0.03,Dune,random,2,Prop0.15,38,True
RF,0.0881415245928056,"{""max_features"": 1.0, ""min_samples_leaf"": 1, ""n_estimators"": 10}",346,1958,0.03,Dune,random,2,Prop0.15,38,True
SVR,0.0928876191277724,"{""regressor__tol"": 0.1, ""regressor__shrinking"": false, ""regressor__epsilon"": 0.1, ""regressor__coef0"": 1.0, ""regressor__C"": 1.0}",346,1958,0.07,Dune,random,2,Prop0.15,38,True
CART,0.0817281253943739,"{""max_features"": 1.0, ""min_samples_leaf"": 2, ""splitter"": ""random""}",346,1958,0.0,Dune,random,2,Prop0.15,39,True
kNN,0.1165657634751188,"{""n_neighbors"": 15, ""p"": 1, ""weights"": ""distance""}",346,1958,0.03,Dune,random,2,Prop0.15,39,True
KRR,0.0925341530184017,"{""regressor__kernel"": ""rbf"", ""regressor__gamma"": 0.2, ""regressor__alpha"": 0.1}",346,1958,0.02,Dune,random,2,Prop0.15,39,True
MR,0.0936312153940805,"{""lasso__regressor__alpha"": 0.01}",346,1958,0.02,Dune,random,2,Prop0.15,39,True
RF,0.0754665598273461,"{""max_features"": 1.0, ""min_samples_leaf"": 1, ""n_estimators"": 10}",346,1958,0.03,Dune,random,2,Prop0.15,39,True
SVR,0.0878168204751177,"{""regressor__tol"": 0.1, ""regressor__shrinking"": false, ""regressor__epsilon"": 0.1, ""regressor__coef0"": 1.0, ""regressor__C"": 1.0}",346,1958,0.06,Dune,random,2,Prop0.15,39,True
CART,0.0922306877726881,"{""max_features"": 1.0, ""min_samples_leaf"": 2, ""splitter"": ""random""}",346,1958,0.0,Dune,random,2,Prop0.15,40,True
kNN,0.127654203842107,"{""n_neighbors"": 15, ""p"": 1, ""weights"": ""distance""}",346,1958,0.04,Dune,random,2,Prop0.15,40,True
KRR,0.0915410779568909,"{""regressor__kernel"": ""rbf"", ""regressor__gamma"": 0.2, ""regressor__alpha"": 0.1}",346,1958,0.02,Dune,random,2,Prop0.15,40,True
MR,0.0956762812131291,"{""lasso__regressor__alpha"": 0.01}",346,1958,0.03,Dune,random,2,Prop0.15,40,True
RF,0.0842681280060026,"{""max_features"": 1.0, ""min_samples_leaf"": 1, ""n_estimators"": 10}",346,1958,0.03,Dune,random,2,Prop0.15,40,True
SVR,0.0904199352199745,"{""regressor__tol"": 0.1, ""regressor__shrinking"": false, ""regressor__epsilon"": 0.1, ""regressor__coef0"": 1.0, ""regressor__C"": 1.0}",346,1958,0.06,Dune,random,2,Prop0.15,40,True
CART,0.0944691082148076,"{""max_features"": 1.0, ""min_samples_leaf"": 2, ""splitter"": ""random""}",346,1958,0.0,Dune,random,2,Prop0.15,41,True
kNN,0.1296272788640932,"{""n_neighbors"": 15, ""p"": 1, ""weights"": ""distance""}",346,1958,0.04,Dune,random,2,Prop0.15,41,True
KRR,0.1060513348053981,"{""regressor__kernel"": ""rbf"", ""regressor__gamma"": 0.2, ""regressor__alpha"": 0.1}",346,1958,0.02,Dune,random,2,Prop0.15,41,True
MR,0.1225366672899276,"{""lasso__regressor__alpha"": 0.01}",346,1958,0.02,Dune,random,2,Prop0.15,41,True
RF,0.0890279871770577,"{""max_features"": 1.0, ""min_samples_leaf"": 1, ""n_estimators"": 10}",346,1958,0.03,Dune,random,2,Prop0.15,41,True
SVR,0.0890399732347191,"{""regressor__tol"": 0.1, ""regressor__shrinking"": false, ""regressor__epsilon"": 0.1, ""regressor__coef0"": 1.0, ""regressor__C"": 1.0}",346,1958,0.05,Dune,random,2,Prop0.15,41,True
CART,0.0787803164111134,"{""max_features"": 1.0, ""min_samples_leaf"": 2, ""splitter"": ""random""}",346,1958,0.0,Dune,random,2,Prop0.15,42,True
kNN,0.1229553852026639,"{""n_neighbors"": 15, ""p"": 1, ""weights"": ""distance""}",346,1958,0.03,Dune,random,2,Prop0.15,42,True
KRR,0.0963713668172033,"{""regressor__kernel"": ""rbf"", ""regressor__gamma"": 0.2, ""regressor__alpha"": 0.1}",346,1958,0.02,Dune,random,2,Prop0.15,42,True
MR,0.0958587496948329,"{""lasso__regressor__alpha"": 0.01}",346,1958,0.03,Dune,random,2,Prop0.15,42,True
RF,0.0873320107387172,"{""max_features"": 1.0, ""min_samples_leaf"": 1, ""n_estimators"": 10}",346,1958,0.03,Dune,random,2,Prop0.15,42,True
SVR,0.0873486232336825,"{""regressor__tol"": 0.1, ""regressor__shrinking"": false, ""regressor__epsilon"": 0.1, ""regressor__coef0"": 1.0, ""regressor__C"": 1.0}",346,1958,0.06,Dune,random,2,Prop0.15,42,True
CART,0.0932328006170572,"{""max_features"": 1.0, ""min_samples_leaf"": 2, ""splitter"": ""random""}",346,1958,0.0,Dune,random,2,Prop0.15,43,True
kNN,0.1222409279624899,"{""n_neighbors"": 15, ""p"": 1, ""weights"": ""distance""}",346,1958,0.03,Dune,random,2,Prop0.15,43,True
KRR,0.0916831673161364,"{""regressor__kernel"": ""rbf"", ""regressor__gamma"": 0.2, ""regressor__alpha"": 0.1}",346,1958,0.02,Dune,random,2,Prop0.15,43,True
MR,0.0919148358559947,"{""lasso__regressor__alpha"": 0.01}",346,1958,0.02,Dune,random,2,Prop0.15,43,True
RF,0.0876336734987095,"{""max_features"": 1.0, ""min_samples_leaf"": 1, ""n_estimators"": 10}",346,1958,0.03,Dune,random,2,Prop0.15,43,True
SVR,0.0873203666738223,"{""regressor__tol"": 0.1, ""regressor__shrinking"": false, ""regressor__epsilon"": 0.1, ""regressor__coef0"": 1.0, ""regressor__C"": 1.0}",346,1958,0.06,Dune,random,2,Prop0.15,43,True
CART,0.0863492630314603,"{""max_features"": 1.0, ""min_samples_leaf"": 2, ""splitter"": ""random""}",346,1958,0.0,Dune,random,2,Prop0.15,44,True
kNN,0.1258002416547406,"{""n_neighbors"": 15, ""p"": 1, ""weights"": ""distance""}",346,1958,0.04,Dune,random,2,Prop0.15,44,True
KRR,0.1040245660891918,"{""regressor__kernel"": ""rbf"", ""regressor__gamma"": 0.2, ""regressor__alpha"": 0.1}",346,1958,0.02,Dune,random,2,Prop0.15,44,True
MR,0.104854079605428,"{""lasso__regressor__alpha"": 0.01}",346,1958,0.02,Dune,random,2,Prop0.15,44,True
RF,0.0781057984295333,"{""max_features"": 1.0, ""min_samples_leaf"": 1, ""n_estimators"": 10}",346,1958,0.03,Dune,random,2,Prop0.15,44,True
SVR,0.0893730040168799,"{""regressor__tol"": 0.1, ""regressor__shrinking"": false, ""regressor__epsilon"": 0.1, ""regressor__coef0"": 1.0, ""regressor__C"": 1.0}",346,1958,0.06,Dune,random,2,Prop0.15,44,True
CART,0.0909487010112039,"{""max_features"": 1.0, ""min_samples_leaf"": 2, ""splitter"": ""random""}",346,1958,0.0,Dune,random,2,Prop0.15,45,True
kNN,0.1286833942309871,"{""n_neighbors"": 15, ""p"": 1, ""weights"": ""distance""}",346,1958,0.04,Dune,random,2,Prop0.15,45,True
KRR,0.1007147289986424,"{""regressor__kernel"": ""rbf"", ""regressor__gamma"": 0.2, ""regressor__alpha"": 0.1}",346,1958,0.02,Dune,random,2,Prop0.15,45,True
MR,0.1036258079452248,"{""lasso__regressor__alpha"": 0.01}",346,1958,0.02,Dune,random,2,Prop0.15,45,True
RF,0.0946501979831053,"{""max_features"": 1.0, ""min_samples_leaf"": 1, ""n_estimators"": 10}",346,1958,0.04,Dune,random,2,Prop0.15,45,True
SVR,0.0894390195747334,"{""regressor__tol"": 0.1, ""regressor__shrinking"": false, ""regressor__epsilon"": 0.1, ""regressor__coef0"": 1.0, ""regressor__C"": 1.0}",346,1958,0.05,Dune,random,2,Prop0.15,45,True
CART,0.0965642991453415,"{""max_features"": 1.0, ""min_samples_leaf"": 2, ""splitter"": ""random""}",346,1958,0.0,Dune,random,2,Prop0.15,46,True
kNN,0.1193891832192755,"{""n_neighbors"": 15, ""p"": 1, ""weights"": ""distance""}",346,1958,0.04,Dune,random,2,Prop0.15,46,True
KRR,0.0962335116803253,"{""regressor__kernel"": ""rbf"", ""regressor__gamma"": 0.2, ""regressor__alpha"": 0.1}",346,1958,0.02,Dune,random,2,Prop0.15,46,True
MR,0.0973928622867902,"{""lasso__regressor__alpha"": 0.01}",346,1958,0.03,Dune,random,2,Prop0.15,46,True
RF,0.0849427471633921,"{""max_features"": 1.0, ""min_samples_leaf"": 1, ""n_estimators"": 10}",346,1958,0.03,Dune,random,2,Prop0.15,46,True
SVR,0.0930652821899931,"{""regressor__tol"": 0.1, ""regressor__shrinking"": false, ""regressor__epsilon"": 0.1, ""regressor__coef0"": 1.0, ""regressor__C"": 1.0}",346,1958,0.07,Dune,random,2,Prop0.15,46,True
CART,0.0813492878419885,"{""max_features"": 1.0, ""min_samples_leaf"": 2, ""splitter"": ""random""}",346,1958,0.0,Dune,random,2,Prop0.15,47,True
kNN,0.131241354578203,"{""n_neighbors"": 15, ""p"": 1, ""weights"": ""distance""}",346,1958,0.03,Dune,random,2,Prop0.15,47,True
KRR,0.0977458579508819,"{""regressor__kernel"": ""rbf"", ""regressor__gamma"": 0.2, ""regressor__alpha"": 0.1}",346,1958,0.02,Dune,random,2,Prop0.15,47,True
MR,0.0924699084694877,"{""lasso__regressor__alpha"": 0.01}",346,1958,0.02,Dune,random,2,Prop0.15,47,True
RF,0.0743289880328488,"{""max_features"": 1.0, ""min_samples_leaf"": 1, ""n_estimators"": 10}",346,1958,0.03,Dune,random,2,Prop0.15,47,True
SVR,0.087839066207125,"{""regressor__tol"": 0.1, ""regressor__shrinking"": false, ""regressor__epsilon"": 0.1, ""regressor__coef0"": 1.0, ""regressor__C"": 1.0}",346,1958,0.05,Dune,random,2,Prop0.15,47,True
CART,0.0878776681718787,"{""max_features"": 1.0, ""min_samples_leaf"": 2, ""splitter"": ""random""}",346,1958,0.0,Dune,random,2,Prop0.15,48,True
kNN,0.1333769753165091,"{""n_neighbors"": 15, ""p"": 1, ""weights"": ""distance""}",346,1958,0.04,Dune,random,2,Prop0.15,48,True
KRR,0.1057643807388387,"{""regressor__kernel"": ""rbf"", ""regressor__gamma"": 0.2, ""regressor__alpha"": 0.1}",346,1958,0.02,Dune,random,2,Prop0.15,48,True
MR,0.1078600540111244,"{""lasso__regressor__alpha"": 0.01}",346,1958,0.02,Dune,random,2,Prop0.15,48,True
RF,0.0849263849352296,"{""max_features"": 1.0, ""min_samples_leaf"": 1, ""n_estimators"": 10}",346,1958,0.04,Dune,random,2,Prop0.15,48,True
SVR,0.0916365339588103,"{""regressor__tol"": 0.1, ""regressor__shrinking"": false, ""regressor__epsilon"": 0.1, ""regressor__coef0"": 1.0, ""regressor__C"": 1.0}",346,1958,0.05,Dune,random,2,Prop0.15,48,True
CART,0.0968181258407015,"{""max_features"": 1.0, ""min_samples_leaf"": 2, ""splitter"": ""random""}",346,1958,0.0,Dune,random,2,Prop0.15,49,True
kNN,0.1244618924267281,"{""n_neighbors"": 15, ""p"": 1, ""weights"": ""distance""}",346,1958,0.04,Dune,random,2,Prop0.15,49,True
KRR,0.0938429678544876,"{""regressor__kernel"": ""rbf"", ""regressor__gamma"": 0.2, ""regressor__alpha"": 0.1}",346,1958,0.02,Dune,random,2,Prop0.15,49,True
MR,0.0976163941874138,"{""lasso__regressor__alpha"": 0.01}",346,1958,0.02,Dune,random,2,Prop0.15,49,True
RF,0.0836641611986261,"{""max_features"": 1.0, ""min_samples_leaf"": 1, ""n_estimators"": 10}",346,1958,0.04,Dune,random,2,Prop0.15,49,True
SVR,0.0898861088346763,"{""regressor__tol"": 0.1, ""regressor__shrinking"": false, ""regressor__epsilon"": 0.1, ""regressor__coef0"": 1.0, ""regressor__C"": 1.0}",346,1958,0.06,Dune,random,2,Prop0.15,49,True
CART,0.0928532308998503,"{""max_features"": 1.0, ""min_samples_leaf"": 2, ""splitter"": ""random""}",346,1958,0.0,Dune,random,2,Prop0.15,50,True
kNN,0.1325219452135581,"{""n_neighbors"": 15, ""p"": 1, ""weights"": ""distance""}",346,1958,0.04,Dune,random,2,Prop0.15,50,True
KRR,0.1002566117456151,"{""regressor__kernel"": ""rbf"", ""regressor__gamma"": 0.2, ""regressor__alpha"": 0.1}",346,1958,0.02,Dune,random,2,Prop0.15,50,True
MR,0.106866862363499,"{""lasso__regressor__alpha"": 0.01}",346,1958,0.03,Dune,random,2,Prop0.15,50,True
RF,0.0847424712749712,"{""max_features"": 1.0, ""min_samples_leaf"": 1, ""n_estimators"": 10}",346,1958,0.03,Dune,random,2,Prop0.15,50,True
SVR,0.0910575710406846,"{""regressor__tol"": 0.1, ""regressor__shrinking"": false, ""regressor__epsilon"": 0.1, ""regressor__coef0"": 1.0, ""regressor__C"": 1.0}",346,1958,0.05,Dune,random,2,Prop0.15,50,True
CART,0.0963782418136339,"{""max_features"": 1.0, ""min_samples_leaf"": 2, ""splitter"": ""random""}",346,1958,0.0,Dune,random,2,Prop0.15,51,True
kNN,0.1299988425010012,"{""n_neighbors"": 15, ""p"": 1, ""weights"": ""distance""}",346,1958,0.04,Dune,random,2,Prop0.15,51,True
KRR,0.1031912701552223,"{""regressor__kernel"": ""rbf"", ""regressor__gamma"": 0.2, ""regressor__alpha"": 0.1}",346,1958,0.03,Dune,random,2,Prop0.15,51,True
MR,0.1042456198870723,"{""lasso__regressor__alpha"": 0.01}",346,1958,0.02,Dune,random,2,Prop0.15,51,True
RF,0.0852129964049033,"{""max_features"": 1.0, ""min_samples_leaf"": 1, ""n_estimators"": 10}",346,1958,0.03,Dune,random,2,Prop0.15,51,True
SVR,0.0898032985127784,"{""regressor__tol"": 0.1, ""regressor__shrinking"": false, ""regressor__epsilon"": 0.1, ""regressor__coef0"": 1.0, ""regressor__C"": 1.0}",346,1958,0.05,Dune,random,2,Prop0.15,51,True
CART,0.0976671485646668,"{""max_features"": 1.0, ""min_samples_leaf"": 2, ""splitter"": ""random""}",346,1958,0.0,Dune,random,2,Prop0.15,52,True
kNN,0.1178764610474369,"{""n_neighbors"": 15, ""p"": 1, ""weights"": ""distance""}",346,1958,0.03,Dune,random,2,Prop0.15,52,True
KRR,0.0951018121089194,"{""regressor__kernel"": ""rbf"", ""regressor__gamma"": 0.2, ""regressor__alpha"": 0.1}",346,1958,0.02,Dune,random,2,Prop0.15,52,True
MR,0.0970289040721146,"{""lasso__regressor__alpha"": 0.01}",346,1958,0.03,Dune,random,2,Prop0.15,52,True
RF,0.100661278282374,"{""max_features"": 1.0, ""min_samples_leaf"": 1, ""n_estimators"": 10}",346,1958,0.03,Dune,random,2,Prop0.15,52,True
SVR,0.0908459563297112,"{""regressor__tol"": 0.1, ""regressor__shrinking"": false, ""regressor__epsilon"": 0.1, ""regressor__coef0"": 1.0, ""regressor__C"": 1.0}",346,1958,0.06,Dune,random,2,Prop0.15,52,True
CART,0.0843480687483387,"{""max_features"": 1.0, ""min_samples_leaf"": 2, ""splitter"": ""random""}",346,1958,0.0,Dune,random,2,Prop0.15,53,True
kNN,0.1311246599105499,"{""n_neighbors"": 15, ""p"": 1, ""weights"": ""distance""}",346,1958,0.04,Dune,random,2,Prop0.15,53,True
KRR,0.0965368474442132,"{""regressor__kernel"": ""rbf"", ""regressor__gamma"": 0.2, ""regressor__alpha"": 0.1}",346,1958,0.02,Dune,random,2,Prop0.15,53,True
MR,0.0998037065211967,"{""lasso__regressor__alpha"": 0.01}",346,1958,0.02,Dune,random,2,Prop0.15,53,True
RF,0.0827897653194744,"{""max_features"": 1.0, ""min_samples_leaf"": 1, ""n_estimators"": 10}",346,1958,0.04,Dune,random,2,Prop0.15,53,True
SVR,0.0901909992389981,"{""regressor__tol"": 0.1, ""regressor__shrinking"": false, ""regressor__epsilon"": 0.1, ""regressor__coef0"": 1.0, ""regressor__C"": 1.0}",346,1958,0.06,Dune,random,2,Prop0.15,53,True
CART,0.0917411512414841,"{""max_features"": 1.0, ""min_samples_leaf"": 2, ""splitter"": ""random""}",346,1958,0.0,Dune,random,2,Prop0.15,54,True
kNN,0.127946236004364,"{""n_neighbors"": 15, ""p"": 1, ""weights"": ""distance""}",346,1958,0.04,Dune,random,2,Prop0.15,54,True
KRR,0.1056488239652626,"{""regressor__kernel"": ""rbf"", ""regressor__gamma"": 0.2, ""regressor__alpha"": 0.1}",346,1958,0.02,Dune,random,2,Prop0.15,54,True
MR,0.109606530036497,"{""lasso__regressor__alpha"": 0.01}",346,1958,0.03,Dune,random,2,Prop0.15,54,True
RF,0.0790234540094678,"{""max_features"": 1.0, ""min_samples_leaf"": 1, ""n_estimators"": 10}",346,1958,0.03,Dune,random,2,Prop0.15,54,True
SVR,0.0860350886208844,"{""regressor__tol"": 0.1, ""regressor__shrinking"": false, ""regressor__epsilon"": 0.1, ""regressor__coef0"": 1.0, ""regressor__C"": 1.0}",346,1958,0.05,Dune,random,2,Prop0.15,54,True
CART,0.0914634696566674,"{""max_features"": 1.0, ""min_samples_leaf"": 2, ""splitter"": ""random""}",346,1958,0.0,Dune,random,2,Prop0.15,55,True
kNN,0.1260005107104902,"{""n_neighbors"": 15, ""p"": 1, ""weights"": ""distance""}",346,1958,0.03,Dune,random,2,Prop0.15,55,True
KRR,0.0897918645569529,"{""regressor__kernel"": ""rbf"", ""regressor__gamma"": 0.2, ""regressor__alpha"": 0.1}",346,1958,0.02,Dune,random,2,Prop0.15,55,True
MR,0.0930679935558519,"{""lasso__regressor__alpha"": 0.01}",346,1958,0.02,Dune,random,2,Prop0.15,55,True
RF,0.0856514387025275,"{""max_features"": 1.0, ""min_samples_leaf"": 1, ""n_estimators"": 10}",346,1958,0.03,Dune,random,2,Prop0.15,55,True
SVR,0.0900722854443607,"{""regressor__tol"": 0.1, ""regressor__shrinking"": false, ""regressor__epsilon"": 0.1, ""regressor__coef0"": 1.0, ""regressor__C"": 1.0}",346,1958,0.05,Dune,random,2,Prop0.15,55,True
CART,0.1129004164451174,"{""max_features"": 1.0, ""min_samples_leaf"": 2, ""splitter"": ""random""}",346,1958,0.0,Dune,random,2,Prop0.15,56,True
kNN,0.1282437848370841,"{""n_neighbors"": 15, ""p"": 1, ""weights"": ""distance""}",346,1958,0.03,Dune,random,2,Prop0.15,56,True
KRR,0.0992871647984247,"{""regressor__kernel"": ""rbf"", ""regressor__gamma"": 0.2, ""regressor__alpha"": 0.1}",346,1958,0.02,Dune,random,2,Prop0.15,56,True
MR,0.0998119081014869,"{""lasso__regressor__alpha"": 0.01}",346,1958,0.02,Dune,random,2,Prop0.15,56,True
RF,0.0919314926650283,"{""max_features"": 1.0, ""min_samples_leaf"": 1, ""n_estimators"": 10}",346,1958,0.03,Dune,random,2,Prop0.15,56,True
SVR,0.0906062285273665,"{""regressor__tol"": 0.1, ""regressor__shrinking"": false, ""regressor__epsilon"": 0.1, ""regressor__coef0"": 1.0, ""regressor__C"": 1.0}",346,1958,0.06,Dune,random,2,Prop0.15,56,True
CART,0.0803760988550235,"{""max_features"": 1.0, ""min_samples_leaf"": 2, ""splitter"": ""random""}",346,1958,0.0,Dune,random,2,Prop0.15,57,True
kNN,0.1311968484084424,"{""n_neighbors"": 15, ""p"": 1, ""weights"": ""distance""}",346,1958,0.04,Dune,random,2,Prop0.15,57,True
KRR,0.0965649304221155,"{""regressor__kernel"": ""rbf"", ""regressor__gamma"": 0.2, ""regressor__alpha"": 0.1}",346,1958,0.02,Dune,random,2,Prop0.15,57,True
MR,0.1046114131565826,"{""lasso__regressor__alpha"": 0.01}",346,1958,0.03,Dune,random,2,Prop0.15,57,True
RF,0.085406622563752,"{""max_features"": 1.0, ""min_samples_leaf"": 1, ""n_estimators"": 10}",346,1958,0.04,Dune,random,2,Prop0.15,57,True
SVR,0.0902189871052084,"{""regressor__tol"": 0.1, ""regressor__shrinking"": false, ""regressor__epsilon"": 0.1, ""regressor__coef0"": 1.0, ""regressor__C"": 1.0}",346,1958,0.06,Dune,random,2,Prop0.15,57,True
CART,0.0960393959526558,"{""max_features"": 1.0, ""min_samples_leaf"": 2, ""splitter"": ""random""}",346,1958,0.0,Dune,random,2,Prop0.15,58,True
kNN,0.1275688646961176,"{""n_neighbors"": 15, ""p"": 1, ""weights"": ""distance""}",346,1958,0.04,Dune,random,2,Prop0.15,58,True
KRR,0.1009900179761717,"{""regressor__kernel"": ""rbf"", ""regressor__gamma"": 0.2, ""regressor__alpha"": 0.1}",346,1958,0.02,Dune,random,2,Prop0.15,58,True
MR,0.1105705676492155,"{""lasso__regressor__alpha"": 0.01}",346,1958,0.02,Dune,random,2,Prop0.15,58,True
RF,0.0993063184076575,"{""max_features"": 1.0, ""min_samples_leaf"": 1, ""n_estimators"": 10}",346,1958,0.03,Dune,random,2,Prop0.15,58,True
SVR,0.0921523550691234,"{""regressor__tol"": 0.1, ""regressor__shrinking"": false, ""regressor__epsilon"": 0.1, ""regressor__coef0"": 1.0, ""regressor__C"": 1.0}",346,1958,0.05,Dune,random,2,Prop0.15,58,True
CART,0.12020547593603,"{""max_features"": 1.0, ""min_samples_leaf"": 2, ""splitter"": ""random""}",346,1958,0.0,Dune,random,2,Prop0.15,59,True
kNN,0.1238347542237897,"{""n_neighbors"": 15, ""p"": 1, ""weights"": ""distance""}",346,1958,0.03,Dune,random,2,Prop0.15,59,True
KRR,0.0961915978536008,"{""regressor__kernel"": ""rbf"", ""regressor__gamma"": 0.2, ""regressor__alpha"": 0.1}",346,1958,0.02,Dune,random,2,Prop0.15,59,True
MR,0.0996861609744417,"{""lasso__regressor__alpha"": 0.01}",346,1958,0.02,Dune,random,2,Prop0.15,59,True
RF,0.0958776273644827,"{""max_features"": 1.0, ""min_samples_leaf"": 1, ""n_estimators"": 10}",346,1958,0.03,Dune,random,2,Prop0.15,59,True
SVR,0.0917370730819584,"{""regressor__tol"": 0.1, ""regressor__shrinking"": false, ""regressor__epsilon"": 0.1, ""regressor__coef0"": 1.0, ""regressor__C"": 1.0}",346,1958,0.05,Dune,random,2,Prop0.15,59,True
CART,0.0957198791642138,"{""max_features"": 1.0, ""min_samples_leaf"": 2, ""splitter"": ""random""}",346,1958,0.0,Dune,random,2,Prop0.15,60,True
kNN,0.1324234523017844,"{""n_neighbors"": 15, ""p"": 1, ""weights"": ""distance""}",346,1958,0.04,Dune,random,2,Prop0.15,60,True
KRR,0.1028696484695878,"{""regressor__kernel"": ""rbf"", ""regressor__gamma"": 0.2, ""regressor__alpha"": 0.1}",346,1958,0.02,Dune,random,2,Prop0.15,60,True
MR,0.1067615894809545,"{""lasso__regressor__alpha"": 0.01}",346,1958,0.02,Dune,random,2,Prop0.15,60,True
RF,0.089049141090604,"{""max_features"": 1.0, ""min_samples_leaf"": 1, ""n_estimators"": 10}",346,1958,0.03,Dune,random,2,Prop0.15,60,True
SVR,0.0905129459405866,"{""regressor__tol"": 0.1, ""regressor__shrinking"": false, ""regressor__epsilon"": 0.1, ""regressor__coef0"": 1.0, ""regressor__C"": 1.0}",346,1958,0.06,Dune,random,2,Prop0.15,60,True
CART,0.0850981690568117,"{""max_features"": 1.0, ""min_samples_leaf"": 2, ""splitter"": ""random""}",346,1958,0.0,Dune,random,2,Prop0.15,61,True
kNN,0.1273784435038118,"{""n_neighbors"": 15, ""p"": 1, ""weights"": ""distance""}",346,1958,0.04,Dune,random,2,Prop0.15,61,True
KRR,0.1033408661055136,"{""regressor__kernel"": ""rbf"", ""regressor__gamma"": 0.2, ""regressor__alpha"": 0.1}",346,1958,0.02,Dune,random,2,Prop0.15,61,True
MR,0.1156940820100591,"{""lasso__regressor__alpha"": 0.01}",346,1958,0.03,Dune,random,2,Prop0.15,61,True
RF,0.0838182406584861,"{""max_features"": 1.0, ""min_samples_leaf"": 1, ""n_estimators"": 10}",346,1958,0.03,Dune,random,2,Prop0.15,61,True
SVR,0.0905365413555981,"{""regressor__tol"": 0.1, ""regressor__shrinking"": false, ""regressor__epsilon"": 0.1, ""regressor__coef0"": 1.0, ""regressor__C"": 1.0}",346,1958,0.03,Dune,random,2,Prop0.15,61,True
CART,0.0879461250825804,"{""max_features"": 1.0, ""min_samples_leaf"": 2, ""splitter"": ""random""}",346,1958,0.0,Dune,random,2,Prop0.15,62,True
kNN,0.1269925173872994,"{""n_neighbors"": 15, ""p"": 1, ""weights"": ""distance""}",346,1958,0.02,Dune,random,2,Prop0.15,62,True
KRR,0.109794240755621,"{""regressor__kernel"": ""rbf"", ""regressor__gamma"": 0.2, ""regressor__alpha"": 0.1}",346,1958,0.02,Dune,random,2,Prop0.15,62,True
MR,0.1060662043637274,"{""lasso__regressor__alpha"": 0.01}",346,1958,0.02,Dune,random,2,Prop0.15,62,True
RF,0.0838198527255486,"{""max_features"": 1.0, ""min_samples_leaf"": 1, ""n_estimators"": 10}",346,1958,0.04,Dune,random,2,Prop0.15,62,True
SVR,0.0905316367226766,"{""regressor__tol"": 0.1, ""regressor__shrinking"": false, ""regressor__epsilon"": 0.1, ""regressor__coef0"": 1.0, ""regressor__C"": 1.0}",346,1958,0.05,Dune,random,2,Prop0.15,62,True
CART,0.0861471403621659,"{""max_features"": 1.0, ""min_samples_leaf"": 2, ""splitter"": ""random""}",346,1958,0.0,Dune,random,2,Prop0.15,63,True
kNN,0.1204238094682405,"{""n_neighbors"": 15, ""p"": 1, ""weights"": ""distance""}",346,1958,0.03,Dune,random,2,Prop0.15,63,True
KRR,0.1018546228619323,"{""regressor__kernel"": ""rbf"", ""regressor__gamma"": 0.2, ""regressor__alpha"": 0.1}",346,1958,0.02,Dune,random,2,Prop0.15,63,True
MR,0.1081028497195821,"{""lasso__regressor__alpha"": 0.01}",346,1958,0.02,Dune,random,2,Prop0.15,63,True
RF,0.0809792542411163,"{""max_features"": 1.0, ""min_samples_leaf"": 1, ""n_estimators"": 10}",346,1958,0.03,Dune,random,2,Prop0.15,63,True
SVR,0.0864547816863282,"{""regressor__tol"": 0.1, ""regressor__shrinking"": false, ""regressor__epsilon"": 0.1, ""regressor__coef0"": 1.0, ""regressor__C"": 1.0}",346,1958,0.05,Dune,random,2,Prop0.15,63,True
CART,0.0930686148748298,"{""max_features"": 1.0, ""min_samples_leaf"": 2, ""splitter"": ""random""}",346,1958,0.0,Dune,random,2,Prop0.15,64,True
kNN,0.1248950074883409,"{""n_neighbors"": 15, ""p"": 1, ""weights"": ""distance""}",346,1958,0.04,Dune,random,2,Prop0.15,64,True
KRR,0.0910603837006858,"{""regressor__kernel"": ""rbf"", ""regressor__gamma"": 0.2, ""regressor__alpha"": 0.1}",346,1958,0.02,Dune,random,2,Prop0.15,64,True
MR,0.0991258430054377,"{""lasso__regressor__alpha"": 0.01}",346,1958,0.03,Dune,random,2,Prop0.15,64,True
RF,0.0867658676278198,"{""max_features"": 1.0, ""min_samples_leaf"": 1, ""n_estimators"": 10}",346,1958,0.04,Dune,random,2,Prop0.15,64,True
SVR,0.0891607400644161,"{""regressor__tol"": 0.1, ""regressor__shrinking"": false, ""regressor__epsilon"": 0.1, ""regressor__coef0"": 1.0, ""regressor__C"": 1.0}",346,1958,0.06,Dune,random,2,Prop0.15,64,True
CART,0.085812862887002,"{""max_features"": 1.0, ""min_samples_leaf"": 2, ""splitter"": ""random""}",346,1958,0.0,Dune,random,2,Prop0.15,65,True
kNN,0.1374466529215287,"{""n_neighbors"": 15, ""p"": 1, ""weights"": ""distance""}",346,1958,0.04,Dune,random,2,Prop0.15,65,True
KRR,0.1064308421532185,"{""regressor__kernel"": ""rbf"", ""regressor__gamma"": 0.2, ""regressor__alpha"": 0.1}",346,1958,0.02,Dune,random,2,Prop0.15,65,True
MR,0.1076048674875627,"{""lasso__regressor__alpha"": 0.01}",346,1958,0.03,Dune,random,2,Prop0.15,65,True
RF,0.0916421326176918,"{""max_features"": 1.0, ""min_samples_leaf"": 1, ""n_estimators"": 10}",346,1958,0.04,Dune,random,2,Prop0.15,65,True
SVR,0.0921630891917235,"{""regressor__tol"": 0.1, ""regressor__shrinking"": false, ""regressor__epsilon"": 0.1, ""regressor__coef0"": 1.0, ""regressor__C"": 1.0}",346,1958,0.05,Dune,random,2,Prop0.15,65,True
CART,0.0853174420967307,"{""max_features"": 1.0, ""min_samples_leaf"": 2, ""splitter"": ""random""}",346,1958,0.0,Dune,random,2,Prop0.15,66,True
kNN,0.1267068751942255,"{""n_neighbors"": 15, ""p"": 1, ""weights"": ""distance""}",346,1958,0.04,Dune,random,2,Prop0.15,66,True
KRR,0.0963609465756545,"{""regressor__kernel"": ""rbf"", ""regressor__gamma"": 0.2, ""regressor__alpha"": 0.1}",346,1958,0.02,Dune,random,2,Prop0.15,66,True
MR,0.0977632506819572,"{""lasso__regressor__alpha"": 0.01}",346,1958,0.02,Dune,random,2,Prop0.15,66,True
RF,0.080074501701436,"{""max_features"": 1.0, ""min_samples_leaf"": 1, ""n_estimators"": 10}",346,1958,0.03,Dune,random,2,Prop0.15,66,True
SVR,0.0895238036810241,"{""regressor__tol"": 0.1, ""regressor__shrinking"": false, ""regressor__epsilon"": 0.1, ""regressor__coef0"": 1.0, ""regressor__C"": 1.0}",346,1958,0.05,Dune,random,2,Prop0.15,66,True
CART,0.0935033373265313,"{""max_features"": 1.0, ""min_samples_leaf"": 2, ""splitter"": ""random""}",346,1958,0.0,Dune,random,2,Prop0.15,67,True
kNN,0.131639950079034,"{""n_neighbors"": 15, ""p"": 1, ""weights"": ""distance""}",346,1958,0.04,Dune,random,2,Prop0.15,67,True
KRR,0.0973642558205781,"{""regressor__kernel"": ""rbf"", ""regressor__gamma"": 0.2, ""regressor__alpha"": 0.1}",346,1958,0.02,Dune,random,2,Prop0.15,67,True
MR,0.102155161259854,"{""lasso__regressor__alpha"": 0.01}",346,1958,0.02,Dune,random,2,Prop0.15,67,True
RF,0.0868678519251679,"{""max_features"": 1.0, ""min_samples_leaf"": 1, ""n_estimators"": 10}",346,1958,0.03,Dune,random,2,Prop0.15,67,True
SVR,0.0939439414864403,"{""regressor__tol"": 0.1, ""regressor__shrinking"": false, ""regressor__epsilon"": 0.1, ""regressor__coef0"": 1.0, ""regressor__C"": 1.0}",346,1958,0.06,Dune,random,2,Prop0.15,67,True
CART,0.0959532559949725,"{""max_features"": 1.0, ""min_samples_leaf"": 2, ""splitter"": ""random""}",346,1958,0.0,Dune,random,2,Prop0.15,68,True
kNN,0.1294865200315151,"{""n_neighbors"": 15, ""p"": 1, ""weights"": ""distance""}",346,1958,0.03,Dune,random,2,Prop0.15,68,True
KRR,0.1047921701180028,"{""regressor__kernel"": ""rbf"", ""regressor__gamma"": 0.2, ""regressor__alpha"": 0.1}",346,1958,0.02,Dune,random,2,Prop0.15,68,True
MR,0.1124336308730156,"{""lasso__regressor__alpha"": 0.01}",346,1958,0.02,Dune,random,2,Prop0.15,68,True
RF,0.0902527098917143,"{""max_features"": 1.0, ""min_samples_leaf"": 1, ""n_estimators"": 10}",346,1958,0.04,Dune,random,2,Prop0.15,68,True
SVR,0.0904323761926012,"{""regressor__tol"": 0.1, ""regressor__shrinking"": false, ""regressor__epsilon"": 0.1, ""regressor__coef0"": 1.0, ""regressor__C"": 1.0}",346,1958,0.05,Dune,random,2,Prop0.15,68,True
CART,0.0837591709515894,"{""max_features"": 1.0, ""min_samples_leaf"": 2, ""splitter"": ""random""}",346,1958,0.0,Dune,random,2,Prop0.15,69,True
kNN,0.1293707898351711,"{""n_neighbors"": 15, ""p"": 1, ""weights"": ""distance""}",346,1958,0.04,Dune,random,2,Prop0.15,69,True
KRR,0.104531331200108,"{""regressor__kernel"": ""rbf"", ""regressor__gamma"": 0.2, ""regressor__alpha"": 0.1}",346,1958,0.02,Dune,random,2,Prop0.15,69,True
MR,0.1070644193379743,"{""lasso__regressor__alpha"": 0.01}",346,1958,0.02,Dune,random,2,Prop0.15,69,True
RF,0.0774775322198829,"{""max_features"": 1.0, ""min_samples_leaf"": 1, ""n_estimators"": 10}",346,1958,0.04,Dune,random,2,Prop0.15,69,True
SVR,0.0890618226186009,"{""regressor__tol"": 0.1, ""regressor__shrinking"": false, ""regressor__epsilon"": 0.1, ""regressor__coef0"": 1.0, ""regressor__C"": 1.0}",346,1958,0.05,Dune,random,2,Prop0.15,69,True
CART,0.0841216099207847,"{""max_features"": 1.0, ""min_samples_leaf"": 2, ""splitter"": ""random""}",346,1958,0.0,Dune,random,2,Prop0.15,70,True
kNN,0.1202446856483809,"{""n_neighbors"": 15, ""p"": 1, ""weights"": ""distance""}",346,1958,0.04,Dune,random,2,Prop0.15,70,True
KRR,0.0919928538334338,"{""regressor__kernel"": ""rbf"", ""regressor__gamma"": 0.2, ""regressor__alpha"": 0.1}",346,1958,0.02,Dune,random,2,Prop0.15,70,True
MR,0.0956265141965153,"{""lasso__regressor__alpha"": 0.01}",346,1958,0.02,Dune,random,2,Prop0.15,70,True
RF,0.0779012036211062,"{""max_features"": 1.0, ""min_samples_leaf"": 1, ""n_estimators"": 10}",346,1958,0.04,Dune,random,2,Prop0.15,70,True
SVR,0.0888422347377939,"{""regressor__tol"": 0.1, ""regressor__shrinking"": false, ""regressor__epsilon"": 0.1, ""regressor__coef0"": 1.0, ""regressor__C"": 1.0}",346,1958,0.06,Dune,random,2,Prop0.15,70,True
CART,0.0915889797541245,"{""max_features"": 1.0, ""min_samples_leaf"": 2, ""splitter"": ""random""}",346,1958,0.0,Dune,random,2,Prop0.15,71,True
kNN,0.1306968466041174,"{""n_neighbors"": 15, ""p"": 1, ""weights"": ""distance""}",346,1958,0.03,Dune,random,2,Prop0.15,71,True
KRR,0.0958261967777322,"{""regressor__kernel"": ""rbf"", ""regressor__gamma"": 0.2, ""regressor__alpha"": 0.1}",346,1958,0.02,Dune,random,2,Prop0.15,71,True
MR,0.098355829735972,"{""lasso__regressor__alpha"": 0.01}",346,1958,0.02,Dune,random,2,Prop0.15,71,True
RF,0.0834737766072756,"{""max_features"": 1.0, ""min_samples_leaf"": 1, ""n_estimators"": 10}",346,1958,0.04,Dune,random,2,Prop0.15,71,True
SVR,0.0922489090718687,"{""regressor__tol"": 0.1, ""regressor__shrinking"": false, ""regressor__epsilon"": 0.1, ""regressor__coef0"": 1.0, ""regressor__C"": 1.0}",346,1958,0.06,Dune,random,2,Prop0.15,71,True
CART,0.0913461427890595,"{""max_features"": 1.0, ""min_samples_leaf"": 2, ""splitter"": ""random""}",346,1958,0.0,Dune,random,2,Prop0.15,72,True
kNN,0.1259754083756628,"{""n_neighbors"": 15, ""p"": 1, ""weights"": ""distance""}",346,1958,0.04,Dune,random,2,Prop0.15,72,True
KRR,0.0955793112016182,"{""regressor__kernel"": ""rbf"", ""regressor__gamma"": 0.2, ""regressor__alpha"": 0.1}",346,1958,0.02,Dune,random,2,Prop0.15,72,True
MR,0.0932152390428196,"{""lasso__regressor__alpha"": 0.01}",346,1958,0.03,Dune,random,2,Prop0.15,72,True
RF,0.0875671773174661,"{""max_features"": 1.0, ""min_samples_leaf"": 1, ""n_estimators"": 10}",346,1958,0.04,Dune,random,2,Prop0.15,72,True
SVR,0.0909323603935762,"{""regressor__tol"": 0.1, ""regressor__shrinking"": false, ""regressor__epsilon"": 0.1, ""regressor__coef0"": 1.0, ""regressor__C"": 1.0}",346,1958,0.07,Dune,random,2,Prop0.15,72,True
CART,0.0836125487317605,"{""max_features"": 1.0, ""min_samples_leaf"": 2, ""splitter"": ""random""}",346,1958,0.0,Dune,random,2,Prop0.15,73,True
kNN,0.1281816859344269,"{""n_neighbors"": 15, ""p"": 1, ""weights"": ""distance""}",346,1958,0.04,Dune,random,2,Prop0.15,73,True
KRR,0.1009350089593442,"{""regressor__kernel"": ""rbf"", ""regressor__gamma"": 0.2, ""regressor__alpha"": 0.1}",346,1958,0.02,Dune,random,2,Prop0.15,73,True
MR,0.0964708077861059,"{""lasso__regressor__alpha"": 0.01}",346,1958,0.02,Dune,random,2,Prop0.15,73,True
RF,0.0813826895360824,"{""max_features"": 1.0, ""min_samples_leaf"": 1, ""n_estimators"": 10}",346,1958,0.03,Dune,random,2,Prop0.15,73,True
SVR,0.0888147504790125,"{""regressor__tol"": 0.1, ""regressor__shrinking"": false, ""regressor__epsilon"": 0.1, ""regressor__coef0"": 1.0, ""regressor__C"": 1.0}",346,1958,0.04,Dune,random,2,Prop0.15,73,True
CART,0.0878867738923524,"{""max_features"": 1.0, ""min_samples_leaf"": 2, ""splitter"": ""random""}",346,1958,0.0,Dune,random,2,Prop0.15,74,True
kNN,0.1265867802609706,"{""n_neighbors"": 15, ""p"": 1, ""weights"": ""distance""}",346,1958,0.04,Dune,random,2,Prop0.15,74,True
KRR,0.1083822881396492,"{""regressor__kernel"": ""rbf"", ""regressor__gamma"": 0.2, ""regressor__alpha"": 0.1}",346,1958,0.02,Dune,random,2,Prop0.15,74,True
MR,0.1087292597455866,"{""lasso__regressor__alpha"": 0.01}",346,1958,0.02,Dune,random,2,Prop0.15,74,True
RF,0.0902898390496609,"{""max_features"": 1.0, ""min_samples_leaf"": 1, ""n_estimators"": 10}",346,1958,0.04,Dune,random,2,Prop0.15,74,True
SVR,0.0904363284609716,"{""regressor__tol"": 0.1, ""regressor__shrinking"": false, ""regressor__epsilon"": 0.1, ""regressor__coef0"": 1.0, ""regressor__C"": 1.0}",346,1958,0.05,Dune,random,2,Prop0.15,74,True
CART,0.085804725558216,"{""max_features"": 1.0, ""min_samples_leaf"": 2, ""splitter"": ""random""}",346,1958,0.0,Dune,random,2,Prop0.15,75,True
kNN,0.1311959555908399,"{""n_neighbors"": 15, ""p"": 1, ""weights"": ""distance""}",346,1958,0.03,Dune,random,2,Prop0.15,75,True
KRR,0.0913035938686706,"{""regressor__kernel"": ""rbf"", ""regressor__gamma"": 0.2, ""regressor__alpha"": 0.1}",346,1958,0.02,Dune,random,2,Prop0.15,75,True
MR,0.0942481598319112,"{""lasso__regressor__alpha"": 0.01}",346,1958,0.03,Dune,random,2,Prop0.15,75,True
RF,0.0823668465194235,"{""max_features"": 1.0, ""min_samples_leaf"": 1, ""n_estimators"": 10}",346,1958,0.04,Dune,random,2,Prop0.15,75,True
SVR,0.0889265269854742,"{""regressor__tol"": 0.1, ""regressor__shrinking"": false, ""regressor__epsilon"": 0.1, ""regressor__coef0"": 1.0, ""regressor__C"": 1.0}",346,1958,0.06,Dune,random,2,Prop0.15,75,True
CART,0.0984034230602487,"{""max_features"": 1.0, ""min_samples_leaf"": 2, ""splitter"": ""random""}",346,1958,0.0,Dune,random,2,Prop0.15,76,True
kNN,0.1383357513221063,"{""n_neighbors"": 15, ""p"": 1, ""weights"": ""distance""}",346,1958,0.04,Dune,random,2,Prop0.15,76,True
KRR,0.1092527739826219,"{""regressor__kernel"": ""rbf"", ""regressor__gamma"": 0.2, ""regressor__alpha"": 0.1}",346,1958,0.02,Dune,random,2,Prop0.15,76,True
MR,0.1188106463102949,"{""lasso__regressor__alpha"": 0.01}",346,1958,0.03,Dune,random,2,Prop0.15,76,True
RF,0.0833891794407275,"{""max_features"": 1.0, ""min_samples_leaf"": 1, ""n_estimators"": 10}",346,1958,0.03,Dune,random,2,Prop0.15,76,True
SVR,0.0938033811343527,"{""regressor__tol"": 0.1, ""regressor__shrinking"": false, ""regressor__epsilon"": 0.1, ""regressor__coef0"": 1.0, ""regressor__C"": 1.0}",346,1958,0.05,Dune,random,2,Prop0.15,76,True
CART,0.0832221071912774,"{""max_features"": 1.0, ""min_samples_leaf"": 2, ""splitter"": ""random""}",346,1958,0.0,Dune,random,2,Prop0.15,77,True
kNN,0.140800141995905,"{""n_neighbors"": 15, ""p"": 1, ""weights"": ""distance""}",346,1958,0.04,Dune,random,2,Prop0.15,77,True
KRR,0.1035934098384541,"{""regressor__kernel"": ""rbf"", ""regressor__gamma"": 0.2, ""regressor__alpha"": 0.1}",346,1958,0.03,Dune,random,2,Prop0.15,77,True
MR,0.1081839609391055,"{""lasso__regressor__alpha"": 0.01}",346,1958,0.02,Dune,random,2,Prop0.15,77,True
RF,0.0841445582222238,"{""max_features"": 1.0, ""min_samples_leaf"": 1, ""n_estimators"": 10}",346,1958,0.04,Dune,random,2,Prop0.15,77,True
SVR,0.0930826600893046,"{""regressor__tol"": 0.1, ""regressor__shrinking"": false, ""regressor__epsilon"": 0.1, ""regressor__coef0"": 1.0, ""regressor__C"": 1.0}",346,1958,0.05,Dune,random,2,Prop0.15,77,True
CART,0.0911613621041154,"{""max_features"": 1.0, ""min_samples_leaf"": 2, ""splitter"": ""random""}",346,1958,0.0,Dune,random,2,Prop0.15,78,True
kNN,0.1238177157478039,"{""n_neighbors"": 15, ""p"": 1, ""weights"": ""distance""}",346,1958,0.04,Dune,random,2,Prop0.15,78,True
KRR,0.0925732795831671,"{""regressor__kernel"": ""rbf"", ""regressor__gamma"": 0.2, ""regressor__alpha"": 0.1}",346,1958,0.02,Dune,random,2,Prop0.15,78,True
MR,0.095530375364574,"{""lasso__regressor__alpha"": 0.01}",346,1958,0.03,Dune,random,2,Prop0.15,78,True
RF,0.0793968759667319,"{""max_features"": 1.0, ""min_samples_leaf"": 1, ""n_estimators"": 10}",346,1958,0.03,Dune,random,2,Prop0.15,78,True
SVR,0.0872132627098399,"{""regressor__tol"": 0.1, ""regressor__shrinking"": false, ""regressor__epsilon"": 0.1, ""regressor__coef0"": 1.0, ""regressor__C"": 1.0}",346,1958,0.06,Dune,random,2,Prop0.15,78,True
CART,0.0973065689427098,"{""max_features"": 1.0, ""min_samples_leaf"": 2, ""splitter"": ""random""}",346,1958,0.0,Dune,random,2,Prop0.15,79,True
kNN,0.1246587710823296,"{""n_neighbors"": 15, ""p"": 1, ""weights"": ""distance""}",346,1958,0.03,Dune,random,2,Prop0.15,79,True
KRR,0.0972597696287434,"{""regressor__kernel"": ""rbf"", ""regressor__gamma"": 0.2, ""regressor__alpha"": 0.1}",346,1958,0.02,Dune,random,2,Prop0.15,79,True
MR,0.1007741334322959,"{""lasso__regressor__alpha"": 0.01}",346,1958,0.02,Dune,random,2,Prop0.15,79,True
RF,0.0867942866159417,"{""max_features"": 1.0, ""min_samples_leaf"": 1, ""n_estimators"": 10}",346,1958,0.04,Dune,random,2,Prop0.15,79,True
SVR,0.0907856377318531,"{""regressor__tol"": 0.1, ""regressor__shrinking"": false, ""regressor__epsilon"": 0.1, ""regressor__coef0"": 1.0, ""regressor__C"": 1.0}",346,1958,0.06,Dune,random,2,Prop0.15,79,True
CART,0.101858736694709,"{""max_features"": 1.0, ""min_samples_leaf"": 2, ""splitter"": ""random""}",346,1958,0.0,Dune,random,2,Prop0.15,80,True
kNN,0.1250068270564047,"{""n_neighbors"": 15, ""p"": 1, ""weights"": ""distance""}",346,1958,0.04,Dune,random,2,Prop0.15,80,True
KRR,0.0949704915691777,"{""regressor__kernel"": ""rbf"", ""regressor__gamma"": 0.2, ""regressor__alpha"": 0.1}",346,1958,0.02,Dune,random,2,Prop0.15,80,True
MR,0.1023313355794483,"{""lasso__regressor__alpha"": 0.01}",346,1958,0.02,Dune,random,2,Prop0.15,80,True
RF,0.0861929495943744,"{""max_features"": 1.0, ""min_samples_leaf"": 1, ""n_estimators"": 10}",346,1958,0.03,Dune,random,2,Prop0.15,80,True
SVR,0.0910463471980553,"{""regressor__tol"": 0.1, ""regressor__shrinking"": false, ""regressor__epsilon"": 0.1, ""regressor__coef0"": 1.0, ""regressor__C"": 1.0}",346,1958,0.06,Dune,random,2,Prop0.15,80,True
CART,0.0965856819013475,"{""max_features"": 1.0, ""min_samples_leaf"": 2, ""splitter"": ""random""}",346,1958,0.0,Dune,random,2,Prop0.15,81,True
kNN,0.1270876256611204,"{""n_neighbors"": 15, ""p"": 1, ""weights"": ""distance""}",346,1958,0.04,Dune,random,2,Prop0.15,81,True
KRR,0.0966977083263366,"{""regressor__kernel"": ""rbf"", ""regressor__gamma"": 0.2, ""regressor__alpha"": 0.1}",346,1958,0.02,Dune,random,2,Prop0.15,81,True
MR,0.1054011586224372,"{""lasso__regressor__alpha"": 0.01}",346,1958,0.02,Dune,random,2,Prop0.15,81,True
RF,0.0856136278468113,"{""max_features"": 1.0, ""min_samples_leaf"": 1, ""n_estimators"": 10}",346,1958,0.04,Dune,random,2,Prop0.15,81,True
SVR,0.0875338981469599,"{""regressor__tol"": 0.1, ""regressor__shrinking"": false, ""regressor__epsilon"": 0.1, ""regressor__coef0"": 1.0, ""regressor__C"": 1.0}",346,1958,0.05,Dune,random,2,Prop0.15,81,True
CART,0.084855356929539,"{""max_features"": 1.0, ""min_samples_leaf"": 2, ""splitter"": ""random""}",346,1958,0.0,Dune,random,2,Prop0.15,82,True
kNN,0.1256980737026172,"{""n_neighbors"": 15, ""p"": 1, ""weights"": ""distance""}",346,1958,0.04,Dune,random,2,Prop0.15,82,True
KRR,0.1010271564790345,"{""regressor__kernel"": ""rbf"", ""regressor__gamma"": 0.2, ""regressor__alpha"": 0.1}",346,1958,0.02,Dune,random,2,Prop0.15,82,True
MR,0.0986747880435342,"{""lasso__regressor__alpha"": 0.01}",346,1958,0.03,Dune,random,2,Prop0.15,82,True
RF,0.0835231076988427,"{""max_features"": 1.0, ""min_samples_leaf"": 1, ""n_estimators"": 10}",346,1958,0.04,Dune,random,2,Prop0.15,82,True
SVR,0.0889050523265394,"{""regressor__tol"": 0.1, ""regressor__shrinking"": false, ""regressor__epsilon"": 0.1, ""regressor__coef0"": 1.0, ""regressor__C"": 1.0}",346,1958,0.06,Dune,random,2,Prop0.15,82,True
CART,0.0785463246803958,"{""max_features"": 1.0, ""min_samples_leaf"": 2, ""splitter"": ""random""}",346,1958,0.0,Dune,random,2,Prop0.15,83,True
kNN,0.1286673614333566,"{""n_neighbors"": 15, ""p"": 1, ""weights"": ""distance""}",346,1958,0.04,Dune,random,2,Prop0.15,83,True
KRR,0.0997028624093536,"{""regressor__kernel"": ""rbf"", ""regressor__gamma"": 0.2, ""regressor__alpha"": 0.1}",346,1958,0.02,Dune,random,2,Prop0.15,83,True
MR,0.107560878933597,"{""lasso__regressor__alpha"": 0.01}",346,1958,0.03,Dune,random,2,Prop0.15,83,True
RF,0.0822720473189716,"{""max_features"": 1.0, ""min_samples_leaf"": 1, ""n_estimators"": 10}",346,1958,0.04,Dune,random,2,Prop0.15,83,True
SVR,0.0910305937562737,"{""regressor__tol"": 0.1, ""regressor__shrinking"": false, ""regressor__epsilon"": 0.1, ""regressor__coef0"": 1.0, ""regressor__C"": 1.0}",346,1958,0.05,Dune,random,2,Prop0.15,83,True
CART,0.091621243646552,"{""max_features"": 1.0, ""min_samples_leaf"": 2, ""splitter"": ""random""}",346,1958,0.0,Dune,random,2,Prop0.15,84,True
kNN,0.1219979000095533,"{""n_neighbors"": 15, ""p"": 1, ""weights"": ""distance""}",346,1958,0.04,Dune,random,2,Prop0.15,84,True
KRR,0.1007781726724887,"{""regressor__kernel"": ""rbf"", ""regressor__gamma"": 0.2, ""regressor__alpha"": 0.1}",346,1958,0.02,Dune,random,2,Prop0.15,84,True
MR,0.1057874855611991,"{""lasso__regressor__alpha"": 0.01}",346,1958,0.03,Dune,random,2,Prop0.15,84,True
RF,0.0856311195868898,"{""max_features"": 1.0, ""min_samples_leaf"": 1, ""n_estimators"": 10}",346,1958,0.04,Dune,random,2,Prop0.15,84,True
SVR,0.0877367748490534,"{""regressor__tol"": 0.1, ""regressor__shrinking"": false, ""regressor__epsilon"": 0.1, ""regressor__coef0"": 1.0, ""regressor__C"": 1.0}",346,1958,0.06,Dune,random,2,Prop0.15,84,True
CART,0.0921098327521074,"{""max_features"": 1.0, ""min_samples_leaf"": 2, ""splitter"": ""random""}",346,1958,0.0,Dune,random,2,Prop0.15,85,True
kNN,0.1274398327956521,"{""n_neighbors"": 15, ""p"": 1, ""weights"": ""distance""}",346,1958,0.04,Dune,random,2,Prop0.15,85,True
KRR,0.100577610080063,"{""regressor__kernel"": ""rbf"", ""regressor__gamma"": 0.2, ""regressor__alpha"": 0.1}",346,1958,0.02,Dune,random,2,Prop0.15,85,True
MR,0.0977572421209459,"{""lasso__regressor__alpha"": 0.01}",346,1958,0.03,Dune,random,2,Prop0.15,85,True
RF,0.0896253681876919,"{""max_features"": 1.0, ""min_samples_leaf"": 1, ""n_estimators"": 10}",346,1958,0.03,Dune,random,2,Prop0.15,85,True
SVR,0.0891535707496224,"{""regressor__tol"": 0.1, ""regressor__shrinking"": false, ""regressor__epsilon"": 0.1, ""regressor__coef0"": 1.0, ""regressor__C"": 1.0}",346,1958,0.06,Dune,random,2,Prop0.15,85,True
CART,0.0923113429718715,"{""max_features"": 1.0, ""min_samples_leaf"": 2, ""splitter"": ""random""}",346,1958,0.0,Dune,random,2,Prop0.15,86,True
kNN,0.1433215449967645,"{""n_neighbors"": 15, ""p"": 1, ""weights"": ""distance""}",346,1958,0.04,Dune,random,2,Prop0.15,86,True
KRR,0.1154915895659584,"{""regressor__kernel"": ""rbf"", ""regressor__gamma"": 0.2, ""regressor__alpha"": 0.1}",346,1958,0.03,Dune,random,2,Prop0.15,86,True
MR,0.1184004629337633,"{""lasso__regressor__alpha"": 0.01}",346,1958,0.02,Dune,random,2,Prop0.15,86,True
RF,0.0860141673819056,"{""max_features"": 1.0, ""min_samples_leaf"": 1, ""n_estimators"": 10}",346,1958,0.03,Dune,random,2,Prop0.15,86,True
SVR,0.0914382934724571,"{""regressor__tol"": 0.1, ""regressor__shrinking"": false, ""regressor__epsilon"": 0.1, ""regressor__coef0"": 1.0, ""regressor__C"": 1.0}",346,1958,0.05,Dune,random,2,Prop0.15,86,True
CART,0.0876160186510021,"{""max_features"": 1.0, ""min_samples_leaf"": 2, ""splitter"": ""random""}",346,1958,0.0,Dune,random,2,Prop0.15,87,True
kNN,0.1211530943596202,"{""n_neighbors"": 15, ""p"": 1, ""weights"": ""distance""}",346,1958,0.03,Dune,random,2,Prop0.15,87,True
KRR,0.0950047344833825,"{""regressor__kernel"": ""rbf"", ""regressor__gamma"": 0.2, ""regressor__alpha"": 0.1}",346,1958,0.02,Dune,random,2,Prop0.15,87,True
MR,0.0932477821551776,"{""lasso__regressor__alpha"": 0.01}",346,1958,0.02,Dune,random,2,Prop0.15,87,True
RF,0.0854497427688111,"{""max_features"": 1.0, ""min_samples_leaf"": 1, ""n_estimators"": 10}",346,1958,0.04,Dune,random,2,Prop0.15,87,True
SVR,0.0897072172035058,"{""regressor__tol"": 0.1, ""regressor__shrinking"": false, ""regressor__epsilon"": 0.1, ""regressor__coef0"": 1.0, ""regressor__C"": 1.0}",346,1958,0.06,Dune,random,2,Prop0.15,87,True
CART,0.0922042994199226,"{""max_features"": 1.0, ""min_samples_leaf"": 2, ""splitter"": ""random""}",346,1958,0.0,Dune,random,2,Prop0.15,88,True
kNN,0.1290048553954847,"{""n_neighbors"": 15, ""p"": 1, ""weights"": ""distance""}",346,1958,0.04,Dune,random,2,Prop0.15,88,True
KRR,0.0976361476722375,"{""regressor__kernel"": ""rbf"", ""regressor__gamma"": 0.2, ""regressor__alpha"": 0.1}",346,1958,0.02,Dune,random,2,Prop0.15,88,True
MR,0.0961875547142551,"{""lasso__regressor__alpha"": 0.01}",346,1958,0.02,Dune,random,2,Prop0.15,88,True
RF,0.0871164913849005,"{""max_features"": 1.0, ""min_samples_leaf"": 1, ""n_estimators"": 10}",346,1958,0.03,Dune,random,2,Prop0.15,88,True
SVR,0.0889598017525915,"{""regressor__tol"": 0.1, ""regressor__shrinking"": false, ""regressor__epsilon"": 0.1, ""regressor__coef0"": 1.0, ""regressor__C"": 1.0}",346,1958,0.06,Dune,random,2,Prop0.15,88,True
CART,0.0886785840030477,"{""max_features"": 1.0, ""min_samples_leaf"": 2, ""splitter"": ""random""}",346,1958,0.0,Dune,random,2,Prop0.15,89,True
kNN,0.127770144226383,"{""n_neighbors"": 15, ""p"": 1, ""weights"": ""distance""}",346,1958,0.04,Dune,random,2,Prop0.15,89,True
KRR,0.1062281896709036,"{""regressor__kernel"": ""rbf"", ""regressor__gamma"": 0.2, ""regressor__alpha"": 0.1}",346,1958,0.02,Dune,random,2,Prop0.15,89,True
MR,0.1132333606634223,"{""lasso__regressor__alpha"": 0.01}",346,1958,0.02,Dune,random,2,Prop0.15,89,True
RF,0.0842039908691136,"{""max_features"": 1.0, ""min_samples_leaf"": 1, ""n_estimators"": 10}",346,1958,0.03,Dune,random,2,Prop0.15,89,True
SVR,0.0910803060983178,"{""regressor__tol"": 0.1, ""regressor__shrinking"": false, ""regressor__epsilon"": 0.1, ""regressor__coef0"": 1.0, ""regressor__C"": 1.0}",346,1958,0.05,Dune,random,2,Prop0.15,89,True
CART,0.0914986222003289,"{""max_features"": 1.0, ""min_samples_leaf"": 2, ""splitter"": ""random""}",346,1958,0.0,Dune,random,2,Prop0.15,90,True
kNN,0.1280550411890849,"{""n_neighbors"": 15, ""p"": 1, ""weights"": ""distance""}",346,1958,0.04,Dune,random,2,Prop0.15,90,True
KRR,0.092705994595235,"{""regressor__kernel"": ""rbf"", ""regressor__gamma"": 0.2, ""regressor__alpha"": 0.1}",346,1958,0.02,Dune,random,2,Prop0.15,90,True
MR,0.0965621339413908,"{""lasso__regressor__alpha"": 0.01}",346,1958,0.02,Dune,random,2,Prop0.15,90,True
RF,0.0857138213950496,"{""max_features"": 1.0, ""min_samples_leaf"": 1, ""n_estimators"": 10}",346,1958,0.04,Dune,random,2,Prop0.15,90,True
SVR,0.0873909163153472,"{""regressor__tol"": 0.1, ""regressor__shrinking"": false, ""regressor__epsilon"": 0.1, ""regressor__coef0"": 1.0, ""regressor__C"": 1.0}",346,1958,0.07,Dune,random,2,Prop0.15,90,True
CART,0.0948347346606078,"{""max_features"": 1.0, ""min_samples_leaf"": 2, ""splitter"": ""random""}",346,1958,0.0,Dune,random,2,Prop0.15,91,True
kNN,0.1274369163179783,"{""n_neighbors"": 15, ""p"": 1, ""weights"": ""distance""}",346,1958,0.03,Dune,random,2,Prop0.15,91,True
KRR,0.104319166171388,"{""regressor__kernel"": ""rbf"", ""regressor__gamma"": 0.2, ""regressor__alpha"": 0.1}",346,1958,0.02,Dune,random,2,Prop0.15,91,True
MR,0.1082568157734742,"{""lasso__regressor__alpha"": 0.01}",346,1958,0.02,Dune,random,2,Prop0.15,91,True
RF,0.0864490329345661,"{""max_features"": 1.0, ""min_samples_leaf"": 1, ""n_estimators"": 10}",346,1958,0.03,Dune,random,2,Prop0.15,91,True
SVR,0.0897376466459703,"{""regressor__tol"": 0.1, ""regressor__shrinking"": false, ""regressor__epsilon"": 0.1, ""regressor__coef0"": 1.0, ""regressor__C"": 1.0}",346,1958,0.05,Dune,random,2,Prop0.15,91,True
CART,0.1007908364119117,"{""max_features"": 1.0, ""min_samples_leaf"": 2, ""splitter"": ""random""}",346,1958,0.0,Dune,random,2,Prop0.15,92,True
kNN,0.1202784712460232,"{""n_neighbors"": 15, ""p"": 1, ""weights"": ""distance""}",346,1958,0.04,Dune,random,2,Prop0.15,92,True
KRR,0.1004270501099859,"{""regressor__kernel"": ""rbf"", ""regressor__gamma"": 0.2, ""regressor__alpha"": 0.1}",346,1958,0.02,Dune,random,2,Prop0.15,92,True
MR,0.0947037771051564,"{""lasso__regressor__alpha"": 0.01}",346,1958,0.02,Dune,random,2,Prop0.15,92,True
RF,0.090627534657679,"{""max_features"": 1.0, ""min_samples_leaf"": 1, ""n_estimators"": 10}",346,1958,0.04,Dune,random,2,Prop0.15,92,True
SVR,0.0917658527748339,"{""regressor__tol"": 0.1, ""regressor__shrinking"": false, ""regressor__epsilon"": 0.1, ""regressor__coef0"": 1.0, ""regressor__C"": 1.0}",346,1958,0.05,Dune,random,2,Prop0.15,92,True
CART,0.083524244819238,"{""max_features"": 1.0, ""min_samples_leaf"": 2, ""splitter"": ""random""}",346,1958,0.0,Dune,random,2,Prop0.15,93,True
kNN,0.1311303085752846,"{""n_neighbors"": 15, ""p"": 1, ""weights"": ""distance""}",346,1958,0.04,Dune,random,2,Prop0.15,93,True
KRR,0.1019520851871329,"{""regressor__kernel"": ""rbf"", ""regressor__gamma"": 0.2, ""regressor__alpha"": 0.1}",346,1958,0.02,Dune,random,2,Prop0.15,93,True
MR,0.0997420269814988,"{""lasso__regressor__alpha"": 0.01}",346,1958,0.03,Dune,random,2,Prop0.15,93,True
RF,0.0839175558587125,"{""max_features"": 1.0, ""min_samples_leaf"": 1, ""n_estimators"": 10}",346,1958,0.03,Dune,random,2,Prop0.15,93,True
SVR,0.0906299282545182,"{""regressor__tol"": 0.1, ""regressor__shrinking"": false, ""regressor__epsilon"": 0.1, ""regressor__coef0"": 1.0, ""regressor__C"": 1.0}",346,1958,0.05,Dune,random,2,Prop0.15,93,True
CART,0.0951232746828937,"{""max_features"": 1.0, ""min_samples_leaf"": 2, ""splitter"": ""random""}",346,1958,0.0,Dune,random,2,Prop0.15,94,True
kNN,0.1299805137049182,"{""n_neighbors"": 15, ""p"": 1, ""weights"": ""distance""}",346,1958,0.04,Dune,random,2,Prop0.15,94,True
KRR,0.0954543394596218,"{""regressor__kernel"": ""rbf"", ""regressor__gamma"": 0.2, ""regressor__alpha"": 0.1}",346,1958,0.02,Dune,random,2,Prop0.15,94,True
MR,0.0977702108281848,"{""lasso__regressor__alpha"": 0.01}",346,1958,0.02,Dune,random,2,Prop0.15,94,True
RF,0.0878828912048414,"{""max_features"": 1.0, ""min_samples_leaf"": 1, ""n_estimators"": 10}",346,1958,0.04,Dune,random,2,Prop0.15,94,True
SVR,0.0913795835011117,"{""regressor__tol"": 0.1, ""regressor__shrinking"": false, ""regressor__epsilon"": 0.1, ""regressor__coef0"": 1.0, ""regressor__C"": 1.0}",346,1958,0.06,Dune,random,2,Prop0.15,94,True
CART,0.0947458228769027,"{""max_features"": 1.0, ""min_samples_leaf"": 2, ""splitter"": ""random""}",346,1958,0.0,Dune,random,2,Prop0.15,95,True
kNN,0.1350329156743727,"{""n_neighbors"": 15, ""p"": 1, ""weights"": ""distance""}",346,1958,0.03,Dune,random,2,Prop0.15,95,True
KRR,0.1103938579470293,"{""regressor__kernel"": ""rbf"", ""regressor__gamma"": 0.2, ""regressor__alpha"": 0.1}",346,1958,0.02,Dune,random,2,Prop0.15,95,True
MR,0.1230177697062056,"{""lasso__regressor__alpha"": 0.01}",346,1958,0.02,Dune,random,2,Prop0.15,95,True
RF,0.0896485216139353,"{""max_features"": 1.0, ""min_samples_leaf"": 1, ""n_estimators"": 10}",346,1958,0.04,Dune,random,2,Prop0.15,95,True
SVR,0.0866917483950835,"{""regressor__tol"": 0.1, ""regressor__shrinking"": false, ""regressor__epsilon"": 0.1, ""regressor__coef0"": 1.0, ""regressor__C"": 1.0}",346,1958,0.05,Dune,random,2,Prop0.15,95,True
CART,0.1084078747802061,"{""max_features"": 1.0, ""min_samples_leaf"": 2, ""splitter"": ""random""}",346,1958,0.0,Dune,random,2,Prop0.15,96,True
kNN,0.1287884955179321,"{""n_neighbors"": 15, ""p"": 1, ""weights"": ""distance""}",346,1958,0.04,Dune,random,2,Prop0.15,96,True
KRR,0.1058004335029208,"{""regressor__kernel"": ""rbf"", ""regressor__gamma"": 0.2, ""regressor__alpha"": 0.1}",346,1958,0.02,Dune,random,2,Prop0.15,96,True
MR,0.1063242494473978,"{""lasso__regressor__alpha"": 0.01}",346,1958,0.03,Dune,random,2,Prop0.15,96,True
RF,0.0891432935206552,"{""max_features"": 1.0, ""min_samples_leaf"": 1, ""n_estimators"": 10}",346,1958,0.04,Dune,random,2,Prop0.15,96,True
SVR,0.0893682164723299,"{""regressor__tol"": 0.1, ""regressor__shrinking"": false, ""regressor__epsilon"": 0.1, ""regressor__coef0"": 1.0, ""regressor__C"": 1.0}",346,1958,0.05,Dune,random,2,Prop0.15,96,True
CART,0.1018845018445987,"{""max_features"": 1.0, ""min_samples_leaf"": 2, ""splitter"": ""random""}",346,1958,0.0,Dune,random,2,Prop0.15,97,True
kNN,0.1275773033503764,"{""n_neighbors"": 15, ""p"": 1, ""weights"": ""distance""}",346,1958,0.04,Dune,random,2,Prop0.15,97,True
KRR,0.0944524546863336,"{""regressor__kernel"": ""rbf"", ""regressor__gamma"": 0.2, ""regressor__alpha"": 0.1}",346,1958,0.02,Dune,random,2,Prop0.15,97,True
MR,0.0938441888005575,"{""lasso__regressor__alpha"": 0.01}",346,1958,0.02,Dune,random,2,Prop0.15,97,True
RF,0.0977647758417339,"{""max_features"": 1.0, ""min_samples_leaf"": 1, ""n_estimators"": 10}",346,1958,0.03,Dune,random,2,Prop0.15,97,True
SVR,0.0921727512435066,"{""regressor__tol"": 0.1, ""regressor__shrinking"": false, ""regressor__epsilon"": 0.1, ""regressor__coef0"": 1.0, ""regressor__C"": 1.0}",346,1958,0.07,Dune,random,2,Prop0.15,97,True
CART,0.0983424584668413,"{""max_features"": 1.0, ""min_samples_leaf"": 2, ""splitter"": ""random""}",346,1958,0.0,Dune,random,2,Prop0.15,98,True
kNN,0.1223200475413783,"{""n_neighbors"": 15, ""p"": 1, ""weights"": ""distance""}",346,1958,0.04,Dune,random,2,Prop0.15,98,True
KRR,0.0960284556174391,"{""regressor__kernel"": ""rbf"", ""regressor__gamma"": 0.2, ""regressor__alpha"": 0.1}",346,1958,0.02,Dune,random,2,Prop0.15,98,True
MR,0.0974854390317719,"{""lasso__regressor__alpha"": 0.01}",346,1958,0.02,Dune,random,2,Prop0.15,98,True
RF,0.0835719153977818,"{""max_features"": 1.0, ""min_samples_leaf"": 1, ""n_estimators"": 10}",346,1958,0.02,Dune,random,2,Prop0.15,98,True
SVR,0.0884022421522601,"{""regressor__tol"": 0.1, ""regressor__shrinking"": false, ""regressor__epsilon"": 0.1, ""regressor__coef0"": 1.0, ""regressor__C"": 1.0}",346,1958,0.03,Dune,random,2,Prop0.15,98,True
CART,0.0851510736426771,"{""max_features"": 1.0, ""min_samples_leaf"": 2, ""splitter"": ""random""}",346,1958,0.0,Dune,random,2,Prop0.15,99,True
kNN,0.1298513746478473,"{""n_neighbors"": 15, ""p"": 1, ""weights"": ""distance""}",346,1958,0.03,Dune,random,2,Prop0.15,99,True
KRR,0.0981919055542027,"{""regressor__kernel"": ""rbf"", ""regressor__gamma"": 0.2, ""regressor__alpha"": 0.1}",346,1958,0.02,Dune,random,2,Prop0.15,99,True
MR,0.1050924189757457,"{""lasso__regressor__alpha"": 0.01}",346,1958,0.03,Dune,random,2,Prop0.15,99,True
RF,0.0817003160816932,"{""max_features"": 1.0, ""min_samples_leaf"": 1, ""n_estimators"": 10}",346,1958,0.03,Dune,random,2,Prop0.15,99,True
SVR,0.0892817454639067,"{""regressor__tol"": 0.1, ""regressor__shrinking"": false, ""regressor__epsilon"": 0.1, ""regressor__coef0"": 1.0, ""regressor__C"": 1.0}",346,1958,0.03,Dune,random,2,Prop0.15,99,True
CART,0.0967489395230252,"{""max_features"": 1.0, ""min_samples_leaf"": 2, ""splitter"": ""random""}",346,1958,0.0,Dune,random,2,Prop0.15,100,True
kNN,0.1401233879872183,"{""n_neighbors"": 15, ""p"": 1, ""weights"": ""distance""}",346,1958,0.04,Dune,random,2,Prop0.15,100,True
KRR,0.1030532164166095,"{""regressor__kernel"": ""rbf"", ""regressor__gamma"": 0.2, ""regressor__alpha"": 0.1}",346,1958,0.02,Dune,random,2,Prop0.15,100,True
MR,0.1095699298897212,"{""lasso__regressor__alpha"": 0.01}",346,1958,0.02,Dune,random,2,Prop0.15,100,True
RF,0.0918900764889362,"{""max_features"": 1.0, ""min_samples_leaf"": 1, ""n_estimators"": 10}",346,1958,0.02,Dune,random,2,Prop0.15,100,True
SVR,0.0935314216078588,"{""regressor__tol"": 0.1, ""regressor__shrinking"": false, ""regressor__epsilon"": 0.1, ""regressor__coef0"": 1.0, ""regressor__C"": 1.0}",346,1958,0.03,Dune,random,2,Prop0.15,100,True
CART,0.0817197861630323,"{""max_features"": 1.0, ""min_samples_leaf"": 1, ""splitter"": ""best""}",461,1843,0.0,Dune,random,2,Prop0.2,1,True
kNN,0.1213952149802539,"{""n_neighbors"": 15, ""p"": 1, ""weights"": ""distance""}",461,1843,0.05,Dune,random,2,Prop0.2,1,True
KRR,0.0860712634059226,"{""regressor__kernel"": ""rbf"", ""regressor__gamma"": 0.2, ""regressor__alpha"": 0.1}",461,1843,0.05,Dune,random,2,Prop0.2,1,True
MR,0.0952432463438553,"{""lasso__regressor__alpha"": 0.01}",461,1843,0.03,Dune,random,2,Prop0.2,1,True
RF,0.0769140250524666,"{""max_features"": 1.0, ""min_samples_leaf"": 1, ""n_estimators"": 20}",461,1843,0.08,Dune,random,2,Prop0.2,1,True
SVR,0.0866533098730533,"{""regressor__tol"": 0.1, ""regressor__shrinking"": false, ""regressor__epsilon"": 0.1, ""regressor__coef0"": 1.0, ""regressor__C"": 2.0}",461,1843,0.08,Dune,random,2,Prop0.2,1,True
CART,0.0814394784361359,"{""max_features"": 1.0, ""min_samples_leaf"": 1, ""splitter"": ""best""}",461,1843,0.0,Dune,random,2,Prop0.2,2,True
kNN,0.121478820986498,"{""n_neighbors"": 15, ""p"": 1, ""weights"": ""distance""}",461,1843,0.05,Dune,random,2,Prop0.2,2,True
KRR,0.0958140799890041,"{""regressor__kernel"": ""rbf"", ""regressor__gamma"": 0.2, ""regressor__alpha"": 0.1}",461,1843,0.05,Dune,random,2,Prop0.2,2,True
MR,0.0993206605965199,"{""lasso__regressor__alpha"": 0.01}",461,1843,0.03,Dune,random,2,Prop0.2,2,True
RF,0.0754874785466691,"{""max_features"": 1.0, ""min_samples_leaf"": 1, ""n_estimators"": 20}",461,1843,0.08,Dune,random,2,Prop0.2,2,True
SVR,0.0884977988809938,"{""regressor__tol"": 0.1, ""regressor__shrinking"": false, ""regressor__epsilon"": 0.1, ""regressor__coef0"": 1.0, ""regressor__C"": 2.0}",461,1843,0.07,Dune,random,2,Prop0.2,2,True
CART,0.0787925039510999,"{""max_features"": 1.0, ""min_samples_leaf"": 1, ""splitter"": ""best""}",461,1843,0.0,Dune,random,2,Prop0.2,3,True
kNN,0.1317191744240942,"{""n_neighbors"": 15, ""p"": 1, ""weights"": ""distance""}",461,1843,0.05,Dune,random,2,Prop0.2,3,True
KRR,0.0981946902857728,"{""regressor__kernel"": ""rbf"", ""regressor__gamma"": 0.2, ""regressor__alpha"": 0.1}",461,1843,0.04,Dune,random,2,Prop0.2,3,True
MR,0.1035906710896277,"{""lasso__regressor__alpha"": 0.01}",461,1843,0.03,Dune,random,2,Prop0.2,3,True
RF,0.0750124036875514,"{""max_features"": 1.0, ""min_samples_leaf"": 1, ""n_estimators"": 20}",461,1843,0.08,Dune,random,2,Prop0.2,3,True
SVR,0.0870772461439998,"{""regressor__tol"": 0.1, ""regressor__shrinking"": false, ""regressor__epsilon"": 0.1, ""regressor__coef0"": 1.0, ""regressor__C"": 2.0}",461,1843,0.07,Dune,random,2,Prop0.2,3,True
CART,0.0759277449800236,"{""max_features"": 1.0, ""min_samples_leaf"": 1, ""splitter"": ""best""}",461,1843,0.0,Dune,random,2,Prop0.2,4,True
kNN,0.1284361273946666,"{""n_neighbors"": 15, ""p"": 1, ""weights"": ""distance""}",461,1843,0.05,Dune,random,2,Prop0.2,4,True
KRR,0.0969005155239947,"{""regressor__kernel"": ""rbf"", ""regressor__gamma"": 0.2, ""regressor__alpha"": 0.1}",461,1843,0.04,Dune,random,2,Prop0.2,4,True
MR,0.1140961123075514,"{""lasso__regressor__alpha"": 0.01}",461,1843,0.03,Dune,random,2,Prop0.2,4,True
RF,0.0695428403927195,"{""max_features"": 1.0, ""min_samples_leaf"": 1, ""n_estimators"": 20}",461,1843,0.08,Dune,random,2,Prop0.2,4,True
SVR,0.0833917707644071,"{""regressor__tol"": 0.1, ""regressor__shrinking"": false, ""regressor__epsilon"": 0.1, ""regressor__coef0"": 1.0, ""regressor__C"": 2.0}",461,1843,0.06,Dune,random,2,Prop0.2,4,True
CART,0.0846268326167782,"{""max_features"": 1.0, ""min_samples_leaf"": 1, ""splitter"": ""best""}",461,1843,0.0,Dune,random,2,Prop0.2,5,True
kNN,0.1186765382647246,"{""n_neighbors"": 15, ""p"": 1, ""weights"": ""distance""}",461,1843,0.05,Dune,random,2,Prop0.2,5,True
KRR,0.0906450375422927,"{""regressor__kernel"": ""rbf"", ""regressor__gamma"": 0.2, ""regressor__alpha"": 0.1}",461,1843,0.03,Dune,random,2,Prop0.2,5,True
MR,0.1010394175444343,"{""lasso__regressor__alpha"": 0.01}",461,1843,0.03,Dune,random,2,Prop0.2,5,True
RF,0.0737309381108468,"{""max_features"": 1.0, ""min_samples_leaf"": 1, ""n_estimators"": 20}",461,1843,0.08,Dune,random,2,Prop0.2,5,True
SVR,0.085314282386588,"{""regressor__tol"": 0.1, ""regressor__shrinking"": false, ""regressor__epsilon"": 0.1, ""regressor__coef0"": 1.0, ""regressor__C"": 2.0}",461,1843,0.08,Dune,random,2,Prop0.2,5,True
CART,0.0780112097317128,"{""max_features"": 1.0, ""min_samples_leaf"": 1, ""splitter"": ""best""}",461,1843,0.0,Dune,random,2,Prop0.2,6,True
kNN,0.1284707919194828,"{""n_neighbors"": 15, ""p"": 1, ""weights"": ""distance""}",461,1843,0.05,Dune,random,2,Prop0.2,6,True
KRR,0.0989694758549563,"{""regressor__kernel"": ""rbf"", ""regressor__gamma"": 0.2, ""regressor__alpha"": 0.1}",461,1843,0.03,Dune,random,2,Prop0.2,6,True
MR,0.1065112020589546,"{""lasso__regressor__alpha"": 0.01}",461,1843,0.02,Dune,random,2,Prop0.2,6,True
RF,0.0745998495741801,"{""max_features"": 1.0, ""min_samples_leaf"": 1, ""n_estimators"": 20}",461,1843,0.08,Dune,random,2,Prop0.2,6,True
SVR,0.0837786754993084,"{""regressor__tol"": 0.1, ""regressor__shrinking"": false, ""regressor__epsilon"": 0.1, ""regressor__coef0"": 1.0, ""regressor__C"": 2.0}",461,1843,0.07,Dune,random,2,Prop0.2,6,True
CART,0.088555870580062,"{""max_features"": 1.0, ""min_samples_leaf"": 1, ""splitter"": ""best""}",461,1843,0.0,Dune,random,2,Prop0.2,7,True
kNN,0.1243354106690637,"{""n_neighbors"": 15, ""p"": 1, ""weights"": ""distance""}",461,1843,0.05,Dune,random,2,Prop0.2,7,True
KRR,0.0915605027038917,"{""regressor__kernel"": ""rbf"", ""regressor__gamma"": 0.2, ""regressor__alpha"": 0.1}",461,1843,0.03,Dune,random,2,Prop0.2,7,True
MR,0.099596826214236,"{""lasso__regressor__alpha"": 0.01}",461,1843,0.02,Dune,random,2,Prop0.2,7,True
RF,0.0752701085904453,"{""max_features"": 1.0, ""min_samples_leaf"": 1, ""n_estimators"": 20}",461,1843,0.08,Dune,random,2,Prop0.2,7,True
SVR,0.0882640108059839,"{""regressor__tol"": 0.1, ""regressor__shrinking"": false, ""regressor__epsilon"": 0.1, ""regressor__coef0"": 1.0, ""regressor__C"": 2.0}",461,1843,0.08,Dune,random,2,Prop0.2,7,True
CART,0.0710990647845357,"{""max_features"": 1.0, ""min_samples_leaf"": 1, ""splitter"": ""best""}",461,1843,0.0,Dune,random,2,Prop0.2,8,True
kNN,0.1230332384107898,"{""n_neighbors"": 15, ""p"": 1, ""weights"": ""distance""}",461,1843,0.05,Dune,random,2,Prop0.2,8,True
KRR,0.0931087625355354,"{""regressor__kernel"": ""rbf"", ""regressor__gamma"": 0.2, ""regressor__alpha"": 0.1}",461,1843,0.03,Dune,random,2,Prop0.2,8,True
MR,0.1009718178958423,"{""lasso__regressor__alpha"": 0.01}",461,1843,0.03,Dune,random,2,Prop0.2,8,True
RF,0.0702603026107701,"{""max_features"": 1.0, ""min_samples_leaf"": 1, ""n_estimators"": 20}",461,1843,0.08,Dune,random,2,Prop0.2,8,True
SVR,0.0831883703238435,"{""regressor__tol"": 0.1, ""regressor__shrinking"": false, ""regressor__epsilon"": 0.1, ""regressor__coef0"": 1.0, ""regressor__C"": 2.0}",461,1843,0.07,Dune,random,2,Prop0.2,8,True
CART,0.0795073001240409,"{""max_features"": 1.0, ""min_samples_leaf"": 1, ""splitter"": ""best""}",461,1843,0.0,Dune,random,2,Prop0.2,9,True
kNN,0.1261297092241826,"{""n_neighbors"": 15, ""p"": 1, ""weights"": ""distance""}",461,1843,0.05,Dune,random,2,Prop0.2,9,True
KRR,0.102805855001109,"{""regressor__kernel"": ""rbf"", ""regressor__gamma"": 0.2, ""regressor__alpha"": 0.1}",461,1843,0.03,Dune,random,2,Prop0.2,9,True
MR,0.1089171854850825,"{""lasso__regressor__alpha"": 0.01}",461,1843,0.03,Dune,random,2,Prop0.2,9,True
RF,0.0793842599548208,"{""max_features"": 1.0, ""min_samples_leaf"": 1, ""n_estimators"": 20}",461,1843,0.08,Dune,random,2,Prop0.2,9,True
SVR,0.0864695915979037,"{""regressor__tol"": 0.1, ""regressor__shrinking"": false, ""regressor__epsilon"": 0.1, ""regressor__coef0"": 1.0, ""regressor__C"": 2.0}",461,1843,0.08,Dune,random,2,Prop0.2,9,True
CART,0.0775755324503958,"{""max_features"": 1.0, ""min_samples_leaf"": 1, ""splitter"": ""best""}",461,1843,0.0,Dune,random,2,Prop0.2,10,True
kNN,0.1182686438403901,"{""n_neighbors"": 15, ""p"": 1, ""weights"": ""distance""}",461,1843,0.05,Dune,random,2,Prop0.2,10,True
KRR,0.091728799459098,"{""regressor__kernel"": ""rbf"", ""regressor__gamma"": 0.2, ""regressor__alpha"": 0.1}",461,1843,0.03,Dune,random,2,Prop0.2,10,True
MR,0.1024030229063555,"{""lasso__regressor__alpha"": 0.01}",461,1843,0.03,Dune,random,2,Prop0.2,10,True
RF,0.0765059719472409,"{""max_features"": 1.0, ""min_samples_leaf"": 1, ""n_estimators"": 20}",461,1843,0.08,Dune,random,2,Prop0.2,10,True
SVR,0.083461535968368,"{""regressor__tol"": 0.1, ""regressor__shrinking"": false, ""regressor__epsilon"": 0.1, ""regressor__coef0"": 1.0, ""regressor__C"": 2.0}",461,1843,0.08,Dune,random,2,Prop0.2,10,True
CART,0.0836391289739917,"{""max_features"": 1.0, ""min_samples_leaf"": 1, ""splitter"": ""best""}",461,1843,0.0,Dune,random,2,Prop0.2,11,True
kNN,0.1256024056613618,"{""n_neighbors"": 15, ""p"": 1, ""weights"": ""distance""}",461,1843,0.05,Dune,random,2,Prop0.2,11,True
KRR,0.0898585340452815,"{""regressor__kernel"": ""rbf"", ""regressor__gamma"": 0.2, ""regressor__alpha"": 0.1}",461,1843,0.03,Dune,random,2,Prop0.2,11,True
MR,0.0946315132083291,"{""lasso__regressor__alpha"": 0.01}",461,1843,0.03,Dune,random,2,Prop0.2,11,True
RF,0.0755879792828965,"{""max_features"": 1.0, ""min_samples_leaf"": 1, ""n_estimators"": 20}",461,1843,0.08,Dune,random,2,Prop0.2,11,True
SVR,0.0883651241386233,"{""regressor__tol"": 0.1, ""regressor__shrinking"": false, ""regressor__epsilon"": 0.1, ""regressor__coef0"": 1.0, ""regressor__C"": 2.0}",461,1843,0.08,Dune,random,2,Prop0.2,11,True
CART,0.0876186503523006,"{""max_features"": 1.0, ""min_samples_leaf"": 1, ""splitter"": ""best""}",461,1843,0.0,Dune,random,2,Prop0.2,12,True
kNN,0.130547645578281,"{""n_neighbors"": 15, ""p"": 1, ""weights"": ""distance""}",461,1843,0.05,Dune,random,2,Prop0.2,12,True
KRR,0.104684591107559,"{""regressor__kernel"": ""rbf"", ""regressor__gamma"": 0.2, ""regressor__alpha"": 0.1}",461,1843,0.03,Dune,random,2,Prop0.2,12,True
MR,0.1094128161570836,"{""lasso__regressor__alpha"": 0.01}",461,1843,0.03,Dune,random,2,Prop0.2,12,True
RF,0.0824418079621021,"{""max_features"": 1.0, ""min_samples_leaf"": 1, ""n_estimators"": 20}",461,1843,0.08,Dune,random,2,Prop0.2,12,True
SVR,0.0875858086754289,"{""regressor__tol"": 0.1, ""regressor__shrinking"": false, ""regressor__epsilon"": 0.1, ""regressor__coef0"": 1.0, ""regressor__C"": 2.0}",461,1843,0.07,Dune,random,2,Prop0.2,12,True
CART,0.0895927416640088,"{""max_features"": 1.0, ""min_samples_leaf"": 1, ""splitter"": ""best""}",461,1843,0.0,Dune,random,2,Prop0.2,13,True
kNN,0.125907138949164,"{""n_neighbors"": 15, ""p"": 1, ""weights"": ""distance""}",461,1843,0.05,Dune,random,2,Prop0.2,13,True
KRR,0.0893311583506822,"{""regressor__kernel"": ""rbf"", ""regressor__gamma"": 0.2, ""regressor__alpha"": 0.1}",461,1843,0.03,Dune,random,2,Prop0.2,13,True
MR,0.0938323968786785,"{""lasso__regressor__alpha"": 0.01}",461,1843,0.02,Dune,random,2,Prop0.2,13,True
RF,0.0835827321194544,"{""max_features"": 1.0, ""min_samples_leaf"": 1, ""n_estimators"": 20}",461,1843,0.08,Dune,random,2,Prop0.2,13,True
SVR,0.0868567381532708,"{""regressor__tol"": 0.1, ""regressor__shrinking"": false, ""regressor__epsilon"": 0.1, ""regressor__coef0"": 1.0, ""regressor__C"": 2.0}",461,1843,0.08,Dune,random,2,Prop0.2,13,True
CART,0.0727844887161927,"{""max_features"": 1.0, ""min_samples_leaf"": 1, ""splitter"": ""best""}",461,1843,0.0,Dune,random,2,Prop0.2,14,True
kNN,0.1253129711950844,"{""n_neighbors"": 15, ""p"": 1, ""weights"": ""distance""}",461,1843,0.05,Dune,random,2,Prop0.2,14,True
KRR,0.1027058490211235,"{""regressor__kernel"": ""rbf"", ""regressor__gamma"": 0.2, ""regressor__alpha"": 0.1}",461,1843,0.03,Dune,random,2,Prop0.2,14,True
MR,0.1069830595588617,"{""lasso__regressor__alpha"": 0.01}",461,1843,0.03,Dune,random,2,Prop0.2,14,True
RF,0.0709499777216204,"{""max_features"": 1.0, ""min_samples_leaf"": 1, ""n_estimators"": 20}",461,1843,0.08,Dune,random,2,Prop0.2,14,True
SVR,0.0844822329977798,"{""regressor__tol"": 0.1, ""regressor__shrinking"": false, ""regressor__epsilon"": 0.1, ""regressor__coef0"": 1.0, ""regressor__C"": 2.0}",461,1843,0.08,Dune,random,2,Prop0.2,14,True
CART,0.0860826826149546,"{""max_features"": 1.0, ""min_samples_leaf"": 1, ""splitter"": ""best""}",461,1843,0.0,Dune,random,2,Prop0.2,15,True
kNN,0.1293606886304495,"{""n_neighbors"": 15, ""p"": 1, ""weights"": ""distance""}",461,1843,0.05,Dune,random,2,Prop0.2,15,True
KRR,0.0943392977477485,"{""regressor__kernel"": ""rbf"", ""regressor__gamma"": 0.2, ""regressor__alpha"": 0.1}",461,1843,0.03,Dune,random,2,Prop0.2,15,True
MR,0.1042137455850482,"{""lasso__regressor__alpha"": 0.01}",461,1843,0.03,Dune,random,2,Prop0.2,15,True
RF,0.0761612214996685,"{""max_features"": 1.0, ""min_samples_leaf"": 1, ""n_estimators"": 20}",461,1843,0.08,Dune,random,2,Prop0.2,15,True
SVR,0.0859334843304984,"{""regressor__tol"": 0.1, ""regressor__shrinking"": false, ""regressor__epsilon"": 0.1, ""regressor__coef0"": 1.0, ""regressor__C"": 2.0}",461,1843,0.08,Dune,random,2,Prop0.2,15,True
CART,0.0787242969548268,"{""max_features"": 1.0, ""min_samples_leaf"": 1, ""splitter"": ""best""}",461,1843,0.0,Dune,random,2,Prop0.2,16,True
kNN,0.1317927805067754,"{""n_neighbors"": 15, ""p"": 1, ""weights"": ""distance""}",461,1843,0.05,Dune,random,2,Prop0.2,16,True
KRR,0.0905752674323441,"{""regressor__kernel"": ""rbf"", ""regressor__gamma"": 0.2, ""regressor__alpha"": 0.1}",461,1843,0.03,Dune,random,2,Prop0.2,16,True
MR,0.0938228353067012,"{""lasso__regressor__alpha"": 0.01}",461,1843,0.03,Dune,random,2,Prop0.2,16,True
RF,0.0736819073836894,"{""max_features"": 1.0, ""min_samples_leaf"": 1, ""n_estimators"": 20}",461,1843,0.08,Dune,random,2,Prop0.2,16,True
SVR,0.0839734691243212,"{""regressor__tol"": 0.1, ""regressor__shrinking"": false, ""regressor__epsilon"": 0.1, ""regressor__coef0"": 1.0, ""regressor__C"": 2.0}",461,1843,0.07,Dune,random,2,Prop0.2,16,True
CART,0.0829257239197934,"{""max_features"": 1.0, ""min_samples_leaf"": 1, ""splitter"": ""best""}",461,1843,0.0,Dune,random,2,Prop0.2,17,True
kNN,0.1235068138491406,"{""n_neighbors"": 15, ""p"": 1, ""weights"": ""distance""}",461,1843,0.05,Dune,random,2,Prop0.2,17,True
KRR,0.092862606614616,"{""regressor__kernel"": ""rbf"", ""regressor__gamma"": 0.2, ""regressor__alpha"": 0.1}",461,1843,0.03,Dune,random,2,Prop0.2,17,True
MR,0.0990620540629824,"{""lasso__regressor__alpha"": 0.01}",461,1843,0.03,Dune,random,2,Prop0.2,17,True
RF,0.0698278288417139,"{""max_features"": 1.0, ""min_samples_leaf"": 1, ""n_estimators"": 20}",461,1843,0.08,Dune,random,2,Prop0.2,17,True
SVR,0.08316671312162,"{""regressor__tol"": 0.1, ""regressor__shrinking"": false, ""regressor__epsilon"": 0.1, ""regressor__coef0"": 1.0, ""regressor__C"": 2.0}",461,1843,0.07,Dune,random,2,Prop0.2,17,True
CART,0.0815385433127788,"{""max_features"": 1.0, ""min_samples_leaf"": 1, ""splitter"": ""best""}",461,1843,0.0,Dune,random,2,Prop0.2,18,True
kNN,0.120451820963063,"{""n_neighbors"": 15, ""p"": 1, ""weights"": ""distance""}",461,1843,0.05,Dune,random,2,Prop0.2,18,True
KRR,0.0863228833518575,"{""regressor__kernel"": ""rbf"", ""regressor__gamma"": 0.2, ""regressor__alpha"": 0.1}",461,1843,0.03,Dune,random,2,Prop0.2,18,True
MR,0.0915587759962868,"{""lasso__regressor__alpha"": 0.01}",461,1843,0.03,Dune,random,2,Prop0.2,18,True
RF,0.082893362692847,"{""max_features"": 1.0, ""min_samples_leaf"": 1, ""n_estimators"": 20}",461,1843,0.08,Dune,random,2,Prop0.2,18,True
SVR,0.0815409587962531,"{""regressor__tol"": 0.1, ""regressor__shrinking"": false, ""regressor__epsilon"": 0.1, ""regressor__coef0"": 1.0, ""regressor__C"": 2.0}",461,1843,0.08,Dune,random,2,Prop0.2,18,True
CART,0.0818721124581022,"{""max_features"": 1.0, ""min_samples_leaf"": 1, ""splitter"": ""best""}",461,1843,0.0,Dune,random,2,Prop0.2,19,True
kNN,0.1181852284126819,"{""n_neighbors"": 15, ""p"": 1, ""weights"": ""distance""}",461,1843,0.05,Dune,random,2,Prop0.2,19,True
KRR,0.0918786152270204,"{""regressor__kernel"": ""rbf"", ""regressor__gamma"": 0.2, ""regressor__alpha"": 0.1}",461,1843,0.03,Dune,random,2,Prop0.2,19,True
MR,0.0922758250547547,"{""lasso__regressor__alpha"": 0.01}",461,1843,0.03,Dune,random,2,Prop0.2,19,True
RF,0.0740841041522953,"{""max_features"": 1.0, ""min_samples_leaf"": 1, ""n_estimators"": 20}",461,1843,0.08,Dune,random,2,Prop0.2,19,True
SVR,0.0816785222258858,"{""regressor__tol"": 0.1, ""regressor__shrinking"": false, ""regressor__epsilon"": 0.1, ""regressor__coef0"": 1.0, ""regressor__C"": 2.0}",461,1843,0.08,Dune,random,2,Prop0.2,19,True
CART,0.0786381171771733,"{""max_features"": 1.0, ""min_samples_leaf"": 1, ""splitter"": ""best""}",461,1843,0.0,Dune,random,2,Prop0.2,20,True
kNN,0.1387994766587908,"{""n_neighbors"": 15, ""p"": 1, ""weights"": ""distance""}",461,1843,0.05,Dune,random,2,Prop0.2,20,True
KRR,0.0993092596263405,"{""regressor__kernel"": ""rbf"", ""regressor__gamma"": 0.2, ""regressor__alpha"": 0.1}",461,1843,0.03,Dune,random,2,Prop0.2,20,True
MR,0.1119459317689761,"{""lasso__regressor__alpha"": 0.01}",461,1843,0.02,Dune,random,2,Prop0.2,20,True
RF,0.0787958803867412,"{""max_features"": 1.0, ""min_samples_leaf"": 1, ""n_estimators"": 20}",461,1843,0.08,Dune,random,2,Prop0.2,20,True
SVR,0.0834785347476477,"{""regressor__tol"": 0.1, ""regressor__shrinking"": false, ""regressor__epsilon"": 0.1, ""regressor__coef0"": 1.0, ""regressor__C"": 2.0}",461,1843,0.08,Dune,random,2,Prop0.2,20,True
CART,0.0738177218957584,"{""max_features"": 1.0, ""min_samples_leaf"": 1, ""splitter"": ""best""}",461,1843,0.0,Dune,random,2,Prop0.2,21,True
kNN,0.1211308200993736,"{""n_neighbors"": 15, ""p"": 1, ""weights"": ""distance""}",461,1843,0.05,Dune,random,2,Prop0.2,21,True
KRR,0.0919741820064568,"{""regressor__kernel"": ""rbf"", ""regressor__gamma"": 0.2, ""regressor__alpha"": 0.1}",461,1843,0.03,Dune,random,2,Prop0.2,21,True
MR,0.1033991305660688,"{""lasso__regressor__alpha"": 0.01}",461,1843,0.02,Dune,random,2,Prop0.2,21,True
RF,0.0743656640287773,"{""max_features"": 1.0, ""min_samples_leaf"": 1, ""n_estimators"": 20}",461,1843,0.08,Dune,random,2,Prop0.2,21,True
SVR,0.0805016629064121,"{""regressor__tol"": 0.1, ""regressor__shrinking"": false, ""regressor__epsilon"": 0.1, ""regressor__coef0"": 1.0, ""regressor__C"": 2.0}",461,1843,0.07,Dune,random,2,Prop0.2,21,True
CART,0.0768372039931508,"{""max_features"": 1.0, ""min_samples_leaf"": 1, ""splitter"": ""best""}",461,1843,0.0,Dune,random,2,Prop0.2,22,True
kNN,0.1145419800394386,"{""n_neighbors"": 15, ""p"": 1, ""weights"": ""distance""}",461,1843,0.05,Dune,random,2,Prop0.2,22,True
KRR,0.0889497013219968,"{""regressor__kernel"": ""rbf"", ""regressor__gamma"": 0.2, ""regressor__alpha"": 0.1}",461,1843,0.03,Dune,random,2,Prop0.2,22,True
MR,0.0981369368363423,"{""lasso__regressor__alpha"": 0.01}",461,1843,0.02,Dune,random,2,Prop0.2,22,True
RF,0.0722628418731854,"{""max_features"": 1.0, ""min_samples_leaf"": 1, ""n_estimators"": 20}",461,1843,0.08,Dune,random,2,Prop0.2,22,True
SVR,0.0840609071251754,"{""regressor__tol"": 0.1, ""regressor__shrinking"": false, ""regressor__epsilon"": 0.1, ""regressor__coef0"": 1.0, ""regressor__C"": 2.0}",461,1843,0.07,Dune,random,2,Prop0.2,22,True
CART,0.0845080135747202,"{""max_features"": 1.0, ""min_samples_leaf"": 1, ""splitter"": ""best""}",461,1843,0.0,Dune,random,2,Prop0.2,23,True
kNN,0.1225678329666815,"{""n_neighbors"": 15, ""p"": 1, ""weights"": ""distance""}",461,1843,0.05,Dune,random,2,Prop0.2,23,True
KRR,0.091550186352561,"{""regressor__kernel"": ""rbf"", ""regressor__gamma"": 0.2, ""regressor__alpha"": 0.1}",461,1843,0.03,Dune,random,2,Prop0.2,23,True
MR,0.0977623269611339,"{""lasso__regressor__alpha"": 0.01}",461,1843,0.03,Dune,random,2,Prop0.2,23,True
RF,0.0780570133362505,"{""max_features"": 1.0, ""min_samples_leaf"": 1, ""n_estimators"": 20}",461,1843,0.08,Dune,random,2,Prop0.2,23,True
SVR,0.0870264525672172,"{""regressor__tol"": 0.1, ""regressor__shrinking"": false, ""regressor__epsilon"": 0.1, ""regressor__coef0"": 1.0, ""regressor__C"": 2.0}",461,1843,0.08,Dune,random,2,Prop0.2,23,True
CART,0.0844916842023002,"{""max_features"": 1.0, ""min_samples_leaf"": 1, ""splitter"": ""best""}",461,1843,0.0,Dune,random,2,Prop0.2,24,True
kNN,0.119877611161491,"{""n_neighbors"": 15, ""p"": 1, ""weights"": ""distance""}",461,1843,0.05,Dune,random,2,Prop0.2,24,True
KRR,0.0991566345646096,"{""regressor__kernel"": ""rbf"", ""regressor__gamma"": 0.2, ""regressor__alpha"": 0.1}",461,1843,0.03,Dune,random,2,Prop0.2,24,True
MR,0.1020317614729355,"{""lasso__regressor__alpha"": 0.01}",461,1843,0.03,Dune,random,2,Prop0.2,24,True
RF,0.0753067636558193,"{""max_features"": 1.0, ""min_samples_leaf"": 1, ""n_estimators"": 20}",461,1843,0.08,Dune,random,2,Prop0.2,24,True
SVR,0.0850886518429829,"{""regressor__tol"": 0.1, ""regressor__shrinking"": false, ""regressor__epsilon"": 0.1, ""regressor__coef0"": 1.0, ""regressor__C"": 2.0}",461,1843,0.08,Dune,random,2,Prop0.2,24,True
CART,0.0766623370866439,"{""max_features"": 1.0, ""min_samples_leaf"": 1, ""splitter"": ""best""}",461,1843,0.0,Dune,random,2,Prop0.2,25,True
kNN,0.1226492491304911,"{""n_neighbors"": 15, ""p"": 1, ""weights"": ""distance""}",461,1843,0.05,Dune,random,2,Prop0.2,25,True
KRR,0.1000039881695677,"{""regressor__kernel"": ""rbf"", ""regressor__gamma"": 0.2, ""regressor__alpha"": 0.1}",461,1843,0.03,Dune,random,2,Prop0.2,25,True
MR,0.1023580384117643,"{""lasso__regressor__alpha"": 0.01}",461,1843,0.02,Dune,random,2,Prop0.2,25,True
RF,0.071300518163607,"{""max_features"": 1.0, ""min_samples_leaf"": 1, ""n_estimators"": 20}",461,1843,0.08,Dune,random,2,Prop0.2,25,True
SVR,0.081111624147463,"{""regressor__tol"": 0.1, ""regressor__shrinking"": false, ""regressor__epsilon"": 0.1, ""regressor__coef0"": 1.0, ""regressor__C"": 2.0}",461,1843,0.07,Dune,random,2,Prop0.2,25,True
CART,0.0808736826123543,"{""max_features"": 1.0, ""min_samples_leaf"": 1, ""splitter"": ""best""}",461,1843,0.0,Dune,random,2,Prop0.2,26,True
kNN,0.1213269140165472,"{""n_neighbors"": 15, ""p"": 1, ""weights"": ""distance""}",461,1843,0.05,Dune,random,2,Prop0.2,26,True
KRR,0.0822803468624287,"{""regressor__kernel"": ""rbf"", ""regressor__gamma"": 0.2, ""regressor__alpha"": 0.1}",461,1843,0.03,Dune,random,2,Prop0.2,26,True
MR,0.0930572693144547,"{""lasso__regressor__alpha"": 0.01}",461,1843,0.03,Dune,random,2,Prop0.2,26,True
RF,0.0754804867855581,"{""max_features"": 1.0, ""min_samples_leaf"": 1, ""n_estimators"": 20}",461,1843,0.08,Dune,random,2,Prop0.2,26,True
SVR,0.0846880230079281,"{""regressor__tol"": 0.1, ""regressor__shrinking"": false, ""regressor__epsilon"": 0.1, ""regressor__coef0"": 1.0, ""regressor__C"": 2.0}",461,1843,0.08,Dune,random,2,Prop0.2,26,True
CART,0.0747341115447856,"{""max_features"": 1.0, ""min_samples_leaf"": 1, ""splitter"": ""best""}",461,1843,0.0,Dune,random,2,Prop0.2,27,True
kNN,0.1276884522743132,"{""n_neighbors"": 15, ""p"": 1, ""weights"": ""distance""}",461,1843,0.05,Dune,random,2,Prop0.2,27,True
KRR,0.0863708782262636,"{""regressor__kernel"": ""rbf"", ""regressor__gamma"": 0.2, ""regressor__alpha"": 0.1}",461,1843,0.03,Dune,random,2,Prop0.2,27,True
MR,0.091131774425265,"{""lasso__regressor__alpha"": 0.01}",461,1843,0.03,Dune,random,2,Prop0.2,27,True
RF,0.0746432186927612,"{""max_features"": 1.0, ""min_samples_leaf"": 1, ""n_estimators"": 20}",461,1843,0.08,Dune,random,2,Prop0.2,27,True
SVR,0.0851717270489079,"{""regressor__tol"": 0.1, ""regressor__shrinking"": false, ""regressor__epsilon"": 0.1, ""regressor__coef0"": 1.0, ""regressor__C"": 2.0}",461,1843,0.08,Dune,random,2,Prop0.2,27,True
CART,0.0792128319893422,"{""max_features"": 1.0, ""min_samples_leaf"": 1, ""splitter"": ""best""}",461,1843,0.0,Dune,random,2,Prop0.2,28,True
kNN,0.1234268919498011,"{""n_neighbors"": 15, ""p"": 1, ""weights"": ""distance""}",461,1843,0.05,Dune,random,2,Prop0.2,28,True
KRR,0.0961893531150653,"{""regressor__kernel"": ""rbf"", ""regressor__gamma"": 0.2, ""regressor__alpha"": 0.1}",461,1843,0.03,Dune,random,2,Prop0.2,28,True
MR,0.1059233714231532,"{""lasso__regressor__alpha"": 0.01}",461,1843,0.02,Dune,random,2,Prop0.2,28,True
RF,0.0731854047020202,"{""max_features"": 1.0, ""min_samples_leaf"": 1, ""n_estimators"": 20}",461,1843,0.08,Dune,random,2,Prop0.2,28,True
SVR,0.0847678629994943,"{""regressor__tol"": 0.1, ""regressor__shrinking"": false, ""regressor__epsilon"": 0.1, ""regressor__coef0"": 1.0, ""regressor__C"": 2.0}",461,1843,0.07,Dune,random,2,Prop0.2,28,True
CART,0.0904080135006482,"{""max_features"": 1.0, ""min_samples_leaf"": 1, ""splitter"": ""best""}",461,1843,0.0,Dune,random,2,Prop0.2,29,True
kNN,0.1213251128120881,"{""n_neighbors"": 15, ""p"": 1, ""weights"": ""distance""}",461,1843,0.05,Dune,random,2,Prop0.2,29,True
KRR,0.1009216963037974,"{""regressor__kernel"": ""rbf"", ""regressor__gamma"": 0.2, ""regressor__alpha"": 0.1}",461,1843,0.03,Dune,random,2,Prop0.2,29,True
MR,0.102327391953143,"{""lasso__regressor__alpha"": 0.01}",461,1843,0.03,Dune,random,2,Prop0.2,29,True
RF,0.0796155507746811,"{""max_features"": 1.0, ""min_samples_leaf"": 1, ""n_estimators"": 20}",461,1843,0.08,Dune,random,2,Prop0.2,29,True
SVR,0.0918057334643455,"{""regressor__tol"": 0.1, ""regressor__shrinking"": false, ""regressor__epsilon"": 0.1, ""regressor__coef0"": 1.0, ""regressor__C"": 2.0}",461,1843,0.07,Dune,random,2,Prop0.2,29,True
CART,0.079787327790332,"{""max_features"": 1.0, ""min_samples_leaf"": 1, ""splitter"": ""best""}",461,1843,0.0,Dune,random,2,Prop0.2,30,True
kNN,0.110623986610912,"{""n_neighbors"": 15, ""p"": 1, ""weights"": ""distance""}",461,1843,0.05,Dune,random,2,Prop0.2,30,True
KRR,0.0963813484776162,"{""regressor__kernel"": ""rbf"", ""regressor__gamma"": 0.2, ""regressor__alpha"": 0.1}",461,1843,0.03,Dune,random,2,Prop0.2,30,True
MR,0.0928044941756189,"{""lasso__regressor__alpha"": 0.01}",461,1843,0.02,Dune,random,2,Prop0.2,30,True
RF,0.0736986619262514,"{""max_features"": 1.0, ""min_samples_leaf"": 1, ""n_estimators"": 20}",461,1843,0.08,Dune,random,2,Prop0.2,30,True
SVR,0.087885956003678,"{""regressor__tol"": 0.1, ""regressor__shrinking"": false, ""regressor__epsilon"": 0.1, ""regressor__coef0"": 1.0, ""regressor__C"": 2.0}",461,1843,0.08,Dune,random,2,Prop0.2,30,True
CART,0.0791086954195204,"{""max_features"": 1.0, ""min_samples_leaf"": 1, ""splitter"": ""best""}",461,1843,0.0,Dune,random,2,Prop0.2,31,True
kNN,0.1233122961226416,"{""n_neighbors"": 15, ""p"": 1, ""weights"": ""distance""}",461,1843,0.05,Dune,random,2,Prop0.2,31,True
KRR,0.0840612324786753,"{""regressor__kernel"": ""rbf"", ""regressor__gamma"": 0.2, ""regressor__alpha"": 0.1}",461,1843,0.03,Dune,random,2,Prop0.2,31,True
MR,0.0911673464220284,"{""lasso__regressor__alpha"": 0.01}",461,1843,0.02,Dune,random,2,Prop0.2,31,True
RF,0.0779822727301054,"{""max_features"": 1.0, ""min_samples_leaf"": 1, ""n_estimators"": 20}",461,1843,0.08,Dune,random,2,Prop0.2,31,True
SVR,0.0837673843766261,"{""regressor__tol"": 0.1, ""regressor__shrinking"": false, ""regressor__epsilon"": 0.1, ""regressor__coef0"": 1.0, ""regressor__C"": 2.0}",461,1843,0.09,Dune,random,2,Prop0.2,31,True
CART,0.0822286108230381,"{""max_features"": 1.0, ""min_samples_leaf"": 1, ""splitter"": ""best""}",461,1843,0.0,Dune,random,2,Prop0.2,32,True
kNN,0.1264900670540708,"{""n_neighbors"": 15, ""p"": 1, ""weights"": ""distance""}",461,1843,0.05,Dune,random,2,Prop0.2,32,True
KRR,0.0896479278624892,"{""regressor__kernel"": ""rbf"", ""regressor__gamma"": 0.2, ""regressor__alpha"": 0.1}",461,1843,0.03,Dune,random,2,Prop0.2,32,True
MR,0.1021423940686152,"{""lasso__regressor__alpha"": 0.01}",461,1843,0.02,Dune,random,2,Prop0.2,32,True
RF,0.0793483772236726,"{""max_features"": 1.0, ""min_samples_leaf"": 1, ""n_estimators"": 20}",461,1843,0.08,Dune,random,2,Prop0.2,32,True
SVR,0.0818388802308154,"{""regressor__tol"": 0.1, ""regressor__shrinking"": false, ""regressor__epsilon"": 0.1, ""regressor__coef0"": 1.0, ""regressor__C"": 2.0}",461,1843,0.08,Dune,random,2,Prop0.2,32,True
CART,0.0732690610655767,"{""max_features"": 1.0, ""min_samples_leaf"": 1, ""splitter"": ""best""}",461,1843,0.0,Dune,random,2,Prop0.2,33,True
kNN,0.1240739934080083,"{""n_neighbors"": 15, ""p"": 1, ""weights"": ""distance""}",461,1843,0.05,Dune,random,2,Prop0.2,33,True
KRR,0.0986187998877171,"{""regressor__kernel"": ""rbf"", ""regressor__gamma"": 0.2, ""regressor__alpha"": 0.1}",461,1843,0.03,Dune,random,2,Prop0.2,33,True
MR,0.1117388772332671,"{""lasso__regressor__alpha"": 0.01}",461,1843,0.02,Dune,random,2,Prop0.2,33,True
RF,0.0726960117062125,"{""max_features"": 1.0, ""min_samples_leaf"": 1, ""n_estimators"": 20}",461,1843,0.08,Dune,random,2,Prop0.2,33,True
SVR,0.0852098880907922,"{""regressor__tol"": 0.1, ""regressor__shrinking"": false, ""regressor__epsilon"": 0.1, ""regressor__coef0"": 1.0, ""regressor__C"": 2.0}",461,1843,0.07,Dune,random,2,Prop0.2,33,True
CART,0.0810413830901442,"{""max_features"": 1.0, ""min_samples_leaf"": 1, ""splitter"": ""best""}",461,1843,0.0,Dune,random,2,Prop0.2,34,True
kNN,0.1207471751677522,"{""n_neighbors"": 15, ""p"": 1, ""weights"": ""distance""}",461,1843,0.05,Dune,random,2,Prop0.2,34,True
KRR,0.0935288274597858,"{""regressor__kernel"": ""rbf"", ""regressor__gamma"": 0.2, ""regressor__alpha"": 0.1}",461,1843,0.03,Dune,random,2,Prop0.2,34,True
MR,0.1036071878516495,"{""lasso__regressor__alpha"": 0.01}",461,1843,0.02,Dune,random,2,Prop0.2,34,True
RF,0.0764592674320051,"{""max_features"": 1.0, ""min_samples_leaf"": 1, ""n_estimators"": 20}",461,1843,0.08,Dune,random,2,Prop0.2,34,True
SVR,0.0835335155918322,"{""regressor__tol"": 0.1, ""regressor__shrinking"": false, ""regressor__epsilon"": 0.1, ""regressor__coef0"": 1.0, ""regressor__C"": 2.0}",461,1843,0.08,Dune,random,2,Prop0.2,34,True
CART,0.0812284588460718,"{""max_features"": 1.0, ""min_samples_leaf"": 1, ""splitter"": ""best""}",461,1843,0.0,Dune,random,2,Prop0.2,35,True
kNN,0.1187286082490968,"{""n_neighbors"": 15, ""p"": 1, ""weights"": ""distance""}",461,1843,0.05,Dune,random,2,Prop0.2,35,True
KRR,0.0911996510261203,"{""regressor__kernel"": ""rbf"", ""regressor__gamma"": 0.2, ""regressor__alpha"": 0.1}",461,1843,0.03,Dune,random,2,Prop0.2,35,True
MR,0.0951699608273525,"{""lasso__regressor__alpha"": 0.01}",461,1843,0.02,Dune,random,2,Prop0.2,35,True
RF,0.0773227397123325,"{""max_features"": 1.0, ""min_samples_leaf"": 1, ""n_estimators"": 20}",461,1843,0.08,Dune,random,2,Prop0.2,35,True
SVR,0.0862306652271966,"{""regressor__tol"": 0.1, ""regressor__shrinking"": false, ""regressor__epsilon"": 0.1, ""regressor__coef0"": 1.0, ""regressor__C"": 2.0}",461,1843,0.08,Dune,random,2,Prop0.2,35,True
CART,0.078630235806834,"{""max_features"": 1.0, ""min_samples_leaf"": 1, ""splitter"": ""best""}",461,1843,0.0,Dune,random,2,Prop0.2,36,True
kNN,0.1334876988348109,"{""n_neighbors"": 15, ""p"": 1, ""weights"": ""distance""}",461,1843,0.05,Dune,random,2,Prop0.2,36,True
KRR,0.0918042151417675,"{""regressor__kernel"": ""rbf"", ""regressor__gamma"": 0.2, ""regressor__alpha"": 0.1}",461,1843,0.03,Dune,random,2,Prop0.2,36,True
MR,0.0969243919292043,"{""lasso__regressor__alpha"": 0.01}",461,1843,0.02,Dune,random,2,Prop0.2,36,True
RF,0.0795224701844982,"{""max_features"": 1.0, ""min_samples_leaf"": 1, ""n_estimators"": 20}",461,1843,0.08,Dune,random,2,Prop0.2,36,True
SVR,0.0871312937820006,"{""regressor__tol"": 0.1, ""regressor__shrinking"": false, ""regressor__epsilon"": 0.1, ""regressor__coef0"": 1.0, ""regressor__C"": 2.0}",461,1843,0.08,Dune,random,2,Prop0.2,36,True
CART,0.0805801331802476,"{""max_features"": 1.0, ""min_samples_leaf"": 1, ""splitter"": ""best""}",461,1843,0.0,Dune,random,2,Prop0.2,37,True
kNN,0.132887437219492,"{""n_neighbors"": 15, ""p"": 1, ""weights"": ""distance""}",461,1843,0.05,Dune,random,2,Prop0.2,37,True
KRR,0.0998254785757652,"{""regressor__kernel"": ""rbf"", ""regressor__gamma"": 0.2, ""regressor__alpha"": 0.1}",461,1843,0.03,Dune,random,2,Prop0.2,37,True
MR,0.1098519452929208,"{""lasso__regressor__alpha"": 0.01}",461,1843,0.02,Dune,random,2,Prop0.2,37,True
RF,0.0762736744022985,"{""max_features"": 1.0, ""min_samples_leaf"": 1, ""n_estimators"": 20}",461,1843,0.08,Dune,random,2,Prop0.2,37,True
SVR,0.084103479789867,"{""regressor__tol"": 0.1, ""regressor__shrinking"": false, ""regressor__epsilon"": 0.1, ""regressor__coef0"": 1.0, ""regressor__C"": 2.0}",461,1843,0.07,Dune,random,2,Prop0.2,37,True
CART,0.0756277462040595,"{""max_features"": 1.0, ""min_samples_leaf"": 1, ""splitter"": ""best""}",461,1843,0.01,Dune,random,2,Prop0.2,38,True
kNN,0.124346360473762,"{""n_neighbors"": 15, ""p"": 1, ""weights"": ""distance""}",461,1843,0.05,Dune,random,2,Prop0.2,38,True
KRR,0.0908734906137771,"{""regressor__kernel"": ""rbf"", ""regressor__gamma"": 0.2, ""regressor__alpha"": 0.1}",461,1843,0.03,Dune,random,2,Prop0.2,38,True
MR,0.0964230831195124,"{""lasso__regressor__alpha"": 0.01}",461,1843,0.03,Dune,random,2,Prop0.2,38,True
RF,0.0781225788549821,"{""max_features"": 1.0, ""min_samples_leaf"": 1, ""n_estimators"": 20}",461,1843,0.08,Dune,random,2,Prop0.2,38,True
SVR,0.0886729481626049,"{""regressor__tol"": 0.1, ""regressor__shrinking"": false, ""regressor__epsilon"": 0.1, ""regressor__coef0"": 1.0, ""regressor__C"": 2.0}",461,1843,0.08,Dune,random,2,Prop0.2,38,True
CART,0.0786886369171094,"{""max_features"": 1.0, ""min_samples_leaf"": 1, ""splitter"": ""best""}",461,1843,0.0,Dune,random,2,Prop0.2,39,True
kNN,0.1160490487887138,"{""n_neighbors"": 15, ""p"": 1, ""weights"": ""distance""}",461,1843,0.05,Dune,random,2,Prop0.2,39,True
KRR,0.0865866891843853,"{""regressor__kernel"": ""rbf"", ""regressor__gamma"": 0.2, ""regressor__alpha"": 0.1}",461,1843,0.03,Dune,random,2,Prop0.2,39,True
MR,0.0937561373059217,"{""lasso__regressor__alpha"": 0.01}",461,1843,0.02,Dune,random,2,Prop0.2,39,True
RF,0.0750753919200921,"{""max_features"": 1.0, ""min_samples_leaf"": 1, ""n_estimators"": 20}",461,1843,0.08,Dune,random,2,Prop0.2,39,True
SVR,0.0825104329586342,"{""regressor__tol"": 0.1, ""regressor__shrinking"": false, ""regressor__epsilon"": 0.1, ""regressor__coef0"": 1.0, ""regressor__C"": 2.0}",461,1843,0.08,Dune,random,2,Prop0.2,39,True
CART,0.0799795953187077,"{""max_features"": 1.0, ""min_samples_leaf"": 1, ""splitter"": ""best""}",461,1843,0.0,Dune,random,2,Prop0.2,40,True
kNN,0.1254664399008075,"{""n_neighbors"": 15, ""p"": 1, ""weights"": ""distance""}",461,1843,0.05,Dune,random,2,Prop0.2,40,True
KRR,0.0930402559493432,"{""regressor__kernel"": ""rbf"", ""regressor__gamma"": 0.2, ""regressor__alpha"": 0.1}",461,1843,0.03,Dune,random,2,Prop0.2,40,True
MR,0.1034771894415792,"{""lasso__regressor__alpha"": 0.01}",461,1843,0.02,Dune,random,2,Prop0.2,40,True
RF,0.0774029547655791,"{""max_features"": 1.0, ""min_samples_leaf"": 1, ""n_estimators"": 20}",461,1843,0.08,Dune,random,2,Prop0.2,40,True
SVR,0.0859430700499734,"{""regressor__tol"": 0.1, ""regressor__shrinking"": false, ""regressor__epsilon"": 0.1, ""regressor__coef0"": 1.0, ""regressor__C"": 2.0}",461,1843,0.08,Dune,random,2,Prop0.2,40,True
CART,0.0816637151673535,"{""max_features"": 1.0, ""min_samples_leaf"": 1, ""splitter"": ""best""}",461,1843,0.0,Dune,random,2,Prop0.2,41,True
kNN,0.1233026830343978,"{""n_neighbors"": 15, ""p"": 1, ""weights"": ""distance""}",461,1843,0.05,Dune,random,2,Prop0.2,41,True
KRR,0.100767087902537,"{""regressor__kernel"": ""rbf"", ""regressor__gamma"": 0.2, ""regressor__alpha"": 0.1}",461,1843,0.03,Dune,random,2,Prop0.2,41,True
MR,0.1152761246912253,"{""lasso__regressor__alpha"": 0.01}",461,1843,0.02,Dune,random,2,Prop0.2,41,True
RF,0.076991169025833,"{""max_features"": 1.0, ""min_samples_leaf"": 1, ""n_estimators"": 20}",461,1843,0.08,Dune,random,2,Prop0.2,41,True
SVR,0.0855642856350273,"{""regressor__tol"": 0.1, ""regressor__shrinking"": false, ""regressor__epsilon"": 0.1, ""regressor__coef0"": 1.0, ""regressor__C"": 2.0}",461,1843,0.08,Dune,random,2,Prop0.2,41,True
CART,0.0805710174319375,"{""max_features"": 1.0, ""min_samples_leaf"": 1, ""splitter"": ""best""}",461,1843,0.0,Dune,random,2,Prop0.2,42,True
kNN,0.1187046260860563,"{""n_neighbors"": 15, ""p"": 1, ""weights"": ""distance""}",461,1843,0.04,Dune,random,2,Prop0.2,42,True
KRR,0.0919891892741662,"{""regressor__kernel"": ""rbf"", ""regressor__gamma"": 0.2, ""regressor__alpha"": 0.1}",461,1843,0.03,Dune,random,2,Prop0.2,42,True
MR,0.0939813048901424,"{""lasso__regressor__alpha"": 0.01}",461,1843,0.02,Dune,random,2,Prop0.2,42,True
RF,0.0751809372416755,"{""max_features"": 1.0, ""min_samples_leaf"": 1, ""n_estimators"": 20}",461,1843,0.08,Dune,random,2,Prop0.2,42,True
SVR,0.0846389345105144,"{""regressor__tol"": 0.1, ""regressor__shrinking"": false, ""regressor__epsilon"": 0.1, ""regressor__coef0"": 1.0, ""regressor__C"": 2.0}",461,1843,0.08,Dune,random,2,Prop0.2,42,True
CART,0.0782441970817804,"{""max_features"": 1.0, ""min_samples_leaf"": 1, ""splitter"": ""best""}",461,1843,0.0,Dune,random,2,Prop0.2,43,True
kNN,0.1183755465036938,"{""n_neighbors"": 15, ""p"": 1, ""weights"": ""distance""}",461,1843,0.05,Dune,random,2,Prop0.2,43,True
KRR,0.0955304854782153,"{""regressor__kernel"": ""rbf"", ""regressor__gamma"": 0.2, ""regressor__alpha"": 0.1}",461,1843,0.03,Dune,random,2,Prop0.2,43,True
MR,0.0976209779892923,"{""lasso__regressor__alpha"": 0.01}",461,1843,0.02,Dune,random,2,Prop0.2,43,True
RF,0.0760553940470354,"{""max_features"": 1.0, ""min_samples_leaf"": 1, ""n_estimators"": 20}",461,1843,0.07,Dune,random,2,Prop0.2,43,True
SVR,0.0816985122362746,"{""regressor__tol"": 0.1, ""regressor__shrinking"": false, ""regressor__epsilon"": 0.1, ""regressor__coef0"": 1.0, ""regressor__C"": 2.0}",461,1843,0.08,Dune,random,2,Prop0.2,43,True
CART,0.0771971194927912,"{""max_features"": 1.0, ""min_samples_leaf"": 1, ""splitter"": ""best""}",461,1843,0.0,Dune,random,2,Prop0.2,44,True
kNN,0.123789408951274,"{""n_neighbors"": 15, ""p"": 1, ""weights"": ""distance""}",461,1843,0.05,Dune,random,2,Prop0.2,44,True
KRR,0.0925934455191115,"{""regressor__kernel"": ""rbf"", ""regressor__gamma"": 0.2, ""regressor__alpha"": 0.1}",461,1843,0.03,Dune,random,2,Prop0.2,44,True
MR,0.0991155758155483,"{""lasso__regressor__alpha"": 0.01}",461,1843,0.02,Dune,random,2,Prop0.2,44,True
RF,0.0733142599096108,"{""max_features"": 1.0, ""min_samples_leaf"": 1, ""n_estimators"": 20}",461,1843,0.08,Dune,random,2,Prop0.2,44,True
SVR,0.0842588915983651,"{""regressor__tol"": 0.1, ""regressor__shrinking"": false, ""regressor__epsilon"": 0.1, ""regressor__coef0"": 1.0, ""regressor__C"": 2.0}",461,1843,0.08,Dune,random,2,Prop0.2,44,True
CART,0.0953556837542593,"{""max_features"": 1.0, ""min_samples_leaf"": 1, ""splitter"": ""best""}",461,1843,0.0,Dune,random,2,Prop0.2,45,True
kNN,0.1260788805574423,"{""n_neighbors"": 15, ""p"": 1, ""weights"": ""distance""}",461,1843,0.05,Dune,random,2,Prop0.2,45,True
KRR,0.0910701515813412,"{""regressor__kernel"": ""rbf"", ""regressor__gamma"": 0.2, ""regressor__alpha"": 0.1}",461,1843,0.03,Dune,random,2,Prop0.2,45,True
MR,0.0984094605689426,"{""lasso__regressor__alpha"": 0.01}",461,1843,0.03,Dune,random,2,Prop0.2,45,True
RF,0.0833537264467204,"{""max_features"": 1.0, ""min_samples_leaf"": 1, ""n_estimators"": 20}",461,1843,0.08,Dune,random,2,Prop0.2,45,True
SVR,0.0812925424335517,"{""regressor__tol"": 0.1, ""regressor__shrinking"": false, ""regressor__epsilon"": 0.1, ""regressor__coef0"": 1.0, ""regressor__C"": 2.0}",461,1843,0.08,Dune,random,2,Prop0.2,45,True
CART,0.0841351484455238,"{""max_features"": 1.0, ""min_samples_leaf"": 1, ""splitter"": ""best""}",461,1843,0.0,Dune,random,2,Prop0.2,46,True
kNN,0.1203435604655728,"{""n_neighbors"": 15, ""p"": 1, ""weights"": ""distance""}",461,1843,0.04,Dune,random,2,Prop0.2,46,True
KRR,0.0935930969990901,"{""regressor__kernel"": ""rbf"", ""regressor__gamma"": 0.2, ""regressor__alpha"": 0.1}",461,1843,0.03,Dune,random,2,Prop0.2,46,True
MR,0.1012934151302696,"{""lasso__regressor__alpha"": 0.01}",461,1843,0.02,Dune,random,2,Prop0.2,46,True
RF,0.0754539256756871,"{""max_features"": 1.0, ""min_samples_leaf"": 1, ""n_estimators"": 20}",461,1843,0.08,Dune,random,2,Prop0.2,46,True
SVR,0.0863221402777999,"{""regressor__tol"": 0.1, ""regressor__shrinking"": false, ""regressor__epsilon"": 0.1, ""regressor__coef0"": 1.0, ""regressor__C"": 2.0}",461,1843,0.08,Dune,random,2,Prop0.2,46,True
CART,0.078036516799047,"{""max_features"": 1.0, ""min_samples_leaf"": 1, ""splitter"": ""best""}",461,1843,0.0,Dune,random,2,Prop0.2,47,True
kNN,0.1269067892601303,"{""n_neighbors"": 15, ""p"": 1, ""weights"": ""distance""}",461,1843,0.04,Dune,random,2,Prop0.2,47,True
KRR,0.0911871369425585,"{""regressor__kernel"": ""rbf"", ""regressor__gamma"": 0.2, ""regressor__alpha"": 0.1}",461,1843,0.03,Dune,random,2,Prop0.2,47,True
MR,0.0914470552067991,"{""lasso__regressor__alpha"": 0.01}",461,1843,0.02,Dune,random,2,Prop0.2,47,True
RF,0.0718369163206569,"{""max_features"": 1.0, ""min_samples_leaf"": 1, ""n_estimators"": 20}",461,1843,0.06,Dune,random,2,Prop0.2,47,True
SVR,0.0839086913351224,"{""regressor__tol"": 0.1, ""regressor__shrinking"": false, ""regressor__epsilon"": 0.1, ""regressor__coef0"": 1.0, ""regressor__C"": 2.0}",461,1843,0.08,Dune,random,2,Prop0.2,47,True
CART,0.0844181453771773,"{""max_features"": 1.0, ""min_samples_leaf"": 1, ""splitter"": ""best""}",461,1843,0.01,Dune,random,2,Prop0.2,48,True
kNN,0.1267919222569086,"{""n_neighbors"": 15, ""p"": 1, ""weights"": ""distance""}",461,1843,0.05,Dune,random,2,Prop0.2,48,True
KRR,0.0960271078490824,"{""regressor__kernel"": ""rbf"", ""regressor__gamma"": 0.2, ""regressor__alpha"": 0.1}",461,1843,0.03,Dune,random,2,Prop0.2,48,True
MR,0.109847163086676,"{""lasso__regressor__alpha"": 0.01}",461,1843,0.02,Dune,random,2,Prop0.2,48,True
RF,0.0774031827714914,"{""max_features"": 1.0, ""min_samples_leaf"": 1, ""n_estimators"": 20}",461,1843,0.08,Dune,random,2,Prop0.2,48,True
SVR,0.0877151682620756,"{""regressor__tol"": 0.1, ""regressor__shrinking"": false, ""regressor__epsilon"": 0.1, ""regressor__coef0"": 1.0, ""regressor__C"": 2.0}",461,1843,0.08,Dune,random,2,Prop0.2,48,True
CART,0.0777446020432265,"{""max_features"": 1.0, ""min_samples_leaf"": 1, ""splitter"": ""best""}",461,1843,0.0,Dune,random,2,Prop0.2,49,True
kNN,0.1195214117702949,"{""n_neighbors"": 15, ""p"": 1, ""weights"": ""distance""}",461,1843,0.05,Dune,random,2,Prop0.2,49,True
KRR,0.0817875319025022,"{""regressor__kernel"": ""rbf"", ""regressor__gamma"": 0.2, ""regressor__alpha"": 0.1}",461,1843,0.03,Dune,random,2,Prop0.2,49,True
MR,0.0946103405407437,"{""lasso__regressor__alpha"": 0.01}",461,1843,0.02,Dune,random,2,Prop0.2,49,True
RF,0.0764362090012169,"{""max_features"": 1.0, ""min_samples_leaf"": 1, ""n_estimators"": 20}",461,1843,0.08,Dune,random,2,Prop0.2,49,True
SVR,0.0810846044845076,"{""regressor__tol"": 0.1, ""regressor__shrinking"": false, ""regressor__epsilon"": 0.1, ""regressor__coef0"": 1.0, ""regressor__C"": 2.0}",461,1843,0.08,Dune,random,2,Prop0.2,49,True
CART,0.0803732543432122,"{""max_features"": 1.0, ""min_samples_leaf"": 1, ""splitter"": ""best""}",461,1843,0.0,Dune,random,2,Prop0.2,50,True
kNN,0.1242973227833297,"{""n_neighbors"": 15, ""p"": 1, ""weights"": ""distance""}",461,1843,0.05,Dune,random,2,Prop0.2,50,True
KRR,0.0896421679030947,"{""regressor__kernel"": ""rbf"", ""regressor__gamma"": 0.2, ""regressor__alpha"": 0.1}",461,1843,0.03,Dune,random,2,Prop0.2,50,True
MR,0.1031467283208761,"{""lasso__regressor__alpha"": 0.01}",461,1843,0.02,Dune,random,2,Prop0.2,50,True
RF,0.0857320681864865,"{""max_features"": 1.0, ""min_samples_leaf"": 1, ""n_estimators"": 20}",461,1843,0.08,Dune,random,2,Prop0.2,50,True
SVR,0.0828113567963099,"{""regressor__tol"": 0.1, ""regressor__shrinking"": false, ""regressor__epsilon"": 0.1, ""regressor__coef0"": 1.0, ""regressor__C"": 2.0}",461,1843,0.08,Dune,random,2,Prop0.2,50,True
CART,0.078883253663892,"{""max_features"": 1.0, ""min_samples_leaf"": 1, ""splitter"": ""best""}",461,1843,0.0,Dune,random,2,Prop0.2,51,True
kNN,0.1270927594062326,"{""n_neighbors"": 15, ""p"": 1, ""weights"": ""distance""}",461,1843,0.05,Dune,random,2,Prop0.2,51,True
KRR,0.090325512048053,"{""regressor__kernel"": ""rbf"", ""regressor__gamma"": 0.2, ""regressor__alpha"": 0.1}",461,1843,0.03,Dune,random,2,Prop0.2,51,True
MR,0.0983779037059483,"{""lasso__regressor__alpha"": 0.01}",461,1843,0.02,Dune,random,2,Prop0.2,51,True
RF,0.0762185254410797,"{""max_features"": 1.0, ""min_samples_leaf"": 1, ""n_estimators"": 20}",461,1843,0.08,Dune,random,2,Prop0.2,51,True
SVR,0.0834860079850888,"{""regressor__tol"": 0.1, ""regressor__shrinking"": false, ""regressor__epsilon"": 0.1, ""regressor__coef0"": 1.0, ""regressor__C"": 2.0}",461,1843,0.08,Dune,random,2,Prop0.2,51,True
CART,0.0882475898147059,"{""max_features"": 1.0, ""min_samples_leaf"": 1, ""splitter"": ""best""}",461,1843,0.0,Dune,random,2,Prop0.2,52,True
kNN,0.1170038880281569,"{""n_neighbors"": 15, ""p"": 1, ""weights"": ""distance""}",461,1843,0.05,Dune,random,2,Prop0.2,52,True
KRR,0.087642120664327,"{""regressor__kernel"": ""rbf"", ""regressor__gamma"": 0.2, ""regressor__alpha"": 0.1}",461,1843,0.03,Dune,random,2,Prop0.2,52,True
MR,0.0962726164447966,"{""lasso__regressor__alpha"": 0.01}",461,1843,0.02,Dune,random,2,Prop0.2,52,True
RF,0.0859185731449106,"{""max_features"": 1.0, ""min_samples_leaf"": 1, ""n_estimators"": 20}",461,1843,0.08,Dune,random,2,Prop0.2,52,True
SVR,0.0859613589371709,"{""regressor__tol"": 0.1, ""regressor__shrinking"": false, ""regressor__epsilon"": 0.1, ""regressor__coef0"": 1.0, ""regressor__C"": 2.0}",461,1843,0.09,Dune,random,2,Prop0.2,52,True
CART,0.0750259182616037,"{""max_features"": 1.0, ""min_samples_leaf"": 1, ""splitter"": ""best""}",461,1843,0.0,Dune,random,2,Prop0.2,53,True
kNN,0.1196322872902893,"{""n_neighbors"": 15, ""p"": 1, ""weights"": ""distance""}",461,1843,0.05,Dune,random,2,Prop0.2,53,True
KRR,0.0870117882650909,"{""regressor__kernel"": ""rbf"", ""regressor__gamma"": 0.2, ""regressor__alpha"": 0.1}",461,1843,0.03,Dune,random,2,Prop0.2,53,True
MR,0.0966060256833813,"{""lasso__regressor__alpha"": 0.01}",461,1843,0.03,Dune,random,2,Prop0.2,53,True
RF,0.0749396925369083,"{""max_features"": 1.0, ""min_samples_leaf"": 1, ""n_estimators"": 20}",461,1843,0.08,Dune,random,2,Prop0.2,53,True
SVR,0.084936318459393,"{""regressor__tol"": 0.1, ""regressor__shrinking"": false, ""regressor__epsilon"": 0.1, ""regressor__coef0"": 1.0, ""regressor__C"": 2.0}",461,1843,0.08,Dune,random,2,Prop0.2,53,True
CART,0.080190980317588,"{""max_features"": 1.0, ""min_samples_leaf"": 1, ""splitter"": ""best""}",461,1843,0.0,Dune,random,2,Prop0.2,54,True
kNN,0.1231769212887625,"{""n_neighbors"": 15, ""p"": 1, ""weights"": ""distance""}",461,1843,0.04,Dune,random,2,Prop0.2,54,True
KRR,0.0943367999915069,"{""regressor__kernel"": ""rbf"", ""regressor__gamma"": 0.2, ""regressor__alpha"": 0.1}",461,1843,0.03,Dune,random,2,Prop0.2,54,True
MR,0.1009047873019482,"{""lasso__regressor__alpha"": 0.01}",461,1843,0.02,Dune,random,2,Prop0.2,54,True
RF,0.0722236326819352,"{""max_features"": 1.0, ""min_samples_leaf"": 1, ""n_estimators"": 20}",461,1843,0.08,Dune,random,2,Prop0.2,54,True
SVR,0.0823564582195076,"{""regressor__tol"": 0.1, ""regressor__shrinking"": false, ""regressor__epsilon"": 0.1, ""regressor__coef0"": 1.0, ""regressor__C"": 2.0}",461,1843,0.07,Dune,random,2,Prop0.2,54,True
CART,0.079979325195211,"{""max_features"": 1.0, ""min_samples_leaf"": 1, ""splitter"": ""best""}",461,1843,0.0,Dune,random,2,Prop0.2,55,True
kNN,0.1201062345015235,"{""n_neighbors"": 15, ""p"": 1, ""weights"": ""distance""}",461,1843,0.05,Dune,random,2,Prop0.2,55,True
KRR,0.0851703619876038,"{""regressor__kernel"": ""rbf"", ""regressor__gamma"": 0.2, ""regressor__alpha"": 0.1}",461,1843,0.03,Dune,random,2,Prop0.2,55,True
MR,0.0912975537195152,"{""lasso__regressor__alpha"": 0.01}",461,1843,0.02,Dune,random,2,Prop0.2,55,True
RF,0.0746434035081616,"{""max_features"": 1.0, ""min_samples_leaf"": 1, ""n_estimators"": 20}",461,1843,0.08,Dune,random,2,Prop0.2,55,True
SVR,0.0810233010011679,"{""regressor__tol"": 0.1, ""regressor__shrinking"": false, ""regressor__epsilon"": 0.1, ""regressor__coef0"": 1.0, ""regressor__C"": 2.0}",461,1843,0.09,Dune,random,2,Prop0.2,55,True
CART,0.0908358293603531,"{""max_features"": 1.0, ""min_samples_leaf"": 1, ""splitter"": ""best""}",461,1843,0.0,Dune,random,2,Prop0.2,56,True
kNN,0.1259807482282069,"{""n_neighbors"": 15, ""p"": 1, ""weights"": ""distance""}",461,1843,0.05,Dune,random,2,Prop0.2,56,True
KRR,0.0883234826649819,"{""regressor__kernel"": ""rbf"", ""regressor__gamma"": 0.2, ""regressor__alpha"": 0.1}",461,1843,0.03,Dune,random,2,Prop0.2,56,True
MR,0.0965487225358809,"{""lasso__regressor__alpha"": 0.01}",461,1843,0.03,Dune,random,2,Prop0.2,56,True
RF,0.07835739643911,"{""max_features"": 1.0, ""min_samples_leaf"": 1, ""n_estimators"": 20}",461,1843,0.08,Dune,random,2,Prop0.2,56,True
SVR,0.0836262183971412,"{""regressor__tol"": 0.1, ""regressor__shrinking"": false, ""regressor__epsilon"": 0.1, ""regressor__coef0"": 1.0, ""regressor__C"": 2.0}",461,1843,0.08,Dune,random,2,Prop0.2,56,True
CART,0.076655996252632,"{""max_features"": 1.0, ""min_samples_leaf"": 1, ""splitter"": ""best""}",461,1843,0.0,Dune,random,2,Prop0.2,57,True
kNN,0.1265378143461493,"{""n_neighbors"": 15, ""p"": 1, ""weights"": ""distance""}",461,1843,0.05,Dune,random,2,Prop0.2,57,True
KRR,0.0929550427284766,"{""regressor__kernel"": ""rbf"", ""regressor__gamma"": 0.2, ""regressor__alpha"": 0.1}",461,1843,0.03,Dune,random,2,Prop0.2,57,True
MR,0.0966028513703484,"{""lasso__regressor__alpha"": 0.01}",461,1843,0.02,Dune,random,2,Prop0.2,57,True
RF,0.0749140355171429,"{""max_features"": 1.0, ""min_samples_leaf"": 1, ""n_estimators"": 20}",461,1843,0.08,Dune,random,2,Prop0.2,57,True
SVR,0.0827469929606811,"{""regressor__tol"": 0.1, ""regressor__shrinking"": false, ""regressor__epsilon"": 0.1, ""regressor__coef0"": 1.0, ""regressor__C"": 2.0}",461,1843,0.08,Dune,random,2,Prop0.2,57,True
CART,0.1065057367095347,"{""max_features"": 1.0, ""min_samples_leaf"": 1, ""splitter"": ""best""}",461,1843,0.0,Dune,random,2,Prop0.2,58,True
kNN,0.1193685294935623,"{""n_neighbors"": 15, ""p"": 1, ""weights"": ""distance""}",461,1843,0.05,Dune,random,2,Prop0.2,58,True
KRR,0.0914196181747268,"{""regressor__kernel"": ""rbf"", ""regressor__gamma"": 0.2, ""regressor__alpha"": 0.1}",461,1843,0.03,Dune,random,2,Prop0.2,58,True
MR,0.1030708800137501,"{""lasso__regressor__alpha"": 0.01}",461,1843,0.02,Dune,random,2,Prop0.2,58,True
RF,0.0893719620543672,"{""max_features"": 1.0, ""min_samples_leaf"": 1, ""n_estimators"": 20}",461,1843,0.08,Dune,random,2,Prop0.2,58,True
SVR,0.0819810960457331,"{""regressor__tol"": 0.1, ""regressor__shrinking"": false, ""regressor__epsilon"": 0.1, ""regressor__coef0"": 1.0, ""regressor__C"": 2.0}",461,1843,0.08,Dune,random,2,Prop0.2,58,True
CART,0.0855130565321177,"{""max_features"": 1.0, ""min_samples_leaf"": 1, ""splitter"": ""best""}",461,1843,0.0,Dune,random,2,Prop0.2,59,True
kNN,0.1210166346958692,"{""n_neighbors"": 15, ""p"": 1, ""weights"": ""distance""}",461,1843,0.05,Dune,random,2,Prop0.2,59,True
KRR,0.0876996385400234,"{""regressor__kernel"": ""rbf"", ""regressor__gamma"": 0.2, ""regressor__alpha"": 0.1}",461,1843,0.03,Dune,random,2,Prop0.2,59,True
MR,0.095761910769798,"{""lasso__regressor__alpha"": 0.01}",461,1843,0.02,Dune,random,2,Prop0.2,59,True
RF,0.0837969478593364,"{""max_features"": 1.0, ""min_samples_leaf"": 1, ""n_estimators"": 20}",461,1843,0.07,Dune,random,2,Prop0.2,59,True
SVR,0.0852596830248635,"{""regressor__tol"": 0.1, ""regressor__shrinking"": false, ""regressor__epsilon"": 0.1, ""regressor__coef0"": 1.0, ""regressor__C"": 2.0}",461,1843,0.08,Dune,random,2,Prop0.2,59,True
CART,0.0976164527700936,"{""max_features"": 1.0, ""min_samples_leaf"": 1, ""splitter"": ""best""}",461,1843,0.0,Dune,random,2,Prop0.2,60,True
kNN,0.1232936197940768,"{""n_neighbors"": 15, ""p"": 1, ""weights"": ""distance""}",461,1843,0.05,Dune,random,2,Prop0.2,60,True
KRR,0.0934774405609153,"{""regressor__kernel"": ""rbf"", ""regressor__gamma"": 0.2, ""regressor__alpha"": 0.1}",461,1843,0.03,Dune,random,2,Prop0.2,60,True
MR,0.1015511127621908,"{""lasso__regressor__alpha"": 0.01}",461,1843,0.02,Dune,random,2,Prop0.2,60,True
RF,0.0818229812100967,"{""max_features"": 1.0, ""min_samples_leaf"": 1, ""n_estimators"": 20}",461,1843,0.08,Dune,random,2,Prop0.2,60,True
SVR,0.0858210318049315,"{""regressor__tol"": 0.1, ""regressor__shrinking"": false, ""regressor__epsilon"": 0.1, ""regressor__coef0"": 1.0, ""regressor__C"": 2.0}",461,1843,0.09,Dune,random,2,Prop0.2,60,True
CART,0.0825052089795735,"{""max_features"": 1.0, ""min_samples_leaf"": 1, ""splitter"": ""best""}",461,1843,0.0,Dune,random,2,Prop0.2,61,True
kNN,0.1221648790276973,"{""n_neighbors"": 15, ""p"": 1, ""weights"": ""distance""}",461,1843,0.05,Dune,random,2,Prop0.2,61,True
KRR,0.1028021317962761,"{""regressor__kernel"": ""rbf"", ""regressor__gamma"": 0.2, ""regressor__alpha"": 0.1}",461,1843,0.03,Dune,random,2,Prop0.2,61,True
MR,0.1146608222487464,"{""lasso__regressor__alpha"": 0.01}",461,1843,0.03,Dune,random,2,Prop0.2,61,True
RF,0.0743448876207538,"{""max_features"": 1.0, ""min_samples_leaf"": 1, ""n_estimators"": 20}",461,1843,0.08,Dune,random,2,Prop0.2,61,True
SVR,0.0855907379773476,"{""regressor__tol"": 0.1, ""regressor__shrinking"": false, ""regressor__epsilon"": 0.1, ""regressor__coef0"": 1.0, ""regressor__C"": 2.0}",461,1843,0.07,Dune,random,2,Prop0.2,61,True
CART,0.0854862060999645,"{""max_features"": 1.0, ""min_samples_leaf"": 1, ""splitter"": ""best""}",461,1843,0.0,Dune,random,2,Prop0.2,62,True
kNN,0.1184052768707113,"{""n_neighbors"": 15, ""p"": 1, ""weights"": ""distance""}",461,1843,0.05,Dune,random,2,Prop0.2,62,True
KRR,0.0950084868384787,"{""regressor__kernel"": ""rbf"", ""regressor__gamma"": 0.2, ""regressor__alpha"": 0.1}",461,1843,0.03,Dune,random,2,Prop0.2,62,True
MR,0.1009975110822131,"{""lasso__regressor__alpha"": 0.01}",461,1843,0.03,Dune,random,2,Prop0.2,62,True
RF,0.0765105396978852,"{""max_features"": 1.0, ""min_samples_leaf"": 1, ""n_estimators"": 20}",461,1843,0.08,Dune,random,2,Prop0.2,62,True
SVR,0.0848377859624639,"{""regressor__tol"": 0.1, ""regressor__shrinking"": false, ""regressor__epsilon"": 0.1, ""regressor__coef0"": 1.0, ""regressor__C"": 2.0}",461,1843,0.07,Dune,random,2,Prop0.2,62,True
CART,0.080058042785129,"{""max_features"": 1.0, ""min_samples_leaf"": 1, ""splitter"": ""best""}",461,1843,0.0,Dune,random,2,Prop0.2,63,True
kNN,0.113956933638194,"{""n_neighbors"": 15, ""p"": 1, ""weights"": ""distance""}",461,1843,0.04,Dune,random,2,Prop0.2,63,True
KRR,0.0958154942219733,"{""regressor__kernel"": ""rbf"", ""regressor__gamma"": 0.2, ""regressor__alpha"": 0.1}",461,1843,0.03,Dune,random,2,Prop0.2,63,True
MR,0.1096377879947506,"{""lasso__regressor__alpha"": 0.01}",461,1843,0.02,Dune,random,2,Prop0.2,63,True
RF,0.0753761964457321,"{""max_features"": 1.0, ""min_samples_leaf"": 1, ""n_estimators"": 20}",461,1843,0.08,Dune,random,2,Prop0.2,63,True
SVR,0.0824920351628118,"{""regressor__tol"": 0.1, ""regressor__shrinking"": false, ""regressor__epsilon"": 0.1, ""regressor__coef0"": 1.0, ""regressor__C"": 2.0}",461,1843,0.07,Dune,random,2,Prop0.2,63,True
CART,0.091067849894517,"{""max_features"": 1.0, ""min_samples_leaf"": 1, ""splitter"": ""best""}",461,1843,0.0,Dune,random,2,Prop0.2,64,True
kNN,0.1185810732792749,"{""n_neighbors"": 15, ""p"": 1, ""weights"": ""distance""}",461,1843,0.04,Dune,random,2,Prop0.2,64,True
KRR,0.0853727749912977,"{""regressor__kernel"": ""rbf"", ""regressor__gamma"": 0.2, ""regressor__alpha"": 0.1}",461,1843,0.03,Dune,random,2,Prop0.2,64,True
MR,0.0926229378607367,"{""lasso__regressor__alpha"": 0.01}",461,1843,0.02,Dune,random,2,Prop0.2,64,True
RF,0.0779006960582654,"{""max_features"": 1.0, ""min_samples_leaf"": 1, ""n_estimators"": 20}",461,1843,0.07,Dune,random,2,Prop0.2,64,True
SVR,0.0823925785615408,"{""regressor__tol"": 0.1, ""regressor__shrinking"": false, ""regressor__epsilon"": 0.1, ""regressor__coef0"": 1.0, ""regressor__C"": 2.0}",461,1843,0.09,Dune,random,2,Prop0.2,64,True
CART,0.0897679887771355,"{""max_features"": 1.0, ""min_samples_leaf"": 1, ""splitter"": ""best""}",461,1843,0.0,Dune,random,2,Prop0.2,65,True
kNN,0.1238155612158802,"{""n_neighbors"": 15, ""p"": 1, ""weights"": ""distance""}",461,1843,0.05,Dune,random,2,Prop0.2,65,True
KRR,0.0958563437566917,"{""regressor__kernel"": ""rbf"", ""regressor__gamma"": 0.2, ""regressor__alpha"": 0.1}",461,1843,0.03,Dune,random,2,Prop0.2,65,True
MR,0.1015294885575709,"{""lasso__regressor__alpha"": 0.01}",461,1843,0.02,Dune,random,2,Prop0.2,65,True
RF,0.081469068708066,"{""max_features"": 1.0, ""min_samples_leaf"": 1, ""n_estimators"": 20}",461,1843,0.08,Dune,random,2,Prop0.2,65,True
SVR,0.0839044825781459,"{""regressor__tol"": 0.1, ""regressor__shrinking"": false, ""regressor__epsilon"": 0.1, ""regressor__coef0"": 1.0, ""regressor__C"": 2.0}",461,1843,0.08,Dune,random,2,Prop0.2,65,True
CART,0.0730327409731179,"{""max_features"": 1.0, ""min_samples_leaf"": 1, ""splitter"": ""best""}",461,1843,0.0,Dune,random,2,Prop0.2,66,True
kNN,0.1198889507405552,"{""n_neighbors"": 15, ""p"": 1, ""weights"": ""distance""}",461,1843,0.05,Dune,random,2,Prop0.2,66,True
KRR,0.0906412747364143,"{""regressor__kernel"": ""rbf"", ""regressor__gamma"": 0.2, ""regressor__alpha"": 0.1}",461,1843,0.03,Dune,random,2,Prop0.2,66,True
MR,0.0975119769573451,"{""lasso__regressor__alpha"": 0.01}",461,1843,0.02,Dune,random,2,Prop0.2,66,True
RF,0.0729541704140096,"{""max_features"": 1.0, ""min_samples_leaf"": 1, ""n_estimators"": 20}",461,1843,0.08,Dune,random,2,Prop0.2,66,True
SVR,0.0834658800527307,"{""regressor__tol"": 0.1, ""regressor__shrinking"": false, ""regressor__epsilon"": 0.1, ""regressor__coef0"": 1.0, ""regressor__C"": 2.0}",461,1843,0.07,Dune,random,2,Prop0.2,66,True
CART,0.080926986065152,"{""max_features"": 1.0, ""min_samples_leaf"": 1, ""splitter"": ""best""}",461,1843,0.0,Dune,random,2,Prop0.2,67,True
kNN,0.1300156657719544,"{""n_neighbors"": 15, ""p"": 1, ""weights"": ""distance""}",461,1843,0.04,Dune,random,2,Prop0.2,67,True
KRR,0.0907573582386103,"{""regressor__kernel"": ""rbf"", ""regressor__gamma"": 0.2, ""regressor__alpha"": 0.1}",461,1843,0.03,Dune,random,2,Prop0.2,67,True
MR,0.0969396708786904,"{""lasso__regressor__alpha"": 0.01}",461,1843,0.02,Dune,random,2,Prop0.2,67,True
RF,0.0794469427212503,"{""max_features"": 1.0, ""min_samples_leaf"": 1, ""n_estimators"": 20}",461,1843,0.07,Dune,random,2,Prop0.2,67,True
SVR,0.086066975350597,"{""regressor__tol"": 0.1, ""regressor__shrinking"": false, ""regressor__epsilon"": 0.1, ""regressor__coef0"": 1.0, ""regressor__C"": 2.0}",461,1843,0.08,Dune,random,2,Prop0.2,67,True
CART,0.0832717489460763,"{""max_features"": 1.0, ""min_samples_leaf"": 1, ""splitter"": ""best""}",461,1843,0.0,Dune,random,2,Prop0.2,68,True
kNN,0.1241137821977309,"{""n_neighbors"": 15, ""p"": 1, ""weights"": ""distance""}",461,1843,0.05,Dune,random,2,Prop0.2,68,True
KRR,0.1040560997948368,"{""regressor__kernel"": ""rbf"", ""regressor__gamma"": 0.2, ""regressor__alpha"": 0.1}",461,1843,0.03,Dune,random,2,Prop0.2,68,True
MR,0.1137298701812886,"{""lasso__regressor__alpha"": 0.01}",461,1843,0.02,Dune,random,2,Prop0.2,68,True
RF,0.0790149518985827,"{""max_features"": 1.0, ""min_samples_leaf"": 1, ""n_estimators"": 20}",461,1843,0.08,Dune,random,2,Prop0.2,68,True
SVR,0.0869194342047814,"{""regressor__tol"": 0.1, ""regressor__shrinking"": false, ""regressor__epsilon"": 0.1, ""regressor__coef0"": 1.0, ""regressor__C"": 2.0}",461,1843,0.07,Dune,random,2,Prop0.2,68,True
CART,0.0809474049853469,"{""max_features"": 1.0, ""min_samples_leaf"": 1, ""splitter"": ""best""}",461,1843,0.0,Dune,random,2,Prop0.2,69,True
kNN,0.1209822806745949,"{""n_neighbors"": 15, ""p"": 1, ""weights"": ""distance""}",461,1843,0.05,Dune,random,2,Prop0.2,69,True
KRR,0.0924535895256536,"{""regressor__kernel"": ""rbf"", ""regressor__gamma"": 0.2, ""regressor__alpha"": 0.1}",461,1843,0.03,Dune,random,2,Prop0.2,69,True
MR,0.1024963754940618,"{""lasso__regressor__alpha"": 0.01}",461,1843,0.02,Dune,random,2,Prop0.2,69,True
RF,0.0777089468032262,"{""max_features"": 1.0, ""min_samples_leaf"": 1, ""n_estimators"": 20}",461,1843,0.08,Dune,random,2,Prop0.2,69,True
SVR,0.083592143365813,"{""regressor__tol"": 0.1, ""regressor__shrinking"": false, ""regressor__epsilon"": 0.1, ""regressor__coef0"": 1.0, ""regressor__C"": 2.0}",461,1843,0.07,Dune,random,2,Prop0.2,69,True
CART,0.0802867918294573,"{""max_features"": 1.0, ""min_samples_leaf"": 1, ""splitter"": ""best""}",461,1843,0.0,Dune,random,2,Prop0.2,70,True
kNN,0.1153020812713374,"{""n_neighbors"": 15, ""p"": 1, ""weights"": ""distance""}",461,1843,0.05,Dune,random,2,Prop0.2,70,True
KRR,0.0872491153854745,"{""regressor__kernel"": ""rbf"", ""regressor__gamma"": 0.2, ""regressor__alpha"": 0.1}",461,1843,0.03,Dune,random,2,Prop0.2,70,True
MR,0.0931270994241809,"{""lasso__regressor__alpha"": 0.01}",461,1843,0.02,Dune,random,2,Prop0.2,70,True
RF,0.0766295469303595,"{""max_features"": 1.0, ""min_samples_leaf"": 1, ""n_estimators"": 20}",461,1843,0.08,Dune,random,2,Prop0.2,70,True
SVR,0.0846581542703468,"{""regressor__tol"": 0.1, ""regressor__shrinking"": false, ""regressor__epsilon"": 0.1, ""regressor__coef0"": 1.0, ""regressor__C"": 2.0}",461,1843,0.08,Dune,random,2,Prop0.2,70,True
CART,0.0868785165757556,"{""max_features"": 1.0, ""min_samples_leaf"": 1, ""splitter"": ""best""}",461,1843,0.0,Dune,random,2,Prop0.2,71,True
kNN,0.12648538730305,"{""n_neighbors"": 15, ""p"": 1, ""weights"": ""distance""}",461,1843,0.04,Dune,random,2,Prop0.2,71,True
KRR,0.0977890236323857,"{""regressor__kernel"": ""rbf"", ""regressor__gamma"": 0.2, ""regressor__alpha"": 0.1}",461,1843,0.03,Dune,random,2,Prop0.2,71,True
MR,0.1100540486527999,"{""lasso__regressor__alpha"": 0.01}",461,1843,0.02,Dune,random,2,Prop0.2,71,True
RF,0.084416609814046,"{""max_features"": 1.0, ""min_samples_leaf"": 1, ""n_estimators"": 20}",461,1843,0.07,Dune,random,2,Prop0.2,71,True
SVR,0.0873847336518048,"{""regressor__tol"": 0.1, ""regressor__shrinking"": false, ""regressor__epsilon"": 0.1, ""regressor__coef0"": 1.0, ""regressor__C"": 2.0}",461,1843,0.08,Dune,random,2,Prop0.2,71,True
CART,0.0863006136301802,"{""max_features"": 1.0, ""min_samples_leaf"": 1, ""splitter"": ""best""}",461,1843,0.0,Dune,random,2,Prop0.2,72,True
kNN,0.1236678436405014,"{""n_neighbors"": 15, ""p"": 1, ""weights"": ""distance""}",461,1843,0.05,Dune,random,2,Prop0.2,72,True
KRR,0.0887983318004033,"{""regressor__kernel"": ""rbf"", ""regressor__gamma"": 0.2, ""regressor__alpha"": 0.1}",461,1843,0.03,Dune,random,2,Prop0.2,72,True
MR,0.0911599889541982,"{""lasso__regressor__alpha"": 0.01}",461,1843,0.03,Dune,random,2,Prop0.2,72,True
RF,0.0838243008954635,"{""max_features"": 1.0, ""min_samples_leaf"": 1, ""n_estimators"": 20}",461,1843,0.08,Dune,random,2,Prop0.2,72,True
SVR,0.0869549216735152,"{""regressor__tol"": 0.1, ""regressor__shrinking"": false, ""regressor__epsilon"": 0.1, ""regressor__coef0"": 1.0, ""regressor__C"": 2.0}",461,1843,0.09,Dune,random,2,Prop0.2,72,True
CART,0.0768436777052432,"{""max_features"": 1.0, ""min_samples_leaf"": 1, ""splitter"": ""best""}",461,1843,0.0,Dune,random,2,Prop0.2,73,True
kNN,0.1192786549496908,"{""n_neighbors"": 15, ""p"": 1, ""weights"": ""distance""}",461,1843,0.05,Dune,random,2,Prop0.2,73,True
KRR,0.0887362647694717,"{""regressor__kernel"": ""rbf"", ""regressor__gamma"": 0.2, ""regressor__alpha"": 0.1}",461,1843,0.02,Dune,random,2,Prop0.2,73,True
MR,0.095925821190676,"{""lasso__regressor__alpha"": 0.01}",461,1843,0.02,Dune,random,2,Prop0.2,73,True
RF,0.075825074343398,"{""max_features"": 1.0, ""min_samples_leaf"": 1, ""n_estimators"": 20}",461,1843,0.08,Dune,random,2,Prop0.2,73,True
SVR,0.0818743217510503,"{""regressor__tol"": 0.1, ""regressor__shrinking"": false, ""regressor__epsilon"": 0.1, ""regressor__coef0"": 1.0, ""regressor__C"": 2.0}",461,1843,0.08,Dune,random,2,Prop0.2,73,True
CART,0.0870360918766726,"{""max_features"": 1.0, ""min_samples_leaf"": 1, ""splitter"": ""best""}",461,1843,0.0,Dune,random,2,Prop0.2,74,True
kNN,0.1234500520479917,"{""n_neighbors"": 15, ""p"": 1, ""weights"": ""distance""}",461,1843,0.04,Dune,random,2,Prop0.2,74,True
KRR,0.0968131995774538,"{""regressor__kernel"": ""rbf"", ""regressor__gamma"": 0.2, ""regressor__alpha"": 0.1}",461,1843,0.03,Dune,random,2,Prop0.2,74,True
MR,0.1017486462635814,"{""lasso__regressor__alpha"": 0.01}",461,1843,0.02,Dune,random,2,Prop0.2,74,True
RF,0.0797450139067412,"{""max_features"": 1.0, ""min_samples_leaf"": 1, ""n_estimators"": 20}",461,1843,0.08,Dune,random,2,Prop0.2,74,True
SVR,0.0844039980543065,"{""regressor__tol"": 0.1, ""regressor__shrinking"": false, ""regressor__epsilon"": 0.1, ""regressor__coef0"": 1.0, ""regressor__C"": 2.0}",461,1843,0.07,Dune,random,2,Prop0.2,74,True
CART,0.0805685839576151,"{""max_features"": 1.0, ""min_samples_leaf"": 1, ""splitter"": ""best""}",461,1843,0.0,Dune,random,2,Prop0.2,75,True
kNN,0.1277412485888575,"{""n_neighbors"": 15, ""p"": 1, ""weights"": ""distance""}",461,1843,0.05,Dune,random,2,Prop0.2,75,True
KRR,0.0989454582701977,"{""regressor__kernel"": ""rbf"", ""regressor__gamma"": 0.2, ""regressor__alpha"": 0.1}",461,1843,0.04,Dune,random,2,Prop0.2,75,True
MR,0.1038981870272875,"{""lasso__regressor__alpha"": 0.01}",461,1843,0.02,Dune,random,2,Prop0.2,75,True
RF,0.0752514431943422,"{""max_features"": 1.0, ""min_samples_leaf"": 1, ""n_estimators"": 20}",461,1843,0.08,Dune,random,2,Prop0.2,75,True
SVR,0.0811793477382805,"{""regressor__tol"": 0.1, ""regressor__shrinking"": false, ""regressor__epsilon"": 0.1, ""regressor__coef0"": 1.0, ""regressor__C"": 2.0}",461,1843,0.07,Dune,random,2,Prop0.2,75,True
CART,0.0779307926718022,"{""max_features"": 1.0, ""min_samples_leaf"": 1, ""splitter"": ""best""}",461,1843,0.0,Dune,random,2,Prop0.2,76,True
kNN,0.1361825791167323,"{""n_neighbors"": 15, ""p"": 1, ""weights"": ""distance""}",461,1843,0.04,Dune,random,2,Prop0.2,76,True
KRR,0.0981905727455916,"{""regressor__kernel"": ""rbf"", ""regressor__gamma"": 0.2, ""regressor__alpha"": 0.1}",461,1843,0.04,Dune,random,2,Prop0.2,76,True
MR,0.1134191344202786,"{""lasso__regressor__alpha"": 0.01}",461,1843,0.02,Dune,random,2,Prop0.2,76,True
RF,0.0745029239982817,"{""max_features"": 1.0, ""min_samples_leaf"": 1, ""n_estimators"": 20}",461,1843,0.08,Dune,random,2,Prop0.2,76,True
SVR,0.0822517056736322,"{""regressor__tol"": 0.1, ""regressor__shrinking"": false, ""regressor__epsilon"": 0.1, ""regressor__coef0"": 1.0, ""regressor__C"": 2.0}",461,1843,0.07,Dune,random,2,Prop0.2,76,True
CART,0.0768425581600517,"{""max_features"": 1.0, ""min_samples_leaf"": 1, ""splitter"": ""best""}",461,1843,0.0,Dune,random,2,Prop0.2,77,True
kNN,0.1328202887465115,"{""n_neighbors"": 15, ""p"": 1, ""weights"": ""distance""}",461,1843,0.05,Dune,random,2,Prop0.2,77,True
KRR,0.0915432438938861,"{""regressor__kernel"": ""rbf"", ""regressor__gamma"": 0.2, ""regressor__alpha"": 0.1}",461,1843,0.03,Dune,random,2,Prop0.2,77,True
MR,0.1040330709846773,"{""lasso__regressor__alpha"": 0.01}",461,1843,0.02,Dune,random,2,Prop0.2,77,True
RF,0.0762429928769139,"{""max_features"": 1.0, ""min_samples_leaf"": 1, ""n_estimators"": 20}",461,1843,0.08,Dune,random,2,Prop0.2,77,True
SVR,0.0843200603094442,"{""regressor__tol"": 0.1, ""regressor__shrinking"": false, ""regressor__epsilon"": 0.1, ""regressor__coef0"": 1.0, ""regressor__C"": 2.0}",461,1843,0.07,Dune,random,2,Prop0.2,77,True
CART,0.0767233758441743,"{""max_features"": 1.0, ""min_samples_leaf"": 1, ""splitter"": ""best""}",461,1843,0.0,Dune,random,2,Prop0.2,78,True
kNN,0.1216155783376983,"{""n_neighbors"": 15, ""p"": 1, ""weights"": ""distance""}",461,1843,0.05,Dune,random,2,Prop0.2,78,True
KRR,0.0922765154176689,"{""regressor__kernel"": ""rbf"", ""regressor__gamma"": 0.2, ""regressor__alpha"": 0.1}",461,1843,0.03,Dune,random,2,Prop0.2,78,True
MR,0.1020243775873786,"{""lasso__regressor__alpha"": 0.01}",461,1843,0.02,Dune,random,2,Prop0.2,78,True
RF,0.0773258154430462,"{""max_features"": 1.0, ""min_samples_leaf"": 1, ""n_estimators"": 20}",461,1843,0.08,Dune,random,2,Prop0.2,78,True
SVR,0.0824676092210239,"{""regressor__tol"": 0.1, ""regressor__shrinking"": false, ""regressor__epsilon"": 0.1, ""regressor__coef0"": 1.0, ""regressor__C"": 2.0}",461,1843,0.08,Dune,random,2,Prop0.2,78,True
CART,0.0888519814083183,"{""max_features"": 1.0, ""min_samples_leaf"": 1, ""splitter"": ""best""}",461,1843,0.0,Dune,random,2,Prop0.2,79,True
kNN,0.1201729736021473,"{""n_neighbors"": 15, ""p"": 1, ""weights"": ""distance""}",461,1843,0.04,Dune,random,2,Prop0.2,79,True
KRR,0.0863952418441672,"{""regressor__kernel"": ""rbf"", ""regressor__gamma"": 0.2, ""regressor__alpha"": 0.1}",461,1843,0.03,Dune,random,2,Prop0.2,79,True
MR,0.100397088045753,"{""lasso__regressor__alpha"": 0.01}",461,1843,0.02,Dune,random,2,Prop0.2,79,True
RF,0.0802332751801235,"{""max_features"": 1.0, ""min_samples_leaf"": 1, ""n_estimators"": 20}",461,1843,0.08,Dune,random,2,Prop0.2,79,True
SVR,0.082884682809872,"{""regressor__tol"": 0.1, ""regressor__shrinking"": false, ""regressor__epsilon"": 0.1, ""regressor__coef0"": 1.0, ""regressor__C"": 2.0}",461,1843,0.08,Dune,random,2,Prop0.2,79,True
CART,0.0840456073553023,"{""max_features"": 1.0, ""min_samples_leaf"": 1, ""splitter"": ""best""}",461,1843,0.0,Dune,random,2,Prop0.2,80,True
kNN,0.1271610551318019,"{""n_neighbors"": 15, ""p"": 1, ""weights"": ""distance""}",461,1843,0.05,Dune,random,2,Prop0.2,80,True
KRR,0.0906530202197385,"{""regressor__kernel"": ""rbf"", ""regressor__gamma"": 0.2, ""regressor__alpha"": 0.1}",461,1843,0.03,Dune,random,2,Prop0.2,80,True
MR,0.1000548669444633,"{""lasso__regressor__alpha"": 0.01}",461,1843,0.02,Dune,random,2,Prop0.2,80,True
RF,0.0788590849511069,"{""max_features"": 1.0, ""min_samples_leaf"": 1, ""n_estimators"": 20}",461,1843,0.08,Dune,random,2,Prop0.2,80,True
SVR,0.0837687455318001,"{""regressor__tol"": 0.1, ""regressor__shrinking"": false, ""regressor__epsilon"": 0.1, ""regressor__coef0"": 1.0, ""regressor__C"": 2.0}",461,1843,0.08,Dune,random,2,Prop0.2,80,True
CART,0.094356534839804,"{""max_features"": 1.0, ""min_samples_leaf"": 1, ""splitter"": ""best""}",461,1843,0.0,Dune,random,2,Prop0.2,81,True
kNN,0.1258827212613487,"{""n_neighbors"": 15, ""p"": 1, ""weights"": ""distance""}",461,1843,0.05,Dune,random,2,Prop0.2,81,True
KRR,0.0969746045087508,"{""regressor__kernel"": ""rbf"", ""regressor__gamma"": 0.2, ""regressor__alpha"": 0.1}",461,1843,0.03,Dune,random,2,Prop0.2,81,True
MR,0.1081554228361296,"{""lasso__regressor__alpha"": 0.01}",461,1843,0.02,Dune,random,2,Prop0.2,81,True
RF,0.086079816887152,"{""max_features"": 1.0, ""min_samples_leaf"": 1, ""n_estimators"": 20}",461,1843,0.08,Dune,random,2,Prop0.2,81,True
SVR,0.08152673437338,"{""regressor__tol"": 0.1, ""regressor__shrinking"": false, ""regressor__epsilon"": 0.1, ""regressor__coef0"": 1.0, ""regressor__C"": 2.0}",461,1843,0.07,Dune,random,2,Prop0.2,81,True
CART,0.0829769671353364,"{""max_features"": 1.0, ""min_samples_leaf"": 1, ""splitter"": ""best""}",461,1843,0.0,Dune,random,2,Prop0.2,82,True
kNN,0.1211167165244407,"{""n_neighbors"": 15, ""p"": 1, ""weights"": ""distance""}",461,1843,0.05,Dune,random,2,Prop0.2,82,True
KRR,0.0964140217819579,"{""regressor__kernel"": ""rbf"", ""regressor__gamma"": 0.2, ""regressor__alpha"": 0.1}",461,1843,0.03,Dune,random,2,Prop0.2,82,True
MR,0.0954401192819722,"{""lasso__regressor__alpha"": 0.01}",461,1843,0.03,Dune,random,2,Prop0.2,82,True
RF,0.0748675302283314,"{""max_features"": 1.0, ""min_samples_leaf"": 1, ""n_estimators"": 20}",461,1843,0.08,Dune,random,2,Prop0.2,82,True
SVR,0.0848567653462416,"{""regressor__tol"": 0.1, ""regressor__shrinking"": false, ""regressor__epsilon"": 0.1, ""regressor__coef0"": 1.0, ""regressor__C"": 2.0}",461,1843,0.08,Dune,random,2,Prop0.2,82,True
CART,0.0771895767317334,"{""max_features"": 1.0, ""min_samples_leaf"": 1, ""splitter"": ""best""}",461,1843,0.0,Dune,random,2,Prop0.2,83,True
kNN,0.1247713912799164,"{""n_neighbors"": 15, ""p"": 1, ""weights"": ""distance""}",461,1843,0.05,Dune,random,2,Prop0.2,83,True
KRR,0.097609131100156,"{""regressor__kernel"": ""rbf"", ""regressor__gamma"": 0.2, ""regressor__alpha"": 0.1}",461,1843,0.03,Dune,random,2,Prop0.2,83,True
MR,0.105572319551965,"{""lasso__regressor__alpha"": 0.01}",461,1843,0.02,Dune,random,2,Prop0.2,83,True
RF,0.0735102780696951,"{""max_features"": 1.0, ""min_samples_leaf"": 1, ""n_estimators"": 20}",461,1843,0.08,Dune,random,2,Prop0.2,83,True
SVR,0.0836606549757906,"{""regressor__tol"": 0.1, ""regressor__shrinking"": false, ""regressor__epsilon"": 0.1, ""regressor__coef0"": 1.0, ""regressor__C"": 2.0}",461,1843,0.07,Dune,random,2,Prop0.2,83,True
CART,0.0800619086554986,"{""max_features"": 1.0, ""min_samples_leaf"": 1, ""splitter"": ""best""}",461,1843,0.0,Dune,random,2,Prop0.2,84,True
kNN,0.1203289859953355,"{""n_neighbors"": 15, ""p"": 1, ""weights"": ""distance""}",461,1843,0.05,Dune,random,2,Prop0.2,84,True
KRR,0.0929586913103905,"{""regressor__kernel"": ""rbf"", ""regressor__gamma"": 0.2, ""regressor__alpha"": 0.1}",461,1843,0.03,Dune,random,2,Prop0.2,84,True
MR,0.1021602887944427,"{""lasso__regressor__alpha"": 0.01}",461,1843,0.03,Dune,random,2,Prop0.2,84,True
RF,0.0782231960211488,"{""max_features"": 1.0, ""min_samples_leaf"": 1, ""n_estimators"": 20}",461,1843,0.08,Dune,random,2,Prop0.2,84,True
SVR,0.0821930596168649,"{""regressor__tol"": 0.1, ""regressor__shrinking"": false, ""regressor__epsilon"": 0.1, ""regressor__coef0"": 1.0, ""regressor__C"": 2.0}",461,1843,0.08,Dune,random,2,Prop0.2,84,True
CART,0.0767582475125686,"{""max_features"": 1.0, ""min_samples_leaf"": 1, ""splitter"": ""best""}",461,1843,0.0,Dune,random,2,Prop0.2,85,True
kNN,0.1231135941231305,"{""n_neighbors"": 15, ""p"": 1, ""weights"": ""distance""}",461,1843,0.05,Dune,random,2,Prop0.2,85,True
KRR,0.0947915186999405,"{""regressor__kernel"": ""rbf"", ""regressor__gamma"": 0.2, ""regressor__alpha"": 0.1}",461,1843,0.03,Dune,random,2,Prop0.2,85,True
MR,0.0946481203396804,"{""lasso__regressor__alpha"": 0.01}",461,1843,0.02,Dune,random,2,Prop0.2,85,True
RF,0.0762920925998716,"{""max_features"": 1.0, ""min_samples_leaf"": 1, ""n_estimators"": 20}",461,1843,0.08,Dune,random,2,Prop0.2,85,True
SVR,0.0836734501577442,"{""regressor__tol"": 0.1, ""regressor__shrinking"": false, ""regressor__epsilon"": 0.1, ""regressor__coef0"": 1.0, ""regressor__C"": 2.0}",461,1843,0.08,Dune,random,2,Prop0.2,85,True
CART,0.0801602345393817,"{""max_features"": 1.0, ""min_samples_leaf"": 1, ""splitter"": ""best""}",461,1843,0.0,Dune,random,2,Prop0.2,86,True
kNN,0.1326322740885317,"{""n_neighbors"": 15, ""p"": 1, ""weights"": ""distance""}",461,1843,0.04,Dune,random,2,Prop0.2,86,True
KRR,0.1036477133029494,"{""regressor__kernel"": ""rbf"", ""regressor__gamma"": 0.2, ""regressor__alpha"": 0.1}",461,1843,0.03,Dune,random,2,Prop0.2,86,True
MR,0.1070827400778279,"{""lasso__regressor__alpha"": 0.01}",461,1843,0.03,Dune,random,2,Prop0.2,86,True
RF,0.0784379956524923,"{""max_features"": 1.0, ""min_samples_leaf"": 1, ""n_estimators"": 20}",461,1843,0.08,Dune,random,2,Prop0.2,86,True
SVR,0.0837850714967933,"{""regressor__tol"": 0.1, ""regressor__shrinking"": false, ""regressor__epsilon"": 0.1, ""regressor__coef0"": 1.0, ""regressor__C"": 2.0}",461,1843,0.08,Dune,random,2,Prop0.2,86,True
CART,0.0790489148465023,"{""max_features"": 1.0, ""min_samples_leaf"": 1, ""splitter"": ""best""}",461,1843,0.0,Dune,random,2,Prop0.2,87,True
kNN,0.1202988910659132,"{""n_neighbors"": 15, ""p"": 1, ""weights"": ""distance""}",461,1843,0.05,Dune,random,2,Prop0.2,87,True
KRR,0.0848953385366265,"{""regressor__kernel"": ""rbf"", ""regressor__gamma"": 0.2, ""regressor__alpha"": 0.1}",461,1843,0.03,Dune,random,2,Prop0.2,87,True
MR,0.0912281036841887,"{""lasso__regressor__alpha"": 0.01}",461,1843,0.02,Dune,random,2,Prop0.2,87,True
RF,0.0723434984181395,"{""max_features"": 1.0, ""min_samples_leaf"": 1, ""n_estimators"": 20}",461,1843,0.08,Dune,random,2,Prop0.2,87,True
SVR,0.0840427284036695,"{""regressor__tol"": 0.1, ""regressor__shrinking"": false, ""regressor__epsilon"": 0.1, ""regressor__coef0"": 1.0, ""regressor__C"": 2.0}",461,1843,0.08,Dune,random,2,Prop0.2,87,True
CART,0.0900733407661638,"{""max_features"": 1.0, ""min_samples_leaf"": 1, ""splitter"": ""best""}",461,1843,0.0,Dune,random,2,Prop0.2,88,True
kNN,0.1261737717173207,"{""n_neighbors"": 15, ""p"": 1, ""weights"": ""distance""}",461,1843,0.05,Dune,random,2,Prop0.2,88,True
KRR,0.0926773958532219,"{""regressor__kernel"": ""rbf"", ""regressor__gamma"": 0.2, ""regressor__alpha"": 0.1}",461,1843,0.03,Dune,random,2,Prop0.2,88,True
MR,0.096024763402409,"{""lasso__regressor__alpha"": 0.01}",461,1843,0.02,Dune,random,2,Prop0.2,88,True
RF,0.0797325829327268,"{""max_features"": 1.0, ""min_samples_leaf"": 1, ""n_estimators"": 20}",461,1843,0.08,Dune,random,2,Prop0.2,88,True
SVR,0.0861364436355317,"{""regressor__tol"": 0.1, ""regressor__shrinking"": false, ""regressor__epsilon"": 0.1, ""regressor__coef0"": 1.0, ""regressor__C"": 2.0}",461,1843,0.09,Dune,random,2,Prop0.2,88,True
CART,0.081976790948426,"{""max_features"": 1.0, ""min_samples_leaf"": 1, ""splitter"": ""best""}",461,1843,0.0,Dune,random,2,Prop0.2,89,True
kNN,0.1266269835948964,"{""n_neighbors"": 15, ""p"": 1, ""weights"": ""distance""}",461,1843,0.05,Dune,random,2,Prop0.2,89,True
KRR,0.1006451311103042,"{""regressor__kernel"": ""rbf"", ""regressor__gamma"": 0.2, ""regressor__alpha"": 0.1}",461,1843,0.03,Dune,random,2,Prop0.2,89,True
MR,0.1110030109364715,"{""lasso__regressor__alpha"": 0.01}",461,1843,0.02,Dune,random,2,Prop0.2,89,True
RF,0.0784977973711152,"{""max_features"": 1.0, ""min_samples_leaf"": 1, ""n_estimators"": 20}",461,1843,0.08,Dune,random,2,Prop0.2,89,True
SVR,0.0856777736279017,"{""regressor__tol"": 0.1, ""regressor__shrinking"": false, ""regressor__epsilon"": 0.1, ""regressor__coef0"": 1.0, ""regressor__C"": 2.0}",461,1843,0.07,Dune,random,2,Prop0.2,89,True
CART,0.0806455077615171,"{""max_features"": 1.0, ""min_samples_leaf"": 1, ""splitter"": ""best""}",461,1843,0.0,Dune,random,2,Prop0.2,90,True
kNN,0.1249115583724236,"{""n_neighbors"": 15, ""p"": 1, ""weights"": ""distance""}",461,1843,0.04,Dune,random,2,Prop0.2,90,True
KRR,0.0938189325985175,"{""regressor__kernel"": ""rbf"", ""regressor__gamma"": 0.2, ""regressor__alpha"": 0.1}",461,1843,0.03,Dune,random,2,Prop0.2,90,True
MR,0.0995510630184184,"{""lasso__regressor__alpha"": 0.01}",461,1843,0.02,Dune,random,2,Prop0.2,90,True
RF,0.0774321378365709,"{""max_features"": 1.0, ""min_samples_leaf"": 1, ""n_estimators"": 20}",461,1843,0.08,Dune,random,2,Prop0.2,90,True
SVR,0.0826568588081053,"{""regressor__tol"": 0.1, ""regressor__shrinking"": false, ""regressor__epsilon"": 0.1, ""regressor__coef0"": 1.0, ""regressor__C"": 2.0}",461,1843,0.07,Dune,random,2,Prop0.2,90,True
CART,0.0807126218696964,"{""max_features"": 1.0, ""min_samples_leaf"": 1, ""splitter"": ""best""}",461,1843,0.0,Dune,random,2,Prop0.2,91,True
kNN,0.1166178295240268,"{""n_neighbors"": 15, ""p"": 1, ""weights"": ""distance""}",461,1843,0.05,Dune,random,2,Prop0.2,91,True
KRR,0.0939982287211004,"{""regressor__kernel"": ""rbf"", ""regressor__gamma"": 0.2, ""regressor__alpha"": 0.1}",461,1843,0.03,Dune,random,2,Prop0.2,91,True
MR,0.1038210503769101,"{""lasso__regressor__alpha"": 0.01}",461,1843,0.02,Dune,random,2,Prop0.2,91,True
RF,0.0791068523783425,"{""max_features"": 1.0, ""min_samples_leaf"": 1, ""n_estimators"": 20}",461,1843,0.08,Dune,random,2,Prop0.2,91,True
SVR,0.0845585837104657,"{""regressor__tol"": 0.1, ""regressor__shrinking"": false, ""regressor__epsilon"": 0.1, ""regressor__coef0"": 1.0, ""regressor__C"": 2.0}",461,1843,0.08,Dune,random,2,Prop0.2,91,True
CART,0.0842891100921937,"{""max_features"": 1.0, ""min_samples_leaf"": 1, ""splitter"": ""best""}",461,1843,0.0,Dune,random,2,Prop0.2,92,True
kNN,0.1165827875650269,"{""n_neighbors"": 15, ""p"": 1, ""weights"": ""distance""}",461,1843,0.05,Dune,random,2,Prop0.2,92,True
KRR,0.0867963077610112,"{""regressor__kernel"": ""rbf"", ""regressor__gamma"": 0.2, ""regressor__alpha"": 0.1}",461,1843,0.03,Dune,random,2,Prop0.2,92,True
MR,0.0944916544985446,"{""lasso__regressor__alpha"": 0.01}",461,1843,0.03,Dune,random,2,Prop0.2,92,True
RF,0.0773390152992067,"{""max_features"": 1.0, ""min_samples_leaf"": 1, ""n_estimators"": 20}",461,1843,0.08,Dune,random,2,Prop0.2,92,True
SVR,0.0852840928823425,"{""regressor__tol"": 0.1, ""regressor__shrinking"": false, ""regressor__epsilon"": 0.1, ""regressor__coef0"": 1.0, ""regressor__C"": 2.0}",461,1843,0.08,Dune,random,2,Prop0.2,92,True
CART,0.0803526463178815,"{""max_features"": 1.0, ""min_samples_leaf"": 1, ""splitter"": ""best""}",461,1843,0.0,Dune,random,2,Prop0.2,93,True
kNN,0.1239701571688034,"{""n_neighbors"": 15, ""p"": 1, ""weights"": ""distance""}",461,1843,0.05,Dune,random,2,Prop0.2,93,True
KRR,0.0952444967975403,"{""regressor__kernel"": ""rbf"", ""regressor__gamma"": 0.2, ""regressor__alpha"": 0.1}",461,1843,0.03,Dune,random,2,Prop0.2,93,True
MR,0.0964016402923004,"{""lasso__regressor__alpha"": 0.01}",461,1843,0.02,Dune,random,2,Prop0.2,93,True
RF,0.0732304731758341,"{""max_features"": 1.0, ""min_samples_leaf"": 1, ""n_estimators"": 20}",461,1843,0.08,Dune,random,2,Prop0.2,93,True
SVR,0.0847258989305096,"{""regressor__tol"": 0.1, ""regressor__shrinking"": false, ""regressor__epsilon"": 0.1, ""regressor__coef0"": 1.0, ""regressor__C"": 2.0}",461,1843,0.07,Dune,random,2,Prop0.2,93,True
CART,0.079995699199072,"{""max_features"": 1.0, ""min_samples_leaf"": 1, ""splitter"": ""best""}",461,1843,0.0,Dune,random,2,Prop0.2,94,True
kNN,0.1234719671802422,"{""n_neighbors"": 15, ""p"": 1, ""weights"": ""distance""}",461,1843,0.05,Dune,random,2,Prop0.2,94,True
KRR,0.091257805981616,"{""regressor__kernel"": ""rbf"", ""regressor__gamma"": 0.2, ""regressor__alpha"": 0.1}",461,1843,0.03,Dune,random,2,Prop0.2,94,True
MR,0.095223820495363,"{""lasso__regressor__alpha"": 0.01}",461,1843,0.02,Dune,random,2,Prop0.2,94,True
RF,0.0819705653382495,"{""max_features"": 1.0, ""min_samples_leaf"": 1, ""n_estimators"": 20}",461,1843,0.08,Dune,random,2,Prop0.2,94,True
SVR,0.0862614214738593,"{""regressor__tol"": 0.1, ""regressor__shrinking"": false, ""regressor__epsilon"": 0.1, ""regressor__coef0"": 1.0, ""regressor__C"": 2.0}",461,1843,0.09,Dune,random,2,Prop0.2,94,True
CART,0.0849345794834987,"{""max_features"": 1.0, ""min_samples_leaf"": 1, ""splitter"": ""best""}",461,1843,0.0,Dune,random,2,Prop0.2,95,True
kNN,0.1301116322549339,"{""n_neighbors"": 15, ""p"": 1, ""weights"": ""distance""}",461,1843,0.05,Dune,random,2,Prop0.2,95,True
KRR,0.1024170709301589,"{""regressor__kernel"": ""rbf"", ""regressor__gamma"": 0.2, ""regressor__alpha"": 0.1}",461,1843,0.03,Dune,random,2,Prop0.2,95,True
MR,0.1179624261888209,"{""lasso__regressor__alpha"": 0.01}",461,1843,0.02,Dune,random,2,Prop0.2,95,True
RF,0.078991291865853,"{""max_features"": 1.0, ""min_samples_leaf"": 1, ""n_estimators"": 20}",461,1843,0.08,Dune,random,2,Prop0.2,95,True
SVR,0.0811492679393805,"{""regressor__tol"": 0.1, ""regressor__shrinking"": false, ""regressor__epsilon"": 0.1, ""regressor__coef0"": 1.0, ""regressor__C"": 2.0}",461,1843,0.07,Dune,random,2,Prop0.2,95,True
CART,0.091697375961269,"{""max_features"": 1.0, ""min_samples_leaf"": 1, ""splitter"": ""best""}",461,1843,0.0,Dune,random,2,Prop0.2,96,True
kNN,0.1230786664443379,"{""n_neighbors"": 15, ""p"": 1, ""weights"": ""distance""}",461,1843,0.05,Dune,random,2,Prop0.2,96,True
KRR,0.0999760571700315,"{""regressor__kernel"": ""rbf"", ""regressor__gamma"": 0.2, ""regressor__alpha"": 0.1}",461,1843,0.03,Dune,random,2,Prop0.2,96,True
MR,0.1031538172632813,"{""lasso__regressor__alpha"": 0.01}",461,1843,0.02,Dune,random,2,Prop0.2,96,True
RF,0.0767921057601025,"{""max_features"": 1.0, ""min_samples_leaf"": 1, ""n_estimators"": 20}",461,1843,0.08,Dune,random,2,Prop0.2,96,True
SVR,0.087490015523964,"{""regressor__tol"": 0.1, ""regressor__shrinking"": false, ""regressor__epsilon"": 0.1, ""regressor__coef0"": 1.0, ""regressor__C"": 2.0}",461,1843,0.09,Dune,random,2,Prop0.2,96,True
CART,0.096986446999779,"{""max_features"": 1.0, ""min_samples_leaf"": 1, ""splitter"": ""best""}",461,1843,0.0,Dune,random,2,Prop0.2,97,True
kNN,0.1216751333767426,"{""n_neighbors"": 15, ""p"": 1, ""weights"": ""distance""}",461,1843,0.04,Dune,random,2,Prop0.2,97,True
KRR,0.0860506501852616,"{""regressor__kernel"": ""rbf"", ""regressor__gamma"": 0.2, ""regressor__alpha"": 0.1}",461,1843,0.04,Dune,random,2,Prop0.2,97,True
MR,0.0947391294154014,"{""lasso__regressor__alpha"": 0.01}",461,1843,0.02,Dune,random,2,Prop0.2,97,True
RF,0.0907890010721001,"{""max_features"": 1.0, ""min_samples_leaf"": 1, ""n_estimators"": 20}",461,1843,0.08,Dune,random,2,Prop0.2,97,True
SVR,0.0846312574942233,"{""regressor__tol"": 0.1, ""regressor__shrinking"": false, ""regressor__epsilon"": 0.1, ""regressor__coef0"": 1.0, ""regressor__C"": 2.0}",461,1843,0.08,Dune,random,2,Prop0.2,97,True
CART,0.0892467732684857,"{""max_features"": 1.0, ""min_samples_leaf"": 1, ""splitter"": ""best""}",461,1843,0.0,Dune,random,2,Prop0.2,98,True
kNN,0.1185082877597419,"{""n_neighbors"": 15, ""p"": 1, ""weights"": ""distance""}",461,1843,0.05,Dune,random,2,Prop0.2,98,True
KRR,0.0838491185870116,"{""regressor__kernel"": ""rbf"", ""regressor__gamma"": 0.2, ""regressor__alpha"": 0.1}",461,1843,0.03,Dune,random,2,Prop0.2,98,True
MR,0.0970093499395659,"{""lasso__regressor__alpha"": 0.01}",461,1843,0.02,Dune,random,2,Prop0.2,98,True
RF,0.0780348318233707,"{""max_features"": 1.0, ""min_samples_leaf"": 1, ""n_estimators"": 20}",461,1843,0.08,Dune,random,2,Prop0.2,98,True
SVR,0.0835774928692909,"{""regressor__tol"": 0.1, ""regressor__shrinking"": false, ""regressor__epsilon"": 0.1, ""regressor__coef0"": 1.0, ""regressor__C"": 2.0}",461,1843,0.08,Dune,random,2,Prop0.2,98,True
CART,0.0776081612822227,"{""max_features"": 1.0, ""min_samples_leaf"": 1, ""splitter"": ""best""}",461,1843,0.0,Dune,random,2,Prop0.2,99,True
kNN,0.1285559330493038,"{""n_neighbors"": 15, ""p"": 1, ""weights"": ""distance""}",461,1843,0.05,Dune,random,2,Prop0.2,99,True
KRR,0.0906318559629942,"{""regressor__kernel"": ""rbf"", ""regressor__gamma"": 0.2, ""regressor__alpha"": 0.1}",461,1843,0.03,Dune,random,2,Prop0.2,99,True
MR,0.1005605628646481,"{""lasso__regressor__alpha"": 0.01}",461,1843,0.02,Dune,random,2,Prop0.2,99,True
RF,0.0813514530181959,"{""max_features"": 1.0, ""min_samples_leaf"": 1, ""n_estimators"": 20}",461,1843,0.04,Dune,random,2,Prop0.2,99,True
SVR,0.082495703876203,"{""regressor__tol"": 0.1, ""regressor__shrinking"": false, ""regressor__epsilon"": 0.1, ""regressor__coef0"": 1.0, ""regressor__C"": 2.0}",461,1843,0.05,Dune,random,2,Prop0.2,99,True
CART,0.0777109422899577,"{""max_features"": 1.0, ""min_samples_leaf"": 1, ""splitter"": ""best""}",461,1843,0.0,Dune,random,2,Prop0.2,100,True
kNN,0.1287676917355774,"{""n_neighbors"": 15, ""p"": 1, ""weights"": ""distance""}",461,1843,0.04,Dune,random,2,Prop0.2,100,True
KRR,0.0927437983749747,"{""regressor__kernel"": ""rbf"", ""regressor__gamma"": 0.2, ""regressor__alpha"": 0.1}",461,1843,0.03,Dune,random,2,Prop0.2,100,True
MR,0.1020745520876948,"{""lasso__regressor__alpha"": 0.01}",461,1843,0.02,Dune,random,2,Prop0.2,100,True
RF,0.0750525855378299,"{""max_features"": 1.0, ""min_samples_leaf"": 1, ""n_estimators"": 20}",461,1843,0.05,Dune,random,2,Prop0.2,100,True
SVR,0.0842868576166978,"{""regressor__tol"": 0.1, ""regressor__shrinking"": false, ""regressor__epsilon"": 0.1, ""regressor__coef0"": 1.0, ""regressor__C"": 2.0}",461,1843,0.05,Dune,random,2,Prop0.2,100,True
