technique,mre,params,trained_count,test_count,learn_time,system,strategy,rq,size_type,seed,tuned
CART,0.0540843846184071,"{""max_features"": ""sqrt"", ""min_samples_leaf"": 2, ""splitter"": ""best""}",10,1014,0.0,LLVM,random,2,Prop0.01,1,True
kNN,0.0561079597658274,"{""n_neighbors"": 7, ""p"": 1, ""weights"": ""distance""}",10,1014,0.0,LLVM,random,2,Prop0.01,1,True
KRR,0.0445283660118094,"{""regressor__kernel"": ""rbf"", ""regressor__gamma"": 0.01, ""regressor__alpha"": 0.0001}",10,1014,0.02,LLVM,random,2,Prop0.01,1,True
MR,0.0492060041242326,"{""lasso__regressor__alpha"": 0.001}",10,1014,0.01,LLVM,random,2,Prop0.01,1,True
RF,0.0543543622241534,"{""max_features"": 1.0, ""min_samples_leaf"": 1, ""n_estimators"": 10}",10,1014,0.02,LLVM,random,2,Prop0.01,1,True
SVR,0.0552772046032196,"{""regressor__tol"": 0.3, ""regressor__shrinking"": false, ""regressor__epsilon"": 0.3, ""regressor__coef0"": 2.0, ""regressor__C"": 5.0}",10,1014,0.0,LLVM,random,2,Prop0.01,1,True
CART,0.0483512993901856,"{""max_features"": ""sqrt"", ""min_samples_leaf"": 2, ""splitter"": ""best""}",10,1014,0.0,LLVM,random,2,Prop0.01,2,True
kNN,0.0518745586042478,"{""n_neighbors"": 7, ""p"": 1, ""weights"": ""distance""}",10,1014,0.0,LLVM,random,2,Prop0.01,2,True
KRR,0.0528160772725138,"{""regressor__kernel"": ""rbf"", ""regressor__gamma"": 0.01, ""regressor__alpha"": 0.0001}",10,1014,0.01,LLVM,random,2,Prop0.01,2,True
MR,0.0452179299738616,"{""lasso__regressor__alpha"": 0.001}",10,1014,0.01,LLVM,random,2,Prop0.01,2,True
RF,0.0444015871631553,"{""max_features"": 1.0, ""min_samples_leaf"": 1, ""n_estimators"": 10}",10,1014,0.02,LLVM,random,2,Prop0.01,2,True
SVR,0.0488794841941014,"{""regressor__tol"": 0.3, ""regressor__shrinking"": false, ""regressor__epsilon"": 0.3, ""regressor__coef0"": 2.0, ""regressor__C"": 5.0}",10,1014,0.0,LLVM,random,2,Prop0.01,2,True
CART,0.0628441457767206,"{""max_features"": ""sqrt"", ""min_samples_leaf"": 2, ""splitter"": ""best""}",10,1014,0.0,LLVM,random,2,Prop0.01,3,True
kNN,0.0571031563416314,"{""n_neighbors"": 7, ""p"": 1, ""weights"": ""distance""}",10,1014,0.0,LLVM,random,2,Prop0.01,3,True
KRR,0.0794350830268713,"{""regressor__kernel"": ""rbf"", ""regressor__gamma"": 0.01, ""regressor__alpha"": 0.0001}",10,1014,0.01,LLVM,random,2,Prop0.01,3,True
MR,0.0515807116490405,"{""lasso__regressor__alpha"": 0.001}",10,1014,0.01,LLVM,random,2,Prop0.01,3,True
RF,0.0500966125884519,"{""max_features"": 1.0, ""min_samples_leaf"": 1, ""n_estimators"": 10}",10,1014,0.02,LLVM,random,2,Prop0.01,3,True
SVR,0.0543201474757108,"{""regressor__tol"": 0.3, ""regressor__shrinking"": false, ""regressor__epsilon"": 0.3, ""regressor__coef0"": 2.0, ""regressor__C"": 5.0}",10,1014,0.0,LLVM,random,2,Prop0.01,3,True
CART,0.0563896896108197,"{""max_features"": ""sqrt"", ""min_samples_leaf"": 2, ""splitter"": ""best""}",10,1014,0.0,LLVM,random,2,Prop0.01,4,True
kNN,0.0556591273262247,"{""n_neighbors"": 7, ""p"": 1, ""weights"": ""distance""}",10,1014,0.0,LLVM,random,2,Prop0.01,4,True
KRR,0.0452422053722174,"{""regressor__kernel"": ""rbf"", ""regressor__gamma"": 0.01, ""regressor__alpha"": 0.0001}",10,1014,0.01,LLVM,random,2,Prop0.01,4,True
MR,0.0504631705066964,"{""lasso__regressor__alpha"": 0.001}",10,1014,0.01,LLVM,random,2,Prop0.01,4,True
RF,0.0465421697617059,"{""max_features"": 1.0, ""min_samples_leaf"": 1, ""n_estimators"": 10}",10,1014,0.02,LLVM,random,2,Prop0.01,4,True
SVR,0.0507556238710336,"{""regressor__tol"": 0.3, ""regressor__shrinking"": false, ""regressor__epsilon"": 0.3, ""regressor__coef0"": 2.0, ""regressor__C"": 5.0}",10,1014,0.0,LLVM,random,2,Prop0.01,4,True
CART,0.0524134494393878,"{""max_features"": ""sqrt"", ""min_samples_leaf"": 2, ""splitter"": ""best""}",10,1014,0.0,LLVM,random,2,Prop0.01,5,True
kNN,0.0541505294263834,"{""n_neighbors"": 7, ""p"": 1, ""weights"": ""distance""}",10,1014,0.0,LLVM,random,2,Prop0.01,5,True
KRR,0.0937767059845708,"{""regressor__kernel"": ""rbf"", ""regressor__gamma"": 0.01, ""regressor__alpha"": 0.0001}",10,1014,0.0,LLVM,random,2,Prop0.01,5,True
MR,0.080253359863851,"{""lasso__regressor__alpha"": 0.001}",10,1014,0.01,LLVM,random,2,Prop0.01,5,True
RF,0.0771909934466592,"{""max_features"": 1.0, ""min_samples_leaf"": 1, ""n_estimators"": 10}",10,1014,0.01,LLVM,random,2,Prop0.01,5,True
SVR,0.0549790342416789,"{""regressor__tol"": 0.3, ""regressor__shrinking"": false, ""regressor__epsilon"": 0.3, ""regressor__coef0"": 2.0, ""regressor__C"": 5.0}",10,1014,0.0,LLVM,random,2,Prop0.01,5,True
CART,0.0753961055036765,"{""max_features"": ""sqrt"", ""min_samples_leaf"": 2, ""splitter"": ""best""}",10,1014,0.0,LLVM,random,2,Prop0.01,6,True
kNN,0.0573489564007115,"{""n_neighbors"": 7, ""p"": 1, ""weights"": ""distance""}",10,1014,0.0,LLVM,random,2,Prop0.01,6,True
KRR,0.0571537907117386,"{""regressor__kernel"": ""rbf"", ""regressor__gamma"": 0.01, ""regressor__alpha"": 0.0001}",10,1014,0.0,LLVM,random,2,Prop0.01,6,True
MR,0.0459136444253514,"{""lasso__regressor__alpha"": 0.001}",10,1014,0.01,LLVM,random,2,Prop0.01,6,True
RF,0.0572458439440363,"{""max_features"": 1.0, ""min_samples_leaf"": 1, ""n_estimators"": 10}",10,1014,0.02,LLVM,random,2,Prop0.01,6,True
SVR,0.0561862194819893,"{""regressor__tol"": 0.3, ""regressor__shrinking"": false, ""regressor__epsilon"": 0.3, ""regressor__coef0"": 2.0, ""regressor__C"": 5.0}",10,1014,0.0,LLVM,random,2,Prop0.01,6,True
CART,0.0535566981097591,"{""max_features"": ""sqrt"", ""min_samples_leaf"": 2, ""splitter"": ""best""}",10,1014,0.0,LLVM,random,2,Prop0.01,7,True
kNN,0.0507372131358659,"{""n_neighbors"": 7, ""p"": 1, ""weights"": ""distance""}",10,1014,0.0,LLVM,random,2,Prop0.01,7,True
KRR,0.0607381948834495,"{""regressor__kernel"": ""rbf"", ""regressor__gamma"": 0.01, ""regressor__alpha"": 0.0001}",10,1014,0.0,LLVM,random,2,Prop0.01,7,True
MR,0.0556781710205322,"{""lasso__regressor__alpha"": 0.001}",10,1014,0.01,LLVM,random,2,Prop0.01,7,True
RF,0.0422876524919058,"{""max_features"": 1.0, ""min_samples_leaf"": 1, ""n_estimators"": 10}",10,1014,0.01,LLVM,random,2,Prop0.01,7,True
SVR,0.0481100252087689,"{""regressor__tol"": 0.3, ""regressor__shrinking"": false, ""regressor__epsilon"": 0.3, ""regressor__coef0"": 2.0, ""regressor__C"": 5.0}",10,1014,0.0,LLVM,random,2,Prop0.01,7,True
CART,0.0628653597224084,"{""max_features"": ""sqrt"", ""min_samples_leaf"": 2, ""splitter"": ""best""}",10,1014,0.0,LLVM,random,2,Prop0.01,8,True
kNN,0.0594962430084769,"{""n_neighbors"": 7, ""p"": 1, ""weights"": ""distance""}",10,1014,0.0,LLVM,random,2,Prop0.01,8,True
KRR,0.0819897027864729,"{""regressor__kernel"": ""rbf"", ""regressor__gamma"": 0.01, ""regressor__alpha"": 0.0001}",10,1014,0.0,LLVM,random,2,Prop0.01,8,True
MR,0.0485677318288584,"{""lasso__regressor__alpha"": 0.001}",10,1014,0.01,LLVM,random,2,Prop0.01,8,True
RF,0.0574130139528087,"{""max_features"": 1.0, ""min_samples_leaf"": 1, ""n_estimators"": 10}",10,1014,0.02,LLVM,random,2,Prop0.01,8,True
SVR,0.0586962752297332,"{""regressor__tol"": 0.3, ""regressor__shrinking"": false, ""regressor__epsilon"": 0.3, ""regressor__coef0"": 2.0, ""regressor__C"": 5.0}",10,1014,0.0,LLVM,random,2,Prop0.01,8,True
CART,0.0473322748849054,"{""max_features"": ""sqrt"", ""min_samples_leaf"": 2, ""splitter"": ""best""}",10,1014,0.0,LLVM,random,2,Prop0.01,9,True
kNN,0.0510790593158502,"{""n_neighbors"": 7, ""p"": 1, ""weights"": ""distance""}",10,1014,0.0,LLVM,random,2,Prop0.01,9,True
KRR,0.046693427671037,"{""regressor__kernel"": ""rbf"", ""regressor__gamma"": 0.01, ""regressor__alpha"": 0.0001}",10,1014,0.0,LLVM,random,2,Prop0.01,9,True
MR,0.0393991686695773,"{""lasso__regressor__alpha"": 0.001}",10,1014,0.01,LLVM,random,2,Prop0.01,9,True
RF,0.0387055639944601,"{""max_features"": 1.0, ""min_samples_leaf"": 1, ""n_estimators"": 10}",10,1014,0.02,LLVM,random,2,Prop0.01,9,True
SVR,0.0517623900214581,"{""regressor__tol"": 0.3, ""regressor__shrinking"": false, ""regressor__epsilon"": 0.3, ""regressor__coef0"": 2.0, ""regressor__C"": 5.0}",10,1014,0.0,LLVM,random,2,Prop0.01,9,True
CART,0.0721084206297243,"{""max_features"": ""sqrt"", ""min_samples_leaf"": 2, ""splitter"": ""best""}",10,1014,0.0,LLVM,random,2,Prop0.01,10,True
kNN,0.0565276377436855,"{""n_neighbors"": 7, ""p"": 1, ""weights"": ""distance""}",10,1014,0.0,LLVM,random,2,Prop0.01,10,True
KRR,0.0757436529055686,"{""regressor__kernel"": ""rbf"", ""regressor__gamma"": 0.01, ""regressor__alpha"": 0.0001}",10,1014,0.0,LLVM,random,2,Prop0.01,10,True
MR,0.0609636637882371,"{""lasso__regressor__alpha"": 0.001}",10,1014,0.01,LLVM,random,2,Prop0.01,10,True
RF,0.0528630399742557,"{""max_features"": 1.0, ""min_samples_leaf"": 1, ""n_estimators"": 10}",10,1014,0.02,LLVM,random,2,Prop0.01,10,True
SVR,0.0562052969205867,"{""regressor__tol"": 0.3, ""regressor__shrinking"": false, ""regressor__epsilon"": 0.3, ""regressor__coef0"": 2.0, ""regressor__C"": 5.0}",10,1014,0.0,LLVM,random,2,Prop0.01,10,True
CART,0.066247054284538,"{""max_features"": ""sqrt"", ""min_samples_leaf"": 2, ""splitter"": ""best""}",10,1014,0.0,LLVM,random,2,Prop0.01,11,True
kNN,0.0526966136025853,"{""n_neighbors"": 7, ""p"": 1, ""weights"": ""distance""}",10,1014,0.0,LLVM,random,2,Prop0.01,11,True
KRR,0.0678218943083161,"{""regressor__kernel"": ""rbf"", ""regressor__gamma"": 0.01, ""regressor__alpha"": 0.0001}",10,1014,0.0,LLVM,random,2,Prop0.01,11,True
MR,0.0471530751741611,"{""lasso__regressor__alpha"": 0.001}",10,1014,0.01,LLVM,random,2,Prop0.01,11,True
RF,0.0417846521951667,"{""max_features"": 1.0, ""min_samples_leaf"": 1, ""n_estimators"": 10}",10,1014,0.01,LLVM,random,2,Prop0.01,11,True
SVR,0.0504010487382395,"{""regressor__tol"": 0.3, ""regressor__shrinking"": false, ""regressor__epsilon"": 0.3, ""regressor__coef0"": 2.0, ""regressor__C"": 5.0}",10,1014,0.0,LLVM,random,2,Prop0.01,11,True
CART,0.0676168735660511,"{""max_features"": ""sqrt"", ""min_samples_leaf"": 2, ""splitter"": ""best""}",10,1014,0.0,LLVM,random,2,Prop0.01,12,True
kNN,0.051482712550964,"{""n_neighbors"": 7, ""p"": 1, ""weights"": ""distance""}",10,1014,0.0,LLVM,random,2,Prop0.01,12,True
KRR,0.0577434970010193,"{""regressor__kernel"": ""rbf"", ""regressor__gamma"": 0.01, ""regressor__alpha"": 0.0001}",10,1014,0.0,LLVM,random,2,Prop0.01,12,True
MR,0.0465184726235665,"{""lasso__regressor__alpha"": 0.001}",10,1014,0.01,LLVM,random,2,Prop0.01,12,True
RF,0.0404273144403799,"{""max_features"": 1.0, ""min_samples_leaf"": 1, ""n_estimators"": 10}",10,1014,0.02,LLVM,random,2,Prop0.01,12,True
SVR,0.0498216125587811,"{""regressor__tol"": 0.3, ""regressor__shrinking"": false, ""regressor__epsilon"": 0.3, ""regressor__coef0"": 2.0, ""regressor__C"": 5.0}",10,1014,0.0,LLVM,random,2,Prop0.01,12,True
CART,0.0796442710418109,"{""max_features"": ""sqrt"", ""min_samples_leaf"": 2, ""splitter"": ""best""}",10,1014,0.0,LLVM,random,2,Prop0.01,13,True
kNN,0.0524739085307946,"{""n_neighbors"": 7, ""p"": 1, ""weights"": ""distance""}",10,1014,0.0,LLVM,random,2,Prop0.01,13,True
KRR,0.0586027329383567,"{""regressor__kernel"": ""rbf"", ""regressor__gamma"": 0.01, ""regressor__alpha"": 0.0001}",10,1014,0.0,LLVM,random,2,Prop0.01,13,True
MR,0.0635381484299189,"{""lasso__regressor__alpha"": 0.001}",10,1014,0.01,LLVM,random,2,Prop0.01,13,True
RF,0.0624481288835391,"{""max_features"": 1.0, ""min_samples_leaf"": 1, ""n_estimators"": 10}",10,1014,0.02,LLVM,random,2,Prop0.01,13,True
SVR,0.0510924679390672,"{""regressor__tol"": 0.3, ""regressor__shrinking"": false, ""regressor__epsilon"": 0.3, ""regressor__coef0"": 2.0, ""regressor__C"": 5.0}",10,1014,0.0,LLVM,random,2,Prop0.01,13,True
CART,0.0619690222018248,"{""max_features"": ""sqrt"", ""min_samples_leaf"": 2, ""splitter"": ""best""}",10,1014,0.0,LLVM,random,2,Prop0.01,14,True
kNN,0.0536833441945734,"{""n_neighbors"": 7, ""p"": 1, ""weights"": ""distance""}",10,1014,0.0,LLVM,random,2,Prop0.01,14,True
KRR,0.0565715995162445,"{""regressor__kernel"": ""rbf"", ""regressor__gamma"": 0.01, ""regressor__alpha"": 0.0001}",10,1014,0.0,LLVM,random,2,Prop0.01,14,True
MR,0.0525229609497119,"{""lasso__regressor__alpha"": 0.001}",10,1014,0.0,LLVM,random,2,Prop0.01,14,True
RF,0.0397207607730221,"{""max_features"": 1.0, ""min_samples_leaf"": 1, ""n_estimators"": 10}",10,1014,0.02,LLVM,random,2,Prop0.01,14,True
SVR,0.0529119748482005,"{""regressor__tol"": 0.3, ""regressor__shrinking"": false, ""regressor__epsilon"": 0.3, ""regressor__coef0"": 2.0, ""regressor__C"": 5.0}",10,1014,0.0,LLVM,random,2,Prop0.01,14,True
CART,0.0567621956282588,"{""max_features"": ""sqrt"", ""min_samples_leaf"": 2, ""splitter"": ""best""}",10,1014,0.0,LLVM,random,2,Prop0.01,15,True
kNN,0.0611483715192584,"{""n_neighbors"": 7, ""p"": 1, ""weights"": ""distance""}",10,1014,0.0,LLVM,random,2,Prop0.01,15,True
KRR,0.033286588951336,"{""regressor__kernel"": ""rbf"", ""regressor__gamma"": 0.01, ""regressor__alpha"": 0.0001}",10,1014,0.0,LLVM,random,2,Prop0.01,15,True
MR,0.0294142880679118,"{""lasso__regressor__alpha"": 0.001}",10,1014,0.01,LLVM,random,2,Prop0.01,15,True
RF,0.0587766928738798,"{""max_features"": 1.0, ""min_samples_leaf"": 1, ""n_estimators"": 10}",10,1014,0.01,LLVM,random,2,Prop0.01,15,True
SVR,0.0537303663071225,"{""regressor__tol"": 0.3, ""regressor__shrinking"": false, ""regressor__epsilon"": 0.3, ""regressor__coef0"": 2.0, ""regressor__C"": 5.0}",10,1014,0.0,LLVM,random,2,Prop0.01,15,True
CART,0.0707057084231213,"{""max_features"": ""sqrt"", ""min_samples_leaf"": 2, ""splitter"": ""best""}",10,1014,0.0,LLVM,random,2,Prop0.01,16,True
kNN,0.0573625187863701,"{""n_neighbors"": 7, ""p"": 1, ""weights"": ""distance""}",10,1014,0.0,LLVM,random,2,Prop0.01,16,True
KRR,0.0393748653136791,"{""regressor__kernel"": ""rbf"", ""regressor__gamma"": 0.01, ""regressor__alpha"": 0.0001}",10,1014,0.0,LLVM,random,2,Prop0.01,16,True
MR,0.03052040221165,"{""lasso__regressor__alpha"": 0.001}",10,1014,0.01,LLVM,random,2,Prop0.01,16,True
RF,0.0498327774239764,"{""max_features"": 1.0, ""min_samples_leaf"": 1, ""n_estimators"": 10}",10,1014,0.02,LLVM,random,2,Prop0.01,16,True
SVR,0.056553796204804,"{""regressor__tol"": 0.3, ""regressor__shrinking"": false, ""regressor__epsilon"": 0.3, ""regressor__coef0"": 2.0, ""regressor__C"": 5.0}",10,1014,0.0,LLVM,random,2,Prop0.01,16,True
CART,0.0573584055317066,"{""max_features"": ""sqrt"", ""min_samples_leaf"": 2, ""splitter"": ""best""}",10,1014,0.0,LLVM,random,2,Prop0.01,17,True
kNN,0.0544018217374654,"{""n_neighbors"": 7, ""p"": 1, ""weights"": ""distance""}",10,1014,0.0,LLVM,random,2,Prop0.01,17,True
KRR,0.0399686967977779,"{""regressor__kernel"": ""rbf"", ""regressor__gamma"": 0.01, ""regressor__alpha"": 0.0001}",10,1014,0.0,LLVM,random,2,Prop0.01,17,True
MR,0.0531686509902145,"{""lasso__regressor__alpha"": 0.001}",10,1014,0.01,LLVM,random,2,Prop0.01,17,True
RF,0.0599342865251757,"{""max_features"": 1.0, ""min_samples_leaf"": 1, ""n_estimators"": 10}",10,1014,0.02,LLVM,random,2,Prop0.01,17,True
SVR,0.0542053942111393,"{""regressor__tol"": 0.3, ""regressor__shrinking"": false, ""regressor__epsilon"": 0.3, ""regressor__coef0"": 2.0, ""regressor__C"": 5.0}",10,1014,0.0,LLVM,random,2,Prop0.01,17,True
CART,0.069614376323282,"{""max_features"": ""sqrt"", ""min_samples_leaf"": 2, ""splitter"": ""best""}",10,1014,0.0,LLVM,random,2,Prop0.01,18,True
kNN,0.0573214029351272,"{""n_neighbors"": 7, ""p"": 1, ""weights"": ""distance""}",10,1014,0.0,LLVM,random,2,Prop0.01,18,True
KRR,0.0804890435762911,"{""regressor__kernel"": ""rbf"", ""regressor__gamma"": 0.01, ""regressor__alpha"": 0.0001}",10,1014,0.0,LLVM,random,2,Prop0.01,18,True
MR,0.0497170572528463,"{""lasso__regressor__alpha"": 0.001}",10,1014,0.01,LLVM,random,2,Prop0.01,18,True
RF,0.0496477069652135,"{""max_features"": 1.0, ""min_samples_leaf"": 1, ""n_estimators"": 10}",10,1014,0.02,LLVM,random,2,Prop0.01,18,True
SVR,0.0541295147176007,"{""regressor__tol"": 0.3, ""regressor__shrinking"": false, ""regressor__epsilon"": 0.3, ""regressor__coef0"": 2.0, ""regressor__C"": 5.0}",10,1014,0.0,LLVM,random,2,Prop0.01,18,True
CART,0.0551004957137606,"{""max_features"": ""sqrt"", ""min_samples_leaf"": 2, ""splitter"": ""best""}",10,1014,0.0,LLVM,random,2,Prop0.01,19,True
kNN,0.054673388186274,"{""n_neighbors"": 7, ""p"": 1, ""weights"": ""distance""}",10,1014,0.0,LLVM,random,2,Prop0.01,19,True
KRR,0.0429890998232535,"{""regressor__kernel"": ""rbf"", ""regressor__gamma"": 0.01, ""regressor__alpha"": 0.0001}",10,1014,0.0,LLVM,random,2,Prop0.01,19,True
MR,0.034028404752326,"{""lasso__regressor__alpha"": 0.001}",10,1014,0.01,LLVM,random,2,Prop0.01,19,True
RF,0.051566315002675,"{""max_features"": 1.0, ""min_samples_leaf"": 1, ""n_estimators"": 10}",10,1014,0.01,LLVM,random,2,Prop0.01,19,True
SVR,0.0545243758399773,"{""regressor__tol"": 0.3, ""regressor__shrinking"": false, ""regressor__epsilon"": 0.3, ""regressor__coef0"": 2.0, ""regressor__C"": 5.0}",10,1014,0.0,LLVM,random,2,Prop0.01,19,True
CART,0.0765840617858222,"{""max_features"": ""sqrt"", ""min_samples_leaf"": 2, ""splitter"": ""best""}",10,1014,0.0,LLVM,random,2,Prop0.01,20,True
kNN,0.0604450418693152,"{""n_neighbors"": 7, ""p"": 1, ""weights"": ""distance""}",10,1014,0.0,LLVM,random,2,Prop0.01,20,True
KRR,0.0727803315669191,"{""regressor__kernel"": ""rbf"", ""regressor__gamma"": 0.01, ""regressor__alpha"": 0.0001}",10,1014,0.0,LLVM,random,2,Prop0.01,20,True
MR,0.0742745501252264,"{""lasso__regressor__alpha"": 0.001}",10,1014,0.0,LLVM,random,2,Prop0.01,20,True
RF,0.0649557115366064,"{""max_features"": 1.0, ""min_samples_leaf"": 1, ""n_estimators"": 10}",10,1014,0.02,LLVM,random,2,Prop0.01,20,True
SVR,0.0585289585347016,"{""regressor__tol"": 0.3, ""regressor__shrinking"": false, ""regressor__epsilon"": 0.3, ""regressor__coef0"": 2.0, ""regressor__C"": 5.0}",10,1014,0.0,LLVM,random,2,Prop0.01,20,True
CART,0.0624026301470753,"{""max_features"": ""sqrt"", ""min_samples_leaf"": 2, ""splitter"": ""best""}",10,1014,0.0,LLVM,random,2,Prop0.01,21,True
kNN,0.0578959090913623,"{""n_neighbors"": 7, ""p"": 1, ""weights"": ""distance""}",10,1014,0.0,LLVM,random,2,Prop0.01,21,True
KRR,0.0660609062491194,"{""regressor__kernel"": ""rbf"", ""regressor__gamma"": 0.01, ""regressor__alpha"": 0.0001}",10,1014,0.0,LLVM,random,2,Prop0.01,21,True
MR,0.0448009794409429,"{""lasso__regressor__alpha"": 0.001}",10,1014,0.01,LLVM,random,2,Prop0.01,21,True
RF,0.0519392860875063,"{""max_features"": 1.0, ""min_samples_leaf"": 1, ""n_estimators"": 10}",10,1014,0.02,LLVM,random,2,Prop0.01,21,True
SVR,0.0536208455849678,"{""regressor__tol"": 0.3, ""regressor__shrinking"": false, ""regressor__epsilon"": 0.3, ""regressor__coef0"": 2.0, ""regressor__C"": 5.0}",10,1014,0.0,LLVM,random,2,Prop0.01,21,True
CART,0.0567996364199378,"{""max_features"": ""sqrt"", ""min_samples_leaf"": 2, ""splitter"": ""best""}",10,1014,0.0,LLVM,random,2,Prop0.01,22,True
kNN,0.049285059447134,"{""n_neighbors"": 7, ""p"": 1, ""weights"": ""distance""}",10,1014,0.0,LLVM,random,2,Prop0.01,22,True
KRR,0.0381366584374766,"{""regressor__kernel"": ""rbf"", ""regressor__gamma"": 0.01, ""regressor__alpha"": 0.0001}",10,1014,0.0,LLVM,random,2,Prop0.01,22,True
MR,0.0285455307545531,"{""lasso__regressor__alpha"": 0.001}",10,1014,0.01,LLVM,random,2,Prop0.01,22,True
RF,0.0477672843488927,"{""max_features"": 1.0, ""min_samples_leaf"": 1, ""n_estimators"": 10}",10,1014,0.02,LLVM,random,2,Prop0.01,22,True
SVR,0.0500892535036869,"{""regressor__tol"": 0.3, ""regressor__shrinking"": false, ""regressor__epsilon"": 0.3, ""regressor__coef0"": 2.0, ""regressor__C"": 5.0}",10,1014,0.0,LLVM,random,2,Prop0.01,22,True
CART,0.0911617660897218,"{""max_features"": ""sqrt"", ""min_samples_leaf"": 2, ""splitter"": ""best""}",10,1014,0.0,LLVM,random,2,Prop0.01,23,True
kNN,0.0506745699248353,"{""n_neighbors"": 7, ""p"": 1, ""weights"": ""distance""}",10,1014,0.0,LLVM,random,2,Prop0.01,23,True
KRR,0.0582832467258724,"{""regressor__kernel"": ""rbf"", ""regressor__gamma"": 0.01, ""regressor__alpha"": 0.0001}",10,1014,0.0,LLVM,random,2,Prop0.01,23,True
MR,0.0507803136975092,"{""lasso__regressor__alpha"": 0.001}",10,1014,0.01,LLVM,random,2,Prop0.01,23,True
RF,0.040453749525089,"{""max_features"": 1.0, ""min_samples_leaf"": 1, ""n_estimators"": 10}",10,1014,0.01,LLVM,random,2,Prop0.01,23,True
SVR,0.0475871754504915,"{""regressor__tol"": 0.3, ""regressor__shrinking"": false, ""regressor__epsilon"": 0.3, ""regressor__coef0"": 2.0, ""regressor__C"": 5.0}",10,1014,0.0,LLVM,random,2,Prop0.01,23,True
CART,0.073658354766364,"{""max_features"": ""sqrt"", ""min_samples_leaf"": 2, ""splitter"": ""best""}",10,1014,0.0,LLVM,random,2,Prop0.01,24,True
kNN,0.0529151542947033,"{""n_neighbors"": 7, ""p"": 1, ""weights"": ""distance""}",10,1014,0.0,LLVM,random,2,Prop0.01,24,True
KRR,0.0723029940971197,"{""regressor__kernel"": ""rbf"", ""regressor__gamma"": 0.01, ""regressor__alpha"": 0.0001}",10,1014,0.0,LLVM,random,2,Prop0.01,24,True
MR,0.0523892514473859,"{""lasso__regressor__alpha"": 0.001}",10,1014,0.01,LLVM,random,2,Prop0.01,24,True
RF,0.0407257885204481,"{""max_features"": 1.0, ""min_samples_leaf"": 1, ""n_estimators"": 10}",10,1014,0.02,LLVM,random,2,Prop0.01,24,True
SVR,0.0516689751221212,"{""regressor__tol"": 0.3, ""regressor__shrinking"": false, ""regressor__epsilon"": 0.3, ""regressor__coef0"": 2.0, ""regressor__C"": 5.0}",10,1014,0.0,LLVM,random,2,Prop0.01,24,True
CART,0.0529178202177622,"{""max_features"": ""sqrt"", ""min_samples_leaf"": 2, ""splitter"": ""best""}",10,1014,0.0,LLVM,random,2,Prop0.01,25,True
kNN,0.0459296634772741,"{""n_neighbors"": 7, ""p"": 1, ""weights"": ""distance""}",10,1014,0.0,LLVM,random,2,Prop0.01,25,True
KRR,0.0918689973482979,"{""regressor__kernel"": ""rbf"", ""regressor__gamma"": 0.01, ""regressor__alpha"": 0.0001}",10,1014,0.0,LLVM,random,2,Prop0.01,25,True
MR,0.0539487176744974,"{""lasso__regressor__alpha"": 0.001}",10,1014,0.01,LLVM,random,2,Prop0.01,25,True
RF,0.055980322339959,"{""max_features"": 1.0, ""min_samples_leaf"": 1, ""n_estimators"": 10}",10,1014,0.02,LLVM,random,2,Prop0.01,25,True
SVR,0.0464215737848755,"{""regressor__tol"": 0.3, ""regressor__shrinking"": false, ""regressor__epsilon"": 0.3, ""regressor__coef0"": 2.0, ""regressor__C"": 5.0}",10,1014,0.0,LLVM,random,2,Prop0.01,25,True
CART,0.0569206700024305,"{""max_features"": ""sqrt"", ""min_samples_leaf"": 2, ""splitter"": ""best""}",10,1014,0.0,LLVM,random,2,Prop0.01,26,True
kNN,0.0551072394444288,"{""n_neighbors"": 7, ""p"": 1, ""weights"": ""distance""}",10,1014,0.0,LLVM,random,2,Prop0.01,26,True
KRR,0.03395691452417,"{""regressor__kernel"": ""rbf"", ""regressor__gamma"": 0.01, ""regressor__alpha"": 0.0001}",10,1014,0.0,LLVM,random,2,Prop0.01,26,True
MR,0.031010886608745,"{""lasso__regressor__alpha"": 0.001}",10,1014,0.01,LLVM,random,2,Prop0.01,26,True
RF,0.05112017944514,"{""max_features"": 1.0, ""min_samples_leaf"": 1, ""n_estimators"": 10}",10,1014,0.02,LLVM,random,2,Prop0.01,26,True
SVR,0.0526298760544761,"{""regressor__tol"": 0.3, ""regressor__shrinking"": false, ""regressor__epsilon"": 0.3, ""regressor__coef0"": 2.0, ""regressor__C"": 5.0}",10,1014,0.0,LLVM,random,2,Prop0.01,26,True
CART,0.0487545869312695,"{""max_features"": ""sqrt"", ""min_samples_leaf"": 2, ""splitter"": ""best""}",10,1014,0.0,LLVM,random,2,Prop0.01,27,True
kNN,0.0549481610245783,"{""n_neighbors"": 7, ""p"": 1, ""weights"": ""distance""}",10,1014,0.0,LLVM,random,2,Prop0.01,27,True
KRR,0.0431598151538531,"{""regressor__kernel"": ""rbf"", ""regressor__gamma"": 0.01, ""regressor__alpha"": 0.0001}",10,1014,0.0,LLVM,random,2,Prop0.01,27,True
MR,0.0426548582920494,"{""lasso__regressor__alpha"": 0.001}",10,1014,0.0,LLVM,random,2,Prop0.01,27,True
RF,0.0459116958573417,"{""max_features"": 1.0, ""min_samples_leaf"": 1, ""n_estimators"": 10}",10,1014,0.02,LLVM,random,2,Prop0.01,27,True
SVR,0.0529653122176202,"{""regressor__tol"": 0.3, ""regressor__shrinking"": false, ""regressor__epsilon"": 0.3, ""regressor__coef0"": 2.0, ""regressor__C"": 5.0}",10,1014,0.0,LLVM,random,2,Prop0.01,27,True
CART,0.0560953702080243,"{""max_features"": ""sqrt"", ""min_samples_leaf"": 2, ""splitter"": ""best""}",10,1014,0.0,LLVM,random,2,Prop0.01,28,True
kNN,0.0513601139663051,"{""n_neighbors"": 7, ""p"": 1, ""weights"": ""distance""}",10,1014,0.0,LLVM,random,2,Prop0.01,28,True
KRR,0.0567443598110594,"{""regressor__kernel"": ""rbf"", ""regressor__gamma"": 0.01, ""regressor__alpha"": 0.0001}",10,1014,0.0,LLVM,random,2,Prop0.01,28,True
MR,0.0385646090082161,"{""lasso__regressor__alpha"": 0.001}",10,1014,0.01,LLVM,random,2,Prop0.01,28,True
RF,0.0486471729080146,"{""max_features"": 1.0, ""min_samples_leaf"": 1, ""n_estimators"": 10}",10,1014,0.02,LLVM,random,2,Prop0.01,28,True
SVR,0.0475609401645761,"{""regressor__tol"": 0.3, ""regressor__shrinking"": false, ""regressor__epsilon"": 0.3, ""regressor__coef0"": 2.0, ""regressor__C"": 5.0}",10,1014,0.0,LLVM,random,2,Prop0.01,28,True
CART,0.0513020621767347,"{""max_features"": ""sqrt"", ""min_samples_leaf"": 2, ""splitter"": ""best""}",10,1014,0.0,LLVM,random,2,Prop0.01,29,True
kNN,0.0481972325127432,"{""n_neighbors"": 7, ""p"": 1, ""weights"": ""distance""}",10,1014,0.0,LLVM,random,2,Prop0.01,29,True
KRR,0.0318544638989813,"{""regressor__kernel"": ""rbf"", ""regressor__gamma"": 0.01, ""regressor__alpha"": 0.0001}",10,1014,0.0,LLVM,random,2,Prop0.01,29,True
MR,0.0392668440555399,"{""lasso__regressor__alpha"": 0.001}",10,1014,0.01,LLVM,random,2,Prop0.01,29,True
RF,0.0501094553925763,"{""max_features"": 1.0, ""min_samples_leaf"": 1, ""n_estimators"": 10}",10,1014,0.02,LLVM,random,2,Prop0.01,29,True
SVR,0.0476285061455383,"{""regressor__tol"": 0.3, ""regressor__shrinking"": false, ""regressor__epsilon"": 0.3, ""regressor__coef0"": 2.0, ""regressor__C"": 5.0}",10,1014,0.0,LLVM,random,2,Prop0.01,29,True
CART,0.0574256243500944,"{""max_features"": ""sqrt"", ""min_samples_leaf"": 2, ""splitter"": ""best""}",10,1014,0.0,LLVM,random,2,Prop0.01,30,True
kNN,0.0580492485182407,"{""n_neighbors"": 7, ""p"": 1, ""weights"": ""distance""}",10,1014,0.0,LLVM,random,2,Prop0.01,30,True
KRR,0.0435902209255745,"{""regressor__kernel"": ""rbf"", ""regressor__gamma"": 0.01, ""regressor__alpha"": 0.0001}",10,1014,0.0,LLVM,random,2,Prop0.01,30,True
MR,0.0370206931485258,"{""lasso__regressor__alpha"": 0.001}",10,1014,0.01,LLVM,random,2,Prop0.01,30,True
RF,0.0492292421202931,"{""max_features"": 1.0, ""min_samples_leaf"": 1, ""n_estimators"": 10}",10,1014,0.02,LLVM,random,2,Prop0.01,30,True
SVR,0.0557068586452758,"{""regressor__tol"": 0.3, ""regressor__shrinking"": false, ""regressor__epsilon"": 0.3, ""regressor__coef0"": 2.0, ""regressor__C"": 5.0}",10,1014,0.0,LLVM,random,2,Prop0.01,30,True
CART,0.0522704135457925,"{""max_features"": ""sqrt"", ""min_samples_leaf"": 2, ""splitter"": ""best""}",10,1014,0.0,LLVM,random,2,Prop0.01,31,True
kNN,0.0493302116301815,"{""n_neighbors"": 7, ""p"": 1, ""weights"": ""distance""}",10,1014,0.0,LLVM,random,2,Prop0.01,31,True
KRR,0.0410435814930956,"{""regressor__kernel"": ""rbf"", ""regressor__gamma"": 0.01, ""regressor__alpha"": 0.0001}",10,1014,0.0,LLVM,random,2,Prop0.01,31,True
MR,0.0362982285590886,"{""lasso__regressor__alpha"": 0.001}",10,1014,0.01,LLVM,random,2,Prop0.01,31,True
RF,0.0475204266792852,"{""max_features"": 1.0, ""min_samples_leaf"": 1, ""n_estimators"": 10}",10,1014,0.02,LLVM,random,2,Prop0.01,31,True
SVR,0.0471094180290315,"{""regressor__tol"": 0.3, ""regressor__shrinking"": false, ""regressor__epsilon"": 0.3, ""regressor__coef0"": 2.0, ""regressor__C"": 5.0}",10,1014,0.0,LLVM,random,2,Prop0.01,31,True
CART,0.0657217335461651,"{""max_features"": ""sqrt"", ""min_samples_leaf"": 2, ""splitter"": ""best""}",10,1014,0.0,LLVM,random,2,Prop0.01,32,True
kNN,0.0551983570680097,"{""n_neighbors"": 7, ""p"": 1, ""weights"": ""distance""}",10,1014,0.0,LLVM,random,2,Prop0.01,32,True
KRR,0.0744466356673437,"{""regressor__kernel"": ""rbf"", ""regressor__gamma"": 0.01, ""regressor__alpha"": 0.0001}",10,1014,0.0,LLVM,random,2,Prop0.01,32,True
MR,0.0534652738650339,"{""lasso__regressor__alpha"": 0.001}",10,1014,0.01,LLVM,random,2,Prop0.01,32,True
RF,0.0492728801063793,"{""max_features"": 1.0, ""min_samples_leaf"": 1, ""n_estimators"": 10}",10,1014,0.02,LLVM,random,2,Prop0.01,32,True
SVR,0.0519487387060692,"{""regressor__tol"": 0.3, ""regressor__shrinking"": false, ""regressor__epsilon"": 0.3, ""regressor__coef0"": 2.0, ""regressor__C"": 5.0}",10,1014,0.0,LLVM,random,2,Prop0.01,32,True
CART,0.0538616200762966,"{""max_features"": ""sqrt"", ""min_samples_leaf"": 2, ""splitter"": ""best""}",10,1014,0.0,LLVM,random,2,Prop0.01,33,True
kNN,0.0548474252616066,"{""n_neighbors"": 7, ""p"": 1, ""weights"": ""distance""}",10,1014,0.0,LLVM,random,2,Prop0.01,33,True
KRR,0.0433495350824841,"{""regressor__kernel"": ""rbf"", ""regressor__gamma"": 0.01, ""regressor__alpha"": 0.0001}",10,1014,0.0,LLVM,random,2,Prop0.01,33,True
MR,0.0425168617086949,"{""lasso__regressor__alpha"": 0.001}",10,1014,0.01,LLVM,random,2,Prop0.01,33,True
RF,0.0524089550019373,"{""max_features"": 1.0, ""min_samples_leaf"": 1, ""n_estimators"": 10}",10,1014,0.01,LLVM,random,2,Prop0.01,33,True
SVR,0.0531119856448821,"{""regressor__tol"": 0.3, ""regressor__shrinking"": false, ""regressor__epsilon"": 0.3, ""regressor__coef0"": 2.0, ""regressor__C"": 5.0}",10,1014,0.0,LLVM,random,2,Prop0.01,33,True
CART,0.0569951871294355,"{""max_features"": ""sqrt"", ""min_samples_leaf"": 2, ""splitter"": ""best""}",10,1014,0.0,LLVM,random,2,Prop0.01,34,True
kNN,0.0532575314414994,"{""n_neighbors"": 7, ""p"": 1, ""weights"": ""distance""}",10,1014,0.0,LLVM,random,2,Prop0.01,34,True
KRR,0.0441441477337439,"{""regressor__kernel"": ""rbf"", ""regressor__gamma"": 0.01, ""regressor__alpha"": 0.0001}",10,1014,0.0,LLVM,random,2,Prop0.01,34,True
MR,0.0427834381738337,"{""lasso__regressor__alpha"": 0.001}",10,1014,0.01,LLVM,random,2,Prop0.01,34,True
RF,0.0502943035012225,"{""max_features"": 1.0, ""min_samples_leaf"": 1, ""n_estimators"": 10}",10,1014,0.02,LLVM,random,2,Prop0.01,34,True
SVR,0.0516444170062481,"{""regressor__tol"": 0.3, ""regressor__shrinking"": false, ""regressor__epsilon"": 0.3, ""regressor__coef0"": 2.0, ""regressor__C"": 5.0}",10,1014,0.0,LLVM,random,2,Prop0.01,34,True
CART,0.0699914523619568,"{""max_features"": ""sqrt"", ""min_samples_leaf"": 2, ""splitter"": ""best""}",10,1014,0.0,LLVM,random,2,Prop0.01,35,True
kNN,0.0527539607729342,"{""n_neighbors"": 7, ""p"": 1, ""weights"": ""distance""}",10,1014,0.0,LLVM,random,2,Prop0.01,35,True
KRR,0.0405443562319647,"{""regressor__kernel"": ""rbf"", ""regressor__gamma"": 0.01, ""regressor__alpha"": 0.0001}",10,1014,0.0,LLVM,random,2,Prop0.01,35,True
MR,0.0465051923548119,"{""lasso__regressor__alpha"": 0.001}",10,1014,0.01,LLVM,random,2,Prop0.01,35,True
RF,0.0524671723880192,"{""max_features"": 1.0, ""min_samples_leaf"": 1, ""n_estimators"": 10}",10,1014,0.02,LLVM,random,2,Prop0.01,35,True
SVR,0.0526849808708326,"{""regressor__tol"": 0.3, ""regressor__shrinking"": false, ""regressor__epsilon"": 0.3, ""regressor__coef0"": 2.0, ""regressor__C"": 5.0}",10,1014,0.0,LLVM,random,2,Prop0.01,35,True
CART,0.0727386541687932,"{""max_features"": ""sqrt"", ""min_samples_leaf"": 2, ""splitter"": ""best""}",10,1014,0.0,LLVM,random,2,Prop0.01,36,True
kNN,0.050586960868555,"{""n_neighbors"": 7, ""p"": 1, ""weights"": ""distance""}",10,1014,0.0,LLVM,random,2,Prop0.01,36,True
KRR,0.0643598557404414,"{""regressor__kernel"": ""rbf"", ""regressor__gamma"": 0.01, ""regressor__alpha"": 0.0001}",10,1014,0.0,LLVM,random,2,Prop0.01,36,True
MR,0.0557449928164981,"{""lasso__regressor__alpha"": 0.001}",10,1014,0.01,LLVM,random,2,Prop0.01,36,True
RF,0.0383561089618927,"{""max_features"": 1.0, ""min_samples_leaf"": 1, ""n_estimators"": 10}",10,1014,0.02,LLVM,random,2,Prop0.01,36,True
SVR,0.0514427189336568,"{""regressor__tol"": 0.3, ""regressor__shrinking"": false, ""regressor__epsilon"": 0.3, ""regressor__coef0"": 2.0, ""regressor__C"": 5.0}",10,1014,0.0,LLVM,random,2,Prop0.01,36,True
CART,0.0676906235030237,"{""max_features"": ""sqrt"", ""min_samples_leaf"": 2, ""splitter"": ""best""}",10,1014,0.0,LLVM,random,2,Prop0.01,37,True
kNN,0.0560975055970623,"{""n_neighbors"": 7, ""p"": 1, ""weights"": ""distance""}",10,1014,0.0,LLVM,random,2,Prop0.01,37,True
KRR,0.0436201259929534,"{""regressor__kernel"": ""rbf"", ""regressor__gamma"": 0.01, ""regressor__alpha"": 0.0001}",10,1014,0.0,LLVM,random,2,Prop0.01,37,True
MR,0.0418553157022163,"{""lasso__regressor__alpha"": 0.001}",10,1014,0.01,LLVM,random,2,Prop0.01,37,True
RF,0.055752454247282,"{""max_features"": 1.0, ""min_samples_leaf"": 1, ""n_estimators"": 10}",10,1014,0.02,LLVM,random,2,Prop0.01,37,True
SVR,0.055523732165028,"{""regressor__tol"": 0.3, ""regressor__shrinking"": false, ""regressor__epsilon"": 0.3, ""regressor__coef0"": 2.0, ""regressor__C"": 5.0}",10,1014,0.0,LLVM,random,2,Prop0.01,37,True
CART,0.0596601512428573,"{""max_features"": ""sqrt"", ""min_samples_leaf"": 2, ""splitter"": ""best""}",10,1014,0.0,LLVM,random,2,Prop0.01,38,True
kNN,0.0550830260477072,"{""n_neighbors"": 7, ""p"": 1, ""weights"": ""distance""}",10,1014,0.0,LLVM,random,2,Prop0.01,38,True
KRR,0.0522673916680558,"{""regressor__kernel"": ""rbf"", ""regressor__gamma"": 0.01, ""regressor__alpha"": 0.0001}",10,1014,0.0,LLVM,random,2,Prop0.01,38,True
MR,0.0424718410515686,"{""lasso__regressor__alpha"": 0.001}",10,1014,0.01,LLVM,random,2,Prop0.01,38,True
RF,0.0438360188813126,"{""max_features"": 1.0, ""min_samples_leaf"": 1, ""n_estimators"": 10}",10,1014,0.02,LLVM,random,2,Prop0.01,38,True
SVR,0.0530029045235476,"{""regressor__tol"": 0.3, ""regressor__shrinking"": false, ""regressor__epsilon"": 0.3, ""regressor__coef0"": 2.0, ""regressor__C"": 5.0}",10,1014,0.0,LLVM,random,2,Prop0.01,38,True
CART,0.0609615136594985,"{""max_features"": ""sqrt"", ""min_samples_leaf"": 2, ""splitter"": ""best""}",10,1014,0.0,LLVM,random,2,Prop0.01,39,True
kNN,0.0502039414660984,"{""n_neighbors"": 7, ""p"": 1, ""weights"": ""distance""}",10,1014,0.0,LLVM,random,2,Prop0.01,39,True
KRR,0.0403402193422699,"{""regressor__kernel"": ""rbf"", ""regressor__gamma"": 0.01, ""regressor__alpha"": 0.0001}",10,1014,0.0,LLVM,random,2,Prop0.01,39,True
MR,0.0412803906173553,"{""lasso__regressor__alpha"": 0.001}",10,1014,0.01,LLVM,random,2,Prop0.01,39,True
RF,0.0666700066975361,"{""max_features"": 1.0, ""min_samples_leaf"": 1, ""n_estimators"": 10}",10,1014,0.02,LLVM,random,2,Prop0.01,39,True
SVR,0.0524997083309575,"{""regressor__tol"": 0.3, ""regressor__shrinking"": false, ""regressor__epsilon"": 0.3, ""regressor__coef0"": 2.0, ""regressor__C"": 5.0}",10,1014,0.0,LLVM,random,2,Prop0.01,39,True
CART,0.0553178122032683,"{""max_features"": ""sqrt"", ""min_samples_leaf"": 2, ""splitter"": ""best""}",10,1014,0.0,LLVM,random,2,Prop0.01,40,True
kNN,0.0487521595649539,"{""n_neighbors"": 7, ""p"": 1, ""weights"": ""distance""}",10,1014,0.0,LLVM,random,2,Prop0.01,40,True
KRR,0.034047497153326,"{""regressor__kernel"": ""rbf"", ""regressor__gamma"": 0.01, ""regressor__alpha"": 0.0001}",10,1014,0.0,LLVM,random,2,Prop0.01,40,True
MR,0.0360183408983119,"{""lasso__regressor__alpha"": 0.001}",10,1014,0.01,LLVM,random,2,Prop0.01,40,True
RF,0.0443019887118323,"{""max_features"": 1.0, ""min_samples_leaf"": 1, ""n_estimators"": 10}",10,1014,0.02,LLVM,random,2,Prop0.01,40,True
SVR,0.0494916968180056,"{""regressor__tol"": 0.3, ""regressor__shrinking"": false, ""regressor__epsilon"": 0.3, ""regressor__coef0"": 2.0, ""regressor__C"": 5.0}",10,1014,0.0,LLVM,random,2,Prop0.01,40,True
CART,0.0711205244469812,"{""max_features"": ""sqrt"", ""min_samples_leaf"": 2, ""splitter"": ""best""}",10,1014,0.0,LLVM,random,2,Prop0.01,41,True
kNN,0.0615946986242427,"{""n_neighbors"": 7, ""p"": 1, ""weights"": ""distance""}",10,1014,0.0,LLVM,random,2,Prop0.01,41,True
KRR,0.0403084133914528,"{""regressor__kernel"": ""rbf"", ""regressor__gamma"": 0.01, ""regressor__alpha"": 0.0001}",10,1014,0.0,LLVM,random,2,Prop0.01,41,True
MR,0.0525876296153403,"{""lasso__regressor__alpha"": 0.001}",10,1014,0.01,LLVM,random,2,Prop0.01,41,True
RF,0.0578727298437495,"{""max_features"": 1.0, ""min_samples_leaf"": 1, ""n_estimators"": 10}",10,1014,0.02,LLVM,random,2,Prop0.01,41,True
SVR,0.0606618211442359,"{""regressor__tol"": 0.3, ""regressor__shrinking"": false, ""regressor__epsilon"": 0.3, ""regressor__coef0"": 2.0, ""regressor__C"": 5.0}",10,1014,0.0,LLVM,random,2,Prop0.01,41,True
CART,0.0470239038787231,"{""max_features"": ""sqrt"", ""min_samples_leaf"": 2, ""splitter"": ""best""}",10,1014,0.0,LLVM,random,2,Prop0.01,42,True
kNN,0.05127127198403,"{""n_neighbors"": 7, ""p"": 1, ""weights"": ""distance""}",10,1014,0.0,LLVM,random,2,Prop0.01,42,True
KRR,0.0343350623979326,"{""regressor__kernel"": ""rbf"", ""regressor__gamma"": 0.01, ""regressor__alpha"": 0.0001}",10,1014,0.0,LLVM,random,2,Prop0.01,42,True
MR,0.0500029489060329,"{""lasso__regressor__alpha"": 0.001}",10,1014,0.01,LLVM,random,2,Prop0.01,42,True
RF,0.044513860138364,"{""max_features"": 1.0, ""min_samples_leaf"": 1, ""n_estimators"": 10}",10,1014,0.02,LLVM,random,2,Prop0.01,42,True
SVR,0.0524623754368366,"{""regressor__tol"": 0.3, ""regressor__shrinking"": false, ""regressor__epsilon"": 0.3, ""regressor__coef0"": 2.0, ""regressor__C"": 5.0}",10,1014,0.0,LLVM,random,2,Prop0.01,42,True
CART,0.0590738736193902,"{""max_features"": ""sqrt"", ""min_samples_leaf"": 2, ""splitter"": ""best""}",10,1014,0.0,LLVM,random,2,Prop0.01,43,True
kNN,0.0555764039795367,"{""n_neighbors"": 7, ""p"": 1, ""weights"": ""distance""}",10,1014,0.0,LLVM,random,2,Prop0.01,43,True
KRR,0.0468074902541897,"{""regressor__kernel"": ""rbf"", ""regressor__gamma"": 0.01, ""regressor__alpha"": 0.0001}",10,1014,0.0,LLVM,random,2,Prop0.01,43,True
MR,0.0364560611508563,"{""lasso__regressor__alpha"": 0.001}",10,1014,0.01,LLVM,random,2,Prop0.01,43,True
RF,0.0508425188849351,"{""max_features"": 1.0, ""min_samples_leaf"": 1, ""n_estimators"": 10}",10,1014,0.02,LLVM,random,2,Prop0.01,43,True
SVR,0.0600046309628634,"{""regressor__tol"": 0.3, ""regressor__shrinking"": false, ""regressor__epsilon"": 0.3, ""regressor__coef0"": 2.0, ""regressor__C"": 5.0}",10,1014,0.0,LLVM,random,2,Prop0.01,43,True
CART,0.0645355580728189,"{""max_features"": ""sqrt"", ""min_samples_leaf"": 2, ""splitter"": ""best""}",10,1014,0.0,LLVM,random,2,Prop0.01,44,True
kNN,0.0500695444775614,"{""n_neighbors"": 7, ""p"": 1, ""weights"": ""distance""}",10,1014,0.0,LLVM,random,2,Prop0.01,44,True
KRR,0.0524891090661314,"{""regressor__kernel"": ""rbf"", ""regressor__gamma"": 0.01, ""regressor__alpha"": 0.0001}",10,1014,0.0,LLVM,random,2,Prop0.01,44,True
MR,0.0501657356264441,"{""lasso__regressor__alpha"": 0.001}",10,1014,0.01,LLVM,random,2,Prop0.01,44,True
RF,0.0422040664612754,"{""max_features"": 1.0, ""min_samples_leaf"": 1, ""n_estimators"": 10}",10,1014,0.02,LLVM,random,2,Prop0.01,44,True
SVR,0.0493437574016791,"{""regressor__tol"": 0.3, ""regressor__shrinking"": false, ""regressor__epsilon"": 0.3, ""regressor__coef0"": 2.0, ""regressor__C"": 5.0}",10,1014,0.0,LLVM,random,2,Prop0.01,44,True
CART,0.0604605781763313,"{""max_features"": ""sqrt"", ""min_samples_leaf"": 2, ""splitter"": ""best""}",10,1014,0.0,LLVM,random,2,Prop0.01,45,True
kNN,0.0546098633703361,"{""n_neighbors"": 7, ""p"": 1, ""weights"": ""distance""}",10,1014,0.0,LLVM,random,2,Prop0.01,45,True
KRR,0.0589866347295006,"{""regressor__kernel"": ""rbf"", ""regressor__gamma"": 0.01, ""regressor__alpha"": 0.0001}",10,1014,0.0,LLVM,random,2,Prop0.01,45,True
MR,0.0447450607423396,"{""lasso__regressor__alpha"": 0.001}",10,1014,0.01,LLVM,random,2,Prop0.01,45,True
RF,0.0407810447846053,"{""max_features"": 1.0, ""min_samples_leaf"": 1, ""n_estimators"": 10}",10,1014,0.02,LLVM,random,2,Prop0.01,45,True
SVR,0.0514595564185723,"{""regressor__tol"": 0.3, ""regressor__shrinking"": false, ""regressor__epsilon"": 0.3, ""regressor__coef0"": 2.0, ""regressor__C"": 5.0}",10,1014,0.0,LLVM,random,2,Prop0.01,45,True
CART,0.0759344796391651,"{""max_features"": ""sqrt"", ""min_samples_leaf"": 2, ""splitter"": ""best""}",10,1014,0.0,LLVM,random,2,Prop0.01,46,True
kNN,0.0486968243949018,"{""n_neighbors"": 7, ""p"": 1, ""weights"": ""distance""}",10,1014,0.0,LLVM,random,2,Prop0.01,46,True
KRR,0.0580540281767897,"{""regressor__kernel"": ""rbf"", ""regressor__gamma"": 0.01, ""regressor__alpha"": 0.0001}",10,1014,0.0,LLVM,random,2,Prop0.01,46,True
MR,0.036035422799268,"{""lasso__regressor__alpha"": 0.001}",10,1014,0.01,LLVM,random,2,Prop0.01,46,True
RF,0.0527441084725059,"{""max_features"": 1.0, ""min_samples_leaf"": 1, ""n_estimators"": 10}",10,1014,0.02,LLVM,random,2,Prop0.01,46,True
SVR,0.0451416755743823,"{""regressor__tol"": 0.3, ""regressor__shrinking"": false, ""regressor__epsilon"": 0.3, ""regressor__coef0"": 2.0, ""regressor__C"": 5.0}",10,1014,0.0,LLVM,random,2,Prop0.01,46,True
CART,0.0510072627165927,"{""max_features"": ""sqrt"", ""min_samples_leaf"": 2, ""splitter"": ""best""}",10,1014,0.0,LLVM,random,2,Prop0.01,47,True
kNN,0.0551106781042128,"{""n_neighbors"": 7, ""p"": 1, ""weights"": ""distance""}",10,1014,0.0,LLVM,random,2,Prop0.01,47,True
KRR,0.048639483900525,"{""regressor__kernel"": ""rbf"", ""regressor__gamma"": 0.01, ""regressor__alpha"": 0.0001}",10,1014,0.0,LLVM,random,2,Prop0.01,47,True
MR,0.0402079964489258,"{""lasso__regressor__alpha"": 0.001}",10,1014,0.01,LLVM,random,2,Prop0.01,47,True
RF,0.0509602297690981,"{""max_features"": 1.0, ""min_samples_leaf"": 1, ""n_estimators"": 10}",10,1014,0.02,LLVM,random,2,Prop0.01,47,True
SVR,0.0546111457031627,"{""regressor__tol"": 0.3, ""regressor__shrinking"": false, ""regressor__epsilon"": 0.3, ""regressor__coef0"": 2.0, ""regressor__C"": 5.0}",10,1014,0.0,LLVM,random,2,Prop0.01,47,True
CART,0.0737990216945872,"{""max_features"": ""sqrt"", ""min_samples_leaf"": 2, ""splitter"": ""best""}",10,1014,0.0,LLVM,random,2,Prop0.01,48,True
kNN,0.0607021933479298,"{""n_neighbors"": 7, ""p"": 1, ""weights"": ""distance""}",10,1014,0.0,LLVM,random,2,Prop0.01,48,True
KRR,0.0427167325555133,"{""regressor__kernel"": ""rbf"", ""regressor__gamma"": 0.01, ""regressor__alpha"": 0.0001}",10,1014,0.0,LLVM,random,2,Prop0.01,48,True
MR,0.0468497431975528,"{""lasso__regressor__alpha"": 0.001}",10,1014,0.01,LLVM,random,2,Prop0.01,48,True
RF,0.055790238323423,"{""max_features"": 1.0, ""min_samples_leaf"": 1, ""n_estimators"": 10}",10,1014,0.02,LLVM,random,2,Prop0.01,48,True
SVR,0.0596476368512903,"{""regressor__tol"": 0.3, ""regressor__shrinking"": false, ""regressor__epsilon"": 0.3, ""regressor__coef0"": 2.0, ""regressor__C"": 5.0}",10,1014,0.0,LLVM,random,2,Prop0.01,48,True
CART,0.0495256575977423,"{""max_features"": ""sqrt"", ""min_samples_leaf"": 2, ""splitter"": ""best""}",10,1014,0.0,LLVM,random,2,Prop0.01,49,True
kNN,0.0465972782891763,"{""n_neighbors"": 7, ""p"": 1, ""weights"": ""distance""}",10,1014,0.0,LLVM,random,2,Prop0.01,49,True
KRR,0.0431610929716744,"{""regressor__kernel"": ""rbf"", ""regressor__gamma"": 0.01, ""regressor__alpha"": 0.0001}",10,1014,0.0,LLVM,random,2,Prop0.01,49,True
MR,0.0324393019111073,"{""lasso__regressor__alpha"": 0.001}",10,1014,0.01,LLVM,random,2,Prop0.01,49,True
RF,0.0414817955045323,"{""max_features"": 1.0, ""min_samples_leaf"": 1, ""n_estimators"": 10}",10,1014,0.02,LLVM,random,2,Prop0.01,49,True
SVR,0.0446966201278398,"{""regressor__tol"": 0.3, ""regressor__shrinking"": false, ""regressor__epsilon"": 0.3, ""regressor__coef0"": 2.0, ""regressor__C"": 5.0}",10,1014,0.0,LLVM,random,2,Prop0.01,49,True
CART,0.0569109601661926,"{""max_features"": ""sqrt"", ""min_samples_leaf"": 2, ""splitter"": ""best""}",10,1014,0.0,LLVM,random,2,Prop0.01,50,True
kNN,0.0529199333700975,"{""n_neighbors"": 7, ""p"": 1, ""weights"": ""distance""}",10,1014,0.0,LLVM,random,2,Prop0.01,50,True
KRR,0.028215693491957,"{""regressor__kernel"": ""rbf"", ""regressor__gamma"": 0.01, ""regressor__alpha"": 0.0001}",10,1014,0.0,LLVM,random,2,Prop0.01,50,True
MR,0.0388967333074004,"{""lasso__regressor__alpha"": 0.001}",10,1014,0.0,LLVM,random,2,Prop0.01,50,True
RF,0.0441491391835232,"{""max_features"": 1.0, ""min_samples_leaf"": 1, ""n_estimators"": 10}",10,1014,0.02,LLVM,random,2,Prop0.01,50,True
SVR,0.0508679188657168,"{""regressor__tol"": 0.3, ""regressor__shrinking"": false, ""regressor__epsilon"": 0.3, ""regressor__coef0"": 2.0, ""regressor__C"": 5.0}",10,1014,0.0,LLVM,random,2,Prop0.01,50,True
CART,0.063782460887625,"{""max_features"": ""sqrt"", ""min_samples_leaf"": 2, ""splitter"": ""best""}",10,1014,0.0,LLVM,random,2,Prop0.01,51,True
kNN,0.0438793864032602,"{""n_neighbors"": 7, ""p"": 1, ""weights"": ""distance""}",10,1014,0.0,LLVM,random,2,Prop0.01,51,True
KRR,0.0318639344845509,"{""regressor__kernel"": ""rbf"", ""regressor__gamma"": 0.01, ""regressor__alpha"": 0.0001}",10,1014,0.0,LLVM,random,2,Prop0.01,51,True
MR,0.0255018038056974,"{""lasso__regressor__alpha"": 0.001}",10,1014,0.01,LLVM,random,2,Prop0.01,51,True
RF,0.0488791021959874,"{""max_features"": 1.0, ""min_samples_leaf"": 1, ""n_estimators"": 10}",10,1014,0.02,LLVM,random,2,Prop0.01,51,True
SVR,0.0448384392646315,"{""regressor__tol"": 0.3, ""regressor__shrinking"": false, ""regressor__epsilon"": 0.3, ""regressor__coef0"": 2.0, ""regressor__C"": 5.0}",10,1014,0.0,LLVM,random,2,Prop0.01,51,True
CART,0.0560548404507882,"{""max_features"": ""sqrt"", ""min_samples_leaf"": 2, ""splitter"": ""best""}",10,1014,0.0,LLVM,random,2,Prop0.01,52,True
kNN,0.0441644988426354,"{""n_neighbors"": 7, ""p"": 1, ""weights"": ""distance""}",10,1014,0.0,LLVM,random,2,Prop0.01,52,True
KRR,0.0398584649949716,"{""regressor__kernel"": ""rbf"", ""regressor__gamma"": 0.01, ""regressor__alpha"": 0.0001}",10,1014,0.0,LLVM,random,2,Prop0.01,52,True
MR,0.0387866159058746,"{""lasso__regressor__alpha"": 0.001}",10,1014,0.01,LLVM,random,2,Prop0.01,52,True
RF,0.0432006624482547,"{""max_features"": 1.0, ""min_samples_leaf"": 1, ""n_estimators"": 10}",10,1014,0.01,LLVM,random,2,Prop0.01,52,True
SVR,0.0450739134549909,"{""regressor__tol"": 0.3, ""regressor__shrinking"": false, ""regressor__epsilon"": 0.3, ""regressor__coef0"": 2.0, ""regressor__C"": 5.0}",10,1014,0.0,LLVM,random,2,Prop0.01,52,True
CART,0.0477596606905843,"{""max_features"": ""sqrt"", ""min_samples_leaf"": 2, ""splitter"": ""best""}",10,1014,0.0,LLVM,random,2,Prop0.01,53,True
kNN,0.0624418060923446,"{""n_neighbors"": 7, ""p"": 1, ""weights"": ""distance""}",10,1014,0.0,LLVM,random,2,Prop0.01,53,True
KRR,0.0774046823028945,"{""regressor__kernel"": ""rbf"", ""regressor__gamma"": 0.01, ""regressor__alpha"": 0.0001}",10,1014,0.0,LLVM,random,2,Prop0.01,53,True
MR,0.0388211862477176,"{""lasso__regressor__alpha"": 0.001}",10,1014,0.01,LLVM,random,2,Prop0.01,53,True
RF,0.049669635922352,"{""max_features"": 1.0, ""min_samples_leaf"": 1, ""n_estimators"": 10}",10,1014,0.02,LLVM,random,2,Prop0.01,53,True
SVR,0.05407466250647,"{""regressor__tol"": 0.3, ""regressor__shrinking"": false, ""regressor__epsilon"": 0.3, ""regressor__coef0"": 2.0, ""regressor__C"": 5.0}",10,1014,0.0,LLVM,random,2,Prop0.01,53,True
CART,0.0713830248461353,"{""max_features"": ""sqrt"", ""min_samples_leaf"": 2, ""splitter"": ""best""}",10,1014,0.0,LLVM,random,2,Prop0.01,54,True
kNN,0.054109692154881,"{""n_neighbors"": 7, ""p"": 1, ""weights"": ""distance""}",10,1014,0.0,LLVM,random,2,Prop0.01,54,True
KRR,0.0479654400891812,"{""regressor__kernel"": ""rbf"", ""regressor__gamma"": 0.01, ""regressor__alpha"": 0.0001}",10,1014,0.0,LLVM,random,2,Prop0.01,54,True
MR,0.0393115365012385,"{""lasso__regressor__alpha"": 0.001}",10,1014,0.01,LLVM,random,2,Prop0.01,54,True
RF,0.0501808948026687,"{""max_features"": 1.0, ""min_samples_leaf"": 1, ""n_estimators"": 10}",10,1014,0.02,LLVM,random,2,Prop0.01,54,True
SVR,0.0531326581221225,"{""regressor__tol"": 0.3, ""regressor__shrinking"": false, ""regressor__epsilon"": 0.3, ""regressor__coef0"": 2.0, ""regressor__C"": 5.0}",10,1014,0.0,LLVM,random,2,Prop0.01,54,True
CART,0.0680750377291305,"{""max_features"": ""sqrt"", ""min_samples_leaf"": 2, ""splitter"": ""best""}",10,1014,0.0,LLVM,random,2,Prop0.01,55,True
kNN,0.0507942204134944,"{""n_neighbors"": 7, ""p"": 1, ""weights"": ""distance""}",10,1014,0.0,LLVM,random,2,Prop0.01,55,True
KRR,0.0625486076569773,"{""regressor__kernel"": ""rbf"", ""regressor__gamma"": 0.01, ""regressor__alpha"": 0.0001}",10,1014,0.0,LLVM,random,2,Prop0.01,55,True
MR,0.0496059889691266,"{""lasso__regressor__alpha"": 0.001}",10,1014,0.01,LLVM,random,2,Prop0.01,55,True
RF,0.0570022270914645,"{""max_features"": 1.0, ""min_samples_leaf"": 1, ""n_estimators"": 10}",10,1014,0.02,LLVM,random,2,Prop0.01,55,True
SVR,0.0513687342992868,"{""regressor__tol"": 0.3, ""regressor__shrinking"": false, ""regressor__epsilon"": 0.3, ""regressor__coef0"": 2.0, ""regressor__C"": 5.0}",10,1014,0.0,LLVM,random,2,Prop0.01,55,True
CART,0.0453481914837156,"{""max_features"": ""sqrt"", ""min_samples_leaf"": 2, ""splitter"": ""best""}",10,1014,0.0,LLVM,random,2,Prop0.01,56,True
kNN,0.0463767410354489,"{""n_neighbors"": 7, ""p"": 1, ""weights"": ""distance""}",10,1014,0.0,LLVM,random,2,Prop0.01,56,True
KRR,0.0575416198991403,"{""regressor__kernel"": ""rbf"", ""regressor__gamma"": 0.01, ""regressor__alpha"": 0.0001}",10,1014,0.0,LLVM,random,2,Prop0.01,56,True
MR,0.0316451708734097,"{""lasso__regressor__alpha"": 0.001}",10,1014,0.01,LLVM,random,2,Prop0.01,56,True
RF,0.0428188021079476,"{""max_features"": 1.0, ""min_samples_leaf"": 1, ""n_estimators"": 10}",10,1014,0.02,LLVM,random,2,Prop0.01,56,True
SVR,0.0460367888196672,"{""regressor__tol"": 0.3, ""regressor__shrinking"": false, ""regressor__epsilon"": 0.3, ""regressor__coef0"": 2.0, ""regressor__C"": 5.0}",10,1014,0.0,LLVM,random,2,Prop0.01,56,True
CART,0.083871540054538,"{""max_features"": ""sqrt"", ""min_samples_leaf"": 2, ""splitter"": ""best""}",10,1014,0.0,LLVM,random,2,Prop0.01,57,True
kNN,0.0509873384240678,"{""n_neighbors"": 7, ""p"": 1, ""weights"": ""distance""}",10,1014,0.0,LLVM,random,2,Prop0.01,57,True
KRR,0.057238491099821,"{""regressor__kernel"": ""rbf"", ""regressor__gamma"": 0.01, ""regressor__alpha"": 0.0001}",10,1014,0.0,LLVM,random,2,Prop0.01,57,True
MR,0.0553755552256473,"{""lasso__regressor__alpha"": 0.001}",10,1014,0.01,LLVM,random,2,Prop0.01,57,True
RF,0.0563643595318981,"{""max_features"": 1.0, ""min_samples_leaf"": 1, ""n_estimators"": 10}",10,1014,0.02,LLVM,random,2,Prop0.01,57,True
SVR,0.049769898946906,"{""regressor__tol"": 0.3, ""regressor__shrinking"": false, ""regressor__epsilon"": 0.3, ""regressor__coef0"": 2.0, ""regressor__C"": 5.0}",10,1014,0.0,LLVM,random,2,Prop0.01,57,True
CART,0.0536771824860651,"{""max_features"": ""sqrt"", ""min_samples_leaf"": 2, ""splitter"": ""best""}",10,1014,0.0,LLVM,random,2,Prop0.01,58,True
kNN,0.0574680370840356,"{""n_neighbors"": 7, ""p"": 1, ""weights"": ""distance""}",10,1014,0.0,LLVM,random,2,Prop0.01,58,True
KRR,0.0257124582307683,"{""regressor__kernel"": ""rbf"", ""regressor__gamma"": 0.01, ""regressor__alpha"": 0.0001}",10,1014,0.0,LLVM,random,2,Prop0.01,58,True
MR,0.0320990767218864,"{""lasso__regressor__alpha"": 0.001}",10,1014,0.01,LLVM,random,2,Prop0.01,58,True
RF,0.0477014752846253,"{""max_features"": 1.0, ""min_samples_leaf"": 1, ""n_estimators"": 10}",10,1014,0.02,LLVM,random,2,Prop0.01,58,True
SVR,0.0539052719588386,"{""regressor__tol"": 0.3, ""regressor__shrinking"": false, ""regressor__epsilon"": 0.3, ""regressor__coef0"": 2.0, ""regressor__C"": 5.0}",10,1014,0.0,LLVM,random,2,Prop0.01,58,True
CART,0.0455869001685566,"{""max_features"": ""sqrt"", ""min_samples_leaf"": 2, ""splitter"": ""best""}",10,1014,0.0,LLVM,random,2,Prop0.01,59,True
kNN,0.051454174087772,"{""n_neighbors"": 7, ""p"": 1, ""weights"": ""distance""}",10,1014,0.0,LLVM,random,2,Prop0.01,59,True
KRR,0.0610026012709153,"{""regressor__kernel"": ""rbf"", ""regressor__gamma"": 0.01, ""regressor__alpha"": 0.0001}",10,1014,0.0,LLVM,random,2,Prop0.01,59,True
MR,0.0485906286383828,"{""lasso__regressor__alpha"": 0.001}",10,1014,0.01,LLVM,random,2,Prop0.01,59,True
RF,0.0536232958080203,"{""max_features"": 1.0, ""min_samples_leaf"": 1, ""n_estimators"": 10}",10,1014,0.02,LLVM,random,2,Prop0.01,59,True
SVR,0.0498587512148837,"{""regressor__tol"": 0.3, ""regressor__shrinking"": false, ""regressor__epsilon"": 0.3, ""regressor__coef0"": 2.0, ""regressor__C"": 5.0}",10,1014,0.0,LLVM,random,2,Prop0.01,59,True
CART,0.0453016823939001,"{""max_features"": ""sqrt"", ""min_samples_leaf"": 2, ""splitter"": ""best""}",10,1014,0.0,LLVM,random,2,Prop0.01,60,True
kNN,0.0578035128234569,"{""n_neighbors"": 7, ""p"": 1, ""weights"": ""distance""}",10,1014,0.0,LLVM,random,2,Prop0.01,60,True
KRR,0.0427807185908643,"{""regressor__kernel"": ""rbf"", ""regressor__gamma"": 0.01, ""regressor__alpha"": 0.0001}",10,1014,0.0,LLVM,random,2,Prop0.01,60,True
MR,0.0330355836974061,"{""lasso__regressor__alpha"": 0.001}",10,1014,0.01,LLVM,random,2,Prop0.01,60,True
RF,0.0418608374934474,"{""max_features"": 1.0, ""min_samples_leaf"": 1, ""n_estimators"": 10}",10,1014,0.02,LLVM,random,2,Prop0.01,60,True
SVR,0.0547417181328279,"{""regressor__tol"": 0.3, ""regressor__shrinking"": false, ""regressor__epsilon"": 0.3, ""regressor__coef0"": 2.0, ""regressor__C"": 5.0}",10,1014,0.0,LLVM,random,2,Prop0.01,60,True
CART,0.0659287987956692,"{""max_features"": ""sqrt"", ""min_samples_leaf"": 2, ""splitter"": ""best""}",10,1014,0.0,LLVM,random,2,Prop0.01,61,True
kNN,0.0520935251100917,"{""n_neighbors"": 7, ""p"": 1, ""weights"": ""distance""}",10,1014,0.0,LLVM,random,2,Prop0.01,61,True
KRR,0.0314743691636543,"{""regressor__kernel"": ""rbf"", ""regressor__gamma"": 0.01, ""regressor__alpha"": 0.0001}",10,1014,0.0,LLVM,random,2,Prop0.01,61,True
MR,0.0430469970131371,"{""lasso__regressor__alpha"": 0.001}",10,1014,0.01,LLVM,random,2,Prop0.01,61,True
RF,0.0500179731324846,"{""max_features"": 1.0, ""min_samples_leaf"": 1, ""n_estimators"": 10}",10,1014,0.02,LLVM,random,2,Prop0.01,61,True
SVR,0.0495882481757049,"{""regressor__tol"": 0.3, ""regressor__shrinking"": false, ""regressor__epsilon"": 0.3, ""regressor__coef0"": 2.0, ""regressor__C"": 5.0}",10,1014,0.0,LLVM,random,2,Prop0.01,61,True
CART,0.0790992125209987,"{""max_features"": ""sqrt"", ""min_samples_leaf"": 2, ""splitter"": ""best""}",10,1014,0.0,LLVM,random,2,Prop0.01,62,True
kNN,0.0824326683291352,"{""n_neighbors"": 7, ""p"": 1, ""weights"": ""distance""}",10,1014,0.0,LLVM,random,2,Prop0.01,62,True
KRR,0.1038391725400835,"{""regressor__kernel"": ""rbf"", ""regressor__gamma"": 0.01, ""regressor__alpha"": 0.0001}",10,1014,0.0,LLVM,random,2,Prop0.01,62,True
MR,0.0635484143221834,"{""lasso__regressor__alpha"": 0.001}",10,1014,0.01,LLVM,random,2,Prop0.01,62,True
RF,0.0552701561567099,"{""max_features"": 1.0, ""min_samples_leaf"": 1, ""n_estimators"": 10}",10,1014,0.01,LLVM,random,2,Prop0.01,62,True
SVR,0.0722074689423587,"{""regressor__tol"": 0.3, ""regressor__shrinking"": false, ""regressor__epsilon"": 0.3, ""regressor__coef0"": 2.0, ""regressor__C"": 5.0}",10,1014,0.0,LLVM,random,2,Prop0.01,62,True
CART,0.0604629738901772,"{""max_features"": ""sqrt"", ""min_samples_leaf"": 2, ""splitter"": ""best""}",10,1014,0.0,LLVM,random,2,Prop0.01,63,True
kNN,0.0541690221134442,"{""n_neighbors"": 7, ""p"": 1, ""weights"": ""distance""}",10,1014,0.0,LLVM,random,2,Prop0.01,63,True
KRR,0.032911786363708,"{""regressor__kernel"": ""rbf"", ""regressor__gamma"": 0.01, ""regressor__alpha"": 0.0001}",10,1014,0.0,LLVM,random,2,Prop0.01,63,True
MR,0.0470653487717014,"{""lasso__regressor__alpha"": 0.001}",10,1014,0.01,LLVM,random,2,Prop0.01,63,True
RF,0.0525912723799462,"{""max_features"": 1.0, ""min_samples_leaf"": 1, ""n_estimators"": 10}",10,1014,0.02,LLVM,random,2,Prop0.01,63,True
SVR,0.0523209540131646,"{""regressor__tol"": 0.3, ""regressor__shrinking"": false, ""regressor__epsilon"": 0.3, ""regressor__coef0"": 2.0, ""regressor__C"": 5.0}",10,1014,0.0,LLVM,random,2,Prop0.01,63,True
CART,0.053290874058507,"{""max_features"": ""sqrt"", ""min_samples_leaf"": 2, ""splitter"": ""best""}",10,1014,0.0,LLVM,random,2,Prop0.01,64,True
kNN,0.0468641190230329,"{""n_neighbors"": 7, ""p"": 1, ""weights"": ""distance""}",10,1014,0.0,LLVM,random,2,Prop0.01,64,True
KRR,0.0436596943979963,"{""regressor__kernel"": ""rbf"", ""regressor__gamma"": 0.01, ""regressor__alpha"": 0.0001}",10,1014,0.0,LLVM,random,2,Prop0.01,64,True
MR,0.0308648609164364,"{""lasso__regressor__alpha"": 0.001}",10,1014,0.01,LLVM,random,2,Prop0.01,64,True
RF,0.0439325597731227,"{""max_features"": 1.0, ""min_samples_leaf"": 1, ""n_estimators"": 10}",10,1014,0.02,LLVM,random,2,Prop0.01,64,True
SVR,0.048181416812516,"{""regressor__tol"": 0.3, ""regressor__shrinking"": false, ""regressor__epsilon"": 0.3, ""regressor__coef0"": 2.0, ""regressor__C"": 5.0}",10,1014,0.0,LLVM,random,2,Prop0.01,64,True
CART,0.0563024031694959,"{""max_features"": ""sqrt"", ""min_samples_leaf"": 2, ""splitter"": ""best""}",10,1014,0.0,LLVM,random,2,Prop0.01,65,True
kNN,0.060248583862376,"{""n_neighbors"": 7, ""p"": 1, ""weights"": ""distance""}",10,1014,0.0,LLVM,random,2,Prop0.01,65,True
KRR,0.0793278880574238,"{""regressor__kernel"": ""rbf"", ""regressor__gamma"": 0.01, ""regressor__alpha"": 0.0001}",10,1014,0.0,LLVM,random,2,Prop0.01,65,True
MR,0.0581625167063177,"{""lasso__regressor__alpha"": 0.001}",10,1014,0.01,LLVM,random,2,Prop0.01,65,True
RF,0.0614668049632904,"{""max_features"": 1.0, ""min_samples_leaf"": 1, ""n_estimators"": 10}",10,1014,0.02,LLVM,random,2,Prop0.01,65,True
SVR,0.0575936740821022,"{""regressor__tol"": 0.3, ""regressor__shrinking"": false, ""regressor__epsilon"": 0.3, ""regressor__coef0"": 2.0, ""regressor__C"": 5.0}",10,1014,0.0,LLVM,random,2,Prop0.01,65,True
CART,0.0551437017927566,"{""max_features"": ""sqrt"", ""min_samples_leaf"": 2, ""splitter"": ""best""}",10,1014,0.0,LLVM,random,2,Prop0.01,66,True
kNN,0.0593515895631469,"{""n_neighbors"": 7, ""p"": 1, ""weights"": ""distance""}",10,1014,0.0,LLVM,random,2,Prop0.01,66,True
KRR,0.036607458257789,"{""regressor__kernel"": ""rbf"", ""regressor__gamma"": 0.01, ""regressor__alpha"": 0.0001}",10,1014,0.0,LLVM,random,2,Prop0.01,66,True
MR,0.034610398004138,"{""lasso__regressor__alpha"": 0.001}",10,1014,0.01,LLVM,random,2,Prop0.01,66,True
RF,0.0477059287363323,"{""max_features"": 1.0, ""min_samples_leaf"": 1, ""n_estimators"": 10}",10,1014,0.02,LLVM,random,2,Prop0.01,66,True
SVR,0.0577703799296897,"{""regressor__tol"": 0.3, ""regressor__shrinking"": false, ""regressor__epsilon"": 0.3, ""regressor__coef0"": 2.0, ""regressor__C"": 5.0}",10,1014,0.0,LLVM,random,2,Prop0.01,66,True
CART,0.0550247827742366,"{""max_features"": ""sqrt"", ""min_samples_leaf"": 2, ""splitter"": ""best""}",10,1014,0.0,LLVM,random,2,Prop0.01,67,True
kNN,0.0501724910243933,"{""n_neighbors"": 7, ""p"": 1, ""weights"": ""distance""}",10,1014,0.0,LLVM,random,2,Prop0.01,67,True
KRR,0.0365347367749071,"{""regressor__kernel"": ""rbf"", ""regressor__gamma"": 0.01, ""regressor__alpha"": 0.0001}",10,1014,0.0,LLVM,random,2,Prop0.01,67,True
MR,0.0313656704673396,"{""lasso__regressor__alpha"": 0.001}",10,1014,0.01,LLVM,random,2,Prop0.01,67,True
RF,0.0581296172140992,"{""max_features"": 1.0, ""min_samples_leaf"": 1, ""n_estimators"": 10}",10,1014,0.02,LLVM,random,2,Prop0.01,67,True
SVR,0.0498727437775295,"{""regressor__tol"": 0.3, ""regressor__shrinking"": false, ""regressor__epsilon"": 0.3, ""regressor__coef0"": 2.0, ""regressor__C"": 5.0}",10,1014,0.0,LLVM,random,2,Prop0.01,67,True
CART,0.0649594471632244,"{""max_features"": ""sqrt"", ""min_samples_leaf"": 2, ""splitter"": ""best""}",10,1014,0.0,LLVM,random,2,Prop0.01,68,True
kNN,0.0560114515831228,"{""n_neighbors"": 7, ""p"": 1, ""weights"": ""distance""}",10,1014,0.0,LLVM,random,2,Prop0.01,68,True
KRR,0.0823237647471454,"{""regressor__kernel"": ""rbf"", ""regressor__gamma"": 0.01, ""regressor__alpha"": 0.0001}",10,1014,0.0,LLVM,random,2,Prop0.01,68,True
MR,0.0570428021787377,"{""lasso__regressor__alpha"": 0.001}",10,1014,0.01,LLVM,random,2,Prop0.01,68,True
RF,0.0498846267852176,"{""max_features"": 1.0, ""min_samples_leaf"": 1, ""n_estimators"": 10}",10,1014,0.02,LLVM,random,2,Prop0.01,68,True
SVR,0.0555181786512564,"{""regressor__tol"": 0.3, ""regressor__shrinking"": false, ""regressor__epsilon"": 0.3, ""regressor__coef0"": 2.0, ""regressor__C"": 5.0}",10,1014,0.0,LLVM,random,2,Prop0.01,68,True
CART,0.0465224862492283,"{""max_features"": ""sqrt"", ""min_samples_leaf"": 2, ""splitter"": ""best""}",10,1014,0.0,LLVM,random,2,Prop0.01,69,True
kNN,0.0505519322760517,"{""n_neighbors"": 7, ""p"": 1, ""weights"": ""distance""}",10,1014,0.0,LLVM,random,2,Prop0.01,69,True
KRR,0.0853092901591511,"{""regressor__kernel"": ""rbf"", ""regressor__gamma"": 0.01, ""regressor__alpha"": 0.0001}",10,1014,0.0,LLVM,random,2,Prop0.01,69,True
MR,0.0433124568052577,"{""lasso__regressor__alpha"": 0.001}",10,1014,0.01,LLVM,random,2,Prop0.01,69,True
RF,0.0408508843149813,"{""max_features"": 1.0, ""min_samples_leaf"": 1, ""n_estimators"": 10}",10,1014,0.02,LLVM,random,2,Prop0.01,69,True
SVR,0.0515053030908754,"{""regressor__tol"": 0.3, ""regressor__shrinking"": false, ""regressor__epsilon"": 0.3, ""regressor__coef0"": 2.0, ""regressor__C"": 5.0}",10,1014,0.0,LLVM,random,2,Prop0.01,69,True
CART,0.0467879398149675,"{""max_features"": ""sqrt"", ""min_samples_leaf"": 2, ""splitter"": ""best""}",10,1014,0.0,LLVM,random,2,Prop0.01,70,True
kNN,0.0518425934219103,"{""n_neighbors"": 7, ""p"": 1, ""weights"": ""distance""}",10,1014,0.0,LLVM,random,2,Prop0.01,70,True
KRR,0.0519310209992244,"{""regressor__kernel"": ""rbf"", ""regressor__gamma"": 0.01, ""regressor__alpha"": 0.0001}",10,1014,0.0,LLVM,random,2,Prop0.01,70,True
MR,0.0544036443083845,"{""lasso__regressor__alpha"": 0.001}",10,1014,0.01,LLVM,random,2,Prop0.01,70,True
RF,0.0410135247616586,"{""max_features"": 1.0, ""min_samples_leaf"": 1, ""n_estimators"": 10}",10,1014,0.02,LLVM,random,2,Prop0.01,70,True
SVR,0.0510905481862961,"{""regressor__tol"": 0.3, ""regressor__shrinking"": false, ""regressor__epsilon"": 0.3, ""regressor__coef0"": 2.0, ""regressor__C"": 5.0}",10,1014,0.0,LLVM,random,2,Prop0.01,70,True
CART,0.0525759886289142,"{""max_features"": ""sqrt"", ""min_samples_leaf"": 2, ""splitter"": ""best""}",10,1014,0.0,LLVM,random,2,Prop0.01,71,True
kNN,0.0574442286851743,"{""n_neighbors"": 7, ""p"": 1, ""weights"": ""distance""}",10,1014,0.0,LLVM,random,2,Prop0.01,71,True
KRR,0.0434124510005586,"{""regressor__kernel"": ""rbf"", ""regressor__gamma"": 0.01, ""regressor__alpha"": 0.0001}",10,1014,0.0,LLVM,random,2,Prop0.01,71,True
MR,0.0508667856753835,"{""lasso__regressor__alpha"": 0.001}",10,1014,0.01,LLVM,random,2,Prop0.01,71,True
RF,0.0609505845813462,"{""max_features"": 1.0, ""min_samples_leaf"": 1, ""n_estimators"": 10}",10,1014,0.02,LLVM,random,2,Prop0.01,71,True
SVR,0.0574064340001421,"{""regressor__tol"": 0.3, ""regressor__shrinking"": false, ""regressor__epsilon"": 0.3, ""regressor__coef0"": 2.0, ""regressor__C"": 5.0}",10,1014,0.0,LLVM,random,2,Prop0.01,71,True
CART,0.0565926642349912,"{""max_features"": ""sqrt"", ""min_samples_leaf"": 2, ""splitter"": ""best""}",10,1014,0.0,LLVM,random,2,Prop0.01,72,True
kNN,0.0559148219366379,"{""n_neighbors"": 7, ""p"": 1, ""weights"": ""distance""}",10,1014,0.0,LLVM,random,2,Prop0.01,72,True
KRR,0.0438896626743115,"{""regressor__kernel"": ""rbf"", ""regressor__gamma"": 0.01, ""regressor__alpha"": 0.0001}",10,1014,0.0,LLVM,random,2,Prop0.01,72,True
MR,0.041709910558166,"{""lasso__regressor__alpha"": 0.001}",10,1014,0.01,LLVM,random,2,Prop0.01,72,True
RF,0.0572723271637322,"{""max_features"": 1.0, ""min_samples_leaf"": 1, ""n_estimators"": 10}",10,1014,0.02,LLVM,random,2,Prop0.01,72,True
SVR,0.0544505505086984,"{""regressor__tol"": 0.3, ""regressor__shrinking"": false, ""regressor__epsilon"": 0.3, ""regressor__coef0"": 2.0, ""regressor__C"": 5.0}",10,1014,0.0,LLVM,random,2,Prop0.01,72,True
CART,0.0789458523348317,"{""max_features"": ""sqrt"", ""min_samples_leaf"": 2, ""splitter"": ""best""}",10,1014,0.0,LLVM,random,2,Prop0.01,73,True
kNN,0.0496606537631416,"{""n_neighbors"": 7, ""p"": 1, ""weights"": ""distance""}",10,1014,0.0,LLVM,random,2,Prop0.01,73,True
KRR,0.0868110306927151,"{""regressor__kernel"": ""rbf"", ""regressor__gamma"": 0.01, ""regressor__alpha"": 0.0001}",10,1014,0.0,LLVM,random,2,Prop0.01,73,True
MR,0.0564935435333856,"{""lasso__regressor__alpha"": 0.001}",10,1014,0.01,LLVM,random,2,Prop0.01,73,True
RF,0.0478032621120051,"{""max_features"": 1.0, ""min_samples_leaf"": 1, ""n_estimators"": 10}",10,1014,0.02,LLVM,random,2,Prop0.01,73,True
SVR,0.0483366091694976,"{""regressor__tol"": 0.3, ""regressor__shrinking"": false, ""regressor__epsilon"": 0.3, ""regressor__coef0"": 2.0, ""regressor__C"": 5.0}",10,1014,0.0,LLVM,random,2,Prop0.01,73,True
CART,0.0521597779027183,"{""max_features"": ""sqrt"", ""min_samples_leaf"": 2, ""splitter"": ""best""}",10,1014,0.0,LLVM,random,2,Prop0.01,74,True
kNN,0.0579314693302826,"{""n_neighbors"": 7, ""p"": 1, ""weights"": ""distance""}",10,1014,0.0,LLVM,random,2,Prop0.01,74,True
KRR,0.0886869257718639,"{""regressor__kernel"": ""rbf"", ""regressor__gamma"": 0.01, ""regressor__alpha"": 0.0001}",10,1014,0.0,LLVM,random,2,Prop0.01,74,True
MR,0.0610336085658132,"{""lasso__regressor__alpha"": 0.001}",10,1014,0.01,LLVM,random,2,Prop0.01,74,True
RF,0.0517633003880784,"{""max_features"": 1.0, ""min_samples_leaf"": 1, ""n_estimators"": 10}",10,1014,0.02,LLVM,random,2,Prop0.01,74,True
SVR,0.0474108882896402,"{""regressor__tol"": 0.3, ""regressor__shrinking"": false, ""regressor__epsilon"": 0.3, ""regressor__coef0"": 2.0, ""regressor__C"": 5.0}",10,1014,0.0,LLVM,random,2,Prop0.01,74,True
CART,0.0535894914948089,"{""max_features"": ""sqrt"", ""min_samples_leaf"": 2, ""splitter"": ""best""}",10,1014,0.0,LLVM,random,2,Prop0.01,75,True
kNN,0.0551446131954602,"{""n_neighbors"": 7, ""p"": 1, ""weights"": ""distance""}",10,1014,0.0,LLVM,random,2,Prop0.01,75,True
KRR,0.0400683024639325,"{""regressor__kernel"": ""rbf"", ""regressor__gamma"": 0.01, ""regressor__alpha"": 0.0001}",10,1014,0.0,LLVM,random,2,Prop0.01,75,True
MR,0.0480392315915779,"{""lasso__regressor__alpha"": 0.001}",10,1014,0.01,LLVM,random,2,Prop0.01,75,True
RF,0.050799428830617,"{""max_features"": 1.0, ""min_samples_leaf"": 1, ""n_estimators"": 10}",10,1014,0.02,LLVM,random,2,Prop0.01,75,True
SVR,0.054446153488632,"{""regressor__tol"": 0.3, ""regressor__shrinking"": false, ""regressor__epsilon"": 0.3, ""regressor__coef0"": 2.0, ""regressor__C"": 5.0}",10,1014,0.0,LLVM,random,2,Prop0.01,75,True
CART,0.0589425330098004,"{""max_features"": ""sqrt"", ""min_samples_leaf"": 2, ""splitter"": ""best""}",10,1014,0.0,LLVM,random,2,Prop0.01,76,True
kNN,0.0563411122050724,"{""n_neighbors"": 7, ""p"": 1, ""weights"": ""distance""}",10,1014,0.0,LLVM,random,2,Prop0.01,76,True
KRR,0.0606666855972154,"{""regressor__kernel"": ""rbf"", ""regressor__gamma"": 0.01, ""regressor__alpha"": 0.0001}",10,1014,0.0,LLVM,random,2,Prop0.01,76,True
MR,0.0434048040372515,"{""lasso__regressor__alpha"": 0.001}",10,1014,0.01,LLVM,random,2,Prop0.01,76,True
RF,0.0543522376253515,"{""max_features"": 1.0, ""min_samples_leaf"": 1, ""n_estimators"": 10}",10,1014,0.02,LLVM,random,2,Prop0.01,76,True
SVR,0.0554674834427953,"{""regressor__tol"": 0.3, ""regressor__shrinking"": false, ""regressor__epsilon"": 0.3, ""regressor__coef0"": 2.0, ""regressor__C"": 5.0}",10,1014,0.0,LLVM,random,2,Prop0.01,76,True
CART,0.0481316851355488,"{""max_features"": ""sqrt"", ""min_samples_leaf"": 2, ""splitter"": ""best""}",10,1014,0.0,LLVM,random,2,Prop0.01,77,True
kNN,0.0524670017700142,"{""n_neighbors"": 7, ""p"": 1, ""weights"": ""distance""}",10,1014,0.0,LLVM,random,2,Prop0.01,77,True
KRR,0.047895739794097,"{""regressor__kernel"": ""rbf"", ""regressor__gamma"": 0.01, ""regressor__alpha"": 0.0001}",10,1014,0.0,LLVM,random,2,Prop0.01,77,True
MR,0.0425377818478723,"{""lasso__regressor__alpha"": 0.001}",10,1014,0.01,LLVM,random,2,Prop0.01,77,True
RF,0.0519528189692901,"{""max_features"": 1.0, ""min_samples_leaf"": 1, ""n_estimators"": 10}",10,1014,0.02,LLVM,random,2,Prop0.01,77,True
SVR,0.0530405653146024,"{""regressor__tol"": 0.3, ""regressor__shrinking"": false, ""regressor__epsilon"": 0.3, ""regressor__coef0"": 2.0, ""regressor__C"": 5.0}",10,1014,0.0,LLVM,random,2,Prop0.01,77,True
CART,0.0627205751209067,"{""max_features"": ""sqrt"", ""min_samples_leaf"": 2, ""splitter"": ""best""}",10,1014,0.0,LLVM,random,2,Prop0.01,78,True
kNN,0.0578652014482024,"{""n_neighbors"": 7, ""p"": 1, ""weights"": ""distance""}",10,1014,0.0,LLVM,random,2,Prop0.01,78,True
KRR,0.0742806870393503,"{""regressor__kernel"": ""rbf"", ""regressor__gamma"": 0.01, ""regressor__alpha"": 0.0001}",10,1014,0.0,LLVM,random,2,Prop0.01,78,True
MR,0.0493434477160823,"{""lasso__regressor__alpha"": 0.001}",10,1014,0.01,LLVM,random,2,Prop0.01,78,True
RF,0.0529152422554457,"{""max_features"": 1.0, ""min_samples_leaf"": 1, ""n_estimators"": 10}",10,1014,0.02,LLVM,random,2,Prop0.01,78,True
SVR,0.0562637012227131,"{""regressor__tol"": 0.3, ""regressor__shrinking"": false, ""regressor__epsilon"": 0.3, ""regressor__coef0"": 2.0, ""regressor__C"": 5.0}",10,1014,0.0,LLVM,random,2,Prop0.01,78,True
CART,0.0733360880147858,"{""max_features"": ""sqrt"", ""min_samples_leaf"": 2, ""splitter"": ""best""}",10,1014,0.0,LLVM,random,2,Prop0.01,79,True
kNN,0.0638908995584769,"{""n_neighbors"": 7, ""p"": 1, ""weights"": ""distance""}",10,1014,0.0,LLVM,random,2,Prop0.01,79,True
KRR,0.0579401511756343,"{""regressor__kernel"": ""rbf"", ""regressor__gamma"": 0.01, ""regressor__alpha"": 0.0001}",10,1014,0.0,LLVM,random,2,Prop0.01,79,True
MR,0.0604140328861179,"{""lasso__regressor__alpha"": 0.001}",10,1014,0.01,LLVM,random,2,Prop0.01,79,True
RF,0.0655425409654355,"{""max_features"": 1.0, ""min_samples_leaf"": 1, ""n_estimators"": 10}",10,1014,0.02,LLVM,random,2,Prop0.01,79,True
SVR,0.0639353307933085,"{""regressor__tol"": 0.3, ""regressor__shrinking"": false, ""regressor__epsilon"": 0.3, ""regressor__coef0"": 2.0, ""regressor__C"": 5.0}",10,1014,0.0,LLVM,random,2,Prop0.01,79,True
CART,0.0589613499417076,"{""max_features"": ""sqrt"", ""min_samples_leaf"": 2, ""splitter"": ""best""}",10,1014,0.0,LLVM,random,2,Prop0.01,80,True
kNN,0.0452633962947026,"{""n_neighbors"": 7, ""p"": 1, ""weights"": ""distance""}",10,1014,0.0,LLVM,random,2,Prop0.01,80,True
KRR,0.0343196381325056,"{""regressor__kernel"": ""rbf"", ""regressor__gamma"": 0.01, ""regressor__alpha"": 0.0001}",10,1014,0.0,LLVM,random,2,Prop0.01,80,True
MR,0.0382785786876551,"{""lasso__regressor__alpha"": 0.001}",10,1014,0.01,LLVM,random,2,Prop0.01,80,True
RF,0.0482361424596863,"{""max_features"": 1.0, ""min_samples_leaf"": 1, ""n_estimators"": 10}",10,1014,0.02,LLVM,random,2,Prop0.01,80,True
SVR,0.0466038502186604,"{""regressor__tol"": 0.3, ""regressor__shrinking"": false, ""regressor__epsilon"": 0.3, ""regressor__coef0"": 2.0, ""regressor__C"": 5.0}",10,1014,0.0,LLVM,random,2,Prop0.01,80,True
CART,0.0690623590689973,"{""max_features"": ""sqrt"", ""min_samples_leaf"": 2, ""splitter"": ""best""}",10,1014,0.0,LLVM,random,2,Prop0.01,81,True
kNN,0.0565762323276872,"{""n_neighbors"": 7, ""p"": 1, ""weights"": ""distance""}",10,1014,0.0,LLVM,random,2,Prop0.01,81,True
KRR,0.0388000564714959,"{""regressor__kernel"": ""rbf"", ""regressor__gamma"": 0.01, ""regressor__alpha"": 0.0001}",10,1014,0.0,LLVM,random,2,Prop0.01,81,True
MR,0.0300821884588353,"{""lasso__regressor__alpha"": 0.001}",10,1014,0.01,LLVM,random,2,Prop0.01,81,True
RF,0.0509965023718269,"{""max_features"": 1.0, ""min_samples_leaf"": 1, ""n_estimators"": 10}",10,1014,0.02,LLVM,random,2,Prop0.01,81,True
SVR,0.0552480058699515,"{""regressor__tol"": 0.3, ""regressor__shrinking"": false, ""regressor__epsilon"": 0.3, ""regressor__coef0"": 2.0, ""regressor__C"": 5.0}",10,1014,0.0,LLVM,random,2,Prop0.01,81,True
CART,0.0574559453643316,"{""max_features"": ""sqrt"", ""min_samples_leaf"": 2, ""splitter"": ""best""}",10,1014,0.0,LLVM,random,2,Prop0.01,82,True
kNN,0.0477272307014278,"{""n_neighbors"": 7, ""p"": 1, ""weights"": ""distance""}",10,1014,0.0,LLVM,random,2,Prop0.01,82,True
KRR,0.0523556276690423,"{""regressor__kernel"": ""rbf"", ""regressor__gamma"": 0.01, ""regressor__alpha"": 0.0001}",10,1014,0.0,LLVM,random,2,Prop0.01,82,True
MR,0.0513852130861538,"{""lasso__regressor__alpha"": 0.001}",10,1014,0.01,LLVM,random,2,Prop0.01,82,True
RF,0.0697837279820401,"{""max_features"": 1.0, ""min_samples_leaf"": 1, ""n_estimators"": 10}",10,1014,0.02,LLVM,random,2,Prop0.01,82,True
SVR,0.0453546965612323,"{""regressor__tol"": 0.3, ""regressor__shrinking"": false, ""regressor__epsilon"": 0.3, ""regressor__coef0"": 2.0, ""regressor__C"": 5.0}",10,1014,0.0,LLVM,random,2,Prop0.01,82,True
CART,0.0556251623327075,"{""max_features"": ""sqrt"", ""min_samples_leaf"": 2, ""splitter"": ""best""}",10,1014,0.0,LLVM,random,2,Prop0.01,83,True
kNN,0.0467807235580927,"{""n_neighbors"": 7, ""p"": 1, ""weights"": ""distance""}",10,1014,0.0,LLVM,random,2,Prop0.01,83,True
KRR,0.0448853921732871,"{""regressor__kernel"": ""rbf"", ""regressor__gamma"": 0.01, ""regressor__alpha"": 0.0001}",10,1014,0.0,LLVM,random,2,Prop0.01,83,True
MR,0.0349375959386881,"{""lasso__regressor__alpha"": 0.001}",10,1014,0.01,LLVM,random,2,Prop0.01,83,True
RF,0.0449716214290005,"{""max_features"": 1.0, ""min_samples_leaf"": 1, ""n_estimators"": 10}",10,1014,0.02,LLVM,random,2,Prop0.01,83,True
SVR,0.0483459858255241,"{""regressor__tol"": 0.3, ""regressor__shrinking"": false, ""regressor__epsilon"": 0.3, ""regressor__coef0"": 2.0, ""regressor__C"": 5.0}",10,1014,0.0,LLVM,random,2,Prop0.01,83,True
CART,0.0779554705737782,"{""max_features"": ""sqrt"", ""min_samples_leaf"": 2, ""splitter"": ""best""}",10,1014,0.0,LLVM,random,2,Prop0.01,84,True
kNN,0.0530086200141698,"{""n_neighbors"": 7, ""p"": 1, ""weights"": ""distance""}",10,1014,0.0,LLVM,random,2,Prop0.01,84,True
KRR,0.0292071565877314,"{""regressor__kernel"": ""rbf"", ""regressor__gamma"": 0.01, ""regressor__alpha"": 0.0001}",10,1014,0.0,LLVM,random,2,Prop0.01,84,True
MR,0.0314107533949572,"{""lasso__regressor__alpha"": 0.001}",10,1014,0.01,LLVM,random,2,Prop0.01,84,True
RF,0.0633474026837885,"{""max_features"": 1.0, ""min_samples_leaf"": 1, ""n_estimators"": 10}",10,1014,0.02,LLVM,random,2,Prop0.01,84,True
SVR,0.0521388247157887,"{""regressor__tol"": 0.3, ""regressor__shrinking"": false, ""regressor__epsilon"": 0.3, ""regressor__coef0"": 2.0, ""regressor__C"": 5.0}",10,1014,0.0,LLVM,random,2,Prop0.01,84,True
CART,0.0536266051363116,"{""max_features"": ""sqrt"", ""min_samples_leaf"": 2, ""splitter"": ""best""}",10,1014,0.0,LLVM,random,2,Prop0.01,85,True
kNN,0.0516037973086132,"{""n_neighbors"": 7, ""p"": 1, ""weights"": ""distance""}",10,1014,0.0,LLVM,random,2,Prop0.01,85,True
KRR,0.0310828578170073,"{""regressor__kernel"": ""rbf"", ""regressor__gamma"": 0.01, ""regressor__alpha"": 0.0001}",10,1014,0.0,LLVM,random,2,Prop0.01,85,True
MR,0.0296543923129285,"{""lasso__regressor__alpha"": 0.001}",10,1014,0.01,LLVM,random,2,Prop0.01,85,True
RF,0.050144820314546,"{""max_features"": 1.0, ""min_samples_leaf"": 1, ""n_estimators"": 10}",10,1014,0.02,LLVM,random,2,Prop0.01,85,True
SVR,0.0503534083846132,"{""regressor__tol"": 0.3, ""regressor__shrinking"": false, ""regressor__epsilon"": 0.3, ""regressor__coef0"": 2.0, ""regressor__C"": 5.0}",10,1014,0.0,LLVM,random,2,Prop0.01,85,True
CART,0.0599961874472767,"{""max_features"": ""sqrt"", ""min_samples_leaf"": 2, ""splitter"": ""best""}",10,1014,0.0,LLVM,random,2,Prop0.01,86,True
kNN,0.0455948266160731,"{""n_neighbors"": 7, ""p"": 1, ""weights"": ""distance""}",10,1014,0.0,LLVM,random,2,Prop0.01,86,True
KRR,0.0729118496610814,"{""regressor__kernel"": ""rbf"", ""regressor__gamma"": 0.01, ""regressor__alpha"": 0.0001}",10,1014,0.0,LLVM,random,2,Prop0.01,86,True
MR,0.0784406301432422,"{""lasso__regressor__alpha"": 0.001}",10,1014,0.01,LLVM,random,2,Prop0.01,86,True
RF,0.0358665992789697,"{""max_features"": 1.0, ""min_samples_leaf"": 1, ""n_estimators"": 10}",10,1014,0.02,LLVM,random,2,Prop0.01,86,True
SVR,0.0462015709079789,"{""regressor__tol"": 0.3, ""regressor__shrinking"": false, ""regressor__epsilon"": 0.3, ""regressor__coef0"": 2.0, ""regressor__C"": 5.0}",10,1014,0.0,LLVM,random,2,Prop0.01,86,True
CART,0.0736452975330556,"{""max_features"": ""sqrt"", ""min_samples_leaf"": 2, ""splitter"": ""best""}",10,1014,0.0,LLVM,random,2,Prop0.01,87,True
kNN,0.0598477818219765,"{""n_neighbors"": 7, ""p"": 1, ""weights"": ""distance""}",10,1014,0.0,LLVM,random,2,Prop0.01,87,True
KRR,0.0226669443979515,"{""regressor__kernel"": ""rbf"", ""regressor__gamma"": 0.01, ""regressor__alpha"": 0.0001}",10,1014,0.0,LLVM,random,2,Prop0.01,87,True
MR,0.0285866687184286,"{""lasso__regressor__alpha"": 0.001}",10,1014,0.01,LLVM,random,2,Prop0.01,87,True
RF,0.0469322826866542,"{""max_features"": 1.0, ""min_samples_leaf"": 1, ""n_estimators"": 10}",10,1014,0.02,LLVM,random,2,Prop0.01,87,True
SVR,0.0527425857677907,"{""regressor__tol"": 0.3, ""regressor__shrinking"": false, ""regressor__epsilon"": 0.3, ""regressor__coef0"": 2.0, ""regressor__C"": 5.0}",10,1014,0.0,LLVM,random,2,Prop0.01,87,True
CART,0.0663254084896877,"{""max_features"": ""sqrt"", ""min_samples_leaf"": 2, ""splitter"": ""best""}",10,1014,0.0,LLVM,random,2,Prop0.01,88,True
kNN,0.0656412380428513,"{""n_neighbors"": 7, ""p"": 1, ""weights"": ""distance""}",10,1014,0.0,LLVM,random,2,Prop0.01,88,True
KRR,0.0323669972483715,"{""regressor__kernel"": ""rbf"", ""regressor__gamma"": 0.01, ""regressor__alpha"": 0.0001}",10,1014,0.0,LLVM,random,2,Prop0.01,88,True
MR,0.0345955700453555,"{""lasso__regressor__alpha"": 0.001}",10,1014,0.01,LLVM,random,2,Prop0.01,88,True
RF,0.0667117428628563,"{""max_features"": 1.0, ""min_samples_leaf"": 1, ""n_estimators"": 10}",10,1014,0.02,LLVM,random,2,Prop0.01,88,True
SVR,0.0618317222203351,"{""regressor__tol"": 0.3, ""regressor__shrinking"": false, ""regressor__epsilon"": 0.3, ""regressor__coef0"": 2.0, ""regressor__C"": 5.0}",10,1014,0.0,LLVM,random,2,Prop0.01,88,True
CART,0.0667674733524156,"{""max_features"": ""sqrt"", ""min_samples_leaf"": 2, ""splitter"": ""best""}",10,1014,0.0,LLVM,random,2,Prop0.01,89,True
kNN,0.0554073618755401,"{""n_neighbors"": 7, ""p"": 1, ""weights"": ""distance""}",10,1014,0.0,LLVM,random,2,Prop0.01,89,True
KRR,0.0589754197401062,"{""regressor__kernel"": ""rbf"", ""regressor__gamma"": 0.01, ""regressor__alpha"": 0.0001}",10,1014,0.0,LLVM,random,2,Prop0.01,89,True
MR,0.0498849447977214,"{""lasso__regressor__alpha"": 0.001}",10,1014,0.01,LLVM,random,2,Prop0.01,89,True
RF,0.0437963250565774,"{""max_features"": 1.0, ""min_samples_leaf"": 1, ""n_estimators"": 10}",10,1014,0.02,LLVM,random,2,Prop0.01,89,True
SVR,0.0546824512910772,"{""regressor__tol"": 0.3, ""regressor__shrinking"": false, ""regressor__epsilon"": 0.3, ""regressor__coef0"": 2.0, ""regressor__C"": 5.0}",10,1014,0.0,LLVM,random,2,Prop0.01,89,True
CART,0.0605351283472566,"{""max_features"": ""sqrt"", ""min_samples_leaf"": 2, ""splitter"": ""best""}",10,1014,0.0,LLVM,random,2,Prop0.01,90,True
kNN,0.0633882891179858,"{""n_neighbors"": 7, ""p"": 1, ""weights"": ""distance""}",10,1014,0.0,LLVM,random,2,Prop0.01,90,True
KRR,0.0350753015266586,"{""regressor__kernel"": ""rbf"", ""regressor__gamma"": 0.01, ""regressor__alpha"": 0.0001}",10,1014,0.0,LLVM,random,2,Prop0.01,90,True
MR,0.0415841420515475,"{""lasso__regressor__alpha"": 0.001}",10,1014,0.01,LLVM,random,2,Prop0.01,90,True
RF,0.049509123000223,"{""max_features"": 1.0, ""min_samples_leaf"": 1, ""n_estimators"": 10}",10,1014,0.02,LLVM,random,2,Prop0.01,90,True
SVR,0.0601102377336699,"{""regressor__tol"": 0.3, ""regressor__shrinking"": false, ""regressor__epsilon"": 0.3, ""regressor__coef0"": 2.0, ""regressor__C"": 5.0}",10,1014,0.0,LLVM,random,2,Prop0.01,90,True
CART,0.0459170268412898,"{""max_features"": ""sqrt"", ""min_samples_leaf"": 2, ""splitter"": ""best""}",10,1014,0.0,LLVM,random,2,Prop0.01,91,True
kNN,0.0550002029230625,"{""n_neighbors"": 7, ""p"": 1, ""weights"": ""distance""}",10,1014,0.0,LLVM,random,2,Prop0.01,91,True
KRR,0.0679819771845771,"{""regressor__kernel"": ""rbf"", ""regressor__gamma"": 0.01, ""regressor__alpha"": 0.0001}",10,1014,0.0,LLVM,random,2,Prop0.01,91,True
MR,0.0418956444158757,"{""lasso__regressor__alpha"": 0.001}",10,1014,0.01,LLVM,random,2,Prop0.01,91,True
RF,0.0534446133015397,"{""max_features"": 1.0, ""min_samples_leaf"": 1, ""n_estimators"": 10}",10,1014,0.02,LLVM,random,2,Prop0.01,91,True
SVR,0.052313149354585,"{""regressor__tol"": 0.3, ""regressor__shrinking"": false, ""regressor__epsilon"": 0.3, ""regressor__coef0"": 2.0, ""regressor__C"": 5.0}",10,1014,0.0,LLVM,random,2,Prop0.01,91,True
CART,0.0725335132204989,"{""max_features"": ""sqrt"", ""min_samples_leaf"": 2, ""splitter"": ""best""}",10,1014,0.0,LLVM,random,2,Prop0.01,92,True
kNN,0.0493502019214167,"{""n_neighbors"": 7, ""p"": 1, ""weights"": ""distance""}",10,1014,0.0,LLVM,random,2,Prop0.01,92,True
KRR,0.0739762826897014,"{""regressor__kernel"": ""rbf"", ""regressor__gamma"": 0.01, ""regressor__alpha"": 0.0001}",10,1014,0.0,LLVM,random,2,Prop0.01,92,True
MR,0.058954720923345,"{""lasso__regressor__alpha"": 0.001}",10,1014,0.01,LLVM,random,2,Prop0.01,92,True
RF,0.0508282169107502,"{""max_features"": 1.0, ""min_samples_leaf"": 1, ""n_estimators"": 10}",10,1014,0.02,LLVM,random,2,Prop0.01,92,True
SVR,0.0485742810469176,"{""regressor__tol"": 0.3, ""regressor__shrinking"": false, ""regressor__epsilon"": 0.3, ""regressor__coef0"": 2.0, ""regressor__C"": 5.0}",10,1014,0.0,LLVM,random,2,Prop0.01,92,True
CART,0.0811000198941474,"{""max_features"": ""sqrt"", ""min_samples_leaf"": 2, ""splitter"": ""best""}",10,1014,0.0,LLVM,random,2,Prop0.01,93,True
kNN,0.0799547162217986,"{""n_neighbors"": 7, ""p"": 1, ""weights"": ""distance""}",10,1014,0.0,LLVM,random,2,Prop0.01,93,True
KRR,0.0816408810614242,"{""regressor__kernel"": ""rbf"", ""regressor__gamma"": 0.01, ""regressor__alpha"": 0.0001}",10,1014,0.0,LLVM,random,2,Prop0.01,93,True
MR,0.06159106364377,"{""lasso__regressor__alpha"": 0.001}",10,1014,0.01,LLVM,random,2,Prop0.01,93,True
RF,0.063546083429514,"{""max_features"": 1.0, ""min_samples_leaf"": 1, ""n_estimators"": 10}",10,1014,0.02,LLVM,random,2,Prop0.01,93,True
SVR,0.0758902988380111,"{""regressor__tol"": 0.3, ""regressor__shrinking"": false, ""regressor__epsilon"": 0.3, ""regressor__coef0"": 2.0, ""regressor__C"": 5.0}",10,1014,0.0,LLVM,random,2,Prop0.01,93,True
CART,0.0604524754760963,"{""max_features"": ""sqrt"", ""min_samples_leaf"": 2, ""splitter"": ""best""}",10,1014,0.0,LLVM,random,2,Prop0.01,94,True
kNN,0.0468598759809131,"{""n_neighbors"": 7, ""p"": 1, ""weights"": ""distance""}",10,1014,0.0,LLVM,random,2,Prop0.01,94,True
KRR,0.043405420965393,"{""regressor__kernel"": ""rbf"", ""regressor__gamma"": 0.01, ""regressor__alpha"": 0.0001}",10,1014,0.0,LLVM,random,2,Prop0.01,94,True
MR,0.043466002497974,"{""lasso__regressor__alpha"": 0.001}",10,1014,0.01,LLVM,random,2,Prop0.01,94,True
RF,0.0465901265871699,"{""max_features"": 1.0, ""min_samples_leaf"": 1, ""n_estimators"": 10}",10,1014,0.02,LLVM,random,2,Prop0.01,94,True
SVR,0.0474903139702465,"{""regressor__tol"": 0.3, ""regressor__shrinking"": false, ""regressor__epsilon"": 0.3, ""regressor__coef0"": 2.0, ""regressor__C"": 5.0}",10,1014,0.0,LLVM,random,2,Prop0.01,94,True
CART,0.0599442908803374,"{""max_features"": ""sqrt"", ""min_samples_leaf"": 2, ""splitter"": ""best""}",10,1014,0.0,LLVM,random,2,Prop0.01,95,True
kNN,0.0539067544504706,"{""n_neighbors"": 7, ""p"": 1, ""weights"": ""distance""}",10,1014,0.0,LLVM,random,2,Prop0.01,95,True
KRR,0.0759595172922807,"{""regressor__kernel"": ""rbf"", ""regressor__gamma"": 0.01, ""regressor__alpha"": 0.0001}",10,1014,0.0,LLVM,random,2,Prop0.01,95,True
MR,0.0462843038707051,"{""lasso__regressor__alpha"": 0.001}",10,1014,0.01,LLVM,random,2,Prop0.01,95,True
RF,0.0490005515190266,"{""max_features"": 1.0, ""min_samples_leaf"": 1, ""n_estimators"": 10}",10,1014,0.02,LLVM,random,2,Prop0.01,95,True
SVR,0.051791815183498,"{""regressor__tol"": 0.3, ""regressor__shrinking"": false, ""regressor__epsilon"": 0.3, ""regressor__coef0"": 2.0, ""regressor__C"": 5.0}",10,1014,0.0,LLVM,random,2,Prop0.01,95,True
CART,0.0753223315092603,"{""max_features"": ""sqrt"", ""min_samples_leaf"": 2, ""splitter"": ""best""}",10,1014,0.0,LLVM,random,2,Prop0.01,96,True
kNN,0.0648843329199749,"{""n_neighbors"": 7, ""p"": 1, ""weights"": ""distance""}",10,1014,0.0,LLVM,random,2,Prop0.01,96,True
KRR,0.0602753354438499,"{""regressor__kernel"": ""rbf"", ""regressor__gamma"": 0.01, ""regressor__alpha"": 0.0001}",10,1014,0.0,LLVM,random,2,Prop0.01,96,True
MR,0.0743760235648156,"{""lasso__regressor__alpha"": 0.001}",10,1014,0.01,LLVM,random,2,Prop0.01,96,True
RF,0.057242131169225,"{""max_features"": 1.0, ""min_samples_leaf"": 1, ""n_estimators"": 10}",10,1014,0.02,LLVM,random,2,Prop0.01,96,True
SVR,0.0648847838622612,"{""regressor__tol"": 0.3, ""regressor__shrinking"": false, ""regressor__epsilon"": 0.3, ""regressor__coef0"": 2.0, ""regressor__C"": 5.0}",10,1014,0.0,LLVM,random,2,Prop0.01,96,True
CART,0.0482748797847624,"{""max_features"": ""sqrt"", ""min_samples_leaf"": 2, ""splitter"": ""best""}",10,1014,0.0,LLVM,random,2,Prop0.01,97,True
kNN,0.0514159435920772,"{""n_neighbors"": 7, ""p"": 1, ""weights"": ""distance""}",10,1014,0.0,LLVM,random,2,Prop0.01,97,True
KRR,0.0388663398037077,"{""regressor__kernel"": ""rbf"", ""regressor__gamma"": 0.01, ""regressor__alpha"": 0.0001}",10,1014,0.0,LLVM,random,2,Prop0.01,97,True
MR,0.0315393811587203,"{""lasso__regressor__alpha"": 0.001}",10,1014,0.01,LLVM,random,2,Prop0.01,97,True
RF,0.0410579115068898,"{""max_features"": 1.0, ""min_samples_leaf"": 1, ""n_estimators"": 10}",10,1014,0.02,LLVM,random,2,Prop0.01,97,True
SVR,0.0504666355764889,"{""regressor__tol"": 0.3, ""regressor__shrinking"": false, ""regressor__epsilon"": 0.3, ""regressor__coef0"": 2.0, ""regressor__C"": 5.0}",10,1014,0.0,LLVM,random,2,Prop0.01,97,True
CART,0.0608762457132497,"{""max_features"": ""sqrt"", ""min_samples_leaf"": 2, ""splitter"": ""best""}",10,1014,0.0,LLVM,random,2,Prop0.01,98,True
kNN,0.057609628217649,"{""n_neighbors"": 7, ""p"": 1, ""weights"": ""distance""}",10,1014,0.0,LLVM,random,2,Prop0.01,98,True
KRR,0.0546687282704201,"{""regressor__kernel"": ""rbf"", ""regressor__gamma"": 0.01, ""regressor__alpha"": 0.0001}",10,1014,0.0,LLVM,random,2,Prop0.01,98,True
MR,0.0593022705069382,"{""lasso__regressor__alpha"": 0.001}",10,1014,0.01,LLVM,random,2,Prop0.01,98,True
RF,0.0668679637047133,"{""max_features"": 1.0, ""min_samples_leaf"": 1, ""n_estimators"": 10}",10,1014,0.02,LLVM,random,2,Prop0.01,98,True
SVR,0.0532307000078149,"{""regressor__tol"": 0.3, ""regressor__shrinking"": false, ""regressor__epsilon"": 0.3, ""regressor__coef0"": 2.0, ""regressor__C"": 5.0}",10,1014,0.0,LLVM,random,2,Prop0.01,98,True
CART,0.0526396072751676,"{""max_features"": ""sqrt"", ""min_samples_leaf"": 2, ""splitter"": ""best""}",10,1014,0.0,LLVM,random,2,Prop0.01,99,True
kNN,0.0519898714466633,"{""n_neighbors"": 7, ""p"": 1, ""weights"": ""distance""}",10,1014,0.0,LLVM,random,2,Prop0.01,99,True
KRR,0.0412156614176207,"{""regressor__kernel"": ""rbf"", ""regressor__gamma"": 0.01, ""regressor__alpha"": 0.0001}",10,1014,0.0,LLVM,random,2,Prop0.01,99,True
MR,0.0384712980534626,"{""lasso__regressor__alpha"": 0.001}",10,1014,0.01,LLVM,random,2,Prop0.01,99,True
RF,0.0630578698718374,"{""max_features"": 1.0, ""min_samples_leaf"": 1, ""n_estimators"": 10}",10,1014,0.02,LLVM,random,2,Prop0.01,99,True
SVR,0.0534572957913981,"{""regressor__tol"": 0.3, ""regressor__shrinking"": false, ""regressor__epsilon"": 0.3, ""regressor__coef0"": 2.0, ""regressor__C"": 5.0}",10,1014,0.0,LLVM,random,2,Prop0.01,99,True
CART,0.0733476011377007,"{""max_features"": ""sqrt"", ""min_samples_leaf"": 2, ""splitter"": ""best""}",10,1014,0.0,LLVM,random,2,Prop0.01,100,True
kNN,0.0575156101923484,"{""n_neighbors"": 7, ""p"": 1, ""weights"": ""distance""}",10,1014,0.0,LLVM,random,2,Prop0.01,100,True
KRR,0.0642130261849608,"{""regressor__kernel"": ""rbf"", ""regressor__gamma"": 0.01, ""regressor__alpha"": 0.0001}",10,1014,0.0,LLVM,random,2,Prop0.01,100,True
MR,0.0426551512163803,"{""lasso__regressor__alpha"": 0.001}",10,1014,0.01,LLVM,random,2,Prop0.01,100,True
RF,0.0523734731883383,"{""max_features"": 1.0, ""min_samples_leaf"": 1, ""n_estimators"": 10}",10,1014,0.01,LLVM,random,2,Prop0.01,100,True
SVR,0.0561999368158951,"{""regressor__tol"": 0.3, ""regressor__shrinking"": false, ""regressor__epsilon"": 0.3, ""regressor__coef0"": 2.0, ""regressor__C"": 5.0}",10,1014,0.0,LLVM,random,2,Prop0.01,100,True
CART,0.0636568573738679,"{""max_features"": 1.0, ""min_samples_leaf"": 1, ""splitter"": ""random""}",20,1004,0.0,LLVM,random,2,Prop0.02,1,True
kNN,0.0562296692801765,"{""n_neighbors"": 8, ""p"": 1, ""weights"": ""distance""}",20,1004,0.01,LLVM,random,2,Prop0.02,1,True
KRR,0.0348836689820396,"{""regressor__kernel"": ""rbf"", ""regressor__gamma"": 0.01, ""regressor__alpha"": 0.0001}",20,1004,0.01,LLVM,random,2,Prop0.02,1,True
MR,0.0437887409133867,"{""lasso__regressor__alpha"": 0.001}",20,1004,0.01,LLVM,random,2,Prop0.02,1,True
RF,0.0513774234863948,"{""max_features"": 1.0, ""min_samples_leaf"": 1, ""n_estimators"": 15}",20,1004,0.03,LLVM,random,2,Prop0.02,1,True
SVR,0.0501602286061059,"{""regressor__tol"": 0.3, ""regressor__shrinking"": true, ""regressor__epsilon"": 0.1, ""regressor__coef0"": 0.0, ""regressor__C"": 5.0}",20,1004,0.0,LLVM,random,2,Prop0.02,1,True
CART,0.0331868931556013,"{""max_features"": 1.0, ""min_samples_leaf"": 1, ""splitter"": ""random""}",20,1004,0.0,LLVM,random,2,Prop0.02,2,True
kNN,0.0473879008168465,"{""n_neighbors"": 8, ""p"": 1, ""weights"": ""distance""}",20,1004,0.01,LLVM,random,2,Prop0.02,2,True
KRR,0.0359755245290236,"{""regressor__kernel"": ""rbf"", ""regressor__gamma"": 0.01, ""regressor__alpha"": 0.0001}",20,1004,0.01,LLVM,random,2,Prop0.02,2,True
MR,0.0448112552305363,"{""lasso__regressor__alpha"": 0.001}",20,1004,0.01,LLVM,random,2,Prop0.02,2,True
RF,0.0384983830074871,"{""max_features"": 1.0, ""min_samples_leaf"": 1, ""n_estimators"": 15}",20,1004,0.03,LLVM,random,2,Prop0.02,2,True
SVR,0.0392343129847655,"{""regressor__tol"": 0.3, ""regressor__shrinking"": true, ""regressor__epsilon"": 0.1, ""regressor__coef0"": 0.0, ""regressor__C"": 5.0}",20,1004,0.0,LLVM,random,2,Prop0.02,2,True
CART,0.0362950506756433,"{""max_features"": 1.0, ""min_samples_leaf"": 1, ""splitter"": ""random""}",20,1004,0.0,LLVM,random,2,Prop0.02,3,True
kNN,0.0436598967214328,"{""n_neighbors"": 8, ""p"": 1, ""weights"": ""distance""}",20,1004,0.0,LLVM,random,2,Prop0.02,3,True
KRR,0.042653106630059,"{""regressor__kernel"": ""rbf"", ""regressor__gamma"": 0.01, ""regressor__alpha"": 0.0001}",20,1004,0.01,LLVM,random,2,Prop0.02,3,True
MR,0.0387303487745441,"{""lasso__regressor__alpha"": 0.001}",20,1004,0.02,LLVM,random,2,Prop0.02,3,True
RF,0.0317878670629197,"{""max_features"": 1.0, ""min_samples_leaf"": 1, ""n_estimators"": 15}",20,1004,0.03,LLVM,random,2,Prop0.02,3,True
SVR,0.0357123164945466,"{""regressor__tol"": 0.3, ""regressor__shrinking"": true, ""regressor__epsilon"": 0.1, ""regressor__coef0"": 0.0, ""regressor__C"": 5.0}",20,1004,0.0,LLVM,random,2,Prop0.02,3,True
CART,0.0355343532666275,"{""max_features"": 1.0, ""min_samples_leaf"": 1, ""splitter"": ""random""}",20,1004,0.0,LLVM,random,2,Prop0.02,4,True
kNN,0.0484620574038495,"{""n_neighbors"": 8, ""p"": 1, ""weights"": ""distance""}",20,1004,0.0,LLVM,random,2,Prop0.02,4,True
KRR,0.0368015905517043,"{""regressor__kernel"": ""rbf"", ""regressor__gamma"": 0.01, ""regressor__alpha"": 0.0001}",20,1004,0.01,LLVM,random,2,Prop0.02,4,True
MR,0.0425061928108634,"{""lasso__regressor__alpha"": 0.001}",20,1004,0.01,LLVM,random,2,Prop0.02,4,True
RF,0.0417844221978522,"{""max_features"": 1.0, ""min_samples_leaf"": 1, ""n_estimators"": 15}",20,1004,0.03,LLVM,random,2,Prop0.02,4,True
SVR,0.0376697182707028,"{""regressor__tol"": 0.3, ""regressor__shrinking"": true, ""regressor__epsilon"": 0.1, ""regressor__coef0"": 0.0, ""regressor__C"": 5.0}",20,1004,0.0,LLVM,random,2,Prop0.02,4,True
CART,0.0442611692521857,"{""max_features"": 1.0, ""min_samples_leaf"": 1, ""splitter"": ""random""}",20,1004,0.0,LLVM,random,2,Prop0.02,5,True
kNN,0.0475947374273201,"{""n_neighbors"": 8, ""p"": 1, ""weights"": ""distance""}",20,1004,0.0,LLVM,random,2,Prop0.02,5,True
KRR,0.0567728661934927,"{""regressor__kernel"": ""rbf"", ""regressor__gamma"": 0.01, ""regressor__alpha"": 0.0001}",20,1004,0.0,LLVM,random,2,Prop0.02,5,True
MR,0.0612809952251766,"{""lasso__regressor__alpha"": 0.001}",20,1004,0.01,LLVM,random,2,Prop0.02,5,True
RF,0.0365477556339853,"{""max_features"": 1.0, ""min_samples_leaf"": 1, ""n_estimators"": 15}",20,1004,0.03,LLVM,random,2,Prop0.02,5,True
SVR,0.0395879270189138,"{""regressor__tol"": 0.3, ""regressor__shrinking"": true, ""regressor__epsilon"": 0.1, ""regressor__coef0"": 0.0, ""regressor__C"": 5.0}",20,1004,0.0,LLVM,random,2,Prop0.02,5,True
CART,0.0318814397831106,"{""max_features"": 1.0, ""min_samples_leaf"": 1, ""splitter"": ""random""}",20,1004,0.0,LLVM,random,2,Prop0.02,6,True
kNN,0.0469435481198901,"{""n_neighbors"": 8, ""p"": 1, ""weights"": ""distance""}",20,1004,0.0,LLVM,random,2,Prop0.02,6,True
KRR,0.0418669454736962,"{""regressor__kernel"": ""rbf"", ""regressor__gamma"": 0.01, ""regressor__alpha"": 0.0001}",20,1004,0.0,LLVM,random,2,Prop0.02,6,True
MR,0.0516931796531326,"{""lasso__regressor__alpha"": 0.001}",20,1004,0.01,LLVM,random,2,Prop0.02,6,True
RF,0.0495297510281963,"{""max_features"": 1.0, ""min_samples_leaf"": 1, ""n_estimators"": 15}",20,1004,0.03,LLVM,random,2,Prop0.02,6,True
SVR,0.0391409013775926,"{""regressor__tol"": 0.3, ""regressor__shrinking"": true, ""regressor__epsilon"": 0.1, ""regressor__coef0"": 0.0, ""regressor__C"": 5.0}",20,1004,0.0,LLVM,random,2,Prop0.02,6,True
CART,0.0386399545574841,"{""max_features"": 1.0, ""min_samples_leaf"": 1, ""splitter"": ""random""}",20,1004,0.0,LLVM,random,2,Prop0.02,7,True
kNN,0.0488730782372203,"{""n_neighbors"": 8, ""p"": 1, ""weights"": ""distance""}",20,1004,0.0,LLVM,random,2,Prop0.02,7,True
KRR,0.0577491990924305,"{""regressor__kernel"": ""rbf"", ""regressor__gamma"": 0.01, ""regressor__alpha"": 0.0001}",20,1004,0.0,LLVM,random,2,Prop0.02,7,True
MR,0.047826275940741,"{""lasso__regressor__alpha"": 0.001}",20,1004,0.01,LLVM,random,2,Prop0.02,7,True
RF,0.041421065503065,"{""max_features"": 1.0, ""min_samples_leaf"": 1, ""n_estimators"": 15}",20,1004,0.03,LLVM,random,2,Prop0.02,7,True
SVR,0.0420324314828051,"{""regressor__tol"": 0.3, ""regressor__shrinking"": true, ""regressor__epsilon"": 0.1, ""regressor__coef0"": 0.0, ""regressor__C"": 5.0}",20,1004,0.0,LLVM,random,2,Prop0.02,7,True
CART,0.0448917291513583,"{""max_features"": 1.0, ""min_samples_leaf"": 1, ""splitter"": ""random""}",20,1004,0.0,LLVM,random,2,Prop0.02,8,True
kNN,0.042273954349835,"{""n_neighbors"": 8, ""p"": 1, ""weights"": ""distance""}",20,1004,0.0,LLVM,random,2,Prop0.02,8,True
KRR,0.0310431650595672,"{""regressor__kernel"": ""rbf"", ""regressor__gamma"": 0.01, ""regressor__alpha"": 0.0001}",20,1004,0.0,LLVM,random,2,Prop0.02,8,True
MR,0.0372414907756484,"{""lasso__regressor__alpha"": 0.001}",20,1004,0.02,LLVM,random,2,Prop0.02,8,True
RF,0.0297038256412178,"{""max_features"": 1.0, ""min_samples_leaf"": 1, ""n_estimators"": 15}",20,1004,0.03,LLVM,random,2,Prop0.02,8,True
SVR,0.0363487273433025,"{""regressor__tol"": 0.3, ""regressor__shrinking"": true, ""regressor__epsilon"": 0.1, ""regressor__coef0"": 0.0, ""regressor__C"": 5.0}",20,1004,0.0,LLVM,random,2,Prop0.02,8,True
CART,0.0450776900502131,"{""max_features"": 1.0, ""min_samples_leaf"": 1, ""splitter"": ""random""}",20,1004,0.0,LLVM,random,2,Prop0.02,9,True
kNN,0.0466330741277887,"{""n_neighbors"": 8, ""p"": 1, ""weights"": ""distance""}",20,1004,0.0,LLVM,random,2,Prop0.02,9,True
KRR,0.0267276372850271,"{""regressor__kernel"": ""rbf"", ""regressor__gamma"": 0.01, ""regressor__alpha"": 0.0001}",20,1004,0.0,LLVM,random,2,Prop0.02,9,True
MR,0.0331956784253243,"{""lasso__regressor__alpha"": 0.001}",20,1004,0.01,LLVM,random,2,Prop0.02,9,True
RF,0.0384875657667872,"{""max_features"": 1.0, ""min_samples_leaf"": 1, ""n_estimators"": 15}",20,1004,0.03,LLVM,random,2,Prop0.02,9,True
SVR,0.0409556615655675,"{""regressor__tol"": 0.3, ""regressor__shrinking"": true, ""regressor__epsilon"": 0.1, ""regressor__coef0"": 0.0, ""regressor__C"": 5.0}",20,1004,0.0,LLVM,random,2,Prop0.02,9,True
CART,0.0465736145229248,"{""max_features"": 1.0, ""min_samples_leaf"": 1, ""splitter"": ""random""}",20,1004,0.0,LLVM,random,2,Prop0.02,10,True
kNN,0.0494450577594819,"{""n_neighbors"": 8, ""p"": 1, ""weights"": ""distance""}",20,1004,0.0,LLVM,random,2,Prop0.02,10,True
KRR,0.0346725734930987,"{""regressor__kernel"": ""rbf"", ""regressor__gamma"": 0.01, ""regressor__alpha"": 0.0001}",20,1004,0.0,LLVM,random,2,Prop0.02,10,True
MR,0.045787518994184,"{""lasso__regressor__alpha"": 0.001}",20,1004,0.01,LLVM,random,2,Prop0.02,10,True
RF,0.043421374842808,"{""max_features"": 1.0, ""min_samples_leaf"": 1, ""n_estimators"": 15}",20,1004,0.03,LLVM,random,2,Prop0.02,10,True
SVR,0.0439872635115564,"{""regressor__tol"": 0.3, ""regressor__shrinking"": true, ""regressor__epsilon"": 0.1, ""regressor__coef0"": 0.0, ""regressor__C"": 5.0}",20,1004,0.0,LLVM,random,2,Prop0.02,10,True
CART,0.0416232378888408,"{""max_features"": 1.0, ""min_samples_leaf"": 1, ""splitter"": ""random""}",20,1004,0.0,LLVM,random,2,Prop0.02,11,True
kNN,0.0473770598073508,"{""n_neighbors"": 8, ""p"": 1, ""weights"": ""distance""}",20,1004,0.0,LLVM,random,2,Prop0.02,11,True
KRR,0.0556040980688911,"{""regressor__kernel"": ""rbf"", ""regressor__gamma"": 0.01, ""regressor__alpha"": 0.0001}",20,1004,0.0,LLVM,random,2,Prop0.02,11,True
MR,0.0511895704866623,"{""lasso__regressor__alpha"": 0.001}",20,1004,0.01,LLVM,random,2,Prop0.02,11,True
RF,0.0380362844802023,"{""max_features"": 1.0, ""min_samples_leaf"": 1, ""n_estimators"": 15}",20,1004,0.03,LLVM,random,2,Prop0.02,11,True
SVR,0.0367558774894116,"{""regressor__tol"": 0.3, ""regressor__shrinking"": true, ""regressor__epsilon"": 0.1, ""regressor__coef0"": 0.0, ""regressor__C"": 5.0}",20,1004,0.0,LLVM,random,2,Prop0.02,11,True
CART,0.0683724077397053,"{""max_features"": 1.0, ""min_samples_leaf"": 1, ""splitter"": ""random""}",20,1004,0.0,LLVM,random,2,Prop0.02,12,True
kNN,0.0511230500541848,"{""n_neighbors"": 8, ""p"": 1, ""weights"": ""distance""}",20,1004,0.0,LLVM,random,2,Prop0.02,12,True
KRR,0.0465929221539066,"{""regressor__kernel"": ""rbf"", ""regressor__gamma"": 0.01, ""regressor__alpha"": 0.0001}",20,1004,0.0,LLVM,random,2,Prop0.02,12,True
MR,0.0537248216621506,"{""lasso__regressor__alpha"": 0.001}",20,1004,0.01,LLVM,random,2,Prop0.02,12,True
RF,0.0504053476884753,"{""max_features"": 1.0, ""min_samples_leaf"": 1, ""n_estimators"": 15}",20,1004,0.03,LLVM,random,2,Prop0.02,12,True
SVR,0.0488903932306649,"{""regressor__tol"": 0.3, ""regressor__shrinking"": true, ""regressor__epsilon"": 0.1, ""regressor__coef0"": 0.0, ""regressor__C"": 5.0}",20,1004,0.0,LLVM,random,2,Prop0.02,12,True
CART,0.0304790543510574,"{""max_features"": 1.0, ""min_samples_leaf"": 1, ""splitter"": ""random""}",20,1004,0.0,LLVM,random,2,Prop0.02,13,True
kNN,0.0531647443360588,"{""n_neighbors"": 8, ""p"": 1, ""weights"": ""distance""}",20,1004,0.0,LLVM,random,2,Prop0.02,13,True
KRR,0.0370805111088072,"{""regressor__kernel"": ""rbf"", ""regressor__gamma"": 0.01, ""regressor__alpha"": 0.0001}",20,1004,0.0,LLVM,random,2,Prop0.02,13,True
MR,0.0359869519914262,"{""lasso__regressor__alpha"": 0.001}",20,1004,0.01,LLVM,random,2,Prop0.02,13,True
RF,0.0321253727727422,"{""max_features"": 1.0, ""min_samples_leaf"": 1, ""n_estimators"": 15}",20,1004,0.03,LLVM,random,2,Prop0.02,13,True
SVR,0.0390956308127063,"{""regressor__tol"": 0.3, ""regressor__shrinking"": true, ""regressor__epsilon"": 0.1, ""regressor__coef0"": 0.0, ""regressor__C"": 5.0}",20,1004,0.0,LLVM,random,2,Prop0.02,13,True
CART,0.041682532283076,"{""max_features"": 1.0, ""min_samples_leaf"": 1, ""splitter"": ""random""}",20,1004,0.0,LLVM,random,2,Prop0.02,14,True
kNN,0.044853418258456,"{""n_neighbors"": 8, ""p"": 1, ""weights"": ""distance""}",20,1004,0.0,LLVM,random,2,Prop0.02,14,True
KRR,0.0323974808045551,"{""regressor__kernel"": ""rbf"", ""regressor__gamma"": 0.01, ""regressor__alpha"": 0.0001}",20,1004,0.0,LLVM,random,2,Prop0.02,14,True
MR,0.0428014732998712,"{""lasso__regressor__alpha"": 0.001}",20,1004,0.02,LLVM,random,2,Prop0.02,14,True
RF,0.0368568579143745,"{""max_features"": 1.0, ""min_samples_leaf"": 1, ""n_estimators"": 15}",20,1004,0.03,LLVM,random,2,Prop0.02,14,True
SVR,0.0385172024255614,"{""regressor__tol"": 0.3, ""regressor__shrinking"": true, ""regressor__epsilon"": 0.1, ""regressor__coef0"": 0.0, ""regressor__C"": 5.0}",20,1004,0.0,LLVM,random,2,Prop0.02,14,True
CART,0.0515882127796964,"{""max_features"": 1.0, ""min_samples_leaf"": 1, ""splitter"": ""random""}",20,1004,0.0,LLVM,random,2,Prop0.02,15,True
kNN,0.0480197849147349,"{""n_neighbors"": 8, ""p"": 1, ""weights"": ""distance""}",20,1004,0.0,LLVM,random,2,Prop0.02,15,True
KRR,0.0219937676062587,"{""regressor__kernel"": ""rbf"", ""regressor__gamma"": 0.01, ""regressor__alpha"": 0.0001}",20,1004,0.0,LLVM,random,2,Prop0.02,15,True
MR,0.0254063028107864,"{""lasso__regressor__alpha"": 0.001}",20,1004,0.01,LLVM,random,2,Prop0.02,15,True
RF,0.0389719335138511,"{""max_features"": 1.0, ""min_samples_leaf"": 1, ""n_estimators"": 15}",20,1004,0.03,LLVM,random,2,Prop0.02,15,True
SVR,0.0399892043594516,"{""regressor__tol"": 0.3, ""regressor__shrinking"": true, ""regressor__epsilon"": 0.1, ""regressor__coef0"": 0.0, ""regressor__C"": 5.0}",20,1004,0.0,LLVM,random,2,Prop0.02,15,True
CART,0.027545235975655,"{""max_features"": 1.0, ""min_samples_leaf"": 1, ""splitter"": ""random""}",20,1004,0.0,LLVM,random,2,Prop0.02,16,True
kNN,0.0472856380953832,"{""n_neighbors"": 8, ""p"": 1, ""weights"": ""distance""}",20,1004,0.0,LLVM,random,2,Prop0.02,16,True
KRR,0.0360959988172518,"{""regressor__kernel"": ""rbf"", ""regressor__gamma"": 0.01, ""regressor__alpha"": 0.0001}",20,1004,0.0,LLVM,random,2,Prop0.02,16,True
MR,0.0380828739149375,"{""lasso__regressor__alpha"": 0.001}",20,1004,0.01,LLVM,random,2,Prop0.02,16,True
RF,0.0342183147381859,"{""max_features"": 1.0, ""min_samples_leaf"": 1, ""n_estimators"": 15}",20,1004,0.03,LLVM,random,2,Prop0.02,16,True
SVR,0.0378403352443298,"{""regressor__tol"": 0.3, ""regressor__shrinking"": true, ""regressor__epsilon"": 0.1, ""regressor__coef0"": 0.0, ""regressor__C"": 5.0}",20,1004,0.0,LLVM,random,2,Prop0.02,16,True
CART,0.039074736987384,"{""max_features"": 1.0, ""min_samples_leaf"": 1, ""splitter"": ""random""}",20,1004,0.0,LLVM,random,2,Prop0.02,17,True
kNN,0.0518643367066822,"{""n_neighbors"": 8, ""p"": 1, ""weights"": ""distance""}",20,1004,0.0,LLVM,random,2,Prop0.02,17,True
KRR,0.0287066302619611,"{""regressor__kernel"": ""rbf"", ""regressor__gamma"": 0.01, ""regressor__alpha"": 0.0001}",20,1004,0.0,LLVM,random,2,Prop0.02,17,True
MR,0.037297794051498,"{""lasso__regressor__alpha"": 0.001}",20,1004,0.01,LLVM,random,2,Prop0.02,17,True
RF,0.048667423051651,"{""max_features"": 1.0, ""min_samples_leaf"": 1, ""n_estimators"": 15}",20,1004,0.03,LLVM,random,2,Prop0.02,17,True
SVR,0.0421916708945713,"{""regressor__tol"": 0.3, ""regressor__shrinking"": true, ""regressor__epsilon"": 0.1, ""regressor__coef0"": 0.0, ""regressor__C"": 5.0}",20,1004,0.0,LLVM,random,2,Prop0.02,17,True
CART,0.0570840308800807,"{""max_features"": 1.0, ""min_samples_leaf"": 1, ""splitter"": ""random""}",20,1004,0.0,LLVM,random,2,Prop0.02,18,True
kNN,0.0474524651381892,"{""n_neighbors"": 8, ""p"": 1, ""weights"": ""distance""}",20,1004,0.0,LLVM,random,2,Prop0.02,18,True
KRR,0.0412296471001979,"{""regressor__kernel"": ""rbf"", ""regressor__gamma"": 0.01, ""regressor__alpha"": 0.0001}",20,1004,0.0,LLVM,random,2,Prop0.02,18,True
MR,0.0441191521467767,"{""lasso__regressor__alpha"": 0.001}",20,1004,0.01,LLVM,random,2,Prop0.02,18,True
RF,0.0460914948402711,"{""max_features"": 1.0, ""min_samples_leaf"": 1, ""n_estimators"": 15}",20,1004,0.03,LLVM,random,2,Prop0.02,18,True
SVR,0.0424484736726899,"{""regressor__tol"": 0.3, ""regressor__shrinking"": true, ""regressor__epsilon"": 0.1, ""regressor__coef0"": 0.0, ""regressor__C"": 5.0}",20,1004,0.0,LLVM,random,2,Prop0.02,18,True
CART,0.0405007338041469,"{""max_features"": 1.0, ""min_samples_leaf"": 1, ""splitter"": ""random""}",20,1004,0.0,LLVM,random,2,Prop0.02,19,True
kNN,0.0517881682239163,"{""n_neighbors"": 8, ""p"": 1, ""weights"": ""distance""}",20,1004,0.0,LLVM,random,2,Prop0.02,19,True
KRR,0.0262245106580303,"{""regressor__kernel"": ""rbf"", ""regressor__gamma"": 0.01, ""regressor__alpha"": 0.0001}",20,1004,0.0,LLVM,random,2,Prop0.02,19,True
MR,0.0283754160657259,"{""lasso__regressor__alpha"": 0.001}",20,1004,0.01,LLVM,random,2,Prop0.02,19,True
RF,0.0428069761370034,"{""max_features"": 1.0, ""min_samples_leaf"": 1, ""n_estimators"": 15}",20,1004,0.03,LLVM,random,2,Prop0.02,19,True
SVR,0.0417614086098202,"{""regressor__tol"": 0.3, ""regressor__shrinking"": true, ""regressor__epsilon"": 0.1, ""regressor__coef0"": 0.0, ""regressor__C"": 5.0}",20,1004,0.0,LLVM,random,2,Prop0.02,19,True
CART,0.0487418908932594,"{""max_features"": 1.0, ""min_samples_leaf"": 1, ""splitter"": ""random""}",20,1004,0.0,LLVM,random,2,Prop0.02,20,True
kNN,0.04749930052184,"{""n_neighbors"": 8, ""p"": 1, ""weights"": ""distance""}",20,1004,0.0,LLVM,random,2,Prop0.02,20,True
KRR,0.0444784851039329,"{""regressor__kernel"": ""rbf"", ""regressor__gamma"": 0.01, ""regressor__alpha"": 0.0001}",20,1004,0.0,LLVM,random,2,Prop0.02,20,True
MR,0.0621086053023176,"{""lasso__regressor__alpha"": 0.001}",20,1004,0.01,LLVM,random,2,Prop0.02,20,True
RF,0.0489698819098521,"{""max_features"": 1.0, ""min_samples_leaf"": 1, ""n_estimators"": 15}",20,1004,0.03,LLVM,random,2,Prop0.02,20,True
SVR,0.0447243933056099,"{""regressor__tol"": 0.3, ""regressor__shrinking"": true, ""regressor__epsilon"": 0.1, ""regressor__coef0"": 0.0, ""regressor__C"": 5.0}",20,1004,0.0,LLVM,random,2,Prop0.02,20,True
CART,0.0385084522425751,"{""max_features"": 1.0, ""min_samples_leaf"": 1, ""splitter"": ""random""}",20,1004,0.0,LLVM,random,2,Prop0.02,21,True
kNN,0.046437992694091,"{""n_neighbors"": 8, ""p"": 1, ""weights"": ""distance""}",20,1004,0.0,LLVM,random,2,Prop0.02,21,True
KRR,0.0574013299861313,"{""regressor__kernel"": ""rbf"", ""regressor__gamma"": 0.01, ""regressor__alpha"": 0.0001}",20,1004,0.0,LLVM,random,2,Prop0.02,21,True
MR,0.0552584294737136,"{""lasso__regressor__alpha"": 0.001}",20,1004,0.01,LLVM,random,2,Prop0.02,21,True
RF,0.036545815952508,"{""max_features"": 1.0, ""min_samples_leaf"": 1, ""n_estimators"": 15}",20,1004,0.03,LLVM,random,2,Prop0.02,21,True
SVR,0.0367757405756289,"{""regressor__tol"": 0.3, ""regressor__shrinking"": true, ""regressor__epsilon"": 0.1, ""regressor__coef0"": 0.0, ""regressor__C"": 5.0}",20,1004,0.0,LLVM,random,2,Prop0.02,21,True
CART,0.051756417073391,"{""max_features"": 1.0, ""min_samples_leaf"": 1, ""splitter"": ""random""}",20,1004,0.0,LLVM,random,2,Prop0.02,22,True
kNN,0.0475034568059622,"{""n_neighbors"": 8, ""p"": 1, ""weights"": ""distance""}",20,1004,0.0,LLVM,random,2,Prop0.02,22,True
KRR,0.0373435449226381,"{""regressor__kernel"": ""rbf"", ""regressor__gamma"": 0.01, ""regressor__alpha"": 0.0001}",20,1004,0.0,LLVM,random,2,Prop0.02,22,True
MR,0.0435912298912127,"{""lasso__regressor__alpha"": 0.001}",20,1004,0.01,LLVM,random,2,Prop0.02,22,True
RF,0.0396066582047229,"{""max_features"": 1.0, ""min_samples_leaf"": 1, ""n_estimators"": 15}",20,1004,0.03,LLVM,random,2,Prop0.02,22,True
SVR,0.0415673621047428,"{""regressor__tol"": 0.3, ""regressor__shrinking"": true, ""regressor__epsilon"": 0.1, ""regressor__coef0"": 0.0, ""regressor__C"": 5.0}",20,1004,0.0,LLVM,random,2,Prop0.02,22,True
CART,0.0398426076738037,"{""max_features"": 1.0, ""min_samples_leaf"": 1, ""splitter"": ""random""}",20,1004,0.0,LLVM,random,2,Prop0.02,23,True
kNN,0.0452468982663585,"{""n_neighbors"": 8, ""p"": 1, ""weights"": ""distance""}",20,1004,0.0,LLVM,random,2,Prop0.02,23,True
KRR,0.0516834421930997,"{""regressor__kernel"": ""rbf"", ""regressor__gamma"": 0.01, ""regressor__alpha"": 0.0001}",20,1004,0.0,LLVM,random,2,Prop0.02,23,True
MR,0.0565110182255442,"{""lasso__regressor__alpha"": 0.001}",20,1004,0.01,LLVM,random,2,Prop0.02,23,True
RF,0.0390010897526441,"{""max_features"": 1.0, ""min_samples_leaf"": 1, ""n_estimators"": 15}",20,1004,0.03,LLVM,random,2,Prop0.02,23,True
SVR,0.0430913811978194,"{""regressor__tol"": 0.3, ""regressor__shrinking"": true, ""regressor__epsilon"": 0.1, ""regressor__coef0"": 0.0, ""regressor__C"": 5.0}",20,1004,0.0,LLVM,random,2,Prop0.02,23,True
CART,0.049034560907228,"{""max_features"": 1.0, ""min_samples_leaf"": 1, ""splitter"": ""random""}",20,1004,0.0,LLVM,random,2,Prop0.02,24,True
kNN,0.0494475754495997,"{""n_neighbors"": 8, ""p"": 1, ""weights"": ""distance""}",20,1004,0.0,LLVM,random,2,Prop0.02,24,True
KRR,0.0348948433883221,"{""regressor__kernel"": ""rbf"", ""regressor__gamma"": 0.01, ""regressor__alpha"": 0.0001}",20,1004,0.0,LLVM,random,2,Prop0.02,24,True
MR,0.0450637273324737,"{""lasso__regressor__alpha"": 0.001}",20,1004,0.01,LLVM,random,2,Prop0.02,24,True
RF,0.0361675455334985,"{""max_features"": 1.0, ""min_samples_leaf"": 1, ""n_estimators"": 15}",20,1004,0.03,LLVM,random,2,Prop0.02,24,True
SVR,0.0408047942071881,"{""regressor__tol"": 0.3, ""regressor__shrinking"": true, ""regressor__epsilon"": 0.1, ""regressor__coef0"": 0.0, ""regressor__C"": 5.0}",20,1004,0.0,LLVM,random,2,Prop0.02,24,True
CART,0.0559552448875094,"{""max_features"": 1.0, ""min_samples_leaf"": 1, ""splitter"": ""random""}",20,1004,0.0,LLVM,random,2,Prop0.02,25,True
kNN,0.0350890789769386,"{""n_neighbors"": 8, ""p"": 1, ""weights"": ""distance""}",20,1004,0.0,LLVM,random,2,Prop0.02,25,True
KRR,0.0365822731798812,"{""regressor__kernel"": ""rbf"", ""regressor__gamma"": 0.01, ""regressor__alpha"": 0.0001}",20,1004,0.0,LLVM,random,2,Prop0.02,25,True
MR,0.0421522847438481,"{""lasso__regressor__alpha"": 0.001}",20,1004,0.01,LLVM,random,2,Prop0.02,25,True
RF,0.0399964566742143,"{""max_features"": 1.0, ""min_samples_leaf"": 1, ""n_estimators"": 15}",20,1004,0.03,LLVM,random,2,Prop0.02,25,True
SVR,0.0336594985301548,"{""regressor__tol"": 0.3, ""regressor__shrinking"": true, ""regressor__epsilon"": 0.1, ""regressor__coef0"": 0.0, ""regressor__C"": 5.0}",20,1004,0.0,LLVM,random,2,Prop0.02,25,True
CART,0.0390850082562196,"{""max_features"": 1.0, ""min_samples_leaf"": 1, ""splitter"": ""random""}",20,1004,0.0,LLVM,random,2,Prop0.02,26,True
kNN,0.0523985404391192,"{""n_neighbors"": 8, ""p"": 1, ""weights"": ""distance""}",20,1004,0.0,LLVM,random,2,Prop0.02,26,True
KRR,0.0242872437895553,"{""regressor__kernel"": ""rbf"", ""regressor__gamma"": 0.01, ""regressor__alpha"": 0.0001}",20,1004,0.0,LLVM,random,2,Prop0.02,26,True
MR,0.0398802521266277,"{""lasso__regressor__alpha"": 0.001}",20,1004,0.01,LLVM,random,2,Prop0.02,26,True
RF,0.040634656117541,"{""max_features"": 1.0, ""min_samples_leaf"": 1, ""n_estimators"": 15}",20,1004,0.03,LLVM,random,2,Prop0.02,26,True
SVR,0.0433358333392918,"{""regressor__tol"": 0.3, ""regressor__shrinking"": true, ""regressor__epsilon"": 0.1, ""regressor__coef0"": 0.0, ""regressor__C"": 5.0}",20,1004,0.0,LLVM,random,2,Prop0.02,26,True
CART,0.0320377215691188,"{""max_features"": 1.0, ""min_samples_leaf"": 1, ""splitter"": ""random""}",20,1004,0.0,LLVM,random,2,Prop0.02,27,True
kNN,0.0481892678581768,"{""n_neighbors"": 8, ""p"": 1, ""weights"": ""distance""}",20,1004,0.0,LLVM,random,2,Prop0.02,27,True
KRR,0.0245540490662308,"{""regressor__kernel"": ""rbf"", ""regressor__gamma"": 0.01, ""regressor__alpha"": 0.0001}",20,1004,0.0,LLVM,random,2,Prop0.02,27,True
MR,0.0257151035072084,"{""lasso__regressor__alpha"": 0.001}",20,1004,0.01,LLVM,random,2,Prop0.02,27,True
RF,0.0365203738596585,"{""max_features"": 1.0, ""min_samples_leaf"": 1, ""n_estimators"": 15}",20,1004,0.03,LLVM,random,2,Prop0.02,27,True
SVR,0.0363561326128583,"{""regressor__tol"": 0.3, ""regressor__shrinking"": true, ""regressor__epsilon"": 0.1, ""regressor__coef0"": 0.0, ""regressor__C"": 5.0}",20,1004,0.0,LLVM,random,2,Prop0.02,27,True
CART,0.0347112723387408,"{""max_features"": 1.0, ""min_samples_leaf"": 1, ""splitter"": ""random""}",20,1004,0.0,LLVM,random,2,Prop0.02,28,True
kNN,0.0490877883230467,"{""n_neighbors"": 8, ""p"": 1, ""weights"": ""distance""}",20,1004,0.0,LLVM,random,2,Prop0.02,28,True
KRR,0.040141229855185,"{""regressor__kernel"": ""rbf"", ""regressor__gamma"": 0.01, ""regressor__alpha"": 0.0001}",20,1004,0.0,LLVM,random,2,Prop0.02,28,True
MR,0.0336784808154875,"{""lasso__regressor__alpha"": 0.001}",20,1004,0.01,LLVM,random,2,Prop0.02,28,True
RF,0.0399466529901725,"{""max_features"": 1.0, ""min_samples_leaf"": 1, ""n_estimators"": 15}",20,1004,0.03,LLVM,random,2,Prop0.02,28,True
SVR,0.0372832775025113,"{""regressor__tol"": 0.3, ""regressor__shrinking"": true, ""regressor__epsilon"": 0.1, ""regressor__coef0"": 0.0, ""regressor__C"": 5.0}",20,1004,0.0,LLVM,random,2,Prop0.02,28,True
CART,0.0556015923906232,"{""max_features"": 1.0, ""min_samples_leaf"": 1, ""splitter"": ""random""}",20,1004,0.0,LLVM,random,2,Prop0.02,29,True
kNN,0.0454398234803792,"{""n_neighbors"": 8, ""p"": 1, ""weights"": ""distance""}",20,1004,0.0,LLVM,random,2,Prop0.02,29,True
KRR,0.0274433300289684,"{""regressor__kernel"": ""rbf"", ""regressor__gamma"": 0.01, ""regressor__alpha"": 0.0001}",20,1004,0.0,LLVM,random,2,Prop0.02,29,True
MR,0.0297650043614485,"{""lasso__regressor__alpha"": 0.001}",20,1004,0.01,LLVM,random,2,Prop0.02,29,True
RF,0.0450121819379025,"{""max_features"": 1.0, ""min_samples_leaf"": 1, ""n_estimators"": 15}",20,1004,0.03,LLVM,random,2,Prop0.02,29,True
SVR,0.0376051795420746,"{""regressor__tol"": 0.3, ""regressor__shrinking"": true, ""regressor__epsilon"": 0.1, ""regressor__coef0"": 0.0, ""regressor__C"": 5.0}",20,1004,0.0,LLVM,random,2,Prop0.02,29,True
CART,0.0436787725394489,"{""max_features"": 1.0, ""min_samples_leaf"": 1, ""splitter"": ""random""}",20,1004,0.0,LLVM,random,2,Prop0.02,30,True
kNN,0.0455338365148673,"{""n_neighbors"": 8, ""p"": 1, ""weights"": ""distance""}",20,1004,0.0,LLVM,random,2,Prop0.02,30,True
KRR,0.0428481745407646,"{""regressor__kernel"": ""rbf"", ""regressor__gamma"": 0.01, ""regressor__alpha"": 0.0001}",20,1004,0.0,LLVM,random,2,Prop0.02,30,True
MR,0.0459290316103733,"{""lasso__regressor__alpha"": 0.001}",20,1004,0.02,LLVM,random,2,Prop0.02,30,True
RF,0.0364457152464464,"{""max_features"": 1.0, ""min_samples_leaf"": 1, ""n_estimators"": 15}",20,1004,0.03,LLVM,random,2,Prop0.02,30,True
SVR,0.037043164984974,"{""regressor__tol"": 0.3, ""regressor__shrinking"": true, ""regressor__epsilon"": 0.1, ""regressor__coef0"": 0.0, ""regressor__C"": 5.0}",20,1004,0.0,LLVM,random,2,Prop0.02,30,True
CART,0.0487315597199333,"{""max_features"": 1.0, ""min_samples_leaf"": 1, ""splitter"": ""random""}",20,1004,0.0,LLVM,random,2,Prop0.02,31,True
kNN,0.0451440444172229,"{""n_neighbors"": 8, ""p"": 1, ""weights"": ""distance""}",20,1004,0.0,LLVM,random,2,Prop0.02,31,True
KRR,0.0289912343813362,"{""regressor__kernel"": ""rbf"", ""regressor__gamma"": 0.01, ""regressor__alpha"": 0.0001}",20,1004,0.0,LLVM,random,2,Prop0.02,31,True
MR,0.0421307915432912,"{""lasso__regressor__alpha"": 0.001}",20,1004,0.01,LLVM,random,2,Prop0.02,31,True
RF,0.0326615845471556,"{""max_features"": 1.0, ""min_samples_leaf"": 1, ""n_estimators"": 15}",20,1004,0.03,LLVM,random,2,Prop0.02,31,True
SVR,0.0398555098008044,"{""regressor__tol"": 0.3, ""regressor__shrinking"": true, ""regressor__epsilon"": 0.1, ""regressor__coef0"": 0.0, ""regressor__C"": 5.0}",20,1004,0.0,LLVM,random,2,Prop0.02,31,True
CART,0.0482742325940675,"{""max_features"": 1.0, ""min_samples_leaf"": 1, ""splitter"": ""random""}",20,1004,0.0,LLVM,random,2,Prop0.02,32,True
kNN,0.0499471526229836,"{""n_neighbors"": 8, ""p"": 1, ""weights"": ""distance""}",20,1004,0.0,LLVM,random,2,Prop0.02,32,True
KRR,0.040974900728831,"{""regressor__kernel"": ""rbf"", ""regressor__gamma"": 0.01, ""regressor__alpha"": 0.0001}",20,1004,0.0,LLVM,random,2,Prop0.02,32,True
MR,0.0534226662893163,"{""lasso__regressor__alpha"": 0.001}",20,1004,0.02,LLVM,random,2,Prop0.02,32,True
RF,0.0427252327062285,"{""max_features"": 1.0, ""min_samples_leaf"": 1, ""n_estimators"": 15}",20,1004,0.03,LLVM,random,2,Prop0.02,32,True
SVR,0.0416290577122781,"{""regressor__tol"": 0.3, ""regressor__shrinking"": true, ""regressor__epsilon"": 0.1, ""regressor__coef0"": 0.0, ""regressor__C"": 5.0}",20,1004,0.0,LLVM,random,2,Prop0.02,32,True
CART,0.0489136232264848,"{""max_features"": 1.0, ""min_samples_leaf"": 1, ""splitter"": ""random""}",20,1004,0.0,LLVM,random,2,Prop0.02,33,True
kNN,0.0534323372630812,"{""n_neighbors"": 8, ""p"": 1, ""weights"": ""distance""}",20,1004,0.0,LLVM,random,2,Prop0.02,33,True
KRR,0.0302337235453735,"{""regressor__kernel"": ""rbf"", ""regressor__gamma"": 0.01, ""regressor__alpha"": 0.0001}",20,1004,0.0,LLVM,random,2,Prop0.02,33,True
MR,0.0385534513084977,"{""lasso__regressor__alpha"": 0.001}",20,1004,0.01,LLVM,random,2,Prop0.02,33,True
RF,0.0466563021234517,"{""max_features"": 1.0, ""min_samples_leaf"": 1, ""n_estimators"": 15}",20,1004,0.03,LLVM,random,2,Prop0.02,33,True
SVR,0.0442771489435342,"{""regressor__tol"": 0.3, ""regressor__shrinking"": true, ""regressor__epsilon"": 0.1, ""regressor__coef0"": 0.0, ""regressor__C"": 5.0}",20,1004,0.0,LLVM,random,2,Prop0.02,33,True
CART,0.0567106239938292,"{""max_features"": 1.0, ""min_samples_leaf"": 1, ""splitter"": ""random""}",20,1004,0.0,LLVM,random,2,Prop0.02,34,True
kNN,0.044782430982904,"{""n_neighbors"": 8, ""p"": 1, ""weights"": ""distance""}",20,1004,0.0,LLVM,random,2,Prop0.02,34,True
KRR,0.0303912080869534,"{""regressor__kernel"": ""rbf"", ""regressor__gamma"": 0.01, ""regressor__alpha"": 0.0001}",20,1004,0.0,LLVM,random,2,Prop0.02,34,True
MR,0.0417545521825848,"{""lasso__regressor__alpha"": 0.001}",20,1004,0.01,LLVM,random,2,Prop0.02,34,True
RF,0.0517261551083004,"{""max_features"": 1.0, ""min_samples_leaf"": 1, ""n_estimators"": 15}",20,1004,0.03,LLVM,random,2,Prop0.02,34,True
SVR,0.0393230891479026,"{""regressor__tol"": 0.3, ""regressor__shrinking"": true, ""regressor__epsilon"": 0.1, ""regressor__coef0"": 0.0, ""regressor__C"": 5.0}",20,1004,0.0,LLVM,random,2,Prop0.02,34,True
CART,0.0567332295795628,"{""max_features"": 1.0, ""min_samples_leaf"": 1, ""splitter"": ""random""}",20,1004,0.0,LLVM,random,2,Prop0.02,35,True
kNN,0.0492095393507201,"{""n_neighbors"": 8, ""p"": 1, ""weights"": ""distance""}",20,1004,0.0,LLVM,random,2,Prop0.02,35,True
KRR,0.0312122701725872,"{""regressor__kernel"": ""rbf"", ""regressor__gamma"": 0.01, ""regressor__alpha"": 0.0001}",20,1004,0.0,LLVM,random,2,Prop0.02,35,True
MR,0.0504456429543851,"{""lasso__regressor__alpha"": 0.001}",20,1004,0.01,LLVM,random,2,Prop0.02,35,True
RF,0.0458460758744111,"{""max_features"": 1.0, ""min_samples_leaf"": 1, ""n_estimators"": 15}",20,1004,0.03,LLVM,random,2,Prop0.02,35,True
SVR,0.0441523234283129,"{""regressor__tol"": 0.3, ""regressor__shrinking"": true, ""regressor__epsilon"": 0.1, ""regressor__coef0"": 0.0, ""regressor__C"": 5.0}",20,1004,0.0,LLVM,random,2,Prop0.02,35,True
CART,0.0328595906116569,"{""max_features"": 1.0, ""min_samples_leaf"": 1, ""splitter"": ""random""}",20,1004,0.0,LLVM,random,2,Prop0.02,36,True
kNN,0.0438945468559765,"{""n_neighbors"": 8, ""p"": 1, ""weights"": ""distance""}",20,1004,0.0,LLVM,random,2,Prop0.02,36,True
KRR,0.0374518329668054,"{""regressor__kernel"": ""rbf"", ""regressor__gamma"": 0.01, ""regressor__alpha"": 0.0001}",20,1004,0.0,LLVM,random,2,Prop0.02,36,True
MR,0.0502613399828881,"{""lasso__regressor__alpha"": 0.001}",20,1004,0.01,LLVM,random,2,Prop0.02,36,True
RF,0.0319589353772241,"{""max_features"": 1.0, ""min_samples_leaf"": 1, ""n_estimators"": 15}",20,1004,0.03,LLVM,random,2,Prop0.02,36,True
SVR,0.0441645523978806,"{""regressor__tol"": 0.3, ""regressor__shrinking"": true, ""regressor__epsilon"": 0.1, ""regressor__coef0"": 0.0, ""regressor__C"": 5.0}",20,1004,0.0,LLVM,random,2,Prop0.02,36,True
CART,0.0570073359952487,"{""max_features"": 1.0, ""min_samples_leaf"": 1, ""splitter"": ""random""}",20,1004,0.0,LLVM,random,2,Prop0.02,37,True
kNN,0.052285336250729,"{""n_neighbors"": 8, ""p"": 1, ""weights"": ""distance""}",20,1004,0.0,LLVM,random,2,Prop0.02,37,True
KRR,0.0348806012548009,"{""regressor__kernel"": ""rbf"", ""regressor__gamma"": 0.01, ""regressor__alpha"": 0.0001}",20,1004,0.0,LLVM,random,2,Prop0.02,37,True
MR,0.0438723576574031,"{""lasso__regressor__alpha"": 0.001}",20,1004,0.01,LLVM,random,2,Prop0.02,37,True
RF,0.0429690145621777,"{""max_features"": 1.0, ""min_samples_leaf"": 1, ""n_estimators"": 15}",20,1004,0.03,LLVM,random,2,Prop0.02,37,True
SVR,0.0463707842752249,"{""regressor__tol"": 0.3, ""regressor__shrinking"": true, ""regressor__epsilon"": 0.1, ""regressor__coef0"": 0.0, ""regressor__C"": 5.0}",20,1004,0.0,LLVM,random,2,Prop0.02,37,True
CART,0.0451674833742597,"{""max_features"": 1.0, ""min_samples_leaf"": 1, ""splitter"": ""random""}",20,1004,0.0,LLVM,random,2,Prop0.02,38,True
kNN,0.0457318868443666,"{""n_neighbors"": 8, ""p"": 1, ""weights"": ""distance""}",20,1004,0.0,LLVM,random,2,Prop0.02,38,True
KRR,0.0434620992090812,"{""regressor__kernel"": ""rbf"", ""regressor__gamma"": 0.01, ""regressor__alpha"": 0.0001}",20,1004,0.0,LLVM,random,2,Prop0.02,38,True
MR,0.0418518726941643,"{""lasso__regressor__alpha"": 0.001}",20,1004,0.01,LLVM,random,2,Prop0.02,38,True
RF,0.0368948810331565,"{""max_features"": 1.0, ""min_samples_leaf"": 1, ""n_estimators"": 15}",20,1004,0.03,LLVM,random,2,Prop0.02,38,True
SVR,0.036535401491511,"{""regressor__tol"": 0.3, ""regressor__shrinking"": true, ""regressor__epsilon"": 0.1, ""regressor__coef0"": 0.0, ""regressor__C"": 5.0}",20,1004,0.0,LLVM,random,2,Prop0.02,38,True
CART,0.0607287054444453,"{""max_features"": 1.0, ""min_samples_leaf"": 1, ""splitter"": ""random""}",20,1004,0.0,LLVM,random,2,Prop0.02,39,True
kNN,0.0501628115461749,"{""n_neighbors"": 8, ""p"": 1, ""weights"": ""distance""}",20,1004,0.0,LLVM,random,2,Prop0.02,39,True
KRR,0.0295601468369959,"{""regressor__kernel"": ""rbf"", ""regressor__gamma"": 0.01, ""regressor__alpha"": 0.0001}",20,1004,0.0,LLVM,random,2,Prop0.02,39,True
MR,0.0338022452140427,"{""lasso__regressor__alpha"": 0.001}",20,1004,0.01,LLVM,random,2,Prop0.02,39,True
RF,0.0464185882669835,"{""max_features"": 1.0, ""min_samples_leaf"": 1, ""n_estimators"": 15}",20,1004,0.03,LLVM,random,2,Prop0.02,39,True
SVR,0.0429118955894819,"{""regressor__tol"": 0.3, ""regressor__shrinking"": true, ""regressor__epsilon"": 0.1, ""regressor__coef0"": 0.0, ""regressor__C"": 5.0}",20,1004,0.0,LLVM,random,2,Prop0.02,39,True
CART,0.0495896352390343,"{""max_features"": 1.0, ""min_samples_leaf"": 1, ""splitter"": ""random""}",20,1004,0.0,LLVM,random,2,Prop0.02,40,True
kNN,0.0460422936903715,"{""n_neighbors"": 8, ""p"": 1, ""weights"": ""distance""}",20,1004,0.0,LLVM,random,2,Prop0.02,40,True
KRR,0.0285652167913738,"{""regressor__kernel"": ""rbf"", ""regressor__gamma"": 0.01, ""regressor__alpha"": 0.0001}",20,1004,0.0,LLVM,random,2,Prop0.02,40,True
MR,0.0403105789854388,"{""lasso__regressor__alpha"": 0.001}",20,1004,0.01,LLVM,random,2,Prop0.02,40,True
RF,0.0429333154451144,"{""max_features"": 1.0, ""min_samples_leaf"": 1, ""n_estimators"": 15}",20,1004,0.03,LLVM,random,2,Prop0.02,40,True
SVR,0.0402706409925258,"{""regressor__tol"": 0.3, ""regressor__shrinking"": true, ""regressor__epsilon"": 0.1, ""regressor__coef0"": 0.0, ""regressor__C"": 5.0}",20,1004,0.0,LLVM,random,2,Prop0.02,40,True
CART,0.0529156333998218,"{""max_features"": 1.0, ""min_samples_leaf"": 1, ""splitter"": ""random""}",20,1004,0.0,LLVM,random,2,Prop0.02,41,True
kNN,0.04945154479535,"{""n_neighbors"": 8, ""p"": 1, ""weights"": ""distance""}",20,1004,0.0,LLVM,random,2,Prop0.02,41,True
KRR,0.0414760185835782,"{""regressor__kernel"": ""rbf"", ""regressor__gamma"": 0.01, ""regressor__alpha"": 0.0001}",20,1004,0.0,LLVM,random,2,Prop0.02,41,True
MR,0.0500027598987393,"{""lasso__regressor__alpha"": 0.001}",20,1004,0.01,LLVM,random,2,Prop0.02,41,True
RF,0.0475801476600306,"{""max_features"": 1.0, ""min_samples_leaf"": 1, ""n_estimators"": 15}",20,1004,0.03,LLVM,random,2,Prop0.02,41,True
SVR,0.0443696502737284,"{""regressor__tol"": 0.3, ""regressor__shrinking"": true, ""regressor__epsilon"": 0.1, ""regressor__coef0"": 0.0, ""regressor__C"": 5.0}",20,1004,0.0,LLVM,random,2,Prop0.02,41,True
CART,0.0389627094204114,"{""max_features"": 1.0, ""min_samples_leaf"": 1, ""splitter"": ""random""}",20,1004,0.0,LLVM,random,2,Prop0.02,42,True
kNN,0.0458726043398809,"{""n_neighbors"": 8, ""p"": 1, ""weights"": ""distance""}",20,1004,0.0,LLVM,random,2,Prop0.02,42,True
KRR,0.0349811320424274,"{""regressor__kernel"": ""rbf"", ""regressor__gamma"": 0.01, ""regressor__alpha"": 0.0001}",20,1004,0.0,LLVM,random,2,Prop0.02,42,True
MR,0.0326800324477209,"{""lasso__regressor__alpha"": 0.001}",20,1004,0.01,LLVM,random,2,Prop0.02,42,True
RF,0.0347706517161292,"{""max_features"": 1.0, ""min_samples_leaf"": 1, ""n_estimators"": 15}",20,1004,0.03,LLVM,random,2,Prop0.02,42,True
SVR,0.0404132288415625,"{""regressor__tol"": 0.3, ""regressor__shrinking"": true, ""regressor__epsilon"": 0.1, ""regressor__coef0"": 0.0, ""regressor__C"": 5.0}",20,1004,0.0,LLVM,random,2,Prop0.02,42,True
CART,0.0541838147876763,"{""max_features"": 1.0, ""min_samples_leaf"": 1, ""splitter"": ""random""}",20,1004,0.0,LLVM,random,2,Prop0.02,43,True
kNN,0.0475561287359672,"{""n_neighbors"": 8, ""p"": 1, ""weights"": ""distance""}",20,1004,0.0,LLVM,random,2,Prop0.02,43,True
KRR,0.0258126149138442,"{""regressor__kernel"": ""rbf"", ""regressor__gamma"": 0.01, ""regressor__alpha"": 0.0001}",20,1004,0.0,LLVM,random,2,Prop0.02,43,True
MR,0.0365041108559747,"{""lasso__regressor__alpha"": 0.001}",20,1004,0.01,LLVM,random,2,Prop0.02,43,True
RF,0.0471296448293839,"{""max_features"": 1.0, ""min_samples_leaf"": 1, ""n_estimators"": 15}",20,1004,0.03,LLVM,random,2,Prop0.02,43,True
SVR,0.0413738277577743,"{""regressor__tol"": 0.3, ""regressor__shrinking"": true, ""regressor__epsilon"": 0.1, ""regressor__coef0"": 0.0, ""regressor__C"": 5.0}",20,1004,0.0,LLVM,random,2,Prop0.02,43,True
CART,0.0449507642080722,"{""max_features"": 1.0, ""min_samples_leaf"": 1, ""splitter"": ""random""}",20,1004,0.0,LLVM,random,2,Prop0.02,44,True
kNN,0.0397969257689148,"{""n_neighbors"": 8, ""p"": 1, ""weights"": ""distance""}",20,1004,0.0,LLVM,random,2,Prop0.02,44,True
KRR,0.0376732471415694,"{""regressor__kernel"": ""rbf"", ""regressor__gamma"": 0.01, ""regressor__alpha"": 0.0001}",20,1004,0.0,LLVM,random,2,Prop0.02,44,True
MR,0.0361907108791834,"{""lasso__regressor__alpha"": 0.001}",20,1004,0.01,LLVM,random,2,Prop0.02,44,True
RF,0.0357545105908743,"{""max_features"": 1.0, ""min_samples_leaf"": 1, ""n_estimators"": 15}",20,1004,0.03,LLVM,random,2,Prop0.02,44,True
SVR,0.0359366476200793,"{""regressor__tol"": 0.3, ""regressor__shrinking"": true, ""regressor__epsilon"": 0.1, ""regressor__coef0"": 0.0, ""regressor__C"": 5.0}",20,1004,0.0,LLVM,random,2,Prop0.02,44,True
CART,0.0591605568150879,"{""max_features"": 1.0, ""min_samples_leaf"": 1, ""splitter"": ""random""}",20,1004,0.0,LLVM,random,2,Prop0.02,45,True
kNN,0.0503976907033012,"{""n_neighbors"": 8, ""p"": 1, ""weights"": ""distance""}",20,1004,0.0,LLVM,random,2,Prop0.02,45,True
KRR,0.0702187617836987,"{""regressor__kernel"": ""rbf"", ""regressor__gamma"": 0.01, ""regressor__alpha"": 0.0001}",20,1004,0.0,LLVM,random,2,Prop0.02,45,True
MR,0.0651284339320434,"{""lasso__regressor__alpha"": 0.001}",20,1004,0.01,LLVM,random,2,Prop0.02,45,True
RF,0.0424963687845815,"{""max_features"": 1.0, ""min_samples_leaf"": 1, ""n_estimators"": 15}",20,1004,0.03,LLVM,random,2,Prop0.02,45,True
SVR,0.0411099906639733,"{""regressor__tol"": 0.3, ""regressor__shrinking"": true, ""regressor__epsilon"": 0.1, ""regressor__coef0"": 0.0, ""regressor__C"": 5.0}",20,1004,0.0,LLVM,random,2,Prop0.02,45,True
CART,0.0546393925959945,"{""max_features"": 1.0, ""min_samples_leaf"": 1, ""splitter"": ""random""}",20,1004,0.0,LLVM,random,2,Prop0.02,46,True
kNN,0.0441034290877065,"{""n_neighbors"": 8, ""p"": 1, ""weights"": ""distance""}",20,1004,0.0,LLVM,random,2,Prop0.02,46,True
KRR,0.044461421420424,"{""regressor__kernel"": ""rbf"", ""regressor__gamma"": 0.01, ""regressor__alpha"": 0.0001}",20,1004,0.0,LLVM,random,2,Prop0.02,46,True
MR,0.0363813849605296,"{""lasso__regressor__alpha"": 0.001}",20,1004,0.02,LLVM,random,2,Prop0.02,46,True
RF,0.0335208579844282,"{""max_features"": 1.0, ""min_samples_leaf"": 1, ""n_estimators"": 15}",20,1004,0.03,LLVM,random,2,Prop0.02,46,True
SVR,0.0361332220230923,"{""regressor__tol"": 0.3, ""regressor__shrinking"": true, ""regressor__epsilon"": 0.1, ""regressor__coef0"": 0.0, ""regressor__C"": 5.0}",20,1004,0.0,LLVM,random,2,Prop0.02,46,True
CART,0.0518219269781792,"{""max_features"": 1.0, ""min_samples_leaf"": 1, ""splitter"": ""random""}",20,1004,0.0,LLVM,random,2,Prop0.02,47,True
kNN,0.0488728251213876,"{""n_neighbors"": 8, ""p"": 1, ""weights"": ""distance""}",20,1004,0.0,LLVM,random,2,Prop0.02,47,True
KRR,0.0272982455130658,"{""regressor__kernel"": ""rbf"", ""regressor__gamma"": 0.01, ""regressor__alpha"": 0.0001}",20,1004,0.0,LLVM,random,2,Prop0.02,47,True
MR,0.0262103057841821,"{""lasso__regressor__alpha"": 0.001}",20,1004,0.01,LLVM,random,2,Prop0.02,47,True
RF,0.045423626368585,"{""max_features"": 1.0, ""min_samples_leaf"": 1, ""n_estimators"": 15}",20,1004,0.03,LLVM,random,2,Prop0.02,47,True
SVR,0.0427730624052272,"{""regressor__tol"": 0.3, ""regressor__shrinking"": true, ""regressor__epsilon"": 0.1, ""regressor__coef0"": 0.0, ""regressor__C"": 5.0}",20,1004,0.0,LLVM,random,2,Prop0.02,47,True
CART,0.0397487184238609,"{""max_features"": 1.0, ""min_samples_leaf"": 1, ""splitter"": ""random""}",20,1004,0.0,LLVM,random,2,Prop0.02,48,True
kNN,0.0499259300137475,"{""n_neighbors"": 8, ""p"": 1, ""weights"": ""distance""}",20,1004,0.0,LLVM,random,2,Prop0.02,48,True
KRR,0.0334799528892113,"{""regressor__kernel"": ""rbf"", ""regressor__gamma"": 0.01, ""regressor__alpha"": 0.0001}",20,1004,0.0,LLVM,random,2,Prop0.02,48,True
MR,0.0326527526784541,"{""lasso__regressor__alpha"": 0.001}",20,1004,0.01,LLVM,random,2,Prop0.02,48,True
RF,0.0388407926952796,"{""max_features"": 1.0, ""min_samples_leaf"": 1, ""n_estimators"": 15}",20,1004,0.03,LLVM,random,2,Prop0.02,48,True
SVR,0.0402472158458517,"{""regressor__tol"": 0.3, ""regressor__shrinking"": true, ""regressor__epsilon"": 0.1, ""regressor__coef0"": 0.0, ""regressor__C"": 5.0}",20,1004,0.0,LLVM,random,2,Prop0.02,48,True
CART,0.0689855973059319,"{""max_features"": 1.0, ""min_samples_leaf"": 1, ""splitter"": ""random""}",20,1004,0.0,LLVM,random,2,Prop0.02,49,True
kNN,0.0426423239825806,"{""n_neighbors"": 8, ""p"": 1, ""weights"": ""distance""}",20,1004,0.0,LLVM,random,2,Prop0.02,49,True
KRR,0.0388646979736689,"{""regressor__kernel"": ""rbf"", ""regressor__gamma"": 0.01, ""regressor__alpha"": 0.0001}",20,1004,0.0,LLVM,random,2,Prop0.02,49,True
MR,0.0400111797589874,"{""lasso__regressor__alpha"": 0.001}",20,1004,0.01,LLVM,random,2,Prop0.02,49,True
RF,0.043738191566276,"{""max_features"": 1.0, ""min_samples_leaf"": 1, ""n_estimators"": 15}",20,1004,0.03,LLVM,random,2,Prop0.02,49,True
SVR,0.0342233146882467,"{""regressor__tol"": 0.3, ""regressor__shrinking"": true, ""regressor__epsilon"": 0.1, ""regressor__coef0"": 0.0, ""regressor__C"": 5.0}",20,1004,0.0,LLVM,random,2,Prop0.02,49,True
CART,0.0441817745059471,"{""max_features"": 1.0, ""min_samples_leaf"": 1, ""splitter"": ""random""}",20,1004,0.0,LLVM,random,2,Prop0.02,50,True
kNN,0.0450390410850854,"{""n_neighbors"": 8, ""p"": 1, ""weights"": ""distance""}",20,1004,0.0,LLVM,random,2,Prop0.02,50,True
KRR,0.0247148594003129,"{""regressor__kernel"": ""rbf"", ""regressor__gamma"": 0.01, ""regressor__alpha"": 0.0001}",20,1004,0.0,LLVM,random,2,Prop0.02,50,True
MR,0.0284019464000462,"{""lasso__regressor__alpha"": 0.001}",20,1004,0.01,LLVM,random,2,Prop0.02,50,True
RF,0.0377109045761278,"{""max_features"": 1.0, ""min_samples_leaf"": 1, ""n_estimators"": 15}",20,1004,0.03,LLVM,random,2,Prop0.02,50,True
SVR,0.0385533777010633,"{""regressor__tol"": 0.3, ""regressor__shrinking"": true, ""regressor__epsilon"": 0.1, ""regressor__coef0"": 0.0, ""regressor__C"": 5.0}",20,1004,0.0,LLVM,random,2,Prop0.02,50,True
CART,0.0433689968323458,"{""max_features"": 1.0, ""min_samples_leaf"": 1, ""splitter"": ""random""}",20,1004,0.0,LLVM,random,2,Prop0.02,51,True
kNN,0.0418891702329602,"{""n_neighbors"": 8, ""p"": 1, ""weights"": ""distance""}",20,1004,0.0,LLVM,random,2,Prop0.02,51,True
KRR,0.0217136879393059,"{""regressor__kernel"": ""rbf"", ""regressor__gamma"": 0.01, ""regressor__alpha"": 0.0001}",20,1004,0.0,LLVM,random,2,Prop0.02,51,True
MR,0.0231414345413443,"{""lasso__regressor__alpha"": 0.001}",20,1004,0.01,LLVM,random,2,Prop0.02,51,True
RF,0.0312430336563007,"{""max_features"": 1.0, ""min_samples_leaf"": 1, ""n_estimators"": 15}",20,1004,0.03,LLVM,random,2,Prop0.02,51,True
SVR,0.0333090044176042,"{""regressor__tol"": 0.3, ""regressor__shrinking"": true, ""regressor__epsilon"": 0.1, ""regressor__coef0"": 0.0, ""regressor__C"": 5.0}",20,1004,0.0,LLVM,random,2,Prop0.02,51,True
CART,0.0541569946060643,"{""max_features"": 1.0, ""min_samples_leaf"": 1, ""splitter"": ""random""}",20,1004,0.0,LLVM,random,2,Prop0.02,52,True
kNN,0.0433734817036846,"{""n_neighbors"": 8, ""p"": 1, ""weights"": ""distance""}",20,1004,0.0,LLVM,random,2,Prop0.02,52,True
KRR,0.0277940724930665,"{""regressor__kernel"": ""rbf"", ""regressor__gamma"": 0.01, ""regressor__alpha"": 0.0001}",20,1004,0.0,LLVM,random,2,Prop0.02,52,True
MR,0.0315393303884966,"{""lasso__regressor__alpha"": 0.001}",20,1004,0.01,LLVM,random,2,Prop0.02,52,True
RF,0.0448658426569701,"{""max_features"": 1.0, ""min_samples_leaf"": 1, ""n_estimators"": 15}",20,1004,0.03,LLVM,random,2,Prop0.02,52,True
SVR,0.03883339935892,"{""regressor__tol"": 0.3, ""regressor__shrinking"": true, ""regressor__epsilon"": 0.1, ""regressor__coef0"": 0.0, ""regressor__C"": 5.0}",20,1004,0.0,LLVM,random,2,Prop0.02,52,True
CART,0.0286088982078307,"{""max_features"": 1.0, ""min_samples_leaf"": 1, ""splitter"": ""random""}",20,1004,0.0,LLVM,random,2,Prop0.02,53,True
kNN,0.0471951933923613,"{""n_neighbors"": 8, ""p"": 1, ""weights"": ""distance""}",20,1004,0.0,LLVM,random,2,Prop0.02,53,True
KRR,0.0359169628298246,"{""regressor__kernel"": ""rbf"", ""regressor__gamma"": 0.01, ""regressor__alpha"": 0.0001}",20,1004,0.0,LLVM,random,2,Prop0.02,53,True
MR,0.0449435658950065,"{""lasso__regressor__alpha"": 0.001}",20,1004,0.01,LLVM,random,2,Prop0.02,53,True
RF,0.0368393198522988,"{""max_features"": 1.0, ""min_samples_leaf"": 1, ""n_estimators"": 15}",20,1004,0.02,LLVM,random,2,Prop0.02,53,True
SVR,0.0395831792512514,"{""regressor__tol"": 0.3, ""regressor__shrinking"": true, ""regressor__epsilon"": 0.1, ""regressor__coef0"": 0.0, ""regressor__C"": 5.0}",20,1004,0.0,LLVM,random,2,Prop0.02,53,True
CART,0.0623762836535997,"{""max_features"": 1.0, ""min_samples_leaf"": 1, ""splitter"": ""random""}",20,1004,0.0,LLVM,random,2,Prop0.02,54,True
kNN,0.0494549259432851,"{""n_neighbors"": 8, ""p"": 1, ""weights"": ""distance""}",20,1004,0.0,LLVM,random,2,Prop0.02,54,True
KRR,0.037857350066489,"{""regressor__kernel"": ""rbf"", ""regressor__gamma"": 0.01, ""regressor__alpha"": 0.0001}",20,1004,0.0,LLVM,random,2,Prop0.02,54,True
MR,0.0400215693591273,"{""lasso__regressor__alpha"": 0.001}",20,1004,0.01,LLVM,random,2,Prop0.02,54,True
RF,0.0536163926549278,"{""max_features"": 1.0, ""min_samples_leaf"": 1, ""n_estimators"": 15}",20,1004,0.03,LLVM,random,2,Prop0.02,54,True
SVR,0.0437686955710837,"{""regressor__tol"": 0.3, ""regressor__shrinking"": true, ""regressor__epsilon"": 0.1, ""regressor__coef0"": 0.0, ""regressor__C"": 5.0}",20,1004,0.0,LLVM,random,2,Prop0.02,54,True
CART,0.0464421199001079,"{""max_features"": 1.0, ""min_samples_leaf"": 1, ""splitter"": ""random""}",20,1004,0.0,LLVM,random,2,Prop0.02,55,True
kNN,0.0488626537906168,"{""n_neighbors"": 8, ""p"": 1, ""weights"": ""distance""}",20,1004,0.0,LLVM,random,2,Prop0.02,55,True
KRR,0.0479418304949301,"{""regressor__kernel"": ""rbf"", ""regressor__gamma"": 0.01, ""regressor__alpha"": 0.0001}",20,1004,0.0,LLVM,random,2,Prop0.02,55,True
MR,0.0437875203668136,"{""lasso__regressor__alpha"": 0.001}",20,1004,0.01,LLVM,random,2,Prop0.02,55,True
RF,0.0412483433384351,"{""max_features"": 1.0, ""min_samples_leaf"": 1, ""n_estimators"": 15}",20,1004,0.03,LLVM,random,2,Prop0.02,55,True
SVR,0.0443118347192697,"{""regressor__tol"": 0.3, ""regressor__shrinking"": true, ""regressor__epsilon"": 0.1, ""regressor__coef0"": 0.0, ""regressor__C"": 5.0}",20,1004,0.0,LLVM,random,2,Prop0.02,55,True
CART,0.0479606707715324,"{""max_features"": 1.0, ""min_samples_leaf"": 1, ""splitter"": ""random""}",20,1004,0.0,LLVM,random,2,Prop0.02,56,True
kNN,0.046498062732138,"{""n_neighbors"": 8, ""p"": 1, ""weights"": ""distance""}",20,1004,0.0,LLVM,random,2,Prop0.02,56,True
KRR,0.0357036159197838,"{""regressor__kernel"": ""rbf"", ""regressor__gamma"": 0.01, ""regressor__alpha"": 0.0001}",20,1004,0.0,LLVM,random,2,Prop0.02,56,True
MR,0.0316588009775964,"{""lasso__regressor__alpha"": 0.001}",20,1004,0.01,LLVM,random,2,Prop0.02,56,True
RF,0.0368278174993874,"{""max_features"": 1.0, ""min_samples_leaf"": 1, ""n_estimators"": 15}",20,1004,0.03,LLVM,random,2,Prop0.02,56,True
SVR,0.0358908657992633,"{""regressor__tol"": 0.3, ""regressor__shrinking"": true, ""regressor__epsilon"": 0.1, ""regressor__coef0"": 0.0, ""regressor__C"": 5.0}",20,1004,0.0,LLVM,random,2,Prop0.02,56,True
CART,0.079539907033091,"{""max_features"": 1.0, ""min_samples_leaf"": 1, ""splitter"": ""random""}",20,1004,0.0,LLVM,random,2,Prop0.02,57,True
kNN,0.0501919710916767,"{""n_neighbors"": 8, ""p"": 1, ""weights"": ""distance""}",20,1004,0.0,LLVM,random,2,Prop0.02,57,True
KRR,0.0460375786284367,"{""regressor__kernel"": ""rbf"", ""regressor__gamma"": 0.01, ""regressor__alpha"": 0.0001}",20,1004,0.0,LLVM,random,2,Prop0.02,57,True
MR,0.056943457595193,"{""lasso__regressor__alpha"": 0.001}",20,1004,0.01,LLVM,random,2,Prop0.02,57,True
RF,0.0645843789155041,"{""max_features"": 1.0, ""min_samples_leaf"": 1, ""n_estimators"": 15}",20,1004,0.03,LLVM,random,2,Prop0.02,57,True
SVR,0.0472688663001527,"{""regressor__tol"": 0.3, ""regressor__shrinking"": true, ""regressor__epsilon"": 0.1, ""regressor__coef0"": 0.0, ""regressor__C"": 5.0}",20,1004,0.0,LLVM,random,2,Prop0.02,57,True
CART,0.0588541898626913,"{""max_features"": 1.0, ""min_samples_leaf"": 1, ""splitter"": ""random""}",20,1004,0.0,LLVM,random,2,Prop0.02,58,True
kNN,0.0436980255877102,"{""n_neighbors"": 8, ""p"": 1, ""weights"": ""distance""}",20,1004,0.0,LLVM,random,2,Prop0.02,58,True
KRR,0.0390051959438739,"{""regressor__kernel"": ""rbf"", ""regressor__gamma"": 0.01, ""regressor__alpha"": 0.0001}",20,1004,0.0,LLVM,random,2,Prop0.02,58,True
MR,0.0402961254021628,"{""lasso__regressor__alpha"": 0.001}",20,1004,0.02,LLVM,random,2,Prop0.02,58,True
RF,0.0439581399918394,"{""max_features"": 1.0, ""min_samples_leaf"": 1, ""n_estimators"": 15}",20,1004,0.03,LLVM,random,2,Prop0.02,58,True
SVR,0.0390972467577184,"{""regressor__tol"": 0.3, ""regressor__shrinking"": true, ""regressor__epsilon"": 0.1, ""regressor__coef0"": 0.0, ""regressor__C"": 5.0}",20,1004,0.0,LLVM,random,2,Prop0.02,58,True
CART,0.0533059455371073,"{""max_features"": 1.0, ""min_samples_leaf"": 1, ""splitter"": ""random""}",20,1004,0.0,LLVM,random,2,Prop0.02,59,True
kNN,0.0421786196648009,"{""n_neighbors"": 8, ""p"": 1, ""weights"": ""distance""}",20,1004,0.0,LLVM,random,2,Prop0.02,59,True
KRR,0.0403946873185394,"{""regressor__kernel"": ""rbf"", ""regressor__gamma"": 0.01, ""regressor__alpha"": 0.0001}",20,1004,0.0,LLVM,random,2,Prop0.02,59,True
MR,0.0406598137059715,"{""lasso__regressor__alpha"": 0.001}",20,1004,0.01,LLVM,random,2,Prop0.02,59,True
RF,0.0432035876367896,"{""max_features"": 1.0, ""min_samples_leaf"": 1, ""n_estimators"": 15}",20,1004,0.03,LLVM,random,2,Prop0.02,59,True
SVR,0.0364046248967087,"{""regressor__tol"": 0.3, ""regressor__shrinking"": true, ""regressor__epsilon"": 0.1, ""regressor__coef0"": 0.0, ""regressor__C"": 5.0}",20,1004,0.0,LLVM,random,2,Prop0.02,59,True
CART,0.0649281598401477,"{""max_features"": 1.0, ""min_samples_leaf"": 1, ""splitter"": ""random""}",20,1004,0.0,LLVM,random,2,Prop0.02,60,True
kNN,0.0542497750833342,"{""n_neighbors"": 8, ""p"": 1, ""weights"": ""distance""}",20,1004,0.0,LLVM,random,2,Prop0.02,60,True
KRR,0.0267204023300137,"{""regressor__kernel"": ""rbf"", ""regressor__gamma"": 0.01, ""regressor__alpha"": 0.0001}",20,1004,0.0,LLVM,random,2,Prop0.02,60,True
MR,0.030145135453706,"{""lasso__regressor__alpha"": 0.001}",20,1004,0.01,LLVM,random,2,Prop0.02,60,True
RF,0.0461234512755091,"{""max_features"": 1.0, ""min_samples_leaf"": 1, ""n_estimators"": 15}",20,1004,0.03,LLVM,random,2,Prop0.02,60,True
SVR,0.0450086023532443,"{""regressor__tol"": 0.3, ""regressor__shrinking"": true, ""regressor__epsilon"": 0.1, ""regressor__coef0"": 0.0, ""regressor__C"": 5.0}",20,1004,0.0,LLVM,random,2,Prop0.02,60,True
CART,0.0520502240834835,"{""max_features"": 1.0, ""min_samples_leaf"": 1, ""splitter"": ""random""}",20,1004,0.0,LLVM,random,2,Prop0.02,61,True
kNN,0.0495945402779058,"{""n_neighbors"": 8, ""p"": 1, ""weights"": ""distance""}",20,1004,0.0,LLVM,random,2,Prop0.02,61,True
KRR,0.0337697101093313,"{""regressor__kernel"": ""rbf"", ""regressor__gamma"": 0.01, ""regressor__alpha"": 0.0001}",20,1004,0.0,LLVM,random,2,Prop0.02,61,True
MR,0.0400349258233306,"{""lasso__regressor__alpha"": 0.001}",20,1004,0.01,LLVM,random,2,Prop0.02,61,True
RF,0.0485288486551841,"{""max_features"": 1.0, ""min_samples_leaf"": 1, ""n_estimators"": 15}",20,1004,0.02,LLVM,random,2,Prop0.02,61,True
SVR,0.0412588645717739,"{""regressor__tol"": 0.3, ""regressor__shrinking"": true, ""regressor__epsilon"": 0.1, ""regressor__coef0"": 0.0, ""regressor__C"": 5.0}",20,1004,0.0,LLVM,random,2,Prop0.02,61,True
CART,0.045204569470295,"{""max_features"": 1.0, ""min_samples_leaf"": 1, ""splitter"": ""random""}",20,1004,0.0,LLVM,random,2,Prop0.02,62,True
kNN,0.0547282863326467,"{""n_neighbors"": 8, ""p"": 1, ""weights"": ""distance""}",20,1004,0.0,LLVM,random,2,Prop0.02,62,True
KRR,0.0447180712739368,"{""regressor__kernel"": ""rbf"", ""regressor__gamma"": 0.01, ""regressor__alpha"": 0.0001}",20,1004,0.0,LLVM,random,2,Prop0.02,62,True
MR,0.0483058216272639,"{""lasso__regressor__alpha"": 0.001}",20,1004,0.01,LLVM,random,2,Prop0.02,62,True
RF,0.0410402708837448,"{""max_features"": 1.0, ""min_samples_leaf"": 1, ""n_estimators"": 15}",20,1004,0.03,LLVM,random,2,Prop0.02,62,True
SVR,0.0478073032916187,"{""regressor__tol"": 0.3, ""regressor__shrinking"": true, ""regressor__epsilon"": 0.1, ""regressor__coef0"": 0.0, ""regressor__C"": 5.0}",20,1004,0.0,LLVM,random,2,Prop0.02,62,True
CART,0.0548600465437065,"{""max_features"": 1.0, ""min_samples_leaf"": 1, ""splitter"": ""random""}",20,1004,0.0,LLVM,random,2,Prop0.02,63,True
kNN,0.0417380055917477,"{""n_neighbors"": 8, ""p"": 1, ""weights"": ""distance""}",20,1004,0.0,LLVM,random,2,Prop0.02,63,True
KRR,0.0263905361500534,"{""regressor__kernel"": ""rbf"", ""regressor__gamma"": 0.01, ""regressor__alpha"": 0.0001}",20,1004,0.0,LLVM,random,2,Prop0.02,63,True
MR,0.0368029182982762,"{""lasso__regressor__alpha"": 0.001}",20,1004,0.01,LLVM,random,2,Prop0.02,63,True
RF,0.0498268909967949,"{""max_features"": 1.0, ""min_samples_leaf"": 1, ""n_estimators"": 15}",20,1004,0.03,LLVM,random,2,Prop0.02,63,True
SVR,0.0401927307241318,"{""regressor__tol"": 0.3, ""regressor__shrinking"": true, ""regressor__epsilon"": 0.1, ""regressor__coef0"": 0.0, ""regressor__C"": 5.0}",20,1004,0.0,LLVM,random,2,Prop0.02,63,True
CART,0.0338834897558779,"{""max_features"": 1.0, ""min_samples_leaf"": 1, ""splitter"": ""random""}",20,1004,0.0,LLVM,random,2,Prop0.02,64,True
kNN,0.0449446139212583,"{""n_neighbors"": 8, ""p"": 1, ""weights"": ""distance""}",20,1004,0.0,LLVM,random,2,Prop0.02,64,True
KRR,0.0379255127664763,"{""regressor__kernel"": ""rbf"", ""regressor__gamma"": 0.01, ""regressor__alpha"": 0.0001}",20,1004,0.0,LLVM,random,2,Prop0.02,64,True
MR,0.0442601297169994,"{""lasso__regressor__alpha"": 0.001}",20,1004,0.01,LLVM,random,2,Prop0.02,64,True
RF,0.0354138806784677,"{""max_features"": 1.0, ""min_samples_leaf"": 1, ""n_estimators"": 15}",20,1004,0.03,LLVM,random,2,Prop0.02,64,True
SVR,0.0395386557254797,"{""regressor__tol"": 0.3, ""regressor__shrinking"": true, ""regressor__epsilon"": 0.1, ""regressor__coef0"": 0.0, ""regressor__C"": 5.0}",20,1004,0.0,LLVM,random,2,Prop0.02,64,True
CART,0.0338033460690947,"{""max_features"": 1.0, ""min_samples_leaf"": 1, ""splitter"": ""random""}",20,1004,0.0,LLVM,random,2,Prop0.02,65,True
kNN,0.0491536910227557,"{""n_neighbors"": 8, ""p"": 1, ""weights"": ""distance""}",20,1004,0.0,LLVM,random,2,Prop0.02,65,True
KRR,0.0465005016265376,"{""regressor__kernel"": ""rbf"", ""regressor__gamma"": 0.01, ""regressor__alpha"": 0.0001}",20,1004,0.0,LLVM,random,2,Prop0.02,65,True
MR,0.047777201080612,"{""lasso__regressor__alpha"": 0.001}",20,1004,0.01,LLVM,random,2,Prop0.02,65,True
RF,0.0442309319528142,"{""max_features"": 1.0, ""min_samples_leaf"": 1, ""n_estimators"": 15}",20,1004,0.03,LLVM,random,2,Prop0.02,65,True
SVR,0.0413417033723886,"{""regressor__tol"": 0.3, ""regressor__shrinking"": true, ""regressor__epsilon"": 0.1, ""regressor__coef0"": 0.0, ""regressor__C"": 5.0}",20,1004,0.0,LLVM,random,2,Prop0.02,65,True
CART,0.0419769709647781,"{""max_features"": 1.0, ""min_samples_leaf"": 1, ""splitter"": ""random""}",20,1004,0.0,LLVM,random,2,Prop0.02,66,True
kNN,0.0371140223834706,"{""n_neighbors"": 8, ""p"": 1, ""weights"": ""distance""}",20,1004,0.0,LLVM,random,2,Prop0.02,66,True
KRR,0.0316347569126369,"{""regressor__kernel"": ""rbf"", ""regressor__gamma"": 0.01, ""regressor__alpha"": 0.0001}",20,1004,0.0,LLVM,random,2,Prop0.02,66,True
MR,0.0405599440492838,"{""lasso__regressor__alpha"": 0.001}",20,1004,0.02,LLVM,random,2,Prop0.02,66,True
RF,0.0334196458520658,"{""max_features"": 1.0, ""min_samples_leaf"": 1, ""n_estimators"": 15}",20,1004,0.03,LLVM,random,2,Prop0.02,66,True
SVR,0.0328037629192666,"{""regressor__tol"": 0.3, ""regressor__shrinking"": true, ""regressor__epsilon"": 0.1, ""regressor__coef0"": 0.0, ""regressor__C"": 5.0}",20,1004,0.0,LLVM,random,2,Prop0.02,66,True
CART,0.0524446355408697,"{""max_features"": 1.0, ""min_samples_leaf"": 1, ""splitter"": ""random""}",20,1004,0.0,LLVM,random,2,Prop0.02,67,True
kNN,0.0466432141271737,"{""n_neighbors"": 8, ""p"": 1, ""weights"": ""distance""}",20,1004,0.0,LLVM,random,2,Prop0.02,67,True
KRR,0.028868094677435,"{""regressor__kernel"": ""rbf"", ""regressor__gamma"": 0.01, ""regressor__alpha"": 0.0001}",20,1004,0.0,LLVM,random,2,Prop0.02,67,True
MR,0.0333279441608057,"{""lasso__regressor__alpha"": 0.001}",20,1004,0.01,LLVM,random,2,Prop0.02,67,True
RF,0.0379461363756337,"{""max_features"": 1.0, ""min_samples_leaf"": 1, ""n_estimators"": 15}",20,1004,0.03,LLVM,random,2,Prop0.02,67,True
SVR,0.0370070322865612,"{""regressor__tol"": 0.3, ""regressor__shrinking"": true, ""regressor__epsilon"": 0.1, ""regressor__coef0"": 0.0, ""regressor__C"": 5.0}",20,1004,0.0,LLVM,random,2,Prop0.02,67,True
CART,0.0550292273620215,"{""max_features"": 1.0, ""min_samples_leaf"": 1, ""splitter"": ""random""}",20,1004,0.0,LLVM,random,2,Prop0.02,68,True
kNN,0.0466503612899178,"{""n_neighbors"": 8, ""p"": 1, ""weights"": ""distance""}",20,1004,0.0,LLVM,random,2,Prop0.02,68,True
KRR,0.0363300657919284,"{""regressor__kernel"": ""rbf"", ""regressor__gamma"": 0.01, ""regressor__alpha"": 0.0001}",20,1004,0.0,LLVM,random,2,Prop0.02,68,True
MR,0.0382911152997061,"{""lasso__regressor__alpha"": 0.001}",20,1004,0.01,LLVM,random,2,Prop0.02,68,True
RF,0.0376873159012874,"{""max_features"": 1.0, ""min_samples_leaf"": 1, ""n_estimators"": 15}",20,1004,0.03,LLVM,random,2,Prop0.02,68,True
SVR,0.0375342420742566,"{""regressor__tol"": 0.3, ""regressor__shrinking"": true, ""regressor__epsilon"": 0.1, ""regressor__coef0"": 0.0, ""regressor__C"": 5.0}",20,1004,0.0,LLVM,random,2,Prop0.02,68,True
CART,0.0657405551121105,"{""max_features"": 1.0, ""min_samples_leaf"": 1, ""splitter"": ""random""}",20,1004,0.0,LLVM,random,2,Prop0.02,69,True
kNN,0.0413334383977455,"{""n_neighbors"": 8, ""p"": 1, ""weights"": ""distance""}",20,1004,0.0,LLVM,random,2,Prop0.02,69,True
KRR,0.0404370644466655,"{""regressor__kernel"": ""rbf"", ""regressor__gamma"": 0.01, ""regressor__alpha"": 0.0001}",20,1004,0.0,LLVM,random,2,Prop0.02,69,True
MR,0.056826059027726,"{""lasso__regressor__alpha"": 0.001}",20,1004,0.01,LLVM,random,2,Prop0.02,69,True
RF,0.0476928826214785,"{""max_features"": 1.0, ""min_samples_leaf"": 1, ""n_estimators"": 15}",20,1004,0.02,LLVM,random,2,Prop0.02,69,True
SVR,0.0367086364273557,"{""regressor__tol"": 0.3, ""regressor__shrinking"": true, ""regressor__epsilon"": 0.1, ""regressor__coef0"": 0.0, ""regressor__C"": 5.0}",20,1004,0.0,LLVM,random,2,Prop0.02,69,True
CART,0.0478539638662888,"{""max_features"": 1.0, ""min_samples_leaf"": 1, ""splitter"": ""random""}",20,1004,0.0,LLVM,random,2,Prop0.02,70,True
kNN,0.0493416755311033,"{""n_neighbors"": 8, ""p"": 1, ""weights"": ""distance""}",20,1004,0.0,LLVM,random,2,Prop0.02,70,True
KRR,0.0405329056045873,"{""regressor__kernel"": ""rbf"", ""regressor__gamma"": 0.01, ""regressor__alpha"": 0.0001}",20,1004,0.0,LLVM,random,2,Prop0.02,70,True
MR,0.0404035056954026,"{""lasso__regressor__alpha"": 0.001}",20,1004,0.01,LLVM,random,2,Prop0.02,70,True
RF,0.0413216656699351,"{""max_features"": 1.0, ""min_samples_leaf"": 1, ""n_estimators"": 15}",20,1004,0.03,LLVM,random,2,Prop0.02,70,True
SVR,0.0425275002699937,"{""regressor__tol"": 0.3, ""regressor__shrinking"": true, ""regressor__epsilon"": 0.1, ""regressor__coef0"": 0.0, ""regressor__C"": 5.0}",20,1004,0.0,LLVM,random,2,Prop0.02,70,True
CART,0.0472954703869372,"{""max_features"": 1.0, ""min_samples_leaf"": 1, ""splitter"": ""random""}",20,1004,0.0,LLVM,random,2,Prop0.02,71,True
kNN,0.0527761382356597,"{""n_neighbors"": 8, ""p"": 1, ""weights"": ""distance""}",20,1004,0.0,LLVM,random,2,Prop0.02,71,True
KRR,0.0297217603536371,"{""regressor__kernel"": ""rbf"", ""regressor__gamma"": 0.01, ""regressor__alpha"": 0.0001}",20,1004,0.0,LLVM,random,2,Prop0.02,71,True
MR,0.0330504498107953,"{""lasso__regressor__alpha"": 0.001}",20,1004,0.01,LLVM,random,2,Prop0.02,71,True
RF,0.0435896335205943,"{""max_features"": 1.0, ""min_samples_leaf"": 1, ""n_estimators"": 15}",20,1004,0.03,LLVM,random,2,Prop0.02,71,True
SVR,0.0474623922397804,"{""regressor__tol"": 0.3, ""regressor__shrinking"": true, ""regressor__epsilon"": 0.1, ""regressor__coef0"": 0.0, ""regressor__C"": 5.0}",20,1004,0.0,LLVM,random,2,Prop0.02,71,True
CART,0.0469355226947403,"{""max_features"": 1.0, ""min_samples_leaf"": 1, ""splitter"": ""random""}",20,1004,0.0,LLVM,random,2,Prop0.02,72,True
kNN,0.054207201893292,"{""n_neighbors"": 8, ""p"": 1, ""weights"": ""distance""}",20,1004,0.0,LLVM,random,2,Prop0.02,72,True
KRR,0.0373483196097624,"{""regressor__kernel"": ""rbf"", ""regressor__gamma"": 0.01, ""regressor__alpha"": 0.0001}",20,1004,0.0,LLVM,random,2,Prop0.02,72,True
MR,0.051312263994289,"{""lasso__regressor__alpha"": 0.001}",20,1004,0.01,LLVM,random,2,Prop0.02,72,True
RF,0.0463551870002035,"{""max_features"": 1.0, ""min_samples_leaf"": 1, ""n_estimators"": 15}",20,1004,0.03,LLVM,random,2,Prop0.02,72,True
SVR,0.0484836817652604,"{""regressor__tol"": 0.3, ""regressor__shrinking"": true, ""regressor__epsilon"": 0.1, ""regressor__coef0"": 0.0, ""regressor__C"": 5.0}",20,1004,0.0,LLVM,random,2,Prop0.02,72,True
CART,0.0352934124386013,"{""max_features"": 1.0, ""min_samples_leaf"": 1, ""splitter"": ""random""}",20,1004,0.0,LLVM,random,2,Prop0.02,73,True
kNN,0.0446958643334628,"{""n_neighbors"": 8, ""p"": 1, ""weights"": ""distance""}",20,1004,0.0,LLVM,random,2,Prop0.02,73,True
KRR,0.0369598110373751,"{""regressor__kernel"": ""rbf"", ""regressor__gamma"": 0.01, ""regressor__alpha"": 0.0001}",20,1004,0.0,LLVM,random,2,Prop0.02,73,True
MR,0.0358552753180699,"{""lasso__regressor__alpha"": 0.001}",20,1004,0.01,LLVM,random,2,Prop0.02,73,True
RF,0.0311754615979029,"{""max_features"": 1.0, ""min_samples_leaf"": 1, ""n_estimators"": 15}",20,1004,0.03,LLVM,random,2,Prop0.02,73,True
SVR,0.0380745631287756,"{""regressor__tol"": 0.3, ""regressor__shrinking"": true, ""regressor__epsilon"": 0.1, ""regressor__coef0"": 0.0, ""regressor__C"": 5.0}",20,1004,0.0,LLVM,random,2,Prop0.02,73,True
CART,0.0540311414149681,"{""max_features"": 1.0, ""min_samples_leaf"": 1, ""splitter"": ""random""}",20,1004,0.0,LLVM,random,2,Prop0.02,74,True
kNN,0.0439353984766552,"{""n_neighbors"": 8, ""p"": 1, ""weights"": ""distance""}",20,1004,0.0,LLVM,random,2,Prop0.02,74,True
KRR,0.0338236350923449,"{""regressor__kernel"": ""rbf"", ""regressor__gamma"": 0.01, ""regressor__alpha"": 0.0001}",20,1004,0.0,LLVM,random,2,Prop0.02,74,True
MR,0.0514523750475068,"{""lasso__regressor__alpha"": 0.001}",20,1004,0.01,LLVM,random,2,Prop0.02,74,True
RF,0.036596899798304,"{""max_features"": 1.0, ""min_samples_leaf"": 1, ""n_estimators"": 15}",20,1004,0.03,LLVM,random,2,Prop0.02,74,True
SVR,0.0360378546881228,"{""regressor__tol"": 0.3, ""regressor__shrinking"": true, ""regressor__epsilon"": 0.1, ""regressor__coef0"": 0.0, ""regressor__C"": 5.0}",20,1004,0.0,LLVM,random,2,Prop0.02,74,True
CART,0.0411919907968469,"{""max_features"": 1.0, ""min_samples_leaf"": 1, ""splitter"": ""random""}",20,1004,0.0,LLVM,random,2,Prop0.02,75,True
kNN,0.0464526259558792,"{""n_neighbors"": 8, ""p"": 1, ""weights"": ""distance""}",20,1004,0.0,LLVM,random,2,Prop0.02,75,True
KRR,0.023962117736897,"{""regressor__kernel"": ""rbf"", ""regressor__gamma"": 0.01, ""regressor__alpha"": 0.0001}",20,1004,0.0,LLVM,random,2,Prop0.02,75,True
MR,0.0334056005727112,"{""lasso__regressor__alpha"": 0.001}",20,1004,0.01,LLVM,random,2,Prop0.02,75,True
RF,0.0419885120123344,"{""max_features"": 1.0, ""min_samples_leaf"": 1, ""n_estimators"": 15}",20,1004,0.03,LLVM,random,2,Prop0.02,75,True
SVR,0.0408381334934549,"{""regressor__tol"": 0.3, ""regressor__shrinking"": true, ""regressor__epsilon"": 0.1, ""regressor__coef0"": 0.0, ""regressor__C"": 5.0}",20,1004,0.0,LLVM,random,2,Prop0.02,75,True
CART,0.0436046358766306,"{""max_features"": 1.0, ""min_samples_leaf"": 1, ""splitter"": ""random""}",20,1004,0.0,LLVM,random,2,Prop0.02,76,True
kNN,0.0512918064903249,"{""n_neighbors"": 8, ""p"": 1, ""weights"": ""distance""}",20,1004,0.0,LLVM,random,2,Prop0.02,76,True
KRR,0.0421081571826827,"{""regressor__kernel"": ""rbf"", ""regressor__gamma"": 0.01, ""regressor__alpha"": 0.0001}",20,1004,0.0,LLVM,random,2,Prop0.02,76,True
MR,0.0406925394613444,"{""lasso__regressor__alpha"": 0.001}",20,1004,0.01,LLVM,random,2,Prop0.02,76,True
RF,0.0462421284287764,"{""max_features"": 1.0, ""min_samples_leaf"": 1, ""n_estimators"": 15}",20,1004,0.03,LLVM,random,2,Prop0.02,76,True
SVR,0.0476443460547523,"{""regressor__tol"": 0.3, ""regressor__shrinking"": true, ""regressor__epsilon"": 0.1, ""regressor__coef0"": 0.0, ""regressor__C"": 5.0}",20,1004,0.0,LLVM,random,2,Prop0.02,76,True
CART,0.0358058819672488,"{""max_features"": 1.0, ""min_samples_leaf"": 1, ""splitter"": ""random""}",20,1004,0.0,LLVM,random,2,Prop0.02,77,True
kNN,0.0459973395861839,"{""n_neighbors"": 8, ""p"": 1, ""weights"": ""distance""}",20,1004,0.0,LLVM,random,2,Prop0.02,77,True
KRR,0.0447235207753729,"{""regressor__kernel"": ""rbf"", ""regressor__gamma"": 0.01, ""regressor__alpha"": 0.0001}",20,1004,0.0,LLVM,random,2,Prop0.02,77,True
MR,0.0553226674861314,"{""lasso__regressor__alpha"": 0.001}",20,1004,0.01,LLVM,random,2,Prop0.02,77,True
RF,0.037464933089759,"{""max_features"": 1.0, ""min_samples_leaf"": 1, ""n_estimators"": 15}",20,1004,0.03,LLVM,random,2,Prop0.02,77,True
SVR,0.0379756250877434,"{""regressor__tol"": 0.3, ""regressor__shrinking"": true, ""regressor__epsilon"": 0.1, ""regressor__coef0"": 0.0, ""regressor__C"": 5.0}",20,1004,0.0,LLVM,random,2,Prop0.02,77,True
CART,0.0455876319812939,"{""max_features"": 1.0, ""min_samples_leaf"": 1, ""splitter"": ""random""}",20,1004,0.0,LLVM,random,2,Prop0.02,78,True
kNN,0.0526567811278283,"{""n_neighbors"": 8, ""p"": 1, ""weights"": ""distance""}",20,1004,0.0,LLVM,random,2,Prop0.02,78,True
KRR,0.0366811490148157,"{""regressor__kernel"": ""rbf"", ""regressor__gamma"": 0.01, ""regressor__alpha"": 0.0001}",20,1004,0.0,LLVM,random,2,Prop0.02,78,True
MR,0.0364712226339275,"{""lasso__regressor__alpha"": 0.001}",20,1004,0.01,LLVM,random,2,Prop0.02,78,True
RF,0.0481268106212006,"{""max_features"": 1.0, ""min_samples_leaf"": 1, ""n_estimators"": 15}",20,1004,0.03,LLVM,random,2,Prop0.02,78,True
SVR,0.0445361432745059,"{""regressor__tol"": 0.3, ""regressor__shrinking"": true, ""regressor__epsilon"": 0.1, ""regressor__coef0"": 0.0, ""regressor__C"": 5.0}",20,1004,0.0,LLVM,random,2,Prop0.02,78,True
CART,0.0526639711949948,"{""max_features"": 1.0, ""min_samples_leaf"": 1, ""splitter"": ""random""}",20,1004,0.0,LLVM,random,2,Prop0.02,79,True
kNN,0.0582318320063665,"{""n_neighbors"": 8, ""p"": 1, ""weights"": ""distance""}",20,1004,0.0,LLVM,random,2,Prop0.02,79,True
KRR,0.0340599486559656,"{""regressor__kernel"": ""rbf"", ""regressor__gamma"": 0.01, ""regressor__alpha"": 0.0001}",20,1004,0.0,LLVM,random,2,Prop0.02,79,True
MR,0.0413817008046156,"{""lasso__regressor__alpha"": 0.001}",20,1004,0.01,LLVM,random,2,Prop0.02,79,True
RF,0.0529103379159966,"{""max_features"": 1.0, ""min_samples_leaf"": 1, ""n_estimators"": 15}",20,1004,0.03,LLVM,random,2,Prop0.02,79,True
SVR,0.051381206284923,"{""regressor__tol"": 0.3, ""regressor__shrinking"": true, ""regressor__epsilon"": 0.1, ""regressor__coef0"": 0.0, ""regressor__C"": 5.0}",20,1004,0.0,LLVM,random,2,Prop0.02,79,True
CART,0.0396587423193449,"{""max_features"": 1.0, ""min_samples_leaf"": 1, ""splitter"": ""random""}",20,1004,0.0,LLVM,random,2,Prop0.02,80,True
kNN,0.0473777251949608,"{""n_neighbors"": 8, ""p"": 1, ""weights"": ""distance""}",20,1004,0.0,LLVM,random,2,Prop0.02,80,True
KRR,0.0218278233294741,"{""regressor__kernel"": ""rbf"", ""regressor__gamma"": 0.01, ""regressor__alpha"": 0.0001}",20,1004,0.0,LLVM,random,2,Prop0.02,80,True
MR,0.0305346036120428,"{""lasso__regressor__alpha"": 0.001}",20,1004,0.01,LLVM,random,2,Prop0.02,80,True
RF,0.036205185679113,"{""max_features"": 1.0, ""min_samples_leaf"": 1, ""n_estimators"": 15}",20,1004,0.03,LLVM,random,2,Prop0.02,80,True
SVR,0.0402509542408175,"{""regressor__tol"": 0.3, ""regressor__shrinking"": true, ""regressor__epsilon"": 0.1, ""regressor__coef0"": 0.0, ""regressor__C"": 5.0}",20,1004,0.0,LLVM,random,2,Prop0.02,80,True
CART,0.0572895668271046,"{""max_features"": 1.0, ""min_samples_leaf"": 1, ""splitter"": ""random""}",20,1004,0.0,LLVM,random,2,Prop0.02,81,True
kNN,0.0517793674053454,"{""n_neighbors"": 8, ""p"": 1, ""weights"": ""distance""}",20,1004,0.0,LLVM,random,2,Prop0.02,81,True
KRR,0.0321408545718066,"{""regressor__kernel"": ""rbf"", ""regressor__gamma"": 0.01, ""regressor__alpha"": 0.0001}",20,1004,0.0,LLVM,random,2,Prop0.02,81,True
MR,0.0383008257365739,"{""lasso__regressor__alpha"": 0.001}",20,1004,0.01,LLVM,random,2,Prop0.02,81,True
RF,0.0372322881812275,"{""max_features"": 1.0, ""min_samples_leaf"": 1, ""n_estimators"": 15}",20,1004,0.03,LLVM,random,2,Prop0.02,81,True
SVR,0.0419386138096374,"{""regressor__tol"": 0.3, ""regressor__shrinking"": true, ""regressor__epsilon"": 0.1, ""regressor__coef0"": 0.0, ""regressor__C"": 5.0}",20,1004,0.0,LLVM,random,2,Prop0.02,81,True
CART,0.058790015998016,"{""max_features"": 1.0, ""min_samples_leaf"": 1, ""splitter"": ""random""}",20,1004,0.0,LLVM,random,2,Prop0.02,82,True
kNN,0.0408452177555885,"{""n_neighbors"": 8, ""p"": 1, ""weights"": ""distance""}",20,1004,0.0,LLVM,random,2,Prop0.02,82,True
KRR,0.0454115090847567,"{""regressor__kernel"": ""rbf"", ""regressor__gamma"": 0.01, ""regressor__alpha"": 0.0001}",20,1004,0.0,LLVM,random,2,Prop0.02,82,True
MR,0.0589936044546273,"{""lasso__regressor__alpha"": 0.001}",20,1004,0.01,LLVM,random,2,Prop0.02,82,True
RF,0.041977447484242,"{""max_features"": 1.0, ""min_samples_leaf"": 1, ""n_estimators"": 15}",20,1004,0.03,LLVM,random,2,Prop0.02,82,True
SVR,0.0368789898366471,"{""regressor__tol"": 0.3, ""regressor__shrinking"": true, ""regressor__epsilon"": 0.1, ""regressor__coef0"": 0.0, ""regressor__C"": 5.0}",20,1004,0.0,LLVM,random,2,Prop0.02,82,True
CART,0.0588762945264832,"{""max_features"": 1.0, ""min_samples_leaf"": 1, ""splitter"": ""random""}",20,1004,0.0,LLVM,random,2,Prop0.02,83,True
kNN,0.0451832954403022,"{""n_neighbors"": 8, ""p"": 1, ""weights"": ""distance""}",20,1004,0.0,LLVM,random,2,Prop0.02,83,True
KRR,0.0286901578287539,"{""regressor__kernel"": ""rbf"", ""regressor__gamma"": 0.01, ""regressor__alpha"": 0.0001}",20,1004,0.0,LLVM,random,2,Prop0.02,83,True
MR,0.0361342250895429,"{""lasso__regressor__alpha"": 0.001}",20,1004,0.01,LLVM,random,2,Prop0.02,83,True
RF,0.0431365907017544,"{""max_features"": 1.0, ""min_samples_leaf"": 1, ""n_estimators"": 15}",20,1004,0.03,LLVM,random,2,Prop0.02,83,True
SVR,0.0385719470576921,"{""regressor__tol"": 0.3, ""regressor__shrinking"": true, ""regressor__epsilon"": 0.1, ""regressor__coef0"": 0.0, ""regressor__C"": 5.0}",20,1004,0.0,LLVM,random,2,Prop0.02,83,True
CART,0.0473509351331449,"{""max_features"": 1.0, ""min_samples_leaf"": 1, ""splitter"": ""random""}",20,1004,0.0,LLVM,random,2,Prop0.02,84,True
kNN,0.0490416035688179,"{""n_neighbors"": 8, ""p"": 1, ""weights"": ""distance""}",20,1004,0.0,LLVM,random,2,Prop0.02,84,True
KRR,0.0207123642131931,"{""regressor__kernel"": ""rbf"", ""regressor__gamma"": 0.01, ""regressor__alpha"": 0.0001}",20,1004,0.0,LLVM,random,2,Prop0.02,84,True
MR,0.0255303266249934,"{""lasso__regressor__alpha"": 0.001}",20,1004,0.01,LLVM,random,2,Prop0.02,84,True
RF,0.0471160848012958,"{""max_features"": 1.0, ""min_samples_leaf"": 1, ""n_estimators"": 15}",20,1004,0.03,LLVM,random,2,Prop0.02,84,True
SVR,0.0428199890405623,"{""regressor__tol"": 0.3, ""regressor__shrinking"": true, ""regressor__epsilon"": 0.1, ""regressor__coef0"": 0.0, ""regressor__C"": 5.0}",20,1004,0.0,LLVM,random,2,Prop0.02,84,True
CART,0.025762154410421,"{""max_features"": 1.0, ""min_samples_leaf"": 1, ""splitter"": ""random""}",20,1004,0.0,LLVM,random,2,Prop0.02,85,True
kNN,0.0466902975220414,"{""n_neighbors"": 8, ""p"": 1, ""weights"": ""distance""}",20,1004,0.0,LLVM,random,2,Prop0.02,85,True
KRR,0.0307721361615909,"{""regressor__kernel"": ""rbf"", ""regressor__gamma"": 0.01, ""regressor__alpha"": 0.0001}",20,1004,0.0,LLVM,random,2,Prop0.02,85,True
MR,0.0310060462439443,"{""lasso__regressor__alpha"": 0.001}",20,1004,0.01,LLVM,random,2,Prop0.02,85,True
RF,0.0330757828137495,"{""max_features"": 1.0, ""min_samples_leaf"": 1, ""n_estimators"": 15}",20,1004,0.03,LLVM,random,2,Prop0.02,85,True
SVR,0.0417396461365532,"{""regressor__tol"": 0.3, ""regressor__shrinking"": true, ""regressor__epsilon"": 0.1, ""regressor__coef0"": 0.0, ""regressor__C"": 5.0}",20,1004,0.0,LLVM,random,2,Prop0.02,85,True
CART,0.0562357329560555,"{""max_features"": 1.0, ""min_samples_leaf"": 1, ""splitter"": ""random""}",20,1004,0.0,LLVM,random,2,Prop0.02,86,True
kNN,0.0482662256027809,"{""n_neighbors"": 8, ""p"": 1, ""weights"": ""distance""}",20,1004,0.0,LLVM,random,2,Prop0.02,86,True
KRR,0.0369969211666611,"{""regressor__kernel"": ""rbf"", ""regressor__gamma"": 0.01, ""regressor__alpha"": 0.0001}",20,1004,0.0,LLVM,random,2,Prop0.02,86,True
MR,0.0495672873868606,"{""lasso__regressor__alpha"": 0.001}",20,1004,0.01,LLVM,random,2,Prop0.02,86,True
RF,0.0398984245147169,"{""max_features"": 1.0, ""min_samples_leaf"": 1, ""n_estimators"": 15}",20,1004,0.03,LLVM,random,2,Prop0.02,86,True
SVR,0.0406095210271649,"{""regressor__tol"": 0.3, ""regressor__shrinking"": true, ""regressor__epsilon"": 0.1, ""regressor__coef0"": 0.0, ""regressor__C"": 5.0}",20,1004,0.0,LLVM,random,2,Prop0.02,86,True
CART,0.0480206893953068,"{""max_features"": 1.0, ""min_samples_leaf"": 1, ""splitter"": ""random""}",20,1004,0.0,LLVM,random,2,Prop0.02,87,True
kNN,0.0536054030364207,"{""n_neighbors"": 8, ""p"": 1, ""weights"": ""distance""}",20,1004,0.0,LLVM,random,2,Prop0.02,87,True
KRR,0.0221178000688676,"{""regressor__kernel"": ""rbf"", ""regressor__gamma"": 0.01, ""regressor__alpha"": 0.0001}",20,1004,0.0,LLVM,random,2,Prop0.02,87,True
MR,0.0228082626890786,"{""lasso__regressor__alpha"": 0.001}",20,1004,0.01,LLVM,random,2,Prop0.02,87,True
RF,0.042190918323473,"{""max_features"": 1.0, ""min_samples_leaf"": 1, ""n_estimators"": 15}",20,1004,0.03,LLVM,random,2,Prop0.02,87,True
SVR,0.0364350156030175,"{""regressor__tol"": 0.3, ""regressor__shrinking"": true, ""regressor__epsilon"": 0.1, ""regressor__coef0"": 0.0, ""regressor__C"": 5.0}",20,1004,0.0,LLVM,random,2,Prop0.02,87,True
CART,0.0618645941268326,"{""max_features"": 1.0, ""min_samples_leaf"": 1, ""splitter"": ""random""}",20,1004,0.0,LLVM,random,2,Prop0.02,88,True
kNN,0.0509311375657401,"{""n_neighbors"": 8, ""p"": 1, ""weights"": ""distance""}",20,1004,0.0,LLVM,random,2,Prop0.02,88,True
KRR,0.032170266785426,"{""regressor__kernel"": ""rbf"", ""regressor__gamma"": 0.01, ""regressor__alpha"": 0.0001}",20,1004,0.0,LLVM,random,2,Prop0.02,88,True
MR,0.033555970804317,"{""lasso__regressor__alpha"": 0.001}",20,1004,0.01,LLVM,random,2,Prop0.02,88,True
RF,0.0398144233312011,"{""max_features"": 1.0, ""min_samples_leaf"": 1, ""n_estimators"": 15}",20,1004,0.03,LLVM,random,2,Prop0.02,88,True
SVR,0.0400422686322325,"{""regressor__tol"": 0.3, ""regressor__shrinking"": true, ""regressor__epsilon"": 0.1, ""regressor__coef0"": 0.0, ""regressor__C"": 5.0}",20,1004,0.0,LLVM,random,2,Prop0.02,88,True
CART,0.0540053455756866,"{""max_features"": 1.0, ""min_samples_leaf"": 1, ""splitter"": ""random""}",20,1004,0.0,LLVM,random,2,Prop0.02,89,True
kNN,0.0520353132402453,"{""n_neighbors"": 8, ""p"": 1, ""weights"": ""distance""}",20,1004,0.0,LLVM,random,2,Prop0.02,89,True
KRR,0.0373172951406146,"{""regressor__kernel"": ""rbf"", ""regressor__gamma"": 0.01, ""regressor__alpha"": 0.0001}",20,1004,0.0,LLVM,random,2,Prop0.02,89,True
MR,0.0477169098467635,"{""lasso__regressor__alpha"": 0.001}",20,1004,0.01,LLVM,random,2,Prop0.02,89,True
RF,0.038516321535889,"{""max_features"": 1.0, ""min_samples_leaf"": 1, ""n_estimators"": 15}",20,1004,0.03,LLVM,random,2,Prop0.02,89,True
SVR,0.0428087477874775,"{""regressor__tol"": 0.3, ""regressor__shrinking"": true, ""regressor__epsilon"": 0.1, ""regressor__coef0"": 0.0, ""regressor__C"": 5.0}",20,1004,0.0,LLVM,random,2,Prop0.02,89,True
CART,0.0504032735058886,"{""max_features"": 1.0, ""min_samples_leaf"": 1, ""splitter"": ""random""}",20,1004,0.0,LLVM,random,2,Prop0.02,90,True
kNN,0.0501948926663131,"{""n_neighbors"": 8, ""p"": 1, ""weights"": ""distance""}",20,1004,0.0,LLVM,random,2,Prop0.02,90,True
KRR,0.0244931893026741,"{""regressor__kernel"": ""rbf"", ""regressor__gamma"": 0.01, ""regressor__alpha"": 0.0001}",20,1004,0.0,LLVM,random,2,Prop0.02,90,True
MR,0.0279857356542715,"{""lasso__regressor__alpha"": 0.001}",20,1004,0.01,LLVM,random,2,Prop0.02,90,True
RF,0.041031874448721,"{""max_features"": 1.0, ""min_samples_leaf"": 1, ""n_estimators"": 15}",20,1004,0.03,LLVM,random,2,Prop0.02,90,True
SVR,0.0420588972347998,"{""regressor__tol"": 0.3, ""regressor__shrinking"": true, ""regressor__epsilon"": 0.1, ""regressor__coef0"": 0.0, ""regressor__C"": 5.0}",20,1004,0.0,LLVM,random,2,Prop0.02,90,True
CART,0.0432470249295444,"{""max_features"": 1.0, ""min_samples_leaf"": 1, ""splitter"": ""random""}",20,1004,0.0,LLVM,random,2,Prop0.02,91,True
kNN,0.049486638923267,"{""n_neighbors"": 8, ""p"": 1, ""weights"": ""distance""}",20,1004,0.0,LLVM,random,2,Prop0.02,91,True
KRR,0.0439184374713356,"{""regressor__kernel"": ""rbf"", ""regressor__gamma"": 0.01, ""regressor__alpha"": 0.0001}",20,1004,0.0,LLVM,random,2,Prop0.02,91,True
MR,0.0370268099299784,"{""lasso__regressor__alpha"": 0.001}",20,1004,0.01,LLVM,random,2,Prop0.02,91,True
RF,0.0429882385680619,"{""max_features"": 1.0, ""min_samples_leaf"": 1, ""n_estimators"": 15}",20,1004,0.03,LLVM,random,2,Prop0.02,91,True
SVR,0.0439962614934064,"{""regressor__tol"": 0.3, ""regressor__shrinking"": true, ""regressor__epsilon"": 0.1, ""regressor__coef0"": 0.0, ""regressor__C"": 5.0}",20,1004,0.0,LLVM,random,2,Prop0.02,91,True
CART,0.0388979885181467,"{""max_features"": 1.0, ""min_samples_leaf"": 1, ""splitter"": ""random""}",20,1004,0.0,LLVM,random,2,Prop0.02,92,True
kNN,0.0410829456176954,"{""n_neighbors"": 8, ""p"": 1, ""weights"": ""distance""}",20,1004,0.0,LLVM,random,2,Prop0.02,92,True
KRR,0.0415584759470088,"{""regressor__kernel"": ""rbf"", ""regressor__gamma"": 0.01, ""regressor__alpha"": 0.0001}",20,1004,0.0,LLVM,random,2,Prop0.02,92,True
MR,0.0495143490999117,"{""lasso__regressor__alpha"": 0.001}",20,1004,0.01,LLVM,random,2,Prop0.02,92,True
RF,0.0328045544385197,"{""max_features"": 1.0, ""min_samples_leaf"": 1, ""n_estimators"": 15}",20,1004,0.02,LLVM,random,2,Prop0.02,92,True
SVR,0.0357102423714922,"{""regressor__tol"": 0.3, ""regressor__shrinking"": true, ""regressor__epsilon"": 0.1, ""regressor__coef0"": 0.0, ""regressor__C"": 5.0}",20,1004,0.0,LLVM,random,2,Prop0.02,92,True
CART,0.0575473133593931,"{""max_features"": 1.0, ""min_samples_leaf"": 1, ""splitter"": ""random""}",20,1004,0.0,LLVM,random,2,Prop0.02,93,True
kNN,0.0588129912574536,"{""n_neighbors"": 8, ""p"": 1, ""weights"": ""distance""}",20,1004,0.0,LLVM,random,2,Prop0.02,93,True
KRR,0.0360805080007854,"{""regressor__kernel"": ""rbf"", ""regressor__gamma"": 0.01, ""regressor__alpha"": 0.0001}",20,1004,0.0,LLVM,random,2,Prop0.02,93,True
MR,0.0363950133458864,"{""lasso__regressor__alpha"": 0.001}",20,1004,0.01,LLVM,random,2,Prop0.02,93,True
RF,0.0473940588568846,"{""max_features"": 1.0, ""min_samples_leaf"": 1, ""n_estimators"": 15}",20,1004,0.03,LLVM,random,2,Prop0.02,93,True
SVR,0.0496695927663086,"{""regressor__tol"": 0.3, ""regressor__shrinking"": true, ""regressor__epsilon"": 0.1, ""regressor__coef0"": 0.0, ""regressor__C"": 5.0}",20,1004,0.0,LLVM,random,2,Prop0.02,93,True
CART,0.0442634736389231,"{""max_features"": 1.0, ""min_samples_leaf"": 1, ""splitter"": ""random""}",20,1004,0.0,LLVM,random,2,Prop0.02,94,True
kNN,0.0420234969985263,"{""n_neighbors"": 8, ""p"": 1, ""weights"": ""distance""}",20,1004,0.0,LLVM,random,2,Prop0.02,94,True
KRR,0.0309906631763886,"{""regressor__kernel"": ""rbf"", ""regressor__gamma"": 0.01, ""regressor__alpha"": 0.0001}",20,1004,0.0,LLVM,random,2,Prop0.02,94,True
MR,0.0422554094957944,"{""lasso__regressor__alpha"": 0.001}",20,1004,0.01,LLVM,random,2,Prop0.02,94,True
RF,0.0480418568490017,"{""max_features"": 1.0, ""min_samples_leaf"": 1, ""n_estimators"": 15}",20,1004,0.03,LLVM,random,2,Prop0.02,94,True
SVR,0.0393126001139752,"{""regressor__tol"": 0.3, ""regressor__shrinking"": true, ""regressor__epsilon"": 0.1, ""regressor__coef0"": 0.0, ""regressor__C"": 5.0}",20,1004,0.0,LLVM,random,2,Prop0.02,94,True
CART,0.0459698056390083,"{""max_features"": 1.0, ""min_samples_leaf"": 1, ""splitter"": ""random""}",20,1004,0.0,LLVM,random,2,Prop0.02,95,True
kNN,0.0482741848363299,"{""n_neighbors"": 8, ""p"": 1, ""weights"": ""distance""}",20,1004,0.0,LLVM,random,2,Prop0.02,95,True
KRR,0.0375837991292728,"{""regressor__kernel"": ""rbf"", ""regressor__gamma"": 0.01, ""regressor__alpha"": 0.0001}",20,1004,0.0,LLVM,random,2,Prop0.02,95,True
MR,0.039853951715222,"{""lasso__regressor__alpha"": 0.001}",20,1004,0.01,LLVM,random,2,Prop0.02,95,True
RF,0.0398943889541147,"{""max_features"": 1.0, ""min_samples_leaf"": 1, ""n_estimators"": 15}",20,1004,0.03,LLVM,random,2,Prop0.02,95,True
SVR,0.0395042354294519,"{""regressor__tol"": 0.3, ""regressor__shrinking"": true, ""regressor__epsilon"": 0.1, ""regressor__coef0"": 0.0, ""regressor__C"": 5.0}",20,1004,0.0,LLVM,random,2,Prop0.02,95,True
CART,0.0524478260302158,"{""max_features"": 1.0, ""min_samples_leaf"": 1, ""splitter"": ""random""}",20,1004,0.0,LLVM,random,2,Prop0.02,96,True
kNN,0.0435754222949464,"{""n_neighbors"": 8, ""p"": 1, ""weights"": ""distance""}",20,1004,0.0,LLVM,random,2,Prop0.02,96,True
KRR,0.0358334899318356,"{""regressor__kernel"": ""rbf"", ""regressor__gamma"": 0.01, ""regressor__alpha"": 0.0001}",20,1004,0.0,LLVM,random,2,Prop0.02,96,True
MR,0.0304075864033678,"{""lasso__regressor__alpha"": 0.001}",20,1004,0.01,LLVM,random,2,Prop0.02,96,True
RF,0.0348031617080178,"{""max_features"": 1.0, ""min_samples_leaf"": 1, ""n_estimators"": 15}",20,1004,0.03,LLVM,random,2,Prop0.02,96,True
SVR,0.0371758059114189,"{""regressor__tol"": 0.3, ""regressor__shrinking"": true, ""regressor__epsilon"": 0.1, ""regressor__coef0"": 0.0, ""regressor__C"": 5.0}",20,1004,0.0,LLVM,random,2,Prop0.02,96,True
CART,0.0440439497711098,"{""max_features"": 1.0, ""min_samples_leaf"": 1, ""splitter"": ""random""}",20,1004,0.0,LLVM,random,2,Prop0.02,97,True
kNN,0.0484300003392516,"{""n_neighbors"": 8, ""p"": 1, ""weights"": ""distance""}",20,1004,0.0,LLVM,random,2,Prop0.02,97,True
KRR,0.0267641865690231,"{""regressor__kernel"": ""rbf"", ""regressor__gamma"": 0.01, ""regressor__alpha"": 0.0001}",20,1004,0.0,LLVM,random,2,Prop0.02,97,True
MR,0.0305501967151871,"{""lasso__regressor__alpha"": 0.001}",20,1004,0.02,LLVM,random,2,Prop0.02,97,True
RF,0.0393403013828886,"{""max_features"": 1.0, ""min_samples_leaf"": 1, ""n_estimators"": 15}",20,1004,0.03,LLVM,random,2,Prop0.02,97,True
SVR,0.0388958167009718,"{""regressor__tol"": 0.3, ""regressor__shrinking"": true, ""regressor__epsilon"": 0.1, ""regressor__coef0"": 0.0, ""regressor__C"": 5.0}",20,1004,0.0,LLVM,random,2,Prop0.02,97,True
CART,0.0640983653959355,"{""max_features"": 1.0, ""min_samples_leaf"": 1, ""splitter"": ""random""}",20,1004,0.0,LLVM,random,2,Prop0.02,98,True
kNN,0.0436934203214872,"{""n_neighbors"": 8, ""p"": 1, ""weights"": ""distance""}",20,1004,0.0,LLVM,random,2,Prop0.02,98,True
KRR,0.0299770673462696,"{""regressor__kernel"": ""rbf"", ""regressor__gamma"": 0.01, ""regressor__alpha"": 0.0001}",20,1004,0.0,LLVM,random,2,Prop0.02,98,True
MR,0.0431873726943681,"{""lasso__regressor__alpha"": 0.001}",20,1004,0.02,LLVM,random,2,Prop0.02,98,True
RF,0.0476060072755089,"{""max_features"": 1.0, ""min_samples_leaf"": 1, ""n_estimators"": 15}",20,1004,0.03,LLVM,random,2,Prop0.02,98,True
SVR,0.0404234621447328,"{""regressor__tol"": 0.3, ""regressor__shrinking"": true, ""regressor__epsilon"": 0.1, ""regressor__coef0"": 0.0, ""regressor__C"": 5.0}",20,1004,0.0,LLVM,random,2,Prop0.02,98,True
CART,0.0368343365315555,"{""max_features"": 1.0, ""min_samples_leaf"": 1, ""splitter"": ""random""}",20,1004,0.0,LLVM,random,2,Prop0.02,99,True
kNN,0.0483047479525876,"{""n_neighbors"": 8, ""p"": 1, ""weights"": ""distance""}",20,1004,0.0,LLVM,random,2,Prop0.02,99,True
KRR,0.031748099280472,"{""regressor__kernel"": ""rbf"", ""regressor__gamma"": 0.01, ""regressor__alpha"": 0.0001}",20,1004,0.0,LLVM,random,2,Prop0.02,99,True
MR,0.044274773796619,"{""lasso__regressor__alpha"": 0.001}",20,1004,0.02,LLVM,random,2,Prop0.02,99,True
RF,0.0406969328861214,"{""max_features"": 1.0, ""min_samples_leaf"": 1, ""n_estimators"": 15}",20,1004,0.02,LLVM,random,2,Prop0.02,99,True
SVR,0.0407795516413876,"{""regressor__tol"": 0.3, ""regressor__shrinking"": true, ""regressor__epsilon"": 0.1, ""regressor__coef0"": 0.0, ""regressor__C"": 5.0}",20,1004,0.0,LLVM,random,2,Prop0.02,99,True
CART,0.0453956407565174,"{""max_features"": 1.0, ""min_samples_leaf"": 1, ""splitter"": ""random""}",20,1004,0.0,LLVM,random,2,Prop0.02,100,True
kNN,0.0525808609233841,"{""n_neighbors"": 8, ""p"": 1, ""weights"": ""distance""}",20,1004,0.0,LLVM,random,2,Prop0.02,100,True
KRR,0.035084396768358,"{""regressor__kernel"": ""rbf"", ""regressor__gamma"": 0.01, ""regressor__alpha"": 0.0001}",20,1004,0.0,LLVM,random,2,Prop0.02,100,True
MR,0.0389334163840493,"{""lasso__regressor__alpha"": 0.001}",20,1004,0.01,LLVM,random,2,Prop0.02,100,True
RF,0.0473565785314544,"{""max_features"": 1.0, ""min_samples_leaf"": 1, ""n_estimators"": 15}",20,1004,0.02,LLVM,random,2,Prop0.02,100,True
SVR,0.0470210456641713,"{""regressor__tol"": 0.3, ""regressor__shrinking"": true, ""regressor__epsilon"": 0.1, ""regressor__coef0"": 0.0, ""regressor__C"": 5.0}",20,1004,0.0,LLVM,random,2,Prop0.02,100,True
CART,0.0305530904506675,"{""max_features"": 1.0, ""min_samples_leaf"": 2, ""splitter"": ""best""}",51,973,0.0,LLVM,random,2,Prop0.05,1,True
kNN,0.0418795310240887,"{""n_neighbors"": 8, ""p"": 1, ""weights"": ""distance""}",51,973,0.0,LLVM,random,2,Prop0.05,1,True
KRR,0.0323038966459633,"{""regressor__kernel"": ""rbf"", ""regressor__gamma"": 0.01, ""regressor__alpha"": 0.01}",51,973,0.01,LLVM,random,2,Prop0.05,1,True
MR,0.0302393088055878,"{""lasso__regressor__alpha"": 0.01}",51,973,0.01,LLVM,random,2,Prop0.05,1,True
RF,0.0300643621569471,"{""max_features"": 1.0, ""min_samples_leaf"": 1, ""n_estimators"": 10}",51,973,0.02,LLVM,random,2,Prop0.05,1,True
SVR,0.0343820502449755,"{""regressor__tol"": 0.3, ""regressor__shrinking"": true, ""regressor__epsilon"": 0.1, ""regressor__coef0"": 0.0, ""regressor__C"": 5.0}",51,973,0.01,LLVM,random,2,Prop0.05,1,True
CART,0.0259199745251227,"{""max_features"": 1.0, ""min_samples_leaf"": 2, ""splitter"": ""best""}",51,973,0.0,LLVM,random,2,Prop0.05,2,True
kNN,0.0395117360902311,"{""n_neighbors"": 8, ""p"": 1, ""weights"": ""distance""}",51,973,0.0,LLVM,random,2,Prop0.05,2,True
KRR,0.0264856351097668,"{""regressor__kernel"": ""rbf"", ""regressor__gamma"": 0.01, ""regressor__alpha"": 0.01}",51,973,0.01,LLVM,random,2,Prop0.05,2,True
MR,0.0260616878375007,"{""lasso__regressor__alpha"": 0.01}",51,973,0.01,LLVM,random,2,Prop0.05,2,True
RF,0.0242859260645147,"{""max_features"": 1.0, ""min_samples_leaf"": 1, ""n_estimators"": 10}",51,973,0.02,LLVM,random,2,Prop0.05,2,True
SVR,0.0294704749237658,"{""regressor__tol"": 0.3, ""regressor__shrinking"": true, ""regressor__epsilon"": 0.1, ""regressor__coef0"": 0.0, ""regressor__C"": 5.0}",51,973,0.01,LLVM,random,2,Prop0.05,2,True
CART,0.0182327392226693,"{""max_features"": 1.0, ""min_samples_leaf"": 2, ""splitter"": ""best""}",51,973,0.0,LLVM,random,2,Prop0.05,3,True
kNN,0.0381232247252055,"{""n_neighbors"": 8, ""p"": 1, ""weights"": ""distance""}",51,973,0.0,LLVM,random,2,Prop0.05,3,True
KRR,0.0236400827204439,"{""regressor__kernel"": ""rbf"", ""regressor__gamma"": 0.01, ""regressor__alpha"": 0.01}",51,973,0.01,LLVM,random,2,Prop0.05,3,True
MR,0.0241325655736712,"{""lasso__regressor__alpha"": 0.01}",51,973,0.01,LLVM,random,2,Prop0.05,3,True
RF,0.0257078326098152,"{""max_features"": 1.0, ""min_samples_leaf"": 1, ""n_estimators"": 10}",51,973,0.02,LLVM,random,2,Prop0.05,3,True
SVR,0.0272127404584725,"{""regressor__tol"": 0.3, ""regressor__shrinking"": true, ""regressor__epsilon"": 0.1, ""regressor__coef0"": 0.0, ""regressor__C"": 5.0}",51,973,0.01,LLVM,random,2,Prop0.05,3,True
CART,0.0198487507820517,"{""max_features"": 1.0, ""min_samples_leaf"": 2, ""splitter"": ""best""}",51,973,0.0,LLVM,random,2,Prop0.05,4,True
kNN,0.0401709242665954,"{""n_neighbors"": 8, ""p"": 1, ""weights"": ""distance""}",51,973,0.0,LLVM,random,2,Prop0.05,4,True
KRR,0.0236247784310952,"{""regressor__kernel"": ""rbf"", ""regressor__gamma"": 0.01, ""regressor__alpha"": 0.01}",51,973,0.02,LLVM,random,2,Prop0.05,4,True
MR,0.0251107076571379,"{""lasso__regressor__alpha"": 0.01}",51,973,0.01,LLVM,random,2,Prop0.05,4,True
RF,0.025058318006656,"{""max_features"": 1.0, ""min_samples_leaf"": 1, ""n_estimators"": 10}",51,973,0.02,LLVM,random,2,Prop0.05,4,True
SVR,0.0278706136769484,"{""regressor__tol"": 0.3, ""regressor__shrinking"": true, ""regressor__epsilon"": 0.1, ""regressor__coef0"": 0.0, ""regressor__C"": 5.0}",51,973,0.01,LLVM,random,2,Prop0.05,4,True
CART,0.0259466844657861,"{""max_features"": 1.0, ""min_samples_leaf"": 2, ""splitter"": ""best""}",51,973,0.0,LLVM,random,2,Prop0.05,5,True
kNN,0.0434705750203643,"{""n_neighbors"": 8, ""p"": 1, ""weights"": ""distance""}",51,973,0.0,LLVM,random,2,Prop0.05,5,True
KRR,0.027793885229385,"{""regressor__kernel"": ""rbf"", ""regressor__gamma"": 0.01, ""regressor__alpha"": 0.01}",51,973,0.0,LLVM,random,2,Prop0.05,5,True
MR,0.0324017195324764,"{""lasso__regressor__alpha"": 0.01}",51,973,0.01,LLVM,random,2,Prop0.05,5,True
RF,0.0288721280142742,"{""max_features"": 1.0, ""min_samples_leaf"": 1, ""n_estimators"": 10}",51,973,0.02,LLVM,random,2,Prop0.05,5,True
SVR,0.0327781322565912,"{""regressor__tol"": 0.3, ""regressor__shrinking"": true, ""regressor__epsilon"": 0.1, ""regressor__coef0"": 0.0, ""regressor__C"": 5.0}",51,973,0.01,LLVM,random,2,Prop0.05,5,True
CART,0.0234397517979163,"{""max_features"": 1.0, ""min_samples_leaf"": 2, ""splitter"": ""best""}",51,973,0.0,LLVM,random,2,Prop0.05,6,True
kNN,0.0363814184716015,"{""n_neighbors"": 8, ""p"": 1, ""weights"": ""distance""}",51,973,0.0,LLVM,random,2,Prop0.05,6,True
KRR,0.0262753445255867,"{""regressor__kernel"": ""rbf"", ""regressor__gamma"": 0.01, ""regressor__alpha"": 0.01}",51,973,0.0,LLVM,random,2,Prop0.05,6,True
MR,0.0243099129797478,"{""lasso__regressor__alpha"": 0.01}",51,973,0.01,LLVM,random,2,Prop0.05,6,True
RF,0.0221459047871424,"{""max_features"": 1.0, ""min_samples_leaf"": 1, ""n_estimators"": 10}",51,973,0.02,LLVM,random,2,Prop0.05,6,True
SVR,0.0251593364548677,"{""regressor__tol"": 0.3, ""regressor__shrinking"": true, ""regressor__epsilon"": 0.1, ""regressor__coef0"": 0.0, ""regressor__C"": 5.0}",51,973,0.01,LLVM,random,2,Prop0.05,6,True
CART,0.0259703050540215,"{""max_features"": 1.0, ""min_samples_leaf"": 2, ""splitter"": ""best""}",51,973,0.0,LLVM,random,2,Prop0.05,7,True
kNN,0.0399215613761311,"{""n_neighbors"": 8, ""p"": 1, ""weights"": ""distance""}",51,973,0.0,LLVM,random,2,Prop0.05,7,True
KRR,0.0285050041695098,"{""regressor__kernel"": ""rbf"", ""regressor__gamma"": 0.01, ""regressor__alpha"": 0.01}",51,973,0.0,LLVM,random,2,Prop0.05,7,True
MR,0.0307037313395518,"{""lasso__regressor__alpha"": 0.01}",51,973,0.01,LLVM,random,2,Prop0.05,7,True
RF,0.0240620933369958,"{""max_features"": 1.0, ""min_samples_leaf"": 1, ""n_estimators"": 10}",51,973,0.02,LLVM,random,2,Prop0.05,7,True
SVR,0.0296060527837796,"{""regressor__tol"": 0.3, ""regressor__shrinking"": true, ""regressor__epsilon"": 0.1, ""regressor__coef0"": 0.0, ""regressor__C"": 5.0}",51,973,0.01,LLVM,random,2,Prop0.05,7,True
CART,0.0257646843429611,"{""max_features"": 1.0, ""min_samples_leaf"": 2, ""splitter"": ""best""}",51,973,0.0,LLVM,random,2,Prop0.05,8,True
kNN,0.0415550632398035,"{""n_neighbors"": 8, ""p"": 1, ""weights"": ""distance""}",51,973,0.0,LLVM,random,2,Prop0.05,8,True
KRR,0.0284010412073406,"{""regressor__kernel"": ""rbf"", ""regressor__gamma"": 0.01, ""regressor__alpha"": 0.01}",51,973,0.01,LLVM,random,2,Prop0.05,8,True
MR,0.0319702397175827,"{""lasso__regressor__alpha"": 0.01}",51,973,0.01,LLVM,random,2,Prop0.05,8,True
RF,0.0296025872661455,"{""max_features"": 1.0, ""min_samples_leaf"": 1, ""n_estimators"": 10}",51,973,0.02,LLVM,random,2,Prop0.05,8,True
SVR,0.0327740698254666,"{""regressor__tol"": 0.3, ""regressor__shrinking"": true, ""regressor__epsilon"": 0.1, ""regressor__coef0"": 0.0, ""regressor__C"": 5.0}",51,973,0.0,LLVM,random,2,Prop0.05,8,True
CART,0.0219027941060008,"{""max_features"": 1.0, ""min_samples_leaf"": 2, ""splitter"": ""best""}",51,973,0.0,LLVM,random,2,Prop0.05,9,True
kNN,0.035364043721719,"{""n_neighbors"": 8, ""p"": 1, ""weights"": ""distance""}",51,973,0.0,LLVM,random,2,Prop0.05,9,True
KRR,0.0246923392582684,"{""regressor__kernel"": ""rbf"", ""regressor__gamma"": 0.01, ""regressor__alpha"": 0.01}",51,973,0.0,LLVM,random,2,Prop0.05,9,True
MR,0.0220247730730956,"{""lasso__regressor__alpha"": 0.01}",51,973,0.01,LLVM,random,2,Prop0.05,9,True
RF,0.0220338519023631,"{""max_features"": 1.0, ""min_samples_leaf"": 1, ""n_estimators"": 10}",51,973,0.02,LLVM,random,2,Prop0.05,9,True
SVR,0.0269719933191452,"{""regressor__tol"": 0.3, ""regressor__shrinking"": true, ""regressor__epsilon"": 0.1, ""regressor__coef0"": 0.0, ""regressor__C"": 5.0}",51,973,0.01,LLVM,random,2,Prop0.05,9,True
CART,0.0207559243946532,"{""max_features"": 1.0, ""min_samples_leaf"": 2, ""splitter"": ""best""}",51,973,0.0,LLVM,random,2,Prop0.05,10,True
kNN,0.0352651177660286,"{""n_neighbors"": 8, ""p"": 1, ""weights"": ""distance""}",51,973,0.0,LLVM,random,2,Prop0.05,10,True
KRR,0.025892305035405,"{""regressor__kernel"": ""rbf"", ""regressor__gamma"": 0.01, ""regressor__alpha"": 0.01}",51,973,0.0,LLVM,random,2,Prop0.05,10,True
MR,0.0260258757672577,"{""lasso__regressor__alpha"": 0.01}",51,973,0.01,LLVM,random,2,Prop0.05,10,True
RF,0.0228695249480023,"{""max_features"": 1.0, ""min_samples_leaf"": 1, ""n_estimators"": 10}",51,973,0.02,LLVM,random,2,Prop0.05,10,True
SVR,0.0269716404155977,"{""regressor__tol"": 0.3, ""regressor__shrinking"": true, ""regressor__epsilon"": 0.1, ""regressor__coef0"": 0.0, ""regressor__C"": 5.0}",51,973,0.01,LLVM,random,2,Prop0.05,10,True
CART,0.0246775700151777,"{""max_features"": 1.0, ""min_samples_leaf"": 2, ""splitter"": ""best""}",51,973,0.0,LLVM,random,2,Prop0.05,11,True
kNN,0.0419387288485749,"{""n_neighbors"": 8, ""p"": 1, ""weights"": ""distance""}",51,973,0.0,LLVM,random,2,Prop0.05,11,True
KRR,0.0296056631346587,"{""regressor__kernel"": ""rbf"", ""regressor__gamma"": 0.01, ""regressor__alpha"": 0.01}",51,973,0.0,LLVM,random,2,Prop0.05,11,True
MR,0.0334611504805545,"{""lasso__regressor__alpha"": 0.01}",51,973,0.01,LLVM,random,2,Prop0.05,11,True
RF,0.0217809156746266,"{""max_features"": 1.0, ""min_samples_leaf"": 1, ""n_estimators"": 10}",51,973,0.02,LLVM,random,2,Prop0.05,11,True
SVR,0.0279534716042678,"{""regressor__tol"": 0.3, ""regressor__shrinking"": true, ""regressor__epsilon"": 0.1, ""regressor__coef0"": 0.0, ""regressor__C"": 5.0}",51,973,0.0,LLVM,random,2,Prop0.05,11,True
CART,0.0306250618065438,"{""max_features"": 1.0, ""min_samples_leaf"": 2, ""splitter"": ""best""}",51,973,0.0,LLVM,random,2,Prop0.05,12,True
kNN,0.0406915258862645,"{""n_neighbors"": 8, ""p"": 1, ""weights"": ""distance""}",51,973,0.0,LLVM,random,2,Prop0.05,12,True
KRR,0.0302274554527857,"{""regressor__kernel"": ""rbf"", ""regressor__gamma"": 0.01, ""regressor__alpha"": 0.01}",51,973,0.0,LLVM,random,2,Prop0.05,12,True
MR,0.0304241324752295,"{""lasso__regressor__alpha"": 0.01}",51,973,0.01,LLVM,random,2,Prop0.05,12,True
RF,0.0270201024679031,"{""max_features"": 1.0, ""min_samples_leaf"": 1, ""n_estimators"": 10}",51,973,0.02,LLVM,random,2,Prop0.05,12,True
SVR,0.034626418610882,"{""regressor__tol"": 0.3, ""regressor__shrinking"": true, ""regressor__epsilon"": 0.1, ""regressor__coef0"": 0.0, ""regressor__C"": 5.0}",51,973,0.01,LLVM,random,2,Prop0.05,12,True
CART,0.0223059743015496,"{""max_features"": 1.0, ""min_samples_leaf"": 2, ""splitter"": ""best""}",51,973,0.0,LLVM,random,2,Prop0.05,13,True
kNN,0.0387730792273079,"{""n_neighbors"": 8, ""p"": 1, ""weights"": ""distance""}",51,973,0.0,LLVM,random,2,Prop0.05,13,True
KRR,0.0247884676171828,"{""regressor__kernel"": ""rbf"", ""regressor__gamma"": 0.01, ""regressor__alpha"": 0.01}",51,973,0.0,LLVM,random,2,Prop0.05,13,True
MR,0.02285321434667,"{""lasso__regressor__alpha"": 0.01}",51,973,0.01,LLVM,random,2,Prop0.05,13,True
RF,0.0185414251612002,"{""max_features"": 1.0, ""min_samples_leaf"": 1, ""n_estimators"": 10}",51,973,0.02,LLVM,random,2,Prop0.05,13,True
SVR,0.0265458833667502,"{""regressor__tol"": 0.3, ""regressor__shrinking"": true, ""regressor__epsilon"": 0.1, ""regressor__coef0"": 0.0, ""regressor__C"": 5.0}",51,973,0.01,LLVM,random,2,Prop0.05,13,True
CART,0.0194223357175699,"{""max_features"": 1.0, ""min_samples_leaf"": 2, ""splitter"": ""best""}",51,973,0.0,LLVM,random,2,Prop0.05,14,True
kNN,0.0400865183841561,"{""n_neighbors"": 8, ""p"": 1, ""weights"": ""distance""}",51,973,0.0,LLVM,random,2,Prop0.05,14,True
KRR,0.0220300092488405,"{""regressor__kernel"": ""rbf"", ""regressor__gamma"": 0.01, ""regressor__alpha"": 0.01}",51,973,0.0,LLVM,random,2,Prop0.05,14,True
MR,0.0209574681112935,"{""lasso__regressor__alpha"": 0.01}",51,973,0.01,LLVM,random,2,Prop0.05,14,True
RF,0.0236454231465184,"{""max_features"": 1.0, ""min_samples_leaf"": 1, ""n_estimators"": 10}",51,973,0.02,LLVM,random,2,Prop0.05,14,True
SVR,0.0270354168569204,"{""regressor__tol"": 0.3, ""regressor__shrinking"": true, ""regressor__epsilon"": 0.1, ""regressor__coef0"": 0.0, ""regressor__C"": 5.0}",51,973,0.0,LLVM,random,2,Prop0.05,14,True
CART,0.0242221348831359,"{""max_features"": 1.0, ""min_samples_leaf"": 2, ""splitter"": ""best""}",51,973,0.0,LLVM,random,2,Prop0.05,15,True
kNN,0.0354034439540115,"{""n_neighbors"": 8, ""p"": 1, ""weights"": ""distance""}",51,973,0.0,LLVM,random,2,Prop0.05,15,True
KRR,0.0247663089928,"{""regressor__kernel"": ""rbf"", ""regressor__gamma"": 0.01, ""regressor__alpha"": 0.01}",51,973,0.0,LLVM,random,2,Prop0.05,15,True
MR,0.0251265350675791,"{""lasso__regressor__alpha"": 0.01}",51,973,0.01,LLVM,random,2,Prop0.05,15,True
RF,0.0209052259143375,"{""max_features"": 1.0, ""min_samples_leaf"": 1, ""n_estimators"": 10}",51,973,0.02,LLVM,random,2,Prop0.05,15,True
SVR,0.0283798399379145,"{""regressor__tol"": 0.3, ""regressor__shrinking"": true, ""regressor__epsilon"": 0.1, ""regressor__coef0"": 0.0, ""regressor__C"": 5.0}",51,973,0.01,LLVM,random,2,Prop0.05,15,True
CART,0.033754283225205,"{""max_features"": 1.0, ""min_samples_leaf"": 2, ""splitter"": ""best""}",51,973,0.0,LLVM,random,2,Prop0.05,16,True
kNN,0.0379176592999091,"{""n_neighbors"": 8, ""p"": 1, ""weights"": ""distance""}",51,973,0.0,LLVM,random,2,Prop0.05,16,True
KRR,0.0289533897704517,"{""regressor__kernel"": ""rbf"", ""regressor__gamma"": 0.01, ""regressor__alpha"": 0.01}",51,973,0.0,LLVM,random,2,Prop0.05,16,True
MR,0.0264098059299173,"{""lasso__regressor__alpha"": 0.01}",51,973,0.01,LLVM,random,2,Prop0.05,16,True
RF,0.022736912284429,"{""max_features"": 1.0, ""min_samples_leaf"": 1, ""n_estimators"": 10}",51,973,0.02,LLVM,random,2,Prop0.05,16,True
SVR,0.0306041871201955,"{""regressor__tol"": 0.3, ""regressor__shrinking"": true, ""regressor__epsilon"": 0.1, ""regressor__coef0"": 0.0, ""regressor__C"": 5.0}",51,973,0.0,LLVM,random,2,Prop0.05,16,True
CART,0.0257549648788619,"{""max_features"": 1.0, ""min_samples_leaf"": 2, ""splitter"": ""best""}",51,973,0.0,LLVM,random,2,Prop0.05,17,True
kNN,0.0427839056203752,"{""n_neighbors"": 8, ""p"": 1, ""weights"": ""distance""}",51,973,0.0,LLVM,random,2,Prop0.05,17,True
KRR,0.0238647691396866,"{""regressor__kernel"": ""rbf"", ""regressor__gamma"": 0.01, ""regressor__alpha"": 0.01}",51,973,0.0,LLVM,random,2,Prop0.05,17,True
MR,0.0242398483952913,"{""lasso__regressor__alpha"": 0.01}",51,973,0.01,LLVM,random,2,Prop0.05,17,True
RF,0.0239982744285483,"{""max_features"": 1.0, ""min_samples_leaf"": 1, ""n_estimators"": 10}",51,973,0.02,LLVM,random,2,Prop0.05,17,True
SVR,0.0269425904722801,"{""regressor__tol"": 0.3, ""regressor__shrinking"": true, ""regressor__epsilon"": 0.1, ""regressor__coef0"": 0.0, ""regressor__C"": 5.0}",51,973,0.01,LLVM,random,2,Prop0.05,17,True
CART,0.0343127077081226,"{""max_features"": 1.0, ""min_samples_leaf"": 2, ""splitter"": ""best""}",51,973,0.0,LLVM,random,2,Prop0.05,18,True
kNN,0.0399097533484798,"{""n_neighbors"": 8, ""p"": 1, ""weights"": ""distance""}",51,973,0.0,LLVM,random,2,Prop0.05,18,True
KRR,0.0299481327002544,"{""regressor__kernel"": ""rbf"", ""regressor__gamma"": 0.01, ""regressor__alpha"": 0.01}",51,973,0.0,LLVM,random,2,Prop0.05,18,True
MR,0.0308597086038416,"{""lasso__regressor__alpha"": 0.01}",51,973,0.01,LLVM,random,2,Prop0.05,18,True
RF,0.0275138042785584,"{""max_features"": 1.0, ""min_samples_leaf"": 1, ""n_estimators"": 10}",51,973,0.02,LLVM,random,2,Prop0.05,18,True
SVR,0.030145673205847,"{""regressor__tol"": 0.3, ""regressor__shrinking"": true, ""regressor__epsilon"": 0.1, ""regressor__coef0"": 0.0, ""regressor__C"": 5.0}",51,973,0.01,LLVM,random,2,Prop0.05,18,True
CART,0.0176867057367611,"{""max_features"": 1.0, ""min_samples_leaf"": 2, ""splitter"": ""best""}",51,973,0.0,LLVM,random,2,Prop0.05,19,True
kNN,0.0379050938240951,"{""n_neighbors"": 8, ""p"": 1, ""weights"": ""distance""}",51,973,0.0,LLVM,random,2,Prop0.05,19,True
KRR,0.0221037927282153,"{""regressor__kernel"": ""rbf"", ""regressor__gamma"": 0.01, ""regressor__alpha"": 0.01}",51,973,0.01,LLVM,random,2,Prop0.05,19,True
MR,0.0247104797877798,"{""lasso__regressor__alpha"": 0.01}",51,973,0.01,LLVM,random,2,Prop0.05,19,True
RF,0.0181346253634771,"{""max_features"": 1.0, ""min_samples_leaf"": 1, ""n_estimators"": 10}",51,973,0.02,LLVM,random,2,Prop0.05,19,True
SVR,0.0257621919018793,"{""regressor__tol"": 0.3, ""regressor__shrinking"": true, ""regressor__epsilon"": 0.1, ""regressor__coef0"": 0.0, ""regressor__C"": 5.0}",51,973,0.01,LLVM,random,2,Prop0.05,19,True
CART,0.0292477444729587,"{""max_features"": 1.0, ""min_samples_leaf"": 2, ""splitter"": ""best""}",51,973,0.0,LLVM,random,2,Prop0.05,20,True
kNN,0.0438336546203195,"{""n_neighbors"": 8, ""p"": 1, ""weights"": ""distance""}",51,973,0.0,LLVM,random,2,Prop0.05,20,True
KRR,0.0387729494944569,"{""regressor__kernel"": ""rbf"", ""regressor__gamma"": 0.01, ""regressor__alpha"": 0.01}",51,973,0.0,LLVM,random,2,Prop0.05,20,True
MR,0.0440839897457866,"{""lasso__regressor__alpha"": 0.01}",51,973,0.01,LLVM,random,2,Prop0.05,20,True
RF,0.0272029805556349,"{""max_features"": 1.0, ""min_samples_leaf"": 1, ""n_estimators"": 10}",51,973,0.02,LLVM,random,2,Prop0.05,20,True
SVR,0.0403532860023141,"{""regressor__tol"": 0.3, ""regressor__shrinking"": true, ""regressor__epsilon"": 0.1, ""regressor__coef0"": 0.0, ""regressor__C"": 5.0}",51,973,0.01,LLVM,random,2,Prop0.05,20,True
CART,0.037799875016669,"{""max_features"": 1.0, ""min_samples_leaf"": 2, ""splitter"": ""best""}",51,973,0.0,LLVM,random,2,Prop0.05,21,True
kNN,0.0385198502366792,"{""n_neighbors"": 8, ""p"": 1, ""weights"": ""distance""}",51,973,0.0,LLVM,random,2,Prop0.05,21,True
KRR,0.0266998111693632,"{""regressor__kernel"": ""rbf"", ""regressor__gamma"": 0.01, ""regressor__alpha"": 0.01}",51,973,0.0,LLVM,random,2,Prop0.05,21,True
MR,0.0332695527107393,"{""lasso__regressor__alpha"": 0.01}",51,973,0.01,LLVM,random,2,Prop0.05,21,True
RF,0.0224781137480466,"{""max_features"": 1.0, ""min_samples_leaf"": 1, ""n_estimators"": 10}",51,973,0.02,LLVM,random,2,Prop0.05,21,True
SVR,0.0271302674364307,"{""regressor__tol"": 0.3, ""regressor__shrinking"": true, ""regressor__epsilon"": 0.1, ""regressor__coef0"": 0.0, ""regressor__C"": 5.0}",51,973,0.01,LLVM,random,2,Prop0.05,21,True
CART,0.0325900275712236,"{""max_features"": 1.0, ""min_samples_leaf"": 2, ""splitter"": ""best""}",51,973,0.0,LLVM,random,2,Prop0.05,22,True
kNN,0.0421574588989816,"{""n_neighbors"": 8, ""p"": 1, ""weights"": ""distance""}",51,973,0.0,LLVM,random,2,Prop0.05,22,True
KRR,0.0253428056850231,"{""regressor__kernel"": ""rbf"", ""regressor__gamma"": 0.01, ""regressor__alpha"": 0.01}",51,973,0.0,LLVM,random,2,Prop0.05,22,True
MR,0.0299905943024531,"{""lasso__regressor__alpha"": 0.01}",51,973,0.01,LLVM,random,2,Prop0.05,22,True
RF,0.0217761228627485,"{""max_features"": 1.0, ""min_samples_leaf"": 1, ""n_estimators"": 10}",51,973,0.02,LLVM,random,2,Prop0.05,22,True
SVR,0.0320962064831443,"{""regressor__tol"": 0.3, ""regressor__shrinking"": true, ""regressor__epsilon"": 0.1, ""regressor__coef0"": 0.0, ""regressor__C"": 5.0}",51,973,0.0,LLVM,random,2,Prop0.05,22,True
CART,0.0232325176200932,"{""max_features"": 1.0, ""min_samples_leaf"": 2, ""splitter"": ""best""}",51,973,0.0,LLVM,random,2,Prop0.05,23,True
kNN,0.0374542522052982,"{""n_neighbors"": 8, ""p"": 1, ""weights"": ""distance""}",51,973,0.0,LLVM,random,2,Prop0.05,23,True
KRR,0.029593788806409,"{""regressor__kernel"": ""rbf"", ""regressor__gamma"": 0.01, ""regressor__alpha"": 0.01}",51,973,0.0,LLVM,random,2,Prop0.05,23,True
MR,0.0255571185873503,"{""lasso__regressor__alpha"": 0.01}",51,973,0.01,LLVM,random,2,Prop0.05,23,True
RF,0.0225033449888,"{""max_features"": 1.0, ""min_samples_leaf"": 1, ""n_estimators"": 10}",51,973,0.02,LLVM,random,2,Prop0.05,23,True
SVR,0.0294515004721844,"{""regressor__tol"": 0.3, ""regressor__shrinking"": true, ""regressor__epsilon"": 0.1, ""regressor__coef0"": 0.0, ""regressor__C"": 5.0}",51,973,0.01,LLVM,random,2,Prop0.05,23,True
CART,0.025572285122421,"{""max_features"": 1.0, ""min_samples_leaf"": 2, ""splitter"": ""best""}",51,973,0.0,LLVM,random,2,Prop0.05,24,True
kNN,0.0413477835800723,"{""n_neighbors"": 8, ""p"": 1, ""weights"": ""distance""}",51,973,0.0,LLVM,random,2,Prop0.05,24,True
KRR,0.023702647197302,"{""regressor__kernel"": ""rbf"", ""regressor__gamma"": 0.01, ""regressor__alpha"": 0.01}",51,973,0.0,LLVM,random,2,Prop0.05,24,True
MR,0.0253981646669267,"{""lasso__regressor__alpha"": 0.01}",51,973,0.01,LLVM,random,2,Prop0.05,24,True
RF,0.024138695785688,"{""max_features"": 1.0, ""min_samples_leaf"": 1, ""n_estimators"": 10}",51,973,0.02,LLVM,random,2,Prop0.05,24,True
SVR,0.0270216166864162,"{""regressor__tol"": 0.3, ""regressor__shrinking"": true, ""regressor__epsilon"": 0.1, ""regressor__coef0"": 0.0, ""regressor__C"": 5.0}",51,973,0.01,LLVM,random,2,Prop0.05,24,True
CART,0.0213303312032916,"{""max_features"": 1.0, ""min_samples_leaf"": 2, ""splitter"": ""best""}",51,973,0.0,LLVM,random,2,Prop0.05,25,True
kNN,0.0344443938762545,"{""n_neighbors"": 8, ""p"": 1, ""weights"": ""distance""}",51,973,0.0,LLVM,random,2,Prop0.05,25,True
KRR,0.0222966240160651,"{""regressor__kernel"": ""rbf"", ""regressor__gamma"": 0.01, ""regressor__alpha"": 0.01}",51,973,0.0,LLVM,random,2,Prop0.05,25,True
MR,0.0228619163095127,"{""lasso__regressor__alpha"": 0.01}",51,973,0.01,LLVM,random,2,Prop0.05,25,True
RF,0.0228376952349417,"{""max_features"": 1.0, ""min_samples_leaf"": 1, ""n_estimators"": 10}",51,973,0.02,LLVM,random,2,Prop0.05,25,True
SVR,0.0269485373976709,"{""regressor__tol"": 0.3, ""regressor__shrinking"": true, ""regressor__epsilon"": 0.1, ""regressor__coef0"": 0.0, ""regressor__C"": 5.0}",51,973,0.01,LLVM,random,2,Prop0.05,25,True
CART,0.024093722560278,"{""max_features"": 1.0, ""min_samples_leaf"": 2, ""splitter"": ""best""}",51,973,0.0,LLVM,random,2,Prop0.05,26,True
kNN,0.0392666208562478,"{""n_neighbors"": 8, ""p"": 1, ""weights"": ""distance""}",51,973,0.0,LLVM,random,2,Prop0.05,26,True
KRR,0.0248725172051253,"{""regressor__kernel"": ""rbf"", ""regressor__gamma"": 0.01, ""regressor__alpha"": 0.01}",51,973,0.0,LLVM,random,2,Prop0.05,26,True
MR,0.0268658018578074,"{""lasso__regressor__alpha"": 0.01}",51,973,0.01,LLVM,random,2,Prop0.05,26,True
RF,0.0255196432239735,"{""max_features"": 1.0, ""min_samples_leaf"": 1, ""n_estimators"": 10}",51,973,0.02,LLVM,random,2,Prop0.05,26,True
SVR,0.0285964082759787,"{""regressor__tol"": 0.3, ""regressor__shrinking"": true, ""regressor__epsilon"": 0.1, ""regressor__coef0"": 0.0, ""regressor__C"": 5.0}",51,973,0.01,LLVM,random,2,Prop0.05,26,True
CART,0.0291369697466268,"{""max_features"": 1.0, ""min_samples_leaf"": 2, ""splitter"": ""best""}",51,973,0.0,LLVM,random,2,Prop0.05,27,True
kNN,0.0427512089709725,"{""n_neighbors"": 8, ""p"": 1, ""weights"": ""distance""}",51,973,0.0,LLVM,random,2,Prop0.05,27,True
KRR,0.0300763532121154,"{""regressor__kernel"": ""rbf"", ""regressor__gamma"": 0.01, ""regressor__alpha"": 0.01}",51,973,0.0,LLVM,random,2,Prop0.05,27,True
MR,0.034399331500094,"{""lasso__regressor__alpha"": 0.01}",51,973,0.01,LLVM,random,2,Prop0.05,27,True
RF,0.0253450761447833,"{""max_features"": 1.0, ""min_samples_leaf"": 1, ""n_estimators"": 10}",51,973,0.02,LLVM,random,2,Prop0.05,27,True
SVR,0.033831805794874,"{""regressor__tol"": 0.3, ""regressor__shrinking"": true, ""regressor__epsilon"": 0.1, ""regressor__coef0"": 0.0, ""regressor__C"": 5.0}",51,973,0.0,LLVM,random,2,Prop0.05,27,True
CART,0.0172656470261899,"{""max_features"": 1.0, ""min_samples_leaf"": 2, ""splitter"": ""best""}",51,973,0.0,LLVM,random,2,Prop0.05,28,True
kNN,0.0359391851605094,"{""n_neighbors"": 8, ""p"": 1, ""weights"": ""distance""}",51,973,0.0,LLVM,random,2,Prop0.05,28,True
KRR,0.0263430376697407,"{""regressor__kernel"": ""rbf"", ""regressor__gamma"": 0.01, ""regressor__alpha"": 0.01}",51,973,0.0,LLVM,random,2,Prop0.05,28,True
MR,0.0252132127033999,"{""lasso__regressor__alpha"": 0.01}",51,973,0.01,LLVM,random,2,Prop0.05,28,True
RF,0.0240727369991398,"{""max_features"": 1.0, ""min_samples_leaf"": 1, ""n_estimators"": 10}",51,973,0.02,LLVM,random,2,Prop0.05,28,True
SVR,0.0213113251274126,"{""regressor__tol"": 0.3, ""regressor__shrinking"": true, ""regressor__epsilon"": 0.1, ""regressor__coef0"": 0.0, ""regressor__C"": 5.0}",51,973,0.0,LLVM,random,2,Prop0.05,28,True
CART,0.0339043775942818,"{""max_features"": 1.0, ""min_samples_leaf"": 2, ""splitter"": ""best""}",51,973,0.0,LLVM,random,2,Prop0.05,29,True
kNN,0.0383296103040753,"{""n_neighbors"": 8, ""p"": 1, ""weights"": ""distance""}",51,973,0.0,LLVM,random,2,Prop0.05,29,True
KRR,0.025259513475797,"{""regressor__kernel"": ""rbf"", ""regressor__gamma"": 0.01, ""regressor__alpha"": 0.01}",51,973,0.0,LLVM,random,2,Prop0.05,29,True
MR,0.0328546106404491,"{""lasso__regressor__alpha"": 0.01}",51,973,0.01,LLVM,random,2,Prop0.05,29,True
RF,0.0287714920425106,"{""max_features"": 1.0, ""min_samples_leaf"": 1, ""n_estimators"": 10}",51,973,0.02,LLVM,random,2,Prop0.05,29,True
SVR,0.0297784375142507,"{""regressor__tol"": 0.3, ""regressor__shrinking"": true, ""regressor__epsilon"": 0.1, ""regressor__coef0"": 0.0, ""regressor__C"": 5.0}",51,973,0.01,LLVM,random,2,Prop0.05,29,True
CART,0.025940981616416,"{""max_features"": 1.0, ""min_samples_leaf"": 2, ""splitter"": ""best""}",51,973,0.0,LLVM,random,2,Prop0.05,30,True
kNN,0.0399021288551602,"{""n_neighbors"": 8, ""p"": 1, ""weights"": ""distance""}",51,973,0.0,LLVM,random,2,Prop0.05,30,True
KRR,0.027773324939342,"{""regressor__kernel"": ""rbf"", ""regressor__gamma"": 0.01, ""regressor__alpha"": 0.01}",51,973,0.0,LLVM,random,2,Prop0.05,30,True
MR,0.0261244605943751,"{""lasso__regressor__alpha"": 0.01}",51,973,0.01,LLVM,random,2,Prop0.05,30,True
RF,0.0218713639987315,"{""max_features"": 1.0, ""min_samples_leaf"": 1, ""n_estimators"": 10}",51,973,0.02,LLVM,random,2,Prop0.05,30,True
SVR,0.0274966698796077,"{""regressor__tol"": 0.3, ""regressor__shrinking"": true, ""regressor__epsilon"": 0.1, ""regressor__coef0"": 0.0, ""regressor__C"": 5.0}",51,973,0.01,LLVM,random,2,Prop0.05,30,True
CART,0.0334183809178162,"{""max_features"": 1.0, ""min_samples_leaf"": 2, ""splitter"": ""best""}",51,973,0.0,LLVM,random,2,Prop0.05,31,True
kNN,0.0418662760865995,"{""n_neighbors"": 8, ""p"": 1, ""weights"": ""distance""}",51,973,0.0,LLVM,random,2,Prop0.05,31,True
KRR,0.0266618793657872,"{""regressor__kernel"": ""rbf"", ""regressor__gamma"": 0.01, ""regressor__alpha"": 0.01}",51,973,0.0,LLVM,random,2,Prop0.05,31,True
MR,0.0291817005331741,"{""lasso__regressor__alpha"": 0.01}",51,973,0.01,LLVM,random,2,Prop0.05,31,True
RF,0.0265464008020937,"{""max_features"": 1.0, ""min_samples_leaf"": 1, ""n_estimators"": 10}",51,973,0.02,LLVM,random,2,Prop0.05,31,True
SVR,0.0306147879552007,"{""regressor__tol"": 0.3, ""regressor__shrinking"": true, ""regressor__epsilon"": 0.1, ""regressor__coef0"": 0.0, ""regressor__C"": 5.0}",51,973,0.01,LLVM,random,2,Prop0.05,31,True
CART,0.0246687666032582,"{""max_features"": 1.0, ""min_samples_leaf"": 2, ""splitter"": ""best""}",51,973,0.0,LLVM,random,2,Prop0.05,32,True
kNN,0.0436085265268477,"{""n_neighbors"": 8, ""p"": 1, ""weights"": ""distance""}",51,973,0.0,LLVM,random,2,Prop0.05,32,True
KRR,0.028299923993144,"{""regressor__kernel"": ""rbf"", ""regressor__gamma"": 0.01, ""regressor__alpha"": 0.01}",51,973,0.0,LLVM,random,2,Prop0.05,32,True
MR,0.0267605377715483,"{""lasso__regressor__alpha"": 0.01}",51,973,0.01,LLVM,random,2,Prop0.05,32,True
RF,0.0217305983316045,"{""max_features"": 1.0, ""min_samples_leaf"": 1, ""n_estimators"": 10}",51,973,0.02,LLVM,random,2,Prop0.05,32,True
SVR,0.0297202199623855,"{""regressor__tol"": 0.3, ""regressor__shrinking"": true, ""regressor__epsilon"": 0.1, ""regressor__coef0"": 0.0, ""regressor__C"": 5.0}",51,973,0.01,LLVM,random,2,Prop0.05,32,True
CART,0.0309811878568587,"{""max_features"": 1.0, ""min_samples_leaf"": 2, ""splitter"": ""best""}",51,973,0.0,LLVM,random,2,Prop0.05,33,True
kNN,0.0474215380013281,"{""n_neighbors"": 8, ""p"": 1, ""weights"": ""distance""}",51,973,0.0,LLVM,random,2,Prop0.05,33,True
KRR,0.0238610993042386,"{""regressor__kernel"": ""rbf"", ""regressor__gamma"": 0.01, ""regressor__alpha"": 0.01}",51,973,0.0,LLVM,random,2,Prop0.05,33,True
MR,0.0234364646253651,"{""lasso__regressor__alpha"": 0.01}",51,973,0.01,LLVM,random,2,Prop0.05,33,True
RF,0.0295392130223932,"{""max_features"": 1.0, ""min_samples_leaf"": 1, ""n_estimators"": 10}",51,973,0.02,LLVM,random,2,Prop0.05,33,True
SVR,0.0290123300747853,"{""regressor__tol"": 0.3, ""regressor__shrinking"": true, ""regressor__epsilon"": 0.1, ""regressor__coef0"": 0.0, ""regressor__C"": 5.0}",51,973,0.01,LLVM,random,2,Prop0.05,33,True
CART,0.0297742749102408,"{""max_features"": 1.0, ""min_samples_leaf"": 2, ""splitter"": ""best""}",51,973,0.0,LLVM,random,2,Prop0.05,34,True
kNN,0.0378310339779245,"{""n_neighbors"": 8, ""p"": 1, ""weights"": ""distance""}",51,973,0.0,LLVM,random,2,Prop0.05,34,True
KRR,0.0234342218192826,"{""regressor__kernel"": ""rbf"", ""regressor__gamma"": 0.01, ""regressor__alpha"": 0.01}",51,973,0.0,LLVM,random,2,Prop0.05,34,True
MR,0.0245556523402041,"{""lasso__regressor__alpha"": 0.01}",51,973,0.01,LLVM,random,2,Prop0.05,34,True
RF,0.0249239527954866,"{""max_features"": 1.0, ""min_samples_leaf"": 1, ""n_estimators"": 10}",51,973,0.02,LLVM,random,2,Prop0.05,34,True
SVR,0.027435100758233,"{""regressor__tol"": 0.3, ""regressor__shrinking"": true, ""regressor__epsilon"": 0.1, ""regressor__coef0"": 0.0, ""regressor__C"": 5.0}",51,973,0.01,LLVM,random,2,Prop0.05,34,True
CART,0.0316957941119308,"{""max_features"": 1.0, ""min_samples_leaf"": 2, ""splitter"": ""best""}",51,973,0.0,LLVM,random,2,Prop0.05,35,True
kNN,0.0403418369246278,"{""n_neighbors"": 8, ""p"": 1, ""weights"": ""distance""}",51,973,0.0,LLVM,random,2,Prop0.05,35,True
KRR,0.0248339412901681,"{""regressor__kernel"": ""rbf"", ""regressor__gamma"": 0.01, ""regressor__alpha"": 0.01}",51,973,0.0,LLVM,random,2,Prop0.05,35,True
MR,0.0283499392340197,"{""lasso__regressor__alpha"": 0.01}",51,973,0.01,LLVM,random,2,Prop0.05,35,True
RF,0.0299423759154513,"{""max_features"": 1.0, ""min_samples_leaf"": 1, ""n_estimators"": 10}",51,973,0.02,LLVM,random,2,Prop0.05,35,True
SVR,0.0315688246195915,"{""regressor__tol"": 0.3, ""regressor__shrinking"": true, ""regressor__epsilon"": 0.1, ""regressor__coef0"": 0.0, ""regressor__C"": 5.0}",51,973,0.01,LLVM,random,2,Prop0.05,35,True
CART,0.0236874477570464,"{""max_features"": 1.0, ""min_samples_leaf"": 2, ""splitter"": ""best""}",51,973,0.0,LLVM,random,2,Prop0.05,36,True
kNN,0.0410272201833254,"{""n_neighbors"": 8, ""p"": 1, ""weights"": ""distance""}",51,973,0.0,LLVM,random,2,Prop0.05,36,True
KRR,0.0288302568415304,"{""regressor__kernel"": ""rbf"", ""regressor__gamma"": 0.01, ""regressor__alpha"": 0.01}",51,973,0.0,LLVM,random,2,Prop0.05,36,True
MR,0.0287959623765026,"{""lasso__regressor__alpha"": 0.01}",51,973,0.01,LLVM,random,2,Prop0.05,36,True
RF,0.0213779485452251,"{""max_features"": 1.0, ""min_samples_leaf"": 1, ""n_estimators"": 10}",51,973,0.02,LLVM,random,2,Prop0.05,36,True
SVR,0.027989710704612,"{""regressor__tol"": 0.3, ""regressor__shrinking"": true, ""regressor__epsilon"": 0.1, ""regressor__coef0"": 0.0, ""regressor__C"": 5.0}",51,973,0.0,LLVM,random,2,Prop0.05,36,True
CART,0.0269476011630989,"{""max_features"": 1.0, ""min_samples_leaf"": 2, ""splitter"": ""best""}",51,973,0.0,LLVM,random,2,Prop0.05,37,True
kNN,0.0418492009702997,"{""n_neighbors"": 8, ""p"": 1, ""weights"": ""distance""}",51,973,0.0,LLVM,random,2,Prop0.05,37,True
KRR,0.0331208387279942,"{""regressor__kernel"": ""rbf"", ""regressor__gamma"": 0.01, ""regressor__alpha"": 0.01}",51,973,0.0,LLVM,random,2,Prop0.05,37,True
MR,0.030650782038515,"{""lasso__regressor__alpha"": 0.01}",51,973,0.01,LLVM,random,2,Prop0.05,37,True
RF,0.0364399987977859,"{""max_features"": 1.0, ""min_samples_leaf"": 1, ""n_estimators"": 10}",51,973,0.02,LLVM,random,2,Prop0.05,37,True
SVR,0.0299765962358566,"{""regressor__tol"": 0.3, ""regressor__shrinking"": true, ""regressor__epsilon"": 0.1, ""regressor__coef0"": 0.0, ""regressor__C"": 5.0}",51,973,0.01,LLVM,random,2,Prop0.05,37,True
CART,0.0274619449789181,"{""max_features"": 1.0, ""min_samples_leaf"": 2, ""splitter"": ""best""}",51,973,0.0,LLVM,random,2,Prop0.05,38,True
kNN,0.039264072059015,"{""n_neighbors"": 8, ""p"": 1, ""weights"": ""distance""}",51,973,0.0,LLVM,random,2,Prop0.05,38,True
KRR,0.0257053829091502,"{""regressor__kernel"": ""rbf"", ""regressor__gamma"": 0.01, ""regressor__alpha"": 0.01}",51,973,0.0,LLVM,random,2,Prop0.05,38,True
MR,0.0285865624664083,"{""lasso__regressor__alpha"": 0.01}",51,973,0.01,LLVM,random,2,Prop0.05,38,True
RF,0.0277936800340544,"{""max_features"": 1.0, ""min_samples_leaf"": 1, ""n_estimators"": 10}",51,973,0.02,LLVM,random,2,Prop0.05,38,True
SVR,0.0265384198094696,"{""regressor__tol"": 0.3, ""regressor__shrinking"": true, ""regressor__epsilon"": 0.1, ""regressor__coef0"": 0.0, ""regressor__C"": 5.0}",51,973,0.01,LLVM,random,2,Prop0.05,38,True
CART,0.0223327748334777,"{""max_features"": 1.0, ""min_samples_leaf"": 2, ""splitter"": ""best""}",51,973,0.0,LLVM,random,2,Prop0.05,39,True
kNN,0.0354277685534533,"{""n_neighbors"": 8, ""p"": 1, ""weights"": ""distance""}",51,973,0.0,LLVM,random,2,Prop0.05,39,True
KRR,0.0276480186436514,"{""regressor__kernel"": ""rbf"", ""regressor__gamma"": 0.01, ""regressor__alpha"": 0.01}",51,973,0.0,LLVM,random,2,Prop0.05,39,True
MR,0.0266276151909903,"{""lasso__regressor__alpha"": 0.01}",51,973,0.01,LLVM,random,2,Prop0.05,39,True
RF,0.021752406763156,"{""max_features"": 1.0, ""min_samples_leaf"": 1, ""n_estimators"": 10}",51,973,0.02,LLVM,random,2,Prop0.05,39,True
SVR,0.0274036247768822,"{""regressor__tol"": 0.3, ""regressor__shrinking"": true, ""regressor__epsilon"": 0.1, ""regressor__coef0"": 0.0, ""regressor__C"": 5.0}",51,973,0.01,LLVM,random,2,Prop0.05,39,True
CART,0.0214616584401258,"{""max_features"": 1.0, ""min_samples_leaf"": 2, ""splitter"": ""best""}",51,973,0.0,LLVM,random,2,Prop0.05,40,True
kNN,0.036760229177606,"{""n_neighbors"": 8, ""p"": 1, ""weights"": ""distance""}",51,973,0.0,LLVM,random,2,Prop0.05,40,True
KRR,0.023922283145212,"{""regressor__kernel"": ""rbf"", ""regressor__gamma"": 0.01, ""regressor__alpha"": 0.01}",51,973,0.0,LLVM,random,2,Prop0.05,40,True
MR,0.0251775367003777,"{""lasso__regressor__alpha"": 0.01}",51,973,0.01,LLVM,random,2,Prop0.05,40,True
RF,0.022614902402879,"{""max_features"": 1.0, ""min_samples_leaf"": 1, ""n_estimators"": 10}",51,973,0.02,LLVM,random,2,Prop0.05,40,True
SVR,0.0273070042983333,"{""regressor__tol"": 0.3, ""regressor__shrinking"": true, ""regressor__epsilon"": 0.1, ""regressor__coef0"": 0.0, ""regressor__C"": 5.0}",51,973,0.01,LLVM,random,2,Prop0.05,40,True
CART,0.0207618255475384,"{""max_features"": 1.0, ""min_samples_leaf"": 2, ""splitter"": ""best""}",51,973,0.0,LLVM,random,2,Prop0.05,41,True
kNN,0.0390204044917122,"{""n_neighbors"": 8, ""p"": 1, ""weights"": ""distance""}",51,973,0.0,LLVM,random,2,Prop0.05,41,True
KRR,0.0252254991720332,"{""regressor__kernel"": ""rbf"", ""regressor__gamma"": 0.01, ""regressor__alpha"": 0.01}",51,973,0.0,LLVM,random,2,Prop0.05,41,True
MR,0.0258898662888313,"{""lasso__regressor__alpha"": 0.01}",51,973,0.01,LLVM,random,2,Prop0.05,41,True
RF,0.0257995686253478,"{""max_features"": 1.0, ""min_samples_leaf"": 1, ""n_estimators"": 10}",51,973,0.02,LLVM,random,2,Prop0.05,41,True
SVR,0.0288318777205015,"{""regressor__tol"": 0.3, ""regressor__shrinking"": true, ""regressor__epsilon"": 0.1, ""regressor__coef0"": 0.0, ""regressor__C"": 5.0}",51,973,0.01,LLVM,random,2,Prop0.05,41,True
CART,0.0226890720365686,"{""max_features"": 1.0, ""min_samples_leaf"": 2, ""splitter"": ""best""}",51,973,0.0,LLVM,random,2,Prop0.05,42,True
kNN,0.0408276626841167,"{""n_neighbors"": 8, ""p"": 1, ""weights"": ""distance""}",51,973,0.0,LLVM,random,2,Prop0.05,42,True
KRR,0.0231317906986176,"{""regressor__kernel"": ""rbf"", ""regressor__gamma"": 0.01, ""regressor__alpha"": 0.01}",51,973,0.0,LLVM,random,2,Prop0.05,42,True
MR,0.0231469167701086,"{""lasso__regressor__alpha"": 0.01}",51,973,0.01,LLVM,random,2,Prop0.05,42,True
RF,0.0252920315601991,"{""max_features"": 1.0, ""min_samples_leaf"": 1, ""n_estimators"": 10}",51,973,0.02,LLVM,random,2,Prop0.05,42,True
SVR,0.027401746493974,"{""regressor__tol"": 0.3, ""regressor__shrinking"": true, ""regressor__epsilon"": 0.1, ""regressor__coef0"": 0.0, ""regressor__C"": 5.0}",51,973,0.01,LLVM,random,2,Prop0.05,42,True
CART,0.0236502073180505,"{""max_features"": 1.0, ""min_samples_leaf"": 2, ""splitter"": ""best""}",51,973,0.0,LLVM,random,2,Prop0.05,43,True
kNN,0.0386309601408687,"{""n_neighbors"": 8, ""p"": 1, ""weights"": ""distance""}",51,973,0.0,LLVM,random,2,Prop0.05,43,True
KRR,0.0215102619837463,"{""regressor__kernel"": ""rbf"", ""regressor__gamma"": 0.01, ""regressor__alpha"": 0.01}",51,973,0.0,LLVM,random,2,Prop0.05,43,True
MR,0.0236678751539271,"{""lasso__regressor__alpha"": 0.01}",51,973,0.01,LLVM,random,2,Prop0.05,43,True
RF,0.0213155092104115,"{""max_features"": 1.0, ""min_samples_leaf"": 1, ""n_estimators"": 10}",51,973,0.02,LLVM,random,2,Prop0.05,43,True
SVR,0.0260738353118268,"{""regressor__tol"": 0.3, ""regressor__shrinking"": true, ""regressor__epsilon"": 0.1, ""regressor__coef0"": 0.0, ""regressor__C"": 5.0}",51,973,0.01,LLVM,random,2,Prop0.05,43,True
CART,0.027727167932189,"{""max_features"": 1.0, ""min_samples_leaf"": 2, ""splitter"": ""best""}",51,973,0.0,LLVM,random,2,Prop0.05,44,True
kNN,0.0354028740792555,"{""n_neighbors"": 8, ""p"": 1, ""weights"": ""distance""}",51,973,0.0,LLVM,random,2,Prop0.05,44,True
KRR,0.0283177036428247,"{""regressor__kernel"": ""rbf"", ""regressor__gamma"": 0.01, ""regressor__alpha"": 0.01}",51,973,0.0,LLVM,random,2,Prop0.05,44,True
MR,0.0269839013667778,"{""lasso__regressor__alpha"": 0.01}",51,973,0.01,LLVM,random,2,Prop0.05,44,True
RF,0.024982997308461,"{""max_features"": 1.0, ""min_samples_leaf"": 1, ""n_estimators"": 10}",51,973,0.02,LLVM,random,2,Prop0.05,44,True
SVR,0.0282659300693255,"{""regressor__tol"": 0.3, ""regressor__shrinking"": true, ""regressor__epsilon"": 0.1, ""regressor__coef0"": 0.0, ""regressor__C"": 5.0}",51,973,0.01,LLVM,random,2,Prop0.05,44,True
CART,0.02778182683431,"{""max_features"": 1.0, ""min_samples_leaf"": 2, ""splitter"": ""best""}",51,973,0.0,LLVM,random,2,Prop0.05,45,True
kNN,0.0402034855636953,"{""n_neighbors"": 8, ""p"": 1, ""weights"": ""distance""}",51,973,0.0,LLVM,random,2,Prop0.05,45,True
KRR,0.0318941776603121,"{""regressor__kernel"": ""rbf"", ""regressor__gamma"": 0.01, ""regressor__alpha"": 0.01}",51,973,0.0,LLVM,random,2,Prop0.05,45,True
MR,0.0298849963823812,"{""lasso__regressor__alpha"": 0.01}",51,973,0.01,LLVM,random,2,Prop0.05,45,True
RF,0.0258918775663012,"{""max_features"": 1.0, ""min_samples_leaf"": 1, ""n_estimators"": 10}",51,973,0.02,LLVM,random,2,Prop0.05,45,True
SVR,0.0288617651364508,"{""regressor__tol"": 0.3, ""regressor__shrinking"": true, ""regressor__epsilon"": 0.1, ""regressor__coef0"": 0.0, ""regressor__C"": 5.0}",51,973,0.01,LLVM,random,2,Prop0.05,45,True
CART,0.0190509451774445,"{""max_features"": 1.0, ""min_samples_leaf"": 2, ""splitter"": ""best""}",51,973,0.0,LLVM,random,2,Prop0.05,46,True
kNN,0.0340891677414668,"{""n_neighbors"": 8, ""p"": 1, ""weights"": ""distance""}",51,973,0.0,LLVM,random,2,Prop0.05,46,True
KRR,0.0253285637067058,"{""regressor__kernel"": ""rbf"", ""regressor__gamma"": 0.01, ""regressor__alpha"": 0.01}",51,973,0.0,LLVM,random,2,Prop0.05,46,True
MR,0.0241758841970662,"{""lasso__regressor__alpha"": 0.01}",51,973,0.01,LLVM,random,2,Prop0.05,46,True
RF,0.0184523216624399,"{""max_features"": 1.0, ""min_samples_leaf"": 1, ""n_estimators"": 10}",51,973,0.02,LLVM,random,2,Prop0.05,46,True
SVR,0.0248347400241559,"{""regressor__tol"": 0.3, ""regressor__shrinking"": true, ""regressor__epsilon"": 0.1, ""regressor__coef0"": 0.0, ""regressor__C"": 5.0}",51,973,0.01,LLVM,random,2,Prop0.05,46,True
CART,0.0248330813323839,"{""max_features"": 1.0, ""min_samples_leaf"": 2, ""splitter"": ""best""}",51,973,0.0,LLVM,random,2,Prop0.05,47,True
kNN,0.0379919532363638,"{""n_neighbors"": 8, ""p"": 1, ""weights"": ""distance""}",51,973,0.0,LLVM,random,2,Prop0.05,47,True
KRR,0.0225213596909403,"{""regressor__kernel"": ""rbf"", ""regressor__gamma"": 0.01, ""regressor__alpha"": 0.01}",51,973,0.0,LLVM,random,2,Prop0.05,47,True
MR,0.0211654025871216,"{""lasso__regressor__alpha"": 0.01}",51,973,0.01,LLVM,random,2,Prop0.05,47,True
RF,0.0223006547333458,"{""max_features"": 1.0, ""min_samples_leaf"": 1, ""n_estimators"": 10}",51,973,0.01,LLVM,random,2,Prop0.05,47,True
SVR,0.0289182705908311,"{""regressor__tol"": 0.3, ""regressor__shrinking"": true, ""regressor__epsilon"": 0.1, ""regressor__coef0"": 0.0, ""regressor__C"": 5.0}",51,973,0.01,LLVM,random,2,Prop0.05,47,True
CART,0.0262465733215472,"{""max_features"": 1.0, ""min_samples_leaf"": 2, ""splitter"": ""best""}",51,973,0.0,LLVM,random,2,Prop0.05,48,True
kNN,0.0429493132201389,"{""n_neighbors"": 8, ""p"": 1, ""weights"": ""distance""}",51,973,0.0,LLVM,random,2,Prop0.05,48,True
KRR,0.0268553924590582,"{""regressor__kernel"": ""rbf"", ""regressor__gamma"": 0.01, ""regressor__alpha"": 0.01}",51,973,0.0,LLVM,random,2,Prop0.05,48,True
MR,0.0253110375016976,"{""lasso__regressor__alpha"": 0.01}",51,973,0.01,LLVM,random,2,Prop0.05,48,True
RF,0.0246354598529337,"{""max_features"": 1.0, ""min_samples_leaf"": 1, ""n_estimators"": 10}",51,973,0.01,LLVM,random,2,Prop0.05,48,True
SVR,0.0288385896741068,"{""regressor__tol"": 0.3, ""regressor__shrinking"": true, ""regressor__epsilon"": 0.1, ""regressor__coef0"": 0.0, ""regressor__C"": 5.0}",51,973,0.01,LLVM,random,2,Prop0.05,48,True
CART,0.031295010915431,"{""max_features"": 1.0, ""min_samples_leaf"": 2, ""splitter"": ""best""}",51,973,0.0,LLVM,random,2,Prop0.05,49,True
kNN,0.0331907287969711,"{""n_neighbors"": 8, ""p"": 1, ""weights"": ""distance""}",51,973,0.0,LLVM,random,2,Prop0.05,49,True
KRR,0.025459184409272,"{""regressor__kernel"": ""rbf"", ""regressor__gamma"": 0.01, ""regressor__alpha"": 0.01}",51,973,0.0,LLVM,random,2,Prop0.05,49,True
MR,0.0246671869705099,"{""lasso__regressor__alpha"": 0.01}",51,973,0.01,LLVM,random,2,Prop0.05,49,True
RF,0.026349467230176,"{""max_features"": 1.0, ""min_samples_leaf"": 1, ""n_estimators"": 10}",51,973,0.02,LLVM,random,2,Prop0.05,49,True
SVR,0.0259306426216772,"{""regressor__tol"": 0.3, ""regressor__shrinking"": true, ""regressor__epsilon"": 0.1, ""regressor__coef0"": 0.0, ""regressor__C"": 5.0}",51,973,0.0,LLVM,random,2,Prop0.05,49,True
CART,0.0237341203311396,"{""max_features"": 1.0, ""min_samples_leaf"": 2, ""splitter"": ""best""}",51,973,0.0,LLVM,random,2,Prop0.05,50,True
kNN,0.0387013739282543,"{""n_neighbors"": 8, ""p"": 1, ""weights"": ""distance""}",51,973,0.0,LLVM,random,2,Prop0.05,50,True
KRR,0.022352007836162,"{""regressor__kernel"": ""rbf"", ""regressor__gamma"": 0.01, ""regressor__alpha"": 0.01}",51,973,0.0,LLVM,random,2,Prop0.05,50,True
MR,0.020728388501025,"{""lasso__regressor__alpha"": 0.01}",51,973,0.01,LLVM,random,2,Prop0.05,50,True
RF,0.0215272007432384,"{""max_features"": 1.0, ""min_samples_leaf"": 1, ""n_estimators"": 10}",51,973,0.02,LLVM,random,2,Prop0.05,50,True
SVR,0.0268368426562454,"{""regressor__tol"": 0.3, ""regressor__shrinking"": true, ""regressor__epsilon"": 0.1, ""regressor__coef0"": 0.0, ""regressor__C"": 5.0}",51,973,0.01,LLVM,random,2,Prop0.05,50,True
CART,0.0297721903956817,"{""max_features"": 1.0, ""min_samples_leaf"": 2, ""splitter"": ""best""}",51,973,0.0,LLVM,random,2,Prop0.05,51,True
kNN,0.0420014592559756,"{""n_neighbors"": 8, ""p"": 1, ""weights"": ""distance""}",51,973,0.0,LLVM,random,2,Prop0.05,51,True
KRR,0.0203951499860205,"{""regressor__kernel"": ""rbf"", ""regressor__gamma"": 0.01, ""regressor__alpha"": 0.01}",51,973,0.0,LLVM,random,2,Prop0.05,51,True
MR,0.0221439339702083,"{""lasso__regressor__alpha"": 0.01}",51,973,0.01,LLVM,random,2,Prop0.05,51,True
RF,0.0261480142371765,"{""max_features"": 1.0, ""min_samples_leaf"": 1, ""n_estimators"": 10}",51,973,0.02,LLVM,random,2,Prop0.05,51,True
SVR,0.0274529632088563,"{""regressor__tol"": 0.3, ""regressor__shrinking"": true, ""regressor__epsilon"": 0.1, ""regressor__coef0"": 0.0, ""regressor__C"": 5.0}",51,973,0.0,LLVM,random,2,Prop0.05,51,True
CART,0.0377064708669942,"{""max_features"": 1.0, ""min_samples_leaf"": 2, ""splitter"": ""best""}",51,973,0.0,LLVM,random,2,Prop0.05,52,True
kNN,0.0386559238179989,"{""n_neighbors"": 8, ""p"": 1, ""weights"": ""distance""}",51,973,0.0,LLVM,random,2,Prop0.05,52,True
KRR,0.0249118524276547,"{""regressor__kernel"": ""rbf"", ""regressor__gamma"": 0.01, ""regressor__alpha"": 0.01}",51,973,0.0,LLVM,random,2,Prop0.05,52,True
MR,0.0240494608204546,"{""lasso__regressor__alpha"": 0.01}",51,973,0.01,LLVM,random,2,Prop0.05,52,True
RF,0.032797731543708,"{""max_features"": 1.0, ""min_samples_leaf"": 1, ""n_estimators"": 10}",51,973,0.02,LLVM,random,2,Prop0.05,52,True
SVR,0.0274055870825939,"{""regressor__tol"": 0.3, ""regressor__shrinking"": true, ""regressor__epsilon"": 0.1, ""regressor__coef0"": 0.0, ""regressor__C"": 5.0}",51,973,0.01,LLVM,random,2,Prop0.05,52,True
CART,0.0242703714861248,"{""max_features"": 1.0, ""min_samples_leaf"": 2, ""splitter"": ""best""}",51,973,0.0,LLVM,random,2,Prop0.05,53,True
kNN,0.0428276387562985,"{""n_neighbors"": 8, ""p"": 1, ""weights"": ""distance""}",51,973,0.0,LLVM,random,2,Prop0.05,53,True
KRR,0.0363155055663033,"{""regressor__kernel"": ""rbf"", ""regressor__gamma"": 0.01, ""regressor__alpha"": 0.01}",51,973,0.0,LLVM,random,2,Prop0.05,53,True
MR,0.0320871511777031,"{""lasso__regressor__alpha"": 0.01}",51,973,0.01,LLVM,random,2,Prop0.05,53,True
RF,0.023405215088078,"{""max_features"": 1.0, ""min_samples_leaf"": 1, ""n_estimators"": 10}",51,973,0.02,LLVM,random,2,Prop0.05,53,True
SVR,0.0324498624861291,"{""regressor__tol"": 0.3, ""regressor__shrinking"": true, ""regressor__epsilon"": 0.1, ""regressor__coef0"": 0.0, ""regressor__C"": 5.0}",51,973,0.01,LLVM,random,2,Prop0.05,53,True
CART,0.0218262980673326,"{""max_features"": 1.0, ""min_samples_leaf"": 2, ""splitter"": ""best""}",51,973,0.0,LLVM,random,2,Prop0.05,54,True
kNN,0.0392705253602605,"{""n_neighbors"": 8, ""p"": 1, ""weights"": ""distance""}",51,973,0.0,LLVM,random,2,Prop0.05,54,True
KRR,0.0230349938348196,"{""regressor__kernel"": ""rbf"", ""regressor__gamma"": 0.01, ""regressor__alpha"": 0.01}",51,973,0.0,LLVM,random,2,Prop0.05,54,True
MR,0.022039030035488,"{""lasso__regressor__alpha"": 0.01}",51,973,0.01,LLVM,random,2,Prop0.05,54,True
RF,0.0252830030768772,"{""max_features"": 1.0, ""min_samples_leaf"": 1, ""n_estimators"": 10}",51,973,0.02,LLVM,random,2,Prop0.05,54,True
SVR,0.0275970790093557,"{""regressor__tol"": 0.3, ""regressor__shrinking"": true, ""regressor__epsilon"": 0.1, ""regressor__coef0"": 0.0, ""regressor__C"": 5.0}",51,973,0.01,LLVM,random,2,Prop0.05,54,True
CART,0.0273050032696242,"{""max_features"": 1.0, ""min_samples_leaf"": 2, ""splitter"": ""best""}",51,973,0.0,LLVM,random,2,Prop0.05,55,True
kNN,0.0456647342583092,"{""n_neighbors"": 8, ""p"": 1, ""weights"": ""distance""}",51,973,0.0,LLVM,random,2,Prop0.05,55,True
KRR,0.0312201919026282,"{""regressor__kernel"": ""rbf"", ""regressor__gamma"": 0.01, ""regressor__alpha"": 0.01}",51,973,0.0,LLVM,random,2,Prop0.05,55,True
MR,0.0326935392580171,"{""lasso__regressor__alpha"": 0.01}",51,973,0.01,LLVM,random,2,Prop0.05,55,True
RF,0.0236988694687698,"{""max_features"": 1.0, ""min_samples_leaf"": 1, ""n_estimators"": 10}",51,973,0.02,LLVM,random,2,Prop0.05,55,True
SVR,0.0355213873947919,"{""regressor__tol"": 0.3, ""regressor__shrinking"": true, ""regressor__epsilon"": 0.1, ""regressor__coef0"": 0.0, ""regressor__C"": 5.0}",51,973,0.0,LLVM,random,2,Prop0.05,55,True
CART,0.024708977718986,"{""max_features"": 1.0, ""min_samples_leaf"": 2, ""splitter"": ""best""}",51,973,0.0,LLVM,random,2,Prop0.05,56,True
kNN,0.0356255128749036,"{""n_neighbors"": 8, ""p"": 1, ""weights"": ""distance""}",51,973,0.0,LLVM,random,2,Prop0.05,56,True
KRR,0.0315694166324447,"{""regressor__kernel"": ""rbf"", ""regressor__gamma"": 0.01, ""regressor__alpha"": 0.01}",51,973,0.0,LLVM,random,2,Prop0.05,56,True
MR,0.029206388437861,"{""lasso__regressor__alpha"": 0.01}",51,973,0.01,LLVM,random,2,Prop0.05,56,True
RF,0.0231303357672367,"{""max_features"": 1.0, ""min_samples_leaf"": 1, ""n_estimators"": 10}",51,973,0.02,LLVM,random,2,Prop0.05,56,True
SVR,0.0287830734340345,"{""regressor__tol"": 0.3, ""regressor__shrinking"": true, ""regressor__epsilon"": 0.1, ""regressor__coef0"": 0.0, ""regressor__C"": 5.0}",51,973,0.01,LLVM,random,2,Prop0.05,56,True
CART,0.0194561891789093,"{""max_features"": 1.0, ""min_samples_leaf"": 2, ""splitter"": ""best""}",51,973,0.0,LLVM,random,2,Prop0.05,57,True
kNN,0.0396945766647446,"{""n_neighbors"": 8, ""p"": 1, ""weights"": ""distance""}",51,973,0.0,LLVM,random,2,Prop0.05,57,True
KRR,0.028052383779127,"{""regressor__kernel"": ""rbf"", ""regressor__gamma"": 0.01, ""regressor__alpha"": 0.01}",51,973,0.0,LLVM,random,2,Prop0.05,57,True
MR,0.027052535981991,"{""lasso__regressor__alpha"": 0.01}",51,973,0.01,LLVM,random,2,Prop0.05,57,True
RF,0.0215840070293433,"{""max_features"": 1.0, ""min_samples_leaf"": 1, ""n_estimators"": 10}",51,973,0.02,LLVM,random,2,Prop0.05,57,True
SVR,0.0299205654852052,"{""regressor__tol"": 0.3, ""regressor__shrinking"": true, ""regressor__epsilon"": 0.1, ""regressor__coef0"": 0.0, ""regressor__C"": 5.0}",51,973,0.01,LLVM,random,2,Prop0.05,57,True
CART,0.0260241604493297,"{""max_features"": 1.0, ""min_samples_leaf"": 2, ""splitter"": ""best""}",51,973,0.0,LLVM,random,2,Prop0.05,58,True
kNN,0.0417366714927269,"{""n_neighbors"": 8, ""p"": 1, ""weights"": ""distance""}",51,973,0.0,LLVM,random,2,Prop0.05,58,True
KRR,0.0230733325460647,"{""regressor__kernel"": ""rbf"", ""regressor__gamma"": 0.01, ""regressor__alpha"": 0.01}",51,973,0.0,LLVM,random,2,Prop0.05,58,True
MR,0.0253397112198015,"{""lasso__regressor__alpha"": 0.01}",51,973,0.01,LLVM,random,2,Prop0.05,58,True
RF,0.0272093325973304,"{""max_features"": 1.0, ""min_samples_leaf"": 1, ""n_estimators"": 10}",51,973,0.02,LLVM,random,2,Prop0.05,58,True
SVR,0.0273461346137407,"{""regressor__tol"": 0.3, ""regressor__shrinking"": true, ""regressor__epsilon"": 0.1, ""regressor__coef0"": 0.0, ""regressor__C"": 5.0}",51,973,0.01,LLVM,random,2,Prop0.05,58,True
CART,0.0339901332197074,"{""max_features"": 1.0, ""min_samples_leaf"": 2, ""splitter"": ""best""}",51,973,0.0,LLVM,random,2,Prop0.05,59,True
kNN,0.0358444481778358,"{""n_neighbors"": 8, ""p"": 1, ""weights"": ""distance""}",51,973,0.0,LLVM,random,2,Prop0.05,59,True
KRR,0.0239563119891773,"{""regressor__kernel"": ""rbf"", ""regressor__gamma"": 0.01, ""regressor__alpha"": 0.01}",51,973,0.0,LLVM,random,2,Prop0.05,59,True
MR,0.0235983319549377,"{""lasso__regressor__alpha"": 0.01}",51,973,0.01,LLVM,random,2,Prop0.05,59,True
RF,0.0278450615279104,"{""max_features"": 1.0, ""min_samples_leaf"": 1, ""n_estimators"": 10}",51,973,0.02,LLVM,random,2,Prop0.05,59,True
SVR,0.0266388214304452,"{""regressor__tol"": 0.3, ""regressor__shrinking"": true, ""regressor__epsilon"": 0.1, ""regressor__coef0"": 0.0, ""regressor__C"": 5.0}",51,973,0.0,LLVM,random,2,Prop0.05,59,True
CART,0.0221777991856069,"{""max_features"": 1.0, ""min_samples_leaf"": 2, ""splitter"": ""best""}",51,973,0.0,LLVM,random,2,Prop0.05,60,True
kNN,0.0406281478250363,"{""n_neighbors"": 8, ""p"": 1, ""weights"": ""distance""}",51,973,0.0,LLVM,random,2,Prop0.05,60,True
KRR,0.023197731246495,"{""regressor__kernel"": ""rbf"", ""regressor__gamma"": 0.01, ""regressor__alpha"": 0.01}",51,973,0.0,LLVM,random,2,Prop0.05,60,True
MR,0.0235256296741072,"{""lasso__regressor__alpha"": 0.01}",51,973,0.01,LLVM,random,2,Prop0.05,60,True
RF,0.0237231103334458,"{""max_features"": 1.0, ""min_samples_leaf"": 1, ""n_estimators"": 10}",51,973,0.02,LLVM,random,2,Prop0.05,60,True
SVR,0.0268459273628339,"{""regressor__tol"": 0.3, ""regressor__shrinking"": true, ""regressor__epsilon"": 0.1, ""regressor__coef0"": 0.0, ""regressor__C"": 5.0}",51,973,0.01,LLVM,random,2,Prop0.05,60,True
CART,0.0271870817892118,"{""max_features"": 1.0, ""min_samples_leaf"": 2, ""splitter"": ""best""}",51,973,0.0,LLVM,random,2,Prop0.05,61,True
kNN,0.038693005910716,"{""n_neighbors"": 8, ""p"": 1, ""weights"": ""distance""}",51,973,0.0,LLVM,random,2,Prop0.05,61,True
KRR,0.0236310452659253,"{""regressor__kernel"": ""rbf"", ""regressor__gamma"": 0.01, ""regressor__alpha"": 0.01}",51,973,0.0,LLVM,random,2,Prop0.05,61,True
MR,0.0235752693179973,"{""lasso__regressor__alpha"": 0.01}",51,973,0.01,LLVM,random,2,Prop0.05,61,True
RF,0.0277870625217285,"{""max_features"": 1.0, ""min_samples_leaf"": 1, ""n_estimators"": 10}",51,973,0.02,LLVM,random,2,Prop0.05,61,True
SVR,0.025431892802587,"{""regressor__tol"": 0.3, ""regressor__shrinking"": true, ""regressor__epsilon"": 0.1, ""regressor__coef0"": 0.0, ""regressor__C"": 5.0}",51,973,0.01,LLVM,random,2,Prop0.05,61,True
CART,0.0261187038162519,"{""max_features"": 1.0, ""min_samples_leaf"": 2, ""splitter"": ""best""}",51,973,0.0,LLVM,random,2,Prop0.05,62,True
kNN,0.0430332058307945,"{""n_neighbors"": 8, ""p"": 1, ""weights"": ""distance""}",51,973,0.0,LLVM,random,2,Prop0.05,62,True
KRR,0.0327501468213084,"{""regressor__kernel"": ""rbf"", ""regressor__gamma"": 0.01, ""regressor__alpha"": 0.01}",51,973,0.0,LLVM,random,2,Prop0.05,62,True
MR,0.0338355061631459,"{""lasso__regressor__alpha"": 0.01}",51,973,0.01,LLVM,random,2,Prop0.05,62,True
RF,0.0290277991792993,"{""max_features"": 1.0, ""min_samples_leaf"": 1, ""n_estimators"": 10}",51,973,0.02,LLVM,random,2,Prop0.05,62,True
SVR,0.0342380073201771,"{""regressor__tol"": 0.3, ""regressor__shrinking"": true, ""regressor__epsilon"": 0.1, ""regressor__coef0"": 0.0, ""regressor__C"": 5.0}",51,973,0.01,LLVM,random,2,Prop0.05,62,True
CART,0.030000748274658,"{""max_features"": 1.0, ""min_samples_leaf"": 2, ""splitter"": ""best""}",51,973,0.0,LLVM,random,2,Prop0.05,63,True
kNN,0.0395254595366132,"{""n_neighbors"": 8, ""p"": 1, ""weights"": ""distance""}",51,973,0.0,LLVM,random,2,Prop0.05,63,True
KRR,0.0241266440732988,"{""regressor__kernel"": ""rbf"", ""regressor__gamma"": 0.01, ""regressor__alpha"": 0.01}",51,973,0.0,LLVM,random,2,Prop0.05,63,True
MR,0.0226524049649868,"{""lasso__regressor__alpha"": 0.01}",51,973,0.01,LLVM,random,2,Prop0.05,63,True
RF,0.0264567096702563,"{""max_features"": 1.0, ""min_samples_leaf"": 1, ""n_estimators"": 10}",51,973,0.02,LLVM,random,2,Prop0.05,63,True
SVR,0.0297135498308515,"{""regressor__tol"": 0.3, ""regressor__shrinking"": true, ""regressor__epsilon"": 0.1, ""regressor__coef0"": 0.0, ""regressor__C"": 5.0}",51,973,0.01,LLVM,random,2,Prop0.05,63,True
CART,0.0189202457206851,"{""max_features"": 1.0, ""min_samples_leaf"": 2, ""splitter"": ""best""}",51,973,0.0,LLVM,random,2,Prop0.05,64,True
kNN,0.0431994112140774,"{""n_neighbors"": 8, ""p"": 1, ""weights"": ""distance""}",51,973,0.0,LLVM,random,2,Prop0.05,64,True
KRR,0.0279431566753886,"{""regressor__kernel"": ""rbf"", ""regressor__gamma"": 0.01, ""regressor__alpha"": 0.01}",51,973,0.0,LLVM,random,2,Prop0.05,64,True
MR,0.0296211039704596,"{""lasso__regressor__alpha"": 0.01}",51,973,0.01,LLVM,random,2,Prop0.05,64,True
RF,0.0227241929574331,"{""max_features"": 1.0, ""min_samples_leaf"": 1, ""n_estimators"": 10}",51,973,0.02,LLVM,random,2,Prop0.05,64,True
SVR,0.0333957632168809,"{""regressor__tol"": 0.3, ""regressor__shrinking"": true, ""regressor__epsilon"": 0.1, ""regressor__coef0"": 0.0, ""regressor__C"": 5.0}",51,973,0.01,LLVM,random,2,Prop0.05,64,True
CART,0.0220594413323277,"{""max_features"": 1.0, ""min_samples_leaf"": 2, ""splitter"": ""best""}",51,973,0.0,LLVM,random,2,Prop0.05,65,True
kNN,0.0417457219580442,"{""n_neighbors"": 8, ""p"": 1, ""weights"": ""distance""}",51,973,0.0,LLVM,random,2,Prop0.05,65,True
KRR,0.0247233689625799,"{""regressor__kernel"": ""rbf"", ""regressor__gamma"": 0.01, ""regressor__alpha"": 0.01}",51,973,0.0,LLVM,random,2,Prop0.05,65,True
MR,0.0256271970352671,"{""lasso__regressor__alpha"": 0.01}",51,973,0.01,LLVM,random,2,Prop0.05,65,True
RF,0.025068756405453,"{""max_features"": 1.0, ""min_samples_leaf"": 1, ""n_estimators"": 10}",51,973,0.02,LLVM,random,2,Prop0.05,65,True
SVR,0.0296381976839754,"{""regressor__tol"": 0.3, ""regressor__shrinking"": true, ""regressor__epsilon"": 0.1, ""regressor__coef0"": 0.0, ""regressor__C"": 5.0}",51,973,0.01,LLVM,random,2,Prop0.05,65,True
CART,0.0227807990374087,"{""max_features"": 1.0, ""min_samples_leaf"": 2, ""splitter"": ""best""}",51,973,0.0,LLVM,random,2,Prop0.05,66,True
kNN,0.0385080970266984,"{""n_neighbors"": 8, ""p"": 1, ""weights"": ""distance""}",51,973,0.0,LLVM,random,2,Prop0.05,66,True
KRR,0.0315899682366288,"{""regressor__kernel"": ""rbf"", ""regressor__gamma"": 0.01, ""regressor__alpha"": 0.01}",51,973,0.0,LLVM,random,2,Prop0.05,66,True
MR,0.031861540902599,"{""lasso__regressor__alpha"": 0.01}",51,973,0.01,LLVM,random,2,Prop0.05,66,True
RF,0.023489835282273,"{""max_features"": 1.0, ""min_samples_leaf"": 1, ""n_estimators"": 10}",51,973,0.02,LLVM,random,2,Prop0.05,66,True
SVR,0.0305720164264598,"{""regressor__tol"": 0.3, ""regressor__shrinking"": true, ""regressor__epsilon"": 0.1, ""regressor__coef0"": 0.0, ""regressor__C"": 5.0}",51,973,0.01,LLVM,random,2,Prop0.05,66,True
CART,0.0221544225745092,"{""max_features"": 1.0, ""min_samples_leaf"": 2, ""splitter"": ""best""}",51,973,0.0,LLVM,random,2,Prop0.05,67,True
kNN,0.0398046598769959,"{""n_neighbors"": 8, ""p"": 1, ""weights"": ""distance""}",51,973,0.0,LLVM,random,2,Prop0.05,67,True
KRR,0.0229149881057925,"{""regressor__kernel"": ""rbf"", ""regressor__gamma"": 0.01, ""regressor__alpha"": 0.01}",51,973,0.0,LLVM,random,2,Prop0.05,67,True
MR,0.0217847801505397,"{""lasso__regressor__alpha"": 0.01}",51,973,0.01,LLVM,random,2,Prop0.05,67,True
RF,0.0202097016057281,"{""max_features"": 1.0, ""min_samples_leaf"": 1, ""n_estimators"": 10}",51,973,0.02,LLVM,random,2,Prop0.05,67,True
SVR,0.0293668687411039,"{""regressor__tol"": 0.3, ""regressor__shrinking"": true, ""regressor__epsilon"": 0.1, ""regressor__coef0"": 0.0, ""regressor__C"": 5.0}",51,973,0.01,LLVM,random,2,Prop0.05,67,True
CART,0.0262087839394979,"{""max_features"": 1.0, ""min_samples_leaf"": 2, ""splitter"": ""best""}",51,973,0.0,LLVM,random,2,Prop0.05,68,True
kNN,0.0400974629819279,"{""n_neighbors"": 8, ""p"": 1, ""weights"": ""distance""}",51,973,0.0,LLVM,random,2,Prop0.05,68,True
KRR,0.0211080920084227,"{""regressor__kernel"": ""rbf"", ""regressor__gamma"": 0.01, ""regressor__alpha"": 0.01}",51,973,0.0,LLVM,random,2,Prop0.05,68,True
MR,0.0217563777708932,"{""lasso__regressor__alpha"": 0.01}",51,973,0.01,LLVM,random,2,Prop0.05,68,True
RF,0.0189036777769446,"{""max_features"": 1.0, ""min_samples_leaf"": 1, ""n_estimators"": 10}",51,973,0.02,LLVM,random,2,Prop0.05,68,True
SVR,0.0266718876022453,"{""regressor__tol"": 0.3, ""regressor__shrinking"": true, ""regressor__epsilon"": 0.1, ""regressor__coef0"": 0.0, ""regressor__C"": 5.0}",51,973,0.01,LLVM,random,2,Prop0.05,68,True
CART,0.0215679758652322,"{""max_features"": 1.0, ""min_samples_leaf"": 2, ""splitter"": ""best""}",51,973,0.0,LLVM,random,2,Prop0.05,69,True
kNN,0.0393652469681569,"{""n_neighbors"": 8, ""p"": 1, ""weights"": ""distance""}",51,973,0.0,LLVM,random,2,Prop0.05,69,True
KRR,0.0307264044034688,"{""regressor__kernel"": ""rbf"", ""regressor__gamma"": 0.01, ""regressor__alpha"": 0.01}",51,973,0.0,LLVM,random,2,Prop0.05,69,True
MR,0.0278909175075381,"{""lasso__regressor__alpha"": 0.01}",51,973,0.01,LLVM,random,2,Prop0.05,69,True
RF,0.0207747348289114,"{""max_features"": 1.0, ""min_samples_leaf"": 1, ""n_estimators"": 10}",51,973,0.02,LLVM,random,2,Prop0.05,69,True
SVR,0.0321446343896015,"{""regressor__tol"": 0.3, ""regressor__shrinking"": true, ""regressor__epsilon"": 0.1, ""regressor__coef0"": 0.0, ""regressor__C"": 5.0}",51,973,0.01,LLVM,random,2,Prop0.05,69,True
CART,0.0198925970172533,"{""max_features"": 1.0, ""min_samples_leaf"": 2, ""splitter"": ""best""}",51,973,0.0,LLVM,random,2,Prop0.05,70,True
kNN,0.0407318602210854,"{""n_neighbors"": 8, ""p"": 1, ""weights"": ""distance""}",51,973,0.0,LLVM,random,2,Prop0.05,70,True
KRR,0.0238133409852396,"{""regressor__kernel"": ""rbf"", ""regressor__gamma"": 0.01, ""regressor__alpha"": 0.01}",51,973,0.0,LLVM,random,2,Prop0.05,70,True
MR,0.0248537916019975,"{""lasso__regressor__alpha"": 0.01}",51,973,0.01,LLVM,random,2,Prop0.05,70,True
RF,0.0186939441359326,"{""max_features"": 1.0, ""min_samples_leaf"": 1, ""n_estimators"": 10}",51,973,0.02,LLVM,random,2,Prop0.05,70,True
SVR,0.027379368281574,"{""regressor__tol"": 0.3, ""regressor__shrinking"": true, ""regressor__epsilon"": 0.1, ""regressor__coef0"": 0.0, ""regressor__C"": 5.0}",51,973,0.01,LLVM,random,2,Prop0.05,70,True
CART,0.0253089589150851,"{""max_features"": 1.0, ""min_samples_leaf"": 2, ""splitter"": ""best""}",51,973,0.0,LLVM,random,2,Prop0.05,71,True
kNN,0.0401986656370676,"{""n_neighbors"": 8, ""p"": 1, ""weights"": ""distance""}",51,973,0.0,LLVM,random,2,Prop0.05,71,True
KRR,0.0254675979857411,"{""regressor__kernel"": ""rbf"", ""regressor__gamma"": 0.01, ""regressor__alpha"": 0.01}",51,973,0.0,LLVM,random,2,Prop0.05,71,True
MR,0.0254722884907929,"{""lasso__regressor__alpha"": 0.01}",51,973,0.01,LLVM,random,2,Prop0.05,71,True
RF,0.021201221169719,"{""max_features"": 1.0, ""min_samples_leaf"": 1, ""n_estimators"": 10}",51,973,0.02,LLVM,random,2,Prop0.05,71,True
SVR,0.0284825432604309,"{""regressor__tol"": 0.3, ""regressor__shrinking"": true, ""regressor__epsilon"": 0.1, ""regressor__coef0"": 0.0, ""regressor__C"": 5.0}",51,973,0.0,LLVM,random,2,Prop0.05,71,True
CART,0.0283680994864303,"{""max_features"": 1.0, ""min_samples_leaf"": 2, ""splitter"": ""best""}",51,973,0.0,LLVM,random,2,Prop0.05,72,True
kNN,0.0425323564864284,"{""n_neighbors"": 8, ""p"": 1, ""weights"": ""distance""}",51,973,0.0,LLVM,random,2,Prop0.05,72,True
KRR,0.027664136731171,"{""regressor__kernel"": ""rbf"", ""regressor__gamma"": 0.01, ""regressor__alpha"": 0.01}",51,973,0.0,LLVM,random,2,Prop0.05,72,True
MR,0.0307528847660682,"{""lasso__regressor__alpha"": 0.01}",51,973,0.01,LLVM,random,2,Prop0.05,72,True
RF,0.0290754593335321,"{""max_features"": 1.0, ""min_samples_leaf"": 1, ""n_estimators"": 10}",51,973,0.02,LLVM,random,2,Prop0.05,72,True
SVR,0.0310167869812845,"{""regressor__tol"": 0.3, ""regressor__shrinking"": true, ""regressor__epsilon"": 0.1, ""regressor__coef0"": 0.0, ""regressor__C"": 5.0}",51,973,0.0,LLVM,random,2,Prop0.05,72,True
CART,0.0189888145867598,"{""max_features"": 1.0, ""min_samples_leaf"": 2, ""splitter"": ""best""}",51,973,0.0,LLVM,random,2,Prop0.05,73,True
kNN,0.0379958290765259,"{""n_neighbors"": 8, ""p"": 1, ""weights"": ""distance""}",51,973,0.0,LLVM,random,2,Prop0.05,73,True
KRR,0.024238817453779,"{""regressor__kernel"": ""rbf"", ""regressor__gamma"": 0.01, ""regressor__alpha"": 0.01}",51,973,0.0,LLVM,random,2,Prop0.05,73,True
MR,0.0259856205221151,"{""lasso__regressor__alpha"": 0.01}",51,973,0.01,LLVM,random,2,Prop0.05,73,True
RF,0.0180738250087191,"{""max_features"": 1.0, ""min_samples_leaf"": 1, ""n_estimators"": 10}",51,973,0.02,LLVM,random,2,Prop0.05,73,True
SVR,0.0277693210291138,"{""regressor__tol"": 0.3, ""regressor__shrinking"": true, ""regressor__epsilon"": 0.1, ""regressor__coef0"": 0.0, ""regressor__C"": 5.0}",51,973,0.01,LLVM,random,2,Prop0.05,73,True
CART,0.0197461886288779,"{""max_features"": 1.0, ""min_samples_leaf"": 2, ""splitter"": ""best""}",51,973,0.0,LLVM,random,2,Prop0.05,74,True
kNN,0.0343130524152313,"{""n_neighbors"": 8, ""p"": 1, ""weights"": ""distance""}",51,973,0.0,LLVM,random,2,Prop0.05,74,True
KRR,0.0224138266181176,"{""regressor__kernel"": ""rbf"", ""regressor__gamma"": 0.01, ""regressor__alpha"": 0.01}",51,973,0.0,LLVM,random,2,Prop0.05,74,True
MR,0.0239369494846949,"{""lasso__regressor__alpha"": 0.01}",51,973,0.01,LLVM,random,2,Prop0.05,74,True
RF,0.0222782587814897,"{""max_features"": 1.0, ""min_samples_leaf"": 1, ""n_estimators"": 10}",51,973,0.02,LLVM,random,2,Prop0.05,74,True
SVR,0.0244582720969678,"{""regressor__tol"": 0.3, ""regressor__shrinking"": true, ""regressor__epsilon"": 0.1, ""regressor__coef0"": 0.0, ""regressor__C"": 5.0}",51,973,0.01,LLVM,random,2,Prop0.05,74,True
CART,0.020742572949044,"{""max_features"": 1.0, ""min_samples_leaf"": 2, ""splitter"": ""best""}",51,973,0.0,LLVM,random,2,Prop0.05,75,True
kNN,0.039127361294622,"{""n_neighbors"": 8, ""p"": 1, ""weights"": ""distance""}",51,973,0.0,LLVM,random,2,Prop0.05,75,True
KRR,0.0257617230457217,"{""regressor__kernel"": ""rbf"", ""regressor__gamma"": 0.01, ""regressor__alpha"": 0.01}",51,973,0.0,LLVM,random,2,Prop0.05,75,True
MR,0.0237504897283317,"{""lasso__regressor__alpha"": 0.01}",51,973,0.01,LLVM,random,2,Prop0.05,75,True
RF,0.0218208376598918,"{""max_features"": 1.0, ""min_samples_leaf"": 1, ""n_estimators"": 10}",51,973,0.02,LLVM,random,2,Prop0.05,75,True
SVR,0.0247855660669963,"{""regressor__tol"": 0.3, ""regressor__shrinking"": true, ""regressor__epsilon"": 0.1, ""regressor__coef0"": 0.0, ""regressor__C"": 5.0}",51,973,0.01,LLVM,random,2,Prop0.05,75,True
CART,0.0252607557029043,"{""max_features"": 1.0, ""min_samples_leaf"": 2, ""splitter"": ""best""}",51,973,0.0,LLVM,random,2,Prop0.05,76,True
kNN,0.0426518211686032,"{""n_neighbors"": 8, ""p"": 1, ""weights"": ""distance""}",51,973,0.0,LLVM,random,2,Prop0.05,76,True
KRR,0.0289161013538142,"{""regressor__kernel"": ""rbf"", ""regressor__gamma"": 0.01, ""regressor__alpha"": 0.01}",51,973,0.0,LLVM,random,2,Prop0.05,76,True
MR,0.0322430045090516,"{""lasso__regressor__alpha"": 0.01}",51,973,0.01,LLVM,random,2,Prop0.05,76,True
RF,0.0299023074136366,"{""max_features"": 1.0, ""min_samples_leaf"": 1, ""n_estimators"": 10}",51,973,0.02,LLVM,random,2,Prop0.05,76,True
SVR,0.0345431256990045,"{""regressor__tol"": 0.3, ""regressor__shrinking"": true, ""regressor__epsilon"": 0.1, ""regressor__coef0"": 0.0, ""regressor__C"": 5.0}",51,973,0.01,LLVM,random,2,Prop0.05,76,True
CART,0.0293824983202658,"{""max_features"": 1.0, ""min_samples_leaf"": 2, ""splitter"": ""best""}",51,973,0.0,LLVM,random,2,Prop0.05,77,True
kNN,0.0427822218941116,"{""n_neighbors"": 8, ""p"": 1, ""weights"": ""distance""}",51,973,0.0,LLVM,random,2,Prop0.05,77,True
KRR,0.030947114425025,"{""regressor__kernel"": ""rbf"", ""regressor__gamma"": 0.01, ""regressor__alpha"": 0.01}",51,973,0.0,LLVM,random,2,Prop0.05,77,True
MR,0.0340811260794258,"{""lasso__regressor__alpha"": 0.01}",51,973,0.01,LLVM,random,2,Prop0.05,77,True
RF,0.0246334275573252,"{""max_features"": 1.0, ""min_samples_leaf"": 1, ""n_estimators"": 10}",51,973,0.02,LLVM,random,2,Prop0.05,77,True
SVR,0.0319421444183846,"{""regressor__tol"": 0.3, ""regressor__shrinking"": true, ""regressor__epsilon"": 0.1, ""regressor__coef0"": 0.0, ""regressor__C"": 5.0}",51,973,0.01,LLVM,random,2,Prop0.05,77,True
CART,0.0381313756772674,"{""max_features"": 1.0, ""min_samples_leaf"": 2, ""splitter"": ""best""}",51,973,0.0,LLVM,random,2,Prop0.05,78,True
kNN,0.047931360309499,"{""n_neighbors"": 8, ""p"": 1, ""weights"": ""distance""}",51,973,0.0,LLVM,random,2,Prop0.05,78,True
KRR,0.0309509899698834,"{""regressor__kernel"": ""rbf"", ""regressor__gamma"": 0.01, ""regressor__alpha"": 0.01}",51,973,0.0,LLVM,random,2,Prop0.05,78,True
MR,0.0310377428101038,"{""lasso__regressor__alpha"": 0.01}",51,973,0.01,LLVM,random,2,Prop0.05,78,True
RF,0.0289526738122902,"{""max_features"": 1.0, ""min_samples_leaf"": 1, ""n_estimators"": 10}",51,973,0.02,LLVM,random,2,Prop0.05,78,True
SVR,0.0357722548115298,"{""regressor__tol"": 0.3, ""regressor__shrinking"": true, ""regressor__epsilon"": 0.1, ""regressor__coef0"": 0.0, ""regressor__C"": 5.0}",51,973,0.01,LLVM,random,2,Prop0.05,78,True
CART,0.0247032852378586,"{""max_features"": 1.0, ""min_samples_leaf"": 2, ""splitter"": ""best""}",51,973,0.0,LLVM,random,2,Prop0.05,79,True
kNN,0.0407008482864263,"{""n_neighbors"": 8, ""p"": 1, ""weights"": ""distance""}",51,973,0.0,LLVM,random,2,Prop0.05,79,True
KRR,0.0240387888479445,"{""regressor__kernel"": ""rbf"", ""regressor__gamma"": 0.01, ""regressor__alpha"": 0.01}",51,973,0.0,LLVM,random,2,Prop0.05,79,True
MR,0.0266056872990395,"{""lasso__regressor__alpha"": 0.01}",51,973,0.01,LLVM,random,2,Prop0.05,79,True
RF,0.0223026203239153,"{""max_features"": 1.0, ""min_samples_leaf"": 1, ""n_estimators"": 10}",51,973,0.02,LLVM,random,2,Prop0.05,79,True
SVR,0.0276634886416756,"{""regressor__tol"": 0.3, ""regressor__shrinking"": true, ""regressor__epsilon"": 0.1, ""regressor__coef0"": 0.0, ""regressor__C"": 5.0}",51,973,0.01,LLVM,random,2,Prop0.05,79,True
CART,0.0226862896538658,"{""max_features"": 1.0, ""min_samples_leaf"": 2, ""splitter"": ""best""}",51,973,0.0,LLVM,random,2,Prop0.05,80,True
kNN,0.0383450200971079,"{""n_neighbors"": 8, ""p"": 1, ""weights"": ""distance""}",51,973,0.0,LLVM,random,2,Prop0.05,80,True
KRR,0.0242723784797994,"{""regressor__kernel"": ""rbf"", ""regressor__gamma"": 0.01, ""regressor__alpha"": 0.01}",51,973,0.0,LLVM,random,2,Prop0.05,80,True
MR,0.0259165863066774,"{""lasso__regressor__alpha"": 0.01}",51,973,0.01,LLVM,random,2,Prop0.05,80,True
RF,0.0233625411631272,"{""max_features"": 1.0, ""min_samples_leaf"": 1, ""n_estimators"": 10}",51,973,0.02,LLVM,random,2,Prop0.05,80,True
SVR,0.0288184027635224,"{""regressor__tol"": 0.3, ""regressor__shrinking"": true, ""regressor__epsilon"": 0.1, ""regressor__coef0"": 0.0, ""regressor__C"": 5.0}",51,973,0.0,LLVM,random,2,Prop0.05,80,True
CART,0.0236731722256485,"{""max_features"": 1.0, ""min_samples_leaf"": 2, ""splitter"": ""best""}",51,973,0.0,LLVM,random,2,Prop0.05,81,True
kNN,0.0380468119092888,"{""n_neighbors"": 8, ""p"": 1, ""weights"": ""distance""}",51,973,0.0,LLVM,random,2,Prop0.05,81,True
KRR,0.0264099200863996,"{""regressor__kernel"": ""rbf"", ""regressor__gamma"": 0.01, ""regressor__alpha"": 0.01}",51,973,0.0,LLVM,random,2,Prop0.05,81,True
MR,0.0289763606016919,"{""lasso__regressor__alpha"": 0.01}",51,973,0.01,LLVM,random,2,Prop0.05,81,True
RF,0.0260030420518311,"{""max_features"": 1.0, ""min_samples_leaf"": 1, ""n_estimators"": 10}",51,973,0.02,LLVM,random,2,Prop0.05,81,True
SVR,0.0291617705484998,"{""regressor__tol"": 0.3, ""regressor__shrinking"": true, ""regressor__epsilon"": 0.1, ""regressor__coef0"": 0.0, ""regressor__C"": 5.0}",51,973,0.01,LLVM,random,2,Prop0.05,81,True
CART,0.0187947421845096,"{""max_features"": 1.0, ""min_samples_leaf"": 2, ""splitter"": ""best""}",51,973,0.0,LLVM,random,2,Prop0.05,82,True
kNN,0.0356210371509286,"{""n_neighbors"": 8, ""p"": 1, ""weights"": ""distance""}",51,973,0.0,LLVM,random,2,Prop0.05,82,True
KRR,0.027955328267323,"{""regressor__kernel"": ""rbf"", ""regressor__gamma"": 0.01, ""regressor__alpha"": 0.01}",51,973,0.0,LLVM,random,2,Prop0.05,82,True
MR,0.0244089356210274,"{""lasso__regressor__alpha"": 0.01}",51,973,0.01,LLVM,random,2,Prop0.05,82,True
RF,0.0213331004938594,"{""max_features"": 1.0, ""min_samples_leaf"": 1, ""n_estimators"": 10}",51,973,0.02,LLVM,random,2,Prop0.05,82,True
SVR,0.0269161238532138,"{""regressor__tol"": 0.3, ""regressor__shrinking"": true, ""regressor__epsilon"": 0.1, ""regressor__coef0"": 0.0, ""regressor__C"": 5.0}",51,973,0.01,LLVM,random,2,Prop0.05,82,True
CART,0.025583721526329,"{""max_features"": 1.0, ""min_samples_leaf"": 2, ""splitter"": ""best""}",51,973,0.0,LLVM,random,2,Prop0.05,83,True
kNN,0.0402618190688719,"{""n_neighbors"": 8, ""p"": 1, ""weights"": ""distance""}",51,973,0.0,LLVM,random,2,Prop0.05,83,True
KRR,0.0298458584808668,"{""regressor__kernel"": ""rbf"", ""regressor__gamma"": 0.01, ""regressor__alpha"": 0.01}",51,973,0.0,LLVM,random,2,Prop0.05,83,True
MR,0.0285814031487641,"{""lasso__regressor__alpha"": 0.01}",51,973,0.01,LLVM,random,2,Prop0.05,83,True
RF,0.0210252465633826,"{""max_features"": 1.0, ""min_samples_leaf"": 1, ""n_estimators"": 10}",51,973,0.02,LLVM,random,2,Prop0.05,83,True
SVR,0.0314639129758597,"{""regressor__tol"": 0.3, ""regressor__shrinking"": true, ""regressor__epsilon"": 0.1, ""regressor__coef0"": 0.0, ""regressor__C"": 5.0}",51,973,0.01,LLVM,random,2,Prop0.05,83,True
CART,0.0295956562082154,"{""max_features"": 1.0, ""min_samples_leaf"": 2, ""splitter"": ""best""}",51,973,0.0,LLVM,random,2,Prop0.05,84,True
kNN,0.0378086754024595,"{""n_neighbors"": 8, ""p"": 1, ""weights"": ""distance""}",51,973,0.0,LLVM,random,2,Prop0.05,84,True
KRR,0.0212566012741298,"{""regressor__kernel"": ""rbf"", ""regressor__gamma"": 0.01, ""regressor__alpha"": 0.01}",51,973,0.0,LLVM,random,2,Prop0.05,84,True
MR,0.021939400155436,"{""lasso__regressor__alpha"": 0.01}",51,973,0.01,LLVM,random,2,Prop0.05,84,True
RF,0.0282320365891327,"{""max_features"": 1.0, ""min_samples_leaf"": 1, ""n_estimators"": 10}",51,973,0.02,LLVM,random,2,Prop0.05,84,True
SVR,0.0263904902322573,"{""regressor__tol"": 0.3, ""regressor__shrinking"": true, ""regressor__epsilon"": 0.1, ""regressor__coef0"": 0.0, ""regressor__C"": 5.0}",51,973,0.01,LLVM,random,2,Prop0.05,84,True
CART,0.0210670399725613,"{""max_features"": 1.0, ""min_samples_leaf"": 2, ""splitter"": ""best""}",51,973,0.0,LLVM,random,2,Prop0.05,85,True
kNN,0.040568771261473,"{""n_neighbors"": 8, ""p"": 1, ""weights"": ""distance""}",51,973,0.0,LLVM,random,2,Prop0.05,85,True
KRR,0.0273810955708092,"{""regressor__kernel"": ""rbf"", ""regressor__gamma"": 0.01, ""regressor__alpha"": 0.01}",51,973,0.0,LLVM,random,2,Prop0.05,85,True
MR,0.0279344316743627,"{""lasso__regressor__alpha"": 0.01}",51,973,0.01,LLVM,random,2,Prop0.05,85,True
RF,0.0241599289754562,"{""max_features"": 1.0, ""min_samples_leaf"": 1, ""n_estimators"": 10}",51,973,0.02,LLVM,random,2,Prop0.05,85,True
SVR,0.0300700312169624,"{""regressor__tol"": 0.3, ""regressor__shrinking"": true, ""regressor__epsilon"": 0.1, ""regressor__coef0"": 0.0, ""regressor__C"": 5.0}",51,973,0.01,LLVM,random,2,Prop0.05,85,True
CART,0.0254155977814258,"{""max_features"": 1.0, ""min_samples_leaf"": 2, ""splitter"": ""best""}",51,973,0.0,LLVM,random,2,Prop0.05,86,True
kNN,0.0375608596081767,"{""n_neighbors"": 8, ""p"": 1, ""weights"": ""distance""}",51,973,0.0,LLVM,random,2,Prop0.05,86,True
KRR,0.0225294116161638,"{""regressor__kernel"": ""rbf"", ""regressor__gamma"": 0.01, ""regressor__alpha"": 0.01}",51,973,0.0,LLVM,random,2,Prop0.05,86,True
MR,0.0214668305798684,"{""lasso__regressor__alpha"": 0.01}",51,973,0.01,LLVM,random,2,Prop0.05,86,True
RF,0.0258315403446568,"{""max_features"": 1.0, ""min_samples_leaf"": 1, ""n_estimators"": 10}",51,973,0.02,LLVM,random,2,Prop0.05,86,True
SVR,0.02655881329626,"{""regressor__tol"": 0.3, ""regressor__shrinking"": true, ""regressor__epsilon"": 0.1, ""regressor__coef0"": 0.0, ""regressor__C"": 5.0}",51,973,0.01,LLVM,random,2,Prop0.05,86,True
CART,0.0231392153313596,"{""max_features"": 1.0, ""min_samples_leaf"": 2, ""splitter"": ""best""}",51,973,0.0,LLVM,random,2,Prop0.05,87,True
kNN,0.0404291022845521,"{""n_neighbors"": 8, ""p"": 1, ""weights"": ""distance""}",51,973,0.0,LLVM,random,2,Prop0.05,87,True
KRR,0.0226147165247992,"{""regressor__kernel"": ""rbf"", ""regressor__gamma"": 0.01, ""regressor__alpha"": 0.01}",51,973,0.0,LLVM,random,2,Prop0.05,87,True
MR,0.0225438082876631,"{""lasso__regressor__alpha"": 0.01}",51,973,0.01,LLVM,random,2,Prop0.05,87,True
RF,0.0190664245831485,"{""max_features"": 1.0, ""min_samples_leaf"": 1, ""n_estimators"": 10}",51,973,0.02,LLVM,random,2,Prop0.05,87,True
SVR,0.0263248321408247,"{""regressor__tol"": 0.3, ""regressor__shrinking"": true, ""regressor__epsilon"": 0.1, ""regressor__coef0"": 0.0, ""regressor__C"": 5.0}",51,973,0.01,LLVM,random,2,Prop0.05,87,True
CART,0.0286167245310057,"{""max_features"": 1.0, ""min_samples_leaf"": 2, ""splitter"": ""best""}",51,973,0.0,LLVM,random,2,Prop0.05,88,True
kNN,0.0389229445038112,"{""n_neighbors"": 8, ""p"": 1, ""weights"": ""distance""}",51,973,0.0,LLVM,random,2,Prop0.05,88,True
KRR,0.0261426341268874,"{""regressor__kernel"": ""rbf"", ""regressor__gamma"": 0.01, ""regressor__alpha"": 0.01}",51,973,0.0,LLVM,random,2,Prop0.05,88,True
MR,0.0261480289854889,"{""lasso__regressor__alpha"": 0.01}",51,973,0.01,LLVM,random,2,Prop0.05,88,True
RF,0.0279727358024715,"{""max_features"": 1.0, ""min_samples_leaf"": 1, ""n_estimators"": 10}",51,973,0.02,LLVM,random,2,Prop0.05,88,True
SVR,0.0299906237512422,"{""regressor__tol"": 0.3, ""regressor__shrinking"": true, ""regressor__epsilon"": 0.1, ""regressor__coef0"": 0.0, ""regressor__C"": 5.0}",51,973,0.01,LLVM,random,2,Prop0.05,88,True
CART,0.020529405637738,"{""max_features"": 1.0, ""min_samples_leaf"": 2, ""splitter"": ""best""}",51,973,0.0,LLVM,random,2,Prop0.05,89,True
kNN,0.0401910073361698,"{""n_neighbors"": 8, ""p"": 1, ""weights"": ""distance""}",51,973,0.0,LLVM,random,2,Prop0.05,89,True
KRR,0.026097457215838,"{""regressor__kernel"": ""rbf"", ""regressor__gamma"": 0.01, ""regressor__alpha"": 0.01}",51,973,0.0,LLVM,random,2,Prop0.05,89,True
MR,0.0301928230636539,"{""lasso__regressor__alpha"": 0.01}",51,973,0.01,LLVM,random,2,Prop0.05,89,True
RF,0.0205208982434808,"{""max_features"": 1.0, ""min_samples_leaf"": 1, ""n_estimators"": 10}",51,973,0.02,LLVM,random,2,Prop0.05,89,True
SVR,0.0281731553549459,"{""regressor__tol"": 0.3, ""regressor__shrinking"": true, ""regressor__epsilon"": 0.1, ""regressor__coef0"": 0.0, ""regressor__C"": 5.0}",51,973,0.01,LLVM,random,2,Prop0.05,89,True
CART,0.0210054795149016,"{""max_features"": 1.0, ""min_samples_leaf"": 2, ""splitter"": ""best""}",51,973,0.0,LLVM,random,2,Prop0.05,90,True
kNN,0.0380451479097525,"{""n_neighbors"": 8, ""p"": 1, ""weights"": ""distance""}",51,973,0.0,LLVM,random,2,Prop0.05,90,True
KRR,0.0259374416215111,"{""regressor__kernel"": ""rbf"", ""regressor__gamma"": 0.01, ""regressor__alpha"": 0.01}",51,973,0.0,LLVM,random,2,Prop0.05,90,True
MR,0.0261135691105194,"{""lasso__regressor__alpha"": 0.01}",51,973,0.01,LLVM,random,2,Prop0.05,90,True
RF,0.0204927589002347,"{""max_features"": 1.0, ""min_samples_leaf"": 1, ""n_estimators"": 10}",51,973,0.02,LLVM,random,2,Prop0.05,90,True
SVR,0.0243997320956145,"{""regressor__tol"": 0.3, ""regressor__shrinking"": true, ""regressor__epsilon"": 0.1, ""regressor__coef0"": 0.0, ""regressor__C"": 5.0}",51,973,0.01,LLVM,random,2,Prop0.05,90,True
CART,0.0197151632130711,"{""max_features"": 1.0, ""min_samples_leaf"": 2, ""splitter"": ""best""}",51,973,0.0,LLVM,random,2,Prop0.05,91,True
kNN,0.0403952799872631,"{""n_neighbors"": 8, ""p"": 1, ""weights"": ""distance""}",51,973,0.0,LLVM,random,2,Prop0.05,91,True
KRR,0.0212994968927008,"{""regressor__kernel"": ""rbf"", ""regressor__gamma"": 0.01, ""regressor__alpha"": 0.01}",51,973,0.0,LLVM,random,2,Prop0.05,91,True
MR,0.0258221656437852,"{""lasso__regressor__alpha"": 0.01}",51,973,0.01,LLVM,random,2,Prop0.05,91,True
RF,0.0237087856858878,"{""max_features"": 1.0, ""min_samples_leaf"": 1, ""n_estimators"": 10}",51,973,0.02,LLVM,random,2,Prop0.05,91,True
SVR,0.0274805638021755,"{""regressor__tol"": 0.3, ""regressor__shrinking"": true, ""regressor__epsilon"": 0.1, ""regressor__coef0"": 0.0, ""regressor__C"": 5.0}",51,973,0.0,LLVM,random,2,Prop0.05,91,True
CART,0.0266629583979698,"{""max_features"": 1.0, ""min_samples_leaf"": 2, ""splitter"": ""best""}",51,973,0.0,LLVM,random,2,Prop0.05,92,True
kNN,0.0322004480992246,"{""n_neighbors"": 8, ""p"": 1, ""weights"": ""distance""}",51,973,0.0,LLVM,random,2,Prop0.05,92,True
KRR,0.0226696711605474,"{""regressor__kernel"": ""rbf"", ""regressor__gamma"": 0.01, ""regressor__alpha"": 0.01}",51,973,0.0,LLVM,random,2,Prop0.05,92,True
MR,0.0220273024020886,"{""lasso__regressor__alpha"": 0.01}",51,973,0.01,LLVM,random,2,Prop0.05,92,True
RF,0.022014690352563,"{""max_features"": 1.0, ""min_samples_leaf"": 1, ""n_estimators"": 10}",51,973,0.02,LLVM,random,2,Prop0.05,92,True
SVR,0.0256379295552627,"{""regressor__tol"": 0.3, ""regressor__shrinking"": true, ""regressor__epsilon"": 0.1, ""regressor__coef0"": 0.0, ""regressor__C"": 5.0}",51,973,0.01,LLVM,random,2,Prop0.05,92,True
CART,0.0226901937382482,"{""max_features"": 1.0, ""min_samples_leaf"": 2, ""splitter"": ""best""}",51,973,0.0,LLVM,random,2,Prop0.05,93,True
kNN,0.0384558175884202,"{""n_neighbors"": 8, ""p"": 1, ""weights"": ""distance""}",51,973,0.0,LLVM,random,2,Prop0.05,93,True
KRR,0.0234128030291769,"{""regressor__kernel"": ""rbf"", ""regressor__gamma"": 0.01, ""regressor__alpha"": 0.01}",51,973,0.0,LLVM,random,2,Prop0.05,93,True
MR,0.0253219823187921,"{""lasso__regressor__alpha"": 0.01}",51,973,0.01,LLVM,random,2,Prop0.05,93,True
RF,0.0260359995652764,"{""max_features"": 1.0, ""min_samples_leaf"": 1, ""n_estimators"": 10}",51,973,0.02,LLVM,random,2,Prop0.05,93,True
SVR,0.0276890592553528,"{""regressor__tol"": 0.3, ""regressor__shrinking"": true, ""regressor__epsilon"": 0.1, ""regressor__coef0"": 0.0, ""regressor__C"": 5.0}",51,973,0.01,LLVM,random,2,Prop0.05,93,True
CART,0.0300717937522087,"{""max_features"": 1.0, ""min_samples_leaf"": 2, ""splitter"": ""best""}",51,973,0.0,LLVM,random,2,Prop0.05,94,True
kNN,0.0393933634766357,"{""n_neighbors"": 8, ""p"": 1, ""weights"": ""distance""}",51,973,0.0,LLVM,random,2,Prop0.05,94,True
KRR,0.0228658868201095,"{""regressor__kernel"": ""rbf"", ""regressor__gamma"": 0.01, ""regressor__alpha"": 0.01}",51,973,0.0,LLVM,random,2,Prop0.05,94,True
MR,0.0246445408117619,"{""lasso__regressor__alpha"": 0.01}",51,973,0.01,LLVM,random,2,Prop0.05,94,True
RF,0.0299737264105249,"{""max_features"": 1.0, ""min_samples_leaf"": 1, ""n_estimators"": 10}",51,973,0.02,LLVM,random,2,Prop0.05,94,True
SVR,0.0286404711417148,"{""regressor__tol"": 0.3, ""regressor__shrinking"": true, ""regressor__epsilon"": 0.1, ""regressor__coef0"": 0.0, ""regressor__C"": 5.0}",51,973,0.01,LLVM,random,2,Prop0.05,94,True
CART,0.0284779764698555,"{""max_features"": 1.0, ""min_samples_leaf"": 2, ""splitter"": ""best""}",51,973,0.0,LLVM,random,2,Prop0.05,95,True
kNN,0.0386902722316585,"{""n_neighbors"": 8, ""p"": 1, ""weights"": ""distance""}",51,973,0.0,LLVM,random,2,Prop0.05,95,True
KRR,0.0254648045705215,"{""regressor__kernel"": ""rbf"", ""regressor__gamma"": 0.01, ""regressor__alpha"": 0.01}",51,973,0.0,LLVM,random,2,Prop0.05,95,True
MR,0.0268176975625318,"{""lasso__regressor__alpha"": 0.01}",51,973,0.01,LLVM,random,2,Prop0.05,95,True
RF,0.0237686857033919,"{""max_features"": 1.0, ""min_samples_leaf"": 1, ""n_estimators"": 10}",51,973,0.02,LLVM,random,2,Prop0.05,95,True
SVR,0.0268584934555047,"{""regressor__tol"": 0.3, ""regressor__shrinking"": true, ""regressor__epsilon"": 0.1, ""regressor__coef0"": 0.0, ""regressor__C"": 5.0}",51,973,0.0,LLVM,random,2,Prop0.05,95,True
CART,0.0227171576339651,"{""max_features"": 1.0, ""min_samples_leaf"": 2, ""splitter"": ""best""}",51,973,0.0,LLVM,random,2,Prop0.05,96,True
kNN,0.0381922434609111,"{""n_neighbors"": 8, ""p"": 1, ""weights"": ""distance""}",51,973,0.0,LLVM,random,2,Prop0.05,96,True
KRR,0.0260425586076846,"{""regressor__kernel"": ""rbf"", ""regressor__gamma"": 0.01, ""regressor__alpha"": 0.01}",51,973,0.0,LLVM,random,2,Prop0.05,96,True
MR,0.0238245689914749,"{""lasso__regressor__alpha"": 0.01}",51,973,0.01,LLVM,random,2,Prop0.05,96,True
RF,0.0281502086295764,"{""max_features"": 1.0, ""min_samples_leaf"": 1, ""n_estimators"": 10}",51,973,0.02,LLVM,random,2,Prop0.05,96,True
SVR,0.0281940158680911,"{""regressor__tol"": 0.3, ""regressor__shrinking"": true, ""regressor__epsilon"": 0.1, ""regressor__coef0"": 0.0, ""regressor__C"": 5.0}",51,973,0.01,LLVM,random,2,Prop0.05,96,True
CART,0.0272185798234838,"{""max_features"": 1.0, ""min_samples_leaf"": 2, ""splitter"": ""best""}",51,973,0.0,LLVM,random,2,Prop0.05,97,True
kNN,0.0441108067103568,"{""n_neighbors"": 8, ""p"": 1, ""weights"": ""distance""}",51,973,0.0,LLVM,random,2,Prop0.05,97,True
KRR,0.0302881537565388,"{""regressor__kernel"": ""rbf"", ""regressor__gamma"": 0.01, ""regressor__alpha"": 0.01}",51,973,0.0,LLVM,random,2,Prop0.05,97,True
MR,0.0294402963260294,"{""lasso__regressor__alpha"": 0.01}",51,973,0.01,LLVM,random,2,Prop0.05,97,True
RF,0.0288120427905546,"{""max_features"": 1.0, ""min_samples_leaf"": 1, ""n_estimators"": 10}",51,973,0.02,LLVM,random,2,Prop0.05,97,True
SVR,0.0324177603507018,"{""regressor__tol"": 0.3, ""regressor__shrinking"": true, ""regressor__epsilon"": 0.1, ""regressor__coef0"": 0.0, ""regressor__C"": 5.0}",51,973,0.01,LLVM,random,2,Prop0.05,97,True
CART,0.0241502329726329,"{""max_features"": 1.0, ""min_samples_leaf"": 2, ""splitter"": ""best""}",51,973,0.0,LLVM,random,2,Prop0.05,98,True
kNN,0.0381661354586799,"{""n_neighbors"": 8, ""p"": 1, ""weights"": ""distance""}",51,973,0.0,LLVM,random,2,Prop0.05,98,True
KRR,0.0229307644538572,"{""regressor__kernel"": ""rbf"", ""regressor__gamma"": 0.01, ""regressor__alpha"": 0.01}",51,973,0.0,LLVM,random,2,Prop0.05,98,True
MR,0.0238523761242286,"{""lasso__regressor__alpha"": 0.01}",51,973,0.01,LLVM,random,2,Prop0.05,98,True
RF,0.0252858360709245,"{""max_features"": 1.0, ""min_samples_leaf"": 1, ""n_estimators"": 10}",51,973,0.02,LLVM,random,2,Prop0.05,98,True
SVR,0.0280417678485619,"{""regressor__tol"": 0.3, ""regressor__shrinking"": true, ""regressor__epsilon"": 0.1, ""regressor__coef0"": 0.0, ""regressor__C"": 5.0}",51,973,0.0,LLVM,random,2,Prop0.05,98,True
CART,0.0274440013756757,"{""max_features"": 1.0, ""min_samples_leaf"": 2, ""splitter"": ""best""}",51,973,0.0,LLVM,random,2,Prop0.05,99,True
kNN,0.0426116177252517,"{""n_neighbors"": 8, ""p"": 1, ""weights"": ""distance""}",51,973,0.0,LLVM,random,2,Prop0.05,99,True
KRR,0.0244154088156237,"{""regressor__kernel"": ""rbf"", ""regressor__gamma"": 0.01, ""regressor__alpha"": 0.01}",51,973,0.0,LLVM,random,2,Prop0.05,99,True
MR,0.0294065301060172,"{""lasso__regressor__alpha"": 0.01}",51,973,0.01,LLVM,random,2,Prop0.05,99,True
RF,0.0262413769744866,"{""max_features"": 1.0, ""min_samples_leaf"": 1, ""n_estimators"": 10}",51,973,0.02,LLVM,random,2,Prop0.05,99,True
SVR,0.0302238443769996,"{""regressor__tol"": 0.3, ""regressor__shrinking"": true, ""regressor__epsilon"": 0.1, ""regressor__coef0"": 0.0, ""regressor__C"": 5.0}",51,973,0.01,LLVM,random,2,Prop0.05,99,True
CART,0.0245007995226892,"{""max_features"": 1.0, ""min_samples_leaf"": 2, ""splitter"": ""best""}",51,973,0.0,LLVM,random,2,Prop0.05,100,True
kNN,0.0408910970183372,"{""n_neighbors"": 8, ""p"": 1, ""weights"": ""distance""}",51,973,0.0,LLVM,random,2,Prop0.05,100,True
KRR,0.0273281470902885,"{""regressor__kernel"": ""rbf"", ""regressor__gamma"": 0.01, ""regressor__alpha"": 0.01}",51,973,0.0,LLVM,random,2,Prop0.05,100,True
MR,0.0271871363111938,"{""lasso__regressor__alpha"": 0.01}",51,973,0.0,LLVM,random,2,Prop0.05,100,True
RF,0.0215332958886832,"{""max_features"": 1.0, ""min_samples_leaf"": 1, ""n_estimators"": 10}",51,973,0.01,LLVM,random,2,Prop0.05,100,True
SVR,0.027900434882924,"{""regressor__tol"": 0.3, ""regressor__shrinking"": true, ""regressor__epsilon"": 0.1, ""regressor__coef0"": 0.0, ""regressor__C"": 5.0}",51,973,0.0,LLVM,random,2,Prop0.05,100,True
CART,0.0208117228449436,"{""max_features"": 1.0, ""min_samples_leaf"": 1, ""splitter"": ""best""}",102,922,0.0,LLVM,random,2,Prop0.1,1,True
kNN,0.0357527168497338,"{""n_neighbors"": 8, ""p"": 1, ""weights"": ""distance""}",102,922,0.01,LLVM,random,2,Prop0.1,1,True
KRR,0.0242035823908669,"{""regressor__kernel"": ""rbf"", ""regressor__gamma"": 0.2, ""regressor__alpha"": 0.0001}",102,922,0.02,LLVM,random,2,Prop0.1,1,True
MR,0.027543250246806,"{""lasso__regressor__alpha"": 0.001}",102,922,0.01,LLVM,random,2,Prop0.1,1,True
RF,0.0187731979717795,"{""max_features"": 1.0, ""min_samples_leaf"": 1, ""n_estimators"": 10}",102,922,0.02,LLVM,random,2,Prop0.1,1,True
SVR,0.0247671746651953,"{""regressor__tol"": 0.05, ""regressor__shrinking"": true, ""regressor__epsilon"": 0.1, ""regressor__coef0"": 1.0, ""regressor__C"": 5.0}",102,922,0.01,LLVM,random,2,Prop0.1,1,True
CART,0.0178470408201221,"{""max_features"": 1.0, ""min_samples_leaf"": 1, ""splitter"": ""best""}",102,922,0.0,LLVM,random,2,Prop0.1,2,True
kNN,0.0316945561612344,"{""n_neighbors"": 8, ""p"": 1, ""weights"": ""distance""}",102,922,0.01,LLVM,random,2,Prop0.1,2,True
KRR,0.0227898455118192,"{""regressor__kernel"": ""rbf"", ""regressor__gamma"": 0.2, ""regressor__alpha"": 0.0001}",102,922,0.02,LLVM,random,2,Prop0.1,2,True
MR,0.0245744608895105,"{""lasso__regressor__alpha"": 0.001}",102,922,0.01,LLVM,random,2,Prop0.1,2,True
RF,0.0154709263616374,"{""max_features"": 1.0, ""min_samples_leaf"": 1, ""n_estimators"": 10}",102,922,0.02,LLVM,random,2,Prop0.1,2,True
SVR,0.0211053426726397,"{""regressor__tol"": 0.05, ""regressor__shrinking"": true, ""regressor__epsilon"": 0.1, ""regressor__coef0"": 1.0, ""regressor__C"": 5.0}",102,922,0.01,LLVM,random,2,Prop0.1,2,True
CART,0.0165878201903464,"{""max_features"": 1.0, ""min_samples_leaf"": 1, ""splitter"": ""best""}",102,922,0.0,LLVM,random,2,Prop0.1,3,True
kNN,0.0355912237516979,"{""n_neighbors"": 8, ""p"": 1, ""weights"": ""distance""}",102,922,0.01,LLVM,random,2,Prop0.1,3,True
KRR,0.0196486683955078,"{""regressor__kernel"": ""rbf"", ""regressor__gamma"": 0.2, ""regressor__alpha"": 0.0001}",102,922,0.01,LLVM,random,2,Prop0.1,3,True
MR,0.0244048577748271,"{""lasso__regressor__alpha"": 0.001}",102,922,0.01,LLVM,random,2,Prop0.1,3,True
RF,0.015541040617966,"{""max_features"": 1.0, ""min_samples_leaf"": 1, ""n_estimators"": 10}",102,922,0.02,LLVM,random,2,Prop0.1,3,True
SVR,0.0206366735483021,"{""regressor__tol"": 0.05, ""regressor__shrinking"": true, ""regressor__epsilon"": 0.1, ""regressor__coef0"": 1.0, ""regressor__C"": 5.0}",102,922,0.01,LLVM,random,2,Prop0.1,3,True
CART,0.0207964648660777,"{""max_features"": 1.0, ""min_samples_leaf"": 1, ""splitter"": ""best""}",102,922,0.0,LLVM,random,2,Prop0.1,4,True
kNN,0.0344916199928731,"{""n_neighbors"": 8, ""p"": 1, ""weights"": ""distance""}",102,922,0.01,LLVM,random,2,Prop0.1,4,True
KRR,0.0239608304778399,"{""regressor__kernel"": ""rbf"", ""regressor__gamma"": 0.2, ""regressor__alpha"": 0.0001}",102,922,0.02,LLVM,random,2,Prop0.1,4,True
MR,0.0222178412521069,"{""lasso__regressor__alpha"": 0.001}",102,922,0.01,LLVM,random,2,Prop0.1,4,True
RF,0.0168573074685355,"{""max_features"": 1.0, ""min_samples_leaf"": 1, ""n_estimators"": 10}",102,922,0.02,LLVM,random,2,Prop0.1,4,True
SVR,0.0221781250369114,"{""regressor__tol"": 0.05, ""regressor__shrinking"": true, ""regressor__epsilon"": 0.1, ""regressor__coef0"": 1.0, ""regressor__C"": 5.0}",102,922,0.01,LLVM,random,2,Prop0.1,4,True
CART,0.0225037375959435,"{""max_features"": 1.0, ""min_samples_leaf"": 1, ""splitter"": ""best""}",102,922,0.0,LLVM,random,2,Prop0.1,5,True
kNN,0.0341172736840713,"{""n_neighbors"": 8, ""p"": 1, ""weights"": ""distance""}",102,922,0.01,LLVM,random,2,Prop0.1,5,True
KRR,0.0267394691036536,"{""regressor__kernel"": ""rbf"", ""regressor__gamma"": 0.2, ""regressor__alpha"": 0.0001}",102,922,0.01,LLVM,random,2,Prop0.1,5,True
MR,0.0253069905713154,"{""lasso__regressor__alpha"": 0.001}",102,922,0.01,LLVM,random,2,Prop0.1,5,True
RF,0.0176594148230671,"{""max_features"": 1.0, ""min_samples_leaf"": 1, ""n_estimators"": 10}",102,922,0.02,LLVM,random,2,Prop0.1,5,True
SVR,0.0211345266482934,"{""regressor__tol"": 0.05, ""regressor__shrinking"": true, ""regressor__epsilon"": 0.1, ""regressor__coef0"": 1.0, ""regressor__C"": 5.0}",102,922,0.01,LLVM,random,2,Prop0.1,5,True
CART,0.0156437344979329,"{""max_features"": 1.0, ""min_samples_leaf"": 1, ""splitter"": ""best""}",102,922,0.0,LLVM,random,2,Prop0.1,6,True
kNN,0.0316692479049694,"{""n_neighbors"": 8, ""p"": 1, ""weights"": ""distance""}",102,922,0.01,LLVM,random,2,Prop0.1,6,True
KRR,0.0199615079546717,"{""regressor__kernel"": ""rbf"", ""regressor__gamma"": 0.2, ""regressor__alpha"": 0.0001}",102,922,0.01,LLVM,random,2,Prop0.1,6,True
MR,0.0229923190148797,"{""lasso__regressor__alpha"": 0.001}",102,922,0.01,LLVM,random,2,Prop0.1,6,True
RF,0.0148212892973338,"{""max_features"": 1.0, ""min_samples_leaf"": 1, ""n_estimators"": 10}",102,922,0.02,LLVM,random,2,Prop0.1,6,True
SVR,0.0184546754953093,"{""regressor__tol"": 0.05, ""regressor__shrinking"": true, ""regressor__epsilon"": 0.1, ""regressor__coef0"": 1.0, ""regressor__C"": 5.0}",102,922,0.01,LLVM,random,2,Prop0.1,6,True
CART,0.0209734177669298,"{""max_features"": 1.0, ""min_samples_leaf"": 1, ""splitter"": ""best""}",102,922,0.0,LLVM,random,2,Prop0.1,7,True
kNN,0.0307733976706992,"{""n_neighbors"": 8, ""p"": 1, ""weights"": ""distance""}",102,922,0.01,LLVM,random,2,Prop0.1,7,True
KRR,0.0230062448542952,"{""regressor__kernel"": ""rbf"", ""regressor__gamma"": 0.2, ""regressor__alpha"": 0.0001}",102,922,0.01,LLVM,random,2,Prop0.1,7,True
MR,0.0263429771810384,"{""lasso__regressor__alpha"": 0.001}",102,922,0.01,LLVM,random,2,Prop0.1,7,True
RF,0.0183430829526739,"{""max_features"": 1.0, ""min_samples_leaf"": 1, ""n_estimators"": 10}",102,922,0.02,LLVM,random,2,Prop0.1,7,True
SVR,0.0217296762985011,"{""regressor__tol"": 0.05, ""regressor__shrinking"": true, ""regressor__epsilon"": 0.1, ""regressor__coef0"": 1.0, ""regressor__C"": 5.0}",102,922,0.01,LLVM,random,2,Prop0.1,7,True
CART,0.0215413887258551,"{""max_features"": 1.0, ""min_samples_leaf"": 1, ""splitter"": ""best""}",102,922,0.0,LLVM,random,2,Prop0.1,8,True
kNN,0.0357928521076916,"{""n_neighbors"": 8, ""p"": 1, ""weights"": ""distance""}",102,922,0.01,LLVM,random,2,Prop0.1,8,True
KRR,0.0239004210671738,"{""regressor__kernel"": ""rbf"", ""regressor__gamma"": 0.2, ""regressor__alpha"": 0.0001}",102,922,0.01,LLVM,random,2,Prop0.1,8,True
MR,0.0244693936685765,"{""lasso__regressor__alpha"": 0.001}",102,922,0.01,LLVM,random,2,Prop0.1,8,True
RF,0.0195871559464446,"{""max_features"": 1.0, ""min_samples_leaf"": 1, ""n_estimators"": 10}",102,922,0.02,LLVM,random,2,Prop0.1,8,True
SVR,0.024679962089136,"{""regressor__tol"": 0.05, ""regressor__shrinking"": true, ""regressor__epsilon"": 0.1, ""regressor__coef0"": 1.0, ""regressor__C"": 5.0}",102,922,0.01,LLVM,random,2,Prop0.1,8,True
CART,0.0174654322193376,"{""max_features"": 1.0, ""min_samples_leaf"": 1, ""splitter"": ""best""}",102,922,0.0,LLVM,random,2,Prop0.1,9,True
kNN,0.0304257907627828,"{""n_neighbors"": 8, ""p"": 1, ""weights"": ""distance""}",102,922,0.01,LLVM,random,2,Prop0.1,9,True
KRR,0.019667792949554,"{""regressor__kernel"": ""rbf"", ""regressor__gamma"": 0.2, ""regressor__alpha"": 0.0001}",102,922,0.01,LLVM,random,2,Prop0.1,9,True
MR,0.0240179686402594,"{""lasso__regressor__alpha"": 0.001}",102,922,0.01,LLVM,random,2,Prop0.1,9,True
RF,0.0160969064202263,"{""max_features"": 1.0, ""min_samples_leaf"": 1, ""n_estimators"": 10}",102,922,0.02,LLVM,random,2,Prop0.1,9,True
SVR,0.0212151910371776,"{""regressor__tol"": 0.05, ""regressor__shrinking"": true, ""regressor__epsilon"": 0.1, ""regressor__coef0"": 1.0, ""regressor__C"": 5.0}",102,922,0.01,LLVM,random,2,Prop0.1,9,True
CART,0.0167845746584938,"{""max_features"": 1.0, ""min_samples_leaf"": 1, ""splitter"": ""best""}",102,922,0.0,LLVM,random,2,Prop0.1,10,True
kNN,0.0337742778268953,"{""n_neighbors"": 8, ""p"": 1, ""weights"": ""distance""}",102,922,0.01,LLVM,random,2,Prop0.1,10,True
KRR,0.022757827281526,"{""regressor__kernel"": ""rbf"", ""regressor__gamma"": 0.2, ""regressor__alpha"": 0.0001}",102,922,0.01,LLVM,random,2,Prop0.1,10,True
MR,0.0224741614024388,"{""lasso__regressor__alpha"": 0.001}",102,922,0.01,LLVM,random,2,Prop0.1,10,True
RF,0.0157817294042774,"{""max_features"": 1.0, ""min_samples_leaf"": 1, ""n_estimators"": 10}",102,922,0.02,LLVM,random,2,Prop0.1,10,True
SVR,0.0225335729062209,"{""regressor__tol"": 0.05, ""regressor__shrinking"": true, ""regressor__epsilon"": 0.1, ""regressor__coef0"": 1.0, ""regressor__C"": 5.0}",102,922,0.01,LLVM,random,2,Prop0.1,10,True
CART,0.0183834146820828,"{""max_features"": 1.0, ""min_samples_leaf"": 1, ""splitter"": ""best""}",102,922,0.0,LLVM,random,2,Prop0.1,11,True
kNN,0.0342823154777345,"{""n_neighbors"": 8, ""p"": 1, ""weights"": ""distance""}",102,922,0.01,LLVM,random,2,Prop0.1,11,True
KRR,0.0246903632319859,"{""regressor__kernel"": ""rbf"", ""regressor__gamma"": 0.2, ""regressor__alpha"": 0.0001}",102,922,0.01,LLVM,random,2,Prop0.1,11,True
MR,0.0258512515804161,"{""lasso__regressor__alpha"": 0.001}",102,922,0.01,LLVM,random,2,Prop0.1,11,True
RF,0.0174748492452635,"{""max_features"": 1.0, ""min_samples_leaf"": 1, ""n_estimators"": 10}",102,922,0.02,LLVM,random,2,Prop0.1,11,True
SVR,0.0208297924365311,"{""regressor__tol"": 0.05, ""regressor__shrinking"": true, ""regressor__epsilon"": 0.1, ""regressor__coef0"": 1.0, ""regressor__C"": 5.0}",102,922,0.01,LLVM,random,2,Prop0.1,11,True
CART,0.0178360443888108,"{""max_features"": 1.0, ""min_samples_leaf"": 1, ""splitter"": ""best""}",102,922,0.0,LLVM,random,2,Prop0.1,12,True
kNN,0.0366900707817367,"{""n_neighbors"": 8, ""p"": 1, ""weights"": ""distance""}",102,922,0.01,LLVM,random,2,Prop0.1,12,True
KRR,0.0213202002779548,"{""regressor__kernel"": ""rbf"", ""regressor__gamma"": 0.2, ""regressor__alpha"": 0.0001}",102,922,0.01,LLVM,random,2,Prop0.1,12,True
MR,0.0234663370302969,"{""lasso__regressor__alpha"": 0.001}",102,922,0.01,LLVM,random,2,Prop0.1,12,True
RF,0.0159117439372794,"{""max_features"": 1.0, ""min_samples_leaf"": 1, ""n_estimators"": 10}",102,922,0.02,LLVM,random,2,Prop0.1,12,True
SVR,0.0219868536574285,"{""regressor__tol"": 0.05, ""regressor__shrinking"": true, ""regressor__epsilon"": 0.1, ""regressor__coef0"": 1.0, ""regressor__C"": 5.0}",102,922,0.01,LLVM,random,2,Prop0.1,12,True
CART,0.0173825735477008,"{""max_features"": 1.0, ""min_samples_leaf"": 1, ""splitter"": ""best""}",102,922,0.0,LLVM,random,2,Prop0.1,13,True
kNN,0.0331128313788652,"{""n_neighbors"": 8, ""p"": 1, ""weights"": ""distance""}",102,922,0.01,LLVM,random,2,Prop0.1,13,True
KRR,0.0225885160887537,"{""regressor__kernel"": ""rbf"", ""regressor__gamma"": 0.2, ""regressor__alpha"": 0.0001}",102,922,0.01,LLVM,random,2,Prop0.1,13,True
MR,0.0258731425154759,"{""lasso__regressor__alpha"": 0.001}",102,922,0.01,LLVM,random,2,Prop0.1,13,True
RF,0.0164684904154701,"{""max_features"": 1.0, ""min_samples_leaf"": 1, ""n_estimators"": 10}",102,922,0.02,LLVM,random,2,Prop0.1,13,True
SVR,0.0200268252431865,"{""regressor__tol"": 0.05, ""regressor__shrinking"": true, ""regressor__epsilon"": 0.1, ""regressor__coef0"": 1.0, ""regressor__C"": 5.0}",102,922,0.01,LLVM,random,2,Prop0.1,13,True
CART,0.0199460774159373,"{""max_features"": 1.0, ""min_samples_leaf"": 1, ""splitter"": ""best""}",102,922,0.0,LLVM,random,2,Prop0.1,14,True
kNN,0.0366940381422859,"{""n_neighbors"": 8, ""p"": 1, ""weights"": ""distance""}",102,922,0.01,LLVM,random,2,Prop0.1,14,True
KRR,0.0214829986970325,"{""regressor__kernel"": ""rbf"", ""regressor__gamma"": 0.2, ""regressor__alpha"": 0.0001}",102,922,0.01,LLVM,random,2,Prop0.1,14,True
MR,0.0241789206201414,"{""lasso__regressor__alpha"": 0.001}",102,922,0.01,LLVM,random,2,Prop0.1,14,True
RF,0.0182505672068762,"{""max_features"": 1.0, ""min_samples_leaf"": 1, ""n_estimators"": 10}",102,922,0.02,LLVM,random,2,Prop0.1,14,True
SVR,0.0216179680303066,"{""regressor__tol"": 0.05, ""regressor__shrinking"": true, ""regressor__epsilon"": 0.1, ""regressor__coef0"": 1.0, ""regressor__C"": 5.0}",102,922,0.01,LLVM,random,2,Prop0.1,14,True
CART,0.0194173807992726,"{""max_features"": 1.0, ""min_samples_leaf"": 1, ""splitter"": ""best""}",102,922,0.0,LLVM,random,2,Prop0.1,15,True
kNN,0.0304805135053906,"{""n_neighbors"": 8, ""p"": 1, ""weights"": ""distance""}",102,922,0.01,LLVM,random,2,Prop0.1,15,True
KRR,0.0232640892475638,"{""regressor__kernel"": ""rbf"", ""regressor__gamma"": 0.2, ""regressor__alpha"": 0.0001}",102,922,0.01,LLVM,random,2,Prop0.1,15,True
MR,0.0244935466189669,"{""lasso__regressor__alpha"": 0.001}",102,922,0.01,LLVM,random,2,Prop0.1,15,True
RF,0.0160674458330343,"{""max_features"": 1.0, ""min_samples_leaf"": 1, ""n_estimators"": 10}",102,922,0.02,LLVM,random,2,Prop0.1,15,True
SVR,0.0211785339831459,"{""regressor__tol"": 0.05, ""regressor__shrinking"": true, ""regressor__epsilon"": 0.1, ""regressor__coef0"": 1.0, ""regressor__C"": 5.0}",102,922,0.01,LLVM,random,2,Prop0.1,15,True
CART,0.0172812159669416,"{""max_features"": 1.0, ""min_samples_leaf"": 1, ""splitter"": ""best""}",102,922,0.0,LLVM,random,2,Prop0.1,16,True
kNN,0.0353959344385979,"{""n_neighbors"": 8, ""p"": 1, ""weights"": ""distance""}",102,922,0.01,LLVM,random,2,Prop0.1,16,True
KRR,0.0235860250863618,"{""regressor__kernel"": ""rbf"", ""regressor__gamma"": 0.2, ""regressor__alpha"": 0.0001}",102,922,0.01,LLVM,random,2,Prop0.1,16,True
MR,0.0267778186326381,"{""lasso__regressor__alpha"": 0.001}",102,922,0.01,LLVM,random,2,Prop0.1,16,True
RF,0.0167941954784733,"{""max_features"": 1.0, ""min_samples_leaf"": 1, ""n_estimators"": 10}",102,922,0.02,LLVM,random,2,Prop0.1,16,True
SVR,0.0220721810102373,"{""regressor__tol"": 0.05, ""regressor__shrinking"": true, ""regressor__epsilon"": 0.1, ""regressor__coef0"": 1.0, ""regressor__C"": 5.0}",102,922,0.01,LLVM,random,2,Prop0.1,16,True
CART,0.0196469096635391,"{""max_features"": 1.0, ""min_samples_leaf"": 1, ""splitter"": ""best""}",102,922,0.0,LLVM,random,2,Prop0.1,17,True
kNN,0.0324138371464507,"{""n_neighbors"": 8, ""p"": 1, ""weights"": ""distance""}",102,922,0.01,LLVM,random,2,Prop0.1,17,True
KRR,0.0204778258591133,"{""regressor__kernel"": ""rbf"", ""regressor__gamma"": 0.2, ""regressor__alpha"": 0.0001}",102,922,0.01,LLVM,random,2,Prop0.1,17,True
MR,0.0218362359283536,"{""lasso__regressor__alpha"": 0.001}",102,922,0.01,LLVM,random,2,Prop0.1,17,True
RF,0.015957309445223,"{""max_features"": 1.0, ""min_samples_leaf"": 1, ""n_estimators"": 10}",102,922,0.02,LLVM,random,2,Prop0.1,17,True
SVR,0.0196630968350273,"{""regressor__tol"": 0.05, ""regressor__shrinking"": true, ""regressor__epsilon"": 0.1, ""regressor__coef0"": 1.0, ""regressor__C"": 5.0}",102,922,0.01,LLVM,random,2,Prop0.1,17,True
CART,0.0200137070509695,"{""max_features"": 1.0, ""min_samples_leaf"": 1, ""splitter"": ""best""}",102,922,0.0,LLVM,random,2,Prop0.1,18,True
kNN,0.032274284081458,"{""n_neighbors"": 8, ""p"": 1, ""weights"": ""distance""}",102,922,0.01,LLVM,random,2,Prop0.1,18,True
KRR,0.0234577393778612,"{""regressor__kernel"": ""rbf"", ""regressor__gamma"": 0.2, ""regressor__alpha"": 0.0001}",102,922,0.01,LLVM,random,2,Prop0.1,18,True
MR,0.0257338517447389,"{""lasso__regressor__alpha"": 0.001}",102,922,0.01,LLVM,random,2,Prop0.1,18,True
RF,0.017036716367584,"{""max_features"": 1.0, ""min_samples_leaf"": 1, ""n_estimators"": 10}",102,922,0.02,LLVM,random,2,Prop0.1,18,True
SVR,0.0212857410946911,"{""regressor__tol"": 0.05, ""regressor__shrinking"": true, ""regressor__epsilon"": 0.1, ""regressor__coef0"": 1.0, ""regressor__C"": 5.0}",102,922,0.01,LLVM,random,2,Prop0.1,18,True
CART,0.017731328541814,"{""max_features"": 1.0, ""min_samples_leaf"": 1, ""splitter"": ""best""}",102,922,0.0,LLVM,random,2,Prop0.1,19,True
kNN,0.0368678474246114,"{""n_neighbors"": 8, ""p"": 1, ""weights"": ""distance""}",102,922,0.01,LLVM,random,2,Prop0.1,19,True
KRR,0.0229882554196562,"{""regressor__kernel"": ""rbf"", ""regressor__gamma"": 0.2, ""regressor__alpha"": 0.0001}",102,922,0.01,LLVM,random,2,Prop0.1,19,True
MR,0.0236248231649478,"{""lasso__regressor__alpha"": 0.001}",102,922,0.01,LLVM,random,2,Prop0.1,19,True
RF,0.0146784037657946,"{""max_features"": 1.0, ""min_samples_leaf"": 1, ""n_estimators"": 10}",102,922,0.02,LLVM,random,2,Prop0.1,19,True
SVR,0.0238460926029292,"{""regressor__tol"": 0.05, ""regressor__shrinking"": true, ""regressor__epsilon"": 0.1, ""regressor__coef0"": 1.0, ""regressor__C"": 5.0}",102,922,0.01,LLVM,random,2,Prop0.1,19,True
CART,0.0291306384270556,"{""max_features"": 1.0, ""min_samples_leaf"": 1, ""splitter"": ""best""}",102,922,0.0,LLVM,random,2,Prop0.1,20,True
kNN,0.0413328429166071,"{""n_neighbors"": 8, ""p"": 1, ""weights"": ""distance""}",102,922,0.01,LLVM,random,2,Prop0.1,20,True
KRR,0.0275977073226164,"{""regressor__kernel"": ""rbf"", ""regressor__gamma"": 0.2, ""regressor__alpha"": 0.0001}",102,922,0.01,LLVM,random,2,Prop0.1,20,True
MR,0.0288447049229642,"{""lasso__regressor__alpha"": 0.001}",102,922,0.01,LLVM,random,2,Prop0.1,20,True
RF,0.0229066349075261,"{""max_features"": 1.0, ""min_samples_leaf"": 1, ""n_estimators"": 10}",102,922,0.02,LLVM,random,2,Prop0.1,20,True
SVR,0.0273407632183008,"{""regressor__tol"": 0.05, ""regressor__shrinking"": true, ""regressor__epsilon"": 0.1, ""regressor__coef0"": 1.0, ""regressor__C"": 5.0}",102,922,0.01,LLVM,random,2,Prop0.1,20,True
CART,0.0202000534205534,"{""max_features"": 1.0, ""min_samples_leaf"": 1, ""splitter"": ""best""}",102,922,0.0,LLVM,random,2,Prop0.1,21,True
kNN,0.035653744798014,"{""n_neighbors"": 8, ""p"": 1, ""weights"": ""distance""}",102,922,0.01,LLVM,random,2,Prop0.1,21,True
KRR,0.0245411658259389,"{""regressor__kernel"": ""rbf"", ""regressor__gamma"": 0.2, ""regressor__alpha"": 0.0001}",102,922,0.01,LLVM,random,2,Prop0.1,21,True
MR,0.0248084622007682,"{""lasso__regressor__alpha"": 0.001}",102,922,0.01,LLVM,random,2,Prop0.1,21,True
RF,0.0182145539036073,"{""max_features"": 1.0, ""min_samples_leaf"": 1, ""n_estimators"": 10}",102,922,0.02,LLVM,random,2,Prop0.1,21,True
SVR,0.0209939308191072,"{""regressor__tol"": 0.05, ""regressor__shrinking"": true, ""regressor__epsilon"": 0.1, ""regressor__coef0"": 1.0, ""regressor__C"": 5.0}",102,922,0.01,LLVM,random,2,Prop0.1,21,True
CART,0.0183216959098667,"{""max_features"": 1.0, ""min_samples_leaf"": 1, ""splitter"": ""best""}",102,922,0.0,LLVM,random,2,Prop0.1,22,True
kNN,0.0364701739259741,"{""n_neighbors"": 8, ""p"": 1, ""weights"": ""distance""}",102,922,0.01,LLVM,random,2,Prop0.1,22,True
KRR,0.0248355194470291,"{""regressor__kernel"": ""rbf"", ""regressor__gamma"": 0.2, ""regressor__alpha"": 0.0001}",102,922,0.01,LLVM,random,2,Prop0.1,22,True
MR,0.0258896141453666,"{""lasso__regressor__alpha"": 0.001}",102,922,0.01,LLVM,random,2,Prop0.1,22,True
RF,0.0168828752246229,"{""max_features"": 1.0, ""min_samples_leaf"": 1, ""n_estimators"": 10}",102,922,0.02,LLVM,random,2,Prop0.1,22,True
SVR,0.0246130737085309,"{""regressor__tol"": 0.05, ""regressor__shrinking"": true, ""regressor__epsilon"": 0.1, ""regressor__coef0"": 1.0, ""regressor__C"": 5.0}",102,922,0.01,LLVM,random,2,Prop0.1,22,True
CART,0.0174470986915399,"{""max_features"": 1.0, ""min_samples_leaf"": 1, ""splitter"": ""best""}",102,922,0.0,LLVM,random,2,Prop0.1,23,True
kNN,0.0295155096376239,"{""n_neighbors"": 8, ""p"": 1, ""weights"": ""distance""}",102,922,0.01,LLVM,random,2,Prop0.1,23,True
KRR,0.0223596588625,"{""regressor__kernel"": ""rbf"", ""regressor__gamma"": 0.2, ""regressor__alpha"": 0.0001}",102,922,0.01,LLVM,random,2,Prop0.1,23,True
MR,0.0225669508533623,"{""lasso__regressor__alpha"": 0.001}",102,922,0.01,LLVM,random,2,Prop0.1,23,True
RF,0.0148467974145785,"{""max_features"": 1.0, ""min_samples_leaf"": 1, ""n_estimators"": 10}",102,922,0.02,LLVM,random,2,Prop0.1,23,True
SVR,0.0197226204752457,"{""regressor__tol"": 0.05, ""regressor__shrinking"": true, ""regressor__epsilon"": 0.1, ""regressor__coef0"": 1.0, ""regressor__C"": 5.0}",102,922,0.01,LLVM,random,2,Prop0.1,23,True
CART,0.0157457733013645,"{""max_features"": 1.0, ""min_samples_leaf"": 1, ""splitter"": ""best""}",102,922,0.0,LLVM,random,2,Prop0.1,24,True
kNN,0.0324842905171294,"{""n_neighbors"": 8, ""p"": 1, ""weights"": ""distance""}",102,922,0.01,LLVM,random,2,Prop0.1,24,True
KRR,0.0200900342523745,"{""regressor__kernel"": ""rbf"", ""regressor__gamma"": 0.2, ""regressor__alpha"": 0.0001}",102,922,0.01,LLVM,random,2,Prop0.1,24,True
MR,0.0223250702613589,"{""lasso__regressor__alpha"": 0.001}",102,922,0.01,LLVM,random,2,Prop0.1,24,True
RF,0.0162367331307112,"{""max_features"": 1.0, ""min_samples_leaf"": 1, ""n_estimators"": 10}",102,922,0.02,LLVM,random,2,Prop0.1,24,True
SVR,0.0206901208128038,"{""regressor__tol"": 0.05, ""regressor__shrinking"": true, ""regressor__epsilon"": 0.1, ""regressor__coef0"": 1.0, ""regressor__C"": 5.0}",102,922,0.01,LLVM,random,2,Prop0.1,24,True
CART,0.0187633500717776,"{""max_features"": 1.0, ""min_samples_leaf"": 1, ""splitter"": ""best""}",102,922,0.0,LLVM,random,2,Prop0.1,25,True
kNN,0.028664850691461,"{""n_neighbors"": 8, ""p"": 1, ""weights"": ""distance""}",102,922,0.01,LLVM,random,2,Prop0.1,25,True
KRR,0.0194088273026877,"{""regressor__kernel"": ""rbf"", ""regressor__gamma"": 0.2, ""regressor__alpha"": 0.0001}",102,922,0.01,LLVM,random,2,Prop0.1,25,True
MR,0.0223299206426325,"{""lasso__regressor__alpha"": 0.001}",102,922,0.01,LLVM,random,2,Prop0.1,25,True
RF,0.0156654728624922,"{""max_features"": 1.0, ""min_samples_leaf"": 1, ""n_estimators"": 10}",102,922,0.02,LLVM,random,2,Prop0.1,25,True
SVR,0.0193354612379159,"{""regressor__tol"": 0.05, ""regressor__shrinking"": true, ""regressor__epsilon"": 0.1, ""regressor__coef0"": 1.0, ""regressor__C"": 5.0}",102,922,0.01,LLVM,random,2,Prop0.1,25,True
CART,0.0207383816789105,"{""max_features"": 1.0, ""min_samples_leaf"": 1, ""splitter"": ""best""}",102,922,0.0,LLVM,random,2,Prop0.1,26,True
kNN,0.0330666614762837,"{""n_neighbors"": 8, ""p"": 1, ""weights"": ""distance""}",102,922,0.01,LLVM,random,2,Prop0.1,26,True
KRR,0.0233097466505271,"{""regressor__kernel"": ""rbf"", ""regressor__gamma"": 0.2, ""regressor__alpha"": 0.0001}",102,922,0.01,LLVM,random,2,Prop0.1,26,True
MR,0.0265930931799777,"{""lasso__regressor__alpha"": 0.001}",102,922,0.01,LLVM,random,2,Prop0.1,26,True
RF,0.0158575596598831,"{""max_features"": 1.0, ""min_samples_leaf"": 1, ""n_estimators"": 10}",102,922,0.02,LLVM,random,2,Prop0.1,26,True
SVR,0.0226842005209269,"{""regressor__tol"": 0.05, ""regressor__shrinking"": true, ""regressor__epsilon"": 0.1, ""regressor__coef0"": 1.0, ""regressor__C"": 5.0}",102,922,0.01,LLVM,random,2,Prop0.1,26,True
CART,0.0220776575115805,"{""max_features"": 1.0, ""min_samples_leaf"": 1, ""splitter"": ""best""}",102,922,0.0,LLVM,random,2,Prop0.1,27,True
kNN,0.0348735676397073,"{""n_neighbors"": 8, ""p"": 1, ""weights"": ""distance""}",102,922,0.01,LLVM,random,2,Prop0.1,27,True
KRR,0.0264484463113132,"{""regressor__kernel"": ""rbf"", ""regressor__gamma"": 0.2, ""regressor__alpha"": 0.0001}",102,922,0.01,LLVM,random,2,Prop0.1,27,True
MR,0.0280474471023387,"{""lasso__regressor__alpha"": 0.001}",102,922,0.01,LLVM,random,2,Prop0.1,27,True
RF,0.0222847647081903,"{""max_features"": 1.0, ""min_samples_leaf"": 1, ""n_estimators"": 10}",102,922,0.01,LLVM,random,2,Prop0.1,27,True
SVR,0.0241188918869985,"{""regressor__tol"": 0.05, ""regressor__shrinking"": true, ""regressor__epsilon"": 0.1, ""regressor__coef0"": 1.0, ""regressor__C"": 5.0}",102,922,0.01,LLVM,random,2,Prop0.1,27,True
CART,0.0173803134603557,"{""max_features"": 1.0, ""min_samples_leaf"": 1, ""splitter"": ""best""}",102,922,0.0,LLVM,random,2,Prop0.1,28,True
kNN,0.0315060807877894,"{""n_neighbors"": 8, ""p"": 1, ""weights"": ""distance""}",102,922,0.0,LLVM,random,2,Prop0.1,28,True
KRR,0.0197030151812461,"{""regressor__kernel"": ""rbf"", ""regressor__gamma"": 0.2, ""regressor__alpha"": 0.0001}",102,922,0.0,LLVM,random,2,Prop0.1,28,True
MR,0.022862707876428,"{""lasso__regressor__alpha"": 0.001}",102,922,0.01,LLVM,random,2,Prop0.1,28,True
RF,0.0151095065734037,"{""max_features"": 1.0, ""min_samples_leaf"": 1, ""n_estimators"": 10}",102,922,0.01,LLVM,random,2,Prop0.1,28,True
SVR,0.018591125994857,"{""regressor__tol"": 0.05, ""regressor__shrinking"": true, ""regressor__epsilon"": 0.1, ""regressor__coef0"": 1.0, ""regressor__C"": 5.0}",102,922,0.0,LLVM,random,2,Prop0.1,28,True
CART,0.0218954606445652,"{""max_features"": 1.0, ""min_samples_leaf"": 1, ""splitter"": ""best""}",102,922,0.0,LLVM,random,2,Prop0.1,29,True
kNN,0.0359096647714308,"{""n_neighbors"": 8, ""p"": 1, ""weights"": ""distance""}",102,922,0.0,LLVM,random,2,Prop0.1,29,True
KRR,0.0223114495998539,"{""regressor__kernel"": ""rbf"", ""regressor__gamma"": 0.2, ""regressor__alpha"": 0.0001}",102,922,0.0,LLVM,random,2,Prop0.1,29,True
MR,0.0224447122864164,"{""lasso__regressor__alpha"": 0.001}",102,922,0.01,LLVM,random,2,Prop0.1,29,True
RF,0.0169536497502134,"{""max_features"": 1.0, ""min_samples_leaf"": 1, ""n_estimators"": 10}",102,922,0.01,LLVM,random,2,Prop0.1,29,True
SVR,0.0235304481947207,"{""regressor__tol"": 0.05, ""regressor__shrinking"": true, ""regressor__epsilon"": 0.1, ""regressor__coef0"": 1.0, ""regressor__C"": 5.0}",102,922,0.01,LLVM,random,2,Prop0.1,29,True
CART,0.0204381974428669,"{""max_features"": 1.0, ""min_samples_leaf"": 1, ""splitter"": ""best""}",102,922,0.0,LLVM,random,2,Prop0.1,30,True
kNN,0.0364300116900715,"{""n_neighbors"": 8, ""p"": 1, ""weights"": ""distance""}",102,922,0.01,LLVM,random,2,Prop0.1,30,True
KRR,0.0253292908558016,"{""regressor__kernel"": ""rbf"", ""regressor__gamma"": 0.2, ""regressor__alpha"": 0.0001}",102,922,0.01,LLVM,random,2,Prop0.1,30,True
MR,0.0241003761946794,"{""lasso__regressor__alpha"": 0.001}",102,922,0.01,LLVM,random,2,Prop0.1,30,True
RF,0.0193612620900893,"{""max_features"": 1.0, ""min_samples_leaf"": 1, ""n_estimators"": 10}",102,922,0.02,LLVM,random,2,Prop0.1,30,True
SVR,0.0229497422232963,"{""regressor__tol"": 0.05, ""regressor__shrinking"": true, ""regressor__epsilon"": 0.1, ""regressor__coef0"": 1.0, ""regressor__C"": 5.0}",102,922,0.01,LLVM,random,2,Prop0.1,30,True
CART,0.0239077055133145,"{""max_features"": 1.0, ""min_samples_leaf"": 1, ""splitter"": ""best""}",102,922,0.0,LLVM,random,2,Prop0.1,31,True
kNN,0.0346587469803769,"{""n_neighbors"": 8, ""p"": 1, ""weights"": ""distance""}",102,922,0.0,LLVM,random,2,Prop0.1,31,True
KRR,0.0223850238800741,"{""regressor__kernel"": ""rbf"", ""regressor__gamma"": 0.2, ""regressor__alpha"": 0.0001}",102,922,0.0,LLVM,random,2,Prop0.1,31,True
MR,0.0252518702960561,"{""lasso__regressor__alpha"": 0.001}",102,922,0.0,LLVM,random,2,Prop0.1,31,True
RF,0.015387403314646,"{""max_features"": 1.0, ""min_samples_leaf"": 1, ""n_estimators"": 10}",102,922,0.01,LLVM,random,2,Prop0.1,31,True
SVR,0.022819510710743,"{""regressor__tol"": 0.05, ""regressor__shrinking"": true, ""regressor__epsilon"": 0.1, ""regressor__coef0"": 1.0, ""regressor__C"": 5.0}",102,922,0.01,LLVM,random,2,Prop0.1,31,True
CART,0.0210325985285377,"{""max_features"": 1.0, ""min_samples_leaf"": 1, ""splitter"": ""best""}",102,922,0.0,LLVM,random,2,Prop0.1,32,True
kNN,0.0347116520472938,"{""n_neighbors"": 8, ""p"": 1, ""weights"": ""distance""}",102,922,0.01,LLVM,random,2,Prop0.1,32,True
KRR,0.0214890969593513,"{""regressor__kernel"": ""rbf"", ""regressor__gamma"": 0.2, ""regressor__alpha"": 0.0001}",102,922,0.01,LLVM,random,2,Prop0.1,32,True
MR,0.0241525349231571,"{""lasso__regressor__alpha"": 0.001}",102,922,0.01,LLVM,random,2,Prop0.1,32,True
RF,0.0157699126148322,"{""max_features"": 1.0, ""min_samples_leaf"": 1, ""n_estimators"": 10}",102,922,0.02,LLVM,random,2,Prop0.1,32,True
SVR,0.023115333210687,"{""regressor__tol"": 0.05, ""regressor__shrinking"": true, ""regressor__epsilon"": 0.1, ""regressor__coef0"": 1.0, ""regressor__C"": 5.0}",102,922,0.01,LLVM,random,2,Prop0.1,32,True
CART,0.0204790862639514,"{""max_features"": 1.0, ""min_samples_leaf"": 1, ""splitter"": ""best""}",102,922,0.0,LLVM,random,2,Prop0.1,33,True
kNN,0.0361547011413023,"{""n_neighbors"": 8, ""p"": 1, ""weights"": ""distance""}",102,922,0.01,LLVM,random,2,Prop0.1,33,True
KRR,0.021454597672028,"{""regressor__kernel"": ""rbf"", ""regressor__gamma"": 0.2, ""regressor__alpha"": 0.0001}",102,922,0.01,LLVM,random,2,Prop0.1,33,True
MR,0.0228874628174001,"{""lasso__regressor__alpha"": 0.001}",102,922,0.01,LLVM,random,2,Prop0.1,33,True
RF,0.0159063826943807,"{""max_features"": 1.0, ""min_samples_leaf"": 1, ""n_estimators"": 10}",102,922,0.02,LLVM,random,2,Prop0.1,33,True
SVR,0.019390875007963,"{""regressor__tol"": 0.05, ""regressor__shrinking"": true, ""regressor__epsilon"": 0.1, ""regressor__coef0"": 1.0, ""regressor__C"": 5.0}",102,922,0.01,LLVM,random,2,Prop0.1,33,True
CART,0.0182233718114426,"{""max_features"": 1.0, ""min_samples_leaf"": 1, ""splitter"": ""best""}",102,922,0.0,LLVM,random,2,Prop0.1,34,True
kNN,0.0343478972401794,"{""n_neighbors"": 8, ""p"": 1, ""weights"": ""distance""}",102,922,0.0,LLVM,random,2,Prop0.1,34,True
KRR,0.0262838876036442,"{""regressor__kernel"": ""rbf"", ""regressor__gamma"": 0.2, ""regressor__alpha"": 0.0001}",102,922,0.0,LLVM,random,2,Prop0.1,34,True
MR,0.0289927228785194,"{""lasso__regressor__alpha"": 0.001}",102,922,0.01,LLVM,random,2,Prop0.1,34,True
RF,0.0162078502415996,"{""max_features"": 1.0, ""min_samples_leaf"": 1, ""n_estimators"": 10}",102,922,0.02,LLVM,random,2,Prop0.1,34,True
SVR,0.0229829044389743,"{""regressor__tol"": 0.05, ""regressor__shrinking"": true, ""regressor__epsilon"": 0.1, ""regressor__coef0"": 1.0, ""regressor__C"": 5.0}",102,922,0.01,LLVM,random,2,Prop0.1,34,True
CART,0.0203521485518096,"{""max_features"": 1.0, ""min_samples_leaf"": 1, ""splitter"": ""best""}",102,922,0.0,LLVM,random,2,Prop0.1,35,True
kNN,0.0329993919817192,"{""n_neighbors"": 8, ""p"": 1, ""weights"": ""distance""}",102,922,0.01,LLVM,random,2,Prop0.1,35,True
KRR,0.0263492901908907,"{""regressor__kernel"": ""rbf"", ""regressor__gamma"": 0.2, ""regressor__alpha"": 0.0001}",102,922,0.0,LLVM,random,2,Prop0.1,35,True
MR,0.0271668152859518,"{""lasso__regressor__alpha"": 0.001}",102,922,0.01,LLVM,random,2,Prop0.1,35,True
RF,0.0182340673623068,"{""max_features"": 1.0, ""min_samples_leaf"": 1, ""n_estimators"": 10}",102,922,0.02,LLVM,random,2,Prop0.1,35,True
SVR,0.0222803104083079,"{""regressor__tol"": 0.05, ""regressor__shrinking"": true, ""regressor__epsilon"": 0.1, ""regressor__coef0"": 1.0, ""regressor__C"": 5.0}",102,922,0.01,LLVM,random,2,Prop0.1,35,True
CART,0.022757074884644,"{""max_features"": 1.0, ""min_samples_leaf"": 1, ""splitter"": ""best""}",102,922,0.0,LLVM,random,2,Prop0.1,36,True
kNN,0.0362202185640202,"{""n_neighbors"": 8, ""p"": 1, ""weights"": ""distance""}",102,922,0.0,LLVM,random,2,Prop0.1,36,True
KRR,0.025756567738909,"{""regressor__kernel"": ""rbf"", ""regressor__gamma"": 0.2, ""regressor__alpha"": 0.0001}",102,922,0.0,LLVM,random,2,Prop0.1,36,True
MR,0.0248384501390322,"{""lasso__regressor__alpha"": 0.001}",102,922,0.01,LLVM,random,2,Prop0.1,36,True
RF,0.0204197575036515,"{""max_features"": 1.0, ""min_samples_leaf"": 1, ""n_estimators"": 10}",102,922,0.02,LLVM,random,2,Prop0.1,36,True
SVR,0.0224140062344546,"{""regressor__tol"": 0.05, ""regressor__shrinking"": true, ""regressor__epsilon"": 0.1, ""regressor__coef0"": 1.0, ""regressor__C"": 5.0}",102,922,0.01,LLVM,random,2,Prop0.1,36,True
CART,0.019643617028585,"{""max_features"": 1.0, ""min_samples_leaf"": 1, ""splitter"": ""best""}",102,922,0.0,LLVM,random,2,Prop0.1,37,True
kNN,0.03413845111873,"{""n_neighbors"": 8, ""p"": 1, ""weights"": ""distance""}",102,922,0.01,LLVM,random,2,Prop0.1,37,True
KRR,0.0224829379086777,"{""regressor__kernel"": ""rbf"", ""regressor__gamma"": 0.2, ""regressor__alpha"": 0.0001}",102,922,0.01,LLVM,random,2,Prop0.1,37,True
MR,0.0242545333624416,"{""lasso__regressor__alpha"": 0.001}",102,922,0.01,LLVM,random,2,Prop0.1,37,True
RF,0.0182617579611499,"{""max_features"": 1.0, ""min_samples_leaf"": 1, ""n_estimators"": 10}",102,922,0.02,LLVM,random,2,Prop0.1,37,True
SVR,0.0218339545946122,"{""regressor__tol"": 0.05, ""regressor__shrinking"": true, ""regressor__epsilon"": 0.1, ""regressor__coef0"": 1.0, ""regressor__C"": 5.0}",102,922,0.01,LLVM,random,2,Prop0.1,37,True
CART,0.0225970993848083,"{""max_features"": 1.0, ""min_samples_leaf"": 1, ""splitter"": ""best""}",102,922,0.0,LLVM,random,2,Prop0.1,38,True
kNN,0.0304249967190848,"{""n_neighbors"": 8, ""p"": 1, ""weights"": ""distance""}",102,922,0.01,LLVM,random,2,Prop0.1,38,True
KRR,0.0239015866040264,"{""regressor__kernel"": ""rbf"", ""regressor__gamma"": 0.2, ""regressor__alpha"": 0.0001}",102,922,0.01,LLVM,random,2,Prop0.1,38,True
MR,0.0248090550843218,"{""lasso__regressor__alpha"": 0.001}",102,922,0.01,LLVM,random,2,Prop0.1,38,True
RF,0.0187626524201088,"{""max_features"": 1.0, ""min_samples_leaf"": 1, ""n_estimators"": 10}",102,922,0.02,LLVM,random,2,Prop0.1,38,True
SVR,0.0232682283242425,"{""regressor__tol"": 0.05, ""regressor__shrinking"": true, ""regressor__epsilon"": 0.1, ""regressor__coef0"": 1.0, ""regressor__C"": 5.0}",102,922,0.01,LLVM,random,2,Prop0.1,38,True
CART,0.0185958204527753,"{""max_features"": 1.0, ""min_samples_leaf"": 1, ""splitter"": ""best""}",102,922,0.0,LLVM,random,2,Prop0.1,39,True
kNN,0.0328710146674606,"{""n_neighbors"": 8, ""p"": 1, ""weights"": ""distance""}",102,922,0.01,LLVM,random,2,Prop0.1,39,True
KRR,0.0239954793200805,"{""regressor__kernel"": ""rbf"", ""regressor__gamma"": 0.2, ""regressor__alpha"": 0.0001}",102,922,0.0,LLVM,random,2,Prop0.1,39,True
MR,0.0255382104524393,"{""lasso__regressor__alpha"": 0.001}",102,922,0.01,LLVM,random,2,Prop0.1,39,True
RF,0.0163396768071673,"{""max_features"": 1.0, ""min_samples_leaf"": 1, ""n_estimators"": 10}",102,922,0.02,LLVM,random,2,Prop0.1,39,True
SVR,0.0253068303923438,"{""regressor__tol"": 0.05, ""regressor__shrinking"": true, ""regressor__epsilon"": 0.1, ""regressor__coef0"": 1.0, ""regressor__C"": 5.0}",102,922,0.01,LLVM,random,2,Prop0.1,39,True
CART,0.0202340791636656,"{""max_features"": 1.0, ""min_samples_leaf"": 1, ""splitter"": ""best""}",102,922,0.0,LLVM,random,2,Prop0.1,40,True
kNN,0.0297865029053398,"{""n_neighbors"": 8, ""p"": 1, ""weights"": ""distance""}",102,922,0.01,LLVM,random,2,Prop0.1,40,True
KRR,0.0194210197613654,"{""regressor__kernel"": ""rbf"", ""regressor__gamma"": 0.2, ""regressor__alpha"": 0.0001}",102,922,0.01,LLVM,random,2,Prop0.1,40,True
MR,0.0239844051112038,"{""lasso__regressor__alpha"": 0.001}",102,922,0.01,LLVM,random,2,Prop0.1,40,True
RF,0.0159209721061104,"{""max_features"": 1.0, ""min_samples_leaf"": 1, ""n_estimators"": 10}",102,922,0.02,LLVM,random,2,Prop0.1,40,True
SVR,0.0202882982060745,"{""regressor__tol"": 0.05, ""regressor__shrinking"": true, ""regressor__epsilon"": 0.1, ""regressor__coef0"": 1.0, ""regressor__C"": 5.0}",102,922,0.01,LLVM,random,2,Prop0.1,40,True
CART,0.0187185851138639,"{""max_features"": 1.0, ""min_samples_leaf"": 1, ""splitter"": ""best""}",102,922,0.0,LLVM,random,2,Prop0.1,41,True
kNN,0.0333703081770129,"{""n_neighbors"": 8, ""p"": 1, ""weights"": ""distance""}",102,922,0.01,LLVM,random,2,Prop0.1,41,True
KRR,0.0199834079334067,"{""regressor__kernel"": ""rbf"", ""regressor__gamma"": 0.2, ""regressor__alpha"": 0.0001}",102,922,0.01,LLVM,random,2,Prop0.1,41,True
MR,0.0214385113772219,"{""lasso__regressor__alpha"": 0.001}",102,922,0.01,LLVM,random,2,Prop0.1,41,True
RF,0.0163806757534608,"{""max_features"": 1.0, ""min_samples_leaf"": 1, ""n_estimators"": 10}",102,922,0.02,LLVM,random,2,Prop0.1,41,True
SVR,0.0207895841356704,"{""regressor__tol"": 0.05, ""regressor__shrinking"": true, ""regressor__epsilon"": 0.1, ""regressor__coef0"": 1.0, ""regressor__C"": 5.0}",102,922,0.01,LLVM,random,2,Prop0.1,41,True
CART,0.0192560980974117,"{""max_features"": 1.0, ""min_samples_leaf"": 1, ""splitter"": ""best""}",102,922,0.0,LLVM,random,2,Prop0.1,42,True
kNN,0.0319544073793056,"{""n_neighbors"": 8, ""p"": 1, ""weights"": ""distance""}",102,922,0.01,LLVM,random,2,Prop0.1,42,True
KRR,0.0296711902225045,"{""regressor__kernel"": ""rbf"", ""regressor__gamma"": 0.2, ""regressor__alpha"": 0.0001}",102,922,0.01,LLVM,random,2,Prop0.1,42,True
MR,0.0276715267600869,"{""lasso__regressor__alpha"": 0.001}",102,922,0.01,LLVM,random,2,Prop0.1,42,True
RF,0.0190874682676831,"{""max_features"": 1.0, ""min_samples_leaf"": 1, ""n_estimators"": 10}",102,922,0.02,LLVM,random,2,Prop0.1,42,True
SVR,0.023300680574885,"{""regressor__tol"": 0.05, ""regressor__shrinking"": true, ""regressor__epsilon"": 0.1, ""regressor__coef0"": 1.0, ""regressor__C"": 5.0}",102,922,0.01,LLVM,random,2,Prop0.1,42,True
CART,0.0209393095715648,"{""max_features"": 1.0, ""min_samples_leaf"": 1, ""splitter"": ""best""}",102,922,0.0,LLVM,random,2,Prop0.1,43,True
kNN,0.0359985500305714,"{""n_neighbors"": 8, ""p"": 1, ""weights"": ""distance""}",102,922,0.01,LLVM,random,2,Prop0.1,43,True
KRR,0.0221789902706792,"{""regressor__kernel"": ""rbf"", ""regressor__gamma"": 0.2, ""regressor__alpha"": 0.0001}",102,922,0.01,LLVM,random,2,Prop0.1,43,True
MR,0.0244232085420038,"{""lasso__regressor__alpha"": 0.001}",102,922,0.01,LLVM,random,2,Prop0.1,43,True
RF,0.0183930452694017,"{""max_features"": 1.0, ""min_samples_leaf"": 1, ""n_estimators"": 10}",102,922,0.02,LLVM,random,2,Prop0.1,43,True
SVR,0.0212095570526544,"{""regressor__tol"": 0.05, ""regressor__shrinking"": true, ""regressor__epsilon"": 0.1, ""regressor__coef0"": 1.0, ""regressor__C"": 5.0}",102,922,0.01,LLVM,random,2,Prop0.1,43,True
CART,0.0193655292581502,"{""max_features"": 1.0, ""min_samples_leaf"": 1, ""splitter"": ""best""}",102,922,0.0,LLVM,random,2,Prop0.1,44,True
kNN,0.0339849684491917,"{""n_neighbors"": 8, ""p"": 1, ""weights"": ""distance""}",102,922,0.01,LLVM,random,2,Prop0.1,44,True
KRR,0.0229353628114154,"{""regressor__kernel"": ""rbf"", ""regressor__gamma"": 0.2, ""regressor__alpha"": 0.0001}",102,922,0.01,LLVM,random,2,Prop0.1,44,True
MR,0.022839467960053,"{""lasso__regressor__alpha"": 0.001}",102,922,0.01,LLVM,random,2,Prop0.1,44,True
RF,0.0190562556461172,"{""max_features"": 1.0, ""min_samples_leaf"": 1, ""n_estimators"": 10}",102,922,0.02,LLVM,random,2,Prop0.1,44,True
SVR,0.0221990259858714,"{""regressor__tol"": 0.05, ""regressor__shrinking"": true, ""regressor__epsilon"": 0.1, ""regressor__coef0"": 1.0, ""regressor__C"": 5.0}",102,922,0.01,LLVM,random,2,Prop0.1,44,True
CART,0.0248676674651906,"{""max_features"": 1.0, ""min_samples_leaf"": 1, ""splitter"": ""best""}",102,922,0.0,LLVM,random,2,Prop0.1,45,True
kNN,0.036791396313683,"{""n_neighbors"": 8, ""p"": 1, ""weights"": ""distance""}",102,922,0.01,LLVM,random,2,Prop0.1,45,True
KRR,0.0253875840632655,"{""regressor__kernel"": ""rbf"", ""regressor__gamma"": 0.2, ""regressor__alpha"": 0.0001}",102,922,0.01,LLVM,random,2,Prop0.1,45,True
MR,0.0262430630176157,"{""lasso__regressor__alpha"": 0.001}",102,922,0.01,LLVM,random,2,Prop0.1,45,True
RF,0.0188433378527147,"{""max_features"": 1.0, ""min_samples_leaf"": 1, ""n_estimators"": 10}",102,922,0.02,LLVM,random,2,Prop0.1,45,True
SVR,0.022491278350013,"{""regressor__tol"": 0.05, ""regressor__shrinking"": true, ""regressor__epsilon"": 0.1, ""regressor__coef0"": 1.0, ""regressor__C"": 5.0}",102,922,0.01,LLVM,random,2,Prop0.1,45,True
CART,0.0196280918522169,"{""max_features"": 1.0, ""min_samples_leaf"": 1, ""splitter"": ""best""}",102,922,0.0,LLVM,random,2,Prop0.1,46,True
kNN,0.030602808092131,"{""n_neighbors"": 8, ""p"": 1, ""weights"": ""distance""}",102,922,0.01,LLVM,random,2,Prop0.1,46,True
KRR,0.0227961927779292,"{""regressor__kernel"": ""rbf"", ""regressor__gamma"": 0.2, ""regressor__alpha"": 0.0001}",102,922,0.01,LLVM,random,2,Prop0.1,46,True
MR,0.0234629023281675,"{""lasso__regressor__alpha"": 0.001}",102,922,0.01,LLVM,random,2,Prop0.1,46,True
RF,0.0199646236260042,"{""max_features"": 1.0, ""min_samples_leaf"": 1, ""n_estimators"": 10}",102,922,0.02,LLVM,random,2,Prop0.1,46,True
SVR,0.0214301970538543,"{""regressor__tol"": 0.05, ""regressor__shrinking"": true, ""regressor__epsilon"": 0.1, ""regressor__coef0"": 1.0, ""regressor__C"": 5.0}",102,922,0.01,LLVM,random,2,Prop0.1,46,True
CART,0.0246817793336304,"{""max_features"": 1.0, ""min_samples_leaf"": 1, ""splitter"": ""best""}",102,922,0.0,LLVM,random,2,Prop0.1,47,True
kNN,0.0339949509895445,"{""n_neighbors"": 8, ""p"": 1, ""weights"": ""distance""}",102,922,0.01,LLVM,random,2,Prop0.1,47,True
KRR,0.0206802218943283,"{""regressor__kernel"": ""rbf"", ""regressor__gamma"": 0.2, ""regressor__alpha"": 0.0001}",102,922,0.01,LLVM,random,2,Prop0.1,47,True
MR,0.0216493832332979,"{""lasso__regressor__alpha"": 0.001}",102,922,0.01,LLVM,random,2,Prop0.1,47,True
RF,0.0179474458971869,"{""max_features"": 1.0, ""min_samples_leaf"": 1, ""n_estimators"": 10}",102,922,0.02,LLVM,random,2,Prop0.1,47,True
SVR,0.0216294557301235,"{""regressor__tol"": 0.05, ""regressor__shrinking"": true, ""regressor__epsilon"": 0.1, ""regressor__coef0"": 1.0, ""regressor__C"": 5.0}",102,922,0.01,LLVM,random,2,Prop0.1,47,True
CART,0.0198831107174163,"{""max_features"": 1.0, ""min_samples_leaf"": 1, ""splitter"": ""best""}",102,922,0.0,LLVM,random,2,Prop0.1,48,True
kNN,0.0329471794682576,"{""n_neighbors"": 8, ""p"": 1, ""weights"": ""distance""}",102,922,0.0,LLVM,random,2,Prop0.1,48,True
KRR,0.0217526630795996,"{""regressor__kernel"": ""rbf"", ""regressor__gamma"": 0.2, ""regressor__alpha"": 0.0001}",102,922,0.01,LLVM,random,2,Prop0.1,48,True
MR,0.0236226311342434,"{""lasso__regressor__alpha"": 0.001}",102,922,0.01,LLVM,random,2,Prop0.1,48,True
RF,0.0185392740068286,"{""max_features"": 1.0, ""min_samples_leaf"": 1, ""n_estimators"": 10}",102,922,0.02,LLVM,random,2,Prop0.1,48,True
SVR,0.0209821977659411,"{""regressor__tol"": 0.05, ""regressor__shrinking"": true, ""regressor__epsilon"": 0.1, ""regressor__coef0"": 1.0, ""regressor__C"": 5.0}",102,922,0.01,LLVM,random,2,Prop0.1,48,True
CART,0.0184051415947235,"{""max_features"": 1.0, ""min_samples_leaf"": 1, ""splitter"": ""best""}",102,922,0.0,LLVM,random,2,Prop0.1,49,True
kNN,0.0340456663990188,"{""n_neighbors"": 8, ""p"": 1, ""weights"": ""distance""}",102,922,0.01,LLVM,random,2,Prop0.1,49,True
KRR,0.0227633179123126,"{""regressor__kernel"": ""rbf"", ""regressor__gamma"": 0.2, ""regressor__alpha"": 0.0001}",102,922,0.01,LLVM,random,2,Prop0.1,49,True
MR,0.0249261909467514,"{""lasso__regressor__alpha"": 0.001}",102,922,0.01,LLVM,random,2,Prop0.1,49,True
RF,0.0150183085977475,"{""max_features"": 1.0, ""min_samples_leaf"": 1, ""n_estimators"": 10}",102,922,0.02,LLVM,random,2,Prop0.1,49,True
SVR,0.0217342609813162,"{""regressor__tol"": 0.05, ""regressor__shrinking"": true, ""regressor__epsilon"": 0.1, ""regressor__coef0"": 1.0, ""regressor__C"": 5.0}",102,922,0.01,LLVM,random,2,Prop0.1,49,True
CART,0.0242326307039027,"{""max_features"": 1.0, ""min_samples_leaf"": 1, ""splitter"": ""best""}",102,922,0.0,LLVM,random,2,Prop0.1,50,True
kNN,0.0338792608049068,"{""n_neighbors"": 8, ""p"": 1, ""weights"": ""distance""}",102,922,0.01,LLVM,random,2,Prop0.1,50,True
KRR,0.0234442307638224,"{""regressor__kernel"": ""rbf"", ""regressor__gamma"": 0.2, ""regressor__alpha"": 0.0001}",102,922,0.01,LLVM,random,2,Prop0.1,50,True
MR,0.0254237109845917,"{""lasso__regressor__alpha"": 0.001}",102,922,0.01,LLVM,random,2,Prop0.1,50,True
RF,0.0152083183477257,"{""max_features"": 1.0, ""min_samples_leaf"": 1, ""n_estimators"": 10}",102,922,0.02,LLVM,random,2,Prop0.1,50,True
SVR,0.0200139708351293,"{""regressor__tol"": 0.05, ""regressor__shrinking"": true, ""regressor__epsilon"": 0.1, ""regressor__coef0"": 1.0, ""regressor__C"": 5.0}",102,922,0.01,LLVM,random,2,Prop0.1,50,True
CART,0.0194385077150662,"{""max_features"": 1.0, ""min_samples_leaf"": 1, ""splitter"": ""best""}",102,922,0.0,LLVM,random,2,Prop0.1,51,True
kNN,0.0290825761830524,"{""n_neighbors"": 8, ""p"": 1, ""weights"": ""distance""}",102,922,0.01,LLVM,random,2,Prop0.1,51,True
KRR,0.0204824733334507,"{""regressor__kernel"": ""rbf"", ""regressor__gamma"": 0.2, ""regressor__alpha"": 0.0001}",102,922,0.01,LLVM,random,2,Prop0.1,51,True
MR,0.0213652808709673,"{""lasso__regressor__alpha"": 0.001}",102,922,0.01,LLVM,random,2,Prop0.1,51,True
RF,0.0173997435687169,"{""max_features"": 1.0, ""min_samples_leaf"": 1, ""n_estimators"": 10}",102,922,0.02,LLVM,random,2,Prop0.1,51,True
SVR,0.0197411289802498,"{""regressor__tol"": 0.05, ""regressor__shrinking"": true, ""regressor__epsilon"": 0.1, ""regressor__coef0"": 1.0, ""regressor__C"": 5.0}",102,922,0.0,LLVM,random,2,Prop0.1,51,True
CART,0.0200141047199599,"{""max_features"": 1.0, ""min_samples_leaf"": 1, ""splitter"": ""best""}",102,922,0.0,LLVM,random,2,Prop0.1,52,True
kNN,0.0311321759401762,"{""n_neighbors"": 8, ""p"": 1, ""weights"": ""distance""}",102,922,0.01,LLVM,random,2,Prop0.1,52,True
KRR,0.0205905731292347,"{""regressor__kernel"": ""rbf"", ""regressor__gamma"": 0.2, ""regressor__alpha"": 0.0001}",102,922,0.01,LLVM,random,2,Prop0.1,52,True
MR,0.0208763832946338,"{""lasso__regressor__alpha"": 0.001}",102,922,0.01,LLVM,random,2,Prop0.1,52,True
RF,0.0148398955683311,"{""max_features"": 1.0, ""min_samples_leaf"": 1, ""n_estimators"": 10}",102,922,0.02,LLVM,random,2,Prop0.1,52,True
SVR,0.0191707910124938,"{""regressor__tol"": 0.05, ""regressor__shrinking"": true, ""regressor__epsilon"": 0.1, ""regressor__coef0"": 1.0, ""regressor__C"": 5.0}",102,922,0.01,LLVM,random,2,Prop0.1,52,True
CART,0.0183395996833873,"{""max_features"": 1.0, ""min_samples_leaf"": 1, ""splitter"": ""best""}",102,922,0.0,LLVM,random,2,Prop0.1,53,True
kNN,0.0342189189983,"{""n_neighbors"": 8, ""p"": 1, ""weights"": ""distance""}",102,922,0.01,LLVM,random,2,Prop0.1,53,True
KRR,0.0222385607751066,"{""regressor__kernel"": ""rbf"", ""regressor__gamma"": 0.2, ""regressor__alpha"": 0.0001}",102,922,0.01,LLVM,random,2,Prop0.1,53,True
MR,0.0260689539572133,"{""lasso__regressor__alpha"": 0.001}",102,922,0.01,LLVM,random,2,Prop0.1,53,True
RF,0.0193205233798726,"{""max_features"": 1.0, ""min_samples_leaf"": 1, ""n_estimators"": 10}",102,922,0.02,LLVM,random,2,Prop0.1,53,True
SVR,0.0215287433165714,"{""regressor__tol"": 0.05, ""regressor__shrinking"": true, ""regressor__epsilon"": 0.1, ""regressor__coef0"": 1.0, ""regressor__C"": 5.0}",102,922,0.01,LLVM,random,2,Prop0.1,53,True
CART,0.0218819081703721,"{""max_features"": 1.0, ""min_samples_leaf"": 1, ""splitter"": ""best""}",102,922,0.0,LLVM,random,2,Prop0.1,54,True
kNN,0.032803851454265,"{""n_neighbors"": 8, ""p"": 1, ""weights"": ""distance""}",102,922,0.01,LLVM,random,2,Prop0.1,54,True
KRR,0.0270209556167232,"{""regressor__kernel"": ""rbf"", ""regressor__gamma"": 0.2, ""regressor__alpha"": 0.0001}",102,922,0.01,LLVM,random,2,Prop0.1,54,True
MR,0.0261402865519776,"{""lasso__regressor__alpha"": 0.001}",102,922,0.01,LLVM,random,2,Prop0.1,54,True
RF,0.0168689070845047,"{""max_features"": 1.0, ""min_samples_leaf"": 1, ""n_estimators"": 10}",102,922,0.02,LLVM,random,2,Prop0.1,54,True
SVR,0.0225060008782988,"{""regressor__tol"": 0.05, ""regressor__shrinking"": true, ""regressor__epsilon"": 0.1, ""regressor__coef0"": 1.0, ""regressor__C"": 5.0}",102,922,0.01,LLVM,random,2,Prop0.1,54,True
CART,0.0219130629637676,"{""max_features"": 1.0, ""min_samples_leaf"": 1, ""splitter"": ""best""}",102,922,0.0,LLVM,random,2,Prop0.1,55,True
kNN,0.0368587677050041,"{""n_neighbors"": 8, ""p"": 1, ""weights"": ""distance""}",102,922,0.01,LLVM,random,2,Prop0.1,55,True
KRR,0.0248282917464808,"{""regressor__kernel"": ""rbf"", ""regressor__gamma"": 0.2, ""regressor__alpha"": 0.0001}",102,922,0.01,LLVM,random,2,Prop0.1,55,True
MR,0.0269710270621183,"{""lasso__regressor__alpha"": 0.001}",102,922,0.01,LLVM,random,2,Prop0.1,55,True
RF,0.0178070505129318,"{""max_features"": 1.0, ""min_samples_leaf"": 1, ""n_estimators"": 10}",102,922,0.02,LLVM,random,2,Prop0.1,55,True
SVR,0.02550753511756,"{""regressor__tol"": 0.05, ""regressor__shrinking"": true, ""regressor__epsilon"": 0.1, ""regressor__coef0"": 1.0, ""regressor__C"": 5.0}",102,922,0.01,LLVM,random,2,Prop0.1,55,True
CART,0.0191624427456339,"{""max_features"": 1.0, ""min_samples_leaf"": 1, ""splitter"": ""best""}",102,922,0.0,LLVM,random,2,Prop0.1,56,True
kNN,0.0321434376983524,"{""n_neighbors"": 8, ""p"": 1, ""weights"": ""distance""}",102,922,0.01,LLVM,random,2,Prop0.1,56,True
KRR,0.0232273375445281,"{""regressor__kernel"": ""rbf"", ""regressor__gamma"": 0.2, ""regressor__alpha"": 0.0001}",102,922,0.01,LLVM,random,2,Prop0.1,56,True
MR,0.0219310860331516,"{""lasso__regressor__alpha"": 0.001}",102,922,0.01,LLVM,random,2,Prop0.1,56,True
RF,0.0176605860496965,"{""max_features"": 1.0, ""min_samples_leaf"": 1, ""n_estimators"": 10}",102,922,0.02,LLVM,random,2,Prop0.1,56,True
SVR,0.020555892980501,"{""regressor__tol"": 0.05, ""regressor__shrinking"": true, ""regressor__epsilon"": 0.1, ""regressor__coef0"": 1.0, ""regressor__C"": 5.0}",102,922,0.01,LLVM,random,2,Prop0.1,56,True
CART,0.0205682238209067,"{""max_features"": 1.0, ""min_samples_leaf"": 1, ""splitter"": ""best""}",102,922,0.0,LLVM,random,2,Prop0.1,57,True
kNN,0.0389410570112846,"{""n_neighbors"": 8, ""p"": 1, ""weights"": ""distance""}",102,922,0.01,LLVM,random,2,Prop0.1,57,True
KRR,0.0229608790500499,"{""regressor__kernel"": ""rbf"", ""regressor__gamma"": 0.2, ""regressor__alpha"": 0.0001}",102,922,0.01,LLVM,random,2,Prop0.1,57,True
MR,0.0265861324988001,"{""lasso__regressor__alpha"": 0.001}",102,922,0.01,LLVM,random,2,Prop0.1,57,True
RF,0.0148954142584521,"{""max_features"": 1.0, ""min_samples_leaf"": 1, ""n_estimators"": 10}",102,922,0.02,LLVM,random,2,Prop0.1,57,True
SVR,0.0251409302794775,"{""regressor__tol"": 0.05, ""regressor__shrinking"": true, ""regressor__epsilon"": 0.1, ""regressor__coef0"": 1.0, ""regressor__C"": 5.0}",102,922,0.01,LLVM,random,2,Prop0.1,57,True
CART,0.0184705542294606,"{""max_features"": 1.0, ""min_samples_leaf"": 1, ""splitter"": ""best""}",102,922,0.0,LLVM,random,2,Prop0.1,58,True
kNN,0.03245090190418,"{""n_neighbors"": 8, ""p"": 1, ""weights"": ""distance""}",102,922,0.01,LLVM,random,2,Prop0.1,58,True
KRR,0.0259142147865195,"{""regressor__kernel"": ""rbf"", ""regressor__gamma"": 0.2, ""regressor__alpha"": 0.0001}",102,922,0.01,LLVM,random,2,Prop0.1,58,True
MR,0.0215163416722366,"{""lasso__regressor__alpha"": 0.001}",102,922,0.01,LLVM,random,2,Prop0.1,58,True
RF,0.019210451967678,"{""max_features"": 1.0, ""min_samples_leaf"": 1, ""n_estimators"": 10}",102,922,0.02,LLVM,random,2,Prop0.1,58,True
SVR,0.0221127749297127,"{""regressor__tol"": 0.05, ""regressor__shrinking"": true, ""regressor__epsilon"": 0.1, ""regressor__coef0"": 1.0, ""regressor__C"": 5.0}",102,922,0.01,LLVM,random,2,Prop0.1,58,True
CART,0.0237905589815095,"{""max_features"": 1.0, ""min_samples_leaf"": 1, ""splitter"": ""best""}",102,922,0.0,LLVM,random,2,Prop0.1,59,True
kNN,0.0323236472789362,"{""n_neighbors"": 8, ""p"": 1, ""weights"": ""distance""}",102,922,0.01,LLVM,random,2,Prop0.1,59,True
KRR,0.0249431877710192,"{""regressor__kernel"": ""rbf"", ""regressor__gamma"": 0.2, ""regressor__alpha"": 0.0001}",102,922,0.01,LLVM,random,2,Prop0.1,59,True
MR,0.0257079432477492,"{""lasso__regressor__alpha"": 0.001}",102,922,0.01,LLVM,random,2,Prop0.1,59,True
RF,0.0172242537273133,"{""max_features"": 1.0, ""min_samples_leaf"": 1, ""n_estimators"": 10}",102,922,0.02,LLVM,random,2,Prop0.1,59,True
SVR,0.0206094475081229,"{""regressor__tol"": 0.05, ""regressor__shrinking"": true, ""regressor__epsilon"": 0.1, ""regressor__coef0"": 1.0, ""regressor__C"": 5.0}",102,922,0.01,LLVM,random,2,Prop0.1,59,True
CART,0.0182936155728265,"{""max_features"": 1.0, ""min_samples_leaf"": 1, ""splitter"": ""best""}",102,922,0.0,LLVM,random,2,Prop0.1,60,True
kNN,0.03320680168988,"{""n_neighbors"": 8, ""p"": 1, ""weights"": ""distance""}",102,922,0.01,LLVM,random,2,Prop0.1,60,True
KRR,0.0186342984018021,"{""regressor__kernel"": ""rbf"", ""regressor__gamma"": 0.2, ""regressor__alpha"": 0.0001}",102,922,0.01,LLVM,random,2,Prop0.1,60,True
MR,0.0209158792828492,"{""lasso__regressor__alpha"": 0.001}",102,922,0.01,LLVM,random,2,Prop0.1,60,True
RF,0.0173825713887544,"{""max_features"": 1.0, ""min_samples_leaf"": 1, ""n_estimators"": 10}",102,922,0.02,LLVM,random,2,Prop0.1,60,True
SVR,0.0210169332043704,"{""regressor__tol"": 0.05, ""regressor__shrinking"": true, ""regressor__epsilon"": 0.1, ""regressor__coef0"": 1.0, ""regressor__C"": 5.0}",102,922,0.01,LLVM,random,2,Prop0.1,60,True
CART,0.0255601001531252,"{""max_features"": 1.0, ""min_samples_leaf"": 1, ""splitter"": ""best""}",102,922,0.0,LLVM,random,2,Prop0.1,61,True
kNN,0.0355396382825129,"{""n_neighbors"": 8, ""p"": 1, ""weights"": ""distance""}",102,922,0.01,LLVM,random,2,Prop0.1,61,True
KRR,0.0304454193622362,"{""regressor__kernel"": ""rbf"", ""regressor__gamma"": 0.2, ""regressor__alpha"": 0.0001}",102,922,0.01,LLVM,random,2,Prop0.1,61,True
MR,0.0284902767898002,"{""lasso__regressor__alpha"": 0.001}",102,922,0.01,LLVM,random,2,Prop0.1,61,True
RF,0.023940797179306,"{""max_features"": 1.0, ""min_samples_leaf"": 1, ""n_estimators"": 10}",102,922,0.02,LLVM,random,2,Prop0.1,61,True
SVR,0.0253283273566714,"{""regressor__tol"": 0.05, ""regressor__shrinking"": true, ""regressor__epsilon"": 0.1, ""regressor__coef0"": 1.0, ""regressor__C"": 5.0}",102,922,0.01,LLVM,random,2,Prop0.1,61,True
CART,0.020846710293723,"{""max_features"": 1.0, ""min_samples_leaf"": 1, ""splitter"": ""best""}",102,922,0.0,LLVM,random,2,Prop0.1,62,True
kNN,0.0347400174654778,"{""n_neighbors"": 8, ""p"": 1, ""weights"": ""distance""}",102,922,0.01,LLVM,random,2,Prop0.1,62,True
KRR,0.0232240327784524,"{""regressor__kernel"": ""rbf"", ""regressor__gamma"": 0.2, ""regressor__alpha"": 0.0001}",102,922,0.01,LLVM,random,2,Prop0.1,62,True
MR,0.0239304576064601,"{""lasso__regressor__alpha"": 0.001}",102,922,0.01,LLVM,random,2,Prop0.1,62,True
RF,0.0164720217537687,"{""max_features"": 1.0, ""min_samples_leaf"": 1, ""n_estimators"": 10}",102,922,0.02,LLVM,random,2,Prop0.1,62,True
SVR,0.0242427276828332,"{""regressor__tol"": 0.05, ""regressor__shrinking"": true, ""regressor__epsilon"": 0.1, ""regressor__coef0"": 1.0, ""regressor__C"": 5.0}",102,922,0.01,LLVM,random,2,Prop0.1,62,True
CART,0.0210638939020289,"{""max_features"": 1.0, ""min_samples_leaf"": 1, ""splitter"": ""best""}",102,922,0.0,LLVM,random,2,Prop0.1,63,True
kNN,0.0364915355734428,"{""n_neighbors"": 8, ""p"": 1, ""weights"": ""distance""}",102,922,0.01,LLVM,random,2,Prop0.1,63,True
KRR,0.0258589965858271,"{""regressor__kernel"": ""rbf"", ""regressor__gamma"": 0.2, ""regressor__alpha"": 0.0001}",102,922,0.01,LLVM,random,2,Prop0.1,63,True
MR,0.0247064082317035,"{""lasso__regressor__alpha"": 0.001}",102,922,0.01,LLVM,random,2,Prop0.1,63,True
RF,0.0214032966281282,"{""max_features"": 1.0, ""min_samples_leaf"": 1, ""n_estimators"": 10}",102,922,0.01,LLVM,random,2,Prop0.1,63,True
SVR,0.0234180804205583,"{""regressor__tol"": 0.05, ""regressor__shrinking"": true, ""regressor__epsilon"": 0.1, ""regressor__coef0"": 1.0, ""regressor__C"": 5.0}",102,922,0.01,LLVM,random,2,Prop0.1,63,True
CART,0.019187797093412,"{""max_features"": 1.0, ""min_samples_leaf"": 1, ""splitter"": ""best""}",102,922,0.0,LLVM,random,2,Prop0.1,64,True
kNN,0.0365864506836419,"{""n_neighbors"": 8, ""p"": 1, ""weights"": ""distance""}",102,922,0.0,LLVM,random,2,Prop0.1,64,True
KRR,0.0246503688752193,"{""regressor__kernel"": ""rbf"", ""regressor__gamma"": 0.2, ""regressor__alpha"": 0.0001}",102,922,0.0,LLVM,random,2,Prop0.1,64,True
MR,0.0233717416797935,"{""lasso__regressor__alpha"": 0.001}",102,922,0.01,LLVM,random,2,Prop0.1,64,True
RF,0.0161705134964417,"{""max_features"": 1.0, ""min_samples_leaf"": 1, ""n_estimators"": 10}",102,922,0.02,LLVM,random,2,Prop0.1,64,True
SVR,0.0214432217572053,"{""regressor__tol"": 0.05, ""regressor__shrinking"": true, ""regressor__epsilon"": 0.1, ""regressor__coef0"": 1.0, ""regressor__C"": 5.0}",102,922,0.01,LLVM,random,2,Prop0.1,64,True
CART,0.0198031673274328,"{""max_features"": 1.0, ""min_samples_leaf"": 1, ""splitter"": ""best""}",102,922,0.0,LLVM,random,2,Prop0.1,65,True
kNN,0.0340882574475199,"{""n_neighbors"": 8, ""p"": 1, ""weights"": ""distance""}",102,922,0.01,LLVM,random,2,Prop0.1,65,True
KRR,0.0210256983220908,"{""regressor__kernel"": ""rbf"", ""regressor__gamma"": 0.2, ""regressor__alpha"": 0.0001}",102,922,0.01,LLVM,random,2,Prop0.1,65,True
MR,0.0234538958740391,"{""lasso__regressor__alpha"": 0.001}",102,922,0.01,LLVM,random,2,Prop0.1,65,True
RF,0.016341859252295,"{""max_features"": 1.0, ""min_samples_leaf"": 1, ""n_estimators"": 10}",102,922,0.02,LLVM,random,2,Prop0.1,65,True
SVR,0.022488519688437,"{""regressor__tol"": 0.05, ""regressor__shrinking"": true, ""regressor__epsilon"": 0.1, ""regressor__coef0"": 1.0, ""regressor__C"": 5.0}",102,922,0.01,LLVM,random,2,Prop0.1,65,True
CART,0.0172077720993079,"{""max_features"": 1.0, ""min_samples_leaf"": 1, ""splitter"": ""best""}",102,922,0.0,LLVM,random,2,Prop0.1,66,True
kNN,0.035364632568772,"{""n_neighbors"": 8, ""p"": 1, ""weights"": ""distance""}",102,922,0.01,LLVM,random,2,Prop0.1,66,True
KRR,0.0216232396404985,"{""regressor__kernel"": ""rbf"", ""regressor__gamma"": 0.2, ""regressor__alpha"": 0.0001}",102,922,0.01,LLVM,random,2,Prop0.1,66,True
MR,0.0259177734347121,"{""lasso__regressor__alpha"": 0.001}",102,922,0.01,LLVM,random,2,Prop0.1,66,True
RF,0.0155928525545001,"{""max_features"": 1.0, ""min_samples_leaf"": 1, ""n_estimators"": 10}",102,922,0.02,LLVM,random,2,Prop0.1,66,True
SVR,0.0208264862369297,"{""regressor__tol"": 0.05, ""regressor__shrinking"": true, ""regressor__epsilon"": 0.1, ""regressor__coef0"": 1.0, ""regressor__C"": 5.0}",102,922,0.01,LLVM,random,2,Prop0.1,66,True
CART,0.021535761719288,"{""max_features"": 1.0, ""min_samples_leaf"": 1, ""splitter"": ""best""}",102,922,0.0,LLVM,random,2,Prop0.1,67,True
kNN,0.030356881207051,"{""n_neighbors"": 8, ""p"": 1, ""weights"": ""distance""}",102,922,0.01,LLVM,random,2,Prop0.1,67,True
KRR,0.0248760666331845,"{""regressor__kernel"": ""rbf"", ""regressor__gamma"": 0.2, ""regressor__alpha"": 0.0001}",102,922,0.01,LLVM,random,2,Prop0.1,67,True
MR,0.0249157580332111,"{""lasso__regressor__alpha"": 0.001}",102,922,0.01,LLVM,random,2,Prop0.1,67,True
RF,0.0183333172834255,"{""max_features"": 1.0, ""min_samples_leaf"": 1, ""n_estimators"": 10}",102,922,0.02,LLVM,random,2,Prop0.1,67,True
SVR,0.021691950840298,"{""regressor__tol"": 0.05, ""regressor__shrinking"": true, ""regressor__epsilon"": 0.1, ""regressor__coef0"": 1.0, ""regressor__C"": 5.0}",102,922,0.01,LLVM,random,2,Prop0.1,67,True
CART,0.0188827412051506,"{""max_features"": 1.0, ""min_samples_leaf"": 1, ""splitter"": ""best""}",102,922,0.0,LLVM,random,2,Prop0.1,68,True
kNN,0.0356138499250816,"{""n_neighbors"": 8, ""p"": 1, ""weights"": ""distance""}",102,922,0.01,LLVM,random,2,Prop0.1,68,True
KRR,0.0220414389522689,"{""regressor__kernel"": ""rbf"", ""regressor__gamma"": 0.2, ""regressor__alpha"": 0.0001}",102,922,0.01,LLVM,random,2,Prop0.1,68,True
MR,0.0239879309635158,"{""lasso__regressor__alpha"": 0.001}",102,922,0.01,LLVM,random,2,Prop0.1,68,True
RF,0.0160841361498344,"{""max_features"": 1.0, ""min_samples_leaf"": 1, ""n_estimators"": 10}",102,922,0.02,LLVM,random,2,Prop0.1,68,True
SVR,0.0226730918152429,"{""regressor__tol"": 0.05, ""regressor__shrinking"": true, ""regressor__epsilon"": 0.1, ""regressor__coef0"": 1.0, ""regressor__C"": 5.0}",102,922,0.01,LLVM,random,2,Prop0.1,68,True
CART,0.0178375381231003,"{""max_features"": 1.0, ""min_samples_leaf"": 1, ""splitter"": ""best""}",102,922,0.0,LLVM,random,2,Prop0.1,69,True
kNN,0.0350169878633783,"{""n_neighbors"": 8, ""p"": 1, ""weights"": ""distance""}",102,922,0.01,LLVM,random,2,Prop0.1,69,True
KRR,0.0227754450981695,"{""regressor__kernel"": ""rbf"", ""regressor__gamma"": 0.2, ""regressor__alpha"": 0.0001}",102,922,0.01,LLVM,random,2,Prop0.1,69,True
MR,0.0268270097700155,"{""lasso__regressor__alpha"": 0.001}",102,922,0.01,LLVM,random,2,Prop0.1,69,True
RF,0.0168917609454459,"{""max_features"": 1.0, ""min_samples_leaf"": 1, ""n_estimators"": 10}",102,922,0.02,LLVM,random,2,Prop0.1,69,True
SVR,0.0227612909929508,"{""regressor__tol"": 0.05, ""regressor__shrinking"": true, ""regressor__epsilon"": 0.1, ""regressor__coef0"": 1.0, ""regressor__C"": 5.0}",102,922,0.01,LLVM,random,2,Prop0.1,69,True
CART,0.0162296911979159,"{""max_features"": 1.0, ""min_samples_leaf"": 1, ""splitter"": ""best""}",102,922,0.0,LLVM,random,2,Prop0.1,70,True
kNN,0.0353004832975296,"{""n_neighbors"": 8, ""p"": 1, ""weights"": ""distance""}",102,922,0.01,LLVM,random,2,Prop0.1,70,True
KRR,0.0199975407738273,"{""regressor__kernel"": ""rbf"", ""regressor__gamma"": 0.2, ""regressor__alpha"": 0.0001}",102,922,0.01,LLVM,random,2,Prop0.1,70,True
MR,0.0205379675015362,"{""lasso__regressor__alpha"": 0.001}",102,922,0.01,LLVM,random,2,Prop0.1,70,True
RF,0.0157866933773221,"{""max_features"": 1.0, ""min_samples_leaf"": 1, ""n_estimators"": 10}",102,922,0.02,LLVM,random,2,Prop0.1,70,True
SVR,0.0209851246374619,"{""regressor__tol"": 0.05, ""regressor__shrinking"": true, ""regressor__epsilon"": 0.1, ""regressor__coef0"": 1.0, ""regressor__C"": 5.0}",102,922,0.01,LLVM,random,2,Prop0.1,70,True
CART,0.0190838963614916,"{""max_features"": 1.0, ""min_samples_leaf"": 1, ""splitter"": ""best""}",102,922,0.0,LLVM,random,2,Prop0.1,71,True
kNN,0.0333689784443777,"{""n_neighbors"": 8, ""p"": 1, ""weights"": ""distance""}",102,922,0.01,LLVM,random,2,Prop0.1,71,True
KRR,0.0238283758357642,"{""regressor__kernel"": ""rbf"", ""regressor__gamma"": 0.2, ""regressor__alpha"": 0.0001}",102,922,0.01,LLVM,random,2,Prop0.1,71,True
MR,0.0266440023638483,"{""lasso__regressor__alpha"": 0.001}",102,922,0.01,LLVM,random,2,Prop0.1,71,True
RF,0.0159076059346641,"{""max_features"": 1.0, ""min_samples_leaf"": 1, ""n_estimators"": 10}",102,922,0.02,LLVM,random,2,Prop0.1,71,True
SVR,0.022444136388815,"{""regressor__tol"": 0.05, ""regressor__shrinking"": true, ""regressor__epsilon"": 0.1, ""regressor__coef0"": 1.0, ""regressor__C"": 5.0}",102,922,0.01,LLVM,random,2,Prop0.1,71,True
CART,0.0197769434899981,"{""max_features"": 1.0, ""min_samples_leaf"": 1, ""splitter"": ""best""}",102,922,0.0,LLVM,random,2,Prop0.1,72,True
kNN,0.0355243114696823,"{""n_neighbors"": 8, ""p"": 1, ""weights"": ""distance""}",102,922,0.01,LLVM,random,2,Prop0.1,72,True
KRR,0.022200221382658,"{""regressor__kernel"": ""rbf"", ""regressor__gamma"": 0.2, ""regressor__alpha"": 0.0001}",102,922,0.01,LLVM,random,2,Prop0.1,72,True
MR,0.0244217805748132,"{""lasso__regressor__alpha"": 0.001}",102,922,0.01,LLVM,random,2,Prop0.1,72,True
RF,0.0197895376459478,"{""max_features"": 1.0, ""min_samples_leaf"": 1, ""n_estimators"": 10}",102,922,0.02,LLVM,random,2,Prop0.1,72,True
SVR,0.0216901561120944,"{""regressor__tol"": 0.05, ""regressor__shrinking"": true, ""regressor__epsilon"": 0.1, ""regressor__coef0"": 1.0, ""regressor__C"": 5.0}",102,922,0.01,LLVM,random,2,Prop0.1,72,True
CART,0.0210278497757272,"{""max_features"": 1.0, ""min_samples_leaf"": 1, ""splitter"": ""best""}",102,922,0.0,LLVM,random,2,Prop0.1,73,True
kNN,0.0326629787307964,"{""n_neighbors"": 8, ""p"": 1, ""weights"": ""distance""}",102,922,0.01,LLVM,random,2,Prop0.1,73,True
KRR,0.020899850812477,"{""regressor__kernel"": ""rbf"", ""regressor__gamma"": 0.2, ""regressor__alpha"": 0.0001}",102,922,0.01,LLVM,random,2,Prop0.1,73,True
MR,0.0217331992511151,"{""lasso__regressor__alpha"": 0.001}",102,922,0.01,LLVM,random,2,Prop0.1,73,True
RF,0.0169066051748872,"{""max_features"": 1.0, ""min_samples_leaf"": 1, ""n_estimators"": 10}",102,922,0.02,LLVM,random,2,Prop0.1,73,True
SVR,0.0196334609824973,"{""regressor__tol"": 0.05, ""regressor__shrinking"": true, ""regressor__epsilon"": 0.1, ""regressor__coef0"": 1.0, ""regressor__C"": 5.0}",102,922,0.01,LLVM,random,2,Prop0.1,73,True
CART,0.0187855178241231,"{""max_features"": 1.0, ""min_samples_leaf"": 1, ""splitter"": ""best""}",102,922,0.0,LLVM,random,2,Prop0.1,74,True
kNN,0.0348731445714249,"{""n_neighbors"": 8, ""p"": 1, ""weights"": ""distance""}",102,922,0.01,LLVM,random,2,Prop0.1,74,True
KRR,0.0226471307829787,"{""regressor__kernel"": ""rbf"", ""regressor__gamma"": 0.2, ""regressor__alpha"": 0.0001}",102,922,0.01,LLVM,random,2,Prop0.1,74,True
MR,0.0246660806740296,"{""lasso__regressor__alpha"": 0.001}",102,922,0.01,LLVM,random,2,Prop0.1,74,True
RF,0.0186581396880166,"{""max_features"": 1.0, ""min_samples_leaf"": 1, ""n_estimators"": 10}",102,922,0.02,LLVM,random,2,Prop0.1,74,True
SVR,0.0216397723414629,"{""regressor__tol"": 0.05, ""regressor__shrinking"": true, ""regressor__epsilon"": 0.1, ""regressor__coef0"": 1.0, ""regressor__C"": 5.0}",102,922,0.01,LLVM,random,2,Prop0.1,74,True
CART,0.0171843362849185,"{""max_features"": 1.0, ""min_samples_leaf"": 1, ""splitter"": ""best""}",102,922,0.0,LLVM,random,2,Prop0.1,75,True
kNN,0.0331533069575573,"{""n_neighbors"": 8, ""p"": 1, ""weights"": ""distance""}",102,922,0.01,LLVM,random,2,Prop0.1,75,True
KRR,0.020766873531145,"{""regressor__kernel"": ""rbf"", ""regressor__gamma"": 0.2, ""regressor__alpha"": 0.0001}",102,922,0.01,LLVM,random,2,Prop0.1,75,True
MR,0.0234584231633225,"{""lasso__regressor__alpha"": 0.001}",102,922,0.01,LLVM,random,2,Prop0.1,75,True
RF,0.0158469188987937,"{""max_features"": 1.0, ""min_samples_leaf"": 1, ""n_estimators"": 10}",102,922,0.02,LLVM,random,2,Prop0.1,75,True
SVR,0.0197540653722039,"{""regressor__tol"": 0.05, ""regressor__shrinking"": true, ""regressor__epsilon"": 0.1, ""regressor__coef0"": 1.0, ""regressor__C"": 5.0}",102,922,0.01,LLVM,random,2,Prop0.1,75,True
CART,0.0191751828530205,"{""max_features"": 1.0, ""min_samples_leaf"": 1, ""splitter"": ""best""}",102,922,0.0,LLVM,random,2,Prop0.1,76,True
kNN,0.0334621404991116,"{""n_neighbors"": 8, ""p"": 1, ""weights"": ""distance""}",102,922,0.01,LLVM,random,2,Prop0.1,76,True
KRR,0.0219838821436874,"{""regressor__kernel"": ""rbf"", ""regressor__gamma"": 0.2, ""regressor__alpha"": 0.0001}",102,922,0.01,LLVM,random,2,Prop0.1,76,True
MR,0.0244783210158562,"{""lasso__regressor__alpha"": 0.001}",102,922,0.01,LLVM,random,2,Prop0.1,76,True
RF,0.0198164102279287,"{""max_features"": 1.0, ""min_samples_leaf"": 1, ""n_estimators"": 10}",102,922,0.02,LLVM,random,2,Prop0.1,76,True
SVR,0.0217015943368656,"{""regressor__tol"": 0.05, ""regressor__shrinking"": true, ""regressor__epsilon"": 0.1, ""regressor__coef0"": 1.0, ""regressor__C"": 5.0}",102,922,0.01,LLVM,random,2,Prop0.1,76,True
CART,0.0284573011634172,"{""max_features"": 1.0, ""min_samples_leaf"": 1, ""splitter"": ""best""}",102,922,0.0,LLVM,random,2,Prop0.1,77,True
kNN,0.0347369257382818,"{""n_neighbors"": 8, ""p"": 1, ""weights"": ""distance""}",102,922,0.01,LLVM,random,2,Prop0.1,77,True
KRR,0.0228681869162162,"{""regressor__kernel"": ""rbf"", ""regressor__gamma"": 0.2, ""regressor__alpha"": 0.0001}",102,922,0.01,LLVM,random,2,Prop0.1,77,True
MR,0.0270072262881082,"{""lasso__regressor__alpha"": 0.001}",102,922,0.01,LLVM,random,2,Prop0.1,77,True
RF,0.0231891914615841,"{""max_features"": 1.0, ""min_samples_leaf"": 1, ""n_estimators"": 10}",102,922,0.02,LLVM,random,2,Prop0.1,77,True
SVR,0.0226968392697035,"{""regressor__tol"": 0.05, ""regressor__shrinking"": true, ""regressor__epsilon"": 0.1, ""regressor__coef0"": 1.0, ""regressor__C"": 5.0}",102,922,0.01,LLVM,random,2,Prop0.1,77,True
CART,0.0180089335752718,"{""max_features"": 1.0, ""min_samples_leaf"": 1, ""splitter"": ""best""}",102,922,0.0,LLVM,random,2,Prop0.1,78,True
kNN,0.0372440226671206,"{""n_neighbors"": 8, ""p"": 1, ""weights"": ""distance""}",102,922,0.01,LLVM,random,2,Prop0.1,78,True
KRR,0.0230550889638605,"{""regressor__kernel"": ""rbf"", ""regressor__gamma"": 0.2, ""regressor__alpha"": 0.0001}",102,922,0.01,LLVM,random,2,Prop0.1,78,True
MR,0.0253946304379613,"{""lasso__regressor__alpha"": 0.001}",102,922,0.01,LLVM,random,2,Prop0.1,78,True
RF,0.0180892675538965,"{""max_features"": 1.0, ""min_samples_leaf"": 1, ""n_estimators"": 10}",102,922,0.02,LLVM,random,2,Prop0.1,78,True
SVR,0.0230293793198096,"{""regressor__tol"": 0.05, ""regressor__shrinking"": true, ""regressor__epsilon"": 0.1, ""regressor__coef0"": 1.0, ""regressor__C"": 5.0}",102,922,0.01,LLVM,random,2,Prop0.1,78,True
CART,0.021789362302521,"{""max_features"": 1.0, ""min_samples_leaf"": 1, ""splitter"": ""best""}",102,922,0.0,LLVM,random,2,Prop0.1,79,True
kNN,0.0353505135123014,"{""n_neighbors"": 8, ""p"": 1, ""weights"": ""distance""}",102,922,0.01,LLVM,random,2,Prop0.1,79,True
KRR,0.026949804154856,"{""regressor__kernel"": ""rbf"", ""regressor__gamma"": 0.2, ""regressor__alpha"": 0.0001}",102,922,0.01,LLVM,random,2,Prop0.1,79,True
MR,0.0261158199121238,"{""lasso__regressor__alpha"": 0.001}",102,922,0.01,LLVM,random,2,Prop0.1,79,True
RF,0.0153649529757686,"{""max_features"": 1.0, ""min_samples_leaf"": 1, ""n_estimators"": 10}",102,922,0.02,LLVM,random,2,Prop0.1,79,True
SVR,0.0232344913481629,"{""regressor__tol"": 0.05, ""regressor__shrinking"": true, ""regressor__epsilon"": 0.1, ""regressor__coef0"": 1.0, ""regressor__C"": 5.0}",102,922,0.01,LLVM,random,2,Prop0.1,79,True
CART,0.0176529503847102,"{""max_features"": 1.0, ""min_samples_leaf"": 1, ""splitter"": ""best""}",102,922,0.0,LLVM,random,2,Prop0.1,80,True
kNN,0.0314894318872452,"{""n_neighbors"": 8, ""p"": 1, ""weights"": ""distance""}",102,922,0.01,LLVM,random,2,Prop0.1,80,True
KRR,0.0208442567756042,"{""regressor__kernel"": ""rbf"", ""regressor__gamma"": 0.2, ""regressor__alpha"": 0.0001}",102,922,0.01,LLVM,random,2,Prop0.1,80,True
MR,0.023503923708355,"{""lasso__regressor__alpha"": 0.001}",102,922,0.01,LLVM,random,2,Prop0.1,80,True
RF,0.0168187687985227,"{""max_features"": 1.0, ""min_samples_leaf"": 1, ""n_estimators"": 10}",102,922,0.02,LLVM,random,2,Prop0.1,80,True
SVR,0.0210320074127204,"{""regressor__tol"": 0.05, ""regressor__shrinking"": true, ""regressor__epsilon"": 0.1, ""regressor__coef0"": 1.0, ""regressor__C"": 5.0}",102,922,0.01,LLVM,random,2,Prop0.1,80,True
CART,0.022289742083655,"{""max_features"": 1.0, ""min_samples_leaf"": 1, ""splitter"": ""best""}",102,922,0.0,LLVM,random,2,Prop0.1,81,True
kNN,0.0294910077684887,"{""n_neighbors"": 8, ""p"": 1, ""weights"": ""distance""}",102,922,0.0,LLVM,random,2,Prop0.1,81,True
KRR,0.022960409796777,"{""regressor__kernel"": ""rbf"", ""regressor__gamma"": 0.2, ""regressor__alpha"": 0.0001}",102,922,0.01,LLVM,random,2,Prop0.1,81,True
MR,0.0230661352321769,"{""lasso__regressor__alpha"": 0.001}",102,922,0.01,LLVM,random,2,Prop0.1,81,True
RF,0.0190775312624727,"{""max_features"": 1.0, ""min_samples_leaf"": 1, ""n_estimators"": 10}",102,922,0.02,LLVM,random,2,Prop0.1,81,True
SVR,0.0212587849664614,"{""regressor__tol"": 0.05, ""regressor__shrinking"": true, ""regressor__epsilon"": 0.1, ""regressor__coef0"": 1.0, ""regressor__C"": 5.0}",102,922,0.01,LLVM,random,2,Prop0.1,81,True
CART,0.0176914655430383,"{""max_features"": 1.0, ""min_samples_leaf"": 1, ""splitter"": ""best""}",102,922,0.0,LLVM,random,2,Prop0.1,82,True
kNN,0.0315952783033055,"{""n_neighbors"": 8, ""p"": 1, ""weights"": ""distance""}",102,922,0.01,LLVM,random,2,Prop0.1,82,True
KRR,0.0196379439102264,"{""regressor__kernel"": ""rbf"", ""regressor__gamma"": 0.2, ""regressor__alpha"": 0.0001}",102,922,0.01,LLVM,random,2,Prop0.1,82,True
MR,0.0201870697090592,"{""lasso__regressor__alpha"": 0.001}",102,922,0.01,LLVM,random,2,Prop0.1,82,True
RF,0.0161027242168653,"{""max_features"": 1.0, ""min_samples_leaf"": 1, ""n_estimators"": 10}",102,922,0.02,LLVM,random,2,Prop0.1,82,True
SVR,0.0190037597045927,"{""regressor__tol"": 0.05, ""regressor__shrinking"": true, ""regressor__epsilon"": 0.1, ""regressor__coef0"": 1.0, ""regressor__C"": 5.0}",102,922,0.01,LLVM,random,2,Prop0.1,82,True
CART,0.0201793511870063,"{""max_features"": 1.0, ""min_samples_leaf"": 1, ""splitter"": ""best""}",102,922,0.0,LLVM,random,2,Prop0.1,83,True
kNN,0.034650497637692,"{""n_neighbors"": 8, ""p"": 1, ""weights"": ""distance""}",102,922,0.01,LLVM,random,2,Prop0.1,83,True
KRR,0.0198067247019709,"{""regressor__kernel"": ""rbf"", ""regressor__gamma"": 0.2, ""regressor__alpha"": 0.0001}",102,922,0.01,LLVM,random,2,Prop0.1,83,True
MR,0.0232244548971597,"{""lasso__regressor__alpha"": 0.001}",102,922,0.01,LLVM,random,2,Prop0.1,83,True
RF,0.0171880716872548,"{""max_features"": 1.0, ""min_samples_leaf"": 1, ""n_estimators"": 10}",102,922,0.02,LLVM,random,2,Prop0.1,83,True
SVR,0.0210159052924933,"{""regressor__tol"": 0.05, ""regressor__shrinking"": true, ""regressor__epsilon"": 0.1, ""regressor__coef0"": 1.0, ""regressor__C"": 5.0}",102,922,0.01,LLVM,random,2,Prop0.1,83,True
CART,0.0169930545381369,"{""max_features"": 1.0, ""min_samples_leaf"": 1, ""splitter"": ""best""}",102,922,0.0,LLVM,random,2,Prop0.1,84,True
kNN,0.0328648268508522,"{""n_neighbors"": 8, ""p"": 1, ""weights"": ""distance""}",102,922,0.01,LLVM,random,2,Prop0.1,84,True
KRR,0.0216970279911222,"{""regressor__kernel"": ""rbf"", ""regressor__gamma"": 0.2, ""regressor__alpha"": 0.0001}",102,922,0.01,LLVM,random,2,Prop0.1,84,True
MR,0.0232611512773454,"{""lasso__regressor__alpha"": 0.001}",102,922,0.01,LLVM,random,2,Prop0.1,84,True
RF,0.0151999642981326,"{""max_features"": 1.0, ""min_samples_leaf"": 1, ""n_estimators"": 10}",102,922,0.02,LLVM,random,2,Prop0.1,84,True
SVR,0.0244438423326265,"{""regressor__tol"": 0.05, ""regressor__shrinking"": true, ""regressor__epsilon"": 0.1, ""regressor__coef0"": 1.0, ""regressor__C"": 5.0}",102,922,0.01,LLVM,random,2,Prop0.1,84,True
CART,0.0165791409719131,"{""max_features"": 1.0, ""min_samples_leaf"": 1, ""splitter"": ""best""}",102,922,0.0,LLVM,random,2,Prop0.1,85,True
kNN,0.0358228608172788,"{""n_neighbors"": 8, ""p"": 1, ""weights"": ""distance""}",102,922,0.01,LLVM,random,2,Prop0.1,85,True
KRR,0.0209359198769408,"{""regressor__kernel"": ""rbf"", ""regressor__gamma"": 0.2, ""regressor__alpha"": 0.0001}",102,922,0.01,LLVM,random,2,Prop0.1,85,True
MR,0.0239595930438442,"{""lasso__regressor__alpha"": 0.001}",102,922,0.01,LLVM,random,2,Prop0.1,85,True
RF,0.0140037105161569,"{""max_features"": 1.0, ""min_samples_leaf"": 1, ""n_estimators"": 10}",102,922,0.02,LLVM,random,2,Prop0.1,85,True
SVR,0.0195388196249149,"{""regressor__tol"": 0.05, ""regressor__shrinking"": true, ""regressor__epsilon"": 0.1, ""regressor__coef0"": 1.0, ""regressor__C"": 5.0}",102,922,0.01,LLVM,random,2,Prop0.1,85,True
CART,0.0198261627492041,"{""max_features"": 1.0, ""min_samples_leaf"": 1, ""splitter"": ""best""}",102,922,0.0,LLVM,random,2,Prop0.1,86,True
kNN,0.0323443363578556,"{""n_neighbors"": 8, ""p"": 1, ""weights"": ""distance""}",102,922,0.01,LLVM,random,2,Prop0.1,86,True
KRR,0.0236507796680731,"{""regressor__kernel"": ""rbf"", ""regressor__gamma"": 0.2, ""regressor__alpha"": 0.0001}",102,922,0.01,LLVM,random,2,Prop0.1,86,True
MR,0.0221548142660198,"{""lasso__regressor__alpha"": 0.001}",102,922,0.01,LLVM,random,2,Prop0.1,86,True
RF,0.0174352370035528,"{""max_features"": 1.0, ""min_samples_leaf"": 1, ""n_estimators"": 10}",102,922,0.02,LLVM,random,2,Prop0.1,86,True
SVR,0.0228073356148807,"{""regressor__tol"": 0.05, ""regressor__shrinking"": true, ""regressor__epsilon"": 0.1, ""regressor__coef0"": 1.0, ""regressor__C"": 5.0}",102,922,0.01,LLVM,random,2,Prop0.1,86,True
CART,0.0189772934560364,"{""max_features"": 1.0, ""min_samples_leaf"": 1, ""splitter"": ""best""}",102,922,0.0,LLVM,random,2,Prop0.1,87,True
kNN,0.0315004273694169,"{""n_neighbors"": 8, ""p"": 1, ""weights"": ""distance""}",102,922,0.01,LLVM,random,2,Prop0.1,87,True
KRR,0.0204024045875265,"{""regressor__kernel"": ""rbf"", ""regressor__gamma"": 0.2, ""regressor__alpha"": 0.0001}",102,922,0.01,LLVM,random,2,Prop0.1,87,True
MR,0.0223735307644018,"{""lasso__regressor__alpha"": 0.001}",102,922,0.01,LLVM,random,2,Prop0.1,87,True
RF,0.0143670919614138,"{""max_features"": 1.0, ""min_samples_leaf"": 1, ""n_estimators"": 10}",102,922,0.02,LLVM,random,2,Prop0.1,87,True
SVR,0.0216826350818237,"{""regressor__tol"": 0.05, ""regressor__shrinking"": true, ""regressor__epsilon"": 0.1, ""regressor__coef0"": 1.0, ""regressor__C"": 5.0}",102,922,0.01,LLVM,random,2,Prop0.1,87,True
CART,0.0211674393761206,"{""max_features"": 1.0, ""min_samples_leaf"": 1, ""splitter"": ""best""}",102,922,0.0,LLVM,random,2,Prop0.1,88,True
kNN,0.035181812776162,"{""n_neighbors"": 8, ""p"": 1, ""weights"": ""distance""}",102,922,0.01,LLVM,random,2,Prop0.1,88,True
KRR,0.0231946578531187,"{""regressor__kernel"": ""rbf"", ""regressor__gamma"": 0.2, ""regressor__alpha"": 0.0001}",102,922,0.01,LLVM,random,2,Prop0.1,88,True
MR,0.0213768958382275,"{""lasso__regressor__alpha"": 0.001}",102,922,0.01,LLVM,random,2,Prop0.1,88,True
RF,0.0206357762094017,"{""max_features"": 1.0, ""min_samples_leaf"": 1, ""n_estimators"": 10}",102,922,0.02,LLVM,random,2,Prop0.1,88,True
SVR,0.0236860034497776,"{""regressor__tol"": 0.05, ""regressor__shrinking"": true, ""regressor__epsilon"": 0.1, ""regressor__coef0"": 1.0, ""regressor__C"": 5.0}",102,922,0.01,LLVM,random,2,Prop0.1,88,True
CART,0.0186146200020523,"{""max_features"": 1.0, ""min_samples_leaf"": 1, ""splitter"": ""best""}",102,922,0.0,LLVM,random,2,Prop0.1,89,True
kNN,0.0358417743348418,"{""n_neighbors"": 8, ""p"": 1, ""weights"": ""distance""}",102,922,0.01,LLVM,random,2,Prop0.1,89,True
KRR,0.0209298466852914,"{""regressor__kernel"": ""rbf"", ""regressor__gamma"": 0.2, ""regressor__alpha"": 0.0001}",102,922,0.01,LLVM,random,2,Prop0.1,89,True
MR,0.0227611885306664,"{""lasso__regressor__alpha"": 0.001}",102,922,0.01,LLVM,random,2,Prop0.1,89,True
RF,0.0173978356931266,"{""max_features"": 1.0, ""min_samples_leaf"": 1, ""n_estimators"": 10}",102,922,0.02,LLVM,random,2,Prop0.1,89,True
SVR,0.0208438196000201,"{""regressor__tol"": 0.05, ""regressor__shrinking"": true, ""regressor__epsilon"": 0.1, ""regressor__coef0"": 1.0, ""regressor__C"": 5.0}",102,922,0.01,LLVM,random,2,Prop0.1,89,True
CART,0.0212500105239297,"{""max_features"": 1.0, ""min_samples_leaf"": 1, ""splitter"": ""best""}",102,922,0.0,LLVM,random,2,Prop0.1,90,True
kNN,0.0280597679657943,"{""n_neighbors"": 8, ""p"": 1, ""weights"": ""distance""}",102,922,0.01,LLVM,random,2,Prop0.1,90,True
KRR,0.0217283474496565,"{""regressor__kernel"": ""rbf"", ""regressor__gamma"": 0.2, ""regressor__alpha"": 0.0001}",102,922,0.01,LLVM,random,2,Prop0.1,90,True
MR,0.0251627613365292,"{""lasso__regressor__alpha"": 0.001}",102,922,0.01,LLVM,random,2,Prop0.1,90,True
RF,0.0170881324044976,"{""max_features"": 1.0, ""min_samples_leaf"": 1, ""n_estimators"": 10}",102,922,0.02,LLVM,random,2,Prop0.1,90,True
SVR,0.0205459007231001,"{""regressor__tol"": 0.05, ""regressor__shrinking"": true, ""regressor__epsilon"": 0.1, ""regressor__coef0"": 1.0, ""regressor__C"": 5.0}",102,922,0.01,LLVM,random,2,Prop0.1,90,True
CART,0.0216011246647223,"{""max_features"": 1.0, ""min_samples_leaf"": 1, ""splitter"": ""best""}",102,922,0.0,LLVM,random,2,Prop0.1,91,True
kNN,0.0342127512412962,"{""n_neighbors"": 8, ""p"": 1, ""weights"": ""distance""}",102,922,0.01,LLVM,random,2,Prop0.1,91,True
KRR,0.0231675749736967,"{""regressor__kernel"": ""rbf"", ""regressor__gamma"": 0.2, ""regressor__alpha"": 0.0001}",102,922,0.01,LLVM,random,2,Prop0.1,91,True
MR,0.0303515348859883,"{""lasso__regressor__alpha"": 0.001}",102,922,0.01,LLVM,random,2,Prop0.1,91,True
RF,0.0170815980844647,"{""max_features"": 1.0, ""min_samples_leaf"": 1, ""n_estimators"": 10}",102,922,0.02,LLVM,random,2,Prop0.1,91,True
SVR,0.0205152508514557,"{""regressor__tol"": 0.05, ""regressor__shrinking"": true, ""regressor__epsilon"": 0.1, ""regressor__coef0"": 1.0, ""regressor__C"": 5.0}",102,922,0.01,LLVM,random,2,Prop0.1,91,True
CART,0.0210948491012386,"{""max_features"": 1.0, ""min_samples_leaf"": 1, ""splitter"": ""best""}",102,922,0.0,LLVM,random,2,Prop0.1,92,True
kNN,0.0331771460822253,"{""n_neighbors"": 8, ""p"": 1, ""weights"": ""distance""}",102,922,0.01,LLVM,random,2,Prop0.1,92,True
KRR,0.0190137051266809,"{""regressor__kernel"": ""rbf"", ""regressor__gamma"": 0.2, ""regressor__alpha"": 0.0001}",102,922,0.01,LLVM,random,2,Prop0.1,92,True
MR,0.0216407241229081,"{""lasso__regressor__alpha"": 0.001}",102,922,0.01,LLVM,random,2,Prop0.1,92,True
RF,0.0159396160389284,"{""max_features"": 1.0, ""min_samples_leaf"": 1, ""n_estimators"": 10}",102,922,0.02,LLVM,random,2,Prop0.1,92,True
SVR,0.0200033844828738,"{""regressor__tol"": 0.05, ""regressor__shrinking"": true, ""regressor__epsilon"": 0.1, ""regressor__coef0"": 1.0, ""regressor__C"": 5.0}",102,922,0.01,LLVM,random,2,Prop0.1,92,True
CART,0.0185009958680535,"{""max_features"": 1.0, ""min_samples_leaf"": 1, ""splitter"": ""best""}",102,922,0.0,LLVM,random,2,Prop0.1,93,True
kNN,0.032537785690538,"{""n_neighbors"": 8, ""p"": 1, ""weights"": ""distance""}",102,922,0.01,LLVM,random,2,Prop0.1,93,True
KRR,0.0238496417826282,"{""regressor__kernel"": ""rbf"", ""regressor__gamma"": 0.2, ""regressor__alpha"": 0.0001}",102,922,0.01,LLVM,random,2,Prop0.1,93,True
MR,0.0242380772598348,"{""lasso__regressor__alpha"": 0.001}",102,922,0.01,LLVM,random,2,Prop0.1,93,True
RF,0.0175072812162653,"{""max_features"": 1.0, ""min_samples_leaf"": 1, ""n_estimators"": 10}",102,922,0.02,LLVM,random,2,Prop0.1,93,True
SVR,0.0244285142968354,"{""regressor__tol"": 0.05, ""regressor__shrinking"": true, ""regressor__epsilon"": 0.1, ""regressor__coef0"": 1.0, ""regressor__C"": 5.0}",102,922,0.01,LLVM,random,2,Prop0.1,93,True
CART,0.0163073008141485,"{""max_features"": 1.0, ""min_samples_leaf"": 1, ""splitter"": ""best""}",102,922,0.0,LLVM,random,2,Prop0.1,94,True
kNN,0.0351053778702517,"{""n_neighbors"": 8, ""p"": 1, ""weights"": ""distance""}",102,922,0.01,LLVM,random,2,Prop0.1,94,True
KRR,0.0246052084847644,"{""regressor__kernel"": ""rbf"", ""regressor__gamma"": 0.2, ""regressor__alpha"": 0.0001}",102,922,0.01,LLVM,random,2,Prop0.1,94,True
MR,0.025770859669135,"{""lasso__regressor__alpha"": 0.001}",102,922,0.01,LLVM,random,2,Prop0.1,94,True
RF,0.0170762772482549,"{""max_features"": 1.0, ""min_samples_leaf"": 1, ""n_estimators"": 10}",102,922,0.02,LLVM,random,2,Prop0.1,94,True
SVR,0.0242421996807169,"{""regressor__tol"": 0.05, ""regressor__shrinking"": true, ""regressor__epsilon"": 0.1, ""regressor__coef0"": 1.0, ""regressor__C"": 5.0}",102,922,0.01,LLVM,random,2,Prop0.1,94,True
CART,0.0256337743501026,"{""max_features"": 1.0, ""min_samples_leaf"": 1, ""splitter"": ""best""}",102,922,0.0,LLVM,random,2,Prop0.1,95,True
kNN,0.0339041353193892,"{""n_neighbors"": 8, ""p"": 1, ""weights"": ""distance""}",102,922,0.01,LLVM,random,2,Prop0.1,95,True
KRR,0.0237137034181889,"{""regressor__kernel"": ""rbf"", ""regressor__gamma"": 0.2, ""regressor__alpha"": 0.0001}",102,922,0.01,LLVM,random,2,Prop0.1,95,True
MR,0.0276073380198577,"{""lasso__regressor__alpha"": 0.001}",102,922,0.01,LLVM,random,2,Prop0.1,95,True
RF,0.0193255828039659,"{""max_features"": 1.0, ""min_samples_leaf"": 1, ""n_estimators"": 10}",102,922,0.02,LLVM,random,2,Prop0.1,95,True
SVR,0.0224888638754095,"{""regressor__tol"": 0.05, ""regressor__shrinking"": true, ""regressor__epsilon"": 0.1, ""regressor__coef0"": 1.0, ""regressor__C"": 5.0}",102,922,0.01,LLVM,random,2,Prop0.1,95,True
CART,0.0198209498361678,"{""max_features"": 1.0, ""min_samples_leaf"": 1, ""splitter"": ""best""}",102,922,0.0,LLVM,random,2,Prop0.1,96,True
kNN,0.0278712557064707,"{""n_neighbors"": 8, ""p"": 1, ""weights"": ""distance""}",102,922,0.01,LLVM,random,2,Prop0.1,96,True
KRR,0.0210823367814199,"{""regressor__kernel"": ""rbf"", ""regressor__gamma"": 0.2, ""regressor__alpha"": 0.0001}",102,922,0.01,LLVM,random,2,Prop0.1,96,True
MR,0.0249535316769276,"{""lasso__regressor__alpha"": 0.001}",102,922,0.01,LLVM,random,2,Prop0.1,96,True
RF,0.0174370608504883,"{""max_features"": 1.0, ""min_samples_leaf"": 1, ""n_estimators"": 10}",102,922,0.02,LLVM,random,2,Prop0.1,96,True
SVR,0.021694469075329,"{""regressor__tol"": 0.05, ""regressor__shrinking"": true, ""regressor__epsilon"": 0.1, ""regressor__coef0"": 1.0, ""regressor__C"": 5.0}",102,922,0.01,LLVM,random,2,Prop0.1,96,True
CART,0.0224270958229167,"{""max_features"": 1.0, ""min_samples_leaf"": 1, ""splitter"": ""best""}",102,922,0.0,LLVM,random,2,Prop0.1,97,True
kNN,0.0371498665388427,"{""n_neighbors"": 8, ""p"": 1, ""weights"": ""distance""}",102,922,0.01,LLVM,random,2,Prop0.1,97,True
KRR,0.0233495404768805,"{""regressor__kernel"": ""rbf"", ""regressor__gamma"": 0.2, ""regressor__alpha"": 0.0001}",102,922,0.01,LLVM,random,2,Prop0.1,97,True
MR,0.0259946524668464,"{""lasso__regressor__alpha"": 0.001}",102,922,0.01,LLVM,random,2,Prop0.1,97,True
RF,0.0181647425515631,"{""max_features"": 1.0, ""min_samples_leaf"": 1, ""n_estimators"": 10}",102,922,0.02,LLVM,random,2,Prop0.1,97,True
SVR,0.0237510924462592,"{""regressor__tol"": 0.05, ""regressor__shrinking"": true, ""regressor__epsilon"": 0.1, ""regressor__coef0"": 1.0, ""regressor__C"": 5.0}",102,922,0.01,LLVM,random,2,Prop0.1,97,True
CART,0.0166741758213488,"{""max_features"": 1.0, ""min_samples_leaf"": 1, ""splitter"": ""best""}",102,922,0.0,LLVM,random,2,Prop0.1,98,True
kNN,0.0317025334084287,"{""n_neighbors"": 8, ""p"": 1, ""weights"": ""distance""}",102,922,0.0,LLVM,random,2,Prop0.1,98,True
KRR,0.0209933321624814,"{""regressor__kernel"": ""rbf"", ""regressor__gamma"": 0.2, ""regressor__alpha"": 0.0001}",102,922,0.01,LLVM,random,2,Prop0.1,98,True
MR,0.023344769297194,"{""lasso__regressor__alpha"": 0.001}",102,922,0.01,LLVM,random,2,Prop0.1,98,True
RF,0.0155639516488606,"{""max_features"": 1.0, ""min_samples_leaf"": 1, ""n_estimators"": 10}",102,922,0.02,LLVM,random,2,Prop0.1,98,True
SVR,0.020508572253227,"{""regressor__tol"": 0.05, ""regressor__shrinking"": true, ""regressor__epsilon"": 0.1, ""regressor__coef0"": 1.0, ""regressor__C"": 5.0}",102,922,0.01,LLVM,random,2,Prop0.1,98,True
CART,0.017069805326255,"{""max_features"": 1.0, ""min_samples_leaf"": 1, ""splitter"": ""best""}",102,922,0.0,LLVM,random,2,Prop0.1,99,True
kNN,0.0338378757431886,"{""n_neighbors"": 8, ""p"": 1, ""weights"": ""distance""}",102,922,0.01,LLVM,random,2,Prop0.1,99,True
KRR,0.0221753758409327,"{""regressor__kernel"": ""rbf"", ""regressor__gamma"": 0.2, ""regressor__alpha"": 0.0001}",102,922,0.01,LLVM,random,2,Prop0.1,99,True
MR,0.024872473187803,"{""lasso__regressor__alpha"": 0.001}",102,922,0.01,LLVM,random,2,Prop0.1,99,True
RF,0.0163204981497182,"{""max_features"": 1.0, ""min_samples_leaf"": 1, ""n_estimators"": 10}",102,922,0.02,LLVM,random,2,Prop0.1,99,True
SVR,0.0211736957322199,"{""regressor__tol"": 0.05, ""regressor__shrinking"": true, ""regressor__epsilon"": 0.1, ""regressor__coef0"": 1.0, ""regressor__C"": 5.0}",102,922,0.01,LLVM,random,2,Prop0.1,99,True
CART,0.0234311865909121,"{""max_features"": 1.0, ""min_samples_leaf"": 1, ""splitter"": ""best""}",102,922,0.0,LLVM,random,2,Prop0.1,100,True
kNN,0.0349779857629625,"{""n_neighbors"": 8, ""p"": 1, ""weights"": ""distance""}",102,922,0.01,LLVM,random,2,Prop0.1,100,True
KRR,0.0237935224567452,"{""regressor__kernel"": ""rbf"", ""regressor__gamma"": 0.2, ""regressor__alpha"": 0.0001}",102,922,0.01,LLVM,random,2,Prop0.1,100,True
MR,0.0253734817892702,"{""lasso__regressor__alpha"": 0.001}",102,922,0.01,LLVM,random,2,Prop0.1,100,True
RF,0.0191626043255345,"{""max_features"": 1.0, ""min_samples_leaf"": 1, ""n_estimators"": 10}",102,922,0.01,LLVM,random,2,Prop0.1,100,True
SVR,0.0234250882158414,"{""regressor__tol"": 0.05, ""regressor__shrinking"": true, ""regressor__epsilon"": 0.1, ""regressor__coef0"": 1.0, ""regressor__C"": 5.0}",102,922,0.01,LLVM,random,2,Prop0.1,100,True
CART,0.0197387254439609,"{""max_features"": 1.0, ""min_samples_leaf"": 2, ""splitter"": ""random""}",154,870,0.0,LLVM,random,2,Prop0.15,1,True
kNN,0.0312870573986283,"{""n_neighbors"": 8, ""p"": 1, ""weights"": ""distance""}",154,870,0.01,LLVM,random,2,Prop0.15,1,True
KRR,0.0202663974321251,"{""regressor__kernel"": ""rbf"", ""regressor__gamma"": 0.2, ""regressor__alpha"": 0.1}",154,870,0.02,LLVM,random,2,Prop0.15,1,True
MR,0.0213640545430615,"{""lasso__regressor__alpha"": 0.01}",154,870,0.01,LLVM,random,2,Prop0.15,1,True
RF,0.0184233687081367,"{""max_features"": 1.0, ""min_samples_leaf"": 1, ""n_estimators"": 15}",154,870,0.03,LLVM,random,2,Prop0.15,1,True
SVR,0.0205535396923656,"{""regressor__tol"": 0.1, ""regressor__shrinking"": false, ""regressor__epsilon"": 0.1, ""regressor__coef0"": 1.0, ""regressor__C"": 2.0}",154,870,0.01,LLVM,random,2,Prop0.15,1,True
CART,0.0159116833407242,"{""max_features"": 1.0, ""min_samples_leaf"": 2, ""splitter"": ""random""}",154,870,0.0,LLVM,random,2,Prop0.15,2,True
kNN,0.0279590778820873,"{""n_neighbors"": 8, ""p"": 1, ""weights"": ""distance""}",154,870,0.01,LLVM,random,2,Prop0.15,2,True
KRR,0.0179380874641392,"{""regressor__kernel"": ""rbf"", ""regressor__gamma"": 0.2, ""regressor__alpha"": 0.1}",154,870,0.02,LLVM,random,2,Prop0.15,2,True
MR,0.0197312005001482,"{""lasso__regressor__alpha"": 0.01}",154,870,0.01,LLVM,random,2,Prop0.15,2,True
RF,0.0156189188961466,"{""max_features"": 1.0, ""min_samples_leaf"": 1, ""n_estimators"": 15}",154,870,0.03,LLVM,random,2,Prop0.15,2,True
SVR,0.0175532488139403,"{""regressor__tol"": 0.1, ""regressor__shrinking"": false, ""regressor__epsilon"": 0.1, ""regressor__coef0"": 1.0, ""regressor__C"": 2.0}",154,870,0.01,LLVM,random,2,Prop0.15,2,True
CART,0.0159450803908165,"{""max_features"": 1.0, ""min_samples_leaf"": 2, ""splitter"": ""random""}",154,870,0.0,LLVM,random,2,Prop0.15,3,True
kNN,0.0298192301021853,"{""n_neighbors"": 8, ""p"": 1, ""weights"": ""distance""}",154,870,0.01,LLVM,random,2,Prop0.15,3,True
KRR,0.0174727426681854,"{""regressor__kernel"": ""rbf"", ""regressor__gamma"": 0.2, ""regressor__alpha"": 0.1}",154,870,0.02,LLVM,random,2,Prop0.15,3,True
MR,0.0202660426619159,"{""lasso__regressor__alpha"": 0.01}",154,870,0.01,LLVM,random,2,Prop0.15,3,True
RF,0.0152329323305436,"{""max_features"": 1.0, ""min_samples_leaf"": 1, ""n_estimators"": 15}",154,870,0.03,LLVM,random,2,Prop0.15,3,True
SVR,0.0173377870081051,"{""regressor__tol"": 0.1, ""regressor__shrinking"": false, ""regressor__epsilon"": 0.1, ""regressor__coef0"": 1.0, ""regressor__C"": 2.0}",154,870,0.01,LLVM,random,2,Prop0.15,3,True
CART,0.0167885181212989,"{""max_features"": 1.0, ""min_samples_leaf"": 2, ""splitter"": ""random""}",154,870,0.0,LLVM,random,2,Prop0.15,4,True
kNN,0.0300629512361728,"{""n_neighbors"": 8, ""p"": 1, ""weights"": ""distance""}",154,870,0.01,LLVM,random,2,Prop0.15,4,True
KRR,0.0175192677484635,"{""regressor__kernel"": ""rbf"", ""regressor__gamma"": 0.2, ""regressor__alpha"": 0.1}",154,870,0.02,LLVM,random,2,Prop0.15,4,True
MR,0.0194812053043878,"{""lasso__regressor__alpha"": 0.01}",154,870,0.01,LLVM,random,2,Prop0.15,4,True
RF,0.0152610502427853,"{""max_features"": 1.0, ""min_samples_leaf"": 1, ""n_estimators"": 15}",154,870,0.03,LLVM,random,2,Prop0.15,4,True
SVR,0.01964343738561,"{""regressor__tol"": 0.1, ""regressor__shrinking"": false, ""regressor__epsilon"": 0.1, ""regressor__coef0"": 1.0, ""regressor__C"": 2.0}",154,870,0.01,LLVM,random,2,Prop0.15,4,True
CART,0.0227296910637947,"{""max_features"": 1.0, ""min_samples_leaf"": 2, ""splitter"": ""random""}",154,870,0.0,LLVM,random,2,Prop0.15,5,True
kNN,0.0296731402384378,"{""n_neighbors"": 8, ""p"": 1, ""weights"": ""distance""}",154,870,0.01,LLVM,random,2,Prop0.15,5,True
KRR,0.0182809916054984,"{""regressor__kernel"": ""rbf"", ""regressor__gamma"": 0.2, ""regressor__alpha"": 0.1}",154,870,0.0,LLVM,random,2,Prop0.15,5,True
MR,0.0218378301041287,"{""lasso__regressor__alpha"": 0.01}",154,870,0.01,LLVM,random,2,Prop0.15,5,True
RF,0.0178484284977908,"{""max_features"": 1.0, ""min_samples_leaf"": 1, ""n_estimators"": 15}",154,870,0.03,LLVM,random,2,Prop0.15,5,True
SVR,0.0177872832871028,"{""regressor__tol"": 0.1, ""regressor__shrinking"": false, ""regressor__epsilon"": 0.1, ""regressor__coef0"": 1.0, ""regressor__C"": 2.0}",154,870,0.01,LLVM,random,2,Prop0.15,5,True
CART,0.0161413077696085,"{""max_features"": 1.0, ""min_samples_leaf"": 2, ""splitter"": ""random""}",154,870,0.0,LLVM,random,2,Prop0.15,6,True
kNN,0.0288498133894163,"{""n_neighbors"": 8, ""p"": 1, ""weights"": ""distance""}",154,870,0.01,LLVM,random,2,Prop0.15,6,True
KRR,0.017433828726711,"{""regressor__kernel"": ""rbf"", ""regressor__gamma"": 0.2, ""regressor__alpha"": 0.1}",154,870,0.01,LLVM,random,2,Prop0.15,6,True
MR,0.0197784602232618,"{""lasso__regressor__alpha"": 0.01}",154,870,0.01,LLVM,random,2,Prop0.15,6,True
RF,0.0151657168840236,"{""max_features"": 1.0, ""min_samples_leaf"": 1, ""n_estimators"": 15}",154,870,0.03,LLVM,random,2,Prop0.15,6,True
SVR,0.0171088833840896,"{""regressor__tol"": 0.1, ""regressor__shrinking"": false, ""regressor__epsilon"": 0.1, ""regressor__coef0"": 1.0, ""regressor__C"": 2.0}",154,870,0.01,LLVM,random,2,Prop0.15,6,True
CART,0.0196945595486542,"{""max_features"": 1.0, ""min_samples_leaf"": 2, ""splitter"": ""random""}",154,870,0.0,LLVM,random,2,Prop0.15,7,True
kNN,0.028949035574134,"{""n_neighbors"": 8, ""p"": 1, ""weights"": ""distance""}",154,870,0.01,LLVM,random,2,Prop0.15,7,True
KRR,0.0196790074715277,"{""regressor__kernel"": ""rbf"", ""regressor__gamma"": 0.2, ""regressor__alpha"": 0.1}",154,870,0.01,LLVM,random,2,Prop0.15,7,True
MR,0.0220794042671532,"{""lasso__regressor__alpha"": 0.01}",154,870,0.01,LLVM,random,2,Prop0.15,7,True
RF,0.0177841208267842,"{""max_features"": 1.0, ""min_samples_leaf"": 1, ""n_estimators"": 15}",154,870,0.03,LLVM,random,2,Prop0.15,7,True
SVR,0.0189607471099528,"{""regressor__tol"": 0.1, ""regressor__shrinking"": false, ""regressor__epsilon"": 0.1, ""regressor__coef0"": 1.0, ""regressor__C"": 2.0}",154,870,0.01,LLVM,random,2,Prop0.15,7,True
CART,0.0183600940388221,"{""max_features"": 1.0, ""min_samples_leaf"": 2, ""splitter"": ""random""}",154,870,0.0,LLVM,random,2,Prop0.15,8,True
kNN,0.0301463271712299,"{""n_neighbors"": 8, ""p"": 1, ""weights"": ""distance""}",154,870,0.01,LLVM,random,2,Prop0.15,8,True
KRR,0.0192671132823845,"{""regressor__kernel"": ""rbf"", ""regressor__gamma"": 0.2, ""regressor__alpha"": 0.1}",154,870,0.01,LLVM,random,2,Prop0.15,8,True
MR,0.0206218017534167,"{""lasso__regressor__alpha"": 0.01}",154,870,0.01,LLVM,random,2,Prop0.15,8,True
RF,0.0145368815547963,"{""max_features"": 1.0, ""min_samples_leaf"": 1, ""n_estimators"": 15}",154,870,0.03,LLVM,random,2,Prop0.15,8,True
SVR,0.0199703776770706,"{""regressor__tol"": 0.1, ""regressor__shrinking"": false, ""regressor__epsilon"": 0.1, ""regressor__coef0"": 1.0, ""regressor__C"": 2.0}",154,870,0.01,LLVM,random,2,Prop0.15,8,True
CART,0.0163277137569802,"{""max_features"": 1.0, ""min_samples_leaf"": 2, ""splitter"": ""random""}",154,870,0.0,LLVM,random,2,Prop0.15,9,True
kNN,0.0287975159037707,"{""n_neighbors"": 8, ""p"": 1, ""weights"": ""distance""}",154,870,0.01,LLVM,random,2,Prop0.15,9,True
KRR,0.0168478275911267,"{""regressor__kernel"": ""rbf"", ""regressor__gamma"": 0.2, ""regressor__alpha"": 0.1}",154,870,0.01,LLVM,random,2,Prop0.15,9,True
MR,0.0206074109414842,"{""lasso__regressor__alpha"": 0.01}",154,870,0.01,LLVM,random,2,Prop0.15,9,True
RF,0.01472028239555,"{""max_features"": 1.0, ""min_samples_leaf"": 1, ""n_estimators"": 15}",154,870,0.03,LLVM,random,2,Prop0.15,9,True
SVR,0.0172659903906841,"{""regressor__tol"": 0.1, ""regressor__shrinking"": false, ""regressor__epsilon"": 0.1, ""regressor__coef0"": 1.0, ""regressor__C"": 2.0}",154,870,0.01,LLVM,random,2,Prop0.15,9,True
CART,0.0180639926429836,"{""max_features"": 1.0, ""min_samples_leaf"": 2, ""splitter"": ""random""}",154,870,0.0,LLVM,random,2,Prop0.15,10,True
kNN,0.0319644313888558,"{""n_neighbors"": 8, ""p"": 1, ""weights"": ""distance""}",154,870,0.01,LLVM,random,2,Prop0.15,10,True
KRR,0.0182163411666941,"{""regressor__kernel"": ""rbf"", ""regressor__gamma"": 0.2, ""regressor__alpha"": 0.1}",154,870,0.01,LLVM,random,2,Prop0.15,10,True
MR,0.0208345504019417,"{""lasso__regressor__alpha"": 0.01}",154,870,0.01,LLVM,random,2,Prop0.15,10,True
RF,0.0150404059630877,"{""max_features"": 1.0, ""min_samples_leaf"": 1, ""n_estimators"": 15}",154,870,0.03,LLVM,random,2,Prop0.15,10,True
SVR,0.0191874482895966,"{""regressor__tol"": 0.1, ""regressor__shrinking"": false, ""regressor__epsilon"": 0.1, ""regressor__coef0"": 1.0, ""regressor__C"": 2.0}",154,870,0.01,LLVM,random,2,Prop0.15,10,True
CART,0.0184371537043617,"{""max_features"": 1.0, ""min_samples_leaf"": 2, ""splitter"": ""random""}",154,870,0.0,LLVM,random,2,Prop0.15,11,True
kNN,0.0305919903116699,"{""n_neighbors"": 8, ""p"": 1, ""weights"": ""distance""}",154,870,0.01,LLVM,random,2,Prop0.15,11,True
KRR,0.0193421063369069,"{""regressor__kernel"": ""rbf"", ""regressor__gamma"": 0.2, ""regressor__alpha"": 0.1}",154,870,0.01,LLVM,random,2,Prop0.15,11,True
MR,0.020636985047562,"{""lasso__regressor__alpha"": 0.01}",154,870,0.01,LLVM,random,2,Prop0.15,11,True
RF,0.0159180554569847,"{""max_features"": 1.0, ""min_samples_leaf"": 1, ""n_estimators"": 15}",154,870,0.03,LLVM,random,2,Prop0.15,11,True
SVR,0.0187246034718775,"{""regressor__tol"": 0.1, ""regressor__shrinking"": false, ""regressor__epsilon"": 0.1, ""regressor__coef0"": 1.0, ""regressor__C"": 2.0}",154,870,0.01,LLVM,random,2,Prop0.15,11,True
CART,0.0151406885285392,"{""max_features"": 1.0, ""min_samples_leaf"": 2, ""splitter"": ""random""}",154,870,0.0,LLVM,random,2,Prop0.15,12,True
kNN,0.0306622061290205,"{""n_neighbors"": 8, ""p"": 1, ""weights"": ""distance""}",154,870,0.01,LLVM,random,2,Prop0.15,12,True
KRR,0.0184802317556626,"{""regressor__kernel"": ""rbf"", ""regressor__gamma"": 0.2, ""regressor__alpha"": 0.1}",154,870,0.01,LLVM,random,2,Prop0.15,12,True
MR,0.0226427582849229,"{""lasso__regressor__alpha"": 0.01}",154,870,0.01,LLVM,random,2,Prop0.15,12,True
RF,0.0155582047312619,"{""max_features"": 1.0, ""min_samples_leaf"": 1, ""n_estimators"": 15}",154,870,0.03,LLVM,random,2,Prop0.15,12,True
SVR,0.0188122213835682,"{""regressor__tol"": 0.1, ""regressor__shrinking"": false, ""regressor__epsilon"": 0.1, ""regressor__coef0"": 1.0, ""regressor__C"": 2.0}",154,870,0.01,LLVM,random,2,Prop0.15,12,True
CART,0.0175115124434599,"{""max_features"": 1.0, ""min_samples_leaf"": 2, ""splitter"": ""random""}",154,870,0.0,LLVM,random,2,Prop0.15,13,True
kNN,0.0280143876581634,"{""n_neighbors"": 8, ""p"": 1, ""weights"": ""distance""}",154,870,0.01,LLVM,random,2,Prop0.15,13,True
KRR,0.0175416481025465,"{""regressor__kernel"": ""rbf"", ""regressor__gamma"": 0.2, ""regressor__alpha"": 0.1}",154,870,0.01,LLVM,random,2,Prop0.15,13,True
MR,0.0207233814382779,"{""lasso__regressor__alpha"": 0.01}",154,870,0.01,LLVM,random,2,Prop0.15,13,True
RF,0.0144364787272823,"{""max_features"": 1.0, ""min_samples_leaf"": 1, ""n_estimators"": 15}",154,870,0.03,LLVM,random,2,Prop0.15,13,True
SVR,0.0173376765319779,"{""regressor__tol"": 0.1, ""regressor__shrinking"": false, ""regressor__epsilon"": 0.1, ""regressor__coef0"": 1.0, ""regressor__C"": 2.0}",154,870,0.01,LLVM,random,2,Prop0.15,13,True
CART,0.0184671180739866,"{""max_features"": 1.0, ""min_samples_leaf"": 2, ""splitter"": ""random""}",154,870,0.0,LLVM,random,2,Prop0.15,14,True
kNN,0.0291197086675034,"{""n_neighbors"": 8, ""p"": 1, ""weights"": ""distance""}",154,870,0.01,LLVM,random,2,Prop0.15,14,True
KRR,0.0189096684737846,"{""regressor__kernel"": ""rbf"", ""regressor__gamma"": 0.2, ""regressor__alpha"": 0.1}",154,870,0.01,LLVM,random,2,Prop0.15,14,True
MR,0.0210131604148382,"{""lasso__regressor__alpha"": 0.01}",154,870,0.01,LLVM,random,2,Prop0.15,14,True
RF,0.0159864132331804,"{""max_features"": 1.0, ""min_samples_leaf"": 1, ""n_estimators"": 15}",154,870,0.03,LLVM,random,2,Prop0.15,14,True
SVR,0.0192634895687632,"{""regressor__tol"": 0.1, ""regressor__shrinking"": false, ""regressor__epsilon"": 0.1, ""regressor__coef0"": 1.0, ""regressor__C"": 2.0}",154,870,0.01,LLVM,random,2,Prop0.15,14,True
CART,0.0164942913168273,"{""max_features"": 1.0, ""min_samples_leaf"": 2, ""splitter"": ""random""}",154,870,0.0,LLVM,random,2,Prop0.15,15,True
kNN,0.0288510415397467,"{""n_neighbors"": 8, ""p"": 1, ""weights"": ""distance""}",154,870,0.01,LLVM,random,2,Prop0.15,15,True
KRR,0.0193963960159019,"{""regressor__kernel"": ""rbf"", ""regressor__gamma"": 0.2, ""regressor__alpha"": 0.1}",154,870,0.01,LLVM,random,2,Prop0.15,15,True
MR,0.0194278139949492,"{""lasso__regressor__alpha"": 0.01}",154,870,0.01,LLVM,random,2,Prop0.15,15,True
RF,0.0156702555276556,"{""max_features"": 1.0, ""min_samples_leaf"": 1, ""n_estimators"": 15}",154,870,0.04,LLVM,random,2,Prop0.15,15,True
SVR,0.0196323043219619,"{""regressor__tol"": 0.1, ""regressor__shrinking"": false, ""regressor__epsilon"": 0.1, ""regressor__coef0"": 1.0, ""regressor__C"": 2.0}",154,870,0.01,LLVM,random,2,Prop0.15,15,True
CART,0.0168190075707964,"{""max_features"": 1.0, ""min_samples_leaf"": 2, ""splitter"": ""random""}",154,870,0.0,LLVM,random,2,Prop0.15,16,True
kNN,0.0309251838212239,"{""n_neighbors"": 8, ""p"": 1, ""weights"": ""distance""}",154,870,0.01,LLVM,random,2,Prop0.15,16,True
KRR,0.018428371643616,"{""regressor__kernel"": ""rbf"", ""regressor__gamma"": 0.2, ""regressor__alpha"": 0.1}",154,870,0.01,LLVM,random,2,Prop0.15,16,True
MR,0.0202646446944785,"{""lasso__regressor__alpha"": 0.01}",154,870,0.01,LLVM,random,2,Prop0.15,16,True
RF,0.0152333127034792,"{""max_features"": 1.0, ""min_samples_leaf"": 1, ""n_estimators"": 15}",154,870,0.04,LLVM,random,2,Prop0.15,16,True
SVR,0.0192409646933702,"{""regressor__tol"": 0.1, ""regressor__shrinking"": false, ""regressor__epsilon"": 0.1, ""regressor__coef0"": 1.0, ""regressor__C"": 2.0}",154,870,0.01,LLVM,random,2,Prop0.15,16,True
CART,0.0182285693705737,"{""max_features"": 1.0, ""min_samples_leaf"": 2, ""splitter"": ""random""}",154,870,0.0,LLVM,random,2,Prop0.15,17,True
kNN,0.0322219570209476,"{""n_neighbors"": 8, ""p"": 1, ""weights"": ""distance""}",154,870,0.01,LLVM,random,2,Prop0.15,17,True
KRR,0.0189481189241275,"{""regressor__kernel"": ""rbf"", ""regressor__gamma"": 0.2, ""regressor__alpha"": 0.1}",154,870,0.01,LLVM,random,2,Prop0.15,17,True
MR,0.0207590550123239,"{""lasso__regressor__alpha"": 0.01}",154,870,0.0,LLVM,random,2,Prop0.15,17,True
RF,0.0159305885844867,"{""max_features"": 1.0, ""min_samples_leaf"": 1, ""n_estimators"": 15}",154,870,0.03,LLVM,random,2,Prop0.15,17,True
SVR,0.0189998500849021,"{""regressor__tol"": 0.1, ""regressor__shrinking"": false, ""regressor__epsilon"": 0.1, ""regressor__coef0"": 1.0, ""regressor__C"": 2.0}",154,870,0.01,LLVM,random,2,Prop0.15,17,True
CART,0.0159238253212744,"{""max_features"": 1.0, ""min_samples_leaf"": 2, ""splitter"": ""random""}",154,870,0.0,LLVM,random,2,Prop0.15,18,True
kNN,0.0301907504586825,"{""n_neighbors"": 8, ""p"": 1, ""weights"": ""distance""}",154,870,0.01,LLVM,random,2,Prop0.15,18,True
KRR,0.0174765276417046,"{""regressor__kernel"": ""rbf"", ""regressor__gamma"": 0.2, ""regressor__alpha"": 0.1}",154,870,0.01,LLVM,random,2,Prop0.15,18,True
MR,0.0219335561363831,"{""lasso__regressor__alpha"": 0.01}",154,870,0.01,LLVM,random,2,Prop0.15,18,True
RF,0.0154534546827757,"{""max_features"": 1.0, ""min_samples_leaf"": 1, ""n_estimators"": 15}",154,870,0.03,LLVM,random,2,Prop0.15,18,True
SVR,0.0179751863596222,"{""regressor__tol"": 0.1, ""regressor__shrinking"": false, ""regressor__epsilon"": 0.1, ""regressor__coef0"": 1.0, ""regressor__C"": 2.0}",154,870,0.01,LLVM,random,2,Prop0.15,18,True
CART,0.0148002224737335,"{""max_features"": 1.0, ""min_samples_leaf"": 2, ""splitter"": ""random""}",154,870,0.0,LLVM,random,2,Prop0.15,19,True
kNN,0.0327291952982446,"{""n_neighbors"": 8, ""p"": 1, ""weights"": ""distance""}",154,870,0.01,LLVM,random,2,Prop0.15,19,True
KRR,0.0174700230022874,"{""regressor__kernel"": ""rbf"", ""regressor__gamma"": 0.2, ""regressor__alpha"": 0.1}",154,870,0.01,LLVM,random,2,Prop0.15,19,True
MR,0.0196497940002314,"{""lasso__regressor__alpha"": 0.01}",154,870,0.01,LLVM,random,2,Prop0.15,19,True
RF,0.0145959884072128,"{""max_features"": 1.0, ""min_samples_leaf"": 1, ""n_estimators"": 15}",154,870,0.03,LLVM,random,2,Prop0.15,19,True
SVR,0.0178772527307079,"{""regressor__tol"": 0.1, ""regressor__shrinking"": false, ""regressor__epsilon"": 0.1, ""regressor__coef0"": 1.0, ""regressor__C"": 2.0}",154,870,0.01,LLVM,random,2,Prop0.15,19,True
CART,0.0175763079922676,"{""max_features"": 1.0, ""min_samples_leaf"": 2, ""splitter"": ""random""}",154,870,0.0,LLVM,random,2,Prop0.15,20,True
kNN,0.0352400385618023,"{""n_neighbors"": 8, ""p"": 1, ""weights"": ""distance""}",154,870,0.01,LLVM,random,2,Prop0.15,20,True
KRR,0.0183939982936106,"{""regressor__kernel"": ""rbf"", ""regressor__gamma"": 0.2, ""regressor__alpha"": 0.1}",154,870,0.01,LLVM,random,2,Prop0.15,20,True
MR,0.023511672278244,"{""lasso__regressor__alpha"": 0.01}",154,870,0.01,LLVM,random,2,Prop0.15,20,True
RF,0.0150515727393471,"{""max_features"": 1.0, ""min_samples_leaf"": 1, ""n_estimators"": 15}",154,870,0.03,LLVM,random,2,Prop0.15,20,True
SVR,0.0182914027072763,"{""regressor__tol"": 0.1, ""regressor__shrinking"": false, ""regressor__epsilon"": 0.1, ""regressor__coef0"": 1.0, ""regressor__C"": 2.0}",154,870,0.01,LLVM,random,2,Prop0.15,20,True
CART,0.0165048527131102,"{""max_features"": 1.0, ""min_samples_leaf"": 2, ""splitter"": ""random""}",154,870,0.0,LLVM,random,2,Prop0.15,21,True
kNN,0.0317497928134575,"{""n_neighbors"": 8, ""p"": 1, ""weights"": ""distance""}",154,870,0.01,LLVM,random,2,Prop0.15,21,True
KRR,0.0177171358616585,"{""regressor__kernel"": ""rbf"", ""regressor__gamma"": 0.2, ""regressor__alpha"": 0.1}",154,870,0.01,LLVM,random,2,Prop0.15,21,True
MR,0.0218629501198023,"{""lasso__regressor__alpha"": 0.01}",154,870,0.01,LLVM,random,2,Prop0.15,21,True
RF,0.0161081947637382,"{""max_features"": 1.0, ""min_samples_leaf"": 1, ""n_estimators"": 15}",154,870,0.03,LLVM,random,2,Prop0.15,21,True
SVR,0.0178688861712971,"{""regressor__tol"": 0.1, ""regressor__shrinking"": false, ""regressor__epsilon"": 0.1, ""regressor__coef0"": 1.0, ""regressor__C"": 2.0}",154,870,0.01,LLVM,random,2,Prop0.15,21,True
CART,0.0186484634272529,"{""max_features"": 1.0, ""min_samples_leaf"": 2, ""splitter"": ""random""}",154,870,0.0,LLVM,random,2,Prop0.15,22,True
kNN,0.0339471785831751,"{""n_neighbors"": 8, ""p"": 1, ""weights"": ""distance""}",154,870,0.01,LLVM,random,2,Prop0.15,22,True
KRR,0.0186791921745621,"{""regressor__kernel"": ""rbf"", ""regressor__gamma"": 0.2, ""regressor__alpha"": 0.1}",154,870,0.01,LLVM,random,2,Prop0.15,22,True
MR,0.021124966396591,"{""lasso__regressor__alpha"": 0.01}",154,870,0.01,LLVM,random,2,Prop0.15,22,True
RF,0.0148607420969558,"{""max_features"": 1.0, ""min_samples_leaf"": 1, ""n_estimators"": 15}",154,870,0.03,LLVM,random,2,Prop0.15,22,True
SVR,0.0191391071144554,"{""regressor__tol"": 0.1, ""regressor__shrinking"": false, ""regressor__epsilon"": 0.1, ""regressor__coef0"": 1.0, ""regressor__C"": 2.0}",154,870,0.01,LLVM,random,2,Prop0.15,22,True
CART,0.0146160555282238,"{""max_features"": 1.0, ""min_samples_leaf"": 2, ""splitter"": ""random""}",154,870,0.0,LLVM,random,2,Prop0.15,23,True
kNN,0.0279907102136252,"{""n_neighbors"": 8, ""p"": 1, ""weights"": ""distance""}",154,870,0.01,LLVM,random,2,Prop0.15,23,True
KRR,0.017803462113553,"{""regressor__kernel"": ""rbf"", ""regressor__gamma"": 0.2, ""regressor__alpha"": 0.1}",154,870,0.01,LLVM,random,2,Prop0.15,23,True
MR,0.0203421642218102,"{""lasso__regressor__alpha"": 0.01}",154,870,0.01,LLVM,random,2,Prop0.15,23,True
RF,0.0143219071866637,"{""max_features"": 1.0, ""min_samples_leaf"": 1, ""n_estimators"": 15}",154,870,0.03,LLVM,random,2,Prop0.15,23,True
SVR,0.0181621146396332,"{""regressor__tol"": 0.1, ""regressor__shrinking"": false, ""regressor__epsilon"": 0.1, ""regressor__coef0"": 1.0, ""regressor__C"": 2.0}",154,870,0.01,LLVM,random,2,Prop0.15,23,True
CART,0.0146890498844809,"{""max_features"": 1.0, ""min_samples_leaf"": 2, ""splitter"": ""random""}",154,870,0.0,LLVM,random,2,Prop0.15,24,True
kNN,0.0308970634787408,"{""n_neighbors"": 8, ""p"": 1, ""weights"": ""distance""}",154,870,0.01,LLVM,random,2,Prop0.15,24,True
KRR,0.0185672812517502,"{""regressor__kernel"": ""rbf"", ""regressor__gamma"": 0.2, ""regressor__alpha"": 0.1}",154,870,0.01,LLVM,random,2,Prop0.15,24,True
MR,0.0215118346223036,"{""lasso__regressor__alpha"": 0.01}",154,870,0.01,LLVM,random,2,Prop0.15,24,True
RF,0.0149286883528743,"{""max_features"": 1.0, ""min_samples_leaf"": 1, ""n_estimators"": 15}",154,870,0.03,LLVM,random,2,Prop0.15,24,True
SVR,0.0188538354331545,"{""regressor__tol"": 0.1, ""regressor__shrinking"": false, ""regressor__epsilon"": 0.1, ""regressor__coef0"": 1.0, ""regressor__C"": 2.0}",154,870,0.01,LLVM,random,2,Prop0.15,24,True
CART,0.0158435529400941,"{""max_features"": 1.0, ""min_samples_leaf"": 2, ""splitter"": ""random""}",154,870,0.0,LLVM,random,2,Prop0.15,25,True
kNN,0.0297346498590603,"{""n_neighbors"": 8, ""p"": 1, ""weights"": ""distance""}",154,870,0.01,LLVM,random,2,Prop0.15,25,True
KRR,0.0192744437483346,"{""regressor__kernel"": ""rbf"", ""regressor__gamma"": 0.2, ""regressor__alpha"": 0.1}",154,870,0.01,LLVM,random,2,Prop0.15,25,True
MR,0.0201460493809535,"{""lasso__regressor__alpha"": 0.01}",154,870,0.01,LLVM,random,2,Prop0.15,25,True
RF,0.0147927590188838,"{""max_features"": 1.0, ""min_samples_leaf"": 1, ""n_estimators"": 15}",154,870,0.03,LLVM,random,2,Prop0.15,25,True
SVR,0.0194562480509619,"{""regressor__tol"": 0.1, ""regressor__shrinking"": false, ""regressor__epsilon"": 0.1, ""regressor__coef0"": 1.0, ""regressor__C"": 2.0}",154,870,0.01,LLVM,random,2,Prop0.15,25,True
CART,0.0148125224716005,"{""max_features"": 1.0, ""min_samples_leaf"": 2, ""splitter"": ""random""}",154,870,0.0,LLVM,random,2,Prop0.15,26,True
kNN,0.0303435909533058,"{""n_neighbors"": 8, ""p"": 1, ""weights"": ""distance""}",154,870,0.01,LLVM,random,2,Prop0.15,26,True
KRR,0.0176501347707554,"{""regressor__kernel"": ""rbf"", ""regressor__gamma"": 0.2, ""regressor__alpha"": 0.1}",154,870,0.01,LLVM,random,2,Prop0.15,26,True
MR,0.0204509433958962,"{""lasso__regressor__alpha"": 0.01}",154,870,0.01,LLVM,random,2,Prop0.15,26,True
RF,0.0140925882148417,"{""max_features"": 1.0, ""min_samples_leaf"": 1, ""n_estimators"": 15}",154,870,0.03,LLVM,random,2,Prop0.15,26,True
SVR,0.0182920729720754,"{""regressor__tol"": 0.1, ""regressor__shrinking"": false, ""regressor__epsilon"": 0.1, ""regressor__coef0"": 1.0, ""regressor__C"": 2.0}",154,870,0.01,LLVM,random,2,Prop0.15,26,True
CART,0.0196739567244123,"{""max_features"": 1.0, ""min_samples_leaf"": 2, ""splitter"": ""random""}",154,870,0.0,LLVM,random,2,Prop0.15,27,True
kNN,0.034422720818306,"{""n_neighbors"": 8, ""p"": 1, ""weights"": ""distance""}",154,870,0.01,LLVM,random,2,Prop0.15,27,True
KRR,0.0202612368891477,"{""regressor__kernel"": ""rbf"", ""regressor__gamma"": 0.2, ""regressor__alpha"": 0.1}",154,870,0.01,LLVM,random,2,Prop0.15,27,True
MR,0.0231576160715604,"{""lasso__regressor__alpha"": 0.01}",154,870,0.01,LLVM,random,2,Prop0.15,27,True
RF,0.017615199589739,"{""max_features"": 1.0, ""min_samples_leaf"": 1, ""n_estimators"": 15}",154,870,0.03,LLVM,random,2,Prop0.15,27,True
SVR,0.019907803569523,"{""regressor__tol"": 0.1, ""regressor__shrinking"": false, ""regressor__epsilon"": 0.1, ""regressor__coef0"": 1.0, ""regressor__C"": 2.0}",154,870,0.01,LLVM,random,2,Prop0.15,27,True
CART,0.0157257859030366,"{""max_features"": 1.0, ""min_samples_leaf"": 2, ""splitter"": ""random""}",154,870,0.0,LLVM,random,2,Prop0.15,28,True
kNN,0.029118247437674,"{""n_neighbors"": 8, ""p"": 1, ""weights"": ""distance""}",154,870,0.01,LLVM,random,2,Prop0.15,28,True
KRR,0.0176666723880155,"{""regressor__kernel"": ""rbf"", ""regressor__gamma"": 0.2, ""regressor__alpha"": 0.1}",154,870,0.01,LLVM,random,2,Prop0.15,28,True
MR,0.0201642114994258,"{""lasso__regressor__alpha"": 0.01}",154,870,0.01,LLVM,random,2,Prop0.15,28,True
RF,0.0164567574726782,"{""max_features"": 1.0, ""min_samples_leaf"": 1, ""n_estimators"": 15}",154,870,0.03,LLVM,random,2,Prop0.15,28,True
SVR,0.0176808505022069,"{""regressor__tol"": 0.1, ""regressor__shrinking"": false, ""regressor__epsilon"": 0.1, ""regressor__coef0"": 1.0, ""regressor__C"": 2.0}",154,870,0.01,LLVM,random,2,Prop0.15,28,True
CART,0.0179766139976871,"{""max_features"": 1.0, ""min_samples_leaf"": 2, ""splitter"": ""random""}",154,870,0.0,LLVM,random,2,Prop0.15,29,True
kNN,0.0333175633901018,"{""n_neighbors"": 8, ""p"": 1, ""weights"": ""distance""}",154,870,0.01,LLVM,random,2,Prop0.15,29,True
KRR,0.018873357944194,"{""regressor__kernel"": ""rbf"", ""regressor__gamma"": 0.2, ""regressor__alpha"": 0.1}",154,870,0.01,LLVM,random,2,Prop0.15,29,True
MR,0.0201903451199545,"{""lasso__regressor__alpha"": 0.01}",154,870,0.01,LLVM,random,2,Prop0.15,29,True
RF,0.0155223537170408,"{""max_features"": 1.0, ""min_samples_leaf"": 1, ""n_estimators"": 15}",154,870,0.03,LLVM,random,2,Prop0.15,29,True
SVR,0.0195554986495294,"{""regressor__tol"": 0.1, ""regressor__shrinking"": false, ""regressor__epsilon"": 0.1, ""regressor__coef0"": 1.0, ""regressor__C"": 2.0}",154,870,0.01,LLVM,random,2,Prop0.15,29,True
CART,0.0183348239637026,"{""max_features"": 1.0, ""min_samples_leaf"": 2, ""splitter"": ""random""}",154,870,0.0,LLVM,random,2,Prop0.15,30,True
kNN,0.0321542981083743,"{""n_neighbors"": 8, ""p"": 1, ""weights"": ""distance""}",154,870,0.01,LLVM,random,2,Prop0.15,30,True
KRR,0.0184877988223218,"{""regressor__kernel"": ""rbf"", ""regressor__gamma"": 0.2, ""regressor__alpha"": 0.1}",154,870,0.01,LLVM,random,2,Prop0.15,30,True
MR,0.0202202831431038,"{""lasso__regressor__alpha"": 0.01}",154,870,0.01,LLVM,random,2,Prop0.15,30,True
RF,0.016508228693975,"{""max_features"": 1.0, ""min_samples_leaf"": 1, ""n_estimators"": 15}",154,870,0.03,LLVM,random,2,Prop0.15,30,True
SVR,0.0192375157414876,"{""regressor__tol"": 0.1, ""regressor__shrinking"": false, ""regressor__epsilon"": 0.1, ""regressor__coef0"": 1.0, ""regressor__C"": 2.0}",154,870,0.01,LLVM,random,2,Prop0.15,30,True
CART,0.0177559654604208,"{""max_features"": 1.0, ""min_samples_leaf"": 2, ""splitter"": ""random""}",154,870,0.0,LLVM,random,2,Prop0.15,31,True
kNN,0.0315405161584356,"{""n_neighbors"": 8, ""p"": 1, ""weights"": ""distance""}",154,870,0.01,LLVM,random,2,Prop0.15,31,True
KRR,0.0199951738925611,"{""regressor__kernel"": ""rbf"", ""regressor__gamma"": 0.2, ""regressor__alpha"": 0.1}",154,870,0.01,LLVM,random,2,Prop0.15,31,True
MR,0.0216638376806314,"{""lasso__regressor__alpha"": 0.01}",154,870,0.01,LLVM,random,2,Prop0.15,31,True
RF,0.0164675545125026,"{""max_features"": 1.0, ""min_samples_leaf"": 1, ""n_estimators"": 15}",154,870,0.03,LLVM,random,2,Prop0.15,31,True
SVR,0.0206458230493374,"{""regressor__tol"": 0.1, ""regressor__shrinking"": false, ""regressor__epsilon"": 0.1, ""regressor__coef0"": 1.0, ""regressor__C"": 2.0}",154,870,0.01,LLVM,random,2,Prop0.15,31,True
CART,0.015401183780082,"{""max_features"": 1.0, ""min_samples_leaf"": 2, ""splitter"": ""random""}",154,870,0.0,LLVM,random,2,Prop0.15,32,True
kNN,0.0296541459673054,"{""n_neighbors"": 8, ""p"": 1, ""weights"": ""distance""}",154,870,0.01,LLVM,random,2,Prop0.15,32,True
KRR,0.017378490769184,"{""regressor__kernel"": ""rbf"", ""regressor__gamma"": 0.2, ""regressor__alpha"": 0.1}",154,870,0.01,LLVM,random,2,Prop0.15,32,True
MR,0.020825289679149,"{""lasso__regressor__alpha"": 0.01}",154,870,0.01,LLVM,random,2,Prop0.15,32,True
RF,0.0152494500728423,"{""max_features"": 1.0, ""min_samples_leaf"": 1, ""n_estimators"": 15}",154,870,0.03,LLVM,random,2,Prop0.15,32,True
SVR,0.0173888466638848,"{""regressor__tol"": 0.1, ""regressor__shrinking"": false, ""regressor__epsilon"": 0.1, ""regressor__coef0"": 1.0, ""regressor__C"": 2.0}",154,870,0.01,LLVM,random,2,Prop0.15,32,True
CART,0.0194282814956981,"{""max_features"": 1.0, ""min_samples_leaf"": 2, ""splitter"": ""random""}",154,870,0.0,LLVM,random,2,Prop0.15,33,True
kNN,0.0328336250116621,"{""n_neighbors"": 8, ""p"": 1, ""weights"": ""distance""}",154,870,0.01,LLVM,random,2,Prop0.15,33,True
KRR,0.0180332720687811,"{""regressor__kernel"": ""rbf"", ""regressor__gamma"": 0.2, ""regressor__alpha"": 0.1}",154,870,0.01,LLVM,random,2,Prop0.15,33,True
MR,0.0203202533068287,"{""lasso__regressor__alpha"": 0.01}",154,870,0.01,LLVM,random,2,Prop0.15,33,True
RF,0.0162976594988901,"{""max_features"": 1.0, ""min_samples_leaf"": 1, ""n_estimators"": 15}",154,870,0.03,LLVM,random,2,Prop0.15,33,True
SVR,0.0178524787698041,"{""regressor__tol"": 0.1, ""regressor__shrinking"": false, ""regressor__epsilon"": 0.1, ""regressor__coef0"": 1.0, ""regressor__C"": 2.0}",154,870,0.01,LLVM,random,2,Prop0.15,33,True
CART,0.0176668578846831,"{""max_features"": 1.0, ""min_samples_leaf"": 2, ""splitter"": ""random""}",154,870,0.0,LLVM,random,2,Prop0.15,34,True
kNN,0.0321752803611785,"{""n_neighbors"": 8, ""p"": 1, ""weights"": ""distance""}",154,870,0.01,LLVM,random,2,Prop0.15,34,True
KRR,0.0166293148367723,"{""regressor__kernel"": ""rbf"", ""regressor__gamma"": 0.2, ""regressor__alpha"": 0.1}",154,870,0.01,LLVM,random,2,Prop0.15,34,True
MR,0.0194792251554859,"{""lasso__regressor__alpha"": 0.01}",154,870,0.01,LLVM,random,2,Prop0.15,34,True
RF,0.0154882721515268,"{""max_features"": 1.0, ""min_samples_leaf"": 1, ""n_estimators"": 15}",154,870,0.03,LLVM,random,2,Prop0.15,34,True
SVR,0.0179747288205429,"{""regressor__tol"": 0.1, ""regressor__shrinking"": false, ""regressor__epsilon"": 0.1, ""regressor__coef0"": 1.0, ""regressor__C"": 2.0}",154,870,0.01,LLVM,random,2,Prop0.15,34,True
CART,0.0179434878546685,"{""max_features"": 1.0, ""min_samples_leaf"": 2, ""splitter"": ""random""}",154,870,0.0,LLVM,random,2,Prop0.15,35,True
kNN,0.0285726535465707,"{""n_neighbors"": 8, ""p"": 1, ""weights"": ""distance""}",154,870,0.01,LLVM,random,2,Prop0.15,35,True
KRR,0.0200116861396121,"{""regressor__kernel"": ""rbf"", ""regressor__gamma"": 0.2, ""regressor__alpha"": 0.1}",154,870,0.01,LLVM,random,2,Prop0.15,35,True
MR,0.0225717589585249,"{""lasso__regressor__alpha"": 0.01}",154,870,0.01,LLVM,random,2,Prop0.15,35,True
RF,0.0162680459081615,"{""max_features"": 1.0, ""min_samples_leaf"": 1, ""n_estimators"": 15}",154,870,0.03,LLVM,random,2,Prop0.15,35,True
SVR,0.0206909682528866,"{""regressor__tol"": 0.1, ""regressor__shrinking"": false, ""regressor__epsilon"": 0.1, ""regressor__coef0"": 1.0, ""regressor__C"": 2.0}",154,870,0.01,LLVM,random,2,Prop0.15,35,True
CART,0.0206318807713877,"{""max_features"": 1.0, ""min_samples_leaf"": 2, ""splitter"": ""random""}",154,870,0.0,LLVM,random,2,Prop0.15,36,True
kNN,0.0318223242449905,"{""n_neighbors"": 8, ""p"": 1, ""weights"": ""distance""}",154,870,0.01,LLVM,random,2,Prop0.15,36,True
KRR,0.0195123849273995,"{""regressor__kernel"": ""rbf"", ""regressor__gamma"": 0.2, ""regressor__alpha"": 0.1}",154,870,0.01,LLVM,random,2,Prop0.15,36,True
MR,0.0216457557399734,"{""lasso__regressor__alpha"": 0.01}",154,870,0.01,LLVM,random,2,Prop0.15,36,True
RF,0.0182337745250738,"{""max_features"": 1.0, ""min_samples_leaf"": 1, ""n_estimators"": 15}",154,870,0.03,LLVM,random,2,Prop0.15,36,True
SVR,0.0200986173723649,"{""regressor__tol"": 0.1, ""regressor__shrinking"": false, ""regressor__epsilon"": 0.1, ""regressor__coef0"": 1.0, ""regressor__C"": 2.0}",154,870,0.01,LLVM,random,2,Prop0.15,36,True
CART,0.0160423950904983,"{""max_features"": 1.0, ""min_samples_leaf"": 2, ""splitter"": ""random""}",154,870,0.0,LLVM,random,2,Prop0.15,37,True
kNN,0.0314062443984289,"{""n_neighbors"": 8, ""p"": 1, ""weights"": ""distance""}",154,870,0.01,LLVM,random,2,Prop0.15,37,True
KRR,0.0182596783440798,"{""regressor__kernel"": ""rbf"", ""regressor__gamma"": 0.2, ""regressor__alpha"": 0.1}",154,870,0.01,LLVM,random,2,Prop0.15,37,True
MR,0.018657898796912,"{""lasso__regressor__alpha"": 0.01}",154,870,0.01,LLVM,random,2,Prop0.15,37,True
RF,0.0154302234628288,"{""max_features"": 1.0, ""min_samples_leaf"": 1, ""n_estimators"": 15}",154,870,0.02,LLVM,random,2,Prop0.15,37,True
SVR,0.0192512544144993,"{""regressor__tol"": 0.1, ""regressor__shrinking"": false, ""regressor__epsilon"": 0.1, ""regressor__coef0"": 1.0, ""regressor__C"": 2.0}",154,870,0.01,LLVM,random,2,Prop0.15,37,True
CART,0.0224143553556593,"{""max_features"": 1.0, ""min_samples_leaf"": 2, ""splitter"": ""random""}",154,870,0.0,LLVM,random,2,Prop0.15,38,True
kNN,0.0284702111402498,"{""n_neighbors"": 8, ""p"": 1, ""weights"": ""distance""}",154,870,0.01,LLVM,random,2,Prop0.15,38,True
KRR,0.0203884206505519,"{""regressor__kernel"": ""rbf"", ""regressor__gamma"": 0.2, ""regressor__alpha"": 0.1}",154,870,0.01,LLVM,random,2,Prop0.15,38,True
MR,0.0211972472865894,"{""lasso__regressor__alpha"": 0.01}",154,870,0.01,LLVM,random,2,Prop0.15,38,True
RF,0.0182180810401956,"{""max_features"": 1.0, ""min_samples_leaf"": 1, ""n_estimators"": 15}",154,870,0.03,LLVM,random,2,Prop0.15,38,True
SVR,0.020715752880399,"{""regressor__tol"": 0.1, ""regressor__shrinking"": false, ""regressor__epsilon"": 0.1, ""regressor__coef0"": 1.0, ""regressor__C"": 2.0}",154,870,0.01,LLVM,random,2,Prop0.15,38,True
CART,0.0146810819532169,"{""max_features"": 1.0, ""min_samples_leaf"": 2, ""splitter"": ""random""}",154,870,0.0,LLVM,random,2,Prop0.15,39,True
kNN,0.0277209917654557,"{""n_neighbors"": 8, ""p"": 1, ""weights"": ""distance""}",154,870,0.01,LLVM,random,2,Prop0.15,39,True
KRR,0.0200049739900284,"{""regressor__kernel"": ""rbf"", ""regressor__gamma"": 0.2, ""regressor__alpha"": 0.1}",154,870,0.01,LLVM,random,2,Prop0.15,39,True
MR,0.021446582674653,"{""lasso__regressor__alpha"": 0.01}",154,870,0.01,LLVM,random,2,Prop0.15,39,True
RF,0.0154415047988309,"{""max_features"": 1.0, ""min_samples_leaf"": 1, ""n_estimators"": 15}",154,870,0.03,LLVM,random,2,Prop0.15,39,True
SVR,0.020739568814429,"{""regressor__tol"": 0.1, ""regressor__shrinking"": false, ""regressor__epsilon"": 0.1, ""regressor__coef0"": 1.0, ""regressor__C"": 2.0}",154,870,0.01,LLVM,random,2,Prop0.15,39,True
CART,0.016161224706045,"{""max_features"": 1.0, ""min_samples_leaf"": 2, ""splitter"": ""random""}",154,870,0.0,LLVM,random,2,Prop0.15,40,True
kNN,0.0277310363393925,"{""n_neighbors"": 8, ""p"": 1, ""weights"": ""distance""}",154,870,0.01,LLVM,random,2,Prop0.15,40,True
KRR,0.017361239385774,"{""regressor__kernel"": ""rbf"", ""regressor__gamma"": 0.2, ""regressor__alpha"": 0.1}",154,870,0.01,LLVM,random,2,Prop0.15,40,True
MR,0.0202550475703162,"{""lasso__regressor__alpha"": 0.01}",154,870,0.01,LLVM,random,2,Prop0.15,40,True
RF,0.0149305603373247,"{""max_features"": 1.0, ""min_samples_leaf"": 1, ""n_estimators"": 15}",154,870,0.03,LLVM,random,2,Prop0.15,40,True
SVR,0.0180441595277183,"{""regressor__tol"": 0.1, ""regressor__shrinking"": false, ""regressor__epsilon"": 0.1, ""regressor__coef0"": 1.0, ""regressor__C"": 2.0}",154,870,0.01,LLVM,random,2,Prop0.15,40,True
CART,0.0171690184020438,"{""max_features"": 1.0, ""min_samples_leaf"": 2, ""splitter"": ""random""}",154,870,0.0,LLVM,random,2,Prop0.15,41,True
kNN,0.0298569900468694,"{""n_neighbors"": 8, ""p"": 1, ""weights"": ""distance""}",154,870,0.01,LLVM,random,2,Prop0.15,41,True
KRR,0.0184262858836971,"{""regressor__kernel"": ""rbf"", ""regressor__gamma"": 0.2, ""regressor__alpha"": 0.1}",154,870,0.01,LLVM,random,2,Prop0.15,41,True
MR,0.0209240888722029,"{""lasso__regressor__alpha"": 0.01}",154,870,0.01,LLVM,random,2,Prop0.15,41,True
RF,0.0146508717715729,"{""max_features"": 1.0, ""min_samples_leaf"": 1, ""n_estimators"": 15}",154,870,0.03,LLVM,random,2,Prop0.15,41,True
SVR,0.0193649089189015,"{""regressor__tol"": 0.1, ""regressor__shrinking"": false, ""regressor__epsilon"": 0.1, ""regressor__coef0"": 1.0, ""regressor__C"": 2.0}",154,870,0.01,LLVM,random,2,Prop0.15,41,True
CART,0.0158048411728052,"{""max_features"": 1.0, ""min_samples_leaf"": 2, ""splitter"": ""random""}",154,870,0.0,LLVM,random,2,Prop0.15,42,True
kNN,0.029639145243671,"{""n_neighbors"": 8, ""p"": 1, ""weights"": ""distance""}",154,870,0.01,LLVM,random,2,Prop0.15,42,True
KRR,0.0172571684148148,"{""regressor__kernel"": ""rbf"", ""regressor__gamma"": 0.2, ""regressor__alpha"": 0.1}",154,870,0.01,LLVM,random,2,Prop0.15,42,True
MR,0.0200572148642379,"{""lasso__regressor__alpha"": 0.01}",154,870,0.01,LLVM,random,2,Prop0.15,42,True
RF,0.0146003141030761,"{""max_features"": 1.0, ""min_samples_leaf"": 1, ""n_estimators"": 15}",154,870,0.03,LLVM,random,2,Prop0.15,42,True
SVR,0.0172809859049837,"{""regressor__tol"": 0.1, ""regressor__shrinking"": false, ""regressor__epsilon"": 0.1, ""regressor__coef0"": 1.0, ""regressor__C"": 2.0}",154,870,0.01,LLVM,random,2,Prop0.15,42,True
CART,0.0167745059926333,"{""max_features"": 1.0, ""min_samples_leaf"": 2, ""splitter"": ""random""}",154,870,0.0,LLVM,random,2,Prop0.15,43,True
kNN,0.0314261320692332,"{""n_neighbors"": 8, ""p"": 1, ""weights"": ""distance""}",154,870,0.01,LLVM,random,2,Prop0.15,43,True
KRR,0.0184851984861539,"{""regressor__kernel"": ""rbf"", ""regressor__gamma"": 0.2, ""regressor__alpha"": 0.1}",154,870,0.01,LLVM,random,2,Prop0.15,43,True
MR,0.0212516612803136,"{""lasso__regressor__alpha"": 0.01}",154,870,0.01,LLVM,random,2,Prop0.15,43,True
RF,0.0163618640059905,"{""max_features"": 1.0, ""min_samples_leaf"": 1, ""n_estimators"": 15}",154,870,0.03,LLVM,random,2,Prop0.15,43,True
SVR,0.018154460465857,"{""regressor__tol"": 0.1, ""regressor__shrinking"": false, ""regressor__epsilon"": 0.1, ""regressor__coef0"": 1.0, ""regressor__C"": 2.0}",154,870,0.01,LLVM,random,2,Prop0.15,43,True
CART,0.0161410353499988,"{""max_features"": 1.0, ""min_samples_leaf"": 2, ""splitter"": ""random""}",154,870,0.0,LLVM,random,2,Prop0.15,44,True
kNN,0.0281082170686315,"{""n_neighbors"": 8, ""p"": 1, ""weights"": ""distance""}",154,870,0.01,LLVM,random,2,Prop0.15,44,True
KRR,0.0179387484407576,"{""regressor__kernel"": ""rbf"", ""regressor__gamma"": 0.2, ""regressor__alpha"": 0.1}",154,870,0.01,LLVM,random,2,Prop0.15,44,True
MR,0.0213767076423309,"{""lasso__regressor__alpha"": 0.01}",154,870,0.01,LLVM,random,2,Prop0.15,44,True
RF,0.015327686620107,"{""max_features"": 1.0, ""min_samples_leaf"": 1, ""n_estimators"": 15}",154,870,0.03,LLVM,random,2,Prop0.15,44,True
SVR,0.0188395060114745,"{""regressor__tol"": 0.1, ""regressor__shrinking"": false, ""regressor__epsilon"": 0.1, ""regressor__coef0"": 1.0, ""regressor__C"": 2.0}",154,870,0.01,LLVM,random,2,Prop0.15,44,True
CART,0.0170583721871889,"{""max_features"": 1.0, ""min_samples_leaf"": 2, ""splitter"": ""random""}",154,870,0.0,LLVM,random,2,Prop0.15,45,True
kNN,0.0347000627137245,"{""n_neighbors"": 8, ""p"": 1, ""weights"": ""distance""}",154,870,0.01,LLVM,random,2,Prop0.15,45,True
KRR,0.0180015908676565,"{""regressor__kernel"": ""rbf"", ""regressor__gamma"": 0.2, ""regressor__alpha"": 0.1}",154,870,0.01,LLVM,random,2,Prop0.15,45,True
MR,0.0224252517710595,"{""lasso__regressor__alpha"": 0.01}",154,870,0.01,LLVM,random,2,Prop0.15,45,True
RF,0.0159621026866775,"{""max_features"": 1.0, ""min_samples_leaf"": 1, ""n_estimators"": 15}",154,870,0.03,LLVM,random,2,Prop0.15,45,True
SVR,0.0169077596310991,"{""regressor__tol"": 0.1, ""regressor__shrinking"": false, ""regressor__epsilon"": 0.1, ""regressor__coef0"": 1.0, ""regressor__C"": 2.0}",154,870,0.01,LLVM,random,2,Prop0.15,45,True
CART,0.0181718722639614,"{""max_features"": 1.0, ""min_samples_leaf"": 2, ""splitter"": ""random""}",154,870,0.0,LLVM,random,2,Prop0.15,46,True
kNN,0.0275405290981485,"{""n_neighbors"": 8, ""p"": 1, ""weights"": ""distance""}",154,870,0.01,LLVM,random,2,Prop0.15,46,True
KRR,0.0188828159608777,"{""regressor__kernel"": ""rbf"", ""regressor__gamma"": 0.2, ""regressor__alpha"": 0.1}",154,870,0.01,LLVM,random,2,Prop0.15,46,True
MR,0.0203564513377624,"{""lasso__regressor__alpha"": 0.01}",154,870,0.01,LLVM,random,2,Prop0.15,46,True
RF,0.0161596956885544,"{""max_features"": 1.0, ""min_samples_leaf"": 1, ""n_estimators"": 15}",154,870,0.03,LLVM,random,2,Prop0.15,46,True
SVR,0.0187374504822562,"{""regressor__tol"": 0.1, ""regressor__shrinking"": false, ""regressor__epsilon"": 0.1, ""regressor__coef0"": 1.0, ""regressor__C"": 2.0}",154,870,0.01,LLVM,random,2,Prop0.15,46,True
CART,0.016657511458375,"{""max_features"": 1.0, ""min_samples_leaf"": 2, ""splitter"": ""random""}",154,870,0.0,LLVM,random,2,Prop0.15,47,True
kNN,0.0297898645010974,"{""n_neighbors"": 8, ""p"": 1, ""weights"": ""distance""}",154,870,0.0,LLVM,random,2,Prop0.15,47,True
KRR,0.0181542766520132,"{""regressor__kernel"": ""rbf"", ""regressor__gamma"": 0.2, ""regressor__alpha"": 0.1}",154,870,0.01,LLVM,random,2,Prop0.15,47,True
MR,0.0201803674661344,"{""lasso__regressor__alpha"": 0.01}",154,870,0.01,LLVM,random,2,Prop0.15,47,True
RF,0.0148204251258537,"{""max_features"": 1.0, ""min_samples_leaf"": 1, ""n_estimators"": 15}",154,870,0.03,LLVM,random,2,Prop0.15,47,True
SVR,0.0189096104534937,"{""regressor__tol"": 0.1, ""regressor__shrinking"": false, ""regressor__epsilon"": 0.1, ""regressor__coef0"": 1.0, ""regressor__C"": 2.0}",154,870,0.01,LLVM,random,2,Prop0.15,47,True
CART,0.0159747281155395,"{""max_features"": 1.0, ""min_samples_leaf"": 2, ""splitter"": ""random""}",154,870,0.0,LLVM,random,2,Prop0.15,48,True
kNN,0.030182965060218,"{""n_neighbors"": 8, ""p"": 1, ""weights"": ""distance""}",154,870,0.01,LLVM,random,2,Prop0.15,48,True
KRR,0.0180956657157021,"{""regressor__kernel"": ""rbf"", ""regressor__gamma"": 0.2, ""regressor__alpha"": 0.1}",154,870,0.01,LLVM,random,2,Prop0.15,48,True
MR,0.0203458508250751,"{""lasso__regressor__alpha"": 0.01}",154,870,0.01,LLVM,random,2,Prop0.15,48,True
RF,0.0149628385723276,"{""max_features"": 1.0, ""min_samples_leaf"": 1, ""n_estimators"": 15}",154,870,0.03,LLVM,random,2,Prop0.15,48,True
SVR,0.0188111891138837,"{""regressor__tol"": 0.1, ""regressor__shrinking"": false, ""regressor__epsilon"": 0.1, ""regressor__coef0"": 1.0, ""regressor__C"": 2.0}",154,870,0.01,LLVM,random,2,Prop0.15,48,True
CART,0.0156790982670682,"{""max_features"": 1.0, ""min_samples_leaf"": 2, ""splitter"": ""random""}",154,870,0.0,LLVM,random,2,Prop0.15,49,True
kNN,0.0322631025994219,"{""n_neighbors"": 8, ""p"": 1, ""weights"": ""distance""}",154,870,0.0,LLVM,random,2,Prop0.15,49,True
KRR,0.0185790392783324,"{""regressor__kernel"": ""rbf"", ""regressor__gamma"": 0.2, ""regressor__alpha"": 0.1}",154,870,0.0,LLVM,random,2,Prop0.15,49,True
MR,0.0204232136254613,"{""lasso__regressor__alpha"": 0.01}",154,870,0.0,LLVM,random,2,Prop0.15,49,True
RF,0.0151041408575366,"{""max_features"": 1.0, ""min_samples_leaf"": 1, ""n_estimators"": 15}",154,870,0.03,LLVM,random,2,Prop0.15,49,True
SVR,0.0188459698887943,"{""regressor__tol"": 0.1, ""regressor__shrinking"": false, ""regressor__epsilon"": 0.1, ""regressor__coef0"": 1.0, ""regressor__C"": 2.0}",154,870,0.01,LLVM,random,2,Prop0.15,49,True
CART,0.0192127305742662,"{""max_features"": 1.0, ""min_samples_leaf"": 2, ""splitter"": ""random""}",154,870,0.0,LLVM,random,2,Prop0.15,50,True
kNN,0.0312381992037856,"{""n_neighbors"": 8, ""p"": 1, ""weights"": ""distance""}",154,870,0.01,LLVM,random,2,Prop0.15,50,True
KRR,0.0172641058544711,"{""regressor__kernel"": ""rbf"", ""regressor__gamma"": 0.2, ""regressor__alpha"": 0.1}",154,870,0.01,LLVM,random,2,Prop0.15,50,True
MR,0.0206639547892572,"{""lasso__regressor__alpha"": 0.01}",154,870,0.01,LLVM,random,2,Prop0.15,50,True
RF,0.0157979680273535,"{""max_features"": 1.0, ""min_samples_leaf"": 1, ""n_estimators"": 15}",154,870,0.03,LLVM,random,2,Prop0.15,50,True
SVR,0.0168500250683486,"{""regressor__tol"": 0.1, ""regressor__shrinking"": false, ""regressor__epsilon"": 0.1, ""regressor__coef0"": 1.0, ""regressor__C"": 2.0}",154,870,0.01,LLVM,random,2,Prop0.15,50,True
CART,0.0167416511555218,"{""max_features"": 1.0, ""min_samples_leaf"": 2, ""splitter"": ""random""}",154,870,0.0,LLVM,random,2,Prop0.15,51,True
kNN,0.0292118433997251,"{""n_neighbors"": 8, ""p"": 1, ""weights"": ""distance""}",154,870,0.01,LLVM,random,2,Prop0.15,51,True
KRR,0.017432952955229,"{""regressor__kernel"": ""rbf"", ""regressor__gamma"": 0.2, ""regressor__alpha"": 0.1}",154,870,0.01,LLVM,random,2,Prop0.15,51,True
MR,0.0193772129012989,"{""lasso__regressor__alpha"": 0.01}",154,870,0.01,LLVM,random,2,Prop0.15,51,True
RF,0.0146724544571889,"{""max_features"": 1.0, ""min_samples_leaf"": 1, ""n_estimators"": 15}",154,870,0.03,LLVM,random,2,Prop0.15,51,True
SVR,0.0182574437438794,"{""regressor__tol"": 0.1, ""regressor__shrinking"": false, ""regressor__epsilon"": 0.1, ""regressor__coef0"": 1.0, ""regressor__C"": 2.0}",154,870,0.01,LLVM,random,2,Prop0.15,51,True
CART,0.0166846321991353,"{""max_features"": 1.0, ""min_samples_leaf"": 2, ""splitter"": ""random""}",154,870,0.0,LLVM,random,2,Prop0.15,52,True
kNN,0.0287382552859227,"{""n_neighbors"": 8, ""p"": 1, ""weights"": ""distance""}",154,870,0.01,LLVM,random,2,Prop0.15,52,True
KRR,0.0164006103372122,"{""regressor__kernel"": ""rbf"", ""regressor__gamma"": 0.2, ""regressor__alpha"": 0.1}",154,870,0.01,LLVM,random,2,Prop0.15,52,True
MR,0.0198760454737202,"{""lasso__regressor__alpha"": 0.01}",154,870,0.01,LLVM,random,2,Prop0.15,52,True
RF,0.0157343358854458,"{""max_features"": 1.0, ""min_samples_leaf"": 1, ""n_estimators"": 15}",154,870,0.03,LLVM,random,2,Prop0.15,52,True
SVR,0.0170288169938354,"{""regressor__tol"": 0.1, ""regressor__shrinking"": false, ""regressor__epsilon"": 0.1, ""regressor__coef0"": 1.0, ""regressor__C"": 2.0}",154,870,0.01,LLVM,random,2,Prop0.15,52,True
CART,0.0182522914775139,"{""max_features"": 1.0, ""min_samples_leaf"": 2, ""splitter"": ""random""}",154,870,0.0,LLVM,random,2,Prop0.15,53,True
kNN,0.0285822965433995,"{""n_neighbors"": 8, ""p"": 1, ""weights"": ""distance""}",154,870,0.01,LLVM,random,2,Prop0.15,53,True
KRR,0.0180573046594256,"{""regressor__kernel"": ""rbf"", ""regressor__gamma"": 0.2, ""regressor__alpha"": 0.1}",154,870,0.01,LLVM,random,2,Prop0.15,53,True
MR,0.0228055697430825,"{""lasso__regressor__alpha"": 0.01}",154,870,0.01,LLVM,random,2,Prop0.15,53,True
RF,0.0158981039088554,"{""max_features"": 1.0, ""min_samples_leaf"": 1, ""n_estimators"": 15}",154,870,0.03,LLVM,random,2,Prop0.15,53,True
SVR,0.0182676792958295,"{""regressor__tol"": 0.1, ""regressor__shrinking"": false, ""regressor__epsilon"": 0.1, ""regressor__coef0"": 1.0, ""regressor__C"": 2.0}",154,870,0.01,LLVM,random,2,Prop0.15,53,True
CART,0.0186820061907503,"{""max_features"": 1.0, ""min_samples_leaf"": 2, ""splitter"": ""random""}",154,870,0.0,LLVM,random,2,Prop0.15,54,True
kNN,0.0302913626762056,"{""n_neighbors"": 8, ""p"": 1, ""weights"": ""distance""}",154,870,0.01,LLVM,random,2,Prop0.15,54,True
KRR,0.0185885164548145,"{""regressor__kernel"": ""rbf"", ""regressor__gamma"": 0.2, ""regressor__alpha"": 0.1}",154,870,0.01,LLVM,random,2,Prop0.15,54,True
MR,0.0211584430083251,"{""lasso__regressor__alpha"": 0.01}",154,870,0.01,LLVM,random,2,Prop0.15,54,True
RF,0.0166949644271323,"{""max_features"": 1.0, ""min_samples_leaf"": 1, ""n_estimators"": 15}",154,870,0.03,LLVM,random,2,Prop0.15,54,True
SVR,0.0196389549044154,"{""regressor__tol"": 0.1, ""regressor__shrinking"": false, ""regressor__epsilon"": 0.1, ""regressor__coef0"": 1.0, ""regressor__C"": 2.0}",154,870,0.01,LLVM,random,2,Prop0.15,54,True
CART,0.0214003420793296,"{""max_features"": 1.0, ""min_samples_leaf"": 2, ""splitter"": ""random""}",154,870,0.0,LLVM,random,2,Prop0.15,55,True
kNN,0.0339138053989852,"{""n_neighbors"": 8, ""p"": 1, ""weights"": ""distance""}",154,870,0.01,LLVM,random,2,Prop0.15,55,True
KRR,0.0197963502902275,"{""regressor__kernel"": ""rbf"", ""regressor__gamma"": 0.2, ""regressor__alpha"": 0.1}",154,870,0.01,LLVM,random,2,Prop0.15,55,True
MR,0.0232047091751094,"{""lasso__regressor__alpha"": 0.01}",154,870,0.01,LLVM,random,2,Prop0.15,55,True
RF,0.0175823905372931,"{""max_features"": 1.0, ""min_samples_leaf"": 1, ""n_estimators"": 15}",154,870,0.02,LLVM,random,2,Prop0.15,55,True
SVR,0.02229026722676,"{""regressor__tol"": 0.1, ""regressor__shrinking"": false, ""regressor__epsilon"": 0.1, ""regressor__coef0"": 1.0, ""regressor__C"": 2.0}",154,870,0.01,LLVM,random,2,Prop0.15,55,True
CART,0.0203977230605044,"{""max_features"": 1.0, ""min_samples_leaf"": 2, ""splitter"": ""random""}",154,870,0.0,LLVM,random,2,Prop0.15,56,True
kNN,0.0274405959233605,"{""n_neighbors"": 8, ""p"": 1, ""weights"": ""distance""}",154,870,0.01,LLVM,random,2,Prop0.15,56,True
KRR,0.0173530255918344,"{""regressor__kernel"": ""rbf"", ""regressor__gamma"": 0.2, ""regressor__alpha"": 0.1}",154,870,0.01,LLVM,random,2,Prop0.15,56,True
MR,0.0200189479314709,"{""lasso__regressor__alpha"": 0.01}",154,870,0.01,LLVM,random,2,Prop0.15,56,True
RF,0.0167913387556392,"{""max_features"": 1.0, ""min_samples_leaf"": 1, ""n_estimators"": 15}",154,870,0.03,LLVM,random,2,Prop0.15,56,True
SVR,0.0167616015735848,"{""regressor__tol"": 0.1, ""regressor__shrinking"": false, ""regressor__epsilon"": 0.1, ""regressor__coef0"": 1.0, ""regressor__C"": 2.0}",154,870,0.01,LLVM,random,2,Prop0.15,56,True
CART,0.0176813902773515,"{""max_features"": 1.0, ""min_samples_leaf"": 2, ""splitter"": ""random""}",154,870,0.0,LLVM,random,2,Prop0.15,57,True
kNN,0.0324059273780011,"{""n_neighbors"": 8, ""p"": 1, ""weights"": ""distance""}",154,870,0.01,LLVM,random,2,Prop0.15,57,True
KRR,0.0194636491310547,"{""regressor__kernel"": ""rbf"", ""regressor__gamma"": 0.2, ""regressor__alpha"": 0.1}",154,870,0.01,LLVM,random,2,Prop0.15,57,True
MR,0.021396063391826,"{""lasso__regressor__alpha"": 0.01}",154,870,0.0,LLVM,random,2,Prop0.15,57,True
RF,0.0154486362218778,"{""max_features"": 1.0, ""min_samples_leaf"": 1, ""n_estimators"": 15}",154,870,0.03,LLVM,random,2,Prop0.15,57,True
SVR,0.0198771830215765,"{""regressor__tol"": 0.1, ""regressor__shrinking"": false, ""regressor__epsilon"": 0.1, ""regressor__coef0"": 1.0, ""regressor__C"": 2.0}",154,870,0.01,LLVM,random,2,Prop0.15,57,True
CART,0.0163437293239758,"{""max_features"": 1.0, ""min_samples_leaf"": 2, ""splitter"": ""random""}",154,870,0.0,LLVM,random,2,Prop0.15,58,True
kNN,0.0301654306181901,"{""n_neighbors"": 8, ""p"": 1, ""weights"": ""distance""}",154,870,0.01,LLVM,random,2,Prop0.15,58,True
KRR,0.0182646277596469,"{""regressor__kernel"": ""rbf"", ""regressor__gamma"": 0.2, ""regressor__alpha"": 0.1}",154,870,0.01,LLVM,random,2,Prop0.15,58,True
MR,0.0200452906507207,"{""lasso__regressor__alpha"": 0.01}",154,870,0.01,LLVM,random,2,Prop0.15,58,True
RF,0.0156870786722836,"{""max_features"": 1.0, ""min_samples_leaf"": 1, ""n_estimators"": 15}",154,870,0.03,LLVM,random,2,Prop0.15,58,True
SVR,0.0192595542840471,"{""regressor__tol"": 0.1, ""regressor__shrinking"": false, ""regressor__epsilon"": 0.1, ""regressor__coef0"": 1.0, ""regressor__C"": 2.0}",154,870,0.01,LLVM,random,2,Prop0.15,58,True
CART,0.0192461674818127,"{""max_features"": 1.0, ""min_samples_leaf"": 2, ""splitter"": ""random""}",154,870,0.0,LLVM,random,2,Prop0.15,59,True
kNN,0.0296757253760786,"{""n_neighbors"": 8, ""p"": 1, ""weights"": ""distance""}",154,870,0.01,LLVM,random,2,Prop0.15,59,True
KRR,0.0189020750865657,"{""regressor__kernel"": ""rbf"", ""regressor__gamma"": 0.2, ""regressor__alpha"": 0.1}",154,870,0.01,LLVM,random,2,Prop0.15,59,True
MR,0.0217561625174816,"{""lasso__regressor__alpha"": 0.01}",154,870,0.01,LLVM,random,2,Prop0.15,59,True
RF,0.0176693985107769,"{""max_features"": 1.0, ""min_samples_leaf"": 1, ""n_estimators"": 15}",154,870,0.03,LLVM,random,2,Prop0.15,59,True
SVR,0.0181343071813334,"{""regressor__tol"": 0.1, ""regressor__shrinking"": false, ""regressor__epsilon"": 0.1, ""regressor__coef0"": 1.0, ""regressor__C"": 2.0}",154,870,0.01,LLVM,random,2,Prop0.15,59,True
CART,0.0162105306754215,"{""max_features"": 1.0, ""min_samples_leaf"": 2, ""splitter"": ""random""}",154,870,0.0,LLVM,random,2,Prop0.15,60,True
kNN,0.0295495385837526,"{""n_neighbors"": 8, ""p"": 1, ""weights"": ""distance""}",154,870,0.01,LLVM,random,2,Prop0.15,60,True
KRR,0.0180372355936739,"{""regressor__kernel"": ""rbf"", ""regressor__gamma"": 0.2, ""regressor__alpha"": 0.1}",154,870,0.01,LLVM,random,2,Prop0.15,60,True
MR,0.0215874094437149,"{""lasso__regressor__alpha"": 0.01}",154,870,0.01,LLVM,random,2,Prop0.15,60,True
RF,0.0154526023667242,"{""max_features"": 1.0, ""min_samples_leaf"": 1, ""n_estimators"": 15}",154,870,0.03,LLVM,random,2,Prop0.15,60,True
SVR,0.018461103148065,"{""regressor__tol"": 0.1, ""regressor__shrinking"": false, ""regressor__epsilon"": 0.1, ""regressor__coef0"": 1.0, ""regressor__C"": 2.0}",154,870,0.01,LLVM,random,2,Prop0.15,60,True
CART,0.0181314808500887,"{""max_features"": 1.0, ""min_samples_leaf"": 2, ""splitter"": ""random""}",154,870,0.0,LLVM,random,2,Prop0.15,61,True
kNN,0.0314554088233857,"{""n_neighbors"": 8, ""p"": 1, ""weights"": ""distance""}",154,870,0.01,LLVM,random,2,Prop0.15,61,True
KRR,0.0202514290357293,"{""regressor__kernel"": ""rbf"", ""regressor__gamma"": 0.2, ""regressor__alpha"": 0.1}",154,870,0.01,LLVM,random,2,Prop0.15,61,True
MR,0.0195134790109654,"{""lasso__regressor__alpha"": 0.01}",154,870,0.01,LLVM,random,2,Prop0.15,61,True
RF,0.0179442712150831,"{""max_features"": 1.0, ""min_samples_leaf"": 1, ""n_estimators"": 15}",154,870,0.03,LLVM,random,2,Prop0.15,61,True
SVR,0.0207083870674879,"{""regressor__tol"": 0.1, ""regressor__shrinking"": false, ""regressor__epsilon"": 0.1, ""regressor__coef0"": 1.0, ""regressor__C"": 2.0}",154,870,0.01,LLVM,random,2,Prop0.15,61,True
CART,0.0187493841114939,"{""max_features"": 1.0, ""min_samples_leaf"": 2, ""splitter"": ""random""}",154,870,0.0,LLVM,random,2,Prop0.15,62,True
kNN,0.0304236462329199,"{""n_neighbors"": 8, ""p"": 1, ""weights"": ""distance""}",154,870,0.01,LLVM,random,2,Prop0.15,62,True
KRR,0.0181877405387437,"{""regressor__kernel"": ""rbf"", ""regressor__gamma"": 0.2, ""regressor__alpha"": 0.1}",154,870,0.01,LLVM,random,2,Prop0.15,62,True
MR,0.0208938734283326,"{""lasso__regressor__alpha"": 0.01}",154,870,0.01,LLVM,random,2,Prop0.15,62,True
RF,0.0167741428245913,"{""max_features"": 1.0, ""min_samples_leaf"": 1, ""n_estimators"": 15}",154,870,0.03,LLVM,random,2,Prop0.15,62,True
SVR,0.0191741803836743,"{""regressor__tol"": 0.1, ""regressor__shrinking"": false, ""regressor__epsilon"": 0.1, ""regressor__coef0"": 1.0, ""regressor__C"": 2.0}",154,870,0.01,LLVM,random,2,Prop0.15,62,True
CART,0.0199549886448566,"{""max_features"": 1.0, ""min_samples_leaf"": 2, ""splitter"": ""random""}",154,870,0.0,LLVM,random,2,Prop0.15,63,True
kNN,0.0315212024024138,"{""n_neighbors"": 8, ""p"": 1, ""weights"": ""distance""}",154,870,0.01,LLVM,random,2,Prop0.15,63,True
KRR,0.0176013344536555,"{""regressor__kernel"": ""rbf"", ""regressor__gamma"": 0.2, ""regressor__alpha"": 0.1}",154,870,0.01,LLVM,random,2,Prop0.15,63,True
MR,0.0196588452211385,"{""lasso__regressor__alpha"": 0.01}",154,870,0.01,LLVM,random,2,Prop0.15,63,True
RF,0.0162550580806613,"{""max_features"": 1.0, ""min_samples_leaf"": 1, ""n_estimators"": 15}",154,870,0.03,LLVM,random,2,Prop0.15,63,True
SVR,0.0181048538362822,"{""regressor__tol"": 0.1, ""regressor__shrinking"": false, ""regressor__epsilon"": 0.1, ""regressor__coef0"": 1.0, ""regressor__C"": 2.0}",154,870,0.01,LLVM,random,2,Prop0.15,63,True
CART,0.0172354749561525,"{""max_features"": 1.0, ""min_samples_leaf"": 2, ""splitter"": ""random""}",154,870,0.0,LLVM,random,2,Prop0.15,64,True
kNN,0.0292353837893613,"{""n_neighbors"": 8, ""p"": 1, ""weights"": ""distance""}",154,870,0.01,LLVM,random,2,Prop0.15,64,True
KRR,0.0183861977092993,"{""regressor__kernel"": ""rbf"", ""regressor__gamma"": 0.2, ""regressor__alpha"": 0.1}",154,870,0.01,LLVM,random,2,Prop0.15,64,True
MR,0.020453033270731,"{""lasso__regressor__alpha"": 0.01}",154,870,0.01,LLVM,random,2,Prop0.15,64,True
RF,0.0165860204490293,"{""max_features"": 1.0, ""min_samples_leaf"": 1, ""n_estimators"": 15}",154,870,0.03,LLVM,random,2,Prop0.15,64,True
SVR,0.0182825019711699,"{""regressor__tol"": 0.1, ""regressor__shrinking"": false, ""regressor__epsilon"": 0.1, ""regressor__coef0"": 1.0, ""regressor__C"": 2.0}",154,870,0.01,LLVM,random,2,Prop0.15,64,True
CART,0.0182816611918122,"{""max_features"": 1.0, ""min_samples_leaf"": 2, ""splitter"": ""random""}",154,870,0.0,LLVM,random,2,Prop0.15,65,True
kNN,0.0312920146534537,"{""n_neighbors"": 8, ""p"": 1, ""weights"": ""distance""}",154,870,0.01,LLVM,random,2,Prop0.15,65,True
KRR,0.0190375111235833,"{""regressor__kernel"": ""rbf"", ""regressor__gamma"": 0.2, ""regressor__alpha"": 0.1}",154,870,0.01,LLVM,random,2,Prop0.15,65,True
MR,0.0211601327161582,"{""lasso__regressor__alpha"": 0.01}",154,870,0.01,LLVM,random,2,Prop0.15,65,True
RF,0.0163939645074128,"{""max_features"": 1.0, ""min_samples_leaf"": 1, ""n_estimators"": 15}",154,870,0.03,LLVM,random,2,Prop0.15,65,True
SVR,0.0198239163460816,"{""regressor__tol"": 0.1, ""regressor__shrinking"": false, ""regressor__epsilon"": 0.1, ""regressor__coef0"": 1.0, ""regressor__C"": 2.0}",154,870,0.01,LLVM,random,2,Prop0.15,65,True
CART,0.0147359209215956,"{""max_features"": 1.0, ""min_samples_leaf"": 2, ""splitter"": ""random""}",154,870,0.0,LLVM,random,2,Prop0.15,66,True
kNN,0.0335217548783707,"{""n_neighbors"": 8, ""p"": 1, ""weights"": ""distance""}",154,870,0.01,LLVM,random,2,Prop0.15,66,True
KRR,0.0187704729302177,"{""regressor__kernel"": ""rbf"", ""regressor__gamma"": 0.2, ""regressor__alpha"": 0.1}",154,870,0.01,LLVM,random,2,Prop0.15,66,True
MR,0.0224046376824161,"{""lasso__regressor__alpha"": 0.01}",154,870,0.01,LLVM,random,2,Prop0.15,66,True
RF,0.0153792572544545,"{""max_features"": 1.0, ""min_samples_leaf"": 1, ""n_estimators"": 15}",154,870,0.03,LLVM,random,2,Prop0.15,66,True
SVR,0.019678419733711,"{""regressor__tol"": 0.1, ""regressor__shrinking"": false, ""regressor__epsilon"": 0.1, ""regressor__coef0"": 1.0, ""regressor__C"": 2.0}",154,870,0.01,LLVM,random,2,Prop0.15,66,True
CART,0.0186578626915736,"{""max_features"": 1.0, ""min_samples_leaf"": 2, ""splitter"": ""random""}",154,870,0.0,LLVM,random,2,Prop0.15,67,True
kNN,0.0292091673480899,"{""n_neighbors"": 8, ""p"": 1, ""weights"": ""distance""}",154,870,0.01,LLVM,random,2,Prop0.15,67,True
KRR,0.0188676809536236,"{""regressor__kernel"": ""rbf"", ""regressor__gamma"": 0.2, ""regressor__alpha"": 0.1}",154,870,0.01,LLVM,random,2,Prop0.15,67,True
MR,0.0200743895713496,"{""lasso__regressor__alpha"": 0.01}",154,870,0.01,LLVM,random,2,Prop0.15,67,True
RF,0.0158663438792345,"{""max_features"": 1.0, ""min_samples_leaf"": 1, ""n_estimators"": 15}",154,870,0.03,LLVM,random,2,Prop0.15,67,True
SVR,0.0195947647019004,"{""regressor__tol"": 0.1, ""regressor__shrinking"": false, ""regressor__epsilon"": 0.1, ""regressor__coef0"": 1.0, ""regressor__C"": 2.0}",154,870,0.01,LLVM,random,2,Prop0.15,67,True
CART,0.0152382397213446,"{""max_features"": 1.0, ""min_samples_leaf"": 2, ""splitter"": ""random""}",154,870,0.0,LLVM,random,2,Prop0.15,68,True
kNN,0.0325879682534615,"{""n_neighbors"": 8, ""p"": 1, ""weights"": ""distance""}",154,870,0.01,LLVM,random,2,Prop0.15,68,True
KRR,0.0171839324243256,"{""regressor__kernel"": ""rbf"", ""regressor__gamma"": 0.2, ""regressor__alpha"": 0.1}",154,870,0.01,LLVM,random,2,Prop0.15,68,True
MR,0.0199503774817898,"{""lasso__regressor__alpha"": 0.01}",154,870,0.01,LLVM,random,2,Prop0.15,68,True
RF,0.0156193426085278,"{""max_features"": 1.0, ""min_samples_leaf"": 1, ""n_estimators"": 15}",154,870,0.03,LLVM,random,2,Prop0.15,68,True
SVR,0.0189611825512147,"{""regressor__tol"": 0.1, ""regressor__shrinking"": false, ""regressor__epsilon"": 0.1, ""regressor__coef0"": 1.0, ""regressor__C"": 2.0}",154,870,0.01,LLVM,random,2,Prop0.15,68,True
CART,0.0170882786713672,"{""max_features"": 1.0, ""min_samples_leaf"": 2, ""splitter"": ""random""}",154,870,0.0,LLVM,random,2,Prop0.15,69,True
kNN,0.0311716778579938,"{""n_neighbors"": 8, ""p"": 1, ""weights"": ""distance""}",154,870,0.01,LLVM,random,2,Prop0.15,69,True
KRR,0.0198381666053068,"{""regressor__kernel"": ""rbf"", ""regressor__gamma"": 0.2, ""regressor__alpha"": 0.1}",154,870,0.01,LLVM,random,2,Prop0.15,69,True
MR,0.0198197999535364,"{""lasso__regressor__alpha"": 0.01}",154,870,0.01,LLVM,random,2,Prop0.15,69,True
RF,0.0148619977145997,"{""max_features"": 1.0, ""min_samples_leaf"": 1, ""n_estimators"": 15}",154,870,0.03,LLVM,random,2,Prop0.15,69,True
SVR,0.0206841820781071,"{""regressor__tol"": 0.1, ""regressor__shrinking"": false, ""regressor__epsilon"": 0.1, ""regressor__coef0"": 1.0, ""regressor__C"": 2.0}",154,870,0.01,LLVM,random,2,Prop0.15,69,True
CART,0.0169573163359735,"{""max_features"": 1.0, ""min_samples_leaf"": 2, ""splitter"": ""random""}",154,870,0.0,LLVM,random,2,Prop0.15,70,True
kNN,0.0327265163391109,"{""n_neighbors"": 8, ""p"": 1, ""weights"": ""distance""}",154,870,0.01,LLVM,random,2,Prop0.15,70,True
KRR,0.0171092675648765,"{""regressor__kernel"": ""rbf"", ""regressor__gamma"": 0.2, ""regressor__alpha"": 0.1}",154,870,0.01,LLVM,random,2,Prop0.15,70,True
MR,0.0218449817414569,"{""lasso__regressor__alpha"": 0.01}",154,870,0.01,LLVM,random,2,Prop0.15,70,True
RF,0.0158001931409665,"{""max_features"": 1.0, ""min_samples_leaf"": 1, ""n_estimators"": 15}",154,870,0.03,LLVM,random,2,Prop0.15,70,True
SVR,0.0181509938086212,"{""regressor__tol"": 0.1, ""regressor__shrinking"": false, ""regressor__epsilon"": 0.1, ""regressor__coef0"": 1.0, ""regressor__C"": 2.0}",154,870,0.01,LLVM,random,2,Prop0.15,70,True
CART,0.0186178360546694,"{""max_features"": 1.0, ""min_samples_leaf"": 2, ""splitter"": ""random""}",154,870,0.0,LLVM,random,2,Prop0.15,71,True
kNN,0.0302939365000763,"{""n_neighbors"": 8, ""p"": 1, ""weights"": ""distance""}",154,870,0.01,LLVM,random,2,Prop0.15,71,True
KRR,0.0185757065634861,"{""regressor__kernel"": ""rbf"", ""regressor__gamma"": 0.2, ""regressor__alpha"": 0.1}",154,870,0.01,LLVM,random,2,Prop0.15,71,True
MR,0.0205019787191263,"{""lasso__regressor__alpha"": 0.01}",154,870,0.01,LLVM,random,2,Prop0.15,71,True
RF,0.0156670413651604,"{""max_features"": 1.0, ""min_samples_leaf"": 1, ""n_estimators"": 15}",154,870,0.03,LLVM,random,2,Prop0.15,71,True
SVR,0.0184112949247525,"{""regressor__tol"": 0.1, ""regressor__shrinking"": false, ""regressor__epsilon"": 0.1, ""regressor__coef0"": 1.0, ""regressor__C"": 2.0}",154,870,0.01,LLVM,random,2,Prop0.15,71,True
CART,0.0209435416113263,"{""max_features"": 1.0, ""min_samples_leaf"": 2, ""splitter"": ""random""}",154,870,0.0,LLVM,random,2,Prop0.15,72,True
kNN,0.032949697515429,"{""n_neighbors"": 8, ""p"": 1, ""weights"": ""distance""}",154,870,0.01,LLVM,random,2,Prop0.15,72,True
KRR,0.0193207973555569,"{""regressor__kernel"": ""rbf"", ""regressor__gamma"": 0.2, ""regressor__alpha"": 0.1}",154,870,0.01,LLVM,random,2,Prop0.15,72,True
MR,0.0216468204725205,"{""lasso__regressor__alpha"": 0.01}",154,870,0.01,LLVM,random,2,Prop0.15,72,True
RF,0.017386234141209,"{""max_features"": 1.0, ""min_samples_leaf"": 1, ""n_estimators"": 15}",154,870,0.03,LLVM,random,2,Prop0.15,72,True
SVR,0.0186489850100248,"{""regressor__tol"": 0.1, ""regressor__shrinking"": false, ""regressor__epsilon"": 0.1, ""regressor__coef0"": 1.0, ""regressor__C"": 2.0}",154,870,0.01,LLVM,random,2,Prop0.15,72,True
CART,0.0158141478148102,"{""max_features"": 1.0, ""min_samples_leaf"": 2, ""splitter"": ""random""}",154,870,0.0,LLVM,random,2,Prop0.15,73,True
kNN,0.028603420450569,"{""n_neighbors"": 8, ""p"": 1, ""weights"": ""distance""}",154,870,0.01,LLVM,random,2,Prop0.15,73,True
KRR,0.0161431870000048,"{""regressor__kernel"": ""rbf"", ""regressor__gamma"": 0.2, ""regressor__alpha"": 0.1}",154,870,0.01,LLVM,random,2,Prop0.15,73,True
MR,0.0200731233864947,"{""lasso__regressor__alpha"": 0.01}",154,870,0.01,LLVM,random,2,Prop0.15,73,True
RF,0.0165314492468681,"{""max_features"": 1.0, ""min_samples_leaf"": 1, ""n_estimators"": 15}",154,870,0.03,LLVM,random,2,Prop0.15,73,True
SVR,0.0165160929520914,"{""regressor__tol"": 0.1, ""regressor__shrinking"": false, ""regressor__epsilon"": 0.1, ""regressor__coef0"": 1.0, ""regressor__C"": 2.0}",154,870,0.01,LLVM,random,2,Prop0.15,73,True
CART,0.0163147011122815,"{""max_features"": 1.0, ""min_samples_leaf"": 2, ""splitter"": ""random""}",154,870,0.0,LLVM,random,2,Prop0.15,74,True
kNN,0.0317326179908804,"{""n_neighbors"": 8, ""p"": 1, ""weights"": ""distance""}",154,870,0.01,LLVM,random,2,Prop0.15,74,True
KRR,0.0181026026024197,"{""regressor__kernel"": ""rbf"", ""regressor__gamma"": 0.2, ""regressor__alpha"": 0.1}",154,870,0.01,LLVM,random,2,Prop0.15,74,True
MR,0.021626120245287,"{""lasso__regressor__alpha"": 0.01}",154,870,0.01,LLVM,random,2,Prop0.15,74,True
RF,0.0138425776377636,"{""max_features"": 1.0, ""min_samples_leaf"": 1, ""n_estimators"": 15}",154,870,0.03,LLVM,random,2,Prop0.15,74,True
SVR,0.0189335810634069,"{""regressor__tol"": 0.1, ""regressor__shrinking"": false, ""regressor__epsilon"": 0.1, ""regressor__coef0"": 1.0, ""regressor__C"": 2.0}",154,870,0.01,LLVM,random,2,Prop0.15,74,True
CART,0.0179304554937987,"{""max_features"": 1.0, ""min_samples_leaf"": 2, ""splitter"": ""random""}",154,870,0.0,LLVM,random,2,Prop0.15,75,True
kNN,0.0288838985996966,"{""n_neighbors"": 8, ""p"": 1, ""weights"": ""distance""}",154,870,0.01,LLVM,random,2,Prop0.15,75,True
KRR,0.0174553025892837,"{""regressor__kernel"": ""rbf"", ""regressor__gamma"": 0.2, ""regressor__alpha"": 0.1}",154,870,0.01,LLVM,random,2,Prop0.15,75,True
MR,0.0225738824185771,"{""lasso__regressor__alpha"": 0.01}",154,870,0.01,LLVM,random,2,Prop0.15,75,True
RF,0.015135078538747,"{""max_features"": 1.0, ""min_samples_leaf"": 1, ""n_estimators"": 15}",154,870,0.03,LLVM,random,2,Prop0.15,75,True
SVR,0.0180400088766084,"{""regressor__tol"": 0.1, ""regressor__shrinking"": false, ""regressor__epsilon"": 0.1, ""regressor__coef0"": 1.0, ""regressor__C"": 2.0}",154,870,0.01,LLVM,random,2,Prop0.15,75,True
CART,0.0169922788008281,"{""max_features"": 1.0, ""min_samples_leaf"": 2, ""splitter"": ""random""}",154,870,0.0,LLVM,random,2,Prop0.15,76,True
kNN,0.0294504916268603,"{""n_neighbors"": 8, ""p"": 1, ""weights"": ""distance""}",154,870,0.0,LLVM,random,2,Prop0.15,76,True
KRR,0.0176192919827814,"{""regressor__kernel"": ""rbf"", ""regressor__gamma"": 0.2, ""regressor__alpha"": 0.1}",154,870,0.01,LLVM,random,2,Prop0.15,76,True
MR,0.0199978127134788,"{""lasso__regressor__alpha"": 0.01}",154,870,0.01,LLVM,random,2,Prop0.15,76,True
RF,0.0163958519099541,"{""max_features"": 1.0, ""min_samples_leaf"": 1, ""n_estimators"": 15}",154,870,0.03,LLVM,random,2,Prop0.15,76,True
SVR,0.0178357137054427,"{""regressor__tol"": 0.1, ""regressor__shrinking"": false, ""regressor__epsilon"": 0.1, ""regressor__coef0"": 1.0, ""regressor__C"": 2.0}",154,870,0.01,LLVM,random,2,Prop0.15,76,True
CART,0.0207324618014099,"{""max_features"": 1.0, ""min_samples_leaf"": 2, ""splitter"": ""random""}",154,870,0.0,LLVM,random,2,Prop0.15,77,True
kNN,0.0311158221099161,"{""n_neighbors"": 8, ""p"": 1, ""weights"": ""distance""}",154,870,0.01,LLVM,random,2,Prop0.15,77,True
KRR,0.017720537869354,"{""regressor__kernel"": ""rbf"", ""regressor__gamma"": 0.2, ""regressor__alpha"": 0.1}",154,870,0.01,LLVM,random,2,Prop0.15,77,True
MR,0.0202035320520874,"{""lasso__regressor__alpha"": 0.01}",154,870,0.01,LLVM,random,2,Prop0.15,77,True
RF,0.0158324133747728,"{""max_features"": 1.0, ""min_samples_leaf"": 1, ""n_estimators"": 15}",154,870,0.02,LLVM,random,2,Prop0.15,77,True
SVR,0.0182523562411167,"{""regressor__tol"": 0.1, ""regressor__shrinking"": false, ""regressor__epsilon"": 0.1, ""regressor__coef0"": 1.0, ""regressor__C"": 2.0}",154,870,0.01,LLVM,random,2,Prop0.15,77,True
CART,0.0188910771363744,"{""max_features"": 1.0, ""min_samples_leaf"": 2, ""splitter"": ""random""}",154,870,0.0,LLVM,random,2,Prop0.15,78,True
kNN,0.0319859776412648,"{""n_neighbors"": 8, ""p"": 1, ""weights"": ""distance""}",154,870,0.01,LLVM,random,2,Prop0.15,78,True
KRR,0.0172055696012167,"{""regressor__kernel"": ""rbf"", ""regressor__gamma"": 0.2, ""regressor__alpha"": 0.1}",154,870,0.01,LLVM,random,2,Prop0.15,78,True
MR,0.0200127868759204,"{""lasso__regressor__alpha"": 0.01}",154,870,0.01,LLVM,random,2,Prop0.15,78,True
RF,0.0145414379187162,"{""max_features"": 1.0, ""min_samples_leaf"": 1, ""n_estimators"": 15}",154,870,0.03,LLVM,random,2,Prop0.15,78,True
SVR,0.0180192536852299,"{""regressor__tol"": 0.1, ""regressor__shrinking"": false, ""regressor__epsilon"": 0.1, ""regressor__coef0"": 1.0, ""regressor__C"": 2.0}",154,870,0.01,LLVM,random,2,Prop0.15,78,True
CART,0.0195806867398585,"{""max_features"": 1.0, ""min_samples_leaf"": 2, ""splitter"": ""random""}",154,870,0.0,LLVM,random,2,Prop0.15,79,True
kNN,0.0336767086376981,"{""n_neighbors"": 8, ""p"": 1, ""weights"": ""distance""}",154,870,0.01,LLVM,random,2,Prop0.15,79,True
KRR,0.0194577080484676,"{""regressor__kernel"": ""rbf"", ""regressor__gamma"": 0.2, ""regressor__alpha"": 0.1}",154,870,0.01,LLVM,random,2,Prop0.15,79,True
MR,0.0190094876946044,"{""lasso__regressor__alpha"": 0.01}",154,870,0.01,LLVM,random,2,Prop0.15,79,True
RF,0.0155400722108862,"{""max_features"": 1.0, ""min_samples_leaf"": 1, ""n_estimators"": 15}",154,870,0.03,LLVM,random,2,Prop0.15,79,True
SVR,0.0200029504438202,"{""regressor__tol"": 0.1, ""regressor__shrinking"": false, ""regressor__epsilon"": 0.1, ""regressor__coef0"": 1.0, ""regressor__C"": 2.0}",154,870,0.01,LLVM,random,2,Prop0.15,79,True
CART,0.0163302283277344,"{""max_features"": 1.0, ""min_samples_leaf"": 2, ""splitter"": ""random""}",154,870,0.0,LLVM,random,2,Prop0.15,80,True
kNN,0.029372661838528,"{""n_neighbors"": 8, ""p"": 1, ""weights"": ""distance""}",154,870,0.01,LLVM,random,2,Prop0.15,80,True
KRR,0.0175317111381206,"{""regressor__kernel"": ""rbf"", ""regressor__gamma"": 0.2, ""regressor__alpha"": 0.1}",154,870,0.01,LLVM,random,2,Prop0.15,80,True
MR,0.0197389561673874,"{""lasso__regressor__alpha"": 0.01}",154,870,0.01,LLVM,random,2,Prop0.15,80,True
RF,0.0146935186781563,"{""max_features"": 1.0, ""min_samples_leaf"": 1, ""n_estimators"": 15}",154,870,0.03,LLVM,random,2,Prop0.15,80,True
SVR,0.0181265866109375,"{""regressor__tol"": 0.1, ""regressor__shrinking"": false, ""regressor__epsilon"": 0.1, ""regressor__coef0"": 1.0, ""regressor__C"": 2.0}",154,870,0.01,LLVM,random,2,Prop0.15,80,True
CART,0.0178947747513754,"{""max_features"": 1.0, ""min_samples_leaf"": 2, ""splitter"": ""random""}",154,870,0.0,LLVM,random,2,Prop0.15,81,True
kNN,0.0285784299251158,"{""n_neighbors"": 8, ""p"": 1, ""weights"": ""distance""}",154,870,0.01,LLVM,random,2,Prop0.15,81,True
KRR,0.0176857540069502,"{""regressor__kernel"": ""rbf"", ""regressor__gamma"": 0.2, ""regressor__alpha"": 0.1}",154,870,0.01,LLVM,random,2,Prop0.15,81,True
MR,0.0186387799014591,"{""lasso__regressor__alpha"": 0.01}",154,870,0.01,LLVM,random,2,Prop0.15,81,True
RF,0.0175056492620534,"{""max_features"": 1.0, ""min_samples_leaf"": 1, ""n_estimators"": 15}",154,870,0.02,LLVM,random,2,Prop0.15,81,True
SVR,0.0175091896555439,"{""regressor__tol"": 0.1, ""regressor__shrinking"": false, ""regressor__epsilon"": 0.1, ""regressor__coef0"": 1.0, ""regressor__C"": 2.0}",154,870,0.01,LLVM,random,2,Prop0.15,81,True
CART,0.0166857536525119,"{""max_features"": 1.0, ""min_samples_leaf"": 2, ""splitter"": ""random""}",154,870,0.0,LLVM,random,2,Prop0.15,82,True
kNN,0.027706960233573,"{""n_neighbors"": 8, ""p"": 1, ""weights"": ""distance""}",154,870,0.01,LLVM,random,2,Prop0.15,82,True
KRR,0.0168844471673037,"{""regressor__kernel"": ""rbf"", ""regressor__gamma"": 0.2, ""regressor__alpha"": 0.1}",154,870,0.01,LLVM,random,2,Prop0.15,82,True
MR,0.0200946253938925,"{""lasso__regressor__alpha"": 0.01}",154,870,0.01,LLVM,random,2,Prop0.15,82,True
RF,0.0149425142978407,"{""max_features"": 1.0, ""min_samples_leaf"": 1, ""n_estimators"": 15}",154,870,0.03,LLVM,random,2,Prop0.15,82,True
SVR,0.0181412064366788,"{""regressor__tol"": 0.1, ""regressor__shrinking"": false, ""regressor__epsilon"": 0.1, ""regressor__coef0"": 1.0, ""regressor__C"": 2.0}",154,870,0.01,LLVM,random,2,Prop0.15,82,True
CART,0.0186468313519075,"{""max_features"": 1.0, ""min_samples_leaf"": 2, ""splitter"": ""random""}",154,870,0.0,LLVM,random,2,Prop0.15,83,True
kNN,0.0313249717188173,"{""n_neighbors"": 8, ""p"": 1, ""weights"": ""distance""}",154,870,0.01,LLVM,random,2,Prop0.15,83,True
KRR,0.017416851382512,"{""regressor__kernel"": ""rbf"", ""regressor__gamma"": 0.2, ""regressor__alpha"": 0.1}",154,870,0.01,LLVM,random,2,Prop0.15,83,True
MR,0.0208588692507112,"{""lasso__regressor__alpha"": 0.01}",154,870,0.01,LLVM,random,2,Prop0.15,83,True
RF,0.0149894934157591,"{""max_features"": 1.0, ""min_samples_leaf"": 1, ""n_estimators"": 15}",154,870,0.03,LLVM,random,2,Prop0.15,83,True
SVR,0.0179730924062786,"{""regressor__tol"": 0.1, ""regressor__shrinking"": false, ""regressor__epsilon"": 0.1, ""regressor__coef0"": 1.0, ""regressor__C"": 2.0}",154,870,0.01,LLVM,random,2,Prop0.15,83,True
CART,0.0167999113533965,"{""max_features"": 1.0, ""min_samples_leaf"": 2, ""splitter"": ""random""}",154,870,0.0,LLVM,random,2,Prop0.15,84,True
kNN,0.0324835031381449,"{""n_neighbors"": 8, ""p"": 1, ""weights"": ""distance""}",154,870,0.01,LLVM,random,2,Prop0.15,84,True
KRR,0.0200510410165513,"{""regressor__kernel"": ""rbf"", ""regressor__gamma"": 0.2, ""regressor__alpha"": 0.1}",154,870,0.01,LLVM,random,2,Prop0.15,84,True
MR,0.0200456254270733,"{""lasso__regressor__alpha"": 0.01}",154,870,0.01,LLVM,random,2,Prop0.15,84,True
RF,0.0165536600725591,"{""max_features"": 1.0, ""min_samples_leaf"": 1, ""n_estimators"": 15}",154,870,0.03,LLVM,random,2,Prop0.15,84,True
SVR,0.0203999466522065,"{""regressor__tol"": 0.1, ""regressor__shrinking"": false, ""regressor__epsilon"": 0.1, ""regressor__coef0"": 1.0, ""regressor__C"": 2.0}",154,870,0.01,LLVM,random,2,Prop0.15,84,True
CART,0.0157162018155296,"{""max_features"": 1.0, ""min_samples_leaf"": 2, ""splitter"": ""random""}",154,870,0.0,LLVM,random,2,Prop0.15,85,True
kNN,0.0335975244481213,"{""n_neighbors"": 8, ""p"": 1, ""weights"": ""distance""}",154,870,0.01,LLVM,random,2,Prop0.15,85,True
KRR,0.0178813030394561,"{""regressor__kernel"": ""rbf"", ""regressor__gamma"": 0.2, ""regressor__alpha"": 0.1}",154,870,0.01,LLVM,random,2,Prop0.15,85,True
MR,0.0208213915862009,"{""lasso__regressor__alpha"": 0.01}",154,870,0.01,LLVM,random,2,Prop0.15,85,True
RF,0.0142530549408348,"{""max_features"": 1.0, ""min_samples_leaf"": 1, ""n_estimators"": 15}",154,870,0.03,LLVM,random,2,Prop0.15,85,True
SVR,0.0183650760099726,"{""regressor__tol"": 0.1, ""regressor__shrinking"": false, ""regressor__epsilon"": 0.1, ""regressor__coef0"": 1.0, ""regressor__C"": 2.0}",154,870,0.01,LLVM,random,2,Prop0.15,85,True
CART,0.019909059401729,"{""max_features"": 1.0, ""min_samples_leaf"": 2, ""splitter"": ""random""}",154,870,0.0,LLVM,random,2,Prop0.15,86,True
kNN,0.0306847246531283,"{""n_neighbors"": 8, ""p"": 1, ""weights"": ""distance""}",154,870,0.01,LLVM,random,2,Prop0.15,86,True
KRR,0.0176952215223478,"{""regressor__kernel"": ""rbf"", ""regressor__gamma"": 0.2, ""regressor__alpha"": 0.1}",154,870,0.01,LLVM,random,2,Prop0.15,86,True
MR,0.0207035847368899,"{""lasso__regressor__alpha"": 0.01}",154,870,0.01,LLVM,random,2,Prop0.15,86,True
RF,0.0166115204281584,"{""max_features"": 1.0, ""min_samples_leaf"": 1, ""n_estimators"": 15}",154,870,0.03,LLVM,random,2,Prop0.15,86,True
SVR,0.018979274690949,"{""regressor__tol"": 0.1, ""regressor__shrinking"": false, ""regressor__epsilon"": 0.1, ""regressor__coef0"": 1.0, ""regressor__C"": 2.0}",154,870,0.01,LLVM,random,2,Prop0.15,86,True
CART,0.0172393558014625,"{""max_features"": 1.0, ""min_samples_leaf"": 2, ""splitter"": ""random""}",154,870,0.0,LLVM,random,2,Prop0.15,87,True
kNN,0.0260435830192797,"{""n_neighbors"": 8, ""p"": 1, ""weights"": ""distance""}",154,870,0.01,LLVM,random,2,Prop0.15,87,True
KRR,0.0169844593664468,"{""regressor__kernel"": ""rbf"", ""regressor__gamma"": 0.2, ""regressor__alpha"": 0.1}",154,870,0.01,LLVM,random,2,Prop0.15,87,True
MR,0.0192920131834961,"{""lasso__regressor__alpha"": 0.01}",154,870,0.01,LLVM,random,2,Prop0.15,87,True
RF,0.0155161471213332,"{""max_features"": 1.0, ""min_samples_leaf"": 1, ""n_estimators"": 15}",154,870,0.03,LLVM,random,2,Prop0.15,87,True
SVR,0.01654256544634,"{""regressor__tol"": 0.1, ""regressor__shrinking"": false, ""regressor__epsilon"": 0.1, ""regressor__coef0"": 1.0, ""regressor__C"": 2.0}",154,870,0.01,LLVM,random,2,Prop0.15,87,True
CART,0.0193164837370392,"{""max_features"": 1.0, ""min_samples_leaf"": 2, ""splitter"": ""random""}",154,870,0.0,LLVM,random,2,Prop0.15,88,True
kNN,0.0319256801970498,"{""n_neighbors"": 8, ""p"": 1, ""weights"": ""distance""}",154,870,0.01,LLVM,random,2,Prop0.15,88,True
KRR,0.0194384830983115,"{""regressor__kernel"": ""rbf"", ""regressor__gamma"": 0.2, ""regressor__alpha"": 0.1}",154,870,0.01,LLVM,random,2,Prop0.15,88,True
MR,0.020816575491665,"{""lasso__regressor__alpha"": 0.01}",154,870,0.01,LLVM,random,2,Prop0.15,88,True
RF,0.0161647810420737,"{""max_features"": 1.0, ""min_samples_leaf"": 1, ""n_estimators"": 15}",154,870,0.03,LLVM,random,2,Prop0.15,88,True
SVR,0.0201990237094854,"{""regressor__tol"": 0.1, ""regressor__shrinking"": false, ""regressor__epsilon"": 0.1, ""regressor__coef0"": 1.0, ""regressor__C"": 2.0}",154,870,0.01,LLVM,random,2,Prop0.15,88,True
CART,0.0160546020803764,"{""max_features"": 1.0, ""min_samples_leaf"": 2, ""splitter"": ""random""}",154,870,0.0,LLVM,random,2,Prop0.15,89,True
kNN,0.0304405855916817,"{""n_neighbors"": 8, ""p"": 1, ""weights"": ""distance""}",154,870,0.01,LLVM,random,2,Prop0.15,89,True
KRR,0.0171211161882895,"{""regressor__kernel"": ""rbf"", ""regressor__gamma"": 0.2, ""regressor__alpha"": 0.1}",154,870,0.01,LLVM,random,2,Prop0.15,89,True
MR,0.0199790577914725,"{""lasso__regressor__alpha"": 0.01}",154,870,0.01,LLVM,random,2,Prop0.15,89,True
RF,0.0159750462249874,"{""max_features"": 1.0, ""min_samples_leaf"": 1, ""n_estimators"": 15}",154,870,0.03,LLVM,random,2,Prop0.15,89,True
SVR,0.0176198158257123,"{""regressor__tol"": 0.1, ""regressor__shrinking"": false, ""regressor__epsilon"": 0.1, ""regressor__coef0"": 1.0, ""regressor__C"": 2.0}",154,870,0.01,LLVM,random,2,Prop0.15,89,True
CART,0.0183685016404214,"{""max_features"": 1.0, ""min_samples_leaf"": 2, ""splitter"": ""random""}",154,870,0.0,LLVM,random,2,Prop0.15,90,True
kNN,0.0261898621665945,"{""n_neighbors"": 8, ""p"": 1, ""weights"": ""distance""}",154,870,0.01,LLVM,random,2,Prop0.15,90,True
KRR,0.0176819689461821,"{""regressor__kernel"": ""rbf"", ""regressor__gamma"": 0.2, ""regressor__alpha"": 0.1}",154,870,0.01,LLVM,random,2,Prop0.15,90,True
MR,0.0202874138788594,"{""lasso__regressor__alpha"": 0.01}",154,870,0.01,LLVM,random,2,Prop0.15,90,True
RF,0.0151196046419275,"{""max_features"": 1.0, ""min_samples_leaf"": 1, ""n_estimators"": 15}",154,870,0.03,LLVM,random,2,Prop0.15,90,True
SVR,0.0177383704645668,"{""regressor__tol"": 0.1, ""regressor__shrinking"": false, ""regressor__epsilon"": 0.1, ""regressor__coef0"": 1.0, ""regressor__C"": 2.0}",154,870,0.01,LLVM,random,2,Prop0.15,90,True
CART,0.0183586335730513,"{""max_features"": 1.0, ""min_samples_leaf"": 2, ""splitter"": ""random""}",154,870,0.0,LLVM,random,2,Prop0.15,91,True
kNN,0.0319855527656772,"{""n_neighbors"": 8, ""p"": 1, ""weights"": ""distance""}",154,870,0.01,LLVM,random,2,Prop0.15,91,True
KRR,0.0177982854851154,"{""regressor__kernel"": ""rbf"", ""regressor__gamma"": 0.2, ""regressor__alpha"": 0.1}",154,870,0.01,LLVM,random,2,Prop0.15,91,True
MR,0.0223879636653883,"{""lasso__regressor__alpha"": 0.01}",154,870,0.01,LLVM,random,2,Prop0.15,91,True
RF,0.0148949749052098,"{""max_features"": 1.0, ""min_samples_leaf"": 1, ""n_estimators"": 15}",154,870,0.03,LLVM,random,2,Prop0.15,91,True
SVR,0.0179205167190342,"{""regressor__tol"": 0.1, ""regressor__shrinking"": false, ""regressor__epsilon"": 0.1, ""regressor__coef0"": 1.0, ""regressor__C"": 2.0}",154,870,0.01,LLVM,random,2,Prop0.15,91,True
CART,0.0197004980370702,"{""max_features"": 1.0, ""min_samples_leaf"": 2, ""splitter"": ""random""}",154,870,0.0,LLVM,random,2,Prop0.15,92,True
kNN,0.0305500032415575,"{""n_neighbors"": 8, ""p"": 1, ""weights"": ""distance""}",154,870,0.01,LLVM,random,2,Prop0.15,92,True
KRR,0.0185972029995773,"{""regressor__kernel"": ""rbf"", ""regressor__gamma"": 0.2, ""regressor__alpha"": 0.1}",154,870,0.01,LLVM,random,2,Prop0.15,92,True
MR,0.0209546907641308,"{""lasso__regressor__alpha"": 0.01}",154,870,0.01,LLVM,random,2,Prop0.15,92,True
RF,0.0165851296942097,"{""max_features"": 1.0, ""min_samples_leaf"": 1, ""n_estimators"": 15}",154,870,0.03,LLVM,random,2,Prop0.15,92,True
SVR,0.018708902832537,"{""regressor__tol"": 0.1, ""regressor__shrinking"": false, ""regressor__epsilon"": 0.1, ""regressor__coef0"": 1.0, ""regressor__C"": 2.0}",154,870,0.01,LLVM,random,2,Prop0.15,92,True
CART,0.0162517585953982,"{""max_features"": 1.0, ""min_samples_leaf"": 2, ""splitter"": ""random""}",154,870,0.0,LLVM,random,2,Prop0.15,93,True
kNN,0.0289377326055129,"{""n_neighbors"": 8, ""p"": 1, ""weights"": ""distance""}",154,870,0.01,LLVM,random,2,Prop0.15,93,True
KRR,0.0180157280624621,"{""regressor__kernel"": ""rbf"", ""regressor__gamma"": 0.2, ""regressor__alpha"": 0.1}",154,870,0.01,LLVM,random,2,Prop0.15,93,True
MR,0.0203375509505226,"{""lasso__regressor__alpha"": 0.01}",154,870,0.01,LLVM,random,2,Prop0.15,93,True
RF,0.0147585771180075,"{""max_features"": 1.0, ""min_samples_leaf"": 1, ""n_estimators"": 15}",154,870,0.03,LLVM,random,2,Prop0.15,93,True
SVR,0.0193051353330808,"{""regressor__tol"": 0.1, ""regressor__shrinking"": false, ""regressor__epsilon"": 0.1, ""regressor__coef0"": 1.0, ""regressor__C"": 2.0}",154,870,0.01,LLVM,random,2,Prop0.15,93,True
CART,0.0187475873984819,"{""max_features"": 1.0, ""min_samples_leaf"": 2, ""splitter"": ""random""}",154,870,0.0,LLVM,random,2,Prop0.15,94,True
kNN,0.0315991458027629,"{""n_neighbors"": 8, ""p"": 1, ""weights"": ""distance""}",154,870,0.01,LLVM,random,2,Prop0.15,94,True
KRR,0.019034633921439,"{""regressor__kernel"": ""rbf"", ""regressor__gamma"": 0.2, ""regressor__alpha"": 0.1}",154,870,0.01,LLVM,random,2,Prop0.15,94,True
MR,0.0202088195100959,"{""lasso__regressor__alpha"": 0.01}",154,870,0.01,LLVM,random,2,Prop0.15,94,True
RF,0.0156834390030716,"{""max_features"": 1.0, ""min_samples_leaf"": 1, ""n_estimators"": 15}",154,870,0.03,LLVM,random,2,Prop0.15,94,True
SVR,0.0194908812090894,"{""regressor__tol"": 0.1, ""regressor__shrinking"": false, ""regressor__epsilon"": 0.1, ""regressor__coef0"": 1.0, ""regressor__C"": 2.0}",154,870,0.01,LLVM,random,2,Prop0.15,94,True
CART,0.0180235509062083,"{""max_features"": 1.0, ""min_samples_leaf"": 2, ""splitter"": ""random""}",154,870,0.0,LLVM,random,2,Prop0.15,95,True
kNN,0.0283463359929703,"{""n_neighbors"": 8, ""p"": 1, ""weights"": ""distance""}",154,870,0.01,LLVM,random,2,Prop0.15,95,True
KRR,0.0177256198284756,"{""regressor__kernel"": ""rbf"", ""regressor__gamma"": 0.2, ""regressor__alpha"": 0.1}",154,870,0.01,LLVM,random,2,Prop0.15,95,True
MR,0.0195093159333683,"{""lasso__regressor__alpha"": 0.01}",154,870,0.01,LLVM,random,2,Prop0.15,95,True
RF,0.0163040384675992,"{""max_features"": 1.0, ""min_samples_leaf"": 1, ""n_estimators"": 15}",154,870,0.03,LLVM,random,2,Prop0.15,95,True
SVR,0.0171560699044019,"{""regressor__tol"": 0.1, ""regressor__shrinking"": false, ""regressor__epsilon"": 0.1, ""regressor__coef0"": 1.0, ""regressor__C"": 2.0}",154,870,0.01,LLVM,random,2,Prop0.15,95,True
CART,0.0166386012561573,"{""max_features"": 1.0, ""min_samples_leaf"": 2, ""splitter"": ""random""}",154,870,0.0,LLVM,random,2,Prop0.15,96,True
kNN,0.0264053355566302,"{""n_neighbors"": 8, ""p"": 1, ""weights"": ""distance""}",154,870,0.01,LLVM,random,2,Prop0.15,96,True
KRR,0.0176845895606484,"{""regressor__kernel"": ""rbf"", ""regressor__gamma"": 0.2, ""regressor__alpha"": 0.1}",154,870,0.01,LLVM,random,2,Prop0.15,96,True
MR,0.0200225926333831,"{""lasso__regressor__alpha"": 0.01}",154,870,0.01,LLVM,random,2,Prop0.15,96,True
RF,0.0149445932599852,"{""max_features"": 1.0, ""min_samples_leaf"": 1, ""n_estimators"": 15}",154,870,0.03,LLVM,random,2,Prop0.15,96,True
SVR,0.0177073269783682,"{""regressor__tol"": 0.1, ""regressor__shrinking"": false, ""regressor__epsilon"": 0.1, ""regressor__coef0"": 1.0, ""regressor__C"": 2.0}",154,870,0.01,LLVM,random,2,Prop0.15,96,True
CART,0.0188057721641916,"{""max_features"": 1.0, ""min_samples_leaf"": 2, ""splitter"": ""random""}",154,870,0.0,LLVM,random,2,Prop0.15,97,True
kNN,0.0316461545920466,"{""n_neighbors"": 8, ""p"": 1, ""weights"": ""distance""}",154,870,0.01,LLVM,random,2,Prop0.15,97,True
KRR,0.0191682583165946,"{""regressor__kernel"": ""rbf"", ""regressor__gamma"": 0.2, ""regressor__alpha"": 0.1}",154,870,0.01,LLVM,random,2,Prop0.15,97,True
MR,0.0212967357607333,"{""lasso__regressor__alpha"": 0.01}",154,870,0.01,LLVM,random,2,Prop0.15,97,True
RF,0.0166745327903911,"{""max_features"": 1.0, ""min_samples_leaf"": 1, ""n_estimators"": 15}",154,870,0.03,LLVM,random,2,Prop0.15,97,True
SVR,0.0190141352110515,"{""regressor__tol"": 0.1, ""regressor__shrinking"": false, ""regressor__epsilon"": 0.1, ""regressor__coef0"": 1.0, ""regressor__C"": 2.0}",154,870,0.01,LLVM,random,2,Prop0.15,97,True
CART,0.0164197997031331,"{""max_features"": 1.0, ""min_samples_leaf"": 2, ""splitter"": ""random""}",154,870,0.0,LLVM,random,2,Prop0.15,98,True
kNN,0.0296544374953651,"{""n_neighbors"": 8, ""p"": 1, ""weights"": ""distance""}",154,870,0.01,LLVM,random,2,Prop0.15,98,True
KRR,0.0173704167677809,"{""regressor__kernel"": ""rbf"", ""regressor__gamma"": 0.2, ""regressor__alpha"": 0.1}",154,870,0.01,LLVM,random,2,Prop0.15,98,True
MR,0.0194131218998789,"{""lasso__regressor__alpha"": 0.01}",154,870,0.01,LLVM,random,2,Prop0.15,98,True
RF,0.0157017734676256,"{""max_features"": 1.0, ""min_samples_leaf"": 1, ""n_estimators"": 15}",154,870,0.03,LLVM,random,2,Prop0.15,98,True
SVR,0.0182986303159064,"{""regressor__tol"": 0.1, ""regressor__shrinking"": false, ""regressor__epsilon"": 0.1, ""regressor__coef0"": 1.0, ""regressor__C"": 2.0}",154,870,0.01,LLVM,random,2,Prop0.15,98,True
CART,0.0161602537435773,"{""max_features"": 1.0, ""min_samples_leaf"": 2, ""splitter"": ""random""}",154,870,0.0,LLVM,random,2,Prop0.15,99,True
kNN,0.0330843558909806,"{""n_neighbors"": 8, ""p"": 1, ""weights"": ""distance""}",154,870,0.01,LLVM,random,2,Prop0.15,99,True
KRR,0.0184669988389412,"{""regressor__kernel"": ""rbf"", ""regressor__gamma"": 0.2, ""regressor__alpha"": 0.1}",154,870,0.01,LLVM,random,2,Prop0.15,99,True
MR,0.0223442173249099,"{""lasso__regressor__alpha"": 0.01}",154,870,0.01,LLVM,random,2,Prop0.15,99,True
RF,0.0145063144718549,"{""max_features"": 1.0, ""min_samples_leaf"": 1, ""n_estimators"": 15}",154,870,0.03,LLVM,random,2,Prop0.15,99,True
SVR,0.0192878843931789,"{""regressor__tol"": 0.1, ""regressor__shrinking"": false, ""regressor__epsilon"": 0.1, ""regressor__coef0"": 1.0, ""regressor__C"": 2.0}",154,870,0.01,LLVM,random,2,Prop0.15,99,True
CART,0.0164549319527019,"{""max_features"": 1.0, ""min_samples_leaf"": 2, ""splitter"": ""random""}",154,870,0.0,LLVM,random,2,Prop0.15,100,True
kNN,0.0305363568961111,"{""n_neighbors"": 8, ""p"": 1, ""weights"": ""distance""}",154,870,0.0,LLVM,random,2,Prop0.15,100,True
KRR,0.0187010003054306,"{""regressor__kernel"": ""rbf"", ""regressor__gamma"": 0.2, ""regressor__alpha"": 0.1}",154,870,0.0,LLVM,random,2,Prop0.15,100,True
MR,0.0213961388073769,"{""lasso__regressor__alpha"": 0.01}",154,870,0.0,LLVM,random,2,Prop0.15,100,True
RF,0.0152391649101218,"{""max_features"": 1.0, ""min_samples_leaf"": 1, ""n_estimators"": 15}",154,870,0.02,LLVM,random,2,Prop0.15,100,True
SVR,0.0189032544030699,"{""regressor__tol"": 0.1, ""regressor__shrinking"": false, ""regressor__epsilon"": 0.1, ""regressor__coef0"": 1.0, ""regressor__C"": 2.0}",154,870,0.01,LLVM,random,2,Prop0.15,100,True
CART,0.0180200809077618,"{""max_features"": 1.0, ""min_samples_leaf"": 2, ""splitter"": ""best""}",205,819,0.0,LLVM,random,2,Prop0.2,1,True
kNN,0.0287798869887621,"{""n_neighbors"": 10, ""p"": 1, ""weights"": ""distance""}",205,819,0.01,LLVM,random,2,Prop0.2,1,True
KRR,0.021466644700883,"{""regressor__kernel"": ""rbf"", ""regressor__gamma"": 0.2, ""regressor__alpha"": 0.01}",205,819,0.02,LLVM,random,2,Prop0.2,1,True
MR,0.021032618038485,"{""lasso__regressor__alpha"": 0.01}",205,819,0.01,LLVM,random,2,Prop0.2,1,True
RF,0.0173060781976358,"{""max_features"": 1.0, ""min_samples_leaf"": 1, ""n_estimators"": 20}",205,819,0.05,LLVM,random,2,Prop0.2,1,True
SVR,0.0196442338390067,"{""regressor__tol"": 0.05, ""regressor__shrinking"": true, ""regressor__epsilon"": 0.1, ""regressor__coef0"": 1.0, ""regressor__C"": 5.0}",205,819,0.01,LLVM,random,2,Prop0.2,1,True
CART,0.0153753924901487,"{""max_features"": 1.0, ""min_samples_leaf"": 2, ""splitter"": ""best""}",205,819,0.0,LLVM,random,2,Prop0.2,2,True
kNN,0.0284947669498461,"{""n_neighbors"": 10, ""p"": 1, ""weights"": ""distance""}",205,819,0.01,LLVM,random,2,Prop0.2,2,True
KRR,0.0173732036504583,"{""regressor__kernel"": ""rbf"", ""regressor__gamma"": 0.2, ""regressor__alpha"": 0.01}",205,819,0.02,LLVM,random,2,Prop0.2,2,True
MR,0.0203422661446135,"{""lasso__regressor__alpha"": 0.01}",205,819,0.01,LLVM,random,2,Prop0.2,2,True
RF,0.0144153934910459,"{""max_features"": 1.0, ""min_samples_leaf"": 1, ""n_estimators"": 20}",205,819,0.05,LLVM,random,2,Prop0.2,2,True
SVR,0.0173935080594673,"{""regressor__tol"": 0.05, ""regressor__shrinking"": true, ""regressor__epsilon"": 0.1, ""regressor__coef0"": 1.0, ""regressor__C"": 5.0}",205,819,0.01,LLVM,random,2,Prop0.2,2,True
CART,0.0167093817691271,"{""max_features"": 1.0, ""min_samples_leaf"": 2, ""splitter"": ""best""}",205,819,0.0,LLVM,random,2,Prop0.2,3,True
kNN,0.0275797848613939,"{""n_neighbors"": 10, ""p"": 1, ""weights"": ""distance""}",205,819,0.01,LLVM,random,2,Prop0.2,3,True
KRR,0.0178155565763659,"{""regressor__kernel"": ""rbf"", ""regressor__gamma"": 0.2, ""regressor__alpha"": 0.01}",205,819,0.02,LLVM,random,2,Prop0.2,3,True
MR,0.0191142437244458,"{""lasso__regressor__alpha"": 0.01}",205,819,0.01,LLVM,random,2,Prop0.2,3,True
RF,0.0149082846991161,"{""max_features"": 1.0, ""min_samples_leaf"": 1, ""n_estimators"": 20}",205,819,0.05,LLVM,random,2,Prop0.2,3,True
SVR,0.0166782705042935,"{""regressor__tol"": 0.05, ""regressor__shrinking"": true, ""regressor__epsilon"": 0.1, ""regressor__coef0"": 1.0, ""regressor__C"": 5.0}",205,819,0.02,LLVM,random,2,Prop0.2,3,True
CART,0.0166198355117832,"{""max_features"": 1.0, ""min_samples_leaf"": 2, ""splitter"": ""best""}",205,819,0.0,LLVM,random,2,Prop0.2,4,True
kNN,0.0289250748489859,"{""n_neighbors"": 10, ""p"": 1, ""weights"": ""distance""}",205,819,0.01,LLVM,random,2,Prop0.2,4,True
KRR,0.0190150623278158,"{""regressor__kernel"": ""rbf"", ""regressor__gamma"": 0.2, ""regressor__alpha"": 0.01}",205,819,0.02,LLVM,random,2,Prop0.2,4,True
MR,0.0201038642368654,"{""lasso__regressor__alpha"": 0.01}",205,819,0.01,LLVM,random,2,Prop0.2,4,True
RF,0.0159378024636201,"{""max_features"": 1.0, ""min_samples_leaf"": 1, ""n_estimators"": 20}",205,819,0.04,LLVM,random,2,Prop0.2,4,True
SVR,0.0183500170863473,"{""regressor__tol"": 0.05, ""regressor__shrinking"": true, ""regressor__epsilon"": 0.1, ""regressor__coef0"": 1.0, ""regressor__C"": 5.0}",205,819,0.02,LLVM,random,2,Prop0.2,4,True
CART,0.0181133652694557,"{""max_features"": 1.0, ""min_samples_leaf"": 2, ""splitter"": ""best""}",205,819,0.0,LLVM,random,2,Prop0.2,5,True
kNN,0.0282687501111866,"{""n_neighbors"": 10, ""p"": 1, ""weights"": ""distance""}",205,819,0.01,LLVM,random,2,Prop0.2,5,True
KRR,0.0223120467568154,"{""regressor__kernel"": ""rbf"", ""regressor__gamma"": 0.2, ""regressor__alpha"": 0.01}",205,819,0.01,LLVM,random,2,Prop0.2,5,True
MR,0.0220487288751721,"{""lasso__regressor__alpha"": 0.01}",205,819,0.01,LLVM,random,2,Prop0.2,5,True
RF,0.0150568553762891,"{""max_features"": 1.0, ""min_samples_leaf"": 1, ""n_estimators"": 20}",205,819,0.05,LLVM,random,2,Prop0.2,5,True
SVR,0.0169340508997771,"{""regressor__tol"": 0.05, ""regressor__shrinking"": true, ""regressor__epsilon"": 0.1, ""regressor__coef0"": 1.0, ""regressor__C"": 5.0}",205,819,0.02,LLVM,random,2,Prop0.2,5,True
CART,0.0163727014248363,"{""max_features"": 1.0, ""min_samples_leaf"": 2, ""splitter"": ""best""}",205,819,0.0,LLVM,random,2,Prop0.2,6,True
kNN,0.0289445209442946,"{""n_neighbors"": 10, ""p"": 1, ""weights"": ""distance""}",205,819,0.01,LLVM,random,2,Prop0.2,6,True
KRR,0.0203031396948634,"{""regressor__kernel"": ""rbf"", ""regressor__gamma"": 0.2, ""regressor__alpha"": 0.01}",205,819,0.01,LLVM,random,2,Prop0.2,6,True
MR,0.019056257302665,"{""lasso__regressor__alpha"": 0.01}",205,819,0.01,LLVM,random,2,Prop0.2,6,True
RF,0.0151012718519547,"{""max_features"": 1.0, ""min_samples_leaf"": 1, ""n_estimators"": 20}",205,819,0.05,LLVM,random,2,Prop0.2,6,True
SVR,0.0171552343360354,"{""regressor__tol"": 0.05, ""regressor__shrinking"": true, ""regressor__epsilon"": 0.1, ""regressor__coef0"": 1.0, ""regressor__C"": 5.0}",205,819,0.01,LLVM,random,2,Prop0.2,6,True
CART,0.021583821507063,"{""max_features"": 1.0, ""min_samples_leaf"": 2, ""splitter"": ""best""}",205,819,0.0,LLVM,random,2,Prop0.2,7,True
kNN,0.0299382646343076,"{""n_neighbors"": 10, ""p"": 1, ""weights"": ""distance""}",205,819,0.01,LLVM,random,2,Prop0.2,7,True
KRR,0.0219985699188036,"{""regressor__kernel"": ""rbf"", ""regressor__gamma"": 0.2, ""regressor__alpha"": 0.01}",205,819,0.01,LLVM,random,2,Prop0.2,7,True
MR,0.0218037668070663,"{""lasso__regressor__alpha"": 0.01}",205,819,0.01,LLVM,random,2,Prop0.2,7,True
RF,0.0175397308050719,"{""max_features"": 1.0, ""min_samples_leaf"": 1, ""n_estimators"": 20}",205,819,0.05,LLVM,random,2,Prop0.2,7,True
SVR,0.0190055428018981,"{""regressor__tol"": 0.05, ""regressor__shrinking"": true, ""regressor__epsilon"": 0.1, ""regressor__coef0"": 1.0, ""regressor__C"": 5.0}",205,819,0.01,LLVM,random,2,Prop0.2,7,True
CART,0.0178512295817689,"{""max_features"": 1.0, ""min_samples_leaf"": 2, ""splitter"": ""best""}",205,819,0.0,LLVM,random,2,Prop0.2,8,True
kNN,0.0268417176499605,"{""n_neighbors"": 10, ""p"": 1, ""weights"": ""distance""}",205,819,0.01,LLVM,random,2,Prop0.2,8,True
KRR,0.0209780497165817,"{""regressor__kernel"": ""rbf"", ""regressor__gamma"": 0.2, ""regressor__alpha"": 0.01}",205,819,0.01,LLVM,random,2,Prop0.2,8,True
MR,0.0198031119130883,"{""lasso__regressor__alpha"": 0.01}",205,819,0.01,LLVM,random,2,Prop0.2,8,True
RF,0.0158354265380881,"{""max_features"": 1.0, ""min_samples_leaf"": 1, ""n_estimators"": 20}",205,819,0.05,LLVM,random,2,Prop0.2,8,True
SVR,0.0187384423290607,"{""regressor__tol"": 0.05, ""regressor__shrinking"": true, ""regressor__epsilon"": 0.1, ""regressor__coef0"": 1.0, ""regressor__C"": 5.0}",205,819,0.01,LLVM,random,2,Prop0.2,8,True
CART,0.0180948511378615,"{""max_features"": 1.0, ""min_samples_leaf"": 2, ""splitter"": ""best""}",205,819,0.0,LLVM,random,2,Prop0.2,9,True
kNN,0.0279758010136812,"{""n_neighbors"": 10, ""p"": 1, ""weights"": ""distance""}",205,819,0.01,LLVM,random,2,Prop0.2,9,True
KRR,0.0174720668872491,"{""regressor__kernel"": ""rbf"", ""regressor__gamma"": 0.2, ""regressor__alpha"": 0.01}",205,819,0.01,LLVM,random,2,Prop0.2,9,True
MR,0.0207004350105453,"{""lasso__regressor__alpha"": 0.01}",205,819,0.01,LLVM,random,2,Prop0.2,9,True
RF,0.0157392106403743,"{""max_features"": 1.0, ""min_samples_leaf"": 1, ""n_estimators"": 20}",205,819,0.05,LLVM,random,2,Prop0.2,9,True
SVR,0.017382759360056,"{""regressor__tol"": 0.05, ""regressor__shrinking"": true, ""regressor__epsilon"": 0.1, ""regressor__coef0"": 1.0, ""regressor__C"": 5.0}",205,819,0.01,LLVM,random,2,Prop0.2,9,True
CART,0.0152098099046472,"{""max_features"": 1.0, ""min_samples_leaf"": 2, ""splitter"": ""best""}",205,819,0.0,LLVM,random,2,Prop0.2,10,True
kNN,0.0308443954763972,"{""n_neighbors"": 10, ""p"": 1, ""weights"": ""distance""}",205,819,0.01,LLVM,random,2,Prop0.2,10,True
KRR,0.0187719723366288,"{""regressor__kernel"": ""rbf"", ""regressor__gamma"": 0.2, ""regressor__alpha"": 0.01}",205,819,0.01,LLVM,random,2,Prop0.2,10,True
MR,0.0205365740728889,"{""lasso__regressor__alpha"": 0.01}",205,819,0.01,LLVM,random,2,Prop0.2,10,True
RF,0.0141610410568017,"{""max_features"": 1.0, ""min_samples_leaf"": 1, ""n_estimators"": 20}",205,819,0.05,LLVM,random,2,Prop0.2,10,True
SVR,0.0188854315607775,"{""regressor__tol"": 0.05, ""regressor__shrinking"": true, ""regressor__epsilon"": 0.1, ""regressor__coef0"": 1.0, ""regressor__C"": 5.0}",205,819,0.01,LLVM,random,2,Prop0.2,10,True
CART,0.0188021583336407,"{""max_features"": 1.0, ""min_samples_leaf"": 2, ""splitter"": ""best""}",205,819,0.0,LLVM,random,2,Prop0.2,11,True
kNN,0.0302874662193771,"{""n_neighbors"": 10, ""p"": 1, ""weights"": ""distance""}",205,819,0.01,LLVM,random,2,Prop0.2,11,True
KRR,0.0181136641702788,"{""regressor__kernel"": ""rbf"", ""regressor__gamma"": 0.2, ""regressor__alpha"": 0.01}",205,819,0.01,LLVM,random,2,Prop0.2,11,True
MR,0.0204468020355183,"{""lasso__regressor__alpha"": 0.01}",205,819,0.01,LLVM,random,2,Prop0.2,11,True
RF,0.0152488288393135,"{""max_features"": 1.0, ""min_samples_leaf"": 1, ""n_estimators"": 20}",205,819,0.05,LLVM,random,2,Prop0.2,11,True
SVR,0.0176590312752629,"{""regressor__tol"": 0.05, ""regressor__shrinking"": true, ""regressor__epsilon"": 0.1, ""regressor__coef0"": 1.0, ""regressor__C"": 5.0}",205,819,0.01,LLVM,random,2,Prop0.2,11,True
CART,0.0157637964896029,"{""max_features"": 1.0, ""min_samples_leaf"": 2, ""splitter"": ""best""}",205,819,0.0,LLVM,random,2,Prop0.2,12,True
kNN,0.030074925266313,"{""n_neighbors"": 10, ""p"": 1, ""weights"": ""distance""}",205,819,0.01,LLVM,random,2,Prop0.2,12,True
KRR,0.0192147975258817,"{""regressor__kernel"": ""rbf"", ""regressor__gamma"": 0.2, ""regressor__alpha"": 0.01}",205,819,0.01,LLVM,random,2,Prop0.2,12,True
MR,0.0211692937380812,"{""lasso__regressor__alpha"": 0.01}",205,819,0.01,LLVM,random,2,Prop0.2,12,True
RF,0.0147507477157837,"{""max_features"": 1.0, ""min_samples_leaf"": 1, ""n_estimators"": 20}",205,819,0.05,LLVM,random,2,Prop0.2,12,True
SVR,0.0181022677163058,"{""regressor__tol"": 0.05, ""regressor__shrinking"": true, ""regressor__epsilon"": 0.1, ""regressor__coef0"": 1.0, ""regressor__C"": 5.0}",205,819,0.01,LLVM,random,2,Prop0.2,12,True
CART,0.0164717595278252,"{""max_features"": 1.0, ""min_samples_leaf"": 2, ""splitter"": ""best""}",205,819,0.0,LLVM,random,2,Prop0.2,13,True
kNN,0.0264291461633883,"{""n_neighbors"": 10, ""p"": 1, ""weights"": ""distance""}",205,819,0.01,LLVM,random,2,Prop0.2,13,True
KRR,0.0179283770701328,"{""regressor__kernel"": ""rbf"", ""regressor__gamma"": 0.2, ""regressor__alpha"": 0.01}",205,819,0.01,LLVM,random,2,Prop0.2,13,True
MR,0.0210591954525847,"{""lasso__regressor__alpha"": 0.01}",205,819,0.01,LLVM,random,2,Prop0.2,13,True
RF,0.0134815965737267,"{""max_features"": 1.0, ""min_samples_leaf"": 1, ""n_estimators"": 20}",205,819,0.05,LLVM,random,2,Prop0.2,13,True
SVR,0.0165562902269124,"{""regressor__tol"": 0.05, ""regressor__shrinking"": true, ""regressor__epsilon"": 0.1, ""regressor__coef0"": 1.0, ""regressor__C"": 5.0}",205,819,0.01,LLVM,random,2,Prop0.2,13,True
CART,0.0183042655581214,"{""max_features"": 1.0, ""min_samples_leaf"": 2, ""splitter"": ""best""}",205,819,0.0,LLVM,random,2,Prop0.2,14,True
kNN,0.0272157844301858,"{""n_neighbors"": 10, ""p"": 1, ""weights"": ""distance""}",205,819,0.01,LLVM,random,2,Prop0.2,14,True
KRR,0.0176373175257955,"{""regressor__kernel"": ""rbf"", ""regressor__gamma"": 0.2, ""regressor__alpha"": 0.01}",205,819,0.01,LLVM,random,2,Prop0.2,14,True
MR,0.020242117630903,"{""lasso__regressor__alpha"": 0.01}",205,819,0.01,LLVM,random,2,Prop0.2,14,True
RF,0.0150434857579121,"{""max_features"": 1.0, ""min_samples_leaf"": 1, ""n_estimators"": 20}",205,819,0.05,LLVM,random,2,Prop0.2,14,True
SVR,0.0171865080856809,"{""regressor__tol"": 0.05, ""regressor__shrinking"": true, ""regressor__epsilon"": 0.1, ""regressor__coef0"": 1.0, ""regressor__C"": 5.0}",205,819,0.01,LLVM,random,2,Prop0.2,14,True
CART,0.0156963149133934,"{""max_features"": 1.0, ""min_samples_leaf"": 2, ""splitter"": ""best""}",205,819,0.0,LLVM,random,2,Prop0.2,15,True
kNN,0.0287906595142818,"{""n_neighbors"": 10, ""p"": 1, ""weights"": ""distance""}",205,819,0.01,LLVM,random,2,Prop0.2,15,True
KRR,0.0193320461216674,"{""regressor__kernel"": ""rbf"", ""regressor__gamma"": 0.2, ""regressor__alpha"": 0.01}",205,819,0.01,LLVM,random,2,Prop0.2,15,True
MR,0.0203036471618035,"{""lasso__regressor__alpha"": 0.01}",205,819,0.01,LLVM,random,2,Prop0.2,15,True
RF,0.01388115259589,"{""max_features"": 1.0, ""min_samples_leaf"": 1, ""n_estimators"": 20}",205,819,0.04,LLVM,random,2,Prop0.2,15,True
SVR,0.0190668020039221,"{""regressor__tol"": 0.05, ""regressor__shrinking"": true, ""regressor__epsilon"": 0.1, ""regressor__coef0"": 1.0, ""regressor__C"": 5.0}",205,819,0.01,LLVM,random,2,Prop0.2,15,True
CART,0.0161729810548356,"{""max_features"": 1.0, ""min_samples_leaf"": 2, ""splitter"": ""best""}",205,819,0.0,LLVM,random,2,Prop0.2,16,True
kNN,0.0289423958981405,"{""n_neighbors"": 10, ""p"": 1, ""weights"": ""distance""}",205,819,0.01,LLVM,random,2,Prop0.2,16,True
KRR,0.0181574866091794,"{""regressor__kernel"": ""rbf"", ""regressor__gamma"": 0.2, ""regressor__alpha"": 0.01}",205,819,0.01,LLVM,random,2,Prop0.2,16,True
MR,0.0201442189203725,"{""lasso__regressor__alpha"": 0.01}",205,819,0.01,LLVM,random,2,Prop0.2,16,True
RF,0.014357555745514,"{""max_features"": 1.0, ""min_samples_leaf"": 1, ""n_estimators"": 20}",205,819,0.05,LLVM,random,2,Prop0.2,16,True
SVR,0.017020935251121,"{""regressor__tol"": 0.05, ""regressor__shrinking"": true, ""regressor__epsilon"": 0.1, ""regressor__coef0"": 1.0, ""regressor__C"": 5.0}",205,819,0.01,LLVM,random,2,Prop0.2,16,True
CART,0.0192866082445021,"{""max_features"": 1.0, ""min_samples_leaf"": 2, ""splitter"": ""best""}",205,819,0.0,LLVM,random,2,Prop0.2,17,True
kNN,0.0312110662051762,"{""n_neighbors"": 10, ""p"": 1, ""weights"": ""distance""}",205,819,0.01,LLVM,random,2,Prop0.2,17,True
KRR,0.0184175287014012,"{""regressor__kernel"": ""rbf"", ""regressor__gamma"": 0.2, ""regressor__alpha"": 0.01}",205,819,0.01,LLVM,random,2,Prop0.2,17,True
MR,0.0213135103920898,"{""lasso__regressor__alpha"": 0.01}",205,819,0.01,LLVM,random,2,Prop0.2,17,True
RF,0.0144151430169204,"{""max_features"": 1.0, ""min_samples_leaf"": 1, ""n_estimators"": 20}",205,819,0.05,LLVM,random,2,Prop0.2,17,True
SVR,0.0183864326512437,"{""regressor__tol"": 0.05, ""regressor__shrinking"": true, ""regressor__epsilon"": 0.1, ""regressor__coef0"": 1.0, ""regressor__C"": 5.0}",205,819,0.01,LLVM,random,2,Prop0.2,17,True
CART,0.0160489124649511,"{""max_features"": 1.0, ""min_samples_leaf"": 2, ""splitter"": ""best""}",205,819,0.0,LLVM,random,2,Prop0.2,18,True
kNN,0.0288607788181933,"{""n_neighbors"": 10, ""p"": 1, ""weights"": ""distance""}",205,819,0.01,LLVM,random,2,Prop0.2,18,True
KRR,0.0180387214916994,"{""regressor__kernel"": ""rbf"", ""regressor__gamma"": 0.2, ""regressor__alpha"": 0.01}",205,819,0.01,LLVM,random,2,Prop0.2,18,True
MR,0.021359808740851,"{""lasso__regressor__alpha"": 0.01}",205,819,0.01,LLVM,random,2,Prop0.2,18,True
RF,0.0149592168560541,"{""max_features"": 1.0, ""min_samples_leaf"": 1, ""n_estimators"": 20}",205,819,0.05,LLVM,random,2,Prop0.2,18,True
SVR,0.0170937051382987,"{""regressor__tol"": 0.05, ""regressor__shrinking"": true, ""regressor__epsilon"": 0.1, ""regressor__coef0"": 1.0, ""regressor__C"": 5.0}",205,819,0.02,LLVM,random,2,Prop0.2,18,True
CART,0.0174214926137209,"{""max_features"": 1.0, ""min_samples_leaf"": 2, ""splitter"": ""best""}",205,819,0.0,LLVM,random,2,Prop0.2,19,True
kNN,0.0322346706274029,"{""n_neighbors"": 10, ""p"": 1, ""weights"": ""distance""}",205,819,0.01,LLVM,random,2,Prop0.2,19,True
KRR,0.0169989671542615,"{""regressor__kernel"": ""rbf"", ""regressor__gamma"": 0.2, ""regressor__alpha"": 0.01}",205,819,0.01,LLVM,random,2,Prop0.2,19,True
MR,0.0199220454946873,"{""lasso__regressor__alpha"": 0.01}",205,819,0.01,LLVM,random,2,Prop0.2,19,True
RF,0.014489270118977,"{""max_features"": 1.0, ""min_samples_leaf"": 1, ""n_estimators"": 20}",205,819,0.04,LLVM,random,2,Prop0.2,19,True
SVR,0.0169816064437888,"{""regressor__tol"": 0.05, ""regressor__shrinking"": true, ""regressor__epsilon"": 0.1, ""regressor__coef0"": 1.0, ""regressor__C"": 5.0}",205,819,0.01,LLVM,random,2,Prop0.2,19,True
CART,0.0160733918867636,"{""max_features"": 1.0, ""min_samples_leaf"": 2, ""splitter"": ""best""}",205,819,0.0,LLVM,random,2,Prop0.2,20,True
kNN,0.0300347484598286,"{""n_neighbors"": 10, ""p"": 1, ""weights"": ""distance""}",205,819,0.01,LLVM,random,2,Prop0.2,20,True
KRR,0.0185980529970357,"{""regressor__kernel"": ""rbf"", ""regressor__gamma"": 0.2, ""regressor__alpha"": 0.01}",205,819,0.01,LLVM,random,2,Prop0.2,20,True
MR,0.0219309678760048,"{""lasso__regressor__alpha"": 0.01}",205,819,0.01,LLVM,random,2,Prop0.2,20,True
RF,0.015716088981739,"{""max_features"": 1.0, ""min_samples_leaf"": 1, ""n_estimators"": 20}",205,819,0.05,LLVM,random,2,Prop0.2,20,True
SVR,0.0175089788260225,"{""regressor__tol"": 0.05, ""regressor__shrinking"": true, ""regressor__epsilon"": 0.1, ""regressor__coef0"": 1.0, ""regressor__C"": 5.0}",205,819,0.01,LLVM,random,2,Prop0.2,20,True
CART,0.0201751627809798,"{""max_features"": 1.0, ""min_samples_leaf"": 2, ""splitter"": ""best""}",205,819,0.0,LLVM,random,2,Prop0.2,21,True
kNN,0.0307960678260663,"{""n_neighbors"": 10, ""p"": 1, ""weights"": ""distance""}",205,819,0.01,LLVM,random,2,Prop0.2,21,True
KRR,0.0203292909489456,"{""regressor__kernel"": ""rbf"", ""regressor__gamma"": 0.2, ""regressor__alpha"": 0.01}",205,819,0.01,LLVM,random,2,Prop0.2,21,True
MR,0.0209353393347265,"{""lasso__regressor__alpha"": 0.01}",205,819,0.01,LLVM,random,2,Prop0.2,21,True
RF,0.0166547158491469,"{""max_features"": 1.0, ""min_samples_leaf"": 1, ""n_estimators"": 20}",205,819,0.05,LLVM,random,2,Prop0.2,21,True
SVR,0.0180276041022374,"{""regressor__tol"": 0.05, ""regressor__shrinking"": true, ""regressor__epsilon"": 0.1, ""regressor__coef0"": 1.0, ""regressor__C"": 5.0}",205,819,0.02,LLVM,random,2,Prop0.2,21,True
CART,0.0178134765376451,"{""max_features"": 1.0, ""min_samples_leaf"": 2, ""splitter"": ""best""}",205,819,0.0,LLVM,random,2,Prop0.2,22,True
kNN,0.0302568949715322,"{""n_neighbors"": 10, ""p"": 1, ""weights"": ""distance""}",205,819,0.01,LLVM,random,2,Prop0.2,22,True
KRR,0.0168615711312608,"{""regressor__kernel"": ""rbf"", ""regressor__gamma"": 0.2, ""regressor__alpha"": 0.01}",205,819,0.01,LLVM,random,2,Prop0.2,22,True
MR,0.0205055901302078,"{""lasso__regressor__alpha"": 0.01}",205,819,0.01,LLVM,random,2,Prop0.2,22,True
RF,0.0145941028051054,"{""max_features"": 1.0, ""min_samples_leaf"": 1, ""n_estimators"": 20}",205,819,0.05,LLVM,random,2,Prop0.2,22,True
SVR,0.0173227829335632,"{""regressor__tol"": 0.05, ""regressor__shrinking"": true, ""regressor__epsilon"": 0.1, ""regressor__coef0"": 1.0, ""regressor__C"": 5.0}",205,819,0.02,LLVM,random,2,Prop0.2,22,True
CART,0.0182031466086295,"{""max_features"": 1.0, ""min_samples_leaf"": 2, ""splitter"": ""best""}",205,819,0.0,LLVM,random,2,Prop0.2,23,True
kNN,0.0277612489623021,"{""n_neighbors"": 10, ""p"": 1, ""weights"": ""distance""}",205,819,0.01,LLVM,random,2,Prop0.2,23,True
KRR,0.0193756840648786,"{""regressor__kernel"": ""rbf"", ""regressor__gamma"": 0.2, ""regressor__alpha"": 0.01}",205,819,0.01,LLVM,random,2,Prop0.2,23,True
MR,0.0212522553883815,"{""lasso__regressor__alpha"": 0.01}",205,819,0.01,LLVM,random,2,Prop0.2,23,True
RF,0.0142627556329499,"{""max_features"": 1.0, ""min_samples_leaf"": 1, ""n_estimators"": 20}",205,819,0.05,LLVM,random,2,Prop0.2,23,True
SVR,0.0188043930734097,"{""regressor__tol"": 0.05, ""regressor__shrinking"": true, ""regressor__epsilon"": 0.1, ""regressor__coef0"": 1.0, ""regressor__C"": 5.0}",205,819,0.02,LLVM,random,2,Prop0.2,23,True
CART,0.017002356774479,"{""max_features"": 1.0, ""min_samples_leaf"": 2, ""splitter"": ""best""}",205,819,0.0,LLVM,random,2,Prop0.2,24,True
kNN,0.0269415392952079,"{""n_neighbors"": 10, ""p"": 1, ""weights"": ""distance""}",205,819,0.01,LLVM,random,2,Prop0.2,24,True
KRR,0.0168307823978245,"{""regressor__kernel"": ""rbf"", ""regressor__gamma"": 0.2, ""regressor__alpha"": 0.01}",205,819,0.01,LLVM,random,2,Prop0.2,24,True
MR,0.020970397275348,"{""lasso__regressor__alpha"": 0.01}",205,819,0.01,LLVM,random,2,Prop0.2,24,True
RF,0.0139611568847434,"{""max_features"": 1.0, ""min_samples_leaf"": 1, ""n_estimators"": 20}",205,819,0.05,LLVM,random,2,Prop0.2,24,True
SVR,0.0167465449504305,"{""regressor__tol"": 0.05, ""regressor__shrinking"": true, ""regressor__epsilon"": 0.1, ""regressor__coef0"": 1.0, ""regressor__C"": 5.0}",205,819,0.02,LLVM,random,2,Prop0.2,24,True
CART,0.0157059377364481,"{""max_features"": 1.0, ""min_samples_leaf"": 2, ""splitter"": ""best""}",205,819,0.0,LLVM,random,2,Prop0.2,25,True
kNN,0.0287495914304903,"{""n_neighbors"": 10, ""p"": 1, ""weights"": ""distance""}",205,819,0.01,LLVM,random,2,Prop0.2,25,True
KRR,0.0166842417473799,"{""regressor__kernel"": ""rbf"", ""regressor__gamma"": 0.2, ""regressor__alpha"": 0.01}",205,819,0.01,LLVM,random,2,Prop0.2,25,True
MR,0.0200805561128928,"{""lasso__regressor__alpha"": 0.01}",205,819,0.01,LLVM,random,2,Prop0.2,25,True
RF,0.0141950359034849,"{""max_features"": 1.0, ""min_samples_leaf"": 1, ""n_estimators"": 20}",205,819,0.05,LLVM,random,2,Prop0.2,25,True
SVR,0.0172053077089219,"{""regressor__tol"": 0.05, ""regressor__shrinking"": true, ""regressor__epsilon"": 0.1, ""regressor__coef0"": 1.0, ""regressor__C"": 5.0}",205,819,0.01,LLVM,random,2,Prop0.2,25,True
CART,0.0145793477158568,"{""max_features"": 1.0, ""min_samples_leaf"": 2, ""splitter"": ""best""}",205,819,0.0,LLVM,random,2,Prop0.2,26,True
kNN,0.0276774046036228,"{""n_neighbors"": 10, ""p"": 1, ""weights"": ""distance""}",205,819,0.01,LLVM,random,2,Prop0.2,26,True
KRR,0.0168005644429887,"{""regressor__kernel"": ""rbf"", ""regressor__gamma"": 0.2, ""regressor__alpha"": 0.01}",205,819,0.01,LLVM,random,2,Prop0.2,26,True
MR,0.0199986155982735,"{""lasso__regressor__alpha"": 0.01}",205,819,0.01,LLVM,random,2,Prop0.2,26,True
RF,0.0137856677368543,"{""max_features"": 1.0, ""min_samples_leaf"": 1, ""n_estimators"": 20}",205,819,0.05,LLVM,random,2,Prop0.2,26,True
SVR,0.0167163304468998,"{""regressor__tol"": 0.05, ""regressor__shrinking"": true, ""regressor__epsilon"": 0.1, ""regressor__coef0"": 1.0, ""regressor__C"": 5.0}",205,819,0.01,LLVM,random,2,Prop0.2,26,True
CART,0.0175201226856232,"{""max_features"": 1.0, ""min_samples_leaf"": 2, ""splitter"": ""best""}",205,819,0.0,LLVM,random,2,Prop0.2,27,True
kNN,0.0318811943878099,"{""n_neighbors"": 10, ""p"": 1, ""weights"": ""distance""}",205,819,0.01,LLVM,random,2,Prop0.2,27,True
KRR,0.0207831145155408,"{""regressor__kernel"": ""rbf"", ""regressor__gamma"": 0.2, ""regressor__alpha"": 0.01}",205,819,0.01,LLVM,random,2,Prop0.2,27,True
MR,0.0204712051510607,"{""lasso__regressor__alpha"": 0.01}",205,819,0.01,LLVM,random,2,Prop0.2,27,True
RF,0.0160833180696882,"{""max_features"": 1.0, ""min_samples_leaf"": 1, ""n_estimators"": 20}",205,819,0.05,LLVM,random,2,Prop0.2,27,True
SVR,0.0187826943062881,"{""regressor__tol"": 0.05, ""regressor__shrinking"": true, ""regressor__epsilon"": 0.1, ""regressor__coef0"": 1.0, ""regressor__C"": 5.0}",205,819,0.02,LLVM,random,2,Prop0.2,27,True
CART,0.0164012547585314,"{""max_features"": 1.0, ""min_samples_leaf"": 2, ""splitter"": ""best""}",205,819,0.0,LLVM,random,2,Prop0.2,28,True
kNN,0.0287369432471355,"{""n_neighbors"": 10, ""p"": 1, ""weights"": ""distance""}",205,819,0.01,LLVM,random,2,Prop0.2,28,True
KRR,0.0176705848327377,"{""regressor__kernel"": ""rbf"", ""regressor__gamma"": 0.2, ""regressor__alpha"": 0.01}",205,819,0.01,LLVM,random,2,Prop0.2,28,True
MR,0.0199877643657967,"{""lasso__regressor__alpha"": 0.01}",205,819,0.01,LLVM,random,2,Prop0.2,28,True
RF,0.0145432244739826,"{""max_features"": 1.0, ""min_samples_leaf"": 1, ""n_estimators"": 20}",205,819,0.04,LLVM,random,2,Prop0.2,28,True
SVR,0.0169049814567821,"{""regressor__tol"": 0.05, ""regressor__shrinking"": true, ""regressor__epsilon"": 0.1, ""regressor__coef0"": 1.0, ""regressor__C"": 5.0}",205,819,0.01,LLVM,random,2,Prop0.2,28,True
CART,0.0171363217067274,"{""max_features"": 1.0, ""min_samples_leaf"": 2, ""splitter"": ""best""}",205,819,0.0,LLVM,random,2,Prop0.2,29,True
kNN,0.0313165608220451,"{""n_neighbors"": 10, ""p"": 1, ""weights"": ""distance""}",205,819,0.01,LLVM,random,2,Prop0.2,29,True
KRR,0.0207168033830401,"{""regressor__kernel"": ""rbf"", ""regressor__gamma"": 0.2, ""regressor__alpha"": 0.01}",205,819,0.01,LLVM,random,2,Prop0.2,29,True
MR,0.0198309435359174,"{""lasso__regressor__alpha"": 0.01}",205,819,0.01,LLVM,random,2,Prop0.2,29,True
RF,0.0153963903756059,"{""max_features"": 1.0, ""min_samples_leaf"": 1, ""n_estimators"": 20}",205,819,0.05,LLVM,random,2,Prop0.2,29,True
SVR,0.0197317897213056,"{""regressor__tol"": 0.05, ""regressor__shrinking"": true, ""regressor__epsilon"": 0.1, ""regressor__coef0"": 1.0, ""regressor__C"": 5.0}",205,819,0.01,LLVM,random,2,Prop0.2,29,True
CART,0.0165405891785491,"{""max_features"": 1.0, ""min_samples_leaf"": 2, ""splitter"": ""best""}",205,819,0.0,LLVM,random,2,Prop0.2,30,True
kNN,0.0306694814277907,"{""n_neighbors"": 10, ""p"": 1, ""weights"": ""distance""}",205,819,0.01,LLVM,random,2,Prop0.2,30,True
KRR,0.0198758635206127,"{""regressor__kernel"": ""rbf"", ""regressor__gamma"": 0.2, ""regressor__alpha"": 0.01}",205,819,0.01,LLVM,random,2,Prop0.2,30,True
MR,0.0210950090587426,"{""lasso__regressor__alpha"": 0.01}",205,819,0.01,LLVM,random,2,Prop0.2,30,True
RF,0.0147427243742967,"{""max_features"": 1.0, ""min_samples_leaf"": 1, ""n_estimators"": 20}",205,819,0.05,LLVM,random,2,Prop0.2,30,True
SVR,0.0190539897037716,"{""regressor__tol"": 0.05, ""regressor__shrinking"": true, ""regressor__epsilon"": 0.1, ""regressor__coef0"": 1.0, ""regressor__C"": 5.0}",205,819,0.01,LLVM,random,2,Prop0.2,30,True
CART,0.0170188925369927,"{""max_features"": 1.0, ""min_samples_leaf"": 2, ""splitter"": ""best""}",205,819,0.0,LLVM,random,2,Prop0.2,31,True
kNN,0.029930308173254,"{""n_neighbors"": 10, ""p"": 1, ""weights"": ""distance""}",205,819,0.01,LLVM,random,2,Prop0.2,31,True
KRR,0.0197770166017008,"{""regressor__kernel"": ""rbf"", ""regressor__gamma"": 0.2, ""regressor__alpha"": 0.01}",205,819,0.01,LLVM,random,2,Prop0.2,31,True
MR,0.0205634551386273,"{""lasso__regressor__alpha"": 0.01}",205,819,0.01,LLVM,random,2,Prop0.2,31,True
RF,0.0153348319997043,"{""max_features"": 1.0, ""min_samples_leaf"": 1, ""n_estimators"": 20}",205,819,0.04,LLVM,random,2,Prop0.2,31,True
SVR,0.0189810314081639,"{""regressor__tol"": 0.05, ""regressor__shrinking"": true, ""regressor__epsilon"": 0.1, ""regressor__coef0"": 1.0, ""regressor__C"": 5.0}",205,819,0.02,LLVM,random,2,Prop0.2,31,True
CART,0.0159397983616033,"{""max_features"": 1.0, ""min_samples_leaf"": 2, ""splitter"": ""best""}",205,819,0.0,LLVM,random,2,Prop0.2,32,True
kNN,0.0289237042540401,"{""n_neighbors"": 10, ""p"": 1, ""weights"": ""distance""}",205,819,0.01,LLVM,random,2,Prop0.2,32,True
KRR,0.0167052868120856,"{""regressor__kernel"": ""rbf"", ""regressor__gamma"": 0.2, ""regressor__alpha"": 0.01}",205,819,0.01,LLVM,random,2,Prop0.2,32,True
MR,0.0201181208354718,"{""lasso__regressor__alpha"": 0.01}",205,819,0.01,LLVM,random,2,Prop0.2,32,True
RF,0.0146342427198073,"{""max_features"": 1.0, ""min_samples_leaf"": 1, ""n_estimators"": 20}",205,819,0.04,LLVM,random,2,Prop0.2,32,True
SVR,0.0160449649079535,"{""regressor__tol"": 0.05, ""regressor__shrinking"": true, ""regressor__epsilon"": 0.1, ""regressor__coef0"": 1.0, ""regressor__C"": 5.0}",205,819,0.02,LLVM,random,2,Prop0.2,32,True
CART,0.0171316398916689,"{""max_features"": 1.0, ""min_samples_leaf"": 2, ""splitter"": ""best""}",205,819,0.0,LLVM,random,2,Prop0.2,33,True
kNN,0.032213296108647,"{""n_neighbors"": 10, ""p"": 1, ""weights"": ""distance""}",205,819,0.01,LLVM,random,2,Prop0.2,33,True
KRR,0.0196418071284917,"{""regressor__kernel"": ""rbf"", ""regressor__gamma"": 0.2, ""regressor__alpha"": 0.01}",205,819,0.01,LLVM,random,2,Prop0.2,33,True
MR,0.0197142863148392,"{""lasso__regressor__alpha"": 0.01}",205,819,0.01,LLVM,random,2,Prop0.2,33,True
RF,0.015550220605095,"{""max_features"": 1.0, ""min_samples_leaf"": 1, ""n_estimators"": 20}",205,819,0.05,LLVM,random,2,Prop0.2,33,True
SVR,0.0181826782423904,"{""regressor__tol"": 0.05, ""regressor__shrinking"": true, ""regressor__epsilon"": 0.1, ""regressor__coef0"": 1.0, ""regressor__C"": 5.0}",205,819,0.01,LLVM,random,2,Prop0.2,33,True
CART,0.0159664851496438,"{""max_features"": 1.0, ""min_samples_leaf"": 2, ""splitter"": ""best""}",205,819,0.0,LLVM,random,2,Prop0.2,34,True
kNN,0.0286230289446708,"{""n_neighbors"": 10, ""p"": 1, ""weights"": ""distance""}",205,819,0.01,LLVM,random,2,Prop0.2,34,True
KRR,0.0189818067179659,"{""regressor__kernel"": ""rbf"", ""regressor__gamma"": 0.2, ""regressor__alpha"": 0.01}",205,819,0.01,LLVM,random,2,Prop0.2,34,True
MR,0.0197804675931649,"{""lasso__regressor__alpha"": 0.01}",205,819,0.01,LLVM,random,2,Prop0.2,34,True
RF,0.0138644569241125,"{""max_features"": 1.0, ""min_samples_leaf"": 1, ""n_estimators"": 20}",205,819,0.05,LLVM,random,2,Prop0.2,34,True
SVR,0.0176815291380302,"{""regressor__tol"": 0.05, ""regressor__shrinking"": true, ""regressor__epsilon"": 0.1, ""regressor__coef0"": 1.0, ""regressor__C"": 5.0}",205,819,0.02,LLVM,random,2,Prop0.2,34,True
CART,0.0155924322873017,"{""max_features"": 1.0, ""min_samples_leaf"": 2, ""splitter"": ""best""}",205,819,0.0,LLVM,random,2,Prop0.2,35,True
kNN,0.0281893654795092,"{""n_neighbors"": 10, ""p"": 1, ""weights"": ""distance""}",205,819,0.01,LLVM,random,2,Prop0.2,35,True
KRR,0.0199222784685553,"{""regressor__kernel"": ""rbf"", ""regressor__gamma"": 0.2, ""regressor__alpha"": 0.01}",205,819,0.01,LLVM,random,2,Prop0.2,35,True
MR,0.0206204196969158,"{""lasso__regressor__alpha"": 0.01}",205,819,0.01,LLVM,random,2,Prop0.2,35,True
RF,0.0150217149579561,"{""max_features"": 1.0, ""min_samples_leaf"": 1, ""n_estimators"": 20}",205,819,0.04,LLVM,random,2,Prop0.2,35,True
SVR,0.0195126308028509,"{""regressor__tol"": 0.05, ""regressor__shrinking"": true, ""regressor__epsilon"": 0.1, ""regressor__coef0"": 1.0, ""regressor__C"": 5.0}",205,819,0.02,LLVM,random,2,Prop0.2,35,True
CART,0.0194408871670946,"{""max_features"": 1.0, ""min_samples_leaf"": 2, ""splitter"": ""best""}",205,819,0.0,LLVM,random,2,Prop0.2,36,True
kNN,0.0294403679995562,"{""n_neighbors"": 10, ""p"": 1, ""weights"": ""distance""}",205,819,0.01,LLVM,random,2,Prop0.2,36,True
KRR,0.0203810779565982,"{""regressor__kernel"": ""rbf"", ""regressor__gamma"": 0.2, ""regressor__alpha"": 0.01}",205,819,0.01,LLVM,random,2,Prop0.2,36,True
MR,0.0212248901599189,"{""lasso__regressor__alpha"": 0.01}",205,819,0.01,LLVM,random,2,Prop0.2,36,True
RF,0.016369621530986,"{""max_features"": 1.0, ""min_samples_leaf"": 1, ""n_estimators"": 20}",205,819,0.05,LLVM,random,2,Prop0.2,36,True
SVR,0.0191382932455369,"{""regressor__tol"": 0.05, ""regressor__shrinking"": true, ""regressor__epsilon"": 0.1, ""regressor__coef0"": 1.0, ""regressor__C"": 5.0}",205,819,0.02,LLVM,random,2,Prop0.2,36,True
CART,0.0174942615877723,"{""max_features"": 1.0, ""min_samples_leaf"": 2, ""splitter"": ""best""}",205,819,0.0,LLVM,random,2,Prop0.2,37,True
kNN,0.0288486885275739,"{""n_neighbors"": 10, ""p"": 1, ""weights"": ""distance""}",205,819,0.01,LLVM,random,2,Prop0.2,37,True
KRR,0.0180104226119637,"{""regressor__kernel"": ""rbf"", ""regressor__gamma"": 0.2, ""regressor__alpha"": 0.01}",205,819,0.01,LLVM,random,2,Prop0.2,37,True
MR,0.0191116546984417,"{""lasso__regressor__alpha"": 0.01}",205,819,0.01,LLVM,random,2,Prop0.2,37,True
RF,0.0144383965890579,"{""max_features"": 1.0, ""min_samples_leaf"": 1, ""n_estimators"": 20}",205,819,0.05,LLVM,random,2,Prop0.2,37,True
SVR,0.0171850796077396,"{""regressor__tol"": 0.05, ""regressor__shrinking"": true, ""regressor__epsilon"": 0.1, ""regressor__coef0"": 1.0, ""regressor__C"": 5.0}",205,819,0.01,LLVM,random,2,Prop0.2,37,True
CART,0.0216771219768535,"{""max_features"": 1.0, ""min_samples_leaf"": 2, ""splitter"": ""best""}",205,819,0.0,LLVM,random,2,Prop0.2,38,True
kNN,0.0270425637078125,"{""n_neighbors"": 10, ""p"": 1, ""weights"": ""distance""}",205,819,0.01,LLVM,random,2,Prop0.2,38,True
KRR,0.0203249437085881,"{""regressor__kernel"": ""rbf"", ""regressor__gamma"": 0.2, ""regressor__alpha"": 0.01}",205,819,0.01,LLVM,random,2,Prop0.2,38,True
MR,0.0201376560129574,"{""lasso__regressor__alpha"": 0.01}",205,819,0.01,LLVM,random,2,Prop0.2,38,True
RF,0.0166308936714626,"{""max_features"": 1.0, ""min_samples_leaf"": 1, ""n_estimators"": 20}",205,819,0.05,LLVM,random,2,Prop0.2,38,True
SVR,0.0190763973713605,"{""regressor__tol"": 0.05, ""regressor__shrinking"": true, ""regressor__epsilon"": 0.1, ""regressor__coef0"": 1.0, ""regressor__C"": 5.0}",205,819,0.02,LLVM,random,2,Prop0.2,38,True
CART,0.0149885575277972,"{""max_features"": 1.0, ""min_samples_leaf"": 2, ""splitter"": ""best""}",205,819,0.0,LLVM,random,2,Prop0.2,39,True
kNN,0.0259761887323029,"{""n_neighbors"": 10, ""p"": 1, ""weights"": ""distance""}",205,819,0.01,LLVM,random,2,Prop0.2,39,True
KRR,0.0186787409444918,"{""regressor__kernel"": ""rbf"", ""regressor__gamma"": 0.2, ""regressor__alpha"": 0.01}",205,819,0.01,LLVM,random,2,Prop0.2,39,True
MR,0.020712342432682,"{""lasso__regressor__alpha"": 0.01}",205,819,0.01,LLVM,random,2,Prop0.2,39,True
RF,0.0142453199063612,"{""max_features"": 1.0, ""min_samples_leaf"": 1, ""n_estimators"": 20}",205,819,0.05,LLVM,random,2,Prop0.2,39,True
SVR,0.0188316852223727,"{""regressor__tol"": 0.05, ""regressor__shrinking"": true, ""regressor__epsilon"": 0.1, ""regressor__coef0"": 1.0, ""regressor__C"": 5.0}",205,819,0.01,LLVM,random,2,Prop0.2,39,True
CART,0.0173959558491879,"{""max_features"": 1.0, ""min_samples_leaf"": 2, ""splitter"": ""best""}",205,819,0.0,LLVM,random,2,Prop0.2,40,True
kNN,0.0252923025160733,"{""n_neighbors"": 10, ""p"": 1, ""weights"": ""distance""}",205,819,0.01,LLVM,random,2,Prop0.2,40,True
KRR,0.0185241186946091,"{""regressor__kernel"": ""rbf"", ""regressor__gamma"": 0.2, ""regressor__alpha"": 0.01}",205,819,0.01,LLVM,random,2,Prop0.2,40,True
MR,0.020564402045756,"{""lasso__regressor__alpha"": 0.01}",205,819,0.01,LLVM,random,2,Prop0.2,40,True
RF,0.0158050988433608,"{""max_features"": 1.0, ""min_samples_leaf"": 1, ""n_estimators"": 20}",205,819,0.05,LLVM,random,2,Prop0.2,40,True
SVR,0.0175726773996082,"{""regressor__tol"": 0.05, ""regressor__shrinking"": true, ""regressor__epsilon"": 0.1, ""regressor__coef0"": 1.0, ""regressor__C"": 5.0}",205,819,0.02,LLVM,random,2,Prop0.2,40,True
CART,0.0160699721332999,"{""max_features"": 1.0, ""min_samples_leaf"": 2, ""splitter"": ""best""}",205,819,0.0,LLVM,random,2,Prop0.2,41,True
kNN,0.0299769661910968,"{""n_neighbors"": 10, ""p"": 1, ""weights"": ""distance""}",205,819,0.01,LLVM,random,2,Prop0.2,41,True
KRR,0.0165345965022893,"{""regressor__kernel"": ""rbf"", ""regressor__gamma"": 0.2, ""regressor__alpha"": 0.01}",205,819,0.01,LLVM,random,2,Prop0.2,41,True
MR,0.0211624538195638,"{""lasso__regressor__alpha"": 0.01}",205,819,0.0,LLVM,random,2,Prop0.2,41,True
RF,0.0150213261319203,"{""max_features"": 1.0, ""min_samples_leaf"": 1, ""n_estimators"": 20}",205,819,0.05,LLVM,random,2,Prop0.2,41,True
SVR,0.0178518908174594,"{""regressor__tol"": 0.05, ""regressor__shrinking"": true, ""regressor__epsilon"": 0.1, ""regressor__coef0"": 1.0, ""regressor__C"": 5.0}",205,819,0.01,LLVM,random,2,Prop0.2,41,True
CART,0.0173264329858689,"{""max_features"": 1.0, ""min_samples_leaf"": 2, ""splitter"": ""best""}",205,819,0.0,LLVM,random,2,Prop0.2,42,True
kNN,0.0279146408254238,"{""n_neighbors"": 10, ""p"": 1, ""weights"": ""distance""}",205,819,0.01,LLVM,random,2,Prop0.2,42,True
KRR,0.0186237324647533,"{""regressor__kernel"": ""rbf"", ""regressor__gamma"": 0.2, ""regressor__alpha"": 0.01}",205,819,0.01,LLVM,random,2,Prop0.2,42,True
MR,0.019571914760159,"{""lasso__regressor__alpha"": 0.01}",205,819,0.01,LLVM,random,2,Prop0.2,42,True
RF,0.0148574498838013,"{""max_features"": 1.0, ""min_samples_leaf"": 1, ""n_estimators"": 20}",205,819,0.05,LLVM,random,2,Prop0.2,42,True
SVR,0.0169882034487029,"{""regressor__tol"": 0.05, ""regressor__shrinking"": true, ""regressor__epsilon"": 0.1, ""regressor__coef0"": 1.0, ""regressor__C"": 5.0}",205,819,0.02,LLVM,random,2,Prop0.2,42,True
CART,0.016720704369591,"{""max_features"": 1.0, ""min_samples_leaf"": 2, ""splitter"": ""best""}",205,819,0.0,LLVM,random,2,Prop0.2,43,True
kNN,0.0300870124512883,"{""n_neighbors"": 10, ""p"": 1, ""weights"": ""distance""}",205,819,0.01,LLVM,random,2,Prop0.2,43,True
KRR,0.0186247982007636,"{""regressor__kernel"": ""rbf"", ""regressor__gamma"": 0.2, ""regressor__alpha"": 0.01}",205,819,0.01,LLVM,random,2,Prop0.2,43,True
MR,0.0206193377872332,"{""lasso__regressor__alpha"": 0.01}",205,819,0.01,LLVM,random,2,Prop0.2,43,True
RF,0.0150429682213166,"{""max_features"": 1.0, ""min_samples_leaf"": 1, ""n_estimators"": 20}",205,819,0.05,LLVM,random,2,Prop0.2,43,True
SVR,0.0176231563806724,"{""regressor__tol"": 0.05, ""regressor__shrinking"": true, ""regressor__epsilon"": 0.1, ""regressor__coef0"": 1.0, ""regressor__C"": 5.0}",205,819,0.01,LLVM,random,2,Prop0.2,43,True
CART,0.0166728603908859,"{""max_features"": 1.0, ""min_samples_leaf"": 2, ""splitter"": ""best""}",205,819,0.0,LLVM,random,2,Prop0.2,44,True
kNN,0.028299021687632,"{""n_neighbors"": 10, ""p"": 1, ""weights"": ""distance""}",205,819,0.01,LLVM,random,2,Prop0.2,44,True
KRR,0.0189950357871078,"{""regressor__kernel"": ""rbf"", ""regressor__gamma"": 0.2, ""regressor__alpha"": 0.01}",205,819,0.01,LLVM,random,2,Prop0.2,44,True
MR,0.0208256959895351,"{""lasso__regressor__alpha"": 0.01}",205,819,0.01,LLVM,random,2,Prop0.2,44,True
RF,0.0141603049542319,"{""max_features"": 1.0, ""min_samples_leaf"": 1, ""n_estimators"": 20}",205,819,0.04,LLVM,random,2,Prop0.2,44,True
SVR,0.0183907264256426,"{""regressor__tol"": 0.05, ""regressor__shrinking"": true, ""regressor__epsilon"": 0.1, ""regressor__coef0"": 1.0, ""regressor__C"": 5.0}",205,819,0.01,LLVM,random,2,Prop0.2,44,True
CART,0.0160477191594645,"{""max_features"": 1.0, ""min_samples_leaf"": 2, ""splitter"": ""best""}",205,819,0.0,LLVM,random,2,Prop0.2,45,True
kNN,0.0320705245379088,"{""n_neighbors"": 10, ""p"": 1, ""weights"": ""distance""}",205,819,0.01,LLVM,random,2,Prop0.2,45,True
KRR,0.0195502275057779,"{""regressor__kernel"": ""rbf"", ""regressor__gamma"": 0.2, ""regressor__alpha"": 0.01}",205,819,0.01,LLVM,random,2,Prop0.2,45,True
MR,0.0207090033594873,"{""lasso__regressor__alpha"": 0.01}",205,819,0.01,LLVM,random,2,Prop0.2,45,True
RF,0.0159036967455385,"{""max_features"": 1.0, ""min_samples_leaf"": 1, ""n_estimators"": 20}",205,819,0.04,LLVM,random,2,Prop0.2,45,True
SVR,0.0177812479821057,"{""regressor__tol"": 0.05, ""regressor__shrinking"": true, ""regressor__epsilon"": 0.1, ""regressor__coef0"": 1.0, ""regressor__C"": 5.0}",205,819,0.02,LLVM,random,2,Prop0.2,45,True
CART,0.0191582804983738,"{""max_features"": 1.0, ""min_samples_leaf"": 2, ""splitter"": ""best""}",205,819,0.0,LLVM,random,2,Prop0.2,46,True
kNN,0.0260286958852885,"{""n_neighbors"": 10, ""p"": 1, ""weights"": ""distance""}",205,819,0.01,LLVM,random,2,Prop0.2,46,True
KRR,0.0187856682981233,"{""regressor__kernel"": ""rbf"", ""regressor__gamma"": 0.2, ""regressor__alpha"": 0.01}",205,819,0.01,LLVM,random,2,Prop0.2,46,True
MR,0.0195101206408196,"{""lasso__regressor__alpha"": 0.01}",205,819,0.01,LLVM,random,2,Prop0.2,46,True
RF,0.0156992651448175,"{""max_features"": 1.0, ""min_samples_leaf"": 1, ""n_estimators"": 20}",205,819,0.05,LLVM,random,2,Prop0.2,46,True
SVR,0.0181035681580609,"{""regressor__tol"": 0.05, ""regressor__shrinking"": true, ""regressor__epsilon"": 0.1, ""regressor__coef0"": 1.0, ""regressor__C"": 5.0}",205,819,0.01,LLVM,random,2,Prop0.2,46,True
CART,0.0176390467303953,"{""max_features"": 1.0, ""min_samples_leaf"": 2, ""splitter"": ""best""}",205,819,0.0,LLVM,random,2,Prop0.2,47,True
kNN,0.0288441040155229,"{""n_neighbors"": 10, ""p"": 1, ""weights"": ""distance""}",205,819,0.01,LLVM,random,2,Prop0.2,47,True
KRR,0.020288155515941,"{""regressor__kernel"": ""rbf"", ""regressor__gamma"": 0.2, ""regressor__alpha"": 0.01}",205,819,0.01,LLVM,random,2,Prop0.2,47,True
MR,0.0203752646094146,"{""lasso__regressor__alpha"": 0.01}",205,819,0.01,LLVM,random,2,Prop0.2,47,True
RF,0.0154004144106629,"{""max_features"": 1.0, ""min_samples_leaf"": 1, ""n_estimators"": 20}",205,819,0.04,LLVM,random,2,Prop0.2,47,True
SVR,0.0187410377856489,"{""regressor__tol"": 0.05, ""regressor__shrinking"": true, ""regressor__epsilon"": 0.1, ""regressor__coef0"": 1.0, ""regressor__C"": 5.0}",205,819,0.02,LLVM,random,2,Prop0.2,47,True
CART,0.0155094192416024,"{""max_features"": 1.0, ""min_samples_leaf"": 2, ""splitter"": ""best""}",205,819,0.0,LLVM,random,2,Prop0.2,48,True
kNN,0.027247947075985,"{""n_neighbors"": 10, ""p"": 1, ""weights"": ""distance""}",205,819,0.01,LLVM,random,2,Prop0.2,48,True
KRR,0.0183200458394695,"{""regressor__kernel"": ""rbf"", ""regressor__gamma"": 0.2, ""regressor__alpha"": 0.01}",205,819,0.01,LLVM,random,2,Prop0.2,48,True
MR,0.0194505287867489,"{""lasso__regressor__alpha"": 0.01}",205,819,0.01,LLVM,random,2,Prop0.2,48,True
RF,0.0141091654980629,"{""max_features"": 1.0, ""min_samples_leaf"": 1, ""n_estimators"": 20}",205,819,0.05,LLVM,random,2,Prop0.2,48,True
SVR,0.0176539777710624,"{""regressor__tol"": 0.05, ""regressor__shrinking"": true, ""regressor__epsilon"": 0.1, ""regressor__coef0"": 1.0, ""regressor__C"": 5.0}",205,819,0.01,LLVM,random,2,Prop0.2,48,True
CART,0.0154601974876717,"{""max_features"": 1.0, ""min_samples_leaf"": 2, ""splitter"": ""best""}",205,819,0.0,LLVM,random,2,Prop0.2,49,True
kNN,0.029734056522313,"{""n_neighbors"": 10, ""p"": 1, ""weights"": ""distance""}",205,819,0.01,LLVM,random,2,Prop0.2,49,True
KRR,0.0169299215353796,"{""regressor__kernel"": ""rbf"", ""regressor__gamma"": 0.2, ""regressor__alpha"": 0.01}",205,819,0.01,LLVM,random,2,Prop0.2,49,True
MR,0.0194536949996387,"{""lasso__regressor__alpha"": 0.01}",205,819,0.01,LLVM,random,2,Prop0.2,49,True
RF,0.0137392110836318,"{""max_features"": 1.0, ""min_samples_leaf"": 1, ""n_estimators"": 20}",205,819,0.04,LLVM,random,2,Prop0.2,49,True
SVR,0.0167402228277588,"{""regressor__tol"": 0.05, ""regressor__shrinking"": true, ""regressor__epsilon"": 0.1, ""regressor__coef0"": 1.0, ""regressor__C"": 5.0}",205,819,0.02,LLVM,random,2,Prop0.2,49,True
CART,0.0168236848739561,"{""max_features"": 1.0, ""min_samples_leaf"": 2, ""splitter"": ""best""}",205,819,0.0,LLVM,random,2,Prop0.2,50,True
kNN,0.0299962462927509,"{""n_neighbors"": 10, ""p"": 1, ""weights"": ""distance""}",205,819,0.01,LLVM,random,2,Prop0.2,50,True
KRR,0.0176508188051004,"{""regressor__kernel"": ""rbf"", ""regressor__gamma"": 0.2, ""regressor__alpha"": 0.01}",205,819,0.01,LLVM,random,2,Prop0.2,50,True
MR,0.0205384820734325,"{""lasso__regressor__alpha"": 0.01}",205,819,0.01,LLVM,random,2,Prop0.2,50,True
RF,0.0150399534925026,"{""max_features"": 1.0, ""min_samples_leaf"": 1, ""n_estimators"": 20}",205,819,0.05,LLVM,random,2,Prop0.2,50,True
SVR,0.0168692089012528,"{""regressor__tol"": 0.05, ""regressor__shrinking"": true, ""regressor__epsilon"": 0.1, ""regressor__coef0"": 1.0, ""regressor__C"": 5.0}",205,819,0.02,LLVM,random,2,Prop0.2,50,True
CART,0.0161443408988206,"{""max_features"": 1.0, ""min_samples_leaf"": 2, ""splitter"": ""best""}",205,819,0.0,LLVM,random,2,Prop0.2,51,True
kNN,0.0271769986788901,"{""n_neighbors"": 10, ""p"": 1, ""weights"": ""distance""}",205,819,0.01,LLVM,random,2,Prop0.2,51,True
KRR,0.0184358934208632,"{""regressor__kernel"": ""rbf"", ""regressor__gamma"": 0.2, ""regressor__alpha"": 0.01}",205,819,0.01,LLVM,random,2,Prop0.2,51,True
MR,0.0192113757172131,"{""lasso__regressor__alpha"": 0.01}",205,819,0.01,LLVM,random,2,Prop0.2,51,True
RF,0.015621995396304,"{""max_features"": 1.0, ""min_samples_leaf"": 1, ""n_estimators"": 20}",205,819,0.05,LLVM,random,2,Prop0.2,51,True
SVR,0.0181796532081765,"{""regressor__tol"": 0.05, ""regressor__shrinking"": true, ""regressor__epsilon"": 0.1, ""regressor__coef0"": 1.0, ""regressor__C"": 5.0}",205,819,0.01,LLVM,random,2,Prop0.2,51,True
CART,0.0156289376865905,"{""max_features"": 1.0, ""min_samples_leaf"": 2, ""splitter"": ""best""}",205,819,0.0,LLVM,random,2,Prop0.2,52,True
kNN,0.0291286319777167,"{""n_neighbors"": 10, ""p"": 1, ""weights"": ""distance""}",205,819,0.01,LLVM,random,2,Prop0.2,52,True
KRR,0.0169624478124246,"{""regressor__kernel"": ""rbf"", ""regressor__gamma"": 0.2, ""regressor__alpha"": 0.01}",205,819,0.01,LLVM,random,2,Prop0.2,52,True
MR,0.0195718576026417,"{""lasso__regressor__alpha"": 0.01}",205,819,0.0,LLVM,random,2,Prop0.2,52,True
RF,0.0144374061715746,"{""max_features"": 1.0, ""min_samples_leaf"": 1, ""n_estimators"": 20}",205,819,0.05,LLVM,random,2,Prop0.2,52,True
SVR,0.0166264566220097,"{""regressor__tol"": 0.05, ""regressor__shrinking"": true, ""regressor__epsilon"": 0.1, ""regressor__coef0"": 1.0, ""regressor__C"": 5.0}",205,819,0.02,LLVM,random,2,Prop0.2,52,True
CART,0.0166123110804198,"{""max_features"": 1.0, ""min_samples_leaf"": 2, ""splitter"": ""best""}",205,819,0.0,LLVM,random,2,Prop0.2,53,True
kNN,0.028644898857297,"{""n_neighbors"": 10, ""p"": 1, ""weights"": ""distance""}",205,819,0.01,LLVM,random,2,Prop0.2,53,True
KRR,0.0180140201611442,"{""regressor__kernel"": ""rbf"", ""regressor__gamma"": 0.2, ""regressor__alpha"": 0.01}",205,819,0.01,LLVM,random,2,Prop0.2,53,True
MR,0.0217619103515787,"{""lasso__regressor__alpha"": 0.01}",205,819,0.01,LLVM,random,2,Prop0.2,53,True
RF,0.0149830163097017,"{""max_features"": 1.0, ""min_samples_leaf"": 1, ""n_estimators"": 20}",205,819,0.05,LLVM,random,2,Prop0.2,53,True
SVR,0.0175168995331286,"{""regressor__tol"": 0.05, ""regressor__shrinking"": true, ""regressor__epsilon"": 0.1, ""regressor__coef0"": 1.0, ""regressor__C"": 5.0}",205,819,0.01,LLVM,random,2,Prop0.2,53,True
CART,0.01706870429671,"{""max_features"": 1.0, ""min_samples_leaf"": 2, ""splitter"": ""best""}",205,819,0.0,LLVM,random,2,Prop0.2,54,True
kNN,0.0284289052253183,"{""n_neighbors"": 10, ""p"": 1, ""weights"": ""distance""}",205,819,0.01,LLVM,random,2,Prop0.2,54,True
KRR,0.020693759133284,"{""regressor__kernel"": ""rbf"", ""regressor__gamma"": 0.2, ""regressor__alpha"": 0.01}",205,819,0.01,LLVM,random,2,Prop0.2,54,True
MR,0.0192307230854844,"{""lasso__regressor__alpha"": 0.01}",205,819,0.01,LLVM,random,2,Prop0.2,54,True
RF,0.0165130303058117,"{""max_features"": 1.0, ""min_samples_leaf"": 1, ""n_estimators"": 20}",205,819,0.05,LLVM,random,2,Prop0.2,54,True
SVR,0.0189749000801911,"{""regressor__tol"": 0.05, ""regressor__shrinking"": true, ""regressor__epsilon"": 0.1, ""regressor__coef0"": 1.0, ""regressor__C"": 5.0}",205,819,0.01,LLVM,random,2,Prop0.2,54,True
CART,0.0172478720403804,"{""max_features"": 1.0, ""min_samples_leaf"": 2, ""splitter"": ""best""}",205,819,0.0,LLVM,random,2,Prop0.2,55,True
kNN,0.0334448727098067,"{""n_neighbors"": 10, ""p"": 1, ""weights"": ""distance""}",205,819,0.01,LLVM,random,2,Prop0.2,55,True
KRR,0.0187646208213128,"{""regressor__kernel"": ""rbf"", ""regressor__gamma"": 0.2, ""regressor__alpha"": 0.01}",205,819,0.01,LLVM,random,2,Prop0.2,55,True
MR,0.0220725588053869,"{""lasso__regressor__alpha"": 0.01}",205,819,0.01,LLVM,random,2,Prop0.2,55,True
RF,0.0150581523393327,"{""max_features"": 1.0, ""min_samples_leaf"": 1, ""n_estimators"": 20}",205,819,0.05,LLVM,random,2,Prop0.2,55,True
SVR,0.0196233728188851,"{""regressor__tol"": 0.05, ""regressor__shrinking"": true, ""regressor__epsilon"": 0.1, ""regressor__coef0"": 1.0, ""regressor__C"": 5.0}",205,819,0.01,LLVM,random,2,Prop0.2,55,True
CART,0.0207872378551741,"{""max_features"": 1.0, ""min_samples_leaf"": 2, ""splitter"": ""best""}",205,819,0.0,LLVM,random,2,Prop0.2,56,True
kNN,0.0273565766052317,"{""n_neighbors"": 10, ""p"": 1, ""weights"": ""distance""}",205,819,0.01,LLVM,random,2,Prop0.2,56,True
KRR,0.0189323569113413,"{""regressor__kernel"": ""rbf"", ""regressor__gamma"": 0.2, ""regressor__alpha"": 0.01}",205,819,0.01,LLVM,random,2,Prop0.2,56,True
MR,0.0199823144882418,"{""lasso__regressor__alpha"": 0.01}",205,819,0.01,LLVM,random,2,Prop0.2,56,True
RF,0.0163220779382707,"{""max_features"": 1.0, ""min_samples_leaf"": 1, ""n_estimators"": 20}",205,819,0.03,LLVM,random,2,Prop0.2,56,True
SVR,0.0180529364239117,"{""regressor__tol"": 0.05, ""regressor__shrinking"": true, ""regressor__epsilon"": 0.1, ""regressor__coef0"": 1.0, ""regressor__C"": 5.0}",205,819,0.02,LLVM,random,2,Prop0.2,56,True
CART,0.0164362675119349,"{""max_features"": 1.0, ""min_samples_leaf"": 2, ""splitter"": ""best""}",205,819,0.0,LLVM,random,2,Prop0.2,57,True
kNN,0.0308260230018928,"{""n_neighbors"": 10, ""p"": 1, ""weights"": ""distance""}",205,819,0.01,LLVM,random,2,Prop0.2,57,True
KRR,0.0174859987208165,"{""regressor__kernel"": ""rbf"", ""regressor__gamma"": 0.2, ""regressor__alpha"": 0.01}",205,819,0.01,LLVM,random,2,Prop0.2,57,True
MR,0.0212915435973843,"{""lasso__regressor__alpha"": 0.01}",205,819,0.01,LLVM,random,2,Prop0.2,57,True
RF,0.014659558156038,"{""max_features"": 1.0, ""min_samples_leaf"": 1, ""n_estimators"": 20}",205,819,0.05,LLVM,random,2,Prop0.2,57,True
SVR,0.0176105690785362,"{""regressor__tol"": 0.05, ""regressor__shrinking"": true, ""regressor__epsilon"": 0.1, ""regressor__coef0"": 1.0, ""regressor__C"": 5.0}",205,819,0.01,LLVM,random,2,Prop0.2,57,True
CART,0.0160839314458079,"{""max_features"": 1.0, ""min_samples_leaf"": 2, ""splitter"": ""best""}",205,819,0.0,LLVM,random,2,Prop0.2,58,True
kNN,0.0271823243252008,"{""n_neighbors"": 10, ""p"": 1, ""weights"": ""distance""}",205,819,0.01,LLVM,random,2,Prop0.2,58,True
KRR,0.0202566899578008,"{""regressor__kernel"": ""rbf"", ""regressor__gamma"": 0.2, ""regressor__alpha"": 0.01}",205,819,0.01,LLVM,random,2,Prop0.2,58,True
MR,0.0202295341692562,"{""lasso__regressor__alpha"": 0.01}",205,819,0.01,LLVM,random,2,Prop0.2,58,True
RF,0.0150720145329941,"{""max_features"": 1.0, ""min_samples_leaf"": 1, ""n_estimators"": 20}",205,819,0.05,LLVM,random,2,Prop0.2,58,True
SVR,0.0179807168969554,"{""regressor__tol"": 0.05, ""regressor__shrinking"": true, ""regressor__epsilon"": 0.1, ""regressor__coef0"": 1.0, ""regressor__C"": 5.0}",205,819,0.01,LLVM,random,2,Prop0.2,58,True
CART,0.0202702569554935,"{""max_features"": 1.0, ""min_samples_leaf"": 2, ""splitter"": ""best""}",205,819,0.0,LLVM,random,2,Prop0.2,59,True
kNN,0.0279399250002906,"{""n_neighbors"": 10, ""p"": 1, ""weights"": ""distance""}",205,819,0.01,LLVM,random,2,Prop0.2,59,True
KRR,0.0183056450837216,"{""regressor__kernel"": ""rbf"", ""regressor__gamma"": 0.2, ""regressor__alpha"": 0.01}",205,819,0.01,LLVM,random,2,Prop0.2,59,True
MR,0.0198976433437603,"{""lasso__regressor__alpha"": 0.01}",205,819,0.01,LLVM,random,2,Prop0.2,59,True
RF,0.0145227820868829,"{""max_features"": 1.0, ""min_samples_leaf"": 1, ""n_estimators"": 20}",205,819,0.05,LLVM,random,2,Prop0.2,59,True
SVR,0.0170677434825602,"{""regressor__tol"": 0.05, ""regressor__shrinking"": true, ""regressor__epsilon"": 0.1, ""regressor__coef0"": 1.0, ""regressor__C"": 5.0}",205,819,0.02,LLVM,random,2,Prop0.2,59,True
CART,0.0150272852187617,"{""max_features"": 1.0, ""min_samples_leaf"": 2, ""splitter"": ""best""}",205,819,0.0,LLVM,random,2,Prop0.2,60,True
kNN,0.028019194407971,"{""n_neighbors"": 10, ""p"": 1, ""weights"": ""distance""}",205,819,0.01,LLVM,random,2,Prop0.2,60,True
KRR,0.0166497203866543,"{""regressor__kernel"": ""rbf"", ""regressor__gamma"": 0.2, ""regressor__alpha"": 0.01}",205,819,0.01,LLVM,random,2,Prop0.2,60,True
MR,0.0206910407543531,"{""lasso__regressor__alpha"": 0.01}",205,819,0.01,LLVM,random,2,Prop0.2,60,True
RF,0.013818523637543,"{""max_features"": 1.0, ""min_samples_leaf"": 1, ""n_estimators"": 20}",205,819,0.04,LLVM,random,2,Prop0.2,60,True
SVR,0.0173546214687326,"{""regressor__tol"": 0.05, ""regressor__shrinking"": true, ""regressor__epsilon"": 0.1, ""regressor__coef0"": 1.0, ""regressor__C"": 5.0}",205,819,0.01,LLVM,random,2,Prop0.2,60,True
CART,0.018984395567469,"{""max_features"": 1.0, ""min_samples_leaf"": 2, ""splitter"": ""best""}",205,819,0.0,LLVM,random,2,Prop0.2,61,True
kNN,0.0295317307211772,"{""n_neighbors"": 10, ""p"": 1, ""weights"": ""distance""}",205,819,0.01,LLVM,random,2,Prop0.2,61,True
KRR,0.0221724753206114,"{""regressor__kernel"": ""rbf"", ""regressor__gamma"": 0.2, ""regressor__alpha"": 0.01}",205,819,0.01,LLVM,random,2,Prop0.2,61,True
MR,0.0209468931616257,"{""lasso__regressor__alpha"": 0.01}",205,819,0.01,LLVM,random,2,Prop0.2,61,True
RF,0.0171151760708431,"{""max_features"": 1.0, ""min_samples_leaf"": 1, ""n_estimators"": 20}",205,819,0.04,LLVM,random,2,Prop0.2,61,True
SVR,0.0210129510410754,"{""regressor__tol"": 0.05, ""regressor__shrinking"": true, ""regressor__epsilon"": 0.1, ""regressor__coef0"": 1.0, ""regressor__C"": 5.0}",205,819,0.01,LLVM,random,2,Prop0.2,61,True
CART,0.0169851416771695,"{""max_features"": 1.0, ""min_samples_leaf"": 2, ""splitter"": ""best""}",205,819,0.0,LLVM,random,2,Prop0.2,62,True
kNN,0.0293561239254087,"{""n_neighbors"": 10, ""p"": 1, ""weights"": ""distance""}",205,819,0.01,LLVM,random,2,Prop0.2,62,True
KRR,0.0170514924914229,"{""regressor__kernel"": ""rbf"", ""regressor__gamma"": 0.2, ""regressor__alpha"": 0.01}",205,819,0.01,LLVM,random,2,Prop0.2,62,True
MR,0.0202455713453604,"{""lasso__regressor__alpha"": 0.01}",205,819,0.01,LLVM,random,2,Prop0.2,62,True
RF,0.0153987576446944,"{""max_features"": 1.0, ""min_samples_leaf"": 1, ""n_estimators"": 20}",205,819,0.05,LLVM,random,2,Prop0.2,62,True
SVR,0.0171713571366975,"{""regressor__tol"": 0.05, ""regressor__shrinking"": true, ""regressor__epsilon"": 0.1, ""regressor__coef0"": 1.0, ""regressor__C"": 5.0}",205,819,0.02,LLVM,random,2,Prop0.2,62,True
CART,0.0152725082557121,"{""max_features"": 1.0, ""min_samples_leaf"": 2, ""splitter"": ""best""}",205,819,0.0,LLVM,random,2,Prop0.2,63,True
kNN,0.0311356084167708,"{""n_neighbors"": 10, ""p"": 1, ""weights"": ""distance""}",205,819,0.01,LLVM,random,2,Prop0.2,63,True
KRR,0.0191262419129246,"{""regressor__kernel"": ""rbf"", ""regressor__gamma"": 0.2, ""regressor__alpha"": 0.01}",205,819,0.01,LLVM,random,2,Prop0.2,63,True
MR,0.0204340827081194,"{""lasso__regressor__alpha"": 0.01}",205,819,0.01,LLVM,random,2,Prop0.2,63,True
RF,0.0147796880103302,"{""max_features"": 1.0, ""min_samples_leaf"": 1, ""n_estimators"": 20}",205,819,0.04,LLVM,random,2,Prop0.2,63,True
SVR,0.0179432559521029,"{""regressor__tol"": 0.05, ""regressor__shrinking"": true, ""regressor__epsilon"": 0.1, ""regressor__coef0"": 1.0, ""regressor__C"": 5.0}",205,819,0.01,LLVM,random,2,Prop0.2,63,True
CART,0.0165071070366818,"{""max_features"": 1.0, ""min_samples_leaf"": 2, ""splitter"": ""best""}",205,819,0.0,LLVM,random,2,Prop0.2,64,True
kNN,0.0292242109276217,"{""n_neighbors"": 10, ""p"": 1, ""weights"": ""distance""}",205,819,0.01,LLVM,random,2,Prop0.2,64,True
KRR,0.0194709063683034,"{""regressor__kernel"": ""rbf"", ""regressor__gamma"": 0.2, ""regressor__alpha"": 0.01}",205,819,0.01,LLVM,random,2,Prop0.2,64,True
MR,0.0199459106966157,"{""lasso__regressor__alpha"": 0.01}",205,819,0.01,LLVM,random,2,Prop0.2,64,True
RF,0.0156468819173308,"{""max_features"": 1.0, ""min_samples_leaf"": 1, ""n_estimators"": 20}",205,819,0.04,LLVM,random,2,Prop0.2,64,True
SVR,0.0187826079251718,"{""regressor__tol"": 0.05, ""regressor__shrinking"": true, ""regressor__epsilon"": 0.1, ""regressor__coef0"": 1.0, ""regressor__C"": 5.0}",205,819,0.01,LLVM,random,2,Prop0.2,64,True
CART,0.0154522793101811,"{""max_features"": 1.0, ""min_samples_leaf"": 2, ""splitter"": ""best""}",205,819,0.0,LLVM,random,2,Prop0.2,65,True
kNN,0.0306546487084284,"{""n_neighbors"": 10, ""p"": 1, ""weights"": ""distance""}",205,819,0.01,LLVM,random,2,Prop0.2,65,True
KRR,0.019406371755586,"{""regressor__kernel"": ""rbf"", ""regressor__gamma"": 0.2, ""regressor__alpha"": 0.01}",205,819,0.01,LLVM,random,2,Prop0.2,65,True
MR,0.0207508694020136,"{""lasso__regressor__alpha"": 0.01}",205,819,0.01,LLVM,random,2,Prop0.2,65,True
RF,0.0153134806232497,"{""max_features"": 1.0, ""min_samples_leaf"": 1, ""n_estimators"": 20}",205,819,0.05,LLVM,random,2,Prop0.2,65,True
SVR,0.0194084987928341,"{""regressor__tol"": 0.05, ""regressor__shrinking"": true, ""regressor__epsilon"": 0.1, ""regressor__coef0"": 1.0, ""regressor__C"": 5.0}",205,819,0.02,LLVM,random,2,Prop0.2,65,True
CART,0.0154788926010268,"{""max_features"": 1.0, ""min_samples_leaf"": 2, ""splitter"": ""best""}",205,819,0.0,LLVM,random,2,Prop0.2,66,True
kNN,0.0308591318173116,"{""n_neighbors"": 10, ""p"": 1, ""weights"": ""distance""}",205,819,0.01,LLVM,random,2,Prop0.2,66,True
KRR,0.0177437202452082,"{""regressor__kernel"": ""rbf"", ""regressor__gamma"": 0.2, ""regressor__alpha"": 0.01}",205,819,0.01,LLVM,random,2,Prop0.2,66,True
MR,0.02081628594565,"{""lasso__regressor__alpha"": 0.01}",205,819,0.01,LLVM,random,2,Prop0.2,66,True
RF,0.0141835378609695,"{""max_features"": 1.0, ""min_samples_leaf"": 1, ""n_estimators"": 20}",205,819,0.05,LLVM,random,2,Prop0.2,66,True
SVR,0.0178249751995709,"{""regressor__tol"": 0.05, ""regressor__shrinking"": true, ""regressor__epsilon"": 0.1, ""regressor__coef0"": 1.0, ""regressor__C"": 5.0}",205,819,0.02,LLVM,random,2,Prop0.2,66,True
CART,0.0165498932136179,"{""max_features"": 1.0, ""min_samples_leaf"": 2, ""splitter"": ""best""}",205,819,0.0,LLVM,random,2,Prop0.2,67,True
kNN,0.0289552449663278,"{""n_neighbors"": 10, ""p"": 1, ""weights"": ""distance""}",205,819,0.01,LLVM,random,2,Prop0.2,67,True
KRR,0.0208103547331487,"{""regressor__kernel"": ""rbf"", ""regressor__gamma"": 0.2, ""regressor__alpha"": 0.01}",205,819,0.01,LLVM,random,2,Prop0.2,67,True
MR,0.0192667143824503,"{""lasso__regressor__alpha"": 0.01}",205,819,0.01,LLVM,random,2,Prop0.2,67,True
RF,0.0145120709510214,"{""max_features"": 1.0, ""min_samples_leaf"": 1, ""n_estimators"": 20}",205,819,0.04,LLVM,random,2,Prop0.2,67,True
SVR,0.0189553426011053,"{""regressor__tol"": 0.05, ""regressor__shrinking"": true, ""regressor__epsilon"": 0.1, ""regressor__coef0"": 1.0, ""regressor__C"": 5.0}",205,819,0.02,LLVM,random,2,Prop0.2,67,True
CART,0.0184131418808351,"{""max_features"": 1.0, ""min_samples_leaf"": 2, ""splitter"": ""best""}",205,819,0.0,LLVM,random,2,Prop0.2,68,True
kNN,0.03058092097926,"{""n_neighbors"": 10, ""p"": 1, ""weights"": ""distance""}",205,819,0.01,LLVM,random,2,Prop0.2,68,True
KRR,0.0175360732352926,"{""regressor__kernel"": ""rbf"", ""regressor__gamma"": 0.2, ""regressor__alpha"": 0.01}",205,819,0.01,LLVM,random,2,Prop0.2,68,True
MR,0.0207197365586893,"{""lasso__regressor__alpha"": 0.01}",205,819,0.01,LLVM,random,2,Prop0.2,68,True
RF,0.0149233369499447,"{""max_features"": 1.0, ""min_samples_leaf"": 1, ""n_estimators"": 20}",205,819,0.04,LLVM,random,2,Prop0.2,68,True
SVR,0.0168541805184854,"{""regressor__tol"": 0.05, ""regressor__shrinking"": true, ""regressor__epsilon"": 0.1, ""regressor__coef0"": 1.0, ""regressor__C"": 5.0}",205,819,0.01,LLVM,random,2,Prop0.2,68,True
CART,0.0148507115101024,"{""max_features"": 1.0, ""min_samples_leaf"": 2, ""splitter"": ""best""}",205,819,0.0,LLVM,random,2,Prop0.2,69,True
kNN,0.0277702658200345,"{""n_neighbors"": 10, ""p"": 1, ""weights"": ""distance""}",205,819,0.01,LLVM,random,2,Prop0.2,69,True
KRR,0.0160842364459215,"{""regressor__kernel"": ""rbf"", ""regressor__gamma"": 0.2, ""regressor__alpha"": 0.01}",205,819,0.01,LLVM,random,2,Prop0.2,69,True
MR,0.019733480481979,"{""lasso__regressor__alpha"": 0.01}",205,819,0.01,LLVM,random,2,Prop0.2,69,True
RF,0.0131128280025214,"{""max_features"": 1.0, ""min_samples_leaf"": 1, ""n_estimators"": 20}",205,819,0.05,LLVM,random,2,Prop0.2,69,True
SVR,0.0174597144807093,"{""regressor__tol"": 0.05, ""regressor__shrinking"": true, ""regressor__epsilon"": 0.1, ""regressor__coef0"": 1.0, ""regressor__C"": 5.0}",205,819,0.01,LLVM,random,2,Prop0.2,69,True
CART,0.0161359444156935,"{""max_features"": 1.0, ""min_samples_leaf"": 2, ""splitter"": ""best""}",205,819,0.0,LLVM,random,2,Prop0.2,70,True
kNN,0.0321230509725045,"{""n_neighbors"": 10, ""p"": 1, ""weights"": ""distance""}",205,819,0.01,LLVM,random,2,Prop0.2,70,True
KRR,0.016571379063921,"{""regressor__kernel"": ""rbf"", ""regressor__gamma"": 0.2, ""regressor__alpha"": 0.01}",205,819,0.01,LLVM,random,2,Prop0.2,70,True
MR,0.021695249086816,"{""lasso__regressor__alpha"": 0.01}",205,819,0.01,LLVM,random,2,Prop0.2,70,True
RF,0.0150792514203369,"{""max_features"": 1.0, ""min_samples_leaf"": 1, ""n_estimators"": 20}",205,819,0.05,LLVM,random,2,Prop0.2,70,True
SVR,0.0172991842739007,"{""regressor__tol"": 0.05, ""regressor__shrinking"": true, ""regressor__epsilon"": 0.1, ""regressor__coef0"": 1.0, ""regressor__C"": 5.0}",205,819,0.01,LLVM,random,2,Prop0.2,70,True
CART,0.0173965677496851,"{""max_features"": 1.0, ""min_samples_leaf"": 2, ""splitter"": ""best""}",205,819,0.0,LLVM,random,2,Prop0.2,71,True
kNN,0.028896046608116,"{""n_neighbors"": 10, ""p"": 1, ""weights"": ""distance""}",205,819,0.01,LLVM,random,2,Prop0.2,71,True
KRR,0.017382905251839,"{""regressor__kernel"": ""rbf"", ""regressor__gamma"": 0.2, ""regressor__alpha"": 0.01}",205,819,0.01,LLVM,random,2,Prop0.2,71,True
MR,0.0203961616869593,"{""lasso__regressor__alpha"": 0.01}",205,819,0.01,LLVM,random,2,Prop0.2,71,True
RF,0.0140096023775606,"{""max_features"": 1.0, ""min_samples_leaf"": 1, ""n_estimators"": 20}",205,819,0.04,LLVM,random,2,Prop0.2,71,True
SVR,0.016129984962356,"{""regressor__tol"": 0.05, ""regressor__shrinking"": true, ""regressor__epsilon"": 0.1, ""regressor__coef0"": 1.0, ""regressor__C"": 5.0}",205,819,0.01,LLVM,random,2,Prop0.2,71,True
CART,0.0181885254660559,"{""max_features"": 1.0, ""min_samples_leaf"": 2, ""splitter"": ""best""}",205,819,0.0,LLVM,random,2,Prop0.2,72,True
kNN,0.0289978716768907,"{""n_neighbors"": 10, ""p"": 1, ""weights"": ""distance""}",205,819,0.01,LLVM,random,2,Prop0.2,72,True
KRR,0.0209037251505402,"{""regressor__kernel"": ""rbf"", ""regressor__gamma"": 0.2, ""regressor__alpha"": 0.01}",205,819,0.01,LLVM,random,2,Prop0.2,72,True
MR,0.0214136051080835,"{""lasso__regressor__alpha"": 0.01}",205,819,0.01,LLVM,random,2,Prop0.2,72,True
RF,0.0164839733098025,"{""max_features"": 1.0, ""min_samples_leaf"": 1, ""n_estimators"": 20}",205,819,0.05,LLVM,random,2,Prop0.2,72,True
SVR,0.0185120530040575,"{""regressor__tol"": 0.05, ""regressor__shrinking"": true, ""regressor__epsilon"": 0.1, ""regressor__coef0"": 1.0, ""regressor__C"": 5.0}",205,819,0.01,LLVM,random,2,Prop0.2,72,True
CART,0.0181815772420833,"{""max_features"": 1.0, ""min_samples_leaf"": 2, ""splitter"": ""best""}",205,819,0.0,LLVM,random,2,Prop0.2,73,True
kNN,0.0265871101624802,"{""n_neighbors"": 10, ""p"": 1, ""weights"": ""distance""}",205,819,0.01,LLVM,random,2,Prop0.2,73,True
KRR,0.0174792477488157,"{""regressor__kernel"": ""rbf"", ""regressor__gamma"": 0.2, ""regressor__alpha"": 0.01}",205,819,0.01,LLVM,random,2,Prop0.2,73,True
MR,0.019344653806464,"{""lasso__regressor__alpha"": 0.01}",205,819,0.01,LLVM,random,2,Prop0.2,73,True
RF,0.015250651093544,"{""max_features"": 1.0, ""min_samples_leaf"": 1, ""n_estimators"": 20}",205,819,0.05,LLVM,random,2,Prop0.2,73,True
SVR,0.016341172234804,"{""regressor__tol"": 0.05, ""regressor__shrinking"": true, ""regressor__epsilon"": 0.1, ""regressor__coef0"": 1.0, ""regressor__C"": 5.0}",205,819,0.01,LLVM,random,2,Prop0.2,73,True
CART,0.0144107692884464,"{""max_features"": 1.0, ""min_samples_leaf"": 2, ""splitter"": ""best""}",205,819,0.0,LLVM,random,2,Prop0.2,74,True
kNN,0.0305370626169706,"{""n_neighbors"": 10, ""p"": 1, ""weights"": ""distance""}",205,819,0.01,LLVM,random,2,Prop0.2,74,True
KRR,0.0177007110524429,"{""regressor__kernel"": ""rbf"", ""regressor__gamma"": 0.2, ""regressor__alpha"": 0.01}",205,819,0.01,LLVM,random,2,Prop0.2,74,True
MR,0.0206494594751064,"{""lasso__regressor__alpha"": 0.01}",205,819,0.01,LLVM,random,2,Prop0.2,74,True
RF,0.0136848413982174,"{""max_features"": 1.0, ""min_samples_leaf"": 1, ""n_estimators"": 20}",205,819,0.05,LLVM,random,2,Prop0.2,74,True
SVR,0.0175523150878527,"{""regressor__tol"": 0.05, ""regressor__shrinking"": true, ""regressor__epsilon"": 0.1, ""regressor__coef0"": 1.0, ""regressor__C"": 5.0}",205,819,0.02,LLVM,random,2,Prop0.2,74,True
CART,0.0153661018614411,"{""max_features"": 1.0, ""min_samples_leaf"": 2, ""splitter"": ""best""}",205,819,0.0,LLVM,random,2,Prop0.2,75,True
kNN,0.0283164634007317,"{""n_neighbors"": 10, ""p"": 1, ""weights"": ""distance""}",205,819,0.01,LLVM,random,2,Prop0.2,75,True
KRR,0.0169537262733802,"{""regressor__kernel"": ""rbf"", ""regressor__gamma"": 0.2, ""regressor__alpha"": 0.01}",205,819,0.01,LLVM,random,2,Prop0.2,75,True
MR,0.0223225513469919,"{""lasso__regressor__alpha"": 0.01}",205,819,0.01,LLVM,random,2,Prop0.2,75,True
RF,0.0142962396652567,"{""max_features"": 1.0, ""min_samples_leaf"": 1, ""n_estimators"": 20}",205,819,0.05,LLVM,random,2,Prop0.2,75,True
SVR,0.0175919690768281,"{""regressor__tol"": 0.05, ""regressor__shrinking"": true, ""regressor__epsilon"": 0.1, ""regressor__coef0"": 1.0, ""regressor__C"": 5.0}",205,819,0.01,LLVM,random,2,Prop0.2,75,True
CART,0.0163957795215778,"{""max_features"": 1.0, ""min_samples_leaf"": 2, ""splitter"": ""best""}",205,819,0.0,LLVM,random,2,Prop0.2,76,True
kNN,0.0282208154317769,"{""n_neighbors"": 10, ""p"": 1, ""weights"": ""distance""}",205,819,0.01,LLVM,random,2,Prop0.2,76,True
KRR,0.0174556764741326,"{""regressor__kernel"": ""rbf"", ""regressor__gamma"": 0.2, ""regressor__alpha"": 0.01}",205,819,0.01,LLVM,random,2,Prop0.2,76,True
MR,0.0203138818086194,"{""lasso__regressor__alpha"": 0.01}",205,819,0.01,LLVM,random,2,Prop0.2,76,True
RF,0.0149115277146619,"{""max_features"": 1.0, ""min_samples_leaf"": 1, ""n_estimators"": 20}",205,819,0.04,LLVM,random,2,Prop0.2,76,True
SVR,0.0165350460336406,"{""regressor__tol"": 0.05, ""regressor__shrinking"": true, ""regressor__epsilon"": 0.1, ""regressor__coef0"": 1.0, ""regressor__C"": 5.0}",205,819,0.01,LLVM,random,2,Prop0.2,76,True
CART,0.0186036884232853,"{""max_features"": 1.0, ""min_samples_leaf"": 2, ""splitter"": ""best""}",205,819,0.0,LLVM,random,2,Prop0.2,77,True
kNN,0.0297229583938314,"{""n_neighbors"": 10, ""p"": 1, ""weights"": ""distance""}",205,819,0.01,LLVM,random,2,Prop0.2,77,True
KRR,0.0194571202826035,"{""regressor__kernel"": ""rbf"", ""regressor__gamma"": 0.2, ""regressor__alpha"": 0.01}",205,819,0.01,LLVM,random,2,Prop0.2,77,True
MR,0.0206724121258545,"{""lasso__regressor__alpha"": 0.01}",205,819,0.01,LLVM,random,2,Prop0.2,77,True
RF,0.0146831177806532,"{""max_features"": 1.0, ""min_samples_leaf"": 1, ""n_estimators"": 20}",205,819,0.05,LLVM,random,2,Prop0.2,77,True
SVR,0.017362541558772,"{""regressor__tol"": 0.05, ""regressor__shrinking"": true, ""regressor__epsilon"": 0.1, ""regressor__coef0"": 1.0, ""regressor__C"": 5.0}",205,819,0.02,LLVM,random,2,Prop0.2,77,True
CART,0.0153422368967389,"{""max_features"": 1.0, ""min_samples_leaf"": 2, ""splitter"": ""best""}",205,819,0.0,LLVM,random,2,Prop0.2,78,True
kNN,0.0297370300364361,"{""n_neighbors"": 10, ""p"": 1, ""weights"": ""distance""}",205,819,0.01,LLVM,random,2,Prop0.2,78,True
KRR,0.0158664725475414,"{""regressor__kernel"": ""rbf"", ""regressor__gamma"": 0.2, ""regressor__alpha"": 0.01}",205,819,0.01,LLVM,random,2,Prop0.2,78,True
MR,0.0193955809716724,"{""lasso__regressor__alpha"": 0.01}",205,819,0.01,LLVM,random,2,Prop0.2,78,True
RF,0.0135429605324542,"{""max_features"": 1.0, ""min_samples_leaf"": 1, ""n_estimators"": 20}",205,819,0.05,LLVM,random,2,Prop0.2,78,True
SVR,0.0157857462760166,"{""regressor__tol"": 0.05, ""regressor__shrinking"": true, ""regressor__epsilon"": 0.1, ""regressor__coef0"": 1.0, ""regressor__C"": 5.0}",205,819,0.01,LLVM,random,2,Prop0.2,78,True
CART,0.0183611514067872,"{""max_features"": 1.0, ""min_samples_leaf"": 2, ""splitter"": ""best""}",205,819,0.0,LLVM,random,2,Prop0.2,79,True
kNN,0.0319138961119289,"{""n_neighbors"": 10, ""p"": 1, ""weights"": ""distance""}",205,819,0.01,LLVM,random,2,Prop0.2,79,True
KRR,0.0184915240797086,"{""regressor__kernel"": ""rbf"", ""regressor__gamma"": 0.2, ""regressor__alpha"": 0.01}",205,819,0.01,LLVM,random,2,Prop0.2,79,True
MR,0.0196726961346902,"{""lasso__regressor__alpha"": 0.01}",205,819,0.01,LLVM,random,2,Prop0.2,79,True
RF,0.0142996792817838,"{""max_features"": 1.0, ""min_samples_leaf"": 1, ""n_estimators"": 20}",205,819,0.05,LLVM,random,2,Prop0.2,79,True
SVR,0.0183027772835707,"{""regressor__tol"": 0.05, ""regressor__shrinking"": true, ""regressor__epsilon"": 0.1, ""regressor__coef0"": 1.0, ""regressor__C"": 5.0}",205,819,0.01,LLVM,random,2,Prop0.2,79,True
CART,0.0162335938800059,"{""max_features"": 1.0, ""min_samples_leaf"": 2, ""splitter"": ""best""}",205,819,0.0,LLVM,random,2,Prop0.2,80,True
kNN,0.0297394136471034,"{""n_neighbors"": 10, ""p"": 1, ""weights"": ""distance""}",205,819,0.01,LLVM,random,2,Prop0.2,80,True
KRR,0.0175449916554099,"{""regressor__kernel"": ""rbf"", ""regressor__gamma"": 0.2, ""regressor__alpha"": 0.01}",205,819,0.01,LLVM,random,2,Prop0.2,80,True
MR,0.0192474330811543,"{""lasso__regressor__alpha"": 0.01}",205,819,0.01,LLVM,random,2,Prop0.2,80,True
RF,0.0148767170109207,"{""max_features"": 1.0, ""min_samples_leaf"": 1, ""n_estimators"": 20}",205,819,0.04,LLVM,random,2,Prop0.2,80,True
SVR,0.0163626152342548,"{""regressor__tol"": 0.05, ""regressor__shrinking"": true, ""regressor__epsilon"": 0.1, ""regressor__coef0"": 1.0, ""regressor__C"": 5.0}",205,819,0.01,LLVM,random,2,Prop0.2,80,True
CART,0.0169593044126137,"{""max_features"": 1.0, ""min_samples_leaf"": 2, ""splitter"": ""best""}",205,819,0.0,LLVM,random,2,Prop0.2,81,True
kNN,0.0281579489896082,"{""n_neighbors"": 10, ""p"": 1, ""weights"": ""distance""}",205,819,0.01,LLVM,random,2,Prop0.2,81,True
KRR,0.0172635627337336,"{""regressor__kernel"": ""rbf"", ""regressor__gamma"": 0.2, ""regressor__alpha"": 0.01}",205,819,0.01,LLVM,random,2,Prop0.2,81,True
MR,0.0189567954482864,"{""lasso__regressor__alpha"": 0.01}",205,819,0.01,LLVM,random,2,Prop0.2,81,True
RF,0.0156724108469028,"{""max_features"": 1.0, ""min_samples_leaf"": 1, ""n_estimators"": 20}",205,819,0.05,LLVM,random,2,Prop0.2,81,True
SVR,0.0172943062584573,"{""regressor__tol"": 0.05, ""regressor__shrinking"": true, ""regressor__epsilon"": 0.1, ""regressor__coef0"": 1.0, ""regressor__C"": 5.0}",205,819,0.01,LLVM,random,2,Prop0.2,81,True
CART,0.0153793096640829,"{""max_features"": 1.0, ""min_samples_leaf"": 2, ""splitter"": ""best""}",205,819,0.0,LLVM,random,2,Prop0.2,82,True
kNN,0.0283844216855326,"{""n_neighbors"": 10, ""p"": 1, ""weights"": ""distance""}",205,819,0.01,LLVM,random,2,Prop0.2,82,True
KRR,0.0153172961318381,"{""regressor__kernel"": ""rbf"", ""regressor__gamma"": 0.2, ""regressor__alpha"": 0.01}",205,819,0.01,LLVM,random,2,Prop0.2,82,True
MR,0.0200629767156472,"{""lasso__regressor__alpha"": 0.01}",205,819,0.01,LLVM,random,2,Prop0.2,82,True
RF,0.0143615080155372,"{""max_features"": 1.0, ""min_samples_leaf"": 1, ""n_estimators"": 20}",205,819,0.05,LLVM,random,2,Prop0.2,82,True
SVR,0.0163253660386007,"{""regressor__tol"": 0.05, ""regressor__shrinking"": true, ""regressor__epsilon"": 0.1, ""regressor__coef0"": 1.0, ""regressor__C"": 5.0}",205,819,0.01,LLVM,random,2,Prop0.2,82,True
CART,0.0188472663506781,"{""max_features"": 1.0, ""min_samples_leaf"": 2, ""splitter"": ""best""}",205,819,0.0,LLVM,random,2,Prop0.2,83,True
kNN,0.0285899036938465,"{""n_neighbors"": 10, ""p"": 1, ""weights"": ""distance""}",205,819,0.01,LLVM,random,2,Prop0.2,83,True
KRR,0.0168624599427135,"{""regressor__kernel"": ""rbf"", ""regressor__gamma"": 0.2, ""regressor__alpha"": 0.01}",205,819,0.01,LLVM,random,2,Prop0.2,83,True
MR,0.0190162733140499,"{""lasso__regressor__alpha"": 0.01}",205,819,0.01,LLVM,random,2,Prop0.2,83,True
RF,0.0142289308618557,"{""max_features"": 1.0, ""min_samples_leaf"": 1, ""n_estimators"": 20}",205,819,0.05,LLVM,random,2,Prop0.2,83,True
SVR,0.0169555887884181,"{""regressor__tol"": 0.05, ""regressor__shrinking"": true, ""regressor__epsilon"": 0.1, ""regressor__coef0"": 1.0, ""regressor__C"": 5.0}",205,819,0.01,LLVM,random,2,Prop0.2,83,True
CART,0.016378063081364,"{""max_features"": 1.0, ""min_samples_leaf"": 2, ""splitter"": ""best""}",205,819,0.0,LLVM,random,2,Prop0.2,84,True
kNN,0.0304013077055593,"{""n_neighbors"": 10, ""p"": 1, ""weights"": ""distance""}",205,819,0.01,LLVM,random,2,Prop0.2,84,True
KRR,0.0195228297590573,"{""regressor__kernel"": ""rbf"", ""regressor__gamma"": 0.2, ""regressor__alpha"": 0.01}",205,819,0.01,LLVM,random,2,Prop0.2,84,True
MR,0.0192087470683152,"{""lasso__regressor__alpha"": 0.01}",205,819,0.01,LLVM,random,2,Prop0.2,84,True
RF,0.0142641413591409,"{""max_features"": 1.0, ""min_samples_leaf"": 1, ""n_estimators"": 20}",205,819,0.04,LLVM,random,2,Prop0.2,84,True
SVR,0.0182063113578284,"{""regressor__tol"": 0.05, ""regressor__shrinking"": true, ""regressor__epsilon"": 0.1, ""regressor__coef0"": 1.0, ""regressor__C"": 5.0}",205,819,0.01,LLVM,random,2,Prop0.2,84,True
CART,0.0189346261530622,"{""max_features"": 1.0, ""min_samples_leaf"": 2, ""splitter"": ""best""}",205,819,0.0,LLVM,random,2,Prop0.2,85,True
kNN,0.0322893123556436,"{""n_neighbors"": 10, ""p"": 1, ""weights"": ""distance""}",205,819,0.01,LLVM,random,2,Prop0.2,85,True
KRR,0.0172355439832149,"{""regressor__kernel"": ""rbf"", ""regressor__gamma"": 0.2, ""regressor__alpha"": 0.01}",205,819,0.01,LLVM,random,2,Prop0.2,85,True
MR,0.0216368413777095,"{""lasso__regressor__alpha"": 0.01}",205,819,0.01,LLVM,random,2,Prop0.2,85,True
RF,0.0150166352755762,"{""max_features"": 1.0, ""min_samples_leaf"": 1, ""n_estimators"": 20}",205,819,0.04,LLVM,random,2,Prop0.2,85,True
SVR,0.0170620450486277,"{""regressor__tol"": 0.05, ""regressor__shrinking"": true, ""regressor__epsilon"": 0.1, ""regressor__coef0"": 1.0, ""regressor__C"": 5.0}",205,819,0.01,LLVM,random,2,Prop0.2,85,True
CART,0.0178160865031271,"{""max_features"": 1.0, ""min_samples_leaf"": 2, ""splitter"": ""best""}",205,819,0.0,LLVM,random,2,Prop0.2,86,True
kNN,0.0290330411365494,"{""n_neighbors"": 10, ""p"": 1, ""weights"": ""distance""}",205,819,0.01,LLVM,random,2,Prop0.2,86,True
KRR,0.0176386341454163,"{""regressor__kernel"": ""rbf"", ""regressor__gamma"": 0.2, ""regressor__alpha"": 0.01}",205,819,0.01,LLVM,random,2,Prop0.2,86,True
MR,0.0201053880920114,"{""lasso__regressor__alpha"": 0.01}",205,819,0.01,LLVM,random,2,Prop0.2,86,True
RF,0.0148398126611871,"{""max_features"": 1.0, ""min_samples_leaf"": 1, ""n_estimators"": 20}",205,819,0.05,LLVM,random,2,Prop0.2,86,True
SVR,0.0171709322649329,"{""regressor__tol"": 0.05, ""regressor__shrinking"": true, ""regressor__epsilon"": 0.1, ""regressor__coef0"": 1.0, ""regressor__C"": 5.0}",205,819,0.01,LLVM,random,2,Prop0.2,86,True
CART,0.0158023996595711,"{""max_features"": 1.0, ""min_samples_leaf"": 2, ""splitter"": ""best""}",205,819,0.0,LLVM,random,2,Prop0.2,87,True
kNN,0.0243782337638367,"{""n_neighbors"": 10, ""p"": 1, ""weights"": ""distance""}",205,819,0.01,LLVM,random,2,Prop0.2,87,True
KRR,0.0183646884350548,"{""regressor__kernel"": ""rbf"", ""regressor__gamma"": 0.2, ""regressor__alpha"": 0.01}",205,819,0.01,LLVM,random,2,Prop0.2,87,True
MR,0.0194252977112693,"{""lasso__regressor__alpha"": 0.01}",205,819,0.01,LLVM,random,2,Prop0.2,87,True
RF,0.0146256733708484,"{""max_features"": 1.0, ""min_samples_leaf"": 1, ""n_estimators"": 20}",205,819,0.05,LLVM,random,2,Prop0.2,87,True
SVR,0.0161818798126751,"{""regressor__tol"": 0.05, ""regressor__shrinking"": true, ""regressor__epsilon"": 0.1, ""regressor__coef0"": 1.0, ""regressor__C"": 5.0}",205,819,0.01,LLVM,random,2,Prop0.2,87,True
CART,0.0182727130063136,"{""max_features"": 1.0, ""min_samples_leaf"": 2, ""splitter"": ""best""}",205,819,0.0,LLVM,random,2,Prop0.2,88,True
kNN,0.0321771241761121,"{""n_neighbors"": 10, ""p"": 1, ""weights"": ""distance""}",205,819,0.01,LLVM,random,2,Prop0.2,88,True
KRR,0.019370590693574,"{""regressor__kernel"": ""rbf"", ""regressor__gamma"": 0.2, ""regressor__alpha"": 0.01}",205,819,0.01,LLVM,random,2,Prop0.2,88,True
MR,0.0210155622118029,"{""lasso__regressor__alpha"": 0.01}",205,819,0.01,LLVM,random,2,Prop0.2,88,True
RF,0.0150366163799226,"{""max_features"": 1.0, ""min_samples_leaf"": 1, ""n_estimators"": 20}",205,819,0.05,LLVM,random,2,Prop0.2,88,True
SVR,0.0190662492016575,"{""regressor__tol"": 0.05, ""regressor__shrinking"": true, ""regressor__epsilon"": 0.1, ""regressor__coef0"": 1.0, ""regressor__C"": 5.0}",205,819,0.02,LLVM,random,2,Prop0.2,88,True
CART,0.0163710400980143,"{""max_features"": 1.0, ""min_samples_leaf"": 2, ""splitter"": ""best""}",205,819,0.0,LLVM,random,2,Prop0.2,89,True
kNN,0.0302678693393916,"{""n_neighbors"": 10, ""p"": 1, ""weights"": ""distance""}",205,819,0.01,LLVM,random,2,Prop0.2,89,True
KRR,0.017423616752341,"{""regressor__kernel"": ""rbf"", ""regressor__gamma"": 0.2, ""regressor__alpha"": 0.01}",205,819,0.01,LLVM,random,2,Prop0.2,89,True
MR,0.0201962511496333,"{""lasso__regressor__alpha"": 0.01}",205,819,0.01,LLVM,random,2,Prop0.2,89,True
RF,0.0146430534087777,"{""max_features"": 1.0, ""min_samples_leaf"": 1, ""n_estimators"": 20}",205,819,0.05,LLVM,random,2,Prop0.2,89,True
SVR,0.0178819259107054,"{""regressor__tol"": 0.05, ""regressor__shrinking"": true, ""regressor__epsilon"": 0.1, ""regressor__coef0"": 1.0, ""regressor__C"": 5.0}",205,819,0.01,LLVM,random,2,Prop0.2,89,True
CART,0.0171018004049535,"{""max_features"": 1.0, ""min_samples_leaf"": 2, ""splitter"": ""best""}",205,819,0.0,LLVM,random,2,Prop0.2,90,True
kNN,0.026240867121447,"{""n_neighbors"": 10, ""p"": 1, ""weights"": ""distance""}",205,819,0.01,LLVM,random,2,Prop0.2,90,True
KRR,0.0163125322480619,"{""regressor__kernel"": ""rbf"", ""regressor__gamma"": 0.2, ""regressor__alpha"": 0.01}",205,819,0.01,LLVM,random,2,Prop0.2,90,True
MR,0.020650393812713,"{""lasso__regressor__alpha"": 0.01}",205,819,0.01,LLVM,random,2,Prop0.2,90,True
RF,0.014532139989594,"{""max_features"": 1.0, ""min_samples_leaf"": 1, ""n_estimators"": 20}",205,819,0.05,LLVM,random,2,Prop0.2,90,True
SVR,0.0167759949864475,"{""regressor__tol"": 0.05, ""regressor__shrinking"": true, ""regressor__epsilon"": 0.1, ""regressor__coef0"": 1.0, ""regressor__C"": 5.0}",205,819,0.01,LLVM,random,2,Prop0.2,90,True
CART,0.0183745779228848,"{""max_features"": 1.0, ""min_samples_leaf"": 2, ""splitter"": ""best""}",205,819,0.0,LLVM,random,2,Prop0.2,91,True
kNN,0.0291650441009828,"{""n_neighbors"": 10, ""p"": 1, ""weights"": ""distance""}",205,819,0.01,LLVM,random,2,Prop0.2,91,True
KRR,0.0175216133874652,"{""regressor__kernel"": ""rbf"", ""regressor__gamma"": 0.2, ""regressor__alpha"": 0.01}",205,819,0.01,LLVM,random,2,Prop0.2,91,True
MR,0.0209310589886255,"{""lasso__regressor__alpha"": 0.01}",205,819,0.01,LLVM,random,2,Prop0.2,91,True
RF,0.0151431684185425,"{""max_features"": 1.0, ""min_samples_leaf"": 1, ""n_estimators"": 20}",205,819,0.04,LLVM,random,2,Prop0.2,91,True
SVR,0.0168110482353337,"{""regressor__tol"": 0.05, ""regressor__shrinking"": true, ""regressor__epsilon"": 0.1, ""regressor__coef0"": 1.0, ""regressor__C"": 5.0}",205,819,0.01,LLVM,random,2,Prop0.2,91,True
CART,0.0159788504992405,"{""max_features"": 1.0, ""min_samples_leaf"": 2, ""splitter"": ""best""}",205,819,0.0,LLVM,random,2,Prop0.2,92,True
kNN,0.0268447945316349,"{""n_neighbors"": 10, ""p"": 1, ""weights"": ""distance""}",205,819,0.01,LLVM,random,2,Prop0.2,92,True
KRR,0.0173545089671359,"{""regressor__kernel"": ""rbf"", ""regressor__gamma"": 0.2, ""regressor__alpha"": 0.01}",205,819,0.01,LLVM,random,2,Prop0.2,92,True
MR,0.0200008130242705,"{""lasso__regressor__alpha"": 0.01}",205,819,0.01,LLVM,random,2,Prop0.2,92,True
RF,0.0147271202961327,"{""max_features"": 1.0, ""min_samples_leaf"": 1, ""n_estimators"": 20}",205,819,0.04,LLVM,random,2,Prop0.2,92,True
SVR,0.0170508439542153,"{""regressor__tol"": 0.05, ""regressor__shrinking"": true, ""regressor__epsilon"": 0.1, ""regressor__coef0"": 1.0, ""regressor__C"": 5.0}",205,819,0.02,LLVM,random,2,Prop0.2,92,True
CART,0.0152482726239096,"{""max_features"": 1.0, ""min_samples_leaf"": 2, ""splitter"": ""best""}",205,819,0.0,LLVM,random,2,Prop0.2,93,True
kNN,0.0284704384852577,"{""n_neighbors"": 10, ""p"": 1, ""weights"": ""distance""}",205,819,0.01,LLVM,random,2,Prop0.2,93,True
KRR,0.0191475274689001,"{""regressor__kernel"": ""rbf"", ""regressor__gamma"": 0.2, ""regressor__alpha"": 0.01}",205,819,0.01,LLVM,random,2,Prop0.2,93,True
MR,0.0197643157110755,"{""lasso__regressor__alpha"": 0.01}",205,819,0.01,LLVM,random,2,Prop0.2,93,True
RF,0.0144253375187153,"{""max_features"": 1.0, ""min_samples_leaf"": 1, ""n_estimators"": 20}",205,819,0.05,LLVM,random,2,Prop0.2,93,True
SVR,0.0179752942188589,"{""regressor__tol"": 0.05, ""regressor__shrinking"": true, ""regressor__epsilon"": 0.1, ""regressor__coef0"": 1.0, ""regressor__C"": 5.0}",205,819,0.01,LLVM,random,2,Prop0.2,93,True
CART,0.0155089882365824,"{""max_features"": 1.0, ""min_samples_leaf"": 2, ""splitter"": ""best""}",205,819,0.0,LLVM,random,2,Prop0.2,94,True
kNN,0.0282065033251084,"{""n_neighbors"": 10, ""p"": 1, ""weights"": ""distance""}",205,819,0.01,LLVM,random,2,Prop0.2,94,True
KRR,0.0173763082156301,"{""regressor__kernel"": ""rbf"", ""regressor__gamma"": 0.2, ""regressor__alpha"": 0.01}",205,819,0.01,LLVM,random,2,Prop0.2,94,True
MR,0.0193171437845902,"{""lasso__regressor__alpha"": 0.01}",205,819,0.01,LLVM,random,2,Prop0.2,94,True
RF,0.0147836100403613,"{""max_features"": 1.0, ""min_samples_leaf"": 1, ""n_estimators"": 20}",205,819,0.03,LLVM,random,2,Prop0.2,94,True
SVR,0.0170402101766682,"{""regressor__tol"": 0.05, ""regressor__shrinking"": true, ""regressor__epsilon"": 0.1, ""regressor__coef0"": 1.0, ""regressor__C"": 5.0}",205,819,0.02,LLVM,random,2,Prop0.2,94,True
CART,0.0170772030303393,"{""max_features"": 1.0, ""min_samples_leaf"": 2, ""splitter"": ""best""}",205,819,0.0,LLVM,random,2,Prop0.2,95,True
kNN,0.030700946771463,"{""n_neighbors"": 10, ""p"": 1, ""weights"": ""distance""}",205,819,0.01,LLVM,random,2,Prop0.2,95,True
KRR,0.0187950557470432,"{""regressor__kernel"": ""rbf"", ""regressor__gamma"": 0.2, ""regressor__alpha"": 0.01}",205,819,0.01,LLVM,random,2,Prop0.2,95,True
MR,0.0190547780261342,"{""lasso__regressor__alpha"": 0.01}",205,819,0.01,LLVM,random,2,Prop0.2,95,True
RF,0.015017903630806,"{""max_features"": 1.0, ""min_samples_leaf"": 1, ""n_estimators"": 20}",205,819,0.05,LLVM,random,2,Prop0.2,95,True
SVR,0.0172787018651884,"{""regressor__tol"": 0.05, ""regressor__shrinking"": true, ""regressor__epsilon"": 0.1, ""regressor__coef0"": 1.0, ""regressor__C"": 5.0}",205,819,0.01,LLVM,random,2,Prop0.2,95,True
CART,0.0159221131953839,"{""max_features"": 1.0, ""min_samples_leaf"": 2, ""splitter"": ""best""}",205,819,0.0,LLVM,random,2,Prop0.2,96,True
kNN,0.0254046727029009,"{""n_neighbors"": 10, ""p"": 1, ""weights"": ""distance""}",205,819,0.01,LLVM,random,2,Prop0.2,96,True
KRR,0.0197417931217177,"{""regressor__kernel"": ""rbf"", ""regressor__gamma"": 0.2, ""regressor__alpha"": 0.01}",205,819,0.01,LLVM,random,2,Prop0.2,96,True
MR,0.0201787847753943,"{""lasso__regressor__alpha"": 0.01}",205,819,0.01,LLVM,random,2,Prop0.2,96,True
RF,0.0142398359271223,"{""max_features"": 1.0, ""min_samples_leaf"": 1, ""n_estimators"": 20}",205,819,0.05,LLVM,random,2,Prop0.2,96,True
SVR,0.0175247980601184,"{""regressor__tol"": 0.05, ""regressor__shrinking"": true, ""regressor__epsilon"": 0.1, ""regressor__coef0"": 1.0, ""regressor__C"": 5.0}",205,819,0.01,LLVM,random,2,Prop0.2,96,True
CART,0.0147017305659548,"{""max_features"": 1.0, ""min_samples_leaf"": 2, ""splitter"": ""best""}",205,819,0.0,LLVM,random,2,Prop0.2,97,True
kNN,0.0301756831648899,"{""n_neighbors"": 10, ""p"": 1, ""weights"": ""distance""}",205,819,0.01,LLVM,random,2,Prop0.2,97,True
KRR,0.0189226665785573,"{""regressor__kernel"": ""rbf"", ""regressor__gamma"": 0.2, ""regressor__alpha"": 0.01}",205,819,0.01,LLVM,random,2,Prop0.2,97,True
MR,0.0204969775153704,"{""lasso__regressor__alpha"": 0.01}",205,819,0.01,LLVM,random,2,Prop0.2,97,True
RF,0.0144251339149982,"{""max_features"": 1.0, ""min_samples_leaf"": 1, ""n_estimators"": 20}",205,819,0.05,LLVM,random,2,Prop0.2,97,True
SVR,0.0180905653961314,"{""regressor__tol"": 0.05, ""regressor__shrinking"": true, ""regressor__epsilon"": 0.1, ""regressor__coef0"": 1.0, ""regressor__C"": 5.0}",205,819,0.02,LLVM,random,2,Prop0.2,97,True
CART,0.0165739449407708,"{""max_features"": 1.0, ""min_samples_leaf"": 2, ""splitter"": ""best""}",205,819,0.0,LLVM,random,2,Prop0.2,98,True
kNN,0.027110268871988,"{""n_neighbors"": 10, ""p"": 1, ""weights"": ""distance""}",205,819,0.01,LLVM,random,2,Prop0.2,98,True
KRR,0.0189137884420734,"{""regressor__kernel"": ""rbf"", ""regressor__gamma"": 0.2, ""regressor__alpha"": 0.01}",205,819,0.01,LLVM,random,2,Prop0.2,98,True
MR,0.0192900684491129,"{""lasso__regressor__alpha"": 0.01}",205,819,0.01,LLVM,random,2,Prop0.2,98,True
RF,0.0149287156396935,"{""max_features"": 1.0, ""min_samples_leaf"": 1, ""n_estimators"": 20}",205,819,0.03,LLVM,random,2,Prop0.2,98,True
SVR,0.0174590947629224,"{""regressor__tol"": 0.05, ""regressor__shrinking"": true, ""regressor__epsilon"": 0.1, ""regressor__coef0"": 1.0, ""regressor__C"": 5.0}",205,819,0.01,LLVM,random,2,Prop0.2,98,True
CART,0.0180741430506403,"{""max_features"": 1.0, ""min_samples_leaf"": 2, ""splitter"": ""best""}",205,819,0.0,LLVM,random,2,Prop0.2,99,True
kNN,0.0317352642693228,"{""n_neighbors"": 10, ""p"": 1, ""weights"": ""distance""}",205,819,0.01,LLVM,random,2,Prop0.2,99,True
KRR,0.01749360827971,"{""regressor__kernel"": ""rbf"", ""regressor__gamma"": 0.2, ""regressor__alpha"": 0.01}",205,819,0.01,LLVM,random,2,Prop0.2,99,True
MR,0.0208976173832117,"{""lasso__regressor__alpha"": 0.01}",205,819,0.01,LLVM,random,2,Prop0.2,99,True
RF,0.0138651322182837,"{""max_features"": 1.0, ""min_samples_leaf"": 1, ""n_estimators"": 20}",205,819,0.04,LLVM,random,2,Prop0.2,99,True
SVR,0.0174896325443792,"{""regressor__tol"": 0.05, ""regressor__shrinking"": true, ""regressor__epsilon"": 0.1, ""regressor__coef0"": 1.0, ""regressor__C"": 5.0}",205,819,0.01,LLVM,random,2,Prop0.2,99,True
CART,0.0173786374858752,"{""max_features"": 1.0, ""min_samples_leaf"": 2, ""splitter"": ""best""}",205,819,0.0,LLVM,random,2,Prop0.2,100,True
kNN,0.029137407832551,"{""n_neighbors"": 10, ""p"": 1, ""weights"": ""distance""}",205,819,0.01,LLVM,random,2,Prop0.2,100,True
KRR,0.0185623693226561,"{""regressor__kernel"": ""rbf"", ""regressor__gamma"": 0.2, ""regressor__alpha"": 0.01}",205,819,0.01,LLVM,random,2,Prop0.2,100,True
MR,0.0215968665223613,"{""lasso__regressor__alpha"": 0.01}",205,819,0.01,LLVM,random,2,Prop0.2,100,True
RF,0.0150541194685174,"{""max_features"": 1.0, ""min_samples_leaf"": 1, ""n_estimators"": 20}",205,819,0.04,LLVM,random,2,Prop0.2,100,True
SVR,0.0184334053027059,"{""regressor__tol"": 0.05, ""regressor__shrinking"": true, ""regressor__epsilon"": 0.1, ""regressor__coef0"": 1.0, ""regressor__C"": 5.0}",205,819,0.01,LLVM,random,2,Prop0.2,100,True
