technique,mre,params,trained_count,test_count,learn_time,system,strategy,rq,size_type,seed,tuned
CART,0.0360519139142648,"{""max_features"": 1.0, ""min_samples_leaf"": 2, ""splitter"": ""random""}",2160,213840,0.07,VP9,random,2,Prop0.01,1,True
kNN,1.8852314972835496,"{""n_neighbors"": 8, ""p"": 1, ""weights"": ""distance""}",2160,213840,26.23,VP9,random,2,Prop0.01,1,True
KRR,0.2768145135702022,"{""regressor__kernel"": ""rbf"", ""regressor__gamma"": 0.1, ""regressor__alpha"": 0.0001}",2160,213840,15.02,VP9,random,2,Prop0.01,1,True
MR,0.4091520658998878,"{""lasso__regressor__alpha"": 0.01}",2160,213840,6.98,VP9,random,2,Prop0.01,1,True
RF,0.0315936408812436,"{""max_features"": 1.0, ""min_samples_leaf"": 1, ""n_estimators"": 20}",2160,213840,0.69,VP9,random,2,Prop0.01,1,True
SVR,0.5570894363419704,"{""regressor__tol"": 0.05, ""regressor__shrinking"": true, ""regressor__epsilon"": 0.1, ""regressor__coef0"": 1.0, ""regressor__C"": 5.0}",2160,213840,17.29,VP9,random,2,Prop0.01,1,True
CART,0.034230936157706,"{""max_features"": 1.0, ""min_samples_leaf"": 2, ""splitter"": ""random""}",2160,213840,0.07,VP9,random,2,Prop0.01,2,True
kNN,2.038089264256081,"{""n_neighbors"": 8, ""p"": 1, ""weights"": ""distance""}",2160,213840,25.5,VP9,random,2,Prop0.01,2,True
KRR,0.2762941243600545,"{""regressor__kernel"": ""rbf"", ""regressor__gamma"": 0.1, ""regressor__alpha"": 0.0001}",2160,213840,15.25,VP9,random,2,Prop0.01,2,True
MR,0.3958966288920401,"{""lasso__regressor__alpha"": 0.01}",2160,213840,7.18,VP9,random,2,Prop0.01,2,True
RF,0.029849547291521,"{""max_features"": 1.0, ""min_samples_leaf"": 1, ""n_estimators"": 20}",2160,213840,0.71,VP9,random,2,Prop0.01,2,True
SVR,0.5412729451903783,"{""regressor__tol"": 0.05, ""regressor__shrinking"": true, ""regressor__epsilon"": 0.1, ""regressor__coef0"": 1.0, ""regressor__C"": 5.0}",2160,213840,18.1,VP9,random,2,Prop0.01,2,True
CART,0.0356663837004888,"{""max_features"": 1.0, ""min_samples_leaf"": 2, ""splitter"": ""random""}",2160,213840,0.06,VP9,random,2,Prop0.01,3,True
kNN,1.9404288341866556,"{""n_neighbors"": 8, ""p"": 1, ""weights"": ""distance""}",2160,213840,26.17,VP9,random,2,Prop0.01,3,True
KRR,0.2765342293353708,"{""regressor__kernel"": ""rbf"", ""regressor__gamma"": 0.1, ""regressor__alpha"": 0.0001}",2160,213840,15.0,VP9,random,2,Prop0.01,3,True
MR,0.4005644052930602,"{""lasso__regressor__alpha"": 0.01}",2160,213840,6.94,VP9,random,2,Prop0.01,3,True
RF,0.0320792342171992,"{""max_features"": 1.0, ""min_samples_leaf"": 1, ""n_estimators"": 20}",2160,213840,0.69,VP9,random,2,Prop0.01,3,True
SVR,0.5317261749863227,"{""regressor__tol"": 0.05, ""regressor__shrinking"": true, ""regressor__epsilon"": 0.1, ""regressor__coef0"": 1.0, ""regressor__C"": 5.0}",2160,213840,17.21,VP9,random,2,Prop0.01,3,True
CART,0.0356410990798499,"{""max_features"": 1.0, ""min_samples_leaf"": 2, ""splitter"": ""random""}",2160,213840,0.06,VP9,random,2,Prop0.01,4,True
kNN,1.9667611941610208,"{""n_neighbors"": 8, ""p"": 1, ""weights"": ""distance""}",2160,213840,25.5,VP9,random,2,Prop0.01,4,True
KRR,0.2843841062937307,"{""regressor__kernel"": ""rbf"", ""regressor__gamma"": 0.1, ""regressor__alpha"": 0.0001}",2160,213840,15.28,VP9,random,2,Prop0.01,4,True
MR,0.3835984970828353,"{""lasso__regressor__alpha"": 0.01}",2160,213840,7.23,VP9,random,2,Prop0.01,4,True
RF,0.0305237156789296,"{""max_features"": 1.0, ""min_samples_leaf"": 1, ""n_estimators"": 20}",2160,213840,0.7,VP9,random,2,Prop0.01,4,True
SVR,0.5198583093297434,"{""regressor__tol"": 0.05, ""regressor__shrinking"": true, ""regressor__epsilon"": 0.1, ""regressor__coef0"": 1.0, ""regressor__C"": 5.0}",2160,213840,17.13,VP9,random,2,Prop0.01,4,True
CART,0.036626744022709,"{""max_features"": 1.0, ""min_samples_leaf"": 2, ""splitter"": ""random""}",2160,213840,0.06,VP9,random,2,Prop0.01,5,True
kNN,1.861991977839188,"{""n_neighbors"": 8, ""p"": 1, ""weights"": ""distance""}",2160,213840,25.34,VP9,random,2,Prop0.01,5,True
KRR,0.2715858112366968,"{""regressor__kernel"": ""rbf"", ""regressor__gamma"": 0.1, ""regressor__alpha"": 0.0001}",2160,213840,15.16,VP9,random,2,Prop0.01,5,True
MR,0.4012501217317156,"{""lasso__regressor__alpha"": 0.01}",2160,213840,6.93,VP9,random,2,Prop0.01,5,True
RF,0.0323989080632898,"{""max_features"": 1.0, ""min_samples_leaf"": 1, ""n_estimators"": 20}",2160,213840,0.7,VP9,random,2,Prop0.01,5,True
SVR,0.5217204854460332,"{""regressor__tol"": 0.05, ""regressor__shrinking"": true, ""regressor__epsilon"": 0.1, ""regressor__coef0"": 1.0, ""regressor__C"": 5.0}",2160,213840,17.93,VP9,random,2,Prop0.01,5,True
CART,0.0356223792868442,"{""max_features"": 1.0, ""min_samples_leaf"": 2, ""splitter"": ""random""}",2160,213840,0.06,VP9,random,2,Prop0.01,6,True
kNN,2.036954527477266,"{""n_neighbors"": 8, ""p"": 1, ""weights"": ""distance""}",2160,213840,26.3,VP9,random,2,Prop0.01,6,True
KRR,0.2762475677483346,"{""regressor__kernel"": ""rbf"", ""regressor__gamma"": 0.1, ""regressor__alpha"": 0.0001}",2160,213840,15.72,VP9,random,2,Prop0.01,6,True
MR,0.3809165814553537,"{""lasso__regressor__alpha"": 0.01}",2160,213840,7.21,VP9,random,2,Prop0.01,6,True
RF,0.0313611731990021,"{""max_features"": 1.0, ""min_samples_leaf"": 1, ""n_estimators"": 20}",2160,213840,0.7,VP9,random,2,Prop0.01,6,True
SVR,0.5247157022811885,"{""regressor__tol"": 0.05, ""regressor__shrinking"": true, ""regressor__epsilon"": 0.1, ""regressor__coef0"": 1.0, ""regressor__C"": 5.0}",2160,213840,17.21,VP9,random,2,Prop0.01,6,True
CART,0.0369087706784391,"{""max_features"": 1.0, ""min_samples_leaf"": 2, ""splitter"": ""random""}",2160,213840,0.06,VP9,random,2,Prop0.01,7,True
kNN,2.056739015644031,"{""n_neighbors"": 8, ""p"": 1, ""weights"": ""distance""}",2160,213840,25.98,VP9,random,2,Prop0.01,7,True
KRR,0.28062779924895,"{""regressor__kernel"": ""rbf"", ""regressor__gamma"": 0.1, ""regressor__alpha"": 0.0001}",2160,213840,14.56,VP9,random,2,Prop0.01,7,True
MR,0.3948721030443397,"{""lasso__regressor__alpha"": 0.01}",2160,213840,6.76,VP9,random,2,Prop0.01,7,True
RF,0.0315569977007932,"{""max_features"": 1.0, ""min_samples_leaf"": 1, ""n_estimators"": 20}",2160,213840,0.7,VP9,random,2,Prop0.01,7,True
SVR,0.5372601826944257,"{""regressor__tol"": 0.05, ""regressor__shrinking"": true, ""regressor__epsilon"": 0.1, ""regressor__coef0"": 1.0, ""regressor__C"": 5.0}",2160,213840,18.1,VP9,random,2,Prop0.01,7,True
CART,0.0360752058158152,"{""max_features"": 1.0, ""min_samples_leaf"": 2, ""splitter"": ""random""}",2160,213840,0.06,VP9,random,2,Prop0.01,8,True
kNN,2.202460865968864,"{""n_neighbors"": 8, ""p"": 1, ""weights"": ""distance""}",2160,213840,25.57,VP9,random,2,Prop0.01,8,True
KRR,0.2920765897796349,"{""regressor__kernel"": ""rbf"", ""regressor__gamma"": 0.1, ""regressor__alpha"": 0.0001}",2160,213840,15.65,VP9,random,2,Prop0.01,8,True
MR,0.3911028431235203,"{""lasso__regressor__alpha"": 0.01}",2160,213840,7.22,VP9,random,2,Prop0.01,8,True
RF,0.0321044769718512,"{""max_features"": 1.0, ""min_samples_leaf"": 1, ""n_estimators"": 20}",2160,213840,0.72,VP9,random,2,Prop0.01,8,True
SVR,0.5849644230509181,"{""regressor__tol"": 0.05, ""regressor__shrinking"": true, ""regressor__epsilon"": 0.1, ""regressor__coef0"": 1.0, ""regressor__C"": 5.0}",2160,213840,17.68,VP9,random,2,Prop0.01,8,True
CART,0.0359754198310534,"{""max_features"": 1.0, ""min_samples_leaf"": 2, ""splitter"": ""random""}",2160,213840,0.06,VP9,random,2,Prop0.01,9,True
kNN,1.88020404108748,"{""n_neighbors"": 8, ""p"": 1, ""weights"": ""distance""}",2160,213840,25.27,VP9,random,2,Prop0.01,9,True
KRR,0.2762589624694666,"{""regressor__kernel"": ""rbf"", ""regressor__gamma"": 0.1, ""regressor__alpha"": 0.0001}",2160,213840,15.14,VP9,random,2,Prop0.01,9,True
MR,0.4172575854322714,"{""lasso__regressor__alpha"": 0.01}",2160,213840,6.86,VP9,random,2,Prop0.01,9,True
RF,0.0316390649413505,"{""max_features"": 1.0, ""min_samples_leaf"": 1, ""n_estimators"": 20}",2160,213840,0.72,VP9,random,2,Prop0.01,9,True
SVR,0.519827961742827,"{""regressor__tol"": 0.05, ""regressor__shrinking"": true, ""regressor__epsilon"": 0.1, ""regressor__coef0"": 1.0, ""regressor__C"": 5.0}",2160,213840,17.62,VP9,random,2,Prop0.01,9,True
CART,0.0359277922894332,"{""max_features"": 1.0, ""min_samples_leaf"": 2, ""splitter"": ""random""}",2160,213840,0.06,VP9,random,2,Prop0.01,10,True
kNN,2.032356210535062,"{""n_neighbors"": 8, ""p"": 1, ""weights"": ""distance""}",2160,213840,25.88,VP9,random,2,Prop0.01,10,True
KRR,0.2961469988275888,"{""regressor__kernel"": ""rbf"", ""regressor__gamma"": 0.1, ""regressor__alpha"": 0.0001}",2160,213840,14.46,VP9,random,2,Prop0.01,10,True
MR,0.3951660790230605,"{""lasso__regressor__alpha"": 0.01}",2160,213840,6.72,VP9,random,2,Prop0.01,10,True
RF,0.0310253523424229,"{""max_features"": 1.0, ""min_samples_leaf"": 1, ""n_estimators"": 20}",2160,213840,0.71,VP9,random,2,Prop0.01,10,True
SVR,0.5656637132462874,"{""regressor__tol"": 0.05, ""regressor__shrinking"": true, ""regressor__epsilon"": 0.1, ""regressor__coef0"": 1.0, ""regressor__C"": 5.0}",2160,213840,18.07,VP9,random,2,Prop0.01,10,True
CART,0.0369672718946779,"{""max_features"": 1.0, ""min_samples_leaf"": 2, ""splitter"": ""random""}",2160,213840,0.06,VP9,random,2,Prop0.01,11,True
kNN,1.8801701841521423,"{""n_neighbors"": 8, ""p"": 1, ""weights"": ""distance""}",2160,213840,26.3,VP9,random,2,Prop0.01,11,True
KRR,0.2650431695664298,"{""regressor__kernel"": ""rbf"", ""regressor__gamma"": 0.1, ""regressor__alpha"": 0.0001}",2160,213840,15.15,VP9,random,2,Prop0.01,11,True
MR,0.3862490136442127,"{""lasso__regressor__alpha"": 0.01}",2160,213840,6.98,VP9,random,2,Prop0.01,11,True
RF,0.0320760680229466,"{""max_features"": 1.0, ""min_samples_leaf"": 1, ""n_estimators"": 20}",2160,213840,0.69,VP9,random,2,Prop0.01,11,True
SVR,0.5313625547192076,"{""regressor__tol"": 0.05, ""regressor__shrinking"": true, ""regressor__epsilon"": 0.1, ""regressor__coef0"": 1.0, ""regressor__C"": 5.0}",2160,213840,17.95,VP9,random,2,Prop0.01,11,True
CART,0.0346043466371108,"{""max_features"": 1.0, ""min_samples_leaf"": 2, ""splitter"": ""random""}",2160,213840,0.06,VP9,random,2,Prop0.01,12,True
kNN,1.958814265547242,"{""n_neighbors"": 8, ""p"": 1, ""weights"": ""distance""}",2160,213840,25.54,VP9,random,2,Prop0.01,12,True
KRR,0.30041965681387,"{""regressor__kernel"": ""rbf"", ""regressor__gamma"": 0.1, ""regressor__alpha"": 0.0001}",2160,213840,15.25,VP9,random,2,Prop0.01,12,True
MR,0.4119832475600196,"{""lasso__regressor__alpha"": 0.01}",2160,213840,7.17,VP9,random,2,Prop0.01,12,True
RF,0.0317568045449769,"{""max_features"": 1.0, ""min_samples_leaf"": 1, ""n_estimators"": 20}",2160,213840,0.71,VP9,random,2,Prop0.01,12,True
SVR,0.5710162726988983,"{""regressor__tol"": 0.05, ""regressor__shrinking"": true, ""regressor__epsilon"": 0.1, ""regressor__coef0"": 1.0, ""regressor__C"": 5.0}",2160,213840,17.71,VP9,random,2,Prop0.01,12,True
CART,0.0356512931404033,"{""max_features"": 1.0, ""min_samples_leaf"": 2, ""splitter"": ""random""}",2160,213840,0.06,VP9,random,2,Prop0.01,13,True
kNN,1.8570279987483325,"{""n_neighbors"": 8, ""p"": 1, ""weights"": ""distance""}",2160,213840,25.18,VP9,random,2,Prop0.01,13,True
KRR,0.2784448013382858,"{""regressor__kernel"": ""rbf"", ""regressor__gamma"": 0.1, ""regressor__alpha"": 0.0001}",2160,213840,15.04,VP9,random,2,Prop0.01,13,True
MR,0.3880255517699036,"{""lasso__regressor__alpha"": 0.01}",2160,213840,6.95,VP9,random,2,Prop0.01,13,True
RF,0.0315654208151973,"{""max_features"": 1.0, ""min_samples_leaf"": 1, ""n_estimators"": 20}",2160,213840,0.72,VP9,random,2,Prop0.01,13,True
SVR,0.5463680178063841,"{""regressor__tol"": 0.05, ""regressor__shrinking"": true, ""regressor__epsilon"": 0.1, ""regressor__coef0"": 1.0, ""regressor__C"": 5.0}",2160,213840,18.35,VP9,random,2,Prop0.01,13,True
CART,0.0353068491097556,"{""max_features"": 1.0, ""min_samples_leaf"": 2, ""splitter"": ""random""}",2160,213840,0.06,VP9,random,2,Prop0.01,14,True
kNN,1.999274100083277,"{""n_neighbors"": 8, ""p"": 1, ""weights"": ""distance""}",2160,213840,25.75,VP9,random,2,Prop0.01,14,True
KRR,0.2726749982620963,"{""regressor__kernel"": ""rbf"", ""regressor__gamma"": 0.1, ""regressor__alpha"": 0.0001}",2160,213840,14.12,VP9,random,2,Prop0.01,14,True
MR,0.3979748722015333,"{""lasso__regressor__alpha"": 0.01}",2160,213840,6.75,VP9,random,2,Prop0.01,14,True
RF,0.0304729127828517,"{""max_features"": 1.0, ""min_samples_leaf"": 1, ""n_estimators"": 20}",2160,213840,0.72,VP9,random,2,Prop0.01,14,True
SVR,0.5498009855727932,"{""regressor__tol"": 0.05, ""regressor__shrinking"": true, ""regressor__epsilon"": 0.1, ""regressor__coef0"": 1.0, ""regressor__C"": 5.0}",2160,213840,18.05,VP9,random,2,Prop0.01,14,True
CART,0.0369517716840981,"{""max_features"": 1.0, ""min_samples_leaf"": 2, ""splitter"": ""random""}",2160,213840,0.06,VP9,random,2,Prop0.01,15,True
kNN,1.992124147152408,"{""n_neighbors"": 8, ""p"": 1, ""weights"": ""distance""}",2160,213840,25.35,VP9,random,2,Prop0.01,15,True
KRR,0.2724938343348871,"{""regressor__kernel"": ""rbf"", ""regressor__gamma"": 0.1, ""regressor__alpha"": 0.0001}",2160,213840,15.11,VP9,random,2,Prop0.01,15,True
MR,0.3818463857206212,"{""lasso__regressor__alpha"": 0.01}",2160,213840,6.99,VP9,random,2,Prop0.01,15,True
RF,0.0324140817845338,"{""max_features"": 1.0, ""min_samples_leaf"": 1, ""n_estimators"": 20}",2160,213840,0.7,VP9,random,2,Prop0.01,15,True
SVR,0.5316372522941851,"{""regressor__tol"": 0.05, ""regressor__shrinking"": true, ""regressor__epsilon"": 0.1, ""regressor__coef0"": 1.0, ""regressor__C"": 5.0}",2160,213840,17.61,VP9,random,2,Prop0.01,15,True
CART,0.0371545628648156,"{""max_features"": 1.0, ""min_samples_leaf"": 2, ""splitter"": ""random""}",2160,213840,0.06,VP9,random,2,Prop0.01,16,True
kNN,1.9241342282659584,"{""n_neighbors"": 8, ""p"": 1, ""weights"": ""distance""}",2160,213840,25.98,VP9,random,2,Prop0.01,16,True
KRR,0.2758167218069728,"{""regressor__kernel"": ""rbf"", ""regressor__gamma"": 0.1, ""regressor__alpha"": 0.0001}",2160,213840,14.53,VP9,random,2,Prop0.01,16,True
MR,0.3833765170417576,"{""lasso__regressor__alpha"": 0.01}",2160,213840,6.71,VP9,random,2,Prop0.01,16,True
RF,0.031496063001474,"{""max_features"": 1.0, ""min_samples_leaf"": 1, ""n_estimators"": 20}",2160,213840,0.68,VP9,random,2,Prop0.01,16,True
SVR,0.5559537316300421,"{""regressor__tol"": 0.05, ""regressor__shrinking"": true, ""regressor__epsilon"": 0.1, ""regressor__coef0"": 1.0, ""regressor__C"": 5.0}",2160,213840,17.09,VP9,random,2,Prop0.01,16,True
CART,0.0373097062765075,"{""max_features"": 1.0, ""min_samples_leaf"": 2, ""splitter"": ""random""}",2160,213840,0.06,VP9,random,2,Prop0.01,17,True
kNN,2.0786344922564037,"{""n_neighbors"": 8, ""p"": 1, ""weights"": ""distance""}",2160,213840,25.42,VP9,random,2,Prop0.01,17,True
KRR,0.2905102271566843,"{""regressor__kernel"": ""rbf"", ""regressor__gamma"": 0.1, ""regressor__alpha"": 0.0001}",2160,213840,15.14,VP9,random,2,Prop0.01,17,True
MR,0.3994184342426208,"{""lasso__regressor__alpha"": 0.01}",2160,213840,7.1,VP9,random,2,Prop0.01,17,True
RF,0.0325707843014729,"{""max_features"": 1.0, ""min_samples_leaf"": 1, ""n_estimators"": 20}",2160,213840,0.71,VP9,random,2,Prop0.01,17,True
SVR,0.5599888586790234,"{""regressor__tol"": 0.05, ""regressor__shrinking"": true, ""regressor__epsilon"": 0.1, ""regressor__coef0"": 1.0, ""regressor__C"": 5.0}",2160,213840,17.52,VP9,random,2,Prop0.01,17,True
CART,0.0335395992135869,"{""max_features"": 1.0, ""min_samples_leaf"": 2, ""splitter"": ""random""}",2160,213840,0.06,VP9,random,2,Prop0.01,18,True
kNN,1.9067721758181424,"{""n_neighbors"": 8, ""p"": 1, ""weights"": ""distance""}",2160,213840,26.08,VP9,random,2,Prop0.01,18,True
KRR,0.2667547988500205,"{""regressor__kernel"": ""rbf"", ""regressor__gamma"": 0.1, ""regressor__alpha"": 0.0001}",2160,213840,14.68,VP9,random,2,Prop0.01,18,True
MR,0.4004166948993606,"{""lasso__regressor__alpha"": 0.01}",2160,213840,6.87,VP9,random,2,Prop0.01,18,True
RF,0.0306053971872881,"{""max_features"": 1.0, ""min_samples_leaf"": 1, ""n_estimators"": 20}",2160,213840,0.68,VP9,random,2,Prop0.01,18,True
SVR,0.530308747493738,"{""regressor__tol"": 0.05, ""regressor__shrinking"": true, ""regressor__epsilon"": 0.1, ""regressor__coef0"": 1.0, ""regressor__C"": 5.0}",2160,213840,17.78,VP9,random,2,Prop0.01,18,True
CART,0.0364328136249859,"{""max_features"": 1.0, ""min_samples_leaf"": 2, ""splitter"": ""random""}",2160,213840,0.06,VP9,random,2,Prop0.01,19,True
kNN,1.9573185511649769,"{""n_neighbors"": 8, ""p"": 1, ""weights"": ""distance""}",2160,213840,26.27,VP9,random,2,Prop0.01,19,True
KRR,0.274294735603903,"{""regressor__kernel"": ""rbf"", ""regressor__gamma"": 0.1, ""regressor__alpha"": 0.0001}",2160,213840,14.91,VP9,random,2,Prop0.01,19,True
MR,0.3838457098430907,"{""lasso__regressor__alpha"": 0.01}",2160,213840,6.93,VP9,random,2,Prop0.01,19,True
RF,0.031392230725494,"{""max_features"": 1.0, ""min_samples_leaf"": 1, ""n_estimators"": 20}",2160,213840,0.7,VP9,random,2,Prop0.01,19,True
SVR,0.5453029069553962,"{""regressor__tol"": 0.05, ""regressor__shrinking"": true, ""regressor__epsilon"": 0.1, ""regressor__coef0"": 1.0, ""regressor__C"": 5.0}",2160,213840,17.93,VP9,random,2,Prop0.01,19,True
CART,0.035667534424577,"{""max_features"": 1.0, ""min_samples_leaf"": 2, ""splitter"": ""random""}",2160,213840,0.06,VP9,random,2,Prop0.01,20,True
kNN,1.8984669786547956,"{""n_neighbors"": 8, ""p"": 1, ""weights"": ""distance""}",2160,213840,25.53,VP9,random,2,Prop0.01,20,True
KRR,0.2838922688970455,"{""regressor__kernel"": ""rbf"", ""regressor__gamma"": 0.1, ""regressor__alpha"": 0.0001}",2160,213840,15.16,VP9,random,2,Prop0.01,20,True
MR,0.3992692613192483,"{""lasso__regressor__alpha"": 0.01}",2160,213840,7.31,VP9,random,2,Prop0.01,20,True
RF,0.030690425388986,"{""max_features"": 1.0, ""min_samples_leaf"": 1, ""n_estimators"": 20}",2160,213840,0.71,VP9,random,2,Prop0.01,20,True
SVR,0.5396903439033742,"{""regressor__tol"": 0.05, ""regressor__shrinking"": true, ""regressor__epsilon"": 0.1, ""regressor__coef0"": 1.0, ""regressor__C"": 5.0}",2160,213840,18.33,VP9,random,2,Prop0.01,20,True
CART,0.0350747142259134,"{""max_features"": 1.0, ""min_samples_leaf"": 2, ""splitter"": ""random""}",2160,213840,0.06,VP9,random,2,Prop0.01,21,True
kNN,1.8780596136211904,"{""n_neighbors"": 8, ""p"": 1, ""weights"": ""distance""}",2160,213840,25.32,VP9,random,2,Prop0.01,21,True
KRR,0.2731536695884416,"{""regressor__kernel"": ""rbf"", ""regressor__gamma"": 0.1, ""regressor__alpha"": 0.0001}",2160,213840,15.04,VP9,random,2,Prop0.01,21,True
MR,0.4035075243636593,"{""lasso__regressor__alpha"": 0.01}",2160,213840,7.04,VP9,random,2,Prop0.01,21,True
RF,0.0313967219250597,"{""max_features"": 1.0, ""min_samples_leaf"": 1, ""n_estimators"": 20}",2160,213840,0.71,VP9,random,2,Prop0.01,21,True
SVR,0.5514046507440797,"{""regressor__tol"": 0.05, ""regressor__shrinking"": true, ""regressor__epsilon"": 0.1, ""regressor__coef0"": 1.0, ""regressor__C"": 5.0}",2160,213840,17.69,VP9,random,2,Prop0.01,21,True
CART,0.0366851021263612,"{""max_features"": 1.0, ""min_samples_leaf"": 2, ""splitter"": ""random""}",2160,213840,0.06,VP9,random,2,Prop0.01,22,True
kNN,1.8698598858149107,"{""n_neighbors"": 8, ""p"": 1, ""weights"": ""distance""}",2160,213840,25.92,VP9,random,2,Prop0.01,22,True
KRR,0.275320662748535,"{""regressor__kernel"": ""rbf"", ""regressor__gamma"": 0.1, ""regressor__alpha"": 0.0001}",2160,213840,14.35,VP9,random,2,Prop0.01,22,True
MR,0.4080555851022037,"{""lasso__regressor__alpha"": 0.01}",2160,213840,6.84,VP9,random,2,Prop0.01,22,True
RF,0.0319641005143417,"{""max_features"": 1.0, ""min_samples_leaf"": 1, ""n_estimators"": 20}",2160,213840,0.71,VP9,random,2,Prop0.01,22,True
SVR,0.5423578474542006,"{""regressor__tol"": 0.05, ""regressor__shrinking"": true, ""regressor__epsilon"": 0.1, ""regressor__coef0"": 1.0, ""regressor__C"": 5.0}",2160,213840,16.77,VP9,random,2,Prop0.01,22,True
CART,0.0366147410805059,"{""max_features"": 1.0, ""min_samples_leaf"": 2, ""splitter"": ""random""}",2160,213840,0.05,VP9,random,2,Prop0.01,23,True
kNN,2.030522481188683,"{""n_neighbors"": 8, ""p"": 1, ""weights"": ""distance""}",2160,213840,26.33,VP9,random,2,Prop0.01,23,True
KRR,0.2718307249178736,"{""regressor__kernel"": ""rbf"", ""regressor__gamma"": 0.1, ""regressor__alpha"": 0.0001}",2160,213840,14.96,VP9,random,2,Prop0.01,23,True
MR,0.4008036821735589,"{""lasso__regressor__alpha"": 0.01}",2160,213840,7.02,VP9,random,2,Prop0.01,23,True
RF,0.0316533144471197,"{""max_features"": 1.0, ""min_samples_leaf"": 1, ""n_estimators"": 20}",2160,213840,0.68,VP9,random,2,Prop0.01,23,True
SVR,0.5398231174218837,"{""regressor__tol"": 0.05, ""regressor__shrinking"": true, ""regressor__epsilon"": 0.1, ""regressor__coef0"": 1.0, ""regressor__C"": 5.0}",2160,213840,17.24,VP9,random,2,Prop0.01,23,True
CART,0.0347239613902642,"{""max_features"": 1.0, ""min_samples_leaf"": 2, ""splitter"": ""random""}",2160,213840,0.06,VP9,random,2,Prop0.01,24,True
kNN,1.972438232151749,"{""n_neighbors"": 8, ""p"": 1, ""weights"": ""distance""}",2160,213840,25.51,VP9,random,2,Prop0.01,24,True
KRR,0.2693482982642317,"{""regressor__kernel"": ""rbf"", ""regressor__gamma"": 0.1, ""regressor__alpha"": 0.0001}",2160,213840,15.26,VP9,random,2,Prop0.01,24,True
MR,0.3833055666957638,"{""lasso__regressor__alpha"": 0.01}",2160,213840,7.18,VP9,random,2,Prop0.01,24,True
RF,0.0308016555324191,"{""max_features"": 1.0, ""min_samples_leaf"": 1, ""n_estimators"": 20}",2160,213840,0.68,VP9,random,2,Prop0.01,24,True
SVR,0.522184376708708,"{""regressor__tol"": 0.05, ""regressor__shrinking"": true, ""regressor__epsilon"": 0.1, ""regressor__coef0"": 1.0, ""regressor__C"": 5.0}",2160,213840,17.77,VP9,random,2,Prop0.01,24,True
CART,0.0357995148589341,"{""max_features"": 1.0, ""min_samples_leaf"": 2, ""splitter"": ""random""}",2160,213840,0.06,VP9,random,2,Prop0.01,25,True
kNN,1.9786666991080897,"{""n_neighbors"": 8, ""p"": 1, ""weights"": ""distance""}",2160,213840,26.26,VP9,random,2,Prop0.01,25,True
KRR,0.2903458000663165,"{""regressor__kernel"": ""rbf"", ""regressor__gamma"": 0.1, ""regressor__alpha"": 0.0001}",2160,213840,15.32,VP9,random,2,Prop0.01,25,True
MR,0.4045201704583747,"{""lasso__regressor__alpha"": 0.01}",2160,213840,7.12,VP9,random,2,Prop0.01,25,True
RF,0.0308789681721137,"{""max_features"": 1.0, ""min_samples_leaf"": 1, ""n_estimators"": 20}",2160,213840,0.71,VP9,random,2,Prop0.01,25,True
SVR,0.5489543044887333,"{""regressor__tol"": 0.05, ""regressor__shrinking"": true, ""regressor__epsilon"": 0.1, ""regressor__coef0"": 1.0, ""regressor__C"": 5.0}",2160,213840,17.53,VP9,random,2,Prop0.01,25,True
CART,0.03591826701132,"{""max_features"": 1.0, ""min_samples_leaf"": 2, ""splitter"": ""random""}",2160,213840,0.06,VP9,random,2,Prop0.01,26,True
kNN,1.8706779666117457,"{""n_neighbors"": 8, ""p"": 1, ""weights"": ""distance""}",2160,213840,25.52,VP9,random,2,Prop0.01,26,True
KRR,0.2620994011257169,"{""regressor__kernel"": ""rbf"", ""regressor__gamma"": 0.1, ""regressor__alpha"": 0.0001}",2160,213840,15.34,VP9,random,2,Prop0.01,26,True
MR,0.420916469555515,"{""lasso__regressor__alpha"": 0.01}",2160,213840,7.24,VP9,random,2,Prop0.01,26,True
RF,0.0318235842672819,"{""max_features"": 1.0, ""min_samples_leaf"": 1, ""n_estimators"": 20}",2160,213840,0.72,VP9,random,2,Prop0.01,26,True
SVR,0.5237470062376129,"{""regressor__tol"": 0.05, ""regressor__shrinking"": true, ""regressor__epsilon"": 0.1, ""regressor__coef0"": 1.0, ""regressor__C"": 5.0}",2160,213840,17.88,VP9,random,2,Prop0.01,26,True
CART,0.0364515132546325,"{""max_features"": 1.0, ""min_samples_leaf"": 2, ""splitter"": ""random""}",2160,213840,0.06,VP9,random,2,Prop0.01,27,True
kNN,1.8618822710429883,"{""n_neighbors"": 8, ""p"": 1, ""weights"": ""distance""}",2160,213840,26.31,VP9,random,2,Prop0.01,27,True
KRR,0.2746391383461927,"{""regressor__kernel"": ""rbf"", ""regressor__gamma"": 0.1, ""regressor__alpha"": 0.0001}",2160,213840,15.13,VP9,random,2,Prop0.01,27,True
MR,0.3951178242911929,"{""lasso__regressor__alpha"": 0.01}",2160,213840,6.88,VP9,random,2,Prop0.01,27,True
RF,0.0320911559912282,"{""max_features"": 1.0, ""min_samples_leaf"": 1, ""n_estimators"": 20}",2160,213840,0.69,VP9,random,2,Prop0.01,27,True
SVR,0.547598018159392,"{""regressor__tol"": 0.05, ""regressor__shrinking"": true, ""regressor__epsilon"": 0.1, ""regressor__coef0"": 1.0, ""regressor__C"": 5.0}",2160,213840,16.63,VP9,random,2,Prop0.01,27,True
CART,0.0364012135539899,"{""max_features"": 1.0, ""min_samples_leaf"": 2, ""splitter"": ""random""}",2160,213840,0.06,VP9,random,2,Prop0.01,28,True
kNN,1.8389944749001457,"{""n_neighbors"": 8, ""p"": 1, ""weights"": ""distance""}",2160,213840,25.56,VP9,random,2,Prop0.01,28,True
KRR,0.2467220926818084,"{""regressor__kernel"": ""rbf"", ""regressor__gamma"": 0.1, ""regressor__alpha"": 0.0001}",2160,213840,15.18,VP9,random,2,Prop0.01,28,True
MR,0.4024387717319698,"{""lasso__regressor__alpha"": 0.01}",2160,213840,7.08,VP9,random,2,Prop0.01,28,True
RF,0.0312667025542046,"{""max_features"": 1.0, ""min_samples_leaf"": 1, ""n_estimators"": 20}",2160,213840,0.68,VP9,random,2,Prop0.01,28,True
SVR,0.526549033436391,"{""regressor__tol"": 0.05, ""regressor__shrinking"": true, ""regressor__epsilon"": 0.1, ""regressor__coef0"": 1.0, ""regressor__C"": 5.0}",2160,213840,17.31,VP9,random,2,Prop0.01,28,True
CART,0.0349777308440032,"{""max_features"": 1.0, ""min_samples_leaf"": 2, ""splitter"": ""random""}",2160,213840,0.07,VP9,random,2,Prop0.01,29,True
kNN,1.9357539458419528,"{""n_neighbors"": 8, ""p"": 1, ""weights"": ""distance""}",2160,213840,26.2,VP9,random,2,Prop0.01,29,True
KRR,0.2737393195585275,"{""regressor__kernel"": ""rbf"", ""regressor__gamma"": 0.1, ""regressor__alpha"": 0.0001}",2160,213840,14.93,VP9,random,2,Prop0.01,29,True
MR,0.3883622530891478,"{""lasso__regressor__alpha"": 0.01}",2160,213840,6.99,VP9,random,2,Prop0.01,29,True
RF,0.0304328767434406,"{""max_features"": 1.0, ""min_samples_leaf"": 1, ""n_estimators"": 20}",2160,213840,0.71,VP9,random,2,Prop0.01,29,True
SVR,0.5376246187191451,"{""regressor__tol"": 0.05, ""regressor__shrinking"": true, ""regressor__epsilon"": 0.1, ""regressor__coef0"": 1.0, ""regressor__C"": 5.0}",2160,213840,18.06,VP9,random,2,Prop0.01,29,True
CART,0.035339092744721,"{""max_features"": 1.0, ""min_samples_leaf"": 2, ""splitter"": ""random""}",2160,213840,0.06,VP9,random,2,Prop0.01,30,True
kNN,1.8305611782897528,"{""n_neighbors"": 8, ""p"": 1, ""weights"": ""distance""}",2160,213840,25.44,VP9,random,2,Prop0.01,30,True
KRR,0.2845357331080231,"{""regressor__kernel"": ""rbf"", ""regressor__gamma"": 0.1, ""regressor__alpha"": 0.0001}",2160,213840,15.23,VP9,random,2,Prop0.01,30,True
MR,0.4225483340139175,"{""lasso__regressor__alpha"": 0.01}",2160,213840,7.27,VP9,random,2,Prop0.01,30,True
RF,0.0318961816013602,"{""max_features"": 1.0, ""min_samples_leaf"": 1, ""n_estimators"": 20}",2160,213840,0.72,VP9,random,2,Prop0.01,30,True
SVR,0.5422627225722498,"{""regressor__tol"": 0.05, ""regressor__shrinking"": true, ""regressor__epsilon"": 0.1, ""regressor__coef0"": 1.0, ""regressor__C"": 5.0}",2160,213840,17.5,VP9,random,2,Prop0.01,30,True
CART,0.0342637736879202,"{""max_features"": 1.0, ""min_samples_leaf"": 2, ""splitter"": ""random""}",2160,213840,0.06,VP9,random,2,Prop0.01,31,True
kNN,1.867479579629936,"{""n_neighbors"": 8, ""p"": 1, ""weights"": ""distance""}",2160,213840,26.25,VP9,random,2,Prop0.01,31,True
KRR,0.2767327551361077,"{""regressor__kernel"": ""rbf"", ""regressor__gamma"": 0.1, ""regressor__alpha"": 0.0001}",2160,213840,15.4,VP9,random,2,Prop0.01,31,True
MR,0.3866920449498296,"{""lasso__regressor__alpha"": 0.01}",2160,213840,7.13,VP9,random,2,Prop0.01,31,True
RF,0.0306144260383835,"{""max_features"": 1.0, ""min_samples_leaf"": 1, ""n_estimators"": 20}",2160,213840,0.68,VP9,random,2,Prop0.01,31,True
SVR,0.5414254507569538,"{""regressor__tol"": 0.05, ""regressor__shrinking"": true, ""regressor__epsilon"": 0.1, ""regressor__coef0"": 1.0, ""regressor__C"": 5.0}",2160,213840,18.0,VP9,random,2,Prop0.01,31,True
CART,0.0337911560556948,"{""max_features"": 1.0, ""min_samples_leaf"": 2, ""splitter"": ""random""}",2160,213840,0.06,VP9,random,2,Prop0.01,32,True
kNN,2.036708860525084,"{""n_neighbors"": 8, ""p"": 1, ""weights"": ""distance""}",2160,213840,25.54,VP9,random,2,Prop0.01,32,True
KRR,0.2835934785975557,"{""regressor__kernel"": ""rbf"", ""regressor__gamma"": 0.1, ""regressor__alpha"": 0.0001}",2160,213840,15.51,VP9,random,2,Prop0.01,32,True
MR,0.3873480332813863,"{""lasso__regressor__alpha"": 0.01}",2160,213840,7.19,VP9,random,2,Prop0.01,32,True
RF,0.0302329396096698,"{""max_features"": 1.0, ""min_samples_leaf"": 1, ""n_estimators"": 20}",2160,213840,0.69,VP9,random,2,Prop0.01,32,True
SVR,0.5468312114501472,"{""regressor__tol"": 0.05, ""regressor__shrinking"": true, ""regressor__epsilon"": 0.1, ""regressor__coef0"": 1.0, ""regressor__C"": 5.0}",2160,213840,17.66,VP9,random,2,Prop0.01,32,True
CART,0.0344542793658911,"{""max_features"": 1.0, ""min_samples_leaf"": 2, ""splitter"": ""random""}",2160,213840,0.06,VP9,random,2,Prop0.01,33,True
kNN,1.900905403473523,"{""n_neighbors"": 8, ""p"": 1, ""weights"": ""distance""}",2160,213840,25.24,VP9,random,2,Prop0.01,33,True
KRR,0.2760204222873141,"{""regressor__kernel"": ""rbf"", ""regressor__gamma"": 0.1, ""regressor__alpha"": 0.0001}",2160,213840,15.0,VP9,random,2,Prop0.01,33,True
MR,0.3944757111188194,"{""lasso__regressor__alpha"": 0.01}",2160,213840,7.08,VP9,random,2,Prop0.01,33,True
RF,0.0312533936859982,"{""max_features"": 1.0, ""min_samples_leaf"": 1, ""n_estimators"": 20}",2160,213840,0.72,VP9,random,2,Prop0.01,33,True
SVR,0.5357342240881721,"{""regressor__tol"": 0.05, ""regressor__shrinking"": true, ""regressor__epsilon"": 0.1, ""regressor__coef0"": 1.0, ""regressor__C"": 5.0}",2160,213840,17.55,VP9,random,2,Prop0.01,33,True
CART,0.035590994801789,"{""max_features"": 1.0, ""min_samples_leaf"": 2, ""splitter"": ""random""}",2160,213840,0.06,VP9,random,2,Prop0.01,34,True
kNN,1.772980752534902,"{""n_neighbors"": 8, ""p"": 1, ""weights"": ""distance""}",2160,213840,25.79,VP9,random,2,Prop0.01,34,True
KRR,0.2554931109528545,"{""regressor__kernel"": ""rbf"", ""regressor__gamma"": 0.1, ""regressor__alpha"": 0.0001}",2160,213840,14.17,VP9,random,2,Prop0.01,34,True
MR,0.3991198833491295,"{""lasso__regressor__alpha"": 0.01}",2160,213840,6.81,VP9,random,2,Prop0.01,34,True
RF,0.0316027276961877,"{""max_features"": 1.0, ""min_samples_leaf"": 1, ""n_estimators"": 20}",2160,213840,0.7,VP9,random,2,Prop0.01,34,True
SVR,0.5039105803256162,"{""regressor__tol"": 0.05, ""regressor__shrinking"": true, ""regressor__epsilon"": 0.1, ""regressor__coef0"": 1.0, ""regressor__C"": 5.0}",2160,213840,18.44,VP9,random,2,Prop0.01,34,True
CART,0.0351022950948905,"{""max_features"": 1.0, ""min_samples_leaf"": 2, ""splitter"": ""random""}",2160,213840,0.06,VP9,random,2,Prop0.01,35,True
kNN,1.9263019486535224,"{""n_neighbors"": 8, ""p"": 1, ""weights"": ""distance""}",2160,213840,25.34,VP9,random,2,Prop0.01,35,True
KRR,0.2734717363112338,"{""regressor__kernel"": ""rbf"", ""regressor__gamma"": 0.1, ""regressor__alpha"": 0.0001}",2160,213840,15.12,VP9,random,2,Prop0.01,35,True
MR,0.3793875503973474,"{""lasso__regressor__alpha"": 0.01}",2160,213840,6.95,VP9,random,2,Prop0.01,35,True
RF,0.0314808257403528,"{""max_features"": 1.0, ""min_samples_leaf"": 1, ""n_estimators"": 20}",2160,213840,0.67,VP9,random,2,Prop0.01,35,True
SVR,0.560858286292952,"{""regressor__tol"": 0.05, ""regressor__shrinking"": true, ""regressor__epsilon"": 0.1, ""regressor__coef0"": 1.0, ""regressor__C"": 5.0}",2160,213840,16.46,VP9,random,2,Prop0.01,35,True
CART,0.035104516212851,"{""max_features"": 1.0, ""min_samples_leaf"": 2, ""splitter"": ""random""}",2160,213840,0.06,VP9,random,2,Prop0.01,36,True
kNN,1.9558733204131005,"{""n_neighbors"": 8, ""p"": 1, ""weights"": ""distance""}",2160,213840,26.01,VP9,random,2,Prop0.01,36,True
KRR,0.2693124490548853,"{""regressor__kernel"": ""rbf"", ""regressor__gamma"": 0.1, ""regressor__alpha"": 0.0001}",2160,213840,14.4,VP9,random,2,Prop0.01,36,True
MR,0.3977429083034881,"{""lasso__regressor__alpha"": 0.01}",2160,213840,6.71,VP9,random,2,Prop0.01,36,True
RF,0.0299330304911296,"{""max_features"": 1.0, ""min_samples_leaf"": 1, ""n_estimators"": 20}",2160,213840,0.68,VP9,random,2,Prop0.01,36,True
SVR,0.5209299732884891,"{""regressor__tol"": 0.05, ""regressor__shrinking"": true, ""regressor__epsilon"": 0.1, ""regressor__coef0"": 1.0, ""regressor__C"": 5.0}",2160,213840,17.32,VP9,random,2,Prop0.01,36,True
CART,0.0368700217293043,"{""max_features"": 1.0, ""min_samples_leaf"": 2, ""splitter"": ""random""}",2160,213840,0.06,VP9,random,2,Prop0.01,37,True
kNN,2.0292941257725365,"{""n_neighbors"": 8, ""p"": 1, ""weights"": ""distance""}",2160,213840,25.1,VP9,random,2,Prop0.01,37,True
KRR,0.2752218478215811,"{""regressor__kernel"": ""rbf"", ""regressor__gamma"": 0.1, ""regressor__alpha"": 0.0001}",2160,213840,15.0,VP9,random,2,Prop0.01,37,True
MR,0.4074209989028812,"{""lasso__regressor__alpha"": 0.01}",2160,213840,6.73,VP9,random,2,Prop0.01,37,True
RF,0.0312744591787148,"{""max_features"": 1.0, ""min_samples_leaf"": 1, ""n_estimators"": 20}",2160,213840,0.73,VP9,random,2,Prop0.01,37,True
SVR,0.5285082819273547,"{""regressor__tol"": 0.05, ""regressor__shrinking"": true, ""regressor__epsilon"": 0.1, ""regressor__coef0"": 1.0, ""regressor__C"": 5.0}",2160,213840,18.27,VP9,random,2,Prop0.01,37,True
CART,0.0360195372399308,"{""max_features"": 1.0, ""min_samples_leaf"": 2, ""splitter"": ""random""}",2160,213840,0.06,VP9,random,2,Prop0.01,38,True
kNN,1.9277898416451025,"{""n_neighbors"": 8, ""p"": 1, ""weights"": ""distance""}",2160,213840,25.69,VP9,random,2,Prop0.01,38,True
KRR,0.2811668647974615,"{""regressor__kernel"": ""rbf"", ""regressor__gamma"": 0.1, ""regressor__alpha"": 0.0001}",2160,213840,13.98,VP9,random,2,Prop0.01,38,True
MR,0.3948899025787087,"{""lasso__regressor__alpha"": 0.01}",2160,213840,6.59,VP9,random,2,Prop0.01,38,True
RF,0.0320939256961391,"{""max_features"": 1.0, ""min_samples_leaf"": 1, ""n_estimators"": 20}",2160,213840,0.74,VP9,random,2,Prop0.01,38,True
SVR,0.5261359969241106,"{""regressor__tol"": 0.05, ""regressor__shrinking"": true, ""regressor__epsilon"": 0.1, ""regressor__coef0"": 1.0, ""regressor__C"": 5.0}",2160,213840,17.04,VP9,random,2,Prop0.01,38,True
CART,0.0348056198706829,"{""max_features"": 1.0, ""min_samples_leaf"": 2, ""splitter"": ""random""}",2160,213840,0.06,VP9,random,2,Prop0.01,39,True
kNN,1.960113816874352,"{""n_neighbors"": 8, ""p"": 1, ""weights"": ""distance""}",2160,213840,25.18,VP9,random,2,Prop0.01,39,True
KRR,0.2906656217026561,"{""regressor__kernel"": ""rbf"", ""regressor__gamma"": 0.1, ""regressor__alpha"": 0.0001}",2160,213840,15.14,VP9,random,2,Prop0.01,39,True
MR,0.3983556584611046,"{""lasso__regressor__alpha"": 0.01}",2160,213840,6.87,VP9,random,2,Prop0.01,39,True
RF,0.0300802093365624,"{""max_features"": 1.0, ""min_samples_leaf"": 1, ""n_estimators"": 20}",2160,213840,0.72,VP9,random,2,Prop0.01,39,True
SVR,0.554865877947251,"{""regressor__tol"": 0.05, ""regressor__shrinking"": true, ""regressor__epsilon"": 0.1, ""regressor__coef0"": 1.0, ""regressor__C"": 5.0}",2160,213840,17.96,VP9,random,2,Prop0.01,39,True
CART,0.0381447812570346,"{""max_features"": 1.0, ""min_samples_leaf"": 2, ""splitter"": ""random""}",2160,213840,0.06,VP9,random,2,Prop0.01,40,True
kNN,1.8816001424687423,"{""n_neighbors"": 8, ""p"": 1, ""weights"": ""distance""}",2160,213840,25.7,VP9,random,2,Prop0.01,40,True
KRR,0.2861917788704601,"{""regressor__kernel"": ""rbf"", ""regressor__gamma"": 0.1, ""regressor__alpha"": 0.0001}",2160,213840,14.07,VP9,random,2,Prop0.01,40,True
MR,0.3941043219326668,"{""lasso__regressor__alpha"": 0.01}",2160,213840,6.64,VP9,random,2,Prop0.01,40,True
RF,0.0315144704370231,"{""max_features"": 1.0, ""min_samples_leaf"": 1, ""n_estimators"": 20}",2160,213840,0.7,VP9,random,2,Prop0.01,40,True
SVR,0.5473867146672241,"{""regressor__tol"": 0.05, ""regressor__shrinking"": true, ""regressor__epsilon"": 0.1, ""regressor__coef0"": 1.0, ""regressor__C"": 5.0}",2160,213840,17.55,VP9,random,2,Prop0.01,40,True
CART,0.0340102968274871,"{""max_features"": 1.0, ""min_samples_leaf"": 2, ""splitter"": ""random""}",2160,213840,0.06,VP9,random,2,Prop0.01,41,True
kNN,2.024621987387482,"{""n_neighbors"": 8, ""p"": 1, ""weights"": ""distance""}",2160,213840,26.27,VP9,random,2,Prop0.01,41,True
KRR,0.2906946318534644,"{""regressor__kernel"": ""rbf"", ""regressor__gamma"": 0.1, ""regressor__alpha"": 0.0001}",2160,213840,15.34,VP9,random,2,Prop0.01,41,True
MR,0.377749800250807,"{""lasso__regressor__alpha"": 0.01}",2160,213840,7.1,VP9,random,2,Prop0.01,41,True
RF,0.0308451922895539,"{""max_features"": 1.0, ""min_samples_leaf"": 1, ""n_estimators"": 20}",2160,213840,0.69,VP9,random,2,Prop0.01,41,True
SVR,0.5500139097016807,"{""regressor__tol"": 0.05, ""regressor__shrinking"": true, ""regressor__epsilon"": 0.1, ""regressor__coef0"": 1.0, ""regressor__C"": 5.0}",2160,213840,16.9,VP9,random,2,Prop0.01,41,True
CART,0.0354678402878326,"{""max_features"": 1.0, ""min_samples_leaf"": 2, ""splitter"": ""random""}",2160,213840,0.06,VP9,random,2,Prop0.01,42,True
kNN,1.9091737982097856,"{""n_neighbors"": 8, ""p"": 1, ""weights"": ""distance""}",2160,213840,25.52,VP9,random,2,Prop0.01,42,True
KRR,0.2791535060339124,"{""regressor__kernel"": ""rbf"", ""regressor__gamma"": 0.1, ""regressor__alpha"": 0.0001}",2160,213840,15.35,VP9,random,2,Prop0.01,42,True
MR,0.3935404146955086,"{""lasso__regressor__alpha"": 0.01}",2160,213840,7.25,VP9,random,2,Prop0.01,42,True
RF,0.0310164697678455,"{""max_features"": 1.0, ""min_samples_leaf"": 1, ""n_estimators"": 20}",2160,213840,0.7,VP9,random,2,Prop0.01,42,True
SVR,0.5410068438388045,"{""regressor__tol"": 0.05, ""regressor__shrinking"": true, ""regressor__epsilon"": 0.1, ""regressor__coef0"": 1.0, ""regressor__C"": 5.0}",2160,213840,18.11,VP9,random,2,Prop0.01,42,True
CART,0.0366594041093447,"{""max_features"": 1.0, ""min_samples_leaf"": 2, ""splitter"": ""random""}",2160,213840,0.06,VP9,random,2,Prop0.01,43,True
kNN,1.9608196430798517,"{""n_neighbors"": 8, ""p"": 1, ""weights"": ""distance""}",2160,213840,25.49,VP9,random,2,Prop0.01,43,True
KRR,0.2817870041117399,"{""regressor__kernel"": ""rbf"", ""regressor__gamma"": 0.1, ""regressor__alpha"": 0.0001}",2160,213840,15.19,VP9,random,2,Prop0.01,43,True
MR,0.4099823609335872,"{""lasso__regressor__alpha"": 0.01}",2160,213840,7.24,VP9,random,2,Prop0.01,43,True
RF,0.0311020521446433,"{""max_features"": 1.0, ""min_samples_leaf"": 1, ""n_estimators"": 20}",2160,213840,0.72,VP9,random,2,Prop0.01,43,True
SVR,0.5420980298510545,"{""regressor__tol"": 0.05, ""regressor__shrinking"": true, ""regressor__epsilon"": 0.1, ""regressor__coef0"": 1.0, ""regressor__C"": 5.0}",2160,213840,19.5,VP9,random,2,Prop0.01,43,True
CART,0.0359691860640481,"{""max_features"": 1.0, ""min_samples_leaf"": 2, ""splitter"": ""random""}",2160,213840,0.06,VP9,random,2,Prop0.01,44,True
kNN,2.119710385275244,"{""n_neighbors"": 8, ""p"": 1, ""weights"": ""distance""}",2160,213840,26.15,VP9,random,2,Prop0.01,44,True
KRR,0.2955732126366551,"{""regressor__kernel"": ""rbf"", ""regressor__gamma"": 0.1, ""regressor__alpha"": 0.0001}",2160,213840,14.84,VP9,random,2,Prop0.01,44,True
MR,0.4046526054435352,"{""lasso__regressor__alpha"": 0.01}",2160,213840,6.93,VP9,random,2,Prop0.01,44,True
RF,0.0318679110799248,"{""max_features"": 1.0, ""min_samples_leaf"": 1, ""n_estimators"": 20}",2160,213840,0.69,VP9,random,2,Prop0.01,44,True
SVR,0.5529682626153855,"{""regressor__tol"": 0.05, ""regressor__shrinking"": true, ""regressor__epsilon"": 0.1, ""regressor__coef0"": 1.0, ""regressor__C"": 5.0}",2160,213840,16.27,VP9,random,2,Prop0.01,44,True
CART,0.0377127537778946,"{""max_features"": 1.0, ""min_samples_leaf"": 2, ""splitter"": ""random""}",2160,213840,0.06,VP9,random,2,Prop0.01,45,True
kNN,1.9100308692968715,"{""n_neighbors"": 8, ""p"": 1, ""weights"": ""distance""}",2160,213840,26.09,VP9,random,2,Prop0.01,45,True
KRR,0.2476269686426571,"{""regressor__kernel"": ""rbf"", ""regressor__gamma"": 0.1, ""regressor__alpha"": 0.0001}",2160,213840,15.72,VP9,random,2,Prop0.01,45,True
MR,0.3779720724204852,"{""lasso__regressor__alpha"": 0.01}",2160,213840,7.25,VP9,random,2,Prop0.01,45,True
RF,0.031896162667306,"{""max_features"": 1.0, ""min_samples_leaf"": 1, ""n_estimators"": 20}",2160,213840,0.71,VP9,random,2,Prop0.01,45,True
SVR,0.5224217780269528,"{""regressor__tol"": 0.05, ""regressor__shrinking"": true, ""regressor__epsilon"": 0.1, ""regressor__coef0"": 1.0, ""regressor__C"": 5.0}",2160,213840,17.7,VP9,random,2,Prop0.01,45,True
CART,0.0355717025386305,"{""max_features"": 1.0, ""min_samples_leaf"": 2, ""splitter"": ""random""}",2160,213840,0.06,VP9,random,2,Prop0.01,46,True
kNN,1.885664432623432,"{""n_neighbors"": 8, ""p"": 1, ""weights"": ""distance""}",2160,213840,25.44,VP9,random,2,Prop0.01,46,True
KRR,0.2869440587086355,"{""regressor__kernel"": ""rbf"", ""regressor__gamma"": 0.1, ""regressor__alpha"": 0.0001}",2160,213840,15.54,VP9,random,2,Prop0.01,46,True
MR,0.3902185818936607,"{""lasso__regressor__alpha"": 0.01}",2160,213840,7.34,VP9,random,2,Prop0.01,46,True
RF,0.0317577410472517,"{""max_features"": 1.0, ""min_samples_leaf"": 1, ""n_estimators"": 20}",2160,213840,0.69,VP9,random,2,Prop0.01,46,True
SVR,0.5314270324103183,"{""regressor__tol"": 0.05, ""regressor__shrinking"": true, ""regressor__epsilon"": 0.1, ""regressor__coef0"": 1.0, ""regressor__C"": 5.0}",2160,213840,17.72,VP9,random,2,Prop0.01,46,True
CART,0.0359495034103247,"{""max_features"": 1.0, ""min_samples_leaf"": 2, ""splitter"": ""random""}",2160,213840,0.06,VP9,random,2,Prop0.01,47,True
kNN,1.9299529366662849,"{""n_neighbors"": 8, ""p"": 1, ""weights"": ""distance""}",2160,213840,25.61,VP9,random,2,Prop0.01,47,True
KRR,0.2945528478594423,"{""regressor__kernel"": ""rbf"", ""regressor__gamma"": 0.1, ""regressor__alpha"": 0.0001}",2160,213840,15.21,VP9,random,2,Prop0.01,47,True
MR,0.4112814975515885,"{""lasso__regressor__alpha"": 0.01}",2160,213840,6.84,VP9,random,2,Prop0.01,47,True
RF,0.0310612132825692,"{""max_features"": 1.0, ""min_samples_leaf"": 1, ""n_estimators"": 20}",2160,213840,0.71,VP9,random,2,Prop0.01,47,True
SVR,0.5546718555084429,"{""regressor__tol"": 0.05, ""regressor__shrinking"": true, ""regressor__epsilon"": 0.1, ""regressor__coef0"": 1.0, ""regressor__C"": 5.0}",2160,213840,17.87,VP9,random,2,Prop0.01,47,True
CART,0.036550118961613,"{""max_features"": 1.0, ""min_samples_leaf"": 2, ""splitter"": ""random""}",2160,213840,0.06,VP9,random,2,Prop0.01,48,True
kNN,1.9733232996789825,"{""n_neighbors"": 8, ""p"": 1, ""weights"": ""distance""}",2160,213840,25.15,VP9,random,2,Prop0.01,48,True
KRR,0.2701550884661442,"{""regressor__kernel"": ""rbf"", ""regressor__gamma"": 0.1, ""regressor__alpha"": 0.0001}",2160,213840,13.71,VP9,random,2,Prop0.01,48,True
MR,0.3749014841115349,"{""lasso__regressor__alpha"": 0.01}",2160,213840,6.66,VP9,random,2,Prop0.01,48,True
RF,0.0323775107410503,"{""max_features"": 1.0, ""min_samples_leaf"": 1, ""n_estimators"": 20}",2160,213840,0.71,VP9,random,2,Prop0.01,48,True
SVR,0.550465904237012,"{""regressor__tol"": 0.05, ""regressor__shrinking"": true, ""regressor__epsilon"": 0.1, ""regressor__coef0"": 1.0, ""regressor__C"": 5.0}",2160,213840,18.13,VP9,random,2,Prop0.01,48,True
CART,0.0368456692078338,"{""max_features"": 1.0, ""min_samples_leaf"": 2, ""splitter"": ""random""}",2160,213840,0.06,VP9,random,2,Prop0.01,49,True
kNN,1.8717438525672567,"{""n_neighbors"": 8, ""p"": 1, ""weights"": ""distance""}",2160,213840,26.34,VP9,random,2,Prop0.01,49,True
KRR,0.2800459797887531,"{""regressor__kernel"": ""rbf"", ""regressor__gamma"": 0.1, ""regressor__alpha"": 0.0001}",2160,213840,15.82,VP9,random,2,Prop0.01,49,True
MR,0.4106993124892101,"{""lasso__regressor__alpha"": 0.01}",2160,213840,7.3,VP9,random,2,Prop0.01,49,True
RF,0.0320049462165247,"{""max_features"": 1.0, ""min_samples_leaf"": 1, ""n_estimators"": 20}",2160,213840,0.7,VP9,random,2,Prop0.01,49,True
SVR,0.5544515895878467,"{""regressor__tol"": 0.05, ""regressor__shrinking"": true, ""regressor__epsilon"": 0.1, ""regressor__coef0"": 1.0, ""regressor__C"": 5.0}",2160,213840,16.48,VP9,random,2,Prop0.01,49,True
CART,0.0378940477916565,"{""max_features"": 1.0, ""min_samples_leaf"": 2, ""splitter"": ""random""}",2160,213840,0.06,VP9,random,2,Prop0.01,50,True
kNN,1.9499290090805927,"{""n_neighbors"": 8, ""p"": 1, ""weights"": ""distance""}",2160,213840,26.2,VP9,random,2,Prop0.01,50,True
KRR,0.2890656525408123,"{""regressor__kernel"": ""rbf"", ""regressor__gamma"": 0.1, ""regressor__alpha"": 0.0001}",2160,213840,15.02,VP9,random,2,Prop0.01,50,True
MR,0.3960152547338341,"{""lasso__regressor__alpha"": 0.01}",2160,213840,6.92,VP9,random,2,Prop0.01,50,True
RF,0.0321886704575989,"{""max_features"": 1.0, ""min_samples_leaf"": 1, ""n_estimators"": 20}",2160,213840,0.7,VP9,random,2,Prop0.01,50,True
SVR,0.535408940999815,"{""regressor__tol"": 0.05, ""regressor__shrinking"": true, ""regressor__epsilon"": 0.1, ""regressor__coef0"": 1.0, ""regressor__C"": 5.0}",2160,213840,17.35,VP9,random,2,Prop0.01,50,True
CART,0.0364994039503696,"{""max_features"": 1.0, ""min_samples_leaf"": 2, ""splitter"": ""random""}",2160,213840,0.06,VP9,random,2,Prop0.01,51,True
kNN,2.028437334749249,"{""n_neighbors"": 8, ""p"": 1, ""weights"": ""distance""}",2160,213840,25.46,VP9,random,2,Prop0.01,51,True
KRR,0.3111999206769063,"{""regressor__kernel"": ""rbf"", ""regressor__gamma"": 0.1, ""regressor__alpha"": 0.0001}",2160,213840,15.3,VP9,random,2,Prop0.01,51,True
MR,0.4020865947624814,"{""lasso__regressor__alpha"": 0.01}",2160,213840,7.14,VP9,random,2,Prop0.01,51,True
RF,0.031104542177515,"{""max_features"": 1.0, ""min_samples_leaf"": 1, ""n_estimators"": 20}",2160,213840,0.72,VP9,random,2,Prop0.01,51,True
SVR,0.5833711113997533,"{""regressor__tol"": 0.05, ""regressor__shrinking"": true, ""regressor__epsilon"": 0.1, ""regressor__coef0"": 1.0, ""regressor__C"": 5.0}",2160,213840,17.21,VP9,random,2,Prop0.01,51,True
CART,0.0346826398645057,"{""max_features"": 1.0, ""min_samples_leaf"": 2, ""splitter"": ""random""}",2160,213840,0.06,VP9,random,2,Prop0.01,52,True
kNN,1.8498608453343477,"{""n_neighbors"": 8, ""p"": 1, ""weights"": ""distance""}",2160,213840,25.51,VP9,random,2,Prop0.01,52,True
KRR,0.279044240585176,"{""regressor__kernel"": ""rbf"", ""regressor__gamma"": 0.1, ""regressor__alpha"": 0.0001}",2160,213840,15.81,VP9,random,2,Prop0.01,52,True
MR,0.3896627281699166,"{""lasso__regressor__alpha"": 0.01}",2160,213840,7.22,VP9,random,2,Prop0.01,52,True
RF,0.0303183137633889,"{""max_features"": 1.0, ""min_samples_leaf"": 1, ""n_estimators"": 20}",2160,213840,0.71,VP9,random,2,Prop0.01,52,True
SVR,0.5432127023248029,"{""regressor__tol"": 0.05, ""regressor__shrinking"": true, ""regressor__epsilon"": 0.1, ""regressor__coef0"": 1.0, ""regressor__C"": 5.0}",2160,213840,17.71,VP9,random,2,Prop0.01,52,True
CART,0.036674925934339,"{""max_features"": 1.0, ""min_samples_leaf"": 2, ""splitter"": ""random""}",2160,213840,0.06,VP9,random,2,Prop0.01,53,True
kNN,2.0336073143721904,"{""n_neighbors"": 8, ""p"": 1, ""weights"": ""distance""}",2160,213840,25.31,VP9,random,2,Prop0.01,53,True
KRR,0.2755015499279579,"{""regressor__kernel"": ""rbf"", ""regressor__gamma"": 0.1, ""regressor__alpha"": 0.0001}",2160,213840,15.12,VP9,random,2,Prop0.01,53,True
MR,0.3840224614036585,"{""lasso__regressor__alpha"": 0.01}",2160,213840,6.99,VP9,random,2,Prop0.01,53,True
RF,0.0320723965266378,"{""max_features"": 1.0, ""min_samples_leaf"": 1, ""n_estimators"": 20}",2160,213840,0.7,VP9,random,2,Prop0.01,53,True
SVR,0.5524452187285237,"{""regressor__tol"": 0.05, ""regressor__shrinking"": true, ""regressor__epsilon"": 0.1, ""regressor__coef0"": 1.0, ""regressor__C"": 5.0}",2160,213840,17.15,VP9,random,2,Prop0.01,53,True
CART,0.0356601328621403,"{""max_features"": 1.0, ""min_samples_leaf"": 2, ""splitter"": ""random""}",2160,213840,0.06,VP9,random,2,Prop0.01,54,True
kNN,1.9815904015212704,"{""n_neighbors"": 8, ""p"": 1, ""weights"": ""distance""}",2160,213840,25.98,VP9,random,2,Prop0.01,54,True
KRR,0.2832508580054709,"{""regressor__kernel"": ""rbf"", ""regressor__gamma"": 0.1, ""regressor__alpha"": 0.0001}",2160,213840,14.46,VP9,random,2,Prop0.01,54,True
MR,0.4176850647709914,"{""lasso__regressor__alpha"": 0.01}",2160,213840,6.8,VP9,random,2,Prop0.01,54,True
RF,0.0311072532489737,"{""max_features"": 1.0, ""min_samples_leaf"": 1, ""n_estimators"": 20}",2160,213840,0.69,VP9,random,2,Prop0.01,54,True
SVR,0.5378095745767568,"{""regressor__tol"": 0.05, ""regressor__shrinking"": true, ""regressor__epsilon"": 0.1, ""regressor__coef0"": 1.0, ""regressor__C"": 5.0}",2160,213840,17.41,VP9,random,2,Prop0.01,54,True
CART,0.0354327632296083,"{""max_features"": 1.0, ""min_samples_leaf"": 2, ""splitter"": ""random""}",2160,213840,0.06,VP9,random,2,Prop0.01,55,True
kNN,1.9123652796833248,"{""n_neighbors"": 8, ""p"": 1, ""weights"": ""distance""}",2160,213840,26.05,VP9,random,2,Prop0.01,55,True
KRR,0.2641961379194726,"{""regressor__kernel"": ""rbf"", ""regressor__gamma"": 0.1, ""regressor__alpha"": 0.0001}",2160,213840,15.52,VP9,random,2,Prop0.01,55,True
MR,0.3926559799610813,"{""lasso__regressor__alpha"": 0.01}",2160,213840,7.3,VP9,random,2,Prop0.01,55,True
RF,0.0315502761726604,"{""max_features"": 1.0, ""min_samples_leaf"": 1, ""n_estimators"": 20}",2160,213840,0.72,VP9,random,2,Prop0.01,55,True
SVR,0.5203805742986379,"{""regressor__tol"": 0.05, ""regressor__shrinking"": true, ""regressor__epsilon"": 0.1, ""regressor__coef0"": 1.0, ""regressor__C"": 5.0}",2160,213840,17.78,VP9,random,2,Prop0.01,55,True
CART,0.0352954566212537,"{""max_features"": 1.0, ""min_samples_leaf"": 2, ""splitter"": ""random""}",2160,213840,0.06,VP9,random,2,Prop0.01,56,True
kNN,1.8746485541117088,"{""n_neighbors"": 8, ""p"": 1, ""weights"": ""distance""}",2160,213840,25.41,VP9,random,2,Prop0.01,56,True
KRR,0.2885387211192846,"{""regressor__kernel"": ""rbf"", ""regressor__gamma"": 0.1, ""regressor__alpha"": 0.0001}",2160,213840,15.21,VP9,random,2,Prop0.01,56,True
MR,0.3737845137780701,"{""lasso__regressor__alpha"": 0.01}",2160,213840,7.2,VP9,random,2,Prop0.01,56,True
RF,0.0308239573426068,"{""max_features"": 1.0, ""min_samples_leaf"": 1, ""n_estimators"": 20}",2160,213840,0.7,VP9,random,2,Prop0.01,56,True
SVR,0.5607973165768384,"{""regressor__tol"": 0.05, ""regressor__shrinking"": true, ""regressor__epsilon"": 0.1, ""regressor__coef0"": 1.0, ""regressor__C"": 5.0}",2160,213840,17.93,VP9,random,2,Prop0.01,56,True
CART,0.0358519535351869,"{""max_features"": 1.0, ""min_samples_leaf"": 2, ""splitter"": ""random""}",2160,213840,0.06,VP9,random,2,Prop0.01,57,True
kNN,1.7891596204019224,"{""n_neighbors"": 8, ""p"": 1, ""weights"": ""distance""}",2160,213840,25.24,VP9,random,2,Prop0.01,57,True
KRR,0.2733520399881675,"{""regressor__kernel"": ""rbf"", ""regressor__gamma"": 0.1, ""regressor__alpha"": 0.0001}",2160,213840,15.05,VP9,random,2,Prop0.01,57,True
MR,0.3917718566851826,"{""lasso__regressor__alpha"": 0.01}",2160,213840,7.04,VP9,random,2,Prop0.01,57,True
RF,0.0308034811457545,"{""max_features"": 1.0, ""min_samples_leaf"": 1, ""n_estimators"": 20}",2160,213840,0.71,VP9,random,2,Prop0.01,57,True
SVR,0.5514484929824578,"{""regressor__tol"": 0.05, ""regressor__shrinking"": true, ""regressor__epsilon"": 0.1, ""regressor__coef0"": 1.0, ""regressor__C"": 5.0}",2160,213840,17.24,VP9,random,2,Prop0.01,57,True
CART,0.0363674229643168,"{""max_features"": 1.0, ""min_samples_leaf"": 2, ""splitter"": ""random""}",2160,213840,0.06,VP9,random,2,Prop0.01,58,True
kNN,1.9103049005198685,"{""n_neighbors"": 8, ""p"": 1, ""weights"": ""distance""}",2160,213840,25.83,VP9,random,2,Prop0.01,58,True
KRR,0.2728641484906418,"{""regressor__kernel"": ""rbf"", ""regressor__gamma"": 0.1, ""regressor__alpha"": 0.0001}",2160,213840,14.27,VP9,random,2,Prop0.01,58,True
MR,0.3953993157339247,"{""lasso__regressor__alpha"": 0.01}",2160,213840,6.77,VP9,random,2,Prop0.01,58,True
RF,0.0316725119669293,"{""max_features"": 1.0, ""min_samples_leaf"": 1, ""n_estimators"": 20}",2160,213840,0.7,VP9,random,2,Prop0.01,58,True
SVR,0.5236136283625391,"{""regressor__tol"": 0.05, ""regressor__shrinking"": true, ""regressor__epsilon"": 0.1, ""regressor__coef0"": 1.0, ""regressor__C"": 5.0}",2160,213840,17.57,VP9,random,2,Prop0.01,58,True
CART,0.0377134850554364,"{""max_features"": 1.0, ""min_samples_leaf"": 2, ""splitter"": ""random""}",2160,213840,0.06,VP9,random,2,Prop0.01,59,True
kNN,1.9508913160142545,"{""n_neighbors"": 8, ""p"": 1, ""weights"": ""distance""}",2160,213840,26.3,VP9,random,2,Prop0.01,59,True
KRR,0.2810526723377414,"{""regressor__kernel"": ""rbf"", ""regressor__gamma"": 0.1, ""regressor__alpha"": 0.0001}",2160,213840,15.05,VP9,random,2,Prop0.01,59,True
MR,0.3883162498634862,"{""lasso__regressor__alpha"": 0.01}",2160,213840,7.02,VP9,random,2,Prop0.01,59,True
RF,0.0328924983048354,"{""max_features"": 1.0, ""min_samples_leaf"": 1, ""n_estimators"": 20}",2160,213840,0.69,VP9,random,2,Prop0.01,59,True
SVR,0.5497479155036368,"{""regressor__tol"": 0.05, ""regressor__shrinking"": true, ""regressor__epsilon"": 0.1, ""regressor__coef0"": 1.0, ""regressor__C"": 5.0}",2160,213840,17.45,VP9,random,2,Prop0.01,59,True
CART,0.035188545471615,"{""max_features"": 1.0, ""min_samples_leaf"": 2, ""splitter"": ""random""}",2160,213840,0.06,VP9,random,2,Prop0.01,60,True
kNN,1.9543966189171984,"{""n_neighbors"": 8, ""p"": 1, ""weights"": ""distance""}",2160,213840,25.5,VP9,random,2,Prop0.01,60,True
KRR,0.2817529131094077,"{""regressor__kernel"": ""rbf"", ""regressor__gamma"": 0.1, ""regressor__alpha"": 0.0001}",2160,213840,15.27,VP9,random,2,Prop0.01,60,True
MR,0.4170534607150232,"{""lasso__regressor__alpha"": 0.01}",2160,213840,7.26,VP9,random,2,Prop0.01,60,True
RF,0.0299873087304876,"{""max_features"": 1.0, ""min_samples_leaf"": 1, ""n_estimators"": 20}",2160,213840,0.68,VP9,random,2,Prop0.01,60,True
SVR,0.5568515533160006,"{""regressor__tol"": 0.05, ""regressor__shrinking"": true, ""regressor__epsilon"": 0.1, ""regressor__coef0"": 1.0, ""regressor__C"": 5.0}",2160,213840,17.9,VP9,random,2,Prop0.01,60,True
CART,0.0370456134847099,"{""max_features"": 1.0, ""min_samples_leaf"": 2, ""splitter"": ""random""}",2160,213840,0.06,VP9,random,2,Prop0.01,61,True
kNN,1.89817937040952,"{""n_neighbors"": 8, ""p"": 1, ""weights"": ""distance""}",2160,213840,25.25,VP9,random,2,Prop0.01,61,True
KRR,0.2791198889630454,"{""regressor__kernel"": ""rbf"", ""regressor__gamma"": 0.1, ""regressor__alpha"": 0.0001}",2160,213840,14.95,VP9,random,2,Prop0.01,61,True
MR,0.392617013778214,"{""lasso__regressor__alpha"": 0.01}",2160,213840,6.7,VP9,random,2,Prop0.01,61,True
RF,0.0311029870690675,"{""max_features"": 1.0, ""min_samples_leaf"": 1, ""n_estimators"": 20}",2160,213840,0.71,VP9,random,2,Prop0.01,61,True
SVR,0.5699229978035983,"{""regressor__tol"": 0.05, ""regressor__shrinking"": true, ""regressor__epsilon"": 0.1, ""regressor__coef0"": 1.0, ""regressor__C"": 5.0}",2160,213840,17.17,VP9,random,2,Prop0.01,61,True
CART,0.0379318151179198,"{""max_features"": 1.0, ""min_samples_leaf"": 2, ""splitter"": ""random""}",2160,213840,0.06,VP9,random,2,Prop0.01,62,True
kNN,1.9926269899027724,"{""n_neighbors"": 8, ""p"": 1, ""weights"": ""distance""}",2160,213840,25.82,VP9,random,2,Prop0.01,62,True
KRR,0.2856930438266887,"{""regressor__kernel"": ""rbf"", ""regressor__gamma"": 0.1, ""regressor__alpha"": 0.0001}",2160,213840,14.13,VP9,random,2,Prop0.01,62,True
MR,0.3902189147282671,"{""lasso__regressor__alpha"": 0.01}",2160,213840,6.58,VP9,random,2,Prop0.01,62,True
RF,0.031795610237767,"{""max_features"": 1.0, ""min_samples_leaf"": 1, ""n_estimators"": 20}",2160,213840,0.72,VP9,random,2,Prop0.01,62,True
SVR,0.543904688608432,"{""regressor__tol"": 0.05, ""regressor__shrinking"": true, ""regressor__epsilon"": 0.1, ""regressor__coef0"": 1.0, ""regressor__C"": 5.0}",2160,213840,17.7,VP9,random,2,Prop0.01,62,True
CART,0.0368782793407442,"{""max_features"": 1.0, ""min_samples_leaf"": 2, ""splitter"": ""random""}",2160,213840,0.07,VP9,random,2,Prop0.01,63,True
kNN,1.929764763551402,"{""n_neighbors"": 8, ""p"": 1, ""weights"": ""distance""}",2160,213840,26.3,VP9,random,2,Prop0.01,63,True
KRR,0.2670084885853812,"{""regressor__kernel"": ""rbf"", ""regressor__gamma"": 0.1, ""regressor__alpha"": 0.0001}",2160,213840,15.06,VP9,random,2,Prop0.01,63,True
MR,0.3819032814361806,"{""lasso__regressor__alpha"": 0.01}",2160,213840,6.9,VP9,random,2,Prop0.01,63,True
RF,0.0314171927433174,"{""max_features"": 1.0, ""min_samples_leaf"": 1, ""n_estimators"": 20}",2160,213840,0.68,VP9,random,2,Prop0.01,63,True
SVR,0.5360016346371489,"{""regressor__tol"": 0.05, ""regressor__shrinking"": true, ""regressor__epsilon"": 0.1, ""regressor__coef0"": 1.0, ""regressor__C"": 5.0}",2160,213840,18.18,VP9,random,2,Prop0.01,63,True
CART,0.0365939480629534,"{""max_features"": 1.0, ""min_samples_leaf"": 2, ""splitter"": ""random""}",2160,213840,0.07,VP9,random,2,Prop0.01,64,True
kNN,1.9722659121627983,"{""n_neighbors"": 8, ""p"": 1, ""weights"": ""distance""}",2160,213840,25.59,VP9,random,2,Prop0.01,64,True
KRR,0.2817121710926173,"{""regressor__kernel"": ""rbf"", ""regressor__gamma"": 0.1, ""regressor__alpha"": 0.0001}",2160,213840,15.19,VP9,random,2,Prop0.01,64,True
MR,0.4042548521563687,"{""lasso__regressor__alpha"": 0.01}",2160,213840,7.0,VP9,random,2,Prop0.01,64,True
RF,0.0307550031736751,"{""max_features"": 1.0, ""min_samples_leaf"": 1, ""n_estimators"": 20}",2160,213840,0.67,VP9,random,2,Prop0.01,64,True
SVR,0.5406426412025268,"{""regressor__tol"": 0.05, ""regressor__shrinking"": true, ""regressor__epsilon"": 0.1, ""regressor__coef0"": 1.0, ""regressor__C"": 5.0}",2160,213840,18.4,VP9,random,2,Prop0.01,64,True
CART,0.0360168682560902,"{""max_features"": 1.0, ""min_samples_leaf"": 2, ""splitter"": ""random""}",2160,213840,0.06,VP9,random,2,Prop0.01,65,True
kNN,1.775574915505237,"{""n_neighbors"": 8, ""p"": 1, ""weights"": ""distance""}",2160,213840,25.2,VP9,random,2,Prop0.01,65,True
KRR,0.264243087409812,"{""regressor__kernel"": ""rbf"", ""regressor__gamma"": 0.1, ""regressor__alpha"": 0.0001}",2160,213840,15.0,VP9,random,2,Prop0.01,65,True
MR,0.4130192921616474,"{""lasso__regressor__alpha"": 0.01}",2160,213840,6.0,VP9,random,2,Prop0.01,65,True
RF,0.0317486934253924,"{""max_features"": 1.0, ""min_samples_leaf"": 1, ""n_estimators"": 20}",2160,213840,0.72,VP9,random,2,Prop0.01,65,True
SVR,0.5264141969587965,"{""regressor__tol"": 0.05, ""regressor__shrinking"": true, ""regressor__epsilon"": 0.1, ""regressor__coef0"": 1.0, ""regressor__C"": 5.0}",2160,213840,17.32,VP9,random,2,Prop0.01,65,True
CART,0.0358083389505606,"{""max_features"": 1.0, ""min_samples_leaf"": 2, ""splitter"": ""random""}",2160,213840,0.06,VP9,random,2,Prop0.01,66,True
kNN,1.9283825353655144,"{""n_neighbors"": 8, ""p"": 1, ""weights"": ""distance""}",2160,213840,25.73,VP9,random,2,Prop0.01,66,True
KRR,0.2670856030785646,"{""regressor__kernel"": ""rbf"", ""regressor__gamma"": 0.1, ""regressor__alpha"": 0.0001}",2160,213840,14.06,VP9,random,2,Prop0.01,66,True
MR,0.4159785035024455,"{""lasso__regressor__alpha"": 0.01}",2160,213840,6.15,VP9,random,2,Prop0.01,66,True
RF,0.0307998081003571,"{""max_features"": 1.0, ""min_samples_leaf"": 1, ""n_estimators"": 20}",2160,213840,0.74,VP9,random,2,Prop0.01,66,True
SVR,0.5242868100919478,"{""regressor__tol"": 0.05, ""regressor__shrinking"": true, ""regressor__epsilon"": 0.1, ""regressor__coef0"": 1.0, ""regressor__C"": 5.0}",2160,213840,16.81,VP9,random,2,Prop0.01,66,True
CART,0.0367163616758323,"{""max_features"": 1.0, ""min_samples_leaf"": 2, ""splitter"": ""random""}",2160,213840,0.06,VP9,random,2,Prop0.01,67,True
kNN,1.912739846971116,"{""n_neighbors"": 8, ""p"": 1, ""weights"": ""distance""}",2160,213840,25.5,VP9,random,2,Prop0.01,67,True
KRR,0.2750806417622752,"{""regressor__kernel"": ""rbf"", ""regressor__gamma"": 0.1, ""regressor__alpha"": 0.0001}",2160,213840,15.08,VP9,random,2,Prop0.01,67,True
MR,0.3780554760067725,"{""lasso__regressor__alpha"": 0.01}",2160,213840,6.55,VP9,random,2,Prop0.01,67,True
RF,0.0319662033148713,"{""max_features"": 1.0, ""min_samples_leaf"": 1, ""n_estimators"": 20}",2160,213840,0.68,VP9,random,2,Prop0.01,67,True
SVR,0.5450719374111143,"{""regressor__tol"": 0.05, ""regressor__shrinking"": true, ""regressor__epsilon"": 0.1, ""regressor__coef0"": 1.0, ""regressor__C"": 5.0}",2160,213840,17.74,VP9,random,2,Prop0.01,67,True
CART,0.0367446977348218,"{""max_features"": 1.0, ""min_samples_leaf"": 2, ""splitter"": ""random""}",2160,213840,0.06,VP9,random,2,Prop0.01,68,True
kNN,1.714601223341864,"{""n_neighbors"": 8, ""p"": 1, ""weights"": ""distance""}",2160,213840,26.21,VP9,random,2,Prop0.01,68,True
KRR,0.2537605879190241,"{""regressor__kernel"": ""rbf"", ""regressor__gamma"": 0.1, ""regressor__alpha"": 0.0001}",2160,213840,14.66,VP9,random,2,Prop0.01,68,True
MR,0.4176801594581708,"{""lasso__regressor__alpha"": 0.01}",2160,213840,6.31,VP9,random,2,Prop0.01,68,True
RF,0.031560480348295,"{""max_features"": 1.0, ""min_samples_leaf"": 1, ""n_estimators"": 20}",2160,213840,0.68,VP9,random,2,Prop0.01,68,True
SVR,0.5082022026776931,"{""regressor__tol"": 0.05, ""regressor__shrinking"": true, ""regressor__epsilon"": 0.1, ""regressor__coef0"": 1.0, ""regressor__C"": 5.0}",2160,213840,18.39,VP9,random,2,Prop0.01,68,True
CART,0.0360112760588866,"{""max_features"": 1.0, ""min_samples_leaf"": 2, ""splitter"": ""random""}",2160,213840,0.05,VP9,random,2,Prop0.01,69,True
kNN,1.9172838111730104,"{""n_neighbors"": 8, ""p"": 1, ""weights"": ""distance""}",2160,213840,25.39,VP9,random,2,Prop0.01,69,True
KRR,0.2740134446764204,"{""regressor__kernel"": ""rbf"", ""regressor__gamma"": 0.1, ""regressor__alpha"": 0.0001}",2160,213840,14.99,VP9,random,2,Prop0.01,69,True
MR,0.3846995134056247,"{""lasso__regressor__alpha"": 0.01}",2160,213840,6.67,VP9,random,2,Prop0.01,69,True
RF,0.0310837255842419,"{""max_features"": 1.0, ""min_samples_leaf"": 1, ""n_estimators"": 20}",2160,213840,0.72,VP9,random,2,Prop0.01,69,True
SVR,0.5397962354216953,"{""regressor__tol"": 0.05, ""regressor__shrinking"": true, ""regressor__epsilon"": 0.1, ""regressor__coef0"": 1.0, ""regressor__C"": 5.0}",2160,213840,17.96,VP9,random,2,Prop0.01,69,True
CART,0.0354645902966955,"{""max_features"": 1.0, ""min_samples_leaf"": 2, ""splitter"": ""random""}",2160,213840,0.06,VP9,random,2,Prop0.01,70,True
kNN,2.037902654577601,"{""n_neighbors"": 8, ""p"": 1, ""weights"": ""distance""}",2160,213840,26.03,VP9,random,2,Prop0.01,70,True
KRR,0.3027782667453222,"{""regressor__kernel"": ""rbf"", ""regressor__gamma"": 0.1, ""regressor__alpha"": 0.0001}",2160,213840,14.44,VP9,random,2,Prop0.01,70,True
MR,0.4037811755281092,"{""lasso__regressor__alpha"": 0.01}",2160,213840,6.44,VP9,random,2,Prop0.01,70,True
RF,0.0313136100118345,"{""max_features"": 1.0, ""min_samples_leaf"": 1, ""n_estimators"": 20}",2160,213840,0.7,VP9,random,2,Prop0.01,70,True
SVR,0.5714539419379213,"{""regressor__tol"": 0.05, ""regressor__shrinking"": true, ""regressor__epsilon"": 0.1, ""regressor__coef0"": 1.0, ""regressor__C"": 5.0}",2160,213840,18.26,VP9,random,2,Prop0.01,70,True
CART,0.0377386061065737,"{""max_features"": 1.0, ""min_samples_leaf"": 2, ""splitter"": ""random""}",2160,213840,0.06,VP9,random,2,Prop0.01,71,True
kNN,2.1474669050101536,"{""n_neighbors"": 8, ""p"": 1, ""weights"": ""distance""}",2160,213840,25.26,VP9,random,2,Prop0.01,71,True
KRR,0.2923871274844691,"{""regressor__kernel"": ""rbf"", ""regressor__gamma"": 0.1, ""regressor__alpha"": 0.0001}",2160,213840,14.95,VP9,random,2,Prop0.01,71,True
MR,0.3922088983792677,"{""lasso__regressor__alpha"": 0.01}",2160,213840,6.25,VP9,random,2,Prop0.01,71,True
RF,0.0316061128007049,"{""max_features"": 1.0, ""min_samples_leaf"": 1, ""n_estimators"": 20}",2160,213840,0.69,VP9,random,2,Prop0.01,71,True
SVR,0.5750262821907811,"{""regressor__tol"": 0.05, ""regressor__shrinking"": true, ""regressor__epsilon"": 0.1, ""regressor__coef0"": 1.0, ""regressor__C"": 5.0}",2160,213840,17.53,VP9,random,2,Prop0.01,71,True
CART,0.0369435868099256,"{""max_features"": 1.0, ""min_samples_leaf"": 2, ""splitter"": ""random""}",2160,213840,0.06,VP9,random,2,Prop0.01,72,True
kNN,1.937928220304334,"{""n_neighbors"": 8, ""p"": 1, ""weights"": ""distance""}",2160,213840,25.84,VP9,random,2,Prop0.01,72,True
KRR,0.2888971097865448,"{""regressor__kernel"": ""rbf"", ""regressor__gamma"": 0.1, ""regressor__alpha"": 0.0001}",2160,213840,13.98,VP9,random,2,Prop0.01,72,True
MR,0.3851483376519893,"{""lasso__regressor__alpha"": 0.01}",2160,213840,5.96,VP9,random,2,Prop0.01,72,True
RF,0.0308749052520039,"{""max_features"": 1.0, ""min_samples_leaf"": 1, ""n_estimators"": 20}",2160,213840,0.69,VP9,random,2,Prop0.01,72,True
SVR,0.5758215370394784,"{""regressor__tol"": 0.05, ""regressor__shrinking"": true, ""regressor__epsilon"": 0.1, ""regressor__coef0"": 1.0, ""regressor__C"": 5.0}",2160,213840,16.95,VP9,random,2,Prop0.01,72,True
CART,0.0354836592090297,"{""max_features"": 1.0, ""min_samples_leaf"": 2, ""splitter"": ""random""}",2160,213840,0.06,VP9,random,2,Prop0.01,73,True
kNN,1.8847116516023827,"{""n_neighbors"": 8, ""p"": 1, ""weights"": ""distance""}",2160,213840,25.2,VP9,random,2,Prop0.01,73,True
KRR,0.2662978285705943,"{""regressor__kernel"": ""rbf"", ""regressor__gamma"": 0.1, ""regressor__alpha"": 0.0001}",2160,213840,14.98,VP9,random,2,Prop0.01,73,True
MR,0.4052195694302383,"{""lasso__regressor__alpha"": 0.01}",2160,213840,6.04,VP9,random,2,Prop0.01,73,True
RF,0.0316564742545772,"{""max_features"": 1.0, ""min_samples_leaf"": 1, ""n_estimators"": 20}",2160,213840,0.72,VP9,random,2,Prop0.01,73,True
SVR,0.5196292616812253,"{""regressor__tol"": 0.05, ""regressor__shrinking"": true, ""regressor__epsilon"": 0.1, ""regressor__coef0"": 1.0, ""regressor__C"": 5.0}",2160,213840,17.66,VP9,random,2,Prop0.01,73,True
CART,0.0376330432483626,"{""max_features"": 1.0, ""min_samples_leaf"": 2, ""splitter"": ""random""}",2160,213840,0.06,VP9,random,2,Prop0.01,74,True
kNN,1.950279309761674,"{""n_neighbors"": 8, ""p"": 1, ""weights"": ""distance""}",2160,213840,25.77,VP9,random,2,Prop0.01,74,True
KRR,0.2762531828980902,"{""regressor__kernel"": ""rbf"", ""regressor__gamma"": 0.1, ""regressor__alpha"": 0.0001}",2160,213840,14.09,VP9,random,2,Prop0.01,74,True
MR,0.3820853464599504,"{""lasso__regressor__alpha"": 0.01}",2160,213840,6.11,VP9,random,2,Prop0.01,74,True
RF,0.0328089090139263,"{""max_features"": 1.0, ""min_samples_leaf"": 1, ""n_estimators"": 20}",2160,213840,0.74,VP9,random,2,Prop0.01,74,True
SVR,0.5446845622984997,"{""regressor__tol"": 0.05, ""regressor__shrinking"": true, ""regressor__epsilon"": 0.1, ""regressor__coef0"": 1.0, ""regressor__C"": 5.0}",2160,213840,17.29,VP9,random,2,Prop0.01,74,True
CART,0.0354270448795512,"{""max_features"": 1.0, ""min_samples_leaf"": 2, ""splitter"": ""random""}",2160,213840,0.06,VP9,random,2,Prop0.01,75,True
kNN,1.97919578916976,"{""n_neighbors"": 8, ""p"": 1, ""weights"": ""distance""}",2160,213840,26.25,VP9,random,2,Prop0.01,75,True
KRR,0.2786727001449371,"{""regressor__kernel"": ""rbf"", ""regressor__gamma"": 0.1, ""regressor__alpha"": 0.0001}",2160,213840,14.77,VP9,random,2,Prop0.01,75,True
MR,0.3817687756877203,"{""lasso__regressor__alpha"": 0.01}",2160,213840,6.32,VP9,random,2,Prop0.01,75,True
RF,0.0316772996030832,"{""max_features"": 1.0, ""min_samples_leaf"": 1, ""n_estimators"": 20}",2160,213840,0.69,VP9,random,2,Prop0.01,75,True
SVR,0.5404301475387077,"{""regressor__tol"": 0.05, ""regressor__shrinking"": true, ""regressor__epsilon"": 0.1, ""regressor__coef0"": 1.0, ""regressor__C"": 5.0}",2160,213840,17.02,VP9,random,2,Prop0.01,75,True
CART,0.0338059436317922,"{""max_features"": 1.0, ""min_samples_leaf"": 2, ""splitter"": ""random""}",2160,213840,0.06,VP9,random,2,Prop0.01,76,True
kNN,2.034514481354749,"{""n_neighbors"": 8, ""p"": 1, ""weights"": ""distance""}",2160,213840,25.56,VP9,random,2,Prop0.01,76,True
KRR,0.2692015882550684,"{""regressor__kernel"": ""rbf"", ""regressor__gamma"": 0.1, ""regressor__alpha"": 0.0001}",2160,213840,15.03,VP9,random,2,Prop0.01,76,True
MR,0.3962544973884456,"{""lasso__regressor__alpha"": 0.01}",2160,213840,6.66,VP9,random,2,Prop0.01,76,True
RF,0.0311700920905638,"{""max_features"": 1.0, ""min_samples_leaf"": 1, ""n_estimators"": 20}",2160,213840,0.67,VP9,random,2,Prop0.01,76,True
SVR,0.5323667639251162,"{""regressor__tol"": 0.05, ""regressor__shrinking"": true, ""regressor__epsilon"": 0.1, ""regressor__coef0"": 1.0, ""regressor__C"": 5.0}",2160,213840,17.55,VP9,random,2,Prop0.01,76,True
CART,0.0375634867460025,"{""max_features"": 1.0, ""min_samples_leaf"": 2, ""splitter"": ""random""}",2160,213840,0.05,VP9,random,2,Prop0.01,77,True
kNN,1.948598649001113,"{""n_neighbors"": 8, ""p"": 1, ""weights"": ""distance""}",2160,213840,25.35,VP9,random,2,Prop0.01,77,True
KRR,0.2814171241448343,"{""regressor__kernel"": ""rbf"", ""regressor__gamma"": 0.1, ""regressor__alpha"": 0.0001}",2160,213840,14.99,VP9,random,2,Prop0.01,77,True
MR,0.4086369753763484,"{""lasso__regressor__alpha"": 0.01}",2160,213840,6.04,VP9,random,2,Prop0.01,77,True
RF,0.0315526323603475,"{""max_features"": 1.0, ""min_samples_leaf"": 1, ""n_estimators"": 20}",2160,213840,0.73,VP9,random,2,Prop0.01,77,True
SVR,0.5512537997602764,"{""regressor__tol"": 0.05, ""regressor__shrinking"": true, ""regressor__epsilon"": 0.1, ""regressor__coef0"": 1.0, ""regressor__C"": 5.0}",2160,213840,17.17,VP9,random,2,Prop0.01,77,True
CART,0.037958623152024,"{""max_features"": 1.0, ""min_samples_leaf"": 2, ""splitter"": ""random""}",2160,213840,0.06,VP9,random,2,Prop0.01,78,True
kNN,1.808109606083098,"{""n_neighbors"": 8, ""p"": 1, ""weights"": ""distance""}",2160,213840,25.99,VP9,random,2,Prop0.01,78,True
KRR,0.2625442300308353,"{""regressor__kernel"": ""rbf"", ""regressor__gamma"": 0.1, ""regressor__alpha"": 0.0001}",2160,213840,14.49,VP9,random,2,Prop0.01,78,True
MR,0.4043684471557068,"{""lasso__regressor__alpha"": 0.01}",2160,213840,6.14,VP9,random,2,Prop0.01,78,True
RF,0.0315810602722742,"{""max_features"": 1.0, ""min_samples_leaf"": 1, ""n_estimators"": 20}",2160,213840,0.74,VP9,random,2,Prop0.01,78,True
SVR,0.4999712850547138,"{""regressor__tol"": 0.05, ""regressor__shrinking"": true, ""regressor__epsilon"": 0.1, ""regressor__coef0"": 1.0, ""regressor__C"": 5.0}",2160,213840,17.58,VP9,random,2,Prop0.01,78,True
CART,0.0365614116025636,"{""max_features"": 1.0, ""min_samples_leaf"": 2, ""splitter"": ""random""}",2160,213840,0.06,VP9,random,2,Prop0.01,79,True
kNN,1.9847580495692536,"{""n_neighbors"": 8, ""p"": 1, ""weights"": ""distance""}",2160,213840,26.33,VP9,random,2,Prop0.01,79,True
KRR,0.2901029321876779,"{""regressor__kernel"": ""rbf"", ""regressor__gamma"": 0.1, ""regressor__alpha"": 0.0001}",2160,213840,15.01,VP9,random,2,Prop0.01,79,True
MR,0.3855873814110435,"{""lasso__regressor__alpha"": 0.01}",2160,213840,6.32,VP9,random,2,Prop0.01,79,True
RF,0.0322212762269277,"{""max_features"": 1.0, ""min_samples_leaf"": 1, ""n_estimators"": 20}",2160,213840,0.68,VP9,random,2,Prop0.01,79,True
SVR,0.5606475685065057,"{""regressor__tol"": 0.05, ""regressor__shrinking"": true, ""regressor__epsilon"": 0.1, ""regressor__coef0"": 1.0, ""regressor__C"": 5.0}",2160,213840,18.04,VP9,random,2,Prop0.01,79,True
CART,0.0386651037774633,"{""max_features"": 1.0, ""min_samples_leaf"": 2, ""splitter"": ""random""}",2160,213840,0.06,VP9,random,2,Prop0.01,80,True
kNN,2.0624587364738582,"{""n_neighbors"": 8, ""p"": 1, ""weights"": ""distance""}",2160,213840,25.58,VP9,random,2,Prop0.01,80,True
KRR,0.2755774007160385,"{""regressor__kernel"": ""rbf"", ""regressor__gamma"": 0.1, ""regressor__alpha"": 0.0001}",2160,213840,15.16,VP9,random,2,Prop0.01,80,True
MR,0.4034811024343536,"{""lasso__regressor__alpha"": 0.01}",2160,213840,6.51,VP9,random,2,Prop0.01,80,True
RF,0.0319385810578575,"{""max_features"": 1.0, ""min_samples_leaf"": 1, ""n_estimators"": 20}",2160,213840,0.67,VP9,random,2,Prop0.01,80,True
SVR,0.5441305177869146,"{""regressor__tol"": 0.05, ""regressor__shrinking"": true, ""regressor__epsilon"": 0.1, ""regressor__coef0"": 1.0, ""regressor__C"": 5.0}",2160,213840,17.45,VP9,random,2,Prop0.01,80,True
CART,0.0354320155226717,"{""max_features"": 1.0, ""min_samples_leaf"": 2, ""splitter"": ""random""}",2160,213840,0.06,VP9,random,2,Prop0.01,81,True
kNN,1.892434646489368,"{""n_neighbors"": 8, ""p"": 1, ""weights"": ""distance""}",2160,213840,25.16,VP9,random,2,Prop0.01,81,True
KRR,0.2748578885654899,"{""regressor__kernel"": ""rbf"", ""regressor__gamma"": 0.1, ""regressor__alpha"": 0.0001}",2160,213840,14.92,VP9,random,2,Prop0.01,81,True
MR,0.3948572638730828,"{""lasso__regressor__alpha"": 0.01}",2160,213840,5.85,VP9,random,2,Prop0.01,81,True
RF,0.0305191636366492,"{""max_features"": 1.0, ""min_samples_leaf"": 1, ""n_estimators"": 20}",2160,213840,0.73,VP9,random,2,Prop0.01,81,True
SVR,0.5324719653046542,"{""regressor__tol"": 0.05, ""regressor__shrinking"": true, ""regressor__epsilon"": 0.1, ""regressor__coef0"": 1.0, ""regressor__C"": 5.0}",2160,213840,17.75,VP9,random,2,Prop0.01,81,True
CART,0.03831872284124,"{""max_features"": 1.0, ""min_samples_leaf"": 2, ""splitter"": ""random""}",2160,213840,0.06,VP9,random,2,Prop0.01,82,True
kNN,1.722246229374328,"{""n_neighbors"": 8, ""p"": 1, ""weights"": ""distance""}",2160,213840,25.74,VP9,random,2,Prop0.01,82,True
KRR,0.2634014171996759,"{""regressor__kernel"": ""rbf"", ""regressor__gamma"": 0.1, ""regressor__alpha"": 0.0001}",2160,213840,13.95,VP9,random,2,Prop0.01,82,True
MR,0.4018920896937545,"{""lasso__regressor__alpha"": 0.01}",2160,213840,5.94,VP9,random,2,Prop0.01,82,True
RF,0.0318238207979902,"{""max_features"": 1.0, ""min_samples_leaf"": 1, ""n_estimators"": 20}",2160,213840,0.74,VP9,random,2,Prop0.01,82,True
SVR,0.4987533633318941,"{""regressor__tol"": 0.05, ""regressor__shrinking"": true, ""regressor__epsilon"": 0.1, ""regressor__coef0"": 1.0, ""regressor__C"": 5.0}",2160,213840,17.27,VP9,random,2,Prop0.01,82,True
CART,0.0366637157791976,"{""max_features"": 1.0, ""min_samples_leaf"": 2, ""splitter"": ""random""}",2160,213840,0.06,VP9,random,2,Prop0.01,83,True
kNN,2.016501965916828,"{""n_neighbors"": 8, ""p"": 1, ""weights"": ""distance""}",2160,213840,25.34,VP9,random,2,Prop0.01,83,True
KRR,0.2848335055965992,"{""regressor__kernel"": ""rbf"", ""regressor__gamma"": 0.1, ""regressor__alpha"": 0.0001}",2160,213840,14.99,VP9,random,2,Prop0.01,83,True
MR,0.4046017575265736,"{""lasso__regressor__alpha"": 0.01}",2160,213840,5.76,VP9,random,2,Prop0.01,83,True
RF,0.0312474709368988,"{""max_features"": 1.0, ""min_samples_leaf"": 1, ""n_estimators"": 20}",2160,213840,0.7,VP9,random,2,Prop0.01,83,True
SVR,0.5371635101226397,"{""regressor__tol"": 0.05, ""regressor__shrinking"": true, ""regressor__epsilon"": 0.1, ""regressor__coef0"": 1.0, ""regressor__C"": 5.0}",2160,213840,18.69,VP9,random,2,Prop0.01,83,True
CART,0.0337986680473441,"{""max_features"": 1.0, ""min_samples_leaf"": 2, ""splitter"": ""random""}",2160,213840,0.06,VP9,random,2,Prop0.01,84,True
kNN,1.9726095517318016,"{""n_neighbors"": 8, ""p"": 1, ""weights"": ""distance""}",2160,213840,25.9,VP9,random,2,Prop0.01,84,True
KRR,0.2968304522883183,"{""regressor__kernel"": ""rbf"", ""regressor__gamma"": 0.1, ""regressor__alpha"": 0.0001}",2160,213840,14.16,VP9,random,2,Prop0.01,84,True
MR,0.3892598849810599,"{""lasso__regressor__alpha"": 0.01}",2160,213840,5.67,VP9,random,2,Prop0.01,84,True
RF,0.0308927419594993,"{""max_features"": 1.0, ""min_samples_leaf"": 1, ""n_estimators"": 20}",2160,213840,0.7,VP9,random,2,Prop0.01,84,True
SVR,0.5711624326324739,"{""regressor__tol"": 0.05, ""regressor__shrinking"": true, ""regressor__epsilon"": 0.1, ""regressor__coef0"": 1.0, ""regressor__C"": 5.0}",2160,213840,17.28,VP9,random,2,Prop0.01,84,True
CART,0.0356067602886743,"{""max_features"": 1.0, ""min_samples_leaf"": 2, ""splitter"": ""random""}",2160,213840,0.06,VP9,random,2,Prop0.01,85,True
kNN,2.1118931083904005,"{""n_neighbors"": 8, ""p"": 1, ""weights"": ""distance""}",2160,213840,25.34,VP9,random,2,Prop0.01,85,True
KRR,0.2744022810164963,"{""regressor__kernel"": ""rbf"", ""regressor__gamma"": 0.1, ""regressor__alpha"": 0.0001}",2160,213840,14.91,VP9,random,2,Prop0.01,85,True
MR,0.389158745638027,"{""lasso__regressor__alpha"": 0.01}",2160,213840,6.35,VP9,random,2,Prop0.01,85,True
RF,0.0313316181989014,"{""max_features"": 1.0, ""min_samples_leaf"": 1, ""n_estimators"": 20}",2160,213840,0.71,VP9,random,2,Prop0.01,85,True
SVR,0.5553790946024699,"{""regressor__tol"": 0.05, ""regressor__shrinking"": true, ""regressor__epsilon"": 0.1, ""regressor__coef0"": 1.0, ""regressor__C"": 5.0}",2160,213840,17.58,VP9,random,2,Prop0.01,85,True
CART,0.0349187176757677,"{""max_features"": 1.0, ""min_samples_leaf"": 2, ""splitter"": ""random""}",2160,213840,0.06,VP9,random,2,Prop0.01,86,True
kNN,1.9530435781223168,"{""n_neighbors"": 8, ""p"": 1, ""weights"": ""distance""}",2160,213840,26.02,VP9,random,2,Prop0.01,86,True
KRR,0.2831777178963521,"{""regressor__kernel"": ""rbf"", ""regressor__gamma"": 0.1, ""regressor__alpha"": 0.0001}",2160,213840,14.31,VP9,random,2,Prop0.01,86,True
MR,0.3963339188839609,"{""lasso__regressor__alpha"": 0.01}",2160,213840,6.25,VP9,random,2,Prop0.01,86,True
RF,0.0308507855727056,"{""max_features"": 1.0, ""min_samples_leaf"": 1, ""n_estimators"": 20}",2160,213840,0.71,VP9,random,2,Prop0.01,86,True
SVR,0.5267400407809508,"{""regressor__tol"": 0.05, ""regressor__shrinking"": true, ""regressor__epsilon"": 0.1, ""regressor__coef0"": 1.0, ""regressor__C"": 5.0}",2160,213840,17.58,VP9,random,2,Prop0.01,86,True
CART,0.0370443935995008,"{""max_features"": 1.0, ""min_samples_leaf"": 2, ""splitter"": ""random""}",2160,213840,0.06,VP9,random,2,Prop0.01,87,True
kNN,1.94548977848398,"{""n_neighbors"": 8, ""p"": 1, ""weights"": ""distance""}",2160,213840,26.3,VP9,random,2,Prop0.01,87,True
KRR,0.2806982507511279,"{""regressor__kernel"": ""rbf"", ""regressor__gamma"": 0.1, ""regressor__alpha"": 0.0001}",2160,213840,15.7,VP9,random,2,Prop0.01,87,True
MR,0.3996321670368445,"{""lasso__regressor__alpha"": 0.01}",2160,213840,6.4,VP9,random,2,Prop0.01,87,True
RF,0.0322894964767064,"{""max_features"": 1.0, ""min_samples_leaf"": 1, ""n_estimators"": 20}",2160,213840,0.69,VP9,random,2,Prop0.01,87,True
SVR,0.5384466372889988,"{""regressor__tol"": 0.05, ""regressor__shrinking"": true, ""regressor__epsilon"": 0.1, ""regressor__coef0"": 1.0, ""regressor__C"": 5.0}",2160,213840,16.97,VP9,random,2,Prop0.01,87,True
CART,0.0354036676198442,"{""max_features"": 1.0, ""min_samples_leaf"": 2, ""splitter"": ""random""}",2160,213840,0.06,VP9,random,2,Prop0.01,88,True
kNN,1.8727423751049972,"{""n_neighbors"": 8, ""p"": 1, ""weights"": ""distance""}",2160,213840,25.56,VP9,random,2,Prop0.01,88,True
KRR,0.2741147777375106,"{""regressor__kernel"": ""rbf"", ""regressor__gamma"": 0.1, ""regressor__alpha"": 0.0001}",2160,213840,15.52,VP9,random,2,Prop0.01,88,True
MR,0.4013746330984448,"{""lasso__regressor__alpha"": 0.01}",2160,213840,6.32,VP9,random,2,Prop0.01,88,True
RF,0.0311562163061024,"{""max_features"": 1.0, ""min_samples_leaf"": 1, ""n_estimators"": 20}",2160,213840,0.68,VP9,random,2,Prop0.01,88,True
SVR,0.5453506656576929,"{""regressor__tol"": 0.05, ""regressor__shrinking"": true, ""regressor__epsilon"": 0.1, ""regressor__coef0"": 1.0, ""regressor__C"": 5.0}",2160,213840,17.95,VP9,random,2,Prop0.01,88,True
CART,0.0368690226387015,"{""max_features"": 1.0, ""min_samples_leaf"": 2, ""splitter"": ""random""}",2160,213840,0.06,VP9,random,2,Prop0.01,89,True
kNN,2.012073742728078,"{""n_neighbors"": 8, ""p"": 1, ""weights"": ""distance""}",2160,213840,25.3,VP9,random,2,Prop0.01,89,True
KRR,0.2849129478323875,"{""regressor__kernel"": ""rbf"", ""regressor__gamma"": 0.1, ""regressor__alpha"": 0.0001}",2160,213840,14.88,VP9,random,2,Prop0.01,89,True
MR,0.3856795182606204,"{""lasso__regressor__alpha"": 0.01}",2160,213840,6.5,VP9,random,2,Prop0.01,89,True
RF,0.0313801112656812,"{""max_features"": 1.0, ""min_samples_leaf"": 1, ""n_estimators"": 20}",2160,213840,0.74,VP9,random,2,Prop0.01,89,True
SVR,0.5568920661127155,"{""regressor__tol"": 0.05, ""regressor__shrinking"": true, ""regressor__epsilon"": 0.1, ""regressor__coef0"": 1.0, ""regressor__C"": 5.0}",2160,213840,17.77,VP9,random,2,Prop0.01,89,True
CART,0.0356864686377762,"{""max_features"": 1.0, ""min_samples_leaf"": 2, ""splitter"": ""random""}",2160,213840,0.06,VP9,random,2,Prop0.01,90,True
kNN,1.942437134854996,"{""n_neighbors"": 8, ""p"": 1, ""weights"": ""distance""}",2160,213840,25.97,VP9,random,2,Prop0.01,90,True
KRR,0.2877091062329182,"{""regressor__kernel"": ""rbf"", ""regressor__gamma"": 0.1, ""regressor__alpha"": 0.0001}",2160,213840,14.24,VP9,random,2,Prop0.01,90,True
MR,0.3785217604672215,"{""lasso__regressor__alpha"": 0.01}",2160,213840,6.39,VP9,random,2,Prop0.01,90,True
RF,0.0307506807010021,"{""max_features"": 1.0, ""min_samples_leaf"": 1, ""n_estimators"": 20}",2160,213840,0.71,VP9,random,2,Prop0.01,90,True
SVR,0.550727779571446,"{""regressor__tol"": 0.05, ""regressor__shrinking"": true, ""regressor__epsilon"": 0.1, ""regressor__coef0"": 1.0, ""regressor__C"": 5.0}",2160,213840,17.4,VP9,random,2,Prop0.01,90,True
CART,0.0355021431531266,"{""max_features"": 1.0, ""min_samples_leaf"": 2, ""splitter"": ""random""}",2160,213840,0.06,VP9,random,2,Prop0.01,91,True
kNN,1.8465456466586831,"{""n_neighbors"": 8, ""p"": 1, ""weights"": ""distance""}",2160,213840,26.38,VP9,random,2,Prop0.01,91,True
KRR,0.2666952009820412,"{""regressor__kernel"": ""rbf"", ""regressor__gamma"": 0.1, ""regressor__alpha"": 0.0001}",2160,213840,15.65,VP9,random,2,Prop0.01,91,True
MR,0.3852715318269623,"{""lasso__regressor__alpha"": 0.01}",2160,213840,6.42,VP9,random,2,Prop0.01,91,True
RF,0.0307678149443773,"{""max_features"": 1.0, ""min_samples_leaf"": 1, ""n_estimators"": 20}",2160,213840,0.68,VP9,random,2,Prop0.01,91,True
SVR,0.5410427352870663,"{""regressor__tol"": 0.05, ""regressor__shrinking"": true, ""regressor__epsilon"": 0.1, ""regressor__coef0"": 1.0, ""regressor__C"": 5.0}",2160,213840,17.51,VP9,random,2,Prop0.01,91,True
CART,0.0352351213741807,"{""max_features"": 1.0, ""min_samples_leaf"": 2, ""splitter"": ""random""}",2160,213840,0.06,VP9,random,2,Prop0.01,92,True
kNN,2.0453852939124832,"{""n_neighbors"": 8, ""p"": 1, ""weights"": ""distance""}",2160,213840,25.57,VP9,random,2,Prop0.01,92,True
KRR,0.2881506723288552,"{""regressor__kernel"": ""rbf"", ""regressor__gamma"": 0.1, ""regressor__alpha"": 0.0001}",2160,213840,15.62,VP9,random,2,Prop0.01,92,True
MR,0.3940225757312291,"{""lasso__regressor__alpha"": 0.01}",2160,213840,6.42,VP9,random,2,Prop0.01,92,True
RF,0.030737845570318,"{""max_features"": 1.0, ""min_samples_leaf"": 1, ""n_estimators"": 20}",2160,213840,0.69,VP9,random,2,Prop0.01,92,True
SVR,0.5507982364397973,"{""regressor__tol"": 0.05, ""regressor__shrinking"": true, ""regressor__epsilon"": 0.1, ""regressor__coef0"": 1.0, ""regressor__C"": 5.0}",2160,213840,17.03,VP9,random,2,Prop0.01,92,True
CART,0.0368261208283473,"{""max_features"": 1.0, ""min_samples_leaf"": 2, ""splitter"": ""random""}",2160,213840,0.06,VP9,random,2,Prop0.01,93,True
kNN,1.973295184723604,"{""n_neighbors"": 8, ""p"": 1, ""weights"": ""distance""}",2160,213840,25.41,VP9,random,2,Prop0.01,93,True
KRR,0.2755684479760549,"{""regressor__kernel"": ""rbf"", ""regressor__gamma"": 0.1, ""regressor__alpha"": 0.0001}",2160,213840,14.94,VP9,random,2,Prop0.01,93,True
MR,0.4073996153519337,"{""lasso__regressor__alpha"": 0.01}",2160,213840,6.77,VP9,random,2,Prop0.01,93,True
RF,0.0326372617812037,"{""max_features"": 1.0, ""min_samples_leaf"": 1, ""n_estimators"": 20}",2160,213840,0.72,VP9,random,2,Prop0.01,93,True
SVR,0.5345407459622601,"{""regressor__tol"": 0.05, ""regressor__shrinking"": true, ""regressor__epsilon"": 0.1, ""regressor__coef0"": 1.0, ""regressor__C"": 5.0}",2160,213840,17.87,VP9,random,2,Prop0.01,93,True
CART,0.0349541671568308,"{""max_features"": 1.0, ""min_samples_leaf"": 2, ""splitter"": ""random""}",2160,213840,0.07,VP9,random,2,Prop0.01,94,True
kNN,1.969730441558302,"{""n_neighbors"": 8, ""p"": 1, ""weights"": ""distance""}",2160,213840,26.08,VP9,random,2,Prop0.01,94,True
KRR,0.2789382790331067,"{""regressor__kernel"": ""rbf"", ""regressor__gamma"": 0.1, ""regressor__alpha"": 0.0001}",2160,213840,14.49,VP9,random,2,Prop0.01,94,True
MR,0.3995566646610221,"{""lasso__regressor__alpha"": 0.01}",2160,213840,6.55,VP9,random,2,Prop0.01,94,True
RF,0.0302772732931194,"{""max_features"": 1.0, ""min_samples_leaf"": 1, ""n_estimators"": 20}",2160,213840,0.69,VP9,random,2,Prop0.01,94,True
SVR,0.5290479668872496,"{""regressor__tol"": 0.05, ""regressor__shrinking"": true, ""regressor__epsilon"": 0.1, ""regressor__coef0"": 1.0, ""regressor__C"": 5.0}",2160,213840,18.14,VP9,random,2,Prop0.01,94,True
CART,0.0362895097772153,"{""max_features"": 1.0, ""min_samples_leaf"": 2, ""splitter"": ""random""}",2160,213840,0.06,VP9,random,2,Prop0.01,95,True
kNN,1.7723388205474275,"{""n_neighbors"": 8, ""p"": 1, ""weights"": ""distance""}",2160,213840,25.45,VP9,random,2,Prop0.01,95,True
KRR,0.2609197406513133,"{""regressor__kernel"": ""rbf"", ""regressor__gamma"": 0.1, ""regressor__alpha"": 0.0001}",2160,213840,14.97,VP9,random,2,Prop0.01,95,True
MR,0.4067291552926177,"{""lasso__regressor__alpha"": 0.01}",2160,213840,5.75,VP9,random,2,Prop0.01,95,True
RF,0.0320106941495813,"{""max_features"": 1.0, ""min_samples_leaf"": 1, ""n_estimators"": 20}",2160,213840,0.69,VP9,random,2,Prop0.01,95,True
SVR,0.5379218347767571,"{""regressor__tol"": 0.05, ""regressor__shrinking"": true, ""regressor__epsilon"": 0.1, ""regressor__coef0"": 1.0, ""regressor__C"": 5.0}",2160,213840,18.55,VP9,random,2,Prop0.01,95,True
CART,0.0368619394282449,"{""max_features"": 1.0, ""min_samples_leaf"": 2, ""splitter"": ""random""}",2160,213840,0.06,VP9,random,2,Prop0.01,96,True
kNN,1.9233189952459535,"{""n_neighbors"": 8, ""p"": 1, ""weights"": ""distance""}",2160,213840,26.04,VP9,random,2,Prop0.01,96,True
KRR,0.2894331088877862,"{""regressor__kernel"": ""rbf"", ""regressor__gamma"": 0.1, ""regressor__alpha"": 0.0001}",2160,213840,14.33,VP9,random,2,Prop0.01,96,True
MR,0.385100644721542,"{""lasso__regressor__alpha"": 0.01}",2160,213840,5.65,VP9,random,2,Prop0.01,96,True
RF,0.0316945448806818,"{""max_features"": 1.0, ""min_samples_leaf"": 1, ""n_estimators"": 20}",2160,213840,0.7,VP9,random,2,Prop0.01,96,True
SVR,0.5380119892276591,"{""regressor__tol"": 0.05, ""regressor__shrinking"": true, ""regressor__epsilon"": 0.1, ""regressor__coef0"": 1.0, ""regressor__C"": 5.0}",2160,213840,17.49,VP9,random,2,Prop0.01,96,True
CART,0.0380516925490006,"{""max_features"": 1.0, ""min_samples_leaf"": 2, ""splitter"": ""random""}",2160,213840,0.06,VP9,random,2,Prop0.01,97,True
kNN,1.7392908001868812,"{""n_neighbors"": 8, ""p"": 1, ""weights"": ""distance""}",2160,213840,25.31,VP9,random,2,Prop0.01,97,True
KRR,0.2730300920344208,"{""regressor__kernel"": ""rbf"", ""regressor__gamma"": 0.1, ""regressor__alpha"": 0.0001}",2160,213840,14.87,VP9,random,2,Prop0.01,97,True
MR,0.3829881315251728,"{""lasso__regressor__alpha"": 0.01}",2160,213840,6.26,VP9,random,2,Prop0.01,97,True
RF,0.0316220124027982,"{""max_features"": 1.0, ""min_samples_leaf"": 1, ""n_estimators"": 20}",2160,213840,0.74,VP9,random,2,Prop0.01,97,True
SVR,0.5407364642148552,"{""regressor__tol"": 0.05, ""regressor__shrinking"": true, ""regressor__epsilon"": 0.1, ""regressor__coef0"": 1.0, ""regressor__C"": 5.0}",2160,213840,17.07,VP9,random,2,Prop0.01,97,True
CART,0.0371505119892967,"{""max_features"": 1.0, ""min_samples_leaf"": 2, ""splitter"": ""random""}",2160,213840,0.06,VP9,random,2,Prop0.01,98,True
kNN,1.894917915465115,"{""n_neighbors"": 8, ""p"": 1, ""weights"": ""distance""}",2160,213840,25.89,VP9,random,2,Prop0.01,98,True
KRR,0.2636250576086563,"{""regressor__kernel"": ""rbf"", ""regressor__gamma"": 0.1, ""regressor__alpha"": 0.0001}",2160,213840,14.22,VP9,random,2,Prop0.01,98,True
MR,0.3827405730598201,"{""lasso__regressor__alpha"": 0.01}",2160,213840,6.2,VP9,random,2,Prop0.01,98,True
RF,0.0318446278689336,"{""max_features"": 1.0, ""min_samples_leaf"": 1, ""n_estimators"": 20}",2160,213840,0.72,VP9,random,2,Prop0.01,98,True
SVR,0.4989107990667208,"{""regressor__tol"": 0.05, ""regressor__shrinking"": true, ""regressor__epsilon"": 0.1, ""regressor__coef0"": 1.0, ""regressor__C"": 5.0}",2160,213840,17.28,VP9,random,2,Prop0.01,98,True
CART,0.0365708795651239,"{""max_features"": 1.0, ""min_samples_leaf"": 2, ""splitter"": ""random""}",2160,213840,0.06,VP9,random,2,Prop0.01,99,True
kNN,2.0282858131731043,"{""n_neighbors"": 8, ""p"": 1, ""weights"": ""distance""}",2160,213840,26.39,VP9,random,2,Prop0.01,99,True
KRR,0.2949172076515354,"{""regressor__kernel"": ""rbf"", ""regressor__gamma"": 0.1, ""regressor__alpha"": 0.0001}",2160,213840,15.35,VP9,random,2,Prop0.01,99,True
MR,0.395384437211999,"{""lasso__regressor__alpha"": 0.01}",2160,213840,6.05,VP9,random,2,Prop0.01,99,True
RF,0.0311149065982523,"{""max_features"": 1.0, ""min_samples_leaf"": 1, ""n_estimators"": 20}",2160,213840,0.68,VP9,random,2,Prop0.01,99,True
SVR,0.5597076927279716,"{""regressor__tol"": 0.05, ""regressor__shrinking"": true, ""regressor__epsilon"": 0.1, ""regressor__coef0"": 1.0, ""regressor__C"": 5.0}",2160,213840,12.96,VP9,random,2,Prop0.01,99,True
CART,0.0357177568569045,"{""max_features"": 1.0, ""min_samples_leaf"": 2, ""splitter"": ""random""}",2160,213840,0.06,VP9,random,2,Prop0.01,100,True
kNN,2.0175820157311057,"{""n_neighbors"": 8, ""p"": 1, ""weights"": ""distance""}",2160,213840,25.64,VP9,random,2,Prop0.01,100,True
KRR,0.286663995113817,"{""regressor__kernel"": ""rbf"", ""regressor__gamma"": 0.1, ""regressor__alpha"": 0.0001}",2160,213840,15.33,VP9,random,2,Prop0.01,100,True
MR,0.3899801241737128,"{""lasso__regressor__alpha"": 0.01}",2160,213840,5.98,VP9,random,2,Prop0.01,100,True
RF,0.0313149900834834,"{""max_features"": 1.0, ""min_samples_leaf"": 1, ""n_estimators"": 20}",2160,213840,0.69,VP9,random,2,Prop0.01,100,True
SVR,0.5531800564194542,"{""regressor__tol"": 0.05, ""regressor__shrinking"": true, ""regressor__epsilon"": 0.1, ""regressor__coef0"": 1.0, ""regressor__C"": 5.0}",2160,213840,13.5,VP9,random,2,Prop0.01,100,True
CART,0.0295792747735468,"{""max_features"": 1.0, ""min_samples_leaf"": 2, ""splitter"": ""best""}",4320,211680,0.08,VP9,random,2,Prop0.02,1,True
kNN,1.6652733144018474,"{""n_neighbors"": 8, ""p"": 1, ""weights"": ""distance""}",4320,211680,48.6,VP9,random,2,Prop0.02,1,True
KRR,0.1683995834154424,"{""regressor__kernel"": ""rbf"", ""regressor__gamma"": 0.1, ""regressor__alpha"": 0.0001}",4320,211680,31.77,VP9,random,2,Prop0.02,1,True
MR,0.3889509428111396,"{""lasso__regressor__alpha"": 0.01}",4320,211680,7.05,VP9,random,2,Prop0.02,1,True
RF,0.0260433187176459,"{""max_features"": 1.0, ""min_samples_leaf"": 1, ""n_estimators"": 20}",4320,211680,1.0,VP9,random,2,Prop0.02,1,True
SVR,0.4737601764186464,"{""regressor__tol"": 0.05, ""regressor__shrinking"": true, ""regressor__epsilon"": 0.1, ""regressor__coef0"": 1.0, ""regressor__C"": 5.0}",4320,211680,26.12,VP9,random,2,Prop0.02,1,True
CART,0.0285301293681805,"{""max_features"": 1.0, ""min_samples_leaf"": 2, ""splitter"": ""best""}",4320,211680,0.08,VP9,random,2,Prop0.02,2,True
kNN,1.676763145218262,"{""n_neighbors"": 8, ""p"": 1, ""weights"": ""distance""}",4320,211680,48.63,VP9,random,2,Prop0.02,2,True
KRR,0.1710058083972689,"{""regressor__kernel"": ""rbf"", ""regressor__gamma"": 0.1, ""regressor__alpha"": 0.0001}",4320,211680,31.65,VP9,random,2,Prop0.02,2,True
MR,0.3907366938412558,"{""lasso__regressor__alpha"": 0.01}",4320,211680,6.87,VP9,random,2,Prop0.02,2,True
RF,0.0251168699906294,"{""max_features"": 1.0, ""min_samples_leaf"": 1, ""n_estimators"": 20}",4320,211680,1.0,VP9,random,2,Prop0.02,2,True
SVR,0.4759365431031511,"{""regressor__tol"": 0.05, ""regressor__shrinking"": true, ""regressor__epsilon"": 0.1, ""regressor__coef0"": 1.0, ""regressor__C"": 5.0}",4320,211680,26.0,VP9,random,2,Prop0.02,2,True
CART,0.0294390869205562,"{""max_features"": 1.0, ""min_samples_leaf"": 2, ""splitter"": ""best""}",4320,211680,0.08,VP9,random,2,Prop0.02,3,True
kNN,1.7021324759700227,"{""n_neighbors"": 8, ""p"": 1, ""weights"": ""distance""}",4320,211680,50.03,VP9,random,2,Prop0.02,3,True
KRR,0.173317174733998,"{""regressor__kernel"": ""rbf"", ""regressor__gamma"": 0.1, ""regressor__alpha"": 0.0001}",4320,211680,31.55,VP9,random,2,Prop0.02,3,True
MR,0.3945247194964514,"{""lasso__regressor__alpha"": 0.01}",4320,211680,6.79,VP9,random,2,Prop0.02,3,True
RF,0.0261199059736626,"{""max_features"": 1.0, ""min_samples_leaf"": 1, ""n_estimators"": 20}",4320,211680,1.0,VP9,random,2,Prop0.02,3,True
SVR,0.4617525301840661,"{""regressor__tol"": 0.05, ""regressor__shrinking"": true, ""regressor__epsilon"": 0.1, ""regressor__coef0"": 1.0, ""regressor__C"": 5.0}",4320,211680,26.62,VP9,random,2,Prop0.02,3,True
CART,0.0290873517470328,"{""max_features"": 1.0, ""min_samples_leaf"": 2, ""splitter"": ""best""}",4320,211680,0.08,VP9,random,2,Prop0.02,4,True
kNN,1.709506523022339,"{""n_neighbors"": 8, ""p"": 1, ""weights"": ""distance""}",4320,211680,50.05,VP9,random,2,Prop0.02,4,True
KRR,0.1719453330354758,"{""regressor__kernel"": ""rbf"", ""regressor__gamma"": 0.1, ""regressor__alpha"": 0.0001}",4320,211680,31.46,VP9,random,2,Prop0.02,4,True
MR,0.3847830146160037,"{""lasso__regressor__alpha"": 0.01}",4320,211680,6.73,VP9,random,2,Prop0.02,4,True
RF,0.0252597569617692,"{""max_features"": 1.0, ""min_samples_leaf"": 1, ""n_estimators"": 20}",4320,211680,1.0,VP9,random,2,Prop0.02,4,True
SVR,0.4667388460734416,"{""regressor__tol"": 0.05, ""regressor__shrinking"": true, ""regressor__epsilon"": 0.1, ""regressor__coef0"": 1.0, ""regressor__C"": 5.0}",4320,211680,26.64,VP9,random,2,Prop0.02,4,True
CART,0.0300509195144822,"{""max_features"": 1.0, ""min_samples_leaf"": 2, ""splitter"": ""best""}",4320,211680,0.08,VP9,random,2,Prop0.02,5,True
kNN,1.6279860052629582,"{""n_neighbors"": 8, ""p"": 1, ""weights"": ""distance""}",4320,211680,48.06,VP9,random,2,Prop0.02,5,True
KRR,0.1690445663983934,"{""regressor__kernel"": ""rbf"", ""regressor__gamma"": 0.1, ""regressor__alpha"": 0.0001}",4320,211680,31.74,VP9,random,2,Prop0.02,5,True
MR,0.4044206643001486,"{""lasso__regressor__alpha"": 0.01}",4320,211680,6.76,VP9,random,2,Prop0.02,5,True
RF,0.026142428826137,"{""max_features"": 1.0, ""min_samples_leaf"": 1, ""n_estimators"": 20}",4320,211680,1.03,VP9,random,2,Prop0.02,5,True
SVR,0.4566725171564438,"{""regressor__tol"": 0.05, ""regressor__shrinking"": true, ""regressor__epsilon"": 0.1, ""regressor__coef0"": 1.0, ""regressor__C"": 5.0}",4320,211680,26.09,VP9,random,2,Prop0.02,5,True
CART,0.0298624146524417,"{""max_features"": 1.0, ""min_samples_leaf"": 2, ""splitter"": ""best""}",4320,211680,0.08,VP9,random,2,Prop0.02,6,True
kNN,1.7134751576757694,"{""n_neighbors"": 8, ""p"": 1, ""weights"": ""distance""}",4320,211680,48.1,VP9,random,2,Prop0.02,6,True
KRR,0.171729030259862,"{""regressor__kernel"": ""rbf"", ""regressor__gamma"": 0.1, ""regressor__alpha"": 0.0001}",4320,211680,31.54,VP9,random,2,Prop0.02,6,True
MR,0.3773179358926519,"{""lasso__regressor__alpha"": 0.01}",4320,211680,6.68,VP9,random,2,Prop0.02,6,True
RF,0.025759383397823,"{""max_features"": 1.0, ""min_samples_leaf"": 1, ""n_estimators"": 20}",4320,211680,1.04,VP9,random,2,Prop0.02,6,True
SVR,0.4550264620202471,"{""regressor__tol"": 0.05, ""regressor__shrinking"": true, ""regressor__epsilon"": 0.1, ""regressor__coef0"": 1.0, ""regressor__C"": 5.0}",4320,211680,25.59,VP9,random,2,Prop0.02,6,True
CART,0.0303550832860479,"{""max_features"": 1.0, ""min_samples_leaf"": 2, ""splitter"": ""best""}",4320,211680,0.08,VP9,random,2,Prop0.02,7,True
kNN,1.6898889851321242,"{""n_neighbors"": 8, ""p"": 1, ""weights"": ""distance""}",4320,211680,49.43,VP9,random,2,Prop0.02,7,True
KRR,0.1739788094615145,"{""regressor__kernel"": ""rbf"", ""regressor__gamma"": 0.1, ""regressor__alpha"": 0.0001}",4320,211680,30.89,VP9,random,2,Prop0.02,7,True
MR,0.3989063880988372,"{""lasso__regressor__alpha"": 0.01}",4320,211680,6.59,VP9,random,2,Prop0.02,7,True
RF,0.026321615221138,"{""max_features"": 1.0, ""min_samples_leaf"": 1, ""n_estimators"": 20}",4320,211680,1.03,VP9,random,2,Prop0.02,7,True
SVR,0.4647464776001748,"{""regressor__tol"": 0.05, ""regressor__shrinking"": true, ""regressor__epsilon"": 0.1, ""regressor__coef0"": 1.0, ""regressor__C"": 5.0}",4320,211680,27.97,VP9,random,2,Prop0.02,7,True
CART,0.0292897095088751,"{""max_features"": 1.0, ""min_samples_leaf"": 2, ""splitter"": ""best""}",4320,211680,0.08,VP9,random,2,Prop0.02,8,True
kNN,1.8329455252118392,"{""n_neighbors"": 8, ""p"": 1, ""weights"": ""distance""}",4320,211680,49.41,VP9,random,2,Prop0.02,8,True
KRR,0.174914955368112,"{""regressor__kernel"": ""rbf"", ""regressor__gamma"": 0.1, ""regressor__alpha"": 0.0001}",4320,211680,30.6,VP9,random,2,Prop0.02,8,True
MR,0.378287779690781,"{""lasso__regressor__alpha"": 0.01}",4320,211680,6.6,VP9,random,2,Prop0.02,8,True
RF,0.02586578943318,"{""max_features"": 1.0, ""min_samples_leaf"": 1, ""n_estimators"": 20}",4320,211680,1.04,VP9,random,2,Prop0.02,8,True
SVR,0.4924177852834292,"{""regressor__tol"": 0.05, ""regressor__shrinking"": true, ""regressor__epsilon"": 0.1, ""regressor__coef0"": 1.0, ""regressor__C"": 5.0}",4320,211680,25.06,VP9,random,2,Prop0.02,8,True
CART,0.0293729258471992,"{""max_features"": 1.0, ""min_samples_leaf"": 2, ""splitter"": ""best""}",4320,211680,0.07,VP9,random,2,Prop0.02,9,True
kNN,1.667067388092163,"{""n_neighbors"": 8, ""p"": 1, ""weights"": ""distance""}",4320,211680,48.29,VP9,random,2,Prop0.02,9,True
KRR,0.1732863627236582,"{""regressor__kernel"": ""rbf"", ""regressor__gamma"": 0.1, ""regressor__alpha"": 0.0001}",4320,211680,31.49,VP9,random,2,Prop0.02,9,True
MR,0.410855239019287,"{""lasso__regressor__alpha"": 0.01}",4320,211680,6.64,VP9,random,2,Prop0.02,9,True
RF,0.0254972399552656,"{""max_features"": 1.0, ""min_samples_leaf"": 1, ""n_estimators"": 20}",4320,211680,1.02,VP9,random,2,Prop0.02,9,True
SVR,0.4545792313109865,"{""regressor__tol"": 0.05, ""regressor__shrinking"": true, ""regressor__epsilon"": 0.1, ""regressor__coef0"": 1.0, ""regressor__C"": 5.0}",4320,211680,26.53,VP9,random,2,Prop0.02,9,True
CART,0.0280332881647485,"{""max_features"": 1.0, ""min_samples_leaf"": 2, ""splitter"": ""best""}",4320,211680,0.08,VP9,random,2,Prop0.02,10,True
kNN,1.6777746247768042,"{""n_neighbors"": 8, ""p"": 1, ""weights"": ""distance""}",4320,211680,49.59,VP9,random,2,Prop0.02,10,True
KRR,0.1690260578770701,"{""regressor__kernel"": ""rbf"", ""regressor__gamma"": 0.1, ""regressor__alpha"": 0.0001}",4320,211680,31.13,VP9,random,2,Prop0.02,10,True
MR,0.3959904957123555,"{""lasso__regressor__alpha"": 0.01}",4320,211680,6.55,VP9,random,2,Prop0.02,10,True
RF,0.0248455935352123,"{""max_features"": 1.0, ""min_samples_leaf"": 1, ""n_estimators"": 20}",4320,211680,1.02,VP9,random,2,Prop0.02,10,True
SVR,0.4753459845683064,"{""regressor__tol"": 0.05, ""regressor__shrinking"": true, ""regressor__epsilon"": 0.1, ""regressor__coef0"": 1.0, ""regressor__C"": 5.0}",4320,211680,27.1,VP9,random,2,Prop0.02,10,True
CART,0.0299554834757167,"{""max_features"": 1.0, ""min_samples_leaf"": 2, ""splitter"": ""best""}",4320,211680,0.08,VP9,random,2,Prop0.02,11,True
kNN,1.6148958855644575,"{""n_neighbors"": 8, ""p"": 1, ""weights"": ""distance""}",4320,211680,48.02,VP9,random,2,Prop0.02,11,True
KRR,0.1735590406754378,"{""regressor__kernel"": ""rbf"", ""regressor__gamma"": 0.1, ""regressor__alpha"": 0.0001}",4320,211680,31.84,VP9,random,2,Prop0.02,11,True
MR,0.3933710259708489,"{""lasso__regressor__alpha"": 0.01}",4320,211680,6.59,VP9,random,2,Prop0.02,11,True
RF,0.0263199042569714,"{""max_features"": 1.0, ""min_samples_leaf"": 1, ""n_estimators"": 20}",4320,211680,1.03,VP9,random,2,Prop0.02,11,True
SVR,0.4750941598964791,"{""regressor__tol"": 0.05, ""regressor__shrinking"": true, ""regressor__epsilon"": 0.1, ""regressor__coef0"": 1.0, ""regressor__C"": 5.0}",4320,211680,26.72,VP9,random,2,Prop0.02,11,True
CART,0.029984374851238,"{""max_features"": 1.0, ""min_samples_leaf"": 2, ""splitter"": ""best""}",4320,211680,0.08,VP9,random,2,Prop0.02,12,True
kNN,1.6825637793361528,"{""n_neighbors"": 8, ""p"": 1, ""weights"": ""distance""}",4320,211680,49.33,VP9,random,2,Prop0.02,12,True
KRR,0.177359439815341,"{""regressor__kernel"": ""rbf"", ""regressor__gamma"": 0.1, ""regressor__alpha"": 0.0001}",4320,211680,29.66,VP9,random,2,Prop0.02,12,True
MR,0.4054101971944421,"{""lasso__regressor__alpha"": 0.01}",4320,211680,6.36,VP9,random,2,Prop0.02,12,True
RF,0.0256027932276585,"{""max_features"": 1.0, ""min_samples_leaf"": 1, ""n_estimators"": 20}",4320,211680,1.04,VP9,random,2,Prop0.02,12,True
SVR,0.4781794304283968,"{""regressor__tol"": 0.05, ""regressor__shrinking"": true, ""regressor__epsilon"": 0.1, ""regressor__coef0"": 1.0, ""regressor__C"": 5.0}",4320,211680,27.22,VP9,random,2,Prop0.02,12,True
CART,0.0294961156860069,"{""max_features"": 1.0, ""min_samples_leaf"": 2, ""splitter"": ""best""}",4320,211680,0.08,VP9,random,2,Prop0.02,13,True
kNN,1.5799554308000838,"{""n_neighbors"": 8, ""p"": 1, ""weights"": ""distance""}",4320,211680,48.03,VP9,random,2,Prop0.02,13,True
KRR,0.1639588392899323,"{""regressor__kernel"": ""rbf"", ""regressor__gamma"": 0.1, ""regressor__alpha"": 0.0001}",4320,211680,31.41,VP9,random,2,Prop0.02,13,True
MR,0.3880092885472344,"{""lasso__regressor__alpha"": 0.01}",4320,211680,6.53,VP9,random,2,Prop0.02,13,True
RF,0.0253748084102602,"{""max_features"": 1.0, ""min_samples_leaf"": 1, ""n_estimators"": 20}",4320,211680,1.06,VP9,random,2,Prop0.02,13,True
SVR,0.4615007024794664,"{""regressor__tol"": 0.05, ""regressor__shrinking"": true, ""regressor__epsilon"": 0.1, ""regressor__coef0"": 1.0, ""regressor__C"": 5.0}",4320,211680,27.43,VP9,random,2,Prop0.02,13,True
CART,0.0290012117735256,"{""max_features"": 1.0, ""min_samples_leaf"": 2, ""splitter"": ""best""}",4320,211680,0.08,VP9,random,2,Prop0.02,14,True
kNN,1.7030276541797815,"{""n_neighbors"": 8, ""p"": 1, ""weights"": ""distance""}",4320,211680,48.14,VP9,random,2,Prop0.02,14,True
KRR,0.1753243339993032,"{""regressor__kernel"": ""rbf"", ""regressor__gamma"": 0.1, ""regressor__alpha"": 0.0001}",4320,211680,31.55,VP9,random,2,Prop0.02,14,True
MR,0.3886950632576962,"{""lasso__regressor__alpha"": 0.01}",4320,211680,6.74,VP9,random,2,Prop0.02,14,True
RF,0.0256767150962431,"{""max_features"": 1.0, ""min_samples_leaf"": 1, ""n_estimators"": 20}",4320,211680,1.03,VP9,random,2,Prop0.02,14,True
SVR,0.4749614800196343,"{""regressor__tol"": 0.05, ""regressor__shrinking"": true, ""regressor__epsilon"": 0.1, ""regressor__coef0"": 1.0, ""regressor__C"": 5.0}",4320,211680,26.53,VP9,random,2,Prop0.02,14,True
CART,0.030151345385349,"{""max_features"": 1.0, ""min_samples_leaf"": 2, ""splitter"": ""best""}",4320,211680,0.08,VP9,random,2,Prop0.02,15,True
kNN,1.7019652292247311,"{""n_neighbors"": 8, ""p"": 1, ""weights"": ""distance""}",4320,211680,49.36,VP9,random,2,Prop0.02,15,True
KRR,0.1664054277568714,"{""regressor__kernel"": ""rbf"", ""regressor__gamma"": 0.1, ""regressor__alpha"": 0.0001}",4320,211680,30.42,VP9,random,2,Prop0.02,15,True
MR,0.3863369022198961,"{""lasso__regressor__alpha"": 0.01}",4320,211680,6.41,VP9,random,2,Prop0.02,15,True
RF,0.0261084288549813,"{""max_features"": 1.0, ""min_samples_leaf"": 1, ""n_estimators"": 20}",4320,211680,1.05,VP9,random,2,Prop0.02,15,True
SVR,0.4546813935879372,"{""regressor__tol"": 0.05, ""regressor__shrinking"": true, ""regressor__epsilon"": 0.1, ""regressor__coef0"": 1.0, ""regressor__C"": 5.0}",4320,211680,25.79,VP9,random,2,Prop0.02,15,True
CART,0.0293939848192713,"{""max_features"": 1.0, ""min_samples_leaf"": 2, ""splitter"": ""best""}",4320,211680,0.08,VP9,random,2,Prop0.02,16,True
kNN,1.6424974530141856,"{""n_neighbors"": 8, ""p"": 1, ""weights"": ""distance""}",4320,211680,49.36,VP9,random,2,Prop0.02,16,True
KRR,0.1686434818223056,"{""regressor__kernel"": ""rbf"", ""regressor__gamma"": 0.1, ""regressor__alpha"": 0.0001}",4320,211680,30.61,VP9,random,2,Prop0.02,16,True
MR,0.3881239404510986,"{""lasso__regressor__alpha"": 0.01}",4320,211680,6.38,VP9,random,2,Prop0.02,16,True
RF,0.0253695205184222,"{""max_features"": 1.0, ""min_samples_leaf"": 1, ""n_estimators"": 20}",4320,211680,1.03,VP9,random,2,Prop0.02,16,True
SVR,0.4721191779243423,"{""regressor__tol"": 0.05, ""regressor__shrinking"": true, ""regressor__epsilon"": 0.1, ""regressor__coef0"": 1.0, ""regressor__C"": 5.0}",4320,211680,25.82,VP9,random,2,Prop0.02,16,True
CART,0.0297661794562587,"{""max_features"": 1.0, ""min_samples_leaf"": 2, ""splitter"": ""best""}",4320,211680,0.08,VP9,random,2,Prop0.02,17,True
kNN,1.7713263067968936,"{""n_neighbors"": 8, ""p"": 1, ""weights"": ""distance""}",4320,211680,50.23,VP9,random,2,Prop0.02,17,True
KRR,0.1740455630679569,"{""regressor__kernel"": ""rbf"", ""regressor__gamma"": 0.1, ""regressor__alpha"": 0.0001}",4320,211680,32.06,VP9,random,2,Prop0.02,17,True
MR,0.3907989493898138,"{""lasso__regressor__alpha"": 0.01}",4320,211680,7.03,VP9,random,2,Prop0.02,17,True
RF,0.0262738278883995,"{""max_features"": 1.0, ""min_samples_leaf"": 1, ""n_estimators"": 20}",4320,211680,0.99,VP9,random,2,Prop0.02,17,True
SVR,0.4773868055332765,"{""regressor__tol"": 0.05, ""regressor__shrinking"": true, ""regressor__epsilon"": 0.1, ""regressor__coef0"": 1.0, ""regressor__C"": 5.0}",4320,211680,25.9,VP9,random,2,Prop0.02,17,True
CART,0.0292218898989752,"{""max_features"": 1.0, ""min_samples_leaf"": 2, ""splitter"": ""best""}",4320,211680,0.08,VP9,random,2,Prop0.02,18,True
kNN,1.6117493770332405,"{""n_neighbors"": 8, ""p"": 1, ""weights"": ""distance""}",4320,211680,48.86,VP9,random,2,Prop0.02,18,True
KRR,0.1644805507739545,"{""regressor__kernel"": ""rbf"", ""regressor__gamma"": 0.1, ""regressor__alpha"": 0.0001}",4320,211680,32.16,VP9,random,2,Prop0.02,18,True
MR,0.394790545457187,"{""lasso__regressor__alpha"": 0.01}",4320,211680,7.44,VP9,random,2,Prop0.02,18,True
RF,0.0253415718857142,"{""max_features"": 1.0, ""min_samples_leaf"": 1, ""n_estimators"": 20}",4320,211680,1.01,VP9,random,2,Prop0.02,18,True
SVR,0.4610418822245125,"{""regressor__tol"": 0.05, ""regressor__shrinking"": true, ""regressor__epsilon"": 0.1, ""regressor__coef0"": 1.0, ""regressor__C"": 5.0}",4320,211680,25.4,VP9,random,2,Prop0.02,18,True
CART,0.0289523987906958,"{""max_features"": 1.0, ""min_samples_leaf"": 2, ""splitter"": ""best""}",4320,211680,0.08,VP9,random,2,Prop0.02,19,True
kNN,1.6556377313616313,"{""n_neighbors"": 8, ""p"": 1, ""weights"": ""distance""}",4320,211680,48.57,VP9,random,2,Prop0.02,19,True
KRR,0.1725590321995275,"{""regressor__kernel"": ""rbf"", ""regressor__gamma"": 0.1, ""regressor__alpha"": 0.0001}",4320,211680,31.6,VP9,random,2,Prop0.02,19,True
MR,0.3906555824558098,"{""lasso__regressor__alpha"": 0.01}",4320,211680,6.89,VP9,random,2,Prop0.02,19,True
RF,0.0258706820653378,"{""max_features"": 1.0, ""min_samples_leaf"": 1, ""n_estimators"": 20}",4320,211680,0.98,VP9,random,2,Prop0.02,19,True
SVR,0.4661687221355803,"{""regressor__tol"": 0.05, ""regressor__shrinking"": true, ""regressor__epsilon"": 0.1, ""regressor__coef0"": 1.0, ""regressor__C"": 5.0}",4320,211680,26.45,VP9,random,2,Prop0.02,19,True
CART,0.0291535351036027,"{""max_features"": 1.0, ""min_samples_leaf"": 2, ""splitter"": ""best""}",4320,211680,0.08,VP9,random,2,Prop0.02,20,True
kNN,1.6757411525238817,"{""n_neighbors"": 8, ""p"": 1, ""weights"": ""distance""}",4320,211680,49.99,VP9,random,2,Prop0.02,20,True
KRR,0.170358220440919,"{""regressor__kernel"": ""rbf"", ""regressor__gamma"": 0.1, ""regressor__alpha"": 0.0001}",4320,211680,31.35,VP9,random,2,Prop0.02,20,True
MR,0.3987727701523906,"{""lasso__regressor__alpha"": 0.01}",4320,211680,6.7,VP9,random,2,Prop0.02,20,True
RF,0.0253922192773863,"{""max_features"": 1.0, ""min_samples_leaf"": 1, ""n_estimators"": 20}",4320,211680,0.98,VP9,random,2,Prop0.02,20,True
SVR,0.4677216938798668,"{""regressor__tol"": 0.05, ""regressor__shrinking"": true, ""regressor__epsilon"": 0.1, ""regressor__coef0"": 1.0, ""regressor__C"": 5.0}",4320,211680,27.6,VP9,random,2,Prop0.02,20,True
CART,0.0287448998081728,"{""max_features"": 1.0, ""min_samples_leaf"": 2, ""splitter"": ""best""}",4320,211680,0.08,VP9,random,2,Prop0.02,21,True
kNN,1.7013441256388198,"{""n_neighbors"": 8, ""p"": 1, ""weights"": ""distance""}",4320,211680,48.19,VP9,random,2,Prop0.02,21,True
KRR,0.1662182270668381,"{""regressor__kernel"": ""rbf"", ""regressor__gamma"": 0.1, ""regressor__alpha"": 0.0001}",4320,211680,31.52,VP9,random,2,Prop0.02,21,True
MR,0.3963953283080417,"{""lasso__regressor__alpha"": 0.01}",4320,211680,6.76,VP9,random,2,Prop0.02,21,True
RF,0.0250360061222362,"{""max_features"": 1.0, ""min_samples_leaf"": 1, ""n_estimators"": 20}",4320,211680,1.02,VP9,random,2,Prop0.02,21,True
SVR,0.4754742787236385,"{""regressor__tol"": 0.05, ""regressor__shrinking"": true, ""regressor__epsilon"": 0.1, ""regressor__coef0"": 1.0, ""regressor__C"": 5.0}",4320,211680,26.26,VP9,random,2,Prop0.02,21,True
CART,0.0303266040391871,"{""max_features"": 1.0, ""min_samples_leaf"": 2, ""splitter"": ""best""}",4320,211680,0.08,VP9,random,2,Prop0.02,22,True
kNN,1.571870686027608,"{""n_neighbors"": 8, ""p"": 1, ""weights"": ""distance""}",4320,211680,48.09,VP9,random,2,Prop0.02,22,True
KRR,0.1677569549604775,"{""regressor__kernel"": ""rbf"", ""regressor__gamma"": 0.1, ""regressor__alpha"": 0.0001}",4320,211680,31.61,VP9,random,2,Prop0.02,22,True
MR,0.4094688096398192,"{""lasso__regressor__alpha"": 0.01}",4320,211680,6.65,VP9,random,2,Prop0.02,22,True
RF,0.0261095450735863,"{""max_features"": 1.0, ""min_samples_leaf"": 1, ""n_estimators"": 20}",4320,211680,1.03,VP9,random,2,Prop0.02,22,True
SVR,0.46529536430104,"{""regressor__tol"": 0.05, ""regressor__shrinking"": true, ""regressor__epsilon"": 0.1, ""regressor__coef0"": 1.0, ""regressor__C"": 5.0}",4320,211680,27.11,VP9,random,2,Prop0.02,22,True
CART,0.0288423685618375,"{""max_features"": 1.0, ""min_samples_leaf"": 2, ""splitter"": ""best""}",4320,211680,0.08,VP9,random,2,Prop0.02,23,True
kNN,1.813098548552489,"{""n_neighbors"": 8, ""p"": 1, ""weights"": ""distance""}",4320,211680,49.49,VP9,random,2,Prop0.02,23,True
KRR,0.1691310826565885,"{""regressor__kernel"": ""rbf"", ""regressor__gamma"": 0.1, ""regressor__alpha"": 0.0001}",4320,211680,31.04,VP9,random,2,Prop0.02,23,True
MR,0.3951264105994556,"{""lasso__regressor__alpha"": 0.01}",4320,211680,6.62,VP9,random,2,Prop0.02,23,True
RF,0.0254174672846341,"{""max_features"": 1.0, ""min_samples_leaf"": 1, ""n_estimators"": 20}",4320,211680,1.01,VP9,random,2,Prop0.02,23,True
SVR,0.4813634442303597,"{""regressor__tol"": 0.05, ""regressor__shrinking"": true, ""regressor__epsilon"": 0.1, ""regressor__coef0"": 1.0, ""regressor__C"": 5.0}",4320,211680,25.91,VP9,random,2,Prop0.02,23,True
CART,0.0288828653616549,"{""max_features"": 1.0, ""min_samples_leaf"": 2, ""splitter"": ""best""}",4320,211680,0.07,VP9,random,2,Prop0.02,24,True
kNN,1.6941907108846053,"{""n_neighbors"": 8, ""p"": 1, ""weights"": ""distance""}",4320,211680,49.49,VP9,random,2,Prop0.02,24,True
KRR,0.1767600470882386,"{""regressor__kernel"": ""rbf"", ""regressor__gamma"": 0.1, ""regressor__alpha"": 0.0001}",4320,211680,30.36,VP9,random,2,Prop0.02,24,True
MR,0.3838320353527213,"{""lasso__regressor__alpha"": 0.01}",4320,211680,6.51,VP9,random,2,Prop0.02,24,True
RF,0.0248976289661409,"{""max_features"": 1.0, ""min_samples_leaf"": 1, ""n_estimators"": 20}",4320,211680,1.04,VP9,random,2,Prop0.02,24,True
SVR,0.4820795641114452,"{""regressor__tol"": 0.05, ""regressor__shrinking"": true, ""regressor__epsilon"": 0.1, ""regressor__coef0"": 1.0, ""regressor__C"": 5.0}",4320,211680,27.39,VP9,random,2,Prop0.02,24,True
CART,0.0291247357368573,"{""max_features"": 1.0, ""min_samples_leaf"": 2, ""splitter"": ""best""}",4320,211680,0.08,VP9,random,2,Prop0.02,25,True
kNN,1.6805518379356104,"{""n_neighbors"": 8, ""p"": 1, ""weights"": ""distance""}",4320,211680,50.14,VP9,random,2,Prop0.02,25,True
KRR,0.1692798076566828,"{""regressor__kernel"": ""rbf"", ""regressor__gamma"": 0.1, ""regressor__alpha"": 0.0001}",4320,211680,31.35,VP9,random,2,Prop0.02,25,True
MR,0.4054903511333689,"{""lasso__regressor__alpha"": 0.01}",4320,211680,6.68,VP9,random,2,Prop0.02,25,True
RF,0.0259022227317375,"{""max_features"": 1.0, ""min_samples_leaf"": 1, ""n_estimators"": 20}",4320,211680,1.01,VP9,random,2,Prop0.02,25,True
SVR,0.463837175271777,"{""regressor__tol"": 0.05, ""regressor__shrinking"": true, ""regressor__epsilon"": 0.1, ""regressor__coef0"": 1.0, ""regressor__C"": 5.0}",4320,211680,26.81,VP9,random,2,Prop0.02,25,True
CART,0.0298124821843817,"{""max_features"": 1.0, ""min_samples_leaf"": 2, ""splitter"": ""best""}",4320,211680,0.08,VP9,random,2,Prop0.02,26,True
kNN,1.6309101025218458,"{""n_neighbors"": 8, ""p"": 1, ""weights"": ""distance""}",4320,211680,48.71,VP9,random,2,Prop0.02,26,True
KRR,0.1674222377320614,"{""regressor__kernel"": ""rbf"", ""regressor__gamma"": 0.1, ""regressor__alpha"": 0.0001}",4320,211680,31.54,VP9,random,2,Prop0.02,26,True
MR,0.4008257306554169,"{""lasso__regressor__alpha"": 0.01}",4320,211680,6.81,VP9,random,2,Prop0.02,26,True
RF,0.0260766777254384,"{""max_features"": 1.0, ""min_samples_leaf"": 1, ""n_estimators"": 20}",4320,211680,1.01,VP9,random,2,Prop0.02,26,True
SVR,0.4780693516141855,"{""regressor__tol"": 0.05, ""regressor__shrinking"": true, ""regressor__epsilon"": 0.1, ""regressor__coef0"": 1.0, ""regressor__C"": 5.0}",4320,211680,25.8,VP9,random,2,Prop0.02,26,True
CART,0.0294651717834112,"{""max_features"": 1.0, ""min_samples_leaf"": 2, ""splitter"": ""best""}",4320,211680,0.08,VP9,random,2,Prop0.02,27,True
kNN,1.6483693618446558,"{""n_neighbors"": 8, ""p"": 1, ""weights"": ""distance""}",4320,211680,48.08,VP9,random,2,Prop0.02,27,True
KRR,0.1694058930297353,"{""regressor__kernel"": ""rbf"", ""regressor__gamma"": 0.1, ""regressor__alpha"": 0.0001}",4320,211680,31.51,VP9,random,2,Prop0.02,27,True
MR,0.3808027730645082,"{""lasso__regressor__alpha"": 0.01}",4320,211680,6.74,VP9,random,2,Prop0.02,27,True
RF,0.026016336539401,"{""max_features"": 1.0, ""min_samples_leaf"": 1, ""n_estimators"": 20}",4320,211680,1.02,VP9,random,2,Prop0.02,27,True
SVR,0.4616103096312914,"{""regressor__tol"": 0.05, ""regressor__shrinking"": true, ""regressor__epsilon"": 0.1, ""regressor__coef0"": 1.0, ""regressor__C"": 5.0}",4320,211680,25.24,VP9,random,2,Prop0.02,27,True
CART,0.0290627771219792,"{""max_features"": 1.0, ""min_samples_leaf"": 2, ""splitter"": ""best""}",4320,211680,0.08,VP9,random,2,Prop0.02,28,True
kNN,1.6347143236463977,"{""n_neighbors"": 8, ""p"": 1, ""weights"": ""distance""}",4320,211680,49.48,VP9,random,2,Prop0.02,28,True
KRR,0.1583525713814089,"{""regressor__kernel"": ""rbf"", ""regressor__gamma"": 0.1, ""regressor__alpha"": 0.0001}",4320,211680,30.63,VP9,random,2,Prop0.02,28,True
MR,0.3998624998288738,"{""lasso__regressor__alpha"": 0.01}",4320,211680,6.56,VP9,random,2,Prop0.02,28,True
RF,0.0257026020983773,"{""max_features"": 1.0, ""min_samples_leaf"": 1, ""n_estimators"": 20}",4320,211680,1.02,VP9,random,2,Prop0.02,28,True
SVR,0.4618618149797121,"{""regressor__tol"": 0.05, ""regressor__shrinking"": true, ""regressor__epsilon"": 0.1, ""regressor__coef0"": 1.0, ""regressor__C"": 5.0}",4320,211680,26.43,VP9,random,2,Prop0.02,28,True
CART,0.029052377046188,"{""max_features"": 1.0, ""min_samples_leaf"": 2, ""splitter"": ""best""}",4320,211680,0.07,VP9,random,2,Prop0.02,29,True
kNN,1.704869826394519,"{""n_neighbors"": 8, ""p"": 1, ""weights"": ""distance""}",4320,211680,48.02,VP9,random,2,Prop0.02,29,True
KRR,0.1712604666933988,"{""regressor__kernel"": ""rbf"", ""regressor__gamma"": 0.1, ""regressor__alpha"": 0.0001}",4320,211680,31.58,VP9,random,2,Prop0.02,29,True
MR,0.3926540727604747,"{""lasso__regressor__alpha"": 0.01}",4320,211680,6.44,VP9,random,2,Prop0.02,29,True
RF,0.0253334398059058,"{""max_features"": 1.0, ""min_samples_leaf"": 1, ""n_estimators"": 20}",4320,211680,1.03,VP9,random,2,Prop0.02,29,True
SVR,0.4785865267257235,"{""regressor__tol"": 0.05, ""regressor__shrinking"": true, ""regressor__epsilon"": 0.1, ""regressor__coef0"": 1.0, ""regressor__C"": 5.0}",4320,211680,27.38,VP9,random,2,Prop0.02,29,True
CART,0.0286516392616673,"{""max_features"": 1.0, ""min_samples_leaf"": 2, ""splitter"": ""best""}",4320,211680,0.08,VP9,random,2,Prop0.02,30,True
kNN,1.6183627997874148,"{""n_neighbors"": 8, ""p"": 1, ""weights"": ""distance""}",4320,211680,47.97,VP9,random,2,Prop0.02,30,True
KRR,0.1722895438452425,"{""regressor__kernel"": ""rbf"", ""regressor__gamma"": 0.1, ""regressor__alpha"": 0.0001}",4320,211680,31.48,VP9,random,2,Prop0.02,30,True
MR,0.3994899889371051,"{""lasso__regressor__alpha"": 0.01}",4320,211680,6.41,VP9,random,2,Prop0.02,30,True
RF,0.0253629696912241,"{""max_features"": 1.0, ""min_samples_leaf"": 1, ""n_estimators"": 20}",4320,211680,1.03,VP9,random,2,Prop0.02,30,True
SVR,0.4663580958212898,"{""regressor__tol"": 0.05, ""regressor__shrinking"": true, ""regressor__epsilon"": 0.1, ""regressor__coef0"": 1.0, ""regressor__C"": 5.0}",4320,211680,26.27,VP9,random,2,Prop0.02,30,True
CART,0.0283251424994452,"{""max_features"": 1.0, ""min_samples_leaf"": 2, ""splitter"": ""best""}",4320,211680,0.08,VP9,random,2,Prop0.02,31,True
kNN,1.6850650286897613,"{""n_neighbors"": 8, ""p"": 1, ""weights"": ""distance""}",4320,211680,49.41,VP9,random,2,Prop0.02,31,True
KRR,0.1714218992390474,"{""regressor__kernel"": ""rbf"", ""regressor__gamma"": 0.1, ""regressor__alpha"": 0.0001}",4320,211680,29.93,VP9,random,2,Prop0.02,31,True
MR,0.3942016855284436,"{""lasso__regressor__alpha"": 0.01}",4320,211680,6.4,VP9,random,2,Prop0.02,31,True
RF,0.025339457036926,"{""max_features"": 1.0, ""min_samples_leaf"": 1, ""n_estimators"": 20}",4320,211680,1.03,VP9,random,2,Prop0.02,31,True
SVR,0.4859743864077481,"{""regressor__tol"": 0.05, ""regressor__shrinking"": true, ""regressor__epsilon"": 0.1, ""regressor__coef0"": 1.0, ""regressor__C"": 5.0}",4320,211680,26.67,VP9,random,2,Prop0.02,31,True
CART,0.0287773921081111,"{""max_features"": 1.0, ""min_samples_leaf"": 2, ""splitter"": ""best""}",4320,211680,0.08,VP9,random,2,Prop0.02,32,True
kNN,1.6814079349501847,"{""n_neighbors"": 8, ""p"": 1, ""weights"": ""distance""}",4320,211680,49.45,VP9,random,2,Prop0.02,32,True
KRR,0.1658739780967178,"{""regressor__kernel"": ""rbf"", ""regressor__gamma"": 0.1, ""regressor__alpha"": 0.0001}",4320,211680,30.11,VP9,random,2,Prop0.02,32,True
MR,0.3889407779546255,"{""lasso__regressor__alpha"": 0.01}",4320,211680,6.41,VP9,random,2,Prop0.02,32,True
RF,0.0251726725530076,"{""max_features"": 1.0, ""min_samples_leaf"": 1, ""n_estimators"": 20}",4320,211680,1.05,VP9,random,2,Prop0.02,32,True
SVR,0.4559258472538732,"{""regressor__tol"": 0.05, ""regressor__shrinking"": true, ""regressor__epsilon"": 0.1, ""regressor__coef0"": 1.0, ""regressor__C"": 5.0}",4320,211680,26.54,VP9,random,2,Prop0.02,32,True
CART,0.0290007725498759,"{""max_features"": 1.0, ""min_samples_leaf"": 2, ""splitter"": ""best""}",4320,211680,0.08,VP9,random,2,Prop0.02,33,True
kNN,1.7143898610628103,"{""n_neighbors"": 8, ""p"": 1, ""weights"": ""distance""}",4320,211680,47.99,VP9,random,2,Prop0.02,33,True
KRR,0.1716981207838186,"{""regressor__kernel"": ""rbf"", ""regressor__gamma"": 0.1, ""regressor__alpha"": 0.0001}",4320,211680,31.38,VP9,random,2,Prop0.02,33,True
MR,0.3837505334528942,"{""lasso__regressor__alpha"": 0.01}",4320,211680,6.11,VP9,random,2,Prop0.02,33,True
RF,0.0254756334545479,"{""max_features"": 1.0, ""min_samples_leaf"": 1, ""n_estimators"": 20}",4320,211680,1.05,VP9,random,2,Prop0.02,33,True
SVR,0.4762978204004884,"{""regressor__tol"": 0.05, ""regressor__shrinking"": true, ""regressor__epsilon"": 0.1, ""regressor__coef0"": 1.0, ""regressor__C"": 5.0}",4320,211680,26.18,VP9,random,2,Prop0.02,33,True
CART,0.0298334501698763,"{""max_features"": 1.0, ""min_samples_leaf"": 2, ""splitter"": ""best""}",4320,211680,0.07,VP9,random,2,Prop0.02,34,True
kNN,1.5335160668384968,"{""n_neighbors"": 8, ""p"": 1, ""weights"": ""distance""}",4320,211680,48.54,VP9,random,2,Prop0.02,34,True
KRR,0.1661578533455675,"{""regressor__kernel"": ""rbf"", ""regressor__gamma"": 0.1, ""regressor__alpha"": 0.0001}",4320,211680,31.59,VP9,random,2,Prop0.02,34,True
MR,0.399538909930655,"{""lasso__regressor__alpha"": 0.01}",4320,211680,7.04,VP9,random,2,Prop0.02,34,True
RF,0.0263261530799923,"{""max_features"": 1.0, ""min_samples_leaf"": 1, ""n_estimators"": 20}",4320,211680,1.0,VP9,random,2,Prop0.02,34,True
SVR,0.4535574746059125,"{""regressor__tol"": 0.05, ""regressor__shrinking"": true, ""regressor__epsilon"": 0.1, ""regressor__coef0"": 1.0, ""regressor__C"": 5.0}",4320,211680,26.67,VP9,random,2,Prop0.02,34,True
CART,0.0296209226483227,"{""max_features"": 1.0, ""min_samples_leaf"": 2, ""splitter"": ""best""}",4320,211680,0.08,VP9,random,2,Prop0.02,35,True
kNN,1.6504383122594708,"{""n_neighbors"": 8, ""p"": 1, ""weights"": ""distance""}",4320,211680,49.49,VP9,random,2,Prop0.02,35,True
KRR,0.1702797868525936,"{""regressor__kernel"": ""rbf"", ""regressor__gamma"": 0.1, ""regressor__alpha"": 0.0001}",4320,211680,29.9,VP9,random,2,Prop0.02,35,True
MR,0.3922071001491886,"{""lasso__regressor__alpha"": 0.01}",4320,211680,6.07,VP9,random,2,Prop0.02,35,True
RF,0.0257232880682221,"{""max_features"": 1.0, ""min_samples_leaf"": 1, ""n_estimators"": 20}",4320,211680,1.05,VP9,random,2,Prop0.02,35,True
SVR,0.4754874471246543,"{""regressor__tol"": 0.05, ""regressor__shrinking"": true, ""regressor__epsilon"": 0.1, ""regressor__coef0"": 1.0, ""regressor__C"": 5.0}",4320,211680,25.4,VP9,random,2,Prop0.02,35,True
CART,0.0285151797000017,"{""max_features"": 1.0, ""min_samples_leaf"": 2, ""splitter"": ""best""}",4320,211680,0.08,VP9,random,2,Prop0.02,36,True
kNN,1.6704661150511535,"{""n_neighbors"": 8, ""p"": 1, ""weights"": ""distance""}",4320,211680,49.82,VP9,random,2,Prop0.02,36,True
KRR,0.1694243330030279,"{""regressor__kernel"": ""rbf"", ""regressor__gamma"": 0.1, ""regressor__alpha"": 0.0001}",4320,211680,31.3,VP9,random,2,Prop0.02,36,True
MR,0.3959402260759965,"{""lasso__regressor__alpha"": 0.01}",4320,211680,6.68,VP9,random,2,Prop0.02,36,True
RF,0.0255889102810287,"{""max_features"": 1.0, ""min_samples_leaf"": 1, ""n_estimators"": 20}",4320,211680,0.98,VP9,random,2,Prop0.02,36,True
SVR,0.4525254223254538,"{""regressor__tol"": 0.05, ""regressor__shrinking"": true, ""regressor__epsilon"": 0.1, ""regressor__coef0"": 1.0, ""regressor__C"": 5.0}",4320,211680,25.79,VP9,random,2,Prop0.02,36,True
CART,0.0299127728771702,"{""max_features"": 1.0, ""min_samples_leaf"": 2, ""splitter"": ""best""}",4320,211680,0.08,VP9,random,2,Prop0.02,37,True
kNN,1.7032478347443791,"{""n_neighbors"": 8, ""p"": 1, ""weights"": ""distance""}",4320,211680,48.11,VP9,random,2,Prop0.02,37,True
KRR,0.1748506628606128,"{""regressor__kernel"": ""rbf"", ""regressor__gamma"": 0.1, ""regressor__alpha"": 0.0001}",4320,211680,31.35,VP9,random,2,Prop0.02,37,True
MR,0.4074571966768091,"{""lasso__regressor__alpha"": 0.01}",4320,211680,6.3,VP9,random,2,Prop0.02,37,True
RF,0.0263348408253964,"{""max_features"": 1.0, ""min_samples_leaf"": 1, ""n_estimators"": 20}",4320,211680,1.04,VP9,random,2,Prop0.02,37,True
SVR,0.4601907895089118,"{""regressor__tol"": 0.05, ""regressor__shrinking"": true, ""regressor__epsilon"": 0.1, ""regressor__coef0"": 1.0, ""regressor__C"": 5.0}",4320,211680,26.71,VP9,random,2,Prop0.02,37,True
CART,0.0296851031942917,"{""max_features"": 1.0, ""min_samples_leaf"": 2, ""splitter"": ""best""}",4320,211680,0.08,VP9,random,2,Prop0.02,38,True
kNN,1.6567760953805002,"{""n_neighbors"": 8, ""p"": 1, ""weights"": ""distance""}",4320,211680,49.43,VP9,random,2,Prop0.02,38,True
KRR,0.1672098469142267,"{""regressor__kernel"": ""rbf"", ""regressor__gamma"": 0.1, ""regressor__alpha"": 0.0001}",4320,211680,30.78,VP9,random,2,Prop0.02,38,True
MR,0.388531349012198,"{""lasso__regressor__alpha"": 0.01}",4320,211680,6.27,VP9,random,2,Prop0.02,38,True
RF,0.025775360833386,"{""max_features"": 1.0, ""min_samples_leaf"": 1, ""n_estimators"": 20}",4320,211680,1.05,VP9,random,2,Prop0.02,38,True
SVR,0.4707674123987821,"{""regressor__tol"": 0.05, ""regressor__shrinking"": true, ""regressor__epsilon"": 0.1, ""regressor__coef0"": 1.0, ""regressor__C"": 5.0}",4320,211680,26.67,VP9,random,2,Prop0.02,38,True
CART,0.0289172690145567,"{""max_features"": 1.0, ""min_samples_leaf"": 2, ""splitter"": ""best""}",4320,211680,0.07,VP9,random,2,Prop0.02,39,True
kNN,1.648772336839065,"{""n_neighbors"": 8, ""p"": 1, ""weights"": ""distance""}",4320,211680,50.34,VP9,random,2,Prop0.02,39,True
KRR,0.1667632481109062,"{""regressor__kernel"": ""rbf"", ""regressor__gamma"": 0.1, ""regressor__alpha"": 0.0001}",4320,211680,31.82,VP9,random,2,Prop0.02,39,True
MR,0.4002582642080867,"{""lasso__regressor__alpha"": 0.01}",4320,211680,6.43,VP9,random,2,Prop0.02,39,True
RF,0.0251554804260004,"{""max_features"": 1.0, ""min_samples_leaf"": 1, ""n_estimators"": 20}",4320,211680,0.98,VP9,random,2,Prop0.02,39,True
SVR,0.4482999445610675,"{""regressor__tol"": 0.05, ""regressor__shrinking"": true, ""regressor__epsilon"": 0.1, ""regressor__coef0"": 1.0, ""regressor__C"": 5.0}",4320,211680,26.5,VP9,random,2,Prop0.02,39,True
CART,0.0298047807530097,"{""max_features"": 1.0, ""min_samples_leaf"": 2, ""splitter"": ""best""}",4320,211680,0.08,VP9,random,2,Prop0.02,40,True
kNN,1.6655706899734293,"{""n_neighbors"": 8, ""p"": 1, ""weights"": ""distance""}",4320,211680,48.81,VP9,random,2,Prop0.02,40,True
KRR,0.1683888522993023,"{""regressor__kernel"": ""rbf"", ""regressor__gamma"": 0.1, ""regressor__alpha"": 0.0001}",4320,211680,31.85,VP9,random,2,Prop0.02,40,True
MR,0.3897774553252527,"{""lasso__regressor__alpha"": 0.01}",4320,211680,6.47,VP9,random,2,Prop0.02,40,True
RF,0.0256250001541668,"{""max_features"": 1.0, ""min_samples_leaf"": 1, ""n_estimators"": 20}",4320,211680,0.96,VP9,random,2,Prop0.02,40,True
SVR,0.4604331423435465,"{""regressor__tol"": 0.05, ""regressor__shrinking"": true, ""regressor__epsilon"": 0.1, ""regressor__coef0"": 1.0, ""regressor__C"": 5.0}",4320,211680,25.94,VP9,random,2,Prop0.02,40,True
CART,0.0286842522958958,"{""max_features"": 1.0, ""min_samples_leaf"": 2, ""splitter"": ""best""}",4320,211680,0.08,VP9,random,2,Prop0.02,41,True
kNN,1.6876030239527724,"{""n_neighbors"": 8, ""p"": 1, ""weights"": ""distance""}",4320,211680,48.03,VP9,random,2,Prop0.02,41,True
KRR,0.168389912022313,"{""regressor__kernel"": ""rbf"", ""regressor__gamma"": 0.1, ""regressor__alpha"": 0.0001}",4320,211680,31.3,VP9,random,2,Prop0.02,41,True
MR,0.3861200022154658,"{""lasso__regressor__alpha"": 0.01}",4320,211680,6.16,VP9,random,2,Prop0.02,41,True
RF,0.0252772166559284,"{""max_features"": 1.0, ""min_samples_leaf"": 1, ""n_estimators"": 20}",4320,211680,1.04,VP9,random,2,Prop0.02,41,True
SVR,0.4672120905174184,"{""regressor__tol"": 0.05, ""regressor__shrinking"": true, ""regressor__epsilon"": 0.1, ""regressor__coef0"": 1.0, ""regressor__C"": 5.0}",4320,211680,26.03,VP9,random,2,Prop0.02,41,True
CART,0.0293268586440633,"{""max_features"": 1.0, ""min_samples_leaf"": 2, ""splitter"": ""best""}",4320,211680,0.08,VP9,random,2,Prop0.02,42,True
kNN,1.6986533798221692,"{""n_neighbors"": 8, ""p"": 1, ""weights"": ""distance""}",4320,211680,49.42,VP9,random,2,Prop0.02,42,True
KRR,0.1763625351974231,"{""regressor__kernel"": ""rbf"", ""regressor__gamma"": 0.1, ""regressor__alpha"": 0.0001}",4320,211680,30.33,VP9,random,2,Prop0.02,42,True
MR,0.3837097661834159,"{""lasso__regressor__alpha"": 0.01}",4320,211680,6.16,VP9,random,2,Prop0.02,42,True
RF,0.0257121646064083,"{""max_features"": 1.0, ""min_samples_leaf"": 1, ""n_estimators"": 20}",4320,211680,1.06,VP9,random,2,Prop0.02,42,True
SVR,0.4788479088590992,"{""regressor__tol"": 0.05, ""regressor__shrinking"": true, ""regressor__epsilon"": 0.1, ""regressor__coef0"": 1.0, ""regressor__C"": 5.0}",4320,211680,27.2,VP9,random,2,Prop0.02,42,True
CART,0.0288853521962337,"{""max_features"": 1.0, ""min_samples_leaf"": 2, ""splitter"": ""best""}",4320,211680,0.08,VP9,random,2,Prop0.02,43,True
kNN,1.7240746225134176,"{""n_neighbors"": 8, ""p"": 1, ""weights"": ""distance""}",4320,211680,48.14,VP9,random,2,Prop0.02,43,True
KRR,0.1691428654063611,"{""regressor__kernel"": ""rbf"", ""regressor__gamma"": 0.1, ""regressor__alpha"": 0.0001}",4320,211680,31.4,VP9,random,2,Prop0.02,43,True
MR,0.409036243289177,"{""lasso__regressor__alpha"": 0.01}",4320,211680,5.92,VP9,random,2,Prop0.02,43,True
RF,0.0252844492078006,"{""max_features"": 1.0, ""min_samples_leaf"": 1, ""n_estimators"": 20}",4320,211680,1.03,VP9,random,2,Prop0.02,43,True
SVR,0.4625899515960376,"{""regressor__tol"": 0.05, ""regressor__shrinking"": true, ""regressor__epsilon"": 0.1, ""regressor__coef0"": 1.0, ""regressor__C"": 5.0}",4320,211680,25.6,VP9,random,2,Prop0.02,43,True
CART,0.0282237482329817,"{""max_features"": 1.0, ""min_samples_leaf"": 2, ""splitter"": ""best""}",4320,211680,0.08,VP9,random,2,Prop0.02,44,True
kNN,1.7337696245615724,"{""n_neighbors"": 8, ""p"": 1, ""weights"": ""distance""}",4320,211680,49.47,VP9,random,2,Prop0.02,44,True
KRR,0.1656986221798737,"{""regressor__kernel"": ""rbf"", ""regressor__gamma"": 0.1, ""regressor__alpha"": 0.0001}",4320,211680,30.75,VP9,random,2,Prop0.02,44,True
MR,0.3923865173684324,"{""lasso__regressor__alpha"": 0.01}",4320,211680,5.89,VP9,random,2,Prop0.02,44,True
RF,0.0251296075499024,"{""max_features"": 1.0, ""min_samples_leaf"": 1, ""n_estimators"": 20}",4320,211680,1.02,VP9,random,2,Prop0.02,44,True
SVR,0.4572048030381028,"{""regressor__tol"": 0.05, ""regressor__shrinking"": true, ""regressor__epsilon"": 0.1, ""regressor__coef0"": 1.0, ""regressor__C"": 5.0}",4320,211680,26.36,VP9,random,2,Prop0.02,44,True
CART,0.029494417823875,"{""max_features"": 1.0, ""min_samples_leaf"": 2, ""splitter"": ""best""}",4320,211680,0.07,VP9,random,2,Prop0.02,45,True
kNN,1.6817803046918538,"{""n_neighbors"": 8, ""p"": 1, ""weights"": ""distance""}",4320,211680,47.92,VP9,random,2,Prop0.02,45,True
KRR,0.1742878333681603,"{""regressor__kernel"": ""rbf"", ""regressor__gamma"": 0.1, ""regressor__alpha"": 0.0001}",4320,211680,31.38,VP9,random,2,Prop0.02,45,True
MR,0.388034016080519,"{""lasso__regressor__alpha"": 0.01}",4320,211680,6.31,VP9,random,2,Prop0.02,45,True
RF,0.026494010380894,"{""max_features"": 1.0, ""min_samples_leaf"": 1, ""n_estimators"": 20}",4320,211680,1.05,VP9,random,2,Prop0.02,45,True
SVR,0.455717396133778,"{""regressor__tol"": 0.05, ""regressor__shrinking"": true, ""regressor__epsilon"": 0.1, ""regressor__coef0"": 1.0, ""regressor__C"": 5.0}",4320,211680,26.9,VP9,random,2,Prop0.02,45,True
CART,0.0288255476735328,"{""max_features"": 1.0, ""min_samples_leaf"": 2, ""splitter"": ""best""}",4320,211680,0.08,VP9,random,2,Prop0.02,46,True
kNN,1.6492404291783838,"{""n_neighbors"": 8, ""p"": 1, ""weights"": ""distance""}",4320,211680,49.37,VP9,random,2,Prop0.02,46,True
KRR,0.1696657638167161,"{""regressor__kernel"": ""rbf"", ""regressor__gamma"": 0.1, ""regressor__alpha"": 0.0001}",4320,211680,29.4,VP9,random,2,Prop0.02,46,True
MR,0.388335354292701,"{""lasso__regressor__alpha"": 0.01}",4320,211680,6.11,VP9,random,2,Prop0.02,46,True
RF,0.0259131872309549,"{""max_features"": 1.0, ""min_samples_leaf"": 1, ""n_estimators"": 20}",4320,211680,1.05,VP9,random,2,Prop0.02,46,True
SVR,0.4604474683085047,"{""regressor__tol"": 0.05, ""regressor__shrinking"": true, ""regressor__epsilon"": 0.1, ""regressor__coef0"": 1.0, ""regressor__C"": 5.0}",4320,211680,26.42,VP9,random,2,Prop0.02,46,True
CART,0.0278965990630698,"{""max_features"": 1.0, ""min_samples_leaf"": 2, ""splitter"": ""best""}",4320,211680,0.08,VP9,random,2,Prop0.02,47,True
kNN,1.7356257859506523,"{""n_neighbors"": 8, ""p"": 1, ""weights"": ""distance""}",4320,211680,48.08,VP9,random,2,Prop0.02,47,True
KRR,0.1726428491994101,"{""regressor__kernel"": ""rbf"", ""regressor__gamma"": 0.1, ""regressor__alpha"": 0.0001}",4320,211680,31.49,VP9,random,2,Prop0.02,47,True
MR,0.3915860078563974,"{""lasso__regressor__alpha"": 0.01}",4320,211680,5.87,VP9,random,2,Prop0.02,47,True
RF,0.024768648387223,"{""max_features"": 1.0, ""min_samples_leaf"": 1, ""n_estimators"": 20}",4320,211680,1.02,VP9,random,2,Prop0.02,47,True
SVR,0.4665426012562771,"{""regressor__tol"": 0.05, ""regressor__shrinking"": true, ""regressor__epsilon"": 0.1, ""regressor__coef0"": 1.0, ""regressor__C"": 5.0}",4320,211680,26.71,VP9,random,2,Prop0.02,47,True
CART,0.0294236684333687,"{""max_features"": 1.0, ""min_samples_leaf"": 2, ""splitter"": ""best""}",4320,211680,0.07,VP9,random,2,Prop0.02,48,True
kNN,1.6907008985625074,"{""n_neighbors"": 8, ""p"": 1, ""weights"": ""distance""}",4320,211680,49.45,VP9,random,2,Prop0.02,48,True
KRR,0.165054059820003,"{""regressor__kernel"": ""rbf"", ""regressor__gamma"": 0.1, ""regressor__alpha"": 0.0001}",4320,211680,30.24,VP9,random,2,Prop0.02,48,True
MR,0.3758174101193751,"{""lasso__regressor__alpha"": 0.01}",4320,211680,5.75,VP9,random,2,Prop0.02,48,True
RF,0.0258054113010559,"{""max_features"": 1.0, ""min_samples_leaf"": 1, ""n_estimators"": 20}",4320,211680,1.03,VP9,random,2,Prop0.02,48,True
SVR,0.4644451562017183,"{""regressor__tol"": 0.05, ""regressor__shrinking"": true, ""regressor__epsilon"": 0.1, ""regressor__coef0"": 1.0, ""regressor__C"": 5.0}",4320,211680,26.37,VP9,random,2,Prop0.02,48,True
CART,0.0300034576639107,"{""max_features"": 1.0, ""min_samples_leaf"": 2, ""splitter"": ""best""}",4320,211680,0.08,VP9,random,2,Prop0.02,49,True
kNN,1.694742596365073,"{""n_neighbors"": 8, ""p"": 1, ""weights"": ""distance""}",4320,211680,48.03,VP9,random,2,Prop0.02,49,True
KRR,0.1758917576927821,"{""regressor__kernel"": ""rbf"", ""regressor__gamma"": 0.1, ""regressor__alpha"": 0.0001}",4320,211680,31.32,VP9,random,2,Prop0.02,49,True
MR,0.4016562562527151,"{""lasso__regressor__alpha"": 0.01}",4320,211680,6.19,VP9,random,2,Prop0.02,49,True
RF,0.0265233579600572,"{""max_features"": 1.0, ""min_samples_leaf"": 1, ""n_estimators"": 20}",4320,211680,1.05,VP9,random,2,Prop0.02,49,True
SVR,0.4880432009144294,"{""regressor__tol"": 0.05, ""regressor__shrinking"": true, ""regressor__epsilon"": 0.1, ""regressor__coef0"": 1.0, ""regressor__C"": 5.0}",4320,211680,26.11,VP9,random,2,Prop0.02,49,True
CART,0.0303386295368843,"{""max_features"": 1.0, ""min_samples_leaf"": 2, ""splitter"": ""best""}",4320,211680,0.08,VP9,random,2,Prop0.02,50,True
kNN,1.674430477120262,"{""n_neighbors"": 8, ""p"": 1, ""weights"": ""distance""}",4320,211680,49.4,VP9,random,2,Prop0.02,50,True
KRR,0.1615825526570033,"{""regressor__kernel"": ""rbf"", ""regressor__gamma"": 0.1, ""regressor__alpha"": 0.0001}",4320,211680,30.44,VP9,random,2,Prop0.02,50,True
MR,0.3893949899854852,"{""lasso__regressor__alpha"": 0.01}",4320,211680,6.19,VP9,random,2,Prop0.02,50,True
RF,0.0259897342958808,"{""max_features"": 1.0, ""min_samples_leaf"": 1, ""n_estimators"": 20}",4320,211680,1.05,VP9,random,2,Prop0.02,50,True
SVR,0.468333682193422,"{""regressor__tol"": 0.05, ""regressor__shrinking"": true, ""regressor__epsilon"": 0.1, ""regressor__coef0"": 1.0, ""regressor__C"": 5.0}",4320,211680,26.67,VP9,random,2,Prop0.02,50,True
CART,0.0288570883706762,"{""max_features"": 1.0, ""min_samples_leaf"": 2, ""splitter"": ""best""}",4320,211680,0.08,VP9,random,2,Prop0.02,51,True
kNN,1.664581075727579,"{""n_neighbors"": 8, ""p"": 1, ""weights"": ""distance""}",4320,211680,48.39,VP9,random,2,Prop0.02,51,True
KRR,0.1708213729535257,"{""regressor__kernel"": ""rbf"", ""regressor__gamma"": 0.1, ""regressor__alpha"": 0.0001}",4320,211680,31.35,VP9,random,2,Prop0.02,51,True
MR,0.3857747097734868,"{""lasso__regressor__alpha"": 0.01}",4320,211680,6.14,VP9,random,2,Prop0.02,51,True
RF,0.0258043589480539,"{""max_features"": 1.0, ""min_samples_leaf"": 1, ""n_estimators"": 20}",4320,211680,1.02,VP9,random,2,Prop0.02,51,True
SVR,0.472127007514551,"{""regressor__tol"": 0.05, ""regressor__shrinking"": true, ""regressor__epsilon"": 0.1, ""regressor__coef0"": 1.0, ""regressor__C"": 5.0}",4320,211680,25.58,VP9,random,2,Prop0.02,51,True
CART,0.0298294387096092,"{""max_features"": 1.0, ""min_samples_leaf"": 2, ""splitter"": ""best""}",4320,211680,0.08,VP9,random,2,Prop0.02,52,True
kNN,1.7284782440466815,"{""n_neighbors"": 8, ""p"": 1, ""weights"": ""distance""}",4320,211680,49.77,VP9,random,2,Prop0.02,52,True
KRR,0.1757422864418232,"{""regressor__kernel"": ""rbf"", ""regressor__gamma"": 0.1, ""regressor__alpha"": 0.0001}",4320,211680,31.11,VP9,random,2,Prop0.02,52,True
MR,0.3913995953449199,"{""lasso__regressor__alpha"": 0.01}",4320,211680,6.03,VP9,random,2,Prop0.02,52,True
RF,0.0255977686496985,"{""max_features"": 1.0, ""min_samples_leaf"": 1, ""n_estimators"": 20}",4320,211680,1.02,VP9,random,2,Prop0.02,52,True
SVR,0.4519045783036673,"{""regressor__tol"": 0.05, ""regressor__shrinking"": true, ""regressor__epsilon"": 0.1, ""regressor__coef0"": 1.0, ""regressor__C"": 5.0}",4320,211680,25.8,VP9,random,2,Prop0.02,52,True
CART,0.0293047501254966,"{""max_features"": 1.0, ""min_samples_leaf"": 2, ""splitter"": ""best""}",4320,211680,0.07,VP9,random,2,Prop0.02,53,True
kNN,1.6393306714038771,"{""n_neighbors"": 8, ""p"": 1, ""weights"": ""distance""}",4320,211680,48.0,VP9,random,2,Prop0.02,53,True
KRR,0.1633096476031992,"{""regressor__kernel"": ""rbf"", ""regressor__gamma"": 0.1, ""regressor__alpha"": 0.0001}",4320,211680,31.49,VP9,random,2,Prop0.02,53,True
MR,0.3863836720054018,"{""lasso__regressor__alpha"": 0.01}",4320,211680,6.35,VP9,random,2,Prop0.02,53,True
RF,0.0255549690426098,"{""max_features"": 1.0, ""min_samples_leaf"": 1, ""n_estimators"": 20}",4320,211680,1.04,VP9,random,2,Prop0.02,53,True
SVR,0.4577208153474019,"{""regressor__tol"": 0.05, ""regressor__shrinking"": true, ""regressor__epsilon"": 0.1, ""regressor__coef0"": 1.0, ""regressor__C"": 5.0}",4320,211680,25.35,VP9,random,2,Prop0.02,53,True
CART,0.0290812584598687,"{""max_features"": 1.0, ""min_samples_leaf"": 2, ""splitter"": ""best""}",4320,211680,0.09,VP9,random,2,Prop0.02,54,True
kNN,1.7303573990342482,"{""n_neighbors"": 8, ""p"": 1, ""weights"": ""distance""}",4320,211680,49.37,VP9,random,2,Prop0.02,54,True
KRR,0.1603681487802443,"{""regressor__kernel"": ""rbf"", ""regressor__gamma"": 0.1, ""regressor__alpha"": 0.0001}",4320,211680,29.82,VP9,random,2,Prop0.02,54,True
MR,0.4015392744585244,"{""lasso__regressor__alpha"": 0.01}",4320,211680,6.21,VP9,random,2,Prop0.02,54,True
RF,0.0256877328371728,"{""max_features"": 1.0, ""min_samples_leaf"": 1, ""n_estimators"": 20}",4320,211680,1.06,VP9,random,2,Prop0.02,54,True
SVR,0.4676295034509323,"{""regressor__tol"": 0.05, ""regressor__shrinking"": true, ""regressor__epsilon"": 0.1, ""regressor__coef0"": 1.0, ""regressor__C"": 5.0}",4320,211680,26.04,VP9,random,2,Prop0.02,54,True
CART,0.029162066348807,"{""max_features"": 1.0, ""min_samples_leaf"": 2, ""splitter"": ""best""}",4320,211680,0.08,VP9,random,2,Prop0.02,55,True
kNN,1.628165255287569,"{""n_neighbors"": 8, ""p"": 1, ""weights"": ""distance""}",4320,211680,48.16,VP9,random,2,Prop0.02,55,True
KRR,0.1595425420814585,"{""regressor__kernel"": ""rbf"", ""regressor__gamma"": 0.1, ""regressor__alpha"": 0.0001}",4320,211680,31.46,VP9,random,2,Prop0.02,55,True
MR,0.3899565797191375,"{""lasso__regressor__alpha"": 0.01}",4320,211680,6.08,VP9,random,2,Prop0.02,55,True
RF,0.0256923620397116,"{""max_features"": 1.0, ""min_samples_leaf"": 1, ""n_estimators"": 20}",4320,211680,1.03,VP9,random,2,Prop0.02,55,True
SVR,0.4445357844530367,"{""regressor__tol"": 0.05, ""regressor__shrinking"": true, ""regressor__epsilon"": 0.1, ""regressor__coef0"": 1.0, ""regressor__C"": 5.0}",4320,211680,26.59,VP9,random,2,Prop0.02,55,True
CART,0.0285690933050478,"{""max_features"": 1.0, ""min_samples_leaf"": 2, ""splitter"": ""best""}",4320,211680,0.08,VP9,random,2,Prop0.02,56,True
kNN,1.711445766352923,"{""n_neighbors"": 8, ""p"": 1, ""weights"": ""distance""}",4320,211680,49.4,VP9,random,2,Prop0.02,56,True
KRR,0.1754500500266441,"{""regressor__kernel"": ""rbf"", ""regressor__gamma"": 0.1, ""regressor__alpha"": 0.0001}",4320,211680,30.88,VP9,random,2,Prop0.02,56,True
MR,0.377845341127233,"{""lasso__regressor__alpha"": 0.01}",4320,211680,5.96,VP9,random,2,Prop0.02,56,True
RF,0.0256356681751048,"{""max_features"": 1.0, ""min_samples_leaf"": 1, ""n_estimators"": 20}",4320,211680,1.02,VP9,random,2,Prop0.02,56,True
SVR,0.4869685169905688,"{""regressor__tol"": 0.05, ""regressor__shrinking"": true, ""regressor__epsilon"": 0.1, ""regressor__coef0"": 1.0, ""regressor__C"": 5.0}",4320,211680,26.05,VP9,random,2,Prop0.02,56,True
CART,0.0295133282599937,"{""max_features"": 1.0, ""min_samples_leaf"": 2, ""splitter"": ""best""}",4320,211680,0.07,VP9,random,2,Prop0.02,57,True
kNN,1.5808132539669044,"{""n_neighbors"": 8, ""p"": 1, ""weights"": ""distance""}",4320,211680,47.99,VP9,random,2,Prop0.02,57,True
KRR,0.1657049061995001,"{""regressor__kernel"": ""rbf"", ""regressor__gamma"": 0.1, ""regressor__alpha"": 0.0001}",4320,211680,31.33,VP9,random,2,Prop0.02,57,True
MR,0.3887222388266279,"{""lasso__regressor__alpha"": 0.01}",4320,211680,5.93,VP9,random,2,Prop0.02,57,True
RF,0.0254540850988085,"{""max_features"": 1.0, ""min_samples_leaf"": 1, ""n_estimators"": 20}",4320,211680,1.04,VP9,random,2,Prop0.02,57,True
SVR,0.4621123178349304,"{""regressor__tol"": 0.05, ""regressor__shrinking"": true, ""regressor__epsilon"": 0.1, ""regressor__coef0"": 1.0, ""regressor__C"": 5.0}",4320,211680,26.2,VP9,random,2,Prop0.02,57,True
CART,0.0287996484529828,"{""max_features"": 1.0, ""min_samples_leaf"": 2, ""splitter"": ""best""}",4320,211680,0.08,VP9,random,2,Prop0.02,58,True
kNN,1.7126336084632912,"{""n_neighbors"": 8, ""p"": 1, ""weights"": ""distance""}",4320,211680,49.33,VP9,random,2,Prop0.02,58,True
KRR,0.167899312201056,"{""regressor__kernel"": ""rbf"", ""regressor__gamma"": 0.1, ""regressor__alpha"": 0.0001}",4320,211680,29.63,VP9,random,2,Prop0.02,58,True
MR,0.3842445439421408,"{""lasso__regressor__alpha"": 0.01}",4320,211680,6.13,VP9,random,2,Prop0.02,58,True
RF,0.0250458040518157,"{""max_features"": 1.0, ""min_samples_leaf"": 1, ""n_estimators"": 20}",4320,211680,1.04,VP9,random,2,Prop0.02,58,True
SVR,0.4716670816912842,"{""regressor__tol"": 0.05, ""regressor__shrinking"": true, ""regressor__epsilon"": 0.1, ""regressor__coef0"": 1.0, ""regressor__C"": 5.0}",4320,211680,26.14,VP9,random,2,Prop0.02,58,True
CART,0.0299806278375793,"{""max_features"": 1.0, ""min_samples_leaf"": 2, ""splitter"": ""best""}",4320,211680,0.08,VP9,random,2,Prop0.02,59,True
kNN,1.6603045349181316,"{""n_neighbors"": 8, ""p"": 1, ""weights"": ""distance""}",4320,211680,48.31,VP9,random,2,Prop0.02,59,True
KRR,0.163166518302509,"{""regressor__kernel"": ""rbf"", ""regressor__gamma"": 0.1, ""regressor__alpha"": 0.0001}",4320,211680,31.29,VP9,random,2,Prop0.02,59,True
MR,0.3921015270515795,"{""lasso__regressor__alpha"": 0.01}",4320,211680,6.08,VP9,random,2,Prop0.02,59,True
RF,0.0262086063881862,"{""max_features"": 1.0, ""min_samples_leaf"": 1, ""n_estimators"": 20}",4320,211680,1.01,VP9,random,2,Prop0.02,59,True
SVR,0.4486313355260705,"{""regressor__tol"": 0.05, ""regressor__shrinking"": true, ""regressor__epsilon"": 0.1, ""regressor__coef0"": 1.0, ""regressor__C"": 5.0}",4320,211680,25.19,VP9,random,2,Prop0.02,59,True
CART,0.0302032195201411,"{""max_features"": 1.0, ""min_samples_leaf"": 2, ""splitter"": ""best""}",4320,211680,0.08,VP9,random,2,Prop0.02,60,True
kNN,1.6717077384457617,"{""n_neighbors"": 8, ""p"": 1, ""weights"": ""distance""}",4320,211680,49.7,VP9,random,2,Prop0.02,60,True
KRR,0.1670527349904461,"{""regressor__kernel"": ""rbf"", ""regressor__gamma"": 0.1, ""regressor__alpha"": 0.0001}",4320,211680,31.05,VP9,random,2,Prop0.02,60,True
MR,0.400604310229548,"{""lasso__regressor__alpha"": 0.01}",4320,211680,5.89,VP9,random,2,Prop0.02,60,True
RF,0.0263503520975721,"{""max_features"": 1.0, ""min_samples_leaf"": 1, ""n_estimators"": 20}",4320,211680,1.01,VP9,random,2,Prop0.02,60,True
SVR,0.4647698610348772,"{""regressor__tol"": 0.05, ""regressor__shrinking"": true, ""regressor__epsilon"": 0.1, ""regressor__coef0"": 1.0, ""regressor__C"": 5.0}",4320,211680,26.4,VP9,random,2,Prop0.02,60,True
CART,0.0290411030550148,"{""max_features"": 1.0, ""min_samples_leaf"": 2, ""splitter"": ""best""}",4320,211680,0.08,VP9,random,2,Prop0.02,61,True
kNN,1.7068814645948245,"{""n_neighbors"": 8, ""p"": 1, ""weights"": ""distance""}",4320,211680,48.01,VP9,random,2,Prop0.02,61,True
KRR,0.1755208510103383,"{""regressor__kernel"": ""rbf"", ""regressor__gamma"": 0.1, ""regressor__alpha"": 0.0001}",4320,211680,31.37,VP9,random,2,Prop0.02,61,True
MR,0.3960235143021953,"{""lasso__regressor__alpha"": 0.01}",4320,211680,6.35,VP9,random,2,Prop0.02,61,True
RF,0.0256787052744707,"{""max_features"": 1.0, ""min_samples_leaf"": 1, ""n_estimators"": 20}",4320,211680,1.05,VP9,random,2,Prop0.02,61,True
SVR,0.4811851652587866,"{""regressor__tol"": 0.05, ""regressor__shrinking"": true, ""regressor__epsilon"": 0.1, ""regressor__coef0"": 1.0, ""regressor__C"": 5.0}",4320,211680,26.4,VP9,random,2,Prop0.02,61,True
CART,0.0290812456368518,"{""max_features"": 1.0, ""min_samples_leaf"": 2, ""splitter"": ""best""}",4320,211680,0.08,VP9,random,2,Prop0.02,62,True
kNN,1.6787143754756289,"{""n_neighbors"": 8, ""p"": 1, ""weights"": ""distance""}",4320,211680,49.41,VP9,random,2,Prop0.02,62,True
KRR,0.1653703135502561,"{""regressor__kernel"": ""rbf"", ""regressor__gamma"": 0.1, ""regressor__alpha"": 0.0001}",4320,211680,30.12,VP9,random,2,Prop0.02,62,True
MR,0.3858897639378424,"{""lasso__regressor__alpha"": 0.01}",4320,211680,6.3,VP9,random,2,Prop0.02,62,True
RF,0.0255384366559368,"{""max_features"": 1.0, ""min_samples_leaf"": 1, ""n_estimators"": 20}",4320,211680,1.05,VP9,random,2,Prop0.02,62,True
SVR,0.4576400179405762,"{""regressor__tol"": 0.05, ""regressor__shrinking"": true, ""regressor__epsilon"": 0.1, ""regressor__coef0"": 1.0, ""regressor__C"": 5.0}",4320,211680,26.82,VP9,random,2,Prop0.02,62,True
CART,0.0281360158053603,"{""max_features"": 1.0, ""min_samples_leaf"": 2, ""splitter"": ""best""}",4320,211680,0.07,VP9,random,2,Prop0.02,63,True
kNN,1.6774500172437576,"{""n_neighbors"": 8, ""p"": 1, ""weights"": ""distance""}",4320,211680,48.01,VP9,random,2,Prop0.02,63,True
KRR,0.1674549135262403,"{""regressor__kernel"": ""rbf"", ""regressor__gamma"": 0.1, ""regressor__alpha"": 0.0001}",4320,211680,31.47,VP9,random,2,Prop0.02,63,True
MR,0.3862486222816829,"{""lasso__regressor__alpha"": 0.01}",4320,211680,5.71,VP9,random,2,Prop0.02,63,True
RF,0.025055520101262,"{""max_features"": 1.0, ""min_samples_leaf"": 1, ""n_estimators"": 20}",4320,211680,1.02,VP9,random,2,Prop0.02,63,True
SVR,0.4618250193637318,"{""regressor__tol"": 0.05, ""regressor__shrinking"": true, ""regressor__epsilon"": 0.1, ""regressor__coef0"": 1.0, ""regressor__C"": 5.0}",4320,211680,27.36,VP9,random,2,Prop0.02,63,True
CART,0.0296282977702294,"{""max_features"": 1.0, ""min_samples_leaf"": 2, ""splitter"": ""best""}",4320,211680,0.09,VP9,random,2,Prop0.02,64,True
kNN,1.7079242929884968,"{""n_neighbors"": 8, ""p"": 1, ""weights"": ""distance""}",4320,211680,49.36,VP9,random,2,Prop0.02,64,True
KRR,0.1687407717093988,"{""regressor__kernel"": ""rbf"", ""regressor__gamma"": 0.1, ""regressor__alpha"": 0.0001}",4320,211680,29.91,VP9,random,2,Prop0.02,64,True
MR,0.3860296533208645,"{""lasso__regressor__alpha"": 0.01}",4320,211680,5.62,VP9,random,2,Prop0.02,64,True
RF,0.025202145360423,"{""max_features"": 1.0, ""min_samples_leaf"": 1, ""n_estimators"": 20}",4320,211680,1.02,VP9,random,2,Prop0.02,64,True
SVR,0.4623933080243185,"{""regressor__tol"": 0.05, ""regressor__shrinking"": true, ""regressor__epsilon"": 0.1, ""regressor__coef0"": 1.0, ""regressor__C"": 5.0}",4320,211680,27.2,VP9,random,2,Prop0.02,64,True
CART,0.0286068890240188,"{""max_features"": 1.0, ""min_samples_leaf"": 2, ""splitter"": ""best""}",4320,211680,0.07,VP9,random,2,Prop0.02,65,True
kNN,1.6148912655626586,"{""n_neighbors"": 8, ""p"": 1, ""weights"": ""distance""}",4320,211680,48.03,VP9,random,2,Prop0.02,65,True
KRR,0.1616343780861025,"{""regressor__kernel"": ""rbf"", ""regressor__gamma"": 0.1, ""regressor__alpha"": 0.0001}",4320,211680,31.33,VP9,random,2,Prop0.02,65,True
MR,0.3933768476958841,"{""lasso__regressor__alpha"": 0.01}",4320,211680,6.09,VP9,random,2,Prop0.02,65,True
RF,0.0257599308426663,"{""max_features"": 1.0, ""min_samples_leaf"": 1, ""n_estimators"": 20}",4320,211680,1.04,VP9,random,2,Prop0.02,65,True
SVR,0.4718643496778222,"{""regressor__tol"": 0.05, ""regressor__shrinking"": true, ""regressor__epsilon"": 0.1, ""regressor__coef0"": 1.0, ""regressor__C"": 5.0}",4320,211680,25.87,VP9,random,2,Prop0.02,65,True
CART,0.0292438143287224,"{""max_features"": 1.0, ""min_samples_leaf"": 2, ""splitter"": ""best""}",4320,211680,0.08,VP9,random,2,Prop0.02,66,True
kNN,1.6072453232459234,"{""n_neighbors"": 8, ""p"": 1, ""weights"": ""distance""}",4320,211680,49.34,VP9,random,2,Prop0.02,66,True
KRR,0.1638496039494689,"{""regressor__kernel"": ""rbf"", ""regressor__gamma"": 0.1, ""regressor__alpha"": 0.0001}",4320,211680,29.89,VP9,random,2,Prop0.02,66,True
MR,0.3950580530887103,"{""lasso__regressor__alpha"": 0.01}",4320,211680,6.13,VP9,random,2,Prop0.02,66,True
RF,0.0257994975891176,"{""max_features"": 1.0, ""min_samples_leaf"": 1, ""n_estimators"": 20}",4320,211680,1.06,VP9,random,2,Prop0.02,66,True
SVR,0.4460009674312797,"{""regressor__tol"": 0.05, ""regressor__shrinking"": true, ""regressor__epsilon"": 0.1, ""regressor__coef0"": 1.0, ""regressor__C"": 5.0}",4320,211680,25.81,VP9,random,2,Prop0.02,66,True
CART,0.0293401388433841,"{""max_features"": 1.0, ""min_samples_leaf"": 2, ""splitter"": ""best""}",4320,211680,0.08,VP9,random,2,Prop0.02,67,True
kNN,1.7416212661114665,"{""n_neighbors"": 8, ""p"": 1, ""weights"": ""distance""}",4320,211680,48.22,VP9,random,2,Prop0.02,67,True
KRR,0.1697601766767077,"{""regressor__kernel"": ""rbf"", ""regressor__gamma"": 0.1, ""regressor__alpha"": 0.0001}",4320,211680,31.36,VP9,random,2,Prop0.02,67,True
MR,0.3843106834833393,"{""lasso__regressor__alpha"": 0.01}",4320,211680,6.12,VP9,random,2,Prop0.02,67,True
RF,0.0259311349157341,"{""max_features"": 1.0, ""min_samples_leaf"": 1, ""n_estimators"": 20}",4320,211680,1.01,VP9,random,2,Prop0.02,67,True
SVR,0.4705772254249044,"{""regressor__tol"": 0.05, ""regressor__shrinking"": true, ""regressor__epsilon"": 0.1, ""regressor__coef0"": 1.0, ""regressor__C"": 5.0}",4320,211680,25.83,VP9,random,2,Prop0.02,67,True
CART,0.0297445685015794,"{""max_features"": 1.0, ""min_samples_leaf"": 2, ""splitter"": ""best""}",4320,211680,0.08,VP9,random,2,Prop0.02,68,True
kNN,1.516027773064531,"{""n_neighbors"": 8, ""p"": 1, ""weights"": ""distance""}",4320,211680,49.38,VP9,random,2,Prop0.02,68,True
KRR,0.1556798679459805,"{""regressor__kernel"": ""rbf"", ""regressor__gamma"": 0.1, ""regressor__alpha"": 0.0001}",4320,211680,30.85,VP9,random,2,Prop0.02,68,True
MR,0.4077085936086179,"{""lasso__regressor__alpha"": 0.01}",4320,211680,5.96,VP9,random,2,Prop0.02,68,True
RF,0.0255052153051056,"{""max_features"": 1.0, ""min_samples_leaf"": 1, ""n_estimators"": 20}",4320,211680,1.01,VP9,random,2,Prop0.02,68,True
SVR,0.4583246271833296,"{""regressor__tol"": 0.05, ""regressor__shrinking"": true, ""regressor__epsilon"": 0.1, ""regressor__coef0"": 1.0, ""regressor__C"": 5.0}",4320,211680,25.64,VP9,random,2,Prop0.02,68,True
CART,0.0295282100715932,"{""max_features"": 1.0, ""min_samples_leaf"": 2, ""splitter"": ""best""}",4320,211680,0.08,VP9,random,2,Prop0.02,69,True
kNN,1.6714325219619528,"{""n_neighbors"": 8, ""p"": 1, ""weights"": ""distance""}",4320,211680,48.05,VP9,random,2,Prop0.02,69,True
KRR,0.173807543687822,"{""regressor__kernel"": ""rbf"", ""regressor__gamma"": 0.1, ""regressor__alpha"": 0.0001}",4320,211680,31.4,VP9,random,2,Prop0.02,69,True
MR,0.39094394561598,"{""lasso__regressor__alpha"": 0.01}",4320,211680,6.09,VP9,random,2,Prop0.02,69,True
RF,0.0258763539382924,"{""max_features"": 1.0, ""min_samples_leaf"": 1, ""n_estimators"": 20}",4320,211680,1.04,VP9,random,2,Prop0.02,69,True
SVR,0.4656989681222127,"{""regressor__tol"": 0.05, ""regressor__shrinking"": true, ""regressor__epsilon"": 0.1, ""regressor__coef0"": 1.0, ""regressor__C"": 5.0}",4320,211680,26.25,VP9,random,2,Prop0.02,69,True
CART,0.0287919350752781,"{""max_features"": 1.0, ""min_samples_leaf"": 2, ""splitter"": ""best""}",4320,211680,0.08,VP9,random,2,Prop0.02,70,True
kNN,1.6901199863252143,"{""n_neighbors"": 8, ""p"": 1, ""weights"": ""distance""}",4320,211680,49.44,VP9,random,2,Prop0.02,70,True
KRR,0.1740114247807089,"{""regressor__kernel"": ""rbf"", ""regressor__gamma"": 0.1, ""regressor__alpha"": 0.0001}",4320,211680,30.34,VP9,random,2,Prop0.02,70,True
MR,0.4016367327240452,"{""lasso__regressor__alpha"": 0.01}",4320,211680,6.24,VP9,random,2,Prop0.02,70,True
RF,0.0256558271402227,"{""max_features"": 1.0, ""min_samples_leaf"": 1, ""n_estimators"": 20}",4320,211680,1.05,VP9,random,2,Prop0.02,70,True
SVR,0.461742633232783,"{""regressor__tol"": 0.05, ""regressor__shrinking"": true, ""regressor__epsilon"": 0.1, ""regressor__coef0"": 1.0, ""regressor__C"": 5.0}",4320,211680,27.35,VP9,random,2,Prop0.02,70,True
CART,0.0289322113979212,"{""max_features"": 1.0, ""min_samples_leaf"": 2, ""splitter"": ""best""}",4320,211680,0.08,VP9,random,2,Prop0.02,71,True
kNN,1.768939862469303,"{""n_neighbors"": 8, ""p"": 1, ""weights"": ""distance""}",4320,211680,48.39,VP9,random,2,Prop0.02,71,True
KRR,0.1736499310437983,"{""regressor__kernel"": ""rbf"", ""regressor__gamma"": 0.1, ""regressor__alpha"": 0.0001}",4320,211680,31.5,VP9,random,2,Prop0.02,71,True
MR,0.3835588633162531,"{""lasso__regressor__alpha"": 0.01}",4320,211680,6.35,VP9,random,2,Prop0.02,71,True
RF,0.0253577155850231,"{""max_features"": 1.0, ""min_samples_leaf"": 1, ""n_estimators"": 20}",4320,211680,0.98,VP9,random,2,Prop0.02,71,True
SVR,0.4841278533293311,"{""regressor__tol"": 0.05, ""regressor__shrinking"": true, ""regressor__epsilon"": 0.1, ""regressor__coef0"": 1.0, ""regressor__C"": 5.0}",4320,211680,26.71,VP9,random,2,Prop0.02,71,True
CART,0.0282668203488203,"{""max_features"": 1.0, ""min_samples_leaf"": 2, ""splitter"": ""best""}",4320,211680,0.08,VP9,random,2,Prop0.02,72,True
kNN,1.6474288712908909,"{""n_neighbors"": 8, ""p"": 1, ""weights"": ""distance""}",4320,211680,49.64,VP9,random,2,Prop0.02,72,True
KRR,0.1767741374278266,"{""regressor__kernel"": ""rbf"", ""regressor__gamma"": 0.1, ""regressor__alpha"": 0.0001}",4320,211680,31.05,VP9,random,2,Prop0.02,72,True
MR,0.3868548622542125,"{""lasso__regressor__alpha"": 0.01}",4320,211680,6.11,VP9,random,2,Prop0.02,72,True
RF,0.0249831630744534,"{""max_features"": 1.0, ""min_samples_leaf"": 1, ""n_estimators"": 20}",4320,211680,1.0,VP9,random,2,Prop0.02,72,True
SVR,0.4675662494652127,"{""regressor__tol"": 0.05, ""regressor__shrinking"": true, ""regressor__epsilon"": 0.1, ""regressor__coef0"": 1.0, ""regressor__C"": 5.0}",4320,211680,26.72,VP9,random,2,Prop0.02,72,True
CART,0.0284230930071959,"{""max_features"": 1.0, ""min_samples_leaf"": 2, ""splitter"": ""best""}",4320,211680,0.07,VP9,random,2,Prop0.02,73,True
kNN,1.632145454498804,"{""n_neighbors"": 8, ""p"": 1, ""weights"": ""distance""}",4320,211680,47.92,VP9,random,2,Prop0.02,73,True
KRR,0.1703124885092604,"{""regressor__kernel"": ""rbf"", ""regressor__gamma"": 0.1, ""regressor__alpha"": 0.0001}",4320,211680,31.37,VP9,random,2,Prop0.02,73,True
MR,0.3970840320174129,"{""lasso__regressor__alpha"": 0.01}",4320,211680,5.38,VP9,random,2,Prop0.02,73,True
RF,0.0252495449647374,"{""max_features"": 1.0, ""min_samples_leaf"": 1, ""n_estimators"": 20}",4320,211680,1.05,VP9,random,2,Prop0.02,73,True
SVR,0.4631692176677033,"{""regressor__tol"": 0.05, ""regressor__shrinking"": true, ""regressor__epsilon"": 0.1, ""regressor__coef0"": 1.0, ""regressor__C"": 5.0}",4320,211680,26.69,VP9,random,2,Prop0.02,73,True
CART,0.03010136314597,"{""max_features"": 1.0, ""min_samples_leaf"": 2, ""splitter"": ""best""}",4320,211680,0.08,VP9,random,2,Prop0.02,74,True
kNN,1.6356712388072057,"{""n_neighbors"": 8, ""p"": 1, ""weights"": ""distance""}",4320,211680,49.37,VP9,random,2,Prop0.02,74,True
KRR,0.1632726023449963,"{""regressor__kernel"": ""rbf"", ""regressor__gamma"": 0.1, ""regressor__alpha"": 0.0001}",4320,211680,29.44,VP9,random,2,Prop0.02,74,True
MR,0.3845600037563493,"{""lasso__regressor__alpha"": 0.01}",4320,211680,5.74,VP9,random,2,Prop0.02,74,True
RF,0.0263748213698445,"{""max_features"": 1.0, ""min_samples_leaf"": 1, ""n_estimators"": 20}",4320,211680,1.05,VP9,random,2,Prop0.02,74,True
SVR,0.4514130775605096,"{""regressor__tol"": 0.05, ""regressor__shrinking"": true, ""regressor__epsilon"": 0.1, ""regressor__coef0"": 1.0, ""regressor__C"": 5.0}",4320,211680,26.15,VP9,random,2,Prop0.02,74,True
CART,0.0284657731290059,"{""max_features"": 1.0, ""min_samples_leaf"": 2, ""splitter"": ""best""}",4320,211680,0.08,VP9,random,2,Prop0.02,75,True
kNN,1.6174379992639742,"{""n_neighbors"": 8, ""p"": 1, ""weights"": ""distance""}",4320,211680,48.27,VP9,random,2,Prop0.02,75,True
KRR,0.1605865737719455,"{""regressor__kernel"": ""rbf"", ""regressor__gamma"": 0.1, ""regressor__alpha"": 0.0001}",4320,211680,31.49,VP9,random,2,Prop0.02,75,True
MR,0.3839310929577139,"{""lasso__regressor__alpha"": 0.01}",4320,211680,6.18,VP9,random,2,Prop0.02,75,True
RF,0.0259200559096152,"{""max_features"": 1.0, ""min_samples_leaf"": 1, ""n_estimators"": 20}",4320,211680,0.98,VP9,random,2,Prop0.02,75,True
SVR,0.4656238227881414,"{""regressor__tol"": 0.05, ""regressor__shrinking"": true, ""regressor__epsilon"": 0.1, ""regressor__coef0"": 1.0, ""regressor__C"": 5.0}",4320,211680,25.21,VP9,random,2,Prop0.02,75,True
CART,0.0298238275996825,"{""max_features"": 1.0, ""min_samples_leaf"": 2, ""splitter"": ""best""}",4320,211680,0.07,VP9,random,2,Prop0.02,76,True
kNN,1.7274929242350172,"{""n_neighbors"": 8, ""p"": 1, ""weights"": ""distance""}",4320,211680,49.58,VP9,random,2,Prop0.02,76,True
KRR,0.1660117176048682,"{""regressor__kernel"": ""rbf"", ""regressor__gamma"": 0.1, ""regressor__alpha"": 0.0001}",4320,211680,31.01,VP9,random,2,Prop0.02,76,True
MR,0.4021532642011289,"{""lasso__regressor__alpha"": 0.01}",4320,211680,5.89,VP9,random,2,Prop0.02,76,True
RF,0.0261037323636889,"{""max_features"": 1.0, ""min_samples_leaf"": 1, ""n_estimators"": 20}",4320,211680,1.0,VP9,random,2,Prop0.02,76,True
SVR,0.4652836934648169,"{""regressor__tol"": 0.05, ""regressor__shrinking"": true, ""regressor__epsilon"": 0.1, ""regressor__coef0"": 1.0, ""regressor__C"": 5.0}",4320,211680,26.3,VP9,random,2,Prop0.02,76,True
CART,0.0295522347873822,"{""max_features"": 1.0, ""min_samples_leaf"": 2, ""splitter"": ""best""}",4320,211680,0.08,VP9,random,2,Prop0.02,77,True
kNN,1.6788098258663635,"{""n_neighbors"": 8, ""p"": 1, ""weights"": ""distance""}",4320,211680,48.03,VP9,random,2,Prop0.02,77,True
KRR,0.16655397699829,"{""regressor__kernel"": ""rbf"", ""regressor__gamma"": 0.1, ""regressor__alpha"": 0.0001}",4320,211680,31.29,VP9,random,2,Prop0.02,77,True
MR,0.3998772109230198,"{""lasso__regressor__alpha"": 0.01}",4320,211680,5.67,VP9,random,2,Prop0.02,77,True
RF,0.0259698911590941,"{""max_features"": 1.0, ""min_samples_leaf"": 1, ""n_estimators"": 20}",4320,211680,1.03,VP9,random,2,Prop0.02,77,True
SVR,0.4600205432730414,"{""regressor__tol"": 0.05, ""regressor__shrinking"": true, ""regressor__epsilon"": 0.1, ""regressor__coef0"": 1.0, ""regressor__C"": 5.0}",4320,211680,25.91,VP9,random,2,Prop0.02,77,True
CART,0.0294175201950988,"{""max_features"": 1.0, ""min_samples_leaf"": 2, ""splitter"": ""best""}",4320,211680,0.08,VP9,random,2,Prop0.02,78,True
kNN,1.634653363640429,"{""n_neighbors"": 8, ""p"": 1, ""weights"": ""distance""}",4320,211680,49.39,VP9,random,2,Prop0.02,78,True
KRR,0.1683812113202156,"{""regressor__kernel"": ""rbf"", ""regressor__gamma"": 0.1, ""regressor__alpha"": 0.0001}",4320,211680,30.17,VP9,random,2,Prop0.02,78,True
MR,0.4037270431119136,"{""lasso__regressor__alpha"": 0.01}",4320,211680,5.99,VP9,random,2,Prop0.02,78,True
RF,0.0260124727219889,"{""max_features"": 1.0, ""min_samples_leaf"": 1, ""n_estimators"": 20}",4320,211680,1.05,VP9,random,2,Prop0.02,78,True
SVR,0.4468086447055473,"{""regressor__tol"": 0.05, ""regressor__shrinking"": true, ""regressor__epsilon"": 0.1, ""regressor__coef0"": 1.0, ""regressor__C"": 5.0}",4320,211680,26.71,VP9,random,2,Prop0.02,78,True
CART,0.0290071315790565,"{""max_features"": 1.0, ""min_samples_leaf"": 2, ""splitter"": ""best""}",4320,211680,0.08,VP9,random,2,Prop0.02,79,True
kNN,1.6228844951787802,"{""n_neighbors"": 8, ""p"": 1, ""weights"": ""distance""}",4320,211680,48.18,VP9,random,2,Prop0.02,79,True
KRR,0.1671168024959606,"{""regressor__kernel"": ""rbf"", ""regressor__gamma"": 0.1, ""regressor__alpha"": 0.0001}",4320,211680,31.49,VP9,random,2,Prop0.02,79,True
MR,0.3863874352835141,"{""lasso__regressor__alpha"": 0.01}",4320,211680,5.83,VP9,random,2,Prop0.02,79,True
RF,0.0256410786822172,"{""max_features"": 1.0, ""min_samples_leaf"": 1, ""n_estimators"": 20}",4320,211680,1.03,VP9,random,2,Prop0.02,79,True
SVR,0.4619942974422525,"{""regressor__tol"": 0.05, ""regressor__shrinking"": true, ""regressor__epsilon"": 0.1, ""regressor__coef0"": 1.0, ""regressor__C"": 5.0}",4320,211680,26.58,VP9,random,2,Prop0.02,79,True
CART,0.0299131464314365,"{""max_features"": 1.0, ""min_samples_leaf"": 2, ""splitter"": ""best""}",4320,211680,0.08,VP9,random,2,Prop0.02,80,True
kNN,1.6852430050933545,"{""n_neighbors"": 8, ""p"": 1, ""weights"": ""distance""}",4320,211680,49.38,VP9,random,2,Prop0.02,80,True
KRR,0.1805566352695943,"{""regressor__kernel"": ""rbf"", ""regressor__gamma"": 0.1, ""regressor__alpha"": 0.0001}",4320,211680,30.29,VP9,random,2,Prop0.02,80,True
MR,0.3880372283633493,"{""lasso__regressor__alpha"": 0.01}",4320,211680,5.51,VP9,random,2,Prop0.02,80,True
RF,0.0258921667631505,"{""max_features"": 1.0, ""min_samples_leaf"": 1, ""n_estimators"": 20}",4320,211680,1.02,VP9,random,2,Prop0.02,80,True
SVR,0.4755142304145963,"{""regressor__tol"": 0.05, ""regressor__shrinking"": true, ""regressor__epsilon"": 0.1, ""regressor__coef0"": 1.0, ""regressor__C"": 5.0}",4320,211680,26.75,VP9,random,2,Prop0.02,80,True
CART,0.028938248292599,"{""max_features"": 1.0, ""min_samples_leaf"": 2, ""splitter"": ""best""}",4320,211680,0.07,VP9,random,2,Prop0.02,81,True
kNN,1.6012830449672912,"{""n_neighbors"": 8, ""p"": 1, ""weights"": ""distance""}",4320,211680,47.94,VP9,random,2,Prop0.02,81,True
KRR,0.1674567513835166,"{""regressor__kernel"": ""rbf"", ""regressor__gamma"": 0.1, ""regressor__alpha"": 0.0001}",4320,211680,31.36,VP9,random,2,Prop0.02,81,True
MR,0.3922697931659709,"{""lasso__regressor__alpha"": 0.01}",4320,211680,5.29,VP9,random,2,Prop0.02,81,True
RF,0.024963095622584,"{""max_features"": 1.0, ""min_samples_leaf"": 1, ""n_estimators"": 20}",4320,211680,1.04,VP9,random,2,Prop0.02,81,True
SVR,0.455379034567497,"{""regressor__tol"": 0.05, ""regressor__shrinking"": true, ""regressor__epsilon"": 0.1, ""regressor__coef0"": 1.0, ""regressor__C"": 5.0}",4320,211680,26.93,VP9,random,2,Prop0.02,81,True
CART,0.0291649102814503,"{""max_features"": 1.0, ""min_samples_leaf"": 2, ""splitter"": ""best""}",4320,211680,0.08,VP9,random,2,Prop0.02,82,True
kNN,1.4996348617987865,"{""n_neighbors"": 8, ""p"": 1, ""weights"": ""distance""}",4320,211680,49.36,VP9,random,2,Prop0.02,82,True
KRR,0.1550141656769403,"{""regressor__kernel"": ""rbf"", ""regressor__gamma"": 0.1, ""regressor__alpha"": 0.0001}",4320,211680,29.35,VP9,random,2,Prop0.02,82,True
MR,0.4065790301317994,"{""lasso__regressor__alpha"": 0.01}",4320,211680,5.71,VP9,random,2,Prop0.02,82,True
RF,0.0255112860985753,"{""max_features"": 1.0, ""min_samples_leaf"": 1, ""n_estimators"": 20}",4320,211680,1.05,VP9,random,2,Prop0.02,82,True
SVR,0.4369403048357351,"{""regressor__tol"": 0.05, ""regressor__shrinking"": true, ""regressor__epsilon"": 0.1, ""regressor__coef0"": 1.0, ""regressor__C"": 5.0}",4320,211680,27.17,VP9,random,2,Prop0.02,82,True
CART,0.0298377828416825,"{""max_features"": 1.0, ""min_samples_leaf"": 2, ""splitter"": ""best""}",4320,211680,0.08,VP9,random,2,Prop0.02,83,True
kNN,1.7012020562832495,"{""n_neighbors"": 8, ""p"": 1, ""weights"": ""distance""}",4320,211680,48.06,VP9,random,2,Prop0.02,83,True
KRR,0.1694878413782564,"{""regressor__kernel"": ""rbf"", ""regressor__gamma"": 0.1, ""regressor__alpha"": 0.0001}",4320,211680,31.3,VP9,random,2,Prop0.02,83,True
MR,0.3985761615742172,"{""lasso__regressor__alpha"": 0.01}",4320,211680,5.54,VP9,random,2,Prop0.02,83,True
RF,0.0257662870317285,"{""max_features"": 1.0, ""min_samples_leaf"": 1, ""n_estimators"": 20}",4320,211680,1.02,VP9,random,2,Prop0.02,83,True
SVR,0.4660088421215512,"{""regressor__tol"": 0.05, ""regressor__shrinking"": true, ""regressor__epsilon"": 0.1, ""regressor__coef0"": 1.0, ""regressor__C"": 5.0}",4320,211680,26.22,VP9,random,2,Prop0.02,83,True
CART,0.028576817156247,"{""max_features"": 1.0, ""min_samples_leaf"": 2, ""splitter"": ""best""}",4320,211680,0.08,VP9,random,2,Prop0.02,84,True
kNN,1.6637899689671802,"{""n_neighbors"": 8, ""p"": 1, ""weights"": ""distance""}",4320,211680,49.42,VP9,random,2,Prop0.02,84,True
KRR,0.1713148625735919,"{""regressor__kernel"": ""rbf"", ""regressor__gamma"": 0.1, ""regressor__alpha"": 0.0001}",4320,211680,30.5,VP9,random,2,Prop0.02,84,True
MR,0.3876050339736148,"{""lasso__regressor__alpha"": 0.01}",4320,211680,5.39,VP9,random,2,Prop0.02,84,True
RF,0.0256277165437431,"{""max_features"": 1.0, ""min_samples_leaf"": 1, ""n_estimators"": 20}",4320,211680,1.02,VP9,random,2,Prop0.02,84,True
SVR,0.487031485606567,"{""regressor__tol"": 0.05, ""regressor__shrinking"": true, ""regressor__epsilon"": 0.1, ""regressor__coef0"": 1.0, ""regressor__C"": 5.0}",4320,211680,26.53,VP9,random,2,Prop0.02,84,True
CART,0.0286215054175788,"{""max_features"": 1.0, ""min_samples_leaf"": 2, ""splitter"": ""best""}",4320,211680,0.06,VP9,random,2,Prop0.02,85,True
kNN,1.7322579349123384,"{""n_neighbors"": 8, ""p"": 1, ""weights"": ""distance""}",4320,211680,48.21,VP9,random,2,Prop0.02,85,True
KRR,0.1732759707558258,"{""regressor__kernel"": ""rbf"", ""regressor__gamma"": 0.1, ""regressor__alpha"": 0.0001}",4320,211680,30.32,VP9,random,2,Prop0.02,85,True
MR,0.3895489484177029,"{""lasso__regressor__alpha"": 0.01}",4320,211680,5.9,VP9,random,2,Prop0.02,85,True
RF,0.0255345648853162,"{""max_features"": 1.0, ""min_samples_leaf"": 1, ""n_estimators"": 20}",4320,211680,1.02,VP9,random,2,Prop0.02,85,True
SVR,0.4610369691888655,"{""regressor__tol"": 0.05, ""regressor__shrinking"": true, ""regressor__epsilon"": 0.1, ""regressor__coef0"": 1.0, ""regressor__C"": 5.0}",4320,211680,26.58,VP9,random,2,Prop0.02,85,True
CART,0.0283299334464137,"{""max_features"": 1.0, ""min_samples_leaf"": 2, ""splitter"": ""best""}",4320,211680,0.08,VP9,random,2,Prop0.02,86,True
kNN,1.646731222325438,"{""n_neighbors"": 8, ""p"": 1, ""weights"": ""distance""}",4320,211680,47.96,VP9,random,2,Prop0.02,86,True
KRR,0.1676291597373206,"{""regressor__kernel"": ""rbf"", ""regressor__gamma"": 0.1, ""regressor__alpha"": 0.0001}",4320,211680,30.82,VP9,random,2,Prop0.02,86,True
MR,0.380854880035046,"{""lasso__regressor__alpha"": 0.01}",4320,211680,4.96,VP9,random,2,Prop0.02,86,True
RF,0.0247276927671455,"{""max_features"": 1.0, ""min_samples_leaf"": 1, ""n_estimators"": 20}",4320,211680,0.94,VP9,random,2,Prop0.02,86,True
SVR,0.4659804287986669,"{""regressor__tol"": 0.05, ""regressor__shrinking"": true, ""regressor__epsilon"": 0.1, ""regressor__coef0"": 1.0, ""regressor__C"": 5.0}",4320,211680,26.73,VP9,random,2,Prop0.02,86,True
CART,0.0293132331083473,"{""max_features"": 1.0, ""min_samples_leaf"": 2, ""splitter"": ""best""}",4320,211680,0.08,VP9,random,2,Prop0.02,87,True
kNN,1.673098352766695,"{""n_neighbors"": 8, ""p"": 1, ""weights"": ""distance""}",4320,211680,51.12,VP9,random,2,Prop0.02,87,True
KRR,0.1708690564889668,"{""regressor__kernel"": ""rbf"", ""regressor__gamma"": 0.1, ""regressor__alpha"": 0.0001}",4320,211680,28.71,VP9,random,2,Prop0.02,87,True
MR,0.390313745616774,"{""lasso__regressor__alpha"": 0.01}",4320,211680,4.98,VP9,random,2,Prop0.02,87,True
RF,0.0260246475689139,"{""max_features"": 1.0, ""min_samples_leaf"": 1, ""n_estimators"": 20}",4320,211680,0.97,VP9,random,2,Prop0.02,87,True
SVR,0.4598475954206643,"{""regressor__tol"": 0.05, ""regressor__shrinking"": true, ""regressor__epsilon"": 0.1, ""regressor__coef0"": 1.0, ""regressor__C"": 5.0}",4320,211680,26.05,VP9,random,2,Prop0.02,87,True
CART,0.0286813674448625,"{""max_features"": 1.0, ""min_samples_leaf"": 2, ""splitter"": ""best""}",4320,211680,0.08,VP9,random,2,Prop0.02,88,True
kNN,1.5805242770037498,"{""n_neighbors"": 8, ""p"": 1, ""weights"": ""distance""}",4320,211680,50.7,VP9,random,2,Prop0.02,88,True
KRR,0.1575840564108946,"{""regressor__kernel"": ""rbf"", ""regressor__gamma"": 0.1, ""regressor__alpha"": 0.0001}",4320,211680,27.75,VP9,random,2,Prop0.02,88,True
MR,0.4072217952757115,"{""lasso__regressor__alpha"": 0.01}",4320,211680,5.25,VP9,random,2,Prop0.02,88,True
RF,0.0252850963830831,"{""max_features"": 1.0, ""min_samples_leaf"": 1, ""n_estimators"": 20}",4320,211680,1.0,VP9,random,2,Prop0.02,88,True
SVR,0.4728378057895103,"{""regressor__tol"": 0.05, ""regressor__shrinking"": true, ""regressor__epsilon"": 0.1, ""regressor__coef0"": 1.0, ""regressor__C"": 5.0}",4320,211680,25.68,VP9,random,2,Prop0.02,88,True
CART,0.0287328381108621,"{""max_features"": 1.0, ""min_samples_leaf"": 2, ""splitter"": ""best""}",4320,211680,0.07,VP9,random,2,Prop0.02,89,True
kNN,1.7236629173160487,"{""n_neighbors"": 8, ""p"": 1, ""weights"": ""distance""}",4320,211680,48.24,VP9,random,2,Prop0.02,89,True
KRR,0.1679005083590245,"{""regressor__kernel"": ""rbf"", ""regressor__gamma"": 0.1, ""regressor__alpha"": 0.0001}",4320,211680,30.3,VP9,random,2,Prop0.02,89,True
MR,0.3846698992286144,"{""lasso__regressor__alpha"": 0.01}",4320,211680,5.53,VP9,random,2,Prop0.02,89,True
RF,0.0259437706453057,"{""max_features"": 1.0, ""min_samples_leaf"": 1, ""n_estimators"": 20}",4320,211680,1.09,VP9,random,2,Prop0.02,89,True
SVR,0.4593511139543869,"{""regressor__tol"": 0.05, ""regressor__shrinking"": true, ""regressor__epsilon"": 0.1, ""regressor__coef0"": 1.0, ""regressor__C"": 5.0}",4320,211680,27.59,VP9,random,2,Prop0.02,89,True
CART,0.0299208425361197,"{""max_features"": 1.0, ""min_samples_leaf"": 2, ""splitter"": ""best""}",4320,211680,0.07,VP9,random,2,Prop0.02,90,True
kNN,1.647471899694062,"{""n_neighbors"": 8, ""p"": 1, ""weights"": ""distance""}",4320,211680,47.95,VP9,random,2,Prop0.02,90,True
KRR,0.1688401455844764,"{""regressor__kernel"": ""rbf"", ""regressor__gamma"": 0.1, ""regressor__alpha"": 0.0001}",4320,211680,31.27,VP9,random,2,Prop0.02,90,True
MR,0.38886691702534,"{""lasso__regressor__alpha"": 0.01}",4320,211680,6.11,VP9,random,2,Prop0.02,90,True
RF,0.0263787377307467,"{""max_features"": 1.0, ""min_samples_leaf"": 1, ""n_estimators"": 20}",4320,211680,1.05,VP9,random,2,Prop0.02,90,True
SVR,0.4562877931549625,"{""regressor__tol"": 0.05, ""regressor__shrinking"": true, ""regressor__epsilon"": 0.1, ""regressor__coef0"": 1.0, ""regressor__C"": 5.0}",4320,211680,26.11,VP9,random,2,Prop0.02,90,True
CART,0.0283431604881564,"{""max_features"": 1.0, ""min_samples_leaf"": 2, ""splitter"": ""best""}",4320,211680,0.08,VP9,random,2,Prop0.02,91,True
kNN,1.6176672727004016,"{""n_neighbors"": 8, ""p"": 1, ""weights"": ""distance""}",4320,211680,49.7,VP9,random,2,Prop0.02,91,True
KRR,0.1568956390021947,"{""regressor__kernel"": ""rbf"", ""regressor__gamma"": 0.1, ""regressor__alpha"": 0.0001}",4320,211680,28.98,VP9,random,2,Prop0.02,91,True
MR,0.3873974184470389,"{""lasso__regressor__alpha"": 0.01}",4320,211680,6.03,VP9,random,2,Prop0.02,91,True
RF,0.0257201421984194,"{""max_features"": 1.0, ""min_samples_leaf"": 1, ""n_estimators"": 20}",4320,211680,1.01,VP9,random,2,Prop0.02,91,True
SVR,0.4630989443297884,"{""regressor__tol"": 0.05, ""regressor__shrinking"": true, ""regressor__epsilon"": 0.1, ""regressor__coef0"": 1.0, ""regressor__C"": 5.0}",4320,211680,26.84,VP9,random,2,Prop0.02,91,True
CART,0.0288915282160329,"{""max_features"": 1.0, ""min_samples_leaf"": 2, ""splitter"": ""best""}",4320,211680,0.08,VP9,random,2,Prop0.02,92,True
kNN,1.7142635219809532,"{""n_neighbors"": 8, ""p"": 1, ""weights"": ""distance""}",4320,211680,51.08,VP9,random,2,Prop0.02,92,True
KRR,0.1701652360545469,"{""regressor__kernel"": ""rbf"", ""regressor__gamma"": 0.1, ""regressor__alpha"": 0.0001}",4320,211680,28.47,VP9,random,2,Prop0.02,92,True
MR,0.3993650488698441,"{""lasso__regressor__alpha"": 0.01}",4320,211680,5.06,VP9,random,2,Prop0.02,92,True
RF,0.0252519708493193,"{""max_features"": 1.0, ""min_samples_leaf"": 1, ""n_estimators"": 20}",4320,211680,1.0,VP9,random,2,Prop0.02,92,True
SVR,0.4634570575843147,"{""regressor__tol"": 0.05, ""regressor__shrinking"": true, ""regressor__epsilon"": 0.1, ""regressor__coef0"": 1.0, ""regressor__C"": 5.0}",4320,211680,26.66,VP9,random,2,Prop0.02,92,True
CART,0.0296727144987999,"{""max_features"": 1.0, ""min_samples_leaf"": 2, ""splitter"": ""best""}",4320,211680,0.07,VP9,random,2,Prop0.02,93,True
kNN,1.7328722816545552,"{""n_neighbors"": 8, ""p"": 1, ""weights"": ""distance""}",4320,211680,48.08,VP9,random,2,Prop0.02,93,True
KRR,0.1678925644048047,"{""regressor__kernel"": ""rbf"", ""regressor__gamma"": 0.1, ""regressor__alpha"": 0.0001}",4320,211680,30.19,VP9,random,2,Prop0.02,93,True
MR,0.4084558115664133,"{""lasso__regressor__alpha"": 0.01}",4320,211680,4.34,VP9,random,2,Prop0.02,93,True
RF,0.0261603391520639,"{""max_features"": 1.0, ""min_samples_leaf"": 1, ""n_estimators"": 20}",4320,211680,1.12,VP9,random,2,Prop0.02,93,True
SVR,0.4655127956141274,"{""regressor__tol"": 0.05, ""regressor__shrinking"": true, ""regressor__epsilon"": 0.1, ""regressor__coef0"": 1.0, ""regressor__C"": 5.0}",4320,211680,27.53,VP9,random,2,Prop0.02,93,True
CART,0.0291143583294586,"{""max_features"": 1.0, ""min_samples_leaf"": 2, ""splitter"": ""best""}",4320,211680,0.07,VP9,random,2,Prop0.02,94,True
kNN,1.7456662139657164,"{""n_neighbors"": 8, ""p"": 1, ""weights"": ""distance""}",4320,211680,47.86,VP9,random,2,Prop0.02,94,True
KRR,0.17116902683273,"{""regressor__kernel"": ""rbf"", ""regressor__gamma"": 0.1, ""regressor__alpha"": 0.0001}",4320,211680,31.59,VP9,random,2,Prop0.02,94,True
MR,0.3839222073716515,"{""lasso__regressor__alpha"": 0.01}",4320,211680,5.88,VP9,random,2,Prop0.02,94,True
RF,0.0256680336829514,"{""max_features"": 1.0, ""min_samples_leaf"": 1, ""n_estimators"": 20}",4320,211680,1.02,VP9,random,2,Prop0.02,94,True
SVR,0.4503491139302386,"{""regressor__tol"": 0.05, ""regressor__shrinking"": true, ""regressor__epsilon"": 0.1, ""regressor__coef0"": 1.0, ""regressor__C"": 5.0}",4320,211680,28.25,VP9,random,2,Prop0.02,94,True
CART,0.0282625152530049,"{""max_features"": 1.0, ""min_samples_leaf"": 2, ""splitter"": ""best""}",4320,211680,0.08,VP9,random,2,Prop0.02,95,True
kNN,1.6266424780021738,"{""n_neighbors"": 8, ""p"": 1, ""weights"": ""distance""}",4320,211680,49.41,VP9,random,2,Prop0.02,95,True
KRR,0.1618545373107004,"{""regressor__kernel"": ""rbf"", ""regressor__gamma"": 0.1, ""regressor__alpha"": 0.0001}",4320,211680,29.36,VP9,random,2,Prop0.02,95,True
MR,0.3894725444496348,"{""lasso__regressor__alpha"": 0.01}",4320,211680,5.85,VP9,random,2,Prop0.02,95,True
RF,0.0253458017457938,"{""max_features"": 1.0, ""min_samples_leaf"": 1, ""n_estimators"": 20}",4320,211680,1.03,VP9,random,2,Prop0.02,95,True
SVR,0.4522167406858885,"{""regressor__tol"": 0.05, ""regressor__shrinking"": true, ""regressor__epsilon"": 0.1, ""regressor__coef0"": 1.0, ""regressor__C"": 5.0}",4320,211680,27.14,VP9,random,2,Prop0.02,95,True
CART,0.0296338718092974,"{""max_features"": 1.0, ""min_samples_leaf"": 2, ""splitter"": ""best""}",4320,211680,0.08,VP9,random,2,Prop0.02,96,True
kNN,1.6796109722636634,"{""n_neighbors"": 8, ""p"": 1, ""weights"": ""distance""}",4320,211680,51.06,VP9,random,2,Prop0.02,96,True
KRR,0.1713170673569999,"{""regressor__kernel"": ""rbf"", ""regressor__gamma"": 0.1, ""regressor__alpha"": 0.0001}",4320,211680,27.42,VP9,random,2,Prop0.02,96,True
MR,0.3887894897268112,"{""lasso__regressor__alpha"": 0.01}",4320,211680,4.81,VP9,random,2,Prop0.02,96,True
RF,0.0264186687991256,"{""max_features"": 1.0, ""min_samples_leaf"": 1, ""n_estimators"": 20}",4320,211680,1.01,VP9,random,2,Prop0.02,96,True
SVR,0.4678282555851887,"{""regressor__tol"": 0.05, ""regressor__shrinking"": true, ""regressor__epsilon"": 0.1, ""regressor__coef0"": 1.0, ""regressor__C"": 5.0}",4320,211680,27.09,VP9,random,2,Prop0.02,96,True
CART,0.0295727792463432,"{""max_features"": 1.0, ""min_samples_leaf"": 2, ""splitter"": ""best""}",4320,211680,0.07,VP9,random,2,Prop0.02,97,True
kNN,1.514605127694783,"{""n_neighbors"": 8, ""p"": 1, ""weights"": ""distance""}",4320,211680,47.47,VP9,random,2,Prop0.02,97,True
KRR,0.1638895896104465,"{""regressor__kernel"": ""rbf"", ""regressor__gamma"": 0.1, ""regressor__alpha"": 0.0001}",4320,211680,29.97,VP9,random,2,Prop0.02,97,True
MR,0.3868373529771081,"{""lasso__regressor__alpha"": 0.01}",4320,211680,3.96,VP9,random,2,Prop0.02,97,True
RF,0.025790810199083,"{""max_features"": 1.0, ""min_samples_leaf"": 1, ""n_estimators"": 20}",4320,211680,1.03,VP9,random,2,Prop0.02,97,True
SVR,0.4531968621172028,"{""regressor__tol"": 0.05, ""regressor__shrinking"": true, ""regressor__epsilon"": 0.1, ""regressor__coef0"": 1.0, ""regressor__C"": 5.0}",4320,211680,27.01,VP9,random,2,Prop0.02,97,True
CART,0.0286880078126573,"{""max_features"": 1.0, ""min_samples_leaf"": 2, ""splitter"": ""best""}",4320,211680,0.08,VP9,random,2,Prop0.02,98,True
kNN,1.7171289544707615,"{""n_neighbors"": 8, ""p"": 1, ""weights"": ""distance""}",4320,211680,50.4,VP9,random,2,Prop0.02,98,True
KRR,0.1636017173478423,"{""regressor__kernel"": ""rbf"", ""regressor__gamma"": 0.1, ""regressor__alpha"": 0.0001}",4320,211680,27.19,VP9,random,2,Prop0.02,98,True
MR,0.3925946911165849,"{""lasso__regressor__alpha"": 0.01}",4320,211680,4.62,VP9,random,2,Prop0.02,98,True
RF,0.025185940096745,"{""max_features"": 1.0, ""min_samples_leaf"": 1, ""n_estimators"": 20}",4320,211680,1.03,VP9,random,2,Prop0.02,98,True
SVR,0.4613173221030796,"{""regressor__tol"": 0.05, ""regressor__shrinking"": true, ""regressor__epsilon"": 0.1, ""regressor__coef0"": 1.0, ""regressor__C"": 5.0}",4320,211680,23.18,VP9,random,2,Prop0.02,98,True
CART,0.0290161274049704,"{""max_features"": 1.0, ""min_samples_leaf"": 2, ""splitter"": ""best""}",4320,211680,0.08,VP9,random,2,Prop0.02,99,True
kNN,1.677748226776126,"{""n_neighbors"": 8, ""p"": 1, ""weights"": ""distance""}",4320,211680,48.2,VP9,random,2,Prop0.02,99,True
KRR,0.1647465787488772,"{""regressor__kernel"": ""rbf"", ""regressor__gamma"": 0.1, ""regressor__alpha"": 0.0001}",4320,211680,31.34,VP9,random,2,Prop0.02,99,True
MR,0.3925025107264678,"{""lasso__regressor__alpha"": 0.01}",4320,211680,5.46,VP9,random,2,Prop0.02,99,True
RF,0.025562841701434,"{""max_features"": 1.0, ""min_samples_leaf"": 1, ""n_estimators"": 20}",4320,211680,1.02,VP9,random,2,Prop0.02,99,True
SVR,0.4764514792525524,"{""regressor__tol"": 0.05, ""regressor__shrinking"": true, ""regressor__epsilon"": 0.1, ""regressor__coef0"": 1.0, ""regressor__C"": 5.0}",4320,211680,23.77,VP9,random,2,Prop0.02,99,True
CART,0.0288610235403672,"{""max_features"": 1.0, ""min_samples_leaf"": 2, ""splitter"": ""best""}",4320,211680,0.08,VP9,random,2,Prop0.02,100,True
kNN,1.8043083450131057,"{""n_neighbors"": 8, ""p"": 1, ""weights"": ""distance""}",4320,211680,49.43,VP9,random,2,Prop0.02,100,True
KRR,0.1763394516624029,"{""regressor__kernel"": ""rbf"", ""regressor__gamma"": 0.1, ""regressor__alpha"": 0.0001}",4320,211680,30.87,VP9,random,2,Prop0.02,100,True
MR,0.4004231681125092,"{""lasso__regressor__alpha"": 0.01}",4320,211680,5.28,VP9,random,2,Prop0.02,100,True
RF,0.0256181726240904,"{""max_features"": 1.0, ""min_samples_leaf"": 1, ""n_estimators"": 20}",4320,211680,1.02,VP9,random,2,Prop0.02,100,True
SVR,0.4721769014743593,"{""regressor__tol"": 0.05, ""regressor__shrinking"": true, ""regressor__epsilon"": 0.1, ""regressor__coef0"": 1.0, ""regressor__C"": 5.0}",4320,211680,23.51,VP9,random,2,Prop0.02,100,True
CART,0.02309379190338,"{""max_features"": 1.0, ""min_samples_leaf"": 2, ""splitter"": ""best""}",10800,205200,0.12,VP9,random,2,Prop0.05,1,True
kNN,1.36067027287066,"{""n_neighbors"": 8, ""p"": 1, ""weights"": ""distance""}",10800,205200,115.79,VP9,random,2,Prop0.05,1,True
KRR,0.0920977962051724,"{""regressor__kernel"": ""rbf"", ""regressor__gamma"": 0.1, ""regressor__alpha"": 0.01}",10800,205200,95.9,VP9,random,2,Prop0.05,1,True
MR,0.3857417900819593,"{""lasso__regressor__alpha"": 0.01}",10800,205200,6.93,VP9,random,2,Prop0.05,1,True
RF,0.0201056058526807,"{""max_features"": 1.0, ""min_samples_leaf"": 2, ""n_estimators"": 20}",10800,205200,1.42,VP9,random,2,Prop0.05,1,True
SVR,0.409179965711679,"{""regressor__tol"": 0.05, ""regressor__shrinking"": true, ""regressor__epsilon"": 0.1, ""regressor__coef0"": 1.0, ""regressor__C"": 5.0}",10800,205200,41.75,VP9,random,2,Prop0.05,1,True
CART,0.0229931620172452,"{""max_features"": 1.0, ""min_samples_leaf"": 2, ""splitter"": ""best""}",10800,205200,0.13,VP9,random,2,Prop0.05,2,True
kNN,1.3475998542693084,"{""n_neighbors"": 8, ""p"": 1, ""weights"": ""distance""}",10800,205200,119.18,VP9,random,2,Prop0.05,2,True
KRR,0.0936466170292022,"{""regressor__kernel"": ""rbf"", ""regressor__gamma"": 0.1, ""regressor__alpha"": 0.01}",10800,205200,95.59,VP9,random,2,Prop0.05,2,True
MR,0.3891514324346032,"{""lasso__regressor__alpha"": 0.01}",10800,205200,6.33,VP9,random,2,Prop0.05,2,True
RF,0.0203197209517842,"{""max_features"": 1.0, ""min_samples_leaf"": 2, ""n_estimators"": 20}",10800,205200,1.42,VP9,random,2,Prop0.05,2,True
SVR,0.4097241223447483,"{""regressor__tol"": 0.05, ""regressor__shrinking"": true, ""regressor__epsilon"": 0.1, ""regressor__coef0"": 1.0, ""regressor__C"": 5.0}",10800,205200,43.1,VP9,random,2,Prop0.05,2,True
CART,0.0225745308927455,"{""max_features"": 1.0, ""min_samples_leaf"": 2, ""splitter"": ""best""}",10800,205200,0.13,VP9,random,2,Prop0.05,3,True
kNN,1.4107904733561665,"{""n_neighbors"": 8, ""p"": 1, ""weights"": ""distance""}",10800,205200,119.41,VP9,random,2,Prop0.05,3,True
KRR,0.0959123180269764,"{""regressor__kernel"": ""rbf"", ""regressor__gamma"": 0.1, ""regressor__alpha"": 0.01}",10800,205200,95.6,VP9,random,2,Prop0.05,3,True
MR,0.3894113787756054,"{""lasso__regressor__alpha"": 0.01}",10800,205200,6.55,VP9,random,2,Prop0.05,3,True
RF,0.0200756146384537,"{""max_features"": 1.0, ""min_samples_leaf"": 2, ""n_estimators"": 20}",10800,205200,1.42,VP9,random,2,Prop0.05,3,True
SVR,0.4107564028921996,"{""regressor__tol"": 0.05, ""regressor__shrinking"": true, ""regressor__epsilon"": 0.1, ""regressor__coef0"": 1.0, ""regressor__C"": 5.0}",10800,205200,43.73,VP9,random,2,Prop0.05,3,True
CART,0.0232352720843492,"{""max_features"": 1.0, ""min_samples_leaf"": 2, ""splitter"": ""best""}",10800,205200,0.13,VP9,random,2,Prop0.05,4,True
kNN,1.3626719423749916,"{""n_neighbors"": 8, ""p"": 1, ""weights"": ""distance""}",10800,205200,115.56,VP9,random,2,Prop0.05,4,True
KRR,0.0938376440038345,"{""regressor__kernel"": ""rbf"", ""regressor__gamma"": 0.1, ""regressor__alpha"": 0.01}",10800,205200,95.87,VP9,random,2,Prop0.05,4,True
MR,0.3866192072024513,"{""lasso__regressor__alpha"": 0.01}",10800,205200,6.86,VP9,random,2,Prop0.05,4,True
RF,0.0203495142904195,"{""max_features"": 1.0, ""min_samples_leaf"": 2, ""n_estimators"": 20}",10800,205200,1.42,VP9,random,2,Prop0.05,4,True
SVR,0.4070634919082168,"{""regressor__tol"": 0.05, ""regressor__shrinking"": true, ""regressor__epsilon"": 0.1, ""regressor__coef0"": 1.0, ""regressor__C"": 5.0}",10800,205200,43.72,VP9,random,2,Prop0.05,4,True
CART,0.0233667764230637,"{""max_features"": 1.0, ""min_samples_leaf"": 2, ""splitter"": ""best""}",10800,205200,0.12,VP9,random,2,Prop0.05,5,True
kNN,1.354012208879016,"{""n_neighbors"": 8, ""p"": 1, ""weights"": ""distance""}",10800,205200,115.56,VP9,random,2,Prop0.05,5,True
KRR,0.0937856369932003,"{""regressor__kernel"": ""rbf"", ""regressor__gamma"": 0.1, ""regressor__alpha"": 0.01}",10800,205200,95.38,VP9,random,2,Prop0.05,5,True
MR,0.3922739022022004,"{""lasso__regressor__alpha"": 0.01}",10800,205200,5.61,VP9,random,2,Prop0.05,5,True
RF,0.0205849799809392,"{""max_features"": 1.0, ""min_samples_leaf"": 2, ""n_estimators"": 20}",10800,205200,1.29,VP9,random,2,Prop0.05,5,True
SVR,0.4134924575434568,"{""regressor__tol"": 0.05, ""regressor__shrinking"": true, ""regressor__epsilon"": 0.1, ""regressor__coef0"": 1.0, ""regressor__C"": 5.0}",10800,205200,42.31,VP9,random,2,Prop0.05,5,True
CART,0.0229768779687398,"{""max_features"": 1.0, ""min_samples_leaf"": 2, ""splitter"": ""best""}",10800,205200,0.12,VP9,random,2,Prop0.05,6,True
kNN,1.3693087956244898,"{""n_neighbors"": 8, ""p"": 1, ""weights"": ""distance""}",10800,205200,114.95,VP9,random,2,Prop0.05,6,True
KRR,0.0945704136773206,"{""regressor__kernel"": ""rbf"", ""regressor__gamma"": 0.1, ""regressor__alpha"": 0.01}",10800,205200,95.27,VP9,random,2,Prop0.05,6,True
MR,0.3832613513834632,"{""lasso__regressor__alpha"": 0.01}",10800,205200,7.19,VP9,random,2,Prop0.05,6,True
RF,0.0201505374611223,"{""max_features"": 1.0, ""min_samples_leaf"": 2, ""n_estimators"": 20}",10800,205200,1.85,VP9,random,2,Prop0.05,6,True
SVR,0.4129742959566342,"{""regressor__tol"": 0.05, ""regressor__shrinking"": true, ""regressor__epsilon"": 0.1, ""regressor__coef0"": 1.0, ""regressor__C"": 5.0}",10800,205200,43.93,VP9,random,2,Prop0.05,6,True
CART,0.023093469982902,"{""max_features"": 1.0, ""min_samples_leaf"": 2, ""splitter"": ""best""}",10800,205200,0.12,VP9,random,2,Prop0.05,7,True
kNN,1.3501368369505924,"{""n_neighbors"": 8, ""p"": 1, ""weights"": ""distance""}",10800,205200,118.38,VP9,random,2,Prop0.05,7,True
KRR,0.0975382202081072,"{""regressor__kernel"": ""rbf"", ""regressor__gamma"": 0.1, ""regressor__alpha"": 0.01}",10800,205200,94.6,VP9,random,2,Prop0.05,7,True
MR,0.3916967682835127,"{""lasso__regressor__alpha"": 0.01}",10800,205200,6.43,VP9,random,2,Prop0.05,7,True
RF,0.0203672378465509,"{""max_features"": 1.0, ""min_samples_leaf"": 2, ""n_estimators"": 20}",10800,205200,1.36,VP9,random,2,Prop0.05,7,True
SVR,0.4018147351651275,"{""regressor__tol"": 0.05, ""regressor__shrinking"": true, ""regressor__epsilon"": 0.1, ""regressor__coef0"": 1.0, ""regressor__C"": 5.0}",10800,205200,42.78,VP9,random,2,Prop0.05,7,True
CART,0.0227407381166711,"{""max_features"": 1.0, ""min_samples_leaf"": 2, ""splitter"": ""best""}",10800,205200,0.12,VP9,random,2,Prop0.05,8,True
kNN,1.3853543583578651,"{""n_neighbors"": 8, ""p"": 1, ""weights"": ""distance""}",10800,205200,119.79,VP9,random,2,Prop0.05,8,True
KRR,0.0945200500747018,"{""regressor__kernel"": ""rbf"", ""regressor__gamma"": 0.1, ""regressor__alpha"": 0.01}",10800,205200,92.85,VP9,random,2,Prop0.05,8,True
MR,0.3925193245358787,"{""lasso__regressor__alpha"": 0.01}",10800,205200,5.25,VP9,random,2,Prop0.05,8,True
RF,0.0202922117615748,"{""max_features"": 1.0, ""min_samples_leaf"": 2, ""n_estimators"": 20}",10800,205200,1.36,VP9,random,2,Prop0.05,8,True
SVR,0.4122527762962388,"{""regressor__tol"": 0.05, ""regressor__shrinking"": true, ""regressor__epsilon"": 0.1, ""regressor__coef0"": 1.0, ""regressor__C"": 5.0}",10800,205200,43.3,VP9,random,2,Prop0.05,8,True
CART,0.022964053486182,"{""max_features"": 1.0, ""min_samples_leaf"": 2, ""splitter"": ""best""}",10800,205200,0.12,VP9,random,2,Prop0.05,9,True
kNN,1.3395162697762568,"{""n_neighbors"": 8, ""p"": 1, ""weights"": ""distance""}",10800,205200,115.32,VP9,random,2,Prop0.05,9,True
KRR,0.0947094188584534,"{""regressor__kernel"": ""rbf"", ""regressor__gamma"": 0.1, ""regressor__alpha"": 0.01}",10800,205200,95.13,VP9,random,2,Prop0.05,9,True
MR,0.4032232140483593,"{""lasso__regressor__alpha"": 0.01}",10800,205200,6.86,VP9,random,2,Prop0.05,9,True
RF,0.0203609281955311,"{""max_features"": 1.0, ""min_samples_leaf"": 2, ""n_estimators"": 20}",10800,205200,1.56,VP9,random,2,Prop0.05,9,True
SVR,0.402962463950664,"{""regressor__tol"": 0.05, ""regressor__shrinking"": true, ""regressor__epsilon"": 0.1, ""regressor__coef0"": 1.0, ""regressor__C"": 5.0}",10800,205200,43.53,VP9,random,2,Prop0.05,9,True
CART,0.0222598813488038,"{""max_features"": 1.0, ""min_samples_leaf"": 2, ""splitter"": ""best""}",10800,205200,0.12,VP9,random,2,Prop0.05,10,True
kNN,1.3425909780769387,"{""n_neighbors"": 8, ""p"": 1, ""weights"": ""distance""}",10800,205200,114.99,VP9,random,2,Prop0.05,10,True
KRR,0.0923906441628724,"{""regressor__kernel"": ""rbf"", ""regressor__gamma"": 0.1, ""regressor__alpha"": 0.01}",10800,205200,95.36,VP9,random,2,Prop0.05,10,True
MR,0.3977624684051029,"{""lasso__regressor__alpha"": 0.01}",10800,205200,6.14,VP9,random,2,Prop0.05,10,True
RF,0.0198044228370532,"{""max_features"": 1.0, ""min_samples_leaf"": 2, ""n_estimators"": 20}",10800,205200,1.49,VP9,random,2,Prop0.05,10,True
SVR,0.4089245251766784,"{""regressor__tol"": 0.05, ""regressor__shrinking"": true, ""regressor__epsilon"": 0.1, ""regressor__coef0"": 1.0, ""regressor__C"": 5.0}",10800,205200,42.18,VP9,random,2,Prop0.05,10,True
CART,0.0235962198267625,"{""max_features"": 1.0, ""min_samples_leaf"": 2, ""splitter"": ""best""}",10800,205200,0.12,VP9,random,2,Prop0.05,11,True
kNN,1.3410632168814678,"{""n_neighbors"": 8, ""p"": 1, ""weights"": ""distance""}",10800,205200,118.65,VP9,random,2,Prop0.05,11,True
KRR,0.094477171746054,"{""regressor__kernel"": ""rbf"", ""regressor__gamma"": 0.1, ""regressor__alpha"": 0.01}",10800,205200,94.07,VP9,random,2,Prop0.05,11,True
MR,0.3926853103785495,"{""lasso__regressor__alpha"": 0.01}",10800,205200,5.9,VP9,random,2,Prop0.05,11,True
RF,0.020537263009214,"{""max_features"": 1.0, ""min_samples_leaf"": 2, ""n_estimators"": 20}",10800,205200,1.35,VP9,random,2,Prop0.05,11,True
SVR,0.4053711601080234,"{""regressor__tol"": 0.05, ""regressor__shrinking"": true, ""regressor__epsilon"": 0.1, ""regressor__coef0"": 1.0, ""regressor__C"": 5.0}",10800,205200,45.34,VP9,random,2,Prop0.05,11,True
CART,0.022918661514159,"{""max_features"": 1.0, ""min_samples_leaf"": 2, ""splitter"": ""best""}",10800,205200,0.12,VP9,random,2,Prop0.05,12,True
kNN,1.3805605967300034,"{""n_neighbors"": 8, ""p"": 1, ""weights"": ""distance""}",10800,205200,119.58,VP9,random,2,Prop0.05,12,True
KRR,0.0947887589369364,"{""regressor__kernel"": ""rbf"", ""regressor__gamma"": 0.1, ""regressor__alpha"": 0.01}",10800,205200,93.78,VP9,random,2,Prop0.05,12,True
MR,0.3895908586074883,"{""lasso__regressor__alpha"": 0.01}",10800,205200,5.33,VP9,random,2,Prop0.05,12,True
RF,0.0200265856897145,"{""max_features"": 1.0, ""min_samples_leaf"": 2, ""n_estimators"": 20}",10800,205200,1.35,VP9,random,2,Prop0.05,12,True
SVR,0.410510336920396,"{""regressor__tol"": 0.05, ""regressor__shrinking"": true, ""regressor__epsilon"": 0.1, ""regressor__coef0"": 1.0, ""regressor__C"": 5.0}",10800,205200,43.56,VP9,random,2,Prop0.05,12,True
CART,0.0228362864565399,"{""max_features"": 1.0, ""min_samples_leaf"": 2, ""splitter"": ""best""}",10800,205200,0.12,VP9,random,2,Prop0.05,13,True
kNN,1.3179142805828572,"{""n_neighbors"": 8, ""p"": 1, ""weights"": ""distance""}",10800,205200,114.28,VP9,random,2,Prop0.05,13,True
KRR,0.0952529233528401,"{""regressor__kernel"": ""rbf"", ""regressor__gamma"": 0.1, ""regressor__alpha"": 0.01}",10800,205200,93.69,VP9,random,2,Prop0.05,13,True
MR,0.3933923793547211,"{""lasso__regressor__alpha"": 0.01}",10800,205200,4.77,VP9,random,2,Prop0.05,13,True
RF,0.0201609529184185,"{""max_features"": 1.0, ""min_samples_leaf"": 2, ""n_estimators"": 20}",10800,205200,1.45,VP9,random,2,Prop0.05,13,True
SVR,0.4002698424323379,"{""regressor__tol"": 0.05, ""regressor__shrinking"": true, ""regressor__epsilon"": 0.1, ""regressor__coef0"": 1.0, ""regressor__C"": 5.0}",10800,205200,43.4,VP9,random,2,Prop0.05,13,True
CART,0.0232104545111764,"{""max_features"": 1.0, ""min_samples_leaf"": 2, ""splitter"": ""best""}",10800,205200,0.12,VP9,random,2,Prop0.05,14,True
kNN,1.4128499974547393,"{""n_neighbors"": 8, ""p"": 1, ""weights"": ""distance""}",10800,205200,114.7,VP9,random,2,Prop0.05,14,True
KRR,0.0952202030443767,"{""regressor__kernel"": ""rbf"", ""regressor__gamma"": 0.1, ""regressor__alpha"": 0.01}",10800,205200,94.31,VP9,random,2,Prop0.05,14,True
MR,0.3875721018750639,"{""lasso__regressor__alpha"": 0.01}",10800,205200,5.48,VP9,random,2,Prop0.05,14,True
RF,0.0203111292948349,"{""max_features"": 1.0, ""min_samples_leaf"": 2, ""n_estimators"": 20}",10800,205200,1.43,VP9,random,2,Prop0.05,14,True
SVR,0.4153830320815647,"{""regressor__tol"": 0.05, ""regressor__shrinking"": true, ""regressor__epsilon"": 0.1, ""regressor__coef0"": 1.0, ""regressor__C"": 5.0}",10800,205200,43.48,VP9,random,2,Prop0.05,14,True
CART,0.0232121138619182,"{""max_features"": 1.0, ""min_samples_leaf"": 2, ""splitter"": ""best""}",10800,205200,0.13,VP9,random,2,Prop0.05,15,True
kNN,1.37174293989153,"{""n_neighbors"": 8, ""p"": 1, ""weights"": ""distance""}",10800,205200,118.9,VP9,random,2,Prop0.05,15,True
KRR,0.0923675861060617,"{""regressor__kernel"": ""rbf"", ""regressor__gamma"": 0.1, ""regressor__alpha"": 0.01}",10800,205200,90.28,VP9,random,2,Prop0.05,15,True
MR,0.3887749218350248,"{""lasso__regressor__alpha"": 0.01}",10800,205200,5.15,VP9,random,2,Prop0.05,15,True
RF,0.0202612825290177,"{""max_features"": 1.0, ""min_samples_leaf"": 2, ""n_estimators"": 20}",10800,205200,1.39,VP9,random,2,Prop0.05,15,True
SVR,0.4127893562895648,"{""regressor__tol"": 0.05, ""regressor__shrinking"": true, ""regressor__epsilon"": 0.1, ""regressor__coef0"": 1.0, ""regressor__C"": 5.0}",10800,205200,43.05,VP9,random,2,Prop0.05,15,True
CART,0.0225505520180132,"{""max_features"": 1.0, ""min_samples_leaf"": 2, ""splitter"": ""best""}",10800,205200,0.13,VP9,random,2,Prop0.05,16,True
kNN,1.3582546677326333,"{""n_neighbors"": 8, ""p"": 1, ""weights"": ""distance""}",10800,205200,118.92,VP9,random,2,Prop0.05,16,True
KRR,0.0939701655254066,"{""regressor__kernel"": ""rbf"", ""regressor__gamma"": 0.1, ""regressor__alpha"": 0.01}",10800,205200,91.11,VP9,random,2,Prop0.05,16,True
MR,0.38347516040204,"{""lasso__regressor__alpha"": 0.01}",10800,205200,4.77,VP9,random,2,Prop0.05,16,True
RF,0.0200409646442169,"{""max_features"": 1.0, ""min_samples_leaf"": 2, ""n_estimators"": 20}",10800,205200,1.35,VP9,random,2,Prop0.05,16,True
SVR,0.4127218525365422,"{""regressor__tol"": 0.05, ""regressor__shrinking"": true, ""regressor__epsilon"": 0.1, ""regressor__coef0"": 1.0, ""regressor__C"": 5.0}",10800,205200,44.26,VP9,random,2,Prop0.05,16,True
CART,0.0228559280746605,"{""max_features"": 1.0, ""min_samples_leaf"": 2, ""splitter"": ""best""}",10800,205200,0.12,VP9,random,2,Prop0.05,17,True
kNN,1.3725126351632433,"{""n_neighbors"": 8, ""p"": 1, ""weights"": ""distance""}",10800,205200,114.33,VP9,random,2,Prop0.05,17,True
KRR,0.0939538629634013,"{""regressor__kernel"": ""rbf"", ""regressor__gamma"": 0.1, ""regressor__alpha"": 0.01}",10800,205200,93.41,VP9,random,2,Prop0.05,17,True
MR,0.3928886214010928,"{""lasso__regressor__alpha"": 0.01}",10800,205200,4.51,VP9,random,2,Prop0.05,17,True
RF,0.0203011897471988,"{""max_features"": 1.0, ""min_samples_leaf"": 2, ""n_estimators"": 20}",10800,205200,1.48,VP9,random,2,Prop0.05,17,True
SVR,0.4124359281984489,"{""regressor__tol"": 0.05, ""regressor__shrinking"": true, ""regressor__epsilon"": 0.1, ""regressor__coef0"": 1.0, ""regressor__C"": 5.0}",10800,205200,42.13,VP9,random,2,Prop0.05,17,True
CART,0.0227676799023179,"{""max_features"": 1.0, ""min_samples_leaf"": 2, ""splitter"": ""best""}",10800,205200,0.12,VP9,random,2,Prop0.05,18,True
kNN,1.3723184392308572,"{""n_neighbors"": 8, ""p"": 1, ""weights"": ""distance""}",10800,205200,114.52,VP9,random,2,Prop0.05,18,True
KRR,0.0954670651438953,"{""regressor__kernel"": ""rbf"", ""regressor__gamma"": 0.1, ""regressor__alpha"": 0.01}",10800,205200,93.77,VP9,random,2,Prop0.05,18,True
MR,0.3872592054801353,"{""lasso__regressor__alpha"": 0.01}",10800,205200,4.59,VP9,random,2,Prop0.05,18,True
RF,0.0201819172961464,"{""max_features"": 1.0, ""min_samples_leaf"": 2, ""n_estimators"": 20}",10800,205200,1.46,VP9,random,2,Prop0.05,18,True
SVR,0.4147657910068819,"{""regressor__tol"": 0.05, ""regressor__shrinking"": true, ""regressor__epsilon"": 0.1, ""regressor__coef0"": 1.0, ""regressor__C"": 5.0}",10800,205200,42.31,VP9,random,2,Prop0.05,18,True
CART,0.0228155972490013,"{""max_features"": 1.0, ""min_samples_leaf"": 2, ""splitter"": ""best""}",10800,205200,0.12,VP9,random,2,Prop0.05,19,True
kNN,1.367522434909464,"{""n_neighbors"": 8, ""p"": 1, ""weights"": ""distance""}",10800,205200,118.65,VP9,random,2,Prop0.05,19,True
KRR,0.0960100206482087,"{""regressor__kernel"": ""rbf"", ""regressor__gamma"": 0.1, ""regressor__alpha"": 0.01}",10800,205200,89.72,VP9,random,2,Prop0.05,19,True
MR,0.3909143524383868,"{""lasso__regressor__alpha"": 0.01}",10800,205200,4.67,VP9,random,2,Prop0.05,19,True
RF,0.0201871991254299,"{""max_features"": 1.0, ""min_samples_leaf"": 2, ""n_estimators"": 20}",10800,205200,1.39,VP9,random,2,Prop0.05,19,True
SVR,0.4064613358927414,"{""regressor__tol"": 0.05, ""regressor__shrinking"": true, ""regressor__epsilon"": 0.1, ""regressor__coef0"": 1.0, ""regressor__C"": 5.0}",10800,205200,43.52,VP9,random,2,Prop0.05,19,True
CART,0.0229130830234066,"{""max_features"": 1.0, ""min_samples_leaf"": 2, ""splitter"": ""best""}",10800,205200,0.12,VP9,random,2,Prop0.05,20,True
kNN,1.4071890176803807,"{""n_neighbors"": 8, ""p"": 1, ""weights"": ""distance""}",10800,205200,118.76,VP9,random,2,Prop0.05,20,True
KRR,0.0968842448453824,"{""regressor__kernel"": ""rbf"", ""regressor__gamma"": 0.1, ""regressor__alpha"": 0.01}",10800,205200,89.98,VP9,random,2,Prop0.05,20,True
MR,0.3849413463560682,"{""lasso__regressor__alpha"": 0.01}",10800,205200,4.41,VP9,random,2,Prop0.05,20,True
RF,0.0201724396635574,"{""max_features"": 1.0, ""min_samples_leaf"": 2, ""n_estimators"": 20}",10800,205200,1.35,VP9,random,2,Prop0.05,20,True
SVR,0.4039964785294012,"{""regressor__tol"": 0.05, ""regressor__shrinking"": true, ""regressor__epsilon"": 0.1, ""regressor__coef0"": 1.0, ""regressor__C"": 5.0}",10800,205200,45.04,VP9,random,2,Prop0.05,20,True
CART,0.022639609936061,"{""max_features"": 1.0, ""min_samples_leaf"": 2, ""splitter"": ""best""}",10800,205200,0.12,VP9,random,2,Prop0.05,21,True
kNN,1.385389166895839,"{""n_neighbors"": 8, ""p"": 1, ""weights"": ""distance""}",10800,205200,114.69,VP9,random,2,Prop0.05,21,True
KRR,0.0952835932768185,"{""regressor__kernel"": ""rbf"", ""regressor__gamma"": 0.1, ""regressor__alpha"": 0.01}",10800,205200,92.78,VP9,random,2,Prop0.05,21,True
MR,0.3988600223699112,"{""lasso__regressor__alpha"": 0.01}",10800,205200,4.23,VP9,random,2,Prop0.05,21,True
RF,0.0201805289294161,"{""max_features"": 1.0, ""min_samples_leaf"": 2, ""n_estimators"": 20}",10800,205200,1.47,VP9,random,2,Prop0.05,21,True
SVR,0.4112315253873756,"{""regressor__tol"": 0.05, ""regressor__shrinking"": true, ""regressor__epsilon"": 0.1, ""regressor__coef0"": 1.0, ""regressor__C"": 5.0}",10800,205200,41.81,VP9,random,2,Prop0.05,21,True
CART,0.0225294638938746,"{""max_features"": 1.0, ""min_samples_leaf"": 2, ""splitter"": ""best""}",10800,205200,0.12,VP9,random,2,Prop0.05,22,True
kNN,1.3178580314238162,"{""n_neighbors"": 8, ""p"": 1, ""weights"": ""distance""}",10800,205200,117.1,VP9,random,2,Prop0.05,22,True
KRR,0.0912445241018458,"{""regressor__kernel"": ""rbf"", ""regressor__gamma"": 0.1, ""regressor__alpha"": 0.01}",10800,205200,95.82,VP9,random,2,Prop0.05,22,True
MR,0.3972443354496162,"{""lasso__regressor__alpha"": 0.01}",10800,205200,5.64,VP9,random,2,Prop0.05,22,True
RF,0.0201566008160143,"{""max_features"": 1.0, ""min_samples_leaf"": 2, ""n_estimators"": 20}",10800,205200,1.26,VP9,random,2,Prop0.05,22,True
SVR,0.4010152806435437,"{""regressor__tol"": 0.05, ""regressor__shrinking"": true, ""regressor__epsilon"": 0.1, ""regressor__coef0"": 1.0, ""regressor__C"": 5.0}",10800,205200,42.49,VP9,random,2,Prop0.05,22,True
CART,0.0227416229583963,"{""max_features"": 1.0, ""min_samples_leaf"": 2, ""splitter"": ""best""}",10800,205200,0.12,VP9,random,2,Prop0.05,23,True
kNN,1.4346735171219676,"{""n_neighbors"": 8, ""p"": 1, ""weights"": ""distance""}",10800,205200,119.73,VP9,random,2,Prop0.05,23,True
KRR,0.0928644241730174,"{""regressor__kernel"": ""rbf"", ""regressor__gamma"": 0.1, ""regressor__alpha"": 0.01}",10800,205200,88.45,VP9,random,2,Prop0.05,23,True
MR,0.3862391753420454,"{""lasso__regressor__alpha"": 0.01}",10800,205200,4.94,VP9,random,2,Prop0.05,23,True
RF,0.0200116656300894,"{""max_features"": 1.0, ""min_samples_leaf"": 2, ""n_estimators"": 20}",10800,205200,1.38,VP9,random,2,Prop0.05,23,True
SVR,0.4119870899431223,"{""regressor__tol"": 0.05, ""regressor__shrinking"": true, ""regressor__epsilon"": 0.1, ""regressor__coef0"": 1.0, ""regressor__C"": 5.0}",10800,205200,40.65,VP9,random,2,Prop0.05,23,True
CART,0.0226348051640611,"{""max_features"": 1.0, ""min_samples_leaf"": 2, ""splitter"": ""best""}",10800,205200,0.12,VP9,random,2,Prop0.05,24,True
kNN,1.4077068165942563,"{""n_neighbors"": 8, ""p"": 1, ""weights"": ""distance""}",10800,205200,115.68,VP9,random,2,Prop0.05,24,True
KRR,0.0985826106488273,"{""regressor__kernel"": ""rbf"", ""regressor__gamma"": 0.1, ""regressor__alpha"": 0.01}",10800,205200,91.53,VP9,random,2,Prop0.05,24,True
MR,0.3809661207793455,"{""lasso__regressor__alpha"": 0.01}",10800,205200,4.55,VP9,random,2,Prop0.05,24,True
RF,0.020031242604535,"{""max_features"": 1.0, ""min_samples_leaf"": 2, ""n_estimators"": 20}",10800,205200,1.32,VP9,random,2,Prop0.05,24,True
SVR,0.4099876110608769,"{""regressor__tol"": 0.05, ""regressor__shrinking"": true, ""regressor__epsilon"": 0.1, ""regressor__coef0"": 1.0, ""regressor__C"": 5.0}",10800,205200,44.73,VP9,random,2,Prop0.05,24,True
CART,0.0226336772972282,"{""max_features"": 1.0, ""min_samples_leaf"": 2, ""splitter"": ""best""}",10800,205200,0.12,VP9,random,2,Prop0.05,25,True
kNN,1.385476992908089,"{""n_neighbors"": 8, ""p"": 1, ""weights"": ""distance""}",10800,205200,114.63,VP9,random,2,Prop0.05,25,True
KRR,0.0951871100066554,"{""regressor__kernel"": ""rbf"", ""regressor__gamma"": 0.1, ""regressor__alpha"": 0.01}",10800,205200,92.23,VP9,random,2,Prop0.05,25,True
MR,0.3897351432512633,"{""lasso__regressor__alpha"": 0.01}",10800,205200,4.19,VP9,random,2,Prop0.05,25,True
RF,0.0200179877099797,"{""max_features"": 1.0, ""min_samples_leaf"": 2, ""n_estimators"": 20}",10800,205200,1.37,VP9,random,2,Prop0.05,25,True
SVR,0.4039667205396733,"{""regressor__tol"": 0.05, ""regressor__shrinking"": true, ""regressor__epsilon"": 0.1, ""regressor__coef0"": 1.0, ""regressor__C"": 5.0}",10800,205200,42.37,VP9,random,2,Prop0.05,25,True
CART,0.0228599846881971,"{""max_features"": 1.0, ""min_samples_leaf"": 2, ""splitter"": ""best""}",10800,205200,0.12,VP9,random,2,Prop0.05,26,True
kNN,1.3246253979255205,"{""n_neighbors"": 8, ""p"": 1, ""weights"": ""distance""}",10800,205200,119.61,VP9,random,2,Prop0.05,26,True
KRR,0.0955044335372252,"{""regressor__kernel"": ""rbf"", ""regressor__gamma"": 0.1, ""regressor__alpha"": 0.01}",10800,205200,87.89,VP9,random,2,Prop0.05,26,True
MR,0.3940579475721485,"{""lasso__regressor__alpha"": 0.01}",10800,205200,4.26,VP9,random,2,Prop0.05,26,True
RF,0.0202124046480598,"{""max_features"": 1.0, ""min_samples_leaf"": 2, ""n_estimators"": 20}",10800,205200,1.41,VP9,random,2,Prop0.05,26,True
SVR,0.3985359746517579,"{""regressor__tol"": 0.05, ""regressor__shrinking"": true, ""regressor__epsilon"": 0.1, ""regressor__coef0"": 1.0, ""regressor__C"": 5.0}",10800,205200,43.13,VP9,random,2,Prop0.05,26,True
CART,0.0230346761659344,"{""max_features"": 1.0, ""min_samples_leaf"": 2, ""splitter"": ""best""}",10800,205200,0.12,VP9,random,2,Prop0.05,27,True
kNN,1.3762463514951186,"{""n_neighbors"": 8, ""p"": 1, ""weights"": ""distance""}",10800,205200,118.87,VP9,random,2,Prop0.05,27,True
KRR,0.0940007813643219,"{""regressor__kernel"": ""rbf"", ""regressor__gamma"": 0.1, ""regressor__alpha"": 0.01}",10800,205200,95.88,VP9,random,2,Prop0.05,27,True
MR,0.3909063342509453,"{""lasso__regressor__alpha"": 0.01}",10800,205200,5.31,VP9,random,2,Prop0.05,27,True
RF,0.0202811316343716,"{""max_features"": 1.0, ""min_samples_leaf"": 2, ""n_estimators"": 20}",10800,205200,1.4,VP9,random,2,Prop0.05,27,True
SVR,0.3979223757910501,"{""regressor__tol"": 0.05, ""regressor__shrinking"": true, ""regressor__epsilon"": 0.1, ""regressor__coef0"": 1.0, ""regressor__C"": 5.0}",10800,205200,42.21,VP9,random,2,Prop0.05,27,True
CART,0.022806472770969,"{""max_features"": 1.0, ""min_samples_leaf"": 2, ""splitter"": ""best""}",10800,205200,0.12,VP9,random,2,Prop0.05,28,True
kNN,1.334869785194176,"{""n_neighbors"": 8, ""p"": 1, ""weights"": ""distance""}",10800,205200,116.14,VP9,random,2,Prop0.05,28,True
KRR,0.0922684818558261,"{""regressor__kernel"": ""rbf"", ""regressor__gamma"": 0.1, ""regressor__alpha"": 0.01}",10800,205200,93.84,VP9,random,2,Prop0.05,28,True
MR,0.3991541586166336,"{""lasso__regressor__alpha"": 0.01}",10800,205200,5.04,VP9,random,2,Prop0.05,28,True
RF,0.02015383799386,"{""max_features"": 1.0, ""min_samples_leaf"": 2, ""n_estimators"": 20}",10800,205200,1.4,VP9,random,2,Prop0.05,28,True
SVR,0.4015034151070965,"{""regressor__tol"": 0.05, ""regressor__shrinking"": true, ""regressor__epsilon"": 0.1, ""regressor__coef0"": 1.0, ""regressor__C"": 5.0}",10800,205200,44.61,VP9,random,2,Prop0.05,28,True
CART,0.0228814268511047,"{""max_features"": 1.0, ""min_samples_leaf"": 2, ""splitter"": ""best""}",10800,205200,0.12,VP9,random,2,Prop0.05,29,True
kNN,1.3876751345631586,"{""n_neighbors"": 8, ""p"": 1, ""weights"": ""distance""}",10800,205200,114.2,VP9,random,2,Prop0.05,29,True
KRR,0.095473181062921,"{""regressor__kernel"": ""rbf"", ""regressor__gamma"": 0.1, ""regressor__alpha"": 0.01}",10800,205200,92.26,VP9,random,2,Prop0.05,29,True
MR,0.3883626177792023,"{""lasso__regressor__alpha"": 0.01}",10800,205200,4.19,VP9,random,2,Prop0.05,29,True
RF,0.020063459843531,"{""max_features"": 1.0, ""min_samples_leaf"": 2, ""n_estimators"": 20}",10800,205200,1.37,VP9,random,2,Prop0.05,29,True
SVR,0.407283877043266,"{""regressor__tol"": 0.05, ""regressor__shrinking"": true, ""regressor__epsilon"": 0.1, ""regressor__coef0"": 1.0, ""regressor__C"": 5.0}",10800,205200,42.77,VP9,random,2,Prop0.05,29,True
CART,0.0230000168050319,"{""max_features"": 1.0, ""min_samples_leaf"": 2, ""splitter"": ""best""}",10800,205200,0.12,VP9,random,2,Prop0.05,30,True
kNN,1.306007666459451,"{""n_neighbors"": 8, ""p"": 1, ""weights"": ""distance""}",10800,205200,119.13,VP9,random,2,Prop0.05,30,True
KRR,0.0956034488782929,"{""regressor__kernel"": ""rbf"", ""regressor__gamma"": 0.1, ""regressor__alpha"": 0.01}",10800,205200,87.5,VP9,random,2,Prop0.05,30,True
MR,0.394791377652009,"{""lasso__regressor__alpha"": 0.01}",10800,205200,4.26,VP9,random,2,Prop0.05,30,True
RF,0.0202215174541456,"{""max_features"": 1.0, ""min_samples_leaf"": 2, ""n_estimators"": 20}",10800,205200,1.37,VP9,random,2,Prop0.05,30,True
SVR,0.408512983505814,"{""regressor__tol"": 0.05, ""regressor__shrinking"": true, ""regressor__epsilon"": 0.1, ""regressor__coef0"": 1.0, ""regressor__C"": 5.0}",10800,205200,43.63,VP9,random,2,Prop0.05,30,True
CART,0.0227179203983416,"{""max_features"": 1.0, ""min_samples_leaf"": 2, ""splitter"": ""best""}",10800,205200,0.12,VP9,random,2,Prop0.05,31,True
kNN,1.356428673693605,"{""n_neighbors"": 8, ""p"": 1, ""weights"": ""distance""}",10800,205200,118.1,VP9,random,2,Prop0.05,31,True
KRR,0.0942563694222625,"{""regressor__kernel"": ""rbf"", ""regressor__gamma"": 0.1, ""regressor__alpha"": 0.01}",10800,205200,97.91,VP9,random,2,Prop0.05,31,True
MR,0.3861546874367291,"{""lasso__regressor__alpha"": 0.01}",10800,205200,6.61,VP9,random,2,Prop0.05,31,True
RF,0.0201149196506369,"{""max_features"": 1.0, ""min_samples_leaf"": 2, ""n_estimators"": 20}",10800,205200,1.34,VP9,random,2,Prop0.05,31,True
SVR,0.4135157005328218,"{""regressor__tol"": 0.05, ""regressor__shrinking"": true, ""regressor__epsilon"": 0.1, ""regressor__coef0"": 1.0, ""regressor__C"": 5.0}",10800,205200,41.37,VP9,random,2,Prop0.05,31,True
CART,0.0225870435911871,"{""max_features"": 1.0, ""min_samples_leaf"": 2, ""splitter"": ""best""}",10800,205200,0.12,VP9,random,2,Prop0.05,32,True
kNN,1.351237064213874,"{""n_neighbors"": 8, ""p"": 1, ""weights"": ""distance""}",10800,205200,115.28,VP9,random,2,Prop0.05,32,True
KRR,0.0920894652115982,"{""regressor__kernel"": ""rbf"", ""regressor__gamma"": 0.1, ""regressor__alpha"": 0.01}",10800,205200,96.58,VP9,random,2,Prop0.05,32,True
MR,0.383854407886552,"{""lasso__regressor__alpha"": 0.01}",10800,205200,6.47,VP9,random,2,Prop0.05,32,True
RF,0.0200547625761905,"{""max_features"": 1.0, ""min_samples_leaf"": 2, ""n_estimators"": 20}",10800,205200,1.33,VP9,random,2,Prop0.05,32,True
SVR,0.3982901554010483,"{""regressor__tol"": 0.05, ""regressor__shrinking"": true, ""regressor__epsilon"": 0.1, ""regressor__coef0"": 1.0, ""regressor__C"": 5.0}",10800,205200,44.31,VP9,random,2,Prop0.05,32,True
CART,0.0225951072974445,"{""max_features"": 1.0, ""min_samples_leaf"": 2, ""splitter"": ""best""}",10800,205200,0.12,VP9,random,2,Prop0.05,33,True
kNN,1.4058748988259648,"{""n_neighbors"": 8, ""p"": 1, ""weights"": ""distance""}",10800,205200,113.78,VP9,random,2,Prop0.05,33,True
KRR,0.0953582957375214,"{""regressor__kernel"": ""rbf"", ""regressor__gamma"": 0.1, ""regressor__alpha"": 0.01}",10800,205200,91.61,VP9,random,2,Prop0.05,33,True
MR,0.3894161536920619,"{""lasso__regressor__alpha"": 0.01}",10800,205200,5.67,VP9,random,2,Prop0.05,33,True
RF,0.020021619290009,"{""max_features"": 1.0, ""min_samples_leaf"": 2, ""n_estimators"": 20}",10800,205200,1.46,VP9,random,2,Prop0.05,33,True
SVR,0.4164576490606293,"{""regressor__tol"": 0.05, ""regressor__shrinking"": true, ""regressor__epsilon"": 0.1, ""regressor__coef0"": 1.0, ""regressor__C"": 5.0}",10800,205200,42.2,VP9,random,2,Prop0.05,33,True
CART,0.0228246405468143,"{""max_features"": 1.0, ""min_samples_leaf"": 2, ""splitter"": ""best""}",10800,205200,0.12,VP9,random,2,Prop0.05,34,True
kNN,1.2910110035754845,"{""n_neighbors"": 8, ""p"": 1, ""weights"": ""distance""}",10800,205200,118.57,VP9,random,2,Prop0.05,34,True
KRR,0.0939515453282647,"{""regressor__kernel"": ""rbf"", ""regressor__gamma"": 0.1, ""regressor__alpha"": 0.01}",10800,205200,88.34,VP9,random,2,Prop0.05,34,True
MR,0.3915723654393608,"{""lasso__regressor__alpha"": 0.01}",10800,205200,4.25,VP9,random,2,Prop0.05,34,True
RF,0.0201194990707836,"{""max_features"": 1.0, ""min_samples_leaf"": 2, ""n_estimators"": 20}",10800,205200,1.36,VP9,random,2,Prop0.05,34,True
SVR,0.4017409109202206,"{""regressor__tol"": 0.05, ""regressor__shrinking"": true, ""regressor__epsilon"": 0.1, ""regressor__coef0"": 1.0, ""regressor__C"": 5.0}",10800,205200,42.74,VP9,random,2,Prop0.05,34,True
CART,0.0228034050180196,"{""max_features"": 1.0, ""min_samples_leaf"": 2, ""splitter"": ""best""}",10800,205200,0.12,VP9,random,2,Prop0.05,35,True
kNN,1.3592934349275207,"{""n_neighbors"": 8, ""p"": 1, ""weights"": ""distance""}",10800,205200,119.17,VP9,random,2,Prop0.05,35,True
KRR,0.093231363695994,"{""regressor__kernel"": ""rbf"", ""regressor__gamma"": 0.1, ""regressor__alpha"": 0.01}",10800,205200,98.7,VP9,random,2,Prop0.05,35,True
MR,0.396576511795559,"{""lasso__regressor__alpha"": 0.01}",10800,205200,5.99,VP9,random,2,Prop0.05,35,True
RF,0.0202068406952164,"{""max_features"": 1.0, ""min_samples_leaf"": 2, ""n_estimators"": 20}",10800,205200,1.35,VP9,random,2,Prop0.05,35,True
SVR,0.4170225512945096,"{""regressor__tol"": 0.05, ""regressor__shrinking"": true, ""regressor__epsilon"": 0.1, ""regressor__coef0"": 1.0, ""regressor__C"": 5.0}",10800,205200,41.55,VP9,random,2,Prop0.05,35,True
CART,0.0226612028758986,"{""max_features"": 1.0, ""min_samples_leaf"": 2, ""splitter"": ""best""}",10800,205200,0.12,VP9,random,2,Prop0.05,36,True
kNN,1.413762727974723,"{""n_neighbors"": 8, ""p"": 1, ""weights"": ""distance""}",10800,205200,115.66,VP9,random,2,Prop0.05,36,True
KRR,0.0958949541455518,"{""regressor__kernel"": ""rbf"", ""regressor__gamma"": 0.1, ""regressor__alpha"": 0.01}",10800,205200,98.45,VP9,random,2,Prop0.05,36,True
MR,0.38183703018198,"{""lasso__regressor__alpha"": 0.01}",10800,205200,5.92,VP9,random,2,Prop0.05,36,True
RF,0.020244449267374,"{""max_features"": 1.0, ""min_samples_leaf"": 2, ""n_estimators"": 20}",10800,205200,1.33,VP9,random,2,Prop0.05,36,True
SVR,0.4070513041829044,"{""regressor__tol"": 0.05, ""regressor__shrinking"": true, ""regressor__epsilon"": 0.1, ""regressor__coef0"": 1.0, ""regressor__C"": 5.0}",10800,205200,43.86,VP9,random,2,Prop0.05,36,True
CART,0.0229713551689366,"{""max_features"": 1.0, ""min_samples_leaf"": 2, ""splitter"": ""best""}",10800,205200,0.12,VP9,random,2,Prop0.05,37,True
kNN,1.4354103682978443,"{""n_neighbors"": 8, ""p"": 1, ""weights"": ""distance""}",10800,205200,113.8,VP9,random,2,Prop0.05,37,True
KRR,0.0971438805117384,"{""regressor__kernel"": ""rbf"", ""regressor__gamma"": 0.1, ""regressor__alpha"": 0.01}",10800,205200,91.57,VP9,random,2,Prop0.05,37,True
MR,0.3987283272191117,"{""lasso__regressor__alpha"": 0.01}",10800,205200,5.65,VP9,random,2,Prop0.05,37,True
RF,0.0201761186247306,"{""max_features"": 1.0, ""min_samples_leaf"": 2, ""n_estimators"": 20}",10800,205200,1.45,VP9,random,2,Prop0.05,37,True
SVR,0.4083258829704337,"{""regressor__tol"": 0.05, ""regressor__shrinking"": true, ""regressor__epsilon"": 0.1, ""regressor__coef0"": 1.0, ""regressor__C"": 5.0}",10800,205200,41.76,VP9,random,2,Prop0.05,37,True
CART,0.0231185781936308,"{""max_features"": 1.0, ""min_samples_leaf"": 2, ""splitter"": ""best""}",10800,205200,0.12,VP9,random,2,Prop0.05,38,True
kNN,1.3799181750299712,"{""n_neighbors"": 8, ""p"": 1, ""weights"": ""distance""}",10800,205200,118.53,VP9,random,2,Prop0.05,38,True
KRR,0.0939276622621879,"{""regressor__kernel"": ""rbf"", ""regressor__gamma"": 0.1, ""regressor__alpha"": 0.01}",10800,205200,87.94,VP9,random,2,Prop0.05,38,True
MR,0.3934452745479887,"{""lasso__regressor__alpha"": 0.01}",10800,205200,5.87,VP9,random,2,Prop0.05,38,True
RF,0.0200388135159592,"{""max_features"": 1.0, ""min_samples_leaf"": 2, ""n_estimators"": 20}",10800,205200,1.42,VP9,random,2,Prop0.05,38,True
SVR,0.4060185305334197,"{""regressor__tol"": 0.05, ""regressor__shrinking"": true, ""regressor__epsilon"": 0.1, ""regressor__coef0"": 1.0, ""regressor__C"": 5.0}",10800,205200,42.71,VP9,random,2,Prop0.05,38,True
CART,0.0229105585271332,"{""max_features"": 1.0, ""min_samples_leaf"": 2, ""splitter"": ""best""}",10800,205200,0.13,VP9,random,2,Prop0.05,39,True
kNN,1.370845641341211,"{""n_neighbors"": 8, ""p"": 1, ""weights"": ""distance""}",10800,205200,119.55,VP9,random,2,Prop0.05,39,True
KRR,0.0933495490279092,"{""regressor__kernel"": ""rbf"", ""regressor__gamma"": 0.1, ""regressor__alpha"": 0.01}",10800,205200,95.83,VP9,random,2,Prop0.05,39,True
MR,0.3947953054815223,"{""lasso__regressor__alpha"": 0.01}",10800,205200,5.5,VP9,random,2,Prop0.05,39,True
RF,0.020075768640921,"{""max_features"": 1.0, ""min_samples_leaf"": 2, ""n_estimators"": 20}",10800,205200,1.39,VP9,random,2,Prop0.05,39,True
SVR,0.3904639456046712,"{""regressor__tol"": 0.05, ""regressor__shrinking"": true, ""regressor__epsilon"": 0.1, ""regressor__coef0"": 1.0, ""regressor__C"": 5.0}",10800,205200,43.77,VP9,random,2,Prop0.05,39,True
CART,0.0228874488763555,"{""max_features"": 1.0, ""min_samples_leaf"": 2, ""splitter"": ""best""}",10800,205200,0.12,VP9,random,2,Prop0.05,40,True
kNN,1.340071579411242,"{""n_neighbors"": 8, ""p"": 1, ""weights"": ""distance""}",10800,205200,116.2,VP9,random,2,Prop0.05,40,True
KRR,0.0921701432915139,"{""regressor__kernel"": ""rbf"", ""regressor__gamma"": 0.1, ""regressor__alpha"": 0.01}",10800,205200,95.92,VP9,random,2,Prop0.05,40,True
MR,0.3813637370531044,"{""lasso__regressor__alpha"": 0.01}",10800,205200,5.69,VP9,random,2,Prop0.05,40,True
RF,0.0199533190528464,"{""max_features"": 1.0, ""min_samples_leaf"": 2, ""n_estimators"": 20}",10800,205200,1.38,VP9,random,2,Prop0.05,40,True
SVR,0.403303395329653,"{""regressor__tol"": 0.05, ""regressor__shrinking"": true, ""regressor__epsilon"": 0.1, ""regressor__coef0"": 1.0, ""regressor__C"": 5.0}",10800,205200,43.54,VP9,random,2,Prop0.05,40,True
CART,0.0231067339465581,"{""max_features"": 1.0, ""min_samples_leaf"": 2, ""splitter"": ""best""}",10800,205200,0.12,VP9,random,2,Prop0.05,41,True
kNN,1.4162602498909262,"{""n_neighbors"": 8, ""p"": 1, ""weights"": ""distance""}",10800,205200,113.48,VP9,random,2,Prop0.05,41,True
KRR,0.0986472079866391,"{""regressor__kernel"": ""rbf"", ""regressor__gamma"": 0.1, ""regressor__alpha"": 0.01}",10800,205200,91.27,VP9,random,2,Prop0.05,41,True
MR,0.3841641758342872,"{""lasso__regressor__alpha"": 0.01}",10800,205200,4.43,VP9,random,2,Prop0.05,41,True
RF,0.020089617263127,"{""max_features"": 1.0, ""min_samples_leaf"": 2, ""n_estimators"": 20}",10800,205200,1.39,VP9,random,2,Prop0.05,41,True
SVR,0.4111339467616943,"{""regressor__tol"": 0.05, ""regressor__shrinking"": true, ""regressor__epsilon"": 0.1, ""regressor__coef0"": 1.0, ""regressor__C"": 5.0}",10800,205200,43.18,VP9,random,2,Prop0.05,41,True
CART,0.0228026808714459,"{""max_features"": 1.0, ""min_samples_leaf"": 2, ""splitter"": ""best""}",10800,205200,0.12,VP9,random,2,Prop0.05,42,True
kNN,1.349917057303108,"{""n_neighbors"": 8, ""p"": 1, ""weights"": ""distance""}",10800,205200,118.38,VP9,random,2,Prop0.05,42,True
KRR,0.0956988764156939,"{""regressor__kernel"": ""rbf"", ""regressor__gamma"": 0.1, ""regressor__alpha"": 0.01}",10800,205200,87.13,VP9,random,2,Prop0.05,42,True
MR,0.3887063463213464,"{""lasso__regressor__alpha"": 0.01}",10800,205200,5.83,VP9,random,2,Prop0.05,42,True
RF,0.0200718159141018,"{""max_features"": 1.0, ""min_samples_leaf"": 2, ""n_estimators"": 20}",10800,205200,1.46,VP9,random,2,Prop0.05,42,True
SVR,0.4134276511043362,"{""regressor__tol"": 0.05, ""regressor__shrinking"": true, ""regressor__epsilon"": 0.1, ""regressor__coef0"": 1.0, ""regressor__C"": 5.0}",10800,205200,43.44,VP9,random,2,Prop0.05,42,True
CART,0.022684509810911,"{""max_features"": 1.0, ""min_samples_leaf"": 2, ""splitter"": ""best""}",10800,205200,0.12,VP9,random,2,Prop0.05,43,True
kNN,1.3790015935645554,"{""n_neighbors"": 8, ""p"": 1, ""weights"": ""distance""}",10800,205200,115.44,VP9,random,2,Prop0.05,43,True
KRR,0.0941357254899975,"{""regressor__kernel"": ""rbf"", ""regressor__gamma"": 0.1, ""regressor__alpha"": 0.01}",10800,205200,94.25,VP9,random,2,Prop0.05,43,True
MR,0.3918638251404215,"{""lasso__regressor__alpha"": 0.01}",10800,205200,5.94,VP9,random,2,Prop0.05,43,True
RF,0.0199817006342902,"{""max_features"": 1.0, ""min_samples_leaf"": 2, ""n_estimators"": 20}",10800,205200,1.41,VP9,random,2,Prop0.05,43,True
SVR,0.4051423002347859,"{""regressor__tol"": 0.05, ""regressor__shrinking"": true, ""regressor__epsilon"": 0.1, ""regressor__coef0"": 1.0, ""regressor__C"": 5.0}",10800,205200,43.02,VP9,random,2,Prop0.05,43,True
CART,0.0226170780099792,"{""max_features"": 1.0, ""min_samples_leaf"": 2, ""splitter"": ""best""}",10800,205200,0.12,VP9,random,2,Prop0.05,44,True
kNN,1.3877049361849694,"{""n_neighbors"": 8, ""p"": 1, ""weights"": ""distance""}",10800,205200,118.8,VP9,random,2,Prop0.05,44,True
KRR,0.0945717098467384,"{""regressor__kernel"": ""rbf"", ""regressor__gamma"": 0.1, ""regressor__alpha"": 0.01}",10800,205200,93.62,VP9,random,2,Prop0.05,44,True
MR,0.3874664395654617,"{""lasso__regressor__alpha"": 0.01}",10800,205200,5.07,VP9,random,2,Prop0.05,44,True
RF,0.0198789170799804,"{""max_features"": 1.0, ""min_samples_leaf"": 2, ""n_estimators"": 20}",10800,205200,1.37,VP9,random,2,Prop0.05,44,True
SVR,0.4038100937476339,"{""regressor__tol"": 0.05, ""regressor__shrinking"": true, ""regressor__epsilon"": 0.1, ""regressor__coef0"": 1.0, ""regressor__C"": 5.0}",10800,205200,42.1,VP9,random,2,Prop0.05,44,True
CART,0.0231161145712069,"{""max_features"": 1.0, ""min_samples_leaf"": 2, ""splitter"": ""best""}",10800,205200,0.12,VP9,random,2,Prop0.05,45,True
kNN,1.3396578700549562,"{""n_neighbors"": 8, ""p"": 1, ""weights"": ""distance""}",10800,205200,114.04,VP9,random,2,Prop0.05,45,True
KRR,0.0934970835100522,"{""regressor__kernel"": ""rbf"", ""regressor__gamma"": 0.1, ""regressor__alpha"": 0.01}",10800,205200,90.39,VP9,random,2,Prop0.05,45,True
MR,0.3922404554235829,"{""lasso__regressor__alpha"": 0.01}",10800,205200,4.4,VP9,random,2,Prop0.05,45,True
RF,0.0204183722928904,"{""max_features"": 1.0, ""min_samples_leaf"": 2, ""n_estimators"": 20}",10800,205200,1.41,VP9,random,2,Prop0.05,45,True
SVR,0.4010263295836703,"{""regressor__tol"": 0.05, ""regressor__shrinking"": true, ""regressor__epsilon"": 0.1, ""regressor__coef0"": 1.0, ""regressor__C"": 5.0}",10800,205200,43.54,VP9,random,2,Prop0.05,45,True
CART,0.0230237222155597,"{""max_features"": 1.0, ""min_samples_leaf"": 2, ""splitter"": ""best""}",10800,205200,0.12,VP9,random,2,Prop0.05,46,True
kNN,1.3461196405219586,"{""n_neighbors"": 8, ""p"": 1, ""weights"": ""distance""}",10800,205200,119.39,VP9,random,2,Prop0.05,46,True
KRR,0.0925669958718674,"{""regressor__kernel"": ""rbf"", ""regressor__gamma"": 0.1, ""regressor__alpha"": 0.01}",10800,205200,87.23,VP9,random,2,Prop0.05,46,True
MR,0.3954548729050749,"{""lasso__regressor__alpha"": 0.01}",10800,205200,5.73,VP9,random,2,Prop0.05,46,True
RF,0.0201119098697652,"{""max_features"": 1.0, ""min_samples_leaf"": 2, ""n_estimators"": 20}",10800,205200,1.46,VP9,random,2,Prop0.05,46,True
SVR,0.398136077385912,"{""regressor__tol"": 0.05, ""regressor__shrinking"": true, ""regressor__epsilon"": 0.1, ""regressor__coef0"": 1.0, ""regressor__C"": 5.0}",10800,205200,41.7,VP9,random,2,Prop0.05,46,True
CART,0.0229209707987922,"{""max_features"": 1.0, ""min_samples_leaf"": 2, ""splitter"": ""best""}",10800,205200,0.12,VP9,random,2,Prop0.05,47,True
kNN,1.4126135396686743,"{""n_neighbors"": 8, ""p"": 1, ""weights"": ""distance""}",10800,205200,115.46,VP9,random,2,Prop0.05,47,True
KRR,0.0959452024658439,"{""regressor__kernel"": ""rbf"", ""regressor__gamma"": 0.1, ""regressor__alpha"": 0.01}",10800,205200,94.43,VP9,random,2,Prop0.05,47,True
MR,0.3878535783118258,"{""lasso__regressor__alpha"": 0.01}",10800,205200,5.14,VP9,random,2,Prop0.05,47,True
RF,0.0201271042290068,"{""max_features"": 1.0, ""min_samples_leaf"": 2, ""n_estimators"": 20}",10800,205200,1.27,VP9,random,2,Prop0.05,47,True
SVR,0.4120605108521861,"{""regressor__tol"": 0.05, ""regressor__shrinking"": true, ""regressor__epsilon"": 0.1, ""regressor__coef0"": 1.0, ""regressor__C"": 5.0}",10800,205200,44.28,VP9,random,2,Prop0.05,47,True
CART,0.0227963031552262,"{""max_features"": 1.0, ""min_samples_leaf"": 2, ""splitter"": ""best""}",10800,205200,0.12,VP9,random,2,Prop0.05,48,True
kNN,1.3817500174508484,"{""n_neighbors"": 8, ""p"": 1, ""weights"": ""distance""}",10800,205200,119.85,VP9,random,2,Prop0.05,48,True
KRR,0.0956572180033389,"{""regressor__kernel"": ""rbf"", ""regressor__gamma"": 0.1, ""regressor__alpha"": 0.01}",10800,205200,92.23,VP9,random,2,Prop0.05,48,True
MR,0.3844950728210292,"{""lasso__regressor__alpha"": 0.01}",10800,205200,4.95,VP9,random,2,Prop0.05,48,True
RF,0.0201741511056247,"{""max_features"": 1.0, ""min_samples_leaf"": 2, ""n_estimators"": 20}",10800,205200,1.36,VP9,random,2,Prop0.05,48,True
SVR,0.413002553626163,"{""regressor__tol"": 0.05, ""regressor__shrinking"": true, ""regressor__epsilon"": 0.1, ""regressor__coef0"": 1.0, ""regressor__C"": 5.0}",10800,205200,43.32,VP9,random,2,Prop0.05,48,True
CART,0.023075674665794,"{""max_features"": 1.0, ""min_samples_leaf"": 2, ""splitter"": ""best""}",10800,205200,0.12,VP9,random,2,Prop0.05,49,True
kNN,1.370497449132604,"{""n_neighbors"": 8, ""p"": 1, ""weights"": ""distance""}",10800,205200,113.04,VP9,random,2,Prop0.05,49,True
KRR,0.0981420023432631,"{""regressor__kernel"": ""rbf"", ""regressor__gamma"": 0.1, ""regressor__alpha"": 0.01}",10800,205200,90.76,VP9,random,2,Prop0.05,49,True
MR,0.3916324368924282,"{""lasso__regressor__alpha"": 0.01}",10800,205200,4.29,VP9,random,2,Prop0.05,49,True
RF,0.0201402631593655,"{""max_features"": 1.0, ""min_samples_leaf"": 2, ""n_estimators"": 20}",10800,205200,1.37,VP9,random,2,Prop0.05,49,True
SVR,0.4092582035001038,"{""regressor__tol"": 0.05, ""regressor__shrinking"": true, ""regressor__epsilon"": 0.1, ""regressor__coef0"": 1.0, ""regressor__C"": 5.0}",10800,205200,43.74,VP9,random,2,Prop0.05,49,True
CART,0.0232050780898802,"{""max_features"": 1.0, ""min_samples_leaf"": 2, ""splitter"": ""best""}",10800,205200,0.13,VP9,random,2,Prop0.05,50,True
kNN,1.3469199817447302,"{""n_neighbors"": 8, ""p"": 1, ""weights"": ""distance""}",10800,205200,118.1,VP9,random,2,Prop0.05,50,True
KRR,0.093595503831409,"{""regressor__kernel"": ""rbf"", ""regressor__gamma"": 0.1, ""regressor__alpha"": 0.01}",10800,205200,86.45,VP9,random,2,Prop0.05,50,True
MR,0.3880794355945917,"{""lasso__regressor__alpha"": 0.01}",10800,205200,5.15,VP9,random,2,Prop0.05,50,True
RF,0.0205549136044369,"{""max_features"": 1.0, ""min_samples_leaf"": 2, ""n_estimators"": 20}",10800,205200,1.43,VP9,random,2,Prop0.05,50,True
SVR,0.4091675173662964,"{""regressor__tol"": 0.05, ""regressor__shrinking"": true, ""regressor__epsilon"": 0.1, ""regressor__coef0"": 1.0, ""regressor__C"": 5.0}",10800,205200,42.61,VP9,random,2,Prop0.05,50,True
CART,0.022954119949126,"{""max_features"": 1.0, ""min_samples_leaf"": 2, ""splitter"": ""best""}",10800,205200,0.12,VP9,random,2,Prop0.05,51,True
kNN,1.3716256837058831,"{""n_neighbors"": 8, ""p"": 1, ""weights"": ""distance""}",10800,205200,115.73,VP9,random,2,Prop0.05,51,True
KRR,0.0963991629760327,"{""regressor__kernel"": ""rbf"", ""regressor__gamma"": 0.1, ""regressor__alpha"": 0.01}",10800,205200,94.04,VP9,random,2,Prop0.05,51,True
MR,0.3841614755423676,"{""lasso__regressor__alpha"": 0.01}",10800,205200,5.82,VP9,random,2,Prop0.05,51,True
RF,0.0202995772108215,"{""max_features"": 1.0, ""min_samples_leaf"": 2, ""n_estimators"": 20}",10800,205200,1.29,VP9,random,2,Prop0.05,51,True
SVR,0.4031863088616657,"{""regressor__tol"": 0.05, ""regressor__shrinking"": true, ""regressor__epsilon"": 0.1, ""regressor__coef0"": 1.0, ""regressor__C"": 5.0}",10800,205200,43.88,VP9,random,2,Prop0.05,51,True
CART,0.0228758582780634,"{""max_features"": 1.0, ""min_samples_leaf"": 2, ""splitter"": ""best""}",10800,205200,0.12,VP9,random,2,Prop0.05,52,True
kNN,1.3423950958991182,"{""n_neighbors"": 8, ""p"": 1, ""weights"": ""distance""}",10800,205200,120.25,VP9,random,2,Prop0.05,52,True
KRR,0.0918955698165147,"{""regressor__kernel"": ""rbf"", ""regressor__gamma"": 0.1, ""regressor__alpha"": 0.01}",10800,205200,91.73,VP9,random,2,Prop0.05,52,True
MR,0.3909150556352979,"{""lasso__regressor__alpha"": 0.01}",10800,205200,5.06,VP9,random,2,Prop0.05,52,True
RF,0.0200097820670184,"{""max_features"": 1.0, ""min_samples_leaf"": 2, ""n_estimators"": 20}",10800,205200,1.36,VP9,random,2,Prop0.05,52,True
SVR,0.4031777454138581,"{""regressor__tol"": 0.05, ""regressor__shrinking"": true, ""regressor__epsilon"": 0.1, ""regressor__coef0"": 1.0, ""regressor__C"": 5.0}",10800,205200,43.98,VP9,random,2,Prop0.05,52,True
CART,0.0232143281362995,"{""max_features"": 1.0, ""min_samples_leaf"": 2, ""splitter"": ""best""}",10800,205200,0.12,VP9,random,2,Prop0.05,53,True
kNN,1.3427340854250742,"{""n_neighbors"": 8, ""p"": 1, ""weights"": ""distance""}",10800,205200,113.03,VP9,random,2,Prop0.05,53,True
KRR,0.0929478910500656,"{""regressor__kernel"": ""rbf"", ""regressor__gamma"": 0.1, ""regressor__alpha"": 0.01}",10800,205200,90.19,VP9,random,2,Prop0.05,53,True
MR,0.3853828369060225,"{""lasso__regressor__alpha"": 0.01}",10800,205200,4.31,VP9,random,2,Prop0.05,53,True
RF,0.0203799075679533,"{""max_features"": 1.0, ""min_samples_leaf"": 2, ""n_estimators"": 20}",10800,205200,1.37,VP9,random,2,Prop0.05,53,True
SVR,0.405929849555474,"{""regressor__tol"": 0.05, ""regressor__shrinking"": true, ""regressor__epsilon"": 0.1, ""regressor__coef0"": 1.0, ""regressor__C"": 5.0}",10800,205200,41.11,VP9,random,2,Prop0.05,53,True
CART,0.0229921628742423,"{""max_features"": 1.0, ""min_samples_leaf"": 2, ""splitter"": ""best""}",10800,205200,0.13,VP9,random,2,Prop0.05,54,True
kNN,1.4407199424144572,"{""n_neighbors"": 8, ""p"": 1, ""weights"": ""distance""}",10800,205200,118.2,VP9,random,2,Prop0.05,54,True
KRR,0.0955340551412595,"{""regressor__kernel"": ""rbf"", ""regressor__gamma"": 0.1, ""regressor__alpha"": 0.01}",10800,205200,85.58,VP9,random,2,Prop0.05,54,True
MR,0.3809321827839806,"{""lasso__regressor__alpha"": 0.01}",10800,205200,4.57,VP9,random,2,Prop0.05,54,True
RF,0.0202451184186777,"{""max_features"": 1.0, ""min_samples_leaf"": 2, ""n_estimators"": 20}",10800,205200,1.37,VP9,random,2,Prop0.05,54,True
SVR,0.4190688219917523,"{""regressor__tol"": 0.05, ""regressor__shrinking"": true, ""regressor__epsilon"": 0.1, ""regressor__coef0"": 1.0, ""regressor__C"": 5.0}",10800,205200,44.28,VP9,random,2,Prop0.05,54,True
CART,0.0229592167067721,"{""max_features"": 1.0, ""min_samples_leaf"": 2, ""splitter"": ""best""}",10800,205200,0.12,VP9,random,2,Prop0.05,55,True
kNN,1.365057844300098,"{""n_neighbors"": 8, ""p"": 1, ""weights"": ""distance""}",10800,205200,115.97,VP9,random,2,Prop0.05,55,True
KRR,0.0946787845215758,"{""regressor__kernel"": ""rbf"", ""regressor__gamma"": 0.1, ""regressor__alpha"": 0.01}",10800,205200,93.52,VP9,random,2,Prop0.05,55,True
MR,0.3894354710574819,"{""lasso__regressor__alpha"": 0.01}",10800,205200,6.42,VP9,random,2,Prop0.05,55,True
RF,0.020349434872625,"{""max_features"": 1.0, ""min_samples_leaf"": 2, ""n_estimators"": 20}",10800,205200,1.52,VP9,random,2,Prop0.05,55,True
SVR,0.4140764843659154,"{""regressor__tol"": 0.05, ""regressor__shrinking"": true, ""regressor__epsilon"": 0.1, ""regressor__coef0"": 1.0, ""regressor__C"": 5.0}",10800,205200,43.93,VP9,random,2,Prop0.05,55,True
CART,0.0228179205414135,"{""max_features"": 1.0, ""min_samples_leaf"": 2, ""splitter"": ""best""}",10800,205200,0.12,VP9,random,2,Prop0.05,56,True
kNN,1.4047607471675074,"{""n_neighbors"": 8, ""p"": 1, ""weights"": ""distance""}",10800,205200,120.32,VP9,random,2,Prop0.05,56,True
KRR,0.0954485376841996,"{""regressor__kernel"": ""rbf"", ""regressor__gamma"": 0.1, ""regressor__alpha"": 0.01}",10800,205200,92.41,VP9,random,2,Prop0.05,56,True
MR,0.3806404353846758,"{""lasso__regressor__alpha"": 0.01}",10800,205200,5.2,VP9,random,2,Prop0.05,56,True
RF,0.0202833520893333,"{""max_features"": 1.0, ""min_samples_leaf"": 2, ""n_estimators"": 20}",10800,205200,1.36,VP9,random,2,Prop0.05,56,True
SVR,0.4105023606986372,"{""regressor__tol"": 0.05, ""regressor__shrinking"": true, ""regressor__epsilon"": 0.1, ""regressor__coef0"": 1.0, ""regressor__C"": 5.0}",10800,205200,42.23,VP9,random,2,Prop0.05,56,True
CART,0.0229364549203459,"{""max_features"": 1.0, ""min_samples_leaf"": 2, ""splitter"": ""best""}",10800,205200,0.12,VP9,random,2,Prop0.05,57,True
kNN,1.376180159767953,"{""n_neighbors"": 8, ""p"": 1, ""weights"": ""distance""}",10800,205200,113.12,VP9,random,2,Prop0.05,57,True
KRR,0.0940096867729634,"{""regressor__kernel"": ""rbf"", ""regressor__gamma"": 0.1, ""regressor__alpha"": 0.01}",10800,205200,88.46,VP9,random,2,Prop0.05,57,True
MR,0.3955360714451831,"{""lasso__regressor__alpha"": 0.01}",10800,205200,4.94,VP9,random,2,Prop0.05,57,True
RF,0.0202619194900726,"{""max_features"": 1.0, ""min_samples_leaf"": 2, ""n_estimators"": 20}",10800,205200,1.38,VP9,random,2,Prop0.05,57,True
SVR,0.4140414448785526,"{""regressor__tol"": 0.05, ""regressor__shrinking"": true, ""regressor__epsilon"": 0.1, ""regressor__coef0"": 1.0, ""regressor__C"": 5.0}",10800,205200,41.68,VP9,random,2,Prop0.05,57,True
CART,0.0230004175556954,"{""max_features"": 1.0, ""min_samples_leaf"": 2, ""splitter"": ""best""}",10800,205200,0.12,VP9,random,2,Prop0.05,58,True
kNN,1.3581822566156856,"{""n_neighbors"": 8, ""p"": 1, ""weights"": ""distance""}",10800,205200,120.7,VP9,random,2,Prop0.05,58,True
KRR,0.0943704468531256,"{""regressor__kernel"": ""rbf"", ""regressor__gamma"": 0.1, ""regressor__alpha"": 0.01}",10800,205200,82.84,VP9,random,2,Prop0.05,58,True
MR,0.3921919481652773,"{""lasso__regressor__alpha"": 0.01}",10800,205200,4.26,VP9,random,2,Prop0.05,58,True
RF,0.0203464941998271,"{""max_features"": 1.0, ""min_samples_leaf"": 2, ""n_estimators"": 20}",10800,205200,1.37,VP9,random,2,Prop0.05,58,True
SVR,0.4007120642927518,"{""regressor__tol"": 0.05, ""regressor__shrinking"": true, ""regressor__epsilon"": 0.1, ""regressor__coef0"": 1.0, ""regressor__C"": 5.0}",10800,205200,44.27,VP9,random,2,Prop0.05,58,True
CART,0.0232221705977871,"{""max_features"": 1.0, ""min_samples_leaf"": 2, ""splitter"": ""best""}",10800,205200,0.12,VP9,random,2,Prop0.05,59,True
kNN,1.375638367351413,"{""n_neighbors"": 8, ""p"": 1, ""weights"": ""distance""}",10800,205200,115.74,VP9,random,2,Prop0.05,59,True
KRR,0.0934615056043533,"{""regressor__kernel"": ""rbf"", ""regressor__gamma"": 0.1, ""regressor__alpha"": 0.01}",10800,205200,93.42,VP9,random,2,Prop0.05,59,True
MR,0.38752136704604,"{""lasso__regressor__alpha"": 0.01}",10800,205200,6.48,VP9,random,2,Prop0.05,59,True
RF,0.0202590420844444,"{""max_features"": 1.0, ""min_samples_leaf"": 2, ""n_estimators"": 20}",10800,205200,1.53,VP9,random,2,Prop0.05,59,True
SVR,0.4152815464310652,"{""regressor__tol"": 0.05, ""regressor__shrinking"": true, ""regressor__epsilon"": 0.1, ""regressor__coef0"": 1.0, ""regressor__C"": 5.0}",10800,205200,43.97,VP9,random,2,Prop0.05,59,True
CART,0.0228683906767682,"{""max_features"": 1.0, ""min_samples_leaf"": 2, ""splitter"": ""best""}",10800,205200,0.12,VP9,random,2,Prop0.05,60,True
kNN,1.388659354675831,"{""n_neighbors"": 8, ""p"": 1, ""weights"": ""distance""}",10800,205200,120.27,VP9,random,2,Prop0.05,60,True
KRR,0.0941098950614369,"{""regressor__kernel"": ""rbf"", ""regressor__gamma"": 0.1, ""regressor__alpha"": 0.01}",10800,205200,91.99,VP9,random,2,Prop0.05,60,True
MR,0.3912951746631334,"{""lasso__regressor__alpha"": 0.01}",10800,205200,5.25,VP9,random,2,Prop0.05,60,True
RF,0.0201176584384439,"{""max_features"": 1.0, ""min_samples_leaf"": 2, ""n_estimators"": 20}",10800,205200,1.35,VP9,random,2,Prop0.05,60,True
SVR,0.4053441246100114,"{""regressor__tol"": 0.05, ""regressor__shrinking"": true, ""regressor__epsilon"": 0.1, ""regressor__coef0"": 1.0, ""regressor__C"": 5.0}",10800,205200,41.04,VP9,random,2,Prop0.05,60,True
CART,0.0227668520266735,"{""max_features"": 1.0, ""min_samples_leaf"": 2, ""splitter"": ""best""}",10800,205200,0.12,VP9,random,2,Prop0.05,61,True
kNN,1.347571521451417,"{""n_neighbors"": 8, ""p"": 1, ""weights"": ""distance""}",10800,205200,112.4,VP9,random,2,Prop0.05,61,True
KRR,0.0940054207791017,"{""regressor__kernel"": ""rbf"", ""regressor__gamma"": 0.1, ""regressor__alpha"": 0.01}",10800,205200,88.91,VP9,random,2,Prop0.05,61,True
MR,0.3976463858454384,"{""lasso__regressor__alpha"": 0.01}",10800,205200,5.26,VP9,random,2,Prop0.05,61,True
RF,0.0201106189537695,"{""max_features"": 1.0, ""min_samples_leaf"": 2, ""n_estimators"": 20}",10800,205200,1.37,VP9,random,2,Prop0.05,61,True
SVR,0.4075146748559086,"{""regressor__tol"": 0.05, ""regressor__shrinking"": true, ""regressor__epsilon"": 0.1, ""regressor__coef0"": 1.0, ""regressor__C"": 5.0}",10800,205200,43.27,VP9,random,2,Prop0.05,61,True
CART,0.0230155311024229,"{""max_features"": 1.0, ""min_samples_leaf"": 2, ""splitter"": ""best""}",10800,205200,0.12,VP9,random,2,Prop0.05,62,True
kNN,1.342329227118264,"{""n_neighbors"": 8, ""p"": 1, ""weights"": ""distance""}",10800,205200,120.82,VP9,random,2,Prop0.05,62,True
KRR,0.0973446352277812,"{""regressor__kernel"": ""rbf"", ""regressor__gamma"": 0.1, ""regressor__alpha"": 0.01}",10800,205200,83.92,VP9,random,2,Prop0.05,62,True
MR,0.393825412880541,"{""lasso__regressor__alpha"": 0.01}",10800,205200,4.29,VP9,random,2,Prop0.05,62,True
RF,0.0201501733915124,"{""max_features"": 1.0, ""min_samples_leaf"": 2, ""n_estimators"": 20}",10800,205200,1.37,VP9,random,2,Prop0.05,62,True
SVR,0.407539604192487,"{""regressor__tol"": 0.05, ""regressor__shrinking"": true, ""regressor__epsilon"": 0.1, ""regressor__coef0"": 1.0, ""regressor__C"": 5.0}",10800,205200,44.18,VP9,random,2,Prop0.05,62,True
CART,0.0233141270888362,"{""max_features"": 1.0, ""min_samples_leaf"": 2, ""splitter"": ""best""}",10800,205200,0.12,VP9,random,2,Prop0.05,63,True
kNN,1.3388553170964796,"{""n_neighbors"": 8, ""p"": 1, ""weights"": ""distance""}",10800,205200,116.16,VP9,random,2,Prop0.05,63,True
KRR,0.0920209165576228,"{""regressor__kernel"": ""rbf"", ""regressor__gamma"": 0.1, ""regressor__alpha"": 0.01}",10800,205200,93.4,VP9,random,2,Prop0.05,63,True
MR,0.3890232916159193,"{""lasso__regressor__alpha"": 0.01}",10800,205200,6.08,VP9,random,2,Prop0.05,63,True
RF,0.020211405611961,"{""max_features"": 1.0, ""min_samples_leaf"": 2, ""n_estimators"": 20}",10800,205200,1.41,VP9,random,2,Prop0.05,63,True
SVR,0.401900813453449,"{""regressor__tol"": 0.05, ""regressor__shrinking"": true, ""regressor__epsilon"": 0.1, ""regressor__coef0"": 1.0, ""regressor__C"": 5.0}",10800,205200,43.2,VP9,random,2,Prop0.05,63,True
CART,0.0225094128522238,"{""max_features"": 1.0, ""min_samples_leaf"": 2, ""splitter"": ""best""}",10800,205200,0.12,VP9,random,2,Prop0.05,64,True
kNN,1.3333200611598444,"{""n_neighbors"": 8, ""p"": 1, ""weights"": ""distance""}",10800,205200,120.36,VP9,random,2,Prop0.05,64,True
KRR,0.0935891017795586,"{""regressor__kernel"": ""rbf"", ""regressor__gamma"": 0.1, ""regressor__alpha"": 0.01}",10800,205200,91.93,VP9,random,2,Prop0.05,64,True
MR,0.3924264247086719,"{""lasso__regressor__alpha"": 0.01}",10800,205200,5.08,VP9,random,2,Prop0.05,64,True
RF,0.0200226376455691,"{""max_features"": 1.0, ""min_samples_leaf"": 2, ""n_estimators"": 20}",10800,205200,1.36,VP9,random,2,Prop0.05,64,True
SVR,0.4032528512152308,"{""regressor__tol"": 0.05, ""regressor__shrinking"": true, ""regressor__epsilon"": 0.1, ""regressor__coef0"": 1.0, ""regressor__C"": 5.0}",10800,205200,43.17,VP9,random,2,Prop0.05,64,True
CART,0.0230126492042391,"{""max_features"": 1.0, ""min_samples_leaf"": 2, ""splitter"": ""best""}",10800,205200,0.12,VP9,random,2,Prop0.05,65,True
kNN,1.36161780188418,"{""n_neighbors"": 8, ""p"": 1, ""weights"": ""distance""}",10800,205200,112.2,VP9,random,2,Prop0.05,65,True
KRR,0.0912767755634663,"{""regressor__kernel"": ""rbf"", ""regressor__gamma"": 0.1, ""regressor__alpha"": 0.01}",10800,205200,89.2,VP9,random,2,Prop0.05,65,True
MR,0.3911482996818577,"{""lasso__regressor__alpha"": 0.01}",10800,205200,6.53,VP9,random,2,Prop0.05,65,True
RF,0.0199533867328028,"{""max_features"": 1.0, ""min_samples_leaf"": 2, ""n_estimators"": 20}",10800,205200,1.37,VP9,random,2,Prop0.05,65,True
SVR,0.4081180607986476,"{""regressor__tol"": 0.05, ""regressor__shrinking"": true, ""regressor__epsilon"": 0.1, ""regressor__coef0"": 1.0, ""regressor__C"": 5.0}",10800,205200,41.86,VP9,random,2,Prop0.05,65,True
CART,0.023292181018009,"{""max_features"": 1.0, ""min_samples_leaf"": 2, ""splitter"": ""best""}",10800,205200,0.12,VP9,random,2,Prop0.05,66,True
kNN,1.3164664551698804,"{""n_neighbors"": 8, ""p"": 1, ""weights"": ""distance""}",10800,205200,120.78,VP9,random,2,Prop0.05,66,True
KRR,0.09325701881092,"{""regressor__kernel"": ""rbf"", ""regressor__gamma"": 0.1, ""regressor__alpha"": 0.01}",10800,205200,84.62,VP9,random,2,Prop0.05,66,True
MR,0.3884118747672708,"{""lasso__regressor__alpha"": 0.01}",10800,205200,4.28,VP9,random,2,Prop0.05,66,True
RF,0.0204394343595488,"{""max_features"": 1.0, ""min_samples_leaf"": 2, ""n_estimators"": 20}",10800,205200,1.37,VP9,random,2,Prop0.05,66,True
SVR,0.403470036056538,"{""regressor__tol"": 0.05, ""regressor__shrinking"": true, ""regressor__epsilon"": 0.1, ""regressor__coef0"": 1.0, ""regressor__C"": 5.0}",10800,205200,43.27,VP9,random,2,Prop0.05,66,True
CART,0.0224538593316441,"{""max_features"": 1.0, ""min_samples_leaf"": 2, ""splitter"": ""best""}",10800,205200,0.12,VP9,random,2,Prop0.05,67,True
kNN,1.4342568990345417,"{""n_neighbors"": 8, ""p"": 1, ""weights"": ""distance""}",10800,205200,116.3,VP9,random,2,Prop0.05,67,True
KRR,0.0952391215139696,"{""regressor__kernel"": ""rbf"", ""regressor__gamma"": 0.1, ""regressor__alpha"": 0.01}",10800,205200,93.2,VP9,random,2,Prop0.05,67,True
MR,0.3852137931558239,"{""lasso__regressor__alpha"": 0.01}",10800,205200,6.49,VP9,random,2,Prop0.05,67,True
RF,0.0201190805789971,"{""max_features"": 1.0, ""min_samples_leaf"": 2, ""n_estimators"": 20}",10800,205200,1.52,VP9,random,2,Prop0.05,67,True
SVR,0.4134909515446752,"{""regressor__tol"": 0.05, ""regressor__shrinking"": true, ""regressor__epsilon"": 0.1, ""regressor__coef0"": 1.0, ""regressor__C"": 5.0}",10800,205200,44.43,VP9,random,2,Prop0.05,67,True
CART,0.023543920242576,"{""max_features"": 1.0, ""min_samples_leaf"": 2, ""splitter"": ""best""}",10800,205200,0.12,VP9,random,2,Prop0.05,68,True
kNN,1.3002285372879132,"{""n_neighbors"": 8, ""p"": 1, ""weights"": ""distance""}",10800,205200,120.3,VP9,random,2,Prop0.05,68,True
KRR,0.0932792937556833,"{""regressor__kernel"": ""rbf"", ""regressor__gamma"": 0.1, ""regressor__alpha"": 0.01}",10800,205200,92.22,VP9,random,2,Prop0.05,68,True
MR,0.3925713355763414,"{""lasso__regressor__alpha"": 0.01}",10800,205200,5.21,VP9,random,2,Prop0.05,68,True
RF,0.0203118089519199,"{""max_features"": 1.0, ""min_samples_leaf"": 2, ""n_estimators"": 20}",10800,205200,1.36,VP9,random,2,Prop0.05,68,True
SVR,0.4068745323272204,"{""regressor__tol"": 0.05, ""regressor__shrinking"": true, ""regressor__epsilon"": 0.1, ""regressor__coef0"": 1.0, ""regressor__C"": 5.0}",10800,205200,41.61,VP9,random,2,Prop0.05,68,True
CART,0.0226828397383257,"{""max_features"": 1.0, ""min_samples_leaf"": 2, ""splitter"": ""best""}",10800,205200,0.12,VP9,random,2,Prop0.05,69,True
kNN,1.3625109303028973,"{""n_neighbors"": 8, ""p"": 1, ""weights"": ""distance""}",10800,205200,111.72,VP9,random,2,Prop0.05,69,True
KRR,0.0936635581197433,"{""regressor__kernel"": ""rbf"", ""regressor__gamma"": 0.1, ""regressor__alpha"": 0.01}",10800,205200,89.74,VP9,random,2,Prop0.05,69,True
MR,0.3829065201800056,"{""lasso__regressor__alpha"": 0.01}",10800,205200,6.68,VP9,random,2,Prop0.05,69,True
RF,0.0197742422897392,"{""max_features"": 1.0, ""min_samples_leaf"": 2, ""n_estimators"": 20}",10800,205200,1.41,VP9,random,2,Prop0.05,69,True
SVR,0.4121011054915193,"{""regressor__tol"": 0.05, ""regressor__shrinking"": true, ""regressor__epsilon"": 0.1, ""regressor__coef0"": 1.0, ""regressor__C"": 5.0}",10800,205200,41.56,VP9,random,2,Prop0.05,69,True
CART,0.022672959793749,"{""max_features"": 1.0, ""min_samples_leaf"": 2, ""splitter"": ""best""}",10800,205200,0.13,VP9,random,2,Prop0.05,70,True
kNN,1.4010670217911652,"{""n_neighbors"": 8, ""p"": 1, ""weights"": ""distance""}",10800,205200,120.4,VP9,random,2,Prop0.05,70,True
KRR,0.0973294940263831,"{""regressor__kernel"": ""rbf"", ""regressor__gamma"": 0.1, ""regressor__alpha"": 0.01}",10800,205200,84.94,VP9,random,2,Prop0.05,70,True
MR,0.3971883557830589,"{""lasso__regressor__alpha"": 0.01}",10800,205200,4.54,VP9,random,2,Prop0.05,70,True
RF,0.0199906395935663,"{""max_features"": 1.0, ""min_samples_leaf"": 2, ""n_estimators"": 20}",10800,205200,1.37,VP9,random,2,Prop0.05,70,True
SVR,0.4094875549819885,"{""regressor__tol"": 0.05, ""regressor__shrinking"": true, ""regressor__epsilon"": 0.1, ""regressor__coef0"": 1.0, ""regressor__C"": 5.0}",10800,205200,43.87,VP9,random,2,Prop0.05,70,True
CART,0.0230182726107219,"{""max_features"": 1.0, ""min_samples_leaf"": 2, ""splitter"": ""best""}",10800,205200,0.12,VP9,random,2,Prop0.05,71,True
kNN,1.3566744228538397,"{""n_neighbors"": 8, ""p"": 1, ""weights"": ""distance""}",10800,205200,115.86,VP9,random,2,Prop0.05,71,True
KRR,0.092665336738117,"{""regressor__kernel"": ""rbf"", ""regressor__gamma"": 0.1, ""regressor__alpha"": 0.01}",10800,205200,93.58,VP9,random,2,Prop0.05,71,True
MR,0.3864641549415338,"{""lasso__regressor__alpha"": 0.01}",10800,205200,6.19,VP9,random,2,Prop0.05,71,True
RF,0.020143452284574,"{""max_features"": 1.0, ""min_samples_leaf"": 2, ""n_estimators"": 20}",10800,205200,1.45,VP9,random,2,Prop0.05,71,True
SVR,0.409192570881825,"{""regressor__tol"": 0.05, ""regressor__shrinking"": true, ""regressor__epsilon"": 0.1, ""regressor__coef0"": 1.0, ""regressor__C"": 5.0}",10800,205200,44.83,VP9,random,2,Prop0.05,71,True
CART,0.0226061812342945,"{""max_features"": 1.0, ""min_samples_leaf"": 2, ""splitter"": ""best""}",10800,205200,0.12,VP9,random,2,Prop0.05,72,True
kNN,1.3707849031699828,"{""n_neighbors"": 8, ""p"": 1, ""weights"": ""distance""}",10800,205200,120.28,VP9,random,2,Prop0.05,72,True
KRR,0.0928410087277878,"{""regressor__kernel"": ""rbf"", ""regressor__gamma"": 0.1, ""regressor__alpha"": 0.01}",10800,205200,92.19,VP9,random,2,Prop0.05,72,True
MR,0.3828391186907461,"{""lasso__regressor__alpha"": 0.01}",10800,205200,5.19,VP9,random,2,Prop0.05,72,True
RF,0.0199882782800298,"{""max_features"": 1.0, ""min_samples_leaf"": 2, ""n_estimators"": 20}",10800,205200,1.36,VP9,random,2,Prop0.05,72,True
SVR,0.412039337599155,"{""regressor__tol"": 0.05, ""regressor__shrinking"": true, ""regressor__epsilon"": 0.1, ""regressor__coef0"": 1.0, ""regressor__C"": 5.0}",10800,205200,43.34,VP9,random,2,Prop0.05,72,True
CART,0.0232566171327128,"{""max_features"": 1.0, ""min_samples_leaf"": 2, ""splitter"": ""best""}",10800,205200,0.12,VP9,random,2,Prop0.05,73,True
kNN,1.3057047750444026,"{""n_neighbors"": 8, ""p"": 1, ""weights"": ""distance""}",10800,205200,111.24,VP9,random,2,Prop0.05,73,True
KRR,0.093012187372239,"{""regressor__kernel"": ""rbf"", ""regressor__gamma"": 0.1, ""regressor__alpha"": 0.01}",10800,205200,89.3,VP9,random,2,Prop0.05,73,True
MR,0.39429584452372,"{""lasso__regressor__alpha"": 0.01}",10800,205200,7.11,VP9,random,2,Prop0.05,73,True
RF,0.0204477114274568,"{""max_features"": 1.0, ""min_samples_leaf"": 2, ""n_estimators"": 20}",10800,205200,1.47,VP9,random,2,Prop0.05,73,True
SVR,0.4002333889120692,"{""regressor__tol"": 0.05, ""regressor__shrinking"": true, ""regressor__epsilon"": 0.1, ""regressor__coef0"": 1.0, ""regressor__C"": 5.0}",10800,205200,41.55,VP9,random,2,Prop0.05,73,True
CART,0.0230879153287405,"{""max_features"": 1.0, ""min_samples_leaf"": 2, ""splitter"": ""best""}",10800,205200,0.13,VP9,random,2,Prop0.05,74,True
kNN,1.3512737257345564,"{""n_neighbors"": 8, ""p"": 1, ""weights"": ""distance""}",10800,205200,120.75,VP9,random,2,Prop0.05,74,True
KRR,0.0955959762074184,"{""regressor__kernel"": ""rbf"", ""regressor__gamma"": 0.1, ""regressor__alpha"": 0.01}",10800,205200,83.15,VP9,random,2,Prop0.05,74,True
MR,0.3858273812300198,"{""lasso__regressor__alpha"": 0.01}",10800,205200,4.62,VP9,random,2,Prop0.05,74,True
RF,0.0202430567112158,"{""max_features"": 1.0, ""min_samples_leaf"": 2, ""n_estimators"": 20}",10800,205200,1.38,VP9,random,2,Prop0.05,74,True
SVR,0.4050604249706603,"{""regressor__tol"": 0.05, ""regressor__shrinking"": true, ""regressor__epsilon"": 0.1, ""regressor__coef0"": 1.0, ""regressor__C"": 5.0}",10800,205200,43.05,VP9,random,2,Prop0.05,74,True
CART,0.0225577870786062,"{""max_features"": 1.0, ""min_samples_leaf"": 2, ""splitter"": ""best""}",10800,205200,0.12,VP9,random,2,Prop0.05,75,True
kNN,1.3546027231023992,"{""n_neighbors"": 8, ""p"": 1, ""weights"": ""distance""}",10800,205200,115.88,VP9,random,2,Prop0.05,75,True
KRR,0.0927448670877843,"{""regressor__kernel"": ""rbf"", ""regressor__gamma"": 0.1, ""regressor__alpha"": 0.01}",10800,205200,93.5,VP9,random,2,Prop0.05,75,True
MR,0.3828790728242857,"{""lasso__regressor__alpha"": 0.01}",10800,205200,6.48,VP9,random,2,Prop0.05,75,True
RF,0.019824002162448,"{""max_features"": 1.0, ""min_samples_leaf"": 2, ""n_estimators"": 20}",10800,205200,1.49,VP9,random,2,Prop0.05,75,True
SVR,0.4095352191444795,"{""regressor__tol"": 0.05, ""regressor__shrinking"": true, ""regressor__epsilon"": 0.1, ""regressor__coef0"": 1.0, ""regressor__C"": 5.0}",10800,205200,43.37,VP9,random,2,Prop0.05,75,True
CART,0.0230301065811954,"{""max_features"": 1.0, ""min_samples_leaf"": 2, ""splitter"": ""best""}",10800,205200,0.12,VP9,random,2,Prop0.05,76,True
kNN,1.3779676888671677,"{""n_neighbors"": 8, ""p"": 1, ""weights"": ""distance""}",10800,205200,120.47,VP9,random,2,Prop0.05,76,True
KRR,0.0940931412577643,"{""regressor__kernel"": ""rbf"", ""regressor__gamma"": 0.1, ""regressor__alpha"": 0.01}",10800,205200,92.44,VP9,random,2,Prop0.05,76,True
MR,0.3984501590347266,"{""lasso__regressor__alpha"": 0.01}",10800,205200,5.25,VP9,random,2,Prop0.05,76,True
RF,0.0199001427779705,"{""max_features"": 1.0, ""min_samples_leaf"": 2, ""n_estimators"": 20}",10800,205200,1.36,VP9,random,2,Prop0.05,76,True
SVR,0.4110299429282315,"{""regressor__tol"": 0.05, ""regressor__shrinking"": true, ""regressor__epsilon"": 0.1, ""regressor__coef0"": 1.0, ""regressor__C"": 5.0}",10800,205200,42.23,VP9,random,2,Prop0.05,76,True
CART,0.0232630489061361,"{""max_features"": 1.0, ""min_samples_leaf"": 2, ""splitter"": ""best""}",10800,205200,0.12,VP9,random,2,Prop0.05,77,True
kNN,1.404668160092551,"{""n_neighbors"": 8, ""p"": 1, ""weights"": ""distance""}",10800,205200,110.97,VP9,random,2,Prop0.05,77,True
KRR,0.0963174818948865,"{""regressor__kernel"": ""rbf"", ""regressor__gamma"": 0.1, ""regressor__alpha"": 0.01}",10800,205200,88.78,VP9,random,2,Prop0.05,77,True
MR,0.387335201156203,"{""lasso__regressor__alpha"": 0.01}",10800,205200,6.93,VP9,random,2,Prop0.05,77,True
RF,0.020252005142631,"{""max_features"": 1.0, ""min_samples_leaf"": 2, ""n_estimators"": 20}",10800,205200,1.52,VP9,random,2,Prop0.05,77,True
SVR,0.4004883178586961,"{""regressor__tol"": 0.05, ""regressor__shrinking"": true, ""regressor__epsilon"": 0.1, ""regressor__coef0"": 1.0, ""regressor__C"": 5.0}",10800,205200,41.06,VP9,random,2,Prop0.05,77,True
CART,0.0235420829389375,"{""max_features"": 1.0, ""min_samples_leaf"": 2, ""splitter"": ""best""}",10800,205200,0.13,VP9,random,2,Prop0.05,78,True
kNN,1.3434170409687654,"{""n_neighbors"": 8, ""p"": 1, ""weights"": ""distance""}",10800,205200,120.99,VP9,random,2,Prop0.05,78,True
KRR,0.0957252759780933,"{""regressor__kernel"": ""rbf"", ""regressor__gamma"": 0.1, ""regressor__alpha"": 0.01}",10800,205200,82.13,VP9,random,2,Prop0.05,78,True
MR,0.3986409395944956,"{""lasso__regressor__alpha"": 0.01}",10800,205200,4.6,VP9,random,2,Prop0.05,78,True
RF,0.0202995682264004,"{""max_features"": 1.0, ""min_samples_leaf"": 2, ""n_estimators"": 20}",10800,205200,1.38,VP9,random,2,Prop0.05,78,True
SVR,0.4030730504735821,"{""regressor__tol"": 0.05, ""regressor__shrinking"": true, ""regressor__epsilon"": 0.1, ""regressor__coef0"": 1.0, ""regressor__C"": 5.0}",10800,205200,44.11,VP9,random,2,Prop0.05,78,True
CART,0.0228011656688501,"{""max_features"": 1.0, ""min_samples_leaf"": 2, ""splitter"": ""best""}",10800,205200,0.12,VP9,random,2,Prop0.05,79,True
kNN,1.3383476841377215,"{""n_neighbors"": 8, ""p"": 1, ""weights"": ""distance""}",10800,205200,115.81,VP9,random,2,Prop0.05,79,True
KRR,0.092781897427279,"{""regressor__kernel"": ""rbf"", ""regressor__gamma"": 0.1, ""regressor__alpha"": 0.01}",10800,205200,93.5,VP9,random,2,Prop0.05,79,True
MR,0.3845434723373453,"{""lasso__regressor__alpha"": 0.01}",10800,205200,6.42,VP9,random,2,Prop0.05,79,True
RF,0.0203083458530343,"{""max_features"": 1.0, ""min_samples_leaf"": 2, ""n_estimators"": 20}",10800,205200,1.53,VP9,random,2,Prop0.05,79,True
SVR,0.4103857883995691,"{""regressor__tol"": 0.05, ""regressor__shrinking"": true, ""regressor__epsilon"": 0.1, ""regressor__coef0"": 1.0, ""regressor__C"": 5.0}",10800,205200,43.94,VP9,random,2,Prop0.05,79,True
CART,0.0229850268853736,"{""max_features"": 1.0, ""min_samples_leaf"": 2, ""splitter"": ""best""}",10800,205200,0.12,VP9,random,2,Prop0.05,80,True
kNN,1.3720490353161534,"{""n_neighbors"": 8, ""p"": 1, ""weights"": ""distance""}",10800,205200,120.22,VP9,random,2,Prop0.05,80,True
KRR,0.0930093789462751,"{""regressor__kernel"": ""rbf"", ""regressor__gamma"": 0.1, ""regressor__alpha"": 0.01}",10800,205200,92.07,VP9,random,2,Prop0.05,80,True
MR,0.396513056367845,"{""lasso__regressor__alpha"": 0.01}",10800,205200,5.14,VP9,random,2,Prop0.05,80,True
RF,0.0203523334785228,"{""max_features"": 1.0, ""min_samples_leaf"": 2, ""n_estimators"": 20}",10800,205200,1.36,VP9,random,2,Prop0.05,80,True
SVR,0.3977422145725781,"{""regressor__tol"": 0.05, ""regressor__shrinking"": true, ""regressor__epsilon"": 0.1, ""regressor__coef0"": 1.0, ""regressor__C"": 5.0}",10800,205200,43.08,VP9,random,2,Prop0.05,80,True
CART,0.0230856947531501,"{""max_features"": 1.0, ""min_samples_leaf"": 2, ""splitter"": ""best""}",10800,205200,0.12,VP9,random,2,Prop0.05,81,True
kNN,1.3418147439355703,"{""n_neighbors"": 8, ""p"": 1, ""weights"": ""distance""}",10800,205200,110.84,VP9,random,2,Prop0.05,81,True
KRR,0.0933610964027748,"{""regressor__kernel"": ""rbf"", ""regressor__gamma"": 0.1, ""regressor__alpha"": 0.01}",10800,205200,87.41,VP9,random,2,Prop0.05,81,True
MR,0.3859262317707694,"{""lasso__regressor__alpha"": 0.01}",10800,205200,6.07,VP9,random,2,Prop0.05,81,True
RF,0.0200619870538432,"{""max_features"": 1.0, ""min_samples_leaf"": 2, ""n_estimators"": 20}",10800,205200,1.57,VP9,random,2,Prop0.05,81,True
SVR,0.4079146815415303,"{""regressor__tol"": 0.05, ""regressor__shrinking"": true, ""regressor__epsilon"": 0.1, ""regressor__coef0"": 1.0, ""regressor__C"": 5.0}",10800,205200,41.65,VP9,random,2,Prop0.05,81,True
CART,0.0227138752399894,"{""max_features"": 1.0, ""min_samples_leaf"": 2, ""splitter"": ""best""}",10800,205200,0.13,VP9,random,2,Prop0.05,82,True
kNN,1.315594006007868,"{""n_neighbors"": 8, ""p"": 1, ""weights"": ""distance""}",10800,205200,120.9,VP9,random,2,Prop0.05,82,True
KRR,0.0930381648019868,"{""regressor__kernel"": ""rbf"", ""regressor__gamma"": 0.1, ""regressor__alpha"": 0.01}",10800,205200,79.81,VP9,random,2,Prop0.05,82,True
MR,0.3909774425683683,"{""lasso__regressor__alpha"": 0.01}",10800,205200,4.54,VP9,random,2,Prop0.05,82,True
RF,0.0202171038209072,"{""max_features"": 1.0, ""min_samples_leaf"": 2, ""n_estimators"": 20}",10800,205200,1.4,VP9,random,2,Prop0.05,82,True
SVR,0.4031849970217733,"{""regressor__tol"": 0.05, ""regressor__shrinking"": true, ""regressor__epsilon"": 0.1, ""regressor__coef0"": 1.0, ""regressor__C"": 5.0}",10800,205200,44.75,VP9,random,2,Prop0.05,82,True
CART,0.0229102046797223,"{""max_features"": 1.0, ""min_samples_leaf"": 2, ""splitter"": ""best""}",10800,205200,0.12,VP9,random,2,Prop0.05,83,True
kNN,1.3913976654779925,"{""n_neighbors"": 8, ""p"": 1, ""weights"": ""distance""}",10800,205200,115.21,VP9,random,2,Prop0.05,83,True
KRR,0.0943170270400713,"{""regressor__kernel"": ""rbf"", ""regressor__gamma"": 0.1, ""regressor__alpha"": 0.01}",10800,205200,93.04,VP9,random,2,Prop0.05,83,True
MR,0.3881704602057455,"{""lasso__regressor__alpha"": 0.01}",10800,205200,5.47,VP9,random,2,Prop0.05,83,True
RF,0.0200872465725218,"{""max_features"": 1.0, ""min_samples_leaf"": 2, ""n_estimators"": 20}",10800,205200,1.44,VP9,random,2,Prop0.05,83,True
SVR,0.4113100381040024,"{""regressor__tol"": 0.05, ""regressor__shrinking"": true, ""regressor__epsilon"": 0.1, ""regressor__coef0"": 1.0, ""regressor__C"": 5.0}",10800,205200,44.94,VP9,random,2,Prop0.05,83,True
CART,0.0224018597544031,"{""max_features"": 1.0, ""min_samples_leaf"": 2, ""splitter"": ""best""}",10800,205200,0.13,VP9,random,2,Prop0.05,84,True
kNN,1.3962823110338445,"{""n_neighbors"": 8, ""p"": 1, ""weights"": ""distance""}",10800,205200,119.56,VP9,random,2,Prop0.05,84,True
KRR,0.0944624043363514,"{""regressor__kernel"": ""rbf"", ""regressor__gamma"": 0.1, ""regressor__alpha"": 0.01}",10800,205200,90.48,VP9,random,2,Prop0.05,84,True
MR,0.3878901039554764,"{""lasso__regressor__alpha"": 0.01}",10800,205200,5.08,VP9,random,2,Prop0.05,84,True
RF,0.0203724566856711,"{""max_features"": 1.0, ""min_samples_leaf"": 2, ""n_estimators"": 20}",10800,205200,1.37,VP9,random,2,Prop0.05,84,True
SVR,0.4238014100773307,"{""regressor__tol"": 0.05, ""regressor__shrinking"": true, ""regressor__epsilon"": 0.1, ""regressor__coef0"": 1.0, ""regressor__C"": 5.0}",10800,205200,42.27,VP9,random,2,Prop0.05,84,True
CART,0.0227616465957015,"{""max_features"": 1.0, ""min_samples_leaf"": 2, ""splitter"": ""best""}",10800,205200,0.11,VP9,random,2,Prop0.05,85,True
kNN,1.3951396236823723,"{""n_neighbors"": 8, ""p"": 1, ""weights"": ""distance""}",10800,205200,112.4,VP9,random,2,Prop0.05,85,True
KRR,0.0957580631067629,"{""regressor__kernel"": ""rbf"", ""regressor__gamma"": 0.1, ""regressor__alpha"": 0.01}",10800,205200,88.53,VP9,random,2,Prop0.05,85,True
MR,0.3843411046672311,"{""lasso__regressor__alpha"": 0.01}",10800,205200,6.44,VP9,random,2,Prop0.05,85,True
RF,0.020027445406995,"{""max_features"": 1.0, ""min_samples_leaf"": 2, ""n_estimators"": 20}",10800,205200,1.58,VP9,random,2,Prop0.05,85,True
SVR,0.4014505033320322,"{""regressor__tol"": 0.05, ""regressor__shrinking"": true, ""regressor__epsilon"": 0.1, ""regressor__coef0"": 1.0, ""regressor__C"": 5.0}",10800,205200,41.76,VP9,random,2,Prop0.05,85,True
CART,0.0225910494324354,"{""max_features"": 1.0, ""min_samples_leaf"": 2, ""splitter"": ""best""}",10800,205200,0.12,VP9,random,2,Prop0.05,86,True
kNN,1.3378652042799517,"{""n_neighbors"": 8, ""p"": 1, ""weights"": ""distance""}",10800,205200,118.5,VP9,random,2,Prop0.05,86,True
KRR,0.0941849656952558,"{""regressor__kernel"": ""rbf"", ""regressor__gamma"": 0.1, ""regressor__alpha"": 0.01}",10800,205200,80.1,VP9,random,2,Prop0.05,86,True
MR,0.3858886399084412,"{""lasso__regressor__alpha"": 0.01}",10800,205200,4.6,VP9,random,2,Prop0.05,86,True
RF,0.0201458800471141,"{""max_features"": 1.0, ""min_samples_leaf"": 2, ""n_estimators"": 20}",10800,205200,1.37,VP9,random,2,Prop0.05,86,True
SVR,0.4067316981427264,"{""regressor__tol"": 0.05, ""regressor__shrinking"": true, ""regressor__epsilon"": 0.1, ""regressor__coef0"": 1.0, ""regressor__C"": 5.0}",10800,205200,43.28,VP9,random,2,Prop0.05,86,True
CART,0.0230838879455806,"{""max_features"": 1.0, ""min_samples_leaf"": 2, ""splitter"": ""best""}",10800,205200,0.13,VP9,random,2,Prop0.05,87,True
kNN,1.3601444270664662,"{""n_neighbors"": 8, ""p"": 1, ""weights"": ""distance""}",10800,205200,115.85,VP9,random,2,Prop0.05,87,True
KRR,0.0963038683999789,"{""regressor__kernel"": ""rbf"", ""regressor__gamma"": 0.1, ""regressor__alpha"": 0.01}",10800,205200,93.61,VP9,random,2,Prop0.05,87,True
MR,0.3882816967601692,"{""lasso__regressor__alpha"": 0.01}",10800,205200,6.68,VP9,random,2,Prop0.05,87,True
RF,0.0202879111068942,"{""max_features"": 1.0, ""min_samples_leaf"": 2, ""n_estimators"": 20}",10800,205200,1.52,VP9,random,2,Prop0.05,87,True
SVR,0.4099995064060857,"{""regressor__tol"": 0.05, ""regressor__shrinking"": true, ""regressor__epsilon"": 0.1, ""regressor__coef0"": 1.0, ""regressor__C"": 5.0}",10800,205200,43.67,VP9,random,2,Prop0.05,87,True
CART,0.0228926161859941,"{""max_features"": 1.0, ""min_samples_leaf"": 2, ""splitter"": ""best""}",10800,205200,0.13,VP9,random,2,Prop0.05,88,True
kNN,1.3144566574612535,"{""n_neighbors"": 8, ""p"": 1, ""weights"": ""distance""}",10800,205200,120.08,VP9,random,2,Prop0.05,88,True
KRR,0.0911591173637923,"{""regressor__kernel"": ""rbf"", ""regressor__gamma"": 0.1, ""regressor__alpha"": 0.01}",10800,205200,92.52,VP9,random,2,Prop0.05,88,True
MR,0.3932961395617868,"{""lasso__regressor__alpha"": 0.01}",10800,205200,5.05,VP9,random,2,Prop0.05,88,True
RF,0.0203288687365786,"{""max_features"": 1.0, ""min_samples_leaf"": 2, ""n_estimators"": 20}",10800,205200,1.38,VP9,random,2,Prop0.05,88,True
SVR,0.4043661579067449,"{""regressor__tol"": 0.05, ""regressor__shrinking"": true, ""regressor__epsilon"": 0.1, ""regressor__coef0"": 1.0, ""regressor__C"": 5.0}",10800,205200,43.3,VP9,random,2,Prop0.05,88,True
CART,0.0228309548600062,"{""max_features"": 1.0, ""min_samples_leaf"": 2, ""splitter"": ""best""}",10800,205200,0.12,VP9,random,2,Prop0.05,89,True
kNN,1.3633628710819357,"{""n_neighbors"": 8, ""p"": 1, ""weights"": ""distance""}",10800,205200,113.76,VP9,random,2,Prop0.05,89,True
KRR,0.0925398496039166,"{""regressor__kernel"": ""rbf"", ""regressor__gamma"": 0.1, ""regressor__alpha"": 0.01}",10800,205200,89.5,VP9,random,2,Prop0.05,89,True
MR,0.3815338258038579,"{""lasso__regressor__alpha"": 0.01}",10800,205200,7.27,VP9,random,2,Prop0.05,89,True
RF,0.0199506896294155,"{""max_features"": 1.0, ""min_samples_leaf"": 2, ""n_estimators"": 20}",10800,205200,1.45,VP9,random,2,Prop0.05,89,True
SVR,0.415572020867235,"{""regressor__tol"": 0.05, ""regressor__shrinking"": true, ""regressor__epsilon"": 0.1, ""regressor__coef0"": 1.0, ""regressor__C"": 5.0}",10800,205200,43.4,VP9,random,2,Prop0.05,89,True
CART,0.0232837610043468,"{""max_features"": 1.0, ""min_samples_leaf"": 2, ""splitter"": ""best""}",10800,205200,0.13,VP9,random,2,Prop0.05,90,True
kNN,1.353047813117184,"{""n_neighbors"": 8, ""p"": 1, ""weights"": ""distance""}",10800,205200,119.38,VP9,random,2,Prop0.05,90,True
KRR,0.0947998040170411,"{""regressor__kernel"": ""rbf"", ""regressor__gamma"": 0.1, ""regressor__alpha"": 0.01}",10800,205200,82.39,VP9,random,2,Prop0.05,90,True
MR,0.3924323261869286,"{""lasso__regressor__alpha"": 0.01}",10800,205200,4.54,VP9,random,2,Prop0.05,90,True
RF,0.02042937043534,"{""max_features"": 1.0, ""min_samples_leaf"": 2, ""n_estimators"": 20}",10800,205200,1.37,VP9,random,2,Prop0.05,90,True
SVR,0.4070123699406009,"{""regressor__tol"": 0.05, ""regressor__shrinking"": true, ""regressor__epsilon"": 0.1, ""regressor__coef0"": 1.0, ""regressor__C"": 5.0}",10800,205200,43.08,VP9,random,2,Prop0.05,90,True
CART,0.0225762317608412,"{""max_features"": 1.0, ""min_samples_leaf"": 2, ""splitter"": ""best""}",10800,205200,0.12,VP9,random,2,Prop0.05,91,True
kNN,1.367367810777088,"{""n_neighbors"": 8, ""p"": 1, ""weights"": ""distance""}",10800,205200,115.14,VP9,random,2,Prop0.05,91,True
KRR,0.0922201958022411,"{""regressor__kernel"": ""rbf"", ""regressor__gamma"": 0.1, ""regressor__alpha"": 0.01}",10800,205200,93.53,VP9,random,2,Prop0.05,91,True
MR,0.3856534047123761,"{""lasso__regressor__alpha"": 0.01}",10800,205200,6.04,VP9,random,2,Prop0.05,91,True
RF,0.0199152339808083,"{""max_features"": 1.0, ""min_samples_leaf"": 2, ""n_estimators"": 20}",10800,205200,1.52,VP9,random,2,Prop0.05,91,True
SVR,0.3997284252116311,"{""regressor__tol"": 0.05, ""regressor__shrinking"": true, ""regressor__epsilon"": 0.1, ""regressor__coef0"": 1.0, ""regressor__C"": 5.0}",10800,205200,46.33,VP9,random,2,Prop0.05,91,True
CART,0.0223583446951303,"{""max_features"": 1.0, ""min_samples_leaf"": 2, ""splitter"": ""best""}",10800,205200,0.12,VP9,random,2,Prop0.05,92,True
kNN,1.348963499528529,"{""n_neighbors"": 8, ""p"": 1, ""weights"": ""distance""}",10800,205200,119.25,VP9,random,2,Prop0.05,92,True
KRR,0.0903230600589065,"{""regressor__kernel"": ""rbf"", ""regressor__gamma"": 0.1, ""regressor__alpha"": 0.01}",10800,205200,91.59,VP9,random,2,Prop0.05,92,True
MR,0.3937246613985274,"{""lasso__regressor__alpha"": 0.01}",10800,205200,5.18,VP9,random,2,Prop0.05,92,True
RF,0.0199171942567876,"{""max_features"": 1.0, ""min_samples_leaf"": 2, ""n_estimators"": 20}",10800,205200,1.37,VP9,random,2,Prop0.05,92,True
SVR,0.405896993146268,"{""regressor__tol"": 0.05, ""regressor__shrinking"": true, ""regressor__epsilon"": 0.1, ""regressor__coef0"": 1.0, ""regressor__C"": 5.0}",10800,205200,43.28,VP9,random,2,Prop0.05,92,True
CART,0.0228478957979633,"{""max_features"": 1.0, ""min_samples_leaf"": 2, ""splitter"": ""best""}",10800,205200,0.12,VP9,random,2,Prop0.05,93,True
kNN,1.3834103838472849,"{""n_neighbors"": 8, ""p"": 1, ""weights"": ""distance""}",10800,205200,113.4,VP9,random,2,Prop0.05,93,True
KRR,0.0946831606019593,"{""regressor__kernel"": ""rbf"", ""regressor__gamma"": 0.1, ""regressor__alpha"": 0.01}",10800,205200,89.88,VP9,random,2,Prop0.05,93,True
MR,0.3969916001966914,"{""lasso__regressor__alpha"": 0.01}",10800,205200,6.69,VP9,random,2,Prop0.05,93,True
RF,0.0200612175114166,"{""max_features"": 1.0, ""min_samples_leaf"": 2, ""n_estimators"": 20}",10800,205200,1.48,VP9,random,2,Prop0.05,93,True
SVR,0.4029022699637303,"{""regressor__tol"": 0.05, ""regressor__shrinking"": true, ""regressor__epsilon"": 0.1, ""regressor__coef0"": 1.0, ""regressor__C"": 5.0}",10800,205200,41.94,VP9,random,2,Prop0.05,93,True
CART,0.0235541616741707,"{""max_features"": 1.0, ""min_samples_leaf"": 2, ""splitter"": ""best""}",10800,205200,0.13,VP9,random,2,Prop0.05,94,True
kNN,1.4190807345869327,"{""n_neighbors"": 8, ""p"": 1, ""weights"": ""distance""}",10800,205200,118.05,VP9,random,2,Prop0.05,94,True
KRR,0.095294354387702,"{""regressor__kernel"": ""rbf"", ""regressor__gamma"": 0.1, ""regressor__alpha"": 0.01}",10800,205200,84.15,VP9,random,2,Prop0.05,94,True
MR,0.3798445513950813,"{""lasso__regressor__alpha"": 0.01}",10800,205200,4.57,VP9,random,2,Prop0.05,94,True
RF,0.0204267354086797,"{""max_features"": 1.0, ""min_samples_leaf"": 2, ""n_estimators"": 20}",10800,205200,1.36,VP9,random,2,Prop0.05,94,True
SVR,0.4064248340421051,"{""regressor__tol"": 0.05, ""regressor__shrinking"": true, ""regressor__epsilon"": 0.1, ""regressor__coef0"": 1.0, ""regressor__C"": 5.0}",10800,205200,43.65,VP9,random,2,Prop0.05,94,True
CART,0.0226374834521049,"{""max_features"": 1.0, ""min_samples_leaf"": 2, ""splitter"": ""best""}",10800,205200,0.12,VP9,random,2,Prop0.05,95,True
kNN,1.3426512408850857,"{""n_neighbors"": 8, ""p"": 1, ""weights"": ""distance""}",10800,205200,115.52,VP9,random,2,Prop0.05,95,True
KRR,0.0935712585199185,"{""regressor__kernel"": ""rbf"", ""regressor__gamma"": 0.1, ""regressor__alpha"": 0.01}",10800,205200,93.76,VP9,random,2,Prop0.05,95,True
MR,0.3956274905181527,"{""lasso__regressor__alpha"": 0.01}",10800,205200,6.34,VP9,random,2,Prop0.05,95,True
RF,0.0202052477781633,"{""max_features"": 1.0, ""min_samples_leaf"": 2, ""n_estimators"": 20}",10800,205200,1.51,VP9,random,2,Prop0.05,95,True
SVR,0.3963163174142731,"{""regressor__tol"": 0.05, ""regressor__shrinking"": true, ""regressor__epsilon"": 0.1, ""regressor__coef0"": 1.0, ""regressor__C"": 5.0}",10800,205200,45.69,VP9,random,2,Prop0.05,95,True
CART,0.0230097291305437,"{""max_features"": 1.0, ""min_samples_leaf"": 2, ""splitter"": ""best""}",10800,205200,0.12,VP9,random,2,Prop0.05,96,True
kNN,1.3730559709931018,"{""n_neighbors"": 8, ""p"": 1, ""weights"": ""distance""}",10800,205200,120.04,VP9,random,2,Prop0.05,96,True
KRR,0.0959212589267255,"{""regressor__kernel"": ""rbf"", ""regressor__gamma"": 0.1, ""regressor__alpha"": 0.01}",10800,205200,92.53,VP9,random,2,Prop0.05,96,True
MR,0.3854308619076865,"{""lasso__regressor__alpha"": 0.01}",10800,205200,5.05,VP9,random,2,Prop0.05,96,True
RF,0.020397200967104,"{""max_features"": 1.0, ""min_samples_leaf"": 2, ""n_estimators"": 20}",10800,205200,1.37,VP9,random,2,Prop0.05,96,True
SVR,0.4149641934977431,"{""regressor__tol"": 0.05, ""regressor__shrinking"": true, ""regressor__epsilon"": 0.1, ""regressor__coef0"": 1.0, ""regressor__C"": 5.0}",10800,205200,43.38,VP9,random,2,Prop0.05,96,True
CART,0.0234217901157249,"{""max_features"": 1.0, ""min_samples_leaf"": 2, ""splitter"": ""best""}",10800,205200,0.12,VP9,random,2,Prop0.05,97,True
kNN,1.30745189950084,"{""n_neighbors"": 8, ""p"": 1, ""weights"": ""distance""}",10800,205200,114.55,VP9,random,2,Prop0.05,97,True
KRR,0.0927955616254604,"{""regressor__kernel"": ""rbf"", ""regressor__gamma"": 0.1, ""regressor__alpha"": 0.01}",10800,205200,90.17,VP9,random,2,Prop0.05,97,True
MR,0.3890885155618286,"{""lasso__regressor__alpha"": 0.01}",10800,205200,6.94,VP9,random,2,Prop0.05,97,True
RF,0.0203057392714276,"{""max_features"": 1.0, ""min_samples_leaf"": 2, ""n_estimators"": 20}",10800,205200,1.38,VP9,random,2,Prop0.05,97,True
SVR,0.4025337110510866,"{""regressor__tol"": 0.05, ""regressor__shrinking"": true, ""regressor__epsilon"": 0.1, ""regressor__coef0"": 1.0, ""regressor__C"": 5.0}",10800,205200,43.67,VP9,random,2,Prop0.05,97,True
CART,0.0225618500374091,"{""max_features"": 1.0, ""min_samples_leaf"": 2, ""splitter"": ""best""}",10800,205200,0.13,VP9,random,2,Prop0.05,98,True
kNN,1.3786300821490818,"{""n_neighbors"": 8, ""p"": 1, ""weights"": ""distance""}",10800,205200,118.73,VP9,random,2,Prop0.05,98,True
KRR,0.0950366424632543,"{""regressor__kernel"": ""rbf"", ""regressor__gamma"": 0.1, ""regressor__alpha"": 0.01}",10800,205200,84.06,VP9,random,2,Prop0.05,98,True
MR,0.3819938319075759,"{""lasso__regressor__alpha"": 0.01}",10800,205200,4.5,VP9,random,2,Prop0.05,98,True
RF,0.0199523246251952,"{""max_features"": 1.0, ""min_samples_leaf"": 2, ""n_estimators"": 20}",10800,205200,1.37,VP9,random,2,Prop0.05,98,True
SVR,0.4054444348299491,"{""regressor__tol"": 0.05, ""regressor__shrinking"": true, ""regressor__epsilon"": 0.1, ""regressor__coef0"": 1.0, ""regressor__C"": 5.0}",10800,205200,27.97,VP9,random,2,Prop0.05,98,True
CART,0.0229331622573201,"{""max_features"": 1.0, ""min_samples_leaf"": 2, ""splitter"": ""best""}",10800,205200,0.12,VP9,random,2,Prop0.05,99,True
kNN,1.3192556128695867,"{""n_neighbors"": 8, ""p"": 1, ""weights"": ""distance""}",10800,205200,106.17,VP9,random,2,Prop0.05,99,True
KRR,0.090379945561911,"{""regressor__kernel"": ""rbf"", ""regressor__gamma"": 0.1, ""regressor__alpha"": 0.01}",10800,205200,51.09,VP9,random,2,Prop0.05,99,True
MR,0.387893095307916,"{""lasso__regressor__alpha"": 0.01}",10800,205200,4.18,VP9,random,2,Prop0.05,99,True
RF,0.0200399948006661,"{""max_features"": 1.0, ""min_samples_leaf"": 2, ""n_estimators"": 20}",10800,205200,0.91,VP9,random,2,Prop0.05,99,True
SVR,0.4068848899629584,"{""regressor__tol"": 0.05, ""regressor__shrinking"": true, ""regressor__epsilon"": 0.1, ""regressor__coef0"": 1.0, ""regressor__C"": 5.0}",10800,205200,25.69,VP9,random,2,Prop0.05,99,True
CART,0.0221599917807167,"{""max_features"": 1.0, ""min_samples_leaf"": 2, ""splitter"": ""best""}",10800,205200,0.12,VP9,random,2,Prop0.05,100,True
kNN,1.390815047652986,"{""n_neighbors"": 8, ""p"": 1, ""weights"": ""distance""}",10800,205200,106.05,VP9,random,2,Prop0.05,100,True
KRR,0.0940435137256356,"{""regressor__kernel"": ""rbf"", ""regressor__gamma"": 0.1, ""regressor__alpha"": 0.01}",10800,205200,51.12,VP9,random,2,Prop0.05,100,True
MR,0.3865703555668336,"{""lasso__regressor__alpha"": 0.01}",10800,205200,3.63,VP9,random,2,Prop0.05,100,True
RF,0.0199004228417841,"{""max_features"": 1.0, ""min_samples_leaf"": 2, ""n_estimators"": 20}",10800,205200,0.86,VP9,random,2,Prop0.05,100,True
SVR,0.4068378621943553,"{""regressor__tol"": 0.05, ""regressor__shrinking"": true, ""regressor__epsilon"": 0.1, ""regressor__coef0"": 1.0, ""regressor__C"": 5.0}",10800,205200,22.76,VP9,random,2,Prop0.05,100,True
CART,0.0199814518779523,"{""max_features"": 1.0, ""min_samples_leaf"": 2, ""splitter"": ""random""}",21600,194400,0.18,VP9,random,2,Prop0.1,1,True
kNN,1.1382620383305462,"{""n_neighbors"": 8, ""p"": 1, ""weights"": ""distance""}",21600,194400,237.76,VP9,random,2,Prop0.1,1,True
KRR,0.0652374052953127,"{""regressor__kernel"": ""rbf"", ""regressor__gamma"": 0.1, ""regressor__alpha"": 0.01}",21600,194400,316.21,VP9,random,2,Prop0.1,1,True
MR,0.3859358658679213,"{""lasso__regressor__alpha"": 0.01}",21600,194400,7.36,VP9,random,2,Prop0.1,1,True
RF,0.0174829913824107,"{""max_features"": 1.0, ""min_samples_leaf"": 2, ""n_estimators"": 20}",21600,194400,2.49,VP9,random,2,Prop0.1,1,True
SVR,0.376288050462095,"{""regressor__tol"": 0.05, ""regressor__shrinking"": true, ""regressor__epsilon"": 0.1, ""regressor__coef0"": 1.0, ""regressor__C"": 5.0}",21600,194400,55.66,VP9,random,2,Prop0.1,1,True
CART,0.0197855335651003,"{""max_features"": 1.0, ""min_samples_leaf"": 2, ""splitter"": ""random""}",21600,194400,0.18,VP9,random,2,Prop0.1,2,True
kNN,1.1558226764403206,"{""n_neighbors"": 8, ""p"": 1, ""weights"": ""distance""}",21600,194400,245.97,VP9,random,2,Prop0.1,2,True
KRR,0.0671092508349405,"{""regressor__kernel"": ""rbf"", ""regressor__gamma"": 0.1, ""regressor__alpha"": 0.01}",21600,194400,319.02,VP9,random,2,Prop0.1,2,True
MR,0.3862094023215202,"{""lasso__regressor__alpha"": 0.01}",21600,194400,5.77,VP9,random,2,Prop0.1,2,True
RF,0.017454138296331,"{""max_features"": 1.0, ""min_samples_leaf"": 2, ""n_estimators"": 20}",21600,194400,2.33,VP9,random,2,Prop0.1,2,True
SVR,0.3787546415851127,"{""regressor__tol"": 0.05, ""regressor__shrinking"": true, ""regressor__epsilon"": 0.1, ""regressor__coef0"": 1.0, ""regressor__C"": 5.0}",21600,194400,56.32,VP9,random,2,Prop0.1,2,True
CART,0.0202352440360792,"{""max_features"": 1.0, ""min_samples_leaf"": 2, ""splitter"": ""random""}",21600,194400,0.18,VP9,random,2,Prop0.1,3,True
kNN,1.1643520026966203,"{""n_neighbors"": 8, ""p"": 1, ""weights"": ""distance""}",21600,194400,239.5,VP9,random,2,Prop0.1,3,True
KRR,0.0697785600791289,"{""regressor__kernel"": ""rbf"", ""regressor__gamma"": 0.1, ""regressor__alpha"": 0.01}",21600,194400,315.44,VP9,random,2,Prop0.1,3,True
MR,0.3935566387727061,"{""lasso__regressor__alpha"": 0.01}",21600,194400,7.51,VP9,random,2,Prop0.1,3,True
RF,0.017653828831948,"{""max_features"": 1.0, ""min_samples_leaf"": 2, ""n_estimators"": 20}",21600,194400,2.26,VP9,random,2,Prop0.1,3,True
SVR,0.379747857089363,"{""regressor__tol"": 0.05, ""regressor__shrinking"": true, ""regressor__epsilon"": 0.1, ""regressor__coef0"": 1.0, ""regressor__C"": 5.0}",21600,194400,58.36,VP9,random,2,Prop0.1,3,True
CART,0.0198779017825318,"{""max_features"": 1.0, ""min_samples_leaf"": 2, ""splitter"": ""random""}",21600,194400,0.18,VP9,random,2,Prop0.1,4,True
kNN,1.1713259182744675,"{""n_neighbors"": 8, ""p"": 1, ""weights"": ""distance""}",21600,194400,245.98,VP9,random,2,Prop0.1,4,True
KRR,0.0678543405214103,"{""regressor__kernel"": ""rbf"", ""regressor__gamma"": 0.1, ""regressor__alpha"": 0.01}",21600,194400,315.74,VP9,random,2,Prop0.1,4,True
MR,0.3854847118253049,"{""lasso__regressor__alpha"": 0.01}",21600,194400,5.52,VP9,random,2,Prop0.1,4,True
RF,0.0174660113835267,"{""max_features"": 1.0, ""min_samples_leaf"": 2, ""n_estimators"": 20}",21600,194400,2.35,VP9,random,2,Prop0.1,4,True
SVR,0.3811846711946766,"{""regressor__tol"": 0.05, ""regressor__shrinking"": true, ""regressor__epsilon"": 0.1, ""regressor__coef0"": 1.0, ""regressor__C"": 5.0}",21600,194400,58.38,VP9,random,2,Prop0.1,4,True
CART,0.0201199189691923,"{""max_features"": 1.0, ""min_samples_leaf"": 2, ""splitter"": ""random""}",21600,194400,0.16,VP9,random,2,Prop0.1,5,True
kNN,1.153050748387196,"{""n_neighbors"": 8, ""p"": 1, ""weights"": ""distance""}",21600,194400,234.26,VP9,random,2,Prop0.1,5,True
KRR,0.0684221866472215,"{""regressor__kernel"": ""rbf"", ""regressor__gamma"": 0.1, ""regressor__alpha"": 0.01}",21600,194400,311.01,VP9,random,2,Prop0.1,5,True
MR,0.39274180520616,"{""lasso__regressor__alpha"": 0.01}",21600,194400,4.67,VP9,random,2,Prop0.1,5,True
RF,0.0176185677773189,"{""max_features"": 1.0, ""min_samples_leaf"": 2, ""n_estimators"": 20}",21600,194400,2.46,VP9,random,2,Prop0.1,5,True
SVR,0.3812968755988033,"{""regressor__tol"": 0.05, ""regressor__shrinking"": true, ""regressor__epsilon"": 0.1, ""regressor__coef0"": 1.0, ""regressor__C"": 5.0}",21600,194400,57.43,VP9,random,2,Prop0.1,5,True
CART,0.0200125828134176,"{""max_features"": 1.0, ""min_samples_leaf"": 2, ""splitter"": ""random""}",21600,194400,0.16,VP9,random,2,Prop0.1,6,True
kNN,1.1374177469713436,"{""n_neighbors"": 8, ""p"": 1, ""weights"": ""distance""}",21600,194400,236.28,VP9,random,2,Prop0.1,6,True
KRR,0.0687499473728553,"{""regressor__kernel"": ""rbf"", ""regressor__gamma"": 0.1, ""regressor__alpha"": 0.01}",21600,194400,315.82,VP9,random,2,Prop0.1,6,True
MR,0.3874145753468071,"{""lasso__regressor__alpha"": 0.01}",21600,194400,5.47,VP9,random,2,Prop0.1,6,True
RF,0.0174698137719834,"{""max_features"": 1.0, ""min_samples_leaf"": 2, ""n_estimators"": 20}",21600,194400,2.5,VP9,random,2,Prop0.1,6,True
SVR,0.372163513066271,"{""regressor__tol"": 0.05, ""regressor__shrinking"": true, ""regressor__epsilon"": 0.1, ""regressor__coef0"": 1.0, ""regressor__C"": 5.0}",21600,194400,60.17,VP9,random,2,Prop0.1,6,True
CART,0.0202631487058243,"{""max_features"": 1.0, ""min_samples_leaf"": 2, ""splitter"": ""random""}",21600,194400,0.18,VP9,random,2,Prop0.1,7,True
kNN,1.159225592122273,"{""n_neighbors"": 8, ""p"": 1, ""weights"": ""distance""}",21600,194400,244.23,VP9,random,2,Prop0.1,7,True
KRR,0.0695419319431931,"{""regressor__kernel"": ""rbf"", ""regressor__gamma"": 0.1, ""regressor__alpha"": 0.01}",21600,194400,313.91,VP9,random,2,Prop0.1,7,True
MR,0.392734781082314,"{""lasso__regressor__alpha"": 0.01}",21600,194400,5.24,VP9,random,2,Prop0.1,7,True
RF,0.0176670739119298,"{""max_features"": 1.0, ""min_samples_leaf"": 2, ""n_estimators"": 20}",21600,194400,2.28,VP9,random,2,Prop0.1,7,True
SVR,0.3753898878755675,"{""regressor__tol"": 0.05, ""regressor__shrinking"": true, ""regressor__epsilon"": 0.1, ""regressor__coef0"": 1.0, ""regressor__C"": 5.0}",21600,194400,55.19,VP9,random,2,Prop0.1,7,True
CART,0.0199058717993925,"{""max_features"": 1.0, ""min_samples_leaf"": 2, ""splitter"": ""random""}",21600,194400,0.18,VP9,random,2,Prop0.1,8,True
kNN,1.1758866807595534,"{""n_neighbors"": 8, ""p"": 1, ""weights"": ""distance""}",21600,194400,246.23,VP9,random,2,Prop0.1,8,True
KRR,0.068179330371767,"{""regressor__kernel"": ""rbf"", ""regressor__gamma"": 0.1, ""regressor__alpha"": 0.01}",21600,194400,309.65,VP9,random,2,Prop0.1,8,True
MR,0.387125556170857,"{""lasso__regressor__alpha"": 0.01}",21600,194400,5.46,VP9,random,2,Prop0.1,8,True
RF,0.0176150289822615,"{""max_features"": 1.0, ""min_samples_leaf"": 2, ""n_estimators"": 20}",21600,194400,2.31,VP9,random,2,Prop0.1,8,True
SVR,0.3858541225899519,"{""regressor__tol"": 0.05, ""regressor__shrinking"": true, ""regressor__epsilon"": 0.1, ""regressor__coef0"": 1.0, ""regressor__C"": 5.0}",21600,194400,58.27,VP9,random,2,Prop0.1,8,True
CART,0.019869106255267,"{""max_features"": 1.0, ""min_samples_leaf"": 2, ""splitter"": ""random""}",21600,194400,0.16,VP9,random,2,Prop0.1,9,True
kNN,1.1469770320345842,"{""n_neighbors"": 8, ""p"": 1, ""weights"": ""distance""}",21600,194400,232.44,VP9,random,2,Prop0.1,9,True
KRR,0.0691084851868252,"{""regressor__kernel"": ""rbf"", ""regressor__gamma"": 0.1, ""regressor__alpha"": 0.01}",21600,194400,310.87,VP9,random,2,Prop0.1,9,True
MR,0.3985781998228154,"{""lasso__regressor__alpha"": 0.01}",21600,194400,4.67,VP9,random,2,Prop0.1,9,True
RF,0.0175094717276392,"{""max_features"": 1.0, ""min_samples_leaf"": 2, ""n_estimators"": 20}",21600,194400,2.28,VP9,random,2,Prop0.1,9,True
SVR,0.3783826748184716,"{""regressor__tol"": 0.05, ""regressor__shrinking"": true, ""regressor__epsilon"": 0.1, ""regressor__coef0"": 1.0, ""regressor__C"": 5.0}",21600,194400,58.63,VP9,random,2,Prop0.1,9,True
CART,0.0201324946817356,"{""max_features"": 1.0, ""min_samples_leaf"": 2, ""splitter"": ""random""}",21600,194400,0.16,VP9,random,2,Prop0.1,10,True
kNN,1.161906989560752,"{""n_neighbors"": 8, ""p"": 1, ""weights"": ""distance""}",21600,194400,235.0,VP9,random,2,Prop0.1,10,True
KRR,0.0664792067803221,"{""regressor__kernel"": ""rbf"", ""regressor__gamma"": 0.1, ""regressor__alpha"": 0.01}",21600,194400,315.1,VP9,random,2,Prop0.1,10,True
MR,0.3917138398310656,"{""lasso__regressor__alpha"": 0.01}",21600,194400,4.65,VP9,random,2,Prop0.1,10,True
RF,0.0175697975834858,"{""max_features"": 1.0, ""min_samples_leaf"": 2, ""n_estimators"": 20}",21600,194400,2.53,VP9,random,2,Prop0.1,10,True
SVR,0.3830399517255047,"{""regressor__tol"": 0.05, ""regressor__shrinking"": true, ""regressor__epsilon"": 0.1, ""regressor__coef0"": 1.0, ""regressor__C"": 5.0}",21600,194400,59.06,VP9,random,2,Prop0.1,10,True
CART,0.0202392956924017,"{""max_features"": 1.0, ""min_samples_leaf"": 2, ""splitter"": ""random""}",21600,194400,0.17,VP9,random,2,Prop0.1,11,True
kNN,1.151627968162194,"{""n_neighbors"": 8, ""p"": 1, ""weights"": ""distance""}",21600,194400,241.77,VP9,random,2,Prop0.1,11,True
KRR,0.0697754054870302,"{""regressor__kernel"": ""rbf"", ""regressor__gamma"": 0.1, ""regressor__alpha"": 0.01}",21600,194400,312.94,VP9,random,2,Prop0.1,11,True
MR,0.3918806042312934,"{""lasso__regressor__alpha"": 0.01}",21600,194400,5.58,VP9,random,2,Prop0.1,11,True
RF,0.0176566211298161,"{""max_features"": 1.0, ""min_samples_leaf"": 2, ""n_estimators"": 20}",21600,194400,2.27,VP9,random,2,Prop0.1,11,True
SVR,0.3819927650456145,"{""regressor__tol"": 0.05, ""regressor__shrinking"": true, ""regressor__epsilon"": 0.1, ""regressor__coef0"": 1.0, ""regressor__C"": 5.0}",21600,194400,56.18,VP9,random,2,Prop0.1,11,True
CART,0.0196922415487824,"{""max_features"": 1.0, ""min_samples_leaf"": 2, ""splitter"": ""random""}",21600,194400,0.18,VP9,random,2,Prop0.1,12,True
kNN,1.1649868397548202,"{""n_neighbors"": 8, ""p"": 1, ""weights"": ""distance""}",21600,194400,245.61,VP9,random,2,Prop0.1,12,True
KRR,0.0692466050045967,"{""regressor__kernel"": ""rbf"", ""regressor__gamma"": 0.1, ""regressor__alpha"": 0.01}",21600,194400,307.23,VP9,random,2,Prop0.1,12,True
MR,0.3903056448703543,"{""lasso__regressor__alpha"": 0.01}",21600,194400,5.01,VP9,random,2,Prop0.1,12,True
RF,0.0172670419114449,"{""max_features"": 1.0, ""min_samples_leaf"": 2, ""n_estimators"": 20}",21600,194400,2.29,VP9,random,2,Prop0.1,12,True
SVR,0.3775015701745795,"{""regressor__tol"": 0.05, ""regressor__shrinking"": true, ""regressor__epsilon"": 0.1, ""regressor__coef0"": 1.0, ""regressor__C"": 5.0}",21600,194400,58.48,VP9,random,2,Prop0.1,12,True
CART,0.0200432054372595,"{""max_features"": 1.0, ""min_samples_leaf"": 2, ""splitter"": ""random""}",21600,194400,0.16,VP9,random,2,Prop0.1,13,True
kNN,1.1413224479686346,"{""n_neighbors"": 8, ""p"": 1, ""weights"": ""distance""}",21600,194400,228.37,VP9,random,2,Prop0.1,13,True
KRR,0.0678860040638541,"{""regressor__kernel"": ""rbf"", ""regressor__gamma"": 0.1, ""regressor__alpha"": 0.01}",21600,194400,308.51,VP9,random,2,Prop0.1,13,True
MR,0.3900082717304132,"{""lasso__regressor__alpha"": 0.01}",21600,194400,4.61,VP9,random,2,Prop0.1,13,True
RF,0.0174681812495596,"{""max_features"": 1.0, ""min_samples_leaf"": 2, ""n_estimators"": 20}",21600,194400,2.27,VP9,random,2,Prop0.1,13,True
SVR,0.3772217528736452,"{""regressor__tol"": 0.05, ""regressor__shrinking"": true, ""regressor__epsilon"": 0.1, ""regressor__coef0"": 1.0, ""regressor__C"": 5.0}",21600,194400,56.57,VP9,random,2,Prop0.1,13,True
CART,0.0199304313322772,"{""max_features"": 1.0, ""min_samples_leaf"": 2, ""splitter"": ""random""}",21600,194400,0.16,VP9,random,2,Prop0.1,14,True
kNN,1.168905542530168,"{""n_neighbors"": 8, ""p"": 1, ""weights"": ""distance""}",21600,194400,234.55,VP9,random,2,Prop0.1,14,True
KRR,0.0670513268567689,"{""regressor__kernel"": ""rbf"", ""regressor__gamma"": 0.1, ""regressor__alpha"": 0.01}",21600,194400,313.74,VP9,random,2,Prop0.1,14,True
MR,0.3898387317280982,"{""lasso__regressor__alpha"": 0.01}",21600,194400,4.52,VP9,random,2,Prop0.1,14,True
RF,0.0173514343325717,"{""max_features"": 1.0, ""min_samples_leaf"": 2, ""n_estimators"": 20}",21600,194400,2.57,VP9,random,2,Prop0.1,14,True
SVR,0.3773837725583106,"{""regressor__tol"": 0.05, ""regressor__shrinking"": true, ""regressor__epsilon"": 0.1, ""regressor__coef0"": 1.0, ""regressor__C"": 5.0}",21600,194400,59.18,VP9,random,2,Prop0.1,14,True
CART,0.0197783439940319,"{""max_features"": 1.0, ""min_samples_leaf"": 2, ""splitter"": ""random""}",21600,194400,0.17,VP9,random,2,Prop0.1,15,True
kNN,1.16165403122001,"{""n_neighbors"": 8, ""p"": 1, ""weights"": ""distance""}",21600,194400,242.05,VP9,random,2,Prop0.1,15,True
KRR,0.0689176060298147,"{""regressor__kernel"": ""rbf"", ""regressor__gamma"": 0.1, ""regressor__alpha"": 0.01}",21600,194400,309.69,VP9,random,2,Prop0.1,15,True
MR,0.384037452339962,"{""lasso__regressor__alpha"": 0.01}",21600,194400,5.54,VP9,random,2,Prop0.1,15,True
RF,0.0174212603419533,"{""max_features"": 1.0, ""min_samples_leaf"": 2, ""n_estimators"": 20}",21600,194400,2.25,VP9,random,2,Prop0.1,15,True
SVR,0.3859341844289576,"{""regressor__tol"": 0.05, ""regressor__shrinking"": true, ""regressor__epsilon"": 0.1, ""regressor__coef0"": 1.0, ""regressor__C"": 5.0}",21600,194400,57.91,VP9,random,2,Prop0.1,15,True
CART,0.0198632028230435,"{""max_features"": 1.0, ""min_samples_leaf"": 2, ""splitter"": ""random""}",21600,194400,0.19,VP9,random,2,Prop0.1,16,True
kNN,1.148284183937791,"{""n_neighbors"": 8, ""p"": 1, ""weights"": ""distance""}",21600,194400,244.92,VP9,random,2,Prop0.1,16,True
KRR,0.0667136500157194,"{""regressor__kernel"": ""rbf"", ""regressor__gamma"": 0.1, ""regressor__alpha"": 0.01}",21600,194400,305.6,VP9,random,2,Prop0.1,16,True
MR,0.3863858102027032,"{""lasso__regressor__alpha"": 0.01}",21600,194400,4.96,VP9,random,2,Prop0.1,16,True
RF,0.0174963036979643,"{""max_features"": 1.0, ""min_samples_leaf"": 2, ""n_estimators"": 20}",21600,194400,2.24,VP9,random,2,Prop0.1,16,True
SVR,0.3812091454993979,"{""regressor__tol"": 0.05, ""regressor__shrinking"": true, ""regressor__epsilon"": 0.1, ""regressor__coef0"": 1.0, ""regressor__C"": 5.0}",21600,194400,57.78,VP9,random,2,Prop0.1,16,True
CART,0.019767736446542,"{""max_features"": 1.0, ""min_samples_leaf"": 2, ""splitter"": ""random""}",21600,194400,0.16,VP9,random,2,Prop0.1,17,True
kNN,1.1648336135919342,"{""n_neighbors"": 8, ""p"": 1, ""weights"": ""distance""}",21600,194400,225.85,VP9,random,2,Prop0.1,17,True
KRR,0.0683623446351433,"{""regressor__kernel"": ""rbf"", ""regressor__gamma"": 0.1, ""regressor__alpha"": 0.01}",21600,194400,305.42,VP9,random,2,Prop0.1,17,True
MR,0.3921456945508714,"{""lasso__regressor__alpha"": 0.01}",21600,194400,7.23,VP9,random,2,Prop0.1,17,True
RF,0.0175964782444501,"{""max_features"": 1.0, ""min_samples_leaf"": 2, ""n_estimators"": 20}",21600,194400,2.38,VP9,random,2,Prop0.1,17,True
SVR,0.377631111155515,"{""regressor__tol"": 0.05, ""regressor__shrinking"": true, ""regressor__epsilon"": 0.1, ""regressor__coef0"": 1.0, ""regressor__C"": 5.0}",21600,194400,57.7,VP9,random,2,Prop0.1,17,True
CART,0.0198345486057943,"{""max_features"": 1.0, ""min_samples_leaf"": 2, ""splitter"": ""random""}",21600,194400,0.16,VP9,random,2,Prop0.1,18,True
kNN,1.1704077598833615,"{""n_neighbors"": 8, ""p"": 1, ""weights"": ""distance""}",21600,194400,233.61,VP9,random,2,Prop0.1,18,True
KRR,0.0679607493158291,"{""regressor__kernel"": ""rbf"", ""regressor__gamma"": 0.1, ""regressor__alpha"": 0.01}",21600,194400,311.6,VP9,random,2,Prop0.1,18,True
MR,0.3881782458550135,"{""lasso__regressor__alpha"": 0.01}",21600,194400,5.0,VP9,random,2,Prop0.1,18,True
RF,0.0174179002015206,"{""max_features"": 1.0, ""min_samples_leaf"": 2, ""n_estimators"": 20}",21600,194400,2.4,VP9,random,2,Prop0.1,18,True
SVR,0.3761087476972805,"{""regressor__tol"": 0.05, ""regressor__shrinking"": true, ""regressor__epsilon"": 0.1, ""regressor__coef0"": 1.0, ""regressor__C"": 5.0}",21600,194400,58.81,VP9,random,2,Prop0.1,18,True
CART,0.0200502412659167,"{""max_features"": 1.0, ""min_samples_leaf"": 2, ""splitter"": ""random""}",21600,194400,0.17,VP9,random,2,Prop0.1,19,True
kNN,1.1518183685045371,"{""n_neighbors"": 8, ""p"": 1, ""weights"": ""distance""}",21600,194400,242.52,VP9,random,2,Prop0.1,19,True
KRR,0.068681386991784,"{""regressor__kernel"": ""rbf"", ""regressor__gamma"": 0.1, ""regressor__alpha"": 0.01}",21600,194400,300.76,VP9,random,2,Prop0.1,19,True
MR,0.3946734059206609,"{""lasso__regressor__alpha"": 0.01}",21600,194400,5.04,VP9,random,2,Prop0.1,19,True
RF,0.0175457539231636,"{""max_features"": 1.0, ""min_samples_leaf"": 2, ""n_estimators"": 20}",21600,194400,2.39,VP9,random,2,Prop0.1,19,True
SVR,0.3730862525799144,"{""regressor__tol"": 0.05, ""regressor__shrinking"": true, ""regressor__epsilon"": 0.1, ""regressor__coef0"": 1.0, ""regressor__C"": 5.0}",21600,194400,57.81,VP9,random,2,Prop0.1,19,True
CART,0.0201858783619902,"{""max_features"": 1.0, ""min_samples_leaf"": 2, ""splitter"": ""random""}",21600,194400,0.18,VP9,random,2,Prop0.1,20,True
kNN,1.140031682573635,"{""n_neighbors"": 8, ""p"": 1, ""weights"": ""distance""}",21600,194400,242.95,VP9,random,2,Prop0.1,20,True
KRR,0.0681826801273915,"{""regressor__kernel"": ""rbf"", ""regressor__gamma"": 0.1, ""regressor__alpha"": 0.01}",21600,194400,309.88,VP9,random,2,Prop0.1,20,True
MR,0.3831379017107486,"{""lasso__regressor__alpha"": 0.01}",21600,194400,4.97,VP9,random,2,Prop0.1,20,True
RF,0.0175383628844436,"{""max_features"": 1.0, ""min_samples_leaf"": 2, ""n_estimators"": 20}",21600,194400,2.25,VP9,random,2,Prop0.1,20,True
SVR,0.3672929932769115,"{""regressor__tol"": 0.05, ""regressor__shrinking"": true, ""regressor__epsilon"": 0.1, ""regressor__coef0"": 1.0, ""regressor__C"": 5.0}",21600,194400,59.44,VP9,random,2,Prop0.1,20,True
CART,0.0197067154687853,"{""max_features"": 1.0, ""min_samples_leaf"": 2, ""splitter"": ""random""}",21600,194400,0.16,VP9,random,2,Prop0.1,21,True
kNN,1.1579058633998178,"{""n_neighbors"": 8, ""p"": 1, ""weights"": ""distance""}",21600,194400,222.77,VP9,random,2,Prop0.1,21,True
KRR,0.0694962976641416,"{""regressor__kernel"": ""rbf"", ""regressor__gamma"": 0.1, ""regressor__alpha"": 0.01}",21600,194400,306.65,VP9,random,2,Prop0.1,21,True
MR,0.3919088290320855,"{""lasso__regressor__alpha"": 0.01}",21600,194400,7.35,VP9,random,2,Prop0.1,21,True
RF,0.0174836107366401,"{""max_features"": 1.0, ""min_samples_leaf"": 2, ""n_estimators"": 20}",21600,194400,2.67,VP9,random,2,Prop0.1,21,True
SVR,0.3832243524305276,"{""regressor__tol"": 0.05, ""regressor__shrinking"": true, ""regressor__epsilon"": 0.1, ""regressor__coef0"": 1.0, ""regressor__C"": 5.0}",21600,194400,57.82,VP9,random,2,Prop0.1,21,True
CART,0.0199821102963196,"{""max_features"": 1.0, ""min_samples_leaf"": 2, ""splitter"": ""random""}",21600,194400,0.16,VP9,random,2,Prop0.1,22,True
kNN,1.138204084442919,"{""n_neighbors"": 8, ""p"": 1, ""weights"": ""distance""}",21600,194400,230.77,VP9,random,2,Prop0.1,22,True
KRR,0.0674738628734624,"{""regressor__kernel"": ""rbf"", ""regressor__gamma"": 0.1, ""regressor__alpha"": 0.01}",21600,194400,309.81,VP9,random,2,Prop0.1,22,True
MR,0.399900860653998,"{""lasso__regressor__alpha"": 0.01}",21600,194400,5.1,VP9,random,2,Prop0.1,22,True
RF,0.0173799993843754,"{""max_features"": 1.0, ""min_samples_leaf"": 2, ""n_estimators"": 20}",21600,194400,2.29,VP9,random,2,Prop0.1,22,True
SVR,0.3737779466186189,"{""regressor__tol"": 0.05, ""regressor__shrinking"": true, ""regressor__epsilon"": 0.1, ""regressor__coef0"": 1.0, ""regressor__C"": 5.0}",21600,194400,57.91,VP9,random,2,Prop0.1,22,True
CART,0.0198523331199777,"{""max_features"": 1.0, ""min_samples_leaf"": 2, ""splitter"": ""random""}",21600,194400,0.18,VP9,random,2,Prop0.1,23,True
kNN,1.1802060602621514,"{""n_neighbors"": 8, ""p"": 1, ""weights"": ""distance""}",21600,194400,240.53,VP9,random,2,Prop0.1,23,True
KRR,0.0687208960313977,"{""regressor__kernel"": ""rbf"", ""regressor__gamma"": 0.1, ""regressor__alpha"": 0.01}",21600,194400,301.03,VP9,random,2,Prop0.1,23,True
MR,0.3885843172881246,"{""lasso__regressor__alpha"": 0.01}",21600,194400,5.16,VP9,random,2,Prop0.1,23,True
RF,0.0174457651487313,"{""max_features"": 1.0, ""min_samples_leaf"": 2, ""n_estimators"": 20}",21600,194400,2.37,VP9,random,2,Prop0.1,23,True
SVR,0.3818848045981513,"{""regressor__tol"": 0.05, ""regressor__shrinking"": true, ""regressor__epsilon"": 0.1, ""regressor__coef0"": 1.0, ""regressor__C"": 5.0}",21600,194400,58.98,VP9,random,2,Prop0.1,23,True
CART,0.0198267466417442,"{""max_features"": 1.0, ""min_samples_leaf"": 2, ""splitter"": ""random""}",21600,194400,0.18,VP9,random,2,Prop0.1,24,True
kNN,1.1919356412468942,"{""n_neighbors"": 8, ""p"": 1, ""weights"": ""distance""}",21600,194400,241.29,VP9,random,2,Prop0.1,24,True
KRR,0.0707300871205257,"{""regressor__kernel"": ""rbf"", ""regressor__gamma"": 0.1, ""regressor__alpha"": 0.01}",21600,194400,306.36,VP9,random,2,Prop0.1,24,True
MR,0.3849563850044681,"{""lasso__regressor__alpha"": 0.01}",21600,194400,4.85,VP9,random,2,Prop0.1,24,True
RF,0.0175355293372594,"{""max_features"": 1.0, ""min_samples_leaf"": 2, ""n_estimators"": 20}",21600,194400,2.3,VP9,random,2,Prop0.1,24,True
SVR,0.3848533058981997,"{""regressor__tol"": 0.05, ""regressor__shrinking"": true, ""regressor__epsilon"": 0.1, ""regressor__coef0"": 1.0, ""regressor__C"": 5.0}",21600,194400,59.49,VP9,random,2,Prop0.1,24,True
CART,0.0196100387656252,"{""max_features"": 1.0, ""min_samples_leaf"": 2, ""splitter"": ""random""}",21600,194400,0.16,VP9,random,2,Prop0.1,25,True
kNN,1.1773279994996475,"{""n_neighbors"": 8, ""p"": 1, ""weights"": ""distance""}",21600,194400,220.98,VP9,random,2,Prop0.1,25,True
KRR,0.0675390700938091,"{""regressor__kernel"": ""rbf"", ""regressor__gamma"": 0.1, ""regressor__alpha"": 0.01}",21600,194400,307.36,VP9,random,2,Prop0.1,25,True
MR,0.3877499490514297,"{""lasso__regressor__alpha"": 0.01}",21600,194400,8.34,VP9,random,2,Prop0.1,25,True
RF,0.0173289463719454,"{""max_features"": 1.0, ""min_samples_leaf"": 2, ""n_estimators"": 20}",21600,194400,2.54,VP9,random,2,Prop0.1,25,True
SVR,0.3755739510823961,"{""regressor__tol"": 0.05, ""regressor__shrinking"": true, ""regressor__epsilon"": 0.1, ""regressor__coef0"": 1.0, ""regressor__C"": 5.0}",21600,194400,60.0,VP9,random,2,Prop0.1,25,True
CART,0.0197460586482322,"{""max_features"": 1.0, ""min_samples_leaf"": 2, ""splitter"": ""random""}",21600,194400,0.16,VP9,random,2,Prop0.1,26,True
kNN,1.1561367372592306,"{""n_neighbors"": 8, ""p"": 1, ""weights"": ""distance""}",21600,194400,227.58,VP9,random,2,Prop0.1,26,True
KRR,0.068833615827867,"{""regressor__kernel"": ""rbf"", ""regressor__gamma"": 0.1, ""regressor__alpha"": 0.01}",21600,194400,309.31,VP9,random,2,Prop0.1,26,True
MR,0.3929598744538218,"{""lasso__regressor__alpha"": 0.01}",21600,194400,4.53,VP9,random,2,Prop0.1,26,True
RF,0.0173989752608582,"{""max_features"": 1.0, ""min_samples_leaf"": 2, ""n_estimators"": 20}",21600,194400,2.31,VP9,random,2,Prop0.1,26,True
SVR,0.3805278361343477,"{""regressor__tol"": 0.05, ""regressor__shrinking"": true, ""regressor__epsilon"": 0.1, ""regressor__coef0"": 1.0, ""regressor__C"": 5.0}",21600,194400,57.31,VP9,random,2,Prop0.1,26,True
CART,0.0198565521789134,"{""max_features"": 1.0, ""min_samples_leaf"": 2, ""splitter"": ""random""}",21600,194400,0.17,VP9,random,2,Prop0.1,27,True
kNN,1.1329881398513892,"{""n_neighbors"": 8, ""p"": 1, ""weights"": ""distance""}",21600,194400,240.16,VP9,random,2,Prop0.1,27,True
KRR,0.0680304560516123,"{""regressor__kernel"": ""rbf"", ""regressor__gamma"": 0.1, ""regressor__alpha"": 0.01}",21600,194400,299.32,VP9,random,2,Prop0.1,27,True
MR,0.3910905376386733,"{""lasso__regressor__alpha"": 0.01}",21600,194400,5.23,VP9,random,2,Prop0.1,27,True
RF,0.0174961819725005,"{""max_features"": 1.0, ""min_samples_leaf"": 2, ""n_estimators"": 20}",21600,194400,2.37,VP9,random,2,Prop0.1,27,True
SVR,0.3720536568550395,"{""regressor__tol"": 0.05, ""regressor__shrinking"": true, ""regressor__epsilon"": 0.1, ""regressor__coef0"": 1.0, ""regressor__C"": 5.0}",21600,194400,58.81,VP9,random,2,Prop0.1,27,True
CART,0.0200828241958371,"{""max_features"": 1.0, ""min_samples_leaf"": 2, ""splitter"": ""random""}",21600,194400,0.18,VP9,random,2,Prop0.1,28,True
kNN,1.139297949238709,"{""n_neighbors"": 8, ""p"": 1, ""weights"": ""distance""}",21600,194400,240.13,VP9,random,2,Prop0.1,28,True
KRR,0.0694795791218853,"{""regressor__kernel"": ""rbf"", ""regressor__gamma"": 0.1, ""regressor__alpha"": 0.01}",21600,194400,302.55,VP9,random,2,Prop0.1,28,True
MR,0.3912589865801446,"{""lasso__regressor__alpha"": 0.01}",21600,194400,4.84,VP9,random,2,Prop0.1,28,True
RF,0.0175371837571531,"{""max_features"": 1.0, ""min_samples_leaf"": 2, ""n_estimators"": 20}",21600,194400,2.25,VP9,random,2,Prop0.1,28,True
SVR,0.3698671952102756,"{""regressor__tol"": 0.05, ""regressor__shrinking"": true, ""regressor__epsilon"": 0.1, ""regressor__coef0"": 1.0, ""regressor__C"": 5.0}",21600,194400,60.21,VP9,random,2,Prop0.1,28,True
CART,0.019934403752616,"{""max_features"": 1.0, ""min_samples_leaf"": 2, ""splitter"": ""random""}",21600,194400,0.17,VP9,random,2,Prop0.1,29,True
kNN,1.1522734141702786,"{""n_neighbors"": 8, ""p"": 1, ""weights"": ""distance""}",21600,194400,223.68,VP9,random,2,Prop0.1,29,True
KRR,0.0664876982622239,"{""regressor__kernel"": ""rbf"", ""regressor__gamma"": 0.1, ""regressor__alpha"": 0.01}",21600,194400,309.97,VP9,random,2,Prop0.1,29,True
MR,0.3855047522983292,"{""lasso__regressor__alpha"": 0.01}",21600,194400,7.72,VP9,random,2,Prop0.1,29,True
RF,0.0174322601681958,"{""max_features"": 1.0, ""min_samples_leaf"": 2, ""n_estimators"": 20}",21600,194400,2.42,VP9,random,2,Prop0.1,29,True
SVR,0.3850400794444384,"{""regressor__tol"": 0.05, ""regressor__shrinking"": true, ""regressor__epsilon"": 0.1, ""regressor__coef0"": 1.0, ""regressor__C"": 5.0}",21600,194400,59.64,VP9,random,2,Prop0.1,29,True
CART,0.0200544001720861,"{""max_features"": 1.0, ""min_samples_leaf"": 2, ""splitter"": ""random""}",21600,194400,0.16,VP9,random,2,Prop0.1,30,True
kNN,1.111979832857681,"{""n_neighbors"": 8, ""p"": 1, ""weights"": ""distance""}",21600,194400,225.67,VP9,random,2,Prop0.1,30,True
KRR,0.0660375990852502,"{""regressor__kernel"": ""rbf"", ""regressor__gamma"": 0.1, ""regressor__alpha"": 0.01}",21600,194400,305.62,VP9,random,2,Prop0.1,30,True
MR,0.3878705743085324,"{""lasso__regressor__alpha"": 0.01}",21600,194400,4.6,VP9,random,2,Prop0.1,30,True
RF,0.0174649464653139,"{""max_features"": 1.0, ""min_samples_leaf"": 2, ""n_estimators"": 20}",21600,194400,2.25,VP9,random,2,Prop0.1,30,True
SVR,0.3789991385561125,"{""regressor__tol"": 0.05, ""regressor__shrinking"": true, ""regressor__epsilon"": 0.1, ""regressor__coef0"": 1.0, ""regressor__C"": 5.0}",21600,194400,56.37,VP9,random,2,Prop0.1,30,True
CART,0.0196653137854126,"{""max_features"": 1.0, ""min_samples_leaf"": 2, ""splitter"": ""random""}",21600,194400,0.17,VP9,random,2,Prop0.1,31,True
kNN,1.1408548594355212,"{""n_neighbors"": 8, ""p"": 1, ""weights"": ""distance""}",21600,194400,235.11,VP9,random,2,Prop0.1,31,True
KRR,0.0678735427350338,"{""regressor__kernel"": ""rbf"", ""regressor__gamma"": 0.1, ""regressor__alpha"": 0.01}",21600,194400,298.84,VP9,random,2,Prop0.1,31,True
MR,0.3853225422833205,"{""lasso__regressor__alpha"": 0.01}",21600,194400,5.04,VP9,random,2,Prop0.1,31,True
RF,0.0174754321473403,"{""max_features"": 1.0, ""min_samples_leaf"": 2, ""n_estimators"": 20}",21600,194400,2.33,VP9,random,2,Prop0.1,31,True
SVR,0.3884787288092379,"{""regressor__tol"": 0.05, ""regressor__shrinking"": true, ""regressor__epsilon"": 0.1, ""regressor__coef0"": 1.0, ""regressor__C"": 5.0}",21600,194400,58.22,VP9,random,2,Prop0.1,31,True
CART,0.0197424290919879,"{""max_features"": 1.0, ""min_samples_leaf"": 2, ""splitter"": ""random""}",21600,194400,0.18,VP9,random,2,Prop0.1,32,True
kNN,1.144950353455487,"{""n_neighbors"": 8, ""p"": 1, ""weights"": ""distance""}",21600,194400,240.15,VP9,random,2,Prop0.1,32,True
KRR,0.0669629969234852,"{""regressor__kernel"": ""rbf"", ""regressor__gamma"": 0.1, ""regressor__alpha"": 0.01}",21600,194400,299.47,VP9,random,2,Prop0.1,32,True
MR,0.386716934537715,"{""lasso__regressor__alpha"": 0.01}",21600,194400,4.89,VP9,random,2,Prop0.1,32,True
RF,0.0172314532467909,"{""max_features"": 1.0, ""min_samples_leaf"": 2, ""n_estimators"": 20}",21600,194400,2.28,VP9,random,2,Prop0.1,32,True
SVR,0.374161748403722,"{""regressor__tol"": 0.05, ""regressor__shrinking"": true, ""regressor__epsilon"": 0.1, ""regressor__coef0"": 1.0, ""regressor__C"": 5.0}",21600,194400,59.31,VP9,random,2,Prop0.1,32,True
CART,0.0199319969913587,"{""max_features"": 1.0, ""min_samples_leaf"": 2, ""splitter"": ""random""}",21600,194400,0.15,VP9,random,2,Prop0.1,33,True
kNN,1.163024020045862,"{""n_neighbors"": 8, ""p"": 1, ""weights"": ""distance""}",21600,194400,224.56,VP9,random,2,Prop0.1,33,True
KRR,0.0663112018103855,"{""regressor__kernel"": ""rbf"", ""regressor__gamma"": 0.1, ""regressor__alpha"": 0.01}",21600,194400,309.19,VP9,random,2,Prop0.1,33,True
MR,0.3835937959898425,"{""lasso__regressor__alpha"": 0.01}",21600,194400,7.82,VP9,random,2,Prop0.1,33,True
RF,0.0173169126831401,"{""max_features"": 1.0, ""min_samples_leaf"": 2, ""n_estimators"": 20}",21600,194400,2.42,VP9,random,2,Prop0.1,33,True
SVR,0.3746751326105206,"{""regressor__tol"": 0.05, ""regressor__shrinking"": true, ""regressor__epsilon"": 0.1, ""regressor__coef0"": 1.0, ""regressor__C"": 5.0}",21600,194400,58.25,VP9,random,2,Prop0.1,33,True
CART,0.0200449874043499,"{""max_features"": 1.0, ""min_samples_leaf"": 2, ""splitter"": ""random""}",21600,194400,0.16,VP9,random,2,Prop0.1,34,True
kNN,1.1043326536937816,"{""n_neighbors"": 8, ""p"": 1, ""weights"": ""distance""}",21600,194400,225.31,VP9,random,2,Prop0.1,34,True
KRR,0.0694023527468497,"{""regressor__kernel"": ""rbf"", ""regressor__gamma"": 0.1, ""regressor__alpha"": 0.01}",21600,194400,305.86,VP9,random,2,Prop0.1,34,True
MR,0.3924123725648313,"{""lasso__regressor__alpha"": 0.01}",21600,194400,5.39,VP9,random,2,Prop0.1,34,True
RF,0.0174458686364427,"{""max_features"": 1.0, ""min_samples_leaf"": 2, ""n_estimators"": 20}",21600,194400,2.25,VP9,random,2,Prop0.1,34,True
SVR,0.3807034432829561,"{""regressor__tol"": 0.05, ""regressor__shrinking"": true, ""regressor__epsilon"": 0.1, ""regressor__coef0"": 1.0, ""regressor__C"": 5.0}",21600,194400,58.33,VP9,random,2,Prop0.1,34,True
CART,0.0202358923658647,"{""max_features"": 1.0, ""min_samples_leaf"": 2, ""splitter"": ""random""}",21600,194400,0.17,VP9,random,2,Prop0.1,35,True
kNN,1.157909843577166,"{""n_neighbors"": 8, ""p"": 1, ""weights"": ""distance""}",21600,194400,239.16,VP9,random,2,Prop0.1,35,True
KRR,0.0679979284111249,"{""regressor__kernel"": ""rbf"", ""regressor__gamma"": 0.1, ""regressor__alpha"": 0.01}",21600,194400,298.65,VP9,random,2,Prop0.1,35,True
MR,0.3912981163081875,"{""lasso__regressor__alpha"": 0.01}",21600,194400,5.18,VP9,random,2,Prop0.1,35,True
RF,0.0175207537535146,"{""max_features"": 1.0, ""min_samples_leaf"": 2, ""n_estimators"": 20}",21600,194400,2.34,VP9,random,2,Prop0.1,35,True
SVR,0.3755992588689938,"{""regressor__tol"": 0.05, ""regressor__shrinking"": true, ""regressor__epsilon"": 0.1, ""regressor__coef0"": 1.0, ""regressor__C"": 5.0}",21600,194400,58.08,VP9,random,2,Prop0.1,35,True
CART,0.0198301537729483,"{""max_features"": 1.0, ""min_samples_leaf"": 2, ""splitter"": ""random""}",21600,194400,0.18,VP9,random,2,Prop0.1,36,True
kNN,1.1806968106297722,"{""n_neighbors"": 8, ""p"": 1, ""weights"": ""distance""}",21600,194400,238.95,VP9,random,2,Prop0.1,36,True
KRR,0.0694538325983457,"{""regressor__kernel"": ""rbf"", ""regressor__gamma"": 0.1, ""regressor__alpha"": 0.01}",21600,194400,299.75,VP9,random,2,Prop0.1,36,True
MR,0.3848897175581999,"{""lasso__regressor__alpha"": 0.01}",21600,194400,4.85,VP9,random,2,Prop0.1,36,True
RF,0.0172600840805878,"{""max_features"": 1.0, ""min_samples_leaf"": 2, ""n_estimators"": 20}",21600,194400,2.25,VP9,random,2,Prop0.1,36,True
SVR,0.3670528432827628,"{""regressor__tol"": 0.05, ""regressor__shrinking"": true, ""regressor__epsilon"": 0.1, ""regressor__coef0"": 1.0, ""regressor__C"": 5.0}",21600,194400,60.73,VP9,random,2,Prop0.1,36,True
CART,0.0197247701916599,"{""max_features"": 1.0, ""min_samples_leaf"": 2, ""splitter"": ""random""}",21600,194400,0.15,VP9,random,2,Prop0.1,37,True
kNN,1.1963485921357626,"{""n_neighbors"": 8, ""p"": 1, ""weights"": ""distance""}",21600,194400,224.75,VP9,random,2,Prop0.1,37,True
KRR,0.0711074172827051,"{""regressor__kernel"": ""rbf"", ""regressor__gamma"": 0.1, ""regressor__alpha"": 0.01}",21600,194400,309.79,VP9,random,2,Prop0.1,37,True
MR,0.3915506967543792,"{""lasso__regressor__alpha"": 0.01}",21600,194400,7.13,VP9,random,2,Prop0.1,37,True
RF,0.0173932940546218,"{""max_features"": 1.0, ""min_samples_leaf"": 2, ""n_estimators"": 20}",21600,194400,2.62,VP9,random,2,Prop0.1,37,True
SVR,0.3780922199863999,"{""regressor__tol"": 0.05, ""regressor__shrinking"": true, ""regressor__epsilon"": 0.1, ""regressor__coef0"": 1.0, ""regressor__C"": 5.0}",21600,194400,58.48,VP9,random,2,Prop0.1,37,True
CART,0.0201078351931845,"{""max_features"": 1.0, ""min_samples_leaf"": 2, ""splitter"": ""random""}",21600,194400,0.16,VP9,random,2,Prop0.1,38,True
kNN,1.169840313555223,"{""n_neighbors"": 8, ""p"": 1, ""weights"": ""distance""}",21600,194400,223.28,VP9,random,2,Prop0.1,38,True
KRR,0.0694039225376235,"{""regressor__kernel"": ""rbf"", ""regressor__gamma"": 0.1, ""regressor__alpha"": 0.01}",21600,194400,306.57,VP9,random,2,Prop0.1,38,True
MR,0.3913831168578686,"{""lasso__regressor__alpha"": 0.01}",21600,194400,6.1,VP9,random,2,Prop0.1,38,True
RF,0.0175077721094135,"{""max_features"": 1.0, ""min_samples_leaf"": 2, ""n_estimators"": 20}",21600,194400,2.6,VP9,random,2,Prop0.1,38,True
SVR,0.3771439084296407,"{""regressor__tol"": 0.05, ""regressor__shrinking"": true, ""regressor__epsilon"": 0.1, ""regressor__coef0"": 1.0, ""regressor__C"": 5.0}",21600,194400,57.45,VP9,random,2,Prop0.1,38,True
CART,0.0199285991142638,"{""max_features"": 1.0, ""min_samples_leaf"": 2, ""splitter"": ""random""}",21600,194400,0.17,VP9,random,2,Prop0.1,39,True
kNN,1.1474791747625197,"{""n_neighbors"": 8, ""p"": 1, ""weights"": ""distance""}",21600,194400,232.96,VP9,random,2,Prop0.1,39,True
KRR,0.0676215128768514,"{""regressor__kernel"": ""rbf"", ""regressor__gamma"": 0.1, ""regressor__alpha"": 0.01}",21600,194400,298.62,VP9,random,2,Prop0.1,39,True
MR,0.3919230930005775,"{""lasso__regressor__alpha"": 0.01}",21600,194400,4.6,VP9,random,2,Prop0.1,39,True
RF,0.0173057922964499,"{""max_features"": 1.0, ""min_samples_leaf"": 2, ""n_estimators"": 20}",21600,194400,2.33,VP9,random,2,Prop0.1,39,True
SVR,0.3737764079704668,"{""regressor__tol"": 0.05, ""regressor__shrinking"": true, ""regressor__epsilon"": 0.1, ""regressor__coef0"": 1.0, ""regressor__C"": 5.0}",21600,194400,59.75,VP9,random,2,Prop0.1,39,True
CART,0.0200589880162929,"{""max_features"": 1.0, ""min_samples_leaf"": 2, ""splitter"": ""random""}",21600,194400,0.18,VP9,random,2,Prop0.1,40,True
kNN,1.1543827115637977,"{""n_neighbors"": 8, ""p"": 1, ""weights"": ""distance""}",21600,194400,237.18,VP9,random,2,Prop0.1,40,True
KRR,0.0671103652186985,"{""regressor__kernel"": ""rbf"", ""regressor__gamma"": 0.1, ""regressor__alpha"": 0.01}",21600,194400,300.06,VP9,random,2,Prop0.1,40,True
MR,0.3851439142096481,"{""lasso__regressor__alpha"": 0.01}",21600,194400,5.18,VP9,random,2,Prop0.1,40,True
RF,0.0174746316392767,"{""max_features"": 1.0, ""min_samples_leaf"": 2, ""n_estimators"": 20}",21600,194400,2.38,VP9,random,2,Prop0.1,40,True
SVR,0.3727407171267346,"{""regressor__tol"": 0.05, ""regressor__shrinking"": true, ""regressor__epsilon"": 0.1, ""regressor__coef0"": 1.0, ""regressor__C"": 5.0}",21600,194400,59.56,VP9,random,2,Prop0.1,40,True
CART,0.0199662408995196,"{""max_features"": 1.0, ""min_samples_leaf"": 2, ""splitter"": ""random""}",21600,194400,0.16,VP9,random,2,Prop0.1,41,True
kNN,1.1745969494483472,"{""n_neighbors"": 8, ""p"": 1, ""weights"": ""distance""}",21600,194400,225.42,VP9,random,2,Prop0.1,41,True
KRR,0.0670484912304013,"{""regressor__kernel"": ""rbf"", ""regressor__gamma"": 0.1, ""regressor__alpha"": 0.01}",21600,194400,308.76,VP9,random,2,Prop0.1,41,True
MR,0.3892933279862788,"{""lasso__regressor__alpha"": 0.01}",21600,194400,7.72,VP9,random,2,Prop0.1,41,True
RF,0.0176119453647313,"{""max_features"": 1.0, ""min_samples_leaf"": 2, ""n_estimators"": 20}",21600,194400,2.33,VP9,random,2,Prop0.1,41,True
SVR,0.3800636241302859,"{""regressor__tol"": 0.05, ""regressor__shrinking"": true, ""regressor__epsilon"": 0.1, ""regressor__coef0"": 1.0, ""regressor__C"": 5.0}",21600,194400,57.61,VP9,random,2,Prop0.1,41,True
CART,0.019873727739087,"{""max_features"": 1.0, ""min_samples_leaf"": 2, ""splitter"": ""random""}",21600,194400,0.17,VP9,random,2,Prop0.1,42,True
kNN,1.1466113935208655,"{""n_neighbors"": 8, ""p"": 1, ""weights"": ""distance""}",21600,194400,222.55,VP9,random,2,Prop0.1,42,True
KRR,0.069416366113938,"{""regressor__kernel"": ""rbf"", ""regressor__gamma"": 0.1, ""regressor__alpha"": 0.01}",21600,194400,307.35,VP9,random,2,Prop0.1,42,True
MR,0.3904562954345421,"{""lasso__regressor__alpha"": 0.01}",21600,194400,7.46,VP9,random,2,Prop0.1,42,True
RF,0.0174790738436144,"{""max_features"": 1.0, ""min_samples_leaf"": 2, ""n_estimators"": 20}",21600,194400,2.43,VP9,random,2,Prop0.1,42,True
SVR,0.3859781014682633,"{""regressor__tol"": 0.05, ""regressor__shrinking"": true, ""regressor__epsilon"": 0.1, ""regressor__coef0"": 1.0, ""regressor__C"": 5.0}",21600,194400,60.75,VP9,random,2,Prop0.1,42,True
CART,0.01982204833664,"{""max_features"": 1.0, ""min_samples_leaf"": 2, ""splitter"": ""random""}",21600,194400,0.17,VP9,random,2,Prop0.1,43,True
kNN,1.1401094768944644,"{""n_neighbors"": 8, ""p"": 1, ""weights"": ""distance""}",21600,194400,234.32,VP9,random,2,Prop0.1,43,True
KRR,0.0688985703126694,"{""regressor__kernel"": ""rbf"", ""regressor__gamma"": 0.1, ""regressor__alpha"": 0.01}",21600,194400,298.49,VP9,random,2,Prop0.1,43,True
MR,0.391106880203141,"{""lasso__regressor__alpha"": 0.01}",21600,194400,4.5,VP9,random,2,Prop0.1,43,True
RF,0.0173703927508716,"{""max_features"": 1.0, ""min_samples_leaf"": 2, ""n_estimators"": 20}",21600,194400,2.29,VP9,random,2,Prop0.1,43,True
SVR,0.3662394736481953,"{""regressor__tol"": 0.05, ""regressor__shrinking"": true, ""regressor__epsilon"": 0.1, ""regressor__coef0"": 1.0, ""regressor__C"": 5.0}",21600,194400,58.03,VP9,random,2,Prop0.1,43,True
CART,0.0198930800811597,"{""max_features"": 1.0, ""min_samples_leaf"": 2, ""splitter"": ""random""}",21600,194400,0.18,VP9,random,2,Prop0.1,44,True
kNN,1.1462124935276965,"{""n_neighbors"": 8, ""p"": 1, ""weights"": ""distance""}",21600,194400,237.15,VP9,random,2,Prop0.1,44,True
KRR,0.0683696437375882,"{""regressor__kernel"": ""rbf"", ""regressor__gamma"": 0.1, ""regressor__alpha"": 0.01}",21600,194400,299.83,VP9,random,2,Prop0.1,44,True
MR,0.3871665629912806,"{""lasso__regressor__alpha"": 0.01}",21600,194400,5.44,VP9,random,2,Prop0.1,44,True
RF,0.0173442509066865,"{""max_features"": 1.0, ""min_samples_leaf"": 2, ""n_estimators"": 20}",21600,194400,2.37,VP9,random,2,Prop0.1,44,True
SVR,0.3747733233126425,"{""regressor__tol"": 0.05, ""regressor__shrinking"": true, ""regressor__epsilon"": 0.1, ""regressor__coef0"": 1.0, ""regressor__C"": 5.0}",21600,194400,60.74,VP9,random,2,Prop0.1,44,True
CART,0.0199786791088179,"{""max_features"": 1.0, ""min_samples_leaf"": 2, ""splitter"": ""random""}",21600,194400,0.17,VP9,random,2,Prop0.1,45,True
kNN,1.1502745795236853,"{""n_neighbors"": 8, ""p"": 1, ""weights"": ""distance""}",21600,194400,223.53,VP9,random,2,Prop0.1,45,True
KRR,0.0682668852657198,"{""regressor__kernel"": ""rbf"", ""regressor__gamma"": 0.1, ""regressor__alpha"": 0.01}",21600,194400,308.07,VP9,random,2,Prop0.1,45,True
MR,0.3928755548664432,"{""lasso__regressor__alpha"": 0.01}",21600,194400,6.18,VP9,random,2,Prop0.1,45,True
RF,0.0174800466875397,"{""max_features"": 1.0, ""min_samples_leaf"": 2, ""n_estimators"": 20}",21600,194400,2.27,VP9,random,2,Prop0.1,45,True
SVR,0.3737915954788813,"{""regressor__tol"": 0.05, ""regressor__shrinking"": true, ""regressor__epsilon"": 0.1, ""regressor__coef0"": 1.0, ""regressor__C"": 5.0}",21600,194400,55.82,VP9,random,2,Prop0.1,45,True
CART,0.0199088729701403,"{""max_features"": 1.0, ""min_samples_leaf"": 2, ""splitter"": ""random""}",21600,194400,0.15,VP9,random,2,Prop0.1,46,True
kNN,1.1509525688656843,"{""n_neighbors"": 8, ""p"": 1, ""weights"": ""distance""}",21600,194400,220.79,VP9,random,2,Prop0.1,46,True
KRR,0.0676217774341382,"{""regressor__kernel"": ""rbf"", ""regressor__gamma"": 0.1, ""regressor__alpha"": 0.01}",21600,194400,306.89,VP9,random,2,Prop0.1,46,True
MR,0.3909801681614471,"{""lasso__regressor__alpha"": 0.01}",21600,194400,7.77,VP9,random,2,Prop0.1,46,True
RF,0.017638137516496,"{""max_features"": 1.0, ""min_samples_leaf"": 2, ""n_estimators"": 20}",21600,194400,2.53,VP9,random,2,Prop0.1,46,True
SVR,0.3768951189796075,"{""regressor__tol"": 0.05, ""regressor__shrinking"": true, ""regressor__epsilon"": 0.1, ""regressor__coef0"": 1.0, ""regressor__C"": 5.0}",21600,194400,59.79,VP9,random,2,Prop0.1,46,True
CART,0.019943341330394,"{""max_features"": 1.0, ""min_samples_leaf"": 2, ""splitter"": ""random""}",21600,194400,0.17,VP9,random,2,Prop0.1,47,True
kNN,1.206709270894926,"{""n_neighbors"": 8, ""p"": 1, ""weights"": ""distance""}",21600,194400,232.43,VP9,random,2,Prop0.1,47,True
KRR,0.0710960123755963,"{""regressor__kernel"": ""rbf"", ""regressor__gamma"": 0.1, ""regressor__alpha"": 0.01}",21600,194400,297.69,VP9,random,2,Prop0.1,47,True
MR,0.3895716275765774,"{""lasso__regressor__alpha"": 0.01}",21600,194400,4.6,VP9,random,2,Prop0.1,47,True
RF,0.017342047249892,"{""max_features"": 1.0, ""min_samples_leaf"": 2, ""n_estimators"": 20}",21600,194400,2.26,VP9,random,2,Prop0.1,47,True
SVR,0.3809575642942376,"{""regressor__tol"": 0.05, ""regressor__shrinking"": true, ""regressor__epsilon"": 0.1, ""regressor__coef0"": 1.0, ""regressor__C"": 5.0}",21600,194400,58.56,VP9,random,2,Prop0.1,47,True
CART,0.0196829251497285,"{""max_features"": 1.0, ""min_samples_leaf"": 2, ""splitter"": ""random""}",21600,194400,0.18,VP9,random,2,Prop0.1,48,True
kNN,1.13778123699212,"{""n_neighbors"": 8, ""p"": 1, ""weights"": ""distance""}",21600,194400,236.57,VP9,random,2,Prop0.1,48,True
KRR,0.0674769640580824,"{""regressor__kernel"": ""rbf"", ""regressor__gamma"": 0.1, ""regressor__alpha"": 0.01}",21600,194400,297.79,VP9,random,2,Prop0.1,48,True
MR,0.3867250678179834,"{""lasso__regressor__alpha"": 0.01}",21600,194400,5.6,VP9,random,2,Prop0.1,48,True
RF,0.0173203196887573,"{""max_features"": 1.0, ""min_samples_leaf"": 2, ""n_estimators"": 20}",21600,194400,2.4,VP9,random,2,Prop0.1,48,True
SVR,0.3849807279403298,"{""regressor__tol"": 0.05, ""regressor__shrinking"": true, ""regressor__epsilon"": 0.1, ""regressor__coef0"": 1.0, ""regressor__C"": 5.0}",21600,194400,57.57,VP9,random,2,Prop0.1,48,True
CART,0.019876375823716,"{""max_features"": 1.0, ""min_samples_leaf"": 2, ""splitter"": ""random""}",21600,194400,0.16,VP9,random,2,Prop0.1,49,True
kNN,1.1674381787716754,"{""n_neighbors"": 8, ""p"": 1, ""weights"": ""distance""}",21600,194400,223.13,VP9,random,2,Prop0.1,49,True
KRR,0.0700300804441337,"{""regressor__kernel"": ""rbf"", ""regressor__gamma"": 0.1, ""regressor__alpha"": 0.01}",21600,194400,308.0,VP9,random,2,Prop0.1,49,True
MR,0.3904244599426709,"{""lasso__regressor__alpha"": 0.01}",21600,194400,6.31,VP9,random,2,Prop0.1,49,True
RF,0.0174759141042408,"{""max_features"": 1.0, ""min_samples_leaf"": 2, ""n_estimators"": 20}",21600,194400,2.27,VP9,random,2,Prop0.1,49,True
SVR,0.3751760871736616,"{""regressor__tol"": 0.05, ""regressor__shrinking"": true, ""regressor__epsilon"": 0.1, ""regressor__coef0"": 1.0, ""regressor__C"": 5.0}",21600,194400,57.34,VP9,random,2,Prop0.1,49,True
CART,0.020272768189572,"{""max_features"": 1.0, ""min_samples_leaf"": 2, ""splitter"": ""random""}",21600,194400,0.17,VP9,random,2,Prop0.1,50,True
kNN,1.1134559412610865,"{""n_neighbors"": 8, ""p"": 1, ""weights"": ""distance""}",21600,194400,223.24,VP9,random,2,Prop0.1,50,True
KRR,0.0670898685058465,"{""regressor__kernel"": ""rbf"", ""regressor__gamma"": 0.1, ""regressor__alpha"": 0.01}",21600,194400,307.69,VP9,random,2,Prop0.1,50,True
MR,0.3869903389129833,"{""lasso__regressor__alpha"": 0.01}",21600,194400,7.81,VP9,random,2,Prop0.1,50,True
RF,0.0176482563506937,"{""max_features"": 1.0, ""min_samples_leaf"": 2, ""n_estimators"": 20}",21600,194400,2.53,VP9,random,2,Prop0.1,50,True
SVR,0.3790180510491386,"{""regressor__tol"": 0.05, ""regressor__shrinking"": true, ""regressor__epsilon"": 0.1, ""regressor__coef0"": 1.0, ""regressor__C"": 5.0}",21600,194400,58.58,VP9,random,2,Prop0.1,50,True
CART,0.0199805470923311,"{""max_features"": 1.0, ""min_samples_leaf"": 2, ""splitter"": ""random""}",21600,194400,0.17,VP9,random,2,Prop0.1,51,True
kNN,1.1703173736464312,"{""n_neighbors"": 8, ""p"": 1, ""weights"": ""distance""}",21600,194400,232.9,VP9,random,2,Prop0.1,51,True
KRR,0.0681668891333895,"{""regressor__kernel"": ""rbf"", ""regressor__gamma"": 0.1, ""regressor__alpha"": 0.01}",21600,194400,297.78,VP9,random,2,Prop0.1,51,True
MR,0.3819064764650144,"{""lasso__regressor__alpha"": 0.01}",21600,194400,4.64,VP9,random,2,Prop0.1,51,True
RF,0.0177337752346973,"{""max_features"": 1.0, ""min_samples_leaf"": 2, ""n_estimators"": 20}",21600,194400,2.25,VP9,random,2,Prop0.1,51,True
SVR,0.3842451220910208,"{""regressor__tol"": 0.05, ""regressor__shrinking"": true, ""regressor__epsilon"": 0.1, ""regressor__coef0"": 1.0, ""regressor__C"": 5.0}",21600,194400,57.53,VP9,random,2,Prop0.1,51,True
CART,0.0199408985564015,"{""max_features"": 1.0, ""min_samples_leaf"": 2, ""splitter"": ""random""}",21600,194400,0.18,VP9,random,2,Prop0.1,52,True
kNN,1.1185671196696425,"{""n_neighbors"": 8, ""p"": 1, ""weights"": ""distance""}",21600,194400,235.6,VP9,random,2,Prop0.1,52,True
KRR,0.0663716628370213,"{""regressor__kernel"": ""rbf"", ""regressor__gamma"": 0.1, ""regressor__alpha"": 0.01}",21600,194400,299.07,VP9,random,2,Prop0.1,52,True
MR,0.390808180580833,"{""lasso__regressor__alpha"": 0.01}",21600,194400,5.66,VP9,random,2,Prop0.1,52,True
RF,0.0174840247329428,"{""max_features"": 1.0, ""min_samples_leaf"": 2, ""n_estimators"": 20}",21600,194400,2.4,VP9,random,2,Prop0.1,52,True
SVR,0.3729095561135661,"{""regressor__tol"": 0.05, ""regressor__shrinking"": true, ""regressor__epsilon"": 0.1, ""regressor__coef0"": 1.0, ""regressor__C"": 5.0}",21600,194400,59.84,VP9,random,2,Prop0.1,52,True
CART,0.0201384167037769,"{""max_features"": 1.0, ""min_samples_leaf"": 2, ""splitter"": ""random""}",21600,194400,0.16,VP9,random,2,Prop0.1,53,True
kNN,1.1420961587799765,"{""n_neighbors"": 8, ""p"": 1, ""weights"": ""distance""}",21600,194400,225.54,VP9,random,2,Prop0.1,53,True
KRR,0.067640701210518,"{""regressor__kernel"": ""rbf"", ""regressor__gamma"": 0.1, ""regressor__alpha"": 0.01}",21600,194400,308.02,VP9,random,2,Prop0.1,53,True
MR,0.3853187798432909,"{""lasso__regressor__alpha"": 0.01}",21600,194400,5.7,VP9,random,2,Prop0.1,53,True
RF,0.0176034042071149,"{""max_features"": 1.0, ""min_samples_leaf"": 2, ""n_estimators"": 20}",21600,194400,2.27,VP9,random,2,Prop0.1,53,True
SVR,0.3796186824123558,"{""regressor__tol"": 0.05, ""regressor__shrinking"": true, ""regressor__epsilon"": 0.1, ""regressor__coef0"": 1.0, ""regressor__C"": 5.0}",21600,194400,56.15,VP9,random,2,Prop0.1,53,True
CART,0.019736267633037,"{""max_features"": 1.0, ""min_samples_leaf"": 2, ""splitter"": ""random""}",21600,194400,0.16,VP9,random,2,Prop0.1,54,True
kNN,1.1833948407433243,"{""n_neighbors"": 8, ""p"": 1, ""weights"": ""distance""}",21600,194400,222.84,VP9,random,2,Prop0.1,54,True
KRR,0.0681088995120904,"{""regressor__kernel"": ""rbf"", ""regressor__gamma"": 0.1, ""regressor__alpha"": 0.01}",21600,194400,307.85,VP9,random,2,Prop0.1,54,True
MR,0.381645143838916,"{""lasso__regressor__alpha"": 0.01}",21600,194400,7.87,VP9,random,2,Prop0.1,54,True
RF,0.0173614003666193,"{""max_features"": 1.0, ""min_samples_leaf"": 2, ""n_estimators"": 20}",21600,194400,2.48,VP9,random,2,Prop0.1,54,True
SVR,0.3821196760682915,"{""regressor__tol"": 0.05, ""regressor__shrinking"": true, ""regressor__epsilon"": 0.1, ""regressor__coef0"": 1.0, ""regressor__C"": 5.0}",21600,194400,57.92,VP9,random,2,Prop0.1,54,True
CART,0.019878995720767,"{""max_features"": 1.0, ""min_samples_leaf"": 2, ""splitter"": ""random""}",21600,194400,0.18,VP9,random,2,Prop0.1,55,True
kNN,1.1488969080488507,"{""n_neighbors"": 8, ""p"": 1, ""weights"": ""distance""}",21600,194400,234.33,VP9,random,2,Prop0.1,55,True
KRR,0.0674300467748531,"{""regressor__kernel"": ""rbf"", ""regressor__gamma"": 0.1, ""regressor__alpha"": 0.01}",21600,194400,297.31,VP9,random,2,Prop0.1,55,True
MR,0.3907878725043902,"{""lasso__regressor__alpha"": 0.01}",21600,194400,6.12,VP9,random,2,Prop0.1,55,True
RF,0.0173825146288595,"{""max_features"": 1.0, ""min_samples_leaf"": 2, ""n_estimators"": 20}",21600,194400,2.25,VP9,random,2,Prop0.1,55,True
SVR,0.3898773935676441,"{""regressor__tol"": 0.05, ""regressor__shrinking"": true, ""regressor__epsilon"": 0.1, ""regressor__coef0"": 1.0, ""regressor__C"": 5.0}",21600,194400,57.98,VP9,random,2,Prop0.1,55,True
CART,0.0195989828872198,"{""max_features"": 1.0, ""min_samples_leaf"": 2, ""splitter"": ""random""}",21600,194400,0.18,VP9,random,2,Prop0.1,56,True
kNN,1.1587202993981929,"{""n_neighbors"": 8, ""p"": 1, ""weights"": ""distance""}",21600,194400,236.2,VP9,random,2,Prop0.1,56,True
KRR,0.0685235845993365,"{""regressor__kernel"": ""rbf"", ""regressor__gamma"": 0.1, ""regressor__alpha"": 0.01}",21600,194400,297.66,VP9,random,2,Prop0.1,56,True
MR,0.388803311525712,"{""lasso__regressor__alpha"": 0.01}",21600,194400,5.69,VP9,random,2,Prop0.1,56,True
RF,0.0174352466548718,"{""max_features"": 1.0, ""min_samples_leaf"": 2, ""n_estimators"": 20}",21600,194400,2.38,VP9,random,2,Prop0.1,56,True
SVR,0.3762098990147581,"{""regressor__tol"": 0.05, ""regressor__shrinking"": true, ""regressor__epsilon"": 0.1, ""regressor__coef0"": 1.0, ""regressor__C"": 5.0}",21600,194400,57.95,VP9,random,2,Prop0.1,56,True
CART,0.019966674673192,"{""max_features"": 1.0, ""min_samples_leaf"": 2, ""splitter"": ""random""}",21600,194400,0.16,VP9,random,2,Prop0.1,57,True
kNN,1.1537919009302855,"{""n_neighbors"": 8, ""p"": 1, ""weights"": ""distance""}",21600,194400,225.12,VP9,random,2,Prop0.1,57,True
KRR,0.0678379333999348,"{""regressor__kernel"": ""rbf"", ""regressor__gamma"": 0.1, ""regressor__alpha"": 0.01}",21600,194400,307.86,VP9,random,2,Prop0.1,57,True
MR,0.3862568351495979,"{""lasso__regressor__alpha"": 0.01}",21600,194400,5.09,VP9,random,2,Prop0.1,57,True
RF,0.0175243090079837,"{""max_features"": 1.0, ""min_samples_leaf"": 2, ""n_estimators"": 20}",21600,194400,2.35,VP9,random,2,Prop0.1,57,True
SVR,0.3803497070383493,"{""regressor__tol"": 0.05, ""regressor__shrinking"": true, ""regressor__epsilon"": 0.1, ""regressor__coef0"": 1.0, ""regressor__C"": 5.0}",21600,194400,57.88,VP9,random,2,Prop0.1,57,True
CART,0.0197004027906466,"{""max_features"": 1.0, ""min_samples_leaf"": 2, ""splitter"": ""random""}",21600,194400,0.2,VP9,random,2,Prop0.1,58,True
kNN,1.1705203197646696,"{""n_neighbors"": 8, ""p"": 1, ""weights"": ""distance""}",21600,194400,223.25,VP9,random,2,Prop0.1,58,True
KRR,0.0678697989584383,"{""regressor__kernel"": ""rbf"", ""regressor__gamma"": 0.1, ""regressor__alpha"": 0.01}",21600,194400,307.75,VP9,random,2,Prop0.1,58,True
MR,0.3876049890087965,"{""lasso__regressor__alpha"": 0.01}",21600,194400,7.81,VP9,random,2,Prop0.1,58,True
RF,0.0175047569630607,"{""max_features"": 1.0, ""min_samples_leaf"": 2, ""n_estimators"": 20}",21600,194400,2.62,VP9,random,2,Prop0.1,58,True
SVR,0.3724929026416678,"{""regressor__tol"": 0.05, ""regressor__shrinking"": true, ""regressor__epsilon"": 0.1, ""regressor__coef0"": 1.0, ""regressor__C"": 5.0}",21600,194400,58.36,VP9,random,2,Prop0.1,58,True
CART,0.0199119348518308,"{""max_features"": 1.0, ""min_samples_leaf"": 2, ""splitter"": ""random""}",21600,194400,0.18,VP9,random,2,Prop0.1,59,True
kNN,1.1570965456880695,"{""n_neighbors"": 8, ""p"": 1, ""weights"": ""distance""}",21600,194400,233.1,VP9,random,2,Prop0.1,59,True
KRR,0.0677014068530424,"{""regressor__kernel"": ""rbf"", ""regressor__gamma"": 0.1, ""regressor__alpha"": 0.01}",21600,194400,297.05,VP9,random,2,Prop0.1,59,True
MR,0.384251119761782,"{""lasso__regressor__alpha"": 0.01}",21600,194400,6.14,VP9,random,2,Prop0.1,59,True
RF,0.017466077070438,"{""max_features"": 1.0, ""min_samples_leaf"": 2, ""n_estimators"": 20}",21600,194400,2.37,VP9,random,2,Prop0.1,59,True
SVR,0.3811267289484268,"{""regressor__tol"": 0.05, ""regressor__shrinking"": true, ""regressor__epsilon"": 0.1, ""regressor__coef0"": 1.0, ""regressor__C"": 5.0}",21600,194400,59.81,VP9,random,2,Prop0.1,59,True
CART,0.0201544130055198,"{""max_features"": 1.0, ""min_samples_leaf"": 2, ""splitter"": ""random""}",21600,194400,0.18,VP9,random,2,Prop0.1,60,True
kNN,1.1613512666216266,"{""n_neighbors"": 8, ""p"": 1, ""weights"": ""distance""}",21600,194400,236.25,VP9,random,2,Prop0.1,60,True
KRR,0.0689005066170642,"{""regressor__kernel"": ""rbf"", ""regressor__gamma"": 0.1, ""regressor__alpha"": 0.01}",21600,194400,297.94,VP9,random,2,Prop0.1,60,True
MR,0.3848993624798043,"{""lasso__regressor__alpha"": 0.01}",21600,194400,5.74,VP9,random,2,Prop0.1,60,True
RF,0.0174270966634068,"{""max_features"": 1.0, ""min_samples_leaf"": 2, ""n_estimators"": 20}",21600,194400,2.43,VP9,random,2,Prop0.1,60,True
SVR,0.3811073734460864,"{""regressor__tol"": 0.05, ""regressor__shrinking"": true, ""regressor__epsilon"": 0.1, ""regressor__coef0"": 1.0, ""regressor__C"": 5.0}",21600,194400,58.26,VP9,random,2,Prop0.1,60,True
CART,0.0201485214122682,"{""max_features"": 1.0, ""min_samples_leaf"": 2, ""splitter"": ""random""}",21600,194400,0.16,VP9,random,2,Prop0.1,61,True
kNN,1.1581767219571977,"{""n_neighbors"": 8, ""p"": 1, ""weights"": ""distance""}",21600,194400,224.51,VP9,random,2,Prop0.1,61,True
KRR,0.0693679064539098,"{""regressor__kernel"": ""rbf"", ""regressor__gamma"": 0.1, ""regressor__alpha"": 0.01}",21600,194400,307.82,VP9,random,2,Prop0.1,61,True
MR,0.3930309961495791,"{""lasso__regressor__alpha"": 0.01}",21600,194400,5.43,VP9,random,2,Prop0.1,61,True
RF,0.0173981183615203,"{""max_features"": 1.0, ""min_samples_leaf"": 2, ""n_estimators"": 20}",21600,194400,2.3,VP9,random,2,Prop0.1,61,True
SVR,0.3843822926653303,"{""regressor__tol"": 0.05, ""regressor__shrinking"": true, ""regressor__epsilon"": 0.1, ""regressor__coef0"": 1.0, ""regressor__C"": 5.0}",21600,194400,59.2,VP9,random,2,Prop0.1,61,True
CART,0.0201911087148785,"{""max_features"": 1.0, ""min_samples_leaf"": 2, ""splitter"": ""random""}",21600,194400,0.2,VP9,random,2,Prop0.1,62,True
kNN,1.127407467151898,"{""n_neighbors"": 8, ""p"": 1, ""weights"": ""distance""}",21600,194400,222.71,VP9,random,2,Prop0.1,62,True
KRR,0.0696498643540226,"{""regressor__kernel"": ""rbf"", ""regressor__gamma"": 0.1, ""regressor__alpha"": 0.01}",21600,194400,308.1,VP9,random,2,Prop0.1,62,True
MR,0.3920039625339477,"{""lasso__regressor__alpha"": 0.01}",21600,194400,7.89,VP9,random,2,Prop0.1,62,True
RF,0.0175790858459989,"{""max_features"": 1.0, ""min_samples_leaf"": 2, ""n_estimators"": 20}",21600,194400,2.58,VP9,random,2,Prop0.1,62,True
SVR,0.3738547617903245,"{""regressor__tol"": 0.05, ""regressor__shrinking"": true, ""regressor__epsilon"": 0.1, ""regressor__coef0"": 1.0, ""regressor__C"": 5.0}",21600,194400,59.0,VP9,random,2,Prop0.1,62,True
CART,0.0198248062097526,"{""max_features"": 1.0, ""min_samples_leaf"": 2, ""splitter"": ""random""}",21600,194400,0.17,VP9,random,2,Prop0.1,63,True
kNN,1.1342202376987331,"{""n_neighbors"": 8, ""p"": 1, ""weights"": ""distance""}",21600,194400,233.0,VP9,random,2,Prop0.1,63,True
KRR,0.0681058524627147,"{""regressor__kernel"": ""rbf"", ""regressor__gamma"": 0.1, ""regressor__alpha"": 0.01}",21600,194400,297.44,VP9,random,2,Prop0.1,63,True
MR,0.3860168140706067,"{""lasso__regressor__alpha"": 0.01}",21600,194400,6.11,VP9,random,2,Prop0.1,63,True
RF,0.0172595630625521,"{""max_features"": 1.0, ""min_samples_leaf"": 2, ""n_estimators"": 20}",21600,194400,2.42,VP9,random,2,Prop0.1,63,True
SVR,0.3794730649755263,"{""regressor__tol"": 0.05, ""regressor__shrinking"": true, ""regressor__epsilon"": 0.1, ""regressor__coef0"": 1.0, ""regressor__C"": 5.0}",21600,194400,58.1,VP9,random,2,Prop0.1,63,True
CART,0.0199972120166315,"{""max_features"": 1.0, ""min_samples_leaf"": 2, ""splitter"": ""random""}",21600,194400,0.18,VP9,random,2,Prop0.1,64,True
kNN,1.146527671579061,"{""n_neighbors"": 8, ""p"": 1, ""weights"": ""distance""}",21600,194400,236.53,VP9,random,2,Prop0.1,64,True
KRR,0.0673861717506203,"{""regressor__kernel"": ""rbf"", ""regressor__gamma"": 0.1, ""regressor__alpha"": 0.01}",21600,194400,297.55,VP9,random,2,Prop0.1,64,True
MR,0.3928801106934564,"{""lasso__regressor__alpha"": 0.01}",21600,194400,5.81,VP9,random,2,Prop0.1,64,True
RF,0.0174849172825649,"{""max_features"": 1.0, ""min_samples_leaf"": 2, ""n_estimators"": 20}",21600,194400,2.47,VP9,random,2,Prop0.1,64,True
SVR,0.3682734631326448,"{""regressor__tol"": 0.05, ""regressor__shrinking"": true, ""regressor__epsilon"": 0.1, ""regressor__coef0"": 1.0, ""regressor__C"": 5.0}",21600,194400,60.5,VP9,random,2,Prop0.1,64,True
CART,0.0200621789942716,"{""max_features"": 1.0, ""min_samples_leaf"": 2, ""splitter"": ""random""}",21600,194400,0.16,VP9,random,2,Prop0.1,65,True
kNN,1.155622188715332,"{""n_neighbors"": 8, ""p"": 1, ""weights"": ""distance""}",21600,194400,224.63,VP9,random,2,Prop0.1,65,True
KRR,0.0678971101992896,"{""regressor__kernel"": ""rbf"", ""regressor__gamma"": 0.1, ""regressor__alpha"": 0.01}",21600,194400,308.81,VP9,random,2,Prop0.1,65,True
MR,0.3876898491890556,"{""lasso__regressor__alpha"": 0.01}",21600,194400,4.69,VP9,random,2,Prop0.1,65,True
RF,0.0175490346362743,"{""max_features"": 1.0, ""min_samples_leaf"": 2, ""n_estimators"": 20}",21600,194400,2.27,VP9,random,2,Prop0.1,65,True
SVR,0.3815998037693139,"{""regressor__tol"": 0.05, ""regressor__shrinking"": true, ""regressor__epsilon"": 0.1, ""regressor__coef0"": 1.0, ""regressor__C"": 5.0}",21600,194400,57.64,VP9,random,2,Prop0.1,65,True
CART,0.019972236561806,"{""max_features"": 1.0, ""min_samples_leaf"": 2, ""splitter"": ""random""}",21600,194400,0.2,VP9,random,2,Prop0.1,66,True
kNN,1.126359189356,"{""n_neighbors"": 8, ""p"": 1, ""weights"": ""distance""}",21600,194400,222.8,VP9,random,2,Prop0.1,66,True
KRR,0.0672646162078771,"{""regressor__kernel"": ""rbf"", ""regressor__gamma"": 0.1, ""regressor__alpha"": 0.01}",21600,194400,308.78,VP9,random,2,Prop0.1,66,True
MR,0.3875939571287267,"{""lasso__regressor__alpha"": 0.01}",21600,194400,7.96,VP9,random,2,Prop0.1,66,True
RF,0.0175677048213987,"{""max_features"": 1.0, ""min_samples_leaf"": 2, ""n_estimators"": 20}",21600,194400,2.57,VP9,random,2,Prop0.1,66,True
SVR,0.3797437715517984,"{""regressor__tol"": 0.05, ""regressor__shrinking"": true, ""regressor__epsilon"": 0.1, ""regressor__coef0"": 1.0, ""regressor__C"": 5.0}",21600,194400,58.62,VP9,random,2,Prop0.1,66,True
CART,0.0198150854637622,"{""max_features"": 1.0, ""min_samples_leaf"": 2, ""splitter"": ""random""}",21600,194400,0.18,VP9,random,2,Prop0.1,67,True
kNN,1.1658814371192647,"{""n_neighbors"": 8, ""p"": 1, ""weights"": ""distance""}",21600,194400,233.54,VP9,random,2,Prop0.1,67,True
KRR,0.0672623918008564,"{""regressor__kernel"": ""rbf"", ""regressor__gamma"": 0.1, ""regressor__alpha"": 0.01}",21600,194400,297.36,VP9,random,2,Prop0.1,67,True
MR,0.3897198239355653,"{""lasso__regressor__alpha"": 0.01}",21600,194400,6.01,VP9,random,2,Prop0.1,67,True
RF,0.0173657528050252,"{""max_features"": 1.0, ""min_samples_leaf"": 2, ""n_estimators"": 20}",21600,194400,2.42,VP9,random,2,Prop0.1,67,True
SVR,0.3785446580407448,"{""regressor__tol"": 0.05, ""regressor__shrinking"": true, ""regressor__epsilon"": 0.1, ""regressor__coef0"": 1.0, ""regressor__C"": 5.0}",21600,194400,58.78,VP9,random,2,Prop0.1,67,True
CART,0.0199038244971423,"{""max_features"": 1.0, ""min_samples_leaf"": 2, ""splitter"": ""random""}",21600,194400,0.18,VP9,random,2,Prop0.1,68,True
kNN,1.1187947293412748,"{""n_neighbors"": 8, ""p"": 1, ""weights"": ""distance""}",21600,194400,235.59,VP9,random,2,Prop0.1,68,True
KRR,0.0682003101127835,"{""regressor__kernel"": ""rbf"", ""regressor__gamma"": 0.1, ""regressor__alpha"": 0.01}",21600,194400,298.3,VP9,random,2,Prop0.1,68,True
MR,0.3921369775973798,"{""lasso__regressor__alpha"": 0.01}",21600,194400,6.23,VP9,random,2,Prop0.1,68,True
RF,0.0174965877783383,"{""max_features"": 1.0, ""min_samples_leaf"": 2, ""n_estimators"": 20}",21600,194400,2.46,VP9,random,2,Prop0.1,68,True
SVR,0.3734809907435575,"{""regressor__tol"": 0.05, ""regressor__shrinking"": true, ""regressor__epsilon"": 0.1, ""regressor__coef0"": 1.0, ""regressor__C"": 5.0}",21600,194400,61.07,VP9,random,2,Prop0.1,68,True
CART,0.0196878436224957,"{""max_features"": 1.0, ""min_samples_leaf"": 2, ""splitter"": ""random""}",21600,194400,0.17,VP9,random,2,Prop0.1,69,True
kNN,1.1418218627337546,"{""n_neighbors"": 8, ""p"": 1, ""weights"": ""distance""}",21600,194400,224.49,VP9,random,2,Prop0.1,69,True
KRR,0.067669007658588,"{""regressor__kernel"": ""rbf"", ""regressor__gamma"": 0.1, ""regressor__alpha"": 0.01}",21600,194400,307.73,VP9,random,2,Prop0.1,69,True
MR,0.3874318413206581,"{""lasso__regressor__alpha"": 0.01}",21600,194400,4.68,VP9,random,2,Prop0.1,69,True
RF,0.0173455961245516,"{""max_features"": 1.0, ""min_samples_leaf"": 2, ""n_estimators"": 20}",21600,194400,2.28,VP9,random,2,Prop0.1,69,True
SVR,0.3684266857439601,"{""regressor__tol"": 0.05, ""regressor__shrinking"": true, ""regressor__epsilon"": 0.1, ""regressor__coef0"": 1.0, ""regressor__C"": 5.0}",21600,194400,56.79,VP9,random,2,Prop0.1,69,True
CART,0.0200399065739521,"{""max_features"": 1.0, ""min_samples_leaf"": 2, ""splitter"": ""random""}",21600,194400,0.2,VP9,random,2,Prop0.1,70,True
kNN,1.185215707132402,"{""n_neighbors"": 8, ""p"": 1, ""weights"": ""distance""}",21600,194400,222.31,VP9,random,2,Prop0.1,70,True
KRR,0.0689501861539642,"{""regressor__kernel"": ""rbf"", ""regressor__gamma"": 0.1, ""regressor__alpha"": 0.01}",21600,194400,308.18,VP9,random,2,Prop0.1,70,True
MR,0.3920815196225489,"{""lasso__regressor__alpha"": 0.01}",21600,194400,7.83,VP9,random,2,Prop0.1,70,True
RF,0.0174546277371034,"{""max_features"": 1.0, ""min_samples_leaf"": 2, ""n_estimators"": 20}",21600,194400,2.6,VP9,random,2,Prop0.1,70,True
SVR,0.3796732377213143,"{""regressor__tol"": 0.05, ""regressor__shrinking"": true, ""regressor__epsilon"": 0.1, ""regressor__coef0"": 1.0, ""regressor__C"": 5.0}",21600,194400,60.06,VP9,random,2,Prop0.1,70,True
CART,0.0199485967182075,"{""max_features"": 1.0, ""min_samples_leaf"": 2, ""splitter"": ""random""}",21600,194400,0.19,VP9,random,2,Prop0.1,71,True
kNN,1.1477645479909686,"{""n_neighbors"": 8, ""p"": 1, ""weights"": ""distance""}",21600,194400,232.2,VP9,random,2,Prop0.1,71,True
KRR,0.0684775889661522,"{""regressor__kernel"": ""rbf"", ""regressor__gamma"": 0.1, ""regressor__alpha"": 0.01}",21600,194400,297.12,VP9,random,2,Prop0.1,71,True
MR,0.3893323261870584,"{""lasso__regressor__alpha"": 0.01}",21600,194400,6.17,VP9,random,2,Prop0.1,71,True
RF,0.0176484096618148,"{""max_features"": 1.0, ""min_samples_leaf"": 2, ""n_estimators"": 20}",21600,194400,2.42,VP9,random,2,Prop0.1,71,True
SVR,0.3788293928861894,"{""regressor__tol"": 0.05, ""regressor__shrinking"": true, ""regressor__epsilon"": 0.1, ""regressor__coef0"": 1.0, ""regressor__C"": 5.0}",21600,194400,60.66,VP9,random,2,Prop0.1,71,True
CART,0.0201008237361223,"{""max_features"": 1.0, ""min_samples_leaf"": 2, ""splitter"": ""random""}",21600,194400,0.18,VP9,random,2,Prop0.1,72,True
kNN,1.158076795312406,"{""n_neighbors"": 8, ""p"": 1, ""weights"": ""distance""}",21600,194400,234.54,VP9,random,2,Prop0.1,72,True
KRR,0.0661577034397381,"{""regressor__kernel"": ""rbf"", ""regressor__gamma"": 0.1, ""regressor__alpha"": 0.01}",21600,194400,296.9,VP9,random,2,Prop0.1,72,True
MR,0.3829820320622502,"{""lasso__regressor__alpha"": 0.01}",21600,194400,6.24,VP9,random,2,Prop0.1,72,True
RF,0.0174706140008571,"{""max_features"": 1.0, ""min_samples_leaf"": 2, ""n_estimators"": 20}",21600,194400,2.45,VP9,random,2,Prop0.1,72,True
SVR,0.3797614264315569,"{""regressor__tol"": 0.05, ""regressor__shrinking"": true, ""regressor__epsilon"": 0.1, ""regressor__coef0"": 1.0, ""regressor__C"": 5.0}",21600,194400,58.42,VP9,random,2,Prop0.1,72,True
CART,0.0196458724958397,"{""max_features"": 1.0, ""min_samples_leaf"": 2, ""splitter"": ""random""}",21600,194400,0.17,VP9,random,2,Prop0.1,73,True
kNN,1.1199712156585406,"{""n_neighbors"": 8, ""p"": 1, ""weights"": ""distance""}",21600,194400,220.53,VP9,random,2,Prop0.1,73,True
KRR,0.0676325166774227,"{""regressor__kernel"": ""rbf"", ""regressor__gamma"": 0.1, ""regressor__alpha"": 0.01}",21600,194400,306.6,VP9,random,2,Prop0.1,73,True
MR,0.3909445348449094,"{""lasso__regressor__alpha"": 0.01}",21600,194400,7.48,VP9,random,2,Prop0.1,73,True
RF,0.0174119728931397,"{""max_features"": 1.0, ""min_samples_leaf"": 2, ""n_estimators"": 20}",21600,194400,2.41,VP9,random,2,Prop0.1,73,True
SVR,0.3800189643342775,"{""regressor__tol"": 0.05, ""regressor__shrinking"": true, ""regressor__epsilon"": 0.1, ""regressor__coef0"": 1.0, ""regressor__C"": 5.0}",21600,194400,58.9,VP9,random,2,Prop0.1,73,True
CART,0.0199460032246638,"{""max_features"": 1.0, ""min_samples_leaf"": 2, ""splitter"": ""random""}",21600,194400,0.2,VP9,random,2,Prop0.1,74,True
kNN,1.1593570987177386,"{""n_neighbors"": 8, ""p"": 1, ""weights"": ""distance""}",21600,194400,223.77,VP9,random,2,Prop0.1,74,True
KRR,0.0681711656670715,"{""regressor__kernel"": ""rbf"", ""regressor__gamma"": 0.1, ""regressor__alpha"": 0.01}",21600,194400,307.87,VP9,random,2,Prop0.1,74,True
MR,0.3889852762962084,"{""lasso__regressor__alpha"": 0.01}",21600,194400,7.91,VP9,random,2,Prop0.1,74,True
RF,0.0174970768505559,"{""max_features"": 1.0, ""min_samples_leaf"": 2, ""n_estimators"": 20}",21600,194400,2.57,VP9,random,2,Prop0.1,74,True
SVR,0.3721804795077308,"{""regressor__tol"": 0.05, ""regressor__shrinking"": true, ""regressor__epsilon"": 0.1, ""regressor__coef0"": 1.0, ""regressor__C"": 5.0}",21600,194400,58.42,VP9,random,2,Prop0.1,74,True
CART,0.019522777337169,"{""max_features"": 1.0, ""min_samples_leaf"": 2, ""splitter"": ""random""}",21600,194400,0.18,VP9,random,2,Prop0.1,75,True
kNN,1.1488255594242585,"{""n_neighbors"": 8, ""p"": 1, ""weights"": ""distance""}",21600,194400,240.08,VP9,random,2,Prop0.1,75,True
KRR,0.066835682791554,"{""regressor__kernel"": ""rbf"", ""regressor__gamma"": 0.1, ""regressor__alpha"": 0.01}",21600,194400,300.12,VP9,random,2,Prop0.1,75,True
MR,0.3882747257240397,"{""lasso__regressor__alpha"": 0.01}",21600,194400,6.82,VP9,random,2,Prop0.1,75,True
RF,0.0173748259547045,"{""max_features"": 1.0, ""min_samples_leaf"": 2, ""n_estimators"": 20}",21600,194400,2.55,VP9,random,2,Prop0.1,75,True
SVR,0.3786601699117718,"{""regressor__tol"": 0.05, ""regressor__shrinking"": true, ""regressor__epsilon"": 0.1, ""regressor__coef0"": 1.0, ""regressor__C"": 5.0}",21600,194400,57.12,VP9,random,2,Prop0.1,75,True
CART,0.0197749600225661,"{""max_features"": 1.0, ""min_samples_leaf"": 2, ""splitter"": ""random""}",21600,194400,0.18,VP9,random,2,Prop0.1,76,True
kNN,1.1515483812849792,"{""n_neighbors"": 8, ""p"": 1, ""weights"": ""distance""}",21600,194400,235.43,VP9,random,2,Prop0.1,76,True
KRR,0.0677910867406405,"{""regressor__kernel"": ""rbf"", ""regressor__gamma"": 0.1, ""regressor__alpha"": 0.01}",21600,194400,297.67,VP9,random,2,Prop0.1,76,True
MR,0.399943350176248,"{""lasso__regressor__alpha"": 0.01}",21600,194400,5.97,VP9,random,2,Prop0.1,76,True
RF,0.0173628778205764,"{""max_features"": 1.0, ""min_samples_leaf"": 2, ""n_estimators"": 20}",21600,194400,2.46,VP9,random,2,Prop0.1,76,True
SVR,0.3784251071215952,"{""regressor__tol"": 0.05, ""regressor__shrinking"": true, ""regressor__epsilon"": 0.1, ""regressor__coef0"": 1.0, ""regressor__C"": 5.0}",21600,194400,60.2,VP9,random,2,Prop0.1,76,True
CART,0.0196331143756115,"{""max_features"": 1.0, ""min_samples_leaf"": 2, ""splitter"": ""random""}",21600,194400,0.17,VP9,random,2,Prop0.1,77,True
kNN,1.157979289596578,"{""n_neighbors"": 8, ""p"": 1, ""weights"": ""distance""}",21600,194400,219.75,VP9,random,2,Prop0.1,77,True
KRR,0.0699427645854636,"{""regressor__kernel"": ""rbf"", ""regressor__gamma"": 0.1, ""regressor__alpha"": 0.01}",21600,194400,307.08,VP9,random,2,Prop0.1,77,True
MR,0.3886008345979219,"{""lasso__regressor__alpha"": 0.01}",21600,194400,8.0,VP9,random,2,Prop0.1,77,True
RF,0.0173894870069336,"{""max_features"": 1.0, ""min_samples_leaf"": 2, ""n_estimators"": 20}",21600,194400,2.52,VP9,random,2,Prop0.1,77,True
SVR,0.3813420663971471,"{""regressor__tol"": 0.05, ""regressor__shrinking"": true, ""regressor__epsilon"": 0.1, ""regressor__coef0"": 1.0, ""regressor__C"": 5.0}",21600,194400,59.5,VP9,random,2,Prop0.1,77,True
CART,0.01986222643063,"{""max_features"": 1.0, ""min_samples_leaf"": 2, ""splitter"": ""random""}",21600,194400,0.2,VP9,random,2,Prop0.1,78,True
kNN,1.147459798078359,"{""n_neighbors"": 8, ""p"": 1, ""weights"": ""distance""}",21600,194400,220.91,VP9,random,2,Prop0.1,78,True
KRR,0.0697724366513864,"{""regressor__kernel"": ""rbf"", ""regressor__gamma"": 0.1, ""regressor__alpha"": 0.01}",21600,194400,307.8,VP9,random,2,Prop0.1,78,True
MR,0.3966903865919521,"{""lasso__regressor__alpha"": 0.01}",21600,194400,7.84,VP9,random,2,Prop0.1,78,True
RF,0.0174333539744754,"{""max_features"": 1.0, ""min_samples_leaf"": 2, ""n_estimators"": 20}",21600,194400,2.62,VP9,random,2,Prop0.1,78,True
SVR,0.386695583610877,"{""regressor__tol"": 0.05, ""regressor__shrinking"": true, ""regressor__epsilon"": 0.1, ""regressor__coef0"": 1.0, ""regressor__C"": 5.0}",21600,194400,59.89,VP9,random,2,Prop0.1,78,True
CART,0.0199200428861619,"{""max_features"": 1.0, ""min_samples_leaf"": 2, ""splitter"": ""random""}",21600,194400,0.18,VP9,random,2,Prop0.1,79,True
kNN,1.129493570168839,"{""n_neighbors"": 8, ""p"": 1, ""weights"": ""distance""}",21600,194400,237.32,VP9,random,2,Prop0.1,79,True
KRR,0.0682851476575948,"{""regressor__kernel"": ""rbf"", ""regressor__gamma"": 0.1, ""regressor__alpha"": 0.01}",21600,194400,297.56,VP9,random,2,Prop0.1,79,True
MR,0.3875854856899072,"{""lasso__regressor__alpha"": 0.01}",21600,194400,6.79,VP9,random,2,Prop0.1,79,True
RF,0.0174214191687626,"{""max_features"": 1.0, ""min_samples_leaf"": 2, ""n_estimators"": 20}",21600,194400,2.48,VP9,random,2,Prop0.1,79,True
SVR,0.3825148699349215,"{""regressor__tol"": 0.05, ""regressor__shrinking"": true, ""regressor__epsilon"": 0.1, ""regressor__coef0"": 1.0, ""regressor__C"": 5.0}",21600,194400,58.2,VP9,random,2,Prop0.1,79,True
CART,0.0198435819918516,"{""max_features"": 1.0, ""min_samples_leaf"": 2, ""splitter"": ""random""}",21600,194400,0.18,VP9,random,2,Prop0.1,80,True
kNN,1.154589509792638,"{""n_neighbors"": 8, ""p"": 1, ""weights"": ""distance""}",21600,194400,233.39,VP9,random,2,Prop0.1,80,True
KRR,0.0681515886170769,"{""regressor__kernel"": ""rbf"", ""regressor__gamma"": 0.1, ""regressor__alpha"": 0.01}",21600,194400,297.29,VP9,random,2,Prop0.1,80,True
MR,0.3950426015719755,"{""lasso__regressor__alpha"": 0.01}",21600,194400,5.67,VP9,random,2,Prop0.1,80,True
RF,0.0175143275920471,"{""max_features"": 1.0, ""min_samples_leaf"": 2, ""n_estimators"": 20}",21600,194400,2.44,VP9,random,2,Prop0.1,80,True
SVR,0.3708804048140128,"{""regressor__tol"": 0.05, ""regressor__shrinking"": true, ""regressor__epsilon"": 0.1, ""regressor__coef0"": 1.0, ""regressor__C"": 5.0}",21600,194400,61.11,VP9,random,2,Prop0.1,80,True
CART,0.019915158679443,"{""max_features"": 1.0, ""min_samples_leaf"": 2, ""splitter"": ""random""}",21600,194400,0.2,VP9,random,2,Prop0.1,81,True
kNN,1.145129302907279,"{""n_neighbors"": 8, ""p"": 1, ""weights"": ""distance""}",21600,194400,219.63,VP9,random,2,Prop0.1,81,True
KRR,0.0679696201889556,"{""regressor__kernel"": ""rbf"", ""regressor__gamma"": 0.1, ""regressor__alpha"": 0.01}",21600,194400,307.23,VP9,random,2,Prop0.1,81,True
MR,0.3827491188631441,"{""lasso__regressor__alpha"": 0.01}",21600,194400,7.34,VP9,random,2,Prop0.1,81,True
RF,0.0174789277581096,"{""max_features"": 1.0, ""min_samples_leaf"": 2, ""n_estimators"": 20}",21600,194400,2.59,VP9,random,2,Prop0.1,81,True
SVR,0.3725710006594893,"{""regressor__tol"": 0.05, ""regressor__shrinking"": true, ""regressor__epsilon"": 0.1, ""regressor__coef0"": 1.0, ""regressor__C"": 5.0}",21600,194400,58.79,VP9,random,2,Prop0.1,81,True
CART,0.0195999196094599,"{""max_features"": 1.0, ""min_samples_leaf"": 2, ""splitter"": ""random""}",21600,194400,0.2,VP9,random,2,Prop0.1,82,True
kNN,1.131718889182805,"{""n_neighbors"": 8, ""p"": 1, ""weights"": ""distance""}",21600,194400,220.15,VP9,random,2,Prop0.1,82,True
KRR,0.0674877062376244,"{""regressor__kernel"": ""rbf"", ""regressor__gamma"": 0.1, ""regressor__alpha"": 0.01}",21600,194400,307.36,VP9,random,2,Prop0.1,82,True
MR,0.3888545391907008,"{""lasso__regressor__alpha"": 0.01}",21600,194400,7.08,VP9,random,2,Prop0.1,82,True
RF,0.0173192025933404,"{""max_features"": 1.0, ""min_samples_leaf"": 2, ""n_estimators"": 20}",21600,194400,2.6,VP9,random,2,Prop0.1,82,True
SVR,0.3725448137803684,"{""regressor__tol"": 0.05, ""regressor__shrinking"": true, ""regressor__epsilon"": 0.1, ""regressor__coef0"": 1.0, ""regressor__C"": 5.0}",21600,194400,58.74,VP9,random,2,Prop0.1,82,True
CART,0.020028035366075,"{""max_features"": 1.0, ""min_samples_leaf"": 2, ""splitter"": ""random""}",21600,194400,0.17,VP9,random,2,Prop0.1,83,True
kNN,1.1679934189246977,"{""n_neighbors"": 8, ""p"": 1, ""weights"": ""distance""}",21600,194400,239.56,VP9,random,2,Prop0.1,83,True
KRR,0.0678850933437131,"{""regressor__kernel"": ""rbf"", ""regressor__gamma"": 0.1, ""regressor__alpha"": 0.01}",21600,194400,295.35,VP9,random,2,Prop0.1,83,True
MR,0.3885128323477166,"{""lasso__regressor__alpha"": 0.01}",21600,194400,6.99,VP9,random,2,Prop0.1,83,True
RF,0.017419660638665,"{""max_features"": 1.0, ""min_samples_leaf"": 2, ""n_estimators"": 20}",21600,194400,2.43,VP9,random,2,Prop0.1,83,True
SVR,0.367831022690682,"{""regressor__tol"": 0.05, ""regressor__shrinking"": true, ""regressor__epsilon"": 0.1, ""regressor__coef0"": 1.0, ""regressor__C"": 5.0}",21600,194400,60.9,VP9,random,2,Prop0.1,83,True
CART,0.0198741212700133,"{""max_features"": 1.0, ""min_samples_leaf"": 2, ""splitter"": ""random""}",21600,194400,0.18,VP9,random,2,Prop0.1,84,True
kNN,1.1728958447369129,"{""n_neighbors"": 8, ""p"": 1, ""weights"": ""distance""}",21600,194400,234.58,VP9,random,2,Prop0.1,84,True
KRR,0.0682136507308947,"{""regressor__kernel"": ""rbf"", ""regressor__gamma"": 0.1, ""regressor__alpha"": 0.01}",21600,194400,296.74,VP9,random,2,Prop0.1,84,True
MR,0.383924193515475,"{""lasso__regressor__alpha"": 0.01}",21600,194400,5.7,VP9,random,2,Prop0.1,84,True
RF,0.0174713690629777,"{""max_features"": 1.0, ""min_samples_leaf"": 2, ""n_estimators"": 20}",21600,194400,2.42,VP9,random,2,Prop0.1,84,True
SVR,0.3892731626292604,"{""regressor__tol"": 0.05, ""regressor__shrinking"": true, ""regressor__epsilon"": 0.1, ""regressor__coef0"": 1.0, ""regressor__C"": 5.0}",21600,194400,59.69,VP9,random,2,Prop0.1,84,True
CART,0.0200912749964865,"{""max_features"": 1.0, ""min_samples_leaf"": 2, ""splitter"": ""random""}",21600,194400,0.17,VP9,random,2,Prop0.1,85,True
kNN,1.1452924855452773,"{""n_neighbors"": 8, ""p"": 1, ""weights"": ""distance""}",21600,194400,222.02,VP9,random,2,Prop0.1,85,True
KRR,0.0687668139198029,"{""regressor__kernel"": ""rbf"", ""regressor__gamma"": 0.1, ""regressor__alpha"": 0.01}",21600,194400,307.61,VP9,random,2,Prop0.1,85,True
MR,0.3857828618000612,"{""lasso__regressor__alpha"": 0.01}",21600,194400,6.0,VP9,random,2,Prop0.1,85,True
RF,0.0175023700636053,"{""max_features"": 1.0, ""min_samples_leaf"": 2, ""n_estimators"": 20}",21600,194400,2.59,VP9,random,2,Prop0.1,85,True
SVR,0.3769859942030792,"{""regressor__tol"": 0.05, ""regressor__shrinking"": true, ""regressor__epsilon"": 0.1, ""regressor__coef0"": 1.0, ""regressor__C"": 5.0}",21600,194400,59.1,VP9,random,2,Prop0.1,85,True
CART,0.0198229640393608,"{""max_features"": 1.0, ""min_samples_leaf"": 2, ""splitter"": ""random""}",21600,194400,0.16,VP9,random,2,Prop0.1,86,True
kNN,1.1168393058302013,"{""n_neighbors"": 8, ""p"": 1, ""weights"": ""distance""}",21600,194400,222.13,VP9,random,2,Prop0.1,86,True
KRR,0.067338919115398,"{""regressor__kernel"": ""rbf"", ""regressor__gamma"": 0.1, ""regressor__alpha"": 0.01}",21600,194400,307.05,VP9,random,2,Prop0.1,86,True
MR,0.3862375219971731,"{""lasso__regressor__alpha"": 0.01}",21600,194400,7.07,VP9,random,2,Prop0.1,86,True
RF,0.0172977210093534,"{""max_features"": 1.0, ""min_samples_leaf"": 2, ""n_estimators"": 20}",21600,194400,2.61,VP9,random,2,Prop0.1,86,True
SVR,0.3798921941341429,"{""regressor__tol"": 0.05, ""regressor__shrinking"": true, ""regressor__epsilon"": 0.1, ""regressor__coef0"": 1.0, ""regressor__C"": 5.0}",21600,194400,58.33,VP9,random,2,Prop0.1,86,True
CART,0.0201167601443046,"{""max_features"": 1.0, ""min_samples_leaf"": 2, ""splitter"": ""random""}",21600,194400,0.18,VP9,random,2,Prop0.1,87,True
kNN,1.1667032434531217,"{""n_neighbors"": 8, ""p"": 1, ""weights"": ""distance""}",21600,194400,237.39,VP9,random,2,Prop0.1,87,True
KRR,0.0693521135158303,"{""regressor__kernel"": ""rbf"", ""regressor__gamma"": 0.1, ""regressor__alpha"": 0.01}",21600,194400,294.62,VP9,random,2,Prop0.1,87,True
MR,0.3900082500537908,"{""lasso__regressor__alpha"": 0.01}",21600,194400,5.65,VP9,random,2,Prop0.1,87,True
RF,0.0175344888910756,"{""max_features"": 1.0, ""min_samples_leaf"": 2, ""n_estimators"": 20}",21600,194400,2.33,VP9,random,2,Prop0.1,87,True
SVR,0.3767617992713603,"{""regressor__tol"": 0.05, ""regressor__shrinking"": true, ""regressor__epsilon"": 0.1, ""regressor__coef0"": 1.0, ""regressor__C"": 5.0}",21600,194400,59.22,VP9,random,2,Prop0.1,87,True
CART,0.019995152112278,"{""max_features"": 1.0, ""min_samples_leaf"": 2, ""splitter"": ""random""}",21600,194400,0.18,VP9,random,2,Prop0.1,88,True
kNN,1.1306648064217473,"{""n_neighbors"": 8, ""p"": 1, ""weights"": ""distance""}",21600,194400,233.98,VP9,random,2,Prop0.1,88,True
KRR,0.0673497312693355,"{""regressor__kernel"": ""rbf"", ""regressor__gamma"": 0.1, ""regressor__alpha"": 0.01}",21600,194400,296.51,VP9,random,2,Prop0.1,88,True
MR,0.3858963328490181,"{""lasso__regressor__alpha"": 0.01}",21600,194400,5.78,VP9,random,2,Prop0.1,88,True
RF,0.0174944378946503,"{""max_features"": 1.0, ""min_samples_leaf"": 2, ""n_estimators"": 20}",21600,194400,2.42,VP9,random,2,Prop0.1,88,True
SVR,0.3690340959212859,"{""regressor__tol"": 0.05, ""regressor__shrinking"": true, ""regressor__epsilon"": 0.1, ""regressor__coef0"": 1.0, ""regressor__C"": 5.0}",21600,194400,59.92,VP9,random,2,Prop0.1,88,True
CART,0.0199564326159351,"{""max_features"": 1.0, ""min_samples_leaf"": 2, ""splitter"": ""random""}",21600,194400,0.17,VP9,random,2,Prop0.1,89,True
kNN,1.1553039483503742,"{""n_neighbors"": 8, ""p"": 1, ""weights"": ""distance""}",21600,194400,223.72,VP9,random,2,Prop0.1,89,True
KRR,0.0675246068297609,"{""regressor__kernel"": ""rbf"", ""regressor__gamma"": 0.1, ""regressor__alpha"": 0.01}",21600,194400,309.81,VP9,random,2,Prop0.1,89,True
MR,0.3863379171067512,"{""lasso__regressor__alpha"": 0.01}",21600,194400,7.92,VP9,random,2,Prop0.1,89,True
RF,0.0173753680777328,"{""max_features"": 1.0, ""min_samples_leaf"": 2, ""n_estimators"": 20}",21600,194400,2.52,VP9,random,2,Prop0.1,89,True
SVR,0.377397340460649,"{""regressor__tol"": 0.05, ""regressor__shrinking"": true, ""regressor__epsilon"": 0.1, ""regressor__coef0"": 1.0, ""regressor__C"": 5.0}",21600,194400,57.53,VP9,random,2,Prop0.1,89,True
CART,0.0199095982201717,"{""max_features"": 1.0, ""min_samples_leaf"": 2, ""splitter"": ""random""}",21600,194400,0.16,VP9,random,2,Prop0.1,90,True
kNN,1.141274745559048,"{""n_neighbors"": 8, ""p"": 1, ""weights"": ""distance""}",21600,194400,222.38,VP9,random,2,Prop0.1,90,True
KRR,0.0684419325271044,"{""regressor__kernel"": ""rbf"", ""regressor__gamma"": 0.1, ""regressor__alpha"": 0.01}",21600,194400,307.88,VP9,random,2,Prop0.1,90,True
MR,0.3927278462126716,"{""lasso__regressor__alpha"": 0.01}",21600,194400,6.75,VP9,random,2,Prop0.1,90,True
RF,0.0176197161633815,"{""max_features"": 1.0, ""min_samples_leaf"": 2, ""n_estimators"": 20}",21600,194400,2.59,VP9,random,2,Prop0.1,90,True
SVR,0.3821691545007597,"{""regressor__tol"": 0.05, ""regressor__shrinking"": true, ""regressor__epsilon"": 0.1, ""regressor__coef0"": 1.0, ""regressor__C"": 5.0}",21600,194400,58.56,VP9,random,2,Prop0.1,90,True
CART,0.0197806660828792,"{""max_features"": 1.0, ""min_samples_leaf"": 2, ""splitter"": ""random""}",21600,194400,0.18,VP9,random,2,Prop0.1,91,True
kNN,1.1455069715246269,"{""n_neighbors"": 8, ""p"": 1, ""weights"": ""distance""}",21600,194400,231.51,VP9,random,2,Prop0.1,91,True
KRR,0.0668870407140238,"{""regressor__kernel"": ""rbf"", ""regressor__gamma"": 0.1, ""regressor__alpha"": 0.01}",21600,194400,295.43,VP9,random,2,Prop0.1,91,True
MR,0.3903616169252959,"{""lasso__regressor__alpha"": 0.01}",21600,194400,6.86,VP9,random,2,Prop0.1,91,True
RF,0.0173787033917303,"{""max_features"": 1.0, ""min_samples_leaf"": 2, ""n_estimators"": 20}",21600,194400,2.34,VP9,random,2,Prop0.1,91,True
SVR,0.3731203492406628,"{""regressor__tol"": 0.05, ""regressor__shrinking"": true, ""regressor__epsilon"": 0.1, ""regressor__coef0"": 1.0, ""regressor__C"": 5.0}",21600,194400,59.44,VP9,random,2,Prop0.1,91,True
CART,0.0197295991066436,"{""max_features"": 1.0, ""min_samples_leaf"": 2, ""splitter"": ""random""}",21600,194400,0.18,VP9,random,2,Prop0.1,92,True
kNN,1.1475594643827811,"{""n_neighbors"": 8, ""p"": 1, ""weights"": ""distance""}",21600,194400,235.03,VP9,random,2,Prop0.1,92,True
KRR,0.067296786498858,"{""regressor__kernel"": ""rbf"", ""regressor__gamma"": 0.1, ""regressor__alpha"": 0.01}",21600,194400,295.82,VP9,random,2,Prop0.1,92,True
MR,0.3899128741180669,"{""lasso__regressor__alpha"": 0.01}",21600,194400,5.54,VP9,random,2,Prop0.1,92,True
RF,0.0173423568015801,"{""max_features"": 1.0, ""min_samples_leaf"": 2, ""n_estimators"": 20}",21600,194400,2.42,VP9,random,2,Prop0.1,92,True
SVR,0.3741356986117316,"{""regressor__tol"": 0.05, ""regressor__shrinking"": true, ""regressor__epsilon"": 0.1, ""regressor__coef0"": 1.0, ""regressor__C"": 5.0}",21600,194400,59.43,VP9,random,2,Prop0.1,92,True
CART,0.0199149304133251,"{""max_features"": 1.0, ""min_samples_leaf"": 2, ""splitter"": ""random""}",21600,194400,0.2,VP9,random,2,Prop0.1,93,True
kNN,1.1660763972718156,"{""n_neighbors"": 8, ""p"": 1, ""weights"": ""distance""}",21600,194400,225.52,VP9,random,2,Prop0.1,93,True
KRR,0.0685599533102807,"{""regressor__kernel"": ""rbf"", ""regressor__gamma"": 0.1, ""regressor__alpha"": 0.01}",21600,194400,309.39,VP9,random,2,Prop0.1,93,True
MR,0.3876825349222426,"{""lasso__regressor__alpha"": 0.01}",21600,194400,7.92,VP9,random,2,Prop0.1,93,True
RF,0.0173951608650755,"{""max_features"": 1.0, ""min_samples_leaf"": 2, ""n_estimators"": 20}",21600,194400,2.55,VP9,random,2,Prop0.1,93,True
SVR,0.3740545264639295,"{""regressor__tol"": 0.05, ""regressor__shrinking"": true, ""regressor__epsilon"": 0.1, ""regressor__coef0"": 1.0, ""regressor__C"": 5.0}",21600,194400,57.78,VP9,random,2,Prop0.1,93,True
CART,0.020245193304503,"{""max_features"": 1.0, ""min_samples_leaf"": 2, ""splitter"": ""random""}",21600,194400,0.16,VP9,random,2,Prop0.1,94,True
kNN,1.1499000896199336,"{""n_neighbors"": 8, ""p"": 1, ""weights"": ""distance""}",21600,194400,223.87,VP9,random,2,Prop0.1,94,True
KRR,0.0672027517808299,"{""regressor__kernel"": ""rbf"", ""regressor__gamma"": 0.1, ""regressor__alpha"": 0.01}",21600,194400,307.88,VP9,random,2,Prop0.1,94,True
MR,0.3827642274161372,"{""lasso__regressor__alpha"": 0.01}",21600,194400,7.38,VP9,random,2,Prop0.1,94,True
RF,0.0176030624697895,"{""max_features"": 1.0, ""min_samples_leaf"": 2, ""n_estimators"": 20}",21600,194400,2.58,VP9,random,2,Prop0.1,94,True
SVR,0.3744072549594304,"{""regressor__tol"": 0.05, ""regressor__shrinking"": true, ""regressor__epsilon"": 0.1, ""regressor__coef0"": 1.0, ""regressor__C"": 5.0}",21600,194400,57.37,VP9,random,2,Prop0.1,94,True
CART,0.0199106598456161,"{""max_features"": 1.0, ""min_samples_leaf"": 2, ""splitter"": ""random""}",21600,194400,0.18,VP9,random,2,Prop0.1,95,True
kNN,1.149023297904365,"{""n_neighbors"": 8, ""p"": 1, ""weights"": ""distance""}",21600,194400,234.89,VP9,random,2,Prop0.1,95,True
KRR,0.0675958221160847,"{""regressor__kernel"": ""rbf"", ""regressor__gamma"": 0.1, ""regressor__alpha"": 0.01}",21600,194400,297.44,VP9,random,2,Prop0.1,95,True
MR,0.3914187398663777,"{""lasso__regressor__alpha"": 0.01}",21600,194400,5.94,VP9,random,2,Prop0.1,95,True
RF,0.0174351902842132,"{""max_features"": 1.0, ""min_samples_leaf"": 2, ""n_estimators"": 20}",21600,194400,2.33,VP9,random,2,Prop0.1,95,True
SVR,0.3708899003294901,"{""regressor__tol"": 0.05, ""regressor__shrinking"": true, ""regressor__epsilon"": 0.1, ""regressor__coef0"": 1.0, ""regressor__C"": 5.0}",21600,194400,60.41,VP9,random,2,Prop0.1,95,True
CART,0.0200430111856832,"{""max_features"": 1.0, ""min_samples_leaf"": 2, ""splitter"": ""random""}",21600,194400,0.18,VP9,random,2,Prop0.1,96,True
kNN,1.1598256013156043,"{""n_neighbors"": 8, ""p"": 1, ""weights"": ""distance""}",21600,194400,233.57,VP9,random,2,Prop0.1,96,True
KRR,0.0690526740114065,"{""regressor__kernel"": ""rbf"", ""regressor__gamma"": 0.1, ""regressor__alpha"": 0.01}",21600,194400,296.19,VP9,random,2,Prop0.1,96,True
MR,0.3881592098042825,"{""lasso__regressor__alpha"": 0.01}",21600,194400,5.77,VP9,random,2,Prop0.1,96,True
RF,0.0175230997239857,"{""max_features"": 1.0, ""min_samples_leaf"": 2, ""n_estimators"": 20}",21600,194400,2.43,VP9,random,2,Prop0.1,96,True
SVR,0.3765440699457117,"{""regressor__tol"": 0.05, ""regressor__shrinking"": true, ""regressor__epsilon"": 0.1, ""regressor__coef0"": 1.0, ""regressor__C"": 5.0}",21600,194400,58.95,VP9,random,2,Prop0.1,96,True
CART,0.0199771841260016,"{""max_features"": 1.0, ""min_samples_leaf"": 2, ""splitter"": ""random""}",21600,194400,0.21,VP9,random,2,Prop0.1,97,True
kNN,1.1200913219342483,"{""n_neighbors"": 8, ""p"": 1, ""weights"": ""distance""}",21600,194400,222.83,VP9,random,2,Prop0.1,97,True
KRR,0.0672752370359063,"{""regressor__kernel"": ""rbf"", ""regressor__gamma"": 0.1, ""regressor__alpha"": 0.01}",21600,194400,309.95,VP9,random,2,Prop0.1,97,True
MR,0.3849881787137641,"{""lasso__regressor__alpha"": 0.01}",21600,194400,7.72,VP9,random,2,Prop0.1,97,True
RF,0.017611672586307,"{""max_features"": 1.0, ""min_samples_leaf"": 2, ""n_estimators"": 20}",21600,194400,2.45,VP9,random,2,Prop0.1,97,True
SVR,0.3723396315118617,"{""regressor__tol"": 0.05, ""regressor__shrinking"": true, ""regressor__epsilon"": 0.1, ""regressor__coef0"": 1.0, ""regressor__C"": 5.0}",21600,194400,61.72,VP9,random,2,Prop0.1,97,True
CART,0.0198151066286582,"{""max_features"": 1.0, ""min_samples_leaf"": 2, ""splitter"": ""random""}",21600,194400,0.16,VP9,random,2,Prop0.1,98,True
kNN,1.1547355973023052,"{""n_neighbors"": 8, ""p"": 1, ""weights"": ""distance""}",21600,194400,223.27,VP9,random,2,Prop0.1,98,True
KRR,0.0693132375059654,"{""regressor__kernel"": ""rbf"", ""regressor__gamma"": 0.1, ""regressor__alpha"": 0.01}",21600,194400,307.21,VP9,random,2,Prop0.1,98,True
MR,0.3836076350166729,"{""lasso__regressor__alpha"": 0.01}",21600,194400,7.45,VP9,random,2,Prop0.1,98,True
RF,0.017461945180666,"{""max_features"": 1.0, ""min_samples_leaf"": 2, ""n_estimators"": 20}",21600,194400,2.55,VP9,random,2,Prop0.1,98,True
SVR,0.3783852834604149,"{""regressor__tol"": 0.05, ""regressor__shrinking"": true, ""regressor__epsilon"": 0.1, ""regressor__coef0"": 1.0, ""regressor__C"": 5.0}",21600,194400,53.37,VP9,random,2,Prop0.1,98,True
CART,0.020107509465215,"{""max_features"": 1.0, ""min_samples_leaf"": 2, ""splitter"": ""random""}",21600,194400,0.18,VP9,random,2,Prop0.1,99,True
kNN,1.1461436940632983,"{""n_neighbors"": 8, ""p"": 1, ""weights"": ""distance""}",21600,194400,232.16,VP9,random,2,Prop0.1,99,True
KRR,0.0670095633457599,"{""regressor__kernel"": ""rbf"", ""regressor__gamma"": 0.1, ""regressor__alpha"": 0.01}",21600,194400,298.51,VP9,random,2,Prop0.1,99,True
MR,0.3848051431124327,"{""lasso__regressor__alpha"": 0.01}",21600,194400,4.08,VP9,random,2,Prop0.1,99,True
RF,0.0175164500752654,"{""max_features"": 1.0, ""min_samples_leaf"": 2, ""n_estimators"": 20}",21600,194400,1.48,VP9,random,2,Prop0.1,99,True
SVR,0.3832316737579426,"{""regressor__tol"": 0.05, ""regressor__shrinking"": true, ""regressor__epsilon"": 0.1, ""regressor__coef0"": 1.0, ""regressor__C"": 5.0}",21600,194400,31.13,VP9,random,2,Prop0.1,99,True
CART,0.0199367610706222,"{""max_features"": 1.0, ""min_samples_leaf"": 2, ""splitter"": ""random""}",21600,194400,0.18,VP9,random,2,Prop0.1,100,True
kNN,1.1735793911311412,"{""n_neighbors"": 8, ""p"": 1, ""weights"": ""distance""}",21600,194400,233.35,VP9,random,2,Prop0.1,100,True
KRR,0.0682611926280311,"{""regressor__kernel"": ""rbf"", ""regressor__gamma"": 0.1, ""regressor__alpha"": 0.01}",21600,194400,289.81,VP9,random,2,Prop0.1,100,True
MR,0.3931290692990014,"{""lasso__regressor__alpha"": 0.01}",21600,194400,3.78,VP9,random,2,Prop0.1,100,True
RF,0.0173120867909953,"{""max_features"": 1.0, ""min_samples_leaf"": 2, ""n_estimators"": 20}",21600,194400,1.42,VP9,random,2,Prop0.1,100,True
SVR,0.3715030136149506,"{""regressor__tol"": 0.05, ""regressor__shrinking"": true, ""regressor__epsilon"": 0.1, ""regressor__coef0"": 1.0, ""regressor__C"": 5.0}",21600,194400,31.19,VP9,random,2,Prop0.1,100,True
CART,0.0188918131758356,"{""max_features"": 1.0, ""min_samples_leaf"": 2, ""splitter"": ""best""}",32400,183600,0.26,VP9,random,2,Prop0.15,1,True
kNN,1.1247353259374313,"{""n_neighbors"": 8, ""p"": 1, ""weights"": ""distance""}",22000,183600,228.62,VP9,random,2,Prop0.15,1,True
KRR,0.0670789682434514,"{""regressor__kernel"": ""rbf"", ""regressor__gamma"": 0.1, ""regressor__alpha"": 0.01}",22000,183600,321.16,VP9,random,2,Prop0.15,1,True
MR,0.3855486039473462,"{""lasso__regressor__alpha"": 0.01}",32400,183600,5.97,VP9,random,2,Prop0.15,1,True
RF,0.0164534318575032,"{""max_features"": 1.0, ""min_samples_leaf"": 2, ""n_estimators"": 20}",32400,183600,3.53,VP9,random,2,Prop0.15,1,True
SVR,0.3885796819663041,"{""regressor__tol"": 0.05, ""regressor__shrinking"": true, ""regressor__epsilon"": 0.1, ""regressor__coef0"": 1.0, ""regressor__C"": 5.0}",22000,183600,57.07,VP9,random,2,Prop0.15,1,True
CART,0.0187130881160204,"{""max_features"": 1.0, ""min_samples_leaf"": 2, ""splitter"": ""best""}",32400,183600,0.25,VP9,random,2,Prop0.15,2,True
kNN,1.1559629102725584,"{""n_neighbors"": 8, ""p"": 1, ""weights"": ""distance""}",22000,183600,230.27,VP9,random,2,Prop0.15,2,True
KRR,0.0657438047783391,"{""regressor__kernel"": ""rbf"", ""regressor__gamma"": 0.1, ""regressor__alpha"": 0.01}",22000,183600,320.2,VP9,random,2,Prop0.15,2,True
MR,0.3845733242817131,"{""lasso__regressor__alpha"": 0.01}",32400,183600,8.53,VP9,random,2,Prop0.15,2,True
RF,0.0162846636856555,"{""max_features"": 1.0, ""min_samples_leaf"": 2, ""n_estimators"": 20}",32400,183600,3.6,VP9,random,2,Prop0.15,2,True
SVR,0.3827046697416057,"{""regressor__tol"": 0.05, ""regressor__shrinking"": true, ""regressor__epsilon"": 0.1, ""regressor__coef0"": 1.0, ""regressor__C"": 5.0}",22000,183600,55.75,VP9,random,2,Prop0.15,2,True
CART,0.0188796239148486,"{""max_features"": 1.0, ""min_samples_leaf"": 2, ""splitter"": ""best""}",32400,183600,0.26,VP9,random,2,Prop0.15,3,True
kNN,1.150726581971719,"{""n_neighbors"": 8, ""p"": 1, ""weights"": ""distance""}",22000,183600,237.1,VP9,random,2,Prop0.15,3,True
KRR,0.0678987305418656,"{""regressor__kernel"": ""rbf"", ""regressor__gamma"": 0.1, ""regressor__alpha"": 0.01}",22000,183600,320.14,VP9,random,2,Prop0.15,3,True
MR,0.3938985458027015,"{""lasso__regressor__alpha"": 0.01}",32400,183600,6.4,VP9,random,2,Prop0.15,3,True
RF,0.01649778279467,"{""max_features"": 1.0, ""min_samples_leaf"": 2, ""n_estimators"": 20}",32400,183600,3.35,VP9,random,2,Prop0.15,3,True
SVR,0.3692327298523229,"{""regressor__tol"": 0.05, ""regressor__shrinking"": true, ""regressor__epsilon"": 0.1, ""regressor__coef0"": 1.0, ""regressor__C"": 5.0}",22000,183600,55.73,VP9,random,2,Prop0.15,3,True
CART,0.0187294397140789,"{""max_features"": 1.0, ""min_samples_leaf"": 2, ""splitter"": ""best""}",32400,183600,0.25,VP9,random,2,Prop0.15,4,True
kNN,1.1599273872910854,"{""n_neighbors"": 8, ""p"": 1, ""weights"": ""distance""}",22000,183600,237.66,VP9,random,2,Prop0.15,4,True
KRR,0.0682365172060613,"{""regressor__kernel"": ""rbf"", ""regressor__gamma"": 0.1, ""regressor__alpha"": 0.01}",22000,183600,323.8,VP9,random,2,Prop0.15,4,True
MR,0.3852981921984866,"{""lasso__regressor__alpha"": 0.01}",32400,183600,5.93,VP9,random,2,Prop0.15,4,True
RF,0.0163748475896954,"{""max_features"": 1.0, ""min_samples_leaf"": 2, ""n_estimators"": 20}",32400,183600,3.27,VP9,random,2,Prop0.15,4,True
SVR,0.3769033181758575,"{""regressor__tol"": 0.05, ""regressor__shrinking"": true, ""regressor__epsilon"": 0.1, ""regressor__coef0"": 1.0, ""regressor__C"": 5.0}",22000,183600,55.49,VP9,random,2,Prop0.15,4,True
CART,0.0188406858803485,"{""max_features"": 1.0, ""min_samples_leaf"": 2, ""splitter"": ""best""}",32400,183600,0.24,VP9,random,2,Prop0.15,5,True
kNN,1.1544174095000228,"{""n_neighbors"": 8, ""p"": 1, ""weights"": ""distance""}",22000,183600,227.92,VP9,random,2,Prop0.15,5,True
KRR,0.0690326911734697,"{""regressor__kernel"": ""rbf"", ""regressor__gamma"": 0.1, ""regressor__alpha"": 0.01}",22000,183600,319.64,VP9,random,2,Prop0.15,5,True
MR,0.387276731681626,"{""lasso__regressor__alpha"": 0.01}",32400,183600,5.37,VP9,random,2,Prop0.15,5,True
RF,0.0163625324694615,"{""max_features"": 1.0, ""min_samples_leaf"": 2, ""n_estimators"": 20}",32400,183600,3.58,VP9,random,2,Prop0.15,5,True
SVR,0.3840025110536845,"{""regressor__tol"": 0.05, ""regressor__shrinking"": true, ""regressor__epsilon"": 0.1, ""regressor__coef0"": 1.0, ""regressor__C"": 5.0}",22000,183600,56.52,VP9,random,2,Prop0.15,5,True
CART,0.0187409415374886,"{""max_features"": 1.0, ""min_samples_leaf"": 2, ""splitter"": ""best""}",32400,183600,0.25,VP9,random,2,Prop0.15,6,True
kNN,1.1185683564670088,"{""n_neighbors"": 8, ""p"": 1, ""weights"": ""distance""}",22000,183600,229.99,VP9,random,2,Prop0.15,6,True
KRR,0.0663487490394361,"{""regressor__kernel"": ""rbf"", ""regressor__gamma"": 0.1, ""regressor__alpha"": 0.01}",22000,183600,321.75,VP9,random,2,Prop0.15,6,True
MR,0.3851499307884516,"{""lasso__regressor__alpha"": 0.01}",32400,183600,5.99,VP9,random,2,Prop0.15,6,True
RF,0.0163820961195751,"{""max_features"": 1.0, ""min_samples_leaf"": 2, ""n_estimators"": 20}",32400,183600,3.54,VP9,random,2,Prop0.15,6,True
SVR,0.366457579799426,"{""regressor__tol"": 0.05, ""regressor__shrinking"": true, ""regressor__epsilon"": 0.1, ""regressor__coef0"": 1.0, ""regressor__C"": 5.0}",22000,183600,56.46,VP9,random,2,Prop0.15,6,True
CART,0.0190485555823192,"{""max_features"": 1.0, ""min_samples_leaf"": 2, ""splitter"": ""best""}",32400,183600,0.26,VP9,random,2,Prop0.15,7,True
kNN,1.1602866294987022,"{""n_neighbors"": 8, ""p"": 1, ""weights"": ""distance""}",22000,183600,236.65,VP9,random,2,Prop0.15,7,True
KRR,0.0695568594519945,"{""regressor__kernel"": ""rbf"", ""regressor__gamma"": 0.1, ""regressor__alpha"": 0.01}",22000,183600,322.0,VP9,random,2,Prop0.15,7,True
MR,0.3928902018211422,"{""lasso__regressor__alpha"": 0.01}",32400,183600,5.69,VP9,random,2,Prop0.15,7,True
RF,0.0164221892169401,"{""max_features"": 1.0, ""min_samples_leaf"": 2, ""n_estimators"": 20}",32400,183600,3.18,VP9,random,2,Prop0.15,7,True
SVR,0.3714946128436787,"{""regressor__tol"": 0.05, ""regressor__shrinking"": true, ""regressor__epsilon"": 0.1, ""regressor__coef0"": 1.0, ""regressor__C"": 5.0}",22000,183600,54.94,VP9,random,2,Prop0.15,7,True
CART,0.0186334652632665,"{""max_features"": 1.0, ""min_samples_leaf"": 2, ""splitter"": ""best""}",32400,183600,0.26,VP9,random,2,Prop0.15,8,True
kNN,1.186249791815744,"{""n_neighbors"": 8, ""p"": 1, ""weights"": ""distance""}",22000,183600,234.17,VP9,random,2,Prop0.15,8,True
KRR,0.0666491746143488,"{""regressor__kernel"": ""rbf"", ""regressor__gamma"": 0.1, ""regressor__alpha"": 0.01}",22000,183600,317.21,VP9,random,2,Prop0.15,8,True
MR,0.3895175057620551,"{""lasso__regressor__alpha"": 0.01}",32400,183600,6.41,VP9,random,2,Prop0.15,8,True
RF,0.0163446781523828,"{""max_features"": 1.0, ""min_samples_leaf"": 2, ""n_estimators"": 20}",32400,183600,3.28,VP9,random,2,Prop0.15,8,True
SVR,0.3802474037913952,"{""regressor__tol"": 0.05, ""regressor__shrinking"": true, ""regressor__epsilon"": 0.1, ""regressor__coef0"": 1.0, ""regressor__C"": 5.0}",22000,183600,56.73,VP9,random,2,Prop0.15,8,True
CART,0.0187641446549087,"{""max_features"": 1.0, ""min_samples_leaf"": 2, ""splitter"": ""best""}",32400,183600,0.24,VP9,random,2,Prop0.15,9,True
kNN,1.144900629301021,"{""n_neighbors"": 8, ""p"": 1, ""weights"": ""distance""}",22000,183600,226.48,VP9,random,2,Prop0.15,9,True
KRR,0.0686995045162353,"{""regressor__kernel"": ""rbf"", ""regressor__gamma"": 0.1, ""regressor__alpha"": 0.01}",22000,183600,314.97,VP9,random,2,Prop0.15,9,True
MR,0.3958775531138303,"{""lasso__regressor__alpha"": 0.01}",32400,183600,5.09,VP9,random,2,Prop0.15,9,True
RF,0.0162883031213531,"{""max_features"": 1.0, ""min_samples_leaf"": 2, ""n_estimators"": 20}",32400,183600,3.26,VP9,random,2,Prop0.15,9,True
SVR,0.3782783302876784,"{""regressor__tol"": 0.05, ""regressor__shrinking"": true, ""regressor__epsilon"": 0.1, ""regressor__coef0"": 1.0, ""regressor__C"": 5.0}",22000,183600,56.06,VP9,random,2,Prop0.15,9,True
CART,0.0186833797114564,"{""max_features"": 1.0, ""min_samples_leaf"": 2, ""splitter"": ""best""}",32400,183600,0.24,VP9,random,2,Prop0.15,10,True
kNN,1.1567364654010082,"{""n_neighbors"": 8, ""p"": 1, ""weights"": ""distance""}",22000,183600,227.94,VP9,random,2,Prop0.15,10,True
KRR,0.0657209050602336,"{""regressor__kernel"": ""rbf"", ""regressor__gamma"": 0.1, ""regressor__alpha"": 0.01}",22000,183600,320.33,VP9,random,2,Prop0.15,10,True
MR,0.3914017284750548,"{""lasso__regressor__alpha"": 0.01}",32400,183600,5.06,VP9,random,2,Prop0.15,10,True
RF,0.0163468648085092,"{""max_features"": 1.0, ""min_samples_leaf"": 2, ""n_estimators"": 20}",32400,183600,3.58,VP9,random,2,Prop0.15,10,True
SVR,0.376772232330621,"{""regressor__tol"": 0.05, ""regressor__shrinking"": true, ""regressor__epsilon"": 0.1, ""regressor__coef0"": 1.0, ""regressor__C"": 5.0}",22000,183600,56.26,VP9,random,2,Prop0.15,10,True
CART,0.0189671929078566,"{""max_features"": 1.0, ""min_samples_leaf"": 2, ""splitter"": ""best""}",32400,183600,0.26,VP9,random,2,Prop0.15,11,True
kNN,1.1253871134245628,"{""n_neighbors"": 8, ""p"": 1, ""weights"": ""distance""}",22000,183600,237.48,VP9,random,2,Prop0.15,11,True
KRR,0.0672123523558089,"{""regressor__kernel"": ""rbf"", ""regressor__gamma"": 0.1, ""regressor__alpha"": 0.01}",22000,183600,313.34,VP9,random,2,Prop0.15,11,True
MR,0.3915391890626764,"{""lasso__regressor__alpha"": 0.01}",32400,183600,5.5,VP9,random,2,Prop0.15,11,True
RF,0.0164415101650145,"{""max_features"": 1.0, ""min_samples_leaf"": 2, ""n_estimators"": 20}",32400,183600,3.2,VP9,random,2,Prop0.15,11,True
SVR,0.3743540140647627,"{""regressor__tol"": 0.05, ""regressor__shrinking"": true, ""regressor__epsilon"": 0.1, ""regressor__coef0"": 1.0, ""regressor__C"": 5.0}",22000,183600,56.88,VP9,random,2,Prop0.15,11,True
CART,0.0186065848582018,"{""max_features"": 1.0, ""min_samples_leaf"": 2, ""splitter"": ""best""}",32400,183600,0.26,VP9,random,2,Prop0.15,12,True
kNN,1.1561664849953015,"{""n_neighbors"": 8, ""p"": 1, ""weights"": ""distance""}",22000,183600,233.37,VP9,random,2,Prop0.15,12,True
KRR,0.0689301446349696,"{""regressor__kernel"": ""rbf"", ""regressor__gamma"": 0.1, ""regressor__alpha"": 0.01}",22000,183600,316.66,VP9,random,2,Prop0.15,12,True
MR,0.3881193883039031,"{""lasso__regressor__alpha"": 0.01}",32400,183600,5.93,VP9,random,2,Prop0.15,12,True
RF,0.0162930077152122,"{""max_features"": 1.0, ""min_samples_leaf"": 2, ""n_estimators"": 20}",32400,183600,3.16,VP9,random,2,Prop0.15,12,True
SVR,0.3742195757867367,"{""regressor__tol"": 0.05, ""regressor__shrinking"": true, ""regressor__epsilon"": 0.1, ""regressor__coef0"": 1.0, ""regressor__C"": 5.0}",22000,183600,54.97,VP9,random,2,Prop0.15,12,True
CART,0.0186551809056486,"{""max_features"": 1.0, ""min_samples_leaf"": 2, ""splitter"": ""best""}",32400,183600,0.24,VP9,random,2,Prop0.15,13,True
kNN,1.1325421977073356,"{""n_neighbors"": 8, ""p"": 1, ""weights"": ""distance""}",22000,183600,223.12,VP9,random,2,Prop0.15,13,True
KRR,0.0665131871870569,"{""regressor__kernel"": ""rbf"", ""regressor__gamma"": 0.1, ""regressor__alpha"": 0.01}",22000,183600,314.53,VP9,random,2,Prop0.15,13,True
MR,0.3885796413860765,"{""lasso__regressor__alpha"": 0.01}",32400,183600,5.13,VP9,random,2,Prop0.15,13,True
RF,0.0162574716944084,"{""max_features"": 1.0, ""min_samples_leaf"": 2, ""n_estimators"": 20}",32400,183600,3.17,VP9,random,2,Prop0.15,13,True
SVR,0.3844655372535051,"{""regressor__tol"": 0.05, ""regressor__shrinking"": true, ""regressor__epsilon"": 0.1, ""regressor__coef0"": 1.0, ""regressor__C"": 5.0}",22000,183600,55.23,VP9,random,2,Prop0.15,13,True
CART,0.018949531515018,"{""max_features"": 1.0, ""min_samples_leaf"": 2, ""splitter"": ""best""}",32400,183600,0.24,VP9,random,2,Prop0.15,14,True
kNN,1.1405516835872958,"{""n_neighbors"": 8, ""p"": 1, ""weights"": ""distance""}",22000,183600,225.31,VP9,random,2,Prop0.15,14,True
KRR,0.0668856965293727,"{""regressor__kernel"": ""rbf"", ""regressor__gamma"": 0.1, ""regressor__alpha"": 0.01}",22000,183600,315.86,VP9,random,2,Prop0.15,14,True
MR,0.3924402142678048,"{""lasso__regressor__alpha"": 0.01}",32400,183600,5.05,VP9,random,2,Prop0.15,14,True
RF,0.0163933947837108,"{""max_features"": 1.0, ""min_samples_leaf"": 2, ""n_estimators"": 20}",32400,183600,3.16,VP9,random,2,Prop0.15,14,True
SVR,0.374746085901191,"{""regressor__tol"": 0.05, ""regressor__shrinking"": true, ""regressor__epsilon"": 0.1, ""regressor__coef0"": 1.0, ""regressor__C"": 5.0}",22000,183600,57.59,VP9,random,2,Prop0.15,14,True
CART,0.0188218051933729,"{""max_features"": 1.0, ""min_samples_leaf"": 2, ""splitter"": ""best""}",32400,183600,0.26,VP9,random,2,Prop0.15,15,True
kNN,1.1550854162904365,"{""n_neighbors"": 8, ""p"": 1, ""weights"": ""distance""}",22000,183600,237.72,VP9,random,2,Prop0.15,15,True
KRR,0.0679384658534634,"{""regressor__kernel"": ""rbf"", ""regressor__gamma"": 0.1, ""regressor__alpha"": 0.01}",22000,183600,311.17,VP9,random,2,Prop0.15,15,True
MR,0.3861961579723619,"{""lasso__regressor__alpha"": 0.01}",32400,183600,5.68,VP9,random,2,Prop0.15,15,True
RF,0.0164055787568119,"{""max_features"": 1.0, ""min_samples_leaf"": 2, ""n_estimators"": 20}",32400,183600,3.24,VP9,random,2,Prop0.15,15,True
SVR,0.3834758100917826,"{""regressor__tol"": 0.05, ""regressor__shrinking"": true, ""regressor__epsilon"": 0.1, ""regressor__coef0"": 1.0, ""regressor__C"": 5.0}",22000,183600,55.37,VP9,random,2,Prop0.15,15,True
CART,0.0187611118722697,"{""max_features"": 1.0, ""min_samples_leaf"": 2, ""splitter"": ""best""}",32400,183600,0.27,VP9,random,2,Prop0.15,16,True
kNN,1.1379413645573797,"{""n_neighbors"": 8, ""p"": 1, ""weights"": ""distance""}",22000,183600,238.12,VP9,random,2,Prop0.15,16,True
KRR,0.0673988499351045,"{""regressor__kernel"": ""rbf"", ""regressor__gamma"": 0.1, ""regressor__alpha"": 0.01}",22000,183600,313.53,VP9,random,2,Prop0.15,16,True
MR,0.3860546730426564,"{""lasso__regressor__alpha"": 0.01}",32400,183600,5.09,VP9,random,2,Prop0.15,16,True
RF,0.016363097765721,"{""max_features"": 1.0, ""min_samples_leaf"": 2, ""n_estimators"": 20}",32400,183600,3.19,VP9,random,2,Prop0.15,16,True
SVR,0.3732281241045459,"{""regressor__tol"": 0.05, ""regressor__shrinking"": true, ""regressor__epsilon"": 0.1, ""regressor__coef0"": 1.0, ""regressor__C"": 5.0}",22000,183600,55.92,VP9,random,2,Prop0.15,16,True
CART,0.0186625066744229,"{""max_features"": 1.0, ""min_samples_leaf"": 2, ""splitter"": ""best""}",32400,183600,0.24,VP9,random,2,Prop0.15,17,True
kNN,1.1563020285975345,"{""n_neighbors"": 8, ""p"": 1, ""weights"": ""distance""}",22000,183600,219.48,VP9,random,2,Prop0.15,17,True
KRR,0.0675932843945362,"{""regressor__kernel"": ""rbf"", ""regressor__gamma"": 0.1, ""regressor__alpha"": 0.01}",22000,183600,311.92,VP9,random,2,Prop0.15,17,True
MR,0.3877035036858641,"{""lasso__regressor__alpha"": 0.01}",32400,183600,5.08,VP9,random,2,Prop0.15,17,True
RF,0.0164447414256013,"{""max_features"": 1.0, ""min_samples_leaf"": 2, ""n_estimators"": 20}",32400,183600,3.16,VP9,random,2,Prop0.15,17,True
SVR,0.3800098195321951,"{""regressor__tol"": 0.05, ""regressor__shrinking"": true, ""regressor__epsilon"": 0.1, ""regressor__coef0"": 1.0, ""regressor__C"": 5.0}",22000,183600,56.15,VP9,random,2,Prop0.15,17,True
CART,0.0186490006205961,"{""max_features"": 1.0, ""min_samples_leaf"": 2, ""splitter"": ""best""}",32400,183600,0.24,VP9,random,2,Prop0.15,18,True
kNN,1.1677272842252122,"{""n_neighbors"": 8, ""p"": 1, ""weights"": ""distance""}",22000,183600,224.15,VP9,random,2,Prop0.15,18,True
KRR,0.0677015642279708,"{""regressor__kernel"": ""rbf"", ""regressor__gamma"": 0.1, ""regressor__alpha"": 0.01}",22000,183600,315.09,VP9,random,2,Prop0.15,18,True
MR,0.3918779033801726,"{""lasso__regressor__alpha"": 0.01}",32400,183600,4.92,VP9,random,2,Prop0.15,18,True
RF,0.0162206484608745,"{""max_features"": 1.0, ""min_samples_leaf"": 2, ""n_estimators"": 20}",32400,183600,3.15,VP9,random,2,Prop0.15,18,True
SVR,0.3698811319816726,"{""regressor__tol"": 0.05, ""regressor__shrinking"": true, ""regressor__epsilon"": 0.1, ""regressor__coef0"": 1.0, ""regressor__C"": 5.0}",22000,183600,56.03,VP9,random,2,Prop0.15,18,True
CART,0.0187018639735913,"{""max_features"": 1.0, ""min_samples_leaf"": 2, ""splitter"": ""best""}",32400,183600,0.26,VP9,random,2,Prop0.15,19,True
kNN,1.1591276309202938,"{""n_neighbors"": 8, ""p"": 1, ""weights"": ""distance""}",22000,183600,236.92,VP9,random,2,Prop0.15,19,True
KRR,0.068371314981969,"{""regressor__kernel"": ""rbf"", ""regressor__gamma"": 0.1, ""regressor__alpha"": 0.01}",22000,183600,312.99,VP9,random,2,Prop0.15,19,True
MR,0.3910183999709909,"{""lasso__regressor__alpha"": 0.01}",32400,183600,5.15,VP9,random,2,Prop0.15,19,True
RF,0.0163591690470183,"{""max_features"": 1.0, ""min_samples_leaf"": 2, ""n_estimators"": 20}",32400,183600,3.2,VP9,random,2,Prop0.15,19,True
SVR,0.368925564886824,"{""regressor__tol"": 0.05, ""regressor__shrinking"": true, ""regressor__epsilon"": 0.1, ""regressor__coef0"": 1.0, ""regressor__C"": 5.0}",22000,183600,55.03,VP9,random,2,Prop0.15,19,True
CART,0.0188359177769697,"{""max_features"": 1.0, ""min_samples_leaf"": 2, ""splitter"": ""best""}",32400,183600,0.26,VP9,random,2,Prop0.15,20,True
kNN,1.1349684927582786,"{""n_neighbors"": 8, ""p"": 1, ""weights"": ""distance""}",22000,183600,235.66,VP9,random,2,Prop0.15,20,True
KRR,0.0678095826371745,"{""regressor__kernel"": ""rbf"", ""regressor__gamma"": 0.1, ""regressor__alpha"": 0.01}",22000,183600,308.03,VP9,random,2,Prop0.15,20,True
MR,0.383703473349148,"{""lasso__regressor__alpha"": 0.01}",32400,183600,5.28,VP9,random,2,Prop0.15,20,True
RF,0.0163008584136486,"{""max_features"": 1.0, ""min_samples_leaf"": 2, ""n_estimators"": 20}",32400,183600,3.17,VP9,random,2,Prop0.15,20,True
SVR,0.3715907704928506,"{""regressor__tol"": 0.05, ""regressor__shrinking"": true, ""regressor__epsilon"": 0.1, ""regressor__coef0"": 1.0, ""regressor__C"": 5.0}",22000,183600,57.74,VP9,random,2,Prop0.15,20,True
CART,0.0186724449336349,"{""max_features"": 1.0, ""min_samples_leaf"": 2, ""splitter"": ""best""}",32400,183600,0.25,VP9,random,2,Prop0.15,21,True
kNN,1.1367197169197831,"{""n_neighbors"": 8, ""p"": 1, ""weights"": ""distance""}",22000,183600,217.69,VP9,random,2,Prop0.15,21,True
KRR,0.0672275746243097,"{""regressor__kernel"": ""rbf"", ""regressor__gamma"": 0.1, ""regressor__alpha"": 0.01}",22000,183600,312.21,VP9,random,2,Prop0.15,21,True
MR,0.3885758637316621,"{""lasso__regressor__alpha"": 0.01}",32400,183600,8.3,VP9,random,2,Prop0.15,21,True
RF,0.016334005417584,"{""max_features"": 1.0, ""min_samples_leaf"": 2, ""n_estimators"": 20}",32400,183600,3.68,VP9,random,2,Prop0.15,21,True
SVR,0.3655086430673404,"{""regressor__tol"": 0.05, ""regressor__shrinking"": true, ""regressor__epsilon"": 0.1, ""regressor__coef0"": 1.0, ""regressor__C"": 5.0}",22000,183600,54.56,VP9,random,2,Prop0.15,21,True
CART,0.0187063488816983,"{""max_features"": 1.0, ""min_samples_leaf"": 2, ""splitter"": ""best""}",32400,183600,0.24,VP9,random,2,Prop0.15,22,True
kNN,1.114331163616819,"{""n_neighbors"": 8, ""p"": 1, ""weights"": ""distance""}",22000,183600,222.92,VP9,random,2,Prop0.15,22,True
KRR,0.0658731708593777,"{""regressor__kernel"": ""rbf"", ""regressor__gamma"": 0.1, ""regressor__alpha"": 0.01}",22000,183600,314.38,VP9,random,2,Prop0.15,22,True
MR,0.3958433224355368,"{""lasso__regressor__alpha"": 0.01}",32400,183600,5.03,VP9,random,2,Prop0.15,22,True
RF,0.0163800238093486,"{""max_features"": 1.0, ""min_samples_leaf"": 2, ""n_estimators"": 20}",32400,183600,3.16,VP9,random,2,Prop0.15,22,True
SVR,0.3744722835378128,"{""regressor__tol"": 0.05, ""regressor__shrinking"": true, ""regressor__epsilon"": 0.1, ""regressor__coef0"": 1.0, ""regressor__C"": 5.0}",22000,183600,56.95,VP9,random,2,Prop0.15,22,True
CART,0.0188176098050281,"{""max_features"": 1.0, ""min_samples_leaf"": 2, ""splitter"": ""best""}",32400,183600,0.26,VP9,random,2,Prop0.15,23,True
kNN,1.1675913799450108,"{""n_neighbors"": 8, ""p"": 1, ""weights"": ""distance""}",22000,183600,233.85,VP9,random,2,Prop0.15,23,True
KRR,0.068450739578715,"{""regressor__kernel"": ""rbf"", ""regressor__gamma"": 0.1, ""regressor__alpha"": 0.01}",22000,183600,315.99,VP9,random,2,Prop0.15,23,True
MR,0.3884870922731975,"{""lasso__regressor__alpha"": 0.01}",32400,183600,5.44,VP9,random,2,Prop0.15,23,True
RF,0.0163566197292147,"{""max_features"": 1.0, ""min_samples_leaf"": 2, ""n_estimators"": 20}",32400,183600,3.26,VP9,random,2,Prop0.15,23,True
SVR,0.3755921895623871,"{""regressor__tol"": 0.05, ""regressor__shrinking"": true, ""regressor__epsilon"": 0.1, ""regressor__coef0"": 1.0, ""regressor__C"": 5.0}",22000,183600,55.36,VP9,random,2,Prop0.15,23,True
CART,0.0186424137633412,"{""max_features"": 1.0, ""min_samples_leaf"": 2, ""splitter"": ""best""}",32400,183600,0.26,VP9,random,2,Prop0.15,24,True
kNN,1.2203202897605172,"{""n_neighbors"": 8, ""p"": 1, ""weights"": ""distance""}",22000,183600,234.17,VP9,random,2,Prop0.15,24,True
KRR,0.0692570300056882,"{""regressor__kernel"": ""rbf"", ""regressor__gamma"": 0.1, ""regressor__alpha"": 0.01}",22000,183600,307.32,VP9,random,2,Prop0.15,24,True
MR,0.3857138076559311,"{""lasso__regressor__alpha"": 0.01}",32400,183600,6.11,VP9,random,2,Prop0.15,24,True
RF,0.016358175857957,"{""max_features"": 1.0, ""min_samples_leaf"": 2, ""n_estimators"": 20}",32400,183600,3.37,VP9,random,2,Prop0.15,24,True
SVR,0.3888067545313601,"{""regressor__tol"": 0.05, ""regressor__shrinking"": true, ""regressor__epsilon"": 0.1, ""regressor__coef0"": 1.0, ""regressor__C"": 5.0}",22000,183600,56.35,VP9,random,2,Prop0.15,24,True
CART,0.0187693758465731,"{""max_features"": 1.0, ""min_samples_leaf"": 2, ""splitter"": ""best""}",32400,183600,0.25,VP9,random,2,Prop0.15,25,True
kNN,1.1897000960793171,"{""n_neighbors"": 8, ""p"": 1, ""weights"": ""distance""}",22000,183600,213.73,VP9,random,2,Prop0.15,25,True
KRR,0.0676281375339249,"{""regressor__kernel"": ""rbf"", ""regressor__gamma"": 0.1, ""regressor__alpha"": 0.01}",22000,183600,312.9,VP9,random,2,Prop0.15,25,True
MR,0.3896897054901468,"{""lasso__regressor__alpha"": 0.01}",32400,183600,8.66,VP9,random,2,Prop0.15,25,True
RF,0.0162692368214505,"{""max_features"": 1.0, ""min_samples_leaf"": 2, ""n_estimators"": 20}",32400,183600,3.59,VP9,random,2,Prop0.15,25,True
SVR,0.3743191897250003,"{""regressor__tol"": 0.05, ""regressor__shrinking"": true, ""regressor__epsilon"": 0.1, ""regressor__coef0"": 1.0, ""regressor__C"": 5.0}",22000,183600,58.86,VP9,random,2,Prop0.15,25,True
CART,0.0187980937979706,"{""max_features"": 1.0, ""min_samples_leaf"": 2, ""splitter"": ""best""}",32400,183600,0.25,VP9,random,2,Prop0.15,26,True
kNN,1.158138746342522,"{""n_neighbors"": 8, ""p"": 1, ""weights"": ""distance""}",22000,183600,220.37,VP9,random,2,Prop0.15,26,True
KRR,0.0665043101634781,"{""regressor__kernel"": ""rbf"", ""regressor__gamma"": 0.1, ""regressor__alpha"": 0.01}",22000,183600,312.39,VP9,random,2,Prop0.15,26,True
MR,0.3888319523682245,"{""lasso__regressor__alpha"": 0.01}",32400,183600,4.93,VP9,random,2,Prop0.15,26,True
RF,0.0163461631091589,"{""max_features"": 1.0, ""min_samples_leaf"": 2, ""n_estimators"": 20}",32400,183600,3.15,VP9,random,2,Prop0.15,26,True
SVR,0.3839106765697916,"{""regressor__tol"": 0.05, ""regressor__shrinking"": true, ""regressor__epsilon"": 0.1, ""regressor__coef0"": 1.0, ""regressor__C"": 5.0}",22000,183600,54.98,VP9,random,2,Prop0.15,26,True
CART,0.0187888922655427,"{""max_features"": 1.0, ""min_samples_leaf"": 2, ""splitter"": ""best""}",32400,183600,0.26,VP9,random,2,Prop0.15,27,True
kNN,1.1320984513826882,"{""n_neighbors"": 8, ""p"": 1, ""weights"": ""distance""}",22000,183600,231.96,VP9,random,2,Prop0.15,27,True
KRR,0.0675674962074054,"{""regressor__kernel"": ""rbf"", ""regressor__gamma"": 0.1, ""regressor__alpha"": 0.01}",22000,183600,306.22,VP9,random,2,Prop0.15,27,True
MR,0.3914509205516376,"{""lasso__regressor__alpha"": 0.01}",32400,183600,5.71,VP9,random,2,Prop0.15,27,True
RF,0.01642942623217,"{""max_features"": 1.0, ""min_samples_leaf"": 2, ""n_estimators"": 20}",32400,183600,3.36,VP9,random,2,Prop0.15,27,True
SVR,0.3727054779029806,"{""regressor__tol"": 0.05, ""regressor__shrinking"": true, ""regressor__epsilon"": 0.1, ""regressor__coef0"": 1.0, ""regressor__C"": 5.0}",22000,183600,56.5,VP9,random,2,Prop0.15,27,True
CART,0.0186101839802663,"{""max_features"": 1.0, ""min_samples_leaf"": 2, ""splitter"": ""best""}",32400,183600,0.27,VP9,random,2,Prop0.15,28,True
kNN,1.1269690087711637,"{""n_neighbors"": 8, ""p"": 1, ""weights"": ""distance""}",22000,183600,232.79,VP9,random,2,Prop0.15,28,True
KRR,0.0686906990168112,"{""regressor__kernel"": ""rbf"", ""regressor__gamma"": 0.1, ""regressor__alpha"": 0.01}",22000,183600,315.67,VP9,random,2,Prop0.15,28,True
MR,0.3924534332116778,"{""lasso__regressor__alpha"": 0.01}",32400,183600,5.26,VP9,random,2,Prop0.15,28,True
RF,0.0163311412063032,"{""max_features"": 1.0, ""min_samples_leaf"": 2, ""n_estimators"": 20}",32400,183600,3.14,VP9,random,2,Prop0.15,28,True
SVR,0.3687965466188917,"{""regressor__tol"": 0.05, ""regressor__shrinking"": true, ""regressor__epsilon"": 0.1, ""regressor__coef0"": 1.0, ""regressor__C"": 5.0}",22000,183600,59.91,VP9,random,2,Prop0.15,28,True
CART,0.0187642967684743,"{""max_features"": 1.0, ""min_samples_leaf"": 2, ""splitter"": ""best""}",32400,183600,0.27,VP9,random,2,Prop0.15,29,True
kNN,1.1470084975119017,"{""n_neighbors"": 8, ""p"": 1, ""weights"": ""distance""}",22000,183600,212.59,VP9,random,2,Prop0.15,29,True
KRR,0.066599270478919,"{""regressor__kernel"": ""rbf"", ""regressor__gamma"": 0.1, ""regressor__alpha"": 0.01}",22000,183600,312.72,VP9,random,2,Prop0.15,29,True
MR,0.3869012587283582,"{""lasso__regressor__alpha"": 0.01}",32400,183600,8.25,VP9,random,2,Prop0.15,29,True
RF,0.0163062319424115,"{""max_features"": 1.0, ""min_samples_leaf"": 2, ""n_estimators"": 20}",32400,183600,3.58,VP9,random,2,Prop0.15,29,True
SVR,0.3809857578880511,"{""regressor__tol"": 0.05, ""regressor__shrinking"": true, ""regressor__epsilon"": 0.1, ""regressor__coef0"": 1.0, ""regressor__C"": 5.0}",22000,183600,57.81,VP9,random,2,Prop0.15,29,True
CART,0.0186573795258132,"{""max_features"": 1.0, ""min_samples_leaf"": 2, ""splitter"": ""best""}",32400,183600,0.24,VP9,random,2,Prop0.15,30,True
kNN,1.1112206863518177,"{""n_neighbors"": 8, ""p"": 1, ""weights"": ""distance""}",22000,183600,217.39,VP9,random,2,Prop0.15,30,True
KRR,0.0646723489674746,"{""regressor__kernel"": ""rbf"", ""regressor__gamma"": 0.1, ""regressor__alpha"": 0.01}",22000,183600,312.56,VP9,random,2,Prop0.15,30,True
MR,0.3867876125254075,"{""lasso__regressor__alpha"": 0.01}",32400,183600,7.04,VP9,random,2,Prop0.15,30,True
RF,0.0162767110527355,"{""max_features"": 1.0, ""min_samples_leaf"": 2, ""n_estimators"": 20}",32400,183600,3.58,VP9,random,2,Prop0.15,30,True
SVR,0.381172756444624,"{""regressor__tol"": 0.05, ""regressor__shrinking"": true, ""regressor__epsilon"": 0.1, ""regressor__coef0"": 1.0, ""regressor__C"": 5.0}",22000,183600,54.51,VP9,random,2,Prop0.15,30,True
CART,0.0187342408679706,"{""max_features"": 1.0, ""min_samples_leaf"": 2, ""splitter"": ""best""}",32400,183600,0.27,VP9,random,2,Prop0.15,31,True
kNN,1.169829581096187,"{""n_neighbors"": 8, ""p"": 1, ""weights"": ""distance""}",22000,183600,230.64,VP9,random,2,Prop0.15,31,True
KRR,0.0677873595552389,"{""regressor__kernel"": ""rbf"", ""regressor__gamma"": 0.1, ""regressor__alpha"": 0.01}",22000,183600,304.24,VP9,random,2,Prop0.15,31,True
MR,0.3859469484935068,"{""lasso__regressor__alpha"": 0.01}",32400,183600,5.48,VP9,random,2,Prop0.15,31,True
RF,0.0162899371280869,"{""max_features"": 1.0, ""min_samples_leaf"": 2, ""n_estimators"": 20}",32400,183600,3.32,VP9,random,2,Prop0.15,31,True
SVR,0.3923970323394437,"{""regressor__tol"": 0.05, ""regressor__shrinking"": true, ""regressor__epsilon"": 0.1, ""regressor__coef0"": 1.0, ""regressor__C"": 5.0}",22000,183600,54.85,VP9,random,2,Prop0.15,31,True
CART,0.018832263798631,"{""max_features"": 1.0, ""min_samples_leaf"": 2, ""splitter"": ""best""}",32400,183600,0.26,VP9,random,2,Prop0.15,32,True
kNN,1.1324628859367043,"{""n_neighbors"": 8, ""p"": 1, ""weights"": ""distance""}",22000,183600,230.26,VP9,random,2,Prop0.15,32,True
KRR,0.0669951415454758,"{""regressor__kernel"": ""rbf"", ""regressor__gamma"": 0.1, ""regressor__alpha"": 0.01}",22000,183600,306.53,VP9,random,2,Prop0.15,32,True
MR,0.3867294772127052,"{""lasso__regressor__alpha"": 0.01}",32400,183600,5.65,VP9,random,2,Prop0.15,32,True
RF,0.0163421941727688,"{""max_features"": 1.0, ""min_samples_leaf"": 2, ""n_estimators"": 20}",32400,183600,3.37,VP9,random,2,Prop0.15,32,True
SVR,0.3823594836689586,"{""regressor__tol"": 0.05, ""regressor__shrinking"": true, ""regressor__epsilon"": 0.1, ""regressor__coef0"": 1.0, ""regressor__C"": 5.0}",22000,183600,58.72,VP9,random,2,Prop0.15,32,True
CART,0.0187477104006578,"{""max_features"": 1.0, ""min_samples_leaf"": 2, ""splitter"": ""best""}",32400,183600,0.28,VP9,random,2,Prop0.15,33,True
kNN,1.1713908445081187,"{""n_neighbors"": 8, ""p"": 1, ""weights"": ""distance""}",22000,183600,212.37,VP9,random,2,Prop0.15,33,True
KRR,0.0673746098249627,"{""regressor__kernel"": ""rbf"", ""regressor__gamma"": 0.1, ""regressor__alpha"": 0.01}",22000,183600,312.89,VP9,random,2,Prop0.15,33,True
MR,0.38591734321989,"{""lasso__regressor__alpha"": 0.01}",32400,183600,7.83,VP9,random,2,Prop0.15,33,True
RF,0.016383269370989,"{""max_features"": 1.0, ""min_samples_leaf"": 2, ""n_estimators"": 20}",32400,183600,3.64,VP9,random,2,Prop0.15,33,True
SVR,0.3766783344818664,"{""regressor__tol"": 0.05, ""regressor__shrinking"": true, ""regressor__epsilon"": 0.1, ""regressor__coef0"": 1.0, ""regressor__C"": 5.0}",22000,183600,56.97,VP9,random,2,Prop0.15,33,True
CART,0.0187549659753102,"{""max_features"": 1.0, ""min_samples_leaf"": 2, ""splitter"": ""best""}",32400,183600,0.32,VP9,random,2,Prop0.15,34,True
kNN,1.1041880967297766,"{""n_neighbors"": 8, ""p"": 1, ""weights"": ""distance""}",22000,183600,213.29,VP9,random,2,Prop0.15,34,True
KRR,0.0684896623074825,"{""regressor__kernel"": ""rbf"", ""regressor__gamma"": 0.1, ""regressor__alpha"": 0.01}",22000,183600,313.08,VP9,random,2,Prop0.15,34,True
MR,0.390364895207778,"{""lasso__regressor__alpha"": 0.01}",32400,183600,8.4,VP9,random,2,Prop0.15,34,True
RF,0.0163682386310228,"{""max_features"": 1.0, ""min_samples_leaf"": 2, ""n_estimators"": 20}",32400,183600,3.46,VP9,random,2,Prop0.15,34,True
SVR,0.3692875152052131,"{""regressor__tol"": 0.05, ""regressor__shrinking"": true, ""regressor__epsilon"": 0.1, ""regressor__coef0"": 1.0, ""regressor__C"": 5.0}",22000,183600,57.87,VP9,random,2,Prop0.15,34,True
CART,0.0190416855675874,"{""max_features"": 1.0, ""min_samples_leaf"": 2, ""splitter"": ""best""}",32400,183600,0.26,VP9,random,2,Prop0.15,35,True
kNN,1.1618215864490962,"{""n_neighbors"": 8, ""p"": 1, ""weights"": ""distance""}",22000,183600,230.01,VP9,random,2,Prop0.15,35,True
KRR,0.0674494242082495,"{""regressor__kernel"": ""rbf"", ""regressor__gamma"": 0.1, ""regressor__alpha"": 0.01}",22000,183600,302.88,VP9,random,2,Prop0.15,35,True
MR,0.3906315996730321,"{""lasso__regressor__alpha"": 0.01}",32400,183600,5.63,VP9,random,2,Prop0.15,35,True
RF,0.0165000425452226,"{""max_features"": 1.0, ""min_samples_leaf"": 2, ""n_estimators"": 20}",32400,183600,3.35,VP9,random,2,Prop0.15,35,True
SVR,0.3786516048681606,"{""regressor__tol"": 0.05, ""regressor__shrinking"": true, ""regressor__epsilon"": 0.1, ""regressor__coef0"": 1.0, ""regressor__C"": 5.0}",22000,183600,56.3,VP9,random,2,Prop0.15,35,True
CART,0.0185448571386116,"{""max_features"": 1.0, ""min_samples_leaf"": 2, ""splitter"": ""best""}",32400,183600,0.27,VP9,random,2,Prop0.15,36,True
kNN,1.1658925385414511,"{""n_neighbors"": 8, ""p"": 1, ""weights"": ""distance""}",22000,183600,228.91,VP9,random,2,Prop0.15,36,True
KRR,0.0686391919567073,"{""regressor__kernel"": ""rbf"", ""regressor__gamma"": 0.1, ""regressor__alpha"": 0.01}",22000,183600,304.25,VP9,random,2,Prop0.15,36,True
MR,0.3844165836996383,"{""lasso__regressor__alpha"": 0.01}",32400,183600,5.9,VP9,random,2,Prop0.15,36,True
RF,0.016280007604086,"{""max_features"": 1.0, ""min_samples_leaf"": 2, ""n_estimators"": 20}",32400,183600,3.4,VP9,random,2,Prop0.15,36,True
SVR,0.3764582228606525,"{""regressor__tol"": 0.05, ""regressor__shrinking"": true, ""regressor__epsilon"": 0.1, ""regressor__coef0"": 1.0, ""regressor__C"": 5.0}",22000,183600,57.39,VP9,random,2,Prop0.15,36,True
CART,0.0186186172609097,"{""max_features"": 1.0, ""min_samples_leaf"": 2, ""splitter"": ""best""}",32400,183600,0.24,VP9,random,2,Prop0.15,37,True
kNN,1.16906946017191,"{""n_neighbors"": 8, ""p"": 1, ""weights"": ""distance""}",22000,183600,212.03,VP9,random,2,Prop0.15,37,True
KRR,0.0695699273877563,"{""regressor__kernel"": ""rbf"", ""regressor__gamma"": 0.1, ""regressor__alpha"": 0.01}",22000,183600,312.92,VP9,random,2,Prop0.15,37,True
MR,0.3908211135670603,"{""lasso__regressor__alpha"": 0.01}",32400,183600,6.56,VP9,random,2,Prop0.15,37,True
RF,0.0162942244483624,"{""max_features"": 1.0, ""min_samples_leaf"": 2, ""n_estimators"": 20}",32400,183600,3.62,VP9,random,2,Prop0.15,37,True
SVR,0.3794390869596865,"{""regressor__tol"": 0.05, ""regressor__shrinking"": true, ""regressor__epsilon"": 0.1, ""regressor__coef0"": 1.0, ""regressor__C"": 5.0}",22000,183600,59.46,VP9,random,2,Prop0.15,37,True
CART,0.0187558636525956,"{""max_features"": 1.0, ""min_samples_leaf"": 2, ""splitter"": ""best""}",32400,183600,0.22,VP9,random,2,Prop0.15,38,True
kNN,1.1651376258402444,"{""n_neighbors"": 8, ""p"": 1, ""weights"": ""distance""}",22000,183600,213.33,VP9,random,2,Prop0.15,38,True
KRR,0.0664327264817569,"{""regressor__kernel"": ""rbf"", ""regressor__gamma"": 0.1, ""regressor__alpha"": 0.01}",22000,183600,313.23,VP9,random,2,Prop0.15,38,True
MR,0.3885520956776644,"{""lasso__regressor__alpha"": 0.01}",32400,183600,8.35,VP9,random,2,Prop0.15,38,True
RF,0.0164074842661678,"{""max_features"": 1.0, ""min_samples_leaf"": 2, ""n_estimators"": 20}",32400,183600,3.5,VP9,random,2,Prop0.15,38,True
SVR,0.383673031274543,"{""regressor__tol"": 0.05, ""regressor__shrinking"": true, ""regressor__epsilon"": 0.1, ""regressor__coef0"": 1.0, ""regressor__C"": 5.0}",22000,183600,55.26,VP9,random,2,Prop0.15,38,True
CART,0.0186624139102265,"{""max_features"": 1.0, ""min_samples_leaf"": 2, ""splitter"": ""best""}",32400,183600,0.26,VP9,random,2,Prop0.15,39,True
kNN,1.1564268480755904,"{""n_neighbors"": 8, ""p"": 1, ""weights"": ""distance""}",22000,183600,229.19,VP9,random,2,Prop0.15,39,True
KRR,0.0663444418608168,"{""regressor__kernel"": ""rbf"", ""regressor__gamma"": 0.1, ""regressor__alpha"": 0.01}",22000,183600,301.44,VP9,random,2,Prop0.15,39,True
MR,0.3875887012457022,"{""lasso__regressor__alpha"": 0.01}",32400,183600,5.68,VP9,random,2,Prop0.15,39,True
RF,0.0163283528542269,"{""max_features"": 1.0, ""min_samples_leaf"": 2, ""n_estimators"": 20}",32400,183600,3.32,VP9,random,2,Prop0.15,39,True
SVR,0.3724431213909275,"{""regressor__tol"": 0.05, ""regressor__shrinking"": true, ""regressor__epsilon"": 0.1, ""regressor__coef0"": 1.0, ""regressor__C"": 5.0}",22000,183600,58.35,VP9,random,2,Prop0.15,39,True
CART,0.0187372944592483,"{""max_features"": 1.0, ""min_samples_leaf"": 2, ""splitter"": ""best""}",32400,183600,0.27,VP9,random,2,Prop0.15,40,True
kNN,1.1434095945144656,"{""n_neighbors"": 8, ""p"": 1, ""weights"": ""distance""}",22000,183600,228.62,VP9,random,2,Prop0.15,40,True
KRR,0.0678387134760891,"{""regressor__kernel"": ""rbf"", ""regressor__gamma"": 0.1, ""regressor__alpha"": 0.01}",22000,183600,303.83,VP9,random,2,Prop0.15,40,True
MR,0.387262612819884,"{""lasso__regressor__alpha"": 0.01}",32400,183600,6.07,VP9,random,2,Prop0.15,40,True
RF,0.0164128494691253,"{""max_features"": 1.0, ""min_samples_leaf"": 2, ""n_estimators"": 20}",32400,183600,3.4,VP9,random,2,Prop0.15,40,True
SVR,0.3784074785375826,"{""regressor__tol"": 0.05, ""regressor__shrinking"": true, ""regressor__epsilon"": 0.1, ""regressor__coef0"": 1.0, ""regressor__C"": 5.0}",22000,183600,57.88,VP9,random,2,Prop0.15,40,True
CART,0.0188998854726376,"{""max_features"": 1.0, ""min_samples_leaf"": 2, ""splitter"": ""best""}",32400,183600,0.24,VP9,random,2,Prop0.15,41,True
kNN,1.1518269158520276,"{""n_neighbors"": 8, ""p"": 1, ""weights"": ""distance""}",22000,183600,212.63,VP9,random,2,Prop0.15,41,True
KRR,0.0666056846376671,"{""regressor__kernel"": ""rbf"", ""regressor__gamma"": 0.1, ""regressor__alpha"": 0.01}",22000,183600,313.15,VP9,random,2,Prop0.15,41,True
MR,0.3891058607436339,"{""lasso__regressor__alpha"": 0.01}",32400,183600,7.16,VP9,random,2,Prop0.15,41,True
RF,0.0163636688052971,"{""max_features"": 1.0, ""min_samples_leaf"": 2, ""n_estimators"": 20}",32400,183600,3.67,VP9,random,2,Prop0.15,41,True
SVR,0.3828678720930109,"{""regressor__tol"": 0.05, ""regressor__shrinking"": true, ""regressor__epsilon"": 0.1, ""regressor__coef0"": 1.0, ""regressor__C"": 5.0}",22000,183600,57.45,VP9,random,2,Prop0.15,41,True
CART,0.0186136827378402,"{""max_features"": 1.0, ""min_samples_leaf"": 2, ""splitter"": ""best""}",32400,183600,0.29,VP9,random,2,Prop0.15,42,True
kNN,1.157689934187753,"{""n_neighbors"": 8, ""p"": 1, ""weights"": ""distance""}",22000,183600,212.52,VP9,random,2,Prop0.15,42,True
KRR,0.0686118645149197,"{""regressor__kernel"": ""rbf"", ""regressor__gamma"": 0.1, ""regressor__alpha"": 0.01}",22000,183600,313.36,VP9,random,2,Prop0.15,42,True
MR,0.3893441058016712,"{""lasso__regressor__alpha"": 0.01}",32400,183600,6.31,VP9,random,2,Prop0.15,42,True
RF,0.016267628564134,"{""max_features"": 1.0, ""min_samples_leaf"": 2, ""n_estimators"": 20}",32400,183600,3.58,VP9,random,2,Prop0.15,42,True
SVR,0.3804340006921051,"{""regressor__tol"": 0.05, ""regressor__shrinking"": true, ""regressor__epsilon"": 0.1, ""regressor__coef0"": 1.0, ""regressor__C"": 5.0}",22000,183600,57.8,VP9,random,2,Prop0.15,42,True
CART,0.0186645303748932,"{""max_features"": 1.0, ""min_samples_leaf"": 2, ""splitter"": ""best""}",32400,183600,0.25,VP9,random,2,Prop0.15,43,True
kNN,1.147890540006293,"{""n_neighbors"": 8, ""p"": 1, ""weights"": ""distance""}",22000,183600,229.28,VP9,random,2,Prop0.15,43,True
KRR,0.0695295944030554,"{""regressor__kernel"": ""rbf"", ""regressor__gamma"": 0.1, ""regressor__alpha"": 0.01}",22000,183600,301.73,VP9,random,2,Prop0.15,43,True
MR,0.3889420861362412,"{""lasso__regressor__alpha"": 0.01}",32400,183600,5.56,VP9,random,2,Prop0.15,43,True
RF,0.0162870258333701,"{""max_features"": 1.0, ""min_samples_leaf"": 2, ""n_estimators"": 20}",32400,183600,3.32,VP9,random,2,Prop0.15,43,True
SVR,0.3769147266130047,"{""regressor__tol"": 0.05, ""regressor__shrinking"": true, ""regressor__epsilon"": 0.1, ""regressor__coef0"": 1.0, ""regressor__C"": 5.0}",22000,183600,56.82,VP9,random,2,Prop0.15,43,True
CART,0.0189546693678866,"{""max_features"": 1.0, ""min_samples_leaf"": 2, ""splitter"": ""best""}",32400,183600,0.27,VP9,random,2,Prop0.15,44,True
kNN,1.1384115631001497,"{""n_neighbors"": 8, ""p"": 1, ""weights"": ""distance""}",22000,183600,228.47,VP9,random,2,Prop0.15,44,True
KRR,0.0675088156712998,"{""regressor__kernel"": ""rbf"", ""regressor__gamma"": 0.1, ""regressor__alpha"": 0.01}",22000,183600,301.27,VP9,random,2,Prop0.15,44,True
MR,0.3894621631956257,"{""lasso__regressor__alpha"": 0.01}",32400,183600,6.11,VP9,random,2,Prop0.15,44,True
RF,0.0163631228300037,"{""max_features"": 1.0, ""min_samples_leaf"": 2, ""n_estimators"": 20}",32400,183600,3.38,VP9,random,2,Prop0.15,44,True
SVR,0.3744873518666965,"{""regressor__tol"": 0.05, ""regressor__shrinking"": true, ""regressor__epsilon"": 0.1, ""regressor__coef0"": 1.0, ""regressor__C"": 5.0}",22000,183600,57.91,VP9,random,2,Prop0.15,44,True
CART,0.0186462413162342,"{""max_features"": 1.0, ""min_samples_leaf"": 2, ""splitter"": ""best""}",32400,183600,0.24,VP9,random,2,Prop0.15,45,True
kNN,1.1298971247110157,"{""n_neighbors"": 8, ""p"": 1, ""weights"": ""distance""}",22000,183600,215.79,VP9,random,2,Prop0.15,45,True
KRR,0.0669082969028343,"{""regressor__kernel"": ""rbf"", ""regressor__gamma"": 0.1, ""regressor__alpha"": 0.01}",22000,183600,316.41,VP9,random,2,Prop0.15,45,True
MR,0.3892152641292388,"{""lasso__regressor__alpha"": 0.01}",32400,183600,8.61,VP9,random,2,Prop0.15,45,True
RF,0.0162856392603548,"{""max_features"": 1.0, ""min_samples_leaf"": 2, ""n_estimators"": 20}",32400,183600,3.57,VP9,random,2,Prop0.15,45,True
SVR,0.3822161351942271,"{""regressor__tol"": 0.05, ""regressor__shrinking"": true, ""regressor__epsilon"": 0.1, ""regressor__coef0"": 1.0, ""regressor__C"": 5.0}",22000,183600,54.23,VP9,random,2,Prop0.15,45,True
CART,0.0188543338233702,"{""max_features"": 1.0, ""min_samples_leaf"": 2, ""splitter"": ""best""}",32400,183600,0.24,VP9,random,2,Prop0.15,46,True
kNN,1.1472729308600629,"{""n_neighbors"": 8, ""p"": 1, ""weights"": ""distance""}",22000,183600,215.86,VP9,random,2,Prop0.15,46,True
KRR,0.0662614022667796,"{""regressor__kernel"": ""rbf"", ""regressor__gamma"": 0.1, ""regressor__alpha"": 0.01}",22000,183600,312.92,VP9,random,2,Prop0.15,46,True
MR,0.387570789580531,"{""lasso__regressor__alpha"": 0.01}",32400,183600,6.53,VP9,random,2,Prop0.15,46,True
RF,0.0164971597589269,"{""max_features"": 1.0, ""min_samples_leaf"": 2, ""n_estimators"": 20}",32400,183600,3.6,VP9,random,2,Prop0.15,46,True
SVR,0.3756955769906648,"{""regressor__tol"": 0.05, ""regressor__shrinking"": true, ""regressor__epsilon"": 0.1, ""regressor__coef0"": 1.0, ""regressor__C"": 5.0}",22000,183600,57.25,VP9,random,2,Prop0.15,46,True
CART,0.0186985042980863,"{""max_features"": 1.0, ""min_samples_leaf"": 2, ""splitter"": ""best""}",32400,183600,0.25,VP9,random,2,Prop0.15,47,True
kNN,1.1884236863516904,"{""n_neighbors"": 8, ""p"": 1, ""weights"": ""distance""}",22000,183600,224.93,VP9,random,2,Prop0.15,47,True
KRR,0.0692112140114715,"{""regressor__kernel"": ""rbf"", ""regressor__gamma"": 0.1, ""regressor__alpha"": 0.01}",22000,183600,302.38,VP9,random,2,Prop0.15,47,True
MR,0.3911724148274621,"{""lasso__regressor__alpha"": 0.01}",32400,183600,5.61,VP9,random,2,Prop0.15,47,True
RF,0.0163730358888314,"{""max_features"": 1.0, ""min_samples_leaf"": 2, ""n_estimators"": 20}",32400,183600,3.32,VP9,random,2,Prop0.15,47,True
SVR,0.3784696623886031,"{""regressor__tol"": 0.05, ""regressor__shrinking"": true, ""regressor__epsilon"": 0.1, ""regressor__coef0"": 1.0, ""regressor__C"": 5.0}",22000,183600,58.51,VP9,random,2,Prop0.15,47,True
CART,0.0187606268155182,"{""max_features"": 1.0, ""min_samples_leaf"": 2, ""splitter"": ""best""}",32400,183600,0.26,VP9,random,2,Prop0.15,48,True
kNN,1.137412161755803,"{""n_neighbors"": 8, ""p"": 1, ""weights"": ""distance""}",22000,183600,227.88,VP9,random,2,Prop0.15,48,True
KRR,0.0677176157617032,"{""regressor__kernel"": ""rbf"", ""regressor__gamma"": 0.1, ""regressor__alpha"": 0.01}",22000,183600,300.94,VP9,random,2,Prop0.15,48,True
MR,0.3922634943337054,"{""lasso__regressor__alpha"": 0.01}",32400,183600,6.15,VP9,random,2,Prop0.15,48,True
RF,0.0162837793838962,"{""max_features"": 1.0, ""min_samples_leaf"": 2, ""n_estimators"": 20}",32400,183600,3.41,VP9,random,2,Prop0.15,48,True
SVR,0.3757168883392909,"{""regressor__tol"": 0.05, ""regressor__shrinking"": true, ""regressor__epsilon"": 0.1, ""regressor__coef0"": 1.0, ""regressor__C"": 5.0}",22000,183600,57.81,VP9,random,2,Prop0.15,48,True
CART,0.0188633683650038,"{""max_features"": 1.0, ""min_samples_leaf"": 2, ""splitter"": ""best""}",32400,183600,0.27,VP9,random,2,Prop0.15,49,True
kNN,1.1659226062632524,"{""n_neighbors"": 8, ""p"": 1, ""weights"": ""distance""}",22000,183600,216.14,VP9,random,2,Prop0.15,49,True
KRR,0.0695707693891033,"{""regressor__kernel"": ""rbf"", ""regressor__gamma"": 0.1, ""regressor__alpha"": 0.01}",22000,183600,316.25,VP9,random,2,Prop0.15,49,True
MR,0.388973092753904,"{""lasso__regressor__alpha"": 0.01}",32400,183600,8.37,VP9,random,2,Prop0.15,49,True
RF,0.0164323925269158,"{""max_features"": 1.0, ""min_samples_leaf"": 2, ""n_estimators"": 20}",32400,183600,3.45,VP9,random,2,Prop0.15,49,True
SVR,0.3696584774404651,"{""regressor__tol"": 0.05, ""regressor__shrinking"": true, ""regressor__epsilon"": 0.1, ""regressor__coef0"": 1.0, ""regressor__C"": 5.0}",22000,183600,59.14,VP9,random,2,Prop0.15,49,True
CART,0.0189567239307925,"{""max_features"": 1.0, ""min_samples_leaf"": 2, ""splitter"": ""best""}",32400,183600,0.24,VP9,random,2,Prop0.15,50,True
kNN,1.1181989344834933,"{""n_neighbors"": 8, ""p"": 1, ""weights"": ""distance""}",22000,183600,215.74,VP9,random,2,Prop0.15,50,True
KRR,0.0665742014191754,"{""regressor__kernel"": ""rbf"", ""regressor__gamma"": 0.1, ""regressor__alpha"": 0.01}",22000,183600,312.82,VP9,random,2,Prop0.15,50,True
MR,0.3830848950982587,"{""lasso__regressor__alpha"": 0.01}",32400,183600,6.71,VP9,random,2,Prop0.15,50,True
RF,0.0165151618626661,"{""max_features"": 1.0, ""min_samples_leaf"": 2, ""n_estimators"": 20}",32400,183600,3.6,VP9,random,2,Prop0.15,50,True
SVR,0.3813979835786014,"{""regressor__tol"": 0.05, ""regressor__shrinking"": true, ""regressor__epsilon"": 0.1, ""regressor__coef0"": 1.0, ""regressor__C"": 5.0}",22000,183600,57.23,VP9,random,2,Prop0.15,50,True
CART,0.0189660856977711,"{""max_features"": 1.0, ""min_samples_leaf"": 2, ""splitter"": ""best""}",32400,183600,0.26,VP9,random,2,Prop0.15,51,True
kNN,1.1534449513906295,"{""n_neighbors"": 8, ""p"": 1, ""weights"": ""distance""}",22000,183600,223.98,VP9,random,2,Prop0.15,51,True
KRR,0.0661252358780708,"{""regressor__kernel"": ""rbf"", ""regressor__gamma"": 0.1, ""regressor__alpha"": 0.01}",22000,183600,304.78,VP9,random,2,Prop0.15,51,True
MR,0.386114267249368,"{""lasso__regressor__alpha"": 0.01}",32400,183600,5.61,VP9,random,2,Prop0.15,51,True
RF,0.0165212957465047,"{""max_features"": 1.0, ""min_samples_leaf"": 2, ""n_estimators"": 20}",32400,183600,3.33,VP9,random,2,Prop0.15,51,True
SVR,0.3740443649638141,"{""regressor__tol"": 0.05, ""regressor__shrinking"": true, ""regressor__epsilon"": 0.1, ""regressor__coef0"": 1.0, ""regressor__C"": 5.0}",22000,183600,56.86,VP9,random,2,Prop0.15,51,True
CART,0.0186996680340893,"{""max_features"": 1.0, ""min_samples_leaf"": 2, ""splitter"": ""best""}",32400,183600,0.26,VP9,random,2,Prop0.15,52,True
kNN,1.1251940902794413,"{""n_neighbors"": 8, ""p"": 1, ""weights"": ""distance""}",22000,183600,227.22,VP9,random,2,Prop0.15,52,True
KRR,0.0668180702090288,"{""regressor__kernel"": ""rbf"", ""regressor__gamma"": 0.1, ""regressor__alpha"": 0.01}",22000,183600,301.55,VP9,random,2,Prop0.15,52,True
MR,0.3884112521210555,"{""lasso__regressor__alpha"": 0.01}",32400,183600,6.16,VP9,random,2,Prop0.15,52,True
RF,0.0163235149420443,"{""max_features"": 1.0, ""min_samples_leaf"": 2, ""n_estimators"": 20}",32400,183600,3.41,VP9,random,2,Prop0.15,52,True
SVR,0.3707785357933881,"{""regressor__tol"": 0.05, ""regressor__shrinking"": true, ""regressor__epsilon"": 0.1, ""regressor__coef0"": 1.0, ""regressor__C"": 5.0}",22000,183600,56.95,VP9,random,2,Prop0.15,52,True
CART,0.018812432237018,"{""max_features"": 1.0, ""min_samples_leaf"": 2, ""splitter"": ""best""}",32400,183600,0.22,VP9,random,2,Prop0.15,53,True
kNN,1.1509871211749918,"{""n_neighbors"": 8, ""p"": 1, ""weights"": ""distance""}",22000,183600,216.46,VP9,random,2,Prop0.15,53,True
KRR,0.0692723494951378,"{""regressor__kernel"": ""rbf"", ""regressor__gamma"": 0.1, ""regressor__alpha"": 0.01}",22000,183600,316.49,VP9,random,2,Prop0.15,53,True
MR,0.384638738985831,"{""lasso__regressor__alpha"": 0.01}",32400,183600,7.99,VP9,random,2,Prop0.15,53,True
RF,0.0163692578311089,"{""max_features"": 1.0, ""min_samples_leaf"": 2, ""n_estimators"": 20}",32400,183600,3.69,VP9,random,2,Prop0.15,53,True
SVR,0.3713570677520061,"{""regressor__tol"": 0.05, ""regressor__shrinking"": true, ""regressor__epsilon"": 0.1, ""regressor__coef0"": 1.0, ""regressor__C"": 5.0}",22000,183600,55.19,VP9,random,2,Prop0.15,53,True
CART,0.0186261035271495,"{""max_features"": 1.0, ""min_samples_leaf"": 2, ""splitter"": ""best""}",32400,183600,0.24,VP9,random,2,Prop0.15,54,True
kNN,1.1817956961059968,"{""n_neighbors"": 8, ""p"": 1, ""weights"": ""distance""}",22000,183600,216.88,VP9,random,2,Prop0.15,54,True
KRR,0.0680035685148726,"{""regressor__kernel"": ""rbf"", ""regressor__gamma"": 0.1, ""regressor__alpha"": 0.01}",22000,183600,313.22,VP9,random,2,Prop0.15,54,True
MR,0.3841602753902591,"{""lasso__regressor__alpha"": 0.01}",32400,183600,7.44,VP9,random,2,Prop0.15,54,True
RF,0.0163714316977131,"{""max_features"": 1.0, ""min_samples_leaf"": 2, ""n_estimators"": 20}",32400,183600,3.57,VP9,random,2,Prop0.15,54,True
SVR,0.3790000125760011,"{""regressor__tol"": 0.05, ""regressor__shrinking"": true, ""regressor__epsilon"": 0.1, ""regressor__coef0"": 1.0, ""regressor__C"": 5.0}",22000,183600,56.54,VP9,random,2,Prop0.15,54,True
CART,0.0186361250066367,"{""max_features"": 1.0, ""min_samples_leaf"": 2, ""splitter"": ""best""}",32400,183600,0.25,VP9,random,2,Prop0.15,55,True
kNN,1.163992306680799,"{""n_neighbors"": 8, ""p"": 1, ""weights"": ""distance""}",22000,183600,225.12,VP9,random,2,Prop0.15,55,True
KRR,0.0661737701205166,"{""regressor__kernel"": ""rbf"", ""regressor__gamma"": 0.1, ""regressor__alpha"": 0.01}",22000,183600,304.99,VP9,random,2,Prop0.15,55,True
MR,0.3891676754531007,"{""lasso__regressor__alpha"": 0.01}",32400,183600,5.08,VP9,random,2,Prop0.15,55,True
RF,0.0163203875021052,"{""max_features"": 1.0, ""min_samples_leaf"": 2, ""n_estimators"": 20}",32400,183600,3.28,VP9,random,2,Prop0.15,55,True
SVR,0.377884986160614,"{""regressor__tol"": 0.05, ""regressor__shrinking"": true, ""regressor__epsilon"": 0.1, ""regressor__coef0"": 1.0, ""regressor__C"": 5.0}",22000,183600,57.49,VP9,random,2,Prop0.15,55,True
CART,0.0186742090041534,"{""max_features"": 1.0, ""min_samples_leaf"": 2, ""splitter"": ""best""}",32400,183600,0.27,VP9,random,2,Prop0.15,56,True
kNN,1.1631084330166952,"{""n_neighbors"": 8, ""p"": 1, ""weights"": ""distance""}",22000,183600,228.16,VP9,random,2,Prop0.15,56,True
KRR,0.0676181487101817,"{""regressor__kernel"": ""rbf"", ""regressor__gamma"": 0.1, ""regressor__alpha"": 0.01}",22000,183600,302.1,VP9,random,2,Prop0.15,56,True
MR,0.3904414057592963,"{""lasso__regressor__alpha"": 0.01}",32400,183600,6.06,VP9,random,2,Prop0.15,56,True
RF,0.0163160039740288,"{""max_features"": 1.0, ""min_samples_leaf"": 2, ""n_estimators"": 20}",32400,183600,3.42,VP9,random,2,Prop0.15,56,True
SVR,0.3746877497612507,"{""regressor__tol"": 0.05, ""regressor__shrinking"": true, ""regressor__epsilon"": 0.1, ""regressor__coef0"": 1.0, ""regressor__C"": 5.0}",22000,183600,58.76,VP9,random,2,Prop0.15,56,True
CART,0.0188797687202252,"{""max_features"": 1.0, ""min_samples_leaf"": 2, ""splitter"": ""best""}",32400,183600,0.25,VP9,random,2,Prop0.15,57,True
kNN,1.146703964336509,"{""n_neighbors"": 8, ""p"": 1, ""weights"": ""distance""}",22000,183600,216.3,VP9,random,2,Prop0.15,57,True
KRR,0.0674337337354025,"{""regressor__kernel"": ""rbf"", ""regressor__gamma"": 0.1, ""regressor__alpha"": 0.01}",22000,183600,315.73,VP9,random,2,Prop0.15,57,True
MR,0.3882462673810539,"{""lasso__regressor__alpha"": 0.01}",32400,183600,8.09,VP9,random,2,Prop0.15,57,True
RF,0.0163592637856012,"{""max_features"": 1.0, ""min_samples_leaf"": 2, ""n_estimators"": 20}",32400,183600,3.35,VP9,random,2,Prop0.15,57,True
SVR,0.3778808395594433,"{""regressor__tol"": 0.05, ""regressor__shrinking"": true, ""regressor__epsilon"": 0.1, ""regressor__coef0"": 1.0, ""regressor__C"": 5.0}",22000,183600,56.67,VP9,random,2,Prop0.15,57,True
CART,0.0187713364287637,"{""max_features"": 1.0, ""min_samples_leaf"": 2, ""splitter"": ""best""}",32400,183600,0.24,VP9,random,2,Prop0.15,58,True
kNN,1.1806377996803634,"{""n_neighbors"": 8, ""p"": 1, ""weights"": ""distance""}",22000,183600,216.6,VP9,random,2,Prop0.15,58,True
KRR,0.0686592569909839,"{""regressor__kernel"": ""rbf"", ""regressor__gamma"": 0.1, ""regressor__alpha"": 0.01}",22000,183600,313.28,VP9,random,2,Prop0.15,58,True
MR,0.3915298638381794,"{""lasso__regressor__alpha"": 0.01}",32400,183600,7.37,VP9,random,2,Prop0.15,58,True
RF,0.0163911649521995,"{""max_features"": 1.0, ""min_samples_leaf"": 2, ""n_estimators"": 20}",32400,183600,3.61,VP9,random,2,Prop0.15,58,True
SVR,0.3745265905890305,"{""regressor__tol"": 0.05, ""regressor__shrinking"": true, ""regressor__epsilon"": 0.1, ""regressor__coef0"": 1.0, ""regressor__C"": 5.0}",22000,183600,59.44,VP9,random,2,Prop0.15,58,True
CART,0.0188619456397531,"{""max_features"": 1.0, ""min_samples_leaf"": 2, ""splitter"": ""best""}",32400,183600,0.25,VP9,random,2,Prop0.15,59,True
kNN,1.1449443010946676,"{""n_neighbors"": 8, ""p"": 1, ""weights"": ""distance""}",22000,183600,225.77,VP9,random,2,Prop0.15,59,True
KRR,0.0673274069487589,"{""regressor__kernel"": ""rbf"", ""regressor__gamma"": 0.1, ""regressor__alpha"": 0.01}",22000,183600,304.9,VP9,random,2,Prop0.15,59,True
MR,0.3876974242074475,"{""lasso__regressor__alpha"": 0.01}",32400,183600,4.96,VP9,random,2,Prop0.15,59,True
RF,0.0163591173601867,"{""max_features"": 1.0, ""min_samples_leaf"": 2, ""n_estimators"": 20}",32400,183600,3.19,VP9,random,2,Prop0.15,59,True
SVR,0.3717095505492661,"{""regressor__tol"": 0.05, ""regressor__shrinking"": true, ""regressor__epsilon"": 0.1, ""regressor__coef0"": 1.0, ""regressor__C"": 5.0}",22000,183600,58.15,VP9,random,2,Prop0.15,59,True
CART,0.0188582334969366,"{""max_features"": 1.0, ""min_samples_leaf"": 2, ""splitter"": ""best""}",32400,183600,0.27,VP9,random,2,Prop0.15,60,True
kNN,1.1407202244911925,"{""n_neighbors"": 8, ""p"": 1, ""weights"": ""distance""}",22000,183600,228.16,VP9,random,2,Prop0.15,60,True
KRR,0.0667189867778905,"{""regressor__kernel"": ""rbf"", ""regressor__gamma"": 0.1, ""regressor__alpha"": 0.01}",22000,183600,302.09,VP9,random,2,Prop0.15,60,True
MR,0.3902383702432405,"{""lasso__regressor__alpha"": 0.01}",32400,183600,6.04,VP9,random,2,Prop0.15,60,True
RF,0.0163240745994048,"{""max_features"": 1.0, ""min_samples_leaf"": 2, ""n_estimators"": 20}",32400,183600,3.36,VP9,random,2,Prop0.15,60,True
SVR,0.3687432801435254,"{""regressor__tol"": 0.05, ""regressor__shrinking"": true, ""regressor__epsilon"": 0.1, ""regressor__coef0"": 1.0, ""regressor__C"": 5.0}",22000,183600,57.01,VP9,random,2,Prop0.15,60,True
CART,0.0188098770654141,"{""max_features"": 1.0, ""min_samples_leaf"": 2, ""splitter"": ""best""}",32400,183600,0.25,VP9,random,2,Prop0.15,61,True
kNN,1.141131028488091,"{""n_neighbors"": 8, ""p"": 1, ""weights"": ""distance""}",22000,183600,215.98,VP9,random,2,Prop0.15,61,True
KRR,0.0683884464642153,"{""regressor__kernel"": ""rbf"", ""regressor__gamma"": 0.1, ""regressor__alpha"": 0.01}",22000,183600,315.78,VP9,random,2,Prop0.15,61,True
MR,0.3925433489526046,"{""lasso__regressor__alpha"": 0.01}",32400,183600,8.26,VP9,random,2,Prop0.15,61,True
RF,0.0163135056023846,"{""max_features"": 1.0, ""min_samples_leaf"": 2, ""n_estimators"": 20}",32400,183600,3.29,VP9,random,2,Prop0.15,61,True
SVR,0.3731172356804812,"{""regressor__tol"": 0.05, ""regressor__shrinking"": true, ""regressor__epsilon"": 0.1, ""regressor__coef0"": 1.0, ""regressor__C"": 5.0}",22000,183600,58.36,VP9,random,2,Prop0.15,61,True
CART,0.0190890735770175,"{""max_features"": 1.0, ""min_samples_leaf"": 2, ""splitter"": ""best""}",32400,183600,0.29,VP9,random,2,Prop0.15,62,True
kNN,1.167562631952036,"{""n_neighbors"": 8, ""p"": 1, ""weights"": ""distance""}",22000,183600,214.99,VP9,random,2,Prop0.15,62,True
KRR,0.0690340472550044,"{""regressor__kernel"": ""rbf"", ""regressor__gamma"": 0.1, ""regressor__alpha"": 0.01}",22000,183600,313.42,VP9,random,2,Prop0.15,62,True
MR,0.3892478935430235,"{""lasso__regressor__alpha"": 0.01}",32400,183600,6.44,VP9,random,2,Prop0.15,62,True
RF,0.0165650131485188,"{""max_features"": 1.0, ""min_samples_leaf"": 2, ""n_estimators"": 20}",32400,183600,3.61,VP9,random,2,Prop0.15,62,True
SVR,0.3792117970901758,"{""regressor__tol"": 0.05, ""regressor__shrinking"": true, ""regressor__epsilon"": 0.1, ""regressor__coef0"": 1.0, ""regressor__C"": 5.0}",22000,183600,55.44,VP9,random,2,Prop0.15,62,True
CART,0.0186573565547475,"{""max_features"": 1.0, ""min_samples_leaf"": 2, ""splitter"": ""best""}",32400,183600,0.25,VP9,random,2,Prop0.15,63,True
kNN,1.1508347081562855,"{""n_neighbors"": 8, ""p"": 1, ""weights"": ""distance""}",22000,183600,226.52,VP9,random,2,Prop0.15,63,True
KRR,0.0671882697771996,"{""regressor__kernel"": ""rbf"", ""regressor__gamma"": 0.1, ""regressor__alpha"": 0.01}",22000,183600,305.46,VP9,random,2,Prop0.15,63,True
MR,0.3873279901387392,"{""lasso__regressor__alpha"": 0.01}",32400,183600,4.88,VP9,random,2,Prop0.15,63,True
RF,0.0162415145725365,"{""max_features"": 1.0, ""min_samples_leaf"": 2, ""n_estimators"": 20}",32400,183600,3.15,VP9,random,2,Prop0.15,63,True
SVR,0.3767723903413935,"{""regressor__tol"": 0.05, ""regressor__shrinking"": true, ""regressor__epsilon"": 0.1, ""regressor__coef0"": 1.0, ""regressor__C"": 5.0}",22000,183600,57.65,VP9,random,2,Prop0.15,63,True
CART,0.0187774473286936,"{""max_features"": 1.0, ""min_samples_leaf"": 2, ""splitter"": ""best""}",32400,183600,0.27,VP9,random,2,Prop0.15,64,True
kNN,1.1622848036801985,"{""n_neighbors"": 8, ""p"": 1, ""weights"": ""distance""}",22000,183600,232.06,VP9,random,2,Prop0.15,64,True
KRR,0.067820341059794,"{""regressor__kernel"": ""rbf"", ""regressor__gamma"": 0.1, ""regressor__alpha"": 0.01}",22000,183600,301.12,VP9,random,2,Prop0.15,64,True
MR,0.3897423654815214,"{""lasso__regressor__alpha"": 0.01}",32400,183600,6.09,VP9,random,2,Prop0.15,64,True
RF,0.0163312353277672,"{""max_features"": 1.0, ""min_samples_leaf"": 2, ""n_estimators"": 20}",32400,183600,3.39,VP9,random,2,Prop0.15,64,True
SVR,0.374860569749874,"{""regressor__tol"": 0.05, ""regressor__shrinking"": true, ""regressor__epsilon"": 0.1, ""regressor__coef0"": 1.0, ""regressor__C"": 5.0}",22000,183600,59.18,VP9,random,2,Prop0.15,64,True
CART,0.0187253300225095,"{""max_features"": 1.0, ""min_samples_leaf"": 2, ""splitter"": ""best""}",32400,183600,0.24,VP9,random,2,Prop0.15,65,True
kNN,1.1657595339430322,"{""n_neighbors"": 8, ""p"": 1, ""weights"": ""distance""}",22000,183600,218.51,VP9,random,2,Prop0.15,65,True
KRR,0.0681186919286688,"{""regressor__kernel"": ""rbf"", ""regressor__gamma"": 0.1, ""regressor__alpha"": 0.01}",22000,183600,314.56,VP9,random,2,Prop0.15,65,True
MR,0.3860882128031451,"{""lasso__regressor__alpha"": 0.01}",32400,183600,5.61,VP9,random,2,Prop0.15,65,True
RF,0.0162884607723465,"{""max_features"": 1.0, ""min_samples_leaf"": 2, ""n_estimators"": 20}",32400,183600,3.32,VP9,random,2,Prop0.15,65,True
SVR,0.3703872410655182,"{""regressor__tol"": 0.05, ""regressor__shrinking"": true, ""regressor__epsilon"": 0.1, ""regressor__coef0"": 1.0, ""regressor__C"": 5.0}",22000,183600,56.19,VP9,random,2,Prop0.15,65,True
CART,0.0188207221349833,"{""max_features"": 1.0, ""min_samples_leaf"": 2, ""splitter"": ""best""}",32400,183600,0.24,VP9,random,2,Prop0.15,66,True
kNN,1.1514015592463536,"{""n_neighbors"": 8, ""p"": 1, ""weights"": ""distance""}",22000,183600,218.21,VP9,random,2,Prop0.15,66,True
KRR,0.0670093194623149,"{""regressor__kernel"": ""rbf"", ""regressor__gamma"": 0.1, ""regressor__alpha"": 0.01}",22000,183600,313.93,VP9,random,2,Prop0.15,66,True
MR,0.3896884901885433,"{""lasso__regressor__alpha"": 0.01}",32400,183600,6.66,VP9,random,2,Prop0.15,66,True
RF,0.0164120900897872,"{""max_features"": 1.0, ""min_samples_leaf"": 2, ""n_estimators"": 20}",32400,183600,3.6,VP9,random,2,Prop0.15,66,True
SVR,0.3762731184028707,"{""regressor__tol"": 0.05, ""regressor__shrinking"": true, ""regressor__epsilon"": 0.1, ""regressor__coef0"": 1.0, ""regressor__C"": 5.0}",22000,183600,55.87,VP9,random,2,Prop0.15,66,True
CART,0.0188424616394224,"{""max_features"": 1.0, ""min_samples_leaf"": 2, ""splitter"": ""best""}",32400,183600,0.28,VP9,random,2,Prop0.15,67,True
kNN,1.173282489215133,"{""n_neighbors"": 8, ""p"": 1, ""weights"": ""distance""}",22000,183600,225.95,VP9,random,2,Prop0.15,67,True
KRR,0.0681585203385958,"{""regressor__kernel"": ""rbf"", ""regressor__gamma"": 0.1, ""regressor__alpha"": 0.01}",22000,183600,303.43,VP9,random,2,Prop0.15,67,True
MR,0.3917751270335405,"{""lasso__regressor__alpha"": 0.01}",32400,183600,4.97,VP9,random,2,Prop0.15,67,True
RF,0.0163431139700158,"{""max_features"": 1.0, ""min_samples_leaf"": 2, ""n_estimators"": 20}",32400,183600,3.2,VP9,random,2,Prop0.15,67,True
SVR,0.3760477505083648,"{""regressor__tol"": 0.05, ""regressor__shrinking"": true, ""regressor__epsilon"": 0.1, ""regressor__coef0"": 1.0, ""regressor__C"": 5.0}",22000,183600,56.37,VP9,random,2,Prop0.15,67,True
CART,0.0187078967762252,"{""max_features"": 1.0, ""min_samples_leaf"": 2, ""splitter"": ""best""}",32400,183600,0.27,VP9,random,2,Prop0.15,68,True
kNN,1.1385843069700856,"{""n_neighbors"": 8, ""p"": 1, ""weights"": ""distance""}",22000,183600,228.68,VP9,random,2,Prop0.15,68,True
KRR,0.0673463155851395,"{""regressor__kernel"": ""rbf"", ""regressor__gamma"": 0.1, ""regressor__alpha"": 0.01}",22000,183600,301.77,VP9,random,2,Prop0.15,68,True
MR,0.3899291896911518,"{""lasso__regressor__alpha"": 0.01}",32400,183600,6.0,VP9,random,2,Prop0.15,68,True
RF,0.0164679376956294,"{""max_features"": 1.0, ""min_samples_leaf"": 2, ""n_estimators"": 20}",32400,183600,3.36,VP9,random,2,Prop0.15,68,True
SVR,0.3735172467367024,"{""regressor__tol"": 0.05, ""regressor__shrinking"": true, ""regressor__epsilon"": 0.1, ""regressor__coef0"": 1.0, ""regressor__C"": 5.0}",22000,183600,56.93,VP9,random,2,Prop0.15,68,True
CART,0.0186519007887243,"{""max_features"": 1.0, ""min_samples_leaf"": 2, ""splitter"": ""best""}",32400,183600,0.24,VP9,random,2,Prop0.15,69,True
kNN,1.1506540672563768,"{""n_neighbors"": 8, ""p"": 1, ""weights"": ""distance""}",22000,183600,213.98,VP9,random,2,Prop0.15,69,True
KRR,0.0678007126810389,"{""regressor__kernel"": ""rbf"", ""regressor__gamma"": 0.1, ""regressor__alpha"": 0.01}",22000,183600,312.9,VP9,random,2,Prop0.15,69,True
MR,0.3855324491677719,"{""lasso__regressor__alpha"": 0.01}",32400,183600,7.69,VP9,random,2,Prop0.15,69,True
RF,0.0162962171863271,"{""max_features"": 1.0, ""min_samples_leaf"": 2, ""n_estimators"": 20}",32400,183600,3.43,VP9,random,2,Prop0.15,69,True
SVR,0.3699366660511755,"{""regressor__tol"": 0.05, ""regressor__shrinking"": true, ""regressor__epsilon"": 0.1, ""regressor__coef0"": 1.0, ""regressor__C"": 5.0}",22000,183600,53.24,VP9,random,2,Prop0.15,69,True
CART,0.0186877641773477,"{""max_features"": 1.0, ""min_samples_leaf"": 2, ""splitter"": ""best""}",32400,183600,0.24,VP9,random,2,Prop0.15,70,True
kNN,1.1550413391718717,"{""n_neighbors"": 8, ""p"": 1, ""weights"": ""distance""}",22000,183600,219.35,VP9,random,2,Prop0.15,70,True
KRR,0.0687728366862346,"{""regressor__kernel"": ""rbf"", ""regressor__gamma"": 0.1, ""regressor__alpha"": 0.01}",22000,183600,313.12,VP9,random,2,Prop0.15,70,True
MR,0.3919826462668621,"{""lasso__regressor__alpha"": 0.01}",32400,183600,7.5,VP9,random,2,Prop0.15,70,True
RF,0.0163777327629566,"{""max_features"": 1.0, ""min_samples_leaf"": 2, ""n_estimators"": 20}",32400,183600,3.58,VP9,random,2,Prop0.15,70,True
SVR,0.3717779672680317,"{""regressor__tol"": 0.05, ""regressor__shrinking"": true, ""regressor__epsilon"": 0.1, ""regressor__coef0"": 1.0, ""regressor__C"": 5.0}",22000,183600,58.38,VP9,random,2,Prop0.15,70,True
CART,0.0187885188637437,"{""max_features"": 1.0, ""min_samples_leaf"": 2, ""splitter"": ""best""}",32400,183600,0.26,VP9,random,2,Prop0.15,71,True
kNN,1.1418505414037563,"{""n_neighbors"": 8, ""p"": 1, ""weights"": ""distance""}",22000,183600,230.53,VP9,random,2,Prop0.15,71,True
KRR,0.0681868251745904,"{""regressor__kernel"": ""rbf"", ""regressor__gamma"": 0.1, ""regressor__alpha"": 0.01}",22000,183600,307.63,VP9,random,2,Prop0.15,71,True
MR,0.3851317362372278,"{""lasso__regressor__alpha"": 0.01}",32400,183600,5.12,VP9,random,2,Prop0.15,71,True
RF,0.0164304719759304,"{""max_features"": 1.0, ""min_samples_leaf"": 2, ""n_estimators"": 20}",32400,183600,3.3,VP9,random,2,Prop0.15,71,True
SVR,0.378209601670546,"{""regressor__tol"": 0.05, ""regressor__shrinking"": true, ""regressor__epsilon"": 0.1, ""regressor__coef0"": 1.0, ""regressor__C"": 5.0}",22000,183600,56.52,VP9,random,2,Prop0.15,71,True
CART,0.0191014502354304,"{""max_features"": 1.0, ""min_samples_leaf"": 2, ""splitter"": ""best""}",32400,183600,0.27,VP9,random,2,Prop0.15,72,True
kNN,1.149186590383967,"{""n_neighbors"": 8, ""p"": 1, ""weights"": ""distance""}",22000,183600,227.57,VP9,random,2,Prop0.15,72,True
KRR,0.0667528994879838,"{""regressor__kernel"": ""rbf"", ""regressor__gamma"": 0.1, ""regressor__alpha"": 0.01}",22000,183600,301.98,VP9,random,2,Prop0.15,72,True
MR,0.3858984905145325,"{""lasso__regressor__alpha"": 0.01}",32400,183600,6.2,VP9,random,2,Prop0.15,72,True
RF,0.0165203405739332,"{""max_features"": 1.0, ""min_samples_leaf"": 2, ""n_estimators"": 20}",32400,183600,3.4,VP9,random,2,Prop0.15,72,True
SVR,0.3838057875015836,"{""regressor__tol"": 0.05, ""regressor__shrinking"": true, ""regressor__epsilon"": 0.1, ""regressor__coef0"": 1.0, ""regressor__C"": 5.0}",22000,183600,56.98,VP9,random,2,Prop0.15,72,True
CART,0.018681372171038,"{""max_features"": 1.0, ""min_samples_leaf"": 2, ""splitter"": ""best""}",32400,183600,0.25,VP9,random,2,Prop0.15,73,True
kNN,1.1146325284967522,"{""n_neighbors"": 8, ""p"": 1, ""weights"": ""distance""}",22000,183600,211.99,VP9,random,2,Prop0.15,73,True
KRR,0.0682550608915497,"{""regressor__kernel"": ""rbf"", ""regressor__gamma"": 0.1, ""regressor__alpha"": 0.01}",22000,183600,312.7,VP9,random,2,Prop0.15,73,True
MR,0.3907567388736872,"{""lasso__regressor__alpha"": 0.01}",32400,183600,8.58,VP9,random,2,Prop0.15,73,True
RF,0.0162255412036194,"{""max_features"": 1.0, ""min_samples_leaf"": 2, ""n_estimators"": 20}",32400,183600,3.45,VP9,random,2,Prop0.15,73,True
SVR,0.3774054824621722,"{""regressor__tol"": 0.05, ""regressor__shrinking"": true, ""regressor__epsilon"": 0.1, ""regressor__coef0"": 1.0, ""regressor__C"": 5.0}",22000,183600,59.0,VP9,random,2,Prop0.15,73,True
CART,0.0185386150074212,"{""max_features"": 1.0, ""min_samples_leaf"": 2, ""splitter"": ""best""}",32400,183600,0.29,VP9,random,2,Prop0.15,74,True
kNN,1.1455902982456307,"{""n_neighbors"": 8, ""p"": 1, ""weights"": ""distance""}",22000,183600,214.75,VP9,random,2,Prop0.15,74,True
KRR,0.0661730533876461,"{""regressor__kernel"": ""rbf"", ""regressor__gamma"": 0.1, ""regressor__alpha"": 0.01}",22000,183600,313.03,VP9,random,2,Prop0.15,74,True
MR,0.3895943682800253,"{""lasso__regressor__alpha"": 0.01}",32400,183600,7.57,VP9,random,2,Prop0.15,74,True
RF,0.0163133078779587,"{""max_features"": 1.0, ""min_samples_leaf"": 2, ""n_estimators"": 20}",32400,183600,3.58,VP9,random,2,Prop0.15,74,True
SVR,0.3691085233470202,"{""regressor__tol"": 0.05, ""regressor__shrinking"": true, ""regressor__epsilon"": 0.1, ""regressor__coef0"": 1.0, ""regressor__C"": 5.0}",22000,183600,54.51,VP9,random,2,Prop0.15,74,True
CART,0.0187087975803574,"{""max_features"": 1.0, ""min_samples_leaf"": 2, ""splitter"": ""best""}",32400,183600,0.26,VP9,random,2,Prop0.15,75,True
kNN,1.137813690067443,"{""n_neighbors"": 8, ""p"": 1, ""weights"": ""distance""}",22000,183600,230.41,VP9,random,2,Prop0.15,75,True
KRR,0.0657841375000938,"{""regressor__kernel"": ""rbf"", ""regressor__gamma"": 0.1, ""regressor__alpha"": 0.01}",22000,183600,305.25,VP9,random,2,Prop0.15,75,True
MR,0.3854283979326907,"{""lasso__regressor__alpha"": 0.01}",32400,183600,5.57,VP9,random,2,Prop0.15,75,True
RF,0.0162421628169734,"{""max_features"": 1.0, ""min_samples_leaf"": 2, ""n_estimators"": 20}",32400,183600,3.33,VP9,random,2,Prop0.15,75,True
SVR,0.3775481282726975,"{""regressor__tol"": 0.05, ""regressor__shrinking"": true, ""regressor__epsilon"": 0.1, ""regressor__coef0"": 1.0, ""regressor__C"": 5.0}",22000,183600,56.06,VP9,random,2,Prop0.15,75,True
CART,0.0187428166272063,"{""max_features"": 1.0, ""min_samples_leaf"": 2, ""splitter"": ""best""}",32400,183600,0.27,VP9,random,2,Prop0.15,76,True
kNN,1.1475735188520984,"{""n_neighbors"": 8, ""p"": 1, ""weights"": ""distance""}",22000,183600,229.16,VP9,random,2,Prop0.15,76,True
KRR,0.0677024037087061,"{""regressor__kernel"": ""rbf"", ""regressor__gamma"": 0.1, ""regressor__alpha"": 0.01}",22000,183600,302.68,VP9,random,2,Prop0.15,76,True
MR,0.3962090096097313,"{""lasso__regressor__alpha"": 0.01}",32400,183600,6.19,VP9,random,2,Prop0.15,76,True
RF,0.016392714848496,"{""max_features"": 1.0, ""min_samples_leaf"": 2, ""n_estimators"": 20}",32400,183600,3.36,VP9,random,2,Prop0.15,76,True
SVR,0.3782693893611055,"{""regressor__tol"": 0.05, ""regressor__shrinking"": true, ""regressor__epsilon"": 0.1, ""regressor__coef0"": 1.0, ""regressor__C"": 5.0}",22000,183600,56.33,VP9,random,2,Prop0.15,76,True
CART,0.018520743478702,"{""max_features"": 1.0, ""min_samples_leaf"": 2, ""splitter"": ""best""}",32400,183600,0.3,VP9,random,2,Prop0.15,77,True
kNN,1.1539624630411107,"{""n_neighbors"": 8, ""p"": 1, ""weights"": ""distance""}",22000,183600,211.28,VP9,random,2,Prop0.15,77,True
KRR,0.0682891316441989,"{""regressor__kernel"": ""rbf"", ""regressor__gamma"": 0.1, ""regressor__alpha"": 0.01}",22000,183600,312.94,VP9,random,2,Prop0.15,77,True
MR,0.3883500292276871,"{""lasso__regressor__alpha"": 0.01}",32400,183600,8.56,VP9,random,2,Prop0.15,77,True
RF,0.0162664054005939,"{""max_features"": 1.0, ""min_samples_leaf"": 2, ""n_estimators"": 20}",32400,183600,3.56,VP9,random,2,Prop0.15,77,True
SVR,0.3806790505504244,"{""regressor__tol"": 0.05, ""regressor__shrinking"": true, ""regressor__epsilon"": 0.1, ""regressor__coef0"": 1.0, ""regressor__C"": 5.0}",22000,183600,57.94,VP9,random,2,Prop0.15,77,True
CART,0.018762096253989,"{""max_features"": 1.0, ""min_samples_leaf"": 2, ""splitter"": ""best""}",32400,183600,0.24,VP9,random,2,Prop0.15,78,True
kNN,1.1603826773094983,"{""n_neighbors"": 8, ""p"": 1, ""weights"": ""distance""}",22000,183600,216.16,VP9,random,2,Prop0.15,78,True
KRR,0.0690724217984387,"{""regressor__kernel"": ""rbf"", ""regressor__gamma"": 0.1, ""regressor__alpha"": 0.01}",22000,183600,313.32,VP9,random,2,Prop0.15,78,True
MR,0.3924500647413232,"{""lasso__regressor__alpha"": 0.01}",32400,183600,6.44,VP9,random,2,Prop0.15,78,True
RF,0.0163650590959002,"{""max_features"": 1.0, ""min_samples_leaf"": 2, ""n_estimators"": 20}",32400,183600,3.62,VP9,random,2,Prop0.15,78,True
SVR,0.3725595936187399,"{""regressor__tol"": 0.05, ""regressor__shrinking"": true, ""regressor__epsilon"": 0.1, ""regressor__coef0"": 1.0, ""regressor__C"": 5.0}",22000,183600,58.07,VP9,random,2,Prop0.15,78,True
CART,0.0187395915913193,"{""max_features"": 1.0, ""min_samples_leaf"": 2, ""splitter"": ""best""}",32400,183600,0.26,VP9,random,2,Prop0.15,79,True
kNN,1.1331193423724926,"{""n_neighbors"": 8, ""p"": 1, ""weights"": ""distance""}",22000,183600,229.67,VP9,random,2,Prop0.15,79,True
KRR,0.066901385637652,"{""regressor__kernel"": ""rbf"", ""regressor__gamma"": 0.1, ""regressor__alpha"": 0.01}",22000,183600,304.22,VP9,random,2,Prop0.15,79,True
MR,0.388074380215323,"{""lasso__regressor__alpha"": 0.01}",32400,183600,5.38,VP9,random,2,Prop0.15,79,True
RF,0.0163821044630076,"{""max_features"": 1.0, ""min_samples_leaf"": 2, ""n_estimators"": 20}",32400,183600,3.3,VP9,random,2,Prop0.15,79,True
SVR,0.3776138180035753,"{""regressor__tol"": 0.05, ""regressor__shrinking"": true, ""regressor__epsilon"": 0.1, ""regressor__coef0"": 1.0, ""regressor__C"": 5.0}",22000,183600,54.05,VP9,random,2,Prop0.15,79,True
CART,0.0187317234553801,"{""max_features"": 1.0, ""min_samples_leaf"": 2, ""splitter"": ""best""}",32400,183600,0.27,VP9,random,2,Prop0.15,80,True
kNN,1.1392218272916048,"{""n_neighbors"": 8, ""p"": 1, ""weights"": ""distance""}",22000,183600,228.82,VP9,random,2,Prop0.15,80,True
KRR,0.0679172912560395,"{""regressor__kernel"": ""rbf"", ""regressor__gamma"": 0.1, ""regressor__alpha"": 0.01}",22000,183600,301.35,VP9,random,2,Prop0.15,80,True
MR,0.3898916939922143,"{""lasso__regressor__alpha"": 0.01}",32400,183600,6.14,VP9,random,2,Prop0.15,80,True
RF,0.0161942498682331,"{""max_features"": 1.0, ""min_samples_leaf"": 2, ""n_estimators"": 20}",32400,183600,3.38,VP9,random,2,Prop0.15,80,True
SVR,0.3808590277065333,"{""regressor__tol"": 0.05, ""regressor__shrinking"": true, ""regressor__epsilon"": 0.1, ""regressor__coef0"": 1.0, ""regressor__C"": 5.0}",22000,183600,59.16,VP9,random,2,Prop0.15,80,True
CART,0.0187392455054431,"{""max_features"": 1.0, ""min_samples_leaf"": 2, ""splitter"": ""best""}",32400,183600,0.29,VP9,random,2,Prop0.15,81,True
kNN,1.1519632643838014,"{""n_neighbors"": 8, ""p"": 1, ""weights"": ""distance""}",22000,183600,211.64,VP9,random,2,Prop0.15,81,True
KRR,0.0674197904046776,"{""regressor__kernel"": ""rbf"", ""regressor__gamma"": 0.1, ""regressor__alpha"": 0.01}",22000,183600,313.62,VP9,random,2,Prop0.15,81,True
MR,0.3839765339718284,"{""lasso__regressor__alpha"": 0.01}",32400,183600,8.3,VP9,random,2,Prop0.15,81,True
RF,0.0164482296167617,"{""max_features"": 1.0, ""min_samples_leaf"": 2, ""n_estimators"": 20}",32400,183600,3.56,VP9,random,2,Prop0.15,81,True
SVR,0.3815067871155294,"{""regressor__tol"": 0.05, ""regressor__shrinking"": true, ""regressor__epsilon"": 0.1, ""regressor__coef0"": 1.0, ""regressor__C"": 5.0}",22000,183600,58.12,VP9,random,2,Prop0.15,81,True
CART,0.0186364614133665,"{""max_features"": 1.0, ""min_samples_leaf"": 2, ""splitter"": ""best""}",32400,183600,0.24,VP9,random,2,Prop0.15,82,True
kNN,1.1418613253758283,"{""n_neighbors"": 8, ""p"": 1, ""weights"": ""distance""}",22000,183600,215.96,VP9,random,2,Prop0.15,82,True
KRR,0.0663960825044581,"{""regressor__kernel"": ""rbf"", ""regressor__gamma"": 0.1, ""regressor__alpha"": 0.01}",22000,183600,313.12,VP9,random,2,Prop0.15,82,True
MR,0.391375978859214,"{""lasso__regressor__alpha"": 0.01}",32400,183600,6.23,VP9,random,2,Prop0.15,82,True
RF,0.0162832809851655,"{""max_features"": 1.0, ""min_samples_leaf"": 2, ""n_estimators"": 20}",32400,183600,3.57,VP9,random,2,Prop0.15,82,True
SVR,0.376893090716927,"{""regressor__tol"": 0.05, ""regressor__shrinking"": true, ""regressor__epsilon"": 0.1, ""regressor__coef0"": 1.0, ""regressor__C"": 5.0}",22000,183600,55.83,VP9,random,2,Prop0.15,82,True
CART,0.0188267511518569,"{""max_features"": 1.0, ""min_samples_leaf"": 2, ""splitter"": ""best""}",32400,183600,0.26,VP9,random,2,Prop0.15,83,True
kNN,1.1385750771915086,"{""n_neighbors"": 8, ""p"": 1, ""weights"": ""distance""}",22000,183600,230.09,VP9,random,2,Prop0.15,83,True
KRR,0.0671361143708938,"{""regressor__kernel"": ""rbf"", ""regressor__gamma"": 0.1, ""regressor__alpha"": 0.01}",22000,183600,304.09,VP9,random,2,Prop0.15,83,True
MR,0.3896804847639618,"{""lasso__regressor__alpha"": 0.01}",32400,183600,5.47,VP9,random,2,Prop0.15,83,True
RF,0.0163780696640135,"{""max_features"": 1.0, ""min_samples_leaf"": 2, ""n_estimators"": 20}",32400,183600,3.31,VP9,random,2,Prop0.15,83,True
SVR,0.3747044884349645,"{""regressor__tol"": 0.05, ""regressor__shrinking"": true, ""regressor__epsilon"": 0.1, ""regressor__coef0"": 1.0, ""regressor__C"": 5.0}",22000,183600,57.75,VP9,random,2,Prop0.15,83,True
CART,0.0188099977101406,"{""max_features"": 1.0, ""min_samples_leaf"": 2, ""splitter"": ""best""}",32400,183600,0.27,VP9,random,2,Prop0.15,84,True
kNN,1.1631651251550053,"{""n_neighbors"": 8, ""p"": 1, ""weights"": ""distance""}",22000,183600,228.05,VP9,random,2,Prop0.15,84,True
KRR,0.0689767596631107,"{""regressor__kernel"": ""rbf"", ""regressor__gamma"": 0.1, ""regressor__alpha"": 0.01}",22000,183600,301.1,VP9,random,2,Prop0.15,84,True
MR,0.3855541029757093,"{""lasso__regressor__alpha"": 0.01}",32400,183600,5.91,VP9,random,2,Prop0.15,84,True
RF,0.0164312321707981,"{""max_features"": 1.0, ""min_samples_leaf"": 2, ""n_estimators"": 20}",32400,183600,3.36,VP9,random,2,Prop0.15,84,True
SVR,0.3813336111368996,"{""regressor__tol"": 0.05, ""regressor__shrinking"": true, ""regressor__epsilon"": 0.1, ""regressor__coef0"": 1.0, ""regressor__C"": 5.0}",22000,183600,58.63,VP9,random,2,Prop0.15,84,True
CART,0.0188567608408249,"{""max_features"": 1.0, ""min_samples_leaf"": 2, ""splitter"": ""best""}",32400,183600,0.28,VP9,random,2,Prop0.15,85,True
kNN,1.1584000811647994,"{""n_neighbors"": 8, ""p"": 1, ""weights"": ""distance""}",22000,183600,211.61,VP9,random,2,Prop0.15,85,True
KRR,0.0668651073287759,"{""regressor__kernel"": ""rbf"", ""regressor__gamma"": 0.1, ""regressor__alpha"": 0.01}",22000,183600,313.26,VP9,random,2,Prop0.15,85,True
MR,0.386813092843042,"{""lasso__regressor__alpha"": 0.01}",32400,183600,7.53,VP9,random,2,Prop0.15,85,True
RF,0.0163815735451357,"{""max_features"": 1.0, ""min_samples_leaf"": 2, ""n_estimators"": 20}",32400,183600,3.65,VP9,random,2,Prop0.15,85,True
SVR,0.3850031932085212,"{""regressor__tol"": 0.05, ""regressor__shrinking"": true, ""regressor__epsilon"": 0.1, ""regressor__coef0"": 1.0, ""regressor__C"": 5.0}",22000,183600,56.87,VP9,random,2,Prop0.15,85,True
CART,0.0187918867753374,"{""max_features"": 1.0, ""min_samples_leaf"": 2, ""splitter"": ""best""}",32400,183600,0.24,VP9,random,2,Prop0.15,86,True
kNN,1.1403817295910108,"{""n_neighbors"": 8, ""p"": 1, ""weights"": ""distance""}",22000,183600,216.18,VP9,random,2,Prop0.15,86,True
KRR,0.0671617839930625,"{""regressor__kernel"": ""rbf"", ""regressor__gamma"": 0.1, ""regressor__alpha"": 0.01}",22000,183600,313.37,VP9,random,2,Prop0.15,86,True
MR,0.3859719632194575,"{""lasso__regressor__alpha"": 0.01}",32400,183600,6.22,VP9,random,2,Prop0.15,86,True
RF,0.0163360846066431,"{""max_features"": 1.0, ""min_samples_leaf"": 2, ""n_estimators"": 20}",32400,183600,3.57,VP9,random,2,Prop0.15,86,True
SVR,0.3738529953635146,"{""regressor__tol"": 0.05, ""regressor__shrinking"": true, ""regressor__epsilon"": 0.1, ""regressor__coef0"": 1.0, ""regressor__C"": 5.0}",22000,183600,56.55,VP9,random,2,Prop0.15,86,True
CART,0.0189845342549811,"{""max_features"": 1.0, ""min_samples_leaf"": 2, ""splitter"": ""best""}",32400,183600,0.26,VP9,random,2,Prop0.15,87,True
kNN,1.1580643815396687,"{""n_neighbors"": 8, ""p"": 1, ""weights"": ""distance""}",22000,183600,228.59,VP9,random,2,Prop0.15,87,True
KRR,0.0689584818340129,"{""regressor__kernel"": ""rbf"", ""regressor__gamma"": 0.1, ""regressor__alpha"": 0.01}",22000,183600,302.46,VP9,random,2,Prop0.15,87,True
MR,0.3888176616923182,"{""lasso__regressor__alpha"": 0.01}",32400,183600,5.74,VP9,random,2,Prop0.15,87,True
RF,0.0164377682939861,"{""max_features"": 1.0, ""min_samples_leaf"": 2, ""n_estimators"": 20}",32400,183600,3.33,VP9,random,2,Prop0.15,87,True
SVR,0.3733863395837732,"{""regressor__tol"": 0.05, ""regressor__shrinking"": true, ""regressor__epsilon"": 0.1, ""regressor__coef0"": 1.0, ""regressor__C"": 5.0}",22000,183600,55.45,VP9,random,2,Prop0.15,87,True
CART,0.0187257718853624,"{""max_features"": 1.0, ""min_samples_leaf"": 2, ""splitter"": ""best""}",32400,183600,0.26,VP9,random,2,Prop0.15,88,True
kNN,1.1414917979865598,"{""n_neighbors"": 8, ""p"": 1, ""weights"": ""distance""}",22000,183600,230.02,VP9,random,2,Prop0.15,88,True
KRR,0.0666715022631444,"{""regressor__kernel"": ""rbf"", ""regressor__gamma"": 0.1, ""regressor__alpha"": 0.01}",22000,183600,300.95,VP9,random,2,Prop0.15,88,True
MR,0.3829436785942986,"{""lasso__regressor__alpha"": 0.01}",32400,183600,6.14,VP9,random,2,Prop0.15,88,True
RF,0.0162977978261688,"{""max_features"": 1.0, ""min_samples_leaf"": 2, ""n_estimators"": 20}",32400,183600,3.4,VP9,random,2,Prop0.15,88,True
SVR,0.3806868658777805,"{""regressor__tol"": 0.05, ""regressor__shrinking"": true, ""regressor__epsilon"": 0.1, ""regressor__coef0"": 1.0, ""regressor__C"": 5.0}",22000,183600,58.25,VP9,random,2,Prop0.15,88,True
CART,0.0186176019287797,"{""max_features"": 1.0, ""min_samples_leaf"": 2, ""splitter"": ""best""}",32400,183600,0.24,VP9,random,2,Prop0.15,89,True
kNN,1.1376952293550413,"{""n_neighbors"": 8, ""p"": 1, ""weights"": ""distance""}",22000,183600,211.65,VP9,random,2,Prop0.15,89,True
KRR,0.0680337427777632,"{""regressor__kernel"": ""rbf"", ""regressor__gamma"": 0.1, ""regressor__alpha"": 0.01}",22000,183600,313.14,VP9,random,2,Prop0.15,89,True
MR,0.3885497961459419,"{""lasso__regressor__alpha"": 0.01}",32400,183600,6.45,VP9,random,2,Prop0.15,89,True
RF,0.0162116358674134,"{""max_features"": 1.0, ""min_samples_leaf"": 2, ""n_estimators"": 20}",32400,183600,3.65,VP9,random,2,Prop0.15,89,True
SVR,0.3758309518493342,"{""regressor__tol"": 0.05, ""regressor__shrinking"": true, ""regressor__epsilon"": 0.1, ""regressor__coef0"": 1.0, ""regressor__C"": 5.0}",22000,183600,58.42,VP9,random,2,Prop0.15,89,True
CART,0.01874719834095,"{""max_features"": 1.0, ""min_samples_leaf"": 2, ""splitter"": ""best""}",32400,183600,0.24,VP9,random,2,Prop0.15,90,True
kNN,1.14635635008946,"{""n_neighbors"": 8, ""p"": 1, ""weights"": ""distance""}",22000,183600,215.53,VP9,random,2,Prop0.15,90,True
KRR,0.0688281174387165,"{""regressor__kernel"": ""rbf"", ""regressor__gamma"": 0.1, ""regressor__alpha"": 0.01}",22000,183600,313.63,VP9,random,2,Prop0.15,90,True
MR,0.3900464556944767,"{""lasso__regressor__alpha"": 0.01}",32400,183600,6.3,VP9,random,2,Prop0.15,90,True
RF,0.0164702439581113,"{""max_features"": 1.0, ""min_samples_leaf"": 2, ""n_estimators"": 20}",32400,183600,3.53,VP9,random,2,Prop0.15,90,True
SVR,0.3818139769395661,"{""regressor__tol"": 0.05, ""regressor__shrinking"": true, ""regressor__epsilon"": 0.1, ""regressor__coef0"": 1.0, ""regressor__C"": 5.0}",22000,183600,55.68,VP9,random,2,Prop0.15,90,True
CART,0.0184682739516037,"{""max_features"": 1.0, ""min_samples_leaf"": 2, ""splitter"": ""best""}",32400,183600,0.26,VP9,random,2,Prop0.15,91,True
kNN,1.1514453791650696,"{""n_neighbors"": 8, ""p"": 1, ""weights"": ""distance""}",22000,183600,229.01,VP9,random,2,Prop0.15,91,True
KRR,0.0671261919037131,"{""regressor__kernel"": ""rbf"", ""regressor__gamma"": 0.1, ""regressor__alpha"": 0.01}",22000,183600,301.04,VP9,random,2,Prop0.15,91,True
MR,0.3917136646331234,"{""lasso__regressor__alpha"": 0.01}",32400,183600,5.56,VP9,random,2,Prop0.15,91,True
RF,0.0162644489890564,"{""max_features"": 1.0, ""min_samples_leaf"": 2, ""n_estimators"": 20}",32400,183600,3.31,VP9,random,2,Prop0.15,91,True
SVR,0.3779113609079038,"{""regressor__tol"": 0.05, ""regressor__shrinking"": true, ""regressor__epsilon"": 0.1, ""regressor__coef0"": 1.0, ""regressor__C"": 5.0}",22000,183600,56.48,VP9,random,2,Prop0.15,91,True
CART,0.0187800384018201,"{""max_features"": 1.0, ""min_samples_leaf"": 2, ""splitter"": ""best""}",32400,183600,0.27,VP9,random,2,Prop0.15,92,True
kNN,1.1597201786132048,"{""n_neighbors"": 8, ""p"": 1, ""weights"": ""distance""}",22000,183600,227.63,VP9,random,2,Prop0.15,92,True
KRR,0.0688512681048911,"{""regressor__kernel"": ""rbf"", ""regressor__gamma"": 0.1, ""regressor__alpha"": 0.01}",22000,183600,300.84,VP9,random,2,Prop0.15,92,True
MR,0.3887855158378585,"{""lasso__regressor__alpha"": 0.01}",32400,183600,6.21,VP9,random,2,Prop0.15,92,True
RF,0.0162192645363207,"{""max_features"": 1.0, ""min_samples_leaf"": 2, ""n_estimators"": 20}",32400,183600,3.39,VP9,random,2,Prop0.15,92,True
SVR,0.374553367327482,"{""regressor__tol"": 0.05, ""regressor__shrinking"": true, ""regressor__epsilon"": 0.1, ""regressor__coef0"": 1.0, ""regressor__C"": 5.0}",22000,183600,59.83,VP9,random,2,Prop0.15,92,True
CART,0.0188527493892262,"{""max_features"": 1.0, ""min_samples_leaf"": 2, ""splitter"": ""best""}",32400,183600,0.24,VP9,random,2,Prop0.15,93,True
kNN,1.1741450783655896,"{""n_neighbors"": 8, ""p"": 1, ""weights"": ""distance""}",22000,183600,217.15,VP9,random,2,Prop0.15,93,True
KRR,0.0687700394244986,"{""regressor__kernel"": ""rbf"", ""regressor__gamma"": 0.1, ""regressor__alpha"": 0.01}",22000,183600,316.65,VP9,random,2,Prop0.15,93,True
MR,0.3829775530708876,"{""lasso__regressor__alpha"": 0.01}",32400,183600,8.59,VP9,random,2,Prop0.15,93,True
RF,0.0164110529363681,"{""max_features"": 1.0, ""min_samples_leaf"": 2, ""n_estimators"": 20}",32400,183600,3.45,VP9,random,2,Prop0.15,93,True
SVR,0.3716610591565066,"{""regressor__tol"": 0.05, ""regressor__shrinking"": true, ""regressor__epsilon"": 0.1, ""regressor__coef0"": 1.0, ""regressor__C"": 5.0}",22000,183600,56.88,VP9,random,2,Prop0.15,93,True
CART,0.0189960080865847,"{""max_features"": 1.0, ""min_samples_leaf"": 2, ""splitter"": ""best""}",32400,183600,0.24,VP9,random,2,Prop0.15,94,True
kNN,1.1259300362419835,"{""n_neighbors"": 8, ""p"": 1, ""weights"": ""distance""}",22000,183600,215.36,VP9,random,2,Prop0.15,94,True
KRR,0.0671511322758615,"{""regressor__kernel"": ""rbf"", ""regressor__gamma"": 0.1, ""regressor__alpha"": 0.01}",22000,183600,313.76,VP9,random,2,Prop0.15,94,True
MR,0.3866819926304531,"{""lasso__regressor__alpha"": 0.01}",32400,183600,6.19,VP9,random,2,Prop0.15,94,True
RF,0.0164775372371994,"{""max_features"": 1.0, ""min_samples_leaf"": 2, ""n_estimators"": 20}",32400,183600,3.44,VP9,random,2,Prop0.15,94,True
SVR,0.377844829365778,"{""regressor__tol"": 0.05, ""regressor__shrinking"": true, ""regressor__epsilon"": 0.1, ""regressor__coef0"": 1.0, ""regressor__C"": 5.0}",22000,183600,57.03,VP9,random,2,Prop0.15,94,True
CART,0.0187061163170416,"{""max_features"": 1.0, ""min_samples_leaf"": 2, ""splitter"": ""best""}",32400,183600,0.25,VP9,random,2,Prop0.15,95,True
kNN,1.158823669116996,"{""n_neighbors"": 8, ""p"": 1, ""weights"": ""distance""}",22000,183600,224.44,VP9,random,2,Prop0.15,95,True
KRR,0.0673573556924119,"{""regressor__kernel"": ""rbf"", ""regressor__gamma"": 0.1, ""regressor__alpha"": 0.01}",22000,183600,304.17,VP9,random,2,Prop0.15,95,True
MR,0.3900744742434656,"{""lasso__regressor__alpha"": 0.01}",32400,183600,5.46,VP9,random,2,Prop0.15,95,True
RF,0.0163187860674425,"{""max_features"": 1.0, ""min_samples_leaf"": 2, ""n_estimators"": 20}",32400,183600,3.31,VP9,random,2,Prop0.15,95,True
SVR,0.3682999137766806,"{""regressor__tol"": 0.05, ""regressor__shrinking"": true, ""regressor__epsilon"": 0.1, ""regressor__coef0"": 1.0, ""regressor__C"": 5.0}",22000,183600,56.85,VP9,random,2,Prop0.15,95,True
CART,0.0189614577213087,"{""max_features"": 1.0, ""min_samples_leaf"": 2, ""splitter"": ""best""}",32400,183600,0.27,VP9,random,2,Prop0.15,96,True
kNN,1.1407779862324523,"{""n_neighbors"": 8, ""p"": 1, ""weights"": ""distance""}",22000,183600,227.3,VP9,random,2,Prop0.15,96,True
KRR,0.0682840913699044,"{""regressor__kernel"": ""rbf"", ""regressor__gamma"": 0.1, ""regressor__alpha"": 0.01}",22000,183600,300.42,VP9,random,2,Prop0.15,96,True
MR,0.3892433007685548,"{""lasso__regressor__alpha"": 0.01}",32400,183600,6.07,VP9,random,2,Prop0.15,96,True
RF,0.0163641266886158,"{""max_features"": 1.0, ""min_samples_leaf"": 2, ""n_estimators"": 20}",32400,183600,3.39,VP9,random,2,Prop0.15,96,True
SVR,0.3715401243847241,"{""regressor__tol"": 0.05, ""regressor__shrinking"": true, ""regressor__epsilon"": 0.1, ""regressor__coef0"": 1.0, ""regressor__C"": 5.0}",22000,183600,56.01,VP9,random,2,Prop0.15,96,True
CART,0.01889076935416,"{""max_features"": 1.0, ""min_samples_leaf"": 2, ""splitter"": ""best""}",32400,183600,0.25,VP9,random,2,Prop0.15,97,True
kNN,1.1242024632310978,"{""n_neighbors"": 8, ""p"": 1, ""weights"": ""distance""}",22000,183600,216.05,VP9,random,2,Prop0.15,97,True
KRR,0.0665580940758173,"{""regressor__kernel"": ""rbf"", ""regressor__gamma"": 0.1, ""regressor__alpha"": 0.01}",22000,183600,315.86,VP9,random,2,Prop0.15,97,True
MR,0.3854774568669457,"{""lasso__regressor__alpha"": 0.01}",32400,183600,7.29,VP9,random,2,Prop0.15,97,True
RF,0.0164100509658067,"{""max_features"": 1.0, ""min_samples_leaf"": 2, ""n_estimators"": 20}",32400,183600,3.5,VP9,random,2,Prop0.15,97,True
SVR,0.3645788652141592,"{""regressor__tol"": 0.05, ""regressor__shrinking"": true, ""regressor__epsilon"": 0.1, ""regressor__coef0"": 1.0, ""regressor__C"": 5.0}",22000,183600,56.43,VP9,random,2,Prop0.15,97,True
CART,0.0186161612263556,"{""max_features"": 1.0, ""min_samples_leaf"": 2, ""splitter"": ""best""}",32400,183600,0.24,VP9,random,2,Prop0.15,98,True
kNN,1.1486262586308549,"{""n_neighbors"": 8, ""p"": 1, ""weights"": ""distance""}",22000,183600,215.24,VP9,random,2,Prop0.15,98,True
KRR,0.0692802312637753,"{""regressor__kernel"": ""rbf"", ""regressor__gamma"": 0.1, ""regressor__alpha"": 0.01}",22000,183600,313.68,VP9,random,2,Prop0.15,98,True
MR,0.3837830283711633,"{""lasso__regressor__alpha"": 0.01}",32400,183600,6.34,VP9,random,2,Prop0.15,98,True
RF,0.0162833915105072,"{""max_features"": 1.0, ""min_samples_leaf"": 2, ""n_estimators"": 20}",32400,183600,3.49,VP9,random,2,Prop0.15,98,True
SVR,0.3786280179593925,"{""regressor__tol"": 0.05, ""regressor__shrinking"": true, ""regressor__epsilon"": 0.1, ""regressor__coef0"": 1.0, ""regressor__C"": 5.0}",22000,183600,56.83,VP9,random,2,Prop0.15,98,True
CART,0.0189638165492085,"{""max_features"": 1.0, ""min_samples_leaf"": 2, ""splitter"": ""best""}",32400,183600,0.26,VP9,random,2,Prop0.15,99,True
kNN,1.138749192119438,"{""n_neighbors"": 8, ""p"": 1, ""weights"": ""distance""}",22000,183600,223.91,VP9,random,2,Prop0.15,99,True
KRR,0.0650239018560113,"{""regressor__kernel"": ""rbf"", ""regressor__gamma"": 0.1, ""regressor__alpha"": 0.01}",22000,183600,305.0,VP9,random,2,Prop0.15,99,True
MR,0.3842679111663933,"{""lasso__regressor__alpha"": 0.01}",32400,183600,4.58,VP9,random,2,Prop0.15,99,True
RF,0.0164065737108771,"{""max_features"": 1.0, ""min_samples_leaf"": 2, ""n_estimators"": 20}",32400,183600,2.04,VP9,random,2,Prop0.15,99,True
SVR,0.3818401943373739,"{""regressor__tol"": 0.05, ""regressor__shrinking"": true, ""regressor__epsilon"": 0.1, ""regressor__coef0"": 1.0, ""regressor__C"": 5.0}",22000,183600,29.62,VP9,random,2,Prop0.15,99,True
CART,0.0187311512937222,"{""max_features"": 1.0, ""min_samples_leaf"": 2, ""splitter"": ""best""}",32400,183600,0.27,VP9,random,2,Prop0.15,100,True
kNN,1.1752063339392986,"{""n_neighbors"": 8, ""p"": 1, ""weights"": ""distance""}",22000,183600,227.79,VP9,random,2,Prop0.15,100,True
KRR,0.0670797766857173,"{""regressor__kernel"": ""rbf"", ""regressor__gamma"": 0.1, ""regressor__alpha"": 0.01}",22000,183600,294.61,VP9,random,2,Prop0.15,100,True
MR,0.3919364042717816,"{""lasso__regressor__alpha"": 0.01}",32400,183600,4.12,VP9,random,2,Prop0.15,100,True
RF,0.0162352853910056,"{""max_features"": 1.0, ""min_samples_leaf"": 2, ""n_estimators"": 20}",32400,183600,1.97,VP9,random,2,Prop0.15,100,True
SVR,0.380961718976262,"{""regressor__tol"": 0.05, ""regressor__shrinking"": true, ""regressor__epsilon"": 0.1, ""regressor__coef0"": 1.0, ""regressor__C"": 5.0}",22000,183600,30.44,VP9,random,2,Prop0.15,100,True
CART,0.0180850277846074,"{""max_features"": 1.0, ""min_samples_leaf"": 2, ""splitter"": ""random""}",43200,172800,0.31,VP9,random,2,Prop0.2,1,True
kNN,1.1407564296790944,"{""n_neighbors"": 8, ""p"": 1, ""weights"": ""distance""}",22000,172800,217.54,VP9,random,2,Prop0.2,1,True
KRR,0.0682660789083475,"{""regressor__kernel"": ""rbf"", ""regressor__gamma"": 0.1, ""regressor__alpha"": 0.01}",22000,172800,316.88,VP9,random,2,Prop0.2,1,True
MR,0.385318701159673,"{""lasso__regressor__alpha"": 0.01}",43200,172800,8.32,VP9,random,2,Prop0.2,1,True
RF,0.0157500151331448,"{""max_features"": 1.0, ""min_samples_leaf"": 2, ""n_estimators"": 20}",43200,172800,4.32,VP9,random,2,Prop0.2,1,True
SVR,0.377464859070961,"{""regressor__tol"": 0.05, ""regressor__shrinking"": true, ""regressor__epsilon"": 0.1, ""regressor__coef0"": 1.0, ""regressor__C"": 5.0}",22000,172800,50.9,VP9,random,2,Prop0.2,1,True
CART,0.0183489937097416,"{""max_features"": 1.0, ""min_samples_leaf"": 2, ""splitter"": ""random""}",43200,172800,0.3,VP9,random,2,Prop0.2,2,True
kNN,1.1807140302603718,"{""n_neighbors"": 8, ""p"": 1, ""weights"": ""distance""}",22000,172800,222.71,VP9,random,2,Prop0.2,2,True
KRR,0.0687311513294045,"{""regressor__kernel"": ""rbf"", ""regressor__gamma"": 0.1, ""regressor__alpha"": 0.01}",22000,172800,316.24,VP9,random,2,Prop0.2,2,True
MR,0.3840909163633567,"{""lasso__regressor__alpha"": 0.01}",43200,172800,7.44,VP9,random,2,Prop0.2,2,True
RF,0.0157854487916499,"{""max_features"": 1.0, ""min_samples_leaf"": 2, ""n_estimators"": 20}",43200,172800,4.18,VP9,random,2,Prop0.2,2,True
SVR,0.3837419997930321,"{""regressor__tol"": 0.05, ""regressor__shrinking"": true, ""regressor__epsilon"": 0.1, ""regressor__coef0"": 1.0, ""regressor__C"": 5.0}",22000,172800,52.62,VP9,random,2,Prop0.2,2,True
CART,0.0182719474439795,"{""max_features"": 1.0, ""min_samples_leaf"": 2, ""splitter"": ""random""}",43200,172800,0.3,VP9,random,2,Prop0.2,3,True
kNN,1.1401441372731993,"{""n_neighbors"": 8, ""p"": 1, ""weights"": ""distance""}",22000,172800,218.51,VP9,random,2,Prop0.2,3,True
KRR,0.0683844358376589,"{""regressor__kernel"": ""rbf"", ""regressor__gamma"": 0.1, ""regressor__alpha"": 0.01}",22000,172800,316.41,VP9,random,2,Prop0.2,3,True
MR,0.3917624131945444,"{""lasso__regressor__alpha"": 0.01}",43200,172800,8.39,VP9,random,2,Prop0.2,3,True
RF,0.0158498653907606,"{""max_features"": 1.0, ""min_samples_leaf"": 2, ""n_estimators"": 20}",43200,172800,4.42,VP9,random,2,Prop0.2,3,True
SVR,0.3776185367445377,"{""regressor__tol"": 0.05, ""regressor__shrinking"": true, ""regressor__epsilon"": 0.1, ""regressor__coef0"": 1.0, ""regressor__C"": 5.0}",22000,172800,55.44,VP9,random,2,Prop0.2,3,True
CART,0.0181771380818086,"{""max_features"": 1.0, ""min_samples_leaf"": 2, ""splitter"": ""random""}",43200,172800,0.3,VP9,random,2,Prop0.2,4,True
kNN,1.1660130446603874,"{""n_neighbors"": 8, ""p"": 1, ""weights"": ""distance""}",22000,172800,221.05,VP9,random,2,Prop0.2,4,True
KRR,0.0677709623152141,"{""regressor__kernel"": ""rbf"", ""regressor__gamma"": 0.1, ""regressor__alpha"": 0.01}",22000,172800,316.49,VP9,random,2,Prop0.2,4,True
MR,0.387771875948493,"{""lasso__regressor__alpha"": 0.01}",43200,172800,7.43,VP9,random,2,Prop0.2,4,True
RF,0.0157404556653742,"{""max_features"": 1.0, ""min_samples_leaf"": 2, ""n_estimators"": 20}",43200,172800,4.17,VP9,random,2,Prop0.2,4,True
SVR,0.3885383488784648,"{""regressor__tol"": 0.05, ""regressor__shrinking"": true, ""regressor__epsilon"": 0.1, ""regressor__coef0"": 1.0, ""regressor__C"": 5.0}",22000,172800,61.28,VP9,random,2,Prop0.2,4,True
CART,0.0180890552833623,"{""max_features"": 1.0, ""min_samples_leaf"": 2, ""splitter"": ""random""}",43200,172800,0.26,VP9,random,2,Prop0.2,5,True
kNN,1.1499325982160329,"{""n_neighbors"": 8, ""p"": 1, ""weights"": ""distance""}",22000,172800,213.99,VP9,random,2,Prop0.2,5,True
KRR,0.0682881783485067,"{""regressor__kernel"": ""rbf"", ""regressor__gamma"": 0.1, ""regressor__alpha"": 0.01}",22000,172800,310.12,VP9,random,2,Prop0.2,5,True
MR,0.3886947357222337,"{""lasso__regressor__alpha"": 0.01}",43200,172800,5.65,VP9,random,2,Prop0.2,5,True
RF,0.015731173823173,"{""max_features"": 1.0, ""min_samples_leaf"": 2, ""n_estimators"": 20}",43200,172800,4.22,VP9,random,2,Prop0.2,5,True
SVR,0.3786808075669615,"{""regressor__tol"": 0.05, ""regressor__shrinking"": true, ""regressor__epsilon"": 0.1, ""regressor__coef0"": 1.0, ""regressor__C"": 5.0}",22000,172800,51.81,VP9,random,2,Prop0.2,5,True
CART,0.0179573104056183,"{""max_features"": 1.0, ""min_samples_leaf"": 2, ""splitter"": ""random""}",43200,172800,0.29,VP9,random,2,Prop0.2,6,True
kNN,1.125860083708903,"{""n_neighbors"": 8, ""p"": 1, ""weights"": ""distance""}",22000,172800,214.68,VP9,random,2,Prop0.2,6,True
KRR,0.0680246948351313,"{""regressor__kernel"": ""rbf"", ""regressor__gamma"": 0.1, ""regressor__alpha"": 0.01}",22000,172800,314.09,VP9,random,2,Prop0.2,6,True
MR,0.3860621808113857,"{""lasso__regressor__alpha"": 0.01}",43200,172800,8.61,VP9,random,2,Prop0.2,6,True
RF,0.0157665291147123,"{""max_features"": 1.0, ""min_samples_leaf"": 2, ""n_estimators"": 20}",43200,172800,4.3,VP9,random,2,Prop0.2,6,True
SVR,0.3804415368761641,"{""regressor__tol"": 0.05, ""regressor__shrinking"": true, ""regressor__epsilon"": 0.1, ""regressor__coef0"": 1.0, ""regressor__C"": 5.0}",22000,172800,54.09,VP9,random,2,Prop0.2,6,True
CART,0.0181265707301302,"{""max_features"": 1.0, ""min_samples_leaf"": 2, ""splitter"": ""random""}",43200,172800,0.29,VP9,random,2,Prop0.2,7,True
kNN,1.135033653026612,"{""n_neighbors"": 8, ""p"": 1, ""weights"": ""distance""}",22000,172800,218.81,VP9,random,2,Prop0.2,7,True
KRR,0.0686967239932675,"{""regressor__kernel"": ""rbf"", ""regressor__gamma"": 0.1, ""regressor__alpha"": 0.01}",22000,172800,314.77,VP9,random,2,Prop0.2,7,True
MR,0.3928052131782908,"{""lasso__regressor__alpha"": 0.01}",43200,172800,6.93,VP9,random,2,Prop0.2,7,True
RF,0.0157947453719199,"{""max_features"": 1.0, ""min_samples_leaf"": 2, ""n_estimators"": 20}",43200,172800,4.14,VP9,random,2,Prop0.2,7,True
SVR,0.3778270981800106,"{""regressor__tol"": 0.05, ""regressor__shrinking"": true, ""regressor__epsilon"": 0.1, ""regressor__coef0"": 1.0, ""regressor__C"": 5.0}",22000,172800,52.48,VP9,random,2,Prop0.2,7,True
CART,0.0181529412335229,"{""max_features"": 1.0, ""min_samples_leaf"": 2, ""splitter"": ""random""}",43200,172800,0.33,VP9,random,2,Prop0.2,8,True
kNN,1.172842935325886,"{""n_neighbors"": 8, ""p"": 1, ""weights"": ""distance""}",22000,172800,224.77,VP9,random,2,Prop0.2,8,True
KRR,0.0682858520565247,"{""regressor__kernel"": ""rbf"", ""regressor__gamma"": 0.1, ""regressor__alpha"": 0.01}",22000,172800,303.85,VP9,random,2,Prop0.2,8,True
MR,0.3881991443542739,"{""lasso__regressor__alpha"": 0.01}",43200,172800,5.94,VP9,random,2,Prop0.2,8,True
RF,0.0158395555053757,"{""max_features"": 1.0, ""min_samples_leaf"": 2, ""n_estimators"": 20}",43200,172800,4.17,VP9,random,2,Prop0.2,8,True
SVR,0.3836329022525814,"{""regressor__tol"": 0.05, ""regressor__shrinking"": true, ""regressor__epsilon"": 0.1, ""regressor__coef0"": 1.0, ""regressor__C"": 5.0}",22000,172800,61.37,VP9,random,2,Prop0.2,8,True
CART,0.0182146754710631,"{""max_features"": 1.0, ""min_samples_leaf"": 2, ""splitter"": ""random""}",43200,172800,0.26,VP9,random,2,Prop0.2,9,True
kNN,1.13785201711814,"{""n_neighbors"": 8, ""p"": 1, ""weights"": ""distance""}",22000,172800,211.54,VP9,random,2,Prop0.2,9,True
KRR,0.0679233639612107,"{""regressor__kernel"": ""rbf"", ""regressor__gamma"": 0.1, ""regressor__alpha"": 0.01}",22000,172800,307.45,VP9,random,2,Prop0.2,9,True
MR,0.3904302997618247,"{""lasso__regressor__alpha"": 0.01}",43200,172800,5.53,VP9,random,2,Prop0.2,9,True
RF,0.0157277508984535,"{""max_features"": 1.0, ""min_samples_leaf"": 2, ""n_estimators"": 20}",43200,172800,4.07,VP9,random,2,Prop0.2,9,True
SVR,0.3902356447124304,"{""regressor__tol"": 0.05, ""regressor__shrinking"": true, ""regressor__epsilon"": 0.1, ""regressor__coef0"": 1.0, ""regressor__C"": 5.0}",22000,172800,53.23,VP9,random,2,Prop0.2,9,True
CART,0.0181549981397279,"{""max_features"": 1.0, ""min_samples_leaf"": 2, ""splitter"": ""random""}",43200,172800,0.29,VP9,random,2,Prop0.2,10,True
kNN,1.1549896589502513,"{""n_neighbors"": 8, ""p"": 1, ""weights"": ""distance""}",22000,172800,213.9,VP9,random,2,Prop0.2,10,True
KRR,0.0679861816871044,"{""regressor__kernel"": ""rbf"", ""regressor__gamma"": 0.1, ""regressor__alpha"": 0.01}",22000,172800,312.37,VP9,random,2,Prop0.2,10,True
MR,0.3886028480609535,"{""lasso__regressor__alpha"": 0.01}",43200,172800,7.16,VP9,random,2,Prop0.2,10,True
RF,0.0156676951685474,"{""max_features"": 1.0, ""min_samples_leaf"": 2, ""n_estimators"": 20}",43200,172800,4.44,VP9,random,2,Prop0.2,10,True
SVR,0.3789506188039729,"{""regressor__tol"": 0.05, ""regressor__shrinking"": true, ""regressor__epsilon"": 0.1, ""regressor__coef0"": 1.0, ""regressor__C"": 5.0}",22000,172800,51.65,VP9,random,2,Prop0.2,10,True
CART,0.0182587466653646,"{""max_features"": 1.0, ""min_samples_leaf"": 2, ""splitter"": ""random""}",43200,172800,0.3,VP9,random,2,Prop0.2,11,True
kNN,1.1317871291837538,"{""n_neighbors"": 8, ""p"": 1, ""weights"": ""distance""}",22000,172800,220.56,VP9,random,2,Prop0.2,11,True
KRR,0.0666691685919407,"{""regressor__kernel"": ""rbf"", ""regressor__gamma"": 0.1, ""regressor__alpha"": 0.01}",22000,172800,312.94,VP9,random,2,Prop0.2,11,True
MR,0.3887307531895026,"{""lasso__regressor__alpha"": 0.01}",43200,172800,6.27,VP9,random,2,Prop0.2,11,True
RF,0.015837411068696,"{""max_features"": 1.0, ""min_samples_leaf"": 2, ""n_estimators"": 20}",43200,172800,4.13,VP9,random,2,Prop0.2,11,True
SVR,0.3743374642781724,"{""regressor__tol"": 0.05, ""regressor__shrinking"": true, ""regressor__epsilon"": 0.1, ""regressor__coef0"": 1.0, ""regressor__C"": 5.0}",22000,172800,51.68,VP9,random,2,Prop0.2,11,True
CART,0.0180648875401248,"{""max_features"": 1.0, ""min_samples_leaf"": 2, ""splitter"": ""random""}",43200,172800,0.32,VP9,random,2,Prop0.2,12,True
kNN,1.1661713169971746,"{""n_neighbors"": 8, ""p"": 1, ""weights"": ""distance""}",22000,172800,224.86,VP9,random,2,Prop0.2,12,True
KRR,0.068787457763089,"{""regressor__kernel"": ""rbf"", ""regressor__gamma"": 0.1, ""regressor__alpha"": 0.01}",22000,172800,301.88,VP9,random,2,Prop0.2,12,True
MR,0.3886365309528635,"{""lasso__regressor__alpha"": 0.01}",43200,172800,5.72,VP9,random,2,Prop0.2,12,True
RF,0.0157961748913969,"{""max_features"": 1.0, ""min_samples_leaf"": 2, ""n_estimators"": 20}",43200,172800,4.12,VP9,random,2,Prop0.2,12,True
SVR,0.3776749795393186,"{""regressor__tol"": 0.05, ""regressor__shrinking"": true, ""regressor__epsilon"": 0.1, ""regressor__coef0"": 1.0, ""regressor__C"": 5.0}",22000,172800,62.17,VP9,random,2,Prop0.2,12,True
CART,0.0180600307660718,"{""max_features"": 1.0, ""min_samples_leaf"": 2, ""splitter"": ""random""}",43200,172800,0.27,VP9,random,2,Prop0.2,13,True
kNN,1.141063129491246,"{""n_neighbors"": 8, ""p"": 1, ""weights"": ""distance""}",22000,172800,206.76,VP9,random,2,Prop0.2,13,True
KRR,0.0688242122389285,"{""regressor__kernel"": ""rbf"", ""regressor__gamma"": 0.1, ""regressor__alpha"": 0.01}",22000,172800,306.12,VP9,random,2,Prop0.2,13,True
MR,0.3879386554868702,"{""lasso__regressor__alpha"": 0.01}",43200,172800,7.76,VP9,random,2,Prop0.2,13,True
RF,0.0157704799475673,"{""max_features"": 1.0, ""min_samples_leaf"": 2, ""n_estimators"": 20}",43200,172800,4.08,VP9,random,2,Prop0.2,13,True
SVR,0.3816340033854669,"{""regressor__tol"": 0.05, ""regressor__shrinking"": true, ""regressor__epsilon"": 0.1, ""regressor__coef0"": 1.0, ""regressor__C"": 5.0}",22000,172800,52.88,VP9,random,2,Prop0.2,13,True
CART,0.0183514403250165,"{""max_features"": 1.0, ""min_samples_leaf"": 2, ""splitter"": ""random""}",43200,172800,0.28,VP9,random,2,Prop0.2,14,True
kNN,1.1689010305714704,"{""n_neighbors"": 8, ""p"": 1, ""weights"": ""distance""}",22000,172800,212.3,VP9,random,2,Prop0.2,14,True
KRR,0.0686857415322789,"{""regressor__kernel"": ""rbf"", ""regressor__gamma"": 0.1, ""regressor__alpha"": 0.01}",22000,172800,311.62,VP9,random,2,Prop0.2,14,True
MR,0.3930744865966921,"{""lasso__regressor__alpha"": 0.01}",43200,172800,5.42,VP9,random,2,Prop0.2,14,True
RF,0.0158468135981363,"{""max_features"": 1.0, ""min_samples_leaf"": 2, ""n_estimators"": 20}",43200,172800,4.44,VP9,random,2,Prop0.2,14,True
SVR,0.379998682894285,"{""regressor__tol"": 0.05, ""regressor__shrinking"": true, ""regressor__epsilon"": 0.1, ""regressor__coef0"": 1.0, ""regressor__C"": 5.0}",22000,172800,54.36,VP9,random,2,Prop0.2,14,True
CART,0.0183074577186766,"{""max_features"": 1.0, ""min_samples_leaf"": 2, ""splitter"": ""random""}",43200,172800,0.32,VP9,random,2,Prop0.2,15,True
kNN,1.1684141358246731,"{""n_neighbors"": 8, ""p"": 1, ""weights"": ""distance""}",22000,172800,219.09,VP9,random,2,Prop0.2,15,True
KRR,0.0673712637519512,"{""regressor__kernel"": ""rbf"", ""regressor__gamma"": 0.1, ""regressor__alpha"": 0.01}",22000,172800,308.55,VP9,random,2,Prop0.2,15,True
MR,0.387364089522884,"{""lasso__regressor__alpha"": 0.01}",43200,172800,6.78,VP9,random,2,Prop0.2,15,True
RF,0.0157702871920414,"{""max_features"": 1.0, ""min_samples_leaf"": 2, ""n_estimators"": 20}",43200,172800,4.19,VP9,random,2,Prop0.2,15,True
SVR,0.3826205264225,"{""regressor__tol"": 0.05, ""regressor__shrinking"": true, ""regressor__epsilon"": 0.1, ""regressor__coef0"": 1.0, ""regressor__C"": 5.0}",22000,172800,51.5,VP9,random,2,Prop0.2,15,True
CART,0.0182198641652636,"{""max_features"": 1.0, ""min_samples_leaf"": 2, ""splitter"": ""random""}",43200,172800,0.33,VP9,random,2,Prop0.2,16,True
kNN,1.1598388441115597,"{""n_neighbors"": 8, ""p"": 1, ""weights"": ""distance""}",22000,172800,223.44,VP9,random,2,Prop0.2,16,True
KRR,0.0670502562374604,"{""regressor__kernel"": ""rbf"", ""regressor__gamma"": 0.1, ""regressor__alpha"": 0.01}",22000,172800,300.97,VP9,random,2,Prop0.2,16,True
MR,0.388479908903463,"{""lasso__regressor__alpha"": 0.01}",43200,172800,5.45,VP9,random,2,Prop0.2,16,True
RF,0.0158155902014945,"{""max_features"": 1.0, ""min_samples_leaf"": 2, ""n_estimators"": 20}",43200,172800,4.01,VP9,random,2,Prop0.2,16,True
SVR,0.3789972957328347,"{""regressor__tol"": 0.05, ""regressor__shrinking"": true, ""regressor__epsilon"": 0.1, ""regressor__coef0"": 1.0, ""regressor__C"": 5.0}",22000,172800,60.61,VP9,random,2,Prop0.2,16,True
CART,0.0182040662249885,"{""max_features"": 1.0, ""min_samples_leaf"": 2, ""splitter"": ""random""}",43200,172800,0.28,VP9,random,2,Prop0.2,17,True
kNN,1.175867401156393,"{""n_neighbors"": 8, ""p"": 1, ""weights"": ""distance""}",22000,172800,199.0,VP9,random,2,Prop0.2,17,True
KRR,0.0684546920089088,"{""regressor__kernel"": ""rbf"", ""regressor__gamma"": 0.1, ""regressor__alpha"": 0.01}",22000,172800,306.04,VP9,random,2,Prop0.2,17,True
MR,0.3857101164011819,"{""lasso__regressor__alpha"": 0.01}",43200,172800,9.74,VP9,random,2,Prop0.2,17,True
RF,0.0157696358931358,"{""max_features"": 1.0, ""min_samples_leaf"": 2, ""n_estimators"": 20}",43200,172800,4.59,VP9,random,2,Prop0.2,17,True
SVR,0.380119761331759,"{""regressor__tol"": 0.05, ""regressor__shrinking"": true, ""regressor__epsilon"": 0.1, ""regressor__coef0"": 1.0, ""regressor__C"": 5.0}",22000,172800,54.55,VP9,random,2,Prop0.2,17,True
CART,0.0180941775429683,"{""max_features"": 1.0, ""min_samples_leaf"": 2, ""splitter"": ""random""}",43200,172800,0.28,VP9,random,2,Prop0.2,18,True
kNN,1.1612944493397177,"{""n_neighbors"": 8, ""p"": 1, ""weights"": ""distance""}",22000,172800,212.93,VP9,random,2,Prop0.2,18,True
KRR,0.0678470570654777,"{""regressor__kernel"": ""rbf"", ""regressor__gamma"": 0.1, ""regressor__alpha"": 0.01}",22000,172800,311.89,VP9,random,2,Prop0.2,18,True
MR,0.3922778831189076,"{""lasso__regressor__alpha"": 0.01}",43200,172800,5.41,VP9,random,2,Prop0.2,18,True
RF,0.0157022940337421,"{""max_features"": 1.0, ""min_samples_leaf"": 2, ""n_estimators"": 20}",43200,172800,4.43,VP9,random,2,Prop0.2,18,True
SVR,0.3674065331469262,"{""regressor__tol"": 0.05, ""regressor__shrinking"": true, ""regressor__epsilon"": 0.1, ""regressor__coef0"": 1.0, ""regressor__C"": 5.0}",22000,172800,55.0,VP9,random,2,Prop0.2,18,True
CART,0.0182232362344432,"{""max_features"": 1.0, ""min_samples_leaf"": 2, ""splitter"": ""random""}",43200,172800,0.3,VP9,random,2,Prop0.2,19,True
kNN,1.119884736839355,"{""n_neighbors"": 8, ""p"": 1, ""weights"": ""distance""}",22000,172800,217.62,VP9,random,2,Prop0.2,19,True
KRR,0.0650647270907425,"{""regressor__kernel"": ""rbf"", ""regressor__gamma"": 0.1, ""regressor__alpha"": 0.01}",22000,172800,307.98,VP9,random,2,Prop0.2,19,True
MR,0.388516276963029,"{""lasso__regressor__alpha"": 0.01}",43200,172800,6.93,VP9,random,2,Prop0.2,19,True
RF,0.0157432176062747,"{""max_features"": 1.0, ""min_samples_leaf"": 2, ""n_estimators"": 20}",43200,172800,4.21,VP9,random,2,Prop0.2,19,True
SVR,0.3757017939303497,"{""regressor__tol"": 0.05, ""regressor__shrinking"": true, ""regressor__epsilon"": 0.1, ""regressor__coef0"": 1.0, ""regressor__C"": 5.0}",22000,172800,54.81,VP9,random,2,Prop0.2,19,True
CART,0.0182009373216673,"{""max_features"": 1.0, ""min_samples_leaf"": 2, ""splitter"": ""random""}",43200,172800,0.32,VP9,random,2,Prop0.2,20,True
kNN,1.142668688247246,"{""n_neighbors"": 8, ""p"": 1, ""weights"": ""distance""}",22000,172800,219.53,VP9,random,2,Prop0.2,20,True
KRR,0.0672417624563827,"{""regressor__kernel"": ""rbf"", ""regressor__gamma"": 0.1, ""regressor__alpha"": 0.01}",22000,172800,298.49,VP9,random,2,Prop0.2,20,True
MR,0.3839610766788572,"{""lasso__regressor__alpha"": 0.01}",43200,172800,6.06,VP9,random,2,Prop0.2,20,True
RF,0.0157530619305969,"{""max_features"": 1.0, ""min_samples_leaf"": 2, ""n_estimators"": 20}",43200,172800,4.32,VP9,random,2,Prop0.2,20,True
SVR,0.3783754211758263,"{""regressor__tol"": 0.05, ""regressor__shrinking"": true, ""regressor__epsilon"": 0.1, ""regressor__coef0"": 1.0, ""regressor__C"": 5.0}",22000,172800,63.76,VP9,random,2,Prop0.2,20,True
CART,0.0181889459322495,"{""max_features"": 1.0, ""min_samples_leaf"": 2, ""splitter"": ""random""}",43200,172800,0.27,VP9,random,2,Prop0.2,21,True
kNN,1.1313120045383736,"{""n_neighbors"": 8, ""p"": 1, ""weights"": ""distance""}",22000,172800,197.59,VP9,random,2,Prop0.2,21,True
KRR,0.0668797175802463,"{""regressor__kernel"": ""rbf"", ""regressor__gamma"": 0.1, ""regressor__alpha"": 0.01}",22000,172800,308.55,VP9,random,2,Prop0.2,21,True
MR,0.3862562857444696,"{""lasso__regressor__alpha"": 0.01}",43200,172800,8.8,VP9,random,2,Prop0.2,21,True
RF,0.0158009031016159,"{""max_features"": 1.0, ""min_samples_leaf"": 2, ""n_estimators"": 20}",43200,172800,4.82,VP9,random,2,Prop0.2,21,True
SVR,0.3727833517956198,"{""regressor__tol"": 0.05, ""regressor__shrinking"": true, ""regressor__epsilon"": 0.1, ""regressor__coef0"": 1.0, ""regressor__C"": 5.0}",22000,172800,56.71,VP9,random,2,Prop0.2,21,True
CART,0.0181055278470292,"{""max_features"": 1.0, ""min_samples_leaf"": 2, ""splitter"": ""random""}",43200,172800,0.28,VP9,random,2,Prop0.2,22,True
kNN,1.1131731355148962,"{""n_neighbors"": 8, ""p"": 1, ""weights"": ""distance""}",22000,172800,211.69,VP9,random,2,Prop0.2,22,True
KRR,0.0669485193253838,"{""regressor__kernel"": ""rbf"", ""regressor__gamma"": 0.1, ""regressor__alpha"": 0.01}",22000,172800,309.08,VP9,random,2,Prop0.2,22,True
MR,0.3927795366667295,"{""lasso__regressor__alpha"": 0.01}",43200,172800,5.43,VP9,random,2,Prop0.2,22,True
RF,0.0157811414317463,"{""max_features"": 1.0, ""min_samples_leaf"": 2, ""n_estimators"": 20}",43200,172800,4.27,VP9,random,2,Prop0.2,22,True
SVR,0.3723430755773942,"{""regressor__tol"": 0.05, ""regressor__shrinking"": true, ""regressor__epsilon"": 0.1, ""regressor__coef0"": 1.0, ""regressor__C"": 5.0}",22000,172800,55.7,VP9,random,2,Prop0.2,22,True
CART,0.018029008644355,"{""max_features"": 1.0, ""min_samples_leaf"": 2, ""splitter"": ""random""}",43200,172800,0.31,VP9,random,2,Prop0.2,23,True
kNN,1.1595902123794084,"{""n_neighbors"": 8, ""p"": 1, ""weights"": ""distance""}",22000,172800,219.27,VP9,random,2,Prop0.2,23,True
KRR,0.0679458775723183,"{""regressor__kernel"": ""rbf"", ""regressor__gamma"": 0.1, ""regressor__alpha"": 0.01}",22000,172800,304.33,VP9,random,2,Prop0.2,23,True
MR,0.3891356372875648,"{""lasso__regressor__alpha"": 0.01}",43200,172800,6.63,VP9,random,2,Prop0.2,23,True
RF,0.0158153924903288,"{""max_features"": 1.0, ""min_samples_leaf"": 2, ""n_estimators"": 20}",43200,172800,4.27,VP9,random,2,Prop0.2,23,True
SVR,0.3720742530579185,"{""regressor__tol"": 0.05, ""regressor__shrinking"": true, ""regressor__epsilon"": 0.1, ""regressor__coef0"": 1.0, ""regressor__C"": 5.0}",22000,172800,52.88,VP9,random,2,Prop0.2,23,True
CART,0.0181872893772787,"{""max_features"": 1.0, ""min_samples_leaf"": 2, ""splitter"": ""random""}",43200,172800,0.32,VP9,random,2,Prop0.2,24,True
kNN,1.1897147501066316,"{""n_neighbors"": 8, ""p"": 1, ""weights"": ""distance""}",22000,172800,218.06,VP9,random,2,Prop0.2,24,True
KRR,0.0690467151874808,"{""regressor__kernel"": ""rbf"", ""regressor__gamma"": 0.1, ""regressor__alpha"": 0.01}",22000,172800,296.08,VP9,random,2,Prop0.2,24,True
MR,0.3884616625469197,"{""lasso__regressor__alpha"": 0.01}",43200,172800,5.84,VP9,random,2,Prop0.2,24,True
RF,0.0157408536971462,"{""max_features"": 1.0, ""min_samples_leaf"": 2, ""n_estimators"": 20}",43200,172800,4.28,VP9,random,2,Prop0.2,24,True
SVR,0.3777253345870138,"{""regressor__tol"": 0.05, ""regressor__shrinking"": true, ""regressor__epsilon"": 0.1, ""regressor__coef0"": 1.0, ""regressor__C"": 5.0}",22000,172800,55.46,VP9,random,2,Prop0.2,24,True
CART,0.0180721779525142,"{""max_features"": 1.0, ""min_samples_leaf"": 2, ""splitter"": ""random""}",43200,172800,0.3,VP9,random,2,Prop0.2,25,True
kNN,1.1664607910461589,"{""n_neighbors"": 8, ""p"": 1, ""weights"": ""distance""}",22000,172800,203.39,VP9,random,2,Prop0.2,25,True
KRR,0.0679207972637256,"{""regressor__kernel"": ""rbf"", ""regressor__gamma"": 0.1, ""regressor__alpha"": 0.01}",22000,172800,308.25,VP9,random,2,Prop0.2,25,True
MR,0.3917361021092015,"{""lasso__regressor__alpha"": 0.01}",43200,172800,8.52,VP9,random,2,Prop0.2,25,True
RF,0.0156991448048183,"{""max_features"": 1.0, ""min_samples_leaf"": 2, ""n_estimators"": 20}",43200,172800,4.83,VP9,random,2,Prop0.2,25,True
SVR,0.377477577544027,"{""regressor__tol"": 0.05, ""regressor__shrinking"": true, ""regressor__epsilon"": 0.1, ""regressor__coef0"": 1.0, ""regressor__C"": 5.0}",22000,172800,54.98,VP9,random,2,Prop0.2,25,True
CART,0.0180600302078484,"{""max_features"": 1.0, ""min_samples_leaf"": 2, ""splitter"": ""random""}",43200,172800,0.28,VP9,random,2,Prop0.2,26,True
kNN,1.1567251172817257,"{""n_neighbors"": 8, ""p"": 1, ""weights"": ""distance""}",22000,172800,214.38,VP9,random,2,Prop0.2,26,True
KRR,0.0679386598076081,"{""regressor__kernel"": ""rbf"", ""regressor__gamma"": 0.1, ""regressor__alpha"": 0.01}",22000,172800,315.53,VP9,random,2,Prop0.2,26,True
MR,0.3887786082079837,"{""lasso__regressor__alpha"": 0.01}",43200,172800,8.2,VP9,random,2,Prop0.2,26,True
RF,0.0157500017006821,"{""max_features"": 1.0, ""min_samples_leaf"": 2, ""n_estimators"": 20}",43200,172800,4.58,VP9,random,2,Prop0.2,26,True
SVR,0.3762829553645011,"{""regressor__tol"": 0.05, ""regressor__shrinking"": true, ""regressor__epsilon"": 0.1, ""regressor__coef0"": 1.0, ""regressor__C"": 5.0}",22000,172800,51.27,VP9,random,2,Prop0.2,26,True
CART,0.0181641235818509,"{""max_features"": 1.0, ""min_samples_leaf"": 2, ""splitter"": ""random""}",43200,172800,0.32,VP9,random,2,Prop0.2,27,True
kNN,1.136813430762667,"{""n_neighbors"": 8, ""p"": 1, ""weights"": ""distance""}",22000,172800,212.39,VP9,random,2,Prop0.2,27,True
KRR,0.0684970216175891,"{""regressor__kernel"": ""rbf"", ""regressor__gamma"": 0.1, ""regressor__alpha"": 0.01}",22000,172800,312.14,VP9,random,2,Prop0.2,27,True
MR,0.3907897340707659,"{""lasso__regressor__alpha"": 0.01}",43200,172800,6.52,VP9,random,2,Prop0.2,27,True
RF,0.0157529320619026,"{""max_features"": 1.0, ""min_samples_leaf"": 2, ""n_estimators"": 20}",43200,172800,4.16,VP9,random,2,Prop0.2,27,True
SVR,0.3781486970645315,"{""regressor__tol"": 0.05, ""regressor__shrinking"": true, ""regressor__epsilon"": 0.1, ""regressor__coef0"": 1.0, ""regressor__C"": 5.0}",22000,172800,52.96,VP9,random,2,Prop0.2,27,True
CART,0.0181365526042495,"{""max_features"": 1.0, ""min_samples_leaf"": 2, ""splitter"": ""random""}",43200,172800,0.32,VP9,random,2,Prop0.2,28,True
kNN,1.1429576599419444,"{""n_neighbors"": 8, ""p"": 1, ""weights"": ""distance""}",22000,172800,219.99,VP9,random,2,Prop0.2,28,True
KRR,0.0678001100743883,"{""regressor__kernel"": ""rbf"", ""regressor__gamma"": 0.1, ""regressor__alpha"": 0.01}",22000,172800,296.04,VP9,random,2,Prop0.2,28,True
MR,0.3921784956867878,"{""lasso__regressor__alpha"": 0.01}",43200,172800,6.44,VP9,random,2,Prop0.2,28,True
RF,0.0157482090769972,"{""max_features"": 1.0, ""min_samples_leaf"": 2, ""n_estimators"": 20}",43200,172800,4.3,VP9,random,2,Prop0.2,28,True
SVR,0.3737742680056767,"{""regressor__tol"": 0.05, ""regressor__shrinking"": true, ""regressor__epsilon"": 0.1, ""regressor__coef0"": 1.0, ""regressor__C"": 5.0}",22000,172800,62.42,VP9,random,2,Prop0.2,28,True
CART,0.0181318071468,"{""max_features"": 1.0, ""min_samples_leaf"": 2, ""splitter"": ""random""}",43200,172800,0.29,VP9,random,2,Prop0.2,29,True
kNN,1.1667643609113356,"{""n_neighbors"": 8, ""p"": 1, ""weights"": ""distance""}",22000,172800,200.26,VP9,random,2,Prop0.2,29,True
KRR,0.0678378056714461,"{""regressor__kernel"": ""rbf"", ""regressor__gamma"": 0.1, ""regressor__alpha"": 0.01}",22000,172800,308.53,VP9,random,2,Prop0.2,29,True
MR,0.3879122038060283,"{""lasso__regressor__alpha"": 0.01}",43200,172800,10.21,VP9,random,2,Prop0.2,29,True
RF,0.0157646344865382,"{""max_features"": 1.0, ""min_samples_leaf"": 2, ""n_estimators"": 20}",43200,172800,4.69,VP9,random,2,Prop0.2,29,True
SVR,0.3797620388293359,"{""regressor__tol"": 0.05, ""regressor__shrinking"": true, ""regressor__epsilon"": 0.1, ""regressor__coef0"": 1.0, ""regressor__C"": 5.0}",22000,172800,54.89,VP9,random,2,Prop0.2,29,True
CART,0.0181386464973874,"{""max_features"": 1.0, ""min_samples_leaf"": 2, ""splitter"": ""random""}",43200,172800,0.29,VP9,random,2,Prop0.2,30,True
kNN,1.1286452518052206,"{""n_neighbors"": 8, ""p"": 1, ""weights"": ""distance""}",22000,172800,217.02,VP9,random,2,Prop0.2,30,True
KRR,0.067203761351165,"{""regressor__kernel"": ""rbf"", ""regressor__gamma"": 0.1, ""regressor__alpha"": 0.01}",22000,172800,323.06,VP9,random,2,Prop0.2,30,True
MR,0.3863309439162144,"{""lasso__regressor__alpha"": 0.01}",43200,172800,8.21,VP9,random,2,Prop0.2,30,True
RF,0.0157999732251073,"{""max_features"": 1.0, ""min_samples_leaf"": 2, ""n_estimators"": 20}",43200,172800,4.12,VP9,random,2,Prop0.2,30,True
SVR,0.3795515800575317,"{""regressor__tol"": 0.05, ""regressor__shrinking"": true, ""regressor__epsilon"": 0.1, ""regressor__coef0"": 1.0, ""regressor__C"": 5.0}",22000,172800,51.53,VP9,random,2,Prop0.2,30,True
CART,0.0181557556526909,"{""max_features"": 1.0, ""min_samples_leaf"": 2, ""splitter"": ""random""}",43200,172800,0.31,VP9,random,2,Prop0.2,31,True
kNN,1.125639041764922,"{""n_neighbors"": 8, ""p"": 1, ""weights"": ""distance""}",22000,172800,210.13,VP9,random,2,Prop0.2,31,True
KRR,0.0675413284218882,"{""regressor__kernel"": ""rbf"", ""regressor__gamma"": 0.1, ""regressor__alpha"": 0.01}",22000,172800,319.64,VP9,random,2,Prop0.2,31,True
MR,0.384538038201962,"{""lasso__regressor__alpha"": 0.01}",43200,172800,8.15,VP9,random,2,Prop0.2,31,True
RF,0.0157146867102639,"{""max_features"": 1.0, ""min_samples_leaf"": 2, ""n_estimators"": 20}",43200,172800,4.12,VP9,random,2,Prop0.2,31,True
SVR,0.3771255699651772,"{""regressor__tol"": 0.05, ""regressor__shrinking"": true, ""regressor__epsilon"": 0.1, ""regressor__coef0"": 1.0, ""regressor__C"": 5.0}",22000,172800,52.23,VP9,random,2,Prop0.2,31,True
CART,0.0181625603607773,"{""max_features"": 1.0, ""min_samples_leaf"": 2, ""splitter"": ""random""}",43200,172800,0.33,VP9,random,2,Prop0.2,32,True
kNN,1.139233697836867,"{""n_neighbors"": 8, ""p"": 1, ""weights"": ""distance""}",22000,172800,219.12,VP9,random,2,Prop0.2,32,True
KRR,0.0672422943592562,"{""regressor__kernel"": ""rbf"", ""regressor__gamma"": 0.1, ""regressor__alpha"": 0.01}",22000,172800,294.57,VP9,random,2,Prop0.2,32,True
MR,0.387432717182208,"{""lasso__regressor__alpha"": 0.01}",43200,172800,6.95,VP9,random,2,Prop0.2,32,True
RF,0.0157250960003695,"{""max_features"": 1.0, ""min_samples_leaf"": 2, ""n_estimators"": 20}",43200,172800,4.5,VP9,random,2,Prop0.2,32,True
SVR,0.3727120894892979,"{""regressor__tol"": 0.05, ""regressor__shrinking"": true, ""regressor__epsilon"": 0.1, ""regressor__coef0"": 1.0, ""regressor__C"": 5.0}",22000,172800,61.94,VP9,random,2,Prop0.2,32,True
CART,0.0182367479353458,"{""max_features"": 1.0, ""min_samples_leaf"": 2, ""splitter"": ""random""}",43200,172800,0.28,VP9,random,2,Prop0.2,33,True
kNN,1.1746232436526989,"{""n_neighbors"": 8, ""p"": 1, ""weights"": ""distance""}",22000,172800,194.46,VP9,random,2,Prop0.2,33,True
KRR,0.0675762218573814,"{""regressor__kernel"": ""rbf"", ""regressor__gamma"": 0.1, ""regressor__alpha"": 0.01}",22000,172800,307.47,VP9,random,2,Prop0.2,33,True
MR,0.3863145387272056,"{""lasso__regressor__alpha"": 0.01}",43200,172800,6.33,VP9,random,2,Prop0.2,33,True
RF,0.0157839585801985,"{""max_features"": 1.0, ""min_samples_leaf"": 2, ""n_estimators"": 20}",43200,172800,5.43,VP9,random,2,Prop0.2,33,True
SVR,0.3881095126077721,"{""regressor__tol"": 0.05, ""regressor__shrinking"": true, ""regressor__epsilon"": 0.1, ""regressor__coef0"": 1.0, ""regressor__C"": 5.0}",22000,172800,54.75,VP9,random,2,Prop0.2,33,True
CART,0.0181319750634363,"{""max_features"": 1.0, ""min_samples_leaf"": 2, ""splitter"": ""random""}",43200,172800,0.29,VP9,random,2,Prop0.2,34,True
kNN,1.144437426330478,"{""n_neighbors"": 8, ""p"": 1, ""weights"": ""distance""}",22000,172800,217.7,VP9,random,2,Prop0.2,34,True
KRR,0.0682504959552307,"{""regressor__kernel"": ""rbf"", ""regressor__gamma"": 0.1, ""regressor__alpha"": 0.01}",22000,172800,313.71,VP9,random,2,Prop0.2,34,True
MR,0.387843311191516,"{""lasso__regressor__alpha"": 0.01}",43200,172800,5.94,VP9,random,2,Prop0.2,34,True
RF,0.0157805622560408,"{""max_features"": 1.0, ""min_samples_leaf"": 2, ""n_estimators"": 20}",43200,172800,4.14,VP9,random,2,Prop0.2,34,True
SVR,0.3765608141519589,"{""regressor__tol"": 0.05, ""regressor__shrinking"": true, ""regressor__epsilon"": 0.1, ""regressor__coef0"": 1.0, ""regressor__C"": 5.0}",22000,172800,53.37,VP9,random,2,Prop0.2,34,True
CART,0.0183703636028813,"{""max_features"": 1.0, ""min_samples_leaf"": 2, ""splitter"": ""random""}",43200,172800,0.29,VP9,random,2,Prop0.2,35,True
kNN,1.1491897005735436,"{""n_neighbors"": 8, ""p"": 1, ""weights"": ""distance""}",22000,172800,208.59,VP9,random,2,Prop0.2,35,True
KRR,0.0681422933149299,"{""regressor__kernel"": ""rbf"", ""regressor__gamma"": 0.1, ""regressor__alpha"": 0.01}",22000,172800,312.86,VP9,random,2,Prop0.2,35,True
MR,0.392199621724746,"{""lasso__regressor__alpha"": 0.01}",43200,172800,7.92,VP9,random,2,Prop0.2,35,True
RF,0.0158823245548754,"{""max_features"": 1.0, ""min_samples_leaf"": 2, ""n_estimators"": 20}",43200,172800,4.45,VP9,random,2,Prop0.2,35,True
SVR,0.3732458256505979,"{""regressor__tol"": 0.05, ""regressor__shrinking"": true, ""regressor__epsilon"": 0.1, ""regressor__coef0"": 1.0, ""regressor__C"": 5.0}",22000,172800,54.62,VP9,random,2,Prop0.2,35,True
CART,0.0181786978431976,"{""max_features"": 1.0, ""min_samples_leaf"": 2, ""splitter"": ""random""}",43200,172800,0.31,VP9,random,2,Prop0.2,36,True
kNN,1.205553148067275,"{""n_neighbors"": 8, ""p"": 1, ""weights"": ""distance""}",22000,172800,218.46,VP9,random,2,Prop0.2,36,True
KRR,0.0695394731863295,"{""regressor__kernel"": ""rbf"", ""regressor__gamma"": 0.1, ""regressor__alpha"": 0.01}",22000,172800,293.71,VP9,random,2,Prop0.2,36,True
MR,0.3854312758497049,"{""lasso__regressor__alpha"": 0.01}",43200,172800,6.47,VP9,random,2,Prop0.2,36,True
RF,0.0157258246620861,"{""max_features"": 1.0, ""min_samples_leaf"": 2, ""n_estimators"": 20}",43200,172800,4.51,VP9,random,2,Prop0.2,36,True
SVR,0.3739111767633609,"{""regressor__tol"": 0.05, ""regressor__shrinking"": true, ""regressor__epsilon"": 0.1, ""regressor__coef0"": 1.0, ""regressor__C"": 5.0}",22000,172800,61.49,VP9,random,2,Prop0.2,36,True
CART,0.0178410963813899,"{""max_features"": 1.0, ""min_samples_leaf"": 2, ""splitter"": ""random""}",43200,172800,0.28,VP9,random,2,Prop0.2,37,True
kNN,1.1877456306025245,"{""n_neighbors"": 8, ""p"": 1, ""weights"": ""distance""}",22000,172800,189.34,VP9,random,2,Prop0.2,37,True
KRR,0.0695641225278338,"{""regressor__kernel"": ""rbf"", ""regressor__gamma"": 0.1, ""regressor__alpha"": 0.01}",22000,172800,308.45,VP9,random,2,Prop0.2,37,True
MR,0.3883708905666785,"{""lasso__regressor__alpha"": 0.01}",43200,172800,6.24,VP9,random,2,Prop0.2,37,True
RF,0.0156266323823008,"{""max_features"": 1.0, ""min_samples_leaf"": 2, ""n_estimators"": 20}",43200,172800,4.48,VP9,random,2,Prop0.2,37,True
SVR,0.3806320489196006,"{""regressor__tol"": 0.05, ""regressor__shrinking"": true, ""regressor__epsilon"": 0.1, ""regressor__coef0"": 1.0, ""regressor__C"": 5.0}",22000,172800,56.74,VP9,random,2,Prop0.2,37,True
CART,0.0181085307927466,"{""max_features"": 1.0, ""min_samples_leaf"": 2, ""splitter"": ""random""}",43200,172800,0.3,VP9,random,2,Prop0.2,38,True
kNN,1.1735786062169815,"{""n_neighbors"": 8, ""p"": 1, ""weights"": ""distance""}",22000,172800,214.38,VP9,random,2,Prop0.2,38,True
KRR,0.0673108697960728,"{""regressor__kernel"": ""rbf"", ""regressor__gamma"": 0.1, ""regressor__alpha"": 0.01}",22000,172800,292.47,VP9,random,2,Prop0.2,38,True
MR,0.3881395381135942,"{""lasso__regressor__alpha"": 0.01}",43200,172800,6.25,VP9,random,2,Prop0.2,38,True
RF,0.0157277729035844,"{""max_features"": 1.0, ""min_samples_leaf"": 2, ""n_estimators"": 20}",43200,172800,4.38,VP9,random,2,Prop0.2,38,True
SVR,0.383794755097031,"{""regressor__tol"": 0.05, ""regressor__shrinking"": true, ""regressor__epsilon"": 0.1, ""regressor__coef0"": 1.0, ""regressor__C"": 5.0}",22000,172800,60.69,VP9,random,2,Prop0.2,38,True
CART,0.0179976417043133,"{""max_features"": 1.0, ""min_samples_leaf"": 2, ""splitter"": ""random""}",43200,172800,0.29,VP9,random,2,Prop0.2,39,True
kNN,1.13133062026537,"{""n_neighbors"": 8, ""p"": 1, ""weights"": ""distance""}",22000,172800,208.55,VP9,random,2,Prop0.2,39,True
KRR,0.066022289487017,"{""regressor__kernel"": ""rbf"", ""regressor__gamma"": 0.1, ""regressor__alpha"": 0.01}",22000,172800,312.93,VP9,random,2,Prop0.2,39,True
MR,0.3854365815605809,"{""lasso__regressor__alpha"": 0.01}",43200,172800,5.92,VP9,random,2,Prop0.2,39,True
RF,0.0157175653950081,"{""max_features"": 1.0, ""min_samples_leaf"": 2, ""n_estimators"": 20}",43200,172800,4.41,VP9,random,2,Prop0.2,39,True
SVR,0.3632937236517588,"{""regressor__tol"": 0.05, ""regressor__shrinking"": true, ""regressor__epsilon"": 0.1, ""regressor__coef0"": 1.0, ""regressor__C"": 5.0}",22000,172800,55.06,VP9,random,2,Prop0.2,39,True
CART,0.0180757560063886,"{""max_features"": 1.0, ""min_samples_leaf"": 2, ""splitter"": ""random""}",43200,172800,0.32,VP9,random,2,Prop0.2,40,True
kNN,1.1269890892122567,"{""n_neighbors"": 8, ""p"": 1, ""weights"": ""distance""}",22000,172800,215.7,VP9,random,2,Prop0.2,40,True
KRR,0.065763569661824,"{""regressor__kernel"": ""rbf"", ""regressor__gamma"": 0.1, ""regressor__alpha"": 0.01}",22000,172800,310.61,VP9,random,2,Prop0.2,40,True
MR,0.3867862179963772,"{""lasso__regressor__alpha"": 0.01}",43200,172800,6.11,VP9,random,2,Prop0.2,40,True
RF,0.015761388917932,"{""max_features"": 1.0, ""min_samples_leaf"": 2, ""n_estimators"": 20}",43200,172800,4.11,VP9,random,2,Prop0.2,40,True
SVR,0.3725667726904785,"{""regressor__tol"": 0.05, ""regressor__shrinking"": true, ""regressor__epsilon"": 0.1, ""regressor__coef0"": 1.0, ""regressor__C"": 5.0}",22000,172800,53.68,VP9,random,2,Prop0.2,40,True
CART,0.0180992409531524,"{""max_features"": 1.0, ""min_samples_leaf"": 2, ""splitter"": ""random""}",43200,172800,0.3,VP9,random,2,Prop0.2,41,True
kNN,1.1673771602928589,"{""n_neighbors"": 8, ""p"": 1, ""weights"": ""distance""}",22000,172800,184.75,VP9,random,2,Prop0.2,41,True
KRR,0.0659341975072321,"{""regressor__kernel"": ""rbf"", ""regressor__gamma"": 0.1, ""regressor__alpha"": 0.01}",22000,172800,308.38,VP9,random,2,Prop0.2,41,True
MR,0.3895679464777919,"{""lasso__regressor__alpha"": 0.01}",43200,172800,6.22,VP9,random,2,Prop0.2,41,True
RF,0.0157315200828317,"{""max_features"": 1.0, ""min_samples_leaf"": 2, ""n_estimators"": 20}",43200,172800,4.46,VP9,random,2,Prop0.2,41,True
SVR,0.3738416745971849,"{""regressor__tol"": 0.05, ""regressor__shrinking"": true, ""regressor__epsilon"": 0.1, ""regressor__coef0"": 1.0, ""regressor__C"": 5.0}",22000,172800,57.13,VP9,random,2,Prop0.2,41,True
CART,0.0179846048347749,"{""max_features"": 1.0, ""min_samples_leaf"": 2, ""splitter"": ""random""}",43200,172800,0.29,VP9,random,2,Prop0.2,42,True
kNN,1.1577980480908303,"{""n_neighbors"": 8, ""p"": 1, ""weights"": ""distance""}",22000,172800,213.53,VP9,random,2,Prop0.2,42,True
KRR,0.0686038277230142,"{""regressor__kernel"": ""rbf"", ""regressor__gamma"": 0.1, ""regressor__alpha"": 0.01}",22000,172800,292.22,VP9,random,2,Prop0.2,42,True
MR,0.3897321914617708,"{""lasso__regressor__alpha"": 0.01}",43200,172800,6.17,VP9,random,2,Prop0.2,42,True
RF,0.0156624656895761,"{""max_features"": 1.0, ""min_samples_leaf"": 2, ""n_estimators"": 20}",43200,172800,4.3,VP9,random,2,Prop0.2,42,True
SVR,0.3750575129749861,"{""regressor__tol"": 0.05, ""regressor__shrinking"": true, ""regressor__epsilon"": 0.1, ""regressor__coef0"": 1.0, ""regressor__C"": 5.0}",22000,172800,65.12,VP9,random,2,Prop0.2,42,True
CART,0.0181374644059895,"{""max_features"": 1.0, ""min_samples_leaf"": 2, ""splitter"": ""random""}",43200,172800,0.29,VP9,random,2,Prop0.2,43,True
kNN,1.14614855090328,"{""n_neighbors"": 8, ""p"": 1, ""weights"": ""distance""}",22000,172800,205.57,VP9,random,2,Prop0.2,43,True
KRR,0.0679099006764739,"{""regressor__kernel"": ""rbf"", ""regressor__gamma"": 0.1, ""regressor__alpha"": 0.01}",22000,172800,309.57,VP9,random,2,Prop0.2,43,True
MR,0.3879033454131294,"{""lasso__regressor__alpha"": 0.01}",43200,172800,5.63,VP9,random,2,Prop0.2,43,True
RF,0.015747123834133,"{""max_features"": 1.0, ""min_samples_leaf"": 2, ""n_estimators"": 20}",43200,172800,4.38,VP9,random,2,Prop0.2,43,True
SVR,0.3773329898851724,"{""regressor__tol"": 0.05, ""regressor__shrinking"": true, ""regressor__epsilon"": 0.1, ""regressor__coef0"": 1.0, ""regressor__C"": 5.0}",22000,172800,52.69,VP9,random,2,Prop0.2,43,True
CART,0.0180527076237841,"{""max_features"": 1.0, ""min_samples_leaf"": 2, ""splitter"": ""random""}",43200,172800,0.32,VP9,random,2,Prop0.2,44,True
kNN,1.123612389236674,"{""n_neighbors"": 8, ""p"": 1, ""weights"": ""distance""}",22000,172800,215.77,VP9,random,2,Prop0.2,44,True
KRR,0.066749036817526,"{""regressor__kernel"": ""rbf"", ""regressor__gamma"": 0.1, ""regressor__alpha"": 0.01}",22000,172800,304.96,VP9,random,2,Prop0.2,44,True
MR,0.3902191666169217,"{""lasso__regressor__alpha"": 0.01}",43200,172800,6.09,VP9,random,2,Prop0.2,44,True
RF,0.0157453263678443,"{""max_features"": 1.0, ""min_samples_leaf"": 2, ""n_estimators"": 20}",43200,172800,4.08,VP9,random,2,Prop0.2,44,True
SVR,0.3698748995787311,"{""regressor__tol"": 0.05, ""regressor__shrinking"": true, ""regressor__epsilon"": 0.1, ""regressor__coef0"": 1.0, ""regressor__C"": 5.0}",22000,172800,51.92,VP9,random,2,Prop0.2,44,True
CART,0.0182375650265944,"{""max_features"": 1.0, ""min_samples_leaf"": 2, ""splitter"": ""random""}",43200,172800,0.33,VP9,random,2,Prop0.2,45,True
kNN,1.1544654659904303,"{""n_neighbors"": 8, ""p"": 1, ""weights"": ""distance""}",22000,172800,183.16,VP9,random,2,Prop0.2,45,True
KRR,0.0669738261962715,"{""regressor__kernel"": ""rbf"", ""regressor__gamma"": 0.1, ""regressor__alpha"": 0.01}",22000,172800,310.11,VP9,random,2,Prop0.2,45,True
MR,0.3874725687581993,"{""lasso__regressor__alpha"": 0.01}",43200,172800,6.15,VP9,random,2,Prop0.2,45,True
RF,0.015782844271543,"{""max_features"": 1.0, ""min_samples_leaf"": 2, ""n_estimators"": 20}",43200,172800,4.51,VP9,random,2,Prop0.2,45,True
SVR,0.3818281343915248,"{""regressor__tol"": 0.05, ""regressor__shrinking"": true, ""regressor__epsilon"": 0.1, ""regressor__coef0"": 1.0, ""regressor__C"": 5.0}",22000,172800,55.74,VP9,random,2,Prop0.2,45,True
CART,0.0179508418659553,"{""max_features"": 1.0, ""min_samples_leaf"": 2, ""splitter"": ""random""}",43200,172800,0.29,VP9,random,2,Prop0.2,46,True
kNN,1.1633494580913966,"{""n_neighbors"": 8, ""p"": 1, ""weights"": ""distance""}",22000,172800,212.06,VP9,random,2,Prop0.2,46,True
KRR,0.0675363531370577,"{""regressor__kernel"": ""rbf"", ""regressor__gamma"": 0.1, ""regressor__alpha"": 0.01}",22000,172800,293.18,VP9,random,2,Prop0.2,46,True
MR,0.3868283035083751,"{""lasso__regressor__alpha"": 0.01}",43200,172800,6.06,VP9,random,2,Prop0.2,46,True
RF,0.0157523960593018,"{""max_features"": 1.0, ""min_samples_leaf"": 2, ""n_estimators"": 20}",43200,172800,4.47,VP9,random,2,Prop0.2,46,True
SVR,0.3749087202405181,"{""regressor__tol"": 0.05, ""regressor__shrinking"": true, ""regressor__epsilon"": 0.1, ""regressor__coef0"": 1.0, ""regressor__C"": 5.0}",22000,172800,63.02,VP9,random,2,Prop0.2,46,True
CART,0.0179714791822358,"{""max_features"": 1.0, ""min_samples_leaf"": 2, ""splitter"": ""random""}",43200,172800,0.29,VP9,random,2,Prop0.2,47,True
kNN,1.190841335717047,"{""n_neighbors"": 8, ""p"": 1, ""weights"": ""distance""}",22000,172800,204.14,VP9,random,2,Prop0.2,47,True
KRR,0.0682898986915285,"{""regressor__kernel"": ""rbf"", ""regressor__gamma"": 0.1, ""regressor__alpha"": 0.01}",22000,172800,309.24,VP9,random,2,Prop0.2,47,True
MR,0.3883964994036387,"{""lasso__regressor__alpha"": 0.01}",43200,172800,5.9,VP9,random,2,Prop0.2,47,True
RF,0.0156204352192446,"{""max_features"": 1.0, ""min_samples_leaf"": 2, ""n_estimators"": 20}",43200,172800,4.05,VP9,random,2,Prop0.2,47,True
SVR,0.3785943812848932,"{""regressor__tol"": 0.05, ""regressor__shrinking"": true, ""regressor__epsilon"": 0.1, ""regressor__coef0"": 1.0, ""regressor__C"": 5.0}",22000,172800,55.61,VP9,random,2,Prop0.2,47,True
CART,0.0181689591330297,"{""max_features"": 1.0, ""min_samples_leaf"": 2, ""splitter"": ""random""}",43200,172800,0.32,VP9,random,2,Prop0.2,48,True
kNN,1.1584405460795058,"{""n_neighbors"": 8, ""p"": 1, ""weights"": ""distance""}",22000,172800,216.49,VP9,random,2,Prop0.2,48,True
KRR,0.0677603789056778,"{""regressor__kernel"": ""rbf"", ""regressor__gamma"": 0.1, ""regressor__alpha"": 0.01}",22000,172800,302.2,VP9,random,2,Prop0.2,48,True
MR,0.3912578939851139,"{""lasso__regressor__alpha"": 0.01}",43200,172800,5.67,VP9,random,2,Prop0.2,48,True
RF,0.0157344415013518,"{""max_features"": 1.0, ""min_samples_leaf"": 2, ""n_estimators"": 20}",43200,172800,4.06,VP9,random,2,Prop0.2,48,True
SVR,0.3768379707446467,"{""regressor__tol"": 0.05, ""regressor__shrinking"": true, ""regressor__epsilon"": 0.1, ""regressor__coef0"": 1.0, ""regressor__C"": 5.0}",22000,172800,53.84,VP9,random,2,Prop0.2,48,True
CART,0.0181747534920593,"{""max_features"": 1.0, ""min_samples_leaf"": 2, ""splitter"": ""random""}",43200,172800,0.32,VP9,random,2,Prop0.2,49,True
kNN,1.1315018600497084,"{""n_neighbors"": 8, ""p"": 1, ""weights"": ""distance""}",22000,172800,185.46,VP9,random,2,Prop0.2,49,True
KRR,0.0685093625367577,"{""regressor__kernel"": ""rbf"", ""regressor__gamma"": 0.1, ""regressor__alpha"": 0.01}",22000,172800,310.38,VP9,random,2,Prop0.2,49,True
MR,0.3871181986361368,"{""lasso__regressor__alpha"": 0.01}",43200,172800,6.23,VP9,random,2,Prop0.2,49,True
RF,0.015780751677659,"{""max_features"": 1.0, ""min_samples_leaf"": 2, ""n_estimators"": 20}",43200,172800,4.47,VP9,random,2,Prop0.2,49,True
SVR,0.3692172778239469,"{""regressor__tol"": 0.05, ""regressor__shrinking"": true, ""regressor__epsilon"": 0.1, ""regressor__coef0"": 1.0, ""regressor__C"": 5.0}",22000,172800,54.61,VP9,random,2,Prop0.2,49,True
CART,0.0181366760557194,"{""max_features"": 1.0, ""min_samples_leaf"": 2, ""splitter"": ""random""}",43200,172800,0.29,VP9,random,2,Prop0.2,50,True
kNN,1.1249929342440304,"{""n_neighbors"": 8, ""p"": 1, ""weights"": ""distance""}",22000,172800,208.96,VP9,random,2,Prop0.2,50,True
KRR,0.065656760588193,"{""regressor__kernel"": ""rbf"", ""regressor__gamma"": 0.1, ""regressor__alpha"": 0.01}",22000,172800,289.53,VP9,random,2,Prop0.2,50,True
MR,0.3850861356359302,"{""lasso__regressor__alpha"": 0.01}",43200,172800,6.07,VP9,random,2,Prop0.2,50,True
RF,0.0158102676156135,"{""max_features"": 1.0, ""min_samples_leaf"": 2, ""n_estimators"": 20}",43200,172800,4.31,VP9,random,2,Prop0.2,50,True
SVR,0.373912134021812,"{""regressor__tol"": 0.05, ""regressor__shrinking"": true, ""regressor__epsilon"": 0.1, ""regressor__coef0"": 1.0, ""regressor__C"": 5.0}",22000,172800,64.55,VP9,random,2,Prop0.2,50,True
CART,0.0182424066130299,"{""max_features"": 1.0, ""min_samples_leaf"": 2, ""splitter"": ""random""}",43200,172800,0.29,VP9,random,2,Prop0.2,51,True
kNN,1.1892397794070553,"{""n_neighbors"": 8, ""p"": 1, ""weights"": ""distance""}",22000,172800,202.31,VP9,random,2,Prop0.2,51,True
KRR,0.0674855458658426,"{""regressor__kernel"": ""rbf"", ""regressor__gamma"": 0.1, ""regressor__alpha"": 0.01}",22000,172800,309.38,VP9,random,2,Prop0.2,51,True
MR,0.3859847513289704,"{""lasso__regressor__alpha"": 0.01}",43200,172800,5.62,VP9,random,2,Prop0.2,51,True
RF,0.0159429633780667,"{""max_features"": 1.0, ""min_samples_leaf"": 2, ""n_estimators"": 20}",43200,172800,4.06,VP9,random,2,Prop0.2,51,True
SVR,0.3852713603807033,"{""regressor__tol"": 0.05, ""regressor__shrinking"": true, ""regressor__epsilon"": 0.1, ""regressor__coef0"": 1.0, ""regressor__C"": 5.0}",22000,172800,52.15,VP9,random,2,Prop0.2,51,True
CART,0.0180206197778942,"{""max_features"": 1.0, ""min_samples_leaf"": 2, ""splitter"": ""random""}",43200,172800,0.32,VP9,random,2,Prop0.2,52,True
kNN,1.133967164198619,"{""n_neighbors"": 8, ""p"": 1, ""weights"": ""distance""}",22000,172800,215.23,VP9,random,2,Prop0.2,52,True
KRR,0.0665290151213287,"{""regressor__kernel"": ""rbf"", ""regressor__gamma"": 0.1, ""regressor__alpha"": 0.01}",22000,172800,301.99,VP9,random,2,Prop0.2,52,True
MR,0.3893629056582435,"{""lasso__regressor__alpha"": 0.01}",43200,172800,5.43,VP9,random,2,Prop0.2,52,True
RF,0.015724632208801,"{""max_features"": 1.0, ""min_samples_leaf"": 2, ""n_estimators"": 20}",43200,172800,4.07,VP9,random,2,Prop0.2,52,True
SVR,0.3735215520619085,"{""regressor__tol"": 0.05, ""regressor__shrinking"": true, ""regressor__epsilon"": 0.1, ""regressor__coef0"": 1.0, ""regressor__C"": 5.0}",22000,172800,53.95,VP9,random,2,Prop0.2,52,True
CART,0.0179561439660415,"{""max_features"": 1.0, ""min_samples_leaf"": 2, ""splitter"": ""random""}",43200,172800,0.39,VP9,random,2,Prop0.2,53,True
kNN,1.135455143472916,"{""n_neighbors"": 8, ""p"": 1, ""weights"": ""distance""}",22000,172800,184.51,VP9,random,2,Prop0.2,53,True
KRR,0.0673160797580504,"{""regressor__kernel"": ""rbf"", ""regressor__gamma"": 0.1, ""regressor__alpha"": 0.01}",22000,172800,308.63,VP9,random,2,Prop0.2,53,True
MR,0.3870900918693874,"{""lasso__regressor__alpha"": 0.01}",43200,172800,6.25,VP9,random,2,Prop0.2,53,True
RF,0.0157359127565676,"{""max_features"": 1.0, ""min_samples_leaf"": 2, ""n_estimators"": 20}",43200,172800,4.49,VP9,random,2,Prop0.2,53,True
SVR,0.3831802450148628,"{""regressor__tol"": 0.05, ""regressor__shrinking"": true, ""regressor__epsilon"": 0.1, ""regressor__coef0"": 1.0, ""regressor__C"": 5.0}",22000,172800,56.85,VP9,random,2,Prop0.2,53,True
CART,0.0181889772839144,"{""max_features"": 1.0, ""min_samples_leaf"": 2, ""splitter"": ""random""}",43200,172800,0.29,VP9,random,2,Prop0.2,54,True
kNN,1.1770076506388414,"{""n_neighbors"": 8, ""p"": 1, ""weights"": ""distance""}",22000,172800,212.05,VP9,random,2,Prop0.2,54,True
KRR,0.0680048144130142,"{""regressor__kernel"": ""rbf"", ""regressor__gamma"": 0.1, ""regressor__alpha"": 0.01}",22000,172800,288.08,VP9,random,2,Prop0.2,54,True
MR,0.3877903701340861,"{""lasso__regressor__alpha"": 0.01}",43200,172800,6.12,VP9,random,2,Prop0.2,54,True
RF,0.0157520721176539,"{""max_features"": 1.0, ""min_samples_leaf"": 2, ""n_estimators"": 20}",43200,172800,4.47,VP9,random,2,Prop0.2,54,True
SVR,0.3813982080136756,"{""regressor__tol"": 0.05, ""regressor__shrinking"": true, ""regressor__epsilon"": 0.1, ""regressor__coef0"": 1.0, ""regressor__C"": 5.0}",22000,172800,63.57,VP9,random,2,Prop0.2,54,True
CART,0.0181510424767064,"{""max_features"": 1.0, ""min_samples_leaf"": 2, ""splitter"": ""random""}",43200,172800,0.29,VP9,random,2,Prop0.2,55,True
kNN,1.1328392959229912,"{""n_neighbors"": 8, ""p"": 1, ""weights"": ""distance""}",22000,172800,200.47,VP9,random,2,Prop0.2,55,True
KRR,0.067966298972863,"{""regressor__kernel"": ""rbf"", ""regressor__gamma"": 0.1, ""regressor__alpha"": 0.01}",22000,172800,307.78,VP9,random,2,Prop0.2,55,True
MR,0.3889768460814106,"{""lasso__regressor__alpha"": 0.01}",43200,172800,5.78,VP9,random,2,Prop0.2,55,True
RF,0.0157283990719401,"{""max_features"": 1.0, ""min_samples_leaf"": 2, ""n_estimators"": 20}",43200,172800,4.05,VP9,random,2,Prop0.2,55,True
SVR,0.3846433887295754,"{""regressor__tol"": 0.05, ""regressor__shrinking"": true, ""regressor__epsilon"": 0.1, ""regressor__coef0"": 1.0, ""regressor__C"": 5.0}",22000,172800,53.29,VP9,random,2,Prop0.2,55,True
CART,0.018076811559316,"{""max_features"": 1.0, ""min_samples_leaf"": 2, ""splitter"": ""random""}",43200,172800,0.31,VP9,random,2,Prop0.2,56,True
kNN,1.1681589248228892,"{""n_neighbors"": 8, ""p"": 1, ""weights"": ""distance""}",22000,172800,211.72,VP9,random,2,Prop0.2,56,True
KRR,0.067158980808381,"{""regressor__kernel"": ""rbf"", ""regressor__gamma"": 0.1, ""regressor__alpha"": 0.01}",22000,172800,302.34,VP9,random,2,Prop0.2,56,True
MR,0.3900527436034554,"{""lasso__regressor__alpha"": 0.01}",43200,172800,5.57,VP9,random,2,Prop0.2,56,True
RF,0.015669583882692,"{""max_features"": 1.0, ""min_samples_leaf"": 2, ""n_estimators"": 20}",43200,172800,4.09,VP9,random,2,Prop0.2,56,True
SVR,0.3763933612730804,"{""regressor__tol"": 0.05, ""regressor__shrinking"": true, ""regressor__epsilon"": 0.1, ""regressor__coef0"": 1.0, ""regressor__C"": 5.0}",22000,172800,54.46,VP9,random,2,Prop0.2,56,True
CART,0.0181314291707867,"{""max_features"": 1.0, ""min_samples_leaf"": 2, ""splitter"": ""random""}",43200,172800,0.28,VP9,random,2,Prop0.2,57,True
kNN,1.1459455773973986,"{""n_neighbors"": 8, ""p"": 1, ""weights"": ""distance""}",22000,172800,191.94,VP9,random,2,Prop0.2,57,True
KRR,0.0681488574793637,"{""regressor__kernel"": ""rbf"", ""regressor__gamma"": 0.1, ""regressor__alpha"": 0.01}",22000,172800,307.14,VP9,random,2,Prop0.2,57,True
MR,0.388823019649465,"{""lasso__regressor__alpha"": 0.01}",43200,172800,6.24,VP9,random,2,Prop0.2,57,True
RF,0.0157954480214215,"{""max_features"": 1.0, ""min_samples_leaf"": 2, ""n_estimators"": 20}",43200,172800,4.46,VP9,random,2,Prop0.2,57,True
SVR,0.3750205837230753,"{""regressor__tol"": 0.05, ""regressor__shrinking"": true, ""regressor__epsilon"": 0.1, ""regressor__coef0"": 1.0, ""regressor__C"": 5.0}",22000,172800,56.76,VP9,random,2,Prop0.2,57,True
CART,0.0181734403250943,"{""max_features"": 1.0, ""min_samples_leaf"": 2, ""splitter"": ""random""}",43200,172800,0.31,VP9,random,2,Prop0.2,58,True
kNN,1.1633398236342751,"{""n_neighbors"": 8, ""p"": 1, ""weights"": ""distance""}",22000,172800,214.34,VP9,random,2,Prop0.2,58,True
KRR,0.0686713419003143,"{""regressor__kernel"": ""rbf"", ""regressor__gamma"": 0.1, ""regressor__alpha"": 0.01}",22000,172800,287.48,VP9,random,2,Prop0.2,58,True
MR,0.3898635498731712,"{""lasso__regressor__alpha"": 0.01}",43200,172800,6.39,VP9,random,2,Prop0.2,58,True
RF,0.0158222562462948,"{""max_features"": 1.0, ""min_samples_leaf"": 2, ""n_estimators"": 20}",43200,172800,4.39,VP9,random,2,Prop0.2,58,True
SVR,0.3799639710722815,"{""regressor__tol"": 0.05, ""regressor__shrinking"": true, ""regressor__epsilon"": 0.1, ""regressor__coef0"": 1.0, ""regressor__C"": 5.0}",22000,172800,62.23,VP9,random,2,Prop0.2,58,True
CART,0.0182477161147699,"{""max_features"": 1.0, ""min_samples_leaf"": 2, ""splitter"": ""random""}",43200,172800,0.29,VP9,random,2,Prop0.2,59,True
kNN,1.123322734831406,"{""n_neighbors"": 8, ""p"": 1, ""weights"": ""distance""}",22000,172800,199.89,VP9,random,2,Prop0.2,59,True
KRR,0.0669630572120854,"{""regressor__kernel"": ""rbf"", ""regressor__gamma"": 0.1, ""regressor__alpha"": 0.01}",22000,172800,305.12,VP9,random,2,Prop0.2,59,True
MR,0.388489414155474,"{""lasso__regressor__alpha"": 0.01}",43200,172800,5.65,VP9,random,2,Prop0.2,59,True
RF,0.0158390538276842,"{""max_features"": 1.0, ""min_samples_leaf"": 2, ""n_estimators"": 20}",43200,172800,4.14,VP9,random,2,Prop0.2,59,True
SVR,0.3758040370063901,"{""regressor__tol"": 0.05, ""regressor__shrinking"": true, ""regressor__epsilon"": 0.1, ""regressor__coef0"": 1.0, ""regressor__C"": 5.0}",22000,172800,54.25,VP9,random,2,Prop0.2,59,True
CART,0.018294067972131,"{""max_features"": 1.0, ""min_samples_leaf"": 2, ""splitter"": ""random""}",43200,172800,0.32,VP9,random,2,Prop0.2,60,True
kNN,1.1552737037103995,"{""n_neighbors"": 8, ""p"": 1, ""weights"": ""distance""}",22000,172800,213.85,VP9,random,2,Prop0.2,60,True
KRR,0.0669245047697067,"{""regressor__kernel"": ""rbf"", ""regressor__gamma"": 0.1, ""regressor__alpha"": 0.01}",22000,172800,299.79,VP9,random,2,Prop0.2,60,True
MR,0.388073252738658,"{""lasso__regressor__alpha"": 0.01}",43200,172800,5.51,VP9,random,2,Prop0.2,60,True
RF,0.0157998298311541,"{""max_features"": 1.0, ""min_samples_leaf"": 2, ""n_estimators"": 20}",43200,172800,4.03,VP9,random,2,Prop0.2,60,True
SVR,0.3777771622306638,"{""regressor__tol"": 0.05, ""regressor__shrinking"": true, ""regressor__epsilon"": 0.1, ""regressor__coef0"": 1.0, ""regressor__C"": 5.0}",22000,172800,54.68,VP9,random,2,Prop0.2,60,True
CART,0.0182667721786145,"{""max_features"": 1.0, ""min_samples_leaf"": 2, ""splitter"": ""random""}",43200,172800,0.32,VP9,random,2,Prop0.2,61,True
kNN,1.1706776123556428,"{""n_neighbors"": 8, ""p"": 1, ""weights"": ""distance""}",22000,172800,194.02,VP9,random,2,Prop0.2,61,True
KRR,0.0685441215525326,"{""regressor__kernel"": ""rbf"", ""regressor__gamma"": 0.1, ""regressor__alpha"": 0.01}",22000,172800,307.6,VP9,random,2,Prop0.2,61,True
MR,0.3934716909655477,"{""lasso__regressor__alpha"": 0.01}",43200,172800,6.27,VP9,random,2,Prop0.2,61,True
RF,0.0157822723589692,"{""max_features"": 1.0, ""min_samples_leaf"": 2, ""n_estimators"": 20}",43200,172800,4.51,VP9,random,2,Prop0.2,61,True
SVR,0.3847601818511794,"{""regressor__tol"": 0.05, ""regressor__shrinking"": true, ""regressor__epsilon"": 0.1, ""regressor__coef0"": 1.0, ""regressor__C"": 5.0}",22000,172800,56.83,VP9,random,2,Prop0.2,61,True
CART,0.0183026995545056,"{""max_features"": 1.0, ""min_samples_leaf"": 2, ""splitter"": ""random""}",43200,172800,0.29,VP9,random,2,Prop0.2,62,True
kNN,1.1483506737888118,"{""n_neighbors"": 8, ""p"": 1, ""weights"": ""distance""}",22000,172800,197.61,VP9,random,2,Prop0.2,62,True
KRR,0.0664701287864698,"{""regressor__kernel"": ""rbf"", ""regressor__gamma"": 0.1, ""regressor__alpha"": 0.01}",22000,172800,305.21,VP9,random,2,Prop0.2,62,True
MR,0.3896163927397129,"{""lasso__regressor__alpha"": 0.01}",43200,172800,6.24,VP9,random,2,Prop0.2,62,True
RF,0.0159347736533015,"{""max_features"": 1.0, ""min_samples_leaf"": 2, ""n_estimators"": 20}",43200,172800,4.1,VP9,random,2,Prop0.2,62,True
SVR,0.3777284358346836,"{""regressor__tol"": 0.05, ""regressor__shrinking"": true, ""regressor__epsilon"": 0.1, ""regressor__coef0"": 1.0, ""regressor__C"": 5.0}",22000,172800,54.43,VP9,random,2,Prop0.2,62,True
CART,0.0179088013449598,"{""max_features"": 1.0, ""min_samples_leaf"": 2, ""splitter"": ""random""}",43200,172800,0.32,VP9,random,2,Prop0.2,63,True
kNN,1.1470134270937744,"{""n_neighbors"": 8, ""p"": 1, ""weights"": ""distance""}",22000,172800,211.38,VP9,random,2,Prop0.2,63,True
KRR,0.0678021157482269,"{""regressor__kernel"": ""rbf"", ""regressor__gamma"": 0.1, ""regressor__alpha"": 0.01}",22000,172800,287.74,VP9,random,2,Prop0.2,63,True
MR,0.3870909900428823,"{""lasso__regressor__alpha"": 0.01}",43200,172800,6.6,VP9,random,2,Prop0.2,63,True
RF,0.0156879340283606,"{""max_features"": 1.0, ""min_samples_leaf"": 2, ""n_estimators"": 20}",43200,172800,4.31,VP9,random,2,Prop0.2,63,True
SVR,0.3863814348832597,"{""regressor__tol"": 0.05, ""regressor__shrinking"": true, ""regressor__epsilon"": 0.1, ""regressor__coef0"": 1.0, ""regressor__C"": 5.0}",22000,172800,62.79,VP9,random,2,Prop0.2,63,True
CART,0.0179422429278632,"{""max_features"": 1.0, ""min_samples_leaf"": 2, ""splitter"": ""random""}",43200,172800,0.31,VP9,random,2,Prop0.2,64,True
kNN,1.1463157020298864,"{""n_neighbors"": 8, ""p"": 1, ""weights"": ""distance""}",22000,172800,211.61,VP9,random,2,Prop0.2,64,True
KRR,0.0667749340882808,"{""regressor__kernel"": ""rbf"", ""regressor__gamma"": 0.1, ""regressor__alpha"": 0.01}",22000,172800,299.55,VP9,random,2,Prop0.2,64,True
MR,0.3893291312779854,"{""lasso__regressor__alpha"": 0.01}",43200,172800,5.49,VP9,random,2,Prop0.2,64,True
RF,0.0156619142663571,"{""max_features"": 1.0, ""min_samples_leaf"": 2, ""n_estimators"": 20}",43200,172800,4.06,VP9,random,2,Prop0.2,64,True
SVR,0.371901330200232,"{""regressor__tol"": 0.05, ""regressor__shrinking"": true, ""regressor__epsilon"": 0.1, ""regressor__coef0"": 1.0, ""regressor__C"": 5.0}",22000,172800,54.01,VP9,random,2,Prop0.2,64,True
CART,0.0181028651474529,"{""max_features"": 1.0, ""min_samples_leaf"": 2, ""splitter"": ""random""}",43200,172800,0.32,VP9,random,2,Prop0.2,65,True
kNN,1.161397146059371,"{""n_neighbors"": 8, ""p"": 1, ""weights"": ""distance""}",22000,172800,195.93,VP9,random,2,Prop0.2,65,True
KRR,0.0670459155203458,"{""regressor__kernel"": ""rbf"", ""regressor__gamma"": 0.1, ""regressor__alpha"": 0.01}",22000,172800,309.63,VP9,random,2,Prop0.2,65,True
MR,0.3877334300736092,"{""lasso__regressor__alpha"": 0.01}",43200,172800,6.25,VP9,random,2,Prop0.2,65,True
RF,0.0156814147872515,"{""max_features"": 1.0, ""min_samples_leaf"": 2, ""n_estimators"": 20}",43200,172800,4.47,VP9,random,2,Prop0.2,65,True
SVR,0.3690988439273422,"{""regressor__tol"": 0.05, ""regressor__shrinking"": true, ""regressor__epsilon"": 0.1, ""regressor__coef0"": 1.0, ""regressor__C"": 5.0}",22000,172800,57.4,VP9,random,2,Prop0.2,65,True
CART,0.0182023751658296,"{""max_features"": 1.0, ""min_samples_leaf"": 2, ""splitter"": ""random""}",43200,172800,0.28,VP9,random,2,Prop0.2,66,True
kNN,1.1381742614871166,"{""n_neighbors"": 8, ""p"": 1, ""weights"": ""distance""}",22000,172800,197.34,VP9,random,2,Prop0.2,66,True
KRR,0.0662165080415429,"{""regressor__kernel"": ""rbf"", ""regressor__gamma"": 0.1, ""regressor__alpha"": 0.01}",22000,172800,306.25,VP9,random,2,Prop0.2,66,True
MR,0.3888738250800513,"{""lasso__regressor__alpha"": 0.01}",43200,172800,8.85,VP9,random,2,Prop0.2,66,True
RF,0.0158010368935702,"{""max_features"": 1.0, ""min_samples_leaf"": 2, ""n_estimators"": 20}",43200,172800,4.11,VP9,random,2,Prop0.2,66,True
SVR,0.3644532801075451,"{""regressor__tol"": 0.05, ""regressor__shrinking"": true, ""regressor__epsilon"": 0.1, ""regressor__coef0"": 1.0, ""regressor__C"": 5.0}",22000,172800,52.67,VP9,random,2,Prop0.2,66,True
CART,0.0183932572773954,"{""max_features"": 1.0, ""min_samples_leaf"": 2, ""splitter"": ""random""}",43200,172800,0.33,VP9,random,2,Prop0.2,67,True
kNN,1.1404151274712593,"{""n_neighbors"": 8, ""p"": 1, ""weights"": ""distance""}",22000,172800,206.88,VP9,random,2,Prop0.2,67,True
KRR,0.0670429069035158,"{""regressor__kernel"": ""rbf"", ""regressor__gamma"": 0.1, ""regressor__alpha"": 0.01}",22000,172800,286.88,VP9,random,2,Prop0.2,67,True
MR,0.3910324803363182,"{""lasso__regressor__alpha"": 0.01}",43200,172800,7.88,VP9,random,2,Prop0.2,67,True
RF,0.0158026511968828,"{""max_features"": 1.0, ""min_samples_leaf"": 2, ""n_estimators"": 20}",43200,172800,4.37,VP9,random,2,Prop0.2,67,True
SVR,0.3750566059193861,"{""regressor__tol"": 0.05, ""regressor__shrinking"": true, ""regressor__epsilon"": 0.1, ""regressor__coef0"": 1.0, ""regressor__C"": 5.0}",22000,172800,61.62,VP9,random,2,Prop0.2,67,True
CART,0.0182664933558783,"{""max_features"": 1.0, ""min_samples_leaf"": 2, ""splitter"": ""random""}",43200,172800,0.31,VP9,random,2,Prop0.2,68,True
kNN,1.1453792131321363,"{""n_neighbors"": 8, ""p"": 1, ""weights"": ""distance""}",22000,172800,211.66,VP9,random,2,Prop0.2,68,True
KRR,0.0686109626164516,"{""regressor__kernel"": ""rbf"", ""regressor__gamma"": 0.1, ""regressor__alpha"": 0.01}",22000,172800,301.42,VP9,random,2,Prop0.2,68,True
MR,0.3908925378213757,"{""lasso__regressor__alpha"": 0.01}",43200,172800,5.5,VP9,random,2,Prop0.2,68,True
RF,0.0159041625123901,"{""max_features"": 1.0, ""min_samples_leaf"": 2, ""n_estimators"": 20}",43200,172800,4.08,VP9,random,2,Prop0.2,68,True
SVR,0.3796507162006707,"{""regressor__tol"": 0.05, ""regressor__shrinking"": true, ""regressor__epsilon"": 0.1, ""regressor__coef0"": 1.0, ""regressor__C"": 5.0}",22000,172800,53.75,VP9,random,2,Prop0.2,68,True
CART,0.0182029639760339,"{""max_features"": 1.0, ""min_samples_leaf"": 2, ""splitter"": ""random""}",43200,172800,0.32,VP9,random,2,Prop0.2,69,True
kNN,1.1564580571332597,"{""n_neighbors"": 8, ""p"": 1, ""weights"": ""distance""}",22000,172800,197.15,VP9,random,2,Prop0.2,69,True
KRR,0.0679568301372317,"{""regressor__kernel"": ""rbf"", ""regressor__gamma"": 0.1, ""regressor__alpha"": 0.01}",22000,172800,307.47,VP9,random,2,Prop0.2,69,True
MR,0.3861373635109501,"{""lasso__regressor__alpha"": 0.01}",43200,172800,6.14,VP9,random,2,Prop0.2,69,True
RF,0.015727380703252,"{""max_features"": 1.0, ""min_samples_leaf"": 2, ""n_estimators"": 20}",43200,172800,4.47,VP9,random,2,Prop0.2,69,True
SVR,0.382799913273228,"{""regressor__tol"": 0.05, ""regressor__shrinking"": true, ""regressor__epsilon"": 0.1, ""regressor__coef0"": 1.0, ""regressor__C"": 5.0}",22000,172800,55.67,VP9,random,2,Prop0.2,69,True
CART,0.0182217431531663,"{""max_features"": 1.0, ""min_samples_leaf"": 2, ""splitter"": ""random""}",43200,172800,0.3,VP9,random,2,Prop0.2,70,True
kNN,1.140536680784899,"{""n_neighbors"": 8, ""p"": 1, ""weights"": ""distance""}",22000,172800,196.08,VP9,random,2,Prop0.2,70,True
KRR,0.0681817493701881,"{""regressor__kernel"": ""rbf"", ""regressor__gamma"": 0.1, ""regressor__alpha"": 0.01}",22000,172800,306.6,VP9,random,2,Prop0.2,70,True
MR,0.3909554775447743,"{""lasso__regressor__alpha"": 0.01}",43200,172800,9.07,VP9,random,2,Prop0.2,70,True
RF,0.0158088340759337,"{""max_features"": 1.0, ""min_samples_leaf"": 2, ""n_estimators"": 20}",43200,172800,4.57,VP9,random,2,Prop0.2,70,True
SVR,0.3723966322873857,"{""regressor__tol"": 0.05, ""regressor__shrinking"": true, ""regressor__epsilon"": 0.1, ""regressor__coef0"": 1.0, ""regressor__C"": 5.0}",22000,172800,55.81,VP9,random,2,Prop0.2,70,True
CART,0.0182076667088825,"{""max_features"": 1.0, ""min_samples_leaf"": 2, ""splitter"": ""random""}",43200,172800,0.31,VP9,random,2,Prop0.2,71,True
kNN,1.15080939614693,"{""n_neighbors"": 8, ""p"": 1, ""weights"": ""distance""}",22000,172800,212.04,VP9,random,2,Prop0.2,71,True
KRR,0.0672397645321181,"{""regressor__kernel"": ""rbf"", ""regressor__gamma"": 0.1, ""regressor__alpha"": 0.01}",22000,172800,287.61,VP9,random,2,Prop0.2,71,True
MR,0.3864869398091304,"{""lasso__regressor__alpha"": 0.01}",43200,172800,7.83,VP9,random,2,Prop0.2,71,True
RF,0.0157902802561107,"{""max_features"": 1.0, ""min_samples_leaf"": 2, ""n_estimators"": 20}",43200,172800,4.52,VP9,random,2,Prop0.2,71,True
SVR,0.3724242903793847,"{""regressor__tol"": 0.05, ""regressor__shrinking"": true, ""regressor__epsilon"": 0.1, ""regressor__coef0"": 1.0, ""regressor__C"": 5.0}",22000,172800,64.38,VP9,random,2,Prop0.2,71,True
CART,0.0180833553284196,"{""max_features"": 1.0, ""min_samples_leaf"": 2, ""splitter"": ""random""}",43200,172800,0.31,VP9,random,2,Prop0.2,72,True
kNN,1.1369127972214652,"{""n_neighbors"": 8, ""p"": 1, ""weights"": ""distance""}",22000,172800,212.7,VP9,random,2,Prop0.2,72,True
KRR,0.0670217928295488,"{""regressor__kernel"": ""rbf"", ""regressor__gamma"": 0.1, ""regressor__alpha"": 0.01}",22000,172800,300.81,VP9,random,2,Prop0.2,72,True
MR,0.3901191577858278,"{""lasso__regressor__alpha"": 0.01}",43200,172800,5.55,VP9,random,2,Prop0.2,72,True
RF,0.0158022450903206,"{""max_features"": 1.0, ""min_samples_leaf"": 2, ""n_estimators"": 20}",43200,172800,4.23,VP9,random,2,Prop0.2,72,True
SVR,0.3798031570737333,"{""regressor__tol"": 0.05, ""regressor__shrinking"": true, ""regressor__epsilon"": 0.1, ""regressor__coef0"": 1.0, ""regressor__C"": 5.0}",22000,172800,54.32,VP9,random,2,Prop0.2,72,True
CART,0.0180460890489657,"{""max_features"": 1.0, ""min_samples_leaf"": 2, ""splitter"": ""random""}",43200,172800,0.32,VP9,random,2,Prop0.2,73,True
kNN,1.1277820880696192,"{""n_neighbors"": 8, ""p"": 1, ""weights"": ""distance""}",22000,172800,195.03,VP9,random,2,Prop0.2,73,True
KRR,0.0676519860575466,"{""regressor__kernel"": ""rbf"", ""regressor__gamma"": 0.1, ""regressor__alpha"": 0.01}",22000,172800,307.94,VP9,random,2,Prop0.2,73,True
MR,0.3892030840537679,"{""lasso__regressor__alpha"": 0.01}",43200,172800,6.26,VP9,random,2,Prop0.2,73,True
RF,0.0156905864951162,"{""max_features"": 1.0, ""min_samples_leaf"": 2, ""n_estimators"": 20}",43200,172800,4.45,VP9,random,2,Prop0.2,73,True
SVR,0.3755772574570216,"{""regressor__tol"": 0.05, ""regressor__shrinking"": true, ""regressor__epsilon"": 0.1, ""regressor__coef0"": 1.0, ""regressor__C"": 5.0}",22000,172800,54.48,VP9,random,2,Prop0.2,73,True
CART,0.0181148589887392,"{""max_features"": 1.0, ""min_samples_leaf"": 2, ""splitter"": ""random""}",43200,172800,0.28,VP9,random,2,Prop0.2,74,True
kNN,1.1759145738326846,"{""n_neighbors"": 8, ""p"": 1, ""weights"": ""distance""}",22000,172800,194.1,VP9,random,2,Prop0.2,74,True
KRR,0.0671036227454257,"{""regressor__kernel"": ""rbf"", ""regressor__gamma"": 0.1, ""regressor__alpha"": 0.01}",22000,172800,306.36,VP9,random,2,Prop0.2,74,True
MR,0.3892536619354715,"{""lasso__regressor__alpha"": 0.01}",43200,172800,9.22,VP9,random,2,Prop0.2,74,True
RF,0.0157440810661692,"{""max_features"": 1.0, ""min_samples_leaf"": 2, ""n_estimators"": 20}",43200,172800,4.45,VP9,random,2,Prop0.2,74,True
SVR,0.372185435953623,"{""regressor__tol"": 0.05, ""regressor__shrinking"": true, ""regressor__epsilon"": 0.1, ""regressor__coef0"": 1.0, ""regressor__C"": 5.0}",22000,172800,54.2,VP9,random,2,Prop0.2,74,True
CART,0.0181346031150456,"{""max_features"": 1.0, ""min_samples_leaf"": 2, ""splitter"": ""random""}",43200,172800,0.35,VP9,random,2,Prop0.2,75,True
kNN,1.1445929788795004,"{""n_neighbors"": 8, ""p"": 1, ""weights"": ""distance""}",22000,172800,211.44,VP9,random,2,Prop0.2,75,True
KRR,0.0651476941301344,"{""regressor__kernel"": ""rbf"", ""regressor__gamma"": 0.1, ""regressor__alpha"": 0.01}",22000,172800,286.75,VP9,random,2,Prop0.2,75,True
MR,0.3852063933628575,"{""lasso__regressor__alpha"": 0.01}",43200,172800,7.83,VP9,random,2,Prop0.2,75,True
RF,0.0157115003121451,"{""max_features"": 1.0, ""min_samples_leaf"": 2, ""n_estimators"": 20}",43200,172800,4.46,VP9,random,2,Prop0.2,75,True
SVR,0.381083297214115,"{""regressor__tol"": 0.05, ""regressor__shrinking"": true, ""regressor__epsilon"": 0.1, ""regressor__coef0"": 1.0, ""regressor__C"": 5.0}",22000,172800,62.18,VP9,random,2,Prop0.2,75,True
CART,0.0181379283355692,"{""max_features"": 1.0, ""min_samples_leaf"": 2, ""splitter"": ""random""}",43200,172800,0.31,VP9,random,2,Prop0.2,76,True
kNN,1.1363296339374196,"{""n_neighbors"": 8, ""p"": 1, ""weights"": ""distance""}",22000,172800,210.9,VP9,random,2,Prop0.2,76,True
KRR,0.0658713601782384,"{""regressor__kernel"": ""rbf"", ""regressor__gamma"": 0.1, ""regressor__alpha"": 0.01}",22000,172800,299.32,VP9,random,2,Prop0.2,76,True
MR,0.3930378936863939,"{""lasso__regressor__alpha"": 0.01}",43200,172800,6.15,VP9,random,2,Prop0.2,76,True
RF,0.0157789972274615,"{""max_features"": 1.0, ""min_samples_leaf"": 2, ""n_estimators"": 20}",43200,172800,4.45,VP9,random,2,Prop0.2,76,True
SVR,0.3739011178005961,"{""regressor__tol"": 0.05, ""regressor__shrinking"": true, ""regressor__epsilon"": 0.1, ""regressor__coef0"": 1.0, ""regressor__C"": 5.0}",22000,172800,53.15,VP9,random,2,Prop0.2,76,True
CART,0.0180358808284902,"{""max_features"": 1.0, ""min_samples_leaf"": 2, ""splitter"": ""random""}",43200,172800,0.32,VP9,random,2,Prop0.2,77,True
kNN,1.158964738561431,"{""n_neighbors"": 8, ""p"": 1, ""weights"": ""distance""}",22000,172800,194.99,VP9,random,2,Prop0.2,77,True
KRR,0.068384204373545,"{""regressor__kernel"": ""rbf"", ""regressor__gamma"": 0.1, ""regressor__alpha"": 0.01}",22000,172800,307.78,VP9,random,2,Prop0.2,77,True
MR,0.3877921021011695,"{""lasso__regressor__alpha"": 0.01}",43200,172800,6.26,VP9,random,2,Prop0.2,77,True
RF,0.015727525942154,"{""max_features"": 1.0, ""min_samples_leaf"": 2, ""n_estimators"": 20}",43200,172800,4.47,VP9,random,2,Prop0.2,77,True
SVR,0.3746409885488893,"{""regressor__tol"": 0.05, ""regressor__shrinking"": true, ""regressor__epsilon"": 0.1, ""regressor__coef0"": 1.0, ""regressor__C"": 5.0}",22000,172800,55.2,VP9,random,2,Prop0.2,77,True
CART,0.0182826293507542,"{""max_features"": 1.0, ""min_samples_leaf"": 2, ""splitter"": ""random""}",43200,172800,0.28,VP9,random,2,Prop0.2,78,True
kNN,1.155532029021877,"{""n_neighbors"": 8, ""p"": 1, ""weights"": ""distance""}",22000,172800,195.25,VP9,random,2,Prop0.2,78,True
KRR,0.069287343135237,"{""regressor__kernel"": ""rbf"", ""regressor__gamma"": 0.1, ""regressor__alpha"": 0.01}",22000,172800,307.08,VP9,random,2,Prop0.2,78,True
MR,0.3891253229766882,"{""lasso__regressor__alpha"": 0.01}",43200,172800,9.36,VP9,random,2,Prop0.2,78,True
RF,0.015701438340685,"{""max_features"": 1.0, ""min_samples_leaf"": 2, ""n_estimators"": 20}",43200,172800,4.63,VP9,random,2,Prop0.2,78,True
SVR,0.3795429256421897,"{""regressor__tol"": 0.05, ""regressor__shrinking"": true, ""regressor__epsilon"": 0.1, ""regressor__coef0"": 1.0, ""regressor__C"": 5.0}",22000,172800,56.02,VP9,random,2,Prop0.2,78,True
CART,0.0180881145369427,"{""max_features"": 1.0, ""min_samples_leaf"": 2, ""splitter"": ""random""}",43200,172800,0.29,VP9,random,2,Prop0.2,79,True
kNN,1.119902196589719,"{""n_neighbors"": 8, ""p"": 1, ""weights"": ""distance""}",22000,172800,210.48,VP9,random,2,Prop0.2,79,True
KRR,0.0665682086959851,"{""regressor__kernel"": ""rbf"", ""regressor__gamma"": 0.1, ""regressor__alpha"": 0.01}",22000,172800,287.11,VP9,random,2,Prop0.2,79,True
MR,0.3881861136055322,"{""lasso__regressor__alpha"": 0.01}",43200,172800,7.72,VP9,random,2,Prop0.2,79,True
RF,0.0157526975061708,"{""max_features"": 1.0, ""min_samples_leaf"": 2, ""n_estimators"": 20}",43200,172800,4.54,VP9,random,2,Prop0.2,79,True
SVR,0.3774151690727981,"{""regressor__tol"": 0.05, ""regressor__shrinking"": true, ""regressor__epsilon"": 0.1, ""regressor__coef0"": 1.0, ""regressor__C"": 5.0}",22000,172800,64.32,VP9,random,2,Prop0.2,79,True
CART,0.0179963492733982,"{""max_features"": 1.0, ""min_samples_leaf"": 2, ""splitter"": ""random""}",43200,172800,0.31,VP9,random,2,Prop0.2,80,True
kNN,1.1345878549099684,"{""n_neighbors"": 8, ""p"": 1, ""weights"": ""distance""}",22000,172800,212.97,VP9,random,2,Prop0.2,80,True
KRR,0.0680443604837283,"{""regressor__kernel"": ""rbf"", ""regressor__gamma"": 0.1, ""regressor__alpha"": 0.01}",22000,172800,298.1,VP9,random,2,Prop0.2,80,True
MR,0.3898057723433499,"{""lasso__regressor__alpha"": 0.01}",43200,172800,7.05,VP9,random,2,Prop0.2,80,True
RF,0.0156525694617046,"{""max_features"": 1.0, ""min_samples_leaf"": 2, ""n_estimators"": 20}",43200,172800,4.27,VP9,random,2,Prop0.2,80,True
SVR,0.3729581462979071,"{""regressor__tol"": 0.05, ""regressor__shrinking"": true, ""regressor__epsilon"": 0.1, ""regressor__coef0"": 1.0, ""regressor__C"": 5.0}",22000,172800,53.94,VP9,random,2,Prop0.2,80,True
CART,0.0181598691455677,"{""max_features"": 1.0, ""min_samples_leaf"": 2, ""splitter"": ""random""}",43200,172800,0.31,VP9,random,2,Prop0.2,81,True
kNN,1.1461148004805244,"{""n_neighbors"": 8, ""p"": 1, ""weights"": ""distance""}",22000,172800,194.67,VP9,random,2,Prop0.2,81,True
KRR,0.0680696803003195,"{""regressor__kernel"": ""rbf"", ""regressor__gamma"": 0.1, ""regressor__alpha"": 0.01}",22000,172800,304.08,VP9,random,2,Prop0.2,81,True
MR,0.3854561308012373,"{""lasso__regressor__alpha"": 0.01}",43200,172800,6.38,VP9,random,2,Prop0.2,81,True
RF,0.0158158870067824,"{""max_features"": 1.0, ""min_samples_leaf"": 2, ""n_estimators"": 20}",43200,172800,4.49,VP9,random,2,Prop0.2,81,True
SVR,0.3726977385409097,"{""regressor__tol"": 0.05, ""regressor__shrinking"": true, ""regressor__epsilon"": 0.1, ""regressor__coef0"": 1.0, ""regressor__C"": 5.0}",22000,172800,56.18,VP9,random,2,Prop0.2,81,True
CART,0.0181381738289672,"{""max_features"": 1.0, ""min_samples_leaf"": 2, ""splitter"": ""random""}",43200,172800,0.31,VP9,random,2,Prop0.2,82,True
kNN,1.1288357080610087,"{""n_neighbors"": 8, ""p"": 1, ""weights"": ""distance""}",22000,172800,194.72,VP9,random,2,Prop0.2,82,True
KRR,0.0678489207018676,"{""regressor__kernel"": ""rbf"", ""regressor__gamma"": 0.1, ""regressor__alpha"": 0.01}",22000,172800,306.32,VP9,random,2,Prop0.2,82,True
MR,0.3890088121853262,"{""lasso__regressor__alpha"": 0.01}",43200,172800,7.87,VP9,random,2,Prop0.2,82,True
RF,0.0156901407612111,"{""max_features"": 1.0, ""min_samples_leaf"": 2, ""n_estimators"": 20}",43200,172800,4.83,VP9,random,2,Prop0.2,82,True
SVR,0.3832516700522923,"{""regressor__tol"": 0.05, ""regressor__shrinking"": true, ""regressor__epsilon"": 0.1, ""regressor__coef0"": 1.0, ""regressor__C"": 5.0}",22000,172800,53.54,VP9,random,2,Prop0.2,82,True
CART,0.0180826768184817,"{""max_features"": 1.0, ""min_samples_leaf"": 2, ""splitter"": ""random""}",43200,172800,0.38,VP9,random,2,Prop0.2,83,True
kNN,1.1455074021599263,"{""n_neighbors"": 8, ""p"": 1, ""weights"": ""distance""}",22000,172800,210.05,VP9,random,2,Prop0.2,83,True
KRR,0.0685033936603677,"{""regressor__kernel"": ""rbf"", ""regressor__gamma"": 0.1, ""regressor__alpha"": 0.01}",22000,172800,285.69,VP9,random,2,Prop0.2,83,True
MR,0.3891383213693224,"{""lasso__regressor__alpha"": 0.01}",43200,172800,7.86,VP9,random,2,Prop0.2,83,True
RF,0.015743048177452,"{""max_features"": 1.0, ""min_samples_leaf"": 2, ""n_estimators"": 20}",43200,172800,4.61,VP9,random,2,Prop0.2,83,True
SVR,0.3762511359927042,"{""regressor__tol"": 0.05, ""regressor__shrinking"": true, ""regressor__epsilon"": 0.1, ""regressor__coef0"": 1.0, ""regressor__C"": 5.0}",22000,172800,53.05,VP9,random,2,Prop0.2,83,True
CART,0.0181369914530459,"{""max_features"": 1.0, ""min_samples_leaf"": 2, ""splitter"": ""random""}",43200,172800,0.31,VP9,random,2,Prop0.2,84,True
kNN,1.1548221567538868,"{""n_neighbors"": 8, ""p"": 1, ""weights"": ""distance""}",22000,172800,213.11,VP9,random,2,Prop0.2,84,True
KRR,0.067982929188547,"{""regressor__kernel"": ""rbf"", ""regressor__gamma"": 0.1, ""regressor__alpha"": 0.01}",22000,172800,296.18,VP9,random,2,Prop0.2,84,True
MR,0.3875871055513972,"{""lasso__regressor__alpha"": 0.01}",43200,172800,6.31,VP9,random,2,Prop0.2,84,True
RF,0.0158383077896081,"{""max_features"": 1.0, ""min_samples_leaf"": 2, ""n_estimators"": 20}",43200,172800,4.46,VP9,random,2,Prop0.2,84,True
SVR,0.3794221127920001,"{""regressor__tol"": 0.05, ""regressor__shrinking"": true, ""regressor__epsilon"": 0.1, ""regressor__coef0"": 1.0, ""regressor__C"": 5.0}",22000,172800,54.07,VP9,random,2,Prop0.2,84,True
CART,0.017941816515533,"{""max_features"": 1.0, ""min_samples_leaf"": 2, ""splitter"": ""random""}",43200,172800,0.32,VP9,random,2,Prop0.2,85,True
kNN,1.170818215066847,"{""n_neighbors"": 8, ""p"": 1, ""weights"": ""distance""}",22000,172800,197.05,VP9,random,2,Prop0.2,85,True
KRR,0.0682185777927918,"{""regressor__kernel"": ""rbf"", ""regressor__gamma"": 0.1, ""regressor__alpha"": 0.01}",22000,172800,310.53,VP9,random,2,Prop0.2,85,True
MR,0.3869617623731333,"{""lasso__regressor__alpha"": 0.01}",43200,172800,6.17,VP9,random,2,Prop0.2,85,True
RF,0.0157527128107036,"{""max_features"": 1.0, ""min_samples_leaf"": 2, ""n_estimators"": 20}",43200,172800,4.47,VP9,random,2,Prop0.2,85,True
SVR,0.3817089268789332,"{""regressor__tol"": 0.05, ""regressor__shrinking"": true, ""regressor__epsilon"": 0.1, ""regressor__coef0"": 1.0, ""regressor__C"": 5.0}",22000,172800,55.43,VP9,random,2,Prop0.2,85,True
CART,0.0180334992468187,"{""max_features"": 1.0, ""min_samples_leaf"": 2, ""splitter"": ""random""}",43200,172800,0.3,VP9,random,2,Prop0.2,86,True
kNN,1.124150362620972,"{""n_neighbors"": 8, ""p"": 1, ""weights"": ""distance""}",22000,172800,195.11,VP9,random,2,Prop0.2,86,True
KRR,0.0671610122357302,"{""regressor__kernel"": ""rbf"", ""regressor__gamma"": 0.1, ""regressor__alpha"": 0.01}",22000,172800,306.98,VP9,random,2,Prop0.2,86,True
MR,0.3859051863070304,"{""lasso__regressor__alpha"": 0.01}",43200,172800,7.78,VP9,random,2,Prop0.2,86,True
RF,0.0157588144271398,"{""max_features"": 1.0, ""min_samples_leaf"": 2, ""n_estimators"": 20}",43200,172800,4.76,VP9,random,2,Prop0.2,86,True
SVR,0.3824026876526161,"{""regressor__tol"": 0.05, ""regressor__shrinking"": true, ""regressor__epsilon"": 0.1, ""regressor__coef0"": 1.0, ""regressor__C"": 5.0}",22000,172800,54.01,VP9,random,2,Prop0.2,86,True
CART,0.0181905995304669,"{""max_features"": 1.0, ""min_samples_leaf"": 2, ""splitter"": ""random""}",43200,172800,0.29,VP9,random,2,Prop0.2,87,True
kNN,1.1414181618190955,"{""n_neighbors"": 8, ""p"": 1, ""weights"": ""distance""}",22000,172800,205.32,VP9,random,2,Prop0.2,87,True
KRR,0.0682665679435816,"{""regressor__kernel"": ""rbf"", ""regressor__gamma"": 0.1, ""regressor__alpha"": 0.01}",22000,172800,285.63,VP9,random,2,Prop0.2,87,True
MR,0.3904339989386408,"{""lasso__regressor__alpha"": 0.01}",43200,172800,7.12,VP9,random,2,Prop0.2,87,True
RF,0.0158133584431531,"{""max_features"": 1.0, ""min_samples_leaf"": 2, ""n_estimators"": 20}",43200,172800,4.59,VP9,random,2,Prop0.2,87,True
SVR,0.3785433475647704,"{""regressor__tol"": 0.05, ""regressor__shrinking"": true, ""regressor__epsilon"": 0.1, ""regressor__coef0"": 1.0, ""regressor__C"": 5.0}",22000,172800,64.07,VP9,random,2,Prop0.2,87,True
CART,0.0181658627416066,"{""max_features"": 1.0, ""min_samples_leaf"": 2, ""splitter"": ""random""}",43200,172800,0.31,VP9,random,2,Prop0.2,88,True
kNN,1.1523043821190957,"{""n_neighbors"": 8, ""p"": 1, ""weights"": ""distance""}",22000,172800,210.58,VP9,random,2,Prop0.2,88,True
KRR,0.0671766910684577,"{""regressor__kernel"": ""rbf"", ""regressor__gamma"": 0.1, ""regressor__alpha"": 0.01}",22000,172800,295.64,VP9,random,2,Prop0.2,88,True
MR,0.3844331171898436,"{""lasso__regressor__alpha"": 0.01}",43200,172800,6.9,VP9,random,2,Prop0.2,88,True
RF,0.0157236158508105,"{""max_features"": 1.0, ""min_samples_leaf"": 2, ""n_estimators"": 20}",43200,172800,4.48,VP9,random,2,Prop0.2,88,True
SVR,0.3720496549983611,"{""regressor__tol"": 0.05, ""regressor__shrinking"": true, ""regressor__epsilon"": 0.1, ""regressor__coef0"": 1.0, ""regressor__C"": 5.0}",22000,172800,54.76,VP9,random,2,Prop0.2,88,True
CART,0.0180004980678449,"{""max_features"": 1.0, ""min_samples_leaf"": 2, ""splitter"": ""random""}",43200,172800,0.31,VP9,random,2,Prop0.2,89,True
kNN,1.164731099290169,"{""n_neighbors"": 8, ""p"": 1, ""weights"": ""distance""}",22000,172800,196.07,VP9,random,2,Prop0.2,89,True
KRR,0.0677699526793009,"{""regressor__kernel"": ""rbf"", ""regressor__gamma"": 0.1, ""regressor__alpha"": 0.01}",22000,172800,309.71,VP9,random,2,Prop0.2,89,True
MR,0.3869171843080676,"{""lasso__regressor__alpha"": 0.01}",43200,172800,6.13,VP9,random,2,Prop0.2,89,True
RF,0.0156610415760581,"{""max_features"": 1.0, ""min_samples_leaf"": 2, ""n_estimators"": 20}",43200,172800,4.47,VP9,random,2,Prop0.2,89,True
SVR,0.381063470530344,"{""regressor__tol"": 0.05, ""regressor__shrinking"": true, ""regressor__epsilon"": 0.1, ""regressor__coef0"": 1.0, ""regressor__C"": 5.0}",22000,172800,56.87,VP9,random,2,Prop0.2,89,True
CART,0.0182316990489587,"{""max_features"": 1.0, ""min_samples_leaf"": 2, ""splitter"": ""random""}",43200,172800,0.29,VP9,random,2,Prop0.2,90,True
kNN,1.1684050442168463,"{""n_neighbors"": 8, ""p"": 1, ""weights"": ""distance""}",22000,172800,196.42,VP9,random,2,Prop0.2,90,True
KRR,0.0688113698436985,"{""regressor__kernel"": ""rbf"", ""regressor__gamma"": 0.1, ""regressor__alpha"": 0.01}",22000,172800,306.97,VP9,random,2,Prop0.2,90,True
MR,0.389841296518888,"{""lasso__regressor__alpha"": 0.01}",43200,172800,7.87,VP9,random,2,Prop0.2,90,True
RF,0.0158124384862957,"{""max_features"": 1.0, ""min_samples_leaf"": 2, ""n_estimators"": 20}",43200,172800,4.77,VP9,random,2,Prop0.2,90,True
SVR,0.3735972298543116,"{""regressor__tol"": 0.05, ""regressor__shrinking"": true, ""regressor__epsilon"": 0.1, ""regressor__coef0"": 1.0, ""regressor__C"": 5.0}",22000,172800,53.1,VP9,random,2,Prop0.2,90,True
CART,0.0180230363971521,"{""max_features"": 1.0, ""min_samples_leaf"": 2, ""splitter"": ""random""}",43200,172800,0.29,VP9,random,2,Prop0.2,91,True
kNN,1.1558449940110564,"{""n_neighbors"": 8, ""p"": 1, ""weights"": ""distance""}",22000,172800,206.11,VP9,random,2,Prop0.2,91,True
KRR,0.0666262195627638,"{""regressor__kernel"": ""rbf"", ""regressor__gamma"": 0.1, ""regressor__alpha"": 0.01}",22000,172800,286.07,VP9,random,2,Prop0.2,91,True
MR,0.3899826941298134,"{""lasso__regressor__alpha"": 0.01}",43200,172800,6.81,VP9,random,2,Prop0.2,91,True
RF,0.0157198231023514,"{""max_features"": 1.0, ""min_samples_leaf"": 2, ""n_estimators"": 20}",43200,172800,4.6,VP9,random,2,Prop0.2,91,True
SVR,0.3745098973084604,"{""regressor__tol"": 0.05, ""regressor__shrinking"": true, ""regressor__epsilon"": 0.1, ""regressor__coef0"": 1.0, ""regressor__C"": 5.0}",22000,172800,62.59,VP9,random,2,Prop0.2,91,True
CART,0.018096317264368,"{""max_features"": 1.0, ""min_samples_leaf"": 2, ""splitter"": ""random""}",43200,172800,0.31,VP9,random,2,Prop0.2,92,True
kNN,1.152970765134211,"{""n_neighbors"": 8, ""p"": 1, ""weights"": ""distance""}",22000,172800,208.4,VP9,random,2,Prop0.2,92,True
KRR,0.0687093465968669,"{""regressor__kernel"": ""rbf"", ""regressor__gamma"": 0.1, ""regressor__alpha"": 0.01}",22000,172800,295.69,VP9,random,2,Prop0.2,92,True
MR,0.3890207470144827,"{""lasso__regressor__alpha"": 0.01}",43200,172800,7.13,VP9,random,2,Prop0.2,92,True
RF,0.0157196747827335,"{""max_features"": 1.0, ""min_samples_leaf"": 2, ""n_estimators"": 20}",43200,172800,4.42,VP9,random,2,Prop0.2,92,True
SVR,0.3709938380632636,"{""regressor__tol"": 0.05, ""regressor__shrinking"": true, ""regressor__epsilon"": 0.1, ""regressor__coef0"": 1.0, ""regressor__C"": 5.0}",22000,172800,55.53,VP9,random,2,Prop0.2,92,True
CART,0.0181357958666621,"{""max_features"": 1.0, ""min_samples_leaf"": 2, ""splitter"": ""random""}",43200,172800,0.32,VP9,random,2,Prop0.2,93,True
kNN,1.1523904955669373,"{""n_neighbors"": 8, ""p"": 1, ""weights"": ""distance""}",22000,172800,195.31,VP9,random,2,Prop0.2,93,True
KRR,0.0686859269855163,"{""regressor__kernel"": ""rbf"", ""regressor__gamma"": 0.1, ""regressor__alpha"": 0.01}",22000,172800,311.37,VP9,random,2,Prop0.2,93,True
MR,0.3841701638215911,"{""lasso__regressor__alpha"": 0.01}",43200,172800,6.18,VP9,random,2,Prop0.2,93,True
RF,0.0157272151240267,"{""max_features"": 1.0, ""min_samples_leaf"": 2, ""n_estimators"": 20}",43200,172800,4.47,VP9,random,2,Prop0.2,93,True
SVR,0.3741262877740724,"{""regressor__tol"": 0.05, ""regressor__shrinking"": true, ""regressor__epsilon"": 0.1, ""regressor__coef0"": 1.0, ""regressor__C"": 5.0}",22000,172800,55.2,VP9,random,2,Prop0.2,93,True
CART,0.0181337649013631,"{""max_features"": 1.0, ""min_samples_leaf"": 2, ""splitter"": ""random""}",43200,172800,0.28,VP9,random,2,Prop0.2,94,True
kNN,1.1490655906065963,"{""n_neighbors"": 8, ""p"": 1, ""weights"": ""distance""}",22000,172800,198.16,VP9,random,2,Prop0.2,94,True
KRR,0.0675706454676831,"{""regressor__kernel"": ""rbf"", ""regressor__gamma"": 0.1, ""regressor__alpha"": 0.01}",22000,172800,307.24,VP9,random,2,Prop0.2,94,True
MR,0.387433044202018,"{""lasso__regressor__alpha"": 0.01}",43200,172800,7.79,VP9,random,2,Prop0.2,94,True
RF,0.0157386391274205,"{""max_features"": 1.0, ""min_samples_leaf"": 2, ""n_estimators"": 20}",43200,172800,4.74,VP9,random,2,Prop0.2,94,True
SVR,0.3769115320842118,"{""regressor__tol"": 0.05, ""regressor__shrinking"": true, ""regressor__epsilon"": 0.1, ""regressor__coef0"": 1.0, ""regressor__C"": 5.0}",22000,172800,56.03,VP9,random,2,Prop0.2,94,True
CART,0.0182176625272412,"{""max_features"": 1.0, ""min_samples_leaf"": 2, ""splitter"": ""random""}",43200,172800,0.38,VP9,random,2,Prop0.2,95,True
kNN,1.1318965306985822,"{""n_neighbors"": 8, ""p"": 1, ""weights"": ""distance""}",22000,172800,208.26,VP9,random,2,Prop0.2,95,True
KRR,0.0666609348464042,"{""regressor__kernel"": ""rbf"", ""regressor__gamma"": 0.1, ""regressor__alpha"": 0.01}",22000,172800,287.03,VP9,random,2,Prop0.2,95,True
MR,0.3902412358754277,"{""lasso__regressor__alpha"": 0.01}",43200,172800,6.84,VP9,random,2,Prop0.2,95,True
RF,0.0157604005766003,"{""max_features"": 1.0, ""min_samples_leaf"": 2, ""n_estimators"": 20}",43200,172800,4.43,VP9,random,2,Prop0.2,95,True
SVR,0.3724314245282122,"{""regressor__tol"": 0.05, ""regressor__shrinking"": true, ""regressor__epsilon"": 0.1, ""regressor__coef0"": 1.0, ""regressor__C"": 5.0}",22000,172800,64.55,VP9,random,2,Prop0.2,95,True
CART,0.0182154454508418,"{""max_features"": 1.0, ""min_samples_leaf"": 2, ""splitter"": ""random""}",43200,172800,0.32,VP9,random,2,Prop0.2,96,True
kNN,1.1375608814173024,"{""n_neighbors"": 8, ""p"": 1, ""weights"": ""distance""}",22000,172800,211.77,VP9,random,2,Prop0.2,96,True
KRR,0.0670558004225331,"{""regressor__kernel"": ""rbf"", ""regressor__gamma"": 0.1, ""regressor__alpha"": 0.01}",22000,172800,295.02,VP9,random,2,Prop0.2,96,True
MR,0.3895007778759595,"{""lasso__regressor__alpha"": 0.01}",43200,172800,6.93,VP9,random,2,Prop0.2,96,True
RF,0.0157768045422438,"{""max_features"": 1.0, ""min_samples_leaf"": 2, ""n_estimators"": 20}",43200,172800,4.43,VP9,random,2,Prop0.2,96,True
SVR,0.3799107873478445,"{""regressor__tol"": 0.05, ""regressor__shrinking"": true, ""regressor__epsilon"": 0.1, ""regressor__coef0"": 1.0, ""regressor__C"": 5.0}",22000,172800,52.81,VP9,random,2,Prop0.2,96,True
CART,0.0180400502080221,"{""max_features"": 1.0, ""min_samples_leaf"": 2, ""splitter"": ""random""}",43200,172800,0.32,VP9,random,2,Prop0.2,97,True
kNN,1.1238257729911258,"{""n_neighbors"": 8, ""p"": 1, ""weights"": ""distance""}",22000,172800,196.14,VP9,random,2,Prop0.2,97,True
KRR,0.0671627064718398,"{""regressor__kernel"": ""rbf"", ""regressor__gamma"": 0.1, ""regressor__alpha"": 0.01}",22000,172800,307.09,VP9,random,2,Prop0.2,97,True
MR,0.3860462243780893,"{""lasso__regressor__alpha"": 0.01}",43200,172800,6.22,VP9,random,2,Prop0.2,97,True
RF,0.0158419144060894,"{""max_features"": 1.0, ""min_samples_leaf"": 2, ""n_estimators"": 20}",43200,172800,4.51,VP9,random,2,Prop0.2,97,True
SVR,0.3770827305124347,"{""regressor__tol"": 0.05, ""regressor__shrinking"": true, ""regressor__epsilon"": 0.1, ""regressor__coef0"": 1.0, ""regressor__C"": 5.0}",22000,172800,54.52,VP9,random,2,Prop0.2,97,True
CART,0.0179628155532039,"{""max_features"": 1.0, ""min_samples_leaf"": 2, ""splitter"": ""random""}",43200,172800,0.28,VP9,random,2,Prop0.2,98,True
kNN,1.1487204183615187,"{""n_neighbors"": 8, ""p"": 1, ""weights"": ""distance""}",22000,172800,197.72,VP9,random,2,Prop0.2,98,True
KRR,0.068141694968343,"{""regressor__kernel"": ""rbf"", ""regressor__gamma"": 0.1, ""regressor__alpha"": 0.01}",22000,172800,304.87,VP9,random,2,Prop0.2,98,True
MR,0.3847622030721375,"{""lasso__regressor__alpha"": 0.01}",43200,172800,6.43,VP9,random,2,Prop0.2,98,True
RF,0.0156672060387674,"{""max_features"": 1.0, ""min_samples_leaf"": 2, ""n_estimators"": 20}",43200,172800,2.75,VP9,random,2,Prop0.2,98,True
SVR,0.3781345809173579,"{""regressor__tol"": 0.05, ""regressor__shrinking"": true, ""regressor__epsilon"": 0.1, ""regressor__coef0"": 1.0, ""regressor__C"": 5.0}",22000,172800,29.52,VP9,random,2,Prop0.2,98,True
CART,0.0182840702563911,"{""max_features"": 1.0, ""min_samples_leaf"": 2, ""splitter"": ""random""}",43200,172800,0.3,VP9,random,2,Prop0.2,99,True
kNN,1.1492923210539725,"{""n_neighbors"": 8, ""p"": 1, ""weights"": ""distance""}",22000,172800,213.42,VP9,random,2,Prop0.2,99,True
KRR,0.0662912986158454,"{""regressor__kernel"": ""rbf"", ""regressor__gamma"": 0.1, ""regressor__alpha"": 0.01}",22000,172800,237.06,VP9,random,2,Prop0.2,99,True
MR,0.3851901522005189,"{""lasso__regressor__alpha"": 0.01}",43200,172800,4.64,VP9,random,2,Prop0.2,99,True
RF,0.0158661534447166,"{""max_features"": 1.0, ""min_samples_leaf"": 2, ""n_estimators"": 20}",43200,172800,2.62,VP9,random,2,Prop0.2,99,True
SVR,0.3741789994546393,"{""regressor__tol"": 0.05, ""regressor__shrinking"": true, ""regressor__epsilon"": 0.1, ""regressor__coef0"": 1.0, ""regressor__C"": 5.0}",22000,172800,38.93,VP9,random,2,Prop0.2,99,True
CART,0.0181475459042025,"{""max_features"": 1.0, ""min_samples_leaf"": 2, ""splitter"": ""random""}",43200,172800,0.31,VP9,random,2,Prop0.2,100,True
kNN,1.1748129584242888,"{""n_neighbors"": 8, ""p"": 1, ""weights"": ""distance""}",22000,172800,209.77,VP9,random,2,Prop0.2,100,True
KRR,0.0698635238645699,"{""regressor__kernel"": ""rbf"", ""regressor__gamma"": 0.1, ""regressor__alpha"": 0.01}",22000,172800,264.89,VP9,random,2,Prop0.2,100,True
MR,0.3923377303967143,"{""lasso__regressor__alpha"": 0.01}",43200,172800,4.47,VP9,random,2,Prop0.2,100,True
RF,0.0157538251385697,"{""max_features"": 1.0, ""min_samples_leaf"": 2, ""n_estimators"": 20}",43200,172800,2.5,VP9,random,2,Prop0.2,100,True
SVR,0.3812053572933039,"{""regressor__tol"": 0.05, ""regressor__shrinking"": true, ""regressor__epsilon"": 0.1, ""regressor__coef0"": 1.0, ""regressor__C"": 5.0}",22000,172800,28.97,VP9,random,2,Prop0.2,100,True
