system,strategy,sample_size_source_t,sample_size,coverage_t,run,metric,coverage
7z,random,2,10,1,1,ALS,0.87341772151898733
7z,random,2,10,1,1,AP_ALS-PCI,0.87341772151898733
7z,random,2,10,1,1,Default,0.87951807228915657
7z,random,2,10,1,1,MDAP_MF-DF-ALS-PCI,0.87179487179487181
7z,random,2,10,1,1,MDA_MF-DF-ALS,0.87179487179487181
7z,random,2,10,1,1,MDP_MF-DF-PCI,0.87179487179487181
7z,random,2,10,1,1,MD_MF-DF,0.87179487179487181
7z,random,2,10,1,1,PCI,0.87951807228915657
7z,random,2,10,2,1,ALS,0.67371705963938977
7z,random,2,10,2,1,AP_ALS-PCI,0.67326388888888888
7z,random,2,10,2,1,Default,0.69401122894572675
7z,random,2,10,2,1,MDAP_MF-DF-ALS-PCI,0.66821097647897365
7z,random,2,10,2,1,MDA_MF-DF-ALS,0.66821097647897365
7z,random,2,10,2,1,MDP_MF-DF-PCI,0.66821097647897365
7z,random,2,10,2,1,MD_MF-DF,0.66821097647897365
7z,random,2,10,2,1,PCI,0.69301296237748977
7z,random,2,10,3,1,ALS,0.49722341535251885
7z,random,2,10,3,1,AP_ALS-PCI,0.49610109415934661
7z,random,2,10,3,1,Default,0.52593197067433484
7z,random,2,10,3,1,MDAP_MF-DF-ALS-PCI,0.48953223686319774
7z,random,2,10,3,1,MDA_MF-DF-ALS,0.48953223686319774
7z,random,2,10,3,1,MDP_MF-DF-PCI,0.48953223686319774
7z,random,2,10,3,1,MD_MF-DF,0.48953223686319774
7z,random,2,10,3,1,PCI,0.52599916371042799
7z,random,2,10,1,2,ALS,0.88607594936708856
7z,random,2,10,1,2,AP_ALS-PCI,0.88607594936708856
7z,random,2,10,1,2,Default,0.89156626506024095
7z,random,2,10,1,2,MDAP_MF-DF-ALS-PCI,0.88461538461538458
7z,random,2,10,1,2,MDA_MF-DF-ALS,0.88461538461538458
7z,random,2,10,1,2,MDP_MF-DF-PCI,0.88461538461538458
7z,random,2,10,1,2,MD_MF-DF,0.88461538461538458
7z,random,2,10,1,2,PCI,0.89156626506024095
7z,random,2,10,2,2,ALS,0.68932038834951459
7z,random,2,10,2,2,AP_ALS-PCI,0.68888888888888888
7z,random,2,10,2,2,Default,0.70929507174048656
7z,random,2,10,2,2,MDAP_MF-DF-ALS-PCI,0.68389166072701357
7z,random,2,10,2,2,MDA_MF-DF-ALS,0.68389166072701357
7z,random,2,10,2,2,MDP_MF-DF-PCI,0.68389166072701357
7z,random,2,10,2,2,MD_MF-DF,0.68389166072701357
7z,random,2,10,2,2,PCI,0.70818842870692378
7z,random,2,10,3,2,ALS,0.51148984475670367
7z,random,2,10,3,2,AP_ALS-PCI,0.5104946833102173
7z,random,2,10,3,2,Default,0.54038755472656153
7z,random,2,10,3,2,MDAP_MF-DF-ALS-PCI,0.50373505177775646
7z,random,2,10,3,2,MDA_MF-DF-ALS,0.50373505177775646
7z,random,2,10,3,2,MDP_MF-DF-PCI,0.50373505177775646
7z,random,2,10,3,2,MD_MF-DF,0.50373505177775646
7z,random,2,10,3,2,PCI,0.54037794893238189
7z,random,2,10,1,3,ALS,0.87341772151898733
7z,random,2,10,1,3,AP_ALS-PCI,0.87341772151898733
7z,random,2,10,1,3,Default,0.87951807228915657
7z,random,2,10,1,3,MDAP_MF-DF-ALS-PCI,0.87179487179487181
7z,random,2,10,1,3,MDA_MF-DF-ALS,0.87179487179487181
7z,random,2,10,1,3,MDP_MF-DF-PCI,0.87179487179487181
7z,random,2,10,1,3,MD_MF-DF,0.87179487179487181
7z,random,2,10,1,3,PCI,0.87951807228915657
7z,random,2,10,2,3,ALS,0.6785714285714286
7z,random,2,10,2,3,AP_ALS-PCI,0.67812499999999998
7z,random,2,10,2,3,Default,0.698378041172801
7z,random,2,10,2,3,MDAP_MF-DF-ALS-PCI,0.67320028510334995
7z,random,2,10,2,3,MDA_MF-DF-ALS,0.67320028510334995
7z,random,2,10,2,3,MDP_MF-DF-PCI,0.67320028510334995
7z,random,2,10,2,3,MD_MF-DF,0.67320028510334995
7z,random,2,10,2,3,PCI,0.69743914005690799
7z,random,2,10,3,3,ALS,0.50447935202798067
7z,random,2,10,3,3,AP_ALS-PCI,0.50345199568500543
7z,random,2,10,3,3,Default,0.53278412476360715
7z,random,2,10,3,3,MDAP_MF-DF-ALS-PCI,0.49689012856272641
7z,random,2,10,3,3,MDA_MF-DF-ALS,0.49689012856272641
7z,random,2,10,3,3,MDP_MF-DF-PCI,0.49689012856272641
7z,random,2,10,3,3,MD_MF-DF,0.49689012856272641
7z,random,2,10,3,3,PCI,0.53299971674062885
7z,random,2,10,1,4,ALS,0.79746835443037978
7z,random,2,10,1,4,AP_ALS-PCI,0.79746835443037978
7z,random,2,10,1,4,Default,0.80722891566265065
7z,random,2,10,1,4,MDAP_MF-DF-ALS-PCI,0.79487179487179482
7z,random,2,10,1,4,MDA_MF-DF-ALS,0.79487179487179482
7z,random,2,10,1,4,MDP_MF-DF-PCI,0.79487179487179482
7z,random,2,10,1,4,MD_MF-DF,0.79487179487179482
7z,random,2,10,1,4,PCI,0.80722891566265065
7z,random,2,10,2,4,ALS,0.60020804438280162
7z,random,2,10,2,4,AP_ALS-PCI,0.59965277777777781
7z,random,2,10,2,4,Default,0.62039925140361818
7z,random,2,10,2,4,MDAP_MF-DF-ALS-PCI,0.59479686386315034
7z,random,2,10,2,4,MDA_MF-DF-ALS,0.59479686386315034
7z,random,2,10,2,4,MDP_MF-DF-PCI,0.59479686386315034
7z,random,2,10,2,4,MD_MF-DF,0.59479686386315034
7z,random,2,10,2,4,PCI,0.62029718621561813
7z,random,2,10,3,4,ALS,0.44140025771614405
7z,random,2,10,3,4,AP_ALS-PCI,0.44026814609338882
7z,random,2,10,3,4,Default,0.46734540555944148
7z,random,2,10,3,4,MDAP_MF-DF-ALS-PCI,0.43450033663556797
7z,random,2,10,3,4,MDA_MF-DF-ALS,0.43450033663556797
7z,random,2,10,3,4,MDP_MF-DF-PCI,0.43450033663556797
7z,random,2,10,3,4,MD_MF-DF,0.43450033663556797
7z,random,2,10,3,4,PCI,0.46856495407151627
7z,distance,2,10,1,1,ALS,0.69620253164556967
7z,distance,2,10,1,1,AP_ALS-PCI,0.69620253164556967
7z,distance,2,10,1,1,Default,0.68674698795180722
7z,distance,2,10,1,1,MDAP_MF-DF-ALS-PCI,0.69230769230769229
7z,distance,2,10,1,1,MDA_MF-DF-ALS,0.69230769230769229
7z,distance,2,10,1,1,MDP_MF-DF-PCI,0.69230769230769229
7z,distance,2,10,1,1,MD_MF-DF,0.69230769230769229
7z,distance,2,10,1,1,PCI,0.68674698795180722
7z,distance,2,10,2,1,ALS,0.47191400832177532
7z,distance,2,10,2,1,AP_ALS-PCI,0.47118055555555555
7z,distance,2,10,2,1,Default,0.45165315034310666
7z,distance,2,10,2,1,MDAP_MF-DF-ALS-PCI,0.46578759800427655
7z,distance,2,10,2,1,MDA_MF-DF-ALS,0.46578759800427655
7z,distance,2,10,2,1,MDP_MF-DF-PCI,0.46578759800427655
7z,distance,2,10,2,1,MD_MF-DF,0.46578759800427655
7z,distance,2,10,2,1,PCI,0.45558014543155234
7z,distance,2,10,3,1,ALS,0.31758912683315949
7z,distance,2,10,3,1,AP_ALS-PCI,0.31624287255355216
7z,distance,2,10,3,1,Default,0.29153389808554181
7z,distance,2,10,3,1,MDAP_MF-DF-ALS-PCI,0.31092302266679489
7z,distance,2,10,3,1,MDA_MF-DF-ALS,0.31092302266679489
7z,distance,2,10,3,1,MDP_MF-DF-PCI,0.31092302266679489
7z,distance,2,10,3,1,MD_MF-DF,0.31092302266679489
7z,distance,2,10,3,1,PCI,0.29936468969610314
7z,distance,2,10,1,2,ALS,0.70886075949367089
7z,distance,2,10,1,2,AP_ALS-PCI,0.70886075949367089
7z,distance,2,10,1,2,Default,0.6987951807228916
7z,distance,2,10,1,2,MDAP_MF-DF-ALS-PCI,0.70512820512820518
7z,distance,2,10,1,2,MDA_MF-DF-ALS,0.70512820512820518
7z,distance,2,10,1,2,MDP_MF-DF-PCI,0.70512820512820518
7z,distance,2,10,1,2,MD_MF-DF,0.70512820512820518
7z,distance,2,10,1,2,PCI,0.6987951807228916
7z,distance,2,10,2,2,ALS,0.4802357836338419
7z,distance,2,10,2,2,AP_ALS-PCI,0.47951388888888891
7z,distance,2,10,2,2,Default,0.4600748596381784
7z,distance,2,10,2,2,MDAP_MF-DF-ALS-PCI,0.47398431931575197
7z,distance,2,10,2,2,MDA_MF-DF-ALS,0.47398431931575197
7z,distance,2,10,2,2,MDP_MF-DF-PCI,0.47398431931575197
7z,distance,2,10,2,2,MD_MF-DF,0.47398431931575197
7z,distance,2,10,2,2,PCI,0.46411634524185902
7z,distance,2,10,3,2,ALS,0.32081057863410445
7z,distance,2,10,3,2,AP_ALS-PCI,0.31941747572815532
7z,distance,2,10,3,2,Default,0.29571772752001241
7z,distance,2,10,3,2,MDAP_MF-DF-ALS-PCI,0.31392068224808439
7z,distance,2,10,3,2,MDA_MF-DF-ALS,0.31392068224808439
7z,distance,2,10,3,2,MDP_MF-DF-PCI,0.31392068224808439
7z,distance,2,10,3,2,MD_MF-DF,0.31392068224808439
7z,distance,2,10,3,2,PCI,0.3035866031805981
7z,distance,2,10,1,3,ALS,0.70886075949367089
7z,distance,2,10,1,3,AP_ALS-PCI,0.70886075949367089
7z,distance,2,10,1,3,Default,0.6987951807228916
7z,distance,2,10,1,3,MDAP_MF-DF-ALS-PCI,0.70512820512820518
7z,distance,2,10,1,3,MDA_MF-DF-ALS,0.70512820512820518
7z,distance,2,10,1,3,MDP_MF-DF-PCI,0.70512820512820518
7z,distance,2,10,1,3,MD_MF-DF,0.70512820512820518
7z,distance,2,10,1,3,PCI,0.6987951807228916
7z,distance,2,10,2,3,ALS,0.48439667128987518
7z,distance,2,10,2,3,AP_ALS-PCI,0.48368055555555556
7z,distance,2,10,2,3,Default,0.46319401122894571
7z,distance,2,10,2,3,MDAP_MF-DF-ALS-PCI,0.47826086956521741
7z,distance,2,10,2,3,MDA_MF-DF-ALS,0.47826086956521741
7z,distance,2,10,2,3,MDP_MF-DF-PCI,0.47826086956521741
7z,distance,2,10,2,3,MD_MF-DF,0.47826086956521741
7z,distance,2,10,2,3,PCI,0.46727790072715775
7z,distance,2,10,3,3,ALS,0.3273762042093637
7z,distance,2,10,3,3,AP_ALS-PCI,0.32604407458776391
7z,distance,2,10,3,3,Default,0.3002901479236289
7z,distance,2,10,3,3,MDAP_MF-DF-ALS-PCI,0.32058927254656794
7z,distance,2,10,3,3,MDA_MF-DF-ALS,0.32058927254656794
7z,distance,2,10,3,3,MDP_MF-DF-PCI,0.32058927254656794
7z,distance,2,10,3,3,MD_MF-DF,0.32058927254656794
7z,distance,2,10,3,3,PCI,0.30842898957335746
7z,distance,2,10,1,4,ALS,0.69620253164556967
7z,distance,2,10,1,4,AP_ALS-PCI,0.69620253164556967
7z,distance,2,10,1,4,Default,0.68674698795180722
7z,distance,2,10,1,4,MDAP_MF-DF-ALS-PCI,0.69230769230769229
7z,distance,2,10,1,4,MDA_MF-DF-ALS,0.69230769230769229
7z,distance,2,10,1,4,MDP_MF-DF-PCI,0.69230769230769229
7z,distance,2,10,1,4,MD_MF-DF,0.69230769230769229
7z,distance,2,10,1,4,PCI,0.68674698795180722
7z,distance,2,10,2,4,ALS,0.470873786407767
7z,distance,2,10,2,4,AP_ALS-PCI,0.47013888888888888
7z,distance,2,10,2,4,Default,0.45009357454772303
7z,distance,2,10,2,4,MDAP_MF-DF-ALS-PCI,0.46471846044191017
7z,distance,2,10,2,4,MDA_MF-DF-ALS,0.46471846044191017
7z,distance,2,10,2,4,MDP_MF-DF-PCI,0.46471846044191017
7z,distance,2,10,2,4,MD_MF-DF,0.46471846044191017
7z,distance,2,10,2,4,PCI,0.45399936768890292
7z,distance,2,10,3,4,ALS,0.31623918512609683
7z,distance,2,10,3,4,AP_ALS-PCI,0.31490214208660811
7z,distance,2,10,3,4,Default,0.28943550685215408
7z,distance,2,10,3,4,MDAP_MF-DF-ALS-PCI,0.30956045012984512
7z,distance,2,10,3,4,MDA_MF-DF-ALS,0.30956045012984512
7z,distance,2,10,3,4,MDP_MF-DF-PCI,0.30956045012984512
7z,distance,2,10,3,4,MD_MF-DF,0.30956045012984512
7z,distance,2,10,3,4,PCI,0.29724698868311372
7z,solver,2,10,1,1,ALS,0.60759493670886078
7z,solver,2,10,1,1,AP_ALS-PCI,0.60759493670886078
7z,solver,2,10,1,1,Default,0.62650602409638556
7z,solver,2,10,1,1,MDAP_MF-DF-ALS-PCI,0.60256410256410253
7z,solver,2,10,1,1,MDA_MF-DF-ALS,0.60256410256410253
7z,solver,2,10,1,1,MDP_MF-DF-PCI,0.60256410256410253
7z,solver,2,10,1,1,MD_MF-DF,0.60256410256410253
7z,solver,2,10,1,1,PCI,0.62650602409638556
7z,solver,2,10,2,1,ALS,0.37725381414701803
7z,solver,2,10,2,1,AP_ALS-PCI,0.37638888888888888
7z,solver,2,10,2,1,Default,0.39488459139114163
7z,solver,2,10,2,1,MDAP_MF-DF-ALS-PCI,0.37099073414112615
7z,solver,2,10,2,1,MDA_MF-DF-ALS,0.37099073414112615
7z,solver,2,10,2,1,MDP_MF-DF-PCI,0.37099073414112615
7z,solver,2,10,2,1,MD_MF-DF,0.37099073414112615
7z,solver,2,10,2,1,PCI,0.39709136895352515
7z,solver,2,10,3,1,ALS,0.23936920905688164
7z,solver,2,10,3,1,AP_ALS-PCI,0.2378948990599476
7z,solver,2,10,3,1,Default,0.25163855858656514
7z,solver,2,10,3,1,MDAP_MF-DF-ALS-PCI,0.23344875124234554
7z,solver,2,10,3,1,MDA_MF-DF-ALS,0.23344875124234554
7z,solver,2,10,3,1,MDP_MF-DF-PCI,0.23344875124234554
7z,solver,2,10,3,1,MD_MF-DF,0.23344875124234554
7z,solver,2,10,3,1,PCI,0.25628228819617732
7z,solver,2,10,1,2,ALS,0.60759493670886078
7z,solver,2,10,1,2,AP_ALS-PCI,0.60759493670886078
7z,solver,2,10,1,2,Default,0.62650602409638556
7z,solver,2,10,1,2,MDAP_MF-DF-ALS-PCI,0.60256410256410253
7z,solver,2,10,1,2,MDA_MF-DF-ALS,0.60256410256410253
7z,solver,2,10,1,2,MDP_MF-DF-PCI,0.60256410256410253
7z,solver,2,10,1,2,MD_MF-DF,0.60256410256410253
7z,solver,2,10,1,2,PCI,0.62650602409638556
7z,solver,2,10,2,2,ALS,0.37725381414701803
7z,solver,2,10,2,2,AP_ALS-PCI,0.37638888888888888
7z,solver,2,10,2,2,Default,0.39488459139114163
7z,solver,2,10,2,2,MDAP_MF-DF-ALS-PCI,0.37099073414112615
7z,solver,2,10,2,2,MDA_MF-DF-ALS,0.37099073414112615
7z,solver,2,10,2,2,MDP_MF-DF-PCI,0.37099073414112615
7z,solver,2,10,2,2,MD_MF-DF,0.37099073414112615
7z,solver,2,10,2,2,PCI,0.39709136895352515
7z,solver,2,10,3,2,ALS,0.23936920905688164
7z,solver,2,10,3,2,AP_ALS-PCI,0.2378948990599476
7z,solver,2,10,3,2,Default,0.25163855858656514
7z,solver,2,10,3,2,MDAP_MF-DF-ALS-PCI,0.23344875124234554
7z,solver,2,10,3,2,MDA_MF-DF-ALS,0.23344875124234554
7z,solver,2,10,3,2,MDP_MF-DF-PCI,0.23344875124234554
7z,solver,2,10,3,2,MD_MF-DF,0.23344875124234554
7z,solver,2,10,3,2,PCI,0.25628228819617732
7z,solver,2,10,1,3,ALS,0.60759493670886078
7z,solver,2,10,1,3,AP_ALS-PCI,0.60759493670886078
7z,solver,2,10,1,3,Default,0.62650602409638556
7z,solver,2,10,1,3,MDAP_MF-DF-ALS-PCI,0.60256410256410253
7z,solver,2,10,1,3,MDA_MF-DF-ALS,0.60256410256410253
7z,solver,2,10,1,3,MDP_MF-DF-PCI,0.60256410256410253
7z,solver,2,10,1,3,MD_MF-DF,0.60256410256410253
7z,solver,2,10,1,3,PCI,0.62650602409638556
7z,solver,2,10,2,3,ALS,0.37725381414701803
7z,solver,2,10,2,3,AP_ALS-PCI,0.37638888888888888
7z,solver,2,10,2,3,Default,0.39488459139114163
7z,solver,2,10,2,3,MDAP_MF-DF-ALS-PCI,0.37099073414112615
7z,solver,2,10,2,3,MDA_MF-DF-ALS,0.37099073414112615
7z,solver,2,10,2,3,MDP_MF-DF-PCI,0.37099073414112615
7z,solver,2,10,2,3,MD_MF-DF,0.37099073414112615
7z,solver,2,10,2,3,PCI,0.39709136895352515
7z,solver,2,10,3,3,ALS,0.23936920905688164
7z,solver,2,10,3,3,AP_ALS-PCI,0.2378948990599476
7z,solver,2,10,3,3,Default,0.25163855858656514
7z,solver,2,10,3,3,MDAP_MF-DF-ALS-PCI,0.23344875124234554
7z,solver,2,10,3,3,MDA_MF-DF-ALS,0.23344875124234554
7z,solver,2,10,3,3,MDP_MF-DF-PCI,0.23344875124234554
7z,solver,2,10,3,3,MD_MF-DF,0.23344875124234554
7z,solver,2,10,3,3,PCI,0.25628228819617732
7z,solver,2,10,1,4,ALS,0.60759493670886078
7z,solver,2,10,1,4,AP_ALS-PCI,0.60759493670886078
7z,solver,2,10,1,4,Default,0.62650602409638556
7z,solver,2,10,1,4,MDAP_MF-DF-ALS-PCI,0.60256410256410253
7z,solver,2,10,1,4,MDA_MF-DF-ALS,0.60256410256410253
7z,solver,2,10,1,4,MDP_MF-DF-PCI,0.60256410256410253
7z,solver,2,10,1,4,MD_MF-DF,0.60256410256410253
7z,solver,2,10,1,4,PCI,0.62650602409638556
7z,solver,2,10,2,4,ALS,0.37725381414701803
7z,solver,2,10,2,4,AP_ALS-PCI,0.37638888888888888
7z,solver,2,10,2,4,Default,0.39488459139114163
7z,solver,2,10,2,4,MDAP_MF-DF-ALS-PCI,0.37099073414112615
7z,solver,2,10,2,4,MDA_MF-DF-ALS,0.37099073414112615
7z,solver,2,10,2,4,MDP_MF-DF-PCI,0.37099073414112615
7z,solver,2,10,2,4,MD_MF-DF,0.37099073414112615
7z,solver,2,10,2,4,PCI,0.39709136895352515
7z,solver,2,10,3,4,ALS,0.23936920905688164
7z,solver,2,10,3,4,AP_ALS-PCI,0.2378948990599476
7z,solver,2,10,3,4,Default,0.25163855858656514
7z,solver,2,10,3,4,MDAP_MF-DF-ALS-PCI,0.23344875124234554
7z,solver,2,10,3,4,MDA_MF-DF-ALS,0.23344875124234554
7z,solver,2,10,3,4,MDP_MF-DF-PCI,0.23344875124234554
7z,solver,2,10,3,4,MD_MF-DF,0.23344875124234554
7z,solver,2,10,3,4,PCI,0.25628228819617732
BerkeleyDBC,random,2,10,1,1,ALS,0.96969696969696972
BerkeleyDBC,random,2,10,1,1,AP_ALS-PCI,0.96969696969696972
BerkeleyDBC,random,2,10,1,1,Default,0.97142857142857142
BerkeleyDBC,random,2,10,1,1,MDAP_MF-DF-ALS-PCI,0.96875
BerkeleyDBC,random,2,10,1,1,MDA_MF-DF-ALS,0.96875
BerkeleyDBC,random,2,10,1,1,MDP_MF-DF-PCI,0.96875
BerkeleyDBC,random,2,10,1,1,MD_MF-DF,0.96875
BerkeleyDBC,random,2,10,1,1,PCI,0.97142857142857142
BerkeleyDBC,random,2,10,2,1,ALS,0.85080645161290325
BerkeleyDBC,random,2,10,2,1,AP_ALS-PCI,0.84867075664621672
BerkeleyDBC,random,2,10,2,1,Default,0.86500888099467144
BerkeleyDBC,random,2,10,2,1,MDAP_MF-DF-ALS-PCI,0.84267241379310343
BerkeleyDBC,random,2,10,2,1,MDA_MF-DF-ALS,0.84267241379310343
BerkeleyDBC,random,2,10,2,1,MDP_MF-DF-PCI,0.84267241379310343
BerkeleyDBC,random,2,10,2,1,MD_MF-DF,0.84267241379310343
BerkeleyDBC,random,2,10,2,1,PCI,0.86238532110091748
BerkeleyDBC,random,2,10,3,1,ALS,0.67374005305039786
BerkeleyDBC,random,2,10,3,1,AP_ALS-PCI,0.6655132641291811
BerkeleyDBC,random,2,10,3,1,Default,0.70715444224184543
BerkeleyDBC,random,2,10,3,1,MDAP_MF-DF-ALS-PCI,0.6544334975369458
BerkeleyDBC,random,2,10,3,1,MDA_MF-DF-ALS,0.6544334975369458
BerkeleyDBC,random,2,10,3,1,MDP_MF-DF-PCI,0.6544334975369458
BerkeleyDBC,random,2,10,3,1,MD_MF-DF,0.6544334975369458
BerkeleyDBC,random,2,10,3,1,PCI,0.70007923930269411
BerkeleyDBC,random,2,10,1,2,ALS,1
BerkeleyDBC,random,2,10,1,2,AP_ALS-PCI,1
BerkeleyDBC,random,2,10,1,2,Default,1
BerkeleyDBC,random,2,10,1,2,MDAP_MF-DF-ALS-PCI,1
BerkeleyDBC,random,2,10,1,2,MDA_MF-DF-ALS,1
BerkeleyDBC,random,2,10,1,2,MDP_MF-DF-PCI,1
BerkeleyDBC,random,2,10,1,2,MD_MF-DF,1
BerkeleyDBC,random,2,10,1,2,PCI,1
BerkeleyDBC,random,2,10,2,2,ALS,0.88104838709677424
BerkeleyDBC,random,2,10,2,2,AP_ALS-PCI,0.87934560327198363
BerkeleyDBC,random,2,10,2,2,Default,0.89520426287744226
BerkeleyDBC,random,2,10,2,2,MDAP_MF-DF-ALS-PCI,0.87284482758620685
BerkeleyDBC,random,2,10,2,2,MDA_MF-DF-ALS,0.87284482758620685
BerkeleyDBC,random,2,10,2,2,MDP_MF-DF-PCI,0.87284482758620685
BerkeleyDBC,random,2,10,2,2,MD_MF-DF,0.87284482758620685
BerkeleyDBC,random,2,10,2,2,PCI,0.8917431192660551
BerkeleyDBC,random,2,10,3,2,ALS,0.70358090185676392
BerkeleyDBC,random,2,10,3,2,AP_ALS-PCI,0.6959630911188005
BerkeleyDBC,random,2,10,3,2,Default,0.73706974229590916
BerkeleyDBC,random,2,10,3,2,MDAP_MF-DF-ALS-PCI,0.68423645320197046
BerkeleyDBC,random,2,10,3,2,MDA_MF-DF-ALS,0.68423645320197046
BerkeleyDBC,random,2,10,3,2,MDP_MF-DF-PCI,0.68423645320197046
BerkeleyDBC,random,2,10,3,2,MD_MF-DF,0.68423645320197046
BerkeleyDBC,random,2,10,3,2,PCI,0.72959587955625993
BerkeleyDBC,random,2,10,1,3,ALS,0.90909090909090906
BerkeleyDBC,random,2,10,1,3,AP_ALS-PCI,0.90909090909090906
BerkeleyDBC,random,2,10,1,3,Default,0.91428571428571426
BerkeleyDBC,random,2,10,1,3,MDAP_MF-DF-ALS-PCI,0.90625
BerkeleyDBC,random,2,10,1,3,MDA_MF-DF-ALS,0.90625
BerkeleyDBC,random,2,10,1,3,MDP_MF-DF-PCI,0.90625
BerkeleyDBC,random,2,10,1,3,MD_MF-DF,0.90625
BerkeleyDBC,random,2,10,1,3,PCI,0.91428571428571426
BerkeleyDBC,random,2,10,2,3,ALS,0.81854838709677424
BerkeleyDBC,random,2,10,2,3,AP_ALS-PCI,0.81595092024539873
BerkeleyDBC,random,2,10,2,3,Default,0.82948490230905858
BerkeleyDBC,random,2,10,2,3,MDAP_MF-DF-ALS-PCI,0.8125
BerkeleyDBC,random,2,10,2,3,MDA_MF-DF-ALS,0.8125
BerkeleyDBC,random,2,10,2,3,MDP_MF-DF-PCI,0.8125
BerkeleyDBC,random,2,10,2,3,MD_MF-DF,0.8125
BerkeleyDBC,random,2,10,2,3,PCI,0.82935779816513766
BerkeleyDBC,random,2,10,3,3,ALS,0.67197170645446502
BerkeleyDBC,random,2,10,3,3,AP_ALS-PCI,0.66343713956170702
BerkeleyDBC,random,2,10,3,3,Default,0.69958551090286536
BerkeleyDBC,random,2,10,3,3,MDAP_MF-DF-ALS-PCI,0.65591133004926105
BerkeleyDBC,random,2,10,3,3,MDA_MF-DF-ALS,0.65591133004926105
BerkeleyDBC,random,2,10,3,3,MDP_MF-DF-PCI,0.65591133004926105
BerkeleyDBC,random,2,10,3,3,MD_MF-DF,0.65591133004926105
BerkeleyDBC,random,2,10,3,3,PCI,0.6961172741679873
BerkeleyDBC,random,2,10,1,4,ALS,0.96969696969696972
BerkeleyDBC,random,2,10,1,4,AP_ALS-PCI,0.96969696969696972
BerkeleyDBC,random,2,10,1,4,Default,0.97142857142857142
BerkeleyDBC,random,2,10,1,4,MDAP_MF-DF-ALS-PCI,0.96875
BerkeleyDBC,random,2,10,1,4,MDA_MF-DF-ALS,0.96875
BerkeleyDBC,random,2,10,1,4,MDP_MF-DF-PCI,0.96875
BerkeleyDBC,random,2,10,1,4,MD_MF-DF,0.96875
BerkeleyDBC,random,2,10,1,4,PCI,0.97142857142857142
BerkeleyDBC,random,2,10,2,4,ALS,0.84677419354838712
BerkeleyDBC,random,2,10,2,4,AP_ALS-PCI,0.84458077709611457
BerkeleyDBC,random,2,10,2,4,Default,0.86145648312611012
BerkeleyDBC,random,2,10,2,4,MDAP_MF-DF-ALS-PCI,0.83836206896551724
BerkeleyDBC,random,2,10,2,4,MDA_MF-DF-ALS,0.83836206896551724
BerkeleyDBC,random,2,10,2,4,MDP_MF-DF-PCI,0.83836206896551724
BerkeleyDBC,random,2,10,2,4,MD_MF-DF,0.83836206896551724
BerkeleyDBC,random,2,10,2,4,PCI,0.85871559633027528
BerkeleyDBC,random,2,10,3,4,ALS,0.67064544650751545
BerkeleyDBC,random,2,10,3,4,AP_ALS-PCI,0.66089965397923878
BerkeleyDBC,random,2,10,3,4,Default,0.7039106145251397
BerkeleyDBC,random,2,10,3,4,MDAP_MF-DF-ALS-PCI,0.65147783251231528
BerkeleyDBC,random,2,10,3,4,MDA_MF-DF-ALS,0.65147783251231528
BerkeleyDBC,random,2,10,3,4,MDP_MF-DF-PCI,0.65147783251231528
BerkeleyDBC,random,2,10,3,4,MD_MF-DF,0.65147783251231528
BerkeleyDBC,random,2,10,3,4,PCI,0.69512678288431062
BerkeleyDBC,distance,2,10,1,1,ALS,0.78787878787878785
BerkeleyDBC,distance,2,10,1,1,AP_ALS-PCI,0.78787878787878785
BerkeleyDBC,distance,2,10,1,1,Default,0.77142857142857146
BerkeleyDBC,distance,2,10,1,1,MDAP_MF-DF-ALS-PCI,0.78125
BerkeleyDBC,distance,2,10,1,1,MDA_MF-DF-ALS,0.78125
BerkeleyDBC,distance,2,10,1,1,MDP_MF-DF-PCI,0.78125
BerkeleyDBC,distance,2,10,1,1,MD_MF-DF,0.78125
BerkeleyDBC,distance,2,10,1,1,PCI,0.77142857142857146
BerkeleyDBC,distance,2,10,2,1,ALS,0.57056451612903225
BerkeleyDBC,distance,2,10,2,1,AP_ALS-PCI,0.56441717791411039
BerkeleyDBC,distance,2,10,2,1,Default,0.54706927175843689
BerkeleyDBC,distance,2,10,2,1,MDAP_MF-DF-ALS-PCI,0.55603448275862066
BerkeleyDBC,distance,2,10,2,1,MDA_MF-DF-ALS,0.55603448275862066
BerkeleyDBC,distance,2,10,2,1,MDP_MF-DF-PCI,0.55603448275862066
BerkeleyDBC,distance,2,10,2,1,MD_MF-DF,0.55603448275862066
BerkeleyDBC,distance,2,10,2,1,PCI,0.55045871559633031
BerkeleyDBC,distance,2,10,3,1,ALS,0.38837312113174183
BerkeleyDBC,distance,2,10,3,1,AP_ALS-PCI,0.37785467128027683
BerkeleyDBC,distance,2,10,3,1,Default,0.36168679041268698
BerkeleyDBC,distance,2,10,3,1,MDAP_MF-DF-ALS-PCI,0.3692118226600985
BerkeleyDBC,distance,2,10,3,1,MDA_MF-DF-ALS,0.3692118226600985
BerkeleyDBC,distance,2,10,3,1,MDP_MF-DF-PCI,0.3692118226600985
BerkeleyDBC,distance,2,10,3,1,MD_MF-DF,0.3692118226600985
BerkeleyDBC,distance,2,10,3,1,PCI,0.36925515055467512
BerkeleyDBC,distance,2,10,1,2,ALS,0.81818181818181823
BerkeleyDBC,distance,2,10,1,2,AP_ALS-PCI,0.81818181818181823
BerkeleyDBC,distance,2,10,1,2,Default,0.80000000000000004
BerkeleyDBC,distance,2,10,1,2,MDAP_MF-DF-ALS-PCI,0.8125
BerkeleyDBC,distance,2,10,1,2,MDA_MF-DF-ALS,0.8125
BerkeleyDBC,distance,2,10,1,2,MDP_MF-DF-PCI,0.8125
BerkeleyDBC,distance,2,10,1,2,MD_MF-DF,0.8125
BerkeleyDBC,distance,2,10,1,2,PCI,0.80000000000000004
BerkeleyDBC,distance,2,10,2,2,ALS,0.59879032258064513
BerkeleyDBC,distance,2,10,2,2,AP_ALS-PCI,0.59304703476482623
BerkeleyDBC,distance,2,10,2,2,Default,0.5719360568383659
BerkeleyDBC,distance,2,10,2,2,MDAP_MF-DF-ALS-PCI,0.58405172413793105
BerkeleyDBC,distance,2,10,2,2,MDA_MF-DF-ALS,0.58405172413793105
BerkeleyDBC,distance,2,10,2,2,MDP_MF-DF-PCI,0.58405172413793105
BerkeleyDBC,distance,2,10,2,2,MD_MF-DF,0.58405172413793105
BerkeleyDBC,distance,2,10,2,2,PCI,0.57614678899082572
BerkeleyDBC,distance,2,10,3,2,ALS,0.40075154730327145
BerkeleyDBC,distance,2,10,3,2,AP_ALS-PCI,0.39077277970011531
BerkeleyDBC,distance,2,10,3,2,Default,0.37231933681744456
BerkeleyDBC,distance,2,10,3,2,MDAP_MF-DF-ALS-PCI,0.37980295566502464
BerkeleyDBC,distance,2,10,3,2,MDA_MF-DF-ALS,0.37980295566502464
BerkeleyDBC,distance,2,10,3,2,MDP_MF-DF-PCI,0.37980295566502464
BerkeleyDBC,distance,2,10,3,2,MD_MF-DF,0.37980295566502464
BerkeleyDBC,distance,2,10,3,2,PCI,0.38094294770206022
BerkeleyDBC,distance,2,10,1,3,ALS,0.81818181818181823
BerkeleyDBC,distance,2,10,1,3,AP_ALS-PCI,0.81818181818181823
BerkeleyDBC,distance,2,10,1,3,Default,0.80000000000000004
BerkeleyDBC,distance,2,10,1,3,MDAP_MF-DF-ALS-PCI,0.8125
BerkeleyDBC,distance,2,10,1,3,MDA_MF-DF-ALS,0.8125
BerkeleyDBC,distance,2,10,1,3,MDP_MF-DF-PCI,0.8125
BerkeleyDBC,distance,2,10,1,3,MD_MF-DF,0.8125
BerkeleyDBC,distance,2,10,1,3,PCI,0.80000000000000004
BerkeleyDBC,distance,2,10,2,3,ALS,0.5786290322580645
BerkeleyDBC,distance,2,10,2,3,AP_ALS-PCI,0.57259713701431492
BerkeleyDBC,distance,2,10,2,3,Default,0.54706927175843689
BerkeleyDBC,distance,2,10,2,3,MDAP_MF-DF-ALS-PCI,0.5625
BerkeleyDBC,distance,2,10,2,3,MDA_MF-DF-ALS,0.5625
BerkeleyDBC,distance,2,10,2,3,MDP_MF-DF-PCI,0.5625
BerkeleyDBC,distance,2,10,2,3,MD_MF-DF,0.5625
BerkeleyDBC,distance,2,10,2,3,PCI,0.55045871559633031
BerkeleyDBC,distance,2,10,3,3,ALS,0.38152077807250223
BerkeleyDBC,distance,2,10,3,3,AP_ALS-PCI,0.3681660899653979
BerkeleyDBC,distance,2,10,3,3,Default,0.3456478644800865
BerkeleyDBC,distance,2,10,3,3,MDAP_MF-DF-ALS-PCI,0.3608374384236453
BerkeleyDBC,distance,2,10,3,3,MDA_MF-DF-ALS,0.3608374384236453
BerkeleyDBC,distance,2,10,3,3,MDP_MF-DF-PCI,0.3608374384236453
BerkeleyDBC,distance,2,10,3,3,MD_MF-DF,0.3608374384236453
BerkeleyDBC,distance,2,10,3,3,PCI,0.35023771790808239
BerkeleyDBC,distance,2,10,1,4,ALS,0.81818181818181823
BerkeleyDBC,distance,2,10,1,4,AP_ALS-PCI,0.81818181818181823
BerkeleyDBC,distance,2,10,1,4,Default,0.80000000000000004
BerkeleyDBC,distance,2,10,1,4,MDAP_MF-DF-ALS-PCI,0.8125
BerkeleyDBC,distance,2,10,1,4,MDA_MF-DF-ALS,0.8125
BerkeleyDBC,distance,2,10,1,4,MDP_MF-DF-PCI,0.8125
BerkeleyDBC,distance,2,10,1,4,MD_MF-DF,0.8125
BerkeleyDBC,distance,2,10,1,4,PCI,0.80000000000000004
BerkeleyDBC,distance,2,10,2,4,ALS,0.57661290322580649
BerkeleyDBC,distance,2,10,2,4,AP_ALS-PCI,0.57055214723926384
BerkeleyDBC,distance,2,10,2,4,Default,0.55239786856127882
BerkeleyDBC,distance,2,10,2,4,MDAP_MF-DF-ALS-PCI,0.56034482758620685
BerkeleyDBC,distance,2,10,2,4,MDA_MF-DF-ALS,0.56034482758620685
BerkeleyDBC,distance,2,10,2,4,MDP_MF-DF-PCI,0.56034482758620685
BerkeleyDBC,distance,2,10,2,4,MD_MF-DF,0.56034482758620685
BerkeleyDBC,distance,2,10,2,4,PCI,0.55596330275229355
BerkeleyDBC,distance,2,10,3,4,ALS,0.37732095490716178
BerkeleyDBC,distance,2,10,3,4,AP_ALS-PCI,0.36862745098039218
BerkeleyDBC,distance,2,10,3,4,Default,0.34961254280050458
BerkeleyDBC,distance,2,10,3,4,MDAP_MF-DF-ALS-PCI,0.35640394088669952
BerkeleyDBC,distance,2,10,3,4,MDA_MF-DF-ALS,0.35640394088669952
BerkeleyDBC,distance,2,10,3,4,MDP_MF-DF-PCI,0.35640394088669952
BerkeleyDBC,distance,2,10,3,4,MD_MF-DF,0.35640394088669952
BerkeleyDBC,distance,2,10,3,4,PCI,0.35796354992076068
BerkeleyDBC,solver,2,10,1,1,ALS,0.72727272727272729
BerkeleyDBC,solver,2,10,1,1,AP_ALS-PCI,0.72727272727272729
BerkeleyDBC,solver,2,10,1,1,Default,0.74285714285714288
BerkeleyDBC,solver,2,10,1,1,MDAP_MF-DF-ALS-PCI,0.71875
BerkeleyDBC,solver,2,10,1,1,MDA_MF-DF-ALS,0.71875
BerkeleyDBC,solver,2,10,1,1,MDP_MF-DF-PCI,0.71875
BerkeleyDBC,solver,2,10,1,1,MD_MF-DF,0.71875
BerkeleyDBC,solver,2,10,1,1,PCI,0.74285714285714288
BerkeleyDBC,solver,2,10,2,1,ALS,0.49596774193548387
BerkeleyDBC,solver,2,10,2,1,AP_ALS-PCI,0.4887525562372188
BerkeleyDBC,solver,2,10,2,1,Default,0.52220248667850799
BerkeleyDBC,solver,2,10,2,1,MDAP_MF-DF-ALS-PCI,0.48060344827586204
BerkeleyDBC,solver,2,10,2,1,MDA_MF-DF-ALS,0.48060344827586204
BerkeleyDBC,solver,2,10,2,1,MDP_MF-DF-PCI,0.48060344827586204
BerkeleyDBC,solver,2,10,2,1,MD_MF-DF,0.48060344827586204
BerkeleyDBC,solver,2,10,2,1,PCI,0.52110091743119269
BerkeleyDBC,solver,2,10,3,1,ALS,0.32471264367816094
BerkeleyDBC,solver,2,10,3,1,AP_ALS-PCI,0.31326412918108421
BerkeleyDBC,solver,2,10,3,1,Default,0.35375743377185076
BerkeleyDBC,solver,2,10,3,1,MDAP_MF-DF-ALS-PCI,0.30689655172413793
BerkeleyDBC,solver,2,10,3,1,MDA_MF-DF-ALS,0.30689655172413793
BerkeleyDBC,solver,2,10,3,1,MDP_MF-DF-PCI,0.30689655172413793
BerkeleyDBC,solver,2,10,3,1,MD_MF-DF,0.30689655172413793
BerkeleyDBC,solver,2,10,3,1,PCI,0.35340729001584786
BerkeleyDBC,solver,2,10,1,2,ALS,0.72727272727272729
BerkeleyDBC,solver,2,10,1,2,AP_ALS-PCI,0.72727272727272729
BerkeleyDBC,solver,2,10,1,2,Default,0.74285714285714288
BerkeleyDBC,solver,2,10,1,2,MDAP_MF-DF-ALS-PCI,0.71875
BerkeleyDBC,solver,2,10,1,2,MDA_MF-DF-ALS,0.71875
BerkeleyDBC,solver,2,10,1,2,MDP_MF-DF-PCI,0.71875
BerkeleyDBC,solver,2,10,1,2,MD_MF-DF,0.71875
BerkeleyDBC,solver,2,10,1,2,PCI,0.74285714285714288
BerkeleyDBC,solver,2,10,2,2,ALS,0.49596774193548387
BerkeleyDBC,solver,2,10,2,2,AP_ALS-PCI,0.4887525562372188
BerkeleyDBC,solver,2,10,2,2,Default,0.52220248667850799
BerkeleyDBC,solver,2,10,2,2,MDAP_MF-DF-ALS-PCI,0.48060344827586204
BerkeleyDBC,solver,2,10,2,2,MDA_MF-DF-ALS,0.48060344827586204
BerkeleyDBC,solver,2,10,2,2,MDP_MF-DF-PCI,0.48060344827586204
BerkeleyDBC,solver,2,10,2,2,MD_MF-DF,0.48060344827586204
BerkeleyDBC,solver,2,10,2,2,PCI,0.52110091743119269
BerkeleyDBC,solver,2,10,3,2,ALS,0.32471264367816094
BerkeleyDBC,solver,2,10,3,2,AP_ALS-PCI,0.31326412918108421
BerkeleyDBC,solver,2,10,3,2,Default,0.35375743377185076
BerkeleyDBC,solver,2,10,3,2,MDAP_MF-DF-ALS-PCI,0.30689655172413793
BerkeleyDBC,solver,2,10,3,2,MDA_MF-DF-ALS,0.30689655172413793
BerkeleyDBC,solver,2,10,3,2,MDP_MF-DF-PCI,0.30689655172413793
BerkeleyDBC,solver,2,10,3,2,MD_MF-DF,0.30689655172413793
BerkeleyDBC,solver,2,10,3,2,PCI,0.35340729001584786
BerkeleyDBC,solver,2,10,1,3,ALS,0.72727272727272729
BerkeleyDBC,solver,2,10,1,3,AP_ALS-PCI,0.72727272727272729
BerkeleyDBC,solver,2,10,1,3,Default,0.74285714285714288
BerkeleyDBC,solver,2,10,1,3,MDAP_MF-DF-ALS-PCI,0.71875
BerkeleyDBC,solver,2,10,1,3,MDA_MF-DF-ALS,0.71875
BerkeleyDBC,solver,2,10,1,3,MDP_MF-DF-PCI,0.71875
BerkeleyDBC,solver,2,10,1,3,MD_MF-DF,0.71875
BerkeleyDBC,solver,2,10,1,3,PCI,0.74285714285714288
BerkeleyDBC,solver,2,10,2,3,ALS,0.49596774193548387
BerkeleyDBC,solver,2,10,2,3,AP_ALS-PCI,0.4887525562372188
BerkeleyDBC,solver,2,10,2,3,Default,0.52220248667850799
BerkeleyDBC,solver,2,10,2,3,MDAP_MF-DF-ALS-PCI,0.48060344827586204
BerkeleyDBC,solver,2,10,2,3,MDA_MF-DF-ALS,0.48060344827586204
BerkeleyDBC,solver,2,10,2,3,MDP_MF-DF-PCI,0.48060344827586204
BerkeleyDBC,solver,2,10,2,3,MD_MF-DF,0.48060344827586204
BerkeleyDBC,solver,2,10,2,3,PCI,0.52110091743119269
BerkeleyDBC,solver,2,10,3,3,ALS,0.32471264367816094
BerkeleyDBC,solver,2,10,3,3,AP_ALS-PCI,0.31326412918108421
BerkeleyDBC,solver,2,10,3,3,Default,0.35375743377185076
BerkeleyDBC,solver,2,10,3,3,MDAP_MF-DF-ALS-PCI,0.30689655172413793
BerkeleyDBC,solver,2,10,3,3,MDA_MF-DF-ALS,0.30689655172413793
BerkeleyDBC,solver,2,10,3,3,MDP_MF-DF-PCI,0.30689655172413793
BerkeleyDBC,solver,2,10,3,3,MD_MF-DF,0.30689655172413793
BerkeleyDBC,solver,2,10,3,3,PCI,0.35340729001584786
BerkeleyDBC,solver,2,10,1,4,ALS,0.72727272727272729
BerkeleyDBC,solver,2,10,1,4,AP_ALS-PCI,0.72727272727272729
BerkeleyDBC,solver,2,10,1,4,Default,0.74285714285714288
BerkeleyDBC,solver,2,10,1,4,MDAP_MF-DF-ALS-PCI,0.71875
BerkeleyDBC,solver,2,10,1,4,MDA_MF-DF-ALS,0.71875
BerkeleyDBC,solver,2,10,1,4,MDP_MF-DF-PCI,0.71875
BerkeleyDBC,solver,2,10,1,4,MD_MF-DF,0.71875
BerkeleyDBC,solver,2,10,1,4,PCI,0.74285714285714288
BerkeleyDBC,solver,2,10,2,4,ALS,0.49596774193548387
BerkeleyDBC,solver,2,10,2,4,AP_ALS-PCI,0.4887525562372188
BerkeleyDBC,solver,2,10,2,4,Default,0.52220248667850799
BerkeleyDBC,solver,2,10,2,4,MDAP_MF-DF-ALS-PCI,0.48060344827586204
BerkeleyDBC,solver,2,10,2,4,MDA_MF-DF-ALS,0.48060344827586204
BerkeleyDBC,solver,2,10,2,4,MDP_MF-DF-PCI,0.48060344827586204
BerkeleyDBC,solver,2,10,2,4,MD_MF-DF,0.48060344827586204
BerkeleyDBC,solver,2,10,2,4,PCI,0.52110091743119269
BerkeleyDBC,solver,2,10,3,4,ALS,0.32471264367816094
BerkeleyDBC,solver,2,10,3,4,AP_ALS-PCI,0.31326412918108421
BerkeleyDBC,solver,2,10,3,4,Default,0.35375743377185076
BerkeleyDBC,solver,2,10,3,4,MDAP_MF-DF-ALS-PCI,0.30689655172413793
BerkeleyDBC,solver,2,10,3,4,MDA_MF-DF-ALS,0.30689655172413793
BerkeleyDBC,solver,2,10,3,4,MDP_MF-DF-PCI,0.30689655172413793
BerkeleyDBC,solver,2,10,3,4,MD_MF-DF,0.30689655172413793
BerkeleyDBC,solver,2,10,3,4,PCI,0.35340729001584786
Dune,random,2,10,1,1,ALS,0.98039215686274506
Dune,random,2,10,1,1,AP_ALS-PCI,0.98039215686274506
Dune,random,2,10,1,1,Default,0.98275862068965514
Dune,random,2,10,1,1,MDAP_MF-DF-ALS-PCI,0.97999999999999998
Dune,random,2,10,1,1,MDA_MF-DF-ALS,0.97999999999999998
Dune,random,2,10,1,1,MDP_MF-DF-PCI,0.98076923076923073
Dune,random,2,10,1,1,MD_MF-DF,0.98076923076923073
Dune,random,2,10,1,1,PCI,0.98275862068965514
Dune,random,2,10,2,1,ALS,0.80438448566610454
Dune,random,2,10,2,1,AP_ALS-PCI,0.80438448566610454
Dune,random,2,10,2,1,Default,0.83728379244074314
Dune,random,2,10,2,1,MDAP_MF-DF-ALS-PCI,0.79665492957746475
Dune,random,2,10,2,1,MDA_MF-DF-ALS,0.79665492957746475
Dune,random,2,10,2,1,MDP_MF-DF-PCI,0.79902755267423009
Dune,random,2,10,2,1,MD_MF-DF,0.79902755267423009
Dune,random,2,10,2,1,PCI,0.83464052287581703
Dune,random,2,10,3,1,ALS,0.61713911386374465
Dune,random,2,10,3,1,AP_ALS-PCI,0.61713911386374465
Dune,random,2,10,3,1,Default,0.6717237670917191
Dune,random,2,10,3,1,MDAP_MF-DF-ALS-PCI,0.60411343893714875
Dune,random,2,10,3,1,MDA_MF-DF-ALS,0.60411343893714875
Dune,random,2,10,3,1,MDP_MF-DF-PCI,0.60497981157469716
Dune,random,2,10,3,1,MD_MF-DF,0.60497981157469716
Dune,random,2,10,3,1,PCI,0.66854483096521311
Dune,random,2,10,1,2,ALS,0.90196078431372551
Dune,random,2,10,1,2,AP_ALS-PCI,0.90196078431372551
Dune,random,2,10,1,2,Default,0.91379310344827591
Dune,random,2,10,1,2,MDAP_MF-DF-ALS-PCI,0.90000000000000002
Dune,random,2,10,1,2,MDA_MF-DF-ALS,0.90000000000000002
Dune,random,2,10,1,2,MDP_MF-DF-PCI,0.90384615384615385
Dune,random,2,10,1,2,MD_MF-DF,0.90384615384615385
Dune,random,2,10,1,2,PCI,0.91379310344827591
Dune,random,2,10,2,2,ALS,0.73102866779089382
Dune,random,2,10,2,2,AP_ALS-PCI,0.73102866779089382
Dune,random,2,10,2,2,Default,0.76553491351697633
Dune,random,2,10,2,2,MDAP_MF-DF-ALS-PCI,0.72359154929577463
Dune,random,2,10,2,2,MDA_MF-DF-ALS,0.72359154929577463
Dune,random,2,10,2,2,MDP_MF-DF-PCI,0.72771474878444087
Dune,random,2,10,2,2,MD_MF-DF,0.72771474878444087
Dune,random,2,10,2,2,PCI,0.7640522875816993
Dune,random,2,10,3,2,ALS,0.56300619342544067
Dune,random,2,10,3,2,AP_ALS-PCI,0.56300619342544067
Dune,random,2,10,3,2,Default,0.61326624673528962
Dune,random,2,10,3,2,MDAP_MF-DF-ALS-PCI,0.55135411343893714
Dune,random,2,10,3,2,MDA_MF-DF-ALS,0.55135411343893714
Dune,random,2,10,3,2,MDP_MF-DF-PCI,0.55260206370569764
Dune,random,2,10,3,2,MD_MF-DF,0.55260206370569764
Dune,random,2,10,3,2,PCI,0.6117916054221787
Dune,random,2,10,1,3,ALS,0.90196078431372551
Dune,random,2,10,1,3,AP_ALS-PCI,0.90196078431372551
Dune,random,2,10,1,3,Default,0.91379310344827591
Dune,random,2,10,1,3,MDAP_MF-DF-ALS-PCI,0.90000000000000002
Dune,random,2,10,1,3,MDA_MF-DF-ALS,0.90000000000000002
Dune,random,2,10,1,3,MDP_MF-DF-PCI,0.90384615384615385
Dune,random,2,10,1,3,MD_MF-DF,0.90384615384615385
Dune,random,2,10,1,3,PCI,0.91379310344827591
Dune,random,2,10,2,3,ALS,0.730185497470489
Dune,random,2,10,2,3,AP_ALS-PCI,0.730185497470489
Dune,random,2,10,2,3,Default,0.76681614349775784
Dune,random,2,10,2,3,MDAP_MF-DF-ALS-PCI,0.72271126760563376
Dune,random,2,10,2,3,MDA_MF-DF-ALS,0.72271126760563376
Dune,random,2,10,2,3,MDP_MF-DF-PCI,0.72933549432739064
Dune,random,2,10,2,3,MD_MF-DF,0.72933549432739064
Dune,random,2,10,2,3,PCI,0.76535947712418295
Dune,random,2,10,3,3,ALS,0.56294664125774174
Dune,random,2,10,3,3,AP_ALS-PCI,0.56294664125774174
Dune,random,2,10,3,3,Default,0.61641573206329703
Dune,random,2,10,3,3,MDAP_MF-DF-ALS-PCI,0.55135411343893714
Dune,random,2,10,3,3,MDA_MF-DF-ALS,0.55135411343893714
Dune,random,2,10,3,3,MDP_MF-DF-PCI,0.55652759084791381
Dune,random,2,10,3,3,MD_MF-DF,0.55652759084791381
Dune,random,2,10,3,3,PCI,0.61501714845663891
Dune,random,2,10,1,4,ALS,0.90196078431372551
Dune,random,2,10,1,4,AP_ALS-PCI,0.90196078431372551
Dune,random,2,10,1,4,Default,0.91379310344827591
Dune,random,2,10,1,4,MDAP_MF-DF-ALS-PCI,0.90000000000000002
Dune,random,2,10,1,4,MDA_MF-DF-ALS,0.90000000000000002
Dune,random,2,10,1,4,MDP_MF-DF-PCI,0.90384615384615385
Dune,random,2,10,1,4,MD_MF-DF,0.90384615384615385
Dune,random,2,10,1,4,PCI,0.91379310344827591
Dune,random,2,10,2,4,ALS,0.72596964586846546
Dune,random,2,10,2,4,AP_ALS-PCI,0.72596964586846546
Dune,random,2,10,2,4,Default,0.76297245355541321
Dune,random,2,10,2,4,MDAP_MF-DF-ALS-PCI,0.71830985915492962
Dune,random,2,10,2,4,MDA_MF-DF-ALS,0.71830985915492962
Dune,random,2,10,2,4,MDP_MF-DF-PCI,0.72447325769854132
Dune,random,2,10,2,4,MD_MF-DF,0.72447325769854132
Dune,random,2,10,2,4,PCI,0.76143790849673199
Dune,random,2,10,3,4,ALS,0.55639590281086226
Dune,random,2,10,3,4,AP_ALS-PCI,0.55639590281086226
Dune,random,2,10,3,4,Default,0.61046243662620991
Dune,random,2,10,3,4,MDAP_MF-DF-ALS-PCI,0.54464741951967299
Dune,random,2,10,3,4,MDA_MF-DF-ALS,0.54464741951967299
Dune,random,2,10,3,4,MDP_MF-DF-PCI,0.54985419470614627
Dune,random,2,10,3,4,MD_MF-DF,0.54985419470614627
Dune,random,2,10,3,4,PCI,0.60901518863302306
Dune,distance,2,10,1,1,ALS,0.58823529411764708
Dune,distance,2,10,1,1,AP_ALS-PCI,0.58823529411764708
Dune,distance,2,10,1,1,Default,0.55172413793103448
Dune,distance,2,10,1,1,MDAP_MF-DF-ALS-PCI,0.57999999999999996
Dune,distance,2,10,1,1,MDA_MF-DF-ALS,0.57999999999999996
Dune,distance,2,10,1,1,MDP_MF-DF-PCI,0.57692307692307687
Dune,distance,2,10,1,1,MD_MF-DF,0.57692307692307687
Dune,distance,2,10,1,1,PCI,0.55172413793103448
Dune,distance,2,10,2,1,ALS,0.35413153456998314
Dune,distance,2,10,2,1,AP_ALS-PCI,0.35413153456998314
Dune,distance,2,10,2,1,Default,0.30557335041639977
Dune,distance,2,10,2,1,MDAP_MF-DF-ALS-PCI,0.34419014084507044
Dune,distance,2,10,2,1,MDA_MF-DF-ALS,0.34419014084507044
Dune,distance,2,10,2,1,MDP_MF-DF-PCI,0.33954619124797408
Dune,distance,2,10,2,1,MD_MF-DF,0.33954619124797408
Dune,distance,2,10,2,1,PCI,0.31111111111111112
Dune,distance,2,10,3,1,ALS,0.21813959028108623
Dune,distance,2,10,3,1,AP_ALS-PCI,0.21813959028108623
Dune,distance,2,10,3,1,Default,0.1698801659241051
Dune,distance,2,10,3,1,MDAP_MF-DF-ALS-PCI,0.20899335717935616
Dune,distance,2,10,3,1,MDA_MF-DF-ALS,0.20899335717935616
Dune,distance,2,10,3,1,MDP_MF-DF-PCI,0.20384701659937191
Dune,distance,2,10,3,1,MD_MF-DF,0.20384701659937191
Dune,distance,2,10,3,1,PCI,0.17948717948717949
Dune,distance,2,10,1,2,ALS,0.58823529411764708
Dune,distance,2,10,1,2,AP_ALS-PCI,0.58823529411764708
Dune,distance,2,10,1,2,Default,0.55172413793103448
Dune,distance,2,10,1,2,MDAP_MF-DF-ALS-PCI,0.57999999999999996
Dune,distance,2,10,1,2,MDA_MF-DF-ALS,0.57999999999999996
Dune,distance,2,10,1,2,MDP_MF-DF-PCI,0.57692307692307687
Dune,distance,2,10,1,2,MD_MF-DF,0.57692307692307687
Dune,distance,2,10,1,2,PCI,0.55172413793103448
Dune,distance,2,10,2,2,ALS,0.35413153456998314
Dune,distance,2,10,2,2,AP_ALS-PCI,0.35413153456998314
Dune,distance,2,10,2,2,Default,0.30557335041639977
Dune,distance,2,10,2,2,MDAP_MF-DF-ALS-PCI,0.34419014084507044
Dune,distance,2,10,2,2,MDA_MF-DF-ALS,0.34419014084507044
Dune,distance,2,10,2,2,MDP_MF-DF-PCI,0.33954619124797408
Dune,distance,2,10,2,2,MD_MF-DF,0.33954619124797408
Dune,distance,2,10,2,2,PCI,0.31111111111111112
Dune,distance,2,10,3,2,ALS,0.21813959028108623
Dune,distance,2,10,3,2,AP_ALS-PCI,0.21813959028108623
Dune,distance,2,10,3,2,Default,0.1698801659241051
Dune,distance,2,10,3,2,MDAP_MF-DF-ALS-PCI,0.20899335717935616
Dune,distance,2,10,3,2,MDA_MF-DF-ALS,0.20899335717935616
Dune,distance,2,10,3,2,MDP_MF-DF-PCI,0.20384701659937191
Dune,distance,2,10,3,2,MD_MF-DF,0.20384701659937191
Dune,distance,2,10,3,2,PCI,0.17948717948717949
Dune,distance,2,10,1,3,ALS,0.58823529411764708
Dune,distance,2,10,1,3,AP_ALS-PCI,0.58823529411764708
Dune,distance,2,10,1,3,Default,0.55172413793103448
Dune,distance,2,10,1,3,MDAP_MF-DF-ALS-PCI,0.57999999999999996
Dune,distance,2,10,1,3,MDA_MF-DF-ALS,0.57999999999999996
Dune,distance,2,10,1,3,MDP_MF-DF-PCI,0.57692307692307687
Dune,distance,2,10,1,3,MD_MF-DF,0.57692307692307687
Dune,distance,2,10,1,3,PCI,0.55172413793103448
Dune,distance,2,10,2,3,ALS,0.35413153456998314
Dune,distance,2,10,2,3,AP_ALS-PCI,0.35413153456998314
Dune,distance,2,10,2,3,Default,0.30557335041639977
Dune,distance,2,10,2,3,MDAP_MF-DF-ALS-PCI,0.34419014084507044
Dune,distance,2,10,2,3,MDA_MF-DF-ALS,0.34419014084507044
Dune,distance,2,10,2,3,MDP_MF-DF-PCI,0.33954619124797408
Dune,distance,2,10,2,3,MD_MF-DF,0.33954619124797408
Dune,distance,2,10,2,3,PCI,0.31111111111111112
Dune,distance,2,10,3,3,ALS,0.21813959028108623
Dune,distance,2,10,3,3,AP_ALS-PCI,0.21813959028108623
Dune,distance,2,10,3,3,Default,0.1698801659241051
Dune,distance,2,10,3,3,MDAP_MF-DF-ALS-PCI,0.20899335717935616
Dune,distance,2,10,3,3,MDA_MF-DF-ALS,0.20899335717935616
Dune,distance,2,10,3,3,MDP_MF-DF-PCI,0.20384701659937191
Dune,distance,2,10,3,3,MD_MF-DF,0.20384701659937191
Dune,distance,2,10,3,3,PCI,0.17948717948717949
Dune,distance,2,10,1,4,ALS,0.58823529411764708
Dune,distance,2,10,1,4,AP_ALS-PCI,0.58823529411764708
Dune,distance,2,10,1,4,Default,0.55172413793103448
Dune,distance,2,10,1,4,MDAP_MF-DF-ALS-PCI,0.57999999999999996
Dune,distance,2,10,1,4,MDA_MF-DF-ALS,0.57999999999999996
Dune,distance,2,10,1,4,MDP_MF-DF-PCI,0.57692307692307687
Dune,distance,2,10,1,4,MD_MF-DF,0.57692307692307687
Dune,distance,2,10,1,4,PCI,0.55172413793103448
Dune,distance,2,10,2,4,ALS,0.35413153456998314
Dune,distance,2,10,2,4,AP_ALS-PCI,0.35413153456998314
Dune,distance,2,10,2,4,Default,0.30557335041639977
Dune,distance,2,10,2,4,MDAP_MF-DF-ALS-PCI,0.34419014084507044
Dune,distance,2,10,2,4,MDA_MF-DF-ALS,0.34419014084507044
Dune,distance,2,10,2,4,MDP_MF-DF-PCI,0.33954619124797408
Dune,distance,2,10,2,4,MD_MF-DF,0.33954619124797408
Dune,distance,2,10,2,4,PCI,0.31111111111111112
Dune,distance,2,10,3,4,ALS,0.21813959028108623
Dune,distance,2,10,3,4,AP_ALS-PCI,0.21813959028108623
Dune,distance,2,10,3,4,Default,0.1698801659241051
Dune,distance,2,10,3,4,MDAP_MF-DF-ALS-PCI,0.20899335717935616
Dune,distance,2,10,3,4,MDA_MF-DF-ALS,0.20899335717935616
Dune,distance,2,10,3,4,MDP_MF-DF-PCI,0.20384701659937191
Dune,distance,2,10,3,4,MD_MF-DF,0.20384701659937191
Dune,distance,2,10,3,4,PCI,0.17948717948717949
Dune,solver,2,10,1,1,ALS,0.66666666666666663
Dune,solver,2,10,1,1,AP_ALS-PCI,0.66666666666666663
Dune,solver,2,10,1,1,Default,0.67241379310344829
Dune,solver,2,10,1,1,MDAP_MF-DF-ALS-PCI,0.66000000000000003
Dune,solver,2,10,1,1,MDA_MF-DF-ALS,0.66000000000000003
Dune,solver,2,10,1,1,MDP_MF-DF-PCI,0.65384615384615385
Dune,solver,2,10,1,1,MD_MF-DF,0.65384615384615385
Dune,solver,2,10,1,1,PCI,0.67241379310344829
Dune,solver,2,10,2,1,ALS,0.42833052276559863
Dune,solver,2,10,2,1,AP_ALS-PCI,0.42833052276559863
Dune,solver,2,10,2,1,Default,0.43113388853299167
Dune,solver,2,10,2,1,MDAP_MF-DF-ALS-PCI,0.41813380281690143
Dune,solver,2,10,2,1,MDA_MF-DF-ALS,0.41813380281690143
Dune,solver,2,10,2,1,MDP_MF-DF-PCI,0.41085899513776336
Dune,solver,2,10,2,1,MD_MF-DF,0.41085899513776336
Dune,solver,2,10,2,1,PCI,0.43529411764705883
Dune,solver,2,10,3,1,ALS,0.27346355407336825
Dune,solver,2,10,3,1,AP_ALS-PCI,0.27346355407336825
Dune,solver,2,10,3,1,Default,0.27173913043478259
Dune,solver,2,10,3,1,MDAP_MF-DF-ALS-PCI,0.26296627491057739
Dune,solver,2,10,3,1,MDA_MF-DF-ALS,0.26296627491057739
Dune,solver,2,10,3,1,MDP_MF-DF-PCI,0.25588829071332436
Dune,solver,2,10,3,1,MD_MF-DF,0.25588829071332436
Dune,solver,2,10,3,1,PCI,0.27976482116609508
Dune,solver,2,10,1,2,ALS,0.66666666666666663
Dune,solver,2,10,1,2,AP_ALS-PCI,0.66666666666666663
Dune,solver,2,10,1,2,Default,0.67241379310344829
Dune,solver,2,10,1,2,MDAP_MF-DF-ALS-PCI,0.66000000000000003
Dune,solver,2,10,1,2,MDA_MF-DF-ALS,0.66000000000000003
Dune,solver,2,10,1,2,MDP_MF-DF-PCI,0.65384615384615385
Dune,solver,2,10,1,2,MD_MF-DF,0.65384615384615385
Dune,solver,2,10,1,2,PCI,0.67241379310344829
Dune,solver,2,10,2,2,ALS,0.42833052276559863
Dune,solver,2,10,2,2,AP_ALS-PCI,0.42833052276559863
Dune,solver,2,10,2,2,Default,0.43113388853299167
Dune,solver,2,10,2,2,MDAP_MF-DF-ALS-PCI,0.41813380281690143
Dune,solver,2,10,2,2,MDA_MF-DF-ALS,0.41813380281690143
Dune,solver,2,10,2,2,MDP_MF-DF-PCI,0.41085899513776336
Dune,solver,2,10,2,2,MD_MF-DF,0.41085899513776336
Dune,solver,2,10,2,2,PCI,0.43529411764705883
Dune,solver,2,10,3,2,ALS,0.27346355407336825
Dune,solver,2,10,3,2,AP_ALS-PCI,0.27346355407336825
Dune,solver,2,10,3,2,Default,0.27173913043478259
Dune,solver,2,10,3,2,MDAP_MF-DF-ALS-PCI,0.26296627491057739
Dune,solver,2,10,3,2,MDA_MF-DF-ALS,0.26296627491057739
Dune,solver,2,10,3,2,MDP_MF-DF-PCI,0.25588829071332436
Dune,solver,2,10,3,2,MD_MF-DF,0.25588829071332436
Dune,solver,2,10,3,2,PCI,0.27976482116609508
Dune,solver,2,10,1,3,ALS,0.66666666666666663
Dune,solver,2,10,1,3,AP_ALS-PCI,0.66666666666666663
Dune,solver,2,10,1,3,Default,0.67241379310344829
Dune,solver,2,10,1,3,MDAP_MF-DF-ALS-PCI,0.66000000000000003
Dune,solver,2,10,1,3,MDA_MF-DF-ALS,0.66000000000000003
Dune,solver,2,10,1,3,MDP_MF-DF-PCI,0.65384615384615385
Dune,solver,2,10,1,3,MD_MF-DF,0.65384615384615385
Dune,solver,2,10,1,3,PCI,0.67241379310344829
Dune,solver,2,10,2,3,ALS,0.42833052276559863
Dune,solver,2,10,2,3,AP_ALS-PCI,0.42833052276559863
Dune,solver,2,10,2,3,Default,0.43113388853299167
Dune,solver,2,10,2,3,MDAP_MF-DF-ALS-PCI,0.41813380281690143
Dune,solver,2,10,2,3,MDA_MF-DF-ALS,0.41813380281690143
Dune,solver,2,10,2,3,MDP_MF-DF-PCI,0.41085899513776336
Dune,solver,2,10,2,3,MD_MF-DF,0.41085899513776336
Dune,solver,2,10,2,3,PCI,0.43529411764705883
Dune,solver,2,10,3,3,ALS,0.27346355407336825
Dune,solver,2,10,3,3,AP_ALS-PCI,0.27346355407336825
Dune,solver,2,10,3,3,Default,0.27173913043478259
Dune,solver,2,10,3,3,MDAP_MF-DF-ALS-PCI,0.26296627491057739
Dune,solver,2,10,3,3,MDA_MF-DF-ALS,0.26296627491057739
Dune,solver,2,10,3,3,MDP_MF-DF-PCI,0.25588829071332436
Dune,solver,2,10,3,3,MD_MF-DF,0.25588829071332436
Dune,solver,2,10,3,3,PCI,0.27976482116609508
Dune,solver,2,10,1,4,ALS,0.66666666666666663
Dune,solver,2,10,1,4,AP_ALS-PCI,0.66666666666666663
Dune,solver,2,10,1,4,Default,0.67241379310344829
Dune,solver,2,10,1,4,MDAP_MF-DF-ALS-PCI,0.66000000000000003
Dune,solver,2,10,1,4,MDA_MF-DF-ALS,0.66000000000000003
Dune,solver,2,10,1,4,MDP_MF-DF-PCI,0.65384615384615385
Dune,solver,2,10,1,4,MD_MF-DF,0.65384615384615385
Dune,solver,2,10,1,4,PCI,0.67241379310344829
Dune,solver,2,10,2,4,ALS,0.42833052276559863
Dune,solver,2,10,2,4,AP_ALS-PCI,0.42833052276559863
Dune,solver,2,10,2,4,Default,0.43113388853299167
Dune,solver,2,10,2,4,MDAP_MF-DF-ALS-PCI,0.41813380281690143
Dune,solver,2,10,2,4,MDA_MF-DF-ALS,0.41813380281690143
Dune,solver,2,10,2,4,MDP_MF-DF-PCI,0.41085899513776336
Dune,solver,2,10,2,4,MD_MF-DF,0.41085899513776336
Dune,solver,2,10,2,4,PCI,0.43529411764705883
Dune,solver,2,10,3,4,ALS,0.27346355407336825
Dune,solver,2,10,3,4,AP_ALS-PCI,0.27346355407336825
Dune,solver,2,10,3,4,Default,0.27173913043478259
Dune,solver,2,10,3,4,MDAP_MF-DF-ALS-PCI,0.26296627491057739
Dune,solver,2,10,3,4,MDA_MF-DF-ALS,0.26296627491057739
Dune,solver,2,10,3,4,MDP_MF-DF-PCI,0.25588829071332436
Dune,solver,2,10,3,4,MD_MF-DF,0.25588829071332436
Dune,solver,2,10,3,4,PCI,0.27976482116609508
Hipacc,random,2,10,1,1,ALS,0.76767676767676762
Hipacc,random,2,10,1,1,AP_ALS-PCI,0.76767676767676762
Hipacc,random,2,10,1,1,Default,0.78095238095238095
Hipacc,random,2,10,1,1,MDAP_MF-DF-ALS-PCI,0.76530612244897955
Hipacc,random,2,10,1,1,MDA_MF-DF-ALS,0.76530612244897955
Hipacc,random,2,10,1,1,MDP_MF-DF-PCI,0.77000000000000002
Hipacc,random,2,10,1,1,MD_MF-DF,0.77000000000000002
Hipacc,random,2,10,1,1,PCI,0.78095238095238095
Hipacc,random,2,10,2,1,ALS,0.57081447963800902
Hipacc,random,2,10,2,1,AP_ALS-PCI,0.57045763479836886
Hipacc,random,2,10,2,1,Default,0.59108102727453715
Hipacc,random,2,10,2,1,MDAP_MF-DF-ALS-PCI,0.56623436776285319
Hipacc,random,2,10,2,1,MDA_MF-DF-ALS,0.56640444238778342
Hipacc,random,2,10,2,1,MDP_MF-DF-PCI,0.57019294743845639
Hipacc,random,2,10,2,1,MD_MF-DF,0.570352315532905
Hipacc,random,2,10,2,1,PCI,0.59126584825920714
Hipacc,random,2,10,3,1,ALS,0.4126815379068714
Hipacc,random,2,10,3,1,AP_ALS-PCI,0.41210353220981438
Hipacc,random,2,10,3,1,Default,0.43907871350290945
Hipacc,random,2,10,3,1,MDAP_MF-DF-ALS-PCI,0.40608847710782847
Hipacc,random,2,10,3,1,MDA_MF-DF-ALS,0.40628400304282097
Hipacc,random,2,10,3,1,MDP_MF-DF-PCI,0.40945114579695352
Hipacc,random,2,10,3,1,MD_MF-DF,0.40963059508293309
Hipacc,random,2,10,3,1,PCI,0.44071408928407735
Hipacc,random,2,10,1,2,ALS,0.75757575757575757
Hipacc,random,2,10,1,2,AP_ALS-PCI,0.75757575757575757
Hipacc,random,2,10,1,2,Default,0.77142857142857146
Hipacc,random,2,10,1,2,MDAP_MF-DF-ALS-PCI,0.75510204081632648
Hipacc,random,2,10,1,2,MDA_MF-DF-ALS,0.75510204081632648
Hipacc,random,2,10,1,2,MDP_MF-DF-PCI,0.76000000000000001
Hipacc,random,2,10,1,2,MD_MF-DF,0.76000000000000001
Hipacc,random,2,10,1,2,PCI,0.77142857142857146
Hipacc,random,2,10,2,2,ALS,0.56040723981900453
Hipacc,random,2,10,2,2,AP_ALS-PCI,0.56003624830086085
Hipacc,random,2,10,2,2,Default,0.58092773243081819
Hipacc,random,2,10,2,2,MDAP_MF-DF-ALS-PCI,0.55581287633163501
Hipacc,random,2,10,2,2,MDA_MF-DF-ALS,0.555992596020361
Hipacc,random,2,10,2,2,MDP_MF-DF-PCI,0.5599911288534043
Hipacc,random,2,10,2,2,MD_MF-DF,0.56015953910923999
Hipacc,random,2,10,2,2,PCI,0.58120346146105861
Hipacc,random,2,10,3,2,ALS,0.4050173326035395
Hipacc,random,2,10,3,2,AP_ALS-PCI,0.40440023834624378
Hipacc,random,2,10,3,2,Default,0.43091798015178051
Hipacc,random,2,10,3,2,MDAP_MF-DF-ALS-PCI,0.39865083750976621
Hipacc,random,2,10,3,2,MDA_MF-DF-ALS,0.39882049041767176
Hipacc,random,2,10,3,2,MDP_MF-DF-PCI,0.40210933908554053
Hipacc,random,2,10,3,2,MD_MF-DF,0.40226501564359052
Hipacc,random,2,10,3,2,PCI,0.43264704771259116
Hipacc,random,2,10,1,3,ALS,0.76767676767676762
Hipacc,random,2,10,1,3,AP_ALS-PCI,0.76767676767676762
Hipacc,random,2,10,1,3,Default,0.78095238095238095
Hipacc,random,2,10,1,3,MDAP_MF-DF-ALS-PCI,0.76530612244897955
Hipacc,random,2,10,1,3,MDA_MF-DF-ALS,0.76530612244897955
Hipacc,random,2,10,1,3,MDP_MF-DF-PCI,0.77000000000000002
Hipacc,random,2,10,1,3,MD_MF-DF,0.77000000000000002
Hipacc,random,2,10,1,3,PCI,0.78095238095238095
Hipacc,random,2,10,2,3,ALS,0.56628959276018098
Hipacc,random,2,10,2,3,AP_ALS-PCI,0.56592659719075666
Hipacc,random,2,10,2,3,Default,0.58610392195898864
Hipacc,random,2,10,2,3,MDAP_MF-DF-ALS-PCI,0.56160259379342292
Hipacc,random,2,10,2,3,MDA_MF-DF-ALS,0.56177695511337344
Hipacc,random,2,10,2,3,MDP_MF-DF-PCI,0.56464848081614549
Hipacc,random,2,10,2,3,MD_MF-DF,0.56481276312873918
Hipacc,random,2,10,2,3,PCI,0.58623465486013282
Hipacc,random,2,10,3,3,ALS,0.41368152819535087
Hipacc,random,2,10,3,3,AP_ALS-PCI,0.41319626753622385
Hipacc,random,2,10,3,3,Default,0.43723080078525595
Hipacc,random,2,10,3,3,MDAP_MF-DF-ALS-PCI,0.40746911806952024
Hipacc,random,2,10,3,3,MDA_MF-DF-ALS,0.40757248935804685
Hipacc,random,2,10,3,3,MDP_MF-DF-PCI,0.40864359812420065
Hipacc,random,2,10,3,3,MD_MF-DF,0.40874438866310731
Hipacc,random,2,10,3,3,PCI,0.43901661976318163
Hipacc,random,2,10,1,4,ALS,0.76767676767676762
Hipacc,random,2,10,1,4,AP_ALS-PCI,0.76767676767676762
Hipacc,random,2,10,1,4,Default,0.78095238095238095
Hipacc,random,2,10,1,4,MDAP_MF-DF-ALS-PCI,0.76530612244897955
Hipacc,random,2,10,1,4,MDA_MF-DF-ALS,0.76530612244897955
Hipacc,random,2,10,1,4,MDP_MF-DF-PCI,0.77000000000000002
Hipacc,random,2,10,1,4,MD_MF-DF,0.77000000000000002
Hipacc,random,2,10,1,4,PCI,0.78095238095238095
Hipacc,random,2,10,2,4,ALS,0.57058823529411762
Hipacc,random,2,10,2,4,AP_ALS-PCI,0.57023108291798819
Hipacc,random,2,10,2,4,Default,0.59108102727453715
Hipacc,random,2,10,2,4,MDAP_MF-DF-ALS-PCI,0.56600277906438168
Hipacc,random,2,10,2,4,MDA_MF-DF-ALS,0.56617306802406298
Hipacc,random,2,10,2,4,MDP_MF-DF-PCI,0.57019294743845639
Hipacc,random,2,10,2,4,MD_MF-DF,0.570352315532905
Hipacc,random,2,10,2,4,PCI,0.59126584825920714
Hipacc,random,2,10,3,4,ALS,0.41801343411973568
Hipacc,random,2,10,3,4,AP_ALS-PCI,0.41744912129042938
Hipacc,random,2,10,3,4,Default,0.44339180944298945
Hipacc,random,2,10,3,4,MDAP_MF-DF-ALS-PCI,0.41176583052921384
Hipacc,random,2,10,3,4,MDA_MF-DF-ALS,0.41191211220367407
Hipacc,random,2,10,3,4,MDP_MF-DF-PCI,0.41499512281635187
Hipacc,random,2,10,3,4,MD_MF-DF,0.41512920022277422
Hipacc,random,2,10,3,4,PCI,0.44514389170435348
Hipacc,distance,2,10,1,1,ALS,0.56565656565656564
Hipacc,distance,2,10,1,1,AP_ALS-PCI,0.56565656565656564
Hipacc,distance,2,10,1,1,Default,0.56190476190476191
Hipacc,distance,2,10,1,1,MDAP_MF-DF-ALS-PCI,0.56122448979591832
Hipacc,distance,2,10,1,1,MDA_MF-DF-ALS,0.56122448979591832
Hipacc,distance,2,10,1,1,MDP_MF-DF-PCI,0.56000000000000005
Hipacc,distance,2,10,1,1,MD_MF-DF,0.56000000000000005
Hipacc,distance,2,10,1,1,PCI,0.56190476190476191
Hipacc,distance,2,10,2,1,ALS,0.34321266968325792
Hipacc,distance,2,10,2,1,AP_ALS-PCI,0.34322609877661986
Hipacc,distance,2,10,2,1,Default,0.33366514035436989
Hipacc,distance,2,10,2,1,MDAP_MF-DF-ALS-PCI,0.33858267716535434
Hipacc,distance,2,10,2,1,MDA_MF-DF-ALS,0.33826931975937063
Hipacc,distance,2,10,2,1,MDP_MF-DF-PCI,0.336216455976935
Hipacc,distance,2,10,2,1,MD_MF-DF,0.33591845778861068
Hipacc,distance,2,10,2,1,PCI,0.33628496679412356
Hipacc,distance,2,10,3,1,ALS,0.21156806888477103
Hipacc,distance,2,10,3,1,AP_ALS-PCI,0.21166246664690186
Hipacc,distance,2,10,3,1,Default,0.19902716147500571
Hipacc,distance,2,10,3,1,MDAP_MF-DF-ALS-PCI,0.20699388276094599
Hipacc,distance,2,10,3,1,MDA_MF-DF-ALS,0.20631019020825933
Hipacc,distance,2,10,3,1,MDP_MF-DF-PCI,0.20445309778774104
Hipacc,distance,2,10,3,1,MD_MF-DF,0.20381779977919443
Hipacc,distance,2,10,3,1,PCI,0.2041674923402893
Hipacc,distance,2,10,1,2,ALS,0.59595959595959591
Hipacc,distance,2,10,1,2,AP_ALS-PCI,0.59595959595959591
Hipacc,distance,2,10,1,2,Default,0.580952380952381
Hipacc,distance,2,10,1,2,MDAP_MF-DF-ALS-PCI,0.59183673469387754
Hipacc,distance,2,10,1,2,MDA_MF-DF-ALS,0.59183673469387754
Hipacc,distance,2,10,1,2,MDP_MF-DF-PCI,0.58999999999999997
Hipacc,distance,2,10,1,2,MD_MF-DF,0.58999999999999997
Hipacc,distance,2,10,1,2,PCI,0.580952380952381
Hipacc,distance,2,10,2,2,ALS,0.3748868778280543
Hipacc,distance,2,10,2,2,AP_ALS-PCI,0.37494336202990486
Hipacc,distance,2,10,2,2,Default,0.35277722476607604
Hipacc,distance,2,10,2,2,MDAP_MF-DF-ALS-PCI,0.37031032885595183
Hipacc,distance,2,10,2,2,MDA_MF-DF-ALS,0.36996760758907915
Hipacc,distance,2,10,2,2,MDP_MF-DF-PCI,0.36726546906187624
Hipacc,distance,2,10,2,2,MD_MF-DF,0.36693995125193885
Hipacc,distance,2,10,2,2,PCI,0.3558059971825317
Hipacc,distance,2,10,3,2,ALS,0.23653174827813944
Hipacc,distance,2,10,3,2,AP_ALS-PCI,0.23668863496278034
Hipacc,distance,2,10,3,2,Default,0.21158084101641556
Hipacc,distance,2,10,3,2,MDAP_MF-DF-ALS-PCI,0.23164304607003278
Hipacc,distance,2,10,3,2,MDA_MF-DF-ALS,0.23085926741944368
Hipacc,distance,2,10,3,2,MDP_MF-DF-PCI,0.22843103227809949
Hipacc,distance,2,10,3,2,MD_MF-DF,0.22770519415486867
Hipacc,distance,2,10,3,2,PCI,0.21754903864828121
Hipacc,distance,2,10,1,3,ALS,0.56565656565656564
Hipacc,distance,2,10,1,3,AP_ALS-PCI,0.56565656565656564
Hipacc,distance,2,10,1,3,Default,0.56190476190476191
Hipacc,distance,2,10,1,3,MDAP_MF-DF-ALS-PCI,0.56122448979591832
Hipacc,distance,2,10,1,3,MDA_MF-DF-ALS,0.56122448979591832
Hipacc,distance,2,10,1,3,MDP_MF-DF-PCI,0.56000000000000005
Hipacc,distance,2,10,1,3,MD_MF-DF,0.56000000000000005
Hipacc,distance,2,10,1,3,PCI,0.56190476190476191
Hipacc,distance,2,10,2,3,ALS,0.34366515837104072
Hipacc,distance,2,10,2,3,AP_ALS-PCI,0.34367920253738105
Hipacc,distance,2,10,2,3,Default,0.3342623929922357
Hipacc,distance,2,10,2,3,MDAP_MF-DF-ALS-PCI,0.33904585456229736
Hipacc,distance,2,10,2,3,MDA_MF-DF-ALS,0.33873206848681164
Hipacc,distance,2,10,2,3,MDP_MF-DF-PCI,0.33666001330671991
Hipacc,distance,2,10,2,3,MD_MF-DF,0.33636162198094394
Hipacc,distance,2,10,2,3,PCI,0.33668746226604951
Hipacc,distance,2,10,3,3,ALS,0.21027306853392996
Hipacc,distance,2,10,3,3,AP_ALS-PCI,0.21035300316122235
Hipacc,distance,2,10,3,3,Default,0.19825987202312226
Hipacc,distance,2,10,3,3,MDAP_MF-DF-ALS-PCI,0.2055463649089147
Hipacc,distance,2,10,3,3,MDA_MF-DF-ALS,0.20485653798499526
Hipacc,distance,2,10,3,3,MDP_MF-DF-PCI,0.20309284891995033
Hipacc,distance,2,10,3,3,MD_MF-DF,0.20245238009180613
Hipacc,distance,2,10,3,3,PCI,0.20302875932015005
Hipacc,distance,2,10,1,4,ALS,0.61616161616161613
Hipacc,distance,2,10,1,4,AP_ALS-PCI,0.61616161616161613
Hipacc,distance,2,10,1,4,Default,0.60952380952380958
Hipacc,distance,2,10,1,4,MDAP_MF-DF-ALS-PCI,0.61224489795918369
Hipacc,distance,2,10,1,4,MDA_MF-DF-ALS,0.61224489795918369
Hipacc,distance,2,10,1,4,MDP_MF-DF-PCI,0.60999999999999999
Hipacc,distance,2,10,1,4,MD_MF-DF,0.60999999999999999
Hipacc,distance,2,10,1,4,PCI,0.60952380952380958
Hipacc,distance,2,10,2,4,ALS,0.39457013574660632
Hipacc,distance,2,10,2,4,AP_ALS-PCI,0.39465337562301767
Hipacc,distance,2,10,2,4,Default,0.38144535138363528
Hipacc,distance,2,10,2,4,MDAP_MF-DF-ALS-PCI,0.38999536822603059
Hipacc,distance,2,10,2,4,MDA_MF-DF-ALS,0.3896344285053216
Hipacc,distance,2,10,2,4,MDP_MF-DF-PCI,0.3865602129075183
Hipacc,distance,2,10,2,4,MD_MF-DF,0.38621759361843561
Hipacc,distance,2,10,2,4,PCI,0.38438317568927349
Hipacc,distance,2,10,3,4,ALS,0.2557543590865981
Hipacc,distance,2,10,3,4,AP_ALS-PCI,0.25597272752265832
Hipacc,distance,2,10,3,4,Default,0.23892585135253436
Hipacc,distance,2,10,3,4,MDAP_MF-DF-ALS-PCI,0.2510810553386037
Hipacc,distance,2,10,3,4,MDA_MF-DF-ALS,0.25026107429699812
Hipacc,distance,2,10,3,4,MDP_MF-DF-PCI,0.24730451074660634
Hipacc,distance,2,10,3,4,MD_MF-DF,0.24654408331204131
Hipacc,distance,2,10,3,4,PCI,0.24488069430701484
Hipacc,solver,2,10,1,1,ALS,0.59595959595959591
Hipacc,solver,2,10,1,1,AP_ALS-PCI,0.59595959595959591
Hipacc,solver,2,10,1,1,Default,0.59999999999999998
Hipacc,solver,2,10,1,1,MDAP_MF-DF-ALS-PCI,0.59183673469387754
Hipacc,solver,2,10,1,1,MDA_MF-DF-ALS,0.59183673469387754
Hipacc,solver,2,10,1,1,MDP_MF-DF-PCI,0.58999999999999997
Hipacc,solver,2,10,1,1,MD_MF-DF,0.58999999999999997
Hipacc,solver,2,10,1,1,PCI,0.59999999999999998
Hipacc,solver,2,10,2,1,ALS,0.3744343891402715
Hipacc,solver,2,10,2,1,AP_ALS-PCI,0.37471681014952424
Hipacc,solver,2,10,2,1,Default,0.37607007764284295
Hipacc,solver,2,10,2,1,MDAP_MF-DF-ALS-PCI,0.36984715145900882
Hipacc,solver,2,10,2,1,MDA_MF-DF-ALS,0.36950485886163814
Hipacc,solver,2,10,2,1,MDP_MF-DF-PCI,0.36704369039698381
Hipacc,solver,2,10,2,1,MD_MF-DF,0.36671836915577222
Hipacc,solver,2,10,2,1,PCI,0.37894948681827328
Hipacc,solver,2,10,3,1,ALS,0.24700757611318169
Hipacc,solver,2,10,3,1,AP_ALS-PCI,0.24771663647342995
Hipacc,solver,2,10,3,1,Default,0.24549235099560249
Hipacc,solver,2,10,3,1,MDAP_MF-DF-ALS-PCI,0.2426438101970487
Hipacc,solver,2,10,3,1,MDA_MF-DF-ALS,0.24182705950272512
Hipacc,solver,2,10,3,1,MDP_MF-DF-PCI,0.23915829659591875
Hipacc,solver,2,10,3,1,MD_MF-DF,0.23840201514986772
Hipacc,solver,2,10,3,1,PCI,0.25168273322295637
Hipacc,solver,2,10,1,2,ALS,0.59595959595959591
Hipacc,solver,2,10,1,2,AP_ALS-PCI,0.59595959595959591
Hipacc,solver,2,10,1,2,Default,0.59999999999999998
Hipacc,solver,2,10,1,2,MDAP_MF-DF-ALS-PCI,0.59183673469387754
Hipacc,solver,2,10,1,2,MDA_MF-DF-ALS,0.59183673469387754
Hipacc,solver,2,10,1,2,MDP_MF-DF-PCI,0.58999999999999997
Hipacc,solver,2,10,1,2,MD_MF-DF,0.58999999999999997
Hipacc,solver,2,10,1,2,PCI,0.59999999999999998
Hipacc,solver,2,10,2,2,ALS,0.3744343891402715
Hipacc,solver,2,10,2,2,AP_ALS-PCI,0.37471681014952424
Hipacc,solver,2,10,2,2,Default,0.37607007764284295
Hipacc,solver,2,10,2,2,MDAP_MF-DF-ALS-PCI,0.36984715145900882
Hipacc,solver,2,10,2,2,MDA_MF-DF-ALS,0.36950485886163814
Hipacc,solver,2,10,2,2,MDP_MF-DF-PCI,0.36704369039698381
Hipacc,solver,2,10,2,2,MD_MF-DF,0.36671836915577222
Hipacc,solver,2,10,2,2,PCI,0.37894948681827328
Hipacc,solver,2,10,3,2,ALS,0.24677334207125043
Hipacc,solver,2,10,3,2,AP_ALS-PCI,0.24745954944160395
Hipacc,solver,2,10,3,2,Default,0.24534184111999766
Hipacc,solver,2,10,3,2,MDAP_MF-DF-ALS-PCI,0.24253802281368822
Hipacc,solver,2,10,3,2,MDA_MF-DF-ALS,0.24174751762298188
Hipacc,solver,2,10,3,2,MDP_MF-DF-PCI,0.23916303523226479
Hipacc,solver,2,10,3,2,MD_MF-DF,0.23842899983290974
Hipacc,solver,2,10,3,2,PCI,0.25137065331332342
Hipacc,solver,2,10,1,3,ALS,0.59595959595959591
Hipacc,solver,2,10,1,3,AP_ALS-PCI,0.59595959595959591
Hipacc,solver,2,10,1,3,Default,0.59999999999999998
Hipacc,solver,2,10,1,3,MDAP_MF-DF-ALS-PCI,0.59183673469387754
Hipacc,solver,2,10,1,3,MDA_MF-DF-ALS,0.59183673469387754
Hipacc,solver,2,10,1,3,MDP_MF-DF-PCI,0.58999999999999997
Hipacc,solver,2,10,1,3,MD_MF-DF,0.58999999999999997
Hipacc,solver,2,10,1,3,PCI,0.59999999999999998
Hipacc,solver,2,10,2,3,ALS,0.3744343891402715
Hipacc,solver,2,10,2,3,AP_ALS-PCI,0.37471681014952424
Hipacc,solver,2,10,2,3,Default,0.37607007764284295
Hipacc,solver,2,10,2,3,MDAP_MF-DF-ALS-PCI,0.36984715145900882
Hipacc,solver,2,10,2,3,MDA_MF-DF-ALS,0.36950485886163814
Hipacc,solver,2,10,2,3,MDP_MF-DF-PCI,0.36704369039698381
Hipacc,solver,2,10,2,3,MD_MF-DF,0.36671836915577222
Hipacc,solver,2,10,2,3,PCI,0.37894948681827328
Hipacc,solver,2,10,3,3,ALS,0.24725938269409001
Hipacc,solver,2,10,3,3,AP_ALS-PCI,0.2479677091565993
Hipacc,solver,2,10,3,3,Default,0.24569610917840567
Hipacc,solver,2,10,3,3,MDAP_MF-DF-ALS-PCI,0.24291993382475308
Hipacc,solver,2,10,3,3,MDA_MF-DF-ALS,0.24210464696527703
Hipacc,solver,2,10,3,3,MDP_MF-DF-PCI,0.23942346915650636
Hipacc,solver,2,10,3,3,MD_MF-DF,0.2386684016482325
Hipacc,solver,2,10,3,3,PCI,0.25187952514009604
Hipacc,solver,2,10,1,4,ALS,0.59595959595959591
Hipacc,solver,2,10,1,4,AP_ALS-PCI,0.59595959595959591
Hipacc,solver,2,10,1,4,Default,0.59999999999999998
Hipacc,solver,2,10,1,4,MDAP_MF-DF-ALS-PCI,0.59183673469387754
Hipacc,solver,2,10,1,4,MDA_MF-DF-ALS,0.59183673469387754
Hipacc,solver,2,10,1,4,MDP_MF-DF-PCI,0.58999999999999997
Hipacc,solver,2,10,1,4,MD_MF-DF,0.58999999999999997
Hipacc,solver,2,10,1,4,PCI,0.59999999999999998
Hipacc,solver,2,10,2,4,ALS,0.3744343891402715
Hipacc,solver,2,10,2,4,AP_ALS-PCI,0.37471681014952424
Hipacc,solver,2,10,2,4,Default,0.37607007764284295
Hipacc,solver,2,10,2,4,MDAP_MF-DF-ALS-PCI,0.36984715145900882
Hipacc,solver,2,10,2,4,MDA_MF-DF-ALS,0.36950485886163814
Hipacc,solver,2,10,2,4,MDP_MF-DF-PCI,0.36704369039698381
Hipacc,solver,2,10,2,4,MD_MF-DF,0.36671836915577222
Hipacc,solver,2,10,2,4,PCI,0.37894948681827328
Hipacc,solver,2,10,3,4,ALS,0.24614210153225366
Hipacc,solver,2,10,3,4,AP_ALS-PCI,0.24682417191024575
Hipacc,solver,2,10,3,4,Default,0.24483827316775067
Hipacc,solver,2,10,3,4,MDAP_MF-DF-ALS-PCI,0.24188558196036747
Hipacc,solver,2,10,3,4,MDA_MF-DF-ALS,0.24109845618283637
Hipacc,solver,2,10,3,4,MDP_MF-DF-PCI,0.23856249449484718
Hipacc,solver,2,10,3,4,MD_MF-DF,0.2378313824322307
Hipacc,solver,2,10,3,4,PCI,0.25084168744209867
JavaGC,random,2,10,1,1,ALS,0.92307692307692313
JavaGC,random,2,10,1,1,AP_ALS-PCI,0.92307692307692313
JavaGC,random,2,10,1,1,Default,0.92957746478873238
JavaGC,random,2,10,1,1,MDAP_MF-DF-ALS-PCI,0.921875
JavaGC,random,2,10,1,1,MDA_MF-DF-ALS,0.921875
JavaGC,random,2,10,1,1,MDP_MF-DF-PCI,0.921875
JavaGC,random,2,10,1,1,MD_MF-DF,0.921875
JavaGC,random,2,10,1,1,PCI,0.92957746478873238
JavaGC,random,2,10,2,1,ALS,0.77783350050150446
JavaGC,random,2,10,2,1,AP_ALS-PCI,0.77727501256913023
JavaGC,random,2,10,2,1,Default,0.80283451438099207
JavaGC,random,2,10,2,1,MDAP_MF-DF-ALS-PCI,0.77305699481865287
JavaGC,random,2,10,2,1,MDA_MF-DF-ALS,0.77305699481865287
JavaGC,random,2,10,2,1,MDP_MF-DF-PCI,0.77305699481865287
JavaGC,random,2,10,2,1,MD_MF-DF,0.77305699481865287
JavaGC,random,2,10,2,1,PCI,0.80177890724269374
JavaGC,random,2,10,3,1,ALS,0.59605693802275439
JavaGC,random,2,10,3,1,AP_ALS-PCI,0.59427195141106859
JavaGC,random,2,10,3,1,Default,0.6446741939872126
JavaGC,random,2,10,3,1,MDAP_MF-DF-ALS-PCI,0.58671516079632469
JavaGC,random,2,10,3,1,MDA_MF-DF-ALS,0.58671516079632469
JavaGC,random,2,10,3,1,MDP_MF-DF-PCI,0.58671516079632469
JavaGC,random,2,10,3,1,MD_MF-DF,0.58671516079632469
JavaGC,random,2,10,3,1,PCI,0.64208981388996478
JavaGC,random,2,10,1,2,ALS,0.90769230769230769
JavaGC,random,2,10,1,2,AP_ALS-PCI,0.90769230769230769
JavaGC,random,2,10,1,2,Default,0.91549295774647887
JavaGC,random,2,10,1,2,MDAP_MF-DF-ALS-PCI,0.90625
JavaGC,random,2,10,1,2,MDA_MF-DF-ALS,0.90625
JavaGC,random,2,10,1,2,MDP_MF-DF-PCI,0.90625
JavaGC,random,2,10,1,2,MD_MF-DF,0.90625
JavaGC,random,2,10,1,2,PCI,0.91549295774647887
JavaGC,random,2,10,2,2,ALS,0.75275827482447344
JavaGC,random,2,10,2,2,AP_ALS-PCI,0.75213675213675213
JavaGC,random,2,10,2,2,Default,0.779491454772822
JavaGC,random,2,10,2,2,MDAP_MF-DF-ALS-PCI,0.74766839378238337
JavaGC,random,2,10,2,2,MDA_MF-DF-ALS,0.74766839378238337
JavaGC,random,2,10,2,2,MDP_MF-DF-PCI,0.74766839378238337
JavaGC,random,2,10,2,2,MD_MF-DF,0.74766839378238337
JavaGC,random,2,10,2,2,PCI,0.77848369335027534
JavaGC,random,2,10,3,2,ALS,0.57125045456906853
JavaGC,random,2,10,3,2,AP_ALS-PCI,0.56979423006440133
JavaGC,random,2,10,3,2,Default,0.61999339254134522
JavaGC,random,2,10,3,2,MDAP_MF-DF-ALS-PCI,0.56193940056880332
JavaGC,random,2,10,3,2,MDA_MF-DF-ALS,0.56193940056880332
JavaGC,random,2,10,3,2,MDP_MF-DF-PCI,0.56193940056880332
JavaGC,random,2,10,3,2,MD_MF-DF,0.56193940056880332
JavaGC,random,2,10,3,2,PCI,0.61768962635301794
JavaGC,random,2,10,1,3,ALS,0.98461538461538467
JavaGC,random,2,10,1,3,AP_ALS-PCI,0.98461538461538467
JavaGC,random,2,10,1,3,Default,0.9859154929577465
JavaGC,random,2,10,1,3,MDAP_MF-DF-ALS-PCI,0.984375
JavaGC,random,2,10,1,3,MDA_MF-DF-ALS,0.984375
JavaGC,random,2,10,1,3,MDP_MF-DF-PCI,0.984375
JavaGC,random,2,10,1,3,MD_MF-DF,0.984375
JavaGC,random,2,10,1,3,PCI,0.9859154929577465
JavaGC,random,2,10,2,3,ALS,0.82347041123370113
JavaGC,random,2,10,2,3,AP_ALS-PCI,0.82302664655605828
JavaGC,random,2,10,2,3,Default,0.85077115464776987
JavaGC,random,2,10,2,3,MDAP_MF-DF-ALS-PCI,0.81813471502590673
JavaGC,random,2,10,2,3,MDA_MF-DF-ALS,0.81813471502590673
JavaGC,random,2,10,2,3,MDP_MF-DF-PCI,0.81813471502590673
JavaGC,random,2,10,2,3,MD_MF-DF,0.81813471502590673
JavaGC,random,2,10,2,3,PCI,0.84879288437102918
JavaGC,random,2,10,3,3,ALS,0.62530521066029399
JavaGC,random,2,10,3,3,AP_ALS-PCI,0.62333106445363629
JavaGC,random,2,10,3,3,Default,0.67833336572283653
JavaGC,random,2,10,3,3,MDAP_MF-DF-ALS-PCI,0.61512798074819519
JavaGC,random,2,10,3,3,MDA_MF-DF-ALS,0.61512798074819519
JavaGC,random,2,10,3,3,MDP_MF-DF-PCI,0.61512798074819519
JavaGC,random,2,10,3,3,MD_MF-DF,0.61512798074819519
JavaGC,random,2,10,3,3,PCI,0.67441955276515075
JavaGC,random,2,10,1,4,ALS,0.93846153846153846
JavaGC,random,2,10,1,4,AP_ALS-PCI,0.93846153846153846
JavaGC,random,2,10,1,4,Default,0.94366197183098588
JavaGC,random,2,10,1,4,MDAP_MF-DF-ALS-PCI,0.9375
JavaGC,random,2,10,1,4,MDA_MF-DF-ALS,0.9375
JavaGC,random,2,10,1,4,MDP_MF-DF-PCI,0.9375
JavaGC,random,2,10,1,4,MD_MF-DF,0.9375
JavaGC,random,2,10,1,4,PCI,0.94366197183098588
JavaGC,random,2,10,2,4,ALS,0.78084252758274819
JavaGC,random,2,10,2,4,AP_ALS-PCI,0.78029160382101559
JavaGC,random,2,10,2,4,Default,0.80783659858274282
JavaGC,random,2,10,2,4,MDAP_MF-DF-ALS-PCI,0.77564766839378241
JavaGC,random,2,10,2,4,MDA_MF-DF-ALS,0.77564766839378241
JavaGC,random,2,10,2,4,MDP_MF-DF-PCI,0.77564766839378241
JavaGC,random,2,10,2,4,MD_MF-DF,0.77564766839378241
JavaGC,random,2,10,2,4,PCI,0.80643795002117746
JavaGC,random,2,10,3,4,ALS,0.59491402150761075
JavaGC,random,2,10,3,4,AP_ALS-PCI,0.59314623802293309
JavaGC,random,2,10,3,4,Default,0.64481022990069381
JavaGC,random,2,10,3,4,MDAP_MF-DF-ALS-PCI,0.58537519142419603
JavaGC,random,2,10,3,4,MDA_MF-DF-ALS,0.58537519142419603
JavaGC,random,2,10,3,4,MDP_MF-DF-PCI,0.58537519142419603
JavaGC,random,2,10,3,4,MD_MF-DF,0.58537519142419603
JavaGC,random,2,10,3,4,PCI,0.64202866053774177
JavaGC,distance,2,10,1,1,ALS,0.66153846153846152
JavaGC,distance,2,10,1,1,AP_ALS-PCI,0.66153846153846152
JavaGC,distance,2,10,1,1,Default,0.61971830985915488
JavaGC,distance,2,10,1,1,MDAP_MF-DF-ALS-PCI,0.671875
JavaGC,distance,2,10,1,1,MDA_MF-DF-ALS,0.671875
JavaGC,distance,2,10,1,1,MDP_MF-DF-PCI,0.671875
JavaGC,distance,2,10,1,1,MD_MF-DF,0.671875
JavaGC,distance,2,10,1,1,PCI,0.61971830985915488
JavaGC,distance,2,10,2,1,ALS,0.41624874623871616
JavaGC,distance,2,10,2,1,AP_ALS-PCI,0.41729512317747613
JavaGC,distance,2,10,2,1,Default,0.3626511046269279
JavaGC,distance,2,10,2,1,MDAP_MF-DF-ALS-PCI,0.43005181347150256
JavaGC,distance,2,10,2,1,MDA_MF-DF-ALS,0.43005181347150256
JavaGC,distance,2,10,2,1,MDP_MF-DF-PCI,0.43005181347150256
JavaGC,distance,2,10,2,1,MD_MF-DF,0.43005181347150256
JavaGC,distance,2,10,2,1,PCI,0.36806437950021176
JavaGC,distance,2,10,3,1,ALS,0.25287027897553122
JavaGC,distance,2,10,3,1,AP_ALS-PCI,0.2548562751976543
JavaGC,distance,2,10,3,1,Default,0.2031210525292963
JavaGC,distance,2,10,3,1,MDAP_MF-DF-ALS-PCI,0.26621636403412818
JavaGC,distance,2,10,3,1,MDA_MF-DF-ALS,0.26621636403412818
JavaGC,distance,2,10,3,1,MDP_MF-DF-PCI,0.26621636403412818
JavaGC,distance,2,10,3,1,MD_MF-DF,0.26621636403412818
JavaGC,distance,2,10,3,1,PCI,0.21232443891799335
JavaGC,distance,2,10,1,2,ALS,0.75384615384615383
JavaGC,distance,2,10,1,2,AP_ALS-PCI,0.75384615384615383
JavaGC,distance,2,10,1,2,Default,0.71830985915492962
JavaGC,distance,2,10,1,2,MDAP_MF-DF-ALS-PCI,0.75
JavaGC,distance,2,10,1,2,MDA_MF-DF-ALS,0.75
JavaGC,distance,2,10,1,2,MDP_MF-DF-PCI,0.75
JavaGC,distance,2,10,1,2,MD_MF-DF,0.75
JavaGC,distance,2,10,1,2,PCI,0.71830985915492962
JavaGC,distance,2,10,2,2,ALS,0.49699097291875627
JavaGC,distance,2,10,2,2,AP_ALS-PCI,0.49673202614379086
JavaGC,distance,2,10,2,2,Default,0.44018340975406417
JavaGC,distance,2,10,2,2,MDAP_MF-DF-ALS-PCI,0.49637305699481865
JavaGC,distance,2,10,2,2,MDA_MF-DF-ALS,0.49637305699481865
JavaGC,distance,2,10,2,2,MDP_MF-DF-PCI,0.49637305699481865
JavaGC,distance,2,10,2,2,MD_MF-DF,0.49637305699481865
JavaGC,distance,2,10,2,2,PCI,0.44472681067344344
JavaGC,distance,2,10,3,2,ALS,0.30700296119278925
JavaGC,distance,2,10,3,2,AP_ALS-PCI,0.30697942300644016
JavaGC,distance,2,10,3,2,Default,0.24931496200711273
JavaGC,distance,2,10,3,2,MDAP_MF-DF-ALS-PCI,0.30904069131481077
JavaGC,distance,2,10,3,2,MDA_MF-DF-ALS,0.30904069131481077
JavaGC,distance,2,10,3,2,MDP_MF-DF-PCI,0.30904069131481077
JavaGC,distance,2,10,3,2,MD_MF-DF,0.30904069131481077
JavaGC,distance,2,10,3,2,PCI,0.25776137961962614
JavaGC,distance,2,10,1,3,ALS,0.76923076923076927
JavaGC,distance,2,10,1,3,AP_ALS-PCI,0.76923076923076927
JavaGC,distance,2,10,1,3,Default,0.71830985915492962
JavaGC,distance,2,10,1,3,MDAP_MF-DF-ALS-PCI,0.765625
JavaGC,distance,2,10,1,3,MDA_MF-DF-ALS,0.765625
JavaGC,distance,2,10,1,3,MDP_MF-DF-PCI,0.765625
JavaGC,distance,2,10,1,3,MD_MF-DF,0.765625
JavaGC,distance,2,10,1,3,PCI,0.71830985915492962
JavaGC,distance,2,10,2,3,ALS,0.51805416248746239
JavaGC,distance,2,10,2,3,AP_ALS-PCI,0.51784816490698848
JavaGC,distance,2,10,2,3,Default,0.44643601500625263
JavaGC,distance,2,10,2,3,MDAP_MF-DF-ALS-PCI,0.51813471502590669
JavaGC,distance,2,10,2,3,MDA_MF-DF-ALS,0.51813471502590669
JavaGC,distance,2,10,2,3,MDP_MF-DF-PCI,0.51813471502590669
JavaGC,distance,2,10,2,3,MD_MF-DF,0.51813471502590669
JavaGC,distance,2,10,2,3,PCI,0.45192714951291824
JavaGC,distance,2,10,3,3,ALS,0.32425061042132058
JavaGC,distance,2,10,3,3,AP_ALS-PCI,0.32436253206974186
JavaGC,distance,2,10,3,3,Default,0.25516450628680259
JavaGC,distance,2,10,3,3,MDAP_MF-DF-ALS-PCI,0.32722598993655655
JavaGC,distance,2,10,3,3,MDA_MF-DF-ALS,0.32722598993655655
JavaGC,distance,2,10,3,3,MDP_MF-DF-PCI,0.32722598993655655
JavaGC,distance,2,10,3,3,MD_MF-DF,0.32722598993655655
JavaGC,distance,2,10,3,3,PCI,0.26514055078785903
JavaGC,distance,2,10,1,4,ALS,0.76923076923076927
JavaGC,distance,2,10,1,4,AP_ALS-PCI,0.76923076923076927
JavaGC,distance,2,10,1,4,Default,0.71830985915492962
JavaGC,distance,2,10,1,4,MDAP_MF-DF-ALS-PCI,0.765625
JavaGC,distance,2,10,1,4,MDA_MF-DF-ALS,0.765625
JavaGC,distance,2,10,1,4,MDP_MF-DF-PCI,0.765625
JavaGC,distance,2,10,1,4,MD_MF-DF,0.765625
JavaGC,distance,2,10,1,4,PCI,0.71830985915492962
JavaGC,distance,2,10,2,4,ALS,0.52056168505516554
JavaGC,distance,2,10,2,4,AP_ALS-PCI,0.52036199095022628
JavaGC,distance,2,10,2,4,Default,0.4456023343059608
JavaGC,distance,2,10,2,4,MDAP_MF-DF-ALS-PCI,0.52072538860103623
JavaGC,distance,2,10,2,4,MDA_MF-DF-ALS,0.52072538860103623
JavaGC,distance,2,10,2,4,MDP_MF-DF-PCI,0.52072538860103623
JavaGC,distance,2,10,2,4,MD_MF-DF,0.52072538860103623
JavaGC,distance,2,10,2,4,PCI,0.45150360016941976
JavaGC,distance,2,10,3,4,ALS,0.32791313834484909
JavaGC,distance,2,10,3,4,AP_ALS-PCI,0.32805382480758155
JavaGC,distance,2,10,3,4,Default,0.25427055599821208
JavaGC,distance,2,10,3,4,MDAP_MF-DF-ALS-PCI,0.33108182017064097
JavaGC,distance,2,10,3,4,MDA_MF-DF-ALS,0.33108182017064097
JavaGC,distance,2,10,3,4,MDP_MF-DF-PCI,0.33108182017064097
JavaGC,distance,2,10,3,4,MD_MF-DF,0.33108182017064097
JavaGC,distance,2,10,3,4,PCI,0.26481439957600345
JavaGC,solver,2,10,1,1,ALS,0.58461538461538465
JavaGC,solver,2,10,1,1,AP_ALS-PCI,0.58461538461538465
JavaGC,solver,2,10,1,1,Default,0.61971830985915488
JavaGC,solver,2,10,1,1,MDAP_MF-DF-ALS-PCI,0.578125
JavaGC,solver,2,10,1,1,MDA_MF-DF-ALS,0.578125
JavaGC,solver,2,10,1,1,MDP_MF-DF-PCI,0.578125
JavaGC,solver,2,10,1,1,MD_MF-DF,0.578125
JavaGC,solver,2,10,1,1,PCI,0.61971830985915488
JavaGC,solver,2,10,2,1,ALS,0.33801404212637914
JavaGC,solver,2,10,2,1,AP_ALS-PCI,0.33836098541980897
JavaGC,solver,2,10,2,1,Default,0.37640683618174237
JavaGC,solver,2,10,2,1,MDAP_MF-DF-ALS-PCI,0.33160621761658032
JavaGC,solver,2,10,2,1,MDA_MF-DF-ALS,0.33160621761658032
JavaGC,solver,2,10,2,1,MDP_MF-DF-PCI,0.33160621761658032
JavaGC,solver,2,10,2,1,MD_MF-DF,0.33160621761658032
JavaGC,solver,2,10,2,1,PCI,0.37780601440067768
JavaGC,solver,2,10,3,1,ALS,0.19489324120733545
JavaGC,solver,2,10,3,1,AP_ALS-PCI,0.19555997696214461
JavaGC,solver,2,10,3,1,Default,0.2265775307538333
JavaGC,solver,2,10,3,1,MDAP_MF-DF-ALS-PCI,0.190111572959965
JavaGC,solver,2,10,3,1,MDA_MF-DF-ALS,0.190111572959965
JavaGC,solver,2,10,3,1,MDP_MF-DF-PCI,0.190111572959965
JavaGC,solver,2,10,3,1,MD_MF-DF,0.190111572959965
JavaGC,solver,2,10,3,1,PCI,0.22946776199115315
JavaGC,solver,2,10,1,2,ALS,0.58461538461538465
JavaGC,solver,2,10,1,2,AP_ALS-PCI,0.58461538461538465
JavaGC,solver,2,10,1,2,Default,0.61971830985915488
JavaGC,solver,2,10,1,2,MDAP_MF-DF-ALS-PCI,0.578125
JavaGC,solver,2,10,1,2,MDA_MF-DF-ALS,0.578125
JavaGC,solver,2,10,1,2,MDP_MF-DF-PCI,0.578125
JavaGC,solver,2,10,1,2,MD_MF-DF,0.578125
JavaGC,solver,2,10,1,2,PCI,0.61971830985915488
JavaGC,solver,2,10,2,2,ALS,0.33801404212637914
JavaGC,solver,2,10,2,2,AP_ALS-PCI,0.33836098541980897
JavaGC,solver,2,10,2,2,Default,0.37640683618174237
JavaGC,solver,2,10,2,2,MDAP_MF-DF-ALS-PCI,0.33160621761658032
JavaGC,solver,2,10,2,2,MDA_MF-DF-ALS,0.33160621761658032
JavaGC,solver,2,10,2,2,MDP_MF-DF-PCI,0.33160621761658032
JavaGC,solver,2,10,2,2,MD_MF-DF,0.33160621761658032
JavaGC,solver,2,10,2,2,PCI,0.37780601440067768
JavaGC,solver,2,10,3,2,ALS,0.19489324120733545
JavaGC,solver,2,10,3,2,AP_ALS-PCI,0.19555997696214461
JavaGC,solver,2,10,3,2,Default,0.2265775307538333
JavaGC,solver,2,10,3,2,MDAP_MF-DF-ALS-PCI,0.190111572959965
JavaGC,solver,2,10,3,2,MDA_MF-DF-ALS,0.190111572959965
JavaGC,solver,2,10,3,2,MDP_MF-DF-PCI,0.190111572959965
JavaGC,solver,2,10,3,2,MD_MF-DF,0.190111572959965
JavaGC,solver,2,10,3,2,PCI,0.22946776199115315
JavaGC,solver,2,10,1,3,ALS,0.58461538461538465
JavaGC,solver,2,10,1,3,AP_ALS-PCI,0.58461538461538465
JavaGC,solver,2,10,1,3,Default,0.61971830985915488
JavaGC,solver,2,10,1,3,MDAP_MF-DF-ALS-PCI,0.578125
JavaGC,solver,2,10,1,3,MDA_MF-DF-ALS,0.578125
JavaGC,solver,2,10,1,3,MDP_MF-DF-PCI,0.578125
JavaGC,solver,2,10,1,3,MD_MF-DF,0.578125
JavaGC,solver,2,10,1,3,PCI,0.61971830985915488
JavaGC,solver,2,10,2,3,ALS,0.33801404212637914
JavaGC,solver,2,10,2,3,AP_ALS-PCI,0.33836098541980897
JavaGC,solver,2,10,2,3,Default,0.37640683618174237
JavaGC,solver,2,10,2,3,MDAP_MF-DF-ALS-PCI,0.33160621761658032
JavaGC,solver,2,10,2,3,MDA_MF-DF-ALS,0.33160621761658032
JavaGC,solver,2,10,2,3,MDP_MF-DF-PCI,0.33160621761658032
JavaGC,solver,2,10,2,3,MD_MF-DF,0.33160621761658032
JavaGC,solver,2,10,2,3,PCI,0.37780601440067768
JavaGC,solver,2,10,3,3,ALS,0.19489324120733545
JavaGC,solver,2,10,3,3,AP_ALS-PCI,0.19555997696214461
JavaGC,solver,2,10,3,3,Default,0.2265775307538333
JavaGC,solver,2,10,3,3,MDAP_MF-DF-ALS-PCI,0.190111572959965
JavaGC,solver,2,10,3,3,MDA_MF-DF-ALS,0.190111572959965
JavaGC,solver,2,10,3,3,MDP_MF-DF-PCI,0.190111572959965
JavaGC,solver,2,10,3,3,MD_MF-DF,0.190111572959965
JavaGC,solver,2,10,3,3,PCI,0.22946776199115315
JavaGC,solver,2,10,1,4,ALS,0.58461538461538465
JavaGC,solver,2,10,1,4,AP_ALS-PCI,0.58461538461538465
JavaGC,solver,2,10,1,4,Default,0.61971830985915488
JavaGC,solver,2,10,1,4,MDAP_MF-DF-ALS-PCI,0.578125
JavaGC,solver,2,10,1,4,MDA_MF-DF-ALS,0.578125
JavaGC,solver,2,10,1,4,MDP_MF-DF-PCI,0.578125
JavaGC,solver,2,10,1,4,MD_MF-DF,0.578125
JavaGC,solver,2,10,1,4,PCI,0.61971830985915488
JavaGC,solver,2,10,2,4,ALS,0.33801404212637914
JavaGC,solver,2,10,2,4,AP_ALS-PCI,0.33836098541980897
JavaGC,solver,2,10,2,4,Default,0.37640683618174237
JavaGC,solver,2,10,2,4,MDAP_MF-DF-ALS-PCI,0.33160621761658032
JavaGC,solver,2,10,2,4,MDA_MF-DF-ALS,0.33160621761658032
JavaGC,solver,2,10,2,4,MDP_MF-DF-PCI,0.33160621761658032
JavaGC,solver,2,10,2,4,MD_MF-DF,0.33160621761658032
JavaGC,solver,2,10,2,4,PCI,0.37780601440067768
JavaGC,solver,2,10,3,4,ALS,0.19489324120733545
JavaGC,solver,2,10,3,4,AP_ALS-PCI,0.19555997696214461
JavaGC,solver,2,10,3,4,Default,0.2265775307538333
JavaGC,solver,2,10,3,4,MDAP_MF-DF-ALS-PCI,0.190111572959965
JavaGC,solver,2,10,3,4,MDA_MF-DF-ALS,0.190111572959965
JavaGC,solver,2,10,3,4,MDP_MF-DF-PCI,0.190111572959965
JavaGC,solver,2,10,3,4,MD_MF-DF,0.190111572959965
JavaGC,solver,2,10,3,4,PCI,0.22946776199115315
LLVM,random,2,10,1,1,ALS,1
LLVM,random,2,10,1,1,AP_ALS-PCI,1
LLVM,random,2,10,1,1,Default,1
LLVM,random,2,10,1,1,MDAP_MF-DF-ALS-PCI,1
LLVM,random,2,10,1,1,MDA_MF-DF-ALS,1
LLVM,random,2,10,1,1,MDP_MF-DF-PCI,1
LLVM,random,2,10,1,1,MD_MF-DF,1
LLVM,random,2,10,1,1,PCI,1
LLVM,random,2,10,2,1,ALS,0.96499999999999997
LLVM,random,2,10,2,1,AP_ALS-PCI,0.9631578947368421
LLVM,random,2,10,2,1,Default,0.96832579185520362
LLVM,random,2,10,2,1,MDAP_MF-DF-ALS-PCI,0.96111111111111114
LLVM,random,2,10,2,1,MDA_MF-DF-ALS,0.96111111111111114
LLVM,random,2,10,2,1,MDP_MF-DF-PCI,0.96111111111111114
LLVM,random,2,10,2,1,MD_MF-DF,0.96111111111111114
LLVM,random,2,10,2,1,PCI,0.96666666666666667
LLVM,random,2,10,3,1,ALS,0.76929824561403504
LLVM,random,2,10,3,1,AP_ALS-PCI,0.74328358208955225
LLVM,random,2,10,3,1,Default,0.79850746268656714
LLVM,random,2,10,3,1,MDAP_MF-DF-ALS-PCI,0.73333333333333328
LLVM,random,2,10,3,1,MDA_MF-DF-ALS,0.73333333333333328
LLVM,random,2,10,3,1,MDP_MF-DF-PCI,0.73333333333333328
LLVM,random,2,10,3,1,MD_MF-DF,0.73333333333333328
LLVM,random,2,10,3,1,PCI,0.77637130801687759
LLVM,random,2,10,1,2,ALS,1
LLVM,random,2,10,1,2,AP_ALS-PCI,1
LLVM,random,2,10,1,2,Default,1
LLVM,random,2,10,1,2,MDAP_MF-DF-ALS-PCI,1
LLVM,random,2,10,1,2,MDA_MF-DF-ALS,1
LLVM,random,2,10,1,2,MDP_MF-DF-PCI,1
LLVM,random,2,10,1,2,MD_MF-DF,1
LLVM,random,2,10,1,2,PCI,1
LLVM,random,2,10,2,2,ALS,0.93000000000000005
LLVM,random,2,10,2,2,AP_ALS-PCI,0.9263157894736842
LLVM,random,2,10,2,2,Default,0.93665158371040724
LLVM,random,2,10,2,2,MDAP_MF-DF-ALS-PCI,0.92222222222222228
LLVM,random,2,10,2,2,MDA_MF-DF-ALS,0.92222222222222228
LLVM,random,2,10,2,2,MDP_MF-DF-PCI,0.92222222222222228
LLVM,random,2,10,2,2,MD_MF-DF,0.92222222222222228
LLVM,random,2,10,2,2,PCI,0.93333333333333335
LLVM,random,2,10,3,2,ALS,0.74473684210526314
LLVM,random,2,10,3,2,AP_ALS-PCI,0.72039800995024872
LLVM,random,2,10,3,2,Default,0.77238805970149249
LLVM,random,2,10,3,2,MDAP_MF-DF-ALS-PCI,0.7114583333333333
LLVM,random,2,10,3,2,MDA_MF-DF-ALS,0.7114583333333333
LLVM,random,2,10,3,2,MDP_MF-DF-PCI,0.7114583333333333
LLVM,random,2,10,3,2,MD_MF-DF,0.7114583333333333
LLVM,random,2,10,3,2,PCI,0.75105485232067515
LLVM,random,2,10,1,3,ALS,1
LLVM,random,2,10,1,3,AP_ALS-PCI,1
LLVM,random,2,10,1,3,Default,1
LLVM,random,2,10,1,3,MDAP_MF-DF-ALS-PCI,1
LLVM,random,2,10,1,3,MDA_MF-DF-ALS,1
LLVM,random,2,10,1,3,MDP_MF-DF-PCI,1
LLVM,random,2,10,1,3,MD_MF-DF,1
LLVM,random,2,10,1,3,PCI,1
LLVM,random,2,10,2,3,ALS,0.94499999999999995
LLVM,random,2,10,2,3,AP_ALS-PCI,0.94210526315789478
LLVM,random,2,10,2,3,Default,0.95022624434389136
LLVM,random,2,10,2,3,MDAP_MF-DF-ALS-PCI,0.93888888888888888
LLVM,random,2,10,2,3,MDA_MF-DF-ALS,0.93888888888888888
LLVM,random,2,10,2,3,MDP_MF-DF-PCI,0.93888888888888888
LLVM,random,2,10,2,3,MD_MF-DF,0.93888888888888888
LLVM,random,2,10,2,3,PCI,0.94761904761904758
LLVM,random,2,10,3,3,ALS,0.75789473684210529
LLVM,random,2,10,3,3,AP_ALS-PCI,0.73432835820895526
LLVM,random,2,10,3,3,Default,0.7858208955223881
LLVM,random,2,10,3,3,MDAP_MF-DF-ALS-PCI,0.72395833333333337
LLVM,random,2,10,3,3,MDA_MF-DF-ALS,0.72395833333333337
LLVM,random,2,10,3,3,MDP_MF-DF-PCI,0.72395833333333337
LLVM,random,2,10,3,3,MD_MF-DF,0.72395833333333337
LLVM,random,2,10,3,3,PCI,0.76540084388185659
LLVM,random,2,10,1,4,ALS,1
LLVM,random,2,10,1,4,AP_ALS-PCI,1
LLVM,random,2,10,1,4,Default,1
LLVM,random,2,10,1,4,MDAP_MF-DF-ALS-PCI,1
LLVM,random,2,10,1,4,MDA_MF-DF-ALS,1
LLVM,random,2,10,1,4,MDP_MF-DF-PCI,1
LLVM,random,2,10,1,4,MD_MF-DF,1
LLVM,random,2,10,1,4,PCI,1
LLVM,random,2,10,2,4,ALS,0.94499999999999995
LLVM,random,2,10,2,4,AP_ALS-PCI,0.94210526315789478
LLVM,random,2,10,2,4,Default,0.95022624434389136
LLVM,random,2,10,2,4,MDAP_MF-DF-ALS-PCI,0.93888888888888888
LLVM,random,2,10,2,4,MDA_MF-DF-ALS,0.93888888888888888
LLVM,random,2,10,2,4,MDP_MF-DF-PCI,0.93888888888888888
LLVM,random,2,10,2,4,MD_MF-DF,0.93888888888888888
LLVM,random,2,10,2,4,PCI,0.94761904761904758
LLVM,random,2,10,3,4,ALS,0.74912280701754386
LLVM,random,2,10,3,4,AP_ALS-PCI,0.72238805970149256
LLVM,random,2,10,3,4,Default,0.7783582089552239
LLVM,random,2,10,3,4,MDAP_MF-DF-ALS-PCI,0.71354166666666663
LLVM,random,2,10,3,4,MDA_MF-DF-ALS,0.71354166666666663
LLVM,random,2,10,3,4,MDP_MF-DF-PCI,0.71354166666666663
LLVM,random,2,10,3,4,MD_MF-DF,0.71354166666666663
LLVM,random,2,10,3,4,PCI,0.75527426160337552
LLVM,distance,2,10,1,1,ALS,0.95238095238095233
LLVM,distance,2,10,1,1,AP_ALS-PCI,0.95238095238095233
LLVM,distance,2,10,1,1,Default,0.90909090909090906
LLVM,distance,2,10,1,1,MDAP_MF-DF-ALS-PCI,0.94999999999999996
LLVM,distance,2,10,1,1,MDA_MF-DF-ALS,0.94999999999999996
LLVM,distance,2,10,1,1,MDP_MF-DF-PCI,0.94999999999999996
LLVM,distance,2,10,1,1,MD_MF-DF,0.94999999999999996
LLVM,distance,2,10,1,1,PCI,0.90909090909090906
LLVM,distance,2,10,2,1,ALS,0.745
LLVM,distance,2,10,2,1,AP_ALS-PCI,0.73684210526315785
LLVM,distance,2,10,2,1,Default,0.67420814479638014
LLVM,distance,2,10,2,1,MDAP_MF-DF-ALS-PCI,0.75
LLVM,distance,2,10,2,1,MDA_MF-DF-ALS,0.75
LLVM,distance,2,10,2,1,MDP_MF-DF-PCI,0.75
LLVM,distance,2,10,2,1,MD_MF-DF,0.75
LLVM,distance,2,10,2,1,PCI,0.66666666666666663
LLVM,distance,2,10,3,1,ALS,0.49912280701754386
LLVM,distance,2,10,3,1,AP_ALS-PCI,0.4955223880597015
LLVM,distance,2,10,3,1,Default,0.42462686567164182
LLVM,distance,2,10,3,1,MDAP_MF-DF-ALS-PCI,0.51145833333333335
LLVM,distance,2,10,3,1,MDA_MF-DF-ALS,0.51145833333333335
LLVM,distance,2,10,3,1,MDP_MF-DF-PCI,0.51145833333333335
LLVM,distance,2,10,3,1,MD_MF-DF,0.51145833333333335
LLVM,distance,2,10,3,1,PCI,0.42025316455696204
LLVM,distance,2,10,1,2,ALS,0.95238095238095233
LLVM,distance,2,10,1,2,AP_ALS-PCI,0.95238095238095233
LLVM,distance,2,10,1,2,Default,0.90909090909090906
LLVM,distance,2,10,1,2,MDAP_MF-DF-ALS-PCI,0.94999999999999996
LLVM,distance,2,10,1,2,MDA_MF-DF-ALS,0.94999999999999996
LLVM,distance,2,10,1,2,MDP_MF-DF-PCI,0.94999999999999996
LLVM,distance,2,10,1,2,MD_MF-DF,0.94999999999999996
LLVM,distance,2,10,1,2,PCI,0.90909090909090906
LLVM,distance,2,10,2,2,ALS,0.70499999999999996
LLVM,distance,2,10,2,2,AP_ALS-PCI,0.69473684210526321
LLVM,distance,2,10,2,2,Default,0.63800904977375561
LLVM,distance,2,10,2,2,MDAP_MF-DF-ALS-PCI,0.72222222222222221
LLVM,distance,2,10,2,2,MDA_MF-DF-ALS,0.72222222222222221
LLVM,distance,2,10,2,2,MDP_MF-DF-PCI,0.72222222222222221
LLVM,distance,2,10,2,2,MD_MF-DF,0.72222222222222221
LLVM,distance,2,10,2,2,PCI,0.62857142857142856
LLVM,distance,2,10,3,2,ALS,0.44912280701754387
LLVM,distance,2,10,3,2,AP_ALS-PCI,0.45671641791044776
LLVM,distance,2,10,3,2,Default,0.38208955223880597
LLVM,distance,2,10,3,2,MDAP_MF-DF-ALS-PCI,0.47708333333333336
LLVM,distance,2,10,3,2,MDA_MF-DF-ALS,0.47708333333333336
LLVM,distance,2,10,3,2,MDP_MF-DF-PCI,0.47708333333333336
LLVM,distance,2,10,3,2,MD_MF-DF,0.47708333333333336
LLVM,distance,2,10,3,2,PCI,0.38734177215189874
LLVM,distance,2,10,1,3,ALS,0.95238095238095233
LLVM,distance,2,10,1,3,AP_ALS-PCI,0.95238095238095233
LLVM,distance,2,10,1,3,Default,0.90909090909090906
LLVM,distance,2,10,1,3,MDAP_MF-DF-ALS-PCI,0.94999999999999996
LLVM,distance,2,10,1,3,MDA_MF-DF-ALS,0.94999999999999996
LLVM,distance,2,10,1,3,MDP_MF-DF-PCI,0.94999999999999996
LLVM,distance,2,10,1,3,MD_MF-DF,0.94999999999999996
LLVM,distance,2,10,1,3,PCI,0.90909090909090906
LLVM,distance,2,10,2,3,ALS,0.745
LLVM,distance,2,10,2,3,AP_ALS-PCI,0.73684210526315785
LLVM,distance,2,10,2,3,Default,0.67420814479638014
LLVM,distance,2,10,2,3,MDAP_MF-DF-ALS-PCI,0.75555555555555554
LLVM,distance,2,10,2,3,MDA_MF-DF-ALS,0.75555555555555554
LLVM,distance,2,10,2,3,MDP_MF-DF-PCI,0.75555555555555554
LLVM,distance,2,10,2,3,MD_MF-DF,0.75555555555555554
LLVM,distance,2,10,2,3,PCI,0.66666666666666663
LLVM,distance,2,10,3,3,ALS,0.49561403508771928
LLVM,distance,2,10,3,3,AP_ALS-PCI,0.49353233830845772
LLVM,distance,2,10,3,3,Default,0.42164179104477612
LLVM,distance,2,10,3,3,MDAP_MF-DF-ALS-PCI,0.51354166666666667
LLVM,distance,2,10,3,3,MDA_MF-DF-ALS,0.51354166666666667
LLVM,distance,2,10,3,3,MDP_MF-DF-PCI,0.51354166666666667
LLVM,distance,2,10,3,3,MD_MF-DF,0.51354166666666667
LLVM,distance,2,10,3,3,PCI,0.41856540084388183
LLVM,distance,2,10,1,4,ALS,0.8571428571428571
LLVM,distance,2,10,1,4,AP_ALS-PCI,0.8571428571428571
LLVM,distance,2,10,1,4,Default,0.81818181818181823
LLVM,distance,2,10,1,4,MDAP_MF-DF-ALS-PCI,0.84999999999999998
LLVM,distance,2,10,1,4,MDA_MF-DF-ALS,0.84999999999999998
LLVM,distance,2,10,1,4,MDP_MF-DF-PCI,0.84999999999999998
LLVM,distance,2,10,1,4,MD_MF-DF,0.84999999999999998
LLVM,distance,2,10,1,4,PCI,0.81818181818181823
LLVM,distance,2,10,2,4,ALS,0.61499999999999999
LLVM,distance,2,10,2,4,AP_ALS-PCI,0.64736842105263159
LLVM,distance,2,10,2,4,Default,0.5565610859728507
LLVM,distance,2,10,2,4,MDAP_MF-DF-ALS-PCI,0.62777777777777777
LLVM,distance,2,10,2,4,MDA_MF-DF-ALS,0.62777777777777777
LLVM,distance,2,10,2,4,MDP_MF-DF-PCI,0.62777777777777777
LLVM,distance,2,10,2,4,MD_MF-DF,0.62777777777777777
LLVM,distance,2,10,2,4,PCI,0.58571428571428574
LLVM,distance,2,10,3,4,ALS,0.39561403508771931
LLVM,distance,2,10,3,4,AP_ALS-PCI,0.44875621890547263
LLVM,distance,2,10,3,4,Default,0.33656716417910448
LLVM,distance,2,10,3,4,MDAP_MF-DF-ALS-PCI,0.42291666666666666
LLVM,distance,2,10,3,4,MDA_MF-DF-ALS,0.42291666666666666
LLVM,distance,2,10,3,4,MDP_MF-DF-PCI,0.42291666666666666
LLVM,distance,2,10,3,4,MD_MF-DF,0.42291666666666666
LLVM,distance,2,10,3,4,PCI,0.38059071729957805
LLVM,solver,2,10,1,1,ALS,0.90476190476190477
LLVM,solver,2,10,1,1,AP_ALS-PCI,0.90476190476190477
LLVM,solver,2,10,1,1,Default,0.86363636363636365
LLVM,solver,2,10,1,1,MDAP_MF-DF-ALS-PCI,0.94999999999999996
LLVM,solver,2,10,1,1,MDA_MF-DF-ALS,0.94999999999999996
LLVM,solver,2,10,1,1,MDP_MF-DF-PCI,0.94999999999999996
LLVM,solver,2,10,1,1,MD_MF-DF,0.94999999999999996
LLVM,solver,2,10,1,1,PCI,0.86363636363636365
LLVM,solver,2,10,2,1,ALS,0.63
LLVM,solver,2,10,2,1,AP_ALS-PCI,0.66315789473684206
LLVM,solver,2,10,2,1,Default,0.57013574660633481
LLVM,solver,2,10,2,1,MDAP_MF-DF-ALS-PCI,0.69999999999999996
LLVM,solver,2,10,2,1,MDA_MF-DF-ALS,0.69999999999999996
LLVM,solver,2,10,2,1,MDP_MF-DF-PCI,0.69999999999999996
LLVM,solver,2,10,2,1,MD_MF-DF,0.69999999999999996
LLVM,solver,2,10,2,1,PCI,0.59999999999999998
LLVM,solver,2,10,3,1,ALS,0.38947368421052631
LLVM,solver,2,10,3,1,AP_ALS-PCI,0.44179104477611941
LLVM,solver,2,10,3,1,Default,0.33134328358208953
LLVM,solver,2,10,3,1,MDAP_MF-DF-ALS-PCI,0.46250000000000002
LLVM,solver,2,10,3,1,MDA_MF-DF-ALS,0.46250000000000002
LLVM,solver,2,10,3,1,MDP_MF-DF-PCI,0.46250000000000002
LLVM,solver,2,10,3,1,MD_MF-DF,0.46250000000000002
LLVM,solver,2,10,3,1,PCI,0.37468354430379747
LLVM,solver,2,10,1,2,ALS,0.90476190476190477
LLVM,solver,2,10,1,2,AP_ALS-PCI,0.90476190476190477
LLVM,solver,2,10,1,2,Default,0.86363636363636365
LLVM,solver,2,10,1,2,MDAP_MF-DF-ALS-PCI,0.94999999999999996
LLVM,solver,2,10,1,2,MDA_MF-DF-ALS,0.94999999999999996
LLVM,solver,2,10,1,2,MDP_MF-DF-PCI,0.94999999999999996
LLVM,solver,2,10,1,2,MD_MF-DF,0.94999999999999996
LLVM,solver,2,10,1,2,PCI,0.86363636363636365
LLVM,solver,2,10,2,2,ALS,0.63
LLVM,solver,2,10,2,2,AP_ALS-PCI,0.66315789473684206
LLVM,solver,2,10,2,2,Default,0.57013574660633481
LLVM,solver,2,10,2,2,MDAP_MF-DF-ALS-PCI,0.69999999999999996
LLVM,solver,2,10,2,2,MDA_MF-DF-ALS,0.69999999999999996
LLVM,solver,2,10,2,2,MDP_MF-DF-PCI,0.69999999999999996
LLVM,solver,2,10,2,2,MD_MF-DF,0.69999999999999996
LLVM,solver,2,10,2,2,PCI,0.59999999999999998
LLVM,solver,2,10,3,2,ALS,0.38947368421052631
LLVM,solver,2,10,3,2,AP_ALS-PCI,0.44179104477611941
LLVM,solver,2,10,3,2,Default,0.33134328358208953
LLVM,solver,2,10,3,2,MDAP_MF-DF-ALS-PCI,0.46250000000000002
LLVM,solver,2,10,3,2,MDA_MF-DF-ALS,0.46250000000000002
LLVM,solver,2,10,3,2,MDP_MF-DF-PCI,0.46250000000000002
LLVM,solver,2,10,3,2,MD_MF-DF,0.46250000000000002
LLVM,solver,2,10,3,2,PCI,0.37468354430379747
LLVM,solver,2,10,1,3,ALS,0.90476190476190477
LLVM,solver,2,10,1,3,AP_ALS-PCI,0.90476190476190477
LLVM,solver,2,10,1,3,Default,0.86363636363636365
LLVM,solver,2,10,1,3,MDAP_MF-DF-ALS-PCI,0.94999999999999996
LLVM,solver,2,10,1,3,MDA_MF-DF-ALS,0.94999999999999996
LLVM,solver,2,10,1,3,MDP_MF-DF-PCI,0.94999999999999996
LLVM,solver,2,10,1,3,MD_MF-DF,0.94999999999999996
LLVM,solver,2,10,1,3,PCI,0.86363636363636365
LLVM,solver,2,10,2,3,ALS,0.63
LLVM,solver,2,10,2,3,AP_ALS-PCI,0.66315789473684206
LLVM,solver,2,10,2,3,Default,0.57013574660633481
LLVM,solver,2,10,2,3,MDAP_MF-DF-ALS-PCI,0.69999999999999996
LLVM,solver,2,10,2,3,MDA_MF-DF-ALS,0.69999999999999996
LLVM,solver,2,10,2,3,MDP_MF-DF-PCI,0.69999999999999996
LLVM,solver,2,10,2,3,MD_MF-DF,0.69999999999999996
LLVM,solver,2,10,2,3,PCI,0.59999999999999998
LLVM,solver,2,10,3,3,ALS,0.38947368421052631
LLVM,solver,2,10,3,3,AP_ALS-PCI,0.44179104477611941
LLVM,solver,2,10,3,3,Default,0.33134328358208953
LLVM,solver,2,10,3,3,MDAP_MF-DF-ALS-PCI,0.46250000000000002
LLVM,solver,2,10,3,3,MDA_MF-DF-ALS,0.46250000000000002
LLVM,solver,2,10,3,3,MDP_MF-DF-PCI,0.46250000000000002
LLVM,solver,2,10,3,3,MD_MF-DF,0.46250000000000002
LLVM,solver,2,10,3,3,PCI,0.37468354430379747
LLVM,solver,2,10,1,4,ALS,0.90476190476190477
LLVM,solver,2,10,1,4,AP_ALS-PCI,0.90476190476190477
LLVM,solver,2,10,1,4,Default,0.86363636363636365
LLVM,solver,2,10,1,4,MDAP_MF-DF-ALS-PCI,0.94999999999999996
LLVM,solver,2,10,1,4,MDA_MF-DF-ALS,0.94999999999999996
LLVM,solver,2,10,1,4,MDP_MF-DF-PCI,0.94999999999999996
LLVM,solver,2,10,1,4,MD_MF-DF,0.94999999999999996
LLVM,solver,2,10,1,4,PCI,0.86363636363636365
LLVM,solver,2,10,2,4,ALS,0.63
LLVM,solver,2,10,2,4,AP_ALS-PCI,0.66315789473684206
LLVM,solver,2,10,2,4,Default,0.57013574660633481
LLVM,solver,2,10,2,4,MDAP_MF-DF-ALS-PCI,0.69999999999999996
LLVM,solver,2,10,2,4,MDA_MF-DF-ALS,0.69999999999999996
LLVM,solver,2,10,2,4,MDP_MF-DF-PCI,0.69999999999999996
LLVM,solver,2,10,2,4,MD_MF-DF,0.69999999999999996
LLVM,solver,2,10,2,4,PCI,0.59999999999999998
LLVM,solver,2,10,3,4,ALS,0.38947368421052631
LLVM,solver,2,10,3,4,AP_ALS-PCI,0.44179104477611941
LLVM,solver,2,10,3,4,Default,0.33134328358208953
LLVM,solver,2,10,3,4,MDAP_MF-DF-ALS-PCI,0.46250000000000002
LLVM,solver,2,10,3,4,MDA_MF-DF-ALS,0.46250000000000002
LLVM,solver,2,10,3,4,MDP_MF-DF-PCI,0.46250000000000002
LLVM,solver,2,10,3,4,MD_MF-DF,0.46250000000000002
LLVM,solver,2,10,3,4,PCI,0.37468354430379747
lrzip,random,2,10,1,1,ALS,0.83783783783783783
lrzip,random,2,10,1,1,AP_ALS-PCI,0.83783783783783783
lrzip,random,2,10,1,1,Default,0.84210526315789469
lrzip,random,2,10,1,1,MDAP_MF-DF-ALS-PCI,0.83333333333333337
lrzip,random,2,10,1,1,MDA_MF-DF-ALS,0.83333333333333337
lrzip,random,2,10,1,1,MDP_MF-DF-PCI,0.83333333333333337
lrzip,random,2,10,1,1,MD_MF-DF,0.83333333333333337
lrzip,random,2,10,1,1,PCI,0.84210526315789469
lrzip,random,2,10,2,1,ALS,0.67169179229480735
lrzip,random,2,10,2,1,AP_ALS-PCI,0.67006802721088432
lrzip,random,2,10,2,1,Default,0.68138801261829651
lrzip,random,2,10,2,1,MDAP_MF-DF-ALS-PCI,0.66187050359712229
lrzip,random,2,10,2,1,MDA_MF-DF-ALS,0.66131907308377902
lrzip,random,2,10,2,1,MDP_MF-DF-PCI,0.66187050359712229
lrzip,random,2,10,2,1,MD_MF-DF,0.66131907308377902
lrzip,random,2,10,2,1,PCI,0.68130081300813006
lrzip,random,2,10,3,1,ALS,0.53433362753751101
lrzip,random,2,10,3,1,AP_ALS-PCI,0.53327154772937901
lrzip,random,2,10,3,1,Default,0.54742893644203128
lrzip,random,2,10,3,1,MDAP_MF-DF-ALS-PCI,0.52457695406929894
lrzip,random,2,10,3,1,MDA_MF-DF-ALS,0.52037617554858939
lrzip,random,2,10,3,1,MDP_MF-DF-PCI,0.52457695406929894
lrzip,random,2,10,3,1,MD_MF-DF,0.52037617554858939
lrzip,random,2,10,3,1,PCI,0.55098828056673077
lrzip,random,2,10,1,2,ALS,0.91891891891891897
lrzip,random,2,10,1,2,AP_ALS-PCI,0.91891891891891897
lrzip,random,2,10,1,2,Default,0.92105263157894735
lrzip,random,2,10,1,2,MDAP_MF-DF-ALS-PCI,0.91666666666666663
lrzip,random,2,10,1,2,MDA_MF-DF-ALS,0.91666666666666663
lrzip,random,2,10,1,2,MDP_MF-DF-PCI,0.91666666666666663
lrzip,random,2,10,1,2,MD_MF-DF,0.91666666666666663
lrzip,random,2,10,1,2,PCI,0.92105263157894735
lrzip,random,2,10,2,2,ALS,0.76884422110552764
lrzip,random,2,10,2,2,AP_ALS-PCI,0.76530612244897955
lrzip,random,2,10,2,2,Default,0.77760252365930604
lrzip,random,2,10,2,2,MDAP_MF-DF-ALS-PCI,0.7571942446043165
lrzip,random,2,10,2,2,MDA_MF-DF-ALS,0.75935828877005351
lrzip,random,2,10,2,2,MDP_MF-DF-PCI,0.7571942446043165
lrzip,random,2,10,2,2,MD_MF-DF,0.75935828877005351
lrzip,random,2,10,2,2,PCI,0.775609756097561
lrzip,random,2,10,3,2,ALS,0.62153574580759052
lrzip,random,2,10,3,2,AP_ALS-PCI,0.61909175162187213
lrzip,random,2,10,3,2,Default,0.63557968700095813
lrzip,random,2,10,3,2,MDAP_MF-DF-ALS-PCI,0.60656728444802577
lrzip,random,2,10,3,2,MDA_MF-DF-ALS,0.6063871473354232
lrzip,random,2,10,3,2,MDP_MF-DF-PCI,0.60656728444802577
lrzip,random,2,10,3,2,MD_MF-DF,0.6063871473354232
lrzip,random,2,10,3,2,PCI,0.63757215322721705
lrzip,random,2,10,1,3,ALS,0.83783783783783783
lrzip,random,2,10,1,3,AP_ALS-PCI,0.83783783783783783
lrzip,random,2,10,1,3,Default,0.84210526315789469
lrzip,random,2,10,1,3,MDAP_MF-DF-ALS-PCI,0.83333333333333337
lrzip,random,2,10,1,3,MDA_MF-DF-ALS,0.83333333333333337
lrzip,random,2,10,1,3,MDP_MF-DF-PCI,0.83333333333333337
lrzip,random,2,10,1,3,MD_MF-DF,0.83333333333333337
lrzip,random,2,10,1,3,PCI,0.84210526315789469
lrzip,random,2,10,2,3,ALS,0.68341708542713564
lrzip,random,2,10,2,3,AP_ALS-PCI,0.6785714285714286
lrzip,random,2,10,2,3,Default,0.69242902208201895
lrzip,random,2,10,2,3,MDAP_MF-DF-ALS-PCI,0.67086330935251803
lrzip,random,2,10,2,3,MDA_MF-DF-ALS,0.6737967914438503
lrzip,random,2,10,2,3,MDP_MF-DF-PCI,0.67086330935251803
lrzip,random,2,10,2,3,MD_MF-DF,0.6737967914438503
lrzip,random,2,10,2,3,PCI,0.69105691056910568
lrzip,random,2,10,3,3,ALS,0.55004413062665491
lrzip,random,2,10,3,3,AP_ALS-PCI,0.54142724745134385
lrzip,random,2,10,3,3,Default,0.56275950175662726
lrzip,random,2,10,3,3,MDAP_MF-DF-ALS-PCI,0.53263497179693797
lrzip,random,2,10,3,3,MDA_MF-DF-ALS,0.53644200626959249
lrzip,random,2,10,3,3,MDP_MF-DF-PCI,0.53263497179693797
lrzip,random,2,10,3,3,MD_MF-DF,0.53644200626959249
lrzip,random,2,10,3,3,PCI,0.56200804617806543
lrzip,random,2,10,1,4,ALS,0.89189189189189189
lrzip,random,2,10,1,4,AP_ALS-PCI,0.89189189189189189
lrzip,random,2,10,1,4,Default,0.89473684210526316
lrzip,random,2,10,1,4,MDAP_MF-DF-ALS-PCI,0.88888888888888884
lrzip,random,2,10,1,4,MDA_MF-DF-ALS,0.88888888888888884
lrzip,random,2,10,1,4,MDP_MF-DF-PCI,0.88888888888888884
lrzip,random,2,10,1,4,MD_MF-DF,0.88888888888888884
lrzip,random,2,10,1,4,PCI,0.89473684210526316
lrzip,random,2,10,2,4,ALS,0.74371859296482412
lrzip,random,2,10,2,4,AP_ALS-PCI,0.74149659863945583
lrzip,random,2,10,2,4,Default,0.75236593059936907
lrzip,random,2,10,2,4,MDAP_MF-DF-ALS-PCI,0.73381294964028776
lrzip,random,2,10,2,4,MDA_MF-DF-ALS,0.73440285204991085
lrzip,random,2,10,2,4,MDP_MF-DF-PCI,0.73381294964028776
lrzip,random,2,10,2,4,MD_MF-DF,0.73440285204991085
lrzip,random,2,10,2,4,PCI,0.75121951219512195
lrzip,random,2,10,3,4,ALS,0.60670785525154458
lrzip,random,2,10,3,4,AP_ALS-PCI,0.60426320667284528
lrzip,random,2,10,3,4,Default,0.61977004152028103
lrzip,random,2,10,3,4,MDAP_MF-DF-ALS-PCI,0.59427880741337635
lrzip,random,2,10,3,4,MDA_MF-DF-ALS,0.59267241379310343
lrzip,random,2,10,3,4,MDP_MF-DF-PCI,0.59427880741337635
lrzip,random,2,10,3,4,MD_MF-DF,0.59267241379310343
lrzip,random,2,10,3,4,PCI,0.62182963092531052
lrzip,distance,2,10,1,1,ALS,0.78378378378378377
lrzip,distance,2,10,1,1,AP_ALS-PCI,0.78378378378378377
lrzip,distance,2,10,1,1,Default,0.76315789473684215
lrzip,distance,2,10,1,1,MDAP_MF-DF-ALS-PCI,0.77777777777777779
lrzip,distance,2,10,1,1,MDA_MF-DF-ALS,0.77777777777777779
lrzip,distance,2,10,1,1,MDP_MF-DF-PCI,0.77777777777777779
lrzip,distance,2,10,1,1,MD_MF-DF,0.77777777777777779
lrzip,distance,2,10,1,1,PCI,0.76315789473684215
lrzip,distance,2,10,2,1,ALS,0.55946398659966501
lrzip,distance,2,10,2,1,AP_ALS-PCI,0.56122448979591832
lrzip,distance,2,10,2,1,Default,0.52681388012618302
lrzip,distance,2,10,2,1,MDAP_MF-DF-ALS-PCI,0.55575539568345322
lrzip,distance,2,10,2,1,MDA_MF-DF-ALS,0.55258467023172908
lrzip,distance,2,10,2,1,MDP_MF-DF-PCI,0.55575539568345322
lrzip,distance,2,10,2,1,MD_MF-DF,0.55258467023172908
lrzip,distance,2,10,2,1,PCI,0.53658536585365857
lrzip,distance,2,10,3,1,ALS,0.3881729920564872
lrzip,distance,2,10,3,1,AP_ALS-PCI,0.3948100092678406
lrzip,distance,2,10,3,1,Default,0.35116576173746405
lrzip,distance,2,10,3,1,MDAP_MF-DF-ALS-PCI,0.39282836422240131
lrzip,distance,2,10,3,1,MDA_MF-DF-ALS,0.38499216300940436
lrzip,distance,2,10,3,1,MDP_MF-DF-PCI,0.39282836422240131
lrzip,distance,2,10,3,1,MD_MF-DF,0.38499216300940436
lrzip,distance,2,10,3,1,PCI,0.37257302781178941
lrzip,distance,2,10,1,2,ALS,0.72972972972972971
lrzip,distance,2,10,1,2,AP_ALS-PCI,0.72972972972972971
lrzip,distance,2,10,1,2,Default,0.71052631578947367
lrzip,distance,2,10,1,2,MDAP_MF-DF-ALS-PCI,0.72222222222222221
lrzip,distance,2,10,1,2,MDA_MF-DF-ALS,0.72222222222222221
lrzip,distance,2,10,1,2,MDP_MF-DF-PCI,0.72222222222222221
lrzip,distance,2,10,1,2,MD_MF-DF,0.72222222222222221
lrzip,distance,2,10,1,2,PCI,0.71052631578947367
lrzip,distance,2,10,2,2,ALS,0.51758793969849248
lrzip,distance,2,10,2,2,AP_ALS-PCI,0.51870748299319724
lrzip,distance,2,10,2,2,Default,0.48738170347003157
lrzip,distance,2,10,2,2,MDAP_MF-DF-ALS-PCI,0.50899280575539574
lrzip,distance,2,10,2,2,MDA_MF-DF-ALS,0.50623885918003564
lrzip,distance,2,10,2,2,MDP_MF-DF-PCI,0.50899280575539574
lrzip,distance,2,10,2,2,MD_MF-DF,0.50623885918003564
lrzip,distance,2,10,2,2,PCI,0.49593495934959347
lrzip,distance,2,10,3,2,ALS,0.36504854368932038
lrzip,distance,2,10,3,2,AP_ALS-PCI,0.36904541241890637
lrzip,distance,2,10,3,2,Default,0.3302459278185883
lrzip,distance,2,10,3,2,MDAP_MF-DF-ALS-PCI,0.36019339242546333
lrzip,distance,2,10,3,2,MDA_MF-DF-ALS,0.35325235109717867
lrzip,distance,2,10,3,2,MDP_MF-DF-PCI,0.36019339242546333
lrzip,distance,2,10,3,2,MD_MF-DF,0.35325235109717867
lrzip,distance,2,10,3,2,PCI,0.348259576701067
lrzip,distance,2,10,1,3,ALS,0.7567567567567568
lrzip,distance,2,10,1,3,AP_ALS-PCI,0.7567567567567568
lrzip,distance,2,10,1,3,Default,0.73684210526315785
lrzip,distance,2,10,1,3,MDAP_MF-DF-ALS-PCI,0.75
lrzip,distance,2,10,1,3,MDA_MF-DF-ALS,0.75
lrzip,distance,2,10,1,3,MDP_MF-DF-PCI,0.75
lrzip,distance,2,10,1,3,MD_MF-DF,0.75
lrzip,distance,2,10,1,3,PCI,0.73684210526315785
lrzip,distance,2,10,2,3,ALS,0.54606365159128978
lrzip,distance,2,10,2,3,AP_ALS-PCI,0.54761904761904767
lrzip,distance,2,10,2,3,Default,0.51419558359621453
lrzip,distance,2,10,2,3,MDAP_MF-DF-ALS-PCI,0.53776978417266186
lrzip,distance,2,10,2,3,MDA_MF-DF-ALS,0.53475935828877008
lrzip,distance,2,10,2,3,MDP_MF-DF-PCI,0.53776978417266186
lrzip,distance,2,10,2,3,MD_MF-DF,0.53475935828877008
lrzip,distance,2,10,2,3,PCI,0.52357723577235771
lrzip,distance,2,10,3,3,ALS,0.38923212709620475
lrzip,distance,2,10,3,3,AP_ALS-PCI,0.39406858202038925
lrzip,distance,2,10,3,3,Default,0.35212392206962634
lrzip,distance,2,10,3,3,MDAP_MF-DF-ALS-PCI,0.3845688960515713
lrzip,distance,2,10,3,3,MDA_MF-DF-ALS,0.37695924764890282
lrzip,distance,2,10,3,3,MDP_MF-DF-PCI,0.3845688960515713
lrzip,distance,2,10,3,3,MD_MF-DF,0.37695924764890282
lrzip,distance,2,10,3,3,PCI,0.37187336015392686
lrzip,distance,2,10,1,4,ALS,0.7567567567567568
lrzip,distance,2,10,1,4,AP_ALS-PCI,0.7567567567567568
lrzip,distance,2,10,1,4,Default,0.73684210526315785
lrzip,distance,2,10,1,4,MDAP_MF-DF-ALS-PCI,0.75
lrzip,distance,2,10,1,4,MDA_MF-DF-ALS,0.75
lrzip,distance,2,10,1,4,MDP_MF-DF-PCI,0.75
lrzip,distance,2,10,1,4,MD_MF-DF,0.75
lrzip,distance,2,10,1,4,PCI,0.73684210526315785
lrzip,distance,2,10,2,4,ALS,0.54438860971524283
lrzip,distance,2,10,2,4,AP_ALS-PCI,0.54591836734693877
lrzip,distance,2,10,2,4,Default,0.51261829652996849
lrzip,distance,2,10,2,4,MDAP_MF-DF-ALS-PCI,0.53776978417266186
lrzip,distance,2,10,2,4,MDA_MF-DF-ALS,0.53475935828877008
lrzip,distance,2,10,2,4,MDP_MF-DF-PCI,0.53776978417266186
lrzip,distance,2,10,2,4,MD_MF-DF,0.53475935828877008
lrzip,distance,2,10,2,4,PCI,0.52195121951219514
lrzip,distance,2,10,3,4,ALS,0.38623124448367169
lrzip,distance,2,10,3,4,AP_ALS-PCI,0.39147358665430954
lrzip,distance,2,10,3,4,Default,0.3494091344618333
lrzip,distance,2,10,3,4,MDAP_MF-DF-ALS-PCI,0.38557614826752618
lrzip,distance,2,10,3,4,MDA_MF-DF-ALS,0.37793887147335425
lrzip,distance,2,10,3,4,MDP_MF-DF-PCI,0.38557614826752618
lrzip,distance,2,10,3,4,MD_MF-DF,0.37793887147335425
lrzip,distance,2,10,3,4,PCI,0.36942452335140807
lrzip,solver,2,10,1,1,ALS,0.64864864864864868
lrzip,solver,2,10,1,1,AP_ALS-PCI,0.64864864864864868
lrzip,solver,2,10,1,1,Default,0.65789473684210531
lrzip,solver,2,10,1,1,MDAP_MF-DF-ALS-PCI,0.63888888888888884
lrzip,solver,2,10,1,1,MDA_MF-DF-ALS,0.63888888888888884
lrzip,solver,2,10,1,1,MDP_MF-DF-PCI,0.63888888888888884
lrzip,solver,2,10,1,1,MD_MF-DF,0.63888888888888884
lrzip,solver,2,10,1,1,PCI,0.65789473684210531
lrzip,solver,2,10,2,1,ALS,0.42378559463986598
lrzip,solver,2,10,2,1,AP_ALS-PCI,0.4268707482993197
lrzip,solver,2,10,2,1,Default,0.42902208201892744
lrzip,solver,2,10,2,1,MDAP_MF-DF-ALS-PCI,0.41906474820143885
lrzip,solver,2,10,2,1,MDA_MF-DF-ALS,0.41532976827094475
lrzip,solver,2,10,2,1,MDP_MF-DF-PCI,0.41906474820143885
lrzip,solver,2,10,2,1,MD_MF-DF,0.41532976827094475
lrzip,solver,2,10,2,1,PCI,0.43902439024390244
lrzip,solver,2,10,3,1,ALS,0.28067078552515445
lrzip,solver,2,10,3,1,AP_ALS-PCI,0.28804448563484708
lrzip,solver,2,10,3,1,Default,0.2805812839348451
lrzip,solver,2,10,3,1,MDAP_MF-DF-ALS-PCI,0.28384367445608383
lrzip,solver,2,10,3,1,MDA_MF-DF-ALS,0.27605799373040751
lrzip,solver,2,10,3,1,MDP_MF-DF-PCI,0.28384367445608383
lrzip,solver,2,10,3,1,MD_MF-DF,0.27605799373040751
lrzip,solver,2,10,3,1,PCI,0.30103200979534722
lrzip,solver,2,10,1,2,ALS,0.64864864864864868
lrzip,solver,2,10,1,2,AP_ALS-PCI,0.64864864864864868
lrzip,solver,2,10,1,2,Default,0.65789473684210531
lrzip,solver,2,10,1,2,MDAP_MF-DF-ALS-PCI,0.63888888888888884
lrzip,solver,2,10,1,2,MDA_MF-DF-ALS,0.63888888888888884
lrzip,solver,2,10,1,2,MDP_MF-DF-PCI,0.63888888888888884
lrzip,solver,2,10,1,2,MD_MF-DF,0.63888888888888884
lrzip,solver,2,10,1,2,PCI,0.65789473684210531
lrzip,solver,2,10,2,2,ALS,0.42546063651591287
lrzip,solver,2,10,2,2,AP_ALS-PCI,0.4268707482993197
lrzip,solver,2,10,2,2,Default,0.43059936908517349
lrzip,solver,2,10,2,2,MDAP_MF-DF-ALS-PCI,0.42086330935251798
lrzip,solver,2,10,2,2,MDA_MF-DF-ALS,0.41711229946524064
lrzip,solver,2,10,2,2,MDP_MF-DF-PCI,0.42086330935251798
lrzip,solver,2,10,2,2,MD_MF-DF,0.41711229946524064
lrzip,solver,2,10,2,2,PCI,0.43902439024390244
lrzip,solver,2,10,3,2,ALS,0.28349514563106798
lrzip,solver,2,10,3,2,AP_ALS-PCI,0.28841519925857273
lrzip,solver,2,10,3,2,Default,0.28313637815394443
lrzip,solver,2,10,3,2,MDAP_MF-DF-ALS-PCI,0.28686543110394841
lrzip,solver,2,10,3,2,MDA_MF-DF-ALS,0.27899686520376177
lrzip,solver,2,10,3,2,MDP_MF-DF-PCI,0.28686543110394841
lrzip,solver,2,10,3,2,MD_MF-DF,0.27899686520376177
lrzip,solver,2,10,3,2,PCI,0.30138184362427844
lrzip,solver,2,10,1,3,ALS,0.64864864864864868
lrzip,solver,2,10,1,3,AP_ALS-PCI,0.64864864864864868
lrzip,solver,2,10,1,3,Default,0.65789473684210531
lrzip,solver,2,10,1,3,MDAP_MF-DF-ALS-PCI,0.63888888888888884
lrzip,solver,2,10,1,3,MDA_MF-DF-ALS,0.63888888888888884
lrzip,solver,2,10,1,3,MDP_MF-DF-PCI,0.63888888888888884
lrzip,solver,2,10,1,3,MD_MF-DF,0.63888888888888884
lrzip,solver,2,10,1,3,PCI,0.65789473684210531
lrzip,solver,2,10,2,3,ALS,0.42378559463986598
lrzip,solver,2,10,2,3,AP_ALS-PCI,0.4268707482993197
lrzip,solver,2,10,2,3,Default,0.42902208201892744
lrzip,solver,2,10,2,3,MDAP_MF-DF-ALS-PCI,0.41906474820143885
lrzip,solver,2,10,2,3,MDA_MF-DF-ALS,0.41532976827094475
lrzip,solver,2,10,2,3,MDP_MF-DF-PCI,0.41906474820143885
lrzip,solver,2,10,2,3,MD_MF-DF,0.41532976827094475
lrzip,solver,2,10,2,3,PCI,0.43902439024390244
lrzip,solver,2,10,3,3,ALS,0.28067078552515445
lrzip,solver,2,10,3,3,AP_ALS-PCI,0.28804448563484708
lrzip,solver,2,10,3,3,Default,0.2805812839348451
lrzip,solver,2,10,3,3,MDAP_MF-DF-ALS-PCI,0.28384367445608383
lrzip,solver,2,10,3,3,MDA_MF-DF-ALS,0.27605799373040751
lrzip,solver,2,10,3,3,MDP_MF-DF-PCI,0.28384367445608383
lrzip,solver,2,10,3,3,MD_MF-DF,0.27605799373040751
lrzip,solver,2,10,3,3,PCI,0.30103200979534722
lrzip,solver,2,10,1,4,ALS,0.64864864864864868
lrzip,solver,2,10,1,4,AP_ALS-PCI,0.64864864864864868
lrzip,solver,2,10,1,4,Default,0.65789473684210531
lrzip,solver,2,10,1,4,MDAP_MF-DF-ALS-PCI,0.63888888888888884
lrzip,solver,2,10,1,4,MDA_MF-DF-ALS,0.63888888888888884
lrzip,solver,2,10,1,4,MDP_MF-DF-PCI,0.63888888888888884
lrzip,solver,2,10,1,4,MD_MF-DF,0.63888888888888884
lrzip,solver,2,10,1,4,PCI,0.65789473684210531
lrzip,solver,2,10,2,4,ALS,0.42546063651591287
lrzip,solver,2,10,2,4,AP_ALS-PCI,0.4268707482993197
lrzip,solver,2,10,2,4,Default,0.43059936908517349
lrzip,solver,2,10,2,4,MDAP_MF-DF-ALS-PCI,0.42086330935251798
lrzip,solver,2,10,2,4,MDA_MF-DF-ALS,0.41711229946524064
lrzip,solver,2,10,2,4,MDP_MF-DF-PCI,0.42086330935251798
lrzip,solver,2,10,2,4,MD_MF-DF,0.41711229946524064
lrzip,solver,2,10,2,4,PCI,0.43902439024390244
lrzip,solver,2,10,3,4,ALS,0.28367166813768757
lrzip,solver,2,10,3,4,AP_ALS-PCI,0.28841519925857273
lrzip,solver,2,10,3,4,Default,0.28329607154263814
lrzip,solver,2,10,3,4,MDAP_MF-DF-ALS-PCI,0.28706688154713939
lrzip,solver,2,10,3,4,MDA_MF-DF-ALS,0.27919278996865204
lrzip,solver,2,10,3,4,MDP_MF-DF-PCI,0.28706688154713939
lrzip,solver,2,10,3,4,MD_MF-DF,0.27919278996865204
lrzip,solver,2,10,3,4,PCI,0.30138184362427844
Polly,random,2,10,1,1,ALS,0.96491228070175439
Polly,random,2,10,1,1,AP_ALS-PCI,0.96491228070175439
Polly,random,2,10,1,1,Default,0.971830985915493
Polly,random,2,10,1,1,MDAP_MF-DF-ALS-PCI,0.9642857142857143
Polly,random,2,10,1,1,MDA_MF-DF-ALS,0.9642857142857143
Polly,random,2,10,1,1,MDP_MF-DF-PCI,0.967741935483871
Polly,random,2,10,1,1,MD_MF-DF,0.967741935483871
Polly,random,2,10,1,1,PCI,0.971830985915493
Polly,random,2,10,2,1,ALS,0.81639344262295077
Polly,random,2,10,2,1,AP_ALS-PCI,0.81578947368421051
Polly,random,2,10,2,1,Default,0.85738045738045743
Polly,random,2,10,2,1,MDAP_MF-DF-ALS-PCI,0.81049761417859578
Polly,random,2,10,2,1,MDA_MF-DF-ALS,0.81075561606535063
Polly,random,2,10,2,1,MDP_MF-DF-PCI,0.82034273079049203
Polly,random,2,10,2,1,MD_MF-DF,0.82054113749309776
Polly,random,2,10,2,1,PCI,0.85587489433643282
Polly,random,2,10,3,1,ALS,0.62792884570174756
Polly,random,2,10,3,1,AP_ALS-PCI,0.62594513281342778
Polly,random,2,10,3,1,Default,0.7020689388968232
Polly,random,2,10,3,1,MDAP_MF-DF-ALS-PCI,0.61638344954281654
Polly,random,2,10,3,1,MDA_MF-DF-ALS,0.61676298174863842
Polly,random,2,10,3,1,MDP_MF-DF-PCI,0.62499622185280335
Polly,random,2,10,3,1,MD_MF-DF,0.62528991837103531
Polly,random,2,10,3,1,PCI,0.69791392138179897
Polly,random,2,10,1,2,ALS,0.94736842105263153
Polly,random,2,10,1,2,AP_ALS-PCI,0.94736842105263153
Polly,random,2,10,1,2,Default,0.95774647887323938
Polly,random,2,10,1,2,MDAP_MF-DF-ALS-PCI,0.9464285714285714
Polly,random,2,10,1,2,MDA_MF-DF-ALS,0.9464285714285714
Polly,random,2,10,1,2,MDP_MF-DF-PCI,0.95161290322580649
Polly,random,2,10,1,2,MD_MF-DF,0.95161290322580649
Polly,random,2,10,1,2,PCI,0.95774647887323938
Polly,random,2,10,2,2,ALS,0.79803278688524593
Polly,random,2,10,2,2,AP_ALS-PCI,0.79736842105263162
Polly,random,2,10,2,2,Default,0.84241164241164246
Polly,random,2,10,2,2,MDAP_MF-DF-ALS-PCI,0.79209270620313565
Polly,random,2,10,2,2,MDA_MF-DF-ALS,0.79237576582709324
Polly,random,2,10,2,2,MDP_MF-DF-PCI,0.80541735765616362
Polly,random,2,10,2,2,MD_MF-DF,0.80563224737713968
Polly,random,2,10,2,2,PCI,0.84108199492814872
Polly,random,2,10,3,2,ALS,0.61151163701904243
Polly,random,2,10,3,2,AP_ALS-PCI,0.60939788606943512
Polly,random,2,10,3,2,Default,0.68848187748484968
Polly,random,2,10,3,2,MDAP_MF-DF-ALS-PCI,0.59989144503361025
Polly,random,2,10,3,2,MDA_MF-DF-ALS,0.60046563838190659
Polly,random,2,10,3,2,MDP_MF-DF-PCI,0.61202962067402145
Polly,random,2,10,3,2,MD_MF-DF,0.61248832796168562
Polly,random,2,10,3,2,PCI,0.6846554625255945
Polly,random,2,10,1,3,ALS,0.91228070175438591
Polly,random,2,10,1,3,AP_ALS-PCI,0.91228070175438591
Polly,random,2,10,1,3,Default,0.92957746478873238
Polly,random,2,10,1,3,MDAP_MF-DF-ALS-PCI,0.9107142857142857
Polly,random,2,10,1,3,MDA_MF-DF-ALS,0.9107142857142857
Polly,random,2,10,1,3,MDP_MF-DF-PCI,0.91935483870967738
Polly,random,2,10,1,3,MD_MF-DF,0.91935483870967738
Polly,random,2,10,1,3,PCI,0.92957746478873238
Polly,random,2,10,2,3,ALS,0.75606557377049177
Polly,random,2,10,2,3,AP_ALS-PCI,0.75526315789473686
Polly,random,2,10,2,3,Default,0.80457380457380456
Polly,random,2,10,2,3,MDAP_MF-DF-ALS-PCI,0.74982958418541246
Polly,random,2,10,2,3,MDA_MF-DF-ALS,0.75017018379850242
Polly,random,2,10,2,3,MDP_MF-DF-PCI,0.76506357103372025
Polly,random,2,10,2,3,MD_MF-DF,0.76532302595251245
Polly,random,2,10,2,3,PCI,0.80346576500422651
Polly,random,2,10,3,3,ALS,0.57816785518376301
Polly,random,2,10,3,3,AP_ALS-PCI,0.57606587229325834
Polly,random,2,10,3,3,Default,0.65393522986065544
Polly,random,2,10,3,3,MDAP_MF-DF-ALS-PCI,0.56719969938624692
Polly,random,2,10,3,3,MDA_MF-DF-ALS,0.56766307737080612
Polly,random,2,10,3,3,MDP_MF-DF-PCI,0.58017228351216565
Polly,random,2,10,3,3,MD_MF-DF,0.58052953402210905
Polly,random,2,10,3,3,PCI,0.65079976483467472
Polly,random,2,10,1,4,ALS,0.94736842105263153
Polly,random,2,10,1,4,AP_ALS-PCI,0.94736842105263153
Polly,random,2,10,1,4,Default,0.95774647887323938
Polly,random,2,10,1,4,MDAP_MF-DF-ALS-PCI,0.9464285714285714
Polly,random,2,10,1,4,MDA_MF-DF-ALS,0.9464285714285714
Polly,random,2,10,1,4,MDP_MF-DF-PCI,0.95161290322580649
Polly,random,2,10,1,4,MD_MF-DF,0.95161290322580649
Polly,random,2,10,1,4,PCI,0.95774647887323938
Polly,random,2,10,2,4,ALS,0.79016393442622945
Polly,random,2,10,2,4,AP_ALS-PCI,0.78947368421052633
Polly,random,2,10,2,4,Default,0.83284823284823284
Polly,random,2,10,2,4,MDAP_MF-DF-ALS-PCI,0.78391274710293113
Polly,random,2,10,2,4,MDA_MF-DF-ALS,0.7842069434989789
Polly,random,2,10,2,4,MDP_MF-DF-PCI,0.79270315091210619
Polly,random,2,10,2,4,MD_MF-DF,0.79293208172280505
Polly,random,2,10,2,4,PCI,0.83136094674556216
Polly,random,2,10,3,4,ALS,0.59936525350677849
Polly,random,2,10,3,4,AP_ALS-PCI,0.59696765765409132
Polly,random,2,10,3,4,Default,0.6725016404832671
Polly,random,2,10,3,4,MDAP_MF-DF-ALS-PCI,0.58732412007849355
Polly,random,2,10,3,4,MDA_MF-DF-ALS,0.58807633143474825
Polly,random,2,10,3,4,MDP_MF-DF-PCI,0.59316910986852045
Polly,random,2,10,3,4,MD_MF-DF,0.59378294526943587
Polly,random,2,10,3,4,PCI,0.66815334401037973
Polly,distance,2,10,1,1,ALS,0.7192982456140351
Polly,distance,2,10,1,1,AP_ALS-PCI,0.7192982456140351
Polly,distance,2,10,1,1,Default,0.70422535211267601
Polly,distance,2,10,1,1,MDAP_MF-DF-ALS-PCI,0.7142857142857143
Polly,distance,2,10,1,1,MDA_MF-DF-ALS,0.7142857142857143
Polly,distance,2,10,1,1,MDP_MF-DF-PCI,0.72580645161290325
Polly,distance,2,10,1,1,MD_MF-DF,0.72580645161290325
Polly,distance,2,10,1,1,PCI,0.70422535211267601
Polly,distance,2,10,2,1,ALS,0.46819672131147538
Polly,distance,2,10,2,1,AP_ALS-PCI,0.46710526315789475
Polly,distance,2,10,2,1,Default,0.44282744282744285
Polly,distance,2,10,2,1,MDAP_MF-DF-ALS-PCI,0.45875937286980234
Polly,distance,2,10,2,1,MDA_MF-DF-ALS,0.45881552076242343
Polly,distance,2,10,2,1,MDP_MF-DF-PCI,0.47263681592039802
Polly,distance,2,10,2,1,MD_MF-DF,0.47266703478741029
Polly,distance,2,10,2,1,PCI,0.44632290786136941
Polly,distance,2,10,3,1,ALS,0.29006347464932214
Polly,distance,2,10,3,1,AP_ALS-PCI,0.28834962986421758
Polly,distance,2,10,3,1,Default,0.26124213533021962
Polly,distance,2,10,3,1,MDAP_MF-DF-ALS-PCI,0.27990480564485826
Polly,distance,2,10,3,1,MDA_MF-DF-ALS,0.27975720284372013
Polly,distance,2,10,3,1,MDP_MF-DF-PCI,0.29061508236360889
Polly,distance,2,10,3,1,MD_MF-DF,0.29046055604084459
Polly,distance,2,10,3,1,PCI,0.26766274048695443
Polly,distance,2,10,1,2,ALS,0.7192982456140351
Polly,distance,2,10,1,2,AP_ALS-PCI,0.7192982456140351
Polly,distance,2,10,1,2,Default,0.73239436619718312
Polly,distance,2,10,1,2,MDAP_MF-DF-ALS-PCI,0.7142857142857143
Polly,distance,2,10,1,2,MDA_MF-DF-ALS,0.7142857142857143
Polly,distance,2,10,1,2,MDP_MF-DF-PCI,0.72580645161290325
Polly,distance,2,10,1,2,MD_MF-DF,0.72580645161290325
Polly,distance,2,10,1,2,PCI,0.73239436619718312
Polly,distance,2,10,2,2,ALS,0.47278688524590162
Polly,distance,2,10,2,2,AP_ALS-PCI,0.47171052631578947
Polly,distance,2,10,2,2,Default,0.47650727650727653
Polly,distance,2,10,2,2,MDAP_MF-DF-ALS-PCI,0.46353101567825494
Polly,distance,2,10,2,2,MDA_MF-DF-ALS,0.46358066712049012
Polly,distance,2,10,2,2,MDP_MF-DF-PCI,0.4754007739082366
Polly,distance,2,10,2,2,MD_MF-DF,0.47542794036443953
Polly,distance,2,10,2,2,PCI,0.47886728655959426
Polly,distance,2,10,3,2,ALS,0.29664603087532326
Polly,distance,2,10,3,2,AP_ALS-PCI,0.2946835042159851
Polly,distance,2,10,3,2,Default,0.28976724437410739
Polly,distance,2,10,3,2,MDAP_MF-DF-ALS-PCI,0.28645985553839087
Polly,distance,2,10,3,2,MDA_MF-DF-ALS,0.28645075458362784
Polly,distance,2,10,3,2,MDP_MF-DF-PCI,0.29372827565361947
Polly,distance,2,10,3,2,MD_MF-DF,0.29371366607427934
Polly,distance,2,10,3,2,PCI,0.29462566140247737
Polly,distance,2,10,1,3,ALS,0.7192982456140351
Polly,distance,2,10,1,3,AP_ALS-PCI,0.7192982456140351
Polly,distance,2,10,1,3,Default,0.71830985915492962
Polly,distance,2,10,1,3,MDAP_MF-DF-ALS-PCI,0.7142857142857143
Polly,distance,2,10,1,3,MDA_MF-DF-ALS,0.7142857142857143
Polly,distance,2,10,1,3,MDP_MF-DF-PCI,0.72580645161290325
Polly,distance,2,10,1,3,MD_MF-DF,0.72580645161290325
Polly,distance,2,10,1,3,PCI,0.71830985915492962
Polly,distance,2,10,2,3,ALS,0.47344262295081968
Polly,distance,2,10,2,3,AP_ALS-PCI,0.4723684210526316
Polly,distance,2,10,2,3,Default,0.4623700623700624
Polly,distance,2,10,2,3,MDAP_MF-DF-ALS-PCI,0.46421267893660534
Polly,distance,2,10,2,3,MDA_MF-DF-ALS,0.46426140231449964
Polly,distance,2,10,2,3,MDP_MF-DF-PCI,0.47761194029850745
Polly,distance,2,10,2,3,MD_MF-DF,0.47763666482606293
Polly,distance,2,10,2,3,PCI,0.46534234995773455
Polly,distance,2,10,3,3,ALS,0.2974688504035734
Polly,distance,2,10,3,3,AP_ALS-PCI,0.29563358536875023
Polly,distance,2,10,3,3,Default,0.27894005481144091
Polly,distance,2,10,3,3,MDAP_MF-DF-ALS-PCI,0.28733664565153855
Polly,distance,2,10,3,3,MDA_MF-DF-ALS,0.28728225169417537
Polly,distance,2,10,3,3,MDP_MF-DF-PCI,0.29711349554178629
Polly,distance,2,10,3,3,MD_MF-DF,0.29705714027530949
Polly,distance,2,10,3,3,PCI,0.28473249944249601
Polly,distance,2,10,1,4,ALS,0.7192982456140351
Polly,distance,2,10,1,4,AP_ALS-PCI,0.7192982456140351
Polly,distance,2,10,1,4,Default,0.71830985915492962
Polly,distance,2,10,1,4,MDAP_MF-DF-ALS-PCI,0.7142857142857143
Polly,distance,2,10,1,4,MDA_MF-DF-ALS,0.7142857142857143
Polly,distance,2,10,1,4,MDP_MF-DF-PCI,0.72580645161290325
Polly,distance,2,10,1,4,MD_MF-DF,0.72580645161290325
Polly,distance,2,10,1,4,PCI,0.71830985915492962
Polly,distance,2,10,2,4,ALS,0.47147540983606556
Polly,distance,2,10,2,4,AP_ALS-PCI,0.47039473684210525
Polly,distance,2,10,2,4,Default,0.46569646569646572
Polly,distance,2,10,2,4,MDAP_MF-DF-ALS-PCI,0.46216768916155421
Polly,distance,2,10,2,4,MDA_MF-DF-ALS,0.46221919673247108
Polly,distance,2,10,2,4,MDP_MF-DF-PCI,0.47816473189607517
Polly,distance,2,10,2,4,MD_MF-DF,0.47818884594146882
Polly,distance,2,10,2,4,PCI,0.46872358410819948
Polly,distance,2,10,3,4,ALS,0.29472611864273962
Polly,distance,2,10,3,4,AP_ALS-PCI,0.29278334191045485
Polly,distance,2,10,3,4,Default,0.28330181032153473
Polly,distance,2,10,3,4,MDAP_MF-DF-ALS-PCI,0.28453926767149595
Polly,distance,2,10,3,4,MDA_MF-DF-ALS,0.2844967363738411
Polly,distance,2,10,3,4,MDP_MF-DF-PCI,0.29799002569140093
Polly,distance,2,10,3,4,MD_MF-DF,0.29793066056206513
Polly,distance,2,10,3,4,PCI,0.28898980274494701
Polly,solver,2,10,1,1,ALS,0.57894736842105265
Polly,solver,2,10,1,1,AP_ALS-PCI,0.57894736842105265
Polly,solver,2,10,1,1,Default,0.647887323943662
Polly,solver,2,10,1,1,MDAP_MF-DF-ALS-PCI,0.5714285714285714
Polly,solver,2,10,1,1,MDA_MF-DF-ALS,0.5714285714285714
Polly,solver,2,10,1,1,MDP_MF-DF-PCI,0.59677419354838712
Polly,solver,2,10,1,1,MD_MF-DF,0.59677419354838712
Polly,solver,2,10,1,1,PCI,0.647887323943662
Polly,solver,2,10,2,1,ALS,0.33245901639344261
Polly,solver,2,10,2,1,AP_ALS-PCI,0.33223684210526316
Polly,solver,2,10,2,1,Default,0.41330561330561333
Polly,solver,2,10,2,1,MDAP_MF-DF-ALS-PCI,0.32379004771642811
Polly,solver,2,10,2,1,MDA_MF-DF-ALS,0.32334921715452691
Polly,solver,2,10,2,1,MDP_MF-DF-PCI,0.34991708126036486
Polly,solver,2,10,2,1,MD_MF-DF,0.34953064605190504
Polly,solver,2,10,2,1,PCI,0.41377852916314456
Polly,solver,2,10,3,1,ALS,0.19081576678943657
Polly,solver,2,10,3,1,AP_ALS-PCI,0.1905308578441075
Polly,solver,2,10,3,1,Default,0.26182112942447988
Polly,solver,2,10,3,1,MDAP_MF-DF-ALS-PCI,0.18349964510876374
Polly,solver,2,10,3,1,MDA_MF-DF-ALS,0.18272149004282209
Polly,solver,2,10,3,1,MDP_MF-DF-PCI,0.20386882272933354
Polly,solver,2,10,3,1,MD_MF-DF,0.20316877014367904
Polly,solver,2,10,3,1,PCI,0.26297970685425831
Polly,solver,2,10,1,2,ALS,0.57894736842105265
Polly,solver,2,10,1,2,AP_ALS-PCI,0.57894736842105265
Polly,solver,2,10,1,2,Default,0.647887323943662
Polly,solver,2,10,1,2,MDAP_MF-DF-ALS-PCI,0.5714285714285714
Polly,solver,2,10,1,2,MDA_MF-DF-ALS,0.5714285714285714
Polly,solver,2,10,1,2,MDP_MF-DF-PCI,0.59677419354838712
Polly,solver,2,10,1,2,MD_MF-DF,0.59677419354838712
Polly,solver,2,10,1,2,PCI,0.647887323943662
Polly,solver,2,10,2,2,ALS,0.33245901639344261
Polly,solver,2,10,2,2,AP_ALS-PCI,0.33223684210526316
Polly,solver,2,10,2,2,Default,0.41330561330561333
Polly,solver,2,10,2,2,MDAP_MF-DF-ALS-PCI,0.32379004771642811
Polly,solver,2,10,2,2,MDA_MF-DF-ALS,0.32334921715452691
Polly,solver,2,10,2,2,MDP_MF-DF-PCI,0.34991708126036486
Polly,solver,2,10,2,2,MD_MF-DF,0.34953064605190504
Polly,solver,2,10,2,2,PCI,0.41377852916314456
Polly,solver,2,10,3,2,ALS,0.19081576678943657
Polly,solver,2,10,3,2,AP_ALS-PCI,0.1905308578441075
Polly,solver,2,10,3,2,Default,0.26182112942447988
Polly,solver,2,10,3,2,MDAP_MF-DF-ALS-PCI,0.18349964510876374
Polly,solver,2,10,3,2,MDA_MF-DF-ALS,0.18272149004282209
Polly,solver,2,10,3,2,MDP_MF-DF-PCI,0.20386882272933354
Polly,solver,2,10,3,2,MD_MF-DF,0.20316877014367904
Polly,solver,2,10,3,2,PCI,0.26297970685425831
Polly,solver,2,10,1,3,ALS,0.57894736842105265
Polly,solver,2,10,1,3,AP_ALS-PCI,0.57894736842105265
Polly,solver,2,10,1,3,Default,0.647887323943662
Polly,solver,2,10,1,3,MDAP_MF-DF-ALS-PCI,0.5714285714285714
Polly,solver,2,10,1,3,MDA_MF-DF-ALS,0.5714285714285714
Polly,solver,2,10,1,3,MDP_MF-DF-PCI,0.59677419354838712
Polly,solver,2,10,1,3,MD_MF-DF,0.59677419354838712
Polly,solver,2,10,1,3,PCI,0.647887323943662
Polly,solver,2,10,2,3,ALS,0.33245901639344261
Polly,solver,2,10,2,3,AP_ALS-PCI,0.33223684210526316
Polly,solver,2,10,2,3,Default,0.41330561330561333
Polly,solver,2,10,2,3,MDAP_MF-DF-ALS-PCI,0.32379004771642811
Polly,solver,2,10,2,3,MDA_MF-DF-ALS,0.32334921715452691
Polly,solver,2,10,2,3,MDP_MF-DF-PCI,0.34991708126036486
Polly,solver,2,10,2,3,MD_MF-DF,0.34953064605190504
Polly,solver,2,10,2,3,PCI,0.41377852916314456
Polly,solver,2,10,3,3,ALS,0.19081576678943657
Polly,solver,2,10,3,3,AP_ALS-PCI,0.1905308578441075
Polly,solver,2,10,3,3,Default,0.26182112942447988
Polly,solver,2,10,3,3,MDAP_MF-DF-ALS-PCI,0.18349964510876374
Polly,solver,2,10,3,3,MDA_MF-DF-ALS,0.18272149004282209
Polly,solver,2,10,3,3,MDP_MF-DF-PCI,0.20386882272933354
Polly,solver,2,10,3,3,MD_MF-DF,0.20316877014367904
Polly,solver,2,10,3,3,PCI,0.26297970685425831
Polly,solver,2,10,1,4,ALS,0.57894736842105265
Polly,solver,2,10,1,4,AP_ALS-PCI,0.57894736842105265
Polly,solver,2,10,1,4,Default,0.647887323943662
Polly,solver,2,10,1,4,MDAP_MF-DF-ALS-PCI,0.5714285714285714
Polly,solver,2,10,1,4,MDA_MF-DF-ALS,0.5714285714285714
Polly,solver,2,10,1,4,MDP_MF-DF-PCI,0.59677419354838712
Polly,solver,2,10,1,4,MD_MF-DF,0.59677419354838712
Polly,solver,2,10,1,4,PCI,0.647887323943662
Polly,solver,2,10,2,4,ALS,0.33245901639344261
Polly,solver,2,10,2,4,AP_ALS-PCI,0.33223684210526316
Polly,solver,2,10,2,4,Default,0.41330561330561333
Polly,solver,2,10,2,4,MDAP_MF-DF-ALS-PCI,0.32379004771642811
Polly,solver,2,10,2,4,MDA_MF-DF-ALS,0.32334921715452691
Polly,solver,2,10,2,4,MDP_MF-DF-PCI,0.34991708126036486
Polly,solver,2,10,2,4,MD_MF-DF,0.34953064605190504
Polly,solver,2,10,2,4,PCI,0.41377852916314456
Polly,solver,2,10,3,4,ALS,0.19081576678943657
Polly,solver,2,10,3,4,AP_ALS-PCI,0.1905308578441075
Polly,solver,2,10,3,4,Default,0.26182112942447988
Polly,solver,2,10,3,4,MDAP_MF-DF-ALS-PCI,0.18349964510876374
Polly,solver,2,10,3,4,MDA_MF-DF-ALS,0.18272149004282209
Polly,solver,2,10,3,4,MDP_MF-DF-PCI,0.20386882272933354
Polly,solver,2,10,3,4,MD_MF-DF,0.20316877014367904
Polly,solver,2,10,3,4,PCI,0.26297970685425831
VP9,random,2,10,1,1,ALS,0.9538461538461539
VP9,random,2,10,1,1,AP_ALS-PCI,0.9538461538461539
VP9,random,2,10,1,1,Default,0.95999999999999996
VP9,random,2,10,1,1,MDAP_MF-DF-ALS-PCI,0.953125
VP9,random,2,10,1,1,MDA_MF-DF-ALS,0.953125
VP9,random,2,10,1,1,MDP_MF-DF-PCI,0.95454545454545459
VP9,random,2,10,1,1,MD_MF-DF,0.95454545454545459
VP9,random,2,10,1,1,PCI,0.95999999999999996
VP9,random,2,10,2,1,ALS,0.81278082875686475
VP9,random,2,10,2,1,AP_ALS-PCI,0.8125
VP9,random,2,10,2,1,Default,0.84526901669758814
VP9,random,2,10,2,1,MDAP_MF-DF-ALS-PCI,0.80814853017019084
VP9,random,2,10,2,1,MDA_MF-DF-ALS,0.80814853017019084
VP9,random,2,10,2,1,MDP_MF-DF-PCI,0.81113801452784506
VP9,random,2,10,2,1,MD_MF-DF,0.81113801452784506
VP9,random,2,10,2,1,PCI,0.84400904295403167
VP9,random,2,10,3,1,ALS,0.62295460374454992
VP9,random,2,10,3,1,AP_ALS-PCI,0.62192387971242302
VP9,random,2,10,3,1,Default,0.68771220695230395
VP9,random,2,10,3,1,MDAP_MF-DF-ALS-PCI,0.61326279992442845
VP9,random,2,10,3,1,MDA_MF-DF-ALS,0.61326279992442845
VP9,random,2,10,3,1,MDP_MF-DF-PCI,0.61531675039823552
VP9,random,2,10,3,1,MD_MF-DF,0.61531675039823552
VP9,random,2,10,3,1,PCI,0.68417221121776961
VP9,random,2,10,1,2,ALS,1
VP9,random,2,10,1,2,AP_ALS-PCI,1
VP9,random,2,10,1,2,Default,1
VP9,random,2,10,1,2,MDAP_MF-DF-ALS-PCI,1
VP9,random,2,10,1,2,MDA_MF-DF-ALS,1
VP9,random,2,10,1,2,MDP_MF-DF-PCI,1
VP9,random,2,10,1,2,MD_MF-DF,1
VP9,random,2,10,1,2,PCI,1
VP9,random,2,10,2,2,ALS,0.85421867199201196
VP9,random,2,10,2,2,AP_ALS-PCI,0.85399999999999998
VP9,random,2,10,2,2,Default,0.88571428571428568
VP9,random,2,10,2,2,MDAP_MF-DF-ALS-PCI,0.84940691077875197
VP9,random,2,10,2,2,MDA_MF-DF-ALS,0.84940691077875197
VP9,random,2,10,2,2,MDP_MF-DF-PCI,0.85084745762711866
VP9,random,2,10,2,2,MD_MF-DF,0.85084745762711866
VP9,random,2,10,2,2,PCI,0.88394875659382066
VP9,random,2,10,3,2,ALS,0.64729417799435751
VP9,random,2,10,3,2,AP_ALS-PCI,0.64604323962171772
VP9,random,2,10,3,2,Default,0.71623282134195632
VP9,random,2,10,3,2,MDAP_MF-DF-ALS-PCI,0.63671695770694448
VP9,random,2,10,3,2,MDA_MF-DF-ALS,0.63671695770694448
VP9,random,2,10,3,2,MDP_MF-DF-PCI,0.6378139933831638
VP9,random,2,10,3,2,MD_MF-DF,0.6378139933831638
VP9,random,2,10,3,2,PCI,0.7111246550527367
VP9,random,2,10,1,3,ALS,0.96923076923076923
VP9,random,2,10,1,3,AP_ALS-PCI,0.96923076923076923
VP9,random,2,10,1,3,Default,0.97333333333333338
VP9,random,2,10,1,3,MDAP_MF-DF-ALS-PCI,0.96875
VP9,random,2,10,1,3,MDA_MF-DF-ALS,0.96875
VP9,random,2,10,1,3,MDP_MF-DF-PCI,0.96969696969696972
VP9,random,2,10,1,3,MD_MF-DF,0.96969696969696972
VP9,random,2,10,1,3,PCI,0.97333333333333338
VP9,random,2,10,2,3,ALS,0.82426360459311032
VP9,random,2,10,2,3,AP_ALS-PCI,0.82399999999999995
VP9,random,2,10,2,3,Default,0.85825602968460113
VP9,random,2,10,2,3,MDAP_MF-DF-ALS-PCI,0.81949458483754511
VP9,random,2,10,2,3,MDA_MF-DF-ALS,0.81949458483754511
VP9,random,2,10,2,3,MDP_MF-DF-PCI,0.82372881355932204
VP9,random,2,10,2,3,MD_MF-DF,0.82372881355932204
VP9,random,2,10,2,3,PCI,0.85681989449886964
VP9,random,2,10,3,3,ALS,0.62672480123108487
VP9,random,2,10,3,3,AP_ALS-PCI,0.62568608756152244
VP9,random,2,10,3,3,Default,0.69571544058205337
VP9,random,2,10,3,3,MDAP_MF-DF-ALS-PCI,0.6166365280289331
VP9,random,2,10,3,3,MDA_MF-DF-ALS,0.6166365280289331
VP9,random,2,10,3,3,MDP_MF-DF-PCI,0.62083078054160035
VP9,random,2,10,3,3,MD_MF-DF,0.62083078054160035
VP9,random,2,10,3,3,PCI,0.69189225794436826
VP9,random,2,10,1,4,ALS,0.9538461538461539
VP9,random,2,10,1,4,AP_ALS-PCI,0.9538461538461539
VP9,random,2,10,1,4,Default,0.95999999999999996
VP9,random,2,10,1,4,MDAP_MF-DF-ALS-PCI,0.953125
VP9,random,2,10,1,4,MDA_MF-DF-ALS,0.953125
VP9,random,2,10,1,4,MDP_MF-DF-PCI,0.95454545454545459
VP9,random,2,10,1,4,MD_MF-DF,0.95454545454545459
VP9,random,2,10,1,4,PCI,0.95999999999999996
VP9,random,2,10,2,4,ALS,0.80429355966050919
VP9,random,2,10,2,4,AP_ALS-PCI,0.80400000000000005
VP9,random,2,10,2,4,Default,0.83896103896103891
VP9,random,2,10,2,4,MDAP_MF-DF-ALS-PCI,0.7993811242908716
VP9,random,2,10,2,4,MDA_MF-DF-ALS,0.7993811242908716
VP9,random,2,10,2,4,MDP_MF-DF-PCI,0.80290556900726395
VP9,random,2,10,2,4,MD_MF-DF,0.80290556900726395
VP9,random,2,10,2,4,PCI,0.83760361718161269
VP9,random,2,10,3,4,ALS,0.61251602975121822
VP9,random,2,10,3,4,AP_ALS-PCI,0.61141031257247402
VP9,random,2,10,3,4,Default,0.6790460792239289
VP9,random,2,10,3,4,MDAP_MF-DF-ALS-PCI,0.60273676823837419
VP9,random,2,10,3,4,MDA_MF-DF-ALS,0.60273676823837419
VP9,random,2,10,3,4,MDP_MF-DF-PCI,0.60593064575419675
VP9,random,2,10,3,4,MD_MF-DF,0.60593064575419675
VP9,random,2,10,3,4,PCI,0.67547022872331419
VP9,distance,2,10,1,1,ALS,0.75384615384615383
VP9,distance,2,10,1,1,AP_ALS-PCI,0.75384615384615383
VP9,distance,2,10,1,1,Default,0.76000000000000001
VP9,distance,2,10,1,1,MDAP_MF-DF-ALS-PCI,0.75
VP9,distance,2,10,1,1,MDA_MF-DF-ALS,0.75
VP9,distance,2,10,1,1,MDP_MF-DF-PCI,0.74242424242424243
VP9,distance,2,10,1,1,MD_MF-DF,0.74242424242424243
VP9,distance,2,10,1,1,PCI,0.76000000000000001
VP9,distance,2,10,2,1,ALS,0.51323015476784828
VP9,distance,2,10,2,1,AP_ALS-PCI,0.51249999999999996
VP9,distance,2,10,2,1,Default,0.51057513914656771
VP9,distance,2,10,2,1,MDAP_MF-DF-ALS-PCI,0.50541516245487361
VP9,distance,2,10,2,1,MDA_MF-DF-ALS,0.50541516245487361
VP9,distance,2,10,2,1,MDP_MF-DF-PCI,0.4973365617433414
VP9,distance,2,10,2,1,MD_MF-DF,0.4973365617433414
VP9,distance,2,10,2,1,PCI,0.51281085154483796
VP9,distance,2,10,3,1,ALS,0.33000769428058474
VP9,distance,2,10,3,1,AP_ALS-PCI,0.32800783363826114
VP9,distance,2,10,3,1,Default,0.31966046887631366
VP9,distance,2,10,3,1,MDAP_MF-DF-ALS-PCI,0.32082804782596963
VP9,distance,2,10,3,1,MDA_MF-DF-ALS,0.32082804782596963
VP9,distance,2,10,3,1,MDP_MF-DF-PCI,0.31437323857370419
VP9,distance,2,10,3,1,MD_MF-DF,0.31437323857370419
VP9,distance,2,10,3,1,PCI,0.3237340647061811
VP9,distance,2,10,1,2,ALS,0.72307692307692306
VP9,distance,2,10,1,2,AP_ALS-PCI,0.72307692307692306
VP9,distance,2,10,1,2,Default,0.71999999999999997
VP9,distance,2,10,1,2,MDAP_MF-DF-ALS-PCI,0.71875
VP9,distance,2,10,1,2,MDA_MF-DF-ALS,0.71875
VP9,distance,2,10,1,2,MDP_MF-DF-PCI,0.71212121212121215
VP9,distance,2,10,1,2,MD_MF-DF,0.71212121212121215
VP9,distance,2,10,1,2,PCI,0.71999999999999997
VP9,distance,2,10,2,2,ALS,0.48227658512231653
VP9,distance,2,10,2,2,AP_ALS-PCI,0.48149999999999998
VP9,distance,2,10,2,2,Default,0.4686456400742115
VP9,distance,2,10,2,2,MDAP_MF-DF-ALS-PCI,0.47447137699845282
VP9,distance,2,10,2,2,MDA_MF-DF-ALS,0.47447137699845282
VP9,distance,2,10,2,2,MDP_MF-DF-PCI,0.46731234866828086
VP9,distance,2,10,2,2,MD_MF-DF,0.46731234866828086
VP9,distance,2,10,2,2,PCI,0.47061039939713639
VP9,distance,2,10,3,2,ALS,0.30605283406001538
VP9,distance,2,10,3,2,AP_ALS-PCI,0.30409462210425953
VP9,distance,2,10,3,2,Default,0.28628940986257073
VP9,distance,2,10,3,2,MDAP_MF-DF-ALS-PCI,0.29723894091927344
VP9,distance,2,10,3,2,MDA_MF-DF-ALS,0.29723894091927344
VP9,distance,2,10,3,2,MDP_MF-DF-PCI,0.29153290037985541
VP9,distance,2,10,3,2,MD_MF-DF,0.29153290037985541
VP9,distance,2,10,3,2,PCI,0.29002657998544024
VP9,distance,2,10,1,3,ALS,0.70769230769230773
VP9,distance,2,10,1,3,AP_ALS-PCI,0.70769230769230773
VP9,distance,2,10,1,3,Default,0.70666666666666667
VP9,distance,2,10,1,3,MDAP_MF-DF-ALS-PCI,0.703125
VP9,distance,2,10,1,3,MDA_MF-DF-ALS,0.703125
VP9,distance,2,10,1,3,MDP_MF-DF-PCI,0.69696969696969702
VP9,distance,2,10,1,3,MD_MF-DF,0.69696969696969702
VP9,distance,2,10,1,3,PCI,0.70666666666666667
VP9,distance,2,10,2,3,ALS,0.46630054917623565
VP9,distance,2,10,2,3,AP_ALS-PCI,0.46550000000000002
VP9,distance,2,10,2,3,Default,0.45528756957328387
VP9,distance,2,10,2,3,MDAP_MF-DF-ALS-PCI,0.4584837545126354
VP9,distance,2,10,2,3,MDA_MF-DF-ALS,0.4584837545126354
VP9,distance,2,10,2,3,MDP_MF-DF-PCI,0.45181598062953993
VP9,distance,2,10,2,3,MD_MF-DF,0.45181598062953993
VP9,distance,2,10,2,3,PCI,0.45704596834966088
VP9,distance,2,10,3,3,ALS,0.29320338548345731
VP9,distance,2,10,3,3,AP_ALS-PCI,0.29126188574226297
VP9,distance,2,10,3,3,Default,0.27681487469684724
VP9,distance,2,10,3,3,MDAP_MF-DF-ALS-PCI,0.28455372324633615
VP9,distance,2,10,3,3,MDA_MF-DF-ALS,0.28455372324633615
VP9,distance,2,10,3,3,MDP_MF-DF-PCI,0.27935302046317856
VP9,distance,2,10,3,3,MD_MF-DF,0.27935302046317856
VP9,distance,2,10,3,3,PCI,0.28013950259874382
VP9,distance,2,10,1,4,ALS,0.75384615384615383
VP9,distance,2,10,1,4,AP_ALS-PCI,0.75384615384615383
VP9,distance,2,10,1,4,Default,0.76000000000000001
VP9,distance,2,10,1,4,MDAP_MF-DF-ALS-PCI,0.75
VP9,distance,2,10,1,4,MDA_MF-DF-ALS,0.75
VP9,distance,2,10,1,4,MDP_MF-DF-PCI,0.74242424242424243
VP9,distance,2,10,1,4,MD_MF-DF,0.74242424242424243
VP9,distance,2,10,1,4,PCI,0.76000000000000001
VP9,distance,2,10,2,4,ALS,0.5117324013979031
VP9,distance,2,10,2,4,AP_ALS-PCI,0.51100000000000001
VP9,distance,2,10,2,4,Default,0.5035250463821892
VP9,distance,2,10,2,4,MDAP_MF-DF-ALS-PCI,0.50386797318205256
VP9,distance,2,10,2,4,MDA_MF-DF-ALS,0.50386797318205256
VP9,distance,2,10,2,4,MDP_MF-DF-PCI,0.49588377723970944
VP9,distance,2,10,2,4,MD_MF-DF,0.49588377723970944
VP9,distance,2,10,2,4,PCI,0.50565184626978144
VP9,distance,2,10,3,4,ALS,0.32690433444472944
VP9,distance,2,10,3,4,AP_ALS-PCI,0.32488983946195277
VP9,distance,2,10,3,4,Default,0.30892481810832662
VP9,distance,2,10,3,4,MDAP_MF-DF-ALS-PCI,0.31764324849531728
VP9,distance,2,10,3,4,MDA_MF-DF-ALS,0.31764324849531728
VP9,distance,2,10,3,4,MDP_MF-DF-PCI,0.31138340889596861
VP9,distance,2,10,3,4,MD_MF-DF,0.31138340889596861
VP9,distance,2,10,3,4,PCI,0.31308514060304399
VP9,solver,2,10,1,1,ALS,0.59999999999999998
VP9,solver,2,10,1,1,AP_ALS-PCI,0.59999999999999998
VP9,solver,2,10,1,1,Default,0.64000000000000001
VP9,solver,2,10,1,1,MDAP_MF-DF-ALS-PCI,0.59375
VP9,solver,2,10,1,1,MDA_MF-DF-ALS,0.59375
VP9,solver,2,10,1,1,MDP_MF-DF-PCI,0.59090909090909094
VP9,solver,2,10,1,1,MD_MF-DF,0.59090909090909094
VP9,solver,2,10,1,1,PCI,0.64000000000000001
VP9,solver,2,10,2,1,ALS,0.35596605092361455
VP9,solver,2,10,2,1,AP_ALS-PCI,0.35499999999999998
VP9,solver,2,10,2,1,Default,0.40259740259740262
VP9,solver,2,10,2,1,MDAP_MF-DF-ALS-PCI,0.34811758638473439
VP9,solver,2,10,2,1,MDA_MF-DF-ALS,0.34811758638473439
VP9,solver,2,10,2,1,MDP_MF-DF-PCI,0.34479418886198548
VP9,solver,2,10,2,1,MD_MF-DF,0.34479418886198548
VP9,solver,2,10,2,1,PCI,0.40241145440844012
VP9,solver,2,10,3,1,ALS,0.21031033598358553
VP9,solver,2,10,3,1,AP_ALS-PCI,0.20851908160898808
VP9,solver,2,10,3,1,Default,0.25109135004042038
VP9,solver,2,10,3,1,MDAP_MF-DF-ALS-PCI,0.20309843189117702
VP9,solver,2,10,3,1,MDA_MF-DF-ALS,0.20309843189117702
VP9,solver,2,10,3,1,MDP_MF-DF-PCI,0.20017154760446024
VP9,solver,2,10,3,1,MD_MF-DF,0.20017154760446024
VP9,solver,2,10,3,1,PCI,0.25137555657135119
VP9,solver,2,10,1,2,ALS,0.59999999999999998
VP9,solver,2,10,1,2,AP_ALS-PCI,0.59999999999999998
VP9,solver,2,10,1,2,Default,0.64000000000000001
VP9,solver,2,10,1,2,MDAP_MF-DF-ALS-PCI,0.59375
VP9,solver,2,10,1,2,MDA_MF-DF-ALS,0.59375
VP9,solver,2,10,1,2,MDP_MF-DF-PCI,0.59090909090909094
VP9,solver,2,10,1,2,MD_MF-DF,0.59090909090909094
VP9,solver,2,10,1,2,PCI,0.64000000000000001
VP9,solver,2,10,2,2,ALS,0.35596605092361455
VP9,solver,2,10,2,2,AP_ALS-PCI,0.35499999999999998
VP9,solver,2,10,2,2,Default,0.40259740259740262
VP9,solver,2,10,2,2,MDAP_MF-DF-ALS-PCI,0.34811758638473439
VP9,solver,2,10,2,2,MDA_MF-DF-ALS,0.34811758638473439
VP9,solver,2,10,2,2,MDP_MF-DF-PCI,0.34479418886198548
VP9,solver,2,10,2,2,MD_MF-DF,0.34479418886198548
VP9,solver,2,10,2,2,PCI,0.40241145440844012
VP9,solver,2,10,3,2,ALS,0.21031033598358553
VP9,solver,2,10,3,2,AP_ALS-PCI,0.20851908160898808
VP9,solver,2,10,3,2,Default,0.25109135004042038
VP9,solver,2,10,3,2,MDAP_MF-DF-ALS-PCI,0.20309843189117702
VP9,solver,2,10,3,2,MDA_MF-DF-ALS,0.20309843189117702
VP9,solver,2,10,3,2,MDP_MF-DF-PCI,0.20017154760446024
VP9,solver,2,10,3,2,MD_MF-DF,0.20017154760446024
VP9,solver,2,10,3,2,PCI,0.25137555657135119
VP9,solver,2,10,1,3,ALS,0.59999999999999998
VP9,solver,2,10,1,3,AP_ALS-PCI,0.59999999999999998
VP9,solver,2,10,1,3,Default,0.64000000000000001
VP9,solver,2,10,1,3,MDAP_MF-DF-ALS-PCI,0.59375
VP9,solver,2,10,1,3,MDA_MF-DF-ALS,0.59375
VP9,solver,2,10,1,3,MDP_MF-DF-PCI,0.59090909090909094
VP9,solver,2,10,1,3,MD_MF-DF,0.59090909090909094
VP9,solver,2,10,1,3,PCI,0.64000000000000001
VP9,solver,2,10,2,3,ALS,0.35596605092361455
VP9,solver,2,10,2,3,AP_ALS-PCI,0.35499999999999998
VP9,solver,2,10,2,3,Default,0.40259740259740262
VP9,solver,2,10,2,3,MDAP_MF-DF-ALS-PCI,0.34811758638473439
VP9,solver,2,10,2,3,MDA_MF-DF-ALS,0.34811758638473439
VP9,solver,2,10,2,3,MDP_MF-DF-PCI,0.34479418886198548
VP9,solver,2,10,2,3,MD_MF-DF,0.34479418886198548
VP9,solver,2,10,2,3,PCI,0.40241145440844012
VP9,solver,2,10,3,3,ALS,0.21031033598358553
VP9,solver,2,10,3,3,AP_ALS-PCI,0.20851908160898808
VP9,solver,2,10,3,3,Default,0.25109135004042038
VP9,solver,2,10,3,3,MDAP_MF-DF-ALS-PCI,0.20309843189117702
VP9,solver,2,10,3,3,MDA_MF-DF-ALS,0.20309843189117702
VP9,solver,2,10,3,3,MDP_MF-DF-PCI,0.20017154760446024
VP9,solver,2,10,3,3,MD_MF-DF,0.20017154760446024
VP9,solver,2,10,3,3,PCI,0.25137555657135119
VP9,solver,2,10,1,4,ALS,0.59999999999999998
VP9,solver,2,10,1,4,AP_ALS-PCI,0.59999999999999998
VP9,solver,2,10,1,4,Default,0.64000000000000001
VP9,solver,2,10,1,4,MDAP_MF-DF-ALS-PCI,0.59375
VP9,solver,2,10,1,4,MDA_MF-DF-ALS,0.59375
VP9,solver,2,10,1,4,MDP_MF-DF-PCI,0.59090909090909094
VP9,solver,2,10,1,4,MD_MF-DF,0.59090909090909094
VP9,solver,2,10,1,4,PCI,0.64000000000000001
VP9,solver,2,10,2,4,ALS,0.35596605092361455
VP9,solver,2,10,2,4,AP_ALS-PCI,0.35499999999999998
VP9,solver,2,10,2,4,Default,0.40259740259740262
VP9,solver,2,10,2,4,MDAP_MF-DF-ALS-PCI,0.34811758638473439
VP9,solver,2,10,2,4,MDA_MF-DF-ALS,0.34811758638473439
VP9,solver,2,10,2,4,MDP_MF-DF-PCI,0.34479418886198548
VP9,solver,2,10,2,4,MD_MF-DF,0.34479418886198548
VP9,solver,2,10,2,4,PCI,0.40241145440844012
VP9,solver,2,10,3,4,ALS,0.21031033598358553
VP9,solver,2,10,3,4,AP_ALS-PCI,0.20851908160898808
VP9,solver,2,10,3,4,Default,0.25109135004042038
VP9,solver,2,10,3,4,MDAP_MF-DF-ALS-PCI,0.20309843189117702
VP9,solver,2,10,3,4,MDA_MF-DF-ALS,0.20309843189117702
VP9,solver,2,10,3,4,MDP_MF-DF-PCI,0.20017154760446024
VP9,solver,2,10,3,4,MD_MF-DF,0.20017154760446024
VP9,solver,2,10,3,4,PCI,0.25137555657135119
x264,random,2,10,1,1,ALS,0.96296296296296291
x264,random,2,10,1,1,AP_ALS-PCI,0.96296296296296291
x264,random,2,10,1,1,Default,0.96666666666666667
x264,random,2,10,1,1,MDAP_MF-DF-ALS-PCI,0.96153846153846156
x264,random,2,10,1,1,MDA_MF-DF-ALS,0.96153846153846156
x264,random,2,10,1,1,MDP_MF-DF-PCI,0.96153846153846156
x264,random,2,10,1,1,MD_MF-DF,0.96153846153846156
x264,random,2,10,1,1,PCI,0.96666666666666667
x264,random,2,10,2,1,ALS,0.88253012048192769
x264,random,2,10,2,1,AP_ALS-PCI,0.88
x264,random,2,10,2,1,Default,0.89903846153846156
x264,random,2,10,2,1,MDAP_MF-DF-ALS-PCI,0.87581699346405228
x264,random,2,10,2,1,MDA_MF-DF-ALS,0.87581699346405228
x264,random,2,10,2,1,MDP_MF-DF-PCI,0.87581699346405228
x264,random,2,10,2,1,MD_MF-DF,0.87581699346405228
x264,random,2,10,2,1,PCI,0.89749999999999996
x264,random,2,10,3,1,ALS,0.71387987012987009
x264,random,2,10,3,1,AP_ALS-PCI,0.70220112214069919
x264,random,2,10,3,1,Default,0.76708074534161486
x264,random,2,10,3,1,MDAP_MF-DF-ALS-PCI,0.690917516218721
x264,random,2,10,3,1,MDA_MF-DF-ALS,0.690917516218721
x264,random,2,10,3,1,MDP_MF-DF-PCI,0.690917516218721
x264,random,2,10,3,1,MD_MF-DF,0.690917516218721
x264,random,2,10,3,1,PCI,0.75709779179810721
x264,random,2,10,1,2,ALS,1
x264,random,2,10,1,2,AP_ALS-PCI,1
x264,random,2,10,1,2,Default,1
x264,random,2,10,1,2,MDAP_MF-DF-ALS-PCI,1
x264,random,2,10,1,2,MDA_MF-DF-ALS,1
x264,random,2,10,1,2,MDP_MF-DF-PCI,1
x264,random,2,10,1,2,MD_MF-DF,1
x264,random,2,10,1,2,PCI,1
x264,random,2,10,2,2,ALS,0.92469879518072284
x264,random,2,10,2,2,AP_ALS-PCI,0.92307692307692313
x264,random,2,10,2,2,Default,0.93990384615384615
x264,random,2,10,2,2,MDAP_MF-DF-ALS-PCI,0.9183006535947712
x264,random,2,10,2,2,MDA_MF-DF-ALS,0.9183006535947712
x264,random,2,10,2,2,MDP_MF-DF-PCI,0.9183006535947712
x264,random,2,10,2,2,MD_MF-DF,0.9183006535947712
x264,random,2,10,2,2,PCI,0.9375
x264,random,2,10,3,2,ALS,0.74431818181818177
x264,random,2,10,3,2,AP_ALS-PCI,0.73284419507984466
x264,random,2,10,3,2,Default,0.80095990965556185
x264,random,2,10,3,2,MDAP_MF-DF-ALS-PCI,0.71964782205746058
x264,random,2,10,3,2,MDA_MF-DF-ALS,0.71964782205746058
x264,random,2,10,3,2,MDP_MF-DF-PCI,0.71964782205746058
x264,random,2,10,3,2,MD_MF-DF,0.71964782205746058
x264,random,2,10,3,2,PCI,0.78738170347003156
x264,random,2,10,1,3,ALS,1
x264,random,2,10,1,3,AP_ALS-PCI,1
x264,random,2,10,1,3,Default,1
x264,random,2,10,1,3,MDAP_MF-DF-ALS-PCI,1
x264,random,2,10,1,3,MDA_MF-DF-ALS,1
x264,random,2,10,1,3,MDP_MF-DF-PCI,1
x264,random,2,10,1,3,MD_MF-DF,1
x264,random,2,10,1,3,PCI,1
x264,random,2,10,2,3,ALS,0.94277108433734935
x264,random,2,10,2,3,AP_ALS-PCI,0.94153846153846155
x264,random,2,10,2,3,Default,0.95432692307692313
x264,random,2,10,2,3,MDAP_MF-DF-ALS-PCI,0.93790849673202614
x264,random,2,10,2,3,MDA_MF-DF-ALS,0.93790849673202614
x264,random,2,10,2,3,MDP_MF-DF-PCI,0.93790849673202614
x264,random,2,10,2,3,MD_MF-DF,0.93790849673202614
x264,random,2,10,2,3,PCI,0.95250000000000001
x264,random,2,10,3,3,ALS,0.76907467532467533
x264,random,2,10,3,3,AP_ALS-PCI,0.76176089771255939
x264,random,2,10,3,3,Default,0.82326369282891021
x264,random,2,10,3,3,MDAP_MF-DF-ALS-PCI,0.74513438368860052
x264,random,2,10,3,3,MDA_MF-DF-ALS,0.74513438368860052
x264,random,2,10,3,3,MDP_MF-DF-PCI,0.74513438368860052
x264,random,2,10,3,3,MD_MF-DF,0.74513438368860052
x264,random,2,10,3,3,PCI,0.81198738170347007
x264,random,2,10,1,4,ALS,1
x264,random,2,10,1,4,AP_ALS-PCI,1
x264,random,2,10,1,4,Default,1
x264,random,2,10,1,4,MDAP_MF-DF-ALS-PCI,1
x264,random,2,10,1,4,MDA_MF-DF-ALS,1
x264,random,2,10,1,4,MDP_MF-DF-PCI,1
x264,random,2,10,1,4,MD_MF-DF,1
x264,random,2,10,1,4,PCI,1
x264,random,2,10,2,4,ALS,0.91265060240963858
x264,random,2,10,2,4,AP_ALS-PCI,0.91076923076923078
x264,random,2,10,2,4,Default,0.93028846153846156
x264,random,2,10,2,4,MDAP_MF-DF-ALS-PCI,0.90522875816993464
x264,random,2,10,2,4,MDA_MF-DF-ALS,0.90522875816993464
x264,random,2,10,2,4,MDP_MF-DF-PCI,0.90522875816993464
x264,random,2,10,2,4,MD_MF-DF,0.90522875816993464
x264,random,2,10,2,4,PCI,0.92749999999999999
x264,random,2,10,3,4,ALS,0.73863636363636365
x264,random,2,10,3,4,AP_ALS-PCI,0.7285282693137678
x264,random,2,10,3,4,Default,0.79361942405420671
x264,random,2,10,3,4,MDAP_MF-DF-ALS-PCI,0.71501390176088975
x264,random,2,10,3,4,MDA_MF-DF-ALS,0.71501390176088975
x264,random,2,10,3,4,MDP_MF-DF-PCI,0.71501390176088975
x264,random,2,10,3,4,MD_MF-DF,0.71501390176088975
x264,random,2,10,3,4,PCI,0.78107255520504737
x264,distance,2,10,1,1,ALS,0.77777777777777779
x264,distance,2,10,1,1,AP_ALS-PCI,0.77777777777777779
x264,distance,2,10,1,1,Default,0.76666666666666672
x264,distance,2,10,1,1,MDAP_MF-DF-ALS-PCI,0.76923076923076927
x264,distance,2,10,1,1,MDA_MF-DF-ALS,0.76923076923076927
x264,distance,2,10,1,1,MDP_MF-DF-PCI,0.76923076923076927
x264,distance,2,10,1,1,MD_MF-DF,0.76923076923076927
x264,distance,2,10,1,1,PCI,0.76666666666666672
x264,distance,2,10,2,1,ALS,0.50602409638554213
x264,distance,2,10,2,1,AP_ALS-PCI,0.49538461538461537
x264,distance,2,10,2,1,Default,0.5
x264,distance,2,10,2,1,MDAP_MF-DF-ALS-PCI,0.5
x264,distance,2,10,2,1,MDA_MF-DF-ALS,0.5
x264,distance,2,10,2,1,MDP_MF-DF-PCI,0.5
x264,distance,2,10,2,1,MD_MF-DF,0.5
x264,distance,2,10,2,1,PCI,0.4975
x264,distance,2,10,3,1,ALS,0.29788961038961037
x264,distance,2,10,3,1,AP_ALS-PCI,0.28485110056107033
x264,distance,2,10,3,1,Default,0.29305477131564089
x264,distance,2,10,3,1,MDAP_MF-DF-ALS-PCI,0.29471733086190915
x264,distance,2,10,3,1,MDA_MF-DF-ALS,0.29471733086190915
x264,distance,2,10,3,1,MDP_MF-DF-PCI,0.29471733086190915
x264,distance,2,10,3,1,MD_MF-DF,0.29471733086190915
x264,distance,2,10,3,1,PCI,0.29526813880126185
x264,distance,2,10,1,2,ALS,0.7407407407407407
x264,distance,2,10,1,2,AP_ALS-PCI,0.7407407407407407
x264,distance,2,10,1,2,Default,0.73333333333333328
x264,distance,2,10,1,2,MDAP_MF-DF-ALS-PCI,0.73076923076923073
x264,distance,2,10,1,2,MDA_MF-DF-ALS,0.73076923076923073
x264,distance,2,10,1,2,MDP_MF-DF-PCI,0.73076923076923073
x264,distance,2,10,1,2,MD_MF-DF,0.73076923076923073
x264,distance,2,10,1,2,PCI,0.73333333333333328
x264,distance,2,10,2,2,ALS,0.48795180722891568
x264,distance,2,10,2,2,AP_ALS-PCI,0.47692307692307695
x264,distance,2,10,2,2,Default,0.48317307692307693
x264,distance,2,10,2,2,MDAP_MF-DF-ALS-PCI,0.4673202614379085
x264,distance,2,10,2,2,MDA_MF-DF-ALS,0.4673202614379085
x264,distance,2,10,2,2,MDP_MF-DF-PCI,0.4673202614379085
x264,distance,2,10,2,2,MD_MF-DF,0.4673202614379085
x264,distance,2,10,2,2,PCI,0.47999999999999998
x264,distance,2,10,3,2,ALS,0.29626623376623379
x264,distance,2,10,3,2,AP_ALS-PCI,0.28053517479499351
x264,distance,2,10,3,2,Default,0.29333709768492378
x264,distance,2,10,3,2,MDAP_MF-DF-ALS-PCI,0.27618164967562558
x264,distance,2,10,3,2,MDA_MF-DF-ALS,0.27618164967562558
x264,distance,2,10,3,2,MDP_MF-DF-PCI,0.27618164967562558
x264,distance,2,10,3,2,MD_MF-DF,0.27618164967562558
x264,distance,2,10,3,2,PCI,0.29242902208201893
x264,distance,2,10,1,3,ALS,0.7407407407407407
x264,distance,2,10,1,3,AP_ALS-PCI,0.7407407407407407
x264,distance,2,10,1,3,Default,0.73333333333333328
x264,distance,2,10,1,3,MDAP_MF-DF-ALS-PCI,0.73076923076923073
x264,distance,2,10,1,3,MDA_MF-DF-ALS,0.73076923076923073
x264,distance,2,10,1,3,MDP_MF-DF-PCI,0.73076923076923073
x264,distance,2,10,1,3,MD_MF-DF,0.73076923076923073
x264,distance,2,10,1,3,PCI,0.73333333333333328
x264,distance,2,10,2,3,ALS,0.49397590361445781
x264,distance,2,10,2,3,AP_ALS-PCI,0.48307692307692307
x264,distance,2,10,2,3,Default,0.48798076923076922
x264,distance,2,10,2,3,MDAP_MF-DF-ALS-PCI,0.47385620915032678
x264,distance,2,10,2,3,MDA_MF-DF-ALS,0.47385620915032678
x264,distance,2,10,2,3,MDP_MF-DF-PCI,0.47385620915032678
x264,distance,2,10,2,3,MD_MF-DF,0.47385620915032678
x264,distance,2,10,2,3,PCI,0.48499999999999999
x264,distance,2,10,3,3,ALS,0.29991883116883117
x264,distance,2,10,3,3,AP_ALS-PCI,0.28312473025463963
x264,distance,2,10,3,3,Default,0.295313382269904
x264,distance,2,10,3,3,MDAP_MF-DF-ALS-PCI,0.28174235403151066
x264,distance,2,10,3,3,MDA_MF-DF-ALS,0.28174235403151066
x264,distance,2,10,3,3,MDP_MF-DF-PCI,0.28174235403151066
x264,distance,2,10,3,3,MD_MF-DF,0.28174235403151066
x264,distance,2,10,3,3,PCI,0.29337539432176657
x264,distance,2,10,1,4,ALS,0.7407407407407407
x264,distance,2,10,1,4,AP_ALS-PCI,0.7407407407407407
x264,distance,2,10,1,4,Default,0.73333333333333328
x264,distance,2,10,1,4,MDAP_MF-DF-ALS-PCI,0.73076923076923073
x264,distance,2,10,1,4,MDA_MF-DF-ALS,0.73076923076923073
x264,distance,2,10,1,4,MDP_MF-DF-PCI,0.73076923076923073
x264,distance,2,10,1,4,MD_MF-DF,0.73076923076923073
x264,distance,2,10,1,4,PCI,0.73333333333333328
x264,distance,2,10,2,4,ALS,0.48493975903614456
x264,distance,2,10,2,4,AP_ALS-PCI,0.47384615384615386
x264,distance,2,10,2,4,Default,0.47355769230769229
x264,distance,2,10,2,4,MDAP_MF-DF-ALS-PCI,0.48039215686274511
x264,distance,2,10,2,4,MDA_MF-DF-ALS,0.48039215686274511
x264,distance,2,10,2,4,MDP_MF-DF-PCI,0.48039215686274511
x264,distance,2,10,2,4,MD_MF-DF,0.48039215686274511
x264,distance,2,10,2,4,PCI,0.47249999999999998
x264,distance,2,10,3,4,ALS,0.29099025974025972
x264,distance,2,10,3,4,AP_ALS-PCI,0.28010358221838583
x264,distance,2,10,3,4,Default,0.27978543195934502
x264,distance,2,10,3,4,MDAP_MF-DF-ALS-PCI,0.29193697868396662
x264,distance,2,10,3,4,MDA_MF-DF-ALS,0.29193697868396662
x264,distance,2,10,3,4,MDP_MF-DF-PCI,0.29193697868396662
x264,distance,2,10,3,4,MD_MF-DF,0.29193697868396662
x264,distance,2,10,3,4,PCI,0.28675078864353315
x264,solver,2,10,1,1,ALS,0.70370370370370372
x264,solver,2,10,1,1,AP_ALS-PCI,0.70370370370370372
x264,solver,2,10,1,1,Default,0.73333333333333328
x264,solver,2,10,1,1,MDAP_MF-DF-ALS-PCI,0.69230769230769229
x264,solver,2,10,1,1,MDA_MF-DF-ALS,0.69230769230769229
x264,solver,2,10,1,1,MDP_MF-DF-PCI,0.69230769230769229
x264,solver,2,10,1,1,MD_MF-DF,0.69230769230769229
x264,solver,2,10,1,1,PCI,0.73333333333333328
x264,solver,2,10,2,1,ALS,0.43674698795180722
x264,solver,2,10,2,1,AP_ALS-PCI,0.42461538461538462
x264,solver,2,10,2,1,Default,0.48798076923076922
x264,solver,2,10,2,1,MDAP_MF-DF-ALS-PCI,0.43137254901960786
x264,solver,2,10,2,1,MDA_MF-DF-ALS,0.43137254901960786
x264,solver,2,10,2,1,MDP_MF-DF-PCI,0.43137254901960786
x264,solver,2,10,2,1,MD_MF-DF,0.43137254901960786
x264,solver,2,10,2,1,PCI,0.48249999999999998
x264,solver,2,10,3,1,ALS,0.25365259740259738
x264,solver,2,10,3,1,AP_ALS-PCI,0.24298662063012516
x264,solver,2,10,3,1,Default,0.30773574251835123
x264,solver,2,10,3,1,MDAP_MF-DF-ALS-PCI,0.25440222428174236
x264,solver,2,10,3,1,MDA_MF-DF-ALS,0.25440222428174236
x264,solver,2,10,3,1,MDP_MF-DF-PCI,0.25440222428174236
x264,solver,2,10,3,1,MD_MF-DF,0.25440222428174236
x264,solver,2,10,3,1,PCI,0.31009463722397479
x264,solver,2,10,1,2,ALS,0.70370370370370372
x264,solver,2,10,1,2,AP_ALS-PCI,0.70370370370370372
x264,solver,2,10,1,2,Default,0.73333333333333328
x264,solver,2,10,1,2,MDAP_MF-DF-ALS-PCI,0.69230769230769229
x264,solver,2,10,1,2,MDA_MF-DF-ALS,0.69230769230769229
x264,solver,2,10,1,2,MDP_MF-DF-PCI,0.69230769230769229
x264,solver,2,10,1,2,MD_MF-DF,0.69230769230769229
x264,solver,2,10,1,2,PCI,0.73333333333333328
x264,solver,2,10,2,2,ALS,0.43674698795180722
x264,solver,2,10,2,2,AP_ALS-PCI,0.42461538461538462
x264,solver,2,10,2,2,Default,0.48798076923076922
x264,solver,2,10,2,2,MDAP_MF-DF-ALS-PCI,0.43137254901960786
x264,solver,2,10,2,2,MDA_MF-DF-ALS,0.43137254901960786
x264,solver,2,10,2,2,MDP_MF-DF-PCI,0.43137254901960786
x264,solver,2,10,2,2,MD_MF-DF,0.43137254901960786
x264,solver,2,10,2,2,PCI,0.48249999999999998
x264,solver,2,10,3,2,ALS,0.25365259740259738
x264,solver,2,10,3,2,AP_ALS-PCI,0.24298662063012516
x264,solver,2,10,3,2,Default,0.30773574251835123
x264,solver,2,10,3,2,MDAP_MF-DF-ALS-PCI,0.25440222428174236
x264,solver,2,10,3,2,MDA_MF-DF-ALS,0.25440222428174236
x264,solver,2,10,3,2,MDP_MF-DF-PCI,0.25440222428174236
x264,solver,2,10,3,2,MD_MF-DF,0.25440222428174236
x264,solver,2,10,3,2,PCI,0.31009463722397479
x264,solver,2,10,1,3,ALS,0.70370370370370372
x264,solver,2,10,1,3,AP_ALS-PCI,0.70370370370370372
x264,solver,2,10,1,3,Default,0.73333333333333328
x264,solver,2,10,1,3,MDAP_MF-DF-ALS-PCI,0.69230769230769229
x264,solver,2,10,1,3,MDA_MF-DF-ALS,0.69230769230769229
x264,solver,2,10,1,3,MDP_MF-DF-PCI,0.69230769230769229
x264,solver,2,10,1,3,MD_MF-DF,0.69230769230769229
x264,solver,2,10,1,3,PCI,0.73333333333333328
x264,solver,2,10,2,3,ALS,0.43674698795180722
x264,solver,2,10,2,3,AP_ALS-PCI,0.42461538461538462
x264,solver,2,10,2,3,Default,0.48798076923076922
x264,solver,2,10,2,3,MDAP_MF-DF-ALS-PCI,0.43137254901960786
x264,solver,2,10,2,3,MDA_MF-DF-ALS,0.43137254901960786
x264,solver,2,10,2,3,MDP_MF-DF-PCI,0.43137254901960786
x264,solver,2,10,2,3,MD_MF-DF,0.43137254901960786
x264,solver,2,10,2,3,PCI,0.48249999999999998
x264,solver,2,10,3,3,ALS,0.25365259740259738
x264,solver,2,10,3,3,AP_ALS-PCI,0.24298662063012516
x264,solver,2,10,3,3,Default,0.30773574251835123
x264,solver,2,10,3,3,MDAP_MF-DF-ALS-PCI,0.25440222428174236
x264,solver,2,10,3,3,MDA_MF-DF-ALS,0.25440222428174236
x264,solver,2,10,3,3,MDP_MF-DF-PCI,0.25440222428174236
x264,solver,2,10,3,3,MD_MF-DF,0.25440222428174236
x264,solver,2,10,3,3,PCI,0.31009463722397479
x264,solver,2,10,1,4,ALS,0.70370370370370372
x264,solver,2,10,1,4,AP_ALS-PCI,0.70370370370370372
x264,solver,2,10,1,4,Default,0.73333333333333328
x264,solver,2,10,1,4,MDAP_MF-DF-ALS-PCI,0.69230769230769229
x264,solver,2,10,1,4,MDA_MF-DF-ALS,0.69230769230769229
x264,solver,2,10,1,4,MDP_MF-DF-PCI,0.69230769230769229
x264,solver,2,10,1,4,MD_MF-DF,0.69230769230769229
x264,solver,2,10,1,4,PCI,0.73333333333333328
x264,solver,2,10,2,4,ALS,0.43674698795180722
x264,solver,2,10,2,4,AP_ALS-PCI,0.42461538461538462
x264,solver,2,10,2,4,Default,0.48798076923076922
x264,solver,2,10,2,4,MDAP_MF-DF-ALS-PCI,0.43137254901960786
x264,solver,2,10,2,4,MDA_MF-DF-ALS,0.43137254901960786
x264,solver,2,10,2,4,MDP_MF-DF-PCI,0.43137254901960786
x264,solver,2,10,2,4,MD_MF-DF,0.43137254901960786
x264,solver,2,10,2,4,PCI,0.48249999999999998
x264,solver,2,10,3,4,ALS,0.25365259740259738
x264,solver,2,10,3,4,AP_ALS-PCI,0.24298662063012516
x264,solver,2,10,3,4,Default,0.30773574251835123
x264,solver,2,10,3,4,MDAP_MF-DF-ALS-PCI,0.25440222428174236
x264,solver,2,10,3,4,MDA_MF-DF-ALS,0.25440222428174236
x264,solver,2,10,3,4,MDP_MF-DF-PCI,0.25440222428174236
x264,solver,2,10,3,4,MD_MF-DF,0.25440222428174236
x264,solver,2,10,3,4,PCI,0.31009463722397479
AJStats,random,2,10,1,1,ALS,1
AJStats,random,2,10,1,1,AP_ALS-PCI,1
AJStats,random,2,10,1,1,Default,1
AJStats,random,2,10,1,1,MDAP_MF-DF-ALS-PCI,1
AJStats,random,2,10,1,1,MDA_MF-DF-ALS,1
AJStats,random,2,10,1,1,MDP_MF-DF-PCI,1
AJStats,random,2,10,1,1,MD_MF-DF,1
AJStats,random,2,10,1,1,PCI,1
AJStats,random,2,10,2,1,ALS,0.94140625
AJStats,random,2,10,2,1,AP_ALS-PCI,0.93951612903225812
AJStats,random,2,10,2,1,Default,0.9538461538461539
AJStats,random,2,10,2,1,MDAP_MF-DF-ALS-PCI,0.9375
AJStats,random,2,10,2,1,MDA_MF-DF-ALS,0.9375
AJStats,random,2,10,2,1,MDP_MF-DF-PCI,0.9375
AJStats,random,2,10,2,1,MD_MF-DF,0.9375
AJStats,random,2,10,2,1,PCI,0.95238095238095233
AJStats,random,2,10,3,1,ALS,0.74778225806451615
AJStats,random,2,10,3,1,AP_ALS-PCI,0.73195652173913039
AJStats,random,2,10,3,1,Default,0.80984743411927873
AJStats,random,2,10,3,1,MDAP_MF-DF-ALS-PCI,0.72745535714285714
AJStats,random,2,10,3,1,MDA_MF-DF-ALS,0.72745535714285714
AJStats,random,2,10,3,1,MDP_MF-DF-PCI,0.72745535714285714
AJStats,random,2,10,3,1,MD_MF-DF,0.72745535714285714
AJStats,random,2,10,3,1,PCI,0.79854079809410361
AJStats,random,2,10,1,2,ALS,1
AJStats,random,2,10,1,2,AP_ALS-PCI,1
AJStats,random,2,10,1,2,Default,1
AJStats,random,2,10,1,2,MDAP_MF-DF-ALS-PCI,1
AJStats,random,2,10,1,2,MDA_MF-DF-ALS,1
AJStats,random,2,10,1,2,MDP_MF-DF-PCI,1
AJStats,random,2,10,1,2,MD_MF-DF,1
AJStats,random,2,10,1,2,PCI,1
AJStats,random,2,10,2,2,ALS,0.943359375
AJStats,random,2,10,2,2,AP_ALS-PCI,0.94153225806451613
AJStats,random,2,10,2,2,Default,0.95538461538461539
AJStats,random,2,10,2,2,MDAP_MF-DF-ALS-PCI,0.93958333333333333
AJStats,random,2,10,2,2,MDA_MF-DF-ALS,0.93958333333333333
AJStats,random,2,10,2,2,MDP_MF-DF-PCI,0.93958333333333333
AJStats,random,2,10,2,2,MD_MF-DF,0.93958333333333333
AJStats,random,2,10,2,2,PCI,0.95396825396825402
AJStats,random,2,10,3,2,ALS,0.748991935483871
AJStats,random,2,10,3,2,AP_ALS-PCI,0.73326086956521741
AJStats,random,2,10,3,2,Default,0.81123439667128983
AJStats,random,2,10,3,2,MDAP_MF-DF-ALS-PCI,0.72857142857142854
AJStats,random,2,10,3,2,MDA_MF-DF-ALS,0.72857142857142854
AJStats,random,2,10,3,2,MDP_MF-DF-PCI,0.72857142857142854
AJStats,random,2,10,3,2,MD_MF-DF,0.72857142857142854
AJStats,random,2,10,3,2,PCI,0.80002977963073263
AJStats,random,2,10,1,3,ALS,1
AJStats,random,2,10,1,3,AP_ALS-PCI,1
AJStats,random,2,10,1,3,Default,1
AJStats,random,2,10,1,3,MDAP_MF-DF-ALS-PCI,1
AJStats,random,2,10,1,3,MDA_MF-DF-ALS,1
AJStats,random,2,10,1,3,MDP_MF-DF-PCI,1
AJStats,random,2,10,1,3,MD_MF-DF,1
AJStats,random,2,10,1,3,PCI,1
AJStats,random,2,10,2,3,ALS,0.966796875
AJStats,random,2,10,2,3,AP_ALS-PCI,0.96572580645161288
AJStats,random,2,10,2,3,Default,0.97384615384615381
AJStats,random,2,10,2,3,MDAP_MF-DF-ALS-PCI,0.96458333333333335
AJStats,random,2,10,2,3,MDA_MF-DF-ALS,0.96458333333333335
AJStats,random,2,10,2,3,MDP_MF-DF-PCI,0.96458333333333335
AJStats,random,2,10,2,3,MD_MF-DF,0.96458333333333335
AJStats,random,2,10,2,3,PCI,0.973015873015873
AJStats,random,2,10,3,3,ALS,0.77943548387096773
AJStats,random,2,10,3,3,AP_ALS-PCI,0.76543478260869569
AJStats,random,2,10,3,3,Default,0.83883495145631071
AJStats,random,2,10,3,3,MDAP_MF-DF-ALS-PCI,0.75959821428571428
AJStats,random,2,10,3,3,MDA_MF-DF-ALS,0.75959821428571428
AJStats,random,2,10,3,3,MDP_MF-DF-PCI,0.75959821428571428
AJStats,random,2,10,3,3,MD_MF-DF,0.75959821428571428
AJStats,random,2,10,3,3,PCI,0.82921381774865988
AJStats,random,2,10,1,4,ALS,1
AJStats,random,2,10,1,4,AP_ALS-PCI,1
AJStats,random,2,10,1,4,Default,1
AJStats,random,2,10,1,4,MDAP_MF-DF-ALS-PCI,1
AJStats,random,2,10,1,4,MDA_MF-DF-ALS,1
AJStats,random,2,10,1,4,MDP_MF-DF-PCI,1
AJStats,random,2,10,1,4,MD_MF-DF,1
AJStats,random,2,10,1,4,PCI,1
AJStats,random,2,10,2,4,ALS,0.921875
AJStats,random,2,10,2,4,AP_ALS-PCI,0.91935483870967738
AJStats,random,2,10,2,4,Default,0.93846153846153846
AJStats,random,2,10,2,4,MDAP_MF-DF-ALS-PCI,0.91666666666666663
AJStats,random,2,10,2,4,MDA_MF-DF-ALS,0.91666666666666663
AJStats,random,2,10,2,4,MDP_MF-DF-PCI,0.91666666666666663
AJStats,random,2,10,2,4,MD_MF-DF,0.91666666666666663
AJStats,random,2,10,2,4,PCI,0.93650793650793651
AJStats,random,2,10,3,4,ALS,0.7314516129032258
AJStats,random,2,10,3,4,AP_ALS-PCI,0.71695652173913038
AJStats,random,2,10,3,4,Default,0.79306518723994457
AJStats,random,2,10,3,4,MDAP_MF-DF-ALS-PCI,0.71160714285714288
AJStats,random,2,10,3,4,MDA_MF-DF-ALS,0.71160714285714288
AJStats,random,2,10,3,4,MDP_MF-DF-PCI,0.71160714285714288
AJStats,random,2,10,3,4,MD_MF-DF,0.71160714285714288
AJStats,random,2,10,3,4,PCI,0.7823108993448481
AJStats,distance,2,10,1,1,ALS,0.90909090909090906
AJStats,distance,2,10,1,1,AP_ALS-PCI,0.90909090909090906
AJStats,distance,2,10,1,1,Default,0.89189189189189189
AJStats,distance,2,10,1,1,MDAP_MF-DF-ALS-PCI,0.90625
AJStats,distance,2,10,1,1,MDA_MF-DF-ALS,0.90625
AJStats,distance,2,10,1,1,MDP_MF-DF-PCI,0.90625
AJStats,distance,2,10,1,1,MD_MF-DF,0.90625
AJStats,distance,2,10,1,1,PCI,0.89189189189189189
AJStats,distance,2,10,2,1,ALS,0.662109375
AJStats,distance,2,10,2,1,AP_ALS-PCI,0.655241935483871
AJStats,distance,2,10,2,1,Default,0.63846153846153841
AJStats,distance,2,10,2,1,MDAP_MF-DF-ALS-PCI,0.67291666666666672
AJStats,distance,2,10,2,1,MDA_MF-DF-ALS,0.67291666666666672
AJStats,distance,2,10,2,1,MDP_MF-DF-PCI,0.67291666666666672
AJStats,distance,2,10,2,1,MD_MF-DF,0.67291666666666672
AJStats,distance,2,10,2,1,PCI,0.63174603174603172
AJStats,distance,2,10,3,1,ALS,0.42499999999999999
AJStats,distance,2,10,3,1,AP_ALS-PCI,0.43239130434782608
AJStats,distance,2,10,3,1,Default,0.40429958391123438
AJStats,distance,2,10,3,1,MDAP_MF-DF-ALS-PCI,0.44374999999999998
AJStats,distance,2,10,3,1,MDA_MF-DF-ALS,0.44374999999999998
AJStats,distance,2,10,3,1,MDP_MF-DF-PCI,0.44374999999999998
AJStats,distance,2,10,3,1,MD_MF-DF,0.44374999999999998
AJStats,distance,2,10,3,1,PCI,0.4087254318046456
AJStats,distance,2,10,1,2,ALS,0.90909090909090906
AJStats,distance,2,10,1,2,AP_ALS-PCI,0.90909090909090906
AJStats,distance,2,10,1,2,Default,0.89189189189189189
AJStats,distance,2,10,1,2,MDAP_MF-DF-ALS-PCI,0.90625
AJStats,distance,2,10,1,2,MDA_MF-DF-ALS,0.90625
AJStats,distance,2,10,1,2,MDP_MF-DF-PCI,0.90625
AJStats,distance,2,10,1,2,MD_MF-DF,0.90625
AJStats,distance,2,10,1,2,PCI,0.89189189189189189
AJStats,distance,2,10,2,2,ALS,0.6328125
AJStats,distance,2,10,2,2,AP_ALS-PCI,0.62298387096774188
AJStats,distance,2,10,2,2,Default,0.61538461538461542
AJStats,distance,2,10,2,2,MDAP_MF-DF-ALS-PCI,0.64166666666666672
AJStats,distance,2,10,2,2,MDA_MF-DF-ALS,0.64166666666666672
AJStats,distance,2,10,2,2,MDP_MF-DF-PCI,0.64166666666666672
AJStats,distance,2,10,2,2,MD_MF-DF,0.64166666666666672
AJStats,distance,2,10,2,2,PCI,0.6063492063492063
AJStats,distance,2,10,3,2,ALS,0.39314516129032256
AJStats,distance,2,10,3,2,AP_ALS-PCI,0.39782608695652172
AJStats,distance,2,10,3,2,Default,0.38030513176144243
AJStats,distance,2,10,3,2,MDAP_MF-DF-ALS-PCI,0.40848214285714285
AJStats,distance,2,10,3,2,MDA_MF-DF-ALS,0.40848214285714285
AJStats,distance,2,10,3,2,MDP_MF-DF-PCI,0.40848214285714285
AJStats,distance,2,10,3,2,MD_MF-DF,0.40848214285714285
AJStats,distance,2,10,3,2,PCI,0.38281715306730196
AJStats,distance,2,10,1,3,ALS,0.90909090909090906
AJStats,distance,2,10,1,3,AP_ALS-PCI,0.90909090909090906
AJStats,distance,2,10,1,3,Default,0.89189189189189189
AJStats,distance,2,10,1,3,MDAP_MF-DF-ALS-PCI,0.90625
AJStats,distance,2,10,1,3,MDA_MF-DF-ALS,0.90625
AJStats,distance,2,10,1,3,MDP_MF-DF-PCI,0.90625
AJStats,distance,2,10,1,3,MD_MF-DF,0.90625
AJStats,distance,2,10,1,3,PCI,0.89189189189189189
AJStats,distance,2,10,2,3,ALS,0.65234375
AJStats,distance,2,10,2,3,AP_ALS-PCI,0.64314516129032262
AJStats,distance,2,10,2,3,Default,0.63692307692307693
AJStats,distance,2,10,2,3,MDAP_MF-DF-ALS-PCI,0.65833333333333333
AJStats,distance,2,10,2,3,MDA_MF-DF-ALS,0.65833333333333333
AJStats,distance,2,10,2,3,MDP_MF-DF-PCI,0.65833333333333333
AJStats,distance,2,10,2,3,MD_MF-DF,0.65833333333333333
AJStats,distance,2,10,2,3,PCI,0.62857142857142856
AJStats,distance,2,10,3,3,ALS,0.41068548387096776
AJStats,distance,2,10,3,3,AP_ALS-PCI,0.41065217391304348
AJStats,distance,2,10,3,3,Default,0.4031900138696255
AJStats,distance,2,10,3,3,MDAP_MF-DF-ALS-PCI,0.42120535714285712
AJStats,distance,2,10,3,3,MDA_MF-DF-ALS,0.42120535714285712
AJStats,distance,2,10,3,3,MDP_MF-DF-PCI,0.42120535714285712
AJStats,distance,2,10,3,3,MD_MF-DF,0.42120535714285712
AJStats,distance,2,10,3,3,PCI,0.40232281119714114
AJStats,distance,2,10,1,4,ALS,0.81818181818181823
AJStats,distance,2,10,1,4,AP_ALS-PCI,0.81818181818181823
AJStats,distance,2,10,1,4,Default,0.81081081081081086
AJStats,distance,2,10,1,4,MDAP_MF-DF-ALS-PCI,0.84375
AJStats,distance,2,10,1,4,MDA_MF-DF-ALS,0.84375
AJStats,distance,2,10,1,4,MDP_MF-DF-PCI,0.84375
AJStats,distance,2,10,1,4,MD_MF-DF,0.84375
AJStats,distance,2,10,1,4,PCI,0.81081081081081086
AJStats,distance,2,10,2,4,ALS,0.5546875
AJStats,distance,2,10,2,4,AP_ALS-PCI,0.57258064516129037
AJStats,distance,2,10,2,4,Default,0.53692307692307695
AJStats,distance,2,10,2,4,MDAP_MF-DF-ALS-PCI,0.59166666666666667
AJStats,distance,2,10,2,4,MDA_MF-DF-ALS,0.59166666666666667
AJStats,distance,2,10,2,4,MDP_MF-DF-PCI,0.59166666666666667
AJStats,distance,2,10,2,4,MD_MF-DF,0.59166666666666667
AJStats,distance,2,10,2,4,PCI,0.553968253968254
AJStats,distance,2,10,3,4,ALS,0.34254032258064515
AJStats,distance,2,10,3,4,AP_ALS-PCI,0.36934782608695654
AJStats,distance,2,10,3,4,Default,0.32163661581137309
AJStats,distance,2,10,3,4,MDAP_MF-DF-ALS-PCI,0.37924107142857144
AJStats,distance,2,10,3,4,MDA_MF-DF-ALS,0.37924107142857144
AJStats,distance,2,10,3,4,MDP_MF-DF-PCI,0.37924107142857144
AJStats,distance,2,10,3,4,MD_MF-DF,0.37924107142857144
AJStats,distance,2,10,3,4,PCI,0.34529481834425252
AJStats,solver,2,10,1,1,ALS,0.69696969696969702
AJStats,solver,2,10,1,1,AP_ALS-PCI,0.69696969696969702
AJStats,solver,2,10,1,1,Default,0.70270270270270274
AJStats,solver,2,10,1,1,MDAP_MF-DF-ALS-PCI,0.71875
AJStats,solver,2,10,1,1,MDA_MF-DF-ALS,0.71875
AJStats,solver,2,10,1,1,MDP_MF-DF-PCI,0.71875
AJStats,solver,2,10,1,1,MD_MF-DF,0.71875
AJStats,solver,2,10,1,1,PCI,0.70270270270270274
AJStats,solver,2,10,2,1,ALS,0.439453125
AJStats,solver,2,10,2,1,AP_ALS-PCI,0.4536290322580645
AJStats,solver,2,10,2,1,Default,0.44307692307692309
AJStats,solver,2,10,2,1,MDAP_MF-DF-ALS-PCI,0.46875
AJStats,solver,2,10,2,1,MDA_MF-DF-ALS,0.46875
AJStats,solver,2,10,2,1,MDP_MF-DF-PCI,0.46875
AJStats,solver,2,10,2,1,MD_MF-DF,0.46875
AJStats,solver,2,10,2,1,PCI,0.45714285714285713
AJStats,solver,2,10,3,1,ALS,0.26108870967741937
AJStats,solver,2,10,3,1,AP_ALS-PCI,0.28152173913043477
AJStats,solver,2,10,3,1,Default,0.26213592233009708
AJStats,solver,2,10,3,1,MDAP_MF-DF-ALS-PCI,0.2890625
AJStats,solver,2,10,3,1,MDA_MF-DF-ALS,0.2890625
AJStats,solver,2,10,3,1,MDP_MF-DF-PCI,0.2890625
AJStats,solver,2,10,3,1,MD_MF-DF,0.2890625
AJStats,solver,2,10,3,1,PCI,0.28141751042287078
AJStats,solver,2,10,1,2,ALS,0.69696969696969702
AJStats,solver,2,10,1,2,AP_ALS-PCI,0.69696969696969702
AJStats,solver,2,10,1,2,Default,0.70270270270270274
AJStats,solver,2,10,1,2,MDAP_MF-DF-ALS-PCI,0.71875
AJStats,solver,2,10,1,2,MDA_MF-DF-ALS,0.71875
AJStats,solver,2,10,1,2,MDP_MF-DF-PCI,0.71875
AJStats,solver,2,10,1,2,MD_MF-DF,0.71875
AJStats,solver,2,10,1,2,PCI,0.70270270270270274
AJStats,solver,2,10,2,2,ALS,0.439453125
AJStats,solver,2,10,2,2,AP_ALS-PCI,0.4536290322580645
AJStats,solver,2,10,2,2,Default,0.44307692307692309
AJStats,solver,2,10,2,2,MDAP_MF-DF-ALS-PCI,0.46875
AJStats,solver,2,10,2,2,MDA_MF-DF-ALS,0.46875
AJStats,solver,2,10,2,2,MDP_MF-DF-PCI,0.46875
AJStats,solver,2,10,2,2,MD_MF-DF,0.46875
AJStats,solver,2,10,2,2,PCI,0.45714285714285713
AJStats,solver,2,10,3,2,ALS,0.26108870967741937
AJStats,solver,2,10,3,2,AP_ALS-PCI,0.28152173913043477
AJStats,solver,2,10,3,2,Default,0.26213592233009708
AJStats,solver,2,10,3,2,MDAP_MF-DF-ALS-PCI,0.2890625
AJStats,solver,2,10,3,2,MDA_MF-DF-ALS,0.2890625
AJStats,solver,2,10,3,2,MDP_MF-DF-PCI,0.2890625
AJStats,solver,2,10,3,2,MD_MF-DF,0.2890625
AJStats,solver,2,10,3,2,PCI,0.28141751042287078
AJStats,solver,2,10,1,3,ALS,0.69696969696969702
AJStats,solver,2,10,1,3,AP_ALS-PCI,0.69696969696969702
AJStats,solver,2,10,1,3,Default,0.70270270270270274
AJStats,solver,2,10,1,3,MDAP_MF-DF-ALS-PCI,0.71875
AJStats,solver,2,10,1,3,MDA_MF-DF-ALS,0.71875
AJStats,solver,2,10,1,3,MDP_MF-DF-PCI,0.71875
AJStats,solver,2,10,1,3,MD_MF-DF,0.71875
AJStats,solver,2,10,1,3,PCI,0.70270270270270274
AJStats,solver,2,10,2,3,ALS,0.439453125
AJStats,solver,2,10,2,3,AP_ALS-PCI,0.4536290322580645
AJStats,solver,2,10,2,3,Default,0.44307692307692309
AJStats,solver,2,10,2,3,MDAP_MF-DF-ALS-PCI,0.46875
AJStats,solver,2,10,2,3,MDA_MF-DF-ALS,0.46875
AJStats,solver,2,10,2,3,MDP_MF-DF-PCI,0.46875
AJStats,solver,2,10,2,3,MD_MF-DF,0.46875
AJStats,solver,2,10,2,3,PCI,0.45714285714285713
AJStats,solver,2,10,3,3,ALS,0.26108870967741937
AJStats,solver,2,10,3,3,AP_ALS-PCI,0.28152173913043477
AJStats,solver,2,10,3,3,Default,0.26213592233009708
AJStats,solver,2,10,3,3,MDAP_MF-DF-ALS-PCI,0.2890625
AJStats,solver,2,10,3,3,MDA_MF-DF-ALS,0.2890625
AJStats,solver,2,10,3,3,MDP_MF-DF-PCI,0.2890625
AJStats,solver,2,10,3,3,MD_MF-DF,0.2890625
AJStats,solver,2,10,3,3,PCI,0.28141751042287078
AJStats,solver,2,10,1,4,ALS,0.69696969696969702
AJStats,solver,2,10,1,4,AP_ALS-PCI,0.69696969696969702
AJStats,solver,2,10,1,4,Default,0.70270270270270274
AJStats,solver,2,10,1,4,MDAP_MF-DF-ALS-PCI,0.71875
AJStats,solver,2,10,1,4,MDA_MF-DF-ALS,0.71875
AJStats,solver,2,10,1,4,MDP_MF-DF-PCI,0.71875
AJStats,solver,2,10,1,4,MD_MF-DF,0.71875
AJStats,solver,2,10,1,4,PCI,0.70270270270270274
AJStats,solver,2,10,2,4,ALS,0.439453125
AJStats,solver,2,10,2,4,AP_ALS-PCI,0.4536290322580645
AJStats,solver,2,10,2,4,Default,0.44307692307692309
AJStats,solver,2,10,2,4,MDAP_MF-DF-ALS-PCI,0.46875
AJStats,solver,2,10,2,4,MDA_MF-DF-ALS,0.46875
AJStats,solver,2,10,2,4,MDP_MF-DF-PCI,0.46875
AJStats,solver,2,10,2,4,MD_MF-DF,0.46875
AJStats,solver,2,10,2,4,PCI,0.45714285714285713
AJStats,solver,2,10,3,4,ALS,0.26108870967741937
AJStats,solver,2,10,3,4,AP_ALS-PCI,0.28152173913043477
AJStats,solver,2,10,3,4,Default,0.26213592233009708
AJStats,solver,2,10,3,4,MDAP_MF-DF-ALS-PCI,0.2890625
AJStats,solver,2,10,3,4,MDA_MF-DF-ALS,0.2890625
AJStats,solver,2,10,3,4,MDP_MF-DF-PCI,0.2890625
AJStats,solver,2,10,3,4,MD_MF-DF,0.2890625
AJStats,solver,2,10,3,4,PCI,0.28141751042287078
Curl,random,2,10,1,1,ALS,1
Curl,random,2,10,1,1,AP_ALS-PCI,1
Curl,random,2,10,1,1,Default,1
Curl,random,2,10,1,1,MDAP_MF-DF-ALS-PCI,1
Curl,random,2,10,1,1,MDA_MF-DF-ALS,1
Curl,random,2,10,1,1,MDP_MF-DF-PCI,1
Curl,random,2,10,1,1,MD_MF-DF,1
Curl,random,2,10,1,1,PCI,1
Curl,random,2,10,2,1,ALS,0.93723849372384938
Curl,random,2,10,2,1,AP_ALS-PCI,0.93506493506493504
Curl,random,2,10,2,1,Default,0.9427480916030534
Curl,random,2,10,2,1,MDAP_MF-DF-ALS-PCI,0.93087557603686633
Curl,random,2,10,2,1,MDA_MF-DF-ALS,0.93087557603686633
Curl,random,2,10,2,1,MDP_MF-DF-PCI,0.93087557603686633
Curl,random,2,10,2,1,MD_MF-DF,0.93087557603686633
Curl,random,2,10,2,1,PCI,0.93999999999999995
Curl,random,2,10,3,1,ALS,0.75943396226415094
Curl,random,2,10,3,1,AP_ALS-PCI,0.74334319526627224
Curl,random,2,10,3,1,Default,0.78409750435287284
Curl,random,2,10,3,1,MDAP_MF-DF-ALS-PCI,0.73007103393843731
Curl,random,2,10,3,1,MDA_MF-DF-ALS,0.73007103393843731
Curl,random,2,10,3,1,MDP_MF-DF-PCI,0.73007103393843731
Curl,random,2,10,3,1,MD_MF-DF,0.73007103393843731
Curl,random,2,10,3,1,PCI,0.76567656765676573
Curl,random,2,10,1,2,ALS,1
Curl,random,2,10,1,2,AP_ALS-PCI,1
Curl,random,2,10,1,2,Default,1
Curl,random,2,10,1,2,MDAP_MF-DF-ALS-PCI,1
Curl,random,2,10,1,2,MDA_MF-DF-ALS,1
Curl,random,2,10,1,2,MDP_MF-DF-PCI,1
Curl,random,2,10,1,2,MD_MF-DF,1
Curl,random,2,10,1,2,PCI,1
Curl,random,2,10,2,2,ALS,0.93723849372384938
Curl,random,2,10,2,2,AP_ALS-PCI,0.93506493506493504
Curl,random,2,10,2,2,Default,0.9427480916030534
Curl,random,2,10,2,2,MDAP_MF-DF-ALS-PCI,0.93087557603686633
Curl,random,2,10,2,2,MDA_MF-DF-ALS,0.93087557603686633
Curl,random,2,10,2,2,MDP_MF-DF-PCI,0.93087557603686633
Curl,random,2,10,2,2,MD_MF-DF,0.93087557603686633
Curl,random,2,10,2,2,PCI,0.93999999999999995
Curl,random,2,10,3,2,ALS,0.76010781671159033
Curl,random,2,10,3,2,AP_ALS-PCI,0.74186390532544377
Curl,random,2,10,3,2,Default,0.78467788740568778
Curl,random,2,10,3,2,MDAP_MF-DF-ALS-PCI,0.73086029992107338
Curl,random,2,10,3,2,MDA_MF-DF-ALS,0.73086029992107338
Curl,random,2,10,3,2,MDP_MF-DF-PCI,0.73086029992107338
Curl,random,2,10,3,2,MD_MF-DF,0.73086029992107338
Curl,random,2,10,3,2,PCI,0.76633663366336635
Curl,random,2,10,1,3,ALS,1
Curl,random,2,10,1,3,AP_ALS-PCI,1
Curl,random,2,10,1,3,Default,1
Curl,random,2,10,1,3,MDAP_MF-DF-ALS-PCI,1
Curl,random,2,10,1,3,MDA_MF-DF-ALS,1
Curl,random,2,10,1,3,MDP_MF-DF-PCI,1
Curl,random,2,10,1,3,MD_MF-DF,1
Curl,random,2,10,1,3,PCI,1
Curl,random,2,10,2,3,ALS,0.90376569037656906
Curl,random,2,10,2,3,AP_ALS-PCI,0.90043290043290047
Curl,random,2,10,2,3,Default,0.91221374045801529
Curl,random,2,10,2,3,MDAP_MF-DF-ALS-PCI,0.89400921658986177
Curl,random,2,10,2,3,MDA_MF-DF-ALS,0.89400921658986177
Curl,random,2,10,2,3,MDP_MF-DF-PCI,0.89400921658986177
Curl,random,2,10,2,3,MD_MF-DF,0.89400921658986177
Curl,random,2,10,2,3,PCI,0.90800000000000003
Curl,random,2,10,3,3,ALS,0.71832884097035044
Curl,random,2,10,3,3,AP_ALS-PCI,0.7026627218934911
Curl,random,2,10,3,3,Default,0.74405107370864776
Curl,random,2,10,3,3,MDAP_MF-DF-ALS-PCI,0.68823993685872142
Curl,random,2,10,3,3,MDA_MF-DF-ALS,0.68823993685872142
Curl,random,2,10,3,3,MDP_MF-DF-PCI,0.68823993685872142
Curl,random,2,10,3,3,MD_MF-DF,0.68823993685872142
Curl,random,2,10,3,3,PCI,0.72475247524752473
Curl,random,2,10,1,4,ALS,1
Curl,random,2,10,1,4,AP_ALS-PCI,1
Curl,random,2,10,1,4,Default,1
Curl,random,2,10,1,4,MDAP_MF-DF-ALS-PCI,1
Curl,random,2,10,1,4,MDA_MF-DF-ALS,1
Curl,random,2,10,1,4,MDP_MF-DF-PCI,1
Curl,random,2,10,1,4,MD_MF-DF,1
Curl,random,2,10,1,4,PCI,1
Curl,random,2,10,2,4,ALS,0.93723849372384938
Curl,random,2,10,2,4,AP_ALS-PCI,0.93506493506493504
Curl,random,2,10,2,4,Default,0.9427480916030534
Curl,random,2,10,2,4,MDAP_MF-DF-ALS-PCI,0.93087557603686633
Curl,random,2,10,2,4,MDA_MF-DF-ALS,0.93087557603686633
Curl,random,2,10,2,4,MDP_MF-DF-PCI,0.93087557603686633
Curl,random,2,10,2,4,MD_MF-DF,0.93087557603686633
Curl,random,2,10,2,4,PCI,0.93999999999999995
Curl,random,2,10,3,4,ALS,0.76819407008086249
Curl,random,2,10,3,4,AP_ALS-PCI,0.75369822485207105
Curl,random,2,10,3,4,Default,0.79164248403946602
Curl,random,2,10,3,4,MDAP_MF-DF-ALS-PCI,0.74033149171270718
Curl,random,2,10,3,4,MDA_MF-DF-ALS,0.74033149171270718
Curl,random,2,10,3,4,MDP_MF-DF-PCI,0.74033149171270718
Curl,random,2,10,3,4,MD_MF-DF,0.74033149171270718
Curl,random,2,10,3,4,PCI,0.77557755775577553
Curl,distance,2,10,1,1,ALS,0.82608695652173914
Curl,distance,2,10,1,1,AP_ALS-PCI,0.82608695652173914
Curl,distance,2,10,1,1,Default,0.83333333333333337
Curl,distance,2,10,1,1,MDAP_MF-DF-ALS-PCI,0.81818181818181823
Curl,distance,2,10,1,1,MDA_MF-DF-ALS,0.81818181818181823
Curl,distance,2,10,1,1,MDP_MF-DF-PCI,0.81818181818181823
Curl,distance,2,10,1,1,MD_MF-DF,0.81818181818181823
Curl,distance,2,10,1,1,PCI,0.83333333333333337
Curl,distance,2,10,2,1,ALS,0.59832635983263593
Curl,distance,2,10,2,1,AP_ALS-PCI,0.58441558441558439
Curl,distance,2,10,2,1,Default,0.61068702290076338
Curl,distance,2,10,2,1,MDAP_MF-DF-ALS-PCI,0.58525345622119818
Curl,distance,2,10,2,1,MDA_MF-DF-ALS,0.58525345622119818
Curl,distance,2,10,2,1,MDP_MF-DF-PCI,0.58525345622119818
Curl,distance,2,10,2,1,MD_MF-DF,0.58525345622119818
Curl,distance,2,10,2,1,PCI,0.60399999999999998
Curl,distance,2,10,3,1,ALS,0.38140161725067384
Curl,distance,2,10,3,1,AP_ALS-PCI,0.36390532544378701
Curl,distance,2,10,3,1,Default,0.39698200812536272
Curl,distance,2,10,3,1,MDAP_MF-DF-ALS-PCI,0.36621941594317287
Curl,distance,2,10,3,1,MDA_MF-DF-ALS,0.36621941594317287
Curl,distance,2,10,3,1,MDP_MF-DF-PCI,0.36621941594317287
Curl,distance,2,10,3,1,MD_MF-DF,0.36621941594317287
Curl,distance,2,10,3,1,PCI,0.39207920792079209
Curl,distance,2,10,1,2,ALS,0.78260869565217395
Curl,distance,2,10,1,2,AP_ALS-PCI,0.78260869565217395
Curl,distance,2,10,1,2,Default,0.79166666666666663
Curl,distance,2,10,1,2,MDAP_MF-DF-ALS-PCI,0.77272727272727271
Curl,distance,2,10,1,2,MDA_MF-DF-ALS,0.77272727272727271
Curl,distance,2,10,1,2,MDP_MF-DF-PCI,0.77272727272727271
Curl,distance,2,10,1,2,MD_MF-DF,0.77272727272727271
Curl,distance,2,10,1,2,PCI,0.79166666666666663
Curl,distance,2,10,2,2,ALS,0.53556485355648531
Curl,distance,2,10,2,2,AP_ALS-PCI,0.52813852813852813
Curl,distance,2,10,2,2,Default,0.54580152671755722
Curl,distance,2,10,2,2,MDAP_MF-DF-ALS-PCI,0.52534562211981561
Curl,distance,2,10,2,2,MDA_MF-DF-ALS,0.52534562211981561
Curl,distance,2,10,2,2,MDP_MF-DF-PCI,0.52534562211981561
Curl,distance,2,10,2,2,MD_MF-DF,0.52534562211981561
Curl,distance,2,10,2,2,PCI,0.54400000000000004
Curl,distance,2,10,3,2,ALS,0.33557951482479786
Curl,distance,2,10,3,2,AP_ALS-PCI,0.3276627218934911
Curl,distance,2,10,3,2,Default,0.34706906558328499
Curl,distance,2,10,3,2,MDAP_MF-DF-ALS-PCI,0.32754538279400158
Curl,distance,2,10,3,2,MDA_MF-DF-ALS,0.32754538279400158
Curl,distance,2,10,3,2,MDP_MF-DF-PCI,0.32754538279400158
Curl,distance,2,10,3,2,MD_MF-DF,0.32754538279400158
Curl,distance,2,10,3,2,PCI,0.34917491749174917
Curl,distance,2,10,1,3,ALS,0.82608695652173914
Curl,distance,2,10,1,3,AP_ALS-PCI,0.82608695652173914
Curl,distance,2,10,1,3,Default,0.83333333333333337
Curl,distance,2,10,1,3,MDAP_MF-DF-ALS-PCI,0.81818181818181823
Curl,distance,2,10,1,3,MDA_MF-DF-ALS,0.81818181818181823
Curl,distance,2,10,1,3,MDP_MF-DF-PCI,0.81818181818181823
Curl,distance,2,10,1,3,MD_MF-DF,0.81818181818181823
Curl,distance,2,10,1,3,PCI,0.83333333333333337
Curl,distance,2,10,2,3,ALS,0.60251046025104604
Curl,distance,2,10,2,3,AP_ALS-PCI,0.58874458874458879
Curl,distance,2,10,2,3,Default,0.6145038167938931
Curl,distance,2,10,2,3,MDAP_MF-DF-ALS-PCI,0.58525345622119818
Curl,distance,2,10,2,3,MDA_MF-DF-ALS,0.58525345622119818
Curl,distance,2,10,2,3,MDP_MF-DF-PCI,0.58525345622119818
Curl,distance,2,10,2,3,MD_MF-DF,0.58525345622119818
Curl,distance,2,10,2,3,PCI,0.60799999999999998
Curl,distance,2,10,3,3,ALS,0.37601078167115903
Curl,distance,2,10,3,3,AP_ALS-PCI,0.35576923076923078
Curl,distance,2,10,3,3,Default,0.38943702843876959
Curl,distance,2,10,3,3,MDAP_MF-DF-ALS-PCI,0.35674822415153906
Curl,distance,2,10,3,3,MDA_MF-DF-ALS,0.35674822415153906
Curl,distance,2,10,3,3,MDP_MF-DF-PCI,0.35674822415153906
Curl,distance,2,10,3,3,MD_MF-DF,0.35674822415153906
Curl,distance,2,10,3,3,PCI,0.38151815181518151
Curl,distance,2,10,1,4,ALS,0.82608695652173914
Curl,distance,2,10,1,4,AP_ALS-PCI,0.82608695652173914
Curl,distance,2,10,1,4,Default,0.83333333333333337
Curl,distance,2,10,1,4,MDAP_MF-DF-ALS-PCI,0.81818181818181823
Curl,distance,2,10,1,4,MDA_MF-DF-ALS,0.81818181818181823
Curl,distance,2,10,1,4,MDP_MF-DF-PCI,0.81818181818181823
Curl,distance,2,10,1,4,MD_MF-DF,0.81818181818181823
Curl,distance,2,10,1,4,PCI,0.83333333333333337
Curl,distance,2,10,2,4,ALS,0.58577405857740583
Curl,distance,2,10,2,4,AP_ALS-PCI,0.5714285714285714
Curl,distance,2,10,2,4,Default,0.60305343511450382
Curl,distance,2,10,2,4,MDAP_MF-DF-ALS-PCI,0.5714285714285714
Curl,distance,2,10,2,4,MDA_MF-DF-ALS,0.5714285714285714
Curl,distance,2,10,2,4,MDP_MF-DF-PCI,0.5714285714285714
Curl,distance,2,10,2,4,MD_MF-DF,0.5714285714285714
Curl,distance,2,10,2,4,PCI,0.59599999999999997
Curl,distance,2,10,3,4,ALS,0.36455525606469003
Curl,distance,2,10,3,4,AP_ALS-PCI,0.34763313609467456
Curl,distance,2,10,3,4,Default,0.38595473012188042
Curl,distance,2,10,3,4,MDAP_MF-DF-ALS-PCI,0.34885556432517756
Curl,distance,2,10,3,4,MDA_MF-DF-ALS,0.34885556432517756
Curl,distance,2,10,3,4,MDP_MF-DF-PCI,0.34885556432517756
Curl,distance,2,10,3,4,MD_MF-DF,0.34885556432517756
Curl,distance,2,10,3,4,PCI,0.38151815181518151
Curl,solver,2,10,1,1,ALS,0.78260869565217395
Curl,solver,2,10,1,1,AP_ALS-PCI,0.78260869565217395
Curl,solver,2,10,1,1,Default,0.79166666666666663
Curl,solver,2,10,1,1,MDAP_MF-DF-ALS-PCI,0.81818181818181823
Curl,solver,2,10,1,1,MDA_MF-DF-ALS,0.81818181818181823
Curl,solver,2,10,1,1,MDP_MF-DF-PCI,0.81818181818181823
Curl,solver,2,10,1,1,MD_MF-DF,0.81818181818181823
Curl,solver,2,10,1,1,PCI,0.79166666666666663
Curl,solver,2,10,2,1,ALS,0.5104602510460251
Curl,solver,2,10,2,1,AP_ALS-PCI,0.52813852813852813
Curl,solver,2,10,2,1,Default,0.53053435114503822
Curl,solver,2,10,2,1,MDAP_MF-DF-ALS-PCI,0.56221198156682028
Curl,solver,2,10,2,1,MDA_MF-DF-ALS,0.56221198156682028
Curl,solver,2,10,2,1,MDP_MF-DF-PCI,0.56221198156682028
Curl,solver,2,10,2,1,MD_MF-DF,0.56221198156682028
Curl,solver,2,10,2,1,PCI,0.55600000000000005
Curl,solver,2,10,3,1,ALS,0.29514824797843664
Curl,solver,2,10,3,1,AP_ALS-PCI,0.32396449704142011
Curl,solver,2,10,3,1,Default,0.31688914683691238
Curl,solver,2,10,3,1,MDAP_MF-DF-ALS-PCI,0.34569850039463301
Curl,solver,2,10,3,1,MDA_MF-DF-ALS,0.34569850039463301
Curl,solver,2,10,3,1,MDP_MF-DF-PCI,0.34569850039463301
Curl,solver,2,10,3,1,MD_MF-DF,0.34569850039463301
Curl,solver,2,10,3,1,PCI,0.36039603960396038
Curl,solver,2,10,1,2,ALS,0.78260869565217395
Curl,solver,2,10,1,2,AP_ALS-PCI,0.78260869565217395
Curl,solver,2,10,1,2,Default,0.79166666666666663
Curl,solver,2,10,1,2,MDAP_MF-DF-ALS-PCI,0.81818181818181823
Curl,solver,2,10,1,2,MDA_MF-DF-ALS,0.81818181818181823
Curl,solver,2,10,1,2,MDP_MF-DF-PCI,0.81818181818181823
Curl,solver,2,10,1,2,MD_MF-DF,0.81818181818181823
Curl,solver,2,10,1,2,PCI,0.79166666666666663
Curl,solver,2,10,2,2,ALS,0.5104602510460251
Curl,solver,2,10,2,2,AP_ALS-PCI,0.52813852813852813
Curl,solver,2,10,2,2,Default,0.53053435114503822
Curl,solver,2,10,2,2,MDAP_MF-DF-ALS-PCI,0.56221198156682028
Curl,solver,2,10,2,2,MDA_MF-DF-ALS,0.56221198156682028
Curl,solver,2,10,2,2,MDP_MF-DF-PCI,0.56221198156682028
Curl,solver,2,10,2,2,MD_MF-DF,0.56221198156682028
Curl,solver,2,10,2,2,PCI,0.55600000000000005
Curl,solver,2,10,3,2,ALS,0.29514824797843664
Curl,solver,2,10,3,2,AP_ALS-PCI,0.32396449704142011
Curl,solver,2,10,3,2,Default,0.31688914683691238
Curl,solver,2,10,3,2,MDAP_MF-DF-ALS-PCI,0.34569850039463301
Curl,solver,2,10,3,2,MDA_MF-DF-ALS,0.34569850039463301
Curl,solver,2,10,3,2,MDP_MF-DF-PCI,0.34569850039463301
Curl,solver,2,10,3,2,MD_MF-DF,0.34569850039463301
Curl,solver,2,10,3,2,PCI,0.36039603960396038
Curl,solver,2,10,1,3,ALS,0.78260869565217395
Curl,solver,2,10,1,3,AP_ALS-PCI,0.78260869565217395
Curl,solver,2,10,1,3,Default,0.79166666666666663
Curl,solver,2,10,1,3,MDAP_MF-DF-ALS-PCI,0.81818181818181823
Curl,solver,2,10,1,3,MDA_MF-DF-ALS,0.81818181818181823
Curl,solver,2,10,1,3,MDP_MF-DF-PCI,0.81818181818181823
Curl,solver,2,10,1,3,MD_MF-DF,0.81818181818181823
Curl,solver,2,10,1,3,PCI,0.79166666666666663
Curl,solver,2,10,2,3,ALS,0.5104602510460251
Curl,solver,2,10,2,3,AP_ALS-PCI,0.52813852813852813
Curl,solver,2,10,2,3,Default,0.53053435114503822
Curl,solver,2,10,2,3,MDAP_MF-DF-ALS-PCI,0.56221198156682028
Curl,solver,2,10,2,3,MDA_MF-DF-ALS,0.56221198156682028
Curl,solver,2,10,2,3,MDP_MF-DF-PCI,0.56221198156682028
Curl,solver,2,10,2,3,MD_MF-DF,0.56221198156682028
Curl,solver,2,10,2,3,PCI,0.55600000000000005
Curl,solver,2,10,3,3,ALS,0.29514824797843664
Curl,solver,2,10,3,3,AP_ALS-PCI,0.32396449704142011
Curl,solver,2,10,3,3,Default,0.31688914683691238
Curl,solver,2,10,3,3,MDAP_MF-DF-ALS-PCI,0.34569850039463301
Curl,solver,2,10,3,3,MDA_MF-DF-ALS,0.34569850039463301
Curl,solver,2,10,3,3,MDP_MF-DF-PCI,0.34569850039463301
Curl,solver,2,10,3,3,MD_MF-DF,0.34569850039463301
Curl,solver,2,10,3,3,PCI,0.36039603960396038
Curl,solver,2,10,1,4,ALS,0.78260869565217395
Curl,solver,2,10,1,4,AP_ALS-PCI,0.78260869565217395
Curl,solver,2,10,1,4,Default,0.79166666666666663
Curl,solver,2,10,1,4,MDAP_MF-DF-ALS-PCI,0.81818181818181823
Curl,solver,2,10,1,4,MDA_MF-DF-ALS,0.81818181818181823
Curl,solver,2,10,1,4,MDP_MF-DF-PCI,0.81818181818181823
Curl,solver,2,10,1,4,MD_MF-DF,0.81818181818181823
Curl,solver,2,10,1,4,PCI,0.79166666666666663
Curl,solver,2,10,2,4,ALS,0.5104602510460251
Curl,solver,2,10,2,4,AP_ALS-PCI,0.52813852813852813
Curl,solver,2,10,2,4,Default,0.53053435114503822
Curl,solver,2,10,2,4,MDAP_MF-DF-ALS-PCI,0.56221198156682028
Curl,solver,2,10,2,4,MDA_MF-DF-ALS,0.56221198156682028
Curl,solver,2,10,2,4,MDP_MF-DF-PCI,0.56221198156682028
Curl,solver,2,10,2,4,MD_MF-DF,0.56221198156682028
Curl,solver,2,10,2,4,PCI,0.55600000000000005
Curl,solver,2,10,3,4,ALS,0.29514824797843664
Curl,solver,2,10,3,4,AP_ALS-PCI,0.32396449704142011
Curl,solver,2,10,3,4,Default,0.31688914683691238
Curl,solver,2,10,3,4,MDAP_MF-DF-ALS-PCI,0.34569850039463301
Curl,solver,2,10,3,4,MDA_MF-DF-ALS,0.34569850039463301
Curl,solver,2,10,3,4,MDP_MF-DF-PCI,0.34569850039463301
Curl,solver,2,10,3,4,MD_MF-DF,0.34569850039463301
Curl,solver,2,10,3,4,PCI,0.36039603960396038
HSMGP,random,2,10,1,1,ALS,0.92727272727272725
HSMGP,random,2,10,1,1,AP_ALS-PCI,0.92727272727272725
HSMGP,random,2,10,1,1,Default,0.93333333333333335
HSMGP,random,2,10,1,1,MDAP_MF-DF-ALS-PCI,0.92592592592592593
HSMGP,random,2,10,1,1,MDA_MF-DF-ALS,0.92592592592592593
HSMGP,random,2,10,1,1,MDP_MF-DF-PCI,0.92592592592592593
HSMGP,random,2,10,1,1,MD_MF-DF,0.92592592592592593
HSMGP,random,2,10,1,1,PCI,0.93333333333333335
HSMGP,random,2,10,2,1,ALS,0.74550682961897918
HSMGP,random,2,10,2,1,AP_ALS-PCI,0.74550682961897918
HSMGP,random,2,10,2,1,Default,0.77684964200477324
HSMGP,random,2,10,2,1,MDAP_MF-DF-ALS-PCI,0.73821989528795806
HSMGP,random,2,10,2,1,MDA_MF-DF-ALS,0.73821989528795806
HSMGP,random,2,10,2,1,MDP_MF-DF-PCI,0.73821989528795806
HSMGP,random,2,10,2,1,MD_MF-DF,0.73821989528795806
HSMGP,random,2,10,2,1,PCI,0.77493917274939172
HSMGP,random,2,10,3,1,ALS,0.562905317769131
HSMGP,random,2,10,3,1,AP_ALS-PCI,0.562905317769131
HSMGP,random,2,10,3,1,Default,0.61357935608012915
HSMGP,random,2,10,3,1,MDAP_MF-DF-ALS-PCI,0.5513307984790875
HSMGP,random,2,10,3,1,MDA_MF-DF-ALS,0.5513307984790875
HSMGP,random,2,10,3,1,MDP_MF-DF-PCI,0.5513307984790875
HSMGP,random,2,10,3,1,MD_MF-DF,0.5513307984790875
HSMGP,random,2,10,3,1,PCI,0.61169611951175074
HSMGP,random,2,10,1,2,ALS,0.89090909090909087
HSMGP,random,2,10,1,2,AP_ALS-PCI,0.89090909090909087
HSMGP,random,2,10,1,2,Default,0.90000000000000002
HSMGP,random,2,10,1,2,MDAP_MF-DF-ALS-PCI,0.88888888888888884
HSMGP,random,2,10,1,2,MDA_MF-DF-ALS,0.88888888888888884
HSMGP,random,2,10,1,2,MDP_MF-DF-PCI,0.88888888888888884
HSMGP,random,2,10,1,2,MD_MF-DF,0.88888888888888884
HSMGP,random,2,10,1,2,PCI,0.90000000000000002
HSMGP,random,2,10,2,2,ALS,0.70740474478792237
HSMGP,random,2,10,2,2,AP_ALS-PCI,0.70740474478792237
HSMGP,random,2,10,2,2,Default,0.73926014319809075
HSMGP,random,2,10,2,2,MDAP_MF-DF-ALS-PCI,0.70007479431563202
HSMGP,random,2,10,2,2,MDA_MF-DF-ALS,0.70007479431563202
HSMGP,random,2,10,2,2,MDP_MF-DF-PCI,0.70007479431563202
HSMGP,random,2,10,2,2,MD_MF-DF,0.70007479431563202
HSMGP,random,2,10,2,2,PCI,0.73783454987834551
HSMGP,random,2,10,3,2,ALS,0.53362979433018343
HSMGP,random,2,10,3,2,AP_ALS-PCI,0.53362979433018343
HSMGP,random,2,10,3,2,Default,0.58207057691646913
HSMGP,random,2,10,3,2,MDAP_MF-DF-ALS-PCI,0.52264085724161768
HSMGP,random,2,10,3,2,MDA_MF-DF-ALS,0.52264085724161768
HSMGP,random,2,10,3,2,MDP_MF-DF-PCI,0.52264085724161768
HSMGP,random,2,10,3,2,MD_MF-DF,0.52264085724161768
HSMGP,random,2,10,3,2,PCI,0.58087083257423944
HSMGP,random,2,10,1,3,ALS,0.92727272727272725
HSMGP,random,2,10,1,3,AP_ALS-PCI,0.92727272727272725
HSMGP,random,2,10,1,3,Default,0.93333333333333335
HSMGP,random,2,10,1,3,MDAP_MF-DF-ALS-PCI,0.92592592592592593
HSMGP,random,2,10,1,3,MDA_MF-DF-ALS,0.92592592592592593
HSMGP,random,2,10,1,3,MDP_MF-DF-PCI,0.92592592592592593
HSMGP,random,2,10,1,3,MD_MF-DF,0.92592592592592593
HSMGP,random,2,10,1,3,PCI,0.93333333333333335
HSMGP,random,2,10,2,3,ALS,0.7555715312724659
HSMGP,random,2,10,2,3,AP_ALS-PCI,0.7555715312724659
HSMGP,random,2,10,2,3,Default,0.78520286396181382
HSMGP,random,2,10,2,3,MDAP_MF-DF-ALS-PCI,0.74869109947643975
HSMGP,random,2,10,2,3,MDA_MF-DF-ALS,0.74869109947643975
HSMGP,random,2,10,2,3,MDP_MF-DF-PCI,0.74869109947643975
HSMGP,random,2,10,2,3,MD_MF-DF,0.74869109947643975
HSMGP,random,2,10,2,3,PCI,0.78345498783454992
HSMGP,random,2,10,3,3,ALS,0.57754307948860473
HSMGP,random,2,10,3,3,AP_ALS-PCI,0.57754307948860473
HSMGP,random,2,10,3,3,Default,0.62684259354705696
HSMGP,random,2,10,3,3,MDAP_MF-DF-ALS-PCI,0.56624364228926971
HSMGP,random,2,10,3,3,MDA_MF-DF-ALS,0.56624364228926971
HSMGP,random,2,10,3,3,MDP_MF-DF-PCI,0.56624364228926971
HSMGP,random,2,10,3,3,MD_MF-DF,0.56624364228926971
HSMGP,random,2,10,3,3,PCI,0.62506831845509203
HSMGP,random,2,10,1,4,ALS,0.87272727272727268
HSMGP,random,2,10,1,4,AP_ALS-PCI,0.87272727272727268
HSMGP,random,2,10,1,4,Default,0.8833333333333333
HSMGP,random,2,10,1,4,MDAP_MF-DF-ALS-PCI,0.87037037037037035
HSMGP,random,2,10,1,4,MDA_MF-DF-ALS,0.87037037037037035
HSMGP,random,2,10,1,4,MDP_MF-DF-PCI,0.87037037037037035
HSMGP,random,2,10,1,4,MD_MF-DF,0.87037037037037035
HSMGP,random,2,10,1,4,PCI,0.8833333333333333
HSMGP,random,2,10,2,4,ALS,0.70524802300503231
HSMGP,random,2,10,2,4,AP_ALS-PCI,0.70524802300503231
HSMGP,random,2,10,2,4,Default,0.73448687350835318
HSMGP,random,2,10,2,4,MDAP_MF-DF-ALS-PCI,0.69857890800299183
HSMGP,random,2,10,2,4,MDA_MF-DF-ALS,0.69857890800299183
HSMGP,random,2,10,2,4,MDP_MF-DF-PCI,0.69857890800299183
HSMGP,random,2,10,2,4,MD_MF-DF,0.69857890800299183
HSMGP,random,2,10,2,4,PCI,0.73357664233576647
HSMGP,random,2,10,3,4,ALS,0.54331109875856953
HSMGP,random,2,10,3,4,AP_ALS-PCI,0.54331109875856953
HSMGP,random,2,10,3,4,Default,0.58839294918049689
HSMGP,random,2,10,3,4,MDAP_MF-DF-ALS-PCI,0.53306009579773839
HSMGP,random,2,10,3,4,MDA_MF-DF-ALS,0.53306009579773839
HSMGP,random,2,10,3,4,MDP_MF-DF-PCI,0.53306009579773839
HSMGP,random,2,10,3,4,MD_MF-DF,0.53306009579773839
HSMGP,random,2,10,3,4,PCI,0.58779376935689565
HSMGP,distance,2,10,1,1,ALS,0.58181818181818179
HSMGP,distance,2,10,1,1,AP_ALS-PCI,0.58181818181818179
HSMGP,distance,2,10,1,1,Default,0.56666666666666665
HSMGP,distance,2,10,1,1,MDAP_MF-DF-ALS-PCI,0.57407407407407407
HSMGP,distance,2,10,1,1,MDA_MF-DF-ALS,0.57407407407407407
HSMGP,distance,2,10,1,1,MDP_MF-DF-PCI,0.57407407407407407
HSMGP,distance,2,10,1,1,MD_MF-DF,0.57407407407407407
HSMGP,distance,2,10,1,1,PCI,0.56666666666666665
HSMGP,distance,2,10,2,1,ALS,0.34507548526240117
HSMGP,distance,2,10,2,1,AP_ALS-PCI,0.34507548526240117
HSMGP,distance,2,10,2,1,Default,0.32159904534606204
HSMGP,distance,2,10,2,1,MDAP_MF-DF-ALS-PCI,0.33582647718773373
HSMGP,distance,2,10,2,1,MDA_MF-DF-ALS,0.33582647718773373
HSMGP,distance,2,10,2,1,MDP_MF-DF-PCI,0.33582647718773373
HSMGP,distance,2,10,2,1,MD_MF-DF,0.33582647718773373
HSMGP,distance,2,10,2,1,PCI,0.32603406326034062
HSMGP,distance,2,10,3,1,ALS,0.20872707059477488
HSMGP,distance,2,10,3,1,AP_ALS-PCI,0.20872707059477488
HSMGP,distance,2,10,3,1,Default,0.18321135278150019
HSMGP,distance,2,10,3,1,MDAP_MF-DF-ALS-PCI,0.20033578588711667
HSMGP,distance,2,10,3,1,MDA_MF-DF-ALS,0.20033578588711667
HSMGP,distance,2,10,3,1,MDP_MF-DF-PCI,0.20033578588711667
HSMGP,distance,2,10,3,1,MD_MF-DF,0.20033578588711667
HSMGP,distance,2,10,3,1,PCI,0.19114592822007651
HSMGP,distance,2,10,1,2,ALS,0.58181818181818179
HSMGP,distance,2,10,1,2,AP_ALS-PCI,0.58181818181818179
HSMGP,distance,2,10,1,2,Default,0.56666666666666665
HSMGP,distance,2,10,1,2,MDAP_MF-DF-ALS-PCI,0.57407407407407407
HSMGP,distance,2,10,1,2,MDA_MF-DF-ALS,0.57407407407407407
HSMGP,distance,2,10,1,2,MDP_MF-DF-PCI,0.57407407407407407
HSMGP,distance,2,10,1,2,MD_MF-DF,0.57407407407407407
HSMGP,distance,2,10,1,2,PCI,0.56666666666666665
HSMGP,distance,2,10,2,2,ALS,0.34507548526240117
HSMGP,distance,2,10,2,2,AP_ALS-PCI,0.34507548526240117
HSMGP,distance,2,10,2,2,Default,0.32159904534606204
HSMGP,distance,2,10,2,2,MDAP_MF-DF-ALS-PCI,0.33582647718773373
HSMGP,distance,2,10,2,2,MDA_MF-DF-ALS,0.33582647718773373
HSMGP,distance,2,10,2,2,MDP_MF-DF-PCI,0.33582647718773373
HSMGP,distance,2,10,2,2,MD_MF-DF,0.33582647718773373
HSMGP,distance,2,10,2,2,PCI,0.32603406326034062
HSMGP,distance,2,10,3,2,ALS,0.20872707059477488
HSMGP,distance,2,10,3,2,AP_ALS-PCI,0.20872707059477488
HSMGP,distance,2,10,3,2,Default,0.18321135278150019
HSMGP,distance,2,10,3,2,MDAP_MF-DF-ALS-PCI,0.20033578588711667
HSMGP,distance,2,10,3,2,MDA_MF-DF-ALS,0.20033578588711667
HSMGP,distance,2,10,3,2,MDP_MF-DF-PCI,0.20033578588711667
HSMGP,distance,2,10,3,2,MD_MF-DF,0.20033578588711667
HSMGP,distance,2,10,3,2,PCI,0.19114592822007651
HSMGP,distance,2,10,1,3,ALS,0.58181818181818179
HSMGP,distance,2,10,1,3,AP_ALS-PCI,0.58181818181818179
HSMGP,distance,2,10,1,3,Default,0.56666666666666665
HSMGP,distance,2,10,1,3,MDAP_MF-DF-ALS-PCI,0.57407407407407407
HSMGP,distance,2,10,1,3,MDA_MF-DF-ALS,0.57407407407407407
HSMGP,distance,2,10,1,3,MDP_MF-DF-PCI,0.57407407407407407
HSMGP,distance,2,10,1,3,MD_MF-DF,0.57407407407407407
HSMGP,distance,2,10,1,3,PCI,0.56666666666666665
HSMGP,distance,2,10,2,3,ALS,0.34507548526240117
HSMGP,distance,2,10,2,3,AP_ALS-PCI,0.34507548526240117
HSMGP,distance,2,10,2,3,Default,0.32159904534606204
HSMGP,distance,2,10,2,3,MDAP_MF-DF-ALS-PCI,0.33582647718773373
HSMGP,distance,2,10,2,3,MDA_MF-DF-ALS,0.33582647718773373
HSMGP,distance,2,10,2,3,MDP_MF-DF-PCI,0.33582647718773373
HSMGP,distance,2,10,2,3,MD_MF-DF,0.33582647718773373
HSMGP,distance,2,10,2,3,PCI,0.32603406326034062
HSMGP,distance,2,10,3,3,ALS,0.20872707059477488
HSMGP,distance,2,10,3,3,AP_ALS-PCI,0.20872707059477488
HSMGP,distance,2,10,3,3,Default,0.18321135278150019
HSMGP,distance,2,10,3,3,MDAP_MF-DF-ALS-PCI,0.20033578588711667
HSMGP,distance,2,10,3,3,MDA_MF-DF-ALS,0.20033578588711667
HSMGP,distance,2,10,3,3,MDP_MF-DF-PCI,0.20033578588711667
HSMGP,distance,2,10,3,3,MD_MF-DF,0.20033578588711667
HSMGP,distance,2,10,3,3,PCI,0.19114592822007651
HSMGP,distance,2,10,1,4,ALS,0.58181818181818179
HSMGP,distance,2,10,1,4,AP_ALS-PCI,0.58181818181818179
HSMGP,distance,2,10,1,4,Default,0.56666666666666665
HSMGP,distance,2,10,1,4,MDAP_MF-DF-ALS-PCI,0.57407407407407407
HSMGP,distance,2,10,1,4,MDA_MF-DF-ALS,0.57407407407407407
HSMGP,distance,2,10,1,4,MDP_MF-DF-PCI,0.57407407407407407
HSMGP,distance,2,10,1,4,MD_MF-DF,0.57407407407407407
HSMGP,distance,2,10,1,4,PCI,0.56666666666666665
HSMGP,distance,2,10,2,4,ALS,0.34507548526240117
HSMGP,distance,2,10,2,4,AP_ALS-PCI,0.34507548526240117
HSMGP,distance,2,10,2,4,Default,0.32159904534606204
HSMGP,distance,2,10,2,4,MDAP_MF-DF-ALS-PCI,0.33582647718773373
HSMGP,distance,2,10,2,4,MDA_MF-DF-ALS,0.33582647718773373
HSMGP,distance,2,10,2,4,MDP_MF-DF-PCI,0.33582647718773373
HSMGP,distance,2,10,2,4,MD_MF-DF,0.33582647718773373
HSMGP,distance,2,10,2,4,PCI,0.32603406326034062
HSMGP,distance,2,10,3,4,ALS,0.20872707059477488
HSMGP,distance,2,10,3,4,AP_ALS-PCI,0.20872707059477488
HSMGP,distance,2,10,3,4,Default,0.18321135278150019
HSMGP,distance,2,10,3,4,MDAP_MF-DF-ALS-PCI,0.20033578588711667
HSMGP,distance,2,10,3,4,MDA_MF-DF-ALS,0.20033578588711667
HSMGP,distance,2,10,3,4,MDP_MF-DF-PCI,0.20033578588711667
HSMGP,distance,2,10,3,4,MD_MF-DF,0.20033578588711667
HSMGP,distance,2,10,3,4,PCI,0.19114592822007651
HSMGP,solver,2,10,1,1,ALS,0.67272727272727273
HSMGP,solver,2,10,1,1,AP_ALS-PCI,0.67272727272727273
HSMGP,solver,2,10,1,1,Default,0.68333333333333335
HSMGP,solver,2,10,1,1,MDAP_MF-DF-ALS-PCI,0.66666666666666663
HSMGP,solver,2,10,1,1,MDA_MF-DF-ALS,0.66666666666666663
HSMGP,solver,2,10,1,1,MDP_MF-DF-PCI,0.66666666666666663
HSMGP,solver,2,10,1,1,MD_MF-DF,0.66666666666666663
HSMGP,solver,2,10,1,1,PCI,0.68333333333333335
HSMGP,solver,2,10,2,1,ALS,0.43421998562185476
HSMGP,solver,2,10,2,1,AP_ALS-PCI,0.43421998562185476
HSMGP,solver,2,10,2,1,Default,0.44331742243436756
HSMGP,solver,2,10,2,1,MDAP_MF-DF-ALS-PCI,0.42483171278982795
HSMGP,solver,2,10,2,1,MDA_MF-DF-ALS,0.42483171278982795
HSMGP,solver,2,10,2,1,MDP_MF-DF-PCI,0.42483171278982795
HSMGP,solver,2,10,2,1,MD_MF-DF,0.42483171278982795
HSMGP,solver,2,10,2,1,PCI,0.44768856447688565
HSMGP,solver,2,10,3,1,ALS,0.27700574393181399
HSMGP,solver,2,10,3,1,AP_ALS-PCI,0.27700574393181399
HSMGP,solver,2,10,3,1,Default,0.28175789437515031
HSMGP,solver,2,10,3,1,MDAP_MF-DF-ALS-PCI,0.26724606192286798
HSMGP,solver,2,10,3,1,MDA_MF-DF-ALS,0.26724606192286798
HSMGP,solver,2,10,3,1,MDP_MF-DF-PCI,0.26724606192286798
HSMGP,solver,2,10,3,1,MD_MF-DF,0.26724606192286798
HSMGP,solver,2,10,3,1,PCI,0.29025323374020767
HSMGP,solver,2,10,1,2,ALS,0.67272727272727273
HSMGP,solver,2,10,1,2,AP_ALS-PCI,0.67272727272727273
HSMGP,solver,2,10,1,2,Default,0.68333333333333335
HSMGP,solver,2,10,1,2,MDAP_MF-DF-ALS-PCI,0.66666666666666663
HSMGP,solver,2,10,1,2,MDA_MF-DF-ALS,0.66666666666666663
HSMGP,solver,2,10,1,2,MDP_MF-DF-PCI,0.66666666666666663
HSMGP,solver,2,10,1,2,MD_MF-DF,0.66666666666666663
HSMGP,solver,2,10,1,2,PCI,0.68333333333333335
HSMGP,solver,2,10,2,2,ALS,0.43421998562185476
HSMGP,solver,2,10,2,2,AP_ALS-PCI,0.43421998562185476
HSMGP,solver,2,10,2,2,Default,0.44331742243436756
HSMGP,solver,2,10,2,2,MDAP_MF-DF-ALS-PCI,0.42483171278982795
HSMGP,solver,2,10,2,2,MDA_MF-DF-ALS,0.42483171278982795
HSMGP,solver,2,10,2,2,MDP_MF-DF-PCI,0.42483171278982795
HSMGP,solver,2,10,2,2,MD_MF-DF,0.42483171278982795
HSMGP,solver,2,10,2,2,PCI,0.44768856447688565
HSMGP,solver,2,10,3,2,ALS,0.27700574393181399
HSMGP,solver,2,10,3,2,AP_ALS-PCI,0.27700574393181399
HSMGP,solver,2,10,3,2,Default,0.28175789437515031
HSMGP,solver,2,10,3,2,MDAP_MF-DF-ALS-PCI,0.26724606192286798
HSMGP,solver,2,10,3,2,MDA_MF-DF-ALS,0.26724606192286798
HSMGP,solver,2,10,3,2,MDP_MF-DF-PCI,0.26724606192286798
HSMGP,solver,2,10,3,2,MD_MF-DF,0.26724606192286798
HSMGP,solver,2,10,3,2,PCI,0.29025323374020767
HSMGP,solver,2,10,1,3,ALS,0.67272727272727273
HSMGP,solver,2,10,1,3,AP_ALS-PCI,0.67272727272727273
HSMGP,solver,2,10,1,3,Default,0.68333333333333335
HSMGP,solver,2,10,1,3,MDAP_MF-DF-ALS-PCI,0.66666666666666663
HSMGP,solver,2,10,1,3,MDA_MF-DF-ALS,0.66666666666666663
HSMGP,solver,2,10,1,3,MDP_MF-DF-PCI,0.66666666666666663
HSMGP,solver,2,10,1,3,MD_MF-DF,0.66666666666666663
HSMGP,solver,2,10,1,3,PCI,0.68333333333333335
HSMGP,solver,2,10,2,3,ALS,0.43421998562185476
HSMGP,solver,2,10,2,3,AP_ALS-PCI,0.43421998562185476
HSMGP,solver,2,10,2,3,Default,0.44331742243436756
HSMGP,solver,2,10,2,3,MDAP_MF-DF-ALS-PCI,0.42483171278982795
HSMGP,solver,2,10,2,3,MDA_MF-DF-ALS,0.42483171278982795
HSMGP,solver,2,10,2,3,MDP_MF-DF-PCI,0.42483171278982795
HSMGP,solver,2,10,2,3,MD_MF-DF,0.42483171278982795
HSMGP,solver,2,10,2,3,PCI,0.44768856447688565
HSMGP,solver,2,10,3,3,ALS,0.27700574393181399
HSMGP,solver,2,10,3,3,AP_ALS-PCI,0.27700574393181399
HSMGP,solver,2,10,3,3,Default,0.28175789437515031
HSMGP,solver,2,10,3,3,MDAP_MF-DF-ALS-PCI,0.26724606192286798
HSMGP,solver,2,10,3,3,MDA_MF-DF-ALS,0.26724606192286798
HSMGP,solver,2,10,3,3,MDP_MF-DF-PCI,0.26724606192286798
HSMGP,solver,2,10,3,3,MD_MF-DF,0.26724606192286798
HSMGP,solver,2,10,3,3,PCI,0.29025323374020767
HSMGP,solver,2,10,1,4,ALS,0.67272727272727273
HSMGP,solver,2,10,1,4,AP_ALS-PCI,0.67272727272727273
HSMGP,solver,2,10,1,4,Default,0.68333333333333335
HSMGP,solver,2,10,1,4,MDAP_MF-DF-ALS-PCI,0.66666666666666663
HSMGP,solver,2,10,1,4,MDA_MF-DF-ALS,0.66666666666666663
HSMGP,solver,2,10,1,4,MDP_MF-DF-PCI,0.66666666666666663
HSMGP,solver,2,10,1,4,MD_MF-DF,0.66666666666666663
HSMGP,solver,2,10,1,4,PCI,0.68333333333333335
HSMGP,solver,2,10,2,4,ALS,0.43421998562185476
HSMGP,solver,2,10,2,4,AP_ALS-PCI,0.43421998562185476
HSMGP,solver,2,10,2,4,Default,0.44331742243436756
HSMGP,solver,2,10,2,4,MDAP_MF-DF-ALS-PCI,0.42483171278982795
HSMGP,solver,2,10,2,4,MDA_MF-DF-ALS,0.42483171278982795
HSMGP,solver,2,10,2,4,MDP_MF-DF-PCI,0.42483171278982795
HSMGP,solver,2,10,2,4,MD_MF-DF,0.42483171278982795
HSMGP,solver,2,10,2,4,PCI,0.44768856447688565
HSMGP,solver,2,10,3,4,ALS,0.27700574393181399
HSMGP,solver,2,10,3,4,AP_ALS-PCI,0.27700574393181399
HSMGP,solver,2,10,3,4,Default,0.28175789437515031
HSMGP,solver,2,10,3,4,MDAP_MF-DF-ALS-PCI,0.26724606192286798
HSMGP,solver,2,10,3,4,MDA_MF-DF-ALS,0.26724606192286798
HSMGP,solver,2,10,3,4,MDP_MF-DF-PCI,0.26724606192286798
HSMGP,solver,2,10,3,4,MD_MF-DF,0.26724606192286798
HSMGP,solver,2,10,3,4,PCI,0.29025323374020767
HSQLDB,random,2,10,1,1,ALS,1
HSQLDB,random,2,10,1,1,AP_ALS-PCI,1
HSQLDB,random,2,10,1,1,Default,1
HSQLDB,random,2,10,1,1,MDAP_MF-DF-ALS-PCI,1
HSQLDB,random,2,10,1,1,MDA_MF-DF-ALS,1
HSQLDB,random,2,10,1,1,MDP_MF-DF-PCI,1
HSQLDB,random,2,10,1,1,MD_MF-DF,1
HSQLDB,random,2,10,1,1,PCI,1
HSQLDB,random,2,10,2,1,ALS,0.91623036649214662
HSQLDB,random,2,10,2,1,AP_ALS-PCI,0.91397849462365588
HSQLDB,random,2,10,2,1,Default,0.92585170340681366
HSQLDB,random,2,10,2,1,MDAP_MF-DF-ALS-PCI,0.90830945558739251
HSQLDB,random,2,10,2,1,MDA_MF-DF-ALS,0.90960451977401124
HSQLDB,random,2,10,2,1,MDP_MF-DF-PCI,0.9077306733167082
HSQLDB,random,2,10,2,1,MD_MF-DF,0.90886699507389157
HSQLDB,random,2,10,2,1,PCI,0.92323651452282163
HSQLDB,random,2,10,3,1,ALS,0.7422442244224422
HSQLDB,random,2,10,3,1,AP_ALS-PCI,0.73101719197707737
HSQLDB,random,2,10,3,1,Default,0.77724603001957804
HSQLDB,random,2,10,3,1,MDAP_MF-DF-ALS-PCI,0.71562499999999996
HSQLDB,random,2,10,3,1,MDA_MF-DF-ALS,0.72010463378176381
HSQLDB,random,2,10,3,1,MDP_MF-DF-PCI,0.71839443742098608
HSQLDB,random,2,10,3,1,MD_MF-DF,0.722323600973236
HSQLDB,random,2,10,3,1,PCI,0.76480541455160744
HSQLDB,random,2,10,1,2,ALS,1
HSQLDB,random,2,10,1,2,AP_ALS-PCI,1
HSQLDB,random,2,10,1,2,Default,1
HSQLDB,random,2,10,1,2,MDAP_MF-DF-ALS-PCI,1
HSQLDB,random,2,10,1,2,MDA_MF-DF-ALS,1
HSQLDB,random,2,10,1,2,MDP_MF-DF-PCI,1
HSQLDB,random,2,10,1,2,MD_MF-DF,1
HSQLDB,random,2,10,1,2,PCI,1
HSQLDB,random,2,10,2,2,ALS,0.93455497382198949
HSQLDB,random,2,10,2,2,AP_ALS-PCI,0.93279569892473113
HSQLDB,random,2,10,2,2,Default,0.93987975951903813
HSQLDB,random,2,10,2,2,MDAP_MF-DF-ALS-PCI,0.92836676217765046
HSQLDB,random,2,10,2,2,MDA_MF-DF-ALS,0.92937853107344637
HSQLDB,random,2,10,2,2,MDP_MF-DF-PCI,0.92518703241895262
HSQLDB,random,2,10,2,2,MD_MF-DF,0.92610837438423643
HSQLDB,random,2,10,2,2,PCI,0.93775933609958506
HSQLDB,random,2,10,3,2,ALS,0.76600660066006598
HSQLDB,random,2,10,3,2,AP_ALS-PCI,0.75358166189111753
HSQLDB,random,2,10,3,2,Default,0.79943441374809654
HSQLDB,random,2,10,3,2,MDAP_MF-DF-ALS-PCI,0.73945312500000004
HSQLDB,random,2,10,3,2,MDA_MF-DF-ALS,0.74439461883408076
HSQLDB,random,2,10,3,2,MDP_MF-DF-PCI,0.7424146649810367
HSQLDB,random,2,10,3,2,MD_MF-DF,0.74695863746958635
HSQLDB,random,2,10,3,2,PCI,0.78607686729514137
HSQLDB,random,2,10,1,3,ALS,0.93103448275862066
HSQLDB,random,2,10,1,3,AP_ALS-PCI,0.93103448275862066
HSQLDB,random,2,10,1,3,Default,0.93939393939393945
HSQLDB,random,2,10,1,3,MDAP_MF-DF-ALS-PCI,0.9285714285714286
HSQLDB,random,2,10,1,3,MDA_MF-DF-ALS,0.9285714285714286
HSQLDB,random,2,10,1,3,MDP_MF-DF-PCI,0.93333333333333335
HSQLDB,random,2,10,1,3,MD_MF-DF,0.93333333333333335
HSQLDB,random,2,10,1,3,PCI,0.93939393939393945
HSQLDB,random,2,10,2,3,ALS,0.80628272251308897
HSQLDB,random,2,10,2,3,AP_ALS-PCI,0.80376344086021501
HSQLDB,random,2,10,2,3,Default,0.8236472945891784
HSQLDB,random,2,10,2,3,MDAP_MF-DF-ALS-PCI,0.79656160458452718
HSQLDB,random,2,10,2,3,MDA_MF-DF-ALS,0.79661016949152541
HSQLDB,random,2,10,2,3,MDP_MF-DF-PCI,0.79800498753117211
HSQLDB,random,2,10,2,3,MD_MF-DF,0.79802955665024633
HSQLDB,random,2,10,2,3,PCI,0.82157676348547715
HSQLDB,random,2,10,3,3,ALS,0.63399339933993404
HSQLDB,random,2,10,3,3,AP_ALS-PCI,0.62679083094555876
HSQLDB,random,2,10,3,3,Default,0.67065477485316516
HSQLDB,random,2,10,3,3,MDAP_MF-DF-ALS-PCI,0.61367187499999998
HSQLDB,random,2,10,3,3,MDA_MF-DF-ALS,0.61248131539611361
HSQLDB,random,2,10,3,3,MDP_MF-DF-PCI,0.61725663716814161
HSQLDB,random,2,10,3,3,MD_MF-DF,0.61618004866180054
HSQLDB,random,2,10,3,3,PCI,0.66255740875030211
HSQLDB,random,2,10,1,4,ALS,1
HSQLDB,random,2,10,1,4,AP_ALS-PCI,1
HSQLDB,random,2,10,1,4,Default,1
HSQLDB,random,2,10,1,4,MDAP_MF-DF-ALS-PCI,1
HSQLDB,random,2,10,1,4,MDA_MF-DF-ALS,1
HSQLDB,random,2,10,1,4,MDP_MF-DF-PCI,1
HSQLDB,random,2,10,1,4,MD_MF-DF,1
HSQLDB,random,2,10,1,4,PCI,1
HSQLDB,random,2,10,2,4,ALS,0.95026178010471207
HSQLDB,random,2,10,2,4,AP_ALS-PCI,0.94892473118279574
HSQLDB,random,2,10,2,4,Default,0.95791583166332661
HSQLDB,random,2,10,2,4,MDAP_MF-DF-ALS-PCI,0.94555873925501432
HSQLDB,random,2,10,2,4,MDA_MF-DF-ALS,0.9463276836158192
HSQLDB,random,2,10,2,4,MDP_MF-DF-PCI,0.94763092269326688
HSQLDB,random,2,10,2,4,MD_MF-DF,0.94827586206896552
HSQLDB,random,2,10,2,4,PCI,0.95643153526970959
HSQLDB,random,2,10,3,4,ALS,0.78415841584158419
HSQLDB,random,2,10,3,4,AP_ALS-PCI,0.77435530085959881
HSQLDB,random,2,10,3,4,Default,0.81879486621709807
HSQLDB,random,2,10,3,4,MDAP_MF-DF-ALS-PCI,0.75820312499999998
HSQLDB,random,2,10,3,4,MDA_MF-DF-ALS,0.76270553064275037
HSQLDB,random,2,10,3,4,MDP_MF-DF-PCI,0.76201011378002526
HSQLDB,random,2,10,3,4,MD_MF-DF,0.76581508515815089
HSQLDB,random,2,10,3,4,PCI,0.8073483200386754
HSQLDB,distance,2,10,1,1,ALS,0.86206896551724133
HSQLDB,distance,2,10,1,1,AP_ALS-PCI,0.86206896551724133
HSQLDB,distance,2,10,1,1,Default,0.84848484848484851
HSQLDB,distance,2,10,1,1,MDAP_MF-DF-ALS-PCI,0.8571428571428571
HSQLDB,distance,2,10,1,1,MDA_MF-DF-ALS,0.8571428571428571
HSQLDB,distance,2,10,1,1,MDP_MF-DF-PCI,0.83333333333333337
HSQLDB,distance,2,10,1,1,MD_MF-DF,0.83333333333333337
HSQLDB,distance,2,10,1,1,PCI,0.84848484848484851
HSQLDB,distance,2,10,2,1,ALS,0.62827225130890052
HSQLDB,distance,2,10,2,1,AP_ALS-PCI,0.62634408602150538
HSQLDB,distance,2,10,2,1,Default,0.60521042084168342
HSQLDB,distance,2,10,2,1,MDAP_MF-DF-ALS-PCI,0.61318051575931232
HSQLDB,distance,2,10,2,1,MDA_MF-DF-ALS,0.61016949152542377
HSQLDB,distance,2,10,2,1,MDP_MF-DF-PCI,0.58603491271820451
HSQLDB,distance,2,10,2,1,MD_MF-DF,0.58374384236453203
HSQLDB,distance,2,10,2,1,PCI,0.60373443983402486
HSQLDB,distance,2,10,3,1,ALS,0.41122112211221123
HSQLDB,distance,2,10,3,1,AP_ALS-PCI,0.40687679083094558
HSQLDB,distance,2,10,3,1,Default,0.39025451381335652
HSQLDB,distance,2,10,3,1,MDAP_MF-DF-ALS-PCI,0.39218750000000002
HSQLDB,distance,2,10,3,1,MDA_MF-DF-ALS,0.38527653213751867
HSQLDB,distance,2,10,3,1,MDP_MF-DF-PCI,0.37294563843236411
HSQLDB,distance,2,10,3,1,MD_MF-DF,0.36770072992700731
HSQLDB,distance,2,10,3,1,PCI,0.38747884940778343
HSQLDB,distance,2,10,1,2,ALS,0.86206896551724133
HSQLDB,distance,2,10,1,2,AP_ALS-PCI,0.86206896551724133
HSQLDB,distance,2,10,1,2,Default,0.84848484848484851
HSQLDB,distance,2,10,1,2,MDAP_MF-DF-ALS-PCI,0.8571428571428571
HSQLDB,distance,2,10,1,2,MDA_MF-DF-ALS,0.8571428571428571
HSQLDB,distance,2,10,1,2,MDP_MF-DF-PCI,0.83333333333333337
HSQLDB,distance,2,10,1,2,MD_MF-DF,0.83333333333333337
HSQLDB,distance,2,10,1,2,PCI,0.84848484848484851
HSQLDB,distance,2,10,2,2,ALS,0.59162303664921467
HSQLDB,distance,2,10,2,2,AP_ALS-PCI,0.58870967741935487
HSQLDB,distance,2,10,2,2,Default,0.59919839679358722
HSQLDB,distance,2,10,2,2,MDAP_MF-DF-ALS-PCI,0.5902578796561605
HSQLDB,distance,2,10,2,2,MDA_MF-DF-ALS,0.58757062146892658
HSQLDB,distance,2,10,2,2,MDP_MF-DF-PCI,0.56608478802992523
HSQLDB,distance,2,10,2,2,MD_MF-DF,0.56403940886699511
HSQLDB,distance,2,10,2,2,PCI,0.59751037344398339
HSQLDB,distance,2,10,3,2,ALS,0.3547854785478548
HSQLDB,distance,2,10,3,2,AP_ALS-PCI,0.35207736389684813
HSQLDB,distance,2,10,3,2,Default,0.38068305416576026
HSQLDB,distance,2,10,3,2,MDAP_MF-DF-ALS-PCI,0.36093750000000002
HSQLDB,distance,2,10,3,2,MDA_MF-DF-ALS,0.35538116591928254
HSQLDB,distance,2,10,3,2,MDP_MF-DF-PCI,0.34450063211125159
HSQLDB,distance,2,10,3,2,MD_MF-DF,0.34032846715328469
HSQLDB,distance,2,10,3,2,PCI,0.38022721779066959
HSQLDB,distance,2,10,1,3,ALS,0.86206896551724133
HSQLDB,distance,2,10,1,3,AP_ALS-PCI,0.86206896551724133
HSQLDB,distance,2,10,1,3,Default,0.84848484848484851
HSQLDB,distance,2,10,1,3,MDAP_MF-DF-ALS-PCI,0.8571428571428571
HSQLDB,distance,2,10,1,3,MDA_MF-DF-ALS,0.8571428571428571
HSQLDB,distance,2,10,1,3,MDP_MF-DF-PCI,0.83333333333333337
HSQLDB,distance,2,10,1,3,MD_MF-DF,0.83333333333333337
HSQLDB,distance,2,10,1,3,PCI,0.84848484848484851
HSQLDB,distance,2,10,2,3,ALS,0.6413612565445026
HSQLDB,distance,2,10,2,3,AP_ALS-PCI,0.63978494623655913
HSQLDB,distance,2,10,2,3,Default,0.63326653306613223
HSQLDB,distance,2,10,2,3,MDAP_MF-DF-ALS-PCI,0.6275071633237822
HSQLDB,distance,2,10,2,3,MDA_MF-DF-ALS,0.62429378531073443
HSQLDB,distance,2,10,2,3,MDP_MF-DF-PCI,0.59850374064837908
HSQLDB,distance,2,10,2,3,MD_MF-DF,0.59605911330049266
HSQLDB,distance,2,10,2,3,PCI,0.63278008298755184
HSQLDB,distance,2,10,3,3,ALS,0.42376237623762375
HSQLDB,distance,2,10,3,3,AP_ALS-PCI,0.41726361031518627
HSQLDB,distance,2,10,3,3,Default,0.42592995431803349
HSQLDB,distance,2,10,3,3,MDAP_MF-DF-ALS-PCI,0.40507812500000001
HSQLDB,distance,2,10,3,3,MDA_MF-DF-ALS,0.39947683109118087
HSQLDB,distance,2,10,3,3,MDP_MF-DF-PCI,0.38400758533501894
HSQLDB,distance,2,10,3,3,MD_MF-DF,0.37986618004866179
HSQLDB,distance,2,10,3,3,PCI,0.4227701232777375
HSQLDB,distance,2,10,1,4,ALS,0.86206896551724133
HSQLDB,distance,2,10,1,4,AP_ALS-PCI,0.86206896551724133
HSQLDB,distance,2,10,1,4,Default,0.84848484848484851
HSQLDB,distance,2,10,1,4,MDAP_MF-DF-ALS-PCI,0.8571428571428571
HSQLDB,distance,2,10,1,4,MDA_MF-DF-ALS,0.8571428571428571
HSQLDB,distance,2,10,1,4,MDP_MF-DF-PCI,0.83333333333333337
HSQLDB,distance,2,10,1,4,MD_MF-DF,0.83333333333333337
HSQLDB,distance,2,10,1,4,PCI,0.84848484848484851
HSQLDB,distance,2,10,2,4,ALS,0.61256544502617805
HSQLDB,distance,2,10,2,4,AP_ALS-PCI,0.61021505376344087
HSQLDB,distance,2,10,2,4,Default,0.6112224448897795
HSQLDB,distance,2,10,2,4,MDAP_MF-DF-ALS-PCI,0.60171919770773641
HSQLDB,distance,2,10,2,4,MDA_MF-DF-ALS,0.59887005649717517
HSQLDB,distance,2,10,2,4,MDP_MF-DF-PCI,0.57605985037406482
HSQLDB,distance,2,10,2,4,MD_MF-DF,0.57389162561576357
HSQLDB,distance,2,10,2,4,PCI,0.60995850622406644
HSQLDB,distance,2,10,3,4,ALS,0.3825082508250825
HSQLDB,distance,2,10,3,4,AP_ALS-PCI,0.37679083094555876
HSQLDB,distance,2,10,3,4,Default,0.39634544268000871
HSQLDB,distance,2,10,3,4,MDAP_MF-DF-ALS-PCI,0.37109375
HSQLDB,distance,2,10,3,4,MDA_MF-DF-ALS,0.36509715994020925
HSQLDB,distance,2,10,3,4,MDP_MF-DF-PCI,0.3552465233881163
HSQLDB,distance,2,10,3,4,MD_MF-DF,0.35066909975669097
HSQLDB,distance,2,10,3,4,PCI,0.39328015470147448
HSQLDB,solver,2,10,1,1,ALS,0.62068965517241381
HSQLDB,solver,2,10,1,1,AP_ALS-PCI,0.62068965517241381
HSQLDB,solver,2,10,1,1,Default,0.63636363636363635
HSQLDB,solver,2,10,1,1,MDAP_MF-DF-ALS-PCI,0.6071428571428571
HSQLDB,solver,2,10,1,1,MDA_MF-DF-ALS,0.6071428571428571
HSQLDB,solver,2,10,1,1,MDP_MF-DF-PCI,0.59999999999999998
HSQLDB,solver,2,10,1,1,MD_MF-DF,0.59999999999999998
HSQLDB,solver,2,10,1,1,PCI,0.63636363636363635
HSQLDB,solver,2,10,2,1,ALS,0.36125654450261779
HSQLDB,solver,2,10,2,1,AP_ALS-PCI,0.36290322580645162
HSQLDB,solver,2,10,2,1,Default,0.38677354709418837
HSQLDB,solver,2,10,2,1,MDAP_MF-DF-ALS-PCI,0.35816618911174786
HSQLDB,solver,2,10,2,1,MDA_MF-DF-ALS,0.35310734463276838
HSQLDB,solver,2,10,2,1,MDP_MF-DF-PCI,0.35162094763092272
HSQLDB,solver,2,10,2,1,MD_MF-DF,0.34729064039408869
HSQLDB,solver,2,10,2,1,PCI,0.38796680497925312
HSQLDB,solver,2,10,3,1,ALS,0.20264026402640264
HSQLDB,solver,2,10,3,1,AP_ALS-PCI,0.2080945558739255
HSQLDB,solver,2,10,3,1,Default,0.22906243202088319
HSQLDB,solver,2,10,3,1,MDAP_MF-DF-ALS-PCI,0.20976562500000001
HSQLDB,solver,2,10,3,1,MDA_MF-DF-ALS,0.20067264573991031
HSQLDB,solver,2,10,3,1,MDP_MF-DF-PCI,0.20512010113780024
HSQLDB,solver,2,10,3,1,MD_MF-DF,0.19738442822384428
HSQLDB,solver,2,10,3,1,PCI,0.23495286439448876
HSQLDB,solver,2,10,1,2,ALS,0.62068965517241381
HSQLDB,solver,2,10,1,2,AP_ALS-PCI,0.62068965517241381
HSQLDB,solver,2,10,1,2,Default,0.63636363636363635
HSQLDB,solver,2,10,1,2,MDAP_MF-DF-ALS-PCI,0.6071428571428571
HSQLDB,solver,2,10,1,2,MDA_MF-DF-ALS,0.6071428571428571
HSQLDB,solver,2,10,1,2,MDP_MF-DF-PCI,0.59999999999999998
HSQLDB,solver,2,10,1,2,MD_MF-DF,0.59999999999999998
HSQLDB,solver,2,10,1,2,PCI,0.63636363636363635
HSQLDB,solver,2,10,2,2,ALS,0.36125654450261779
HSQLDB,solver,2,10,2,2,AP_ALS-PCI,0.36290322580645162
HSQLDB,solver,2,10,2,2,Default,0.38677354709418837
HSQLDB,solver,2,10,2,2,MDAP_MF-DF-ALS-PCI,0.35816618911174786
HSQLDB,solver,2,10,2,2,MDA_MF-DF-ALS,0.35310734463276838
HSQLDB,solver,2,10,2,2,MDP_MF-DF-PCI,0.35162094763092272
HSQLDB,solver,2,10,2,2,MD_MF-DF,0.34729064039408869
HSQLDB,solver,2,10,2,2,PCI,0.38796680497925312
HSQLDB,solver,2,10,3,2,ALS,0.20264026402640264
HSQLDB,solver,2,10,3,2,AP_ALS-PCI,0.2080945558739255
HSQLDB,solver,2,10,3,2,Default,0.22906243202088319
HSQLDB,solver,2,10,3,2,MDAP_MF-DF-ALS-PCI,0.20976562500000001
HSQLDB,solver,2,10,3,2,MDA_MF-DF-ALS,0.20067264573991031
HSQLDB,solver,2,10,3,2,MDP_MF-DF-PCI,0.20512010113780024
HSQLDB,solver,2,10,3,2,MD_MF-DF,0.19738442822384428
HSQLDB,solver,2,10,3,2,PCI,0.23495286439448876
HSQLDB,solver,2,10,1,3,ALS,0.62068965517241381
HSQLDB,solver,2,10,1,3,AP_ALS-PCI,0.62068965517241381
HSQLDB,solver,2,10,1,3,Default,0.63636363636363635
HSQLDB,solver,2,10,1,3,MDAP_MF-DF-ALS-PCI,0.6071428571428571
HSQLDB,solver,2,10,1,3,MDA_MF-DF-ALS,0.6071428571428571
HSQLDB,solver,2,10,1,3,MDP_MF-DF-PCI,0.59999999999999998
HSQLDB,solver,2,10,1,3,MD_MF-DF,0.59999999999999998
HSQLDB,solver,2,10,1,3,PCI,0.63636363636363635
HSQLDB,solver,2,10,2,3,ALS,0.36125654450261779
HSQLDB,solver,2,10,2,3,AP_ALS-PCI,0.36290322580645162
HSQLDB,solver,2,10,2,3,Default,0.38677354709418837
HSQLDB,solver,2,10,2,3,MDAP_MF-DF-ALS-PCI,0.35816618911174786
HSQLDB,solver,2,10,2,3,MDA_MF-DF-ALS,0.35310734463276838
HSQLDB,solver,2,10,2,3,MDP_MF-DF-PCI,0.35162094763092272
HSQLDB,solver,2,10,2,3,MD_MF-DF,0.34729064039408869
HSQLDB,solver,2,10,2,3,PCI,0.38796680497925312
HSQLDB,solver,2,10,3,3,ALS,0.20264026402640264
HSQLDB,solver,2,10,3,3,AP_ALS-PCI,0.2080945558739255
HSQLDB,solver,2,10,3,3,Default,0.22906243202088319
HSQLDB,solver,2,10,3,3,MDAP_MF-DF-ALS-PCI,0.20976562500000001
HSQLDB,solver,2,10,3,3,MDA_MF-DF-ALS,0.20067264573991031
HSQLDB,solver,2,10,3,3,MDP_MF-DF-PCI,0.20512010113780024
HSQLDB,solver,2,10,3,3,MD_MF-DF,0.19738442822384428
HSQLDB,solver,2,10,3,3,PCI,0.23495286439448876
HSQLDB,solver,2,10,1,4,ALS,0.62068965517241381
HSQLDB,solver,2,10,1,4,AP_ALS-PCI,0.62068965517241381
HSQLDB,solver,2,10,1,4,Default,0.63636363636363635
HSQLDB,solver,2,10,1,4,MDAP_MF-DF-ALS-PCI,0.6071428571428571
HSQLDB,solver,2,10,1,4,MDA_MF-DF-ALS,0.6071428571428571
HSQLDB,solver,2,10,1,4,MDP_MF-DF-PCI,0.59999999999999998
HSQLDB,solver,2,10,1,4,MD_MF-DF,0.59999999999999998
HSQLDB,solver,2,10,1,4,PCI,0.63636363636363635
HSQLDB,solver,2,10,2,4,ALS,0.36125654450261779
HSQLDB,solver,2,10,2,4,AP_ALS-PCI,0.36290322580645162
HSQLDB,solver,2,10,2,4,Default,0.38677354709418837
HSQLDB,solver,2,10,2,4,MDAP_MF-DF-ALS-PCI,0.35816618911174786
HSQLDB,solver,2,10,2,4,MDA_MF-DF-ALS,0.35310734463276838
HSQLDB,solver,2,10,2,4,MDP_MF-DF-PCI,0.35162094763092272
HSQLDB,solver,2,10,2,4,MD_MF-DF,0.34729064039408869
HSQLDB,solver,2,10,2,4,PCI,0.38796680497925312
HSQLDB,solver,2,10,3,4,ALS,0.20264026402640264
HSQLDB,solver,2,10,3,4,AP_ALS-PCI,0.2080945558739255
HSQLDB,solver,2,10,3,4,Default,0.22906243202088319
HSQLDB,solver,2,10,3,4,MDAP_MF-DF-ALS-PCI,0.20976562500000001
HSQLDB,solver,2,10,3,4,MDA_MF-DF-ALS,0.20067264573991031
HSQLDB,solver,2,10,3,4,MDP_MF-DF-PCI,0.20512010113780024
HSQLDB,solver,2,10,3,4,MD_MF-DF,0.19738442822384428
HSQLDB,solver,2,10,3,4,PCI,0.23495286439448876
HyTeG,random,2,10,1,1,ALS,1
HyTeG,random,2,10,1,1,AP_ALS-PCI,1
HyTeG,random,2,10,1,1,Default,1
HyTeG,random,2,10,1,1,MDAP_MF-DF-ALS-PCI,1
HyTeG,random,2,10,1,1,MDA_MF-DF-ALS,1
HyTeG,random,2,10,1,1,MDP_MF-DF-PCI,1
HyTeG,random,2,10,1,1,MD_MF-DF,1
HyTeG,random,2,10,1,1,PCI,1
HyTeG,random,2,10,2,1,ALS,0.88
HyTeG,random,2,10,2,1,AP_ALS-PCI,0.88
HyTeG,random,2,10,2,1,Default,0.9178082191780822
HyTeG,random,2,10,2,1,MDAP_MF-DF-ALS-PCI,0.84999999999999998
HyTeG,random,2,10,2,1,MDA_MF-DF-ALS,0.84999999999999998
HyTeG,random,2,10,2,1,MDP_MF-DF-PCI,0.84999999999999998
HyTeG,random,2,10,2,1,MD_MF-DF,0.84999999999999998
HyTeG,random,2,10,2,1,PCI,0.90909090909090906
HyTeG,random,2,10,3,1,ALS,0.69166666666666665
HyTeG,random,2,10,3,1,AP_ALS-PCI,0.69166666666666665
HyTeG,random,2,10,3,1,Default,0.78787878787878785
HyTeG,random,2,10,3,1,MDAP_MF-DF-ALS-PCI,0.61250000000000004
HyTeG,random,2,10,3,1,MDA_MF-DF-ALS,0.61250000000000004
HyTeG,random,2,10,3,1,MDP_MF-DF-PCI,0.61250000000000004
HyTeG,random,2,10,3,1,MD_MF-DF,0.61250000000000004
HyTeG,random,2,10,3,1,PCI,0.72189349112426038
HyTeG,random,2,10,1,2,ALS,1
HyTeG,random,2,10,1,2,AP_ALS-PCI,1
HyTeG,random,2,10,1,2,Default,1
HyTeG,random,2,10,1,2,MDAP_MF-DF-ALS-PCI,1
HyTeG,random,2,10,1,2,MDA_MF-DF-ALS,1
HyTeG,random,2,10,1,2,MDP_MF-DF-PCI,1
HyTeG,random,2,10,1,2,MD_MF-DF,1
HyTeG,random,2,10,1,2,PCI,1
HyTeG,random,2,10,2,2,ALS,0.97999999999999998
HyTeG,random,2,10,2,2,AP_ALS-PCI,0.97999999999999998
HyTeG,random,2,10,2,2,Default,0.98630136986301364
HyTeG,random,2,10,2,2,MDAP_MF-DF-ALS-PCI,0.97499999999999998
HyTeG,random,2,10,2,2,MDA_MF-DF-ALS,0.97499999999999998
HyTeG,random,2,10,2,2,MDP_MF-DF-PCI,0.97499999999999998
HyTeG,random,2,10,2,2,MD_MF-DF,0.97499999999999998
HyTeG,random,2,10,2,2,PCI,0.98484848484848486
HyTeG,random,2,10,3,2,ALS,0.81666666666666665
HyTeG,random,2,10,3,2,AP_ALS-PCI,0.81666666666666665
HyTeG,random,2,10,3,2,Default,0.89610389610389607
HyTeG,random,2,10,3,2,MDAP_MF-DF-ALS-PCI,0.73750000000000004
HyTeG,random,2,10,3,2,MDA_MF-DF-ALS,0.73750000000000004
HyTeG,random,2,10,3,2,MDP_MF-DF-PCI,0.73750000000000004
HyTeG,random,2,10,3,2,MD_MF-DF,0.73750000000000004
HyTeG,random,2,10,3,2,PCI,0.86390532544378695
HyTeG,random,2,10,1,3,ALS,1
HyTeG,random,2,10,1,3,AP_ALS-PCI,1
HyTeG,random,2,10,1,3,Default,1
HyTeG,random,2,10,1,3,MDAP_MF-DF-ALS-PCI,1
HyTeG,random,2,10,1,3,MDA_MF-DF-ALS,1
HyTeG,random,2,10,1,3,MDP_MF-DF-PCI,1
HyTeG,random,2,10,1,3,MD_MF-DF,1
HyTeG,random,2,10,1,3,PCI,1
HyTeG,random,2,10,2,3,ALS,0.93999999999999995
HyTeG,random,2,10,2,3,AP_ALS-PCI,0.93999999999999995
HyTeG,random,2,10,2,3,Default,0.95890410958904104
HyTeG,random,2,10,2,3,MDAP_MF-DF-ALS-PCI,0.92500000000000004
HyTeG,random,2,10,2,3,MDA_MF-DF-ALS,0.92500000000000004
HyTeG,random,2,10,2,3,MDP_MF-DF-PCI,0.92500000000000004
HyTeG,random,2,10,2,3,MD_MF-DF,0.92500000000000004
HyTeG,random,2,10,2,3,PCI,0.95454545454545459
HyTeG,random,2,10,3,3,ALS,0.77500000000000002
HyTeG,random,2,10,3,3,AP_ALS-PCI,0.77500000000000002
HyTeG,random,2,10,3,3,Default,0.8571428571428571
HyTeG,random,2,10,3,3,MDAP_MF-DF-ALS-PCI,0.69999999999999996
HyTeG,random,2,10,3,3,MDA_MF-DF-ALS,0.69999999999999996
HyTeG,random,2,10,3,3,MDP_MF-DF-PCI,0.69999999999999996
HyTeG,random,2,10,3,3,MD_MF-DF,0.69999999999999996
HyTeG,random,2,10,3,3,PCI,0.81656804733727806
HyTeG,random,2,10,1,4,ALS,1
HyTeG,random,2,10,1,4,AP_ALS-PCI,1
HyTeG,random,2,10,1,4,Default,1
HyTeG,random,2,10,1,4,MDAP_MF-DF-ALS-PCI,1
HyTeG,random,2,10,1,4,MDA_MF-DF-ALS,1
HyTeG,random,2,10,1,4,MDP_MF-DF-PCI,1
HyTeG,random,2,10,1,4,MD_MF-DF,1
HyTeG,random,2,10,1,4,PCI,1
HyTeG,random,2,10,2,4,ALS,0.93999999999999995
HyTeG,random,2,10,2,4,AP_ALS-PCI,0.93999999999999995
HyTeG,random,2,10,2,4,Default,0.95890410958904104
HyTeG,random,2,10,2,4,MDAP_MF-DF-ALS-PCI,0.92500000000000004
HyTeG,random,2,10,2,4,MDA_MF-DF-ALS,0.92500000000000004
HyTeG,random,2,10,2,4,MDP_MF-DF-PCI,0.92500000000000004
HyTeG,random,2,10,2,4,MD_MF-DF,0.92500000000000004
HyTeG,random,2,10,2,4,PCI,0.95454545454545459
HyTeG,random,2,10,3,4,ALS,0.77500000000000002
HyTeG,random,2,10,3,4,AP_ALS-PCI,0.77500000000000002
HyTeG,random,2,10,3,4,Default,0.8571428571428571
HyTeG,random,2,10,3,4,MDAP_MF-DF-ALS-PCI,0.69999999999999996
HyTeG,random,2,10,3,4,MDA_MF-DF-ALS,0.69999999999999996
HyTeG,random,2,10,3,4,MDP_MF-DF-PCI,0.69999999999999996
HyTeG,random,2,10,3,4,MD_MF-DF,0.69999999999999996
HyTeG,random,2,10,3,4,PCI,0.8224852071005917
HyTeG,distance,2,10,1,1,ALS,0.63636363636363635
HyTeG,distance,2,10,1,1,AP_ALS-PCI,0.63636363636363635
HyTeG,distance,2,10,1,1,Default,0.69230769230769229
HyTeG,distance,2,10,1,1,MDAP_MF-DF-ALS-PCI,0.59999999999999998
HyTeG,distance,2,10,1,1,MDA_MF-DF-ALS,0.59999999999999998
HyTeG,distance,2,10,1,1,MDP_MF-DF-PCI,0.59999999999999998
HyTeG,distance,2,10,1,1,MD_MF-DF,0.59999999999999998
HyTeG,distance,2,10,1,1,PCI,0.69230769230769229
HyTeG,distance,2,10,2,1,ALS,0.38
HyTeG,distance,2,10,2,1,AP_ALS-PCI,0.38
HyTeG,distance,2,10,2,1,Default,0.46575342465753422
HyTeG,distance,2,10,2,1,MDAP_MF-DF-ALS-PCI,0.32500000000000001
HyTeG,distance,2,10,2,1,MDA_MF-DF-ALS,0.32500000000000001
HyTeG,distance,2,10,2,1,MDP_MF-DF-PCI,0.32500000000000001
HyTeG,distance,2,10,2,1,MD_MF-DF,0.32500000000000001
HyTeG,distance,2,10,2,1,PCI,0.43939393939393939
HyTeG,distance,2,10,3,1,ALS,0.20833333333333334
HyTeG,distance,2,10,3,1,AP_ALS-PCI,0.20833333333333334
HyTeG,distance,2,10,3,1,Default,0.2943722943722944
HyTeG,distance,2,10,3,1,MDAP_MF-DF-ALS-PCI,0.14999999999999999
HyTeG,distance,2,10,3,1,MDA_MF-DF-ALS,0.14999999999999999
HyTeG,distance,2,10,3,1,MDP_MF-DF-PCI,0.14999999999999999
HyTeG,distance,2,10,3,1,MD_MF-DF,0.14999999999999999
HyTeG,distance,2,10,3,1,PCI,0.23668639053254437
HyTeG,distance,2,10,1,2,ALS,0.63636363636363635
HyTeG,distance,2,10,1,2,AP_ALS-PCI,0.63636363636363635
HyTeG,distance,2,10,1,2,Default,0.69230769230769229
HyTeG,distance,2,10,1,2,MDAP_MF-DF-ALS-PCI,0.59999999999999998
HyTeG,distance,2,10,1,2,MDA_MF-DF-ALS,0.59999999999999998
HyTeG,distance,2,10,1,2,MDP_MF-DF-PCI,0.59999999999999998
HyTeG,distance,2,10,1,2,MD_MF-DF,0.59999999999999998
HyTeG,distance,2,10,1,2,PCI,0.69230769230769229
HyTeG,distance,2,10,2,2,ALS,0.38
HyTeG,distance,2,10,2,2,AP_ALS-PCI,0.38
HyTeG,distance,2,10,2,2,Default,0.45205479452054792
HyTeG,distance,2,10,2,2,MDAP_MF-DF-ALS-PCI,0.32500000000000001
HyTeG,distance,2,10,2,2,MDA_MF-DF-ALS,0.32500000000000001
HyTeG,distance,2,10,2,2,MDP_MF-DF-PCI,0.32500000000000001
HyTeG,distance,2,10,2,2,MD_MF-DF,0.32500000000000001
HyTeG,distance,2,10,2,2,PCI,0.42424242424242425
HyTeG,distance,2,10,3,2,ALS,0.20833333333333334
HyTeG,distance,2,10,3,2,AP_ALS-PCI,0.20833333333333334
HyTeG,distance,2,10,3,2,Default,0.26839826839826841
HyTeG,distance,2,10,3,2,MDAP_MF-DF-ALS-PCI,0.14999999999999999
HyTeG,distance,2,10,3,2,MDA_MF-DF-ALS,0.14999999999999999
HyTeG,distance,2,10,3,2,MDP_MF-DF-PCI,0.14999999999999999
HyTeG,distance,2,10,3,2,MD_MF-DF,0.14999999999999999
HyTeG,distance,2,10,3,2,PCI,0.21301775147928995
HyTeG,distance,2,10,1,3,ALS,0.63636363636363635
HyTeG,distance,2,10,1,3,AP_ALS-PCI,0.63636363636363635
HyTeG,distance,2,10,1,3,Default,0.69230769230769229
HyTeG,distance,2,10,1,3,MDAP_MF-DF-ALS-PCI,0.59999999999999998
HyTeG,distance,2,10,1,3,MDA_MF-DF-ALS,0.59999999999999998
HyTeG,distance,2,10,1,3,MDP_MF-DF-PCI,0.59999999999999998
HyTeG,distance,2,10,1,3,MD_MF-DF,0.59999999999999998
HyTeG,distance,2,10,1,3,PCI,0.69230769230769229
HyTeG,distance,2,10,2,3,ALS,0.38
HyTeG,distance,2,10,2,3,AP_ALS-PCI,0.38
HyTeG,distance,2,10,2,3,Default,0.46575342465753422
HyTeG,distance,2,10,2,3,MDAP_MF-DF-ALS-PCI,0.32500000000000001
HyTeG,distance,2,10,2,3,MDA_MF-DF-ALS,0.32500000000000001
HyTeG,distance,2,10,2,3,MDP_MF-DF-PCI,0.32500000000000001
HyTeG,distance,2,10,2,3,MD_MF-DF,0.32500000000000001
HyTeG,distance,2,10,2,3,PCI,0.43939393939393939
HyTeG,distance,2,10,3,3,ALS,0.20833333333333334
HyTeG,distance,2,10,3,3,AP_ALS-PCI,0.20833333333333334
HyTeG,distance,2,10,3,3,Default,0.29004329004329005
HyTeG,distance,2,10,3,3,MDAP_MF-DF-ALS-PCI,0.14999999999999999
HyTeG,distance,2,10,3,3,MDA_MF-DF-ALS,0.14999999999999999
HyTeG,distance,2,10,3,3,MDP_MF-DF-PCI,0.14999999999999999
HyTeG,distance,2,10,3,3,MD_MF-DF,0.14999999999999999
HyTeG,distance,2,10,3,3,PCI,0.23076923076923078
HyTeG,distance,2,10,1,4,ALS,0.63636363636363635
HyTeG,distance,2,10,1,4,AP_ALS-PCI,0.63636363636363635
HyTeG,distance,2,10,1,4,Default,0.69230769230769229
HyTeG,distance,2,10,1,4,MDAP_MF-DF-ALS-PCI,0.59999999999999998
HyTeG,distance,2,10,1,4,MDA_MF-DF-ALS,0.59999999999999998
HyTeG,distance,2,10,1,4,MDP_MF-DF-PCI,0.59999999999999998
HyTeG,distance,2,10,1,4,MD_MF-DF,0.59999999999999998
HyTeG,distance,2,10,1,4,PCI,0.69230769230769229
HyTeG,distance,2,10,2,4,ALS,0.38
HyTeG,distance,2,10,2,4,AP_ALS-PCI,0.38
HyTeG,distance,2,10,2,4,Default,0.45205479452054792
HyTeG,distance,2,10,2,4,MDAP_MF-DF-ALS-PCI,0.32500000000000001
HyTeG,distance,2,10,2,4,MDA_MF-DF-ALS,0.32500000000000001
HyTeG,distance,2,10,2,4,MDP_MF-DF-PCI,0.32500000000000001
HyTeG,distance,2,10,2,4,MD_MF-DF,0.32500000000000001
HyTeG,distance,2,10,2,4,PCI,0.42424242424242425
HyTeG,distance,2,10,3,4,ALS,0.20833333333333334
HyTeG,distance,2,10,3,4,AP_ALS-PCI,0.20833333333333334
HyTeG,distance,2,10,3,4,Default,0.26839826839826841
HyTeG,distance,2,10,3,4,MDAP_MF-DF-ALS-PCI,0.14999999999999999
HyTeG,distance,2,10,3,4,MDA_MF-DF-ALS,0.14999999999999999
HyTeG,distance,2,10,3,4,MDP_MF-DF-PCI,0.14999999999999999
HyTeG,distance,2,10,3,4,MD_MF-DF,0.14999999999999999
HyTeG,distance,2,10,3,4,PCI,0.21893491124260356
HyTeG,solver,2,10,1,1,ALS,0.63636363636363635
HyTeG,solver,2,10,1,1,AP_ALS-PCI,0.63636363636363635
HyTeG,solver,2,10,1,1,Default,0.69230769230769229
HyTeG,solver,2,10,1,1,MDAP_MF-DF-ALS-PCI,0.59999999999999998
HyTeG,solver,2,10,1,1,MDA_MF-DF-ALS,0.59999999999999998
HyTeG,solver,2,10,1,1,MDP_MF-DF-PCI,0.59999999999999998
HyTeG,solver,2,10,1,1,MD_MF-DF,0.59999999999999998
HyTeG,solver,2,10,1,1,PCI,0.69230769230769229
HyTeG,solver,2,10,2,1,ALS,0.38
HyTeG,solver,2,10,2,1,AP_ALS-PCI,0.38
HyTeG,solver,2,10,2,1,Default,0.46575342465753422
HyTeG,solver,2,10,2,1,MDAP_MF-DF-ALS-PCI,0.32500000000000001
HyTeG,solver,2,10,2,1,MDA_MF-DF-ALS,0.32500000000000001
HyTeG,solver,2,10,2,1,MDP_MF-DF-PCI,0.32500000000000001
HyTeG,solver,2,10,2,1,MD_MF-DF,0.32500000000000001
HyTeG,solver,2,10,2,1,PCI,0.43939393939393939
HyTeG,solver,2,10,3,1,ALS,0.20833333333333334
HyTeG,solver,2,10,3,1,AP_ALS-PCI,0.20833333333333334
HyTeG,solver,2,10,3,1,Default,0.29004329004329005
HyTeG,solver,2,10,3,1,MDAP_MF-DF-ALS-PCI,0.14999999999999999
HyTeG,solver,2,10,3,1,MDA_MF-DF-ALS,0.14999999999999999
HyTeG,solver,2,10,3,1,MDP_MF-DF-PCI,0.14999999999999999
HyTeG,solver,2,10,3,1,MD_MF-DF,0.14999999999999999
HyTeG,solver,2,10,3,1,PCI,0.23668639053254437
HyTeG,solver,2,10,1,2,ALS,0.63636363636363635
HyTeG,solver,2,10,1,2,AP_ALS-PCI,0.63636363636363635
HyTeG,solver,2,10,1,2,Default,0.69230769230769229
HyTeG,solver,2,10,1,2,MDAP_MF-DF-ALS-PCI,0.59999999999999998
HyTeG,solver,2,10,1,2,MDA_MF-DF-ALS,0.59999999999999998
HyTeG,solver,2,10,1,2,MDP_MF-DF-PCI,0.59999999999999998
HyTeG,solver,2,10,1,2,MD_MF-DF,0.59999999999999998
HyTeG,solver,2,10,1,2,PCI,0.69230769230769229
HyTeG,solver,2,10,2,2,ALS,0.38
HyTeG,solver,2,10,2,2,AP_ALS-PCI,0.38
HyTeG,solver,2,10,2,2,Default,0.46575342465753422
HyTeG,solver,2,10,2,2,MDAP_MF-DF-ALS-PCI,0.32500000000000001
HyTeG,solver,2,10,2,2,MDA_MF-DF-ALS,0.32500000000000001
HyTeG,solver,2,10,2,2,MDP_MF-DF-PCI,0.32500000000000001
HyTeG,solver,2,10,2,2,MD_MF-DF,0.32500000000000001
HyTeG,solver,2,10,2,2,PCI,0.43939393939393939
HyTeG,solver,2,10,3,2,ALS,0.20833333333333334
HyTeG,solver,2,10,3,2,AP_ALS-PCI,0.20833333333333334
HyTeG,solver,2,10,3,2,Default,0.29004329004329005
HyTeG,solver,2,10,3,2,MDAP_MF-DF-ALS-PCI,0.14999999999999999
HyTeG,solver,2,10,3,2,MDA_MF-DF-ALS,0.14999999999999999
HyTeG,solver,2,10,3,2,MDP_MF-DF-PCI,0.14999999999999999
HyTeG,solver,2,10,3,2,MD_MF-DF,0.14999999999999999
HyTeG,solver,2,10,3,2,PCI,0.23668639053254437
HyTeG,solver,2,10,1,3,ALS,0.63636363636363635
HyTeG,solver,2,10,1,3,AP_ALS-PCI,0.63636363636363635
HyTeG,solver,2,10,1,3,Default,0.69230769230769229
HyTeG,solver,2,10,1,3,MDAP_MF-DF-ALS-PCI,0.59999999999999998
HyTeG,solver,2,10,1,3,MDA_MF-DF-ALS,0.59999999999999998
HyTeG,solver,2,10,1,3,MDP_MF-DF-PCI,0.59999999999999998
HyTeG,solver,2,10,1,3,MD_MF-DF,0.59999999999999998
HyTeG,solver,2,10,1,3,PCI,0.69230769230769229
HyTeG,solver,2,10,2,3,ALS,0.38
HyTeG,solver,2,10,2,3,AP_ALS-PCI,0.38
HyTeG,solver,2,10,2,3,Default,0.46575342465753422
HyTeG,solver,2,10,2,3,MDAP_MF-DF-ALS-PCI,0.32500000000000001
HyTeG,solver,2,10,2,3,MDA_MF-DF-ALS,0.32500000000000001
HyTeG,solver,2,10,2,3,MDP_MF-DF-PCI,0.32500000000000001
HyTeG,solver,2,10,2,3,MD_MF-DF,0.32500000000000001
HyTeG,solver,2,10,2,3,PCI,0.43939393939393939
HyTeG,solver,2,10,3,3,ALS,0.20833333333333334
HyTeG,solver,2,10,3,3,AP_ALS-PCI,0.20833333333333334
HyTeG,solver,2,10,3,3,Default,0.29004329004329005
HyTeG,solver,2,10,3,3,MDAP_MF-DF-ALS-PCI,0.14999999999999999
HyTeG,solver,2,10,3,3,MDA_MF-DF-ALS,0.14999999999999999
HyTeG,solver,2,10,3,3,MDP_MF-DF-PCI,0.14999999999999999
HyTeG,solver,2,10,3,3,MD_MF-DF,0.14999999999999999
HyTeG,solver,2,10,3,3,PCI,0.23668639053254437
HyTeG,solver,2,10,1,4,ALS,0.63636363636363635
HyTeG,solver,2,10,1,4,AP_ALS-PCI,0.63636363636363635
HyTeG,solver,2,10,1,4,Default,0.69230769230769229
HyTeG,solver,2,10,1,4,MDAP_MF-DF-ALS-PCI,0.59999999999999998
HyTeG,solver,2,10,1,4,MDA_MF-DF-ALS,0.59999999999999998
HyTeG,solver,2,10,1,4,MDP_MF-DF-PCI,0.59999999999999998
HyTeG,solver,2,10,1,4,MD_MF-DF,0.59999999999999998
HyTeG,solver,2,10,1,4,PCI,0.69230769230769229
HyTeG,solver,2,10,2,4,ALS,0.38
HyTeG,solver,2,10,2,4,AP_ALS-PCI,0.38
HyTeG,solver,2,10,2,4,Default,0.46575342465753422
HyTeG,solver,2,10,2,4,MDAP_MF-DF-ALS-PCI,0.32500000000000001
HyTeG,solver,2,10,2,4,MDA_MF-DF-ALS,0.32500000000000001
HyTeG,solver,2,10,2,4,MDP_MF-DF-PCI,0.32500000000000001
HyTeG,solver,2,10,2,4,MD_MF-DF,0.32500000000000001
HyTeG,solver,2,10,2,4,PCI,0.43939393939393939
HyTeG,solver,2,10,3,4,ALS,0.20833333333333334
HyTeG,solver,2,10,3,4,AP_ALS-PCI,0.20833333333333334
HyTeG,solver,2,10,3,4,Default,0.29004329004329005
HyTeG,solver,2,10,3,4,MDAP_MF-DF-ALS-PCI,0.14999999999999999
HyTeG,solver,2,10,3,4,MDA_MF-DF-ALS,0.14999999999999999
HyTeG,solver,2,10,3,4,MDP_MF-DF-PCI,0.14999999999999999
HyTeG,solver,2,10,3,4,MD_MF-DF,0.14999999999999999
HyTeG,solver,2,10,3,4,PCI,0.23668639053254437
PKJab,random,2,10,1,1,ALS,1
PKJab,random,2,10,1,1,AP_ALS-PCI,1
PKJab,random,2,10,1,1,Default,1
PKJab,random,2,10,1,1,MDAP_MF-DF-ALS-PCI,1
PKJab,random,2,10,1,1,MDA_MF-DF-ALS,1
PKJab,random,2,10,1,1,MDP_MF-DF-PCI,1
PKJab,random,2,10,1,1,MD_MF-DF,1
PKJab,random,2,10,1,1,PCI,1
PKJab,random,2,10,2,1,ALS,0.94791666666666663
PKJab,random,2,10,2,1,AP_ALS-PCI,0.9438202247191011
PKJab,random,2,10,2,1,Default,0.96610169491525422
PKJab,random,2,10,2,1,MDAP_MF-DF-ALS-PCI,0.9375
PKJab,random,2,10,2,1,MDA_MF-DF-ALS,0.93902439024390238
PKJab,random,2,10,2,1,MDP_MF-DF-PCI,0.94230769230769229
PKJab,random,2,10,2,1,MD_MF-DF,0.94392523364485981
PKJab,random,2,10,2,1,PCI,0.96385542168674698
PKJab,random,2,10,3,1,ALS,0.81871345029239762
PKJab,random,2,10,3,1,AP_ALS-PCI,0.7904411764705882
PKJab,random,2,10,3,1,Default,0.89009793253536451
PKJab,random,2,10,3,1,MDAP_MF-DF-ALS-PCI,0.77916666666666667
PKJab,random,2,10,3,1,MDA_MF-DF-ALS,0.78076923076923077
PKJab,random,2,10,3,1,MDP_MF-DF-PCI,0.79831932773109249
PKJab,random,2,10,3,1,MD_MF-DF,0.80306905370843995
PKJab,random,2,10,3,1,PCI,0.875
PKJab,random,2,10,1,2,ALS,1
PKJab,random,2,10,1,2,AP_ALS-PCI,1
PKJab,random,2,10,1,2,Default,1
PKJab,random,2,10,1,2,MDAP_MF-DF-ALS-PCI,1
PKJab,random,2,10,1,2,MDA_MF-DF-ALS,1
PKJab,random,2,10,1,2,MDP_MF-DF-PCI,1
PKJab,random,2,10,1,2,MD_MF-DF,1
PKJab,random,2,10,1,2,PCI,1
PKJab,random,2,10,2,2,ALS,0.97916666666666663
PKJab,random,2,10,2,2,AP_ALS-PCI,0.97752808988764039
PKJab,random,2,10,2,2,Default,0.98870056497175141
PKJab,random,2,10,2,2,MDAP_MF-DF-ALS-PCI,0.97499999999999998
PKJab,random,2,10,2,2,MDA_MF-DF-ALS,0.97560975609756095
PKJab,random,2,10,2,2,MDP_MF-DF-PCI,0.98076923076923073
PKJab,random,2,10,2,2,MD_MF-DF,0.98130841121495327
PKJab,random,2,10,2,2,PCI,0.98795180722891562
PKJab,random,2,10,3,2,ALS,0.87134502923976609
PKJab,random,2,10,3,2,AP_ALS-PCI,0.84926470588235292
PKJab,random,2,10,3,2,Default,0.92927094668117516
PKJab,random,2,10,3,2,MDAP_MF-DF-ALS-PCI,0.82916666666666672
PKJab,random,2,10,3,2,MDA_MF-DF-ALS,0.83846153846153848
PKJab,random,2,10,3,2,MDP_MF-DF-PCI,0.84313725490196079
PKJab,random,2,10,3,2,MD_MF-DF,0.8542199488491049
PKJab,random,2,10,3,2,PCI,0.91842105263157892
PKJab,random,2,10,1,3,ALS,1
PKJab,random,2,10,1,3,AP_ALS-PCI,1
PKJab,random,2,10,1,3,Default,1
PKJab,random,2,10,1,3,MDAP_MF-DF-ALS-PCI,1
PKJab,random,2,10,1,3,MDA_MF-DF-ALS,1
PKJab,random,2,10,1,3,MDP_MF-DF-PCI,1
PKJab,random,2,10,1,3,MD_MF-DF,1
PKJab,random,2,10,1,3,PCI,1
PKJab,random,2,10,2,3,ALS,0.96875
PKJab,random,2,10,2,3,AP_ALS-PCI,0.9662921348314607
PKJab,random,2,10,2,3,Default,0.97740112994350281
PKJab,random,2,10,2,3,MDAP_MF-DF-ALS-PCI,0.96250000000000002
PKJab,random,2,10,2,3,MDA_MF-DF-ALS,0.96341463414634143
PKJab,random,2,10,2,3,MDP_MF-DF-PCI,0.96153846153846156
PKJab,random,2,10,2,3,MD_MF-DF,0.96261682242990654
PKJab,random,2,10,2,3,PCI,0.97590361445783136
PKJab,random,2,10,3,3,ALS,0.82748538011695905
PKJab,random,2,10,3,3,AP_ALS-PCI,0.79411764705882348
PKJab,random,2,10,3,3,Default,0.89880304678998912
PKJab,random,2,10,3,3,MDAP_MF-DF-ALS-PCI,0.77083333333333337
PKJab,random,2,10,3,3,MDA_MF-DF-ALS,0.7846153846153846
PKJab,random,2,10,3,3,MDP_MF-DF-PCI,0.78711484593837533
PKJab,random,2,10,3,3,MD_MF-DF,0.80306905370843995
PKJab,random,2,10,3,3,PCI,0.88289473684210529
PKJab,random,2,10,1,4,ALS,1
PKJab,random,2,10,1,4,AP_ALS-PCI,1
PKJab,random,2,10,1,4,Default,1
PKJab,random,2,10,1,4,MDAP_MF-DF-ALS-PCI,1
PKJab,random,2,10,1,4,MDA_MF-DF-ALS,1
PKJab,random,2,10,1,4,MDP_MF-DF-PCI,1
PKJab,random,2,10,1,4,MD_MF-DF,1
PKJab,random,2,10,1,4,PCI,1
PKJab,random,2,10,2,4,ALS,0.88541666666666663
PKJab,random,2,10,2,4,AP_ALS-PCI,0.8764044943820225
PKJab,random,2,10,2,4,Default,0.93220338983050843
PKJab,random,2,10,2,4,MDAP_MF-DF-ALS-PCI,0.86250000000000004
PKJab,random,2,10,2,4,MDA_MF-DF-ALS,0.86585365853658536
PKJab,random,2,10,2,4,MDP_MF-DF-PCI,0.88461538461538458
PKJab,random,2,10,2,4,MD_MF-DF,0.88785046728971961
PKJab,random,2,10,2,4,PCI,0.92771084337349397
PKJab,random,2,10,3,4,ALS,0.72222222222222221
PKJab,random,2,10,3,4,AP_ALS-PCI,0.70588235294117652
PKJab,random,2,10,3,4,Default,0.82698585418933623
PKJab,random,2,10,3,4,MDAP_MF-DF-ALS-PCI,0.6875
PKJab,random,2,10,3,4,MDA_MF-DF-ALS,0.67692307692307696
PKJab,random,2,10,3,4,MDP_MF-DF-PCI,0.71708683473389356
PKJab,random,2,10,3,4,MD_MF-DF,0.71611253196930946
PKJab,random,2,10,3,4,PCI,0.81184210526315792
PKJab,distance,2,10,1,1,ALS,0.80000000000000004
PKJab,distance,2,10,1,1,AP_ALS-PCI,0.80000000000000004
PKJab,distance,2,10,1,1,Default,0.84999999999999998
PKJab,distance,2,10,1,1,MDAP_MF-DF-ALS-PCI,0.7857142857142857
PKJab,distance,2,10,1,1,MDA_MF-DF-ALS,0.7857142857142857
PKJab,distance,2,10,1,1,MDP_MF-DF-PCI,0.8125
PKJab,distance,2,10,1,1,MD_MF-DF,0.8125
PKJab,distance,2,10,1,1,PCI,0.84999999999999998
PKJab,distance,2,10,2,1,ALS,0.5625
PKJab,distance,2,10,2,1,AP_ALS-PCI,0.550561797752809
PKJab,distance,2,10,2,1,Default,0.65536723163841804
PKJab,distance,2,10,2,1,MDAP_MF-DF-ALS-PCI,0.52500000000000002
PKJab,distance,2,10,2,1,MDA_MF-DF-ALS,0.52439024390243905
PKJab,distance,2,10,2,1,MDP_MF-DF-PCI,0.56730769230769229
PKJab,distance,2,10,2,1,MD_MF-DF,0.57009345794392519
PKJab,distance,2,10,2,1,PCI,0.64457831325301207
PKJab,distance,2,10,3,1,ALS,0.35672514619883039
PKJab,distance,2,10,3,1,AP_ALS-PCI,0.33455882352941174
PKJab,distance,2,10,3,1,Default,0.46789989118607184
PKJab,distance,2,10,3,1,MDAP_MF-DF-ALS-PCI,0.30416666666666664
PKJab,distance,2,10,3,1,MDA_MF-DF-ALS,0.30384615384615382
PKJab,distance,2,10,3,1,MDP_MF-DF-PCI,0.34453781512605042
PKJab,distance,2,10,3,1,MD_MF-DF,0.35038363171355497
PKJab,distance,2,10,3,1,PCI,0.43947368421052629
PKJab,distance,2,10,1,2,ALS,0.80000000000000004
PKJab,distance,2,10,1,2,AP_ALS-PCI,0.80000000000000004
PKJab,distance,2,10,1,2,Default,0.84999999999999998
PKJab,distance,2,10,1,2,MDAP_MF-DF-ALS-PCI,0.7857142857142857
PKJab,distance,2,10,1,2,MDA_MF-DF-ALS,0.7857142857142857
PKJab,distance,2,10,1,2,MDP_MF-DF-PCI,0.8125
PKJab,distance,2,10,1,2,MD_MF-DF,0.8125
PKJab,distance,2,10,1,2,PCI,0.84999999999999998
PKJab,distance,2,10,2,2,ALS,0.53125
PKJab,distance,2,10,2,2,AP_ALS-PCI,0.5168539325842697
PKJab,distance,2,10,2,2,Default,0.6271186440677966
PKJab,distance,2,10,2,2,MDAP_MF-DF-ALS-PCI,0.48749999999999999
PKJab,distance,2,10,2,2,MDA_MF-DF-ALS,0.48780487804878048
PKJab,distance,2,10,2,2,MDP_MF-DF-PCI,0.53846153846153844
PKJab,distance,2,10,2,2,MD_MF-DF,0.54205607476635509
PKJab,distance,2,10,2,2,PCI,0.61445783132530118
PKJab,distance,2,10,3,2,ALS,0.31871345029239767
PKJab,distance,2,10,3,2,AP_ALS-PCI,0.3014705882352941
PKJab,distance,2,10,3,2,Default,0.42219804134929273
PKJab,distance,2,10,3,2,MDAP_MF-DF-ALS-PCI,0.26250000000000001
PKJab,distance,2,10,3,2,MDA_MF-DF-ALS,0.26538461538461539
PKJab,distance,2,10,3,2,MDP_MF-DF-PCI,0.30252100840336132
PKJab,distance,2,10,3,2,MD_MF-DF,0.31202046035805625
PKJab,distance,2,10,3,2,PCI,0.39210526315789473
PKJab,distance,2,10,1,3,ALS,0.80000000000000004
PKJab,distance,2,10,1,3,AP_ALS-PCI,0.80000000000000004
PKJab,distance,2,10,1,3,Default,0.84999999999999998
PKJab,distance,2,10,1,3,MDAP_MF-DF-ALS-PCI,0.7857142857142857
PKJab,distance,2,10,1,3,MDA_MF-DF-ALS,0.7857142857142857
PKJab,distance,2,10,1,3,MDP_MF-DF-PCI,0.8125
PKJab,distance,2,10,1,3,MD_MF-DF,0.8125
PKJab,distance,2,10,1,3,PCI,0.84999999999999998
PKJab,distance,2,10,2,3,ALS,0.5625
PKJab,distance,2,10,2,3,AP_ALS-PCI,0.550561797752809
PKJab,distance,2,10,2,3,Default,0.65536723163841804
PKJab,distance,2,10,2,3,MDAP_MF-DF-ALS-PCI,0.52500000000000002
PKJab,distance,2,10,2,3,MDA_MF-DF-ALS,0.52439024390243905
PKJab,distance,2,10,2,3,MDP_MF-DF-PCI,0.56730769230769229
PKJab,distance,2,10,2,3,MD_MF-DF,0.57009345794392519
PKJab,distance,2,10,2,3,PCI,0.64457831325301207
PKJab,distance,2,10,3,3,ALS,0.35672514619883039
PKJab,distance,2,10,3,3,AP_ALS-PCI,0.33455882352941174
PKJab,distance,2,10,3,3,Default,0.46572361262241568
PKJab,distance,2,10,3,3,MDAP_MF-DF-ALS-PCI,0.30416666666666664
PKJab,distance,2,10,3,3,MDA_MF-DF-ALS,0.30384615384615382
PKJab,distance,2,10,3,3,MDP_MF-DF-PCI,0.33893557422969189
PKJab,distance,2,10,3,3,MD_MF-DF,0.34526854219948849
PKJab,distance,2,10,3,3,PCI,0.43684210526315792
PKJab,distance,2,10,1,4,ALS,0.80000000000000004
PKJab,distance,2,10,1,4,AP_ALS-PCI,0.80000000000000004
PKJab,distance,2,10,1,4,Default,0.84999999999999998
PKJab,distance,2,10,1,4,MDAP_MF-DF-ALS-PCI,0.7857142857142857
PKJab,distance,2,10,1,4,MDA_MF-DF-ALS,0.7857142857142857
PKJab,distance,2,10,1,4,MDP_MF-DF-PCI,0.8125
PKJab,distance,2,10,1,4,MD_MF-DF,0.8125
PKJab,distance,2,10,1,4,PCI,0.84999999999999998
PKJab,distance,2,10,2,4,ALS,0.58333333333333337
PKJab,distance,2,10,2,4,AP_ALS-PCI,0.5730337078651685
PKJab,distance,2,10,2,4,Default,0.67796610169491522
PKJab,distance,2,10,2,4,MDAP_MF-DF-ALS-PCI,0.55000000000000004
PKJab,distance,2,10,2,4,MDA_MF-DF-ALS,0.54878048780487809
PKJab,distance,2,10,2,4,MDP_MF-DF-PCI,0.57692307692307687
PKJab,distance,2,10,2,4,MD_MF-DF,0.57943925233644855
PKJab,distance,2,10,2,4,PCI,0.66867469879518071
PKJab,distance,2,10,3,4,ALS,0.36842105263157893
PKJab,distance,2,10,3,4,AP_ALS-PCI,0.34558823529411764
PKJab,distance,2,10,3,4,Default,0.4842219804134929
PKJab,distance,2,10,3,4,MDAP_MF-DF-ALS-PCI,0.3125
PKJab,distance,2,10,3,4,MDA_MF-DF-ALS,0.31153846153846154
PKJab,distance,2,10,3,4,MDP_MF-DF-PCI,0.34173669467787116
PKJab,distance,2,10,3,4,MD_MF-DF,0.34526854219948849
PKJab,distance,2,10,3,4,PCI,0.45526315789473687
PKJab,solver,2,10,1,1,ALS,0.80000000000000004
PKJab,solver,2,10,1,1,AP_ALS-PCI,0.80000000000000004
PKJab,solver,2,10,1,1,Default,0.84999999999999998
PKJab,solver,2,10,1,1,MDAP_MF-DF-ALS-PCI,0.7857142857142857
PKJab,solver,2,10,1,1,MDA_MF-DF-ALS,0.7857142857142857
PKJab,solver,2,10,1,1,MDP_MF-DF-PCI,0.8125
PKJab,solver,2,10,1,1,MD_MF-DF,0.8125
PKJab,solver,2,10,1,1,PCI,0.84999999999999998
PKJab,solver,2,10,2,1,ALS,0.55208333333333337
PKJab,solver,2,10,2,1,AP_ALS-PCI,0.5393258426966292
PKJab,solver,2,10,2,1,Default,0.64406779661016944
PKJab,solver,2,10,2,1,MDAP_MF-DF-ALS-PCI,0.51249999999999996
PKJab,solver,2,10,2,1,MDA_MF-DF-ALS,0.51219512195121952
PKJab,solver,2,10,2,1,MDP_MF-DF-PCI,0.54807692307692313
PKJab,solver,2,10,2,1,MD_MF-DF,0.55140186915887845
PKJab,solver,2,10,2,1,PCI,0.63253012048192769
PKJab,solver,2,10,3,1,ALS,0.34795321637426901
PKJab,solver,2,10,3,1,AP_ALS-PCI,0.32720588235294118
PKJab,solver,2,10,3,1,Default,0.45593035908596302
PKJab,solver,2,10,3,1,MDAP_MF-DF-ALS-PCI,0.29999999999999999
PKJab,solver,2,10,3,1,MDA_MF-DF-ALS,0.29615384615384616
PKJab,solver,2,10,3,1,MDP_MF-DF-PCI,0.33613445378151263
PKJab,solver,2,10,3,1,MD_MF-DF,0.33759590792838873
PKJab,solver,2,10,3,1,PCI,0.42763157894736842
PKJab,solver,2,10,1,2,ALS,0.80000000000000004
PKJab,solver,2,10,1,2,AP_ALS-PCI,0.80000000000000004
PKJab,solver,2,10,1,2,Default,0.84999999999999998
PKJab,solver,2,10,1,2,MDAP_MF-DF-ALS-PCI,0.7857142857142857
PKJab,solver,2,10,1,2,MDA_MF-DF-ALS,0.7857142857142857
PKJab,solver,2,10,1,2,MDP_MF-DF-PCI,0.8125
PKJab,solver,2,10,1,2,MD_MF-DF,0.8125
PKJab,solver,2,10,1,2,PCI,0.84999999999999998
PKJab,solver,2,10,2,2,ALS,0.55208333333333337
PKJab,solver,2,10,2,2,AP_ALS-PCI,0.5393258426966292
PKJab,solver,2,10,2,2,Default,0.64406779661016944
PKJab,solver,2,10,2,2,MDAP_MF-DF-ALS-PCI,0.51249999999999996
PKJab,solver,2,10,2,2,MDA_MF-DF-ALS,0.51219512195121952
PKJab,solver,2,10,2,2,MDP_MF-DF-PCI,0.54807692307692313
PKJab,solver,2,10,2,2,MD_MF-DF,0.55140186915887845
PKJab,solver,2,10,2,2,PCI,0.63253012048192769
PKJab,solver,2,10,3,2,ALS,0.34795321637426901
PKJab,solver,2,10,3,2,AP_ALS-PCI,0.32720588235294118
PKJab,solver,2,10,3,2,Default,0.45593035908596302
PKJab,solver,2,10,3,2,MDAP_MF-DF-ALS-PCI,0.29999999999999999
PKJab,solver,2,10,3,2,MDA_MF-DF-ALS,0.29615384615384616
PKJab,solver,2,10,3,2,MDP_MF-DF-PCI,0.33613445378151263
PKJab,solver,2,10,3,2,MD_MF-DF,0.33759590792838873
PKJab,solver,2,10,3,2,PCI,0.42763157894736842
PKJab,solver,2,10,1,3,ALS,0.80000000000000004
PKJab,solver,2,10,1,3,AP_ALS-PCI,0.80000000000000004
PKJab,solver,2,10,1,3,Default,0.84999999999999998
PKJab,solver,2,10,1,3,MDAP_MF-DF-ALS-PCI,0.7857142857142857
PKJab,solver,2,10,1,3,MDA_MF-DF-ALS,0.7857142857142857
PKJab,solver,2,10,1,3,MDP_MF-DF-PCI,0.8125
PKJab,solver,2,10,1,3,MD_MF-DF,0.8125
PKJab,solver,2,10,1,3,PCI,0.84999999999999998
PKJab,solver,2,10,2,3,ALS,0.55208333333333337
PKJab,solver,2,10,2,3,AP_ALS-PCI,0.5393258426966292
PKJab,solver,2,10,2,3,Default,0.64406779661016944
PKJab,solver,2,10,2,3,MDAP_MF-DF-ALS-PCI,0.51249999999999996
PKJab,solver,2,10,2,3,MDA_MF-DF-ALS,0.51219512195121952
PKJab,solver,2,10,2,3,MDP_MF-DF-PCI,0.54807692307692313
PKJab,solver,2,10,2,3,MD_MF-DF,0.55140186915887845
PKJab,solver,2,10,2,3,PCI,0.63253012048192769
PKJab,solver,2,10,3,3,ALS,0.34795321637426901
PKJab,solver,2,10,3,3,AP_ALS-PCI,0.32720588235294118
PKJab,solver,2,10,3,3,Default,0.45593035908596302
PKJab,solver,2,10,3,3,MDAP_MF-DF-ALS-PCI,0.29999999999999999
PKJab,solver,2,10,3,3,MDA_MF-DF-ALS,0.29615384615384616
PKJab,solver,2,10,3,3,MDP_MF-DF-PCI,0.33613445378151263
PKJab,solver,2,10,3,3,MD_MF-DF,0.33759590792838873
PKJab,solver,2,10,3,3,PCI,0.42763157894736842
PKJab,solver,2,10,1,4,ALS,0.80000000000000004
PKJab,solver,2,10,1,4,AP_ALS-PCI,0.80000000000000004
PKJab,solver,2,10,1,4,Default,0.84999999999999998
PKJab,solver,2,10,1,4,MDAP_MF-DF-ALS-PCI,0.7857142857142857
PKJab,solver,2,10,1,4,MDA_MF-DF-ALS,0.7857142857142857
PKJab,solver,2,10,1,4,MDP_MF-DF-PCI,0.8125
PKJab,solver,2,10,1,4,MD_MF-DF,0.8125
PKJab,solver,2,10,1,4,PCI,0.84999999999999998
PKJab,solver,2,10,2,4,ALS,0.55208333333333337
PKJab,solver,2,10,2,4,AP_ALS-PCI,0.5393258426966292
PKJab,solver,2,10,2,4,Default,0.64406779661016944
PKJab,solver,2,10,2,4,MDAP_MF-DF-ALS-PCI,0.51249999999999996
PKJab,solver,2,10,2,4,MDA_MF-DF-ALS,0.51219512195121952
PKJab,solver,2,10,2,4,MDP_MF-DF-PCI,0.54807692307692313
PKJab,solver,2,10,2,4,MD_MF-DF,0.55140186915887845
PKJab,solver,2,10,2,4,PCI,0.63253012048192769
PKJab,solver,2,10,3,4,ALS,0.34795321637426901
PKJab,solver,2,10,3,4,AP_ALS-PCI,0.32720588235294118
PKJab,solver,2,10,3,4,Default,0.45593035908596302
PKJab,solver,2,10,3,4,MDAP_MF-DF-ALS-PCI,0.29999999999999999
PKJab,solver,2,10,3,4,MDA_MF-DF-ALS,0.29615384615384616
PKJab,solver,2,10,3,4,MDP_MF-DF-PCI,0.33613445378151263
PKJab,solver,2,10,3,4,MD_MF-DF,0.33759590792838873
PKJab,solver,2,10,3,4,PCI,0.42763157894736842
SQLite,random,2,10,1,1,ALS,1
SQLite,random,2,10,1,1,AP_ALS-PCI,1
SQLite,random,2,10,1,1,Default,1
SQLite,random,2,10,1,1,MDAP_MF-DF-ALS-PCI,1
SQLite,random,2,10,1,1,MDA_MF-DF-ALS,1
SQLite,random,2,10,1,1,MDP_MF-DF-PCI,1
SQLite,random,2,10,1,1,MD_MF-DF,1
SQLite,random,2,10,1,1,PCI,1
SQLite,random,2,10,2,1,ALS,0.90445448676565521
SQLite,random,2,10,2,1,AP_ALS-PCI,0.90420711974110035
SQLite,random,2,10,2,1,Default,0.92760372565622351
SQLite,random,2,10,2,1,MDAP_MF-DF-ALS-PCI,0.90060443250503697
SQLite,random,2,10,2,1,MDA_MF-DF-ALS,0.90087073007367713
SQLite,random,2,10,2,1,MDP_MF-DF-PCI,0.90017513134851135
SQLite,random,2,10,2,1,MD_MF-DF,0.90040768782760627
SQLite,random,2,10,2,1,PCI,0.92638829100301334
SQLite,random,2,10,3,1,ALS,0.7062672948919303
SQLite,random,2,10,3,1,AP_ALS-PCI,0.70605078743124106
SQLite,random,2,10,3,1,Default,0.78078928355236177
SQLite,random,2,10,3,1,MDAP_MF-DF-ALS-PCI,0.69448768610545641
SQLite,random,2,10,3,1,MDA_MF-DF-ALS,0.69476018852231769
SQLite,random,2,10,3,1,MDP_MF-DF-PCI,0.69502402528298235
SQLite,random,2,10,3,1,MD_MF-DF,0.69520515037955222
SQLite,random,2,10,3,1,PCI,0.77422202151243946
SQLite,random,2,10,1,2,ALS,0.98245614035087714
SQLite,random,2,10,1,2,AP_ALS-PCI,0.98245614035087714
SQLite,random,2,10,1,2,Default,0.98571428571428577
SQLite,random,2,10,1,2,MDAP_MF-DF-ALS-PCI,0.9821428571428571
SQLite,random,2,10,1,2,MDA_MF-DF-ALS,0.9821428571428571
SQLite,random,2,10,1,2,MDP_MF-DF-PCI,0.98333333333333328
SQLite,random,2,10,1,2,MD_MF-DF,0.98333333333333328
SQLite,random,2,10,1,2,PCI,0.98571428571428577
SQLite,random,2,10,2,2,ALS,0.89928986442866365
SQLite,random,2,10,2,2,AP_ALS-PCI,0.89967637540453071
SQLite,random,2,10,2,2,Default,0.92337002540220148
SQLite,random,2,10,2,2,MDAP_MF-DF-ALS-PCI,0.89657488247145734
SQLite,random,2,10,2,2,MDA_MF-DF-ALS,0.89618218352310786
SQLite,random,2,10,2,2,MDP_MF-DF-PCI,0.90075890251021595
SQLite,random,2,10,2,2,MD_MF-DF,0.90040768782760627
SQLite,random,2,10,2,2,PCI,0.92251399052948768
SQLite,random,2,10,3,2,ALS,0.70738912571984147
SQLite,random,2,10,3,2,AP_ALS-PCI,0.70842438399517749
SQLite,random,2,10,3,2,Default,0.78217570443849949
SQLite,random,2,10,3,2,MDAP_MF-DF-ALS-PCI,0.69724184728375849
SQLite,random,2,10,3,2,MDA_MF-DF-ALS,0.69622559309279575
SQLite,random,2,10,3,2,MDP_MF-DF-PCI,0.69979683317746466
SQLite,random,2,10,3,2,MD_MF-DF,0.69892059831523656
SQLite,random,2,10,3,2,PCI,0.77650053370555872
SQLite,random,2,10,1,3,ALS,1
SQLite,random,2,10,1,3,AP_ALS-PCI,1
SQLite,random,2,10,1,3,Default,1
SQLite,random,2,10,1,3,MDAP_MF-DF-ALS-PCI,1
SQLite,random,2,10,1,3,MDA_MF-DF-ALS,1
SQLite,random,2,10,1,3,MDP_MF-DF-PCI,1
SQLite,random,2,10,1,3,MD_MF-DF,1
SQLite,random,2,10,1,3,PCI,1
SQLite,random,2,10,2,3,ALS,0.90445448676565521
SQLite,random,2,10,2,3,AP_ALS-PCI,0.90420711974110035
SQLite,random,2,10,2,3,Default,0.93099068585944111
SQLite,random,2,10,2,3,MDAP_MF-DF-ALS-PCI,0.90060443250503697
SQLite,random,2,10,2,3,MDA_MF-DF-ALS,0.90087073007367713
SQLite,random,2,10,2,3,MDP_MF-DF-PCI,0.9048453006421483
SQLite,random,2,10,2,3,MD_MF-DF,0.90506697728596386
SQLite,random,2,10,2,3,PCI,0.92983211364614726
SQLite,random,2,10,3,3,ALS,0.70499588662029766
SQLite,random,2,10,3,3,AP_ALS-PCI,0.7050335317609826
SQLite,random,2,10,3,3,Default,0.78432368045927636
SQLite,random,2,10,3,3,MDAP_MF-DF-ALS-PCI,0.69340997086177303
SQLite,random,2,10,3,3,MDA_MF-DF-ALS,0.69341360053863521
SQLite,random,2,10,3,3,MDP_MF-DF-PCI,0.69847463639588503
SQLite,random,2,10,3,3,MD_MF-DF,0.69844015246148428
SQLite,random,2,10,3,3,PCI,0.77779374332868056
SQLite,random,2,10,1,4,ALS,0.98245614035087714
SQLite,random,2,10,1,4,AP_ALS-PCI,0.98245614035087714
SQLite,random,2,10,1,4,Default,0.98571428571428577
SQLite,random,2,10,1,4,MDAP_MF-DF-ALS-PCI,0.9821428571428571
SQLite,random,2,10,1,4,MDA_MF-DF-ALS,0.9821428571428571
SQLite,random,2,10,1,4,MDP_MF-DF-PCI,0.98333333333333328
SQLite,random,2,10,1,4,MD_MF-DF,0.98333333333333328
SQLite,random,2,10,1,4,PCI,0.98571428571428577
SQLite,random,2,10,2,4,ALS,0.87475790832795353
SQLite,random,2,10,2,4,AP_ALS-PCI,0.87508090614886735
SQLite,random,2,10,2,4,Default,0.90728196443691789
SQLite,random,2,10,2,4,MDAP_MF-DF-ALS-PCI,0.87105439892545333
SQLite,random,2,10,2,4,MDA_MF-DF-ALS,0.87073007367716004
SQLite,random,2,10,2,4,MDP_MF-DF-PCI,0.87857559836544075
SQLite,random,2,10,2,4,MD_MF-DF,0.87827606290040772
SQLite,random,2,10,2,4,PCI,0.90615583297460178
SQLite,random,2,10,3,4,ALS,0.67863286216438556
SQLite,random,2,10,3,4,AP_ALS-PCI,0.67990354909200512
SQLite,random,2,10,3,4,Default,0.76061783601179433
SQLite,random,2,10,3,4,MDAP_MF-DF-ALS-PCI,0.66854268949826368
SQLite,random,2,10,3,4,MDA_MF-DF-ALS,0.66727395144362156
SQLite,random,2,10,3,4,MDP_MF-DF-PCI,0.67683575736076618
SQLite,random,2,10,3,4,MD_MF-DF,0.67573107844079305
SQLite,random,2,10,3,4,PCI,0.7547212414812382
SQLite,distance,2,10,1,1,ALS,0.80701754385964908
SQLite,distance,2,10,1,1,AP_ALS-PCI,0.80701754385964908
SQLite,distance,2,10,1,1,Default,0.81428571428571428
SQLite,distance,2,10,1,1,MDAP_MF-DF-ALS-PCI,0.8035714285714286
SQLite,distance,2,10,1,1,MDA_MF-DF-ALS,0.8035714285714286
SQLite,distance,2,10,1,1,MDP_MF-DF-PCI,0.78333333333333333
SQLite,distance,2,10,1,1,MD_MF-DF,0.78333333333333333
SQLite,distance,2,10,1,1,PCI,0.81428571428571428
SQLite,distance,2,10,2,1,ALS,0.58747579083279533
SQLite,distance,2,10,2,1,AP_ALS-PCI,0.5883495145631068
SQLite,distance,2,10,2,1,Default,0.60330228619813719
SQLite,distance,2,10,2,1,MDAP_MF-DF-ALS-PCI,0.58025520483546
SQLite,distance,2,10,2,1,MDA_MF-DF-ALS,0.579370395177495
SQLite,distance,2,10,2,1,MDP_MF-DF-PCI,0.55633391710449509
SQLite,distance,2,10,2,1,MD_MF-DF,0.55562026790914387
SQLite,distance,2,10,2,1,PCI,0.6013775290572535
SQLite,distance,2,10,3,1,ALS,0.3949592401465859
SQLite,distance,2,10,3,1,AP_ALS-PCI,0.39661668299299224
SQLite,distance,2,10,3,1,Default,0.41440315557204505
SQLite,distance,2,10,3,1,MDAP_MF-DF-ALS-PCI,0.38570231110046699
SQLite,distance,2,10,3,1,MDA_MF-DF-ALS,0.38405481405204167
SQLite,distance,2,10,3,1,MDP_MF-DF-PCI,0.36666774162339966
SQLite,distance,2,10,3,1,MD_MF-DF,0.36533102719323535
SQLite,distance,2,10,3,1,PCI,0.40959848920272601
SQLite,distance,2,10,1,2,ALS,0.82456140350877194
SQLite,distance,2,10,1,2,AP_ALS-PCI,0.82456140350877194
SQLite,distance,2,10,1,2,Default,0.82857142857142863
SQLite,distance,2,10,1,2,MDAP_MF-DF-ALS-PCI,0.8214285714285714
SQLite,distance,2,10,1,2,MDA_MF-DF-ALS,0.8214285714285714
SQLite,distance,2,10,1,2,MDP_MF-DF-PCI,0.80000000000000004
SQLite,distance,2,10,1,2,MD_MF-DF,0.80000000000000004
SQLite,distance,2,10,1,2,PCI,0.82857142857142863
SQLite,distance,2,10,2,2,ALS,0.59715945771465462
SQLite,distance,2,10,2,2,AP_ALS-PCI,0.59805825242718447
SQLite,distance,2,10,2,2,Default,0.60965283657917024
SQLite,distance,2,10,2,2,MDAP_MF-DF-ALS-PCI,0.5896574882471457
SQLite,distance,2,10,2,2,MDA_MF-DF-ALS,0.58874748827863366
SQLite,distance,2,10,2,2,MDP_MF-DF-PCI,0.56567425569176888
SQLite,distance,2,10,2,2,MD_MF-DF,0.56493884682585904
SQLite,distance,2,10,2,2,PCI,0.6078346965131296
SQLite,distance,2,10,3,2,ALS,0.39611846533542744
SQLite,distance,2,10,3,2,AP_ALS-PCI,0.39785999547886369
SQLite,distance,2,10,3,2,Default,0.41334869461639101
SQLite,distance,2,10,3,2,MDAP_MF-DF-ALS-PCI,0.38646070330898497
SQLite,distance,2,10,3,2,MDA_MF-DF-ALS,0.38472810804388291
SQLite,distance,2,10,3,2,MDP_MF-DF-PCI,0.36815118191492791
SQLite,distance,2,10,3,2,MD_MF-DF,0.36674033503090869
SQLite,distance,2,10,3,2,PCI,0.40996797766647508
SQLite,distance,2,10,1,3,ALS,0.78947368421052633
SQLite,distance,2,10,1,3,AP_ALS-PCI,0.78947368421052633
SQLite,distance,2,10,1,3,Default,0.80000000000000004
SQLite,distance,2,10,1,3,MDAP_MF-DF-ALS-PCI,0.7857142857142857
SQLite,distance,2,10,1,3,MDA_MF-DF-ALS,0.7857142857142857
SQLite,distance,2,10,1,3,MDP_MF-DF-PCI,0.76666666666666672
SQLite,distance,2,10,1,3,MD_MF-DF,0.76666666666666672
SQLite,distance,2,10,1,3,PCI,0.80000000000000004
SQLite,distance,2,10,2,3,ALS,0.55971594577146544
SQLite,distance,2,10,2,3,AP_ALS-PCI,0.56051779935275081
SQLite,distance,2,10,2,3,Default,0.57197290431837422
SQLite,distance,2,10,2,3,MDAP_MF-DF-ALS-PCI,0.55204835460040291
SQLite,distance,2,10,2,3,MDA_MF-DF-ALS,0.55123911587407903
SQLite,distance,2,10,2,3,MDP_MF-DF-PCI,0.53064798598949214
SQLite,distance,2,10,2,3,MD_MF-DF,0.5299941758881771
SQLite,distance,2,10,2,3,PCI,0.56952216960826518
SQLite,distance,2,10,3,3,ALS,0.36796051155485754
SQLite,distance,2,10,3,3,AP_ALS-PCI,0.36975359807098185
SQLite,distance,2,10,3,3,Default,0.37771181972623069
SQLite,distance,2,10,3,3,MDAP_MF-DF-ALS-PCI,0.35891909152596496
SQLite,distance,2,10,3,3,MDA_MF-DF-ALS,0.3571230543783912
SQLite,distance,2,10,3,3,MDP_MF-DF-PCI,0.34235222032313201
SQLite,distance,2,10,3,3,MD_MF-DF,0.3408923480990359
SQLite,distance,2,10,3,3,PCI,0.37406601527218986
SQLite,distance,2,10,1,4,ALS,0.80701754385964908
SQLite,distance,2,10,1,4,AP_ALS-PCI,0.80701754385964908
SQLite,distance,2,10,1,4,Default,0.81428571428571428
SQLite,distance,2,10,1,4,MDAP_MF-DF-ALS-PCI,0.8035714285714286
SQLite,distance,2,10,1,4,MDA_MF-DF-ALS,0.8035714285714286
SQLite,distance,2,10,1,4,MDP_MF-DF-PCI,0.78333333333333333
SQLite,distance,2,10,1,4,MD_MF-DF,0.78333333333333333
SQLite,distance,2,10,1,4,PCI,0.81428571428571428
SQLite,distance,2,10,2,4,ALS,0.58295674628792771
SQLite,distance,2,10,2,4,AP_ALS-PCI,0.58381877022653716
SQLite,distance,2,10,2,4,Default,0.58721422523285349
SQLite,distance,2,10,2,4,MDAP_MF-DF-ALS-PCI,0.57555406312961721
SQLite,distance,2,10,2,4,MDA_MF-DF-ALS,0.57468184862692562
SQLite,distance,2,10,2,4,MDP_MF-DF-PCI,0.55224751897256275
SQLite,distance,2,10,2,4,MD_MF-DF,0.55154338963308092
SQLite,distance,2,10,2,4,PCI,0.58544984933275934
SQLite,distance,2,10,3,4,ALS,0.38542367810934114
SQLite,distance,2,10,3,4,AP_ALS-PCI,0.3870846206013111
SQLite,distance,2,10,3,4,Default,0.38778777996914726
SQLite,distance,2,10,3,4,MDAP_MF-DF-ALS-PCI,0.37588312776912947
SQLite,distance,2,10,3,4,MDA_MF-DF-ALS,0.37423264287694563
SQLite,distance,2,10,3,4,MDP_MF-DF-PCI,0.35812183559611727
SQLite,distance,2,10,3,4,MD_MF-DF,0.35677909099644473
SQLite,distance,2,10,3,4,PCI,0.38621808030215943
SQLite,solver,2,10,1,1,ALS,0.61403508771929827
SQLite,solver,2,10,1,1,AP_ALS-PCI,0.61403508771929827
SQLite,solver,2,10,1,1,Default,0.62857142857142856
SQLite,solver,2,10,1,1,MDAP_MF-DF-ALS-PCI,0.6071428571428571
SQLite,solver,2,10,1,1,MDA_MF-DF-ALS,0.6071428571428571
SQLite,solver,2,10,1,1,MDP_MF-DF-PCI,0.59999999999999998
SQLite,solver,2,10,1,1,MD_MF-DF,0.59999999999999998
SQLite,solver,2,10,1,1,PCI,0.62857142857142856
SQLite,solver,2,10,2,1,ALS,0.36604260813428019
SQLite,solver,2,10,2,1,AP_ALS-PCI,0.36699029126213595
SQLite,solver,2,10,2,1,Default,0.38738357324301437
SQLite,solver,2,10,2,1,MDAP_MF-DF-ALS-PCI,0.3579583613163197
SQLite,solver,2,10,2,1,MDA_MF-DF-ALS,0.35699933020763563
SQLite,solver,2,10,2,1,MDP_MF-DF-PCI,0.35143023934617629
SQLite,solver,2,10,2,1,MD_MF-DF,0.35061153174140941
SQLite,solver,2,10,2,1,PCI,0.38613861386138615
SQLite,solver,2,10,3,1,ALS,0.21438187121382096
SQLite,solver,2,10,3,1,AP_ALS-PCI,0.21599728731821263
SQLite,solver,2,10,3,1,Default,0.23580871297182246
SQLite,solver,2,10,3,1,MDAP_MF-DF-ALS-PCI,0.20755997285754202
SQLite,solver,2,10,3,1,MDA_MF-DF-ALS,0.20594875044556221
SQLite,solver,2,10,3,1,MDP_MF-DF-PCI,0.20316682253539295
SQLite,solver,2,10,3,1,MD_MF-DF,0.2017872585759585
SQLite,solver,2,10,3,1,PCI,0.23386567041629033
SQLite,solver,2,10,1,2,ALS,0.61403508771929827
SQLite,solver,2,10,1,2,AP_ALS-PCI,0.61403508771929827
SQLite,solver,2,10,1,2,Default,0.62857142857142856
SQLite,solver,2,10,1,2,MDAP_MF-DF-ALS-PCI,0.6071428571428571
SQLite,solver,2,10,1,2,MDA_MF-DF-ALS,0.6071428571428571
SQLite,solver,2,10,1,2,MDP_MF-DF-PCI,0.59999999999999998
SQLite,solver,2,10,1,2,MD_MF-DF,0.59999999999999998
SQLite,solver,2,10,1,2,PCI,0.62857142857142856
SQLite,solver,2,10,2,2,ALS,0.36604260813428019
SQLite,solver,2,10,2,2,AP_ALS-PCI,0.36699029126213595
SQLite,solver,2,10,2,2,Default,0.38738357324301437
SQLite,solver,2,10,2,2,MDAP_MF-DF-ALS-PCI,0.3579583613163197
SQLite,solver,2,10,2,2,MDA_MF-DF-ALS,0.35699933020763563
SQLite,solver,2,10,2,2,MDP_MF-DF-PCI,0.35143023934617629
SQLite,solver,2,10,2,2,MD_MF-DF,0.35061153174140941
SQLite,solver,2,10,2,2,PCI,0.38613861386138615
SQLite,solver,2,10,3,2,ALS,0.21438187121382096
SQLite,solver,2,10,3,2,AP_ALS-PCI,0.21599728731821263
SQLite,solver,2,10,3,2,Default,0.23580871297182246
SQLite,solver,2,10,3,2,MDAP_MF-DF-ALS-PCI,0.20755997285754202
SQLite,solver,2,10,3,2,MDA_MF-DF-ALS,0.20594875044556221
SQLite,solver,2,10,3,2,MDP_MF-DF-PCI,0.20316682253539295
SQLite,solver,2,10,3,2,MD_MF-DF,0.2017872585759585
SQLite,solver,2,10,3,2,PCI,0.23386567041629033
SQLite,solver,2,10,1,3,ALS,0.61403508771929827
SQLite,solver,2,10,1,3,AP_ALS-PCI,0.61403508771929827
SQLite,solver,2,10,1,3,Default,0.62857142857142856
SQLite,solver,2,10,1,3,MDAP_MF-DF-ALS-PCI,0.6071428571428571
SQLite,solver,2,10,1,3,MDA_MF-DF-ALS,0.6071428571428571
SQLite,solver,2,10,1,3,MDP_MF-DF-PCI,0.59999999999999998
SQLite,solver,2,10,1,3,MD_MF-DF,0.59999999999999998
SQLite,solver,2,10,1,3,PCI,0.62857142857142856
SQLite,solver,2,10,2,3,ALS,0.36604260813428019
SQLite,solver,2,10,2,3,AP_ALS-PCI,0.36699029126213595
SQLite,solver,2,10,2,3,Default,0.38738357324301437
SQLite,solver,2,10,2,3,MDAP_MF-DF-ALS-PCI,0.3579583613163197
SQLite,solver,2,10,2,3,MDA_MF-DF-ALS,0.35699933020763563
SQLite,solver,2,10,2,3,MDP_MF-DF-PCI,0.35143023934617629
SQLite,solver,2,10,2,3,MD_MF-DF,0.35061153174140941
SQLite,solver,2,10,2,3,PCI,0.38613861386138615
SQLite,solver,2,10,3,3,ALS,0.21438187121382096
SQLite,solver,2,10,3,3,AP_ALS-PCI,0.21599728731821263
SQLite,solver,2,10,3,3,Default,0.23580871297182246
SQLite,solver,2,10,3,3,MDAP_MF-DF-ALS-PCI,0.20755997285754202
SQLite,solver,2,10,3,3,MDA_MF-DF-ALS,0.20594875044556221
SQLite,solver,2,10,3,3,MDP_MF-DF-PCI,0.20316682253539295
SQLite,solver,2,10,3,3,MD_MF-DF,0.2017872585759585
SQLite,solver,2,10,3,3,PCI,0.23386567041629033
SQLite,solver,2,10,1,4,ALS,0.61403508771929827
SQLite,solver,2,10,1,4,AP_ALS-PCI,0.61403508771929827
SQLite,solver,2,10,1,4,Default,0.62857142857142856
SQLite,solver,2,10,1,4,MDAP_MF-DF-ALS-PCI,0.6071428571428571
SQLite,solver,2,10,1,4,MDA_MF-DF-ALS,0.6071428571428571
SQLite,solver,2,10,1,4,MDP_MF-DF-PCI,0.59999999999999998
SQLite,solver,2,10,1,4,MD_MF-DF,0.59999999999999998
SQLite,solver,2,10,1,4,PCI,0.62857142857142856
SQLite,solver,2,10,2,4,ALS,0.36604260813428019
SQLite,solver,2,10,2,4,AP_ALS-PCI,0.36699029126213595
SQLite,solver,2,10,2,4,Default,0.38738357324301437
SQLite,solver,2,10,2,4,MDAP_MF-DF-ALS-PCI,0.3579583613163197
SQLite,solver,2,10,2,4,MDA_MF-DF-ALS,0.35699933020763563
SQLite,solver,2,10,2,4,MDP_MF-DF-PCI,0.35143023934617629
SQLite,solver,2,10,2,4,MD_MF-DF,0.35061153174140941
SQLite,solver,2,10,2,4,PCI,0.38613861386138615
SQLite,solver,2,10,3,4,ALS,0.21438187121382096
SQLite,solver,2,10,3,4,AP_ALS-PCI,0.21599728731821263
SQLite,solver,2,10,3,4,Default,0.23580871297182246
SQLite,solver,2,10,3,4,MDAP_MF-DF-ALS-PCI,0.20755997285754202
SQLite,solver,2,10,3,4,MDA_MF-DF-ALS,0.20594875044556221
SQLite,solver,2,10,3,4,MDP_MF-DF-PCI,0.20316682253539295
SQLite,solver,2,10,3,4,MD_MF-DF,0.2017872585759585
SQLite,solver,2,10,3,4,PCI,0.23386567041629033
TriMesh,random,2,10,1,1,ALS,0.76859504132231404
TriMesh,random,2,10,1,1,AP_ALS-PCI,0.76859504132231404
TriMesh,random,2,10,1,1,Default,0.78294573643410847
TriMesh,random,2,10,1,1,MDAP_MF-DF-ALS-PCI,0.76666666666666672
TriMesh,random,2,10,1,1,MDA_MF-DF-ALS,0.76666666666666672
TriMesh,random,2,10,1,1,MDP_MF-DF-PCI,0.77049180327868849
TriMesh,random,2,10,1,1,MD_MF-DF,0.77049180327868849
TriMesh,random,2,10,1,1,PCI,0.78294573643410847
TriMesh,random,2,10,2,1,ALS,0.56738544474393526
TriMesh,random,2,10,2,1,AP_ALS-PCI,0.56732065298786882
TriMesh,random,2,10,2,1,Default,0.59144831182375179
TriMesh,random,2,10,2,1,MDAP_MF-DF-ALS-PCI,0.563738944800244
TriMesh,random,2,10,2,1,MDA_MF-DF-ALS,0.563738944800244
TriMesh,random,2,10,2,1,MDP_MF-DF-PCI,0.56768687463213652
TriMesh,random,2,10,2,1,MD_MF-DF,0.56768687463213652
TriMesh,random,2,10,2,1,PCI,0.59153077327722248
TriMesh,random,2,10,3,1,ALS,0.36984454515532827
TriMesh,random,2,10,3,1,AP_ALS-PCI,0.36964591119275353
TriMesh,random,2,10,3,1,Default,0.41228746772192226
TriMesh,random,2,10,3,1,MDAP_MF-DF-ALS-PCI,0.3614475335138348
TriMesh,random,2,10,3,1,MDA_MF-DF-ALS,0.3614475335138348
TriMesh,random,2,10,3,1,MDP_MF-DF-PCI,0.36382618263201655
TriMesh,random,2,10,3,1,MD_MF-DF,0.36382618263201655
TriMesh,random,2,10,3,1,PCI,0.41315068221580126
TriMesh,random,2,10,1,2,ALS,0.76859504132231404
TriMesh,random,2,10,1,2,AP_ALS-PCI,0.76859504132231404
TriMesh,random,2,10,1,2,Default,0.78294573643410847
TriMesh,random,2,10,1,2,MDAP_MF-DF-ALS-PCI,0.76666666666666672
TriMesh,random,2,10,1,2,MDA_MF-DF-ALS,0.76666666666666672
TriMesh,random,2,10,1,2,MDP_MF-DF-PCI,0.77049180327868849
TriMesh,random,2,10,1,2,MD_MF-DF,0.77049180327868849
TriMesh,random,2,10,1,2,PCI,0.78294573643410847
TriMesh,random,2,10,2,2,ALS,0.56618748128182095
TriMesh,random,2,10,2,2,AP_ALS-PCI,0.56612251010933057
TriMesh,random,2,10,2,2,Default,0.5901447008212749
TriMesh,random,2,10,2,2,MDAP_MF-DF-ALS-PCI,0.56251906068923452
TriMesh,random,2,10,2,2,MDA_MF-DF-ALS,0.56251906068923452
TriMesh,random,2,10,2,2,MDP_MF-DF-PCI,0.5662154208357858
TriMesh,random,2,10,2,2,MD_MF-DF,0.5662154208357858
TriMesh,random,2,10,2,2,PCI,0.590215675960021
TriMesh,random,2,10,3,2,ALS,0.37232008307267594
TriMesh,random,2,10,3,2,AP_ALS-PCI,0.37207254017336644
TriMesh,random,2,10,3,2,Default,0.41363339981589442
TriMesh,random,2,10,3,2,MDAP_MF-DF-ALS-PCI,0.36408017122925695
TriMesh,random,2,10,3,2,MDA_MF-DF-ALS,0.36408017122925695
TriMesh,random,2,10,3,2,MDP_MF-DF-PCI,0.36697631444232187
TriMesh,random,2,10,3,2,MD_MF-DF,0.36697631444232187
TriMesh,random,2,10,3,2,PCI,0.41464660237499068
TriMesh,random,2,10,1,3,ALS,0.78512396694214881
TriMesh,random,2,10,1,3,AP_ALS-PCI,0.78512396694214881
TriMesh,random,2,10,1,3,Default,0.79844961240310075
TriMesh,random,2,10,1,3,MDAP_MF-DF-ALS-PCI,0.78333333333333333
TriMesh,random,2,10,1,3,MDA_MF-DF-ALS,0.78333333333333333
TriMesh,random,2,10,1,3,MDP_MF-DF-PCI,0.78688524590163933
TriMesh,random,2,10,1,3,MD_MF-DF,0.78688524590163933
TriMesh,random,2,10,1,3,PCI,0.79844961240310075
TriMesh,random,2,10,2,3,ALS,0.58475591494459422
TriMesh,random,2,10,2,3,AP_ALS-PCI,0.58469372472667369
TriMesh,random,2,10,2,3,Default,0.6085256159561987
TriMesh,random,2,10,2,3,MDAP_MF-DF-ALS-PCI,0.58112229338212873
TriMesh,random,2,10,2,3,MDA_MF-DF-ALS,0.58112229338212873
TriMesh,random,2,10,2,3,MDP_MF-DF-PCI,0.5849028840494408
TriMesh,random,2,10,2,3,MD_MF-DF,0.5849028840494408
TriMesh,random,2,10,2,3,PCI,0.60849552866912149
TriMesh,random,2,10,3,3,ALS,0.39042238330532492
TriMesh,random,2,10,3,3,AP_ALS-PCI,0.39022201583855221
TriMesh,random,2,10,3,3,Default,0.43183994283672739
TriMesh,random,2,10,3,3,MDAP_MF-DF-ALS-PCI,0.38224407852574582
TriMesh,random,2,10,3,3,MDA_MF-DF-ALS,0.38224407852574582
TriMesh,random,2,10,3,3,MDP_MF-DF-PCI,0.38528858761534845
TriMesh,random,2,10,3,3,MD_MF-DF,0.38528858761534845
TriMesh,random,2,10,3,3,PCI,0.43257140324177368
TriMesh,random,2,10,1,4,ALS,0.78512396694214881
TriMesh,random,2,10,1,4,AP_ALS-PCI,0.78512396694214881
TriMesh,random,2,10,1,4,Default,0.79844961240310075
TriMesh,random,2,10,1,4,MDAP_MF-DF-ALS-PCI,0.78333333333333333
TriMesh,random,2,10,1,4,MDA_MF-DF-ALS,0.78333333333333333
TriMesh,random,2,10,1,4,MDP_MF-DF-PCI,0.78688524590163933
TriMesh,random,2,10,1,4,MD_MF-DF,0.78688524590163933
TriMesh,random,2,10,1,4,PCI,0.79844961240310075
TriMesh,random,2,10,2,4,ALS,0.58370769691524405
TriMesh,random,2,10,2,4,AP_ALS-PCI,0.58364534970795268
TriMesh,random,2,10,2,4,Default,0.60722200495372181
TriMesh,random,2,10,2,4,MDAP_MF-DF-ALS-PCI,0.58005489478499539
TriMesh,random,2,10,2,4,MDA_MF-DF-ALS,0.58005489478499539
TriMesh,random,2,10,2,4,MDP_MF-DF-PCI,0.58343143025309008
TriMesh,random,2,10,2,4,MD_MF-DF,0.58343143025309008
TriMesh,random,2,10,2,4,PCI,0.60718043135192001
TriMesh,random,2,10,3,4,ALS,0.38115496075282917
TriMesh,random,2,10,3,4,AP_ALS-PCI,0.38091793161287846
TriMesh,random,2,10,3,4,Default,0.42392597680245325
TriMesh,random,2,10,3,4,MDAP_MF-DF-ALS-PCI,0.3724450617325169
TriMesh,random,2,10,3,4,MDA_MF-DF-ALS,0.3724450617325169
TriMesh,random,2,10,3,4,MDP_MF-DF-PCI,0.37473787928551577
TriMesh,random,2,10,3,4,MD_MF-DF,0.37473787928551577
TriMesh,random,2,10,3,4,PCI,0.42470428116806436
TriMesh,distance,2,10,1,1,ALS,0.57024793388429751
TriMesh,distance,2,10,1,1,AP_ALS-PCI,0.57024793388429751
TriMesh,distance,2,10,1,1,Default,0.55813953488372092
TriMesh,distance,2,10,1,1,MDAP_MF-DF-ALS-PCI,0.56666666666666665
TriMesh,distance,2,10,1,1,MDA_MF-DF-ALS,0.56666666666666665
TriMesh,distance,2,10,1,1,MDP_MF-DF-PCI,0.56557377049180324
TriMesh,distance,2,10,1,1,MD_MF-DF,0.56557377049180324
TriMesh,distance,2,10,1,1,PCI,0.55813953488372092
TriMesh,distance,2,10,2,1,ALS,0.34321653189577717
TriMesh,distance,2,10,2,1,AP_ALS-PCI,0.34311816684139584
TriMesh,distance,2,10,2,1,Default,0.32472950071698603
TriMesh,distance,2,10,2,1,MDAP_MF-DF-ALS-PCI,0.33912778286062822
TriMesh,distance,2,10,2,1,MDA_MF-DF-ALS,0.33912778286062822
TriMesh,distance,2,10,2,1,MDP_MF-DF-PCI,0.33711006474396704
TriMesh,distance,2,10,2,1,MD_MF-DF,0.33711006474396704
TriMesh,distance,2,10,2,1,PCI,0.32706470278800631
TriMesh,distance,2,10,3,1,ALS,0.19350154063747033
TriMesh,distance,2,10,3,1,AP_ALS-PCI,0.19322245952811232
TriMesh,distance,2,10,3,1,Default,0.1732567362930558
TriMesh,distance,2,10,3,1,MDAP_MF-DF-ALS-PCI,0.18721100264790735
TriMesh,distance,2,10,3,1,MDA_MF-DF-ALS,0.18721100264790735
TriMesh,distance,2,10,3,1,MDP_MF-DF-PCI,0.18558596613285958
TriMesh,distance,2,10,3,1,MD_MF-DF,0.18558596613285958
TriMesh,distance,2,10,3,1,PCI,0.17785549985841112
TriMesh,distance,2,10,1,2,ALS,0.57024793388429751
TriMesh,distance,2,10,1,2,AP_ALS-PCI,0.57024793388429751
TriMesh,distance,2,10,1,2,Default,0.55813953488372092
TriMesh,distance,2,10,1,2,MDAP_MF-DF-ALS-PCI,0.56666666666666665
TriMesh,distance,2,10,1,2,MDA_MF-DF-ALS,0.56666666666666665
TriMesh,distance,2,10,1,2,MDP_MF-DF-PCI,0.56557377049180324
TriMesh,distance,2,10,1,2,MD_MF-DF,0.56557377049180324
TriMesh,distance,2,10,1,2,PCI,0.55813953488372092
TriMesh,distance,2,10,2,2,ALS,0.34321653189577717
TriMesh,distance,2,10,2,2,AP_ALS-PCI,0.34311816684139584
TriMesh,distance,2,10,2,2,Default,0.32472950071698603
TriMesh,distance,2,10,2,2,MDAP_MF-DF-ALS-PCI,0.33912778286062822
TriMesh,distance,2,10,2,2,MDA_MF-DF-ALS,0.33912778286062822
TriMesh,distance,2,10,2,2,MDP_MF-DF-PCI,0.33711006474396704
TriMesh,distance,2,10,2,2,MD_MF-DF,0.33711006474396704
TriMesh,distance,2,10,2,2,PCI,0.32706470278800631
TriMesh,distance,2,10,3,2,ALS,0.18718786568872575
TriMesh,distance,2,10,3,2,AP_ALS-PCI,0.18690045755607462
TriMesh,distance,2,10,3,2,Default,0.16833876094649786
TriMesh,distance,2,10,3,2,MDAP_MF-DF-ALS-PCI,0.18053729350909395
TriMesh,distance,2,10,3,2,MDA_MF-DF-ALS,0.18053729350909395
TriMesh,distance,2,10,3,2,MDP_MF-DF-PCI,0.17888873486156445
TriMesh,distance,2,10,3,2,MD_MF-DF,0.17888873486156445
TriMesh,distance,2,10,3,2,PCI,0.17273120529561481
TriMesh,distance,2,10,1,3,ALS,0.58677685950413228
TriMesh,distance,2,10,1,3,AP_ALS-PCI,0.58677685950413228
TriMesh,distance,2,10,1,3,Default,0.5736434108527132
TriMesh,distance,2,10,1,3,MDAP_MF-DF-ALS-PCI,0.58333333333333337
TriMesh,distance,2,10,1,3,MDA_MF-DF-ALS,0.58333333333333337
TriMesh,distance,2,10,1,3,MDP_MF-DF-PCI,0.58196721311475408
TriMesh,distance,2,10,1,3,MD_MF-DF,0.58196721311475408
TriMesh,distance,2,10,1,3,PCI,0.5736434108527132
TriMesh,distance,2,10,2,3,ALS,0.35968852949985025
TriMesh,distance,2,10,2,3,AP_ALS-PCI,0.35959263142129699
TriMesh,distance,2,10,2,3,Default,0.3394603050449746
TriMesh,distance,2,10,2,3,MDAP_MF-DF-ALS-PCI,0.35559621835925587
TriMesh,distance,2,10,2,3,MDA_MF-DF-ALS,0.35559621835925587
TriMesh,distance,2,10,2,3,MDP_MF-DF-PCI,0.35329605650382578
TriMesh,distance,2,10,2,3,MD_MF-DF,0.35329605650382578
TriMesh,distance,2,10,2,3,PCI,0.34192530247238295
TriMesh,distance,2,10,3,3,ALS,0.20837366741401814
TriMesh,distance,2,10,3,3,AP_ALS-PCI,0.20809609819815877
TriMesh,distance,2,10,3,3,Default,0.18483796517061818
TriMesh,distance,2,10,3,3,MDAP_MF-DF-ALS-PCI,0.20208644009299115
TriMesh,distance,2,10,3,3,MDA_MF-DF-ALS,0.20208644009299115
TriMesh,distance,2,10,3,3,MDP_MF-DF-PCI,0.20004796428505545
TriMesh,distance,2,10,3,3,MD_MF-DF,0.20004796428505545
TriMesh,distance,2,10,3,3,PCI,0.18979278134145261
TriMesh,distance,2,10,1,4,ALS,0.58677685950413228
TriMesh,distance,2,10,1,4,AP_ALS-PCI,0.58677685950413228
TriMesh,distance,2,10,1,4,Default,0.5736434108527132
TriMesh,distance,2,10,1,4,MDAP_MF-DF-ALS-PCI,0.58333333333333337
TriMesh,distance,2,10,1,4,MDA_MF-DF-ALS,0.58333333333333337
TriMesh,distance,2,10,1,4,MDP_MF-DF-PCI,0.58196721311475408
TriMesh,distance,2,10,1,4,MD_MF-DF,0.58196721311475408
TriMesh,distance,2,10,1,4,PCI,0.5736434108527132
TriMesh,distance,2,10,2,4,ALS,0.35953878406708595
TriMesh,distance,2,10,2,4,AP_ALS-PCI,0.3594428635614797
TriMesh,distance,2,10,2,4,Default,0.3394603050449746
TriMesh,distance,2,10,2,4,MDAP_MF-DF-ALS-PCI,0.35544373284537967
TriMesh,distance,2,10,2,4,MDA_MF-DF-ALS,0.35544373284537967
TriMesh,distance,2,10,2,4,MDP_MF-DF-PCI,0.35314891112419072
TriMesh,distance,2,10,2,4,MD_MF-DF,0.35314891112419072
TriMesh,distance,2,10,2,4,PCI,0.34192530247238295
TriMesh,distance,2,10,3,4,ALS,0.2000294716879589
TriMesh,distance,2,10,3,4,AP_ALS-PCI,0.19973840116950065
TriMesh,distance,2,10,3,4,Default,0.17803022925147544
TriMesh,distance,2,10,3,4,MDAP_MF-DF-ALS-PCI,0.19321312966480297
TriMesh,distance,2,10,3,4,MDA_MF-DF-ALS,0.19321312966480297
TriMesh,distance,2,10,3,4,MDP_MF-DF-PCI,0.19135518001098437
TriMesh,distance,2,10,3,4,MD_MF-DF,0.19135518001098437
TriMesh,distance,2,10,3,4,PCI,0.1827899626568964
TriMesh,solver,2,10,1,1,ALS,0.56198347107438018
TriMesh,solver,2,10,1,1,AP_ALS-PCI,0.56198347107438018
TriMesh,solver,2,10,1,1,Default,0.55813953488372092
TriMesh,solver,2,10,1,1,MDAP_MF-DF-ALS-PCI,0.55833333333333335
TriMesh,solver,2,10,1,1,MDA_MF-DF-ALS,0.55833333333333335
TriMesh,solver,2,10,1,1,MDP_MF-DF-PCI,0.55737704918032782
TriMesh,solver,2,10,1,1,MD_MF-DF,0.55737704918032782
TriMesh,solver,2,10,1,1,PCI,0.55813953488372092
TriMesh,solver,2,10,2,1,ALS,0.33602875112309072
TriMesh,solver,2,10,2,1,AP_ALS-PCI,0.33592930957016626
TriMesh,solver,2,10,2,1,Default,0.32681527832094903
TriMesh,solver,2,10,2,1,MDAP_MF-DF-ALS-PCI,0.33196096370844769
TriMesh,solver,2,10,2,1,MDA_MF-DF-ALS,0.33196096370844769
TriMesh,solver,2,10,2,1,MDP_MF-DF-PCI,0.33004708652148323
TriMesh,solver,2,10,2,1,MD_MF-DF,0.33004708652148323
TriMesh,solver,2,10,2,1,PCI,0.32903734876380852
TriMesh,solver,2,10,3,1,ALS,0.18461621826654745
TriMesh,solver,2,10,3,1,AP_ALS-PCI,0.18431649019102753
TriMesh,solver,2,10,3,1,Default,0.17196426105590476
TriMesh,solver,2,10,3,1,MDAP_MF-DF-ALS-PCI,0.17776690908575399
TriMesh,solver,2,10,3,1,MDA_MF-DF-ALS,0.17776690908575399
TriMesh,solver,2,10,3,1,MDP_MF-DF-PCI,0.17608833402990307
TriMesh,solver,2,10,3,1,MD_MF-DF,0.17608833402990307
TriMesh,solver,2,10,3,1,PCI,0.17659432422694615
TriMesh,solver,2,10,1,2,ALS,0.56198347107438018
TriMesh,solver,2,10,1,2,AP_ALS-PCI,0.56198347107438018
TriMesh,solver,2,10,1,2,Default,0.55813953488372092
TriMesh,solver,2,10,1,2,MDAP_MF-DF-ALS-PCI,0.55833333333333335
TriMesh,solver,2,10,1,2,MDA_MF-DF-ALS,0.55833333333333335
TriMesh,solver,2,10,1,2,MDP_MF-DF-PCI,0.55737704918032782
TriMesh,solver,2,10,1,2,MD_MF-DF,0.55737704918032782
TriMesh,solver,2,10,1,2,PCI,0.55813953488372092
TriMesh,solver,2,10,2,2,ALS,0.33602875112309072
TriMesh,solver,2,10,2,2,AP_ALS-PCI,0.33592930957016626
TriMesh,solver,2,10,2,2,Default,0.32681527832094903
TriMesh,solver,2,10,2,2,MDAP_MF-DF-ALS-PCI,0.33196096370844769
TriMesh,solver,2,10,2,2,MDA_MF-DF-ALS,0.33196096370844769
TriMesh,solver,2,10,2,2,MDP_MF-DF-PCI,0.33004708652148323
TriMesh,solver,2,10,2,2,MD_MF-DF,0.33004708652148323
TriMesh,solver,2,10,2,2,PCI,0.32903734876380852
TriMesh,solver,2,10,3,2,ALS,0.18863393474570944
TriMesh,solver,2,10,3,2,AP_ALS-PCI,0.18835874981126377
TriMesh,solver,2,10,3,2,Default,0.17705284572349797
TriMesh,solver,2,10,3,2,MDAP_MF-DF-ALS-PCI,0.18247088753671842
TriMesh,solver,2,10,3,2,MDA_MF-DF-ALS,0.18247088753671842
TriMesh,solver,2,10,3,2,MDP_MF-DF-PCI,0.18065391550028811
TriMesh,solver,2,10,3,2,MD_MF-DF,0.18065391550028811
TriMesh,solver,2,10,3,2,PCI,0.18137395803391779
TriMesh,solver,2,10,1,3,ALS,0.56198347107438018
TriMesh,solver,2,10,1,3,AP_ALS-PCI,0.56198347107438018
TriMesh,solver,2,10,1,3,Default,0.55813953488372092
TriMesh,solver,2,10,1,3,MDAP_MF-DF-ALS-PCI,0.55833333333333335
TriMesh,solver,2,10,1,3,MDA_MF-DF-ALS,0.55833333333333335
TriMesh,solver,2,10,1,3,MDP_MF-DF-PCI,0.55737704918032782
TriMesh,solver,2,10,1,3,MD_MF-DF,0.55737704918032782
TriMesh,solver,2,10,1,3,PCI,0.55813953488372092
TriMesh,solver,2,10,2,3,ALS,0.33602875112309072
TriMesh,solver,2,10,2,3,AP_ALS-PCI,0.33592930957016626
TriMesh,solver,2,10,2,3,Default,0.32681527832094903
TriMesh,solver,2,10,2,3,MDAP_MF-DF-ALS-PCI,0.33196096370844769
TriMesh,solver,2,10,2,3,MDA_MF-DF-ALS,0.33196096370844769
TriMesh,solver,2,10,2,3,MDP_MF-DF-PCI,0.33004708652148323
TriMesh,solver,2,10,2,3,MD_MF-DF,0.33004708652148323
TriMesh,solver,2,10,2,3,PCI,0.32903734876380852
TriMesh,solver,2,10,3,3,ALS,0.19092295430726652
TriMesh,solver,2,10,3,3,AP_ALS-PCI,0.19064994441967228
TriMesh,solver,2,10,3,3,Default,0.178918777250959
TriMesh,solver,2,10,3,3,MDAP_MF-DF-ALS-PCI,0.18486932959833496
TriMesh,solver,2,10,3,3,MDA_MF-DF-ALS,0.18486932959833496
TriMesh,solver,2,10,3,3,MDP_MF-DF-PCI,0.18295145127530701
TriMesh,solver,2,10,3,3,MD_MF-DF,0.18295145127530701
TriMesh,solver,2,10,3,3,PCI,0.18339972720244632
TriMesh,solver,2,10,1,4,ALS,0.56198347107438018
TriMesh,solver,2,10,1,4,AP_ALS-PCI,0.56198347107438018
TriMesh,solver,2,10,1,4,Default,0.55813953488372092
TriMesh,solver,2,10,1,4,MDAP_MF-DF-ALS-PCI,0.55833333333333335
TriMesh,solver,2,10,1,4,MDA_MF-DF-ALS,0.55833333333333335
TriMesh,solver,2,10,1,4,MDP_MF-DF-PCI,0.55737704918032782
TriMesh,solver,2,10,1,4,MD_MF-DF,0.55737704918032782
TriMesh,solver,2,10,1,4,PCI,0.55813953488372092
TriMesh,solver,2,10,2,4,ALS,0.33602875112309072
TriMesh,solver,2,10,2,4,AP_ALS-PCI,0.33592930957016626
TriMesh,solver,2,10,2,4,Default,0.32681527832094903
TriMesh,solver,2,10,2,4,MDAP_MF-DF-ALS-PCI,0.33196096370844769
TriMesh,solver,2,10,2,4,MDA_MF-DF-ALS,0.33196096370844769
TriMesh,solver,2,10,2,4,MDP_MF-DF-PCI,0.33004708652148323
TriMesh,solver,2,10,2,4,MD_MF-DF,0.33004708652148323
TriMesh,solver,2,10,2,4,PCI,0.32903734876380852
TriMesh,solver,2,10,3,4,ALS,0.19058128671837282
TriMesh,solver,2,10,3,4,AP_ALS-PCI,0.19030827053515967
TriMesh,solver,2,10,3,4,Default,0.17865882341761025
TriMesh,solver,2,10,3,4,MDAP_MF-DF-ALS-PCI,0.18451871080800089
TriMesh,solver,2,10,3,4,MDA_MF-DF-ALS,0.18451871080800089
TriMesh,solver,2,10,3,4,MDP_MF-DF-PCI,0.18263085936291704
TriMesh,solver,2,10,3,4,MD_MF-DF,0.18263085936291704
TriMesh,solver,2,10,3,4,PCI,0.18322782943755284
WGet,random,2,10,1,1,ALS,1
WGet,random,2,10,1,1,AP_ALS-PCI,1
WGet,random,2,10,1,1,Default,1
WGet,random,2,10,1,1,MDAP_MF-DF-ALS-PCI,1
WGet,random,2,10,1,1,MDA_MF-DF-ALS,1
WGet,random,2,10,1,1,MDP_MF-DF-PCI,1
WGet,random,2,10,1,1,MD_MF-DF,1
WGet,random,2,10,1,1,PCI,1
WGet,random,2,10,2,1,ALS,0.96134020618556704
WGet,random,2,10,2,1,AP_ALS-PCI,0.96021220159151188
WGet,random,2,10,2,1,Default,0.96402877697841727
WGet,random,2,10,2,1,MDAP_MF-DF-ALS-PCI,0.95833333333333337
WGet,random,2,10,2,1,MDA_MF-DF-ALS,0.95833333333333337
WGet,random,2,10,2,1,MDP_MF-DF-PCI,0.95833333333333337
WGet,random,2,10,2,1,MD_MF-DF,0.95833333333333337
WGet,random,2,10,2,1,PCI,0.96268656716417911
WGet,random,2,10,3,1,ALS,0.78225298930144749
WGet,random,2,10,3,1,AP_ALS-PCI,0.76933514246947088
WGet,random,2,10,3,1,Default,0.80173864273696016
WGet,random,2,10,3,1,MDAP_MF-DF-ALS-PCI,0.75975869410929742
WGet,random,2,10,3,1,MDA_MF-DF-ALS,0.75975869410929742
WGet,random,2,10,3,1,MDP_MF-DF-PCI,0.75975869410929742
WGet,random,2,10,3,1,MD_MF-DF,0.75975869410929742
WGet,random,2,10,3,1,PCI,0.7874575223972814
WGet,random,2,10,1,2,ALS,1
WGet,random,2,10,1,2,AP_ALS-PCI,1
WGet,random,2,10,1,2,Default,1
WGet,random,2,10,1,2,MDAP_MF-DF-ALS-PCI,1
WGet,random,2,10,1,2,MDA_MF-DF-ALS,1
WGet,random,2,10,1,2,MDP_MF-DF-PCI,1
WGet,random,2,10,1,2,MD_MF-DF,1
WGet,random,2,10,1,2,PCI,1
WGet,random,2,10,2,2,ALS,0.93814432989690721
WGet,random,2,10,2,2,AP_ALS-PCI,0.93633952254641906
WGet,random,2,10,2,2,Default,0.94244604316546765
WGet,random,2,10,2,2,MDAP_MF-DF-ALS-PCI,0.93333333333333335
WGet,random,2,10,2,2,MDA_MF-DF-ALS,0.93333333333333335
WGet,random,2,10,2,2,MDP_MF-DF-PCI,0.93333333333333335
WGet,random,2,10,2,2,MD_MF-DF,0.93333333333333335
WGet,random,2,10,2,2,PCI,0.94029850746268662
WGet,random,2,10,3,2,ALS,0.7687224669603524
WGet,random,2,10,3,2,AP_ALS-PCI,0.7574626865671642
WGet,random,2,10,3,2,Default,0.78715647784632636
WGet,random,2,10,3,2,MDAP_MF-DF-ALS-PCI,0.74769339957416603
WGet,random,2,10,3,2,MDA_MF-DF-ALS,0.74769339957416603
WGet,random,2,10,3,2,MDP_MF-DF-PCI,0.74769339957416603
WGet,random,2,10,3,2,MD_MF-DF,0.74769339957416603
WGet,random,2,10,3,2,PCI,0.77293790546802599
WGet,random,2,10,1,3,ALS,1
WGet,random,2,10,1,3,AP_ALS-PCI,1
WGet,random,2,10,1,3,Default,1
WGet,random,2,10,1,3,MDAP_MF-DF-ALS-PCI,1
WGet,random,2,10,1,3,MDA_MF-DF-ALS,1
WGet,random,2,10,1,3,MDP_MF-DF-PCI,1
WGet,random,2,10,1,3,MD_MF-DF,1
WGet,random,2,10,1,3,PCI,1
WGet,random,2,10,2,3,ALS,0.93041237113402064
WGet,random,2,10,2,3,AP_ALS-PCI,0.92838196286472152
WGet,random,2,10,2,3,Default,0.93525179856115104
WGet,random,2,10,2,3,MDAP_MF-DF-ALS-PCI,0.92500000000000004
WGet,random,2,10,2,3,MDA_MF-DF-ALS,0.92500000000000004
WGet,random,2,10,2,3,MDP_MF-DF-PCI,0.92500000000000004
WGet,random,2,10,2,3,MD_MF-DF,0.92500000000000004
WGet,random,2,10,2,3,PCI,0.93283582089552242
WGet,random,2,10,3,3,ALS,0.74606670862177471
WGet,random,2,10,3,3,AP_ALS-PCI,0.73439620081411128
WGet,random,2,10,3,3,Default,0.76612450925406617
WGet,random,2,10,3,3,MDAP_MF-DF-ALS-PCI,0.72320794889992901
WGet,random,2,10,3,3,MDA_MF-DF-ALS,0.72320794889992901
WGet,random,2,10,3,3,MDP_MF-DF-PCI,0.72320794889992901
WGet,random,2,10,3,3,MD_MF-DF,0.72320794889992901
WGet,random,2,10,3,3,PCI,0.75162187210379983
WGet,random,2,10,1,4,ALS,1
WGet,random,2,10,1,4,AP_ALS-PCI,1
WGet,random,2,10,1,4,Default,1
WGet,random,2,10,1,4,MDAP_MF-DF-ALS-PCI,1
WGet,random,2,10,1,4,MDA_MF-DF-ALS,1
WGet,random,2,10,1,4,MDP_MF-DF-PCI,1
WGet,random,2,10,1,4,MD_MF-DF,1
WGet,random,2,10,1,4,PCI,1
WGet,random,2,10,2,4,ALS,0.91494845360824739
WGet,random,2,10,2,4,AP_ALS-PCI,0.91246684350132623
WGet,random,2,10,2,4,Default,0.92086330935251803
WGet,random,2,10,2,4,MDAP_MF-DF-ALS-PCI,0.90833333333333333
WGet,random,2,10,2,4,MDA_MF-DF-ALS,0.90833333333333333
WGet,random,2,10,2,4,MDP_MF-DF-PCI,0.90833333333333333
WGet,random,2,10,2,4,MD_MF-DF,0.90833333333333333
WGet,random,2,10,2,4,PCI,0.91791044776119401
WGet,random,2,10,3,4,ALS,0.73599748269351795
WGet,random,2,10,3,4,AP_ALS-PCI,0.72218453188602438
WGet,random,2,10,3,4,Default,0.75546831183398766
WGet,random,2,10,3,4,MDAP_MF-DF-ALS-PCI,0.71398154719659335
WGet,random,2,10,3,4,MDA_MF-DF-ALS,0.71398154719659335
WGet,random,2,10,3,4,MDP_MF-DF-PCI,0.71398154719659335
WGet,random,2,10,3,4,MD_MF-DF,0.71398154719659335
WGet,random,2,10,3,4,PCI,0.74019153537225824
WGet,distance,2,10,1,1,ALS,0.86206896551724133
WGet,distance,2,10,1,1,AP_ALS-PCI,0.86206896551724133
WGet,distance,2,10,1,1,Default,0.8666666666666667
WGet,distance,2,10,1,1,MDAP_MF-DF-ALS-PCI,0.8571428571428571
WGet,distance,2,10,1,1,MDA_MF-DF-ALS,0.8571428571428571
WGet,distance,2,10,1,1,MDP_MF-DF-PCI,0.8571428571428571
WGet,distance,2,10,1,1,MD_MF-DF,0.8571428571428571
WGet,distance,2,10,1,1,PCI,0.8666666666666667
WGet,distance,2,10,2,1,ALS,0.66237113402061853
WGet,distance,2,10,2,1,AP_ALS-PCI,0.65251989389920428
WGet,distance,2,10,2,1,Default,0.6690647482014388
WGet,distance,2,10,2,1,MDAP_MF-DF-ALS-PCI,0.64722222222222225
WGet,distance,2,10,2,1,MDA_MF-DF-ALS,0.64722222222222225
WGet,distance,2,10,2,1,MDP_MF-DF-PCI,0.64722222222222225
WGet,distance,2,10,2,1,MD_MF-DF,0.64722222222222225
WGet,distance,2,10,2,1,PCI,0.66417910447761197
WGet,distance,2,10,3,1,ALS,0.43769666456891126
WGet,distance,2,10,3,1,AP_ALS-PCI,0.42096336499321574
WGet,distance,2,10,3,1,Default,0.4369040942232193
WGet,distance,2,10,3,1,MDAP_MF-DF-ALS-PCI,0.41838183108587651
WGet,distance,2,10,3,1,MDA_MF-DF-ALS,0.41838183108587651
WGet,distance,2,10,3,1,MDP_MF-DF-PCI,0.41838183108587651
WGet,distance,2,10,3,1,MD_MF-DF,0.41838183108587651
WGet,distance,2,10,3,1,PCI,0.42848316342292248
WGet,distance,2,10,1,2,ALS,0.86206896551724133
WGet,distance,2,10,1,2,AP_ALS-PCI,0.86206896551724133
WGet,distance,2,10,1,2,Default,0.8666666666666667
WGet,distance,2,10,1,2,MDAP_MF-DF-ALS-PCI,0.8571428571428571
WGet,distance,2,10,1,2,MDA_MF-DF-ALS,0.8571428571428571
WGet,distance,2,10,1,2,MDP_MF-DF-PCI,0.8571428571428571
WGet,distance,2,10,1,2,MD_MF-DF,0.8571428571428571
WGet,distance,2,10,1,2,PCI,0.8666666666666667
WGet,distance,2,10,2,2,ALS,0.65463917525773196
WGet,distance,2,10,2,2,AP_ALS-PCI,0.64456233421750664
WGet,distance,2,10,2,2,Default,0.65227817745803363
WGet,distance,2,10,2,2,MDAP_MF-DF-ALS-PCI,0.63888888888888884
WGet,distance,2,10,2,2,MDA_MF-DF-ALS,0.63888888888888884
WGet,distance,2,10,2,2,MDP_MF-DF-PCI,0.63888888888888884
WGet,distance,2,10,2,2,MD_MF-DF,0.63888888888888884
WGet,distance,2,10,2,2,PCI,0.64676616915422891
WGet,distance,2,10,3,2,ALS,0.42605412208936438
WGet,distance,2,10,3,2,AP_ALS-PCI,0.40976933514246949
WGet,distance,2,10,3,2,Default,0.41979809310151428
WGet,distance,2,10,3,2,MDAP_MF-DF-ALS-PCI,0.40738112136266857
WGet,distance,2,10,3,2,MDA_MF-DF-ALS,0.40738112136266857
WGet,distance,2,10,3,2,MDP_MF-DF-PCI,0.40738112136266857
WGet,distance,2,10,3,2,MD_MF-DF,0.40738112136266857
WGet,distance,2,10,3,2,PCI,0.4121099783750386
WGet,distance,2,10,1,3,ALS,0.82758620689655171
WGet,distance,2,10,1,3,AP_ALS-PCI,0.82758620689655171
WGet,distance,2,10,1,3,Default,0.83333333333333337
WGet,distance,2,10,1,3,MDAP_MF-DF-ALS-PCI,0.8214285714285714
WGet,distance,2,10,1,3,MDA_MF-DF-ALS,0.8214285714285714
WGet,distance,2,10,1,3,MDP_MF-DF-PCI,0.8214285714285714
WGet,distance,2,10,1,3,MD_MF-DF,0.8214285714285714
WGet,distance,2,10,1,3,PCI,0.83333333333333337
WGet,distance,2,10,2,3,ALS,0.59793814432989689
WGet,distance,2,10,2,3,AP_ALS-PCI,0.58885941644562334
WGet,distance,2,10,2,3,Default,0.59472422062350117
WGet,distance,2,10,2,3,MDAP_MF-DF-ALS-PCI,0.5805555555555556
WGet,distance,2,10,2,3,MDA_MF-DF-ALS,0.5805555555555556
WGet,distance,2,10,2,3,MDP_MF-DF-PCI,0.5805555555555556
WGet,distance,2,10,2,3,MD_MF-DF,0.5805555555555556
WGet,distance,2,10,2,3,PCI,0.58955223880597019
WGet,distance,2,10,3,3,ALS,0.38231592196349906
WGet,distance,2,10,3,3,AP_ALS-PCI,0.36940298507462688
WGet,distance,2,10,3,3,Default,0.37324733595064497
WGet,distance,2,10,3,3,MDAP_MF-DF-ALS-PCI,0.36302342086586231
WGet,distance,2,10,3,3,MDA_MF-DF-ALS,0.36302342086586231
WGet,distance,2,10,3,3,MDP_MF-DF-PCI,0.36302342086586231
WGet,distance,2,10,3,3,MD_MF-DF,0.36302342086586231
WGet,distance,2,10,3,3,PCI,0.36762434352795798
WGet,distance,2,10,1,4,ALS,0.82758620689655171
WGet,distance,2,10,1,4,AP_ALS-PCI,0.82758620689655171
WGet,distance,2,10,1,4,Default,0.83333333333333337
WGet,distance,2,10,1,4,MDAP_MF-DF-ALS-PCI,0.8214285714285714
WGet,distance,2,10,1,4,MDA_MF-DF-ALS,0.8214285714285714
WGet,distance,2,10,1,4,MDP_MF-DF-PCI,0.8214285714285714
WGet,distance,2,10,1,4,MD_MF-DF,0.8214285714285714
WGet,distance,2,10,1,4,PCI,0.83333333333333337
WGet,distance,2,10,2,4,ALS,0.59536082474226804
WGet,distance,2,10,2,4,AP_ALS-PCI,0.58620689655172409
WGet,distance,2,10,2,4,Default,0.59712230215827333
WGet,distance,2,10,2,4,MDAP_MF-DF-ALS-PCI,0.5805555555555556
WGet,distance,2,10,2,4,MDA_MF-DF-ALS,0.5805555555555556
WGet,distance,2,10,2,4,MDP_MF-DF-PCI,0.5805555555555556
WGet,distance,2,10,2,4,MD_MF-DF,0.5805555555555556
WGet,distance,2,10,2,4,PCI,0.59203980099502485
WGet,distance,2,10,3,4,ALS,0.38105726872246698
WGet,distance,2,10,3,4,AP_ALS-PCI,0.36906377204884666
WGet,distance,2,10,3,4,Default,0.37913628715647785
WGet,distance,2,10,3,4,MDAP_MF-DF-ALS-PCI,0.36408800567778565
WGet,distance,2,10,3,4,MDA_MF-DF-ALS,0.36408800567778565
WGet,distance,2,10,3,4,MDP_MF-DF-PCI,0.36408800567778565
WGet,distance,2,10,3,4,MD_MF-DF,0.36408800567778565
WGet,distance,2,10,3,4,PCI,0.37472968798270001
WGet,solver,2,10,1,1,ALS,0.75862068965517238
WGet,solver,2,10,1,1,AP_ALS-PCI,0.75862068965517238
WGet,solver,2,10,1,1,Default,0.76666666666666672
WGet,solver,2,10,1,1,MDAP_MF-DF-ALS-PCI,0.7857142857142857
WGet,solver,2,10,1,1,MDA_MF-DF-ALS,0.7857142857142857
WGet,solver,2,10,1,1,MDP_MF-DF-PCI,0.7857142857142857
WGet,solver,2,10,1,1,MD_MF-DF,0.7857142857142857
WGet,solver,2,10,1,1,PCI,0.76666666666666672
WGet,solver,2,10,2,1,ALS,0.47938144329896909
WGet,solver,2,10,2,1,AP_ALS-PCI,0.49336870026525198
WGet,solver,2,10,2,1,Default,0.49880095923261392
WGet,solver,2,10,2,1,MDAP_MF-DF-ALS-PCI,0.51666666666666672
WGet,solver,2,10,2,1,MDA_MF-DF-ALS,0.51666666666666672
WGet,solver,2,10,2,1,MDP_MF-DF-PCI,0.51666666666666672
WGet,solver,2,10,2,1,MD_MF-DF,0.51666666666666672
WGet,solver,2,10,2,1,PCI,0.51741293532338306
WGet,solver,2,10,3,1,ALS,0.27690371302706107
WGet,solver,2,10,3,1,AP_ALS-PCI,0.29850746268656714
WGet,solver,2,10,3,1,Default,0.29893438025799213
WGet,solver,2,10,3,1,MDAP_MF-DF-ALS-PCI,0.31227821149751595
WGet,solver,2,10,3,1,MDA_MF-DF-ALS,0.31227821149751595
WGet,solver,2,10,3,1,MDP_MF-DF-PCI,0.31227821149751595
WGet,solver,2,10,3,1,MD_MF-DF,0.31227821149751595
WGet,solver,2,10,3,1,PCI,0.32931726907630521
WGet,solver,2,10,1,2,ALS,0.75862068965517238
WGet,solver,2,10,1,2,AP_ALS-PCI,0.75862068965517238
WGet,solver,2,10,1,2,Default,0.76666666666666672
WGet,solver,2,10,1,2,MDAP_MF-DF-ALS-PCI,0.7857142857142857
WGet,solver,2,10,1,2,MDA_MF-DF-ALS,0.7857142857142857
WGet,solver,2,10,1,2,MDP_MF-DF-PCI,0.7857142857142857
WGet,solver,2,10,1,2,MD_MF-DF,0.7857142857142857
WGet,solver,2,10,1,2,PCI,0.76666666666666672
WGet,solver,2,10,2,2,ALS,0.47938144329896909
WGet,solver,2,10,2,2,AP_ALS-PCI,0.49336870026525198
WGet,solver,2,10,2,2,Default,0.49880095923261392
WGet,solver,2,10,2,2,MDAP_MF-DF-ALS-PCI,0.51666666666666672
WGet,solver,2,10,2,2,MDA_MF-DF-ALS,0.51666666666666672
WGet,solver,2,10,2,2,MDP_MF-DF-PCI,0.51666666666666672
WGet,solver,2,10,2,2,MD_MF-DF,0.51666666666666672
WGet,solver,2,10,2,2,PCI,0.51741293532338306
WGet,solver,2,10,3,2,ALS,0.27690371302706107
WGet,solver,2,10,3,2,AP_ALS-PCI,0.29850746268656714
WGet,solver,2,10,3,2,Default,0.29893438025799213
WGet,solver,2,10,3,2,MDAP_MF-DF-ALS-PCI,0.31227821149751595
WGet,solver,2,10,3,2,MDA_MF-DF-ALS,0.31227821149751595
WGet,solver,2,10,3,2,MDP_MF-DF-PCI,0.31227821149751595
WGet,solver,2,10,3,2,MD_MF-DF,0.31227821149751595
WGet,solver,2,10,3,2,PCI,0.32931726907630521
WGet,solver,2,10,1,3,ALS,0.75862068965517238
WGet,solver,2,10,1,3,AP_ALS-PCI,0.75862068965517238
WGet,solver,2,10,1,3,Default,0.76666666666666672
WGet,solver,2,10,1,3,MDAP_MF-DF-ALS-PCI,0.7857142857142857
WGet,solver,2,10,1,3,MDA_MF-DF-ALS,0.7857142857142857
WGet,solver,2,10,1,3,MDP_MF-DF-PCI,0.7857142857142857
WGet,solver,2,10,1,3,MD_MF-DF,0.7857142857142857
WGet,solver,2,10,1,3,PCI,0.76666666666666672
WGet,solver,2,10,2,3,ALS,0.47938144329896909
WGet,solver,2,10,2,3,AP_ALS-PCI,0.49336870026525198
WGet,solver,2,10,2,3,Default,0.49880095923261392
WGet,solver,2,10,2,3,MDAP_MF-DF-ALS-PCI,0.51666666666666672
WGet,solver,2,10,2,3,MDA_MF-DF-ALS,0.51666666666666672
WGet,solver,2,10,2,3,MDP_MF-DF-PCI,0.51666666666666672
WGet,solver,2,10,2,3,MD_MF-DF,0.51666666666666672
WGet,solver,2,10,2,3,PCI,0.51741293532338306
WGet,solver,2,10,3,3,ALS,0.27690371302706107
WGet,solver,2,10,3,3,AP_ALS-PCI,0.29850746268656714
WGet,solver,2,10,3,3,Default,0.29893438025799213
WGet,solver,2,10,3,3,MDAP_MF-DF-ALS-PCI,0.31227821149751595
WGet,solver,2,10,3,3,MDA_MF-DF-ALS,0.31227821149751595
WGet,solver,2,10,3,3,MDP_MF-DF-PCI,0.31227821149751595
WGet,solver,2,10,3,3,MD_MF-DF,0.31227821149751595
WGet,solver,2,10,3,3,PCI,0.32931726907630521
WGet,solver,2,10,1,4,ALS,0.75862068965517238
WGet,solver,2,10,1,4,AP_ALS-PCI,0.75862068965517238
WGet,solver,2,10,1,4,Default,0.76666666666666672
WGet,solver,2,10,1,4,MDAP_MF-DF-ALS-PCI,0.7857142857142857
WGet,solver,2,10,1,4,MDA_MF-DF-ALS,0.7857142857142857
WGet,solver,2,10,1,4,MDP_MF-DF-PCI,0.7857142857142857
WGet,solver,2,10,1,4,MD_MF-DF,0.7857142857142857
WGet,solver,2,10,1,4,PCI,0.76666666666666672
WGet,solver,2,10,2,4,ALS,0.47938144329896909
WGet,solver,2,10,2,4,AP_ALS-PCI,0.49336870026525198
WGet,solver,2,10,2,4,Default,0.49880095923261392
WGet,solver,2,10,2,4,MDAP_MF-DF-ALS-PCI,0.51666666666666672
WGet,solver,2,10,2,4,MDA_MF-DF-ALS,0.51666666666666672
WGet,solver,2,10,2,4,MDP_MF-DF-PCI,0.51666666666666672
WGet,solver,2,10,2,4,MD_MF-DF,0.51666666666666672
WGet,solver,2,10,2,4,PCI,0.51741293532338306
WGet,solver,2,10,3,4,ALS,0.27690371302706107
WGet,solver,2,10,3,4,AP_ALS-PCI,0.29850746268656714
WGet,solver,2,10,3,4,Default,0.29893438025799213
WGet,solver,2,10,3,4,MDAP_MF-DF-ALS-PCI,0.31227821149751595
WGet,solver,2,10,3,4,MDA_MF-DF-ALS,0.31227821149751595
WGet,solver,2,10,3,4,MDP_MF-DF-PCI,0.31227821149751595
WGet,solver,2,10,3,4,MD_MF-DF,0.31227821149751595
WGet,solver,2,10,3,4,PCI,0.32931726907630521
clasp,random,2,10,1,1,ALS,0.84905660377358494
clasp,random,2,10,1,1,AP_ALS-PCI,0.84905660377358494
clasp,random,2,10,1,1,Default,0.87692307692307692
clasp,random,2,10,1,1,MDAP_MF-DF-ALS-PCI,0.84615384615384615
clasp,random,2,10,1,1,MDA_MF-DF-ALS,0.84615384615384615
clasp,random,2,10,1,1,MDP_MF-DF-PCI,0.875
clasp,random,2,10,1,1,MD_MF-DF,0.875
clasp,random,2,10,1,1,PCI,0.87692307692307692
clasp,random,2,10,2,1,ALS,0.74188034188034191
clasp,random,2,10,2,1,AP_ALS-PCI,0.74462596732588138
clasp,random,2,10,2,1,Default,0.78733572281959374
clasp,random,2,10,2,1,MDAP_MF-DF-ALS-PCI,0.7401079136690647
clasp,random,2,10,2,1,MDA_MF-DF-ALS,0.73703041144901615
clasp,random,2,10,2,1,MDP_MF-DF-PCI,0.78481012658227844
clasp,random,2,10,2,1,MD_MF-DF,0.78385093167701858
clasp,random,2,10,2,1,PCI,0.7880633373934226
clasp,random,2,10,3,1,ALS,0.63784971247657818
clasp,random,2,10,3,1,AP_ALS-PCI,0.64194222977388582
clasp,random,2,10,3,1,Default,0.69968051118210861
clasp,random,2,10,3,1,MDAP_MF-DF-ALS-PCI,0.63482237073513892
clasp,random,2,10,3,1,MDA_MF-DF-ALS,0.63012744620098893
clasp,random,2,10,3,1,MDP_MF-DF-PCI,0.69550157839354609
clasp,random,2,10,3,1,MD_MF-DF,0.69404722314599265
clasp,random,2,10,3,1,PCI,0.70053058034796201
clasp,random,2,10,1,2,ALS,0.79245283018867929
clasp,random,2,10,1,2,AP_ALS-PCI,0.79245283018867929
clasp,random,2,10,1,2,Default,0.7384615384615385
clasp,random,2,10,1,2,MDAP_MF-DF-ALS-PCI,0.78846153846153844
clasp,random,2,10,1,2,MDA_MF-DF-ALS,0.78846153846153844
clasp,random,2,10,1,2,MDP_MF-DF-PCI,0.734375
clasp,random,2,10,1,2,MD_MF-DF,0.734375
clasp,random,2,10,1,2,PCI,0.7384615384615385
clasp,random,2,10,2,2,ALS,0.67435897435897441
clasp,random,2,10,2,2,AP_ALS-PCI,0.6784178847807395
clasp,random,2,10,2,2,Default,0.63082437275985659
clasp,random,2,10,2,2,MDAP_MF-DF-ALS-PCI,0.67266187050359716
clasp,random,2,10,2,2,MDA_MF-DF-ALS,0.66905187835420399
clasp,random,2,10,2,2,MDP_MF-DF-PCI,0.6259493670886076
clasp,random,2,10,2,2,MD_MF-DF,0.62670807453416144
clasp,random,2,10,2,2,PCI,0.63032886723507919
clasp,random,2,10,3,2,ALS,0.57375460360534991
clasp,random,2,10,3,2,AP_ALS-PCI,0.58031629852306887
clasp,random,2,10,3,2,Default,0.55575469492714091
clasp,random,2,10,3,2,MDAP_MF-DF-ALS-PCI,0.57207175518818154
clasp,random,2,10,3,2,MDA_MF-DF-ALS,0.56633470297374466
clasp,random,2,10,3,2,MDP_MF-DF-PCI,0.54752718344440543
clasp,random,2,10,3,2,MD_MF-DF,0.55100598603259066
clasp,random,2,10,3,2,PCI,0.55266729733064612
clasp,random,2,10,1,3,ALS,0.81132075471698117
clasp,random,2,10,1,3,AP_ALS-PCI,0.81132075471698117
clasp,random,2,10,1,3,Default,0.75384615384615383
clasp,random,2,10,1,3,MDAP_MF-DF-ALS-PCI,0.80769230769230771
clasp,random,2,10,1,3,MDA_MF-DF-ALS,0.80769230769230771
clasp,random,2,10,1,3,MDP_MF-DF-PCI,0.75
clasp,random,2,10,1,3,MD_MF-DF,0.75
clasp,random,2,10,1,3,PCI,0.75384615384615383
clasp,random,2,10,2,3,ALS,0.69059829059829059
clasp,random,2,10,2,3,AP_ALS-PCI,0.69475494411006022
clasp,random,2,10,2,3,Default,0.64575866188769415
clasp,random,2,10,2,3,MDAP_MF-DF-ALS-PCI,0.6888489208633094
clasp,random,2,10,2,3,MDA_MF-DF-ALS,0.68515205724508055
clasp,random,2,10,2,3,MDP_MF-DF-PCI,0.64050632911392402
clasp,random,2,10,2,3,MD_MF-DF,0.64161490683229816
clasp,random,2,10,2,3,PCI,0.64494518879415352
clasp,random,2,10,3,3,ALS,0.58351101634683722
clasp,random,2,10,3,3,AP_ALS-PCI,0.59018428963534175
clasp,random,2,10,3,3,Default,0.5666640691966025
clasp,random,2,10,3,3,MDAP_MF-DF-ALS-PCI,0.5814280689412592
clasp,random,2,10,3,3,MDA_MF-DF-ALS,0.5755971864335957
clasp,random,2,10,3,3,MDP_MF-DF-PCI,0.55756752016836197
clasp,random,2,10,3,3,MD_MF-DF,0.56164782174925176
clasp,random,2,10,3,3,PCI,0.56299099247316253
clasp,random,2,10,1,4,ALS,0.86792452830188682
clasp,random,2,10,1,4,AP_ALS-PCI,0.86792452830188682
clasp,random,2,10,1,4,Default,0.80000000000000004
clasp,random,2,10,1,4,MDAP_MF-DF-ALS-PCI,0.86538461538461542
clasp,random,2,10,1,4,MDA_MF-DF-ALS,0.86538461538461542
clasp,random,2,10,1,4,MDP_MF-DF-PCI,0.796875
clasp,random,2,10,1,4,MD_MF-DF,0.796875
clasp,random,2,10,1,4,PCI,0.80000000000000004
clasp,random,2,10,2,4,ALS,0.75641025641025639
clasp,random,2,10,2,4,AP_ALS-PCI,0.7609630266552021
clasp,random,2,10,2,4,Default,0.70250896057347667
clasp,random,2,10,2,4,MDAP_MF-DF-ALS-PCI,0.75539568345323738
clasp,random,2,10,2,4,MDA_MF-DF-ALS,0.75134168157423975
clasp,random,2,10,2,4,MDP_MF-DF-PCI,0.69683544303797473
clasp,random,2,10,2,4,MD_MF-DF,0.69875776397515532
clasp,random,2,10,2,4,PCI,0.70097442143727162
clasp,random,2,10,3,4,ALS,0.6448278090069135
clasp,random,2,10,3,4,AP_ALS-PCI,0.65220232649326881
clasp,random,2,10,3,4,Default,0.62339281539780256
clasp,random,2,10,3,4,MDAP_MF-DF-ALS-PCI,0.64298276468519167
clasp,random,2,10,3,4,MDA_MF-DF-ALS,0.63653457761682564
clasp,random,2,10,3,4,MDP_MF-DF-PCI,0.61272360575236762
clasp,random,2,10,3,4,MD_MF-DF,0.61834885267708684
clasp,random,2,10,3,4,PCI,0.61827006128408668
clasp,distance,2,10,1,1,ALS,0.84905660377358494
clasp,distance,2,10,1,1,AP_ALS-PCI,0.84905660377358494
clasp,distance,2,10,1,1,Default,0.86153846153846159
clasp,distance,2,10,1,1,MDAP_MF-DF-ALS-PCI,0.84615384615384615
clasp,distance,2,10,1,1,MDA_MF-DF-ALS,0.84615384615384615
clasp,distance,2,10,1,1,MDP_MF-DF-PCI,0.859375
clasp,distance,2,10,1,1,MD_MF-DF,0.859375
clasp,distance,2,10,1,1,PCI,0.86153846153846159
clasp,distance,2,10,2,1,ALS,0.63846153846153841
clasp,distance,2,10,2,1,AP_ALS-PCI,0.64144453998280304
clasp,distance,2,10,2,1,Default,0.64755077658303462
clasp,distance,2,10,2,1,MDAP_MF-DF-ALS-PCI,0.64388489208633093
clasp,distance,2,10,2,1,MDA_MF-DF-ALS,0.64042933810375668
clasp,distance,2,10,2,1,MDP_MF-DF-PCI,0.65822784810126578
clasp,distance,2,10,2,1,MD_MF-DF,0.65031055900621115
clasp,distance,2,10,2,1,PCI,0.65529841656516441
clasp,distance,2,10,3,1,ALS,0.45693609872714352
clasp,distance,2,10,3,1,AP_ALS-PCI,0.46059338648542675
clasp,distance,2,10,3,1,Default,0.46528481259253485
clasp,distance,2,10,3,1,MDAP_MF-DF-ALS-PCI,0.46661976785086179
clasp,distance,2,10,3,1,MDA_MF-DF-ALS,0.46194024653527405
clasp,distance,2,10,3,1,MDP_MF-DF-PCI,0.48811820413889861
clasp,distance,2,10,3,1,MD_MF-DF,0.47006983704689059
clasp,distance,2,10,3,1,PCI,0.48274585612635218
clasp,distance,2,10,1,2,ALS,0.79245283018867929
clasp,distance,2,10,1,2,AP_ALS-PCI,0.79245283018867929
clasp,distance,2,10,1,2,Default,0.81538461538461537
clasp,distance,2,10,1,2,MDAP_MF-DF-ALS-PCI,0.78846153846153844
clasp,distance,2,10,1,2,MDA_MF-DF-ALS,0.78846153846153844
clasp,distance,2,10,1,2,MDP_MF-DF-PCI,0.8125
clasp,distance,2,10,1,2,MD_MF-DF,0.8125
clasp,distance,2,10,1,2,PCI,0.81538461538461537
clasp,distance,2,10,2,2,ALS,0.57777777777777772
clasp,distance,2,10,2,2,AP_ALS-PCI,0.58125537403267413
clasp,distance,2,10,2,2,Default,0.59438470728793313
clasp,distance,2,10,2,2,MDAP_MF-DF-ALS-PCI,0.58273381294964033
clasp,distance,2,10,2,2,MDA_MF-DF-ALS,0.57960644007155637
clasp,distance,2,10,2,2,MDP_MF-DF-PCI,0.60506329113924051
clasp,distance,2,10,2,2,MD_MF-DF,0.59689440993788823
clasp,distance,2,10,2,2,PCI,0.60292326431181487
clasp,distance,2,10,3,2,ALS,0.40350197066614979
clasp,distance,2,10,3,2,AP_ALS-PCI,0.40811658606718076
clasp,distance,2,10,3,2,Default,0.41432244993376449
clasp,distance,2,10,3,2,MDAP_MF-DF-ALS-PCI,0.41336616250439678
clasp,distance,2,10,3,2,MDA_MF-DF-ALS,0.40922069782018244
clasp,distance,2,10,3,2,MDP_MF-DF-PCI,0.4368204138898632
clasp,distance,2,10,3,2,MD_MF-DF,0.41935483870967744
clasp,distance,2,10,3,2,PCI,0.43223789742113272
clasp,distance,2,10,1,3,ALS,0.81132075471698117
clasp,distance,2,10,1,3,AP_ALS-PCI,0.81132075471698117
clasp,distance,2,10,1,3,Default,0.84615384615384615
clasp,distance,2,10,1,3,MDAP_MF-DF-ALS-PCI,0.80769230769230771
clasp,distance,2,10,1,3,MDA_MF-DF-ALS,0.80769230769230771
clasp,distance,2,10,1,3,MDP_MF-DF-PCI,0.84375
clasp,distance,2,10,1,3,MD_MF-DF,0.84375
clasp,distance,2,10,1,3,PCI,0.84615384615384615
clasp,distance,2,10,2,3,ALS,0.59743589743589742
clasp,distance,2,10,2,3,AP_ALS-PCI,0.6001719690455718
clasp,distance,2,10,2,3,Default,0.62724014336917566
clasp,distance,2,10,2,3,MDAP_MF-DF-ALS-PCI,0.60251798561151082
clasp,distance,2,10,2,3,MDA_MF-DF-ALS,0.59928443649373886
clasp,distance,2,10,2,3,MDP_MF-DF-PCI,0.63797468354430376
clasp,distance,2,10,2,3,MD_MF-DF,0.63043478260869568
clasp,distance,2,10,2,3,PCI,0.63459196102314253
clasp,distance,2,10,3,3,ALS,0.42139949602636168
clasp,distance,2,10,3,3,AP_ALS-PCI,0.42465037250032678
clasp,distance,2,10,3,3,Default,0.44412841891997196
clasp,distance,2,10,3,3,MDAP_MF-DF-ALS-PCI,0.43116426310235667
clasp,distance,2,10,3,3,MDA_MF-DF-ALS,0.42684030921373356
clasp,distance,2,10,3,3,MDP_MF-DF-PCI,0.46676604700105229
clasp,distance,2,10,3,3,MD_MF-DF,0.44990854672430997
clasp,distance,2,10,3,3,PCI,0.46032986468144615
clasp,distance,2,10,1,4,ALS,0.79245283018867929
clasp,distance,2,10,1,4,AP_ALS-PCI,0.79245283018867929
clasp,distance,2,10,1,4,Default,0.81538461538461537
clasp,distance,2,10,1,4,MDAP_MF-DF-ALS-PCI,0.78846153846153844
clasp,distance,2,10,1,4,MDA_MF-DF-ALS,0.78846153846153844
clasp,distance,2,10,1,4,MDP_MF-DF-PCI,0.8125
clasp,distance,2,10,1,4,MD_MF-DF,0.8125
clasp,distance,2,10,1,4,PCI,0.81538461538461537
clasp,distance,2,10,2,4,ALS,0.58034188034188039
clasp,distance,2,10,2,4,AP_ALS-PCI,0.58383490971625107
clasp,distance,2,10,2,4,Default,0.59856630824372759
clasp,distance,2,10,2,4,MDAP_MF-DF-ALS-PCI,0.58543165467625902
clasp,distance,2,10,2,4,MDA_MF-DF-ALS,0.58228980322003576
clasp,distance,2,10,2,4,MDP_MF-DF-PCI,0.60822784810126584
clasp,distance,2,10,2,4,MD_MF-DF,0.60124223602484472
clasp,distance,2,10,2,4,PCI,0.60596833130328864
clasp,distance,2,10,3,4,ALS,0.40867093105899077
clasp,distance,2,10,3,4,AP_ALS-PCI,0.41334466082864985
clasp,distance,2,10,3,4,Default,0.42121873295410273
clasp,distance,2,10,3,4,MDAP_MF-DF-ALS-PCI,0.41899402040098488
clasp,distance,2,10,3,4,MDA_MF-DF-ALS,0.41479211644264918
clasp,distance,2,10,3,4,MDP_MF-DF-PCI,0.44199403717993685
clasp,distance,2,10,3,4,MD_MF-DF,0.42671267043565014
clasp,distance,2,10,3,4,PCI,0.43709126804590137
clasp,solver,2,10,1,1,ALS,0.81132075471698117
clasp,solver,2,10,1,1,AP_ALS-PCI,0.81132075471698117
clasp,solver,2,10,1,1,Default,0.80000000000000004
clasp,solver,2,10,1,1,MDAP_MF-DF-ALS-PCI,0.80769230769230771
clasp,solver,2,10,1,1,MDA_MF-DF-ALS,0.80769230769230771
clasp,solver,2,10,1,1,MDP_MF-DF-PCI,0.796875
clasp,solver,2,10,1,1,MD_MF-DF,0.796875
clasp,solver,2,10,1,1,PCI,0.80000000000000004
clasp,solver,2,10,2,1,ALS,0.59658119658119657
clasp,solver,2,10,2,1,AP_ALS-PCI,0.59931212381771282
clasp,solver,2,10,2,1,Default,0.58900836320191163
clasp,solver,2,10,2,1,MDAP_MF-DF-ALS-PCI,0.59982014388489213
clasp,solver,2,10,2,1,MDA_MF-DF-ALS,0.59660107334525936
clasp,solver,2,10,2,1,MDP_MF-DF-PCI,0.59936708860759491
clasp,solver,2,10,2,1,MD_MF-DF,0.58944099378881987
clasp,solver,2,10,2,1,PCI,0.59866017052375153
clasp,solver,2,10,3,1,ALS,0.42204561607546681
clasp,solver,2,10,3,1,AP_ALS-PCI,0.42530388184551038
clasp,solver,2,10,3,1,Default,0.42223174627912413
clasp,solver,2,10,3,1,MDAP_MF-DF-ALS-PCI,0.42863172704889202
clasp,solver,2,10,3,1,MDA_MF-DF-ALS,0.42433317083362349
clasp,solver,2,10,3,1,MDP_MF-DF-PCI,0.44497544721150473
clasp,solver,2,10,3,1,MD_MF-DF,0.42413535084802129
clasp,solver,2,10,3,1,PCI,0.44227368074692552
clasp,solver,2,10,1,2,ALS,0.77358490566037741
clasp,solver,2,10,1,2,AP_ALS-PCI,0.77358490566037741
clasp,solver,2,10,1,2,Default,0.80000000000000004
clasp,solver,2,10,1,2,MDAP_MF-DF-ALS-PCI,0.76923076923076927
clasp,solver,2,10,1,2,MDA_MF-DF-ALS,0.76923076923076927
clasp,solver,2,10,1,2,MDP_MF-DF-PCI,0.796875
clasp,solver,2,10,1,2,MD_MF-DF,0.796875
clasp,solver,2,10,1,2,PCI,0.80000000000000004
clasp,solver,2,10,2,2,ALS,0.56495726495726495
clasp,solver,2,10,2,2,AP_ALS-PCI,0.56749785038693035
clasp,solver,2,10,2,2,Default,0.59796893667861406
clasp,solver,2,10,2,2,MDAP_MF-DF-ALS-PCI,0.56654676258992809
clasp,solver,2,10,2,2,MDA_MF-DF-ALS,0.56350626118067981
clasp,solver,2,10,2,2,MDP_MF-DF-PCI,0.60759493670886078
clasp,solver,2,10,2,2,MD_MF-DF,0.59875776397515523
clasp,solver,2,10,2,2,PCI,0.60657734470158342
clasp,solver,2,10,3,2,ALS,0.40098210247463978
clasp,solver,2,10,3,2,AP_ALS-PCI,0.40399947719252383
clasp,solver,2,10,3,2,Default,0.43508922309670384
clasp,solver,2,10,3,2,MDAP_MF-DF-ALS-PCI,0.40569820612029545
clasp,solver,2,10,3,2,MDA_MF-DF-ALS,0.40162963994707152
clasp,solver,2,10,3,2,MDP_MF-DF-PCI,0.45707646439845667
clasp,solver,2,10,3,2,MD_MF-DF,0.43785334220152977
clasp,solver,2,10,3,2,PCI,0.45362563237774028
clasp,solver,2,10,1,3,ALS,0.81132075471698117
clasp,solver,2,10,1,3,AP_ALS-PCI,0.81132075471698117
clasp,solver,2,10,1,3,Default,0.80000000000000004
clasp,solver,2,10,1,3,MDAP_MF-DF-ALS-PCI,0.80769230769230771
clasp,solver,2,10,1,3,MDA_MF-DF-ALS,0.80769230769230771
clasp,solver,2,10,1,3,MDP_MF-DF-PCI,0.796875
clasp,solver,2,10,1,3,MD_MF-DF,0.796875
clasp,solver,2,10,1,3,PCI,0.80000000000000004
clasp,solver,2,10,2,3,ALS,0.59658119658119657
clasp,solver,2,10,2,3,AP_ALS-PCI,0.59931212381771282
clasp,solver,2,10,2,3,Default,0.58900836320191163
clasp,solver,2,10,2,3,MDAP_MF-DF-ALS-PCI,0.59982014388489213
clasp,solver,2,10,2,3,MDA_MF-DF-ALS,0.59660107334525936
clasp,solver,2,10,2,3,MDP_MF-DF-PCI,0.59936708860759491
clasp,solver,2,10,2,3,MD_MF-DF,0.58944099378881987
clasp,solver,2,10,2,3,PCI,0.59866017052375153
clasp,solver,2,10,3,3,ALS,0.42204561607546681
clasp,solver,2,10,3,3,AP_ALS-PCI,0.42530388184551038
clasp,solver,2,10,3,3,Default,0.42223174627912413
clasp,solver,2,10,3,3,MDAP_MF-DF-ALS-PCI,0.42863172704889202
clasp,solver,2,10,3,3,MDA_MF-DF-ALS,0.42433317083362349
clasp,solver,2,10,3,3,MDP_MF-DF-PCI,0.44497544721150473
clasp,solver,2,10,3,3,MD_MF-DF,0.42413535084802129
clasp,solver,2,10,3,3,PCI,0.44227368074692552
clasp,solver,2,10,1,4,ALS,0.77358490566037741
clasp,solver,2,10,1,4,AP_ALS-PCI,0.77358490566037741
clasp,solver,2,10,1,4,Default,0.80000000000000004
clasp,solver,2,10,1,4,MDAP_MF-DF-ALS-PCI,0.76923076923076927
clasp,solver,2,10,1,4,MDA_MF-DF-ALS,0.76923076923076927
clasp,solver,2,10,1,4,MDP_MF-DF-PCI,0.796875
clasp,solver,2,10,1,4,MD_MF-DF,0.796875
clasp,solver,2,10,1,4,PCI,0.80000000000000004
clasp,solver,2,10,2,4,ALS,0.56495726495726495
clasp,solver,2,10,2,4,AP_ALS-PCI,0.56749785038693035
clasp,solver,2,10,2,4,Default,0.59796893667861406
clasp,solver,2,10,2,4,MDAP_MF-DF-ALS-PCI,0.56654676258992809
clasp,solver,2,10,2,4,MDA_MF-DF-ALS,0.56350626118067981
clasp,solver,2,10,2,4,MDP_MF-DF-PCI,0.60759493670886078
clasp,solver,2,10,2,4,MD_MF-DF,0.59875776397515523
clasp,solver,2,10,2,4,PCI,0.60657734470158342
clasp,solver,2,10,3,4,ALS,0.40098210247463978
clasp,solver,2,10,3,4,AP_ALS-PCI,0.40399947719252383
clasp,solver,2,10,3,4,Default,0.43508922309670384
clasp,solver,2,10,3,4,MDAP_MF-DF-ALS-PCI,0.40569820612029545
clasp,solver,2,10,3,4,MDA_MF-DF-ALS,0.40162963994707152
clasp,solver,2,10,3,4,MDP_MF-DF-PCI,0.45707646439845667
clasp,solver,2,10,3,4,MD_MF-DF,0.43785334220152977
clasp,solver,2,10,3,4,PCI,0.45362563237774028
z3,random,2,10,1,1,ALS,1
z3,random,2,10,1,1,AP_ALS-PCI,1
z3,random,2,10,1,1,Default,1
z3,random,2,10,1,1,MDAP_MF-DF-ALS-PCI,1
z3,random,2,10,1,1,MDA_MF-DF-ALS,1
z3,random,2,10,1,1,MDP_MF-DF-PCI,1
z3,random,2,10,1,1,MD_MF-DF,1
z3,random,2,10,1,1,PCI,1
z3,random,2,10,2,1,ALS,0.92168674698795183
z3,random,2,10,2,1,AP_ALS-PCI,0.91950464396284826
z3,random,2,10,2,1,Default,0.92757660167130918
z3,random,2,10,2,1,MDAP_MF-DF-ALS-PCI,0.91503267973856206
z3,random,2,10,2,1,MDA_MF-DF-ALS,0.91503267973856206
z3,random,2,10,2,1,MDP_MF-DF-PCI,0.91503267973856206
z3,random,2,10,2,1,MD_MF-DF,0.91503267973856206
z3,random,2,10,2,1,PCI,0.92463768115942024
z3,random,2,10,3,1,ALS,0.74210526315789471
z3,random,2,10,3,1,AP_ALS-PCI,0.73013100436681222
z3,random,2,10,3,1,Default,0.7633832976445396
z3,random,2,10,3,1,MDAP_MF-DF-ALS-PCI,0.71765249537892795
z3,random,2,10,3,1,MDA_MF-DF-ALS,0.71765249537892795
z3,random,2,10,3,1,MDP_MF-DF-PCI,0.71765249537892795
z3,random,2,10,3,1,MD_MF-DF,0.71765249537892795
z3,random,2,10,3,1,PCI,0.75079617834394907
z3,random,2,10,1,2,ALS,1
z3,random,2,10,1,2,AP_ALS-PCI,1
z3,random,2,10,1,2,Default,1
z3,random,2,10,1,2,MDAP_MF-DF-ALS-PCI,1
z3,random,2,10,1,2,MDA_MF-DF-ALS,1
z3,random,2,10,1,2,MDP_MF-DF-PCI,1
z3,random,2,10,1,2,MD_MF-DF,1
z3,random,2,10,1,2,PCI,1
z3,random,2,10,2,2,ALS,0.92469879518072284
z3,random,2,10,2,2,AP_ALS-PCI,0.92260061919504643
z3,random,2,10,2,2,Default,0.93036211699164351
z3,random,2,10,2,2,MDAP_MF-DF-ALS-PCI,0.9183006535947712
z3,random,2,10,2,2,MDA_MF-DF-ALS,0.9183006535947712
z3,random,2,10,2,2,MDP_MF-DF-PCI,0.9183006535947712
z3,random,2,10,2,2,MD_MF-DF,0.9183006535947712
z3,random,2,10,2,2,PCI,0.92753623188405798
z3,random,2,10,3,2,ALS,0.7453441295546559
z3,random,2,10,3,2,AP_ALS-PCI,0.7323144104803494
z3,random,2,10,3,2,Default,0.76659528907922914
z3,random,2,10,3,2,MDAP_MF-DF-ALS-PCI,0.72088724584103514
z3,random,2,10,3,2,MDA_MF-DF-ALS,0.72088724584103514
z3,random,2,10,3,2,MDP_MF-DF-PCI,0.72088724584103514
z3,random,2,10,3,2,MD_MF-DF,0.72088724584103514
z3,random,2,10,3,2,PCI,0.75398089171974525
z3,random,2,10,1,3,ALS,1
z3,random,2,10,1,3,AP_ALS-PCI,1
z3,random,2,10,1,3,Default,1
z3,random,2,10,1,3,MDAP_MF-DF-ALS-PCI,1
z3,random,2,10,1,3,MDA_MF-DF-ALS,1
z3,random,2,10,1,3,MDP_MF-DF-PCI,1
z3,random,2,10,1,3,MD_MF-DF,1
z3,random,2,10,1,3,PCI,1
z3,random,2,10,2,3,ALS,0.92469879518072284
z3,random,2,10,2,3,AP_ALS-PCI,0.92260061919504643
z3,random,2,10,2,3,Default,0.93036211699164351
z3,random,2,10,2,3,MDAP_MF-DF-ALS-PCI,0.9183006535947712
z3,random,2,10,2,3,MDA_MF-DF-ALS,0.9183006535947712
z3,random,2,10,2,3,MDP_MF-DF-PCI,0.9183006535947712
z3,random,2,10,2,3,MD_MF-DF,0.9183006535947712
z3,random,2,10,2,3,PCI,0.92753623188405798
z3,random,2,10,3,3,ALS,0.7465587044534413
z3,random,2,10,3,3,AP_ALS-PCI,0.73449781659388647
z3,random,2,10,3,3,Default,0.76766595289079231
z3,random,2,10,3,3,MDAP_MF-DF-ALS-PCI,0.72227356746765248
z3,random,2,10,3,3,MDA_MF-DF-ALS,0.72227356746765248
z3,random,2,10,3,3,MDP_MF-DF-PCI,0.72227356746765248
z3,random,2,10,3,3,MD_MF-DF,0.72227356746765248
z3,random,2,10,3,3,PCI,0.7551751592356688
z3,random,2,10,1,4,ALS,1
z3,random,2,10,1,4,AP_ALS-PCI,1
z3,random,2,10,1,4,Default,1
z3,random,2,10,1,4,MDAP_MF-DF-ALS-PCI,1
z3,random,2,10,1,4,MDA_MF-DF-ALS,1
z3,random,2,10,1,4,MDP_MF-DF-PCI,1
z3,random,2,10,1,4,MD_MF-DF,1
z3,random,2,10,1,4,PCI,1
z3,random,2,10,2,4,ALS,0.90662650602409633
z3,random,2,10,2,4,AP_ALS-PCI,0.90402476780185759
z3,random,2,10,2,4,Default,0.91364902506963785
z3,random,2,10,2,4,MDAP_MF-DF-ALS-PCI,0.89869281045751637
z3,random,2,10,2,4,MDA_MF-DF-ALS,0.89869281045751637
z3,random,2,10,2,4,MDP_MF-DF-PCI,0.89869281045751637
z3,random,2,10,2,4,MD_MF-DF,0.89869281045751637
z3,random,2,10,2,4,PCI,0.91014492753623188
z3,random,2,10,3,4,ALS,0.73319838056680164
z3,random,2,10,3,4,AP_ALS-PCI,0.72314410480349345
z3,random,2,10,3,4,Default,0.75374732334047112
z3,random,2,10,3,4,MDAP_MF-DF-ALS-PCI,0.70979667282809611
z3,random,2,10,3,4,MDA_MF-DF-ALS,0.70979667282809611
z3,random,2,10,3,4,MDP_MF-DF-PCI,0.70979667282809611
z3,random,2,10,3,4,MD_MF-DF,0.70979667282809611
z3,random,2,10,3,4,PCI,0.7420382165605095
z3,distance,2,10,1,1,ALS,0.81481481481481477
z3,distance,2,10,1,1,AP_ALS-PCI,0.81481481481481477
z3,distance,2,10,1,1,Default,0.8214285714285714
z3,distance,2,10,1,1,MDAP_MF-DF-ALS-PCI,0.80769230769230771
z3,distance,2,10,1,1,MDA_MF-DF-ALS,0.80769230769230771
z3,distance,2,10,1,1,MDP_MF-DF-PCI,0.80769230769230771
z3,distance,2,10,1,1,MD_MF-DF,0.80769230769230771
z3,distance,2,10,1,1,PCI,0.8214285714285714
z3,distance,2,10,2,1,ALS,0.58132530120481929
z3,distance,2,10,2,1,AP_ALS-PCI,0.56965944272445823
z3,distance,2,10,2,1,Default,0.59610027855153203
z3,distance,2,10,2,1,MDAP_MF-DF-ALS-PCI,0.56862745098039214
z3,distance,2,10,2,1,MDA_MF-DF-ALS,0.56862745098039214
z3,distance,2,10,2,1,MDP_MF-DF-PCI,0.56862745098039214
z3,distance,2,10,2,1,MD_MF-DF,0.56862745098039214
z3,distance,2,10,2,1,PCI,0.59130434782608698
z3,distance,2,10,3,1,ALS,0.37489878542510119
z3,distance,2,10,3,1,AP_ALS-PCI,0.36026200873362446
z3,distance,2,10,3,1,Default,0.39221984296930762
z3,distance,2,10,3,1,MDAP_MF-DF-ALS-PCI,0.36182994454713496
z3,distance,2,10,3,1,MDA_MF-DF-ALS,0.36182994454713496
z3,distance,2,10,3,1,MDP_MF-DF-PCI,0.36182994454713496
z3,distance,2,10,3,1,MD_MF-DF,0.36182994454713496
z3,distance,2,10,3,1,PCI,0.38972929936305734
z3,distance,2,10,1,2,ALS,0.85185185185185186
z3,distance,2,10,1,2,AP_ALS-PCI,0.85185185185185186
z3,distance,2,10,1,2,Default,0.8571428571428571
z3,distance,2,10,1,2,MDAP_MF-DF-ALS-PCI,0.84615384615384615
z3,distance,2,10,1,2,MDA_MF-DF-ALS,0.84615384615384615
z3,distance,2,10,1,2,MDP_MF-DF-PCI,0.84615384615384615
z3,distance,2,10,1,2,MD_MF-DF,0.84615384615384615
z3,distance,2,10,1,2,PCI,0.8571428571428571
z3,distance,2,10,2,2,ALS,0.66566265060240959
z3,distance,2,10,2,2,AP_ALS-PCI,0.65634674922600622
z3,distance,2,10,2,2,Default,0.6740947075208914
z3,distance,2,10,2,2,MDAP_MF-DF-ALS-PCI,0.65032679738562094
z3,distance,2,10,2,2,MDA_MF-DF-ALS,0.65032679738562094
z3,distance,2,10,2,2,MDP_MF-DF-PCI,0.65032679738562094
z3,distance,2,10,2,2,MD_MF-DF,0.65032679738562094
z3,distance,2,10,2,2,PCI,0.672463768115942
z3,distance,2,10,3,2,ALS,0.44696356275303645
z3,distance,2,10,3,2,AP_ALS-PCI,0.43362445414847162
z3,distance,2,10,3,2,Default,0.45431834403997146
z3,distance,2,10,3,2,MDAP_MF-DF-ALS-PCI,0.43022181146025879
z3,distance,2,10,3,2,MDA_MF-DF-ALS,0.43022181146025879
z3,distance,2,10,3,2,MDP_MF-DF-PCI,0.43022181146025879
z3,distance,2,10,3,2,MD_MF-DF,0.43022181146025879
z3,distance,2,10,3,2,PCI,0.45541401273885351
z3,distance,2,10,1,3,ALS,0.85185185185185186
z3,distance,2,10,1,3,AP_ALS-PCI,0.85185185185185186
z3,distance,2,10,1,3,Default,0.8571428571428571
z3,distance,2,10,1,3,MDAP_MF-DF-ALS-PCI,0.84615384615384615
z3,distance,2,10,1,3,MDA_MF-DF-ALS,0.84615384615384615
z3,distance,2,10,1,3,MDP_MF-DF-PCI,0.84615384615384615
z3,distance,2,10,1,3,MD_MF-DF,0.84615384615384615
z3,distance,2,10,1,3,PCI,0.8571428571428571
z3,distance,2,10,2,3,ALS,0.62650602409638556
z3,distance,2,10,2,3,AP_ALS-PCI,0.61609907120743035
z3,distance,2,10,2,3,Default,0.63509749303621166
z3,distance,2,10,2,3,MDAP_MF-DF-ALS-PCI,0.61111111111111116
z3,distance,2,10,2,3,MDA_MF-DF-ALS,0.61111111111111116
z3,distance,2,10,2,3,MDP_MF-DF-PCI,0.61111111111111116
z3,distance,2,10,2,3,MD_MF-DF,0.61111111111111116
z3,distance,2,10,2,3,PCI,0.63188405797101455
z3,distance,2,10,3,3,ALS,0.40607287449392715
z3,distance,2,10,3,3,AP_ALS-PCI,0.38951965065502181
z3,distance,2,10,3,3,Default,0.413633119200571
z3,distance,2,10,3,3,MDAP_MF-DF-ALS-PCI,0.38401109057301291
z3,distance,2,10,3,3,MDA_MF-DF-ALS,0.38401109057301291
z3,distance,2,10,3,3,MDP_MF-DF-PCI,0.38401109057301291
z3,distance,2,10,3,3,MD_MF-DF,0.38401109057301291
z3,distance,2,10,3,3,PCI,0.40963375796178342
z3,distance,2,10,1,4,ALS,0.85185185185185186
z3,distance,2,10,1,4,AP_ALS-PCI,0.85185185185185186
z3,distance,2,10,1,4,Default,0.8571428571428571
z3,distance,2,10,1,4,MDAP_MF-DF-ALS-PCI,0.84615384615384615
z3,distance,2,10,1,4,MDA_MF-DF-ALS,0.84615384615384615
z3,distance,2,10,1,4,MDP_MF-DF-PCI,0.84615384615384615
z3,distance,2,10,1,4,MD_MF-DF,0.84615384615384615
z3,distance,2,10,1,4,PCI,0.8571428571428571
z3,distance,2,10,2,4,ALS,0.60843373493975905
z3,distance,2,10,2,4,AP_ALS-PCI,0.5975232198142415
z3,distance,2,10,2,4,Default,0.61838440111420612
z3,distance,2,10,2,4,MDAP_MF-DF-ALS-PCI,0.59150326797385622
z3,distance,2,10,2,4,MDA_MF-DF-ALS,0.59150326797385622
z3,distance,2,10,2,4,MDP_MF-DF-PCI,0.59150326797385622
z3,distance,2,10,2,4,MD_MF-DF,0.59150326797385622
z3,distance,2,10,2,4,PCI,0.61449275362318845
z3,distance,2,10,3,4,ALS,0.39028340080971657
z3,distance,2,10,3,4,AP_ALS-PCI,0.37816593886462885
z3,distance,2,10,3,4,Default,0.3997144896502498
z3,distance,2,10,3,4,MDAP_MF-DF-ALS-PCI,0.37153419593345655
z3,distance,2,10,3,4,MDA_MF-DF-ALS,0.37153419593345655
z3,distance,2,10,3,4,MDP_MF-DF-PCI,0.37153419593345655
z3,distance,2,10,3,4,MD_MF-DF,0.37153419593345655
z3,distance,2,10,3,4,PCI,0.3996815286624204
z3,solver,2,10,1,1,ALS,0.77777777777777779
z3,solver,2,10,1,1,AP_ALS-PCI,0.77777777777777779
z3,solver,2,10,1,1,Default,0.7857142857142857
z3,solver,2,10,1,1,MDAP_MF-DF-ALS-PCI,0.80769230769230771
z3,solver,2,10,1,1,MDA_MF-DF-ALS,0.80769230769230771
z3,solver,2,10,1,1,MDP_MF-DF-PCI,0.80769230769230771
z3,solver,2,10,1,1,MD_MF-DF,0.80769230769230771
z3,solver,2,10,1,1,PCI,0.7857142857142857
z3,solver,2,10,2,1,ALS,0.49698795180722893
z3,solver,2,10,2,1,AP_ALS-PCI,0.51083591331269351
z3,solver,2,10,2,1,Default,0.51532033426183843
z3,solver,2,10,2,1,MDAP_MF-DF-ALS-PCI,0.53921568627450978
z3,solver,2,10,2,1,MDA_MF-DF-ALS,0.53921568627450978
z3,solver,2,10,2,1,MDP_MF-DF-PCI,0.53921568627450978
z3,solver,2,10,2,1,MD_MF-DF,0.53921568627450978
z3,solver,2,10,2,1,PCI,0.53623188405797106
z3,solver,2,10,3,1,ALS,0.28947368421052633
z3,solver,2,10,3,1,AP_ALS-PCI,0.31222707423580787
z3,solver,2,10,3,1,Default,0.31013561741613133
z3,solver,2,10,3,1,MDAP_MF-DF-ALS-PCI,0.33040665434380778
z3,solver,2,10,3,1,MDA_MF-DF-ALS,0.33040665434380778
z3,solver,2,10,3,1,MDP_MF-DF-PCI,0.33040665434380778
z3,solver,2,10,3,1,MD_MF-DF,0.33040665434380778
z3,solver,2,10,3,1,PCI,0.34593949044585987
z3,solver,2,10,1,2,ALS,0.77777777777777779
z3,solver,2,10,1,2,AP_ALS-PCI,0.77777777777777779
z3,solver,2,10,1,2,Default,0.7857142857142857
z3,solver,2,10,1,2,MDAP_MF-DF-ALS-PCI,0.80769230769230771
z3,solver,2,10,1,2,MDA_MF-DF-ALS,0.80769230769230771
z3,solver,2,10,1,2,MDP_MF-DF-PCI,0.80769230769230771
z3,solver,2,10,1,2,MD_MF-DF,0.80769230769230771
z3,solver,2,10,1,2,PCI,0.7857142857142857
z3,solver,2,10,2,2,ALS,0.49698795180722893
z3,solver,2,10,2,2,AP_ALS-PCI,0.51083591331269351
z3,solver,2,10,2,2,Default,0.51532033426183843
z3,solver,2,10,2,2,MDAP_MF-DF-ALS-PCI,0.53921568627450978
z3,solver,2,10,2,2,MDA_MF-DF-ALS,0.53921568627450978
z3,solver,2,10,2,2,MDP_MF-DF-PCI,0.53921568627450978
z3,solver,2,10,2,2,MD_MF-DF,0.53921568627450978
z3,solver,2,10,2,2,PCI,0.53623188405797106
z3,solver,2,10,3,2,ALS,0.28947368421052633
z3,solver,2,10,3,2,AP_ALS-PCI,0.31222707423580787
z3,solver,2,10,3,2,Default,0.31013561741613133
z3,solver,2,10,3,2,MDAP_MF-DF-ALS-PCI,0.33040665434380778
z3,solver,2,10,3,2,MDA_MF-DF-ALS,0.33040665434380778
z3,solver,2,10,3,2,MDP_MF-DF-PCI,0.33040665434380778
z3,solver,2,10,3,2,MD_MF-DF,0.33040665434380778
z3,solver,2,10,3,2,PCI,0.34593949044585987
z3,solver,2,10,1,3,ALS,0.77777777777777779
z3,solver,2,10,1,3,AP_ALS-PCI,0.77777777777777779
z3,solver,2,10,1,3,Default,0.7857142857142857
z3,solver,2,10,1,3,MDAP_MF-DF-ALS-PCI,0.80769230769230771
z3,solver,2,10,1,3,MDA_MF-DF-ALS,0.80769230769230771
z3,solver,2,10,1,3,MDP_MF-DF-PCI,0.80769230769230771
z3,solver,2,10,1,3,MD_MF-DF,0.80769230769230771
z3,solver,2,10,1,3,PCI,0.7857142857142857
z3,solver,2,10,2,3,ALS,0.49698795180722893
z3,solver,2,10,2,3,AP_ALS-PCI,0.51083591331269351
z3,solver,2,10,2,3,Default,0.51532033426183843
z3,solver,2,10,2,3,MDAP_MF-DF-ALS-PCI,0.53921568627450978
z3,solver,2,10,2,3,MDA_MF-DF-ALS,0.53921568627450978
z3,solver,2,10,2,3,MDP_MF-DF-PCI,0.53921568627450978
z3,solver,2,10,2,3,MD_MF-DF,0.53921568627450978
z3,solver,2,10,2,3,PCI,0.53623188405797106
z3,solver,2,10,3,3,ALS,0.28947368421052633
z3,solver,2,10,3,3,AP_ALS-PCI,0.31222707423580787
z3,solver,2,10,3,3,Default,0.31013561741613133
z3,solver,2,10,3,3,MDAP_MF-DF-ALS-PCI,0.33040665434380778
z3,solver,2,10,3,3,MDA_MF-DF-ALS,0.33040665434380778
z3,solver,2,10,3,3,MDP_MF-DF-PCI,0.33040665434380778
z3,solver,2,10,3,3,MD_MF-DF,0.33040665434380778
z3,solver,2,10,3,3,PCI,0.34593949044585987
z3,solver,2,10,1,4,ALS,0.77777777777777779
z3,solver,2,10,1,4,AP_ALS-PCI,0.77777777777777779
z3,solver,2,10,1,4,Default,0.7857142857142857
z3,solver,2,10,1,4,MDAP_MF-DF-ALS-PCI,0.80769230769230771
z3,solver,2,10,1,4,MDA_MF-DF-ALS,0.80769230769230771
z3,solver,2,10,1,4,MDP_MF-DF-PCI,0.80769230769230771
z3,solver,2,10,1,4,MD_MF-DF,0.80769230769230771
z3,solver,2,10,1,4,PCI,0.7857142857142857
z3,solver,2,10,2,4,ALS,0.49698795180722893
z3,solver,2,10,2,4,AP_ALS-PCI,0.51083591331269351
z3,solver,2,10,2,4,Default,0.51532033426183843
z3,solver,2,10,2,4,MDAP_MF-DF-ALS-PCI,0.53921568627450978
z3,solver,2,10,2,4,MDA_MF-DF-ALS,0.53921568627450978
z3,solver,2,10,2,4,MDP_MF-DF-PCI,0.53921568627450978
z3,solver,2,10,2,4,MD_MF-DF,0.53921568627450978
z3,solver,2,10,2,4,PCI,0.53623188405797106
z3,solver,2,10,3,4,ALS,0.28947368421052633
z3,solver,2,10,3,4,AP_ALS-PCI,0.31222707423580787
z3,solver,2,10,3,4,Default,0.31013561741613133
z3,solver,2,10,3,4,MDAP_MF-DF-ALS-PCI,0.33040665434380778
z3,solver,2,10,3,4,MDA_MF-DF-ALS,0.33040665434380778
z3,solver,2,10,3,4,MDP_MF-DF-PCI,0.33040665434380778
z3,solver,2,10,3,4,MD_MF-DF,0.33040665434380778
z3,solver,2,10,3,4,PCI,0.34593949044585987
