system,strategy,sample_size_source_t,sample_size,coverage_t,metric,coverage
7z,distance,1,10,1,ALS,0.6962025316455696
7z,distance,1,10,1,AP_ALS-PCI,0.6962025316455696
7z,distance,1,10,1,Default,0.6867469879518072
7z,distance,1,10,1,MDAP_MF-DF-ALS-PCI,0.6923076923076922
7z,distance,1,10,1,MDA_MF-DF-ALS,0.6923076923076922
7z,distance,1,10,1,MDP_MF-DF-PCI,0.6923076923076922
7z,distance,1,10,1,MD_MF-DF,0.6923076923076922
7z,distance,1,10,1,PCI,0.6867469879518072
7z,distance,1,10,2,ALS,0.4719140083217753
7z,distance,1,10,2,AP_ALS-PCI,0.4711805555555555
7z,distance,1,10,2,Default,0.4516531503431066
7z,distance,1,10,2,MDAP_MF-DF-ALS-PCI,0.4657875980042765
7z,distance,1,10,2,MDA_MF-DF-ALS,0.4657875980042765
7z,distance,1,10,2,MDP_MF-DF-PCI,0.4657875980042765
7z,distance,1,10,2,MD_MF-DF,0.4657875980042765
7z,distance,1,10,2,PCI,0.4555801454315523
7z,distance,1,10,3,ALS,0.3175891268331594
7z,distance,1,10,3,AP_ALS-PCI,0.3162428725535521
7z,distance,1,10,3,Default,0.2915338980855418
7z,distance,1,10,3,MDAP_MF-DF-ALS-PCI,0.3109230226667948
7z,distance,1,10,3,MDA_MF-DF-ALS,0.3109230226667948
7z,distance,1,10,3,MDP_MF-DF-PCI,0.3109230226667948
7z,distance,1,10,3,MD_MF-DF,0.3109230226667948
7z,distance,1,10,3,PCI,0.2993646896961031
7z,distance,1,13,1,ALS,0.7053164556962025
7z,distance,1,13,1,AP_ALS-PCI,0.7053164556962025
7z,distance,1,13,1,Default,0.6946987951807229
7z,distance,1,13,1,MDAP_MF-DF-ALS-PCI,0.7015384615384614
7z,distance,1,13,1,MDA_MF-DF-ALS,0.7015384615384614
7z,distance,1,13,1,MDP_MF-DF-PCI,0.7015384615384614
7z,distance,1,13,1,MD_MF-DF,0.7015384615384614
7z,distance,1,13,1,PCI,0.6946987951807229
7z,distance,1,13,2,ALS,0.48149791955617194
7z,distance,1,13,2,AP_ALS-PCI,0.48077777777777775
7z,distance,1,13,2,Default,0.4596257018091079
7z,distance,1,13,2,MDAP_MF-DF-ALS-PCI,0.4753813257305773
7z,distance,1,13,2,MDA_MF-DF-ALS,0.4753813257305773
7z,distance,1,13,2,MDP_MF-DF-PCI,0.4753813257305773
7z,distance,1,13,2,MD_MF-DF,0.4753813257305773
7z,distance,1,13,2,PCI,0.4636800505848877
7z,distance,1,13,3,ALS,0.3256946063692704
7z,distance,1,13,3,AP_ALS-PCI,0.32432501155802124
7z,distance,1,13,3,Default,0.29796857594362836
7z,distance,1,13,3,MDAP_MF-DF-ALS-PCI,0.31896155942419285
7z,distance,1,13,3,MDA_MF-DF-ALS,0.31896155942419285
7z,distance,1,13,3,MDP_MF-DF-PCI,0.31896155942419285
7z,distance,1,13,3,MD_MF-DF,0.31896155942419285
7z,distance,1,13,3,PCI,0.30603612231409416
7z,distance,1,39,1,ALS,0.8529113924050633
7z,distance,1,39,1,AP_ALS-PCI,0.8529113924050633
7z,distance,1,39,1,Default,0.8438554216867469
7z,distance,1,39,1,MDAP_MF-DF-ALS-PCI,0.851025641025641
7z,distance,1,39,1,MDA_MF-DF-ALS,0.851025641025641
7z,distance,1,39,1,MDP_MF-DF-PCI,0.851025641025641
7z,distance,1,39,1,MD_MF-DF,0.851025641025641
7z,distance,1,39,1,PCI,0.8438554216867469
7z,distance,1,39,2,ALS,0.6522122052704578
7z,distance,1,39,2,AP_ALS-PCI,0.6517291666666667
7z,distance,1,39,2,Default,0.6250467872738615
7z,distance,1,39,2,MDAP_MF-DF-ALS-PCI,0.6466856735566643
7z,distance,1,39,2,MDA_MF-DF-ALS,0.6466856735566643
7z,distance,1,39,2,MDP_MF-DF-PCI,0.6466856735566643
7z,distance,1,39,2,MD_MF-DF,0.6466856735566643
7z,distance,1,39,2,PCI,0.6309800822004425
7z,distance,1,39,3,ALS,0.477369607903295
7z,distance,1,39,3,AP_ALS-PCI,0.47607551240560947
7z,distance,1,39,3,Default,0.4378338644076578
7z,distance,1,39,3,MDAP_MF-DF-ALS-PCI,0.46975361482478917
7z,distance,1,39,3,MDA_MF-DF-ALS,0.46975361482478917
7z,distance,1,39,3,MDP_MF-DF-PCI,0.46975361482478917
7z,distance,1,39,3,MD_MF-DF,0.46975361482478917
7z,distance,1,39,3,PCI,0.4502775941837409
7z,distance,2,10,1,ALS,0.6962025316455696
7z,distance,2,10,1,AP_ALS-PCI,0.6962025316455696
7z,distance,2,10,1,Default,0.6867469879518072
7z,distance,2,10,1,MDAP_MF-DF-ALS-PCI,0.6923076923076922
7z,distance,2,10,1,MDA_MF-DF-ALS,0.6923076923076922
7z,distance,2,10,1,MDP_MF-DF-PCI,0.6923076923076922
7z,distance,2,10,1,MD_MF-DF,0.6923076923076922
7z,distance,2,10,1,PCI,0.6867469879518072
7z,distance,2,10,2,ALS,0.4719140083217753
7z,distance,2,10,2,AP_ALS-PCI,0.4711805555555555
7z,distance,2,10,2,Default,0.4516531503431066
7z,distance,2,10,2,MDAP_MF-DF-ALS-PCI,0.4657875980042765
7z,distance,2,10,2,MDA_MF-DF-ALS,0.4657875980042765
7z,distance,2,10,2,MDP_MF-DF-PCI,0.4657875980042765
7z,distance,2,10,2,MD_MF-DF,0.4657875980042765
7z,distance,2,10,2,PCI,0.4555801454315523
7z,distance,2,10,3,ALS,0.3175891268331594
7z,distance,2,10,3,AP_ALS-PCI,0.3162428725535521
7z,distance,2,10,3,Default,0.2915338980855418
7z,distance,2,10,3,MDAP_MF-DF-ALS-PCI,0.3109230226667948
7z,distance,2,10,3,MDA_MF-DF-ALS,0.3109230226667948
7z,distance,2,10,3,MDP_MF-DF-PCI,0.3109230226667948
7z,distance,2,10,3,MD_MF-DF,0.3109230226667948
7z,distance,2,10,3,PCI,0.2993646896961031
7z,distance,2,143,1,ALS,0.9231645569620254
7z,distance,2,143,1,AP_ALS-PCI,0.9231645569620254
7z,distance,2,143,1,Default,0.9268674698795181
7z,distance,2,143,1,MDAP_MF-DF-ALS-PCI,0.9221794871794873
7z,distance,2,143,1,MDA_MF-DF-ALS,0.9221794871794873
7z,distance,2,143,1,MDP_MF-DF-PCI,0.9221794871794873
7z,distance,2,143,1,MD_MF-DF,0.9221794871794873
7z,distance,2,143,1,PCI,0.9268674698795181
7z,distance,2,143,2,ALS,0.7624687933425797
7z,distance,2,143,2,AP_ALS-PCI,0.7621388888888889
7z,distance,2,143,2,Default,0.7538708671241422
7z,distance,2,143,2,MDAP_MF-DF-ALS-PCI,0.7580292230933714
7z,distance,2,143,2,MDA_MF-DF-ALS,0.7580292230933714
7z,distance,2,143,2,MDP_MF-DF-PCI,0.7580292230933714
7z,distance,2,143,2,MD_MF-DF,0.7580292230933714
7z,distance,2,143,2,PCI,0.7606417957635156
7z,distance,2,143,3,ALS,0.5976492606001105
7z,distance,2,143,3,AP_ALS-PCI,0.596336569579288
7z,distance,2,143,3,Default,0.5735085878604181
7z,distance,2,143,3,MDAP_MF-DF-ALS-PCI,0.5904352216985669
7z,distance,2,143,3,MDA_MF-DF-ALS,0.5904352216985669
7z,distance,2,143,3,MDP_MF-DF-PCI,0.5904352216985669
7z,distance,2,143,3,MD_MF-DF,0.5904352216985669
7z,distance,2,143,3,PCI,0.5886466946329093
7z,distance,2,600,1,ALS,0.9240506329113924
7z,distance,2,600,1,AP_ALS-PCI,0.9240506329113924
7z,distance,2,600,1,Default,0.927710843373494
7z,distance,2,600,1,MDAP_MF-DF-ALS-PCI,0.9230769230769232
7z,distance,2,600,1,MDA_MF-DF-ALS,0.9230769230769232
7z,distance,2,600,1,MDP_MF-DF-PCI,0.9230769230769232
7z,distance,2,600,1,MD_MF-DF,0.9230769230769232
7z,distance,2,600,1,PCI,0.927710843373494
7z,distance,2,600,2,ALS,0.8094625520110956
7z,distance,2,600,2,AP_ALS-PCI,0.8091979166666667
7z,distance,2,600,2,Default,0.8061790393013101
7z,distance,2,600,2,MDAP_MF-DF-ALS-PCI,0.8063043478260868
7z,distance,2,600,2,MDA_MF-DF-ALS,0.8063043478260868
7z,distance,2,600,2,MDP_MF-DF-PCI,0.8063043478260868
7z,distance,2,600,2,MD_MF-DF,0.8063043478260868
7z,distance,2,600,2,PCI,0.813661081251976
7z,distance,2,600,3,ALS,0.6814200466343499
7z,distance,2,600,3,AP_ALS-PCI,0.6803114501464016
7z,distance,2,600,3,Default,0.6643752752519364
7z,distance,2,600,3,MDAP_MF-DF-ALS-PCI,0.675802635375589
7z,distance,2,600,3,MDA_MF-DF-ALS,0.675802635375589
7z,distance,2,600,3,MDP_MF-DF-PCI,0.675802635375589
7z,distance,2,600,3,MD_MF-DF,0.675802635375589
7z,distance,2,600,3,PCI,0.6824133698423189
7z,distance,3,10,1,ALS,0.6962025316455696
7z,distance,3,10,1,AP_ALS-PCI,0.6962025316455696
7z,distance,3,10,1,Default,0.6867469879518072
7z,distance,3,10,1,MDAP_MF-DF-ALS-PCI,0.6923076923076922
7z,distance,3,10,1,MDA_MF-DF-ALS,0.6923076923076922
7z,distance,3,10,1,MDP_MF-DF-PCI,0.6923076923076922
7z,distance,3,10,1,MD_MF-DF,0.6923076923076922
7z,distance,3,10,1,PCI,0.6867469879518072
7z,distance,3,10,2,ALS,0.4719140083217753
7z,distance,3,10,2,AP_ALS-PCI,0.4711805555555555
7z,distance,3,10,2,Default,0.4516531503431066
7z,distance,3,10,2,MDAP_MF-DF-ALS-PCI,0.4657875980042765
7z,distance,3,10,2,MDA_MF-DF-ALS,0.4657875980042765
7z,distance,3,10,2,MDP_MF-DF-PCI,0.4657875980042765
7z,distance,3,10,2,MD_MF-DF,0.4657875980042765
7z,distance,3,10,2,PCI,0.4555801454315523
7z,distance,3,10,3,ALS,0.3175891268331594
7z,distance,3,10,3,AP_ALS-PCI,0.3162428725535521
7z,distance,3,10,3,Default,0.2915338980855418
7z,distance,3,10,3,MDAP_MF-DF-ALS-PCI,0.3109230226667948
7z,distance,3,10,3,MDA_MF-DF-ALS,0.3109230226667948
7z,distance,3,10,3,MDP_MF-DF-PCI,0.3109230226667948
7z,distance,3,10,3,MD_MF-DF,0.3109230226667948
7z,distance,3,10,3,PCI,0.2993646896961031
7z,distance,3,859,1,ALS,0.9240506329113924
7z,distance,3,859,1,AP_ALS-PCI,0.9240506329113924
7z,distance,3,859,1,Default,0.927710843373494
7z,distance,3,859,1,MDAP_MF-DF-ALS-PCI,0.9230769230769232
7z,distance,3,859,1,MDA_MF-DF-ALS,0.9230769230769232
7z,distance,3,859,1,MDP_MF-DF-PCI,0.9230769230769232
7z,distance,3,859,1,MD_MF-DF,0.9230769230769232
7z,distance,3,859,1,PCI,0.927710843373494
7z,distance,3,859,2,ALS,0.8211650485436892
7z,distance,3,859,2,AP_ALS-PCI,0.8209166666666667
7z,distance,3,859,2,Default,0.81723643169058
7z,distance,3,859,2,MDAP_MF-DF-ALS-PCI,0.8183321454027085
7z,distance,3,859,2,MDA_MF-DF-ALS,0.8183321454027085
7z,distance,3,859,2,MDP_MF-DF-PCI,0.8183321454027085
7z,distance,3,859,2,MD_MF-DF,0.8183321454027085
7z,distance,3,859,2,PCI,0.8248687954473601
7z,distance,3,859,3,ALS,0.7040729888936613
7z,distance,3,859,3,AP_ALS-PCI,0.7030684234858992
7z,distance,3,859,3,Default,0.6853686432993963
7z,distance,3,859,3,MDAP_MF-DF-ALS-PCI,0.6989335064601968
7z,distance,3,859,3,MDA_MF-DF-ALS,0.6989335064601968
7z,distance,3,859,3,MDP_MF-DF-PCI,0.6989335064601968
7z,distance,3,859,3,MD_MF-DF,0.6989335064601968
7z,distance,3,859,3,PCI,0.704226904244844
7z,distance,3,4091,1,ALS,0.9240506329113924
7z,distance,3,4091,1,AP_ALS-PCI,0.9240506329113924
7z,distance,3,4091,1,Default,0.927710843373494
7z,distance,3,4091,1,MDAP_MF-DF-ALS-PCI,0.9230769230769232
7z,distance,3,4091,1,MDA_MF-DF-ALS,0.9230769230769232
7z,distance,3,4091,1,MDP_MF-DF-PCI,0.9230769230769232
7z,distance,3,4091,1,MD_MF-DF,0.9230769230769232
7z,distance,3,4091,1,PCI,0.927710843373494
7z,distance,3,4091,2,ALS,0.8455270457697641
7z,distance,3,4091,2,AP_ALS-PCI,0.8453125
7z,distance,3,4091,2,Default,0.8433936369307546
7z,distance,3,4091,2,MDAP_MF-DF-ALS-PCI,0.8433713471133285
7z,distance,3,4091,2,MDA_MF-DF-ALS,0.8433713471133285
7z,distance,3,4091,2,MDP_MF-DF-PCI,0.8433713471133285
7z,distance,3,4091,2,MD_MF-DF,0.8433713471133285
7z,distance,3,4091,2,PCI,0.8513815997470755
7z,distance,3,4091,3,ALS,0.7648762042093636
7z,distance,3,4091,3,AP_ALS-PCI,0.7641508707042688
7z,distance,3,4091,3,Default,0.7499161650964713
7z,distance,3,4091,3,MDAP_MF-DF-ALS-PCI,0.7613436390126781
7z,distance,3,4091,3,MDA_MF-DF-ALS,0.7613436390126781
7z,distance,3,4091,3,MDP_MF-DF-PCI,0.7613436390126781
7z,distance,3,4091,3,MD_MF-DF,0.7613436390126781
7z,distance,3,4091,3,PCI,0.7710544892114148
7z,random,1,10,1,ALS,0.8481012658227847
7z,random,1,10,1,AP_ALS-PCI,0.8481012658227847
7z,random,1,10,1,Default,0.8554216867469879
7z,random,1,10,1,MDAP_MF-DF-ALS-PCI,0.8461538461538461
7z,random,1,10,1,MDA_MF-DF-ALS,0.8461538461538461
7z,random,1,10,1,MDP_MF-DF-PCI,0.8461538461538461
7z,random,1,10,1,MD_MF-DF,0.8461538461538461
7z,random,1,10,1,PCI,0.8554216867469879
7z,random,1,10,2,ALS,0.6501386962552012
7z,random,1,10,2,AP_ALS-PCI,0.6496527777777777
7z,random,1,10,2,Default,0.6703056768558951
7z,random,1,10,2,MDAP_MF-DF-ALS-PCI,0.6446899501069137
7z,random,1,10,2,MDA_MF-DF-ALS,0.6446899501069137
7z,random,1,10,2,MDP_MF-DF-PCI,0.6446899501069137
7z,random,1,10,2,MD_MF-DF,0.6446899501069137
7z,random,1,10,2,PCI,0.6696174517862789
7z,random,1,10,3,ALS,0.4796741731607044
7z,random,1,10,3,AP_ALS-PCI,0.4783171521035598
7z,random,1,10,3,Default,0.507435040542991
7z,random,1,10,3,MDAP_MF-DF-ALS-PCI,0.4722516110416466
7z,random,1,10,3,MDA_MF-DF-ALS,0.4722516110416466
7z,random,1,10,3,MDP_MF-DF-PCI,0.4722516110416466
7z,random,1,10,3,MD_MF-DF,0.4722516110416466
7z,random,1,10,3,PCI,0.5076277702092072
7z,random,1,13,1,ALS,0.8236708860759494
7z,random,1,13,1,AP_ALS-PCI,0.8236708860759494
7z,random,1,13,1,Default,0.8234939759036145
7z,random,1,13,1,MDAP_MF-DF-ALS-PCI,0.8214102564102563
7z,random,1,13,1,MDA_MF-DF-ALS,0.8214102564102563
7z,random,1,13,1,MDP_MF-DF-PCI,0.8214102564102563
7z,random,1,13,1,MD_MF-DF,0.8214102564102563
7z,random,1,13,1,PCI,0.8234939759036145
7z,random,1,13,2,ALS,0.6146983356449376
7z,random,1,13,2,AP_ALS-PCI,0.6141631944444444
7z,random,1,13,2,Default,0.5989550842170929
7z,random,1,13,2,MDAP_MF-DF-ALS-PCI,0.6089522451888809
7z,random,1,13,2,MDA_MF-DF-ALS,0.6089522451888809
7z,random,1,13,2,MDP_MF-DF-PCI,0.6089522451888809
7z,random,1,13,2,MD_MF-DF,0.6089522451888809
7z,random,1,13,2,PCI,0.604147960796712
7z,random,1,13,3,ALS,0.44108102718291703
7z,random,1,13,3,AP_ALS-PCI,0.43970103251656645
7z,random,1,13,3,Default,0.4130298437864304
7z,random,1,13,3,MDAP_MF-DF-ALS-PCI,0.4335300246866083
7z,random,1,13,3,MDA_MF-DF-ALS,0.4335300246866083
7z,random,1,13,3,MDP_MF-DF-PCI,0.4335300246866083
7z,random,1,13,3,MD_MF-DF,0.4335300246866083
7z,random,1,13,3,PCI,0.42400070140415713
7z,random,1,39,1,ALS,0.989746835443038
7z,random,1,39,1,AP_ALS-PCI,0.989746835443038
7z,random,1,39,1,Default,0.9902409638554217
7z,random,1,39,1,MDAP_MF-DF-ALS-PCI,0.9896153846153847
7z,random,1,39,1,MDA_MF-DF-ALS,0.9896153846153847
7z,random,1,39,1,MDP_MF-DF-PCI,0.9896153846153847
7z,random,1,39,1,MD_MF-DF,0.9896153846153847
7z,random,1,39,1,PCI,0.9902409638554217
7z,random,1,39,2,ALS,0.8819070735090152
7z,random,1,39,2,AP_ALS-PCI,0.8817430555555554
7z,random,1,39,2,Default,0.8927573300062384
7z,random,1,39,2,MDAP_MF-DF-ALS-PCI,0.8789130434782608
7z,random,1,39,2,MDA_MF-DF-ALS,0.8789130434782608
7z,random,1,39,2,MDP_MF-DF-PCI,0.8789130434782608
7z,random,1,39,2,MD_MF-DF,0.8789130434782608
7z,random,1,39,2,PCI,0.8915554852987669
7z,random,1,39,3,ALS,0.7417584524759158
7z,random,1,39,3,AP_ALS-PCI,0.7408700878409615
7z,random,1,39,3,Default,0.7642362892153052
7z,random,1,39,3,MDAP_MF-DF-ALS-PCI,0.7355891122439165
7z,random,1,39,3,MDA_MF-DF-ALS,0.7355891122439165
7z,random,1,39,3,MDP_MF-DF-PCI,0.7355891122439165
7z,random,1,39,3,MD_MF-DF,0.7355891122439165
7z,random,1,39,3,PCI,0.7629476509705004
7z,random,2,10,1,ALS,0.8607594936708861
7z,random,2,10,1,AP_ALS-PCI,0.8607594936708861
7z,random,2,10,1,Default,0.8674698795180723
7z,random,2,10,1,MDAP_MF-DF-ALS-PCI,0.8589743589743589
7z,random,2,10,1,MDA_MF-DF-ALS,0.8589743589743589
7z,random,2,10,1,MDP_MF-DF-PCI,0.8589743589743589
7z,random,2,10,1,MD_MF-DF,0.8589743589743589
7z,random,2,10,1,PCI,0.8674698795180723
7z,random,2,10,2,ALS,0.6650485436893204
7z,random,2,10,2,AP_ALS-PCI,0.6645833333333333
7z,random,2,10,2,Default,0.6849656893325015
7z,random,2,10,2,MDAP_MF-DF-ALS-PCI,0.6596578759800427
7z,random,2,10,2,MDA_MF-DF-ALS,0.6596578759800427
7z,random,2,10,2,MDP_MF-DF-PCI,0.6596578759800427
7z,random,2,10,2,MD_MF-DF,0.6596578759800427
7z,random,2,10,2,PCI,0.6841606070186532
7z,random,2,10,3,ALS,0.4928667852979076
7z,random,2,10,3,AP_ALS-PCI,0.4916782246879334
7z,random,2,10,3,Default,0.5208802880754385
7z,random,2,10,3,MDAP_MF-DF-ALS-PCI,0.4853643679266455
7z,random,2,10,3,MDA_MF-DF-ALS,0.4853643679266455
7z,random,2,10,3,MDP_MF-DF-PCI,0.4853643679266455
7z,random,2,10,3,MD_MF-DF,0.4853643679266455
7z,random,2,10,3,PCI,0.5211298002347005
7z,random,2,143,1,ALS,0.9240506329113924
7z,random,2,143,1,AP_ALS-PCI,0.9240506329113924
7z,random,2,143,1,Default,0.927710843373494
7z,random,2,143,1,MDAP_MF-DF-ALS-PCI,0.9230769230769232
7z,random,2,143,1,MDA_MF-DF-ALS,0.9230769230769232
7z,random,2,143,1,MDP_MF-DF-PCI,0.9230769230769232
7z,random,2,143,1,MD_MF-DF,0.9230769230769232
7z,random,2,143,1,PCI,0.927710843373494
7z,random,2,143,2,ALS,0.8254056865464632
7z,random,2,143,2,AP_ALS-PCI,0.8251631944444443
7z,random,2,143,2,Default,0.8212476606363068
7z,random,2,143,2,MDAP_MF-DF-ALS-PCI,0.8226906628652887
7z,random,2,143,2,MDA_MF-DF-ALS,0.8226906628652887
7z,random,2,143,2,MDP_MF-DF-PCI,0.8226906628652887
7z,random,2,143,2,MD_MF-DF,0.8226906628652887
7z,random,2,143,2,PCI,0.8289345558014543
7z,random,2,143,3,ALS,0.7079895072712769
7z,random,2,143,3,AP_ALS-PCI,0.7070050855293573
7z,random,2,143,3,Default,0.6867906271858242
7z,random,2,143,3,MDAP_MF-DF-ALS-PCI,0.7028301433105704
7z,random,2,143,3,MDA_MF-DF-ALS,0.7028301433105704
7z,random,2,143,3,MDP_MF-DF-PCI,0.7028301433105704
7z,random,2,143,3,MD_MF-DF,0.7028301433105704
7z,random,2,143,3,PCI,0.7057412627972536
7z,random,2,600,1,ALS,1.0
7z,random,2,600,1,AP_ALS-PCI,1.0
7z,random,2,600,1,Default,1.0
7z,random,2,600,1,MDAP_MF-DF-ALS-PCI,1.0
7z,random,2,600,1,MDA_MF-DF-ALS,1.0
7z,random,2,600,1,MDP_MF-DF-PCI,1.0
7z,random,2,600,1,MD_MF-DF,1.0
7z,random,2,600,1,PCI,1.0
7z,random,2,600,2,ALS,0.999254507628294
7z,random,2,600,2,AP_ALS-PCI,0.9992534722222222
7z,random,2,600,2,Default,0.999329382407985
7z,random,2,600,2,MDAP_MF-DF-ALS-PCI,0.9992337847469708
7z,random,2,600,2,MDA_MF-DF-ALS,0.9992337847469708
7z,random,2,600,2,MDP_MF-DF-PCI,0.9992337847469708
7z,random,2,600,2,MD_MF-DF,0.9992337847469708
7z,random,2,600,2,PCI,0.9993202655706608
7z,random,2,600,3,ALS,0.9825271522366079
7z,random,2,600,3,AP_ALS-PCI,0.982446910155648
7z,random,2,600,3,Default,0.9851348410662937
7z,random,2,600,3,MDAP_MF-DF-ALS-PCI,0.9817756724696225
7z,random,2,600,3,MDA_MF-DF-ALS,0.9817756724696225
7z,random,2,600,3,MDP_MF-DF-PCI,0.9817756724696225
7z,random,2,600,3,MD_MF-DF,0.9817756724696225
7z,random,2,600,3,PCI,0.9845782807505025
7z,random,3,10,1,ALS,0.8227848101265823
7z,random,3,10,1,AP_ALS-PCI,0.8227848101265823
7z,random,3,10,1,Default,0.8313253012048192
7z,random,3,10,1,MDAP_MF-DF-ALS-PCI,0.8205128205128204
7z,random,3,10,1,MDA_MF-DF-ALS,0.8205128205128204
7z,random,3,10,1,MDP_MF-DF-PCI,0.8205128205128204
7z,random,3,10,1,MD_MF-DF,0.8205128205128204
7z,random,3,10,1,PCI,0.8313253012048192
7z,random,3,10,2,ALS,0.630374479889043
7z,random,3,10,2,AP_ALS-PCI,0.629861111111111
7z,random,3,10,2,Default,0.6500311915159077
7z,random,3,10,2,MDAP_MF-DF-ALS-PCI,0.6250890947968638
7z,random,3,10,2,MDA_MF-DF-ALS,0.6250890947968638
7z,random,3,10,2,MDP_MF-DF-PCI,0.6250890947968638
7z,random,3,10,2,MD_MF-DF,0.6250890947968638
7z,random,3,10,2,PCI,0.6496996522288965
7z,random,3,10,3,ALS,0.4685064735840952
7z,random,3,10,3,AP_ALS-PCI,0.4673755586376945
7z,random,3,10,3,Default,0.4948965052718841
7z,random,3,10,3,MDAP_MF-DF-ALS-PCI,0.4614632426020326
7z,random,3,10,3,MDA_MF-DF-ALS,0.4614632426020326
7z,random,3,10,3,MDP_MF-DF-PCI,0.4614632426020326
7z,random,3,10,3,MD_MF-DF,0.4614632426020326
7z,random,3,10,3,PCI,0.4958252964106991
7z,random,3,859,1,ALS,0.9240506329113924
7z,random,3,859,1,AP_ALS-PCI,0.9240506329113924
7z,random,3,859,1,Default,0.927710843373494
7z,random,3,859,1,MDAP_MF-DF-ALS-PCI,0.9230769230769232
7z,random,3,859,1,MDA_MF-DF-ALS,0.9230769230769232
7z,random,3,859,1,MDP_MF-DF-PCI,0.9230769230769232
7z,random,3,859,1,MD_MF-DF,0.9230769230769232
7z,random,3,859,1,PCI,0.927710843373494
7z,random,3,859,2,ALS,0.8476907073509016
7z,random,3,859,2,AP_ALS-PCI,0.8474791666666666
7z,random,3,859,2,Default,0.846126013724267
7z,random,3,859,2,MDAP_MF-DF-ALS-PCI,0.8455951532430506
7z,random,3,859,2,MDA_MF-DF-ALS,0.8455951532430506
7z,random,3,859,2,MDP_MF-DF-PCI,0.8455951532430506
7z,random,3,859,2,MD_MF-DF,0.8455951532430506
7z,random,3,859,2,PCI,0.8541511223521973
7z,random,3,859,3,ALS,0.7671143461986868
7z,random,3,859,3,AP_ALS-PCI,0.766399291108029
7z,random,3,859,3,Default,0.7524229942229474
7z,random,3,859,3,MDAP_MF-DF-ALS-PCI,0.7635842069827835
7z,random,3,859,3,MDA_MF-DF-ALS,0.7635842069827835
7z,random,3,859,3,MDP_MF-DF-PCI,0.7635842069827835
7z,random,3,859,3,MD_MF-DF,0.7635842069827835
7z,random,3,859,3,PCI,0.7736408271173637
7z,random,3,4091,1,ALS,1.0
7z,random,3,4091,1,AP_ALS-PCI,1.0
7z,random,3,4091,1,Default,1.0
7z,random,3,4091,1,MDAP_MF-DF-ALS-PCI,1.0
7z,random,3,4091,1,MDA_MF-DF-ALS,1.0
7z,random,3,4091,1,MDP_MF-DF-PCI,1.0
7z,random,3,4091,1,MD_MF-DF,1.0
7z,random,3,4091,1,PCI,1.0
7z,random,3,4091,2,ALS,1.0
7z,random,3,4091,2,AP_ALS-PCI,1.0
7z,random,3,4091,2,Default,1.0
7z,random,3,4091,2,MDAP_MF-DF-ALS-PCI,1.0
7z,random,3,4091,2,MDA_MF-DF-ALS,1.0
7z,random,3,4091,2,MDP_MF-DF-PCI,1.0
7z,random,3,4091,2,MD_MF-DF,1.0
7z,random,3,4091,2,PCI,1.0
7z,random,3,4091,3,ALS,0.9998582561207584
7z,random,3,4091,3,AP_ALS-PCI,0.9998576051779935
7z,random,3,4091,3,Default,0.999880313981503
7z,random,3,4091,3,MDAP_MF-DF-ALS-PCI,0.999851880350101
7z,random,3,4091,3,MDA_MF-DF-ALS,0.999851880350101
7z,random,3,4091,3,MDP_MF-DF-PCI,0.999851880350101
7z,random,3,4091,3,MD_MF-DF,0.999851880350101
7z,random,3,4091,3,PCI,0.9998753658766877
7z,solver,1,10,1,ALS,0.620253164556962
7z,solver,1,10,1,AP_ALS-PCI,0.620253164556962
7z,solver,1,10,1,Default,0.6144578313253011
7z,solver,1,10,1,MDAP_MF-DF-ALS-PCI,0.6153846153846154
7z,solver,1,10,1,MDA_MF-DF-ALS,0.6153846153846154
7z,solver,1,10,1,MDP_MF-DF-PCI,0.6153846153846154
7z,solver,1,10,1,MD_MF-DF,0.6153846153846154
7z,solver,1,10,1,PCI,0.6144578313253011
7z,solver,1,10,2,ALS,0.3883495145631067
7z,solver,1,10,2,AP_ALS-PCI,0.3875
7z,solver,1,10,2,Default,0.3774173424828446
7z,solver,1,10,2,MDAP_MF-DF-ALS-PCI,0.3820384889522451
7z,solver,1,10,2,MDA_MF-DF-ALS,0.3820384889522451
7z,solver,1,10,2,MDP_MF-DF-PCI,0.3820384889522451
7z,solver,1,10,2,MD_MF-DF,0.3820384889522451
7z,solver,1,10,2,PCI,0.3803351248814416
7z,solver,1,10,3,ALS,0.2468399091857397
7z,solver,1,10,3,AP_ALS-PCI,0.2453690861457851
7z,solver,1,10,3,Default,0.2334136421336234
7z,solver,1,10,3,MDAP_MF-DF-ALS-PCI,0.2407585521464525
7z,solver,1,10,3,MDA_MF-DF-ALS,0.2407585521464525
7z,solver,1,10,3,MDP_MF-DF-PCI,0.2407585521464525
7z,solver,1,10,3,MD_MF-DF,0.2407585521464525
7z,solver,1,10,3,PCI,0.2389899780136773
7z,solver,1,13,1,ALS,0.6579746835443038
7z,solver,1,13,1,AP_ALS-PCI,0.6579746835443038
7z,solver,1,13,1,Default,0.6410843373493975
7z,solver,1,13,1,MDAP_MF-DF-ALS-PCI,0.6535897435897435
7z,solver,1,13,1,MDA_MF-DF-ALS,0.6535897435897435
7z,solver,1,13,1,MDP_MF-DF-PCI,0.6535897435897435
7z,solver,1,13,1,MD_MF-DF,0.6535897435897435
7z,solver,1,13,1,PCI,0.6410843373493975
7z,solver,1,13,2,ALS,0.43244105409153943
7z,solver,1,13,2,AP_ALS-PCI,0.43168749999999995
7z,solver,1,13,2,Default,0.4062882096069868
7z,solver,1,13,2,MDAP_MF-DF-ALS-PCI,0.4262936564504632
7z,solver,1,13,2,MDA_MF-DF-ALS,0.4262936564504632
7z,solver,1,13,2,MDP_MF-DF-PCI,0.4262936564504632
7z,solver,1,13,2,MD_MF-DF,0.4262936564504632
7z,solver,1,13,2,PCI,0.4099936768890294
7z,solver,1,13,3,ALS,0.2858231576363747
7z,solver,1,13,3,AP_ALS-PCI,0.28441593465865306
7z,solver,1,13,3,Default,0.25673972176886606
7z,solver,1,13,3,MDAP_MF-DF-ALS-PCI,0.27950466480715586
7z,solver,1,13,3,MDA_MF-DF-ALS,0.27950466480715586
7z,solver,1,13,3,MDP_MF-DF-PCI,0.27950466480715586
7z,solver,1,13,3,MD_MF-DF,0.27950466480715586
7z,solver,1,13,3,PCI,0.26389265818687024
7z,solver,1,39,1,ALS,0.7127848101265822
7z,solver,1,39,1,AP_ALS-PCI,0.7127848101265822
7z,solver,1,39,1,Default,0.6998795180722891
7z,solver,1,39,1,MDAP_MF-DF-ALS-PCI,0.7091025641025641
7z,solver,1,39,1,MDA_MF-DF-ALS,0.7091025641025641
7z,solver,1,39,1,MDP_MF-DF-PCI,0.7091025641025641
7z,solver,1,39,1,MD_MF-DF,0.7091025641025641
7z,solver,1,39,1,PCI,0.6998795180722891
7z,solver,1,39,2,ALS,0.5084639389736476
7z,solver,1,39,2,AP_ALS-PCI,0.50778125
7z,solver,1,39,2,Default,0.48427635683094195
7z,solver,1,39,2,MDAP_MF-DF-ALS-PCI,0.5028866714183892
7z,solver,1,39,2,MDA_MF-DF-ALS,0.5028866714183892
7z,solver,1,39,2,MDP_MF-DF-PCI,0.5028866714183892
7z,solver,1,39,2,MD_MF-DF,0.5028866714183892
7z,solver,1,39,2,PCI,0.4887859626936452
7z,solver,1,39,3,ALS,0.3642102841013683
7z,solver,1,39,3,AP_ALS-PCI,0.3627480351363846
7z,solver,1,39,3,Default,0.33306883241366797
7z,solver,1,39,3,MDAP_MF-DF-ALS-PCI,0.35797249206501874
7z,solver,1,39,3,MDA_MF-DF-ALS,0.35797249206501874
7z,solver,1,39,3,MDP_MF-DF-PCI,0.35797249206501874
7z,solver,1,39,3,MD_MF-DF,0.35797249206501874
7z,solver,1,39,3,PCI,0.3425045523827508
7z,solver,2,10,1,ALS,0.620253164556962
7z,solver,2,10,1,AP_ALS-PCI,0.620253164556962
7z,solver,2,10,1,Default,0.6144578313253011
7z,solver,2,10,1,MDAP_MF-DF-ALS-PCI,0.6153846153846154
7z,solver,2,10,1,MDA_MF-DF-ALS,0.6153846153846154
7z,solver,2,10,1,MDP_MF-DF-PCI,0.6153846153846154
7z,solver,2,10,1,MD_MF-DF,0.6153846153846154
7z,solver,2,10,1,PCI,0.6144578313253011
7z,solver,2,10,2,ALS,0.3883495145631067
7z,solver,2,10,2,AP_ALS-PCI,0.3875
7z,solver,2,10,2,Default,0.3774173424828446
7z,solver,2,10,2,MDAP_MF-DF-ALS-PCI,0.3820384889522451
7z,solver,2,10,2,MDA_MF-DF-ALS,0.3820384889522451
7z,solver,2,10,2,MDP_MF-DF-PCI,0.3820384889522451
7z,solver,2,10,2,MD_MF-DF,0.3820384889522451
7z,solver,2,10,2,PCI,0.3803351248814416
7z,solver,2,10,3,ALS,0.2468399091857397
7z,solver,2,10,3,AP_ALS-PCI,0.2453690861457851
7z,solver,2,10,3,Default,0.2334136421336234
7z,solver,2,10,3,MDAP_MF-DF-ALS-PCI,0.2407585521464525
7z,solver,2,10,3,MDA_MF-DF-ALS,0.2407585521464525
7z,solver,2,10,3,MDP_MF-DF-PCI,0.2407585521464525
7z,solver,2,10,3,MD_MF-DF,0.2407585521464525
7z,solver,2,10,3,PCI,0.2389899780136773
7z,solver,2,143,1,ALS,0.8730379746835443
7z,solver,2,143,1,AP_ALS-PCI,0.8730379746835443
7z,solver,2,143,1,Default,0.8779518072289156
7z,solver,2,143,1,MDAP_MF-DF-ALS-PCI,0.8714102564102564
7z,solver,2,143,1,MDA_MF-DF-ALS,0.8714102564102564
7z,solver,2,143,1,MDP_MF-DF-PCI,0.8714102564102564
7z,solver,2,143,1,MD_MF-DF,0.8714102564102564
7z,solver,2,143,1,PCI,0.8779518072289156
7z,solver,2,143,2,ALS,0.6991019417475728
7z,solver,2,143,2,AP_ALS-PCI,0.6986840277777777
7z,solver,2,143,2,Default,0.696353711790393
7z,solver,2,143,2,MDAP_MF-DF-ALS-PCI,0.694312188168211
7z,solver,2,143,2,MDA_MF-DF-ALS,0.694312188168211
7z,solver,2,143,2,MDP_MF-DF-PCI,0.694312188168211
7z,solver,2,143,2,MD_MF-DF,0.694312188168211
7z,solver,2,143,2,PCI,0.7024249130572241
7z,solver,2,143,3,ALS,0.5403887218506473
7z,solver,2,143,3,AP_ALS-PCI,0.5390326706734474
7z,solver,2,143,3,Default,0.527509390948421
7z,solver,2,143,3,MDAP_MF-DF-ALS-PCI,0.5334651021127889
7z,solver,2,143,3,MDA_MF-DF-ALS,0.5334651021127889
7z,solver,2,143,3,MDP_MF-DF-PCI,0.5334651021127889
7z,solver,2,143,3,MD_MF-DF,0.5334651021127889
7z,solver,2,143,3,PCI,0.5411204931410766
7z,solver,2,600,1,ALS,0.9240506329113924
7z,solver,2,600,1,AP_ALS-PCI,0.9240506329113924
7z,solver,2,600,1,Default,0.927710843373494
7z,solver,2,600,1,MDAP_MF-DF-ALS-PCI,0.9230769230769232
7z,solver,2,600,1,MDA_MF-DF-ALS,0.9230769230769232
7z,solver,2,600,1,MDP_MF-DF-PCI,0.9230769230769232
7z,solver,2,600,1,MD_MF-DF,0.9230769230769232
7z,solver,2,600,1,PCI,0.927710843373494
7z,solver,2,600,2,ALS,0.8188834951456311
7z,solver,2,600,2,AP_ALS-PCI,0.8186319444444444
7z,solver,2,600,2,Default,0.815308796007486
7z,solver,2,600,2,MDAP_MF-DF-ALS-PCI,0.8159871703492516
7z,solver,2,600,2,MDA_MF-DF-ALS,0.8159871703492516
7z,solver,2,600,2,MDP_MF-DF-PCI,0.8159871703492516
7z,solver,2,600,2,MD_MF-DF,0.8159871703492516
7z,solver,2,600,2,PCI,0.8229149541574453
7z,solver,2,600,3,ALS,0.6981584033871264
7z,solver,2,600,3,AP_ALS-PCI,0.6971548774849745
7z,solver,2,600,3,Default,0.6803157949275925
7z,solver,2,600,3,MDAP_MF-DF-ALS-PCI,0.6928583565772177
7z,solver,2,600,3,MDA_MF-DF-ALS,0.6928583565772177
7z,solver,2,600,3,MDP_MF-DF-PCI,0.6928583565772177
7z,solver,2,600,3,MD_MF-DF,0.6928583565772177
7z,solver,2,600,3,PCI,0.6990293645548107
7z,solver,3,10,1,ALS,0.620253164556962
7z,solver,3,10,1,AP_ALS-PCI,0.620253164556962
7z,solver,3,10,1,Default,0.6144578313253011
7z,solver,3,10,1,MDAP_MF-DF-ALS-PCI,0.6153846153846154
7z,solver,3,10,1,MDA_MF-DF-ALS,0.6153846153846154
7z,solver,3,10,1,MDP_MF-DF-PCI,0.6153846153846154
7z,solver,3,10,1,MD_MF-DF,0.6153846153846154
7z,solver,3,10,1,PCI,0.6144578313253011
7z,solver,3,10,2,ALS,0.3883495145631067
7z,solver,3,10,2,AP_ALS-PCI,0.3875
7z,solver,3,10,2,Default,0.3774173424828446
7z,solver,3,10,2,MDAP_MF-DF-ALS-PCI,0.3820384889522451
7z,solver,3,10,2,MDA_MF-DF-ALS,0.3820384889522451
7z,solver,3,10,2,MDP_MF-DF-PCI,0.3820384889522451
7z,solver,3,10,2,MD_MF-DF,0.3820384889522451
7z,solver,3,10,2,PCI,0.3803351248814416
7z,solver,3,10,3,ALS,0.2468399091857397
7z,solver,3,10,3,AP_ALS-PCI,0.2453690861457851
7z,solver,3,10,3,Default,0.2334136421336234
7z,solver,3,10,3,MDAP_MF-DF-ALS-PCI,0.2407585521464525
7z,solver,3,10,3,MDA_MF-DF-ALS,0.2407585521464525
7z,solver,3,10,3,MDP_MF-DF-PCI,0.2407585521464525
7z,solver,3,10,3,MD_MF-DF,0.2407585521464525
7z,solver,3,10,3,PCI,0.2389899780136773
7z,solver,3,859,1,ALS,0.9240506329113924
7z,solver,3,859,1,AP_ALS-PCI,0.9240506329113924
7z,solver,3,859,1,Default,0.927710843373494
7z,solver,3,859,1,MDAP_MF-DF-ALS-PCI,0.9230769230769232
7z,solver,3,859,1,MDA_MF-DF-ALS,0.9230769230769232
7z,solver,3,859,1,MDP_MF-DF-PCI,0.9230769230769232
7z,solver,3,859,1,MD_MF-DF,0.9230769230769232
7z,solver,3,859,1,PCI,0.927710843373494
7z,solver,3,859,2,ALS,0.8312898751733703
7z,solver,3,859,2,AP_ALS-PCI,0.8310555555555555
7z,solver,3,859,2,Default,0.828955084217093
7z,solver,3,859,2,MDAP_MF-DF-ALS-PCI,0.8287384176764077
7z,solver,3,859,2,MDA_MF-DF-ALS,0.8287384176764077
7z,solver,3,859,2,MDP_MF-DF-PCI,0.8287384176764077
7z,solver,3,859,2,MD_MF-DF,0.8287384176764077
7z,solver,3,859,2,PCI,0.8367467594056276
7z,solver,3,859,3,ALS,0.7228980794011167
7z,solver,3,859,3,AP_ALS-PCI,0.7219830482354753
7z,solver,3,859,3,Default,0.7064266469780576
7z,solver,3,859,3,MDAP_MF-DF-ALS-PCI,0.7181372831906639
7z,solver,3,859,3,MDA_MF-DF-ALS,0.7181372831906639
7z,solver,3,859,3,MDP_MF-DF-PCI,0.7181372831906639
7z,solver,3,859,3,MD_MF-DF,0.7181372831906639
7z,solver,3,859,3,PCI,0.7259959264604717
7z,solver,3,4091,1,ALS,0.9240506329113924
7z,solver,3,4091,1,AP_ALS-PCI,0.9240506329113924
7z,solver,3,4091,1,Default,0.927710843373494
7z,solver,3,4091,1,MDAP_MF-DF-ALS-PCI,0.9230769230769232
7z,solver,3,4091,1,MDA_MF-DF-ALS,0.9230769230769232
7z,solver,3,4091,1,MDP_MF-DF-PCI,0.9230769230769232
7z,solver,3,4091,1,MD_MF-DF,0.9230769230769232
7z,solver,3,4091,1,PCI,0.927710843373494
7z,solver,3,4091,2,ALS,0.847746185852982
7z,solver,3,4091,2,AP_ALS-PCI,0.8475347222222221
7z,solver,3,4091,2,Default,0.8461852776044916
7z,solver,3,4091,2,MDAP_MF-DF-ALS-PCI,0.8456521739130433
7z,solver,3,4091,2,MDA_MF-DF-ALS,0.8456521739130433
7z,solver,3,4091,2,MDP_MF-DF-PCI,0.8456521739130433
7z,solver,3,4091,2,MD_MF-DF,0.8456521739130433
7z,solver,3,4091,2,PCI,0.8542111919064179
7z,solver,3,4091,3,ALS,0.769922838559244
7z,solver,3,4091,3,AP_ALS-PCI,0.76922068115272
7z,solver,3,4091,3,Default,0.755921478718168
7z,solver,3,4091,3,MDAP_MF-DF-ALS-PCI,0.7665164630822993
7z,solver,3,4091,3,MDA_MF-DF-ALS,0.7665164630822993
7z,solver,3,4091,3,MDP_MF-DF-PCI,0.7665164630822993
7z,solver,3,4091,3,MD_MF-DF,0.7665164630822993
7z,solver,3,4091,3,PCI,0.7772757192764747
AJStats,distance,1,2,1,ALS,0.6381818181818182
AJStats,distance,1,2,1,AP_ALS-PCI,0.6381818181818182
AJStats,distance,1,2,1,Default,0.6321621621621621
AJStats,distance,1,2,1,MDAP_MF-DF-ALS-PCI,0.65125
AJStats,distance,1,2,1,MDA_MF-DF-ALS,0.65125
AJStats,distance,1,2,1,MDP_MF-DF-PCI,0.65125
AJStats,distance,1,2,1,MD_MF-DF,0.65125
AJStats,distance,1,2,1,PCI,0.6321621621621621
AJStats,distance,1,2,2,ALS,0.35443359375
AJStats,distance,1,2,2,AP_ALS-PCI,0.35947580645161287
AJStats,distance,1,2,2,Default,0.3493538461538461
AJStats,distance,1,2,2,MDAP_MF-DF-ALS-PCI,0.37072916666666667
AJStats,distance,1,2,2,MDA_MF-DF-ALS,0.37072916666666667
AJStats,distance,1,2,2,MDP_MF-DF-PCI,0.37072916666666667
AJStats,distance,1,2,2,MD_MF-DF,0.37072916666666667
AJStats,distance,1,2,2,PCI,0.35436507936507927
AJStats,distance,1,2,3,ALS,0.18598387096774188
AJStats,distance,1,2,3,AP_ALS-PCI,0.19482826086956517
AJStats,distance,1,2,3,Default,0.18250208044382799
AJStats,distance,1,2,3,MDAP_MF-DF-ALS-PCI,0.2000178571428571
AJStats,distance,1,2,3,MDA_MF-DF-ALS,0.2000178571428571
AJStats,distance,1,2,3,MDP_MF-DF-PCI,0.2000178571428571
AJStats,distance,1,2,3,MD_MF-DF,0.2000178571428571
AJStats,distance,1,2,3,PCI,0.1903439547349612
AJStats,distance,2,10,1,ALS,0.86
AJStats,distance,2,10,1,AP_ALS-PCI,0.86
AJStats,distance,2,10,1,Default,0.8478378378378377
AJStats,distance,2,10,1,MDAP_MF-DF-ALS-PCI,0.8665625
AJStats,distance,2,10,1,MDA_MF-DF-ALS,0.8665625
AJStats,distance,2,10,1,MDP_MF-DF-PCI,0.8665625
AJStats,distance,2,10,1,MD_MF-DF,0.8665625
AJStats,distance,2,10,1,PCI,0.8478378378378377
AJStats,distance,2,10,2,ALS,0.59771484375
AJStats,distance,2,10,2,AP_ALS-PCI,0.5978225806451613
AJStats,distance,2,10,2,Default,0.5821076923076923
AJStats,distance,2,10,2,MDAP_MF-DF-ALS-PCI,0.61525
AJStats,distance,2,10,2,MDA_MF-DF-ALS,0.61525
AJStats,distance,2,10,2,MDP_MF-DF-PCI,0.61525
AJStats,distance,2,10,2,MD_MF-DF,0.61525
AJStats,distance,2,10,2,PCI,0.5823968253968254
AJStats,distance,2,10,3,ALS,0.37204233870967734
AJStats,distance,2,10,3,AP_ALS-PCI,0.3833173913043478
AJStats,distance,2,10,3,Default,0.3587864077669902
AJStats,distance,2,10,3,MDAP_MF-DF-ALS-PCI,0.3934620535714285
AJStats,distance,2,10,3,MDA_MF-DF-ALS,0.3934620535714285
AJStats,distance,2,10,3,MDP_MF-DF-PCI,0.3934620535714285
AJStats,distance,2,10,3,MD_MF-DF,0.3934620535714285
AJStats,distance,2,10,3,PCI,0.3678826682549136
AJStats,distance,3,20,1,ALS,0.9009090909090908
AJStats,distance,3,20,1,AP_ALS-PCI,0.9009090909090908
AJStats,distance,3,20,1,Default,0.8845945945945946
AJStats,distance,3,20,1,MDAP_MF-DF-ALS-PCI,0.9015625
AJStats,distance,3,20,1,MDA_MF-DF-ALS,0.9015625
AJStats,distance,3,20,1,MDP_MF-DF-PCI,0.9015625
AJStats,distance,3,20,1,MD_MF-DF,0.9015625
AJStats,distance,3,20,1,PCI,0.8845945945945946
AJStats,distance,3,20,2,ALS,0.67513671875
AJStats,distance,3,20,2,AP_ALS-PCI,0.6706653225806452
AJStats,distance,3,20,2,Default,0.6536923076923077
AJStats,distance,3,20,2,MDAP_MF-DF-ALS-PCI,0.6886249999999999
AJStats,distance,3,20,2,MDA_MF-DF-ALS,0.6886249999999999
AJStats,distance,3,20,2,MDP_MF-DF-PCI,0.6886249999999999
AJStats,distance,3,20,2,MD_MF-DF,0.6886249999999999
AJStats,distance,3,20,2,PCI,0.6495873015873015
AJStats,distance,3,20,3,ALS,0.44708266129032254
AJStats,distance,3,20,3,AP_ALS-PCI,0.45597826086956517
AJStats,distance,3,20,3,Default,0.4291456310679611
AJStats,distance,3,20,3,MDAP_MF-DF-ALS-PCI,0.46791741071428566
AJStats,distance,3,20,3,MDA_MF-DF-ALS,0.46791741071428566
AJStats,distance,3,20,3,MDP_MF-DF-PCI,0.46791741071428566
AJStats,distance,3,20,3,MD_MF-DF,0.46791741071428566
AJStats,distance,3,20,3,PCI,0.43568790946992253
AJStats,random,1,2,1,ALS,0.7015151515151514
AJStats,random,1,2,1,AP_ALS-PCI,0.7015151515151514
AJStats,random,1,2,1,Default,0.6921621621621621
AJStats,random,1,2,1,MDAP_MF-DF-ALS-PCI,0.698125
AJStats,random,1,2,1,MDA_MF-DF-ALS,0.698125
AJStats,random,1,2,1,MDP_MF-DF-PCI,0.698125
AJStats,random,1,2,1,MD_MF-DF,0.698125
AJStats,random,1,2,1,PCI,0.6921621621621621
AJStats,random,1,2,2,ALS,0.412890625
AJStats,random,1,2,2,AP_ALS-PCI,0.41088709677419355
AJStats,random,1,2,2,Default,0.40549230769230765
AJStats,random,1,2,2,MDAP_MF-DF-ALS-PCI,0.4098958333333333
AJStats,random,1,2,2,MDA_MF-DF-ALS,0.4098958333333333
AJStats,random,1,2,2,MDP_MF-DF-PCI,0.4098958333333333
AJStats,random,1,2,2,MD_MF-DF,0.4098958333333333
AJStats,random,1,2,2,PCI,0.4035396825396825
AJStats,random,1,2,3,ALS,0.225633064516129
AJStats,random,1,2,3,AP_ALS-PCI,0.22339130434782603
AJStats,random,1,2,3,Default,0.22065048543689314
AJStats,random,1,2,3,MDAP_MF-DF-ALS-PCI,0.22343749999999996
AJStats,random,1,2,3,MDA_MF-DF-ALS,0.22343749999999996
AJStats,random,1,2,3,MDP_MF-DF-PCI,0.22343749999999996
AJStats,random,1,2,3,MD_MF-DF,0.22343749999999996
AJStats,random,1,2,3,PCI,0.21851399642644428
AJStats,random,2,10,1,ALS,0.909090909090909
AJStats,random,2,10,1,AP_ALS-PCI,0.909090909090909
AJStats,random,2,10,1,Default,0.8918918918918918
AJStats,random,2,10,1,MDAP_MF-DF-ALS-PCI,0.90625
AJStats,random,2,10,1,MDA_MF-DF-ALS,0.90625
AJStats,random,2,10,1,MDP_MF-DF-PCI,0.90625
AJStats,random,2,10,1,MD_MF-DF,0.90625
AJStats,random,2,10,1,PCI,0.8918918918918918
AJStats,random,2,10,2,ALS,0.7875
AJStats,random,2,10,2,AP_ALS-PCI,0.7837701612903225
AJStats,random,2,10,2,Default,0.7586307692307692
AJStats,random,2,10,2,MDAP_MF-DF-ALS-PCI,0.7819166666666666
AJStats,random,2,10,2,MDA_MF-DF-ALS,0.7819166666666666
AJStats,random,2,10,2,MDP_MF-DF-PCI,0.7819166666666666
AJStats,random,2,10,2,MD_MF-DF,0.7819166666666666
AJStats,random,2,10,2,PCI,0.755095238095238
AJStats,random,2,10,3,ALS,0.5973709677419354
AJStats,random,2,10,3,AP_ALS-PCI,0.5915978260869565
AJStats,random,2,10,3,Default,0.5687350901525658
AJStats,random,2,10,3,MDAP_MF-DF-ALS-PCI,0.5917433035714285
AJStats,random,2,10,3,MDA_MF-DF-ALS,0.5917433035714285
AJStats,random,2,10,3,MDP_MF-DF-PCI,0.5917433035714285
AJStats,random,2,10,3,MD_MF-DF,0.5917433035714285
AJStats,random,2,10,3,PCI,0.5632980941036331
AJStats,random,3,20,1,ALS,0.909090909090909
AJStats,random,3,20,1,AP_ALS-PCI,0.909090909090909
AJStats,random,3,20,1,Default,0.8918918918918918
AJStats,random,3,20,1,MDAP_MF-DF-ALS-PCI,0.90625
AJStats,random,3,20,1,MDA_MF-DF-ALS,0.90625
AJStats,random,3,20,1,MDP_MF-DF-PCI,0.90625
AJStats,random,3,20,1,MD_MF-DF,0.90625
AJStats,random,3,20,1,PCI,0.8918918918918918
AJStats,random,3,20,2,ALS,0.8223046875
AJStats,random,3,20,2,AP_ALS-PCI,0.8186290322580645
AJStats,random,3,20,2,Default,0.7904923076923076
AJStats,random,3,20,2,MDAP_MF-DF-ALS-PCI,0.8168333333333332
AJStats,random,3,20,2,MDA_MF-DF-ALS,0.8168333333333332
AJStats,random,3,20,2,MDP_MF-DF-PCI,0.8168333333333332
AJStats,random,3,20,2,MD_MF-DF,0.8168333333333332
AJStats,random,3,20,2,PCI,0.787047619047619
AJStats,random,3,20,3,ALS,0.70875
AJStats,random,3,20,3,AP_ALS-PCI,0.7020282608695652
AJStats,random,3,20,3,Default,0.6684091539528433
AJStats,random,3,20,3,MDAP_MF-DF-ALS-PCI,0.7017075892857143
AJStats,random,3,20,3,MDA_MF-DF-ALS,0.7017075892857143
AJStats,random,3,20,3,MDP_MF-DF-PCI,0.7017075892857143
AJStats,random,3,20,3,MD_MF-DF,0.7017075892857143
AJStats,random,3,20,3,PCI,0.6621471113758188
AJStats,solver,1,2,1,ALS,0.5303030303030303
AJStats,solver,1,2,1,AP_ALS-PCI,0.5303030303030303
AJStats,solver,1,2,1,Default,0.5275675675675675
AJStats,solver,1,2,1,MDAP_MF-DF-ALS-PCI,0.53125
AJStats,solver,1,2,1,MDA_MF-DF-ALS,0.53125
AJStats,solver,1,2,1,MDP_MF-DF-PCI,0.53125
AJStats,solver,1,2,1,MD_MF-DF,0.53125
AJStats,solver,1,2,1,PCI,0.5275675675675675
AJStats,solver,1,2,2,ALS,0.2802734375
AJStats,solver,1,2,2,AP_ALS-PCI,0.28030241935483863
AJStats,solver,1,2,2,Default,0.27727692307692303
AJStats,solver,1,2,2,MDAP_MF-DF-ALS-PCI,0.28125
AJStats,solver,1,2,2,MDA_MF-DF-ALS,0.28125
AJStats,solver,1,2,2,MDP_MF-DF-PCI,0.28125
AJStats,solver,1,2,2,MD_MF-DF,0.28125
AJStats,solver,1,2,2,PCI,0.2773015873015872
AJStats,solver,1,2,3,ALS,0.14768145161290314
AJStats,solver,1,2,3,AP_ALS-PCI,0.14773913043478257
AJStats,solver,1,2,3,Default,0.14519972260748956
AJStats,solver,1,2,3,MDAP_MF-DF-ALS-PCI,0.1484375
AJStats,solver,1,2,3,MDA_MF-DF-ALS,0.1484375
AJStats,solver,1,2,3,MDP_MF-DF-PCI,0.1484375
AJStats,solver,1,2,3,MD_MF-DF,0.1484375
AJStats,solver,1,2,3,PCI,0.145208457415128
AJStats,solver,2,10,1,ALS,0.712121212121212
AJStats,solver,2,10,1,AP_ALS-PCI,0.712121212121212
AJStats,solver,2,10,1,Default,0.7162162162162162
AJStats,solver,2,10,1,MDAP_MF-DF-ALS-PCI,0.71875
AJStats,solver,2,10,1,MDA_MF-DF-ALS,0.71875
AJStats,solver,2,10,1,MDP_MF-DF-PCI,0.71875
AJStats,solver,2,10,1,MD_MF-DF,0.71875
AJStats,solver,2,10,1,PCI,0.7162162162162162
AJStats,solver,2,10,2,ALS,0.4619140625
AJStats,solver,2,10,2,AP_ALS-PCI,0.4646572580645161
AJStats,solver,2,10,2,Default,0.46601538461538455
AJStats,solver,2,10,2,MDAP_MF-DF-ALS-PCI,0.46875
AJStats,solver,2,10,2,MDA_MF-DF-ALS,0.46875
AJStats,solver,2,10,2,MDP_MF-DF-PCI,0.46875
AJStats,solver,2,10,2,MD_MF-DF,0.46875
AJStats,solver,2,10,2,PCI,0.4688571428571428
AJStats,solver,2,10,3,ALS,0.28377016129032256
AJStats,solver,2,10,3,AP_ALS-PCI,0.28698043478260865
AJStats,solver,2,10,3,Default,0.28658113730929263
AJStats,solver,2,10,3,MDAP_MF-DF-ALS-PCI,0.2890625
AJStats,solver,2,10,3,MDA_MF-DF-ALS,0.2890625
AJStats,solver,2,10,3,MDP_MF-DF-PCI,0.2890625
AJStats,solver,2,10,3,MD_MF-DF,0.2890625
AJStats,solver,2,10,3,PCI,0.2898049434187016
AJStats,solver,3,20,1,ALS,0.909090909090909
AJStats,solver,3,20,1,AP_ALS-PCI,0.909090909090909
AJStats,solver,3,20,1,Default,0.8918918918918918
AJStats,solver,3,20,1,MDAP_MF-DF-ALS-PCI,0.90625
AJStats,solver,3,20,1,MDA_MF-DF-ALS,0.90625
AJStats,solver,3,20,1,MDP_MF-DF-PCI,0.90625
AJStats,solver,3,20,1,MD_MF-DF,0.90625
AJStats,solver,3,20,1,PCI,0.8918918918918918
AJStats,solver,3,20,2,ALS,0.6865234375
AJStats,solver,3,20,2,AP_ALS-PCI,0.6838306451612904
AJStats,solver,3,20,2,Default,0.6643230769230769
AJStats,solver,3,20,2,MDAP_MF-DF-ALS-PCI,0.6833333333333332
AJStats,solver,3,20,2,MDA_MF-DF-ALS,0.6833333333333332
AJStats,solver,3,20,2,MDP_MF-DF-PCI,0.6833333333333332
AJStats,solver,3,20,2,MD_MF-DF,0.6833333333333332
AJStats,solver,3,20,2,PCI,0.6618253968253969
AJStats,solver,3,20,3,ALS,0.4615927419354838
AJStats,solver,3,20,3,AP_ALS-PCI,0.45730652173913044
AJStats,solver,3,20,3,Default,0.44251040221914
AJStats,solver,3,20,3,MDAP_MF-DF-ALS-PCI,0.4578125
AJStats,solver,3,20,3,MDA_MF-DF-ALS,0.4578125
AJStats,solver,3,20,3,MDP_MF-DF-PCI,0.4578125
AJStats,solver,3,20,3,MD_MF-DF,0.4578125
AJStats,solver,3,20,3,PCI,0.43874032162001186
BerkeleyDBC,distance,1,5,1,ALS,0.7206060606060606
BerkeleyDBC,distance,1,5,1,AP_ALS-PCI,0.7206060606060606
BerkeleyDBC,distance,1,5,1,Default,0.7062857142857142
BerkeleyDBC,distance,1,5,1,MDAP_MF-DF-ALS-PCI,0.711875
BerkeleyDBC,distance,1,5,1,MDA_MF-DF-ALS,0.711875
BerkeleyDBC,distance,1,5,1,MDP_MF-DF-PCI,0.711875
BerkeleyDBC,distance,1,5,1,MD_MF-DF,0.711875
BerkeleyDBC,distance,1,5,1,PCI,0.7062857142857142
BerkeleyDBC,distance,1,5,2,ALS,0.4689314516129032
BerkeleyDBC,distance,1,5,2,AP_ALS-PCI,0.46274028629856845
BerkeleyDBC,distance,1,5,2,Default,0.4476731793960923
BerkeleyDBC,distance,1,5,2,MDAP_MF-DF-ALS-PCI,0.452176724137931
BerkeleyDBC,distance,1,5,2,MDA_MF-DF-ALS,0.452176724137931
BerkeleyDBC,distance,1,5,2,MDP_MF-DF-PCI,0.452176724137931
BerkeleyDBC,distance,1,5,2,MD_MF-DF,0.452176724137931
BerkeleyDBC,distance,1,5,2,PCI,0.44915596330275226
BerkeleyDBC,distance,1,5,3,ALS,0.28906056587091067
BerkeleyDBC,distance,1,5,3,AP_ALS-PCI,0.28014763552479816
BerkeleyDBC,distance,1,5,3,Default,0.26584790052261664
BerkeleyDBC,distance,1,5,3,MDAP_MF-DF-ALS-PCI,0.27041871921182264
BerkeleyDBC,distance,1,5,3,MDA_MF-DF-ALS,0.27041871921182264
BerkeleyDBC,distance,1,5,3,MDP_MF-DF-PCI,0.27041871921182264
BerkeleyDBC,distance,1,5,3,MD_MF-DF,0.27041871921182264
BerkeleyDBC,distance,1,5,3,PCI,0.2700891442155309
BerkeleyDBC,distance,2,21,1,ALS,0.826969696969697
BerkeleyDBC,distance,2,21,1,AP_ALS-PCI,0.826969696969697
BerkeleyDBC,distance,2,21,1,Default,0.8154285714285714
BerkeleyDBC,distance,2,21,1,MDAP_MF-DF-ALS-PCI,0.8215625
BerkeleyDBC,distance,2,21,1,MDA_MF-DF-ALS,0.8215625
BerkeleyDBC,distance,2,21,1,MDP_MF-DF-PCI,0.8215625
BerkeleyDBC,distance,2,21,1,MD_MF-DF,0.8215625
BerkeleyDBC,distance,2,21,1,PCI,0.8154285714285714
BerkeleyDBC,distance,2,21,2,ALS,0.6434677419354838
BerkeleyDBC,distance,2,21,2,AP_ALS-PCI,0.6383640081799591
BerkeleyDBC,distance,2,21,2,Default,0.6198046181172291
BerkeleyDBC,distance,2,21,2,MDAP_MF-DF-ALS-PCI,0.6311853448275861
BerkeleyDBC,distance,2,21,2,MDA_MF-DF-ALS,0.6311853448275861
BerkeleyDBC,distance,2,21,2,MDP_MF-DF-PCI,0.6311853448275861
BerkeleyDBC,distance,2,21,2,MD_MF-DF,0.6311853448275861
BerkeleyDBC,distance,2,21,2,PCI,0.6247155963302752
BerkeleyDBC,distance,2,21,3,ALS,0.4655901856763925
BerkeleyDBC,distance,2,21,3,AP_ALS-PCI,0.45429065743944635
BerkeleyDBC,distance,2,21,3,Default,0.43349432330149573
BerkeleyDBC,distance,2,21,3,MDAP_MF-DF-ALS-PCI,0.4466650246305418
BerkeleyDBC,distance,2,21,3,MDA_MF-DF-ALS,0.4466650246305418
BerkeleyDBC,distance,2,21,3,MDP_MF-DF-PCI,0.4466650246305418
BerkeleyDBC,distance,2,21,3,MD_MF-DF,0.4466650246305418
BerkeleyDBC,distance,2,21,3,PCI,0.44301703645007917
BerkeleyDBC,distance,3,57,1,ALS,0.8745454545454544
BerkeleyDBC,distance,3,57,1,AP_ALS-PCI,0.8745454545454544
BerkeleyDBC,distance,3,57,1,Default,0.8817142857142857
BerkeleyDBC,distance,3,57,1,MDAP_MF-DF-ALS-PCI,0.870625
BerkeleyDBC,distance,3,57,1,MDA_MF-DF-ALS,0.870625
BerkeleyDBC,distance,3,57,1,MDP_MF-DF-PCI,0.870625
BerkeleyDBC,distance,3,57,1,MD_MF-DF,0.870625
BerkeleyDBC,distance,3,57,1,PCI,0.8817142857142857
BerkeleyDBC,distance,3,57,2,ALS,0.7294556451612902
BerkeleyDBC,distance,3,57,2,AP_ALS-PCI,0.7255828220858895
BerkeleyDBC,distance,3,57,2,Default,0.7338010657193605
BerkeleyDBC,distance,3,57,2,MDAP_MF-DF-ALS-PCI,0.7197198275862068
BerkeleyDBC,distance,3,57,2,MDA_MF-DF-ALS,0.7197198275862068
BerkeleyDBC,distance,3,57,2,MDP_MF-DF-PCI,0.7197198275862068
BerkeleyDBC,distance,3,57,2,MD_MF-DF,0.7197198275862068
BerkeleyDBC,distance,3,57,2,PCI,0.7397247706422019
BerkeleyDBC,distance,3,57,3,ALS,0.5717285587975243
BerkeleyDBC,distance,3,57,3,AP_ALS-PCI,0.5608881199538639
BerkeleyDBC,distance,3,57,3,Default,0.5663236619210668
BerkeleyDBC,distance,3,57,3,MDAP_MF-DF-ALS-PCI,0.5548152709359606
BerkeleyDBC,distance,3,57,3,MDA_MF-DF-ALS,0.5548152709359606
BerkeleyDBC,distance,3,57,3,MDP_MF-DF-PCI,0.5548152709359606
BerkeleyDBC,distance,3,57,3,MD_MF-DF,0.5548152709359606
BerkeleyDBC,distance,3,57,3,PCI,0.5787183042789222
BerkeleyDBC,random,1,5,1,ALS,0.8178787878787879
BerkeleyDBC,random,1,5,1,AP_ALS-PCI,0.8178787878787879
BerkeleyDBC,random,1,5,1,Default,0.8125714285714285
BerkeleyDBC,random,1,5,1,MDAP_MF-DF-ALS-PCI,0.8121875
BerkeleyDBC,random,1,5,1,MDA_MF-DF-ALS,0.8121875
BerkeleyDBC,random,1,5,1,MDP_MF-DF-PCI,0.8121875
BerkeleyDBC,random,1,5,1,MD_MF-DF,0.8121875
BerkeleyDBC,random,1,5,1,PCI,0.8125714285714285
BerkeleyDBC,random,1,5,2,ALS,0.5853024193548386
BerkeleyDBC,random,1,5,2,AP_ALS-PCI,0.5797137014314928
BerkeleyDBC,random,1,5,2,Default,0.5615452930728241
BerkeleyDBC,random,1,5,2,MDAP_MF-DF-ALS-PCI,0.569655172413793
BerkeleyDBC,random,1,5,2,MDA_MF-DF-ALS,0.569655172413793
BerkeleyDBC,random,1,5,2,MDP_MF-DF-PCI,0.569655172413793
BerkeleyDBC,random,1,5,2,MD_MF-DF,0.569655172413793
BerkeleyDBC,random,1,5,2,PCI,0.5642385321100918
BerkeleyDBC,random,1,5,3,ALS,0.3806211317418214
BerkeleyDBC,random,1,5,3,AP_ALS-PCI,0.368555940023068
BerkeleyDBC,random,1,5,3,Default,0.34809154802667147
BerkeleyDBC,random,1,5,3,MDAP_MF-DF-ALS-PCI,0.35901724137931035
BerkeleyDBC,random,1,5,3,MDA_MF-DF-ALS,0.35901724137931035
BerkeleyDBC,random,1,5,3,MDP_MF-DF-PCI,0.35901724137931035
BerkeleyDBC,random,1,5,3,MD_MF-DF,0.35901724137931035
BerkeleyDBC,random,1,5,3,PCI,0.3521315372424722
BerkeleyDBC,random,2,21,1,ALS,0.8778787878787878
BerkeleyDBC,random,2,21,1,AP_ALS-PCI,0.8778787878787878
BerkeleyDBC,random,2,21,1,Default,0.8845714285714285
BerkeleyDBC,random,2,21,1,MDAP_MF-DF-ALS-PCI,0.8740625
BerkeleyDBC,random,2,21,1,MDA_MF-DF-ALS,0.8740625
BerkeleyDBC,random,2,21,1,MDP_MF-DF-PCI,0.8740625
BerkeleyDBC,random,2,21,1,MD_MF-DF,0.8740625
BerkeleyDBC,random,2,21,1,PCI,0.8845714285714285
BerkeleyDBC,random,2,21,2,ALS,0.7520362903225807
BerkeleyDBC,random,2,21,2,AP_ALS-PCI,0.7484867075664622
BerkeleyDBC,random,2,21,2,Default,0.7470337477797513
BerkeleyDBC,random,2,21,2,MDAP_MF-DF-ALS-PCI,0.7436206896551724
BerkeleyDBC,random,2,21,2,MDA_MF-DF-ALS,0.7436206896551724
BerkeleyDBC,random,2,21,2,MDP_MF-DF-PCI,0.7436206896551724
BerkeleyDBC,random,2,21,2,MD_MF-DF,0.7436206896551724
BerkeleyDBC,random,2,21,2,PCI,0.7534128440366972
BerkeleyDBC,random,2,21,3,ALS,0.6087511052166225
BerkeleyDBC,random,2,21,3,AP_ALS-PCI,0.5986735870818916
BerkeleyDBC,random,2,21,3,Default,0.583175346909353
BerkeleyDBC,random,2,21,3,MDAP_MF-DF-ALS-PCI,0.5933374384236453
BerkeleyDBC,random,2,21,3,MDA_MF-DF-ALS,0.5933374384236453
BerkeleyDBC,random,2,21,3,MDP_MF-DF-PCI,0.5933374384236453
BerkeleyDBC,random,2,21,3,MD_MF-DF,0.5933374384236453
BerkeleyDBC,random,2,21,3,PCI,0.5969017432646592
BerkeleyDBC,random,3,57,1,ALS,0.8787878787878786
BerkeleyDBC,random,3,57,1,AP_ALS-PCI,0.8787878787878786
BerkeleyDBC,random,3,57,1,Default,0.8857142857142856
BerkeleyDBC,random,3,57,1,MDAP_MF-DF-ALS-PCI,0.875
BerkeleyDBC,random,3,57,1,MDA_MF-DF-ALS,0.875
BerkeleyDBC,random,3,57,1,MDP_MF-DF-PCI,0.875
BerkeleyDBC,random,3,57,1,MD_MF-DF,0.875
BerkeleyDBC,random,3,57,1,PCI,0.8857142857142856
BerkeleyDBC,random,3,57,2,ALS,0.7729435483870968
BerkeleyDBC,random,3,57,2,AP_ALS-PCI,0.7696932515337422
BerkeleyDBC,random,3,57,2,Default,0.774404973357016
BerkeleyDBC,random,3,57,2,MDAP_MF-DF-ALS-PCI,0.7659051724137931
BerkeleyDBC,random,3,57,2,MDA_MF-DF-ALS,0.7659051724137931
BerkeleyDBC,random,3,57,2,MDP_MF-DF-PCI,0.7659051724137931
BerkeleyDBC,random,3,57,2,MD_MF-DF,0.7659051724137931
BerkeleyDBC,random,3,57,2,PCI,0.7816330275229357
BerkeleyDBC,random,3,57,3,ALS,0.6708465959328028
BerkeleyDBC,random,3,57,3,AP_ALS-PCI,0.6627404844290657
BerkeleyDBC,random,3,57,3,Default,0.6572139124166516
BerkeleyDBC,random,3,57,3,MDAP_MF-DF-ALS-PCI,0.6599827586206897
BerkeleyDBC,random,3,57,3,MDA_MF-DF-ALS,0.6599827586206897
BerkeleyDBC,random,3,57,3,MDP_MF-DF-PCI,0.6599827586206897
BerkeleyDBC,random,3,57,3,MD_MF-DF,0.6599827586206897
BerkeleyDBC,random,3,57,3,PCI,0.6757844690966719
BerkeleyDBC,solver,1,5,1,ALS,0.6321212121212121
BerkeleyDBC,solver,1,5,1,AP_ALS-PCI,0.6321212121212121
BerkeleyDBC,solver,1,5,1,Default,0.6014285714285713
BerkeleyDBC,solver,1,5,1,MDAP_MF-DF-ALS-PCI,0.620625
BerkeleyDBC,solver,1,5,1,MDA_MF-DF-ALS,0.620625
BerkeleyDBC,solver,1,5,1,MDP_MF-DF-PCI,0.620625
BerkeleyDBC,solver,1,5,1,MD_MF-DF,0.620625
BerkeleyDBC,solver,1,5,1,PCI,0.6014285714285713
BerkeleyDBC,solver,1,5,2,ALS,0.38564516129032256
BerkeleyDBC,solver,1,5,2,AP_ALS-PCI,0.3799591002044989
BerkeleyDBC,solver,1,5,2,Default,0.3465896980461811
BerkeleyDBC,solver,1,5,2,MDAP_MF-DF-ALS-PCI,0.3694396551724138
BerkeleyDBC,solver,1,5,2,MDA_MF-DF-ALS,0.3694396551724138
BerkeleyDBC,solver,1,5,2,MDP_MF-DF-PCI,0.3694396551724138
BerkeleyDBC,solver,1,5,2,MD_MF-DF,0.3694396551724138
BerkeleyDBC,solver,1,5,2,PCI,0.34737614678899076
BerkeleyDBC,solver,1,5,3,ALS,0.23131741821396987
BerkeleyDBC,solver,1,5,3,AP_ALS-PCI,0.22223990772779692
BerkeleyDBC,solver,1,5,3,Default,0.19487114795458638
BerkeleyDBC,solver,1,5,3,MDAP_MF-DF-ALS-PCI,0.21553201970443348
BerkeleyDBC,solver,1,5,3,MDA_MF-DF-ALS,0.21553201970443348
BerkeleyDBC,solver,1,5,3,MDP_MF-DF-PCI,0.21553201970443348
BerkeleyDBC,solver,1,5,3,MD_MF-DF,0.21553201970443348
BerkeleyDBC,solver,1,5,3,PCI,0.1966006339144215
BerkeleyDBC,solver,2,21,1,ALS,0.7433333333333333
BerkeleyDBC,solver,2,21,1,AP_ALS-PCI,0.7433333333333333
BerkeleyDBC,solver,2,21,1,Default,0.7205714285714285
BerkeleyDBC,solver,2,21,1,MDAP_MF-DF-ALS-PCI,0.7353125
BerkeleyDBC,solver,2,21,1,MDA_MF-DF-ALS,0.7353125
BerkeleyDBC,solver,2,21,1,MDP_MF-DF-PCI,0.7353125
BerkeleyDBC,solver,2,21,1,MD_MF-DF,0.7353125
BerkeleyDBC,solver,2,21,1,PCI,0.7205714285714285
BerkeleyDBC,solver,2,21,2,ALS,0.522258064516129
BerkeleyDBC,solver,2,21,2,AP_ALS-PCI,0.5160736196319018
BerkeleyDBC,solver,2,21,2,Default,0.48357015985790397
BerkeleyDBC,solver,2,21,2,MDAP_MF-DF-ALS-PCI,0.5075646551724138
BerkeleyDBC,solver,2,21,2,MDA_MF-DF-ALS,0.5075646551724138
BerkeleyDBC,solver,2,21,2,MDP_MF-DF-PCI,0.5075646551724138
BerkeleyDBC,solver,2,21,2,MD_MF-DF,0.5075646551724138
BerkeleyDBC,solver,2,21,2,PCI,0.4852660550458715
BerkeleyDBC,solver,2,21,3,ALS,0.35443191865605655
BerkeleyDBC,solver,2,21,3,AP_ALS-PCI,0.34291118800461357
BerkeleyDBC,solver,2,21,3,Default,0.3099495404577401
BerkeleyDBC,solver,2,21,3,MDAP_MF-DF-ALS-PCI,0.3369310344827586
BerkeleyDBC,solver,2,21,3,MDA_MF-DF-ALS,0.3369310344827586
BerkeleyDBC,solver,2,21,3,MDP_MF-DF-PCI,0.3369310344827586
BerkeleyDBC,solver,2,21,3,MD_MF-DF,0.3369310344827586
BerkeleyDBC,solver,2,21,3,PCI,0.3137658478605388
BerkeleyDBC,solver,3,57,1,ALS,0.8651515151515151
BerkeleyDBC,solver,3,57,1,AP_ALS-PCI,0.8651515151515151
BerkeleyDBC,solver,3,57,1,Default,0.8708571428571428
BerkeleyDBC,solver,3,57,1,MDAP_MF-DF-ALS-PCI,0.8609375
BerkeleyDBC,solver,3,57,1,MDA_MF-DF-ALS,0.8609375
BerkeleyDBC,solver,3,57,1,MDP_MF-DF-PCI,0.8609375
BerkeleyDBC,solver,3,57,1,MD_MF-DF,0.8609375
BerkeleyDBC,solver,3,57,1,PCI,0.8708571428571428
BerkeleyDBC,solver,3,57,2,ALS,0.6861693548387096
BerkeleyDBC,solver,3,57,2,AP_ALS-PCI,0.6816768916155419
BerkeleyDBC,solver,3,57,2,Default,0.6724866785079928
BerkeleyDBC,solver,3,57,2,MDAP_MF-DF-ALS-PCI,0.6741163793103447
BerkeleyDBC,solver,3,57,2,MDA_MF-DF-ALS,0.6741163793103447
BerkeleyDBC,solver,3,57,2,MDP_MF-DF-PCI,0.6741163793103447
BerkeleyDBC,solver,3,57,2,MD_MF-DF,0.6741163793103447
BerkeleyDBC,solver,3,57,2,PCI,0.6769357798165138
BerkeleyDBC,solver,3,57,3,ALS,0.5160831122900088
BerkeleyDBC,solver,3,57,3,AP_ALS-PCI,0.5050311418685121
BerkeleyDBC,solver,3,57,3,Default,0.4840998378086141
BerkeleyDBC,solver,3,57,3,MDAP_MF-DF-ALS-PCI,0.49802216748768474
BerkeleyDBC,solver,3,57,3,MDA_MF-DF-ALS,0.49802216748768474
BerkeleyDBC,solver,3,57,3,MDP_MF-DF-PCI,0.49802216748768474
BerkeleyDBC,solver,3,57,3,MD_MF-DF,0.49802216748768474
BerkeleyDBC,solver,3,57,3,PCI,0.49347068145800316
Curl,distance,1,3,1,ALS,0.6956521739130435
Curl,distance,1,3,1,AP_ALS-PCI,0.6956521739130435
Curl,distance,1,3,1,Default,0.7083333333333333
Curl,distance,1,3,1,MDAP_MF-DF-ALS-PCI,0.6818181818181818
Curl,distance,1,3,1,MDA_MF-DF-ALS,0.6818181818181818
Curl,distance,1,3,1,MDP_MF-DF-PCI,0.6818181818181818
Curl,distance,1,3,1,MD_MF-DF,0.6818181818181818
Curl,distance,1,3,1,PCI,0.7083333333333333
Curl,distance,1,3,2,ALS,0.4021757322175732
Curl,distance,1,3,2,AP_ALS-PCI,0.38809523809523805
Curl,distance,1,3,2,Default,0.4187404580152671
Curl,distance,1,3,2,MDAP_MF-DF-ALS-PCI,0.38506912442396307
Curl,distance,1,3,2,MDA_MF-DF-ALS,0.38506912442396307
Curl,distance,1,3,2,MDP_MF-DF-PCI,0.38506912442396307
Curl,distance,1,3,2,MD_MF-DF,0.38506912442396307
Curl,distance,1,3,2,PCI,0.40895999999999993
Curl,distance,1,3,3,ALS,0.2156738544474393
Curl,distance,1,3,3,AP_ALS-PCI,0.20076183431952657
Curl,distance,1,3,3,Default,0.23135229251305858
Curl,distance,1,3,3,MDAP_MF-DF-ALS-PCI,0.20078137332280974
Curl,distance,1,3,3,MDA_MF-DF-ALS,0.20078137332280974
Curl,distance,1,3,3,MDP_MF-DF-PCI,0.20078137332280974
Curl,distance,1,3,3,MD_MF-DF,0.20078137332280974
Curl,distance,1,3,3,PCI,0.22272607260726068
Curl,distance,2,9,1,ALS,0.803913043478261
Curl,distance,2,9,1,AP_ALS-PCI,0.803913043478261
Curl,distance,2,9,1,Default,0.8120833333333333
Curl,distance,2,9,1,MDAP_MF-DF-ALS-PCI,0.795
Curl,distance,2,9,1,MDA_MF-DF-ALS,0.795
Curl,distance,2,9,1,MDP_MF-DF-PCI,0.795
Curl,distance,2,9,1,MD_MF-DF,0.795
Curl,distance,2,9,1,PCI,0.8120833333333333
Curl,distance,2,9,2,ALS,0.5576569037656904
Curl,distance,2,9,2,AP_ALS-PCI,0.5443290043290043
Curl,distance,2,9,2,Default,0.5717175572519083
Curl,distance,2,9,2,MDAP_MF-DF-ALS-PCI,0.5432718894009216
Curl,distance,2,9,2,MDA_MF-DF-ALS,0.5432718894009216
Curl,distance,2,9,2,MDP_MF-DF-PCI,0.5432718894009216
Curl,distance,2,9,2,MD_MF-DF,0.5432718894009216
Curl,distance,2,9,2,PCI,0.565
Curl,distance,2,9,3,ALS,0.34674528301886787
Curl,distance,2,9,3,AP_ALS-PCI,0.33008136094674545
Curl,distance,2,9,3,Default,0.36352872896111427
Curl,distance,2,9,3,MDAP_MF-DF-ALS-PCI,0.3314996053670086
Curl,distance,2,9,3,MDA_MF-DF-ALS,0.3314996053670086
Curl,distance,2,9,3,MDP_MF-DF-PCI,0.3314996053670086
Curl,distance,2,9,3,MD_MF-DF,0.3314996053670086
Curl,distance,2,9,3,PCI,0.3582442244224422
Curl,distance,3,23,1,ALS,0.826086956521739
Curl,distance,3,23,1,AP_ALS-PCI,0.826086956521739
Curl,distance,3,23,1,Default,0.8333333333333333
Curl,distance,3,23,1,MDAP_MF-DF-ALS-PCI,0.8181818181818182
Curl,distance,3,23,1,MDA_MF-DF-ALS,0.8181818181818182
Curl,distance,3,23,1,MDP_MF-DF-PCI,0.8181818181818182
Curl,distance,3,23,1,MD_MF-DF,0.8181818181818182
Curl,distance,3,23,1,PCI,0.8333333333333333
Curl,distance,3,23,2,ALS,0.6427615062761505
Curl,distance,3,23,2,AP_ALS-PCI,0.6306493506493506
Curl,distance,3,23,2,Default,0.653740458015267
Curl,distance,3,23,2,MDAP_MF-DF-ALS-PCI,0.6317050691244239
Curl,distance,3,23,2,MDA_MF-DF-ALS,0.6317050691244239
Curl,distance,3,23,2,MDP_MF-DF-PCI,0.6317050691244239
Curl,distance,3,23,2,MD_MF-DF,0.6317050691244239
Curl,distance,3,23,2,PCI,0.64936
Curl,distance,3,23,3,ALS,0.45062668463611855
Curl,distance,3,23,3,AP_ALS-PCI,0.43267751479289934
Curl,distance,3,23,3,Default,0.4643238537434706
Curl,distance,3,23,3,MDAP_MF-DF-ALS-PCI,0.43835043409629043
Curl,distance,3,23,3,MDA_MF-DF-ALS,0.43835043409629043
Curl,distance,3,23,3,MDP_MF-DF-PCI,0.43835043409629043
Curl,distance,3,23,3,MD_MF-DF,0.43835043409629043
Curl,distance,3,23,3,PCI,0.46217821782178214
Curl,random,1,3,1,ALS,0.7426086956521739
Curl,random,1,3,1,AP_ALS-PCI,0.7426086956521739
Curl,random,1,3,1,Default,0.7425
Curl,random,1,3,1,MDAP_MF-DF-ALS-PCI,0.7363636363636362
Curl,random,1,3,1,MDA_MF-DF-ALS,0.7363636363636362
Curl,random,1,3,1,MDP_MF-DF-PCI,0.7363636363636362
Curl,random,1,3,1,MD_MF-DF,0.7363636363636362
Curl,random,1,3,1,PCI,0.7425
Curl,random,1,3,2,ALS,0.44405857740585764
Curl,random,1,3,2,AP_ALS-PCI,0.4378787878787878
Curl,random,1,3,2,Default,0.43980916030534345
Curl,random,1,3,2,MDAP_MF-DF-ALS-PCI,0.4370967741935483
Curl,random,1,3,2,MDA_MF-DF-ALS,0.4370967741935483
Curl,random,1,3,2,MDP_MF-DF-PCI,0.4370967741935483
Curl,random,1,3,2,MD_MF-DF,0.4370967741935483
Curl,random,1,3,2,PCI,0.43912
Curl,random,1,3,3,ALS,0.23688679245283015
Curl,random,1,3,3,AP_ALS-PCI,0.23036982248520704
Curl,random,1,3,3,Default,0.2316773070226349
Curl,random,1,3,3,MDAP_MF-DF-ALS-PCI,0.23183898973954217
Curl,random,1,3,3,MDA_MF-DF-ALS,0.23183898973954217
Curl,random,1,3,3,MDP_MF-DF-PCI,0.23183898973954217
Curl,random,1,3,3,MD_MF-DF,0.23183898973954217
Curl,random,1,3,3,PCI,0.23371617161716166
Curl,random,2,9,1,ALS,0.8234782608695652
Curl,random,2,9,1,AP_ALS-PCI,0.8234782608695652
Curl,random,2,9,1,Default,0.8295833333333333
Curl,random,2,9,1,MDAP_MF-DF-ALS-PCI,0.8154545454545454
Curl,random,2,9,1,MDA_MF-DF-ALS,0.8154545454545454
Curl,random,2,9,1,MDP_MF-DF-PCI,0.8154545454545454
Curl,random,2,9,1,MD_MF-DF,0.8154545454545454
Curl,random,2,9,1,PCI,0.8295833333333333
Curl,random,2,9,2,ALS,0.6406694560669456
Curl,random,2,9,2,AP_ALS-PCI,0.6306493506493506
Curl,random,2,9,2,Default,0.6419847328244275
Curl,random,2,9,2,MDAP_MF-DF-ALS-PCI,0.6277880184331797
Curl,random,2,9,2,MDA_MF-DF-ALS,0.6277880184331797
Curl,random,2,9,2,MDP_MF-DF-PCI,0.6277880184331797
Curl,random,2,9,2,MD_MF-DF,0.6277880184331797
Curl,random,2,9,2,PCI,0.63964
Curl,random,2,9,3,ALS,0.43468328840970344
Curl,random,2,9,3,AP_ALS-PCI,0.4205695266272189
Curl,random,2,9,3,Default,0.4290887986070806
Curl,random,2,9,3,MDAP_MF-DF-ALS-PCI,0.4226519337016574
Curl,random,2,9,3,MDA_MF-DF-ALS,0.4226519337016574
Curl,random,2,9,3,MDP_MF-DF-PCI,0.4226519337016574
Curl,random,2,9,3,MD_MF-DF,0.4226519337016574
Curl,random,2,9,3,PCI,0.4304356435643564
Curl,random,3,23,1,ALS,0.826086956521739
Curl,random,3,23,1,AP_ALS-PCI,0.826086956521739
Curl,random,3,23,1,Default,0.8333333333333333
Curl,random,3,23,1,MDAP_MF-DF-ALS-PCI,0.8181818181818182
Curl,random,3,23,1,MDA_MF-DF-ALS,0.8181818181818182
Curl,random,3,23,1,MDP_MF-DF-PCI,0.8181818181818182
Curl,random,3,23,1,MD_MF-DF,0.8181818181818182
Curl,random,3,23,1,PCI,0.8333333333333333
Curl,random,3,23,2,ALS,0.6808368200836818
Curl,random,3,23,2,AP_ALS-PCI,0.6698268398268398
Curl,random,3,23,2,Default,0.6890458015267176
Curl,random,3,23,2,MDAP_MF-DF-ALS-PCI,0.6670046082949308
Curl,random,3,23,2,MDA_MF-DF-ALS,0.6670046082949308
Curl,random,3,23,2,MDP_MF-DF-PCI,0.6670046082949308
Curl,random,3,23,2,MD_MF-DF,0.6670046082949308
Curl,random,3,23,2,PCI,0.68624
Curl,random,3,23,3,ALS,0.5425269541778975
Curl,random,3,23,3,AP_ALS-PCI,0.5229585798816568
Curl,random,3,23,3,Default,0.5442426001160766
Curl,random,3,23,3,MDAP_MF-DF-ALS-PCI,0.5246093133385951
Curl,random,3,23,3,MDA_MF-DF-ALS,0.5246093133385951
Curl,random,3,23,3,MDP_MF-DF-PCI,0.5246093133385951
Curl,random,3,23,3,MD_MF-DF,0.5246093133385951
Curl,random,3,23,3,PCI,0.5442574257425742
Curl,solver,1,3,1,ALS,0.5434782608695651
Curl,solver,1,3,1,AP_ALS-PCI,0.5434782608695651
Curl,solver,1,3,1,Default,0.5291666666666667
Curl,solver,1,3,1,MDAP_MF-DF-ALS-PCI,0.5454545454545454
Curl,solver,1,3,1,MDA_MF-DF-ALS,0.5454545454545454
Curl,solver,1,3,1,MDP_MF-DF-PCI,0.5454545454545454
Curl,solver,1,3,1,MD_MF-DF,0.5454545454545454
Curl,solver,1,3,1,PCI,0.5291666666666667
Curl,solver,1,3,2,ALS,0.28870292887029286
Curl,solver,1,3,2,AP_ALS-PCI,0.28679653679653677
Curl,solver,1,3,2,Default,0.27309160305343505
Curl,solver,1,3,2,MDAP_MF-DF-ALS-PCI,0.2903225806451613
Curl,solver,1,3,2,MDA_MF-DF-ALS,0.2903225806451613
Curl,solver,1,3,2,MDP_MF-DF-PCI,0.2903225806451613
Curl,solver,1,3,2,MD_MF-DF,0.2903225806451613
Curl,solver,1,3,2,PCI,0.2746
Curl,solver,1,3,3,ALS,0.15060646900269542
Curl,solver,1,3,3,AP_ALS-PCI,0.14872781065088753
Curl,solver,1,3,3,Default,0.13807312826465465
Curl,solver,1,3,3,MDAP_MF-DF-ALS-PCI,0.1515390686661405
Curl,solver,1,3,3,MDA_MF-DF-ALS,0.1515390686661405
Curl,solver,1,3,3,MDP_MF-DF-PCI,0.1515390686661405
Curl,solver,1,3,3,MD_MF-DF,0.1515390686661405
Curl,solver,1,3,3,PCI,0.141042904290429
Curl,solver,2,9,1,ALS,0.8043478260869565
Curl,solver,2,9,1,AP_ALS-PCI,0.8043478260869565
Curl,solver,2,9,1,Default,0.79
Curl,solver,2,9,1,MDAP_MF-DF-ALS-PCI,0.8181818181818182
Curl,solver,2,9,1,MDA_MF-DF-ALS,0.8181818181818182
Curl,solver,2,9,1,MDP_MF-DF-PCI,0.8181818181818182
Curl,solver,2,9,1,MD_MF-DF,0.8181818181818182
Curl,solver,2,9,1,PCI,0.79
Curl,solver,2,9,2,ALS,0.5271966527196653
Curl,solver,2,9,2,AP_ALS-PCI,0.5281385281385281
Curl,solver,2,9,2,Default,0.5046946564885496
Curl,solver,2,9,2,MDAP_MF-DF-ALS-PCI,0.5391705069124423
Curl,solver,2,9,2,MDA_MF-DF-ALS,0.5391705069124423
Curl,solver,2,9,2,MDP_MF-DF-PCI,0.5391705069124423
Curl,solver,2,9,2,MD_MF-DF,0.5391705069124423
Curl,solver,2,9,2,PCI,0.512
Curl,solver,2,9,3,ALS,0.31435309973045816
Curl,solver,2,9,3,AP_ALS-PCI,0.3147633136094674
Curl,solver,2,9,3,Default,0.29201973302379564
Curl,solver,2,9,3,MDAP_MF-DF-ALS-PCI,0.32202052091554845
Curl,solver,2,9,3,MDA_MF-DF-ALS,0.32202052091554845
Curl,solver,2,9,3,MDP_MF-DF-PCI,0.32202052091554845
Curl,solver,2,9,3,MD_MF-DF,0.32202052091554845
Curl,solver,2,9,3,PCI,0.30287788778877883
Curl,solver,3,23,1,ALS,0.826086956521739
Curl,solver,3,23,1,AP_ALS-PCI,0.826086956521739
Curl,solver,3,23,1,Default,0.8108333333333333
Curl,solver,3,23,1,MDAP_MF-DF-ALS-PCI,0.8181818181818182
Curl,solver,3,23,1,MDA_MF-DF-ALS,0.8181818181818182
Curl,solver,3,23,1,MDP_MF-DF-PCI,0.8181818181818182
Curl,solver,3,23,1,MD_MF-DF,0.8181818181818182
Curl,solver,3,23,1,PCI,0.8108333333333333
Curl,solver,3,23,2,ALS,0.6594142259414225
Curl,solver,3,23,2,AP_ALS-PCI,0.6486580086580086
Curl,solver,3,23,2,Default,0.6319465648854962
Curl,solver,3,23,2,MDAP_MF-DF-ALS-PCI,0.6479262672811059
Curl,solver,3,23,2,MDA_MF-DF-ALS,0.6479262672811059
Curl,solver,3,23,2,MDP_MF-DF-PCI,0.6479262672811059
Curl,solver,3,23,2,MD_MF-DF,0.6479262672811059
Curl,solver,3,23,2,PCI,0.6295999999999999
Curl,solver,3,23,3,ALS,0.47671832884097026
Curl,solver,3,23,3,AP_ALS-PCI,0.46121301775147927
Curl,solver,3,23,3,Default,0.4442251886244922
Curl,solver,3,23,3,MDAP_MF-DF-ALS-PCI,0.4648776637726913
Curl,solver,3,23,3,MDA_MF-DF-ALS,0.4648776637726913
Curl,solver,3,23,3,MDP_MF-DF-PCI,0.4648776637726913
Curl,solver,3,23,3,MD_MF-DF,0.4648776637726913
Curl,solver,3,23,3,PCI,0.4454125412541254
Dune,distance,1,8,1,ALS,0.5686274509803921
Dune,distance,1,8,1,AP_ALS-PCI,0.5686274509803921
Dune,distance,1,8,1,Default,0.5344827586206896
Dune,distance,1,8,1,MDAP_MF-DF-ALS-PCI,0.56
Dune,distance,1,8,1,MDA_MF-DF-ALS,0.56
Dune,distance,1,8,1,MDP_MF-DF-PCI,0.5576923076923077
Dune,distance,1,8,1,MD_MF-DF,0.5576923076923077
Dune,distance,1,8,1,PCI,0.5344827586206896
Dune,distance,1,8,2,ALS,0.33305227655986497
Dune,distance,1,8,2,AP_ALS-PCI,0.33305227655986497
Dune,distance,1,8,2,Default,0.2889173606662395
Dune,distance,1,8,2,MDAP_MF-DF-ALS-PCI,0.3230633802816902
Dune,distance,1,8,2,MDA_MF-DF-ALS,0.3230633802816902
Dune,distance,1,8,2,MDP_MF-DF-PCI,0.3192868719611021
Dune,distance,1,8,2,MD_MF-DF,0.3192868719611021
Dune,distance,1,8,2,PCI,0.2941176470588235
Dune,distance,1,8,3,ALS,0.2005121486422105
Dune,distance,1,8,3,AP_ALS-PCI,0.2005121486422105
Dune,distance,1,8,3,Default,0.1575894914733446
Dune,distance,1,8,3,MDAP_MF-DF-ALS-PCI,0.1916198262646908
Dune,distance,1,8,3,MDA_MF-DF-ALS,0.1916198262646908
Dune,distance,1,8,3,MDP_MF-DF-PCI,0.1873037236428891
Dune,distance,1,8,3,MD_MF-DF,0.1873037236428891
Dune,distance,1,8,3,PCI,0.1664216887146823
Dune,distance,2,49,1,ALS,0.6666666666666665
Dune,distance,2,49,1,AP_ALS-PCI,0.6666666666666665
Dune,distance,2,49,1,Default,0.6551724137931035
Dune,distance,2,49,1,MDAP_MF-DF-ALS-PCI,0.66
Dune,distance,2,49,1,MDA_MF-DF-ALS,0.66
Dune,distance,2,49,1,MDP_MF-DF-PCI,0.6538461538461539
Dune,distance,2,49,1,MD_MF-DF,0.6538461538461539
Dune,distance,2,49,1,PCI,0.6551724137931035
Dune,distance,2,49,2,ALS,0.4443507588532883
Dune,distance,2,49,2,AP_ALS-PCI,0.4443507588532883
Dune,distance,2,49,2,Default,0.42152466367713
Dune,distance,2,49,2,MDAP_MF-DF-ALS-PCI,0.4348591549295774
Dune,distance,2,49,2,MDA_MF-DF-ALS,0.4348591549295774
Dune,distance,2,49,2,MDP_MF-DF-PCI,0.426256077795786
Dune,distance,2,49,2,MD_MF-DF,0.426256077795786
Dune,distance,2,49,2,PCI,0.426797385620915
Dune,distance,2,49,3,ALS,0.2983563601715102
Dune,distance,2,49,3,AP_ALS-PCI,0.2983563601715102
Dune,distance,2,49,3,Default,0.2683976033184821
Dune,distance,2,49,3,MDAP_MF-DF-ALS-PCI,0.2884517118037813
Dune,distance,2,49,3,MDA_MF-DF-ALS,0.2884517118037813
Dune,distance,2,49,3,MDP_MF-DF-PCI,0.2792171377299237
Dune,distance,2,49,3,MD_MF-DF,0.2792171377299237
Dune,distance,2,49,3,PCI,0.2789073983341499
Dune,distance,3,291,1,ALS,0.7647058823529411
Dune,distance,3,291,1,AP_ALS-PCI,0.7647058823529411
Dune,distance,3,291,1,Default,0.7586206896551723
Dune,distance,3,291,1,MDAP_MF-DF-ALS-PCI,0.76
Dune,distance,3,291,1,MDA_MF-DF-ALS,0.76
Dune,distance,3,291,1,MDP_MF-DF-PCI,0.75
Dune,distance,3,291,1,MD_MF-DF,0.75
Dune,distance,3,291,1,PCI,0.7586206896551723
Dune,distance,3,291,2,ALS,0.5801011804384486
Dune,distance,3,291,2,AP_ALS-PCI,0.5801011804384486
Dune,distance,3,291,2,Default,0.5618193465727098
Dune,distance,3,291,2,MDAP_MF-DF-ALS-PCI,0.5721830985915493
Dune,distance,3,291,2,MDA_MF-DF-ALS,0.5721830985915493
Dune,distance,3,291,2,MDP_MF-DF-PCI,0.5567260940032414
Dune,distance,3,291,2,MD_MF-DF,0.5567260940032414
Dune,distance,3,291,2,PCI,0.5686274509803921
Dune,distance,3,291,3,ALS,0.437767984754645
Dune,distance,3,291,3,AP_ALS-PCI,0.437767984754645
Dune,distance,3,291,3,Default,0.4071669995390997
Dune,distance,3,291,3,MDAP_MF-DF-ALS-PCI,0.4280148185998979
Dune,distance,3,291,3,MDA_MF-DF-ALS,0.4280148185998979
Dune,distance,3,291,3,MDP_MF-DF-PCI,0.4102175863615971
Dune,distance,3,291,3,MD_MF-DF,0.4102175863615971
Dune,distance,3,291,3,PCI,0.4223828188796341
Dune,random,1,8,1,ALS,0.7917647058823529
Dune,random,1,8,1,AP_ALS-PCI,0.7917647058823529
Dune,random,1,8,1,Default,0.7827586206896551
Dune,random,1,8,1,MDAP_MF-DF-ALS-PCI,0.7876000000000001
Dune,random,1,8,1,MDA_MF-DF-ALS,0.7876000000000001
Dune,random,1,8,1,MDP_MF-DF-PCI,0.7765384615384615
Dune,random,1,8,1,MD_MF-DF,0.7765384615384615
Dune,random,1,8,1,PCI,0.7827586206896551
Dune,random,1,8,2,ALS,0.5636846543001686
Dune,random,1,8,2,AP_ALS-PCI,0.5636846543001686
Dune,random,1,8,2,Default,0.5330172966047405
Dune,random,1,8,2,MDAP_MF-DF-ALS-PCI,0.5538292253521127
Dune,random,1,8,2,MDA_MF-DF-ALS,0.5538292253521127
Dune,random,1,8,2,MDP_MF-DF-PCI,0.5409562398703404
Dune,random,1,8,2,MD_MF-DF,0.5409562398703404
Dune,random,1,8,2,PCI,0.5391633986928104
Dune,random,1,8,3,ALS,0.38411922343973315
Dune,random,1,8,3,AP_ALS-PCI,0.38411922343973315
Dune,random,1,8,3,Default,0.33995237363650327
Dune,random,1,8,3,MDAP_MF-DF-ALS-PCI,0.37180505876341335
Dune,random,1,8,3,MDA_MF-DF-ALS,0.37180505876341335
Dune,random,1,8,3,MDP_MF-DF-PCI,0.35992092866756387
Dune,random,1,8,3,MD_MF-DF,0.35992092866756387
Dune,random,1,8,3,PCI,0.35274579454515753
Dune,random,2,49,1,ALS,0.8823529411764705
Dune,random,2,49,1,AP_ALS-PCI,0.8823529411764705
Dune,random,2,49,1,Default,0.8793103448275861
Dune,random,2,49,1,MDAP_MF-DF-ALS-PCI,0.88
Dune,random,2,49,1,MDA_MF-DF-ALS,0.88
Dune,random,2,49,1,MDP_MF-DF-PCI,0.8653846153846154
Dune,random,2,49,1,MD_MF-DF,0.8653846153846154
Dune,random,2,49,1,PCI,0.8793103448275861
Dune,random,2,49,2,ALS,0.7372091062394602
Dune,random,2,49,2,AP_ALS-PCI,0.7372091062394602
Dune,random,2,49,2,Default,0.7181614349775785
Dune,random,2,49,2,MDAP_MF-DF-ALS-PCI,0.7309242957746478
Dune,random,2,49,2,MDA_MF-DF-ALS,0.7309242957746478
Dune,random,2,49,2,MDP_MF-DF-PCI,0.7077228525121555
Dune,random,2,49,2,MD_MF-DF,0.7077228525121555
Dune,random,2,49,2,PCI,0.7268300653594771
Dune,random,2,49,3,ALS,0.5859915435921867
Dune,random,2,49,3,AP_ALS-PCI,0.5859915435921867
Dune,random,2,49,3,Default,0.5451025503149485
Dune,random,2,49,3,MDAP_MF-DF-ALS-PCI,0.5754752171691364
Dune,random,2,49,3,MDA_MF-DF-ALS,0.5754752171691364
Dune,random,2,49,3,MDP_MF-DF-PCI,0.5494795872588605
Dune,random,2,49,3,MD_MF-DF,0.5494795872588605
Dune,random,2,49,3,PCI,0.5649812183570144
Dune,random,3,291,1,ALS,0.8823529411764705
Dune,random,3,291,1,AP_ALS-PCI,0.8823529411764705
Dune,random,3,291,1,Default,0.8793103448275861
Dune,random,3,291,1,MDAP_MF-DF-ALS-PCI,0.88
Dune,random,3,291,1,MDA_MF-DF-ALS,0.88
Dune,random,3,291,1,MDP_MF-DF-PCI,0.8653846153846154
Dune,random,3,291,1,MD_MF-DF,0.8653846153846154
Dune,random,3,291,1,PCI,0.8793103448275861
Dune,random,3,291,2,ALS,0.768052276559865
Dune,random,3,291,2,AP_ALS-PCI,0.768052276559865
Dune,random,3,291,2,Default,0.7519923126201153
Dune,random,3,291,2,MDAP_MF-DF-ALS-PCI,0.763125
Dune,random,3,291,2,MDA_MF-DF-ALS,0.763125
Dune,random,3,291,2,MDP_MF-DF-PCI,0.7373662884927067
Dune,random,3,291,2,MD_MF-DF,0.7373662884927067
Dune,random,3,291,2,PCI,0.761346405228758
Dune,random,3,291,3,ALS,0.6541674606955692
Dune,random,3,291,3,AP_ALS-PCI,0.6541674606955692
Dune,random,3,291,3,Default,0.619238746351206
Dune,random,3,291,3,MDAP_MF-DF-ALS-PCI,0.6462614971895758
Dune,random,3,291,3,MDA_MF-DF-ALS,0.6462614971895758
Dune,random,3,291,3,MDP_MF-DF-PCI,0.613659712875729
Dune,random,3,291,3,MD_MF-DF,0.613659712875729
Dune,random,3,291,3,PCI,0.6425200065327453
Dune,solver,1,8,1,ALS,0.6517647058823529
Dune,solver,1,8,1,AP_ALS-PCI,0.6517647058823529
Dune,solver,1,8,1,Default,0.6401724137931033
Dune,solver,1,8,1,MDAP_MF-DF-ALS-PCI,0.6448
Dune,solver,1,8,1,MDA_MF-DF-ALS,0.6448
Dune,solver,1,8,1,MDP_MF-DF-PCI,0.6392307692307692
Dune,solver,1,8,1,MD_MF-DF,0.6392307692307692
Dune,solver,1,8,1,PCI,0.6401724137931033
Dune,solver,1,8,2,ALS,0.41832209106239454
Dune,solver,1,8,2,AP_ALS-PCI,0.41832209106239454
Dune,solver,1,8,2,Default,0.3953875720691864
Dune,solver,1,8,2,MDAP_MF-DF-ALS-PCI,0.40835387323943656
Dune,solver,1,8,2,MDA_MF-DF-ALS,0.40835387323943656
Dune,solver,1,8,2,MDP_MF-DF-PCI,0.4012398703403565
Dune,solver,1,8,2,MD_MF-DF,0.4012398703403565
Dune,solver,1,8,2,PCI,0.3997712418300653
Dune,solver,1,8,3,ALS,0.26819199618866124
Dune,solver,1,8,3,AP_ALS-PCI,0.26819199618866124
Dune,solver,1,8,3,Default,0.23985212782301424
Dune,solver,1,8,3,MDAP_MF-DF-ALS-PCI,0.2580218446601941
Dune,solver,1,8,3,MDA_MF-DF-ALS,0.2580218446601941
Dune,solver,1,8,3,MDP_MF-DF-PCI,0.25103017048003584
Dune,solver,1,8,3,MD_MF-DF,0.25103017048003584
Dune,solver,1,8,3,PCI,0.2482749469214437
Dune,solver,2,49,1,ALS,0.7962745098039216
Dune,solver,2,49,1,AP_ALS-PCI,0.7962745098039216
Dune,solver,2,49,1,Default,0.7893103448275862
Dune,solver,2,49,1,MDAP_MF-DF-ALS-PCI,0.7922
Dune,solver,2,49,1,MDA_MF-DF-ALS,0.7922
Dune,solver,2,49,1,MDP_MF-DF-PCI,0.7809615384615384
Dune,solver,2,49,1,MD_MF-DF,0.7809615384615384
Dune,solver,2,49,1,PCI,0.7893103448275862
Dune,solver,2,49,2,ALS,0.604654300168634
Dune,solver,2,49,2,AP_ALS-PCI,0.604654300168634
Dune,solver,2,49,2,Default,0.5818770019218449
Dune,solver,2,49,2,MDAP_MF-DF-ALS-PCI,0.5963996478873239
Dune,solver,2,49,2,MDA_MF-DF-ALS,0.5963996478873239
Dune,solver,2,49,2,MDP_MF-DF-PCI,0.5803241491085899
Dune,solver,2,49,2,MD_MF-DF,0.5803241491085899
Dune,solver,2,49,2,PCI,0.5885816993464051
Dune,solver,2,49,3,ALS,0.44725940924249635
Dune,solver,2,49,3,AP_ALS-PCI,0.44725940924249635
Dune,solver,2,49,3,Default,0.40948648025810414
Dune,solver,2,49,3,MDAP_MF-DF-ALS-PCI,0.4364377874297394
Dune,solver,2,49,3,MDA_MF-DF-ALS,0.4364377874297394
Dune,solver,2,49,3,MDP_MF-DF-PCI,0.41911563481381786
Dune,solver,2,49,3,MD_MF-DF,0.41911563481381786
Dune,solver,2,49,3,PCI,0.42402621264086227
Dune,solver,3,291,1,ALS,0.8823529411764705
Dune,solver,3,291,1,AP_ALS-PCI,0.8823529411764705
Dune,solver,3,291,1,Default,0.8793103448275861
Dune,solver,3,291,1,MDAP_MF-DF-ALS-PCI,0.88
Dune,solver,3,291,1,MDA_MF-DF-ALS,0.88
Dune,solver,3,291,1,MDP_MF-DF-PCI,0.8653846153846154
Dune,solver,3,291,1,MD_MF-DF,0.8653846153846154
Dune,solver,3,291,1,PCI,0.8793103448275861
Dune,solver,3,291,2,ALS,0.7567200674536255
Dune,solver,3,291,2,AP_ALS-PCI,0.7567200674536255
Dune,solver,3,291,2,Default,0.7401345291479821
Dune,solver,3,291,2,MDAP_MF-DF-ALS-PCI,0.751294014084507
Dune,solver,3,291,2,MDA_MF-DF-ALS,0.751294014084507
Dune,solver,3,291,2,MDP_MF-DF-PCI,0.7264748784440842
Dune,solver,3,291,2,MD_MF-DF,0.7264748784440842
Dune,solver,3,291,2,PCI,0.7492483660130718
Dune,solver,3,291,3,ALS,0.627501786565031
Dune,solver,3,291,3,AP_ALS-PCI,0.627501786565031
Dune,solver,3,291,3,Default,0.5914599016746043
Dune,solver,3,291,3,MDAP_MF-DF-ALS-PCI,0.6185194174757281
Dune,solver,3,291,3,MDA_MF-DF-ALS,0.6185194174757281
Dune,solver,3,291,3,MDP_MF-DF-PCI,0.5885587707492149
Dune,solver,3,291,3,MD_MF-DF,0.5885587707492149
Dune,solver,3,291,3,PCI,0.6133749795851706
HSMGP,distance,1,8,1,ALS,0.5818181818181817
HSMGP,distance,1,8,1,AP_ALS-PCI,0.5818181818181817
HSMGP,distance,1,8,1,Default,0.5666666666666667
HSMGP,distance,1,8,1,MDAP_MF-DF-ALS-PCI,0.574074074074074
HSMGP,distance,1,8,1,MDA_MF-DF-ALS,0.574074074074074
HSMGP,distance,1,8,1,MDP_MF-DF-PCI,0.574074074074074
HSMGP,distance,1,8,1,MD_MF-DF,0.574074074074074
HSMGP,distance,1,8,1,PCI,0.5666666666666667
HSMGP,distance,1,8,2,ALS,0.3443565780014378
HSMGP,distance,1,8,2,AP_ALS-PCI,0.3443565780014378
HSMGP,distance,1,8,2,Default,0.3192124105011933
HSMGP,distance,1,8,2,MDAP_MF-DF-ALS-PCI,0.33507853403141363
HSMGP,distance,1,8,2,MDA_MF-DF-ALS,0.33507853403141363
HSMGP,distance,1,8,2,MDP_MF-DF-PCI,0.33507853403141363
HSMGP,distance,1,8,2,MD_MF-DF,0.33507853403141363
HSMGP,distance,1,8,2,PCI,0.3236009732360097
HSMGP,distance,1,8,3,ALS,0.20752269779507132
HSMGP,distance,1,8,3,AP_ALS-PCI,0.20752269779507132
HSMGP,distance,1,8,3,Default,0.1795691165859189
HSMGP,distance,1,8,3,MDAP_MF-DF-ALS-PCI,0.1991012789491876
HSMGP,distance,1,8,3,MDA_MF-DF-ALS,0.1991012789491876
HSMGP,distance,1,8,3,MDP_MF-DF-PCI,0.1991012789491876
HSMGP,distance,1,8,3,MD_MF-DF,0.1991012789491876
HSMGP,distance,1,8,3,PCI,0.187465840772454
HSMGP,distance,2,49,1,ALS,0.7090909090909091
HSMGP,distance,2,49,1,AP_ALS-PCI,0.7090909090909091
HSMGP,distance,2,49,1,Default,0.6833333333333332
HSMGP,distance,2,49,1,MDAP_MF-DF-ALS-PCI,0.7037037037037037
HSMGP,distance,2,49,1,MDA_MF-DF-ALS,0.7037037037037037
HSMGP,distance,2,49,1,MDP_MF-DF-PCI,0.7037037037037037
HSMGP,distance,2,49,1,MD_MF-DF,0.7037037037037037
HSMGP,distance,2,49,1,PCI,0.6833333333333332
HSMGP,distance,2,49,2,ALS,0.4946081955427749
HSMGP,distance,2,49,2,AP_ALS-PCI,0.4946081955427749
HSMGP,distance,2,49,2,Default,0.4504773269689737
HSMGP,distance,2,49,2,MDAP_MF-DF-ALS-PCI,0.4861630516080777
HSMGP,distance,2,49,2,MDA_MF-DF-ALS,0.4861630516080777
HSMGP,distance,2,49,2,MDP_MF-DF-PCI,0.4861630516080777
HSMGP,distance,2,49,2,MD_MF-DF,0.4861630516080777
HSMGP,distance,2,49,2,PCI,0.4574209245742092
HSMGP,distance,2,49,3,ALS,0.3415786548082268
HSMGP,distance,2,49,3,AP_ALS-PCI,0.3415786548082268
HSMGP,distance,2,49,3,Default,0.2886643988592241
HSMGP,distance,2,49,3,MDAP_MF-DF-ALS-PCI,0.3320329860253814
HSMGP,distance,2,49,3,MDA_MF-DF-ALS,0.3320329860253814
HSMGP,distance,2,49,3,MDP_MF-DF-PCI,0.3320329860253814
HSMGP,distance,2,49,3,MD_MF-DF,0.3320329860253814
HSMGP,distance,2,49,3,PCI,0.3026416469302241
HSMGP,distance,3,291,1,ALS,0.8363636363636363
HSMGP,distance,3,291,1,AP_ALS-PCI,0.8363636363636363
HSMGP,distance,3,291,1,Default,0.8333333333333333
HSMGP,distance,3,291,1,MDAP_MF-DF-ALS-PCI,0.8333333333333333
HSMGP,distance,3,291,1,MDA_MF-DF-ALS,0.8333333333333333
HSMGP,distance,3,291,1,MDP_MF-DF-PCI,0.8333333333333333
HSMGP,distance,3,291,1,MD_MF-DF,0.8333333333333333
HSMGP,distance,3,291,1,PCI,0.8333333333333333
HSMGP,distance,3,291,2,ALS,0.6556434219985622
HSMGP,distance,3,291,2,AP_ALS-PCI,0.6556434219985622
HSMGP,distance,3,291,2,Default,0.6312649164677803
HSMGP,distance,3,291,2,MDAP_MF-DF-ALS-PCI,0.6484667165295438
HSMGP,distance,3,291,2,MDA_MF-DF-ALS,0.6484667165295438
HSMGP,distance,3,291,2,MDP_MF-DF-PCI,0.6484667165295438
HSMGP,distance,3,291,2,MD_MF-DF,0.6484667165295438
HSMGP,distance,3,291,2,PCI,0.639294403892944
HSMGP,distance,3,291,3,ALS,0.4982397628312025
HSMGP,distance,3,291,3,AP_ALS-PCI,0.4982397628312025
HSMGP,distance,3,291,3,Default,0.4539394564134281
HSMGP,distance,3,291,3,MDAP_MF-DF-ALS-PCI,0.48832156436719176
HSMGP,distance,3,291,3,MDA_MF-DF-ALS,0.48832156436719176
HSMGP,distance,3,291,3,MDP_MF-DF-PCI,0.48832156436719176
HSMGP,distance,3,291,3,MD_MF-DF,0.48832156436719176
HSMGP,distance,3,291,3,PCI,0.4726179631991256
HSMGP,random,1,8,1,ALS,0.7898181818181819
HSMGP,random,1,8,1,AP_ALS-PCI,0.7898181818181819
HSMGP,random,1,8,1,Default,0.7905
HSMGP,random,1,8,1,MDAP_MF-DF-ALS-PCI,0.7859259259259258
HSMGP,random,1,8,1,MDA_MF-DF-ALS,0.7859259259259258
HSMGP,random,1,8,1,MDP_MF-DF-PCI,0.7859259259259258
HSMGP,random,1,8,1,MD_MF-DF,0.7859259259259258
HSMGP,random,1,8,1,PCI,0.7905
HSMGP,random,1,8,2,ALS,0.5606038820992092
HSMGP,random,1,8,2,AP_ALS-PCI,0.5606038820992092
HSMGP,random,1,8,2,Default,0.5406801909307876
HSMGP,random,1,8,2,MDAP_MF-DF-ALS-PCI,0.5515033657442033
HSMGP,random,1,8,2,MDA_MF-DF-ALS,0.5515033657442033
HSMGP,random,1,8,2,MDP_MF-DF-PCI,0.5515033657442033
HSMGP,random,1,8,2,MD_MF-DF,0.5515033657442033
HSMGP,random,1,8,2,PCI,0.5468369829683698
HSMGP,random,1,8,3,ALS,0.37923383361126545
HSMGP,random,1,8,3,AP_ALS-PCI,0.37923383361126545
HSMGP,random,1,8,3,Default,0.3449001821118097
HSMGP,random,1,8,3,MDAP_MF-DF-ALS-PCI,0.36786035257518146
HSMGP,random,1,8,3,MDA_MF-DF-ALS,0.36786035257518146
HSMGP,random,1,8,3,MDP_MF-DF-PCI,0.36786035257518146
HSMGP,random,1,8,3,MD_MF-DF,0.36786035257518146
HSMGP,random,1,8,3,PCI,0.3577351065767899
HSMGP,random,2,49,1,ALS,0.8727272727272726
HSMGP,random,2,49,1,AP_ALS-PCI,0.8727272727272726
HSMGP,random,2,49,1,Default,0.8833333333333333
HSMGP,random,2,49,1,MDAP_MF-DF-ALS-PCI,0.8703703703703703
HSMGP,random,2,49,1,MDA_MF-DF-ALS,0.8703703703703703
HSMGP,random,2,49,1,MDP_MF-DF-PCI,0.8703703703703703
HSMGP,random,2,49,1,MD_MF-DF,0.8703703703703703
HSMGP,random,2,49,1,PCI,0.8833333333333333
HSMGP,random,2,49,2,ALS,0.7281524083393243
HSMGP,random,2,49,2,AP_ALS-PCI,0.7281524083393243
HSMGP,random,2,49,2,Default,0.7298389021479713
HSMGP,random,2,49,2,MDAP_MF-DF-ALS-PCI,0.7224083769633506
HSMGP,random,2,49,2,MDA_MF-DF-ALS,0.7224083769633506
HSMGP,random,2,49,2,MDP_MF-DF-PCI,0.7224083769633506
HSMGP,random,2,49,2,MD_MF-DF,0.7224083769633506
HSMGP,random,2,49,2,PCI,0.7385705596107056
HSMGP,random,2,49,3,ALS,0.5774254215304798
HSMGP,random,2,49,3,AP_ALS-PCI,0.5774254215304798
HSMGP,random,2,49,3,Default,0.5580981342129676
HSMGP,random,2,49,3,MDAP_MF-DF-ALS-PCI,0.567853439336329
HSMGP,random,2,49,3,MDA_MF-DF-ALS,0.567853439336329
HSMGP,random,2,49,3,MDP_MF-DF-PCI,0.567853439336329
HSMGP,random,2,49,3,MD_MF-DF,0.567853439336329
HSMGP,random,2,49,3,PCI,0.5782663508835852
HSMGP,random,3,291,1,ALS,0.8727272727272726
HSMGP,random,3,291,1,AP_ALS-PCI,0.8727272727272726
HSMGP,random,3,291,1,Default,0.8833333333333333
HSMGP,random,3,291,1,MDAP_MF-DF-ALS-PCI,0.8703703703703703
HSMGP,random,3,291,1,MDA_MF-DF-ALS,0.8703703703703703
HSMGP,random,3,291,1,MDP_MF-DF-PCI,0.8703703703703703
HSMGP,random,3,291,1,MD_MF-DF,0.8703703703703703
HSMGP,random,3,291,1,PCI,0.8833333333333333
HSMGP,random,3,291,2,ALS,0.7540258806613948
HSMGP,random,3,291,2,AP_ALS-PCI,0.7540258806613948
HSMGP,random,3,291,2,Default,0.7618257756563246
HSMGP,random,3,291,2,MDAP_MF-DF-ALS-PCI,0.749326851159312
HSMGP,random,3,291,2,MDA_MF-DF-ALS,0.749326851159312
HSMGP,random,3,291,2,MDP_MF-DF-PCI,0.749326851159312
HSMGP,random,3,291,2,MD_MF-DF,0.749326851159312
HSMGP,random,3,291,2,PCI,0.7711800486618005
HSMGP,random,3,291,3,ALS,0.6398401889938854
HSMGP,random,3,291,3,AP_ALS-PCI,0.6398401889938854
HSMGP,random,3,291,3,Default,0.6342816891729375
HSMGP,random,3,291,3,MDAP_MF-DF-ALS-PCI,0.6326117228778826
HSMGP,random,3,291,3,MDA_MF-DF-ALS,0.6326117228778826
HSMGP,random,3,291,3,MDP_MF-DF-PCI,0.6326117228778826
HSMGP,random,3,291,3,MD_MF-DF,0.6326117228778826
HSMGP,random,3,291,3,PCI,0.6578812169794134
HSMGP,solver,1,8,1,ALS,0.6405454545454545
HSMGP,solver,1,8,1,AP_ALS-PCI,0.6405454545454545
HSMGP,solver,1,8,1,Default,0.625
HSMGP,solver,1,8,1,MDAP_MF-DF-ALS-PCI,0.6338888888888888
HSMGP,solver,1,8,1,MDA_MF-DF-ALS,0.6338888888888888
HSMGP,solver,1,8,1,MDP_MF-DF-PCI,0.6338888888888888
HSMGP,solver,1,8,1,MD_MF-DF,0.6338888888888888
HSMGP,solver,1,8,1,PCI,0.625
HSMGP,solver,1,8,2,ALS,0.40733285406182596
HSMGP,solver,1,8,2,AP_ALS-PCI,0.40733285406182596
HSMGP,solver,1,8,2,Default,0.3816109785202863
HSMGP,solver,1,8,2,MDAP_MF-DF-ALS-PCI,0.3981824981301421
HSMGP,solver,1,8,2,MDA_MF-DF-ALS,0.3981824981301421
HSMGP,solver,1,8,2,MDP_MF-DF-PCI,0.3981824981301421
HSMGP,solver,1,8,2,MD_MF-DF,0.3981824981301421
HSMGP,solver,1,8,2,PCI,0.3868187347931873
HSMGP,solver,1,8,3,ALS,0.25842366129331107
HSMGP,solver,1,8,3,AP_ALS-PCI,0.25842366129331107
HSMGP,solver,1,8,3,Default,0.22922963268391572
HSMGP,solver,1,8,3,MDAP_MF-DF-ALS-PCI,0.24919658288479574
HSMGP,solver,1,8,3,MDA_MF-DF-ALS,0.24919658288479574
HSMGP,solver,1,8,3,MDP_MF-DF-PCI,0.24919658288479574
HSMGP,solver,1,8,3,MD_MF-DF,0.24919658288479574
HSMGP,solver,1,8,3,PCI,0.2389218436873747
HSMGP,solver,2,49,1,ALS,0.770909090909091
HSMGP,solver,2,49,1,AP_ALS-PCI,0.770909090909091
HSMGP,solver,2,49,1,Default,0.7651666666666667
HSMGP,solver,2,49,1,MDAP_MF-DF-ALS-PCI,0.7666666666666666
HSMGP,solver,2,49,1,MDA_MF-DF-ALS,0.7666666666666666
HSMGP,solver,2,49,1,MDP_MF-DF-PCI,0.7666666666666666
HSMGP,solver,2,49,1,MD_MF-DF,0.7666666666666666
HSMGP,solver,2,49,1,PCI,0.7651666666666667
HSMGP,solver,2,49,2,ALS,0.5742918763479511
HSMGP,solver,2,49,2,AP_ALS-PCI,0.5742918763479511
HSMGP,solver,2,49,2,Default,0.5531384248210024
HSMGP,solver,2,49,2,MDAP_MF-DF-ALS-PCI,0.5665220643231114
HSMGP,solver,2,49,2,MDA_MF-DF-ALS,0.5665220643231114
HSMGP,solver,2,49,2,MDP_MF-DF-PCI,0.5665220643231114
HSMGP,solver,2,49,2,MD_MF-DF,0.5665220643231114
HSMGP,solver,2,49,2,PCI,0.560243309002433
HSMGP,solver,2,49,3,ALS,0.41715073188808593
HSMGP,solver,2,49,3,AP_ALS-PCI,0.41715073188808593
HSMGP,solver,2,49,3,Default,0.3825773975191561
HSMGP,solver,2,49,3,MDAP_MF-DF-ALS-PCI,0.4072890227643079
HSMGP,solver,2,49,3,MDA_MF-DF-ALS,0.4072890227643079
HSMGP,solver,2,49,3,MDP_MF-DF-PCI,0.4072890227643079
HSMGP,solver,2,49,3,MD_MF-DF,0.4072890227643079
HSMGP,solver,2,49,3,PCI,0.3980295135725997
HSMGP,solver,3,291,1,ALS,0.8703636363636362
HSMGP,solver,3,291,1,AP_ALS-PCI,0.8703636363636362
HSMGP,solver,3,291,1,Default,0.8781666666666667
HSMGP,solver,3,291,1,MDAP_MF-DF-ALS-PCI,0.8679629629629629
HSMGP,solver,3,291,1,MDA_MF-DF-ALS,0.8679629629629629
HSMGP,solver,3,291,1,MDP_MF-DF-PCI,0.8679629629629629
HSMGP,solver,3,291,1,MD_MF-DF,0.8679629629629629
HSMGP,solver,3,291,1,PCI,0.8781666666666667
HSMGP,solver,3,291,2,ALS,0.737469446441409
HSMGP,solver,3,291,2,AP_ALS-PCI,0.737469446441409
HSMGP,solver,3,291,2,Default,0.7370047732696896
HSMGP,solver,3,291,2,MDAP_MF-DF-ALS-PCI,0.7321989528795811
HSMGP,solver,3,291,2,MDA_MF-DF-ALS,0.7321989528795811
HSMGP,solver,3,291,2,MDP_MF-DF-PCI,0.7321989528795811
HSMGP,solver,3,291,2,MD_MF-DF,0.7321989528795811
HSMGP,solver,3,291,2,PCI,0.7460948905109488
HSMGP,solver,3,291,3,ALS,0.6050314989809152
HSMGP,solver,3,291,3,AP_ALS-PCI,0.6050314989809152
HSMGP,solver,3,291,3,Default,0.5858804934199223
HSMGP,solver,3,291,3,MDAP_MF-DF-ALS-PCI,0.5966357216927559
HSMGP,solver,3,291,3,MDA_MF-DF-ALS,0.5966357216927559
HSMGP,solver,3,291,3,MDP_MF-DF-PCI,0.5966357216927559
HSMGP,solver,3,291,3,MD_MF-DF,0.5966357216927559
HSMGP,solver,3,291,3,PCI,0.6078994352341046
HSQLDB,distance,1,3,1,ALS,0.7220689655172413
HSQLDB,distance,1,3,1,AP_ALS-PCI,0.7220689655172413
HSQLDB,distance,1,3,1,Default,0.7233333333333333
HSQLDB,distance,1,3,1,MDAP_MF-DF-ALS-PCI,0.7171428571428571
HSQLDB,distance,1,3,1,MDA_MF-DF-ALS,0.7171428571428571
HSQLDB,distance,1,3,1,MDP_MF-DF-PCI,0.7026666666666666
HSQLDB,distance,1,3,1,MD_MF-DF,0.7026666666666666
HSQLDB,distance,1,3,1,PCI,0.7233333333333333
HSQLDB,distance,1,3,2,ALS,0.4302356020942408
HSQLDB,distance,1,3,2,AP_ALS-PCI,0.430510752688172
HSQLDB,distance,1,3,2,Default,0.4397394789579158
HSQLDB,distance,1,3,2,MDAP_MF-DF-ALS-PCI,0.4252722063037249
HSQLDB,distance,1,3,2,MDA_MF-DF-ALS,0.422683615819209
HSQLDB,distance,1,3,2,MDP_MF-DF-PCI,0.4156857855361596
HSQLDB,distance,1,3,2,MD_MF-DF,0.4135467980295566
HSQLDB,distance,1,3,2,PCI,0.44143153526970946
HSQLDB,distance,1,3,3,ALS,0.2322772277227722
HSQLDB,distance,1,3,3,AP_ALS-PCI,0.23348137535816615
HSQLDB,distance,1,3,3,Default,0.24391994779203824
HSQLDB,distance,1,3,3,MDAP_MF-DF-ALS-PCI,0.23014843749999997
HSQLDB,distance,1,3,3,MDA_MF-DF-ALS,0.22547458893871444
HSQLDB,distance,1,3,3,MDP_MF-DF-PCI,0.22643805309734508
HSQLDB,distance,1,3,3,MD_MF-DF,0.22258211678832113
HSQLDB,distance,1,3,3,PCI,0.24749576988155664
HSQLDB,distance,2,12,1,ALS,0.8551724137931034
HSQLDB,distance,2,12,1,AP_ALS-PCI,0.8551724137931034
HSQLDB,distance,2,12,1,Default,0.8424242424242425
HSQLDB,distance,2,12,1,MDAP_MF-DF-ALS-PCI,0.85
HSQLDB,distance,2,12,1,MDA_MF-DF-ALS,0.85
HSQLDB,distance,2,12,1,MDP_MF-DF-PCI,0.8266666666666665
HSQLDB,distance,2,12,1,MD_MF-DF,0.8266666666666665
HSQLDB,distance,2,12,1,PCI,0.8424242424242425
HSQLDB,distance,2,12,2,ALS,0.641282722513089
HSQLDB,distance,2,12,2,AP_ALS-PCI,0.6403763440860214
HSQLDB,distance,2,12,2,Default,0.6337875751503005
HSQLDB,distance,2,12,2,MDAP_MF-DF-ALS-PCI,0.6305730659025788
HSQLDB,distance,2,12,2,MDA_MF-DF-ALS,0.6271751412429378
HSQLDB,distance,2,12,2,MDP_MF-DF-PCI,0.6009476309226932
HSQLDB,distance,2,12,2,MD_MF-DF,0.5983497536945812
HSQLDB,distance,2,12,2,PCI,0.6341701244813277
HSQLDB,distance,2,12,3,ALS,0.42518481848184814
HSQLDB,distance,2,12,3,AP_ALS-PCI,0.4235709169054441
HSQLDB,distance,2,12,3,Default,0.429541005003263
HSQLDB,distance,2,12,3,MDAP_MF-DF-ALS-PCI,0.41480078125
HSQLDB,distance,2,12,3,MDA_MF-DF-ALS,0.40728325859491776
HSQLDB,distance,2,12,3,MDP_MF-DF-PCI,0.3917730720606826
HSQLDB,distance,2,12,3,MD_MF-DF,0.38610705596107053
HSQLDB,distance,2,12,3,PCI,0.4310273144790911
HSQLDB,distance,3,33,1,ALS,0.8620689655172413
HSQLDB,distance,3,33,1,AP_ALS-PCI,0.8620689655172413
HSQLDB,distance,3,33,1,Default,0.8484848484848484
HSQLDB,distance,3,33,1,MDAP_MF-DF-ALS-PCI,0.8571428571428571
HSQLDB,distance,3,33,1,MDA_MF-DF-ALS,0.8571428571428571
HSQLDB,distance,3,33,1,MDP_MF-DF-PCI,0.8333333333333333
HSQLDB,distance,3,33,1,MD_MF-DF,0.8333333333333333
HSQLDB,distance,3,33,1,PCI,0.8484848484848484
HSQLDB,distance,3,33,2,ALS,0.7023298429319372
HSQLDB,distance,3,33,2,AP_ALS-PCI,0.7024462365591398
HSQLDB,distance,3,33,2,Default,0.6838476953907815
HSQLDB,distance,3,33,2,MDAP_MF-DF-ALS-PCI,0.6943266475644698
HSQLDB,distance,3,33,2,MDA_MF-DF-ALS,0.6901412429378531
HSQLDB,distance,3,33,2,MDP_MF-DF-PCI,0.6566583541147132
HSQLDB,distance,3,33,2,MD_MF-DF,0.6534729064039407
HSQLDB,distance,3,33,2,PCI,0.6851867219917013
HSQLDB,distance,3,33,3,ALS,0.5234521452145214
HSQLDB,distance,3,33,3,AP_ALS-PCI,0.5228689111747851
HSQLDB,distance,3,33,3,Default,0.5122362410267566
HSQLDB,distance,3,33,3,MDAP_MF-DF-ALS-PCI,0.5156249999999999
HSQLDB,distance,3,33,3,MDA_MF-DF-ALS,0.505949177877429
HSQLDB,distance,3,33,3,MDP_MF-DF-PCI,0.47687737041719336
HSQLDB,distance,3,33,3,MD_MF-DF,0.4698144768856447
HSQLDB,distance,3,33,3,PCI,0.5143606478124244
HSQLDB,random,1,3,1,ALS,0.7344827586206896
HSQLDB,random,1,3,1,AP_ALS-PCI,0.7344827586206896
HSQLDB,random,1,3,1,Default,0.7281818181818182
HSQLDB,random,1,3,1,MDAP_MF-DF-ALS-PCI,0.7282142857142857
HSQLDB,random,1,3,1,MDA_MF-DF-ALS,0.7282142857142857
HSQLDB,random,1,3,1,MDP_MF-DF-PCI,0.713
HSQLDB,random,1,3,1,MD_MF-DF,0.713
HSQLDB,random,1,3,1,PCI,0.7281818181818182
HSQLDB,random,1,3,2,ALS,0.4417015706806282
HSQLDB,random,1,3,2,AP_ALS-PCI,0.4420430107526881
HSQLDB,random,1,3,2,Default,0.44124248496993984
HSQLDB,random,1,3,2,MDAP_MF-DF-ALS-PCI,0.43785100286532946
HSQLDB,random,1,3,2,MDA_MF-DF-ALS,0.4345197740112994
HSQLDB,random,1,3,2,MDP_MF-DF-PCI,0.42735660847880297
HSQLDB,random,1,3,2,MD_MF-DF,0.4245812807881773
HSQLDB,random,1,3,2,PCI,0.44215767634854763
HSQLDB,random,1,3,3,ALS,0.23866996699669962
HSQLDB,random,1,3,3,AP_ALS-PCI,0.24015759312320914
HSQLDB,random,1,3,3,Default,0.24247552751794643
HSQLDB,random,1,3,3,MDAP_MF-DF-ALS-PCI,0.2392734375
HSQLDB,random,1,3,3,MDA_MF-DF-ALS,0.23326980568011954
HSQLDB,random,1,3,3,MDP_MF-DF-PCI,0.2348324905183312
HSQLDB,random,1,3,3,MD_MF-DF,0.22983880778588803
HSQLDB,random,1,3,3,PCI,0.24496736765772295
HSQLDB,random,2,12,1,ALS,0.8589655172413793
HSQLDB,random,2,12,1,AP_ALS-PCI,0.8589655172413793
HSQLDB,random,2,12,1,Default,0.8457575757575758
HSQLDB,random,2,12,1,MDAP_MF-DF-ALS-PCI,0.8539285714285714
HSQLDB,random,2,12,1,MDA_MF-DF-ALS,0.8539285714285714
HSQLDB,random,2,12,1,MDP_MF-DF-PCI,0.8303333333333334
HSQLDB,random,2,12,1,MD_MF-DF,0.8303333333333334
HSQLDB,random,2,12,1,PCI,0.8457575757575758
HSQLDB,random,2,12,2,ALS,0.6717277486910994
HSQLDB,random,2,12,2,AP_ALS-PCI,0.6720430107526881
HSQLDB,random,2,12,2,Default,0.6538076152304609
HSQLDB,random,2,12,2,MDAP_MF-DF-ALS-PCI,0.6657020057306591
HSQLDB,random,2,12,2,MDA_MF-DF-ALS,0.6614406779661016
HSQLDB,random,2,12,2,MDP_MF-DF-PCI,0.6316708229426433
HSQLDB,random,2,12,2,MD_MF-DF,0.6283743842364532
HSQLDB,random,2,12,2,PCI,0.6551244813278008
HSQLDB,random,2,12,3,ALS,0.46504290429042894
HSQLDB,random,2,12,3,AP_ALS-PCI,0.46777936962750716
HSQLDB,random,2,12,3,Default,0.45239939090711334
HSQLDB,random,2,12,3,MDAP_MF-DF-ALS-PCI,0.4644453125
HSQLDB,random,2,12,3,MDA_MF-DF-ALS,0.45411808669656195
HSQLDB,random,2,12,3,MDP_MF-DF-PCI,0.4342509481668773
HSQLDB,random,2,12,3,MD_MF-DF,0.42640815085158146
HSQLDB,random,2,12,3,PCI,0.45691080493110947
HSQLDB,random,3,33,1,ALS,0.8620689655172413
HSQLDB,random,3,33,1,AP_ALS-PCI,0.8620689655172413
HSQLDB,random,3,33,1,Default,0.8484848484848484
HSQLDB,random,3,33,1,MDAP_MF-DF-ALS-PCI,0.8571428571428571
HSQLDB,random,3,33,1,MDA_MF-DF-ALS,0.8571428571428571
HSQLDB,random,3,33,1,MDP_MF-DF-PCI,0.8333333333333333
HSQLDB,random,3,33,1,MD_MF-DF,0.8333333333333333
HSQLDB,random,3,33,1,PCI,0.8484848484848484
HSQLDB,random,3,33,2,ALS,0.7187696335078533
HSQLDB,random,3,33,2,AP_ALS-PCI,0.7193010752688173
HSQLDB,random,3,33,2,Default,0.6961723446893788
HSQLDB,random,3,33,2,MDAP_MF-DF-ALS-PCI,0.7123495702005731
HSQLDB,random,3,33,2,MDA_MF-DF-ALS,0.7079378531073446
HSQLDB,random,3,33,2,MDP_MF-DF-PCI,0.6723441396508727
HSQLDB,random,3,33,2,MD_MF-DF,0.668990147783251
HSQLDB,random,3,33,2,PCI,0.6979253112033195
HSQLDB,random,3,33,3,ALS,0.5627458745874587
HSQLDB,random,3,33,3,AP_ALS-PCI,0.5645845272206304
HSQLDB,random,3,33,3,Default,0.5382249293017185
HSQLDB,random,3,33,3,MDAP_MF-DF-ALS-PCI,0.5583398437499999
HSQLDB,random,3,33,3,MDA_MF-DF-ALS,0.5471412556053811
HSQLDB,random,3,33,3,MDP_MF-DF-PCI,0.5123609355246522
HSQLDB,random,3,33,3,MD_MF-DF,0.5042305352798053
HSQLDB,random,3,33,3,PCI,0.542610587382161
HSQLDB,solver,1,3,1,ALS,0.5679310344827585
HSQLDB,solver,1,3,1,AP_ALS-PCI,0.5679310344827585
HSQLDB,solver,1,3,1,Default,0.5545454545454546
HSQLDB,solver,1,3,1,MDAP_MF-DF-ALS-PCI,0.5714285714285714
HSQLDB,solver,1,3,1,MDA_MF-DF-ALS,0.5714285714285714
HSQLDB,solver,1,3,1,MDP_MF-DF-PCI,0.5666666666666667
HSQLDB,solver,1,3,1,MD_MF-DF,0.5666666666666667
HSQLDB,solver,1,3,1,PCI,0.5545454545454546
HSQLDB,solver,1,3,2,ALS,0.3076701570680628
HSQLDB,solver,1,3,2,AP_ALS-PCI,0.30951612903225806
HSQLDB,solver,1,3,2,Default,0.2958517034068136
HSQLDB,solver,1,3,2,MDAP_MF-DF-ALS-PCI,0.3133524355300859
HSQLDB,solver,1,3,2,MDA_MF-DF-ALS,0.31076271186440674
HSQLDB,solver,1,3,2,MDP_MF-DF-PCI,0.31012468827930173
HSQLDB,solver,1,3,2,MD_MF-DF,0.30790640394088664
HSQLDB,solver,1,3,2,PCI,0.29867219917012444
HSQLDB,solver,1,3,3,ALS,0.1612409240924092
HSQLDB,solver,1,3,3,AP_ALS-PCI,0.16452722063037245
HSQLDB,solver,1,3,3,Default,0.1533152055688492
HSQLDB,solver,1,3,3,MDAP_MF-DF-ALS-PCI,0.16760546875
HSQLDB,solver,1,3,3,MDA_MF-DF-ALS,0.1632436472346786
HSQLDB,solver,1,3,3,MDP_MF-DF-PCI,0.16584386852085964
HSQLDB,solver,1,3,3,MD_MF-DF,0.16215024330900238
HSQLDB,solver,1,3,3,PCI,0.15785835146241234
HSQLDB,solver,2,12,1,ALS,0.6779310344827586
HSQLDB,solver,2,12,1,AP_ALS-PCI,0.6779310344827586
HSQLDB,solver,2,12,1,Default,0.6603030303030303
HSQLDB,solver,2,12,1,MDAP_MF-DF-ALS-PCI,0.6732142857142857
HSQLDB,solver,2,12,1,MDA_MF-DF-ALS,0.6732142857142857
HSQLDB,solver,2,12,1,MDP_MF-DF-PCI,0.6616666666666666
HSQLDB,solver,2,12,1,MD_MF-DF,0.6616666666666666
HSQLDB,solver,2,12,1,PCI,0.6603030303030303
HSQLDB,solver,2,12,2,ALS,0.42217277486910987
HSQLDB,solver,2,12,2,AP_ALS-PCI,0.4231720430107526
HSQLDB,solver,2,12,2,Default,0.4047094188376753
HSQLDB,solver,2,12,2,MDAP_MF-DF-ALS-PCI,0.4193982808022922
HSQLDB,solver,2,12,2,MDA_MF-DF-ALS,0.41629943502824857
HSQLDB,solver,2,12,2,MDP_MF-DF-PCI,0.40927680798004984
HSQLDB,solver,2,12,2,MD_MF-DF,0.4066995073891625
HSQLDB,solver,2,12,2,PCI,0.40742738589211613
HSQLDB,solver,2,12,3,ALS,0.24950825082508246
HSQLDB,solver,2,12,3,AP_ALS-PCI,0.25262177650429796
HSQLDB,solver,2,12,3,Default,0.2363106373721992
HSQLDB,solver,2,12,3,MDAP_MF-DF-ALS-PCI,0.2504257812499999
HSQLDB,solver,2,12,3,MDA_MF-DF-ALS,0.24429372197309412
HSQLDB,solver,2,12,3,MDP_MF-DF-PCI,0.24334386852085962
HSQLDB,solver,2,12,3,MD_MF-DF,0.2383150851581508
HSQLDB,solver,2,12,3,PCI,0.24190476190476187
HSQLDB,solver,3,33,1,ALS,0.7886206896551724
HSQLDB,solver,3,33,1,AP_ALS-PCI,0.7886206896551724
HSQLDB,solver,3,33,1,Default,0.7778787878787878
HSQLDB,solver,3,33,1,MDAP_MF-DF-ALS-PCI,0.7825
HSQLDB,solver,3,33,1,MDA_MF-DF-ALS,0.7825
HSQLDB,solver,3,33,1,MDP_MF-DF-PCI,0.7636666666666666
HSQLDB,solver,3,33,1,MD_MF-DF,0.7636666666666666
HSQLDB,solver,3,33,1,PCI,0.7778787878787878
HSQLDB,solver,3,33,2,ALS,0.5693979057591623
HSQLDB,solver,3,33,2,AP_ALS-PCI,0.5696236559139785
HSQLDB,solver,3,33,2,Default,0.5567935871743487
HSQLDB,solver,3,33,2,MDAP_MF-DF-ALS-PCI,0.5618051575931231
HSQLDB,solver,3,33,2,MDA_MF-DF-ALS,0.5579943502824858
HSQLDB,solver,3,33,2,MDP_MF-DF-PCI,0.5390523690773067
HSQLDB,solver,3,33,2,MD_MF-DF,0.5360098522167488
HSQLDB,solver,3,33,2,PCI,0.5581535269709543
HSQLDB,solver,3,33,3,ALS,0.38296039603960397
HSQLDB,solver,3,33,3,AP_ALS-PCI,0.3850859598853868
HSQLDB,solver,3,33,3,Default,0.37340656950184903
HSQLDB,solver,3,33,3,MDAP_MF-DF-ALS-PCI,0.37864453124999997
HSQLDB,solver,3,33,3,MDA_MF-DF-ALS,0.36987294469357246
HSQLDB,solver,3,33,3,MDP_MF-DF-PCI,0.3589917825537294
HSQLDB,solver,3,33,3,MD_MF-DF,0.35211678832116783
HSQLDB,solver,3,33,3,PCI,0.37760696156635243
Hipacc,distance,1,21,1,ALS,0.6025252525252525
Hipacc,distance,1,21,1,AP_ALS-PCI,0.6025252525252525
Hipacc,distance,1,21,1,Default,0.5966666666666666
Hipacc,distance,1,21,1,MDAP_MF-DF-ALS-PCI,0.5984693877551021
Hipacc,distance,1,21,1,MDA_MF-DF-ALS,0.5984693877551021
Hipacc,distance,1,21,1,MDP_MF-DF-PCI,0.5964999999999998
Hipacc,distance,1,21,1,MD_MF-DF,0.5964999999999998
Hipacc,distance,1,21,1,PCI,0.5966666666666666
Hipacc,distance,1,21,2,ALS,0.38464479638009047
Hipacc,distance,1,21,2,AP_ALS-PCI,0.38471454463072036
Hipacc,distance,1,21,2,Default,0.3726617559227553
Hipacc,distance,1,21,2,MDAP_MF-DF-ALS-PCI,0.3801482167670217
Hipacc,distance,1,21,2,MDA_MF-DF-ALS,0.3797963905599259
Hipacc,distance,1,21,2,MDP_MF-DF-PCI,0.37683078287868704
Hipacc,distance,1,21,2,MD_MF-DF,0.37649678705960554
Hipacc,distance,1,21,2,PCI,0.3755041255785872
Hipacc,distance,1,21,3,ALS,0.2515211121588049
Hipacc,distance,1,21,3,AP_ALS-PCI,0.25174169188551665
Hipacc,distance,1,21,3,Default,0.23582542264572845
Hipacc,distance,1,21,3,MDAP_MF-DF-ALS-PCI,0.24710552547196044
Hipacc,distance,1,21,3,MDA_MF-DF-ALS,0.24630590154881699
Hipacc,distance,1,21,3,MDP_MF-DF-PCI,0.2432846964461068
Hipacc,distance,1,21,3,MD_MF-DF,0.24254297732912286
Hipacc,distance,1,21,3,PCI,0.24163975003421728
Hipacc,distance,1,50,1,ALS,0.664040404040404
Hipacc,distance,1,50,1,AP_ALS-PCI,0.664040404040404
Hipacc,distance,1,50,1,Default,0.6559047619047618
Hipacc,distance,1,50,1,MDAP_MF-DF-ALS-PCI,0.6606122448979592
Hipacc,distance,1,50,1,MDA_MF-DF-ALS,0.6606122448979592
Hipacc,distance,1,50,1,MDP_MF-DF-PCI,0.6574
Hipacc,distance,1,50,1,MD_MF-DF,0.6574
Hipacc,distance,1,50,1,PCI,0.6559047619047618
Hipacc,distance,1,50,2,ALS,0.4527307692307692
Hipacc,distance,1,50,2,AP_ALS-PCI,0.4528930675124603
Hipacc,distance,1,50,2,Default,0.4372586103921959
Hipacc,distance,1,50,2,MDAP_MF-DF-ALS-PCI,0.4484321445113478
Hipacc,distance,1,50,2,MDA_MF-DF-ALS,0.44801712170291524
Hipacc,distance,1,50,2,MDP_MF-DF-PCI,0.44357285429141713
Hipacc,distance,1,50,2,MD_MF-DF,0.4431797030799911
Hipacc,distance,1,50,2,PCI,0.4407506540551418
Hipacc,distance,1,50,3,ALS,0.312257648637874
Hipacc,distance,1,50,3,AP_ALS-PCI,0.3126746947065585
Hipacc,distance,1,50,3,Default,0.2919007970225961
Hipacc,distance,1,50,3,MDAP_MF-DF-ALS-PCI,0.3077640089414819
Hipacc,distance,1,50,3,MDA_MF-DF-ALS,0.30677478267348596
Hipacc,distance,1,50,3,MDP_MF-DF-PCI,0.30217096075031363
Hipacc,distance,1,50,3,MD_MF-DF,0.3012554587222823
Hipacc,distance,1,50,3,PCI,0.2993133289243834
Hipacc,distance,2,361,1,ALS,0.9473737373737374
Hipacc,distance,2,361,1,AP_ALS-PCI,0.9473737373737374
Hipacc,distance,2,361,1,Default,0.9408571428571428
Hipacc,distance,2,361,1,MDAP_MF-DF-ALS-PCI,0.9468367346938775
Hipacc,distance,2,361,1,MDA_MF-DF-ALS,0.9468367346938775
Hipacc,distance,2,361,1,MDP_MF-DF-PCI,0.9379
Hipacc,distance,2,361,1,MD_MF-DF,0.9379
Hipacc,distance,2,361,1,PCI,0.9408571428571428
Hipacc,distance,2,361,2,ALS,0.7901040723981899
Hipacc,distance,2,361,2,AP_ALS-PCI,0.790724966017218
Hipacc,distance,2,361,2,Default,0.7727433804499303
Hipacc,distance,2,361,2,MDAP_MF-DF-ALS-PCI,0.7872788327929596
Hipacc,distance,2,361,2,MDA_MF-DF-ALS,0.7865502082369273
Hipacc,distance,2,361,2,MDP_MF-DF-PCI,0.7741006875138611
Hipacc,distance,2,361,2,MD_MF-DF,0.7734145801019277
Hipacc,distance,2,361,2,PCI,0.7791285973032802
Hipacc,distance,2,361,3,ALS,0.6407215808305213
Hipacc,distance,2,361,3,AP_ALS-PCI,0.6423563940508227
Hipacc,distance,2,361,3,Default,0.6090479269773513
Hipacc,distance,2,361,3,MDAP_MF-DF-ALS-PCI,0.6368539031337889
Hipacc,distance,2,361,3,MDA_MF-DF-ALS,0.6347932541606005
Hipacc,distance,2,361,3,MDP_MF-DF-PCI,0.619917410745491
Hipacc,distance,2,361,3,MD_MF-DF,0.6180275830446459
Hipacc,distance,2,361,3,PCI,0.6249589099605596
Hipacc,distance,2,843,1,ALS,0.9494949494949496
Hipacc,distance,2,843,1,AP_ALS-PCI,0.9494949494949496
Hipacc,distance,2,843,1,Default,0.9428571428571427
Hipacc,distance,2,843,1,MDAP_MF-DF-ALS-PCI,0.9489795918367347
Hipacc,distance,2,843,1,MDA_MF-DF-ALS,0.9489795918367347
Hipacc,distance,2,843,1,MDP_MF-DF-PCI,0.94
Hipacc,distance,2,843,1,MD_MF-DF,0.94
Hipacc,distance,2,843,1,PCI,0.9428571428571427
Hipacc,distance,2,843,2,ALS,0.8330316742081447
Hipacc,distance,2,843,2,AP_ALS-PCI,0.8337109198006343
Hipacc,distance,2,843,2,Default,0.8177523392394983
Hipacc,distance,2,843,2,MDAP_MF-DF-ALS-PCI,0.8311718388142658
Hipacc,distance,2,843,2,MDA_MF-DF-ALS,0.8304025913928735
Hipacc,distance,2,843,2,MDP_MF-DF-PCI,0.8161454868041694
Hipacc,distance,2,843,2,MD_MF-DF,0.8154221138931973
Hipacc,distance,2,843,2,PCI,0.8246266854497887
Hipacc,distance,2,843,3,ALS,0.7129112338891045
Hipacc,distance,2,843,3,AP_ALS-PCI,0.7148800140177113
Hipacc,distance,2,843,3,Default,0.6842012351754435
Hipacc,distance,2,843,3,MDAP_MF-DF-ALS-PCI,0.7104529867488965
Hipacc,distance,2,843,3,MDA_MF-DF-ALS,0.7081720785034077
Hipacc,distance,2,843,3,MDP_MF-DF-PCI,0.6897463447459643
Hipacc,distance,2,843,3,MD_MF-DF,0.6876588468585685
Hipacc,distance,2,843,3,PCI,0.7020736123522608
Hipacc,distance,3,1370,1,ALS,0.9494949494949496
Hipacc,distance,3,1370,1,AP_ALS-PCI,0.9494949494949496
Hipacc,distance,3,1370,1,Default,0.9428571428571427
Hipacc,distance,3,1370,1,MDAP_MF-DF-ALS-PCI,0.9489795918367347
Hipacc,distance,3,1370,1,MDA_MF-DF-ALS,0.9489795918367347
Hipacc,distance,3,1370,1,MDP_MF-DF-PCI,0.94
Hipacc,distance,3,1370,1,MD_MF-DF,0.94
Hipacc,distance,3,1370,1,PCI,0.9428571428571427
Hipacc,distance,3,1370,2,ALS,0.8521900452488687
Hipacc,distance,3,1370,2,AP_ALS-PCI,0.8528953330312642
Hipacc,distance,3,1370,2,Default,0.8362353175393191
Hipacc,distance,3,1370,2,MDAP_MF-DF-ALS-PCI,0.8507827698008338
Hipacc,distance,3,1370,2,MDA_MF-DF-ALS,0.8499953725127256
Hipacc,distance,3,1370,2,MDP_MF-DF-PCI,0.8349257041472611
Hipacc,distance,3,1370,2,MD_MF-DF,0.8341856857965876
Hipacc,distance,3,1370,2,PCI,0.8433105252565908
Hipacc,distance,3,1370,3,ALS,0.7495417505795108
Hipacc,distance,3,1370,3,AP_ALS-PCI,0.7517034221560306
Hipacc,distance,3,1370,3,Default,0.719107402615858
Hipacc,distance,3,1370,3,MDAP_MF-DF-ALS-PCI,0.7478779482405403
Hipacc,distance,3,1370,3,MDA_MF-DF-ALS,0.7454580704415639
Hipacc,distance,3,1370,3,MDP_MF-DF-PCI,0.7250410334463995
Hipacc,distance,3,1370,3,MD_MF-DF,0.7228307417730611
Hipacc,distance,3,1370,3,PCI,0.7381620918387993
Hipacc,distance,3,4601,1,ALS,0.9494949494949496
Hipacc,distance,3,4601,1,AP_ALS-PCI,0.9494949494949496
Hipacc,distance,3,4601,1,Default,0.9428571428571427
Hipacc,distance,3,4601,1,MDAP_MF-DF-ALS-PCI,0.9489795918367347
Hipacc,distance,3,4601,1,MDA_MF-DF-ALS,0.9489795918367347
Hipacc,distance,3,4601,1,MDP_MF-DF-PCI,0.94
Hipacc,distance,3,4601,1,MD_MF-DF,0.94
Hipacc,distance,3,4601,1,PCI,0.9428571428571427
Hipacc,distance,3,4601,2,ALS,0.8889524886877829
Hipacc,distance,3,4601,2,AP_ALS-PCI,0.889707748074309
Hipacc,distance,3,4601,2,Default,0.8694346008361536
Hipacc,distance,3,4601,2,MDAP_MF-DF-ALS-PCI,0.8884136174154701
Hipacc,distance,3,4601,2,MDA_MF-DF-ALS,0.8875913928736695
Hipacc,distance,3,4601,2,MDP_MF-DF-PCI,0.8709625194056331
Hipacc,distance,3,4601,2,MD_MF-DF,0.8701905606027033
Hipacc,distance,3,4601,2,PCI,0.8768705977057758
Hipacc,random,1,21,1,ALS,0.8252525252525252
Hipacc,random,1,21,1,AP_ALS-PCI,0.8252525252525252
Hipacc,random,1,21,1,Default,0.8200952380952381
Hipacc,random,1,21,1,MDAP_MF-DF-ALS-PCI,0.8234693877551019
Hipacc,random,1,21,1,MDA_MF-DF-ALS,0.8234693877551019
Hipacc,random,1,21,1,MDP_MF-DF-PCI,0.8170000000000001
Hipacc,random,1,21,1,MD_MF-DF,0.8170000000000001
Hipacc,random,1,21,1,PCI,0.8200952380952381
Hipacc,random,1,21,2,ALS,0.6275565610859728
Hipacc,random,1,21,2,AP_ALS-PCI,0.6281037607612143
Hipacc,random,1,21,2,Default,0.6116404539120047
Hipacc,random,1,21,2,MDAP_MF-DF-ALS-PCI,0.6236915238536359
Hipacc,random,1,21,2,MDA_MF-DF-ALS,0.6231142989356779
Hipacc,random,1,21,2,MDP_MF-DF-PCI,0.6147261033488578
Hipacc,random,1,21,2,MD_MF-DF,0.6141812541546643
Hipacc,random,1,21,2,PCI,0.6167256993358824
Hipacc,random,1,21,3,ALS,0.47128094225575745
Hipacc,random,1,21,3,AP_ALS-PCI,0.4726999928214286
Hipacc,random,1,21,3,Default,0.4442843864338157
Hipacc,random,1,21,3,MDAP_MF-DF-ALS-PCI,0.46661696792875923
Hipacc,random,1,21,3,MDA_MF-DF-ALS,0.4651067101290111
Hipacc,random,1,21,3,MDP_MF-DF-PCI,0.45585118209634606
Hipacc,random,1,21,3,MD_MF-DF,0.45446113712246805
Hipacc,random,1,21,3,PCI,0.45614994242434653
Hipacc,random,1,50,1,ALS,0.9718181818181817
Hipacc,random,1,50,1,AP_ALS-PCI,0.9718181818181817
Hipacc,random,1,50,1,Default,0.9734285714285714
Hipacc,random,1,50,1,MDAP_MF-DF-ALS-PCI,0.9715306122448979
Hipacc,random,1,50,1,MDA_MF-DF-ALS,0.9715306122448979
Hipacc,random,1,50,1,MDP_MF-DF-PCI,0.9721
Hipacc,random,1,50,1,MD_MF-DF,0.9721
Hipacc,random,1,50,1,PCI,0.9734285714285714
Hipacc,random,1,50,2,ALS,0.8399479638009049
Hipacc,random,1,50,2,AP_ALS-PCI,0.8398119619392841
Hipacc,random,1,50,2,Default,0.8512223770654986
Hipacc,random,1,50,2,MDAP_MF-DF-ALS-PCI,0.8368967114404816
Hipacc,random,1,50,2,MDA_MF-DF-ALS,0.836964368347987
Hipacc,random,1,50,2,MDP_MF-DF-PCI,0.8374362386338434
Hipacc,random,1,50,2,MD_MF-DF,0.8375005539552405
Hipacc,random,1,50,2,PCI,0.8501670356208493
Hipacc,random,1,50,3,ALS,0.7026635025354879
Hipacc,random,1,50,3,AP_ALS-PCI,0.7024218293399997
Hipacc,random,1,50,3,Default,0.7213838036145153
Hipacc,random,1,50,3,MDAP_MF-DF-ALS-PCI,0.6973214928103854
Hipacc,random,1,50,3,MDA_MF-DF-ALS,0.6972530713687077
Hipacc,random,1,50,3,MDP_MF-DF-PCI,0.6965515688912877
Hipacc,random,1,50,3,MD_MF-DF,0.6964928659531217
Hipacc,random,1,50,3,PCI,0.7212177277191316
Hipacc,random,2,361,1,ALS,0.9494949494949496
Hipacc,random,2,361,1,AP_ALS-PCI,0.9494949494949496
Hipacc,random,2,361,1,Default,0.9428571428571427
Hipacc,random,2,361,1,MDAP_MF-DF-ALS-PCI,0.9489795918367347
Hipacc,random,2,361,1,MDA_MF-DF-ALS,0.9489795918367347
Hipacc,random,2,361,1,MDP_MF-DF-PCI,0.94
Hipacc,random,2,361,1,MD_MF-DF,0.94
Hipacc,random,2,361,1,PCI,0.9428571428571427
Hipacc,random,2,361,2,ALS,0.8587986425339367
Hipacc,random,2,361,2,AP_ALS-PCI,0.8595129134571816
Hipacc,random,2,361,2,Default,0.8399681465259805
Hipacc,random,2,361,2,MDAP_MF-DF-ALS-PCI,0.8575474756831867
Hipacc,random,2,361,2,MDA_MF-DF-ALS,0.8567538176770013
Hipacc,random,2,361,2,MDP_MF-DF-PCI,0.8414038589487691
Hipacc,random,2,361,2,MD_MF-DF,0.8406580988256148
Hipacc,random,2,361,2,PCI,0.8470980076474138
Hipacc,random,2,361,3,ALS,0.7613105575855725
Hipacc,random,2,361,3,AP_ALS-PCI,0.7636558390494543
Hipacc,random,2,361,3,Default,0.7232745804817239
Hipacc,random,2,361,3,MDAP_MF-DF-ALS-PCI,0.759889154306002
Hipacc,random,2,361,3,MDA_MF-DF-ALS,0.7574302243069906
Hipacc,random,2,361,3,MDP_MF-DF-PCI,0.7364552047355545
Hipacc,random,2,361,3,MD_MF-DF,0.7342099572569957
Hipacc,random,2,361,3,PCI,0.7427858090245796
Hipacc,random,2,843,1,ALS,1.0
Hipacc,random,2,843,1,AP_ALS-PCI,1.0
Hipacc,random,2,843,1,Default,1.0
Hipacc,random,2,843,1,MDAP_MF-DF-ALS-PCI,1.0
Hipacc,random,2,843,1,MDA_MF-DF-ALS,1.0
Hipacc,random,2,843,1,MDP_MF-DF-PCI,1.0
Hipacc,random,2,843,1,MD_MF-DF,1.0
Hipacc,random,2,843,1,PCI,1.0
Hipacc,random,2,843,2,ALS,0.9902307692307692
Hipacc,random,2,843,2,AP_ALS-PCI,0.9902174898051653
Hipacc,random,2,843,2,Default,0.9913995620147322
Hipacc,random,2,843,2,MDAP_MF-DF-ALS-PCI,0.99
Hipacc,random,2,843,2,MDA_MF-DF-ALS,0.9900092549745487
Hipacc,random,2,843,2,MDP_MF-DF-PCI,0.9904191616766467
Hipacc,random,2,843,2,MD_MF-DF,0.9904276534456016
Hipacc,random,2,843,2,PCI,0.9913060978063996
Hipacc,random,2,843,3,ALS,0.9637353176611034
Hipacc,random,2,843,3,AP_ALS-PCI,0.9636372090687848
Hipacc,random,2,843,3,Default,0.9672119141973172
Hipacc,random,2,843,3,MDAP_MF-DF-ALS-PCI,0.9626358249483118
Hipacc,random,2,843,3,MDA_MF-DF-ALS,0.9626764320344104
Hipacc,random,2,843,3,MDP_MF-DF-PCI,0.9623454746605349
Hipacc,random,2,843,3,MD_MF-DF,0.9623857043167
Hipacc,random,2,843,3,PCI,0.9667112662102548
Hipacc,random,3,1370,1,ALS,0.9494949494949496
Hipacc,random,3,1370,1,AP_ALS-PCI,0.9494949494949496
Hipacc,random,3,1370,1,Default,0.9428571428571427
Hipacc,random,3,1370,1,MDAP_MF-DF-ALS-PCI,0.9489795918367347
Hipacc,random,3,1370,1,MDA_MF-DF-ALS,0.9489795918367347
Hipacc,random,3,1370,1,MDP_MF-DF-PCI,0.94
Hipacc,random,3,1370,1,MD_MF-DF,0.94
Hipacc,random,3,1370,1,PCI,0.9428571428571427
Hipacc,random,3,1370,2,ALS,0.8866787330316741
Hipacc,random,3,1370,2,AP_ALS-PCI,0.8874309016764839
Hipacc,random,3,1370,2,Default,0.8671829583913996
Hipacc,random,3,1370,2,MDAP_MF-DF-ALS-PCI,0.8860861509958313
Hipacc,random,3,1370,2,MDA_MF-DF-ALS,0.8852660805182785
Hipacc,random,3,1370,2,MDP_MF-DF-PCI,0.8687336438234641
Hipacc,random,3,1370,2,MD_MF-DF,0.8679636605362286
Hipacc,random,3,1370,2,PCI,0.8745944858120346
Hipacc,random,3,1370,3,ALS,0.8192157508682972
Hipacc,random,3,1370,3,AP_ALS-PCI,0.8217559688311513
Hipacc,random,3,1370,3,Default,0.7789780928342793
Hipacc,random,3,1370,3,MDAP_MF-DF-ALS-PCI,0.819181236141294
Hipacc,random,3,1370,3,MDA_MF-DF-ALS,0.8165305145661439
Hipacc,random,3,1370,3,MDP_MF-DF-PCI,0.7925704373712108
Hipacc,random,3,1370,3,MD_MF-DF,0.7901541712726449
Hipacc,random,3,1370,3,PCI,0.8001402238589048
Hipacc,random,3,4601,1,ALS,1.0
Hipacc,random,3,4601,1,AP_ALS-PCI,1.0
Hipacc,random,3,4601,1,Default,1.0
Hipacc,random,3,4601,1,MDAP_MF-DF-ALS-PCI,1.0
Hipacc,random,3,4601,1,MDA_MF-DF-ALS,1.0
Hipacc,random,3,4601,1,MDP_MF-DF-PCI,1.0
Hipacc,random,3,4601,1,MD_MF-DF,1.0
Hipacc,random,3,4601,1,PCI,1.0
Hipacc,random,3,4601,2,ALS,0.9999479638009049
Hipacc,random,3,4601,2,AP_ALS-PCI,0.9999478930675124
Hipacc,random,3,4601,2,Default,0.9999542106310969
Hipacc,random,3,4601,2,MDAP_MF-DF-ALS-PCI,0.9999467345993516
Hipacc,random,3,4601,2,MDA_MF-DF-ALS,0.9999467838963443
Hipacc,random,3,4601,2,MDP_MF-DF-PCI,0.9999489909070748
Hipacc,random,3,4601,2,MD_MF-DF,0.9999490361178816
Hipacc,random,3,4601,2,PCI,0.9999537130207286
Hipacc,random,3,4601,3,ALS,0.9981219332091221
Hipacc,random,3,4601,3,AP_ALS-PCI,0.9981146000751118
Hipacc,random,3,4601,3,Default,0.9982421171493369
Hipacc,random,3,4601,3,MDAP_MF-DF-ALS-PCI,0.9980436748262964
Hipacc,random,3,4601,3,MDA_MF-DF-ALS,0.9980481756807699
Hipacc,random,3,4601,3,MDP_MF-DF-PCI,0.9978872526030739
Hipacc,random,3,4601,3,MD_MF-DF,0.9978919924643221
Hipacc,random,3,4601,3,PCI,0.9981838136510407
Hipacc,solver,1,21,1,ALS,0.6457575757575758
Hipacc,solver,1,21,1,AP_ALS-PCI,0.6457575757575758
Hipacc,solver,1,21,1,Default,0.6479047619047619
Hipacc,solver,1,21,1,MDAP_MF-DF-ALS-PCI,0.6421428571428571
Hipacc,solver,1,21,1,MDA_MF-DF-ALS,0.6421428571428571
Hipacc,solver,1,21,1,MDP_MF-DF-PCI,0.6393
Hipacc,solver,1,21,1,MD_MF-DF,0.6393
Hipacc,solver,1,21,1,PCI,0.6479047619047619
Hipacc,solver,1,21,2,ALS,0.43356108597285065
Hipacc,solver,1,21,2,AP_ALS-PCI,0.4338536474852741
Hipacc,solver,1,21,2,Default,0.4306052160063707
Hipacc,solver,1,21,2,MDAP_MF-DF-ALS-PCI,0.42922880963408977
Hipacc,solver,1,21,2,MDA_MF-DF-ALS,0.4288315594632114
Hipacc,solver,1,21,2,MDP_MF-DF-PCI,0.424630738522954
Hipacc,solver,1,21,2,MD_MF-DF,0.4242543762463993
Hipacc,solver,1,21,2,PCI,0.4339001811229623
Hipacc,solver,1,21,3,ALS,0.29944857143809356
Hipacc,solver,1,21,3,AP_ALS-PCI,0.30019981744116964
Hipacc,solver,1,21,3,Default,0.29119761570828095
Hipacc,solver,1,21,3,MDAP_MF-DF-ALS-PCI,0.29514372688189316
Hipacc,solver,1,21,3,MDA_MF-DF-ALS,0.29418872388716444
Hipacc,solver,1,21,3,MDP_MF-DF-PCI,0.2894926606028858
Hipacc,solver,1,21,3,MD_MF-DF,0.28861012460187957
Hipacc,solver,1,21,3,PCI,0.29839825454937263
Hipacc,solver,1,50,1,ALS,0.7354545454545455
Hipacc,solver,1,50,1,AP_ALS-PCI,0.7354545454545455
Hipacc,solver,1,50,1,Default,0.7388571428571429
Hipacc,solver,1,50,1,MDAP_MF-DF-ALS-PCI,0.7327551020408163
Hipacc,solver,1,50,1,MDA_MF-DF-ALS,0.7327551020408163
Hipacc,solver,1,50,1,MDP_MF-DF-PCI,0.7280999999999999
Hipacc,solver,1,50,1,MD_MF-DF,0.7280999999999999
Hipacc,solver,1,50,1,PCI,0.7388571428571429
Hipacc,solver,1,50,2,ALS,0.5360180995475112
Hipacc,solver,1,50,2,AP_ALS-PCI,0.5363797009515179
Hipacc,solver,1,50,2,Default,0.5333127612980291
Hipacc,solver,1,50,2,MDAP_MF-DF-ALS-PCI,0.5320495599814729
Hipacc,solver,1,50,2,MDA_MF-DF-ALS,0.5315571494678389
Hipacc,solver,1,50,2,MDP_MF-DF-PCI,0.5250365934797072
Hipacc,solver,1,50,2,MD_MF-DF,0.5245712386439175
Hipacc,solver,1,50,2,PCI,0.5374240289796739
Hipacc,solver,1,50,3,ALS,0.3959280410504744
Hipacc,solver,1,50,3,AP_ALS-PCI,0.396911126508829
Hipacc,solver,1,50,3,Default,0.385365825187147
Hipacc,solver,1,50,3,MDAP_MF-DF-ALS-PCI,0.3917150560204556
Hipacc,solver,1,50,3,MDA_MF-DF-ALS,0.3904575405364422
Hipacc,solver,1,50,3,MDP_MF-DF-PCI,0.3829693805869816
Hipacc,solver,1,50,3,MD_MF-DF,0.38181040731588545
Hipacc,solver,1,50,3,PCI,0.3948999136176588
Hipacc,solver,2,361,1,ALS,0.9483838383838384
Hipacc,solver,2,361,1,AP_ALS-PCI,0.9483838383838384
Hipacc,solver,2,361,1,Default,0.9418095238095238
Hipacc,solver,2,361,1,MDAP_MF-DF-ALS-PCI,0.947857142857143
Hipacc,solver,2,361,1,MDA_MF-DF-ALS,0.947857142857143
Hipacc,solver,2,361,1,MDP_MF-DF-PCI,0.9389
Hipacc,solver,2,361,1,MD_MF-DF,0.9389
Hipacc,solver,2,361,1,PCI,0.9418095238095238
Hipacc,solver,2,361,2,ALS,0.8261787330316741
Hipacc,solver,2,361,2,AP_ALS-PCI,0.8268667874943361
Hipacc,solver,2,361,2,Default,0.8076348795540512
Hipacc,solver,2,361,2,MDAP_MF-DF-ALS-PCI,0.8241824918943955
Hipacc,solver,2,361,2,MDA_MF-DF-ALS,0.823419713095789
Hipacc,solver,2,361,2,MDP_MF-DF-PCI,0.8094278110445775
Hipacc,solver,2,361,2,MD_MF-DF,0.8087103922003103
Hipacc,solver,2,361,2,PCI,0.814522036627088
Hipacc,solver,2,361,3,ALS,0.7032511344268384
Hipacc,solver,2,361,3,AP_ALS-PCI,0.705374446113185
Hipacc,solver,2,361,3,Default,0.6673027315054302
Hipacc,solver,2,361,3,MDAP_MF-DF-ALS-PCI,0.7006332932995422
Hipacc,solver,2,361,3,MDA_MF-DF-ALS,0.6983665200167907
Hipacc,solver,2,361,3,MDP_MF-DF-PCI,0.680323040782711
Hipacc,solver,2,361,3,MD_MF-DF,0.6782492734996626
Hipacc,solver,2,361,3,PCI,0.6853525414479982
Hipacc,solver,2,843,1,ALS,0.9494949494949496
Hipacc,solver,2,843,1,AP_ALS-PCI,0.9494949494949496
Hipacc,solver,2,843,1,Default,0.9428571428571427
Hipacc,solver,2,843,1,MDAP_MF-DF-ALS-PCI,0.9489795918367347
Hipacc,solver,2,843,1,MDA_MF-DF-ALS,0.9489795918367347
Hipacc,solver,2,843,1,MDP_MF-DF-PCI,0.94
Hipacc,solver,2,843,1,MD_MF-DF,0.94
Hipacc,solver,2,843,1,PCI,0.9428571428571427
Hipacc,solver,2,843,2,ALS,0.8594389140271492
Hipacc,solver,2,843,2,AP_ALS-PCI,0.8601540552786588
Hipacc,solver,2,843,2,Default,0.8409974119052359
Hipacc,solver,2,843,2,MDAP_MF-DF-ALS-PCI,0.858202871699861
Hipacc,solver,2,843,2,MDA_MF-DF-ALS,0.8574086071263304
Hipacc,solver,2,843,2,MDP_MF-DF-PCI,0.8420314925704148
Hipacc,solver,2,843,2,MD_MF-DF,0.8412851761577664
Hipacc,solver,2,843,2,PCI,0.8481404709197021
Hipacc,solver,2,843,3,ALS,0.7636811110110944
Hipacc,solver,2,843,3,AP_ALS-PCI,0.7659916233616773
Hipacc,solver,2,843,3,Default,0.7265129374993325
Hipacc,solver,2,843,3,MDAP_MF-DF-ALS-PCI,0.7623477609686979
Hipacc,solver,2,843,3,MDA_MF-DF-ALS,0.7598999035124296
Hipacc,solver,2,843,3,MDP_MF-DF-PCI,0.7389516920895499
Hipacc,solver,2,843,3,MD_MF-DF,0.7367149860554882
Hipacc,solver,2,843,3,PCI,0.7459816899064583
Hipacc,solver,3,1370,1,ALS,0.9494949494949496
Hipacc,solver,3,1370,1,AP_ALS-PCI,0.9494949494949496
Hipacc,solver,3,1370,1,Default,0.9428571428571427
Hipacc,solver,3,1370,1,MDAP_MF-DF-ALS-PCI,0.9489795918367347
Hipacc,solver,3,1370,1,MDA_MF-DF-ALS,0.9489795918367347
Hipacc,solver,3,1370,1,MDP_MF-DF-PCI,0.94
Hipacc,solver,3,1370,1,MD_MF-DF,0.94
Hipacc,solver,3,1370,1,PCI,0.9428571428571427
Hipacc,solver,3,1370,2,ALS,0.8747285067873303
Hipacc,solver,3,1370,2,AP_ALS-PCI,0.8754644313547801
Hipacc,solver,3,1370,2,Default,0.8558690025880946
Hipacc,solver,3,1370,2,MDAP_MF-DF-ALS-PCI,0.873853635942566
Hipacc,solver,3,1370,2,MDA_MF-DF-ALS,0.8730448866265617
Hipacc,solver,3,1370,2,MDP_MF-DF-PCI,0.8570192947438455
Hipacc,solver,3,1370,2,MD_MF-DF,0.8562596942167072
Hipacc,solver,3,1370,2,PCI,0.863157576977259
Hipacc,solver,3,1370,3,ALS,0.7942194974389477
Hipacc,solver,3,1370,3,AP_ALS-PCI,0.796667645373867
Hipacc,solver,3,1370,3,Default,0.7554643065721219
Hipacc,solver,3,1370,3,MDAP_MF-DF-ALS-PCI,0.7935826284381048
Hipacc,solver,3,1370,3,MDA_MF-DF-ALS,0.791014081868522
Hipacc,solver,3,1370,3,MDP_MF-DF-PCI,0.7683380006816033
Hipacc,solver,3,1370,3,MD_MF-DF,0.7659950537973935
Hipacc,solver,3,1370,3,PCI,0.775898249429453
Hipacc,solver,3,4601,1,ALS,0.9494949494949496
Hipacc,solver,3,4601,1,AP_ALS-PCI,0.9494949494949496
Hipacc,solver,3,4601,1,Default,0.9428571428571427
Hipacc,solver,3,4601,1,MDAP_MF-DF-ALS-PCI,0.9489795918367347
Hipacc,solver,3,4601,1,MDA_MF-DF-ALS,0.9489795918367347
Hipacc,solver,3,4601,1,MDP_MF-DF-PCI,0.94
Hipacc,solver,3,4601,1,MD_MF-DF,0.94
Hipacc,solver,3,4601,1,PCI,0.9428571428571427
Hipacc,solver,3,4601,2,ALS,0.8890701357466062
Hipacc,solver,3,4601,2,AP_ALS-PCI,0.8898255550521068
Hipacc,solver,3,4601,2,Default,0.8695321521003383
Hipacc,solver,3,4601,2,MDAP_MF-DF-ALS-PCI,0.8885340435386752
Hipacc,solver,3,4601,2,MDA_MF-DF-ALS,0.887711707542804
Hipacc,solver,3,4601,2,MDP_MF-DF-PCI,0.8710778443113771
Hipacc,solver,3,4601,2,MD_MF-DF,0.8703057832927099
Hipacc,solver,3,4601,2,PCI,0.8769692090963978
HyTeG,distance,1,2,1,ALS,0.5454545454545454
HyTeG,distance,1,2,1,AP_ALS-PCI,0.5454545454545454
HyTeG,distance,1,2,1,Default,0.5592307692307692
HyTeG,distance,1,2,1,MDAP_MF-DF-ALS-PCI,0.5
HyTeG,distance,1,2,1,MDA_MF-DF-ALS,0.5
HyTeG,distance,1,2,1,MDP_MF-DF-PCI,0.5
HyTeG,distance,1,2,1,MD_MF-DF,0.5
HyTeG,distance,1,2,1,PCI,0.5592307692307692
HyTeG,distance,1,2,2,ALS,0.27540000000000003
HyTeG,distance,1,2,2,AP_ALS-PCI,0.27540000000000003
HyTeG,distance,1,2,2,Default,0.28383561643835614
HyTeG,distance,1,2,2,MDAP_MF-DF-ALS-PCI,0.21924999999999997
HyTeG,distance,1,2,2,MDA_MF-DF-ALS,0.21924999999999997
HyTeG,distance,1,2,2,MDP_MF-DF-PCI,0.21924999999999997
HyTeG,distance,1,2,2,MD_MF-DF,0.21924999999999997
HyTeG,distance,1,2,2,PCI,0.2689393939393939
HyTeG,distance,1,2,3,ALS,0.1275833333333333
HyTeG,distance,1,2,3,AP_ALS-PCI,0.1275833333333333
HyTeG,distance,1,2,3,Default,0.13380952380952377
HyTeG,distance,1,2,3,MDAP_MF-DF-ALS-PCI,0.08174999999999995
HyTeG,distance,1,2,3,MDA_MF-DF-ALS,0.08174999999999995
HyTeG,distance,1,2,3,MDP_MF-DF-PCI,0.08174999999999995
HyTeG,distance,1,2,3,MD_MF-DF,0.08174999999999995
HyTeG,distance,1,2,3,PCI,0.11272189349112421
HyTeG,distance,2,7,1,ALS,0.6363636363636364
HyTeG,distance,2,7,1,AP_ALS-PCI,0.6363636363636364
HyTeG,distance,2,7,1,Default,0.6907692307692307
HyTeG,distance,2,7,1,MDAP_MF-DF-ALS-PCI,0.5999999999999999
HyTeG,distance,2,7,1,MDA_MF-DF-ALS,0.5999999999999999
HyTeG,distance,2,7,1,MDP_MF-DF-PCI,0.5999999999999999
HyTeG,distance,2,7,1,MD_MF-DF,0.5999999999999999
HyTeG,distance,2,7,1,PCI,0.6907692307692307
HyTeG,distance,2,7,2,ALS,0.373
HyTeG,distance,2,7,2,AP_ALS-PCI,0.373
HyTeG,distance,2,7,2,Default,0.431917808219178
HyTeG,distance,2,7,2,MDAP_MF-DF-ALS-PCI,0.31625
HyTeG,distance,2,7,2,MDA_MF-DF-ALS,0.31625
HyTeG,distance,2,7,2,MDP_MF-DF-PCI,0.31625
HyTeG,distance,2,7,2,MD_MF-DF,0.31625
HyTeG,distance,2,7,2,PCI,0.40393939393939393
HyTeG,distance,2,7,3,ALS,0.19958333333333328
HyTeG,distance,2,7,3,AP_ALS-PCI,0.19958333333333328
HyTeG,distance,2,7,3,Default,0.24619047619047613
HyTeG,distance,2,7,3,MDAP_MF-DF-ALS-PCI,0.14124999999999996
HyTeG,distance,2,7,3,MDA_MF-DF-ALS,0.14124999999999996
HyTeG,distance,2,7,3,MDP_MF-DF-PCI,0.14124999999999996
HyTeG,distance,2,7,3,MD_MF-DF,0.14124999999999996
HyTeG,distance,2,7,3,PCI,0.19899408284023665
HyTeG,distance,3,12,1,ALS,0.6363636363636364
HyTeG,distance,3,12,1,AP_ALS-PCI,0.6363636363636364
HyTeG,distance,3,12,1,Default,0.6923076923076921
HyTeG,distance,3,12,1,MDAP_MF-DF-ALS-PCI,0.5999999999999999
HyTeG,distance,3,12,1,MDA_MF-DF-ALS,0.5999999999999999
HyTeG,distance,3,12,1,MDP_MF-DF-PCI,0.5999999999999999
HyTeG,distance,3,12,1,MD_MF-DF,0.5999999999999999
HyTeG,distance,3,12,1,PCI,0.6923076923076921
HyTeG,distance,3,12,2,ALS,0.38
HyTeG,distance,3,12,2,AP_ALS-PCI,0.38
HyTeG,distance,3,12,2,Default,0.46383561643835614
HyTeG,distance,3,12,2,MDAP_MF-DF-ALS-PCI,0.325
HyTeG,distance,3,12,2,MDA_MF-DF-ALS,0.325
HyTeG,distance,3,12,2,MDP_MF-DF-PCI,0.325
HyTeG,distance,3,12,2,MD_MF-DF,0.325
HyTeG,distance,3,12,2,PCI,0.4374242424242423
HyTeG,distance,3,12,3,ALS,0.2083333333333333
HyTeG,distance,3,12,3,AP_ALS-PCI,0.2083333333333333
HyTeG,distance,3,12,3,Default,0.2886580086580086
HyTeG,distance,3,12,3,MDAP_MF-DF-ALS-PCI,0.1499999999999999
HyTeG,distance,3,12,3,MDA_MF-DF-ALS,0.1499999999999999
HyTeG,distance,3,12,3,MDP_MF-DF-PCI,0.1499999999999999
HyTeG,distance,3,12,3,MD_MF-DF,0.1499999999999999
HyTeG,distance,3,12,3,PCI,0.23266272189349105
HyTeG,random,1,2,1,ALS,0.5472727272727272
HyTeG,random,1,2,1,AP_ALS-PCI,0.5472727272727272
HyTeG,random,1,2,1,Default,0.5784615384615385
HyTeG,random,1,2,1,MDAP_MF-DF-ALS-PCI,0.502
HyTeG,random,1,2,1,MDA_MF-DF-ALS,0.502
HyTeG,random,1,2,1,MDP_MF-DF-PCI,0.502
HyTeG,random,1,2,1,MD_MF-DF,0.502
HyTeG,random,1,2,1,PCI,0.5784615384615385
HyTeG,random,1,2,2,ALS,0.277
HyTeG,random,1,2,2,AP_ALS-PCI,0.277
HyTeG,random,1,2,2,Default,0.3063013698630137
HyTeG,random,1,2,2,MDAP_MF-DF-ALS-PCI,0.22075
HyTeG,random,1,2,2,MDA_MF-DF-ALS,0.22075
HyTeG,random,1,2,2,MDP_MF-DF-PCI,0.22075
HyTeG,random,1,2,2,MD_MF-DF,0.22075
HyTeG,random,1,2,2,PCI,0.2915151515151515
HyTeG,random,1,2,3,ALS,0.1285833333333333
HyTeG,random,1,2,3,AP_ALS-PCI,0.1285833333333333
HyTeG,random,1,2,3,Default,0.15086580086580084
HyTeG,random,1,2,3,MDAP_MF-DF-ALS-PCI,0.08249999999999995
HyTeG,random,1,2,3,MDA_MF-DF-ALS,0.08249999999999995
HyTeG,random,1,2,3,MDP_MF-DF-PCI,0.08249999999999995
HyTeG,random,1,2,3,MD_MF-DF,0.08249999999999995
HyTeG,random,1,2,3,PCI,0.13112426035502955
HyTeG,random,2,7,1,ALS,0.6345454545454545
HyTeG,random,2,7,1,AP_ALS-PCI,0.6345454545454545
HyTeG,random,2,7,1,Default,0.6907692307692307
HyTeG,random,2,7,1,MDAP_MF-DF-ALS-PCI,0.5979999999999999
HyTeG,random,2,7,1,MDA_MF-DF-ALS,0.5979999999999999
HyTeG,random,2,7,1,MDP_MF-DF-PCI,0.5979999999999999
HyTeG,random,2,7,1,MD_MF-DF,0.5979999999999999
HyTeG,random,2,7,1,PCI,0.6907692307692307
HyTeG,random,2,7,2,ALS,0.3702
HyTeG,random,2,7,2,AP_ALS-PCI,0.3702
HyTeG,random,2,7,2,Default,0.4461643835616438
HyTeG,random,2,7,2,MDAP_MF-DF-ALS-PCI,0.31325
HyTeG,random,2,7,2,MDA_MF-DF-ALS,0.31325
HyTeG,random,2,7,2,MDP_MF-DF-PCI,0.31325
HyTeG,random,2,7,2,MD_MF-DF,0.31325
HyTeG,random,2,7,2,PCI,0.42090909090909084
HyTeG,random,2,7,3,ALS,0.19708333333333328
HyTeG,random,2,7,3,AP_ALS-PCI,0.19708333333333328
HyTeG,random,2,7,3,Default,0.26645021645021644
HyTeG,random,2,7,3,MDAP_MF-DF-ALS-PCI,0.13899999999999996
HyTeG,random,2,7,3,MDA_MF-DF-ALS,0.13899999999999996
HyTeG,random,2,7,3,MDP_MF-DF-PCI,0.13899999999999996
HyTeG,random,2,7,3,MD_MF-DF,0.13899999999999996
HyTeG,random,2,7,3,PCI,0.22165680473372773
HyTeG,random,3,12,1,ALS,0.6363636363636364
HyTeG,random,3,12,1,AP_ALS-PCI,0.6363636363636364
HyTeG,random,3,12,1,Default,0.6923076923076921
HyTeG,random,3,12,1,MDAP_MF-DF-ALS-PCI,0.5999999999999999
HyTeG,random,3,12,1,MDA_MF-DF-ALS,0.5999999999999999
HyTeG,random,3,12,1,MDP_MF-DF-PCI,0.5999999999999999
HyTeG,random,3,12,1,MD_MF-DF,0.5999999999999999
HyTeG,random,3,12,1,PCI,0.6923076923076921
HyTeG,random,3,12,2,ALS,0.37920000000000004
HyTeG,random,3,12,2,AP_ALS-PCI,0.37920000000000004
HyTeG,random,3,12,2,Default,0.46342465753424655
HyTeG,random,3,12,2,MDAP_MF-DF-ALS-PCI,0.324
HyTeG,random,3,12,2,MDA_MF-DF-ALS,0.324
HyTeG,random,3,12,2,MDP_MF-DF-PCI,0.324
HyTeG,random,3,12,2,MD_MF-DF,0.324
HyTeG,random,3,12,2,PCI,0.4374242424242423
HyTeG,random,3,12,3,ALS,0.20733333333333326
HyTeG,random,3,12,3,AP_ALS-PCI,0.20733333333333326
HyTeG,random,3,12,3,Default,0.2928571428571428
HyTeG,random,3,12,3,MDAP_MF-DF-ALS-PCI,0.1489999999999999
HyTeG,random,3,12,3,MDA_MF-DF-ALS,0.1489999999999999
HyTeG,random,3,12,3,MDP_MF-DF-PCI,0.1489999999999999
HyTeG,random,3,12,3,MD_MF-DF,0.1489999999999999
HyTeG,random,3,12,3,PCI,0.24189349112426026
HyTeG,solver,1,2,1,ALS,0.5454545454545454
HyTeG,solver,1,2,1,AP_ALS-PCI,0.5454545454545454
HyTeG,solver,1,2,1,Default,0.5353846153846153
HyTeG,solver,1,2,1,MDAP_MF-DF-ALS-PCI,0.5
HyTeG,solver,1,2,1,MDA_MF-DF-ALS,0.5
HyTeG,solver,1,2,1,MDP_MF-DF-PCI,0.5
HyTeG,solver,1,2,1,MD_MF-DF,0.5
HyTeG,solver,1,2,1,PCI,0.5353846153846153
HyTeG,solver,1,2,2,ALS,0.28
HyTeG,solver,1,2,2,AP_ALS-PCI,0.28
HyTeG,solver,1,2,2,Default,0.2745205479452055
HyTeG,solver,1,2,2,MDAP_MF-DF-ALS-PCI,0.225
HyTeG,solver,1,2,2,MDA_MF-DF-ALS,0.225
HyTeG,solver,1,2,2,MDP_MF-DF-PCI,0.225
HyTeG,solver,1,2,2,MD_MF-DF,0.225
HyTeG,solver,1,2,2,PCI,0.27121212121212124
HyTeG,solver,1,2,3,ALS,0.1333333333333333
HyTeG,solver,1,2,3,AP_ALS-PCI,0.1333333333333333
HyTeG,solver,1,2,3,Default,0.13471861471861465
HyTeG,solver,1,2,3,MDAP_MF-DF-ALS-PCI,0.0874999999999999
HyTeG,solver,1,2,3,MDA_MF-DF-ALS,0.0874999999999999
HyTeG,solver,1,2,3,MDP_MF-DF-PCI,0.0874999999999999
HyTeG,solver,1,2,3,MD_MF-DF,0.0874999999999999
HyTeG,solver,1,2,3,PCI,0.12816568047337273
HyTeG,solver,2,7,1,ALS,0.6363636363636364
HyTeG,solver,2,7,1,AP_ALS-PCI,0.6363636363636364
HyTeG,solver,2,7,1,Default,0.6923076923076921
HyTeG,solver,2,7,1,MDAP_MF-DF-ALS-PCI,0.5999999999999999
HyTeG,solver,2,7,1,MDA_MF-DF-ALS,0.5999999999999999
HyTeG,solver,2,7,1,MDP_MF-DF-PCI,0.5999999999999999
HyTeG,solver,2,7,1,MD_MF-DF,0.5999999999999999
HyTeG,solver,2,7,1,PCI,0.6923076923076921
HyTeG,solver,2,7,2,ALS,0.38
HyTeG,solver,2,7,2,AP_ALS-PCI,0.38
HyTeG,solver,2,7,2,Default,0.45013698630136983
HyTeG,solver,2,7,2,MDAP_MF-DF-ALS-PCI,0.325
HyTeG,solver,2,7,2,MDA_MF-DF-ALS,0.325
HyTeG,solver,2,7,2,MDP_MF-DF-PCI,0.325
HyTeG,solver,2,7,2,MD_MF-DF,0.325
HyTeG,solver,2,7,2,PCI,0.42636363636363633
HyTeG,solver,2,7,3,ALS,0.2083333333333333
HyTeG,solver,2,7,3,AP_ALS-PCI,0.2083333333333333
HyTeG,solver,2,7,3,Default,0.26874458874458873
HyTeG,solver,2,7,3,MDAP_MF-DF-ALS-PCI,0.1499999999999999
HyTeG,solver,2,7,3,MDA_MF-DF-ALS,0.1499999999999999
HyTeG,solver,2,7,3,MDP_MF-DF-PCI,0.1499999999999999
HyTeG,solver,2,7,3,MD_MF-DF,0.1499999999999999
HyTeG,solver,2,7,3,PCI,0.2301183431952662
HyTeG,solver,3,12,1,ALS,0.6363636363636364
HyTeG,solver,3,12,1,AP_ALS-PCI,0.6363636363636364
HyTeG,solver,3,12,1,Default,0.6923076923076921
HyTeG,solver,3,12,1,MDAP_MF-DF-ALS-PCI,0.5999999999999999
HyTeG,solver,3,12,1,MDA_MF-DF-ALS,0.5999999999999999
HyTeG,solver,3,12,1,MDP_MF-DF-PCI,0.5999999999999999
HyTeG,solver,3,12,1,MD_MF-DF,0.5999999999999999
HyTeG,solver,3,12,1,PCI,0.6923076923076921
HyTeG,solver,3,12,2,ALS,0.38
HyTeG,solver,3,12,2,AP_ALS-PCI,0.38
HyTeG,solver,3,12,2,Default,0.4657534246575342
HyTeG,solver,3,12,2,MDAP_MF-DF-ALS-PCI,0.325
HyTeG,solver,3,12,2,MDA_MF-DF-ALS,0.325
HyTeG,solver,3,12,2,MDP_MF-DF-PCI,0.325
HyTeG,solver,3,12,2,MD_MF-DF,0.325
HyTeG,solver,3,12,2,PCI,0.4393939393939393
HyTeG,solver,3,12,3,ALS,0.2083333333333333
HyTeG,solver,3,12,3,AP_ALS-PCI,0.2083333333333333
HyTeG,solver,3,12,3,Default,0.29004329004329
HyTeG,solver,3,12,3,MDAP_MF-DF-ALS-PCI,0.1499999999999999
HyTeG,solver,3,12,3,MDA_MF-DF-ALS,0.1499999999999999
HyTeG,solver,3,12,3,MDP_MF-DF-PCI,0.1499999999999999
HyTeG,solver,3,12,3,MD_MF-DF,0.1499999999999999
HyTeG,solver,3,12,3,PCI,0.2401775147928993
JavaGC,distance,1,7,1,ALS,0.714
JavaGC,distance,1,7,1,AP_ALS-PCI,0.714
JavaGC,distance,1,7,1,Default,0.6687323943661971
JavaGC,distance,1,7,1,MDAP_MF-DF-ALS-PCI,0.71375
JavaGC,distance,1,7,1,MDA_MF-DF-ALS,0.71375
JavaGC,distance,1,7,1,MDP_MF-DF-PCI,0.71375
JavaGC,distance,1,7,1,MD_MF-DF,0.71375
JavaGC,distance,1,7,1,PCI,0.6687323943661971
JavaGC,distance,1,7,2,ALS,0.46097793380140417
JavaGC,distance,1,7,2,AP_ALS-PCI,0.4610356963298139
JavaGC,distance,1,7,2,Default,0.39851187994997916
JavaGC,distance,1,7,2,MDAP_MF-DF-ALS-PCI,0.4640829015544041
JavaGC,distance,1,7,2,MDA_MF-DF-ALS,0.4640829015544041
JavaGC,distance,1,7,2,MDP_MF-DF-PCI,0.4640829015544041
JavaGC,distance,1,7,2,MD_MF-DF,0.4640829015544041
JavaGC,distance,1,7,2,PCI,0.4035493434985175
JavaGC,distance,1,7,3,ALS,0.28065795625746787
JavaGC,distance,1,7,3,AP_ALS-PCI,0.28113042567673696
JavaGC,distance,1,7,3,Default,0.22156305264589846
JavaGC,distance,1,7,3,MDAP_MF-DF-ALS-PCI,0.2856059943119667
JavaGC,distance,1,7,3,MDA_MF-DF-ALS,0.2856059943119667
JavaGC,distance,1,7,3,MDP_MF-DF-PCI,0.2856059943119667
JavaGC,distance,1,7,3,MD_MF-DF,0.2856059943119667
JavaGC,distance,1,7,3,PCI,0.2303960698778971
JavaGC,distance,2,45,1,ALS,0.7992307692307692
JavaGC,distance,2,45,1,AP_ALS-PCI,0.7992307692307692
JavaGC,distance,2,45,1,Default,0.7864788732394367
JavaGC,distance,2,45,1,MDAP_MF-DF-ALS-PCI,0.79609375
JavaGC,distance,2,45,1,MDA_MF-DF-ALS,0.79609375
JavaGC,distance,2,45,1,MDP_MF-DF-PCI,0.79609375
JavaGC,distance,2,45,1,MD_MF-DF,0.79609375
JavaGC,distance,2,45,1,PCI,0.7864788732394367
JavaGC,distance,2,45,2,ALS,0.571654964894684
JavaGC,distance,2,45,2,AP_ALS-PCI,0.5715837104072398
JavaGC,distance,2,45,2,Default,0.533843268028345
JavaGC,distance,2,45,2,MDAP_MF-DF-ALS-PCI,0.5723730569948186
JavaGC,distance,2,45,2,MDA_MF-DF-ALS,0.5723730569948186
JavaGC,distance,2,45,2,MDP_MF-DF-PCI,0.5723730569948186
JavaGC,distance,2,45,2,MD_MF-DF,0.5723730569948186
JavaGC,distance,2,45,2,PCI,0.5386785260482846
JavaGC,distance,2,45,3,ALS,0.3851184477115694
JavaGC,distance,2,45,3,AP_ALS-PCI,0.38553563013770353
JavaGC,distance,2,45,3,Default,0.33499698777620146
JavaGC,distance,2,45,3,MDAP_MF-DF-ALS-PCI,0.38944240866331215
JavaGC,distance,2,45,3,MDA_MF-DF-ALS,0.38944240866331215
JavaGC,distance,2,45,3,MDP_MF-DF-PCI,0.38944240866331215
JavaGC,distance,2,45,3,MD_MF-DF,0.38944240866331215
JavaGC,distance,2,45,3,PCI,0.34530586868336827
JavaGC,distance,3,198,1,ALS,0.8370769230769232
JavaGC,distance,3,198,1,AP_ALS-PCI,0.8370769230769232
JavaGC,distance,3,198,1,Default,0.8507042253521127
JavaGC,distance,3,198,1,MDAP_MF-DF-ALS-PCI,0.83453125
JavaGC,distance,3,198,1,MDA_MF-DF-ALS,0.83453125
JavaGC,distance,3,198,1,MDP_MF-DF-PCI,0.83453125
JavaGC,distance,3,198,1,MD_MF-DF,0.83453125
JavaGC,distance,3,198,1,PCI,0.8507042253521127
JavaGC,distance,3,198,2,ALS,0.6378736208625877
JavaGC,distance,3,198,2,AP_ALS-PCI,0.6379688285570638
JavaGC,distance,3,198,2,Default,0.6289245518966236
JavaGC,distance,3,198,2,MDAP_MF-DF-ALS-PCI,0.6370103626943004
JavaGC,distance,3,198,2,MDA_MF-DF-ALS,0.6370103626943004
JavaGC,distance,3,198,2,MDP_MF-DF-PCI,0.6370103626943004
JavaGC,distance,3,198,2,MD_MF-DF,0.6370103626943004
JavaGC,distance,3,198,2,PCI,0.6339728928420161
JavaGC,distance,3,198,3,ALS,0.45835731726323437
JavaGC,distance,3,198,3,AP_ALS-PCI,0.45877716110791134
JavaGC,distance,3,198,3,Default,0.42844083409448663
JavaGC,distance,3,198,3,MDAP_MF-DF-ALS-PCI,0.459998359221177
JavaGC,distance,3,198,3,MDA_MF-DF-ALS,0.459998359221177
JavaGC,distance,3,198,3,MDP_MF-DF-PCI,0.459998359221177
JavaGC,distance,3,198,3,MD_MF-DF,0.459998359221177
JavaGC,distance,3,198,3,PCI,0.4400350612552744
JavaGC,random,1,7,1,ALS,0.7895384615384615
JavaGC,random,1,7,1,AP_ALS-PCI,0.7895384615384615
JavaGC,random,1,7,1,Default,0.7939436619718311
JavaGC,random,1,7,1,MDAP_MF-DF-ALS-PCI,0.78640625
JavaGC,random,1,7,1,MDA_MF-DF-ALS,0.78640625
JavaGC,random,1,7,1,MDP_MF-DF-PCI,0.78640625
JavaGC,random,1,7,1,MD_MF-DF,0.78640625
JavaGC,random,1,7,1,PCI,0.7939436619718311
JavaGC,random,1,7,2,ALS,0.5548595787362086
JavaGC,random,1,7,2,AP_ALS-PCI,0.5548516842634489
JavaGC,random,1,7,2,Default,0.5425385577323885
JavaGC,random,1,7,2,MDAP_MF-DF-ALS-PCI,0.5507668393782383
JavaGC,random,1,7,2,MDA_MF-DF-ALS,0.5507668393782383
JavaGC,random,1,7,2,MDP_MF-DF-PCI,0.5507668393782383
JavaGC,random,1,7,2,MD_MF-DF,0.5507668393782383
JavaGC,random,1,7,2,PCI,0.546581956797967
JavaGC,random,1,7,3,ALS,0.36193802275442877
JavaGC,random,1,7,3,AP_ALS-PCI,0.3620273312738886
JavaGC,random,1,7,3,Default,0.337714207979478
JavaGC,random,1,7,3,MDAP_MF-DF-ALS-PCI,0.35871089477138474
JavaGC,random,1,7,3,MDA_MF-DF-ALS,0.35871089477138474
JavaGC,random,1,7,3,MDP_MF-DF-PCI,0.35871089477138474
JavaGC,random,1,7,3,MD_MF-DF,0.35871089477138474
JavaGC,random,1,7,3,PCI,0.3459669364208981
JavaGC,random,2,45,1,ALS,0.8613846153846153
JavaGC,random,2,45,1,AP_ALS-PCI,0.8613846153846153
JavaGC,random,2,45,1,Default,0.8729577464788731
JavaGC,random,2,45,1,MDAP_MF-DF-ALS-PCI,0.85921875
JavaGC,random,2,45,1,MDA_MF-DF-ALS,0.85921875
JavaGC,random,2,45,1,MDP_MF-DF-PCI,0.85921875
JavaGC,random,2,45,1,MD_MF-DF,0.85921875
JavaGC,random,2,45,1,PCI,0.8729577464788731
JavaGC,random,2,45,2,ALS,0.7182748244734202
JavaGC,random,2,45,2,AP_ALS-PCI,0.718572146807441
JavaGC,random,2,45,2,Default,0.7279199666527719
JavaGC,random,2,45,2,MDAP_MF-DF-ALS-PCI,0.7137668393782383
JavaGC,random,2,45,2,MDA_MF-DF-ALS,0.7137668393782383
JavaGC,random,2,45,2,MDP_MF-DF-PCI,0.7137668393782383
JavaGC,random,2,45,2,MD_MF-DF,0.7137668393782383
JavaGC,random,2,45,2,PCI,0.7333079203727233
JavaGC,random,2,45,3,ALS,0.5665104680762636
JavaGC,random,2,45,3,AP_ALS-PCI,0.5669705220168595
JavaGC,random,2,45,3,Default,0.5621132207474201
JavaGC,random,2,45,3,MDAP_MF-DF-ALS-PCI,0.5605026252461167
JavaGC,random,2,45,3,MDA_MF-DF-ALS,0.5605026252461167
JavaGC,random,2,45,3,MDP_MF-DF-PCI,0.5605026252461167
JavaGC,random,2,45,3,MD_MF-DF,0.5605026252461167
JavaGC,random,2,45,3,PCI,0.5744966059889516
JavaGC,random,3,198,1,ALS,0.8615384615384615
JavaGC,random,3,198,1,AP_ALS-PCI,0.8615384615384615
JavaGC,random,3,198,1,Default,0.8732394366197181
JavaGC,random,3,198,1,MDAP_MF-DF-ALS-PCI,0.859375
JavaGC,random,3,198,1,MDA_MF-DF-ALS,0.859375
JavaGC,random,3,198,1,MDP_MF-DF-PCI,0.859375
JavaGC,random,3,198,1,MD_MF-DF,0.859375
JavaGC,random,3,198,1,PCI,0.8732394366197181
JavaGC,random,3,198,2,ALS,0.7330892678034101
JavaGC,random,3,198,2,AP_ALS-PCI,0.7334238310708898
JavaGC,random,3,198,2,Default,0.746802834514381
JavaGC,random,3,198,2,MDAP_MF-DF-ALS-PCI,0.7289015544041451
JavaGC,random,3,198,2,MDA_MF-DF-ALS,0.7289015544041451
JavaGC,random,3,198,2,MDP_MF-DF-PCI,0.7289015544041451
JavaGC,random,3,198,2,MD_MF-DF,0.7289015544041451
JavaGC,random,3,198,2,PCI,0.7524692926725963
JavaGC,random,3,198,3,ALS,0.6120925762377266
JavaGC,random,3,198,3,AP_ALS-PCI,0.6127899366458976
JavaGC,random,3,198,3,Default,0.6197998328701634
JavaGC,random,3,198,3,MDAP_MF-DF-ALS-PCI,0.6060339641216363
JavaGC,random,3,198,3,MDA_MF-DF-ALS,0.6060339641216363
JavaGC,random,3,198,3,MDP_MF-DF-PCI,0.6060339641216363
JavaGC,random,3,198,3,MD_MF-DF,0.6060339641216363
JavaGC,random,3,198,3,PCI,0.6336074362476303
JavaGC,solver,1,7,1,ALS,0.5912307692307692
JavaGC,solver,1,7,1,AP_ALS-PCI,0.5912307692307692
JavaGC,solver,1,7,1,Default,0.592394366197183
JavaGC,solver,1,7,1,MDAP_MF-DF-ALS-PCI,0.591875
JavaGC,solver,1,7,1,MDA_MF-DF-ALS,0.591875
JavaGC,solver,1,7,1,MDP_MF-DF-PCI,0.591875
JavaGC,solver,1,7,1,MD_MF-DF,0.591875
JavaGC,solver,1,7,1,PCI,0.592394366197183
JavaGC,solver,1,7,2,ALS,0.34276328986960874
JavaGC,solver,1,7,2,AP_ALS-PCI,0.34303167420814473
JavaGC,solver,1,7,2,Default,0.34057523968320136
JavaGC,solver,1,7,2,MDAP_MF-DF-ALS-PCI,0.3438445595854922
JavaGC,solver,1,7,2,MDA_MF-DF-ALS,0.3438445595854922
JavaGC,solver,1,7,2,MDP_MF-DF-PCI,0.3438445595854922
JavaGC,solver,1,7,2,MD_MF-DF,0.3438445595854922
JavaGC,solver,1,7,2,PCI,0.3433545108005082
JavaGC,solver,1,7,3,ALS,0.1968754220998493
JavaGC,solver,1,7,3,AP_ALS-PCI,0.19736425990889572
JavaGC,solver,1,7,3,Default,0.19259478788114343
JavaGC,solver,1,7,3,MDAP_MF-DF-ALS-PCI,0.19808165609275863
JavaGC,solver,1,7,3,MDA_MF-DF-ALS,0.19808165609275863
JavaGC,solver,1,7,3,MDP_MF-DF-PCI,0.19808165609275863
JavaGC,solver,1,7,3,MD_MF-DF,0.19808165609275863
JavaGC,solver,1,7,3,PCI,0.19735042909268807
JavaGC,solver,2,45,1,ALS,0.7518461538461538
JavaGC,solver,2,45,1,AP_ALS-PCI,0.7518461538461538
JavaGC,solver,2,45,1,Default,0.7574647887323944
JavaGC,solver,2,45,1,MDAP_MF-DF-ALS-PCI,0.74796875
JavaGC,solver,2,45,1,MDA_MF-DF-ALS,0.74796875
JavaGC,solver,2,45,1,MDP_MF-DF-PCI,0.74796875
JavaGC,solver,2,45,1,MD_MF-DF,0.74796875
JavaGC,solver,2,45,1,PCI,0.7574647887323944
JavaGC,solver,2,45,2,ALS,0.5252206619859578
JavaGC,solver,2,45,2,AP_ALS-PCI,0.5251131221719456
JavaGC,solver,2,45,2,Default,0.5242642767819925
JavaGC,solver,2,45,2,MDAP_MF-DF-ALS-PCI,0.5202124352331606
JavaGC,solver,2,45,2,MDA_MF-DF-ALS,0.5202124352331606
JavaGC,solver,2,45,2,MDP_MF-DF-PCI,0.5202124352331606
JavaGC,solver,2,45,2,MD_MF-DF,0.5202124352331606
JavaGC,solver,2,45,2,PCI,0.5277763659466327
JavaGC,solver,2,45,3,ALS,0.3508174450620811
JavaGC,solver,2,45,3,AP_ALS-PCI,0.3506722865071469
JavaGC,solver,2,45,3,Default,0.3428742445148376
JavaGC,solver,2,45,3,MDAP_MF-DF-ALS-PCI,0.3462568365784292
JavaGC,solver,2,45,3,MDA_MF-DF-ALS,0.3462568365784292
JavaGC,solver,2,45,3,MDP_MF-DF-PCI,0.3462568365784292
JavaGC,solver,2,45,3,MD_MF-DF,0.3462568365784292
JavaGC,solver,2,45,3,PCI,0.3500644148643414
JavaGC,solver,3,198,1,ALS,0.8476923076923076
JavaGC,solver,3,198,1,AP_ALS-PCI,0.8476923076923076
JavaGC,solver,3,198,1,Default,0.860281690140845
JavaGC,solver,3,198,1,MDAP_MF-DF-ALS-PCI,0.8453125
JavaGC,solver,3,198,1,MDA_MF-DF-ALS,0.8453125
JavaGC,solver,3,198,1,MDP_MF-DF-PCI,0.8453125
JavaGC,solver,3,198,1,MD_MF-DF,0.8453125
JavaGC,solver,3,198,1,PCI,0.860281690140845
JavaGC,solver,3,198,2,ALS,0.6692678034102306
JavaGC,solver,3,198,2,AP_ALS-PCI,0.6694670688788336
JavaGC,solver,3,198,2,Default,0.6780533555648186
JavaGC,solver,3,198,2,MDAP_MF-DF-ALS-PCI,0.6646735751295337
JavaGC,solver,3,198,2,MDA_MF-DF-ALS,0.6646735751295337
JavaGC,solver,3,198,2,MDP_MF-DF-PCI,0.6646735751295337
JavaGC,solver,3,198,2,MD_MF-DF,0.6646735751295337
JavaGC,solver,3,198,2,PCI,0.6829097839898347
JavaGC,solver,3,198,3,ALS,0.4997716764507247
JavaGC,solver,3,198,3,AP_ALS-PCI,0.5000596889889523
JavaGC,solver,3,198,3,Default,0.4981979128204131
JavaGC,solver,3,198,3,MDAP_MF-DF-ALS-PCI,0.49414050535987747
JavaGC,solver,3,198,3,MDA_MF-DF-ALS,0.49414050535987747
JavaGC,solver,3,198,3,MDP_MF-DF-PCI,0.49414050535987747
JavaGC,solver,3,198,3,MD_MF-DF,0.49414050535987747
JavaGC,solver,3,198,3,PCI,0.5089031127056282
LLVM,distance,1,2,1,ALS,0.6747619047619047
LLVM,distance,1,2,1,AP_ALS-PCI,0.6747619047619047
LLVM,distance,1,2,1,Default,0.644090909090909
LLVM,distance,1,2,1,MDAP_MF-DF-ALS-PCI,0.694
LLVM,distance,1,2,1,MDA_MF-DF-ALS,0.694
LLVM,distance,1,2,1,MDP_MF-DF-PCI,0.694
LLVM,distance,1,2,1,MD_MF-DF,0.694
LLVM,distance,1,2,1,PCI,0.644090909090909
LLVM,distance,1,2,2,ALS,0.37294999999999995
LLVM,distance,1,2,2,AP_ALS-PCI,0.3799473684210526
LLVM,distance,1,2,2,Default,0.33751131221719455
LLVM,distance,1,2,2,MDAP_MF-DF-ALS-PCI,0.39822222222222214
LLVM,distance,1,2,2,MDA_MF-DF-ALS,0.39822222222222214
LLVM,distance,1,2,2,MDP_MF-DF-PCI,0.39822222222222214
LLVM,distance,1,2,2,MD_MF-DF,0.39822222222222214
LLVM,distance,1,2,2,PCI,0.3437619047619047
LLVM,distance,1,2,3,ALS,0.19228947368421045
LLVM,distance,1,2,3,AP_ALS-PCI,0.20526368159203975
LLVM,distance,1,2,3,Default,0.16358955223880592
LLVM,distance,1,2,3,MDAP_MF-DF-ALS-PCI,0.21465624999999997
LLVM,distance,1,2,3,MDA_MF-DF-ALS,0.21465624999999997
LLVM,distance,1,2,3,MDP_MF-DF-PCI,0.21465624999999997
LLVM,distance,1,2,3,MD_MF-DF,0.21465624999999997
LLVM,distance,1,2,3,PCI,0.17408438818565397
LLVM,distance,2,9,1,ALS,0.92
LLVM,distance,2,9,1,AP_ALS-PCI,0.92
LLVM,distance,2,9,1,Default,0.8781818181818182
LLVM,distance,2,9,1,MDAP_MF-DF-ALS-PCI,0.9225
LLVM,distance,2,9,1,MDA_MF-DF-ALS,0.9225
LLVM,distance,2,9,1,MDP_MF-DF-PCI,0.9225
LLVM,distance,2,9,1,MD_MF-DF,0.9225
LLVM,distance,2,9,1,PCI,0.8781818181818182
LLVM,distance,2,9,2,ALS,0.6803999999999999
LLVM,distance,2,9,2,AP_ALS-PCI,0.6774210526315789
LLVM,distance,2,9,2,Default,0.6157466063348416
LLVM,distance,2,9,2,MDAP_MF-DF-ALS-PCI,0.7025555555555555
LLVM,distance,2,9,2,MDA_MF-DF-ALS,0.7025555555555555
LLVM,distance,2,9,2,MDP_MF-DF-PCI,0.7025555555555555
LLVM,distance,2,9,2,MD_MF-DF,0.7025555555555555
LLVM,distance,2,9,2,PCI,0.6129047619047618
LLVM,distance,2,9,3,ALS,0.4369649122807017
LLVM,distance,2,9,3,AP_ALS-PCI,0.4513432835820895
LLVM,distance,2,9,3,Default,0.3717462686567164
LLVM,distance,2,9,3,MDAP_MF-DF-ALS-PCI,0.4698958333333333
LLVM,distance,2,9,3,MDA_MF-DF-ALS,0.4698958333333333
LLVM,distance,2,9,3,MDP_MF-DF-PCI,0.4698958333333333
LLVM,distance,2,9,3,MD_MF-DF,0.4698958333333333
LLVM,distance,2,9,3,PCI,0.3827848101265823
LLVM,distance,3,18,1,ALS,0.95
LLVM,distance,3,18,1,AP_ALS-PCI,0.95
LLVM,distance,3,18,1,Default,0.9068181818181817
LLVM,distance,3,18,1,MDAP_MF-DF-ALS-PCI,0.948
LLVM,distance,3,18,1,MDA_MF-DF-ALS,0.948
LLVM,distance,3,18,1,MDP_MF-DF-PCI,0.948
LLVM,distance,3,18,1,MD_MF-DF,0.948
LLVM,distance,3,18,1,PCI,0.9068181818181817
LLVM,distance,3,18,2,ALS,0.7963
LLVM,distance,3,18,2,AP_ALS-PCI,0.7916842105263158
LLVM,distance,3,18,2,Default,0.7206334841628959
LLVM,distance,3,18,2,MDAP_MF-DF-ALS-PCI,0.8066666666666665
LLVM,distance,3,18,2,MDA_MF-DF-ALS,0.8066666666666665
LLVM,distance,3,18,2,MDP_MF-DF-PCI,0.8066666666666665
LLVM,distance,3,18,2,MD_MF-DF,0.8066666666666665
LLVM,distance,3,18,2,PCI,0.7162857142857142
LLVM,distance,3,18,3,ALS,0.571140350877193
LLVM,distance,3,18,3,AP_ALS-PCI,0.5798805970149253
LLVM,distance,3,18,3,Default,0.48589552238805966
LLVM,distance,3,18,3,MDAP_MF-DF-ALS-PCI,0.5958749999999999
LLVM,distance,3,18,3,MDA_MF-DF-ALS,0.5958749999999999
LLVM,distance,3,18,3,MDP_MF-DF-PCI,0.5958749999999999
LLVM,distance,3,18,3,MD_MF-DF,0.5958749999999999
LLVM,distance,3,18,3,PCI,0.49179746835443033
LLVM,random,1,2,1,ALS,0.7261904761904762
LLVM,random,1,2,1,AP_ALS-PCI,0.7261904761904762
LLVM,random,1,2,1,Default,0.6931818181818181
LLVM,random,1,2,1,MDAP_MF-DF-ALS-PCI,0.7234999999999999
LLVM,random,1,2,1,MDA_MF-DF-ALS,0.7234999999999999
LLVM,random,1,2,1,MDP_MF-DF-PCI,0.7234999999999999
LLVM,random,1,2,1,MD_MF-DF,0.7234999999999999
LLVM,random,1,2,1,PCI,0.6931818181818181
LLVM,random,1,2,2,ALS,0.42824999999999996
LLVM,random,1,2,2,AP_ALS-PCI,0.428
LLVM,random,1,2,2,Default,0.3875565610859728
LLVM,random,1,2,2,MDAP_MF-DF-ALS-PCI,0.42388888888888887
LLVM,random,1,2,2,MDA_MF-DF-ALS,0.42388888888888887
LLVM,random,1,2,2,MDP_MF-DF-PCI,0.42388888888888887
LLVM,random,1,2,2,MD_MF-DF,0.42388888888888887
LLVM,random,1,2,2,PCI,0.3872380952380952
LLVM,random,1,2,3,ALS,0.23327192982456135
LLVM,random,1,2,3,AP_ALS-PCI,0.23236815920398005
LLVM,random,1,2,3,Default,0.19845522388059694
LLVM,random,1,2,3,MDAP_MF-DF-ALS-PCI,0.22905208333333327
LLVM,random,1,2,3,MDA_MF-DF-ALS,0.22905208333333327
LLVM,random,1,2,3,MDP_MF-DF-PCI,0.22905208333333327
LLVM,random,1,2,3,MD_MF-DF,0.22905208333333327
LLVM,random,1,2,3,PCI,0.19707172995780586
LLVM,random,2,9,1,ALS,0.9519047619047619
LLVM,random,2,9,1,AP_ALS-PCI,0.9519047619047619
LLVM,random,2,9,1,Default,0.9086363636363635
LLVM,random,2,9,1,MDAP_MF-DF-ALS-PCI,0.95
LLVM,random,2,9,1,MDA_MF-DF-ALS,0.95
LLVM,random,2,9,1,MDP_MF-DF-PCI,0.95
LLVM,random,2,9,1,MD_MF-DF,0.95
LLVM,random,2,9,1,PCI,0.9086363636363635
LLVM,random,2,9,2,ALS,0.8504499999999999
LLVM,random,2,9,2,AP_ALS-PCI,0.8505263157894737
LLVM,random,2,9,2,Default,0.7696380090497738
LLVM,random,2,9,2,MDAP_MF-DF-ALS-PCI,0.8458888888888889
LLVM,random,2,9,2,MDA_MF-DF-ALS,0.8458888888888889
LLVM,random,2,9,2,MDP_MF-DF-PCI,0.8458888888888889
LLVM,random,2,9,2,MD_MF-DF,0.8458888888888889
LLVM,random,2,9,2,PCI,0.7695238095238095
LLVM,random,2,9,3,ALS,0.6434473684210527
LLVM,random,2,9,3,AP_ALS-PCI,0.6423184079601989
LLVM,random,2,9,3,Default,0.5474104477611941
LLVM,random,2,9,3,MDAP_MF-DF-ALS-PCI,0.6364166666666666
LLVM,random,2,9,3,MDA_MF-DF-ALS,0.6364166666666666
LLVM,random,2,9,3,MDP_MF-DF-PCI,0.6364166666666666
LLVM,random,2,9,3,MD_MF-DF,0.6364166666666666
LLVM,random,2,9,3,PCI,0.5447510548523207
LLVM,random,3,18,1,ALS,0.9523809523809524
LLVM,random,3,18,1,AP_ALS-PCI,0.9523809523809524
LLVM,random,3,18,1,Default,0.909090909090909
LLVM,random,3,18,1,MDAP_MF-DF-ALS-PCI,0.95
LLVM,random,3,18,1,MDA_MF-DF-ALS,0.95
LLVM,random,3,18,1,MDP_MF-DF-PCI,0.95
LLVM,random,3,18,1,MD_MF-DF,0.95
LLVM,random,3,18,1,PCI,0.909090909090909
LLVM,random,3,18,2,ALS,0.9007999999999999
LLVM,random,3,18,2,AP_ALS-PCI,0.9010526315789472
LLVM,random,3,18,2,Default,0.8152036199095022
LLVM,random,3,18,2,MDAP_MF-DF-ALS-PCI,0.8959999999999999
LLVM,random,3,18,2,MDA_MF-DF-ALS,0.8959999999999999
LLVM,random,3,18,2,MDP_MF-DF-PCI,0.8959999999999999
LLVM,random,3,18,2,MD_MF-DF,0.8959999999999999
LLVM,random,3,18,2,PCI,0.8152380952380952
LLVM,random,3,18,3,ALS,0.7953947368421052
LLVM,random,3,18,3,AP_ALS-PCI,0.7953432835820895
LLVM,random,3,18,3,Default,0.6766791044776119
LLVM,random,3,18,3,MDAP_MF-DF-ALS-PCI,0.7890625
LLVM,random,3,18,3,MDA_MF-DF-ALS,0.7890625
LLVM,random,3,18,3,MDP_MF-DF-PCI,0.7890625
LLVM,random,3,18,3,MD_MF-DF,0.7890625
LLVM,random,3,18,3,PCI,0.6745316455696202
LLVM,solver,1,2,1,ALS,0.5447619047619048
LLVM,solver,1,2,1,AP_ALS-PCI,0.5447619047619048
LLVM,solver,1,2,1,Default,0.52
LLVM,solver,1,2,1,MDAP_MF-DF-ALS-PCI,0.55
LLVM,solver,1,2,1,MDA_MF-DF-ALS,0.55
LLVM,solver,1,2,1,MDP_MF-DF-PCI,0.55
LLVM,solver,1,2,1,MD_MF-DF,0.55
LLVM,solver,1,2,1,PCI,0.52
LLVM,solver,1,2,2,ALS,0.2942
LLVM,solver,1,2,2,AP_ALS-PCI,0.2976315789473684
LLVM,solver,1,2,2,Default,0.26624434389140267
LLVM,solver,1,2,2,MDAP_MF-DF-ALS-PCI,0.2999999999999999
LLVM,solver,1,2,2,MDA_MF-DF-ALS,0.2999999999999999
LLVM,solver,1,2,2,MDP_MF-DF-PCI,0.2999999999999999
LLVM,solver,1,2,2,MD_MF-DF,0.2999999999999999
LLVM,solver,1,2,2,PCI,0.2692857142857143
LLVM,solver,1,2,3,ALS,0.15768421052631576
LLVM,solver,1,2,3,AP_ALS-PCI,0.16182089552238804
LLVM,solver,1,2,3,Default,0.1341492537313432
LLVM,solver,1,2,3,MDAP_MF-DF-ALS-PCI,0.1625
LLVM,solver,1,2,3,MDA_MF-DF-ALS,0.1625
LLVM,solver,1,2,3,MDP_MF-DF-PCI,0.1625
LLVM,solver,1,2,3,MD_MF-DF,0.1625
LLVM,solver,1,2,3,PCI,0.1372405063291139
LLVM,solver,2,9,1,ALS,0.8780952380952382
LLVM,solver,2,9,1,AP_ALS-PCI,0.8780952380952382
LLVM,solver,2,9,1,Default,0.8381818181818183
LLVM,solver,2,9,1,MDAP_MF-DF-ALS-PCI,0.9
LLVM,solver,2,9,1,MDA_MF-DF-ALS,0.9
LLVM,solver,2,9,1,MDP_MF-DF-PCI,0.9
LLVM,solver,2,9,1,MD_MF-DF,0.9
LLVM,solver,2,9,1,PCI,0.8381818181818183
LLVM,solver,2,9,2,ALS,0.6245999999999999
LLVM,solver,2,9,2,AP_ALS-PCI,0.6375263157894736
LLVM,solver,2,9,2,Default,0.5652488687782804
LLVM,solver,2,9,2,MDAP_MF-DF-ALS-PCI,0.65
LLVM,solver,2,9,2,MDA_MF-DF-ALS,0.65
LLVM,solver,2,9,2,MDP_MF-DF-PCI,0.65
LLVM,solver,2,9,2,MD_MF-DF,0.65
LLVM,solver,2,9,2,PCI,0.5768095238095237
LLVM,solver,2,9,3,ALS,0.4030526315789473
LLVM,solver,2,9,3,AP_ALS-PCI,0.41993034825870645
LLVM,solver,2,9,3,Default,0.3428955223880596
LLVM,solver,2,9,3,MDAP_MF-DF-ALS-PCI,0.4249999999999999
LLVM,solver,2,9,3,MDA_MF-DF-ALS,0.4249999999999999
LLVM,solver,2,9,3,MDP_MF-DF-PCI,0.4249999999999999
LLVM,solver,2,9,3,MD_MF-DF,0.4249999999999999
LLVM,solver,2,9,3,PCI,0.3561434599156118
LLVM,solver,3,18,1,ALS,0.9523809523809524
LLVM,solver,3,18,1,AP_ALS-PCI,0.9523809523809524
LLVM,solver,3,18,1,Default,0.909090909090909
LLVM,solver,3,18,1,MDAP_MF-DF-ALS-PCI,0.95
LLVM,solver,3,18,1,MDA_MF-DF-ALS,0.95
LLVM,solver,3,18,1,MDP_MF-DF-PCI,0.95
LLVM,solver,3,18,1,MD_MF-DF,0.95
LLVM,solver,3,18,1,PCI,0.909090909090909
LLVM,solver,3,18,2,ALS,0.7810000000000001
LLVM,solver,3,18,2,AP_ALS-PCI,0.782
LLVM,solver,3,18,2,Default,0.7067873303167421
LLVM,solver,3,18,2,MDAP_MF-DF-ALS-PCI,0.7777777777777777
LLVM,solver,3,18,2,MDA_MF-DF-ALS,0.7777777777777777
LLVM,solver,3,18,2,MDP_MF-DF-PCI,0.7777777777777777
LLVM,solver,3,18,2,MD_MF-DF,0.7777777777777777
LLVM,solver,3,18,2,PCI,0.7075238095238094
LLVM,solver,3,18,3,ALS,0.5682105263157895
LLVM,solver,3,18,3,AP_ALS-PCI,0.5698606965174129
LLVM,solver,3,18,3,Default,0.48340298507462676
LLVM,solver,3,18,3,MDAP_MF-DF-ALS-PCI,0.565625
LLVM,solver,3,18,3,MDA_MF-DF-ALS,0.565625
LLVM,solver,3,18,3,MDP_MF-DF-PCI,0.565625
LLVM,solver,3,18,3,MD_MF-DF,0.565625
LLVM,solver,3,18,3,PCI,0.4832995780590717
PKJab,distance,1,2,1,ALS,0.6259999999999999
PKJab,distance,1,2,1,AP_ALS-PCI,0.6259999999999999
PKJab,distance,1,2,1,Default,0.6659999999999999
PKJab,distance,1,2,1,MDAP_MF-DF-ALS-PCI,0.5992857142857143
PKJab,distance,1,2,1,MDA_MF-DF-ALS,0.5992857142857143
PKJab,distance,1,2,1,MDP_MF-DF-PCI,0.62125
PKJab,distance,1,2,1,MD_MF-DF,0.62125
PKJab,distance,1,2,1,PCI,0.6659999999999999
PKJab,distance,1,2,2,ALS,0.3389583333333333
PKJab,distance,1,2,2,AP_ALS-PCI,0.32258426966292136
PKJab,distance,1,2,2,Default,0.3966101694915254
PKJab,distance,1,2,2,MDAP_MF-DF-ALS-PCI,0.2909999999999999
PKJab,distance,1,2,2,MDA_MF-DF-ALS,0.29451219512195115
PKJab,distance,1,2,2,MDP_MF-DF-PCI,0.3064423076923077
PKJab,distance,1,2,2,MD_MF-DF,0.31383177570093457
PKJab,distance,1,2,2,PCI,0.38042168674698795
PKJab,distance,1,2,3,ALS,0.17102339181286547
PKJab,distance,1,2,3,AP_ALS-PCI,0.15227941176470583
PKJab,distance,1,2,3,Default,0.22476605005440692
PKJab,distance,1,2,3,MDAP_MF-DF-ALS-PCI,0.12695833333333328
PKJab,distance,1,2,3,MDA_MF-DF-ALS,0.132076923076923
PKJab,distance,1,2,3,MDP_MF-DF-PCI,0.13845938375350136
PKJab,distance,1,2,3,MD_MF-DF,0.14818414322250634
PKJab,distance,1,2,3,PCI,0.1992894736842105
PKJab,distance,2,7,1,ALS,0.784
PKJab,distance,2,7,1,AP_ALS-PCI,0.784
PKJab,distance,2,7,1,Default,0.8314999999999999
PKJab,distance,2,7,1,MDAP_MF-DF-ALS-PCI,0.7685714285714286
PKJab,distance,2,7,1,MDA_MF-DF-ALS,0.7685714285714286
PKJab,distance,2,7,1,MDP_MF-DF-PCI,0.7975
PKJab,distance,2,7,1,MD_MF-DF,0.7975
PKJab,distance,2,7,1,PCI,0.8314999999999999
PKJab,distance,2,7,2,ALS,0.5278125
PKJab,distance,2,7,2,AP_ALS-PCI,0.5137078651685393
PKJab,distance,2,7,2,Default,0.6067796610169491
PKJab,distance,2,7,2,MDAP_MF-DF-ALS-PCI,0.48637499999999995
PKJab,distance,2,7,2,MDA_MF-DF-ALS,0.48670731707317066
PKJab,distance,2,7,2,MDP_MF-DF-PCI,0.5186538461538461
PKJab,distance,2,7,2,MD_MF-DF,0.522803738317757
PKJab,distance,2,7,2,PCI,0.593855421686747
PKJab,distance,2,7,3,ALS,0.31725146198830406
PKJab,distance,2,7,3,AP_ALS-PCI,0.29533088235294114
PKJab,distance,2,7,3,Default,0.40494015233949937
PKJab,distance,2,7,3,MDAP_MF-DF-ALS-PCI,0.2617083333333333
PKJab,distance,2,7,3,MDA_MF-DF-ALS,0.26380769230769224
PKJab,distance,2,7,3,MDP_MF-DF-PCI,0.28770308123249294
PKJab,distance,2,7,3,MD_MF-DF,0.29621483375959073
PKJab,distance,2,7,3,PCI,0.37549999999999994
PKJab,distance,3,17,1,ALS,0.8
PKJab,distance,3,17,1,AP_ALS-PCI,0.8
PKJab,distance,3,17,1,Default,0.8499999999999999
PKJab,distance,3,17,1,MDAP_MF-DF-ALS-PCI,0.7857142857142857
PKJab,distance,3,17,1,MDA_MF-DF-ALS,0.7857142857142857
PKJab,distance,3,17,1,MDP_MF-DF-PCI,0.8125
PKJab,distance,3,17,1,MD_MF-DF,0.8125
PKJab,distance,3,17,1,PCI,0.8499999999999999
PKJab,distance,3,17,2,ALS,0.5928125
PKJab,distance,3,17,2,AP_ALS-PCI,0.5832584269662922
PKJab,distance,3,17,2,Default,0.6822598870056497
PKJab,distance,3,17,2,MDAP_MF-DF-ALS-PCI,0.5613749999999998
PKJab,distance,3,17,2,MDA_MF-DF-ALS,0.5598780487804877
PKJab,distance,3,17,2,MDP_MF-DF-PCI,0.594326923076923
PKJab,distance,3,17,2,MD_MF-DF,0.5963551401869158
PKJab,distance,3,17,2,PCI,0.6732530120481927
PKJab,distance,3,17,3,ALS,0.3933333333333333
PKJab,distance,3,17,3,AP_ALS-PCI,0.37349264705882346
PKJab,distance,3,17,3,Default,0.5074102285092491
PKJab,distance,3,17,3,MDAP_MF-DF-ALS-PCI,0.3442083333333333
PKJab,distance,3,17,3,MDA_MF-DF-ALS,0.34080769230769226
PKJab,distance,3,17,3,MDP_MF-DF-PCI,0.37778711484593835
PKJab,distance,3,17,3,MD_MF-DF,0.38048593350383625
PKJab,distance,3,17,3,PCI,0.48232894736842097
PKJab,random,1,2,1,ALS,0.6233333333333333
PKJab,random,1,2,1,AP_ALS-PCI,0.6233333333333333
PKJab,random,1,2,1,Default,0.6729999999999999
PKJab,random,1,2,1,MDAP_MF-DF-ALS-PCI,0.5964285714285714
PKJab,random,1,2,1,MDA_MF-DF-ALS,0.5964285714285714
PKJab,random,1,2,1,MDP_MF-DF-PCI,0.608125
PKJab,random,1,2,1,MD_MF-DF,0.608125
PKJab,random,1,2,1,PCI,0.6729999999999999
PKJab,random,1,2,2,ALS,0.3346875
PKJab,random,1,2,2,AP_ALS-PCI,0.31595505617977526
PKJab,random,1,2,2,Default,0.4094915254237288
PKJab,random,1,2,2,MDAP_MF-DF-ALS-PCI,0.28887499999999994
PKJab,random,1,2,2,MDA_MF-DF-ALS,0.29
PKJab,random,1,2,2,MDP_MF-DF-PCI,0.29913461538461533
PKJab,random,1,2,2,MD_MF-DF,0.30214953271028033
PKJab,random,1,2,2,PCI,0.39271084337349393
PKJab,random,1,2,3,ALS,0.16669590643274848
PKJab,random,1,2,3,AP_ALS-PCI,0.14275735294117642
PKJab,random,1,2,3,Default,0.23715995647442867
PKJab,random,1,2,3,MDAP_MF-DF-ALS-PCI,0.12658333333333327
PKJab,random,1,2,3,MDA_MF-DF-ALS,0.12780769230769226
PKJab,random,1,2,3,MDP_MF-DF-PCI,0.13358543417366942
PKJab,random,1,2,3,MD_MF-DF,0.1370332480818414
PKJab,random,1,2,3,PCI,0.2105394736842105
PKJab,random,2,7,1,ALS,0.784
PKJab,random,2,7,1,AP_ALS-PCI,0.784
PKJab,random,2,7,1,Default,0.834
PKJab,random,2,7,1,MDAP_MF-DF-ALS-PCI,0.7685714285714286
PKJab,random,2,7,1,MDA_MF-DF-ALS,0.7685714285714286
PKJab,random,2,7,1,MDP_MF-DF-PCI,0.793125
PKJab,random,2,7,1,MD_MF-DF,0.793125
PKJab,random,2,7,1,PCI,0.834
PKJab,random,2,7,2,ALS,0.5355208333333333
PKJab,random,2,7,2,AP_ALS-PCI,0.5221348314606742
PKJab,random,2,7,2,Default,0.6284180790960451
PKJab,random,2,7,2,MDAP_MF-DF-ALS-PCI,0.49599999999999994
PKJab,random,2,7,2,MDA_MF-DF-ALS,0.49573170731707317
PKJab,random,2,7,2,MDP_MF-DF-PCI,0.5210576923076923
PKJab,random,2,7,2,MD_MF-DF,0.5242056074766355
PKJab,random,2,7,2,PCI,0.6166867469879517
PKJab,random,2,7,3,ALS,0.32485380116959056
PKJab,random,2,7,3,AP_ALS-PCI,0.29786764705882346
PKJab,random,2,7,3,Default,0.43701849836779105
PKJab,random,2,7,3,MDAP_MF-DF-ALS-PCI,0.27179166666666665
PKJab,random,2,7,3,MDA_MF-DF-ALS,0.2709615384615384
PKJab,random,2,7,3,MDP_MF-DF-PCI,0.2919047619047619
PKJab,random,2,7,3,MD_MF-DF,0.29526854219948845
PKJab,random,2,7,3,PCI,0.4080263157894736
PKJab,random,3,17,1,ALS,0.8
PKJab,random,3,17,1,AP_ALS-PCI,0.8
PKJab,random,3,17,1,Default,0.8499999999999999
PKJab,random,3,17,1,MDAP_MF-DF-ALS-PCI,0.7857142857142857
PKJab,random,3,17,1,MDA_MF-DF-ALS,0.7857142857142857
PKJab,random,3,17,1,MDP_MF-DF-PCI,0.8125
PKJab,random,3,17,1,MD_MF-DF,0.8125
PKJab,random,3,17,1,PCI,0.8499999999999999
PKJab,random,3,17,2,ALS,0.5979166666666667
PKJab,random,3,17,2,AP_ALS-PCI,0.5887640449438202
PKJab,random,3,17,2,Default,0.6889265536723163
PKJab,random,3,17,2,MDAP_MF-DF-ALS-PCI,0.5674999999999999
PKJab,random,3,17,2,MDA_MF-DF-ALS,0.5658536585365853
PKJab,random,3,17,2,MDP_MF-DF-PCI,0.5970192307692307
PKJab,random,3,17,2,MD_MF-DF,0.5989719626168224
PKJab,random,3,17,2,PCI,0.6803614457831325
PKJab,random,3,17,3,ALS,0.40564327485380114
PKJab,random,3,17,3,AP_ALS-PCI,0.38595588235294115
PKJab,random,3,17,3,Default,0.5282480957562568
PKJab,random,3,17,3,MDAP_MF-DF-ALS-PCI,0.3599166666666666
PKJab,random,3,17,3,MDA_MF-DF-ALS,0.35511538461538456
PKJab,random,3,17,3,MDP_MF-DF-PCI,0.38924369747899157
PKJab,random,3,17,3,MD_MF-DF,0.39030690537084395
PKJab,random,3,17,3,PCI,0.5056315789473684
PKJab,solver,1,2,1,ALS,0.5333333333333333
PKJab,solver,1,2,1,AP_ALS-PCI,0.5333333333333333
PKJab,solver,1,2,1,Default,0.5755
PKJab,solver,1,2,1,MDAP_MF-DF-ALS-PCI,0.5
PKJab,solver,1,2,1,MDA_MF-DF-ALS,0.5
PKJab,solver,1,2,1,MDP_MF-DF-PCI,0.5
PKJab,solver,1,2,1,MD_MF-DF,0.5
PKJab,solver,1,2,1,PCI,0.5755
PKJab,solver,1,2,2,ALS,0.2795833333333333
PKJab,solver,1,2,2,AP_ALS-PCI,0.2611235955056179
PKJab,solver,1,2,2,Default,0.33220338983050846
PKJab,solver,1,2,2,MDAP_MF-DF-ALS-PCI,0.24049999999999994
PKJab,solver,1,2,2,MDA_MF-DF-ALS,0.2419512195121951
PKJab,solver,1,2,2,MDP_MF-DF-PCI,0.2413461538461538
PKJab,solver,1,2,2,MD_MF-DF,0.24476635514018688
PKJab,solver,1,2,2,PCI,0.3144578313253012
PKJab,solver,1,2,3,ALS,0.14339181286549704
PKJab,solver,1,2,3,AP_ALS-PCI,0.11966911764705879
PKJab,solver,1,2,3,Default,0.19169749727965177
PKJab,solver,1,2,3,MDAP_MF-DF-ALS-PCI,0.10916666666666662
PKJab,solver,1,2,3,MDA_MF-DF-ALS,0.11230769230769223
PKJab,solver,1,2,3,MDP_MF-DF-PCI,0.11089635854341734
PKJab,solver,1,2,3,MD_MF-DF,0.11644501278772376
PKJab,solver,1,2,3,PCI,0.16736842105263153
PKJab,solver,2,7,1,ALS,0.7006666666666667
PKJab,solver,2,7,1,AP_ALS-PCI,0.7006666666666667
PKJab,solver,2,7,1,Default,0.7609999999999999
PKJab,solver,2,7,1,MDAP_MF-DF-ALS-PCI,0.6792857142857143
PKJab,solver,2,7,1,MDA_MF-DF-ALS,0.6792857142857143
PKJab,solver,2,7,1,MDP_MF-DF-PCI,0.703125
PKJab,solver,2,7,1,MD_MF-DF,0.703125
PKJab,solver,2,7,1,PCI,0.7609999999999999
PKJab,solver,2,7,2,ALS,0.44249999999999995
PKJab,solver,2,7,2,AP_ALS-PCI,0.42146067415730337
PKJab,solver,2,7,2,Default,0.5315254237288136
PKJab,solver,2,7,2,MDAP_MF-DF-ALS-PCI,0.3999999999999999
PKJab,solver,2,7,2,MDA_MF-DF-ALS,0.4020731707317073
PKJab,solver,2,7,2,MDP_MF-DF-PCI,0.4197115384615384
PKJab,solver,2,7,2,MD_MF-DF,0.42392523364485973
PKJab,solver,2,7,2,PCI,0.5144578313253012
PKJab,solver,2,7,3,ALS,0.2564327485380117
PKJab,solver,2,7,3,AP_ALS-PCI,0.22297794117647055
PKJab,solver,2,7,3,Default,0.35177366702937973
PKJab,solver,2,7,3,MDAP_MF-DF-ALS-PCI,0.2064583333333333
PKJab,solver,2,7,3,MDA_MF-DF-ALS,0.21049999999999996
PKJab,solver,2,7,3,MDP_MF-DF-PCI,0.22170868347338932
PKJab,solver,2,7,3,MD_MF-DF,0.22859335038363165
PKJab,solver,2,7,3,PCI,0.318828947368421
PKJab,solver,3,17,1,ALS,0.7293333333333334
PKJab,solver,3,17,1,AP_ALS-PCI,0.7293333333333334
PKJab,solver,3,17,1,Default,0.7924999999999999
PKJab,solver,3,17,1,MDAP_MF-DF-ALS-PCI,0.71
PKJab,solver,3,17,1,MDA_MF-DF-ALS,0.71
PKJab,solver,3,17,1,MDP_MF-DF-PCI,0.740625
PKJab,solver,3,17,1,MD_MF-DF,0.740625
PKJab,solver,3,17,1,PCI,0.7924999999999999
PKJab,solver,3,17,2,ALS,0.5008333333333332
PKJab,solver,3,17,2,AP_ALS-PCI,0.4840449438202247
PKJab,solver,3,17,2,Default,0.6004519774011299
PKJab,solver,3,17,2,MDAP_MF-DF-ALS-PCI,0.46425
PKJab,solver,3,17,2,MDA_MF-DF-ALS,0.46512195121951216
PKJab,solver,3,17,2,MDP_MF-DF-PCI,0.4964423076923077
PKJab,solver,3,17,2,MD_MF-DF,0.5003738317757008
PKJab,solver,3,17,2,PCI,0.5865662650602409
PKJab,solver,3,17,3,ALS,0.31672514619883035
PKJab,solver,3,17,3,AP_ALS-PCI,0.28511029411764705
PKJab,solver,3,17,3,Default,0.43490750816104456
PKJab,solver,3,17,3,MDAP_MF-DF-ALS-PCI,0.2676666666666666
PKJab,solver,3,17,3,MDA_MF-DF-ALS,0.2699230769230769
PKJab,solver,3,17,3,MDP_MF-DF-PCI,0.29689075630252093
PKJab,solver,3,17,3,MD_MF-DF,0.30301790281329916
PKJab,solver,3,17,3,PCI,0.4046973684210526
Polly,distance,1,5,1,ALS,0.6563157894736841
Polly,distance,1,5,1,AP_ALS-PCI,0.6563157894736841
Polly,distance,1,5,1,Default,0.6564788732394367
Polly,distance,1,5,1,MDAP_MF-DF-ALS-PCI,0.6501785714285714
Polly,distance,1,5,1,MDA_MF-DF-ALS,0.6501785714285714
Polly,distance,1,5,1,MDP_MF-DF-PCI,0.6645161290322581
Polly,distance,1,5,1,MD_MF-DF,0.6645161290322581
Polly,distance,1,5,1,PCI,0.6564788732394367
Polly,distance,1,5,2,ALS,0.4042098360655737
Polly,distance,1,5,2,AP_ALS-PCI,0.4029671052631578
Polly,distance,1,5,2,Default,0.39524324324324317
Polly,distance,1,5,2,MDAP_MF-DF-ALS-PCI,0.39471029311520106
Polly,distance,1,5,2,MDA_MF-DF-ALS,0.3948332198774676
Polly,distance,1,5,2,MDP_MF-DF-PCI,0.40857379767827523
Polly,distance,1,5,2,MD_MF-DF,0.40865819988956376
Polly,distance,1,5,2,PCI,0.3976246830092983
Polly,distance,1,5,3,ALS,0.24083026408588665
Polly,distance,1,5,3,AP_ALS-PCI,0.23888998851985271
Polly,distance,1,5,3,Default,0.22595321727718376
Polly,distance,1,5,3,MDAP_MF-DF-ALS-PCI,0.23134274143042038
Polly,distance,1,5,3,MDA_MF-DF-ALS,0.23142477029892317
Polly,distance,1,5,3,MDP_MF-DF-PCI,0.24033398821218072
Polly,distance,1,5,3,MD_MF-DF,0.24037922829000868
Polly,distance,1,5,3,PCI,0.2304064711010197
Polly,distance,2,33,1,ALS,0.8268421052631578
Polly,distance,2,33,1,AP_ALS-PCI,0.8268421052631578
Polly,distance,2,33,1,Default,0.8292957746478874
Polly,distance,2,33,1,MDAP_MF-DF-ALS-PCI,0.82375
Polly,distance,2,33,1,MDA_MF-DF-ALS,0.82375
Polly,distance,2,33,1,MDP_MF-DF-PCI,0.8246774193548386
Polly,distance,2,33,1,MD_MF-DF,0.8246774193548386
Polly,distance,2,33,1,PCI,0.8292957746478874
Polly,distance,2,33,2,ALS,0.6023868852459016
Polly,distance,2,33,2,AP_ALS-PCI,0.6017368421052631
Polly,distance,2,33,2,Default,0.5950935550935551
Polly,distance,2,33,2,MDAP_MF-DF-ALS-PCI,0.5940763462849352
Polly,distance,2,33,2,MDA_MF-DF-ALS,0.5939482641252553
Polly,distance,2,33,2,MDP_MF-DF-PCI,0.5996351575456053
Polly,distance,2,33,2,MD_MF-DF,0.599525124240751
Polly,distance,2,33,2,PCI,0.5987743026204564
Polly,distance,2,33,3,ALS,0.41056500274273167
Polly,distance,2,33,3,AP_ALS-PCI,0.4090340841613554
Polly,distance,2,33,3,Default,0.3920600609873779
Polly,distance,2,33,3,MDAP_MF-DF-ALS-PCI,0.39970898918625525
Polly,distance,2,33,3,MDA_MF-DF-ALS,0.39936515195609695
Polly,distance,2,33,3,MDP_MF-DF-PCI,0.40526159891189356
Polly,distance,2,33,3,MD_MF-DF,0.4049694267899635
Polly,distance,2,33,3,PCI,0.3997390881261783
Polly,distance,3,168,1,ALS,0.8596491228070176
Polly,distance,3,168,1,AP_ALS-PCI,0.8596491228070176
Polly,distance,3,168,1,Default,0.8732394366197181
Polly,distance,3,168,1,MDAP_MF-DF-ALS-PCI,0.8571428571428571
Polly,distance,3,168,1,MDA_MF-DF-ALS,0.8571428571428571
Polly,distance,3,168,1,MDP_MF-DF-PCI,0.8548387096774193
Polly,distance,3,168,1,MD_MF-DF,0.8548387096774193
Polly,distance,3,168,1,PCI,0.8732394366197181
Polly,distance,3,168,2,ALS,0.7044590163934425
Polly,distance,3,168,2,AP_ALS-PCI,0.7041447368421052
Polly,distance,3,168,2,Default,0.72412474012474
Polly,distance,3,168,2,MDAP_MF-DF-ALS-PCI,0.6989093387866394
Polly,distance,3,168,2,MDA_MF-DF-ALS,0.6986385296119809
Polly,distance,3,168,2,MDP_MF-DF-PCI,0.6984024322830292
Polly,distance,3,168,2,MD_MF-DF,0.6981833241303147
Polly,distance,3,168,2,PCI,0.7284530853761624
Polly,distance,3,168,3,ALS,0.5468752448867643
Polly,distance,3,168,3,AP_ALS-PCI,0.5456850480978583
Polly,distance,3,168,3,Default,0.5599561894468676
Polly,distance,3,168,3,MDAP_MF-DF-ALS-PCI,0.5381842094275813
Polly,distance,3,168,3,MDA_MF-DF-ALS,0.5376065355672889
Polly,distance,3,168,3,MDP_MF-DF-PCI,0.5386876227897839
Polly,distance,3,168,3,MD_MF-DF,0.5381933190758758
Polly,distance,3,168,3,PCI,0.5695742696697549
Polly,random,1,5,1,ALS,0.7615789473684209
Polly,random,1,5,1,AP_ALS-PCI,0.7615789473684209
Polly,random,1,5,1,Default,0.7728169014084507
Polly,random,1,5,1,MDAP_MF-DF-ALS-PCI,0.7573214285714286
Polly,random,1,5,1,MDA_MF-DF-ALS,0.7573214285714286
Polly,random,1,5,1,MDP_MF-DF-PCI,0.7625806451612902
Polly,random,1,5,1,MD_MF-DF,0.7625806451612902
Polly,random,1,5,1,PCI,0.7728169014084507
Polly,random,1,5,2,ALS,0.5168065573770491
Polly,random,1,5,2,AP_ALS-PCI,0.5160855263157894
Polly,random,1,5,2,Default,0.5193679833679833
Polly,random,1,5,2,MDAP_MF-DF-ALS-PCI,0.5077573278800273
Polly,random,1,5,2,MDA_MF-DF-ALS,0.5076378488767869
Polly,random,1,5,2,MDP_MF-DF-PCI,0.5135544499723603
Polly,random,1,5,2,MD_MF-DF,0.5134511319712866
Polly,random,1,5,2,PCI,0.5217455621301774
Polly,random,1,5,3,ALS,0.32743397852832845
Polly,random,1,5,3,AP_ALS-PCI,0.32576976366731325
Polly,random,1,5,3,Default,0.32008241015941635
Polly,random,1,5,3,MDAP_MF-DF-ALS-PCI,0.31671036699929017
Polly,random,1,5,3,MDA_MF-DF-ALS,0.316428304161643
Polly,random,1,5,3,MDP_MF-DF-PCI,0.3200598458515943
Polly,random,1,5,3,MD_MF-DF,0.3198271032260007
Polly,random,1,5,3,PCI,0.324531595272366
Polly,random,2,33,1,ALS,0.8596491228070176
Polly,random,2,33,1,AP_ALS-PCI,0.8596491228070176
Polly,random,2,33,1,Default,0.8730985915492956
Polly,random,2,33,1,MDAP_MF-DF-ALS-PCI,0.8571428571428571
Polly,random,2,33,1,MDA_MF-DF-ALS,0.8571428571428571
Polly,random,2,33,1,MDP_MF-DF-PCI,0.8548387096774193
Polly,random,2,33,1,MD_MF-DF,0.8548387096774193
Polly,random,2,33,1,PCI,0.8730985915492956
Polly,random,2,33,2,ALS,0.7118426229508197
Polly,random,2,33,2,AP_ALS-PCI,0.7115526315789473
Polly,random,2,33,2,Default,0.729970893970894
Polly,random,2,33,2,MDAP_MF-DF-ALS-PCI,0.7065848670756645
Polly,random,2,33,2,MDA_MF-DF-ALS,0.7063036078965282
Polly,random,2,33,2,MDP_MF-DF-PCI,0.7062520729684908
Polly,random,2,33,2,MD_MF-DF,0.7060242959690778
Polly,random,2,33,2,PCI,0.7343998309382924
Polly,random,2,33,3,ALS,0.5556034009873834
Polly,random,2,33,3,AP_ALS-PCI,0.5544479632635287
Polly,random,2,33,3,Default,0.5671706488593816
Polly,random,2,33,3,MDAP_MF-DF-ALS-PCI,0.5469871821635839
Polly,random,2,33,3,MDA_MF-DF-ALS,0.546399617511329
Polly,random,2,33,3,MDP_MF-DF-PCI,0.5490022668883179
Polly,random,2,33,3,MD_MF-DF,0.548522244645923
Polly,random,2,33,3,PCI,0.5768433109655969
Polly,random,3,168,1,ALS,0.8596491228070176
Polly,random,3,168,1,AP_ALS-PCI,0.8596491228070176
Polly,random,3,168,1,Default,0.8732394366197181
Polly,random,3,168,1,MDAP_MF-DF-ALS-PCI,0.8571428571428571
Polly,random,3,168,1,MDA_MF-DF-ALS,0.8571428571428571
Polly,random,3,168,1,MDP_MF-DF-PCI,0.8548387096774193
Polly,random,3,168,1,MD_MF-DF,0.8548387096774193
Polly,random,3,168,1,PCI,0.8732394366197181
Polly,random,3,168,2,ALS,0.7317639344262293
Polly,random,3,168,2,AP_ALS-PCI,0.7315394736842106
Polly,random,3,168,2,Default,0.7508898128898128
Polly,random,3,168,2,MDAP_MF-DF-ALS-PCI,0.7272937968643489
Polly,random,3,168,2,MDA_MF-DF-ALS,0.7269843430905378
Polly,random,3,168,2,MDP_MF-DF-PCI,0.7241238253178551
Polly,random,3,168,2,MD_MF-DF,0.7238763114301492
Polly,random,3,168,2,PCI,0.7556593406593406
Polly,random,3,168,3,ALS,0.6125464305305226
Polly,random,3,168,3,AP_ALS-PCI,0.6118684929337713
Polly,random,3,168,3,Default,0.6313467402632493
Polly,random,3,168,3,MDAP_MF-DF-ALS-PCI,0.6063408625944636
Polly,random,3,168,3,MDA_MF-DF-ALS,0.6055573109383444
Polly,random,3,168,3,MDP_MF-DF-PCI,0.6041468943630044
Polly,random,3,168,3,MD_MF-DF,0.6035181782583813
Polly,random,3,168,3,PCI,0.6433940843756969
Polly,solver,1,5,1,ALS,0.5305263157894735
Polly,solver,1,5,1,AP_ALS-PCI,0.5305263157894735
Polly,solver,1,5,1,Default,0.5467605633802816
Polly,solver,1,5,1,MDAP_MF-DF-ALS-PCI,0.5221428571428571
Polly,solver,1,5,1,MDA_MF-DF-ALS,0.5221428571428571
Polly,solver,1,5,1,MDP_MF-DF-PCI,0.552258064516129
Polly,solver,1,5,1,MD_MF-DF,0.552258064516129
Polly,solver,1,5,1,PCI,0.5467605633802816
Polly,solver,1,5,2,ALS,0.28423606557377046
Polly,solver,1,5,2,AP_ALS-PCI,0.28361184210526313
Polly,solver,1,5,2,Default,0.2951767151767152
Polly,solver,1,5,2,MDAP_MF-DF-ALS-PCI,0.27534423994546686
Polly,solver,1,5,2,MDA_MF-DF-ALS,0.2751667801225323
Polly,solver,1,5,2,MDP_MF-DF-PCI,0.3036263128800442
Polly,solver,1,5,2,MD_MF-DF,0.30345113197128654
Polly,solver,1,5,2,PCI,0.29656804733727804
Polly,solver,1,5,3,ALS,0.15371796881122166
Polly,solver,1,5,3,AP_ALS-PCI,0.15273940065713945
Polly,solver,1,5,3,Default,0.1579079013394063
Polly,solver,1,5,3,MDAP_MF-DF-ALS-PCI,0.14659680180368245
Polly,solver,1,5,3,MDA_MF-DF-ALS,0.14630066935517394
Polly,solver,1,5,3,MDP_MF-DF-PCI,0.1666812755024935
Polly,solver,1,5,3,MD_MF-DF,0.16638844543510342
Polly,solver,1,5,3,PCI,0.1602882802521945
Polly,solver,2,33,1,ALS,0.7073684210526315
Polly,solver,2,33,1,AP_ALS-PCI,0.7073684210526315
Polly,solver,2,33,1,Default,0.7090140845070423
Polly,solver,2,33,1,MDAP_MF-DF-ALS-PCI,0.7021428571428571
Polly,solver,2,33,1,MDA_MF-DF-ALS,0.7021428571428571
Polly,solver,2,33,1,MDP_MF-DF-PCI,0.7148387096774194
Polly,solver,2,33,1,MD_MF-DF,0.7148387096774194
Polly,solver,2,33,1,PCI,0.7090140845070423
Polly,solver,2,33,2,ALS,0.47166557377049173
Polly,solver,2,33,2,AP_ALS-PCI,0.470875
Polly,solver,2,33,2,Default,0.47281496881496876
Polly,solver,2,33,2,MDAP_MF-DF-ALS-PCI,0.4629720518064076
Polly,solver,2,33,2,MDA_MF-DF-ALS,0.46287950987066023
Polly,solver,2,33,2,MDP_MF-DF-PCI,0.4850138197899391
Polly,solver,2,33,2,MD_MF-DF,0.48491441192711204
Polly,solver,2,33,2,PCI,0.47555790363482664
Polly,solver,2,33,3,ALS,0.3026608416268317
Polly,solver,2,33,3,AP_ALS-PCI,0.30100352321760815
Polly,solver,2,33,3,Default,0.30176824796387075
Polly,solver,2,33,3,MDAP_MF-DF-ALS-PCI,0.2931126049016742
Polly,solver,2,33,3,MDA_MF-DF-ALS,0.29287573275682866
Polly,solver,2,33,3,MDP_MF-DF-PCI,0.31696297415747315
Polly,solver,2,33,3,MD_MF-DF,0.3167134552245549
Polly,solver,2,33,3,PCI,0.3070663125671539
Polly,solver,3,168,1,ALS,0.8391228070175438
Polly,solver,3,168,1,AP_ALS-PCI,0.8391228070175438
Polly,solver,3,168,1,Default,0.8490140845070422
Polly,solver,3,168,1,MDAP_MF-DF-ALS-PCI,0.83625
Polly,solver,3,168,1,MDA_MF-DF-ALS,0.83625
Polly,solver,3,168,1,MDP_MF-DF-PCI,0.8359677419354838
Polly,solver,3,168,1,MD_MF-DF,0.8359677419354838
Polly,solver,3,168,1,PCI,0.8490140845070422
Polly,solver,3,168,2,ALS,0.6626032786885245
Polly,solver,3,168,2,AP_ALS-PCI,0.6621513157894736
Polly,solver,3,168,2,Default,0.6754428274428274
Polly,solver,3,168,2,MDAP_MF-DF-ALS-PCI,0.6561963190184049
Polly,solver,3,168,2,MDA_MF-DF-ALS,0.6559836623553437
Polly,solver,3,168,2,MDP_MF-DF-PCI,0.6629297954671088
Polly,solver,3,168,2,MD_MF-DF,0.6627498619547211
Polly,solver,3,168,2,PCI,0.6793533389687235
Polly,solver,3,168,3,ALS,0.4957652221612726
Polly,solver,3,168,3,AP_ALS-PCI,0.4942987213491152
Polly,solver,3,168,3,Default,0.5065437912533292
Polly,solver,3,168,3,MDAP_MF-DF-ALS-PCI,0.48641768610913944
Polly,solver,3,168,3,MDA_MF-DF-ALS,0.48598012721905787
Polly,solver,3,168,3,MDP_MF-DF-PCI,0.5009257971890585
Polly,solver,3,168,3,MD_MF-DF,0.5005337510165968
Polly,solver,3,168,3,PCI,0.5151032902872665
SQLite,distance,1,5,1,ALS,0.7643859649122807
SQLite,distance,1,5,1,AP_ALS-PCI,0.7643859649122807
SQLite,distance,1,5,1,Default,0.7702857142857142
SQLite,distance,1,5,1,MDAP_MF-DF-ALS-PCI,0.7601785714285714
SQLite,distance,1,5,1,MDA_MF-DF-ALS,0.7601785714285714
SQLite,distance,1,5,1,MDP_MF-DF-PCI,0.7428333333333333
SQLite,distance,1,5,1,MD_MF-DF,0.7428333333333333
SQLite,distance,1,5,1,PCI,0.7702857142857142
SQLite,distance,1,5,2,ALS,0.5071788250484183
SQLite,distance,1,5,2,AP_ALS-PCI,0.5080906148867314
SQLite,distance,1,5,2,Default,0.5176079593564775
SQLite,distance,1,5,2,MDAP_MF-DF-ALS-PCI,0.49860980523841497
SQLite,distance,1,5,2,MDA_MF-DF-ALS,0.4976892163429336
SQLite,distance,1,5,2,MDP_MF-DF-PCI,0.4827203736135434
SQLite,distance,1,5,2,MD_MF-DF,0.48195690157251014
SQLite,distance,1,5,2,PCI,0.5159448988377098
SQLite,distance,1,5,3,ALS,0.3092666965821554
SQLite,distance,1,5,3,AP_ALS-PCI,0.31095094567101195
SQLite,distance,1,5,3,Default,0.3210193122571322
SQLite,distance,1,5,3,MDAP_MF-DF-ALS-PCI,0.29979762902646384
SQLite,distance,1,5,3,MDA_MF-DF-ALS,0.2981250742603667
SQLite,distance,1,5,3,MDP_MF-DF-PCI,0.2897478151504401
SQLite,distance,1,5,3,MD_MF-DF,0.28834950834374296
SQLite,distance,1,5,3,PCI,0.3182810575580918
SQLite,distance,2,22,1,ALS,0.8454385964912281
SQLite,distance,2,22,1,AP_ALS-PCI,0.8454385964912281
SQLite,distance,2,22,1,Default,0.8455714285714285
SQLite,distance,2,22,1,MDAP_MF-DF-ALS-PCI,0.8426785714285714
SQLite,distance,2,22,1,MDA_MF-DF-ALS,0.8426785714285714
SQLite,distance,2,22,1,MDP_MF-DF-PCI,0.8198333333333333
SQLite,distance,2,22,1,MD_MF-DF,0.8198333333333333
SQLite,distance,2,22,1,PCI,0.8455714285714285
SQLite,distance,2,22,2,ALS,0.6517301484828921
SQLite,distance,2,22,2,AP_ALS-PCI,0.6527896440129449
SQLite,distance,2,22,2,Default,0.6583657917019475
SQLite,distance,2,22,2,MDAP_MF-DF-ALS-PCI,0.6456480859637339
SQLite,distance,2,22,2,MDA_MF-DF-ALS,0.6445679839249833
SQLite,distance,2,22,2,MDP_MF-DF-PCI,0.6157501459427904
SQLite,distance,2,22,2,MD_MF-DF,0.6148806057076296
SQLite,distance,2,22,2,PCI,0.6574042186827378
SQLite,distance,2,22,3,ALS,0.46219280532495693
SQLite,distance,2,22,3,AP_ALS-PCI,0.46445105869941977
SQLite,distance,2,22,3,Default,0.47497959422780256
SQLite,distance,2,22,3,MDAP_MF-DF-ALS-PCI,0.4536817945954576
SQLite,distance,2,22,3,MDA_MF-DF-ALS,0.45140876866410545
SQLite,distance,2,22,3,MDP_MF-DF-PCI,0.4275700603050727
SQLite,distance,2,22,3,MD_MF-DF,0.425738765574453
SQLite,distance,2,22,3,PCI,0.4721368749486821
SQLite,random,1,5,1,ALS,0.9335087719298245
SQLite,random,1,5,1,AP_ALS-PCI,0.9335087719298245
SQLite,random,1,5,1,Default,0.9437142857142856
SQLite,random,1,5,1,MDAP_MF-DF-ALS-PCI,0.9323214285714286
SQLite,random,1,5,1,MDA_MF-DF-ALS,0.9323214285714286
SQLite,random,1,5,1,MDP_MF-DF-PCI,0.9343333333333332
SQLite,random,1,5,1,MD_MF-DF,0.9343333333333332
SQLite,random,1,5,1,PCI,0.9437142857142856
SQLite,random,1,5,2,ALS,0.725526145900581
SQLite,random,1,5,2,AP_ALS-PCI,0.725631067961165
SQLite,random,1,5,2,Default,0.7795427603725656
SQLite,random,1,5,2,MDAP_MF-DF-ALS-PCI,0.7178576225654801
SQLite,random,1,5,2,MDA_MF-DF-ALS,0.7177695914266577
SQLite,random,1,5,2,MDP_MF-DF-PCI,0.7197548161120841
SQLite,random,1,5,2,MD_MF-DF,0.7196738497379149
SQLite,random,1,5,2,PCI,0.7771588463194145
SQLite,random,1,5,3,ALS,0.48528120559419635
SQLite,random,1,5,3,AP_ALS-PCI,0.48567854720819825
SQLite,random,1,5,3,Default,0.581137450938275
SQLite,random,1,5,3,MDAP_MF-DF-ALS-PCI,0.4718792160619486
SQLite,random,1,5,3,MDA_MF-DF-ALS,0.47153392213553
SQLite,random,1,5,3,MDP_MF-DF-PCI,0.47311522461220934
SQLite,random,1,5,3,MD_MF-DF,0.47279491367989485
SQLite,random,1,5,3,PCI,0.5726198784793497
SQLite,random,2,22,1,ALS,0.9987719298245614
SQLite,random,2,22,1,AP_ALS-PCI,0.9987719298245614
SQLite,random,2,22,1,Default,0.9990000000000001
SQLite,random,2,22,1,MDAP_MF-DF-ALS-PCI,0.99875
SQLite,random,2,22,1,MDA_MF-DF-ALS,0.99875
SQLite,random,2,22,1,MDP_MF-DF-PCI,0.9988333333333332
SQLite,random,2,22,1,MD_MF-DF,0.9988333333333332
SQLite,random,2,22,1,PCI,0.9990000000000001
SQLite,random,2,22,2,ALS,0.9754099418979986
SQLite,random,2,22,2,AP_ALS-PCI,0.9753786407766989
SQLite,random,2,22,2,Default,0.9822353937341236
SQLite,random,2,22,2,MDAP_MF-DF-ALS-PCI,0.9744996642041639
SQLite,random,2,22,2,MDA_MF-DF-ALS,0.9745344943067649
SQLite,random,2,22,2,MDP_MF-DF-PCI,0.9759427904261528
SQLite,random,2,22,2,MD_MF-DF,0.9759697146185207
SQLite,random,2,22,2,PCI,0.9819629789065862
SQLite,random,2,22,3,ALS,0.8809748709894548
SQLite,random,2,22,3,AP_ALS-PCI,0.8809132695350764
SQLite,random,2,22,3,Default,0.9180057018999824
SQLite,random,2,22,3,MDAP_MF-DF-ALS-PCI,0.875351055761785
SQLite,random,2,22,3,MDA_MF-DF-ALS,0.8754425917858133
SQLite,random,2,22,3,MDP_MF-DF-PCI,0.8787606823825341
SQLite,random,2,22,3,MD_MF-DF,0.8788232279555427
SQLite,random,2,22,3,PCI,0.9150685606371622
SQLite,solver,1,5,1,ALS,0.5263157894736841
SQLite,solver,1,5,1,AP_ALS-PCI,0.5263157894736841
SQLite,solver,1,5,1,Default,0.5415714285714285
SQLite,solver,1,5,1,MDAP_MF-DF-ALS-PCI,0.5178571428571429
SQLite,solver,1,5,1,MDA_MF-DF-ALS,0.5178571428571429
SQLite,solver,1,5,1,MDP_MF-DF-PCI,0.5166666666666667
SQLite,solver,1,5,1,MD_MF-DF,0.5166666666666667
SQLite,solver,1,5,1,PCI,0.5415714285714285
SQLite,solver,1,5,2,ALS,0.2771336346029696
SQLite,solver,1,5,2,AP_ALS-PCI,0.2778381877022653
SQLite,solver,1,5,2,Default,0.2926841659610499
SQLite,solver,1,5,2,MDAP_MF-DF-ALS-PCI,0.26881128274009397
SQLite,solver,1,5,2,MDA_MF-DF-ALS,0.2681044876088412
SQLite,solver,1,5,2,MDP_MF-DF-PCI,0.26753648569760646
SQLite,solver,1,5,2,MD_MF-DF,0.26692486895748396
SQLite,solver,1,5,2,PCI,0.2908351269909599
SQLite,solver,1,5,3,ALS,0.14594121606461744
SQLite,solver,1,5,3,AP_ALS-PCI,0.14701981764750205
SQLite,solver,1,5,3,Default,0.15787994766749328
SQLite,solver,1,5,3,MDAP_MF-DF-ALS-PCI,0.13978126372091162
SQLite,solver,1,5,3,MDA_MF-DF-ALS,0.138717572973187
SQLite,solver,1,5,3,MDP_MF-DF-PCI,0.1387768067335289
SQLite,solver,1,5,3,MD_MF-DF,0.13785304762819892
SQLite,solver,1,5,3,PCI,0.15522785121931187
SQLite,solver,2,22,1,ALS,0.7092982456140351
SQLite,solver,2,22,1,AP_ALS-PCI,0.7092982456140351
SQLite,solver,2,22,1,Default,0.6948571428571428
SQLite,solver,2,22,1,MDAP_MF-DF-ALS-PCI,0.7041071428571428
SQLite,solver,2,22,1,MDA_MF-DF-ALS,0.7041071428571428
SQLite,solver,2,22,1,MDP_MF-DF-PCI,0.6905
SQLite,solver,2,22,1,MD_MF-DF,0.6905
SQLite,solver,2,22,1,PCI,0.6948571428571428
SQLite,solver,2,22,2,ALS,0.4827888960619754
SQLite,solver,2,22,2,AP_ALS-PCI,0.4839935275080906
SQLite,solver,2,22,2,Default,0.46679508890770527
SQLite,solver,2,22,2,MDAP_MF-DF-ALS-PCI,0.4757152451309603
SQLite,solver,2,22,2,MDA_MF-DF-ALS,0.4744876088412592
SQLite,solver,2,22,2,MDP_MF-DF-PCI,0.45953882078225333
SQLite,solver,2,22,2,MD_MF-DF,0.45850902737332555
SQLite,solver,2,22,2,PCI,0.46565647869134735
SQLite,solver,2,22,3,ALS,0.3120058335203051
SQLite,solver,2,22,3,AP_ALS-PCI,0.3142747343832416
SQLite,solver,2,22,3,Default,0.29988732889418285
SQLite,solver,2,22,3,MDAP_MF-DF-ALS-PCI,0.3046796790803496
SQLite,solver,2,22,3,MDA_MF-DF-ALS,0.30239811477682277
SQLite,solver,2,22,3,MDP_MF-DF-PCI,0.2918410783965945
SQLite,solver,2,22,3,MD_MF-DF,0.2899314563915313
SQLite,solver,2,22,3,PCI,0.29829357911158544
TriMesh,distance,1,26,1,ALS,0.6520661157024793
TriMesh,distance,1,26,1,AP_ALS-PCI,0.6520661157024793
TriMesh,distance,1,26,1,Default,0.6499999999999999
TriMesh,distance,1,26,1,MDAP_MF-DF-ALS-PCI,0.6491666666666667
TriMesh,distance,1,26,1,MDA_MF-DF-ALS,0.6491666666666667
TriMesh,distance,1,26,1,MDP_MF-DF-PCI,0.6467213114754098
TriMesh,distance,1,26,1,MD_MF-DF,0.6467213114754098
TriMesh,distance,1,26,1,PCI,0.6499999999999999
TriMesh,distance,1,26,2,ALS,0.43022611560347407
TriMesh,distance,1,26,2,AP_ALS-PCI,0.43014078178822823
TriMesh,distance,1,26,2,Default,0.4187250684395776
TriMesh,distance,1,26,2,MDAP_MF-DF-ALS-PCI,0.4262198841110094
TriMesh,distance,1,26,2,MDA_MF-DF-ALS,0.4262198841110094
TriMesh,distance,1,26,2,MDP_MF-DF-PCI,0.4226088875809299
TriMesh,distance,1,26,2,MD_MF-DF,0.4226088875809299
TriMesh,distance,1,26,2,PCI,0.42137559179379275
TriMesh,distance,1,26,3,ALS,0.26811757475485715
TriMesh,distance,1,26,3,AP_ALS-PCI,0.26782129674147703
TriMesh,distance,1,26,3,Default,0.250259416645599
TriMesh,distance,1,26,3,MDAP_MF-DF-ALS-PCI,0.26094092630517207
TriMesh,distance,1,26,3,MDA_MF-DF-ALS,0.26094092630517207
TriMesh,distance,1,26,3,MDP_MF-DF-PCI,0.25759814805130676
TriMesh,distance,1,26,3,MD_MF-DF,0.25759814805130676
TriMesh,distance,1,26,3,PCI,0.2550575041410865
TriMesh,distance,2,247,1,ALS,0.7223140495867767
TriMesh,distance,2,247,1,AP_ALS-PCI,0.7223140495867767
TriMesh,distance,2,247,1,Default,0.7162790697674417
TriMesh,distance,2,247,1,MDAP_MF-DF-ALS-PCI,0.7199999999999999
TriMesh,distance,2,247,1,MDA_MF-DF-ALS,0.7199999999999999
TriMesh,distance,2,247,1,MDP_MF-DF-PCI,0.7163934426229507
TriMesh,distance,2,247,1,MD_MF-DF,0.7163934426229507
TriMesh,distance,2,247,1,PCI,0.7162790697674417
TriMesh,distance,2,247,2,ALS,0.5219511829889188
TriMesh,distance,2,247,2,AP_ALS-PCI,0.5218795866407069
TriMesh,distance,2,247,2,Default,0.5051440490157737
TriMesh,distance,2,247,2,MDAP_MF-DF-ALS-PCI,0.5183272339127782
TriMesh,distance,2,247,2,MDA_MF-DF-ALS,0.5183272339127782
TriMesh,distance,2,247,2,MDP_MF-DF-PCI,0.5127413184226015
TriMesh,distance,2,247,2,MD_MF-DF,0.5127413184226015
TriMesh,distance,2,247,2,PCI,0.5085428721725408
TriMesh,distance,2,247,3,ALS,0.3508875021799039
TriMesh,distance,2,247,3,AP_ALS-PCI,0.3506057209179019
TriMesh,distance,2,247,3,Default,0.32573103007776977
TriMesh,distance,2,247,3,MDAP_MF-DF-ALS-PCI,0.3433778396570312
TriMesh,distance,2,247,3,MDA_MF-DF-ALS,0.3433778396570312
TriMesh,distance,2,247,3,MDP_MF-DF-PCI,0.33775318329372245
TriMesh,distance,2,247,3,MD_MF-DF,0.33775318329372245
TriMesh,distance,2,247,3,PCI,0.332387762072349
TriMesh,random,1,26,1,ALS,0.8614876033057851
TriMesh,random,1,26,1,AP_ALS-PCI,0.8614876033057851
TriMesh,random,1,26,1,Default,0.8513178294573643
TriMesh,random,1,26,1,MDAP_MF-DF-ALS-PCI,0.8603333333333333
TriMesh,random,1,26,1,MDA_MF-DF-ALS,0.8603333333333333
TriMesh,random,1,26,1,MDP_MF-DF-PCI,0.8544262295081967
TriMesh,random,1,26,1,MD_MF-DF,0.8544262295081967
TriMesh,random,1,26,1,PCI,0.8513178294573643
TriMesh,random,1,26,2,ALS,0.6726789457921533
TriMesh,random,1,26,2,AP_ALS-PCI,0.6726299236183914
TriMesh,random,1,26,2,Default,0.6450827792986573
TriMesh,random,1,26,2,MDAP_MF-DF-ALS-PCI,0.6692451967063129
TriMesh,random,1,26,2,MDA_MF-DF-ALS,0.6692451967063129
TriMesh,random,1,26,2,MDP_MF-DF-PCI,0.6608519717480871
TriMesh,random,1,26,2,MD_MF-DF,0.6608519717480871
TriMesh,random,1,26,2,PCI,0.6495844292477644
TriMesh,random,1,26,3,ALS,0.5064443628980477
TriMesh,random,1,26,3,AP_ALS-PCI,0.5061814748145478
TriMesh,random,1,26,3,Default,0.4619257478460228
TriMesh,random,1,26,3,MDAP_MF-DF-ALS-PCI,0.4995587595971574
TriMesh,random,1,26,3,MDA_MF-DF-ALS,0.4995587595971574
TriMesh,random,1,26,3,MDP_MF-DF-PCI,0.4909379559943541
TriMesh,random,1,26,3,MD_MF-DF,0.4909379559943541
TriMesh,random,1,26,3,PCI,0.47197757479783775
TriMesh,random,2,247,1,ALS,0.940495867768595
TriMesh,random,2,247,1,AP_ALS-PCI,0.940495867768595
TriMesh,random,2,247,1,Default,0.936124031007752
TriMesh,random,2,247,1,MDAP_MF-DF-ALS-PCI,0.94
TriMesh,random,2,247,1,MDA_MF-DF-ALS,0.94
TriMesh,random,2,247,1,MDP_MF-DF-PCI,0.9327868852459017
TriMesh,random,2,247,1,MD_MF-DF,0.9327868852459017
TriMesh,random,2,247,1,PCI,0.936124031007752
TriMesh,random,2,247,2,ALS,0.8467340521114106
TriMesh,random,2,247,2,AP_ALS-PCI,0.8467110977984125
TriMesh,random,2,247,2,Default,0.8257150306348585
TriMesh,random,2,247,2,MDAP_MF-DF-ALS-PCI,0.8450274473924977
TriMesh,random,2,247,2,MDA_MF-DF-ALS,0.8450274473924977
TriMesh,random,2,247,2,MDP_MF-DF-PCI,0.8318849323131253
TriMesh,random,2,247,2,MD_MF-DF,0.8318849323131253
TriMesh,random,2,247,2,PCI,0.831422935297212
TriMesh,random,2,247,3,ALS,0.7496315606938886
TriMesh,random,2,247,3,AP_ALS-PCI,0.7494874103957397
TriMesh,random,2,247,3,Default,0.7029756217388002
TriMesh,random,2,247,3,MDAP_MF-DF-ALS-PCI,0.7456739843783662
TriMesh,random,2,247,3,MDA_MF-DF-ALS,0.7456739843783662
TriMesh,random,2,247,3,MDP_MF-DF-PCI,0.7293318391836447
TriMesh,random,2,247,3,MD_MF-DF,0.7293318391836447
TriMesh,random,2,247,3,PCI,0.7179981801387827
TriMesh,solver,1,26,1,ALS,0.667190082644628
TriMesh,solver,1,26,1,AP_ALS-PCI,0.667190082644628
TriMesh,solver,1,26,1,Default,0.6549612403100775
TriMesh,solver,1,26,1,MDAP_MF-DF-ALS-PCI,0.6644166666666667
TriMesh,solver,1,26,1,MDA_MF-DF-ALS,0.6644166666666667
TriMesh,solver,1,26,1,MDP_MF-DF-PCI,0.6617213114754098
TriMesh,solver,1,26,1,MD_MF-DF,0.6617213114754098
TriMesh,solver,1,26,1,PCI,0.6549612403100775
TriMesh,solver,1,26,2,ALS,0.4519946091644204
TriMesh,solver,1,26,2,AP_ALS-PCI,0.45191253556986666
TriMesh,solver,1,26,2,Default,0.42957371920219
TriMesh,solver,1,26,2,MDAP_MF-DF-ALS-PCI,0.4481076547727965
TriMesh,solver,1,26,2,MDA_MF-DF-ALS,0.4481076547727965
TriMesh,solver,1,26,2,MDP_MF-DF-PCI,0.44400088287227774
TriMesh,solver,1,26,2,MD_MF-DF,0.44400088287227774
TriMesh,solver,1,26,2,PCI,0.4325775907417148
TriMesh,solver,1,26,3,ALS,0.3083525513795073
TriMesh,solver,1,26,3,AP_ALS-PCI,0.30808660341339367
TriMesh,solver,1,26,3,Default,0.2784851745230469
TriMesh,solver,1,26,3,MDAP_MF-DF-ALS-PCI,0.3023649638015781
TriMesh,solver,1,26,3,MDA_MF-DF-ALS,0.3023649638015781
TriMesh,solver,1,26,3,MDP_MF-DF-PCI,0.29823639331261503
TriMesh,solver,1,26,3,MD_MF-DF,0.29823639331261503
TriMesh,solver,1,26,3,PCI,0.2844883116455264
TriMesh,solver,2,247,1,ALS,0.9002479338842975
TriMesh,solver,2,247,1,AP_ALS-PCI,0.9002479338842975
TriMesh,solver,2,247,1,Default,0.8916279069767441
TriMesh,solver,2,247,1,MDAP_MF-DF-ALS-PCI,0.8994166666666666
TriMesh,solver,2,247,1,MDA_MF-DF-ALS,0.8994166666666666
TriMesh,solver,2,247,1,MDP_MF-DF-PCI,0.8928688524590163
TriMesh,solver,2,247,1,MD_MF-DF,0.8928688524590163
TriMesh,solver,2,247,1,PCI,0.8916279069767441
TriMesh,solver,2,247,2,ALS,0.744424977538185
TriMesh,solver,2,247,2,AP_ALS-PCI,0.7443867006140482
TriMesh,solver,2,247,2,Default,0.7177278060226828
TriMesh,solver,2,247,2,MDAP_MF-DF-ALS-PCI,0.7415888990545898
TriMesh,solver,2,247,2,MDA_MF-DF-ALS,0.7415888990545898
TriMesh,solver,2,247,2,MDP_MF-DF-PCI,0.7313522660388463
TriMesh,solver,2,247,2,MD_MF-DF,0.7313522660388463
TriMesh,solver,2,247,2,PCI,0.7227432930036822
TriMesh,solver,2,247,3,ALS,0.6011373788480546
TriMesh,solver,2,247,3,AP_ALS-PCI,0.6009108843117668
TriMesh,solver,2,247,3,Default,0.5529544849119342
TriMesh,solver,2,247,3,MDAP_MF-DF-ALS-PCI,0.5951272021716076
TriMesh,solver,2,247,3,MDA_MF-DF-ALS,0.5951272021716076
TriMesh,solver,2,247,3,MDP_MF-DF-PCI,0.5836740184261607
TriMesh,solver,2,247,3,MD_MF-DF,0.5836740184261607
TriMesh,solver,2,247,3,PCI,0.5649002202200757
VP9,distance,1,5,1,ALS,0.6921538461538461
VP9,distance,1,5,1,AP_ALS-PCI,0.6921538461538461
VP9,distance,1,5,1,Default,0.6913333333333332
VP9,distance,1,5,1,MDAP_MF-DF-ALS-PCI,0.68734375
VP9,distance,1,5,1,MDA_MF-DF-ALS,0.68734375
VP9,distance,1,5,1,MDP_MF-DF-PCI,0.6816666666666665
VP9,distance,1,5,1,MD_MF-DF,0.6816666666666665
VP9,distance,1,5,1,PCI,0.6913333333333332
VP9,distance,1,5,2,ALS,0.4388766849725411
VP9,distance,1,5,2,AP_ALS-PCI,0.43803499999999995
VP9,distance,1,5,2,Default,0.42775881261595544
VP9,distance,1,5,2,MDAP_MF-DF-ALS-PCI,0.4306756059824652
VP9,distance,1,5,2,MDA_MF-DF-ALS,0.4306756059824652
VP9,distance,1,5,2,MDP_MF-DF-PCI,0.42522033898305084
VP9,distance,1,5,2,MD_MF-DF,0.42522033898305084
VP9,distance,1,5,2,PCI,0.42943481537302186
VP9,distance,1,5,3,ALS,0.2651354193382918
VP9,distance,1,5,3,AP_ALS-PCI,0.26313963975571414
VP9,distance,1,5,3,Default,0.24895683104284558
VP9,distance,1,5,3,MDAP_MF-DF-ALS-PCI,0.25647215999568157
VP9,distance,1,5,3,MDA_MF-DF-ALS,0.25647215999568157
VP9,distance,1,5,3,MDP_MF-DF-PCI,0.2525080259772086
VP9,distance,1,5,3,MD_MF-DF,0.2525080259772086
VP9,distance,1,5,3,PCI,0.2519912980175055
VP9,distance,2,32,1,ALS,0.7939999999999999
VP9,distance,2,32,1,AP_ALS-PCI,0.7939999999999999
VP9,distance,2,32,1,Default,0.8079999999999999
VP9,distance,2,32,1,MDAP_MF-DF-ALS-PCI,0.79078125
VP9,distance,2,32,1,MDA_MF-DF-ALS,0.79078125
VP9,distance,2,32,1,MDP_MF-DF-PCI,0.7819696969696969
VP9,distance,2,32,1,MD_MF-DF,0.7819696969696969
VP9,distance,2,32,1,PCI,0.8079999999999999
VP9,distance,2,32,2,ALS,0.5828157763354967
VP9,distance,2,32,2,AP_ALS-PCI,0.58219
VP9,distance,2,32,2,Default,0.5860371057513915
VP9,distance,2,32,2,MDAP_MF-DF-ALS-PCI,0.5759515214027849
VP9,distance,2,32,2,MDA_MF-DF-ALS,0.5759515214027849
VP9,distance,2,32,2,MDP_MF-DF-PCI,0.5648329297820822
VP9,distance,2,32,2,MD_MF-DF,0.5648329297820822
VP9,distance,2,32,2,PCI,0.5883195177091183
VP9,distance,2,32,3,ALS,0.40237727622467295
VP9,distance,2,32,3,AP_ALS-PCI,0.4005169170510474
VP9,distance,2,32,3,Default,0.39168278092158443
VP9,distance,2,32,3,MDAP_MF-DF-ALS-PCI,0.39329356832474155
VP9,distance,2,32,3,MDA_MF-DF-ALS,0.39329356832474155
VP9,distance,2,32,3,MDP_MF-DF-PCI,0.38334615855900006
VP9,distance,2,32,3,MD_MF-DF,0.38334615855900006
VP9,distance,2,32,3,PCI,0.39660910491475776
VP9,distance,3,153,1,ALS,0.8443076923076923
VP9,distance,3,153,1,AP_ALS-PCI,0.8443076923076923
VP9,distance,3,153,1,Default,0.8517333333333333
VP9,distance,3,153,1,MDAP_MF-DF-ALS-PCI,0.841875
VP9,distance,3,153,1,MDA_MF-DF-ALS,0.841875
VP9,distance,3,153,1,MDP_MF-DF-PCI,0.8315151515151515
VP9,distance,3,153,1,MD_MF-DF,0.8315151515151515
VP9,distance,3,153,1,PCI,0.8517333333333333
VP9,distance,3,153,2,ALS,0.6685921118322515
VP9,distance,3,153,2,AP_ALS-PCI,0.668095
VP9,distance,3,153,2,Default,0.6732875695732838
VP9,distance,3,153,2,MDAP_MF-DF-ALS-PCI,0.662872614749871
VP9,distance,3,153,2,MDA_MF-DF-ALS,0.662872614749871
VP9,distance,3,153,2,MDP_MF-DF-PCI,0.6480338983050848
VP9,distance,3,153,2,MD_MF-DF,0.6480338983050848
VP9,distance,3,153,2,PCI,0.6769065561416729
VP9,distance,3,153,3,ALS,0.5006940241087459
VP9,distance,3,153,3,AP_ALS-PCI,0.4990445022805164
VP9,distance,3,153,3,Default,0.49635181891673397
VP9,distance,3,153,3,MDAP_MF-DF-ALS-PCI,0.4922066880785943
VP9,distance,3,153,3,MDA_MF-DF-ALS,0.4922066880785943
VP9,distance,3,153,3,MDP_MF-DF-PCI,0.4772184781276804
VP9,distance,3,153,3,MD_MF-DF,0.4772184781276804
VP9,distance,3,153,3,PCI,0.5041061845023447
VP9,random,1,5,1,ALS,0.7755384615384615
VP9,random,1,5,1,AP_ALS-PCI,0.7755384615384615
VP9,random,1,5,1,Default,0.7689333333333334
VP9,random,1,5,1,MDAP_MF-DF-ALS-PCI,0.77203125
VP9,random,1,5,1,MDA_MF-DF-ALS,0.77203125
VP9,random,1,5,1,MDP_MF-DF-PCI,0.7637878787878788
VP9,random,1,5,1,MD_MF-DF,0.7637878787878788
VP9,random,1,5,1,PCI,0.7689333333333334
VP9,random,1,5,2,ALS,0.5321168247628557
VP9,random,1,5,2,AP_ALS-PCI,0.531415
VP9,random,1,5,2,Default,0.5080408163265306
VP9,random,1,5,2,MDAP_MF-DF-ALS-PCI,0.5241980402269211
VP9,random,1,5,2,MDA_MF-DF-ALS,0.5241980402269211
VP9,random,1,5,2,MDP_MF-DF-PCI,0.5156658595641646
VP9,random,1,5,2,MD_MF-DF,0.5156658595641646
VP9,random,1,5,2,PCI,0.5107196684250188
VP9,random,1,5,3,ALS,0.33817337778917667
VP9,random,1,5,3,AP_ALS-PCI,0.3361030226505527
VP9,random,1,5,3,Default,0.30603573160873077
VP9,random,1,5,3,MDAP_MF-DF-ALS-PCI,0.32843809883673847
VP9,random,1,5,3,MDA_MF-DF-ALS,0.32843809883673847
VP9,random,1,5,3,MDP_MF-DF-PCI,0.3221656659723072
VP9,random,1,5,3,MD_MF-DF,0.3221656659723072
VP9,random,1,5,3,PCI,0.3109003335195625
VP9,random,2,32,1,ALS,0.8613846153846153
VP9,random,2,32,1,AP_ALS-PCI,0.8613846153846153
VP9,random,2,32,1,Default,0.8665333333333334
VP9,random,2,32,1,MDAP_MF-DF-ALS-PCI,0.85921875
VP9,random,2,32,1,MDA_MF-DF-ALS,0.85921875
VP9,random,2,32,1,MDP_MF-DF-PCI,0.8483333333333333
VP9,random,2,32,1,MD_MF-DF,0.8483333333333333
VP9,random,2,32,1,PCI,0.8665333333333334
VP9,random,2,32,2,ALS,0.7196954568147779
VP9,random,2,32,2,AP_ALS-PCI,0.719275
VP9,random,2,32,2,Default,0.7193729128014842
VP9,random,2,32,2,MDAP_MF-DF-ALS-PCI,0.7150902527075812
VP9,random,2,32,2,MDA_MF-DF-ALS,0.7150902527075812
VP9,random,2,32,2,MDP_MF-DF-PCI,0.6976029055690073
VP9,random,2,32,2,MD_MF-DF,0.6976029055690073
VP9,random,2,32,2,PCI,0.7237113790504899
VP9,random,2,32,3,ALS,0.5678002051808155
VP9,random,2,32,3,AP_ALS-PCI,0.5663813229571985
VP9,random,2,32,3,Default,0.5519230396119643
VP9,random,2,32,3,MDAP_MF-DF-ALS-PCI,0.5600920353026908
VP9,random,2,32,3,MDA_MF-DF-ALS,0.5600920353026908
VP9,random,2,32,3,MDP_MF-DF-PCI,0.5412581791447126
VP9,random,2,32,3,MD_MF-DF,0.5412581791447126
VP9,random,2,32,3,PCI,0.5615587383818376
VP9,random,3,153,1,ALS,0.8615384615384615
VP9,random,3,153,1,AP_ALS-PCI,0.8615384615384615
VP9,random,3,153,1,Default,0.8666666666666667
VP9,random,3,153,1,MDAP_MF-DF-ALS-PCI,0.859375
VP9,random,3,153,1,MDA_MF-DF-ALS,0.859375
VP9,random,3,153,1,MDP_MF-DF-PCI,0.8484848484848484
VP9,random,3,153,1,MD_MF-DF,0.8484848484848484
VP9,random,3,153,1,PCI,0.8666666666666667
VP9,random,3,153,2,ALS,0.7358412381427857
VP9,random,3,153,2,AP_ALS-PCI,0.735445
VP9,random,3,153,2,Default,0.739090909090909
VP9,random,3,153,2,MDAP_MF-DF-ALS-PCI,0.7317637957710158
VP9,random,3,153,2,MDA_MF-DF-ALS,0.7317637957710158
VP9,random,3,153,2,MDP_MF-DF-PCI,0.7132639225181597
VP9,random,3,153,2,MD_MF-DF,0.7132639225181597
VP9,random,3,153,2,PCI,0.7437264506405424
VP9,random,3,153,3,ALS,0.6197717363426519
VP9,random,3,153,3,AP_ALS-PCI,0.6185971603061303
VP9,random,3,153,3,Default,0.61570670978173
VP9,random,3,153,3,MDAP_MF-DF-ALS-PCI,0.6139108256187417
VP9,random,3,153,3,MDA_MF-DF-ALS,0.6139108256187417
VP9,random,3,153,3,MDP_MF-DF-PCI,0.5909055262835436
VP9,random,3,153,3,MD_MF-DF,0.5909055262835436
VP9,random,3,153,3,PCI,0.6273228706384275
VP9,solver,1,5,1,ALS,0.5713846153846154
VP9,solver,1,5,1,AP_ALS-PCI,0.5713846153846154
VP9,solver,1,5,1,Default,0.5518666666666667
VP9,solver,1,5,1,MDAP_MF-DF-ALS-PCI,0.5646875
VP9,solver,1,5,1,MDA_MF-DF-ALS,0.5646875
VP9,solver,1,5,1,MDP_MF-DF-PCI,0.5627272727272727
VP9,solver,1,5,1,MD_MF-DF,0.5627272727272727
VP9,solver,1,5,1,PCI,0.5518666666666667
VP9,solver,1,5,2,ALS,0.3238292561158262
VP9,solver,1,5,2,AP_ALS-PCI,0.322815
VP9,solver,1,5,2,Default,0.29953617810760663
VP9,solver,1,5,2,MDAP_MF-DF-ALS-PCI,0.3158793192367199
VP9,solver,1,5,2,MDA_MF-DF-ALS,0.3158793192367199
VP9,solver,1,5,2,MDP_MF-DF-PCI,0.3138837772397094
VP9,solver,1,5,2,MD_MF-DF,0.3138837772397094
VP9,solver,1,5,2,PCI,0.3008176337603617
VP9,solver,1,5,3,ALS,0.18295178250833544
VP9,solver,1,5,3,AP_ALS-PCI,0.18117530342463986
VP9,solver,1,5,3,Default,0.16087291835084877
VP9,solver,1,5,3,MDAP_MF-DF-ALS-PCI,0.17599524979082884
VP9,solver,1,5,3,MDA_MF-DF-ALS,0.17599524979082884
VP9,solver,1,5,3,MDP_MF-DF-PCI,0.17441808601887018
VP9,solver,1,5,3,MD_MF-DF,0.17441808601887018
VP9,solver,1,5,3,PCI,0.1630409534934904
VP9,solver,2,32,1,ALS,0.7756923076923077
VP9,solver,2,32,1,AP_ALS-PCI,0.7756923076923077
VP9,solver,2,32,1,Default,0.7684000000000001
VP9,solver,2,32,1,MDAP_MF-DF-ALS-PCI,0.7721875
VP9,solver,2,32,1,MDA_MF-DF-ALS,0.7721875
VP9,solver,2,32,1,MDP_MF-DF-PCI,0.7639393939393939
VP9,solver,2,32,1,MD_MF-DF,0.7639393939393939
VP9,solver,2,32,1,PCI,0.7684000000000001
VP9,solver,2,32,2,ALS,0.5647428856714928
VP9,solver,2,32,2,AP_ALS-PCI,0.56409
VP9,solver,2,32,2,Default,0.5456141001855287
VP9,solver,2,32,2,MDAP_MF-DF-ALS-PCI,0.5578958225889633
VP9,solver,2,32,2,MDA_MF-DF-ALS,0.5578958225889633
VP9,solver,2,32,2,MDP_MF-DF-PCI,0.5473268765133171
VP9,solver,2,32,2,MD_MF-DF,0.5473268765133171
VP9,solver,2,32,2,PCI,0.5486473247927656
VP9,solver,2,32,3,ALS,0.39121236214413946
VP9,solver,2,32,3,AP_ALS-PCI,0.38939134692194705
VP9,solver,2,32,3,Default,0.3636801940177849
VP9,solver,2,32,3,MDAP_MF-DF-ALS-PCI,0.38248927154462764
VP9,solver,2,32,3,MDA_MF-DF-ALS,0.38248927154462764
VP9,solver,2,32,3,MDP_MF-DF-PCI,0.3728094596250459
VP9,solver,2,32,3,MD_MF-DF,0.3728094596250459
VP9,solver,2,32,3,PCI,0.3696544601892765
VP9,solver,3,153,1,ALS,0.8553846153846153
VP9,solver,3,153,1,AP_ALS-PCI,0.8553846153846153
VP9,solver,3,153,1,Default,0.8584
VP9,solver,3,153,1,MDAP_MF-DF-ALS-PCI,0.853125
VP9,solver,3,153,1,MDA_MF-DF-ALS,0.853125
VP9,solver,3,153,1,MDP_MF-DF-PCI,0.8424242424242425
VP9,solver,3,153,1,MD_MF-DF,0.8424242424242425
VP9,solver,3,153,1,PCI,0.8584
VP9,solver,3,153,2,ALS,0.7091662506240638
VP9,solver,3,153,2,AP_ALS-PCI,0.7087299999999999
VP9,solver,3,153,2,Default,0.7045862708719851
VP9,solver,3,153,2,MDAP_MF-DF-ALS-PCI,0.704414646725116
VP9,solver,3,153,2,MDA_MF-DF-ALS,0.704414646725116
VP9,solver,3,153,2,MDP_MF-DF-PCI,0.6873898305084745
VP9,solver,3,153,2,MD_MF-DF,0.6873898305084745
VP9,solver,3,153,2,PCI,0.7088620949510173
VP9,solver,3,153,3,ALS,0.5663036676070787
VP9,solver,3,153,3,AP_ALS-PCI,0.5649078774447909
VP9,solver,3,153,3,Default,0.5476839126919968
VP9,solver,3,153,3,MDAP_MF-DF-ALS-PCI,0.559075868397614
VP9,solver,3,153,3,MDA_MF-DF-ALS,0.559075868397614
VP9,solver,3,153,3,MDP_MF-DF-PCI,0.5398436466119347
VP9,solver,3,153,3,MD_MF-DF,0.5398436466119347
VP9,solver,3,153,3,PCI,0.5575952731643725
WGet,distance,1,3,1,ALS,0.7348275862068965
WGet,distance,1,3,1,AP_ALS-PCI,0.7348275862068965
WGet,distance,1,3,1,Default,0.733
WGet,distance,1,3,1,MDAP_MF-DF-ALS-PCI,0.7257142857142856
WGet,distance,1,3,1,MDA_MF-DF-ALS,0.7257142857142856
WGet,distance,1,3,1,MDP_MF-DF-PCI,0.7257142857142856
WGet,distance,1,3,1,MD_MF-DF,0.7257142857142856
WGet,distance,1,3,1,PCI,0.733
WGet,distance,1,3,2,ALS,0.43523195876288656
WGet,distance,1,3,2,AP_ALS-PCI,0.42591511936339516
WGet,distance,1,3,2,Default,0.42906474820143875
WGet,distance,1,3,2,MDAP_MF-DF-ALS-PCI,0.4202777777777777
WGet,distance,1,3,2,MDA_MF-DF-ALS,0.4202777777777777
WGet,distance,1,3,2,MDP_MF-DF-PCI,0.4202777777777777
WGet,distance,1,3,2,MD_MF-DF,0.4202777777777777
WGet,distance,1,3,2,PCI,0.42273631840796017
WGet,distance,1,3,3,ALS,0.23581812460667081
WGet,distance,1,3,3,AP_ALS-PCI,0.22508480325644498
WGet,distance,1,3,3,Default,0.22938586651710594
WGet,distance,1,3,3,MDAP_MF-DF-ALS-PCI,0.2223066004258339
WGet,distance,1,3,3,MDA_MF-DF-ALS,0.2223066004258339
WGet,distance,1,3,3,MDP_MF-DF-PCI,0.2223066004258339
WGet,distance,1,3,3,MD_MF-DF,0.2223066004258339
WGet,distance,1,3,3,PCI,0.22327772628977446
WGet,distance,2,9,1,ALS,0.8403448275862069
WGet,distance,2,9,1,AP_ALS-PCI,0.8403448275862069
WGet,distance,2,9,1,Default,0.8453333333333333
WGet,distance,2,9,1,MDAP_MF-DF-ALS-PCI,0.8346428571428571
WGet,distance,2,9,1,MDA_MF-DF-ALS,0.8346428571428571
WGet,distance,2,9,1,MDP_MF-DF-PCI,0.8346428571428571
WGet,distance,2,9,1,MD_MF-DF,0.8346428571428571
WGet,distance,2,9,1,PCI,0.8453333333333333
WGet,distance,2,9,2,ALS,0.6130927835051546
WGet,distance,2,9,2,AP_ALS-PCI,0.603368700265252
WGet,distance,2,9,2,Default,0.6123501199040767
WGet,distance,2,9,2,MDAP_MF-DF-ALS-PCI,0.5974722222222222
WGet,distance,2,9,2,MDA_MF-DF-ALS,0.5974722222222222
WGet,distance,2,9,2,MDP_MF-DF-PCI,0.5974722222222222
WGet,distance,2,9,2,MD_MF-DF,0.5974722222222222
WGet,distance,2,9,2,PCI,0.6068407960199004
WGet,distance,2,9,3,ALS,0.39216803020767776
WGet,distance,2,9,3,AP_ALS-PCI,0.3770454545454545
WGet,distance,2,9,3,Default,0.38698261357263036
WGet,distance,2,9,3,MDAP_MF-DF-ALS-PCI,0.37344570617459183
WGet,distance,2,9,3,MDA_MF-DF-ALS,0.37344570617459183
WGet,distance,2,9,3,MDP_MF-DF-PCI,0.37344570617459183
WGet,distance,2,9,3,MD_MF-DF,0.37344570617459183
WGet,distance,2,9,3,PCI,0.3796570898980537
WGet,distance,3,27,1,ALS,0.8586206896551724
WGet,distance,3,27,1,AP_ALS-PCI,0.8586206896551724
WGet,distance,3,27,1,Default,0.8633333333333333
WGet,distance,3,27,1,MDAP_MF-DF-ALS-PCI,0.8535714285714284
WGet,distance,3,27,1,MDA_MF-DF-ALS,0.8535714285714284
WGet,distance,3,27,1,MDP_MF-DF-PCI,0.8535714285714284
WGet,distance,3,27,1,MD_MF-DF,0.8535714285714284
WGet,distance,3,27,1,PCI,0.8633333333333333
WGet,distance,3,27,2,ALS,0.6996134020618556
WGet,distance,3,27,2,AP_ALS-PCI,0.6911140583554376
WGet,distance,3,27,2,Default,0.7037170263788969
WGet,distance,3,27,2,MDAP_MF-DF-ALS-PCI,0.6876388888888889
WGet,distance,3,27,2,MDA_MF-DF-ALS,0.6876388888888889
WGet,distance,3,27,2,MDP_MF-DF-PCI,0.6876388888888889
WGet,distance,3,27,2,MD_MF-DF,0.6876388888888889
WGet,distance,3,27,2,PCI,0.7003731343283581
WGet,distance,3,27,3,ALS,0.5188860918816866
WGet,distance,3,27,3,AP_ALS-PCI,0.5030461329715061
WGet,distance,3,27,3,Default,0.5175967470555244
WGet,distance,3,27,3,MDAP_MF-DF-ALS-PCI,0.5015649396735273
WGet,distance,3,27,3,MDA_MF-DF-ALS,0.5015649396735273
WGet,distance,3,27,3,MDP_MF-DF-PCI,0.5015649396735273
WGet,distance,3,27,3,MD_MF-DF,0.5015649396735273
WGet,distance,3,27,3,PCI,0.5126073524868705
WGet,random,1,3,1,ALS,0.7451724137931034
WGet,random,1,3,1,AP_ALS-PCI,0.7451724137931034
WGet,random,1,3,1,Default,0.7476666666666667
WGet,random,1,3,1,MDAP_MF-DF-ALS-PCI,0.7425
WGet,random,1,3,1,MDA_MF-DF-ALS,0.7425
WGet,random,1,3,1,MDP_MF-DF-PCI,0.7425
WGet,random,1,3,1,MD_MF-DF,0.7425
WGet,random,1,3,1,PCI,0.7476666666666667
WGet,random,1,3,2,ALS,0.4520103092783505
WGet,random,1,3,2,AP_ALS-PCI,0.4491777188328912
WGet,random,1,3,2,Default,0.4516067146282973
WGet,random,1,3,2,MDAP_MF-DF-ALS-PCI,0.45069444444444445
WGet,random,1,3,2,MDA_MF-DF-ALS,0.45069444444444445
WGet,random,1,3,2,MDP_MF-DF-PCI,0.45069444444444445
WGet,random,1,3,2,MD_MF-DF,0.45069444444444445
WGet,random,1,3,2,PCI,0.4523383084577114
WGet,random,1,3,3,ALS,0.24596601636249207
WGet,random,1,3,3,AP_ALS-PCI,0.24374491180461322
WGet,random,1,3,3,Default,0.24414189568143574
WGet,random,1,3,3,MDAP_MF-DF-ALS-PCI,0.24581263307310144
WGet,random,1,3,3,MDA_MF-DF-ALS,0.24581263307310144
WGet,random,1,3,3,MDP_MF-DF-PCI,0.24581263307310144
WGet,random,1,3,3,MD_MF-DF,0.24581263307310144
WGet,random,1,3,3,PCI,0.24749459375965396
WGet,random,2,9,1,ALS,0.8548275862068965
WGet,random,2,9,1,AP_ALS-PCI,0.8548275862068965
WGet,random,2,9,1,Default,0.8590000000000001
WGet,random,2,9,1,MDAP_MF-DF-ALS-PCI,0.85
WGet,random,2,9,1,MDA_MF-DF-ALS,0.85
WGet,random,2,9,1,MDP_MF-DF-PCI,0.85
WGet,random,2,9,1,MD_MF-DF,0.85
WGet,random,2,9,1,PCI,0.8590000000000001
WGet,random,2,9,2,ALS,0.6816752577319588
WGet,random,2,9,2,AP_ALS-PCI,0.6754376657824933
WGet,random,2,9,2,Default,0.6853237410071942
WGet,random,2,9,2,MDAP_MF-DF-ALS-PCI,0.6751111111111111
WGet,random,2,9,2,MDA_MF-DF-ALS,0.6751111111111111
WGet,random,2,9,2,MDP_MF-DF-PCI,0.6751111111111111
WGet,random,2,9,2,MD_MF-DF,0.6751111111111111
WGet,random,2,9,2,PCI,0.6843034825870646
WGet,random,2,9,3,ALS,0.4701069855254877
WGet,random,2,9,3,AP_ALS-PCI,0.46271370420624147
WGet,random,2,9,3,Default,0.47071789119461577
WGet,random,2,9,3,MDAP_MF-DF-ALS-PCI,0.46514194464158976
WGet,random,2,9,3,MDA_MF-DF-ALS,0.46514194464158976
WGet,random,2,9,3,MDP_MF-DF-PCI,0.46514194464158976
WGet,random,2,9,3,MD_MF-DF,0.46514194464158976
WGet,random,2,9,3,PCI,0.4738492431263515
WGet,random,3,27,1,ALS,0.8620689655172413
WGet,random,3,27,1,AP_ALS-PCI,0.8620689655172413
WGet,random,3,27,1,Default,0.8666666666666667
WGet,random,3,27,1,MDAP_MF-DF-ALS-PCI,0.8571428571428571
WGet,random,3,27,1,MDA_MF-DF-ALS,0.8571428571428571
WGet,random,3,27,1,MDP_MF-DF-PCI,0.8571428571428571
WGet,random,3,27,1,MD_MF-DF,0.8571428571428571
WGet,random,3,27,1,PCI,0.8666666666666667
WGet,random,3,27,2,ALS,0.7391237113402062
WGet,random,3,27,2,AP_ALS-PCI,0.7315119363395225
WGet,random,3,27,2,Default,0.7451558752997601
WGet,random,3,27,2,MDAP_MF-DF-ALS-PCI,0.7300555555555555
WGet,random,3,27,2,MDA_MF-DF-ALS,0.7300555555555555
WGet,random,3,27,2,MDP_MF-DF-PCI,0.7300555555555555
WGet,random,3,27,2,MD_MF-DF,0.7300555555555555
WGet,random,3,27,2,PCI,0.7431094527363185
WGet,random,3,27,3,ALS,0.6127753303964757
WGet,random,3,27,3,AP_ALS-PCI,0.5994267299864314
WGet,random,3,27,3,Default,0.6178182837913628
WGet,random,3,27,3,MDAP_MF-DF-ALS-PCI,0.6009474804826117
WGet,random,3,27,3,MDA_MF-DF-ALS,0.6009474804826117
WGet,random,3,27,3,MDP_MF-DF-PCI,0.6009474804826117
WGet,random,3,27,3,MD_MF-DF,0.6009474804826117
WGet,random,3,27,3,PCI,0.6180599320358356
WGet,solver,1,3,1,ALS,0.5355172413793102
WGet,solver,1,3,1,AP_ALS-PCI,0.5355172413793102
WGet,solver,1,3,1,Default,0.5233333333333333
WGet,solver,1,3,1,MDAP_MF-DF-ALS-PCI,0.5357142857142857
WGet,solver,1,3,1,MDA_MF-DF-ALS,0.5357142857142857
WGet,solver,1,3,1,MDP_MF-DF-PCI,0.5357142857142857
WGet,solver,1,3,1,MD_MF-DF,0.5357142857142857
WGet,solver,1,3,1,PCI,0.5233333333333333
WGet,solver,1,3,2,ALS,0.2833762886597938
WGet,solver,1,3,2,AP_ALS-PCI,0.28233421750663124
WGet,solver,1,3,2,Default,0.26995203836930454
WGet,solver,1,3,2,MDAP_MF-DF-ALS-PCI,0.2833333333333333
WGet,solver,1,3,2,MDA_MF-DF-ALS,0.2833333333333333
WGet,solver,1,3,2,MDP_MF-DF-PCI,0.2833333333333333
WGet,solver,1,3,2,MD_MF-DF,0.2833333333333333
WGet,solver,1,3,2,PCI,0.2711194029850746
WGet,solver,1,3,3,ALS,0.14853996224040275
WGet,solver,1,3,3,AP_ALS-PCI,0.14747625508819534
WGet,solver,1,3,3,Default,0.13753505328098709
WGet,solver,1,3,3,MDAP_MF-DF-ALS-PCI,0.14833215046132
WGet,solver,1,3,3,MDA_MF-DF-ALS,0.14833215046132
WGet,solver,1,3,3,MDP_MF-DF-PCI,0.14833215046132
WGet,solver,1,3,3,MD_MF-DF,0.14833215046132
WGet,solver,1,3,3,PCI,0.13966635773864686
WGet,solver,2,9,1,ALS,0.7424137931034481
WGet,solver,2,9,1,AP_ALS-PCI,0.7424137931034481
WGet,solver,2,9,1,Default,0.7233333333333332
WGet,solver,2,9,1,MDAP_MF-DF-ALS-PCI,0.75
WGet,solver,2,9,1,MDA_MF-DF-ALS,0.75
WGet,solver,2,9,1,MDP_MF-DF-PCI,0.75
WGet,solver,2,9,1,MD_MF-DF,0.75
WGet,solver,2,9,1,PCI,0.7233333333333332
WGet,solver,2,9,2,ALS,0.4771391752577319
WGet,solver,2,9,2,AP_ALS-PCI,0.47726790450928375
WGet,solver,2,9,2,Default,0.45268585131894484
WGet,solver,2,9,2,MDAP_MF-DF-ALS-PCI,0.4833333333333333
WGet,solver,2,9,2,MDA_MF-DF-ALS,0.4833333333333333
WGet,solver,2,9,2,MDP_MF-DF-PCI,0.4833333333333333
WGet,solver,2,9,2,MD_MF-DF,0.4833333333333333
WGet,solver,2,9,2,PCI,0.45646766169154224
WGet,solver,2,9,3,ALS,0.2851541850220264
WGet,solver,2,9,3,AP_ALS-PCI,0.28518995929443686
WGet,solver,2,9,3,Default,0.26283510936623655
WGet,solver,2,9,3,MDAP_MF-DF-ALS-PCI,0.2888573456352022
WGet,solver,2,9,3,MDA_MF-DF-ALS,0.2888573456352022
WGet,solver,2,9,3,MDP_MF-DF-PCI,0.2888573456352022
WGet,solver,2,9,3,MD_MF-DF,0.2888573456352022
WGet,solver,2,9,3,PCI,0.26886623416743893
WGet,solver,3,27,1,ALS,0.8424137931034482
WGet,solver,3,27,1,AP_ALS-PCI,0.8424137931034482
WGet,solver,3,27,1,Default,0.8476666666666667
WGet,solver,3,27,1,MDAP_MF-DF-ALS-PCI,0.8367857142857144
WGet,solver,3,27,1,MDA_MF-DF-ALS,0.8367857142857144
WGet,solver,3,27,1,MDP_MF-DF-PCI,0.8367857142857144
WGet,solver,3,27,1,MD_MF-DF,0.8367857142857144
WGet,solver,3,27,1,PCI,0.8476666666666667
WGet,solver,3,27,2,ALS,0.6771649484536083
WGet,solver,3,27,2,AP_ALS-PCI,0.6691246684350132
WGet,solver,3,27,2,Default,0.6853956834532374
WGet,solver,3,27,2,MDAP_MF-DF-ALS-PCI,0.6680277777777778
WGet,solver,3,27,2,MDA_MF-DF-ALS,0.6680277777777778
WGet,solver,3,27,2,MDP_MF-DF-PCI,0.6680277777777778
WGet,solver,3,27,2,MD_MF-DF,0.6680277777777778
WGet,solver,3,27,2,PCI,0.6826616915422885
WGet,solver,3,27,3,ALS,0.4883196979232221
WGet,solver,3,27,3,AP_ALS-PCI,0.47725915875169606
WGet,solver,3,27,3,Default,0.49945877734155913
WGet,solver,3,27,3,MDAP_MF-DF-ALS-PCI,0.4786621717530163
WGet,solver,3,27,3,MDA_MF-DF-ALS,0.4786621717530163
WGet,solver,3,27,3,MDP_MF-DF-PCI,0.4786621717530163
WGet,solver,3,27,3,MD_MF-DF,0.4786621717530163
WGet,solver,3,27,3,PCI,0.4995427865307383
clasp,distance,1,12,1,ALS,0.8224528301886792
clasp,distance,1,12,1,AP_ALS-PCI,0.8224528301886792
clasp,distance,1,12,1,Default,0.8512307692307692
clasp,distance,1,12,1,MDAP_MF-DF-ALS-PCI,0.8192307692307692
clasp,distance,1,12,1,MDA_MF-DF-ALS,0.8192307692307692
clasp,distance,1,12,1,MDP_MF-DF-PCI,0.8490625
clasp,distance,1,12,1,MD_MF-DF,0.8490625
clasp,distance,1,12,1,PCI,0.8512307692307692
clasp,distance,1,12,2,ALS,0.6117179487179487
clasp,distance,1,12,2,AP_ALS-PCI,0.614840928632846
clasp,distance,1,12,2,Default,0.6362007168458781
clasp,distance,1,12,2,MDAP_MF-DF-ALS-PCI,0.6177428057553956
clasp,distance,1,12,2,MDA_MF-DF-ALS,0.614427549194991
clasp,distance,1,12,2,MDP_MF-DF-PCI,0.6477215189873416
clasp,distance,1,12,2,MD_MF-DF,0.6399254658385093
clasp,distance,1,12,2,PCI,0.6440133982947625
clasp,distance,1,12,3,ALS,0.43505136654390386
clasp,distance,1,12,3,AP_ALS-PCI,0.43900731930466597
clasp,distance,1,12,3,Default,0.4535611314579599
clasp,distance,1,12,3,MDAP_MF-DF-ALS-PCI,0.44622652128033763
clasp,distance,1,12,3,MDA_MF-DF-ALS,0.44175151472943797
clasp,distance,1,12,3,MDP_MF-DF-PCI,0.4773838126972991
clasp,distance,1,12,3,MD_MF-DF,0.46014840372464244
clasp,distance,1,12,3,PCI,0.4705482663595607
clasp,distance,2,30,1,ALS,0.9101886792452828
clasp,distance,2,30,1,AP_ALS-PCI,0.9101886792452828
clasp,distance,2,30,1,Default,0.9266153846153847
clasp,distance,2,30,1,MDAP_MF-DF-ALS-PCI,0.9084615384615385
clasp,distance,2,30,1,MDA_MF-DF-ALS,0.9084615384615385
clasp,distance,2,30,1,MDP_MF-DF-PCI,0.92546875
clasp,distance,2,30,1,MD_MF-DF,0.92546875
clasp,distance,2,30,1,PCI,0.9266153846153847
clasp,distance,2,30,2,ALS,0.7114615384615384
clasp,distance,2,30,2,AP_ALS-PCI,0.7148925193465177
clasp,distance,2,30,2,Default,0.7285663082437276
clasp,distance,2,30,2,MDAP_MF-DF-ALS-PCI,0.720755395683453
clasp,distance,2,30,2,MDA_MF-DF-ALS,0.7168872987477638
clasp,distance,2,30,2,MDP_MF-DF-PCI,0.7435506329113923
clasp,distance,2,30,2,MD_MF-DF,0.7345900621118012
clasp,distance,2,30,2,PCI,0.7373629719853837
clasp,distance,2,30,3,ALS,0.5250125993409575
clasp,distance,2,30,3,AP_ALS-PCI,0.5294641223369494
clasp,distance,2,30,3,Default,0.5422181095612872
clasp,distance,2,30,3,MDAP_MF-DF-ALS-PCI,0.5408540274358071
clasp,distance,2,30,3,MDA_MF-DF-ALS,0.5354300438749217
clasp,distance,2,30,3,MDP_MF-DF-PCI,0.5722110662925289
clasp,distance,2,30,3,MD_MF-DF,0.5522368639840373
clasp,distance,2,30,3,PCI,0.5615617159544276
clasp,distance,3,89,1,ALS,0.9433962264150944
clasp,distance,3,89,1,AP_ALS-PCI,0.9433962264150944
clasp,distance,3,89,1,Default,0.953846153846154
clasp,distance,3,89,1,MDAP_MF-DF-ALS-PCI,0.9423076923076921
clasp,distance,3,89,1,MDA_MF-DF-ALS,0.9423076923076921
clasp,distance,3,89,1,MDP_MF-DF-PCI,0.953125
clasp,distance,3,89,1,MD_MF-DF,0.953125
clasp,distance,3,89,1,PCI,0.953846153846154
clasp,distance,3,89,2,ALS,0.7665641025641026
clasp,distance,3,89,2,AP_ALS-PCI,0.7703181427343077
clasp,distance,3,89,2,Default,0.7810035842293906
clasp,distance,3,89,2,MDAP_MF-DF-ALS-PCI,0.7786690647482014
clasp,distance,3,89,2,MDA_MF-DF-ALS,0.7744901610017888
clasp,distance,3,89,2,MDP_MF-DF-PCI,0.7983544303797468
clasp,distance,3,89,2,MD_MF-DF,0.7890683229813663
clasp,distance,3,89,2,PCI,0.7901339829476248
clasp,distance,3,89,3,ALS,0.5870478774956386
clasp,distance,3,89,3,AP_ALS-PCI,0.5921931773624363
clasp,distance,3,89,3,Default,0.6046524585054157
clasp,distance,3,89,3,MDAP_MF-DF-ALS-PCI,0.6082827998593036
clasp,distance,3,89,3,MDA_MF-DF-ALS,0.6021826032453513
clasp,distance,3,89,3,MDP_MF-DF-PCI,0.6393787267625394
clasp,distance,3,89,3,MD_MF-DF,0.6187649650814765
clasp,distance,3,89,3,PCI,0.6246431949985604
clasp,random,1,12,1,ALS,0.6918867924528301
clasp,random,1,12,1,AP_ALS-PCI,0.6918867924528301
clasp,random,1,12,1,Default,0.7467692307692307
clasp,random,1,12,1,MDAP_MF-DF-ALS-PCI,0.7042307692307692
clasp,random,1,12,1,MDA_MF-DF-ALS,0.7042307692307692
clasp,random,1,12,1,MDP_MF-DF-PCI,0.75765625
clasp,random,1,12,1,MD_MF-DF,0.75765625
clasp,random,1,12,1,PCI,0.7467692307692307
clasp,random,1,12,2,ALS,0.49214529914529914
clasp,random,1,12,2,AP_ALS-PCI,0.49509028374892516
clasp,random,1,12,2,Default,0.5341457586618876
clasp,random,1,12,2,MDAP_MF-DF-ALS-PCI,0.5166906474820143
clasp,random,1,12,2,MDA_MF-DF-ALS,0.51391771019678
clasp,random,1,12,2,MDP_MF-DF-PCI,0.5592341772151898
clasp,random,1,12,2,MD_MF-DF,0.5544161490683229
clasp,random,1,12,2,PCI,0.5390499390986602
clasp,random,1,12,3,ALS,0.34582606448278086
clasp,random,1,12,3,AP_ALS-PCI,0.34974970592079463
clasp,random,1,12,3,Default,0.3670260266500428
clasp,random,1,12,3,MDAP_MF-DF-ALS-PCI,0.3754752022511431
clasp,random,1,12,3,MDA_MF-DF-ALS,0.3717097290897694
clasp,random,1,12,3,MDP_MF-DF-PCI,0.40011662574535245
clasp,random,1,12,3,MD_MF-DF,0.39063227469238443
clasp,random,1,12,3,PCI,0.37627195327602514
clasp,random,2,30,1,ALS,0.7264150943396226
clasp,random,2,30,1,AP_ALS-PCI,0.7264150943396226
clasp,random,2,30,1,Default,0.7767692307692308
clasp,random,2,30,1,MDAP_MF-DF-ALS-PCI,0.7367307692307692
clasp,random,2,30,1,MDA_MF-DF-ALS,0.7367307692307692
clasp,random,2,30,1,MDP_MF-DF-PCI,0.7859375
clasp,random,2,30,1,MD_MF-DF,0.7859375
clasp,random,2,30,1,PCI,0.7767692307692308
clasp,random,2,30,2,ALS,0.544034188034188
clasp,random,2,30,2,AP_ALS-PCI,0.5472656921754083
clasp,random,2,30,2,Default,0.588500597371565
clasp,random,2,30,2,MDAP_MF-DF-ALS-PCI,0.5681384892086331
clasp,random,2,30,2,MDA_MF-DF-ALS,0.5650894454382825
clasp,random,2,30,2,MDP_MF-DF-PCI,0.613506329113924
clasp,random,2,30,2,MD_MF-DF,0.6082360248447205
clasp,random,2,30,2,PCI,0.5938976857490864
clasp,random,2,30,3,ALS,0.4029941203075531
clasp,random,2,30,3,AP_ALS-PCI,0.4075245066004443
clasp,random,2,30,3,Default,0.43215031559261274
clasp,random,2,30,3,MDAP_MF-DF-ALS-PCI,0.4347717200140696
clasp,random,2,30,3,MDA_MF-DF-ALS,0.4304115885507347
clasp,random,2,30,3,MDP_MF-DF-PCI,0.4678625920729568
clasp,random,2,30,3,MD_MF-DF,0.4574409710675091
clasp,random,2,30,3,PCI,0.44243326615390943
clasp,random,3,89,1,ALS,0.7669811320754717
clasp,random,3,89,1,AP_ALS-PCI,0.7669811320754717
clasp,random,3,89,1,Default,0.81
clasp,random,3,89,1,MDAP_MF-DF-ALS-PCI,0.7732692307692307
clasp,random,3,89,1,MDA_MF-DF-ALS,0.7732692307692307
clasp,random,3,89,1,MDP_MF-DF-PCI,0.81578125
clasp,random,3,89,1,MD_MF-DF,0.81578125
clasp,random,3,89,1,PCI,0.81
clasp,random,3,89,2,ALS,0.5914102564102564
clasp,random,3,89,2,AP_ALS-PCI,0.5948753224419604
clasp,random,3,89,2,Default,0.633853046594982
clasp,random,3,89,2,MDAP_MF-DF-ALS-PCI,0.6121492805755395
clasp,random,3,89,2,MDA_MF-DF-ALS,0.6088640429338102
clasp,random,3,89,2,MDP_MF-DF-PCI,0.6564493670886076
clasp,random,3,89,2,MD_MF-DF,0.6504285714285715
clasp,random,3,89,2,PCI,0.6400487210718636
clasp,random,3,89,3,ALS,0.45098145635459064
clasp,random,3,89,3,AP_ALS-PCI,0.45596654032152656
clasp,random,3,89,3,Default,0.48540481570949884
clasp,random,3,89,3,MDAP_MF-DF-ALS-PCI,0.4813668659866338
clasp,random,3,89,3,MDA_MF-DF-ALS,0.4765394526081203
clasp,random,3,89,3,MDP_MF-DF-PCI,0.5214529989477376
clasp,random,3,89,3,MD_MF-DF,0.5092047721982041
clasp,random,3,89,3,PCI,0.49763377616912763
clasp,solver,1,12,1,ALS,0.6156603773584906
clasp,solver,1,12,1,AP_ALS-PCI,0.6156603773584906
clasp,solver,1,12,1,Default,0.6638461538461538
clasp,solver,1,12,1,MDAP_MF-DF-ALS-PCI,0.6269230769230769
clasp,solver,1,12,1,MDA_MF-DF-ALS,0.6269230769230769
clasp,solver,1,12,1,MDP_MF-DF-PCI,0.67375
clasp,solver,1,12,1,MD_MF-DF,0.67375
clasp,solver,1,12,1,PCI,0.6638461538461538
clasp,solver,1,12,2,ALS,0.4014273504273504
clasp,solver,1,12,2,AP_ALS-PCI,0.4038177128116939
clasp,solver,1,12,2,Default,0.43799880525686974
clasp,solver,1,12,2,MDAP_MF-DF-ALS-PCI,0.42152877697841723
clasp,solver,1,12,2,MDA_MF-DF-ALS,0.4192665474060822
clasp,solver,1,12,2,MDP_MF-DF-PCI,0.4585822784810126
clasp,solver,1,12,2,MD_MF-DF,0.4547204968944099
clasp,solver,1,12,2,PCI,0.4419244823386114
clasp,solver,1,12,3,ALS,0.26408864767073714
clasp,solver,1,12,3,AP_ALS-PCI,0.2670618219840543
clasp,solver,1,12,3,Default,0.2833433335930803
clasp,solver,1,12,3,MDAP_MF-DF-ALS-PCI,0.2866078086528315
clasp,solver,1,12,3,MDA_MF-DF-ALS,0.28373354690438046
clasp,solver,1,12,3,MDP_MF-DF-PCI,0.30853384777271126
clasp,solver,1,12,3,MD_MF-DF,0.3015160458929165
clasp,solver,1,12,3,PCI,0.29018056183934515
clasp,solver,2,30,1,ALS,0.6707547169811321
clasp,solver,2,30,1,AP_ALS-PCI,0.6707547169811321
clasp,solver,2,30,1,Default,0.7275384615384616
clasp,solver,2,30,1,MDAP_MF-DF-ALS-PCI,0.683076923076923
clasp,solver,2,30,1,MDA_MF-DF-ALS,0.683076923076923
clasp,solver,2,30,1,MDP_MF-DF-PCI,0.7384375
clasp,solver,2,30,1,MD_MF-DF,0.7384375
clasp,solver,2,30,1,PCI,0.7275384615384616
clasp,solver,2,30,2,ALS,0.47036752136752136
clasp,solver,2,30,2,AP_ALS-PCI,0.47317282889079965
clasp,solver,2,30,2,Default,0.5178375149342891
clasp,solver,2,30,2,MDAP_MF-DF-ALS-PCI,0.49406474820143875
clasp,solver,2,30,2,MDA_MF-DF-ALS,0.4914132379248658
clasp,solver,2,30,2,MDP_MF-DF-PCI,0.5419683544303797
clasp,solver,2,30,2,MD_MF-DF,0.5377329192546584
clasp,solver,2,30,2,PCI,0.5221619975639463
clasp,solver,2,30,3,ALS,0.32993732635523676
clasp,solver,2,30,3,AP_ALS-PCI,0.3336635733890994
clasp,solver,2,30,3,Default,0.3597171355100132
clasp,solver,2,30,3,MDAP_MF-DF-ALS-PCI,0.35830249736194153
clasp,solver,2,30,3,MDA_MF-DF-ALS,0.35470924159064
clasp,solver,2,30,3,MDP_MF-DF-PCI,0.3910513854787794
clasp,solver,2,30,3,MD_MF-DF,0.38300133022946453
clasp,solver,2,30,3,PCI,0.3675901780940237
clasp,solver,3,89,1,ALS,0.7032075471698112
clasp,solver,3,89,1,AP_ALS-PCI,0.7032075471698112
clasp,solver,3,89,1,Default,0.7576923076923078
clasp,solver,3,89,1,MDAP_MF-DF-ALS-PCI,0.7161538461538461
clasp,solver,3,89,1,MDA_MF-DF-ALS,0.7161538461538461
clasp,solver,3,89,1,MDP_MF-DF-PCI,0.7690625
clasp,solver,3,89,1,MD_MF-DF,0.7690625
clasp,solver,3,89,1,PCI,0.7576923076923078
clasp,solver,3,89,2,ALS,0.5205042735042735
clasp,solver,3,89,2,AP_ALS-PCI,0.5236113499570078
clasp,solver,3,89,2,Default,0.5674970131421744
clasp,solver,3,89,2,MDAP_MF-DF-ALS-PCI,0.5468165467625898
clasp,solver,3,89,2,MDA_MF-DF-ALS,0.5438819320214668
clasp,solver,3,89,2,MDP_MF-DF-PCI,0.5943037974683544
clasp,solver,3,89,2,MD_MF-DF,0.5893664596273291
clasp,solver,3,89,2,PCI,0.5725213154689403
clasp,solver,3,89,3,ALS,0.3856632422304064
clasp,solver,3,89,3,AP_ALS-PCI,0.39002679388315253
clasp,solver,3,89,3,Default,0.41705096236265876
clasp,solver,3,89,3,MDAP_MF-DF-ALS-PCI,0.41897572986282094
clasp,solver,3,89,3,MDA_MF-DF-ALS,0.41477400933212616
clasp,solver,3,89,3,MDP_MF-DF-PCI,0.4536982637670992
clasp,solver,3,89,3,MD_MF-DF,0.444172347855005
clasp,solver,3,89,3,PCI,0.4263591494262329
lrzip,distance,1,9,1,ALS,0.7632432432432432
lrzip,distance,1,9,1,AP_ALS-PCI,0.7632432432432432
lrzip,distance,1,9,1,Default,0.743157894736842
lrzip,distance,1,9,1,MDAP_MF-DF-ALS-PCI,0.7566666666666666
lrzip,distance,1,9,1,MDA_MF-DF-ALS,0.7566666666666666
lrzip,distance,1,9,1,MDP_MF-DF-PCI,0.7566666666666666
lrzip,distance,1,9,1,MD_MF-DF,0.7566666666666666
lrzip,distance,1,9,1,PCI,0.743157894736842
lrzip,distance,1,9,2,ALS,0.5431658291457286
lrzip,distance,1,9,2,AP_ALS-PCI,0.5450680272108843
lrzip,distance,1,9,2,Default,0.5114668769716088
lrzip,distance,1,9,2,MDAP_MF-DF-ALS-PCI,0.5381474820143884
lrzip,distance,1,9,2,MDA_MF-DF-ALS,0.53475935828877
lrzip,distance,1,9,2,MDP_MF-DF-PCI,0.5381474820143884
lrzip,distance,1,9,2,MD_MF-DF,0.53475935828877
lrzip,distance,1,9,2,PCI,0.5211382113821138
lrzip,distance,1,9,3,ALS,0.3789691085613416
lrzip,distance,1,9,3,AP_ALS-PCI,0.38509175162187204
lrzip,distance,1,9,3,Default,0.3428393484509741
lrzip,distance,1,9,3,MDAP_MF-DF-ALS-PCI,0.3803887993553585
lrzip,distance,1,9,3,MDA_MF-DF-ALS,0.37227664576802505
lrzip,distance,1,9,3,MDP_MF-DF-PCI,0.3803887993553585
lrzip,distance,1,9,3,MD_MF-DF,0.37227664576802505
lrzip,distance,1,9,3,PCI,0.3634021339863564
lrzip,distance,2,54,1,ALS,0.8918918918918918
lrzip,distance,2,54,1,AP_ALS-PCI,0.8918918918918918
lrzip,distance,2,54,1,Default,0.894736842105263
lrzip,distance,2,54,1,MDAP_MF-DF-ALS-PCI,0.8888888888888888
lrzip,distance,2,54,1,MDA_MF-DF-ALS,0.8888888888888888
lrzip,distance,2,54,1,MDP_MF-DF-PCI,0.8888888888888888
lrzip,distance,2,54,1,MD_MF-DF,0.8888888888888888
lrzip,distance,2,54,1,PCI,0.894736842105263
lrzip,distance,2,54,2,ALS,0.7399832495812394
lrzip,distance,2,54,2,AP_ALS-PCI,0.7445068027210884
lrzip,distance,2,54,2,Default,0.7291640378548895
lrzip,distance,2,54,2,MDAP_MF-DF-ALS-PCI,0.7383992805755395
lrzip,distance,2,54,2,MDA_MF-DF-ALS,0.7336007130124778
lrzip,distance,2,54,2,MDP_MF-DF-PCI,0.7383992805755395
lrzip,distance,2,54,2,MD_MF-DF,0.7336007130124778
lrzip,distance,2,54,2,PCI,0.7436585365853658
lrzip,distance,2,54,3,ALS,0.59306266548985
lrzip,distance,2,54,3,AP_ALS-PCI,0.605286376274328
lrzip,distance,2,54,3,Default,0.5666097093580326
lrzip,distance,2,54,3,MDAP_MF-DF-ALS-PCI,0.5976047542304592
lrzip,distance,2,54,3,MDA_MF-DF-ALS,0.5848315047021942
lrzip,distance,2,54,3,MDP_MF-DF-PCI,0.5976047542304592
lrzip,distance,2,54,3,MD_MF-DF,0.5848315047021942
lrzip,distance,2,54,3,PCI,0.60134860941053
lrzip,distance,3,108,1,ALS,0.8918918918918918
lrzip,distance,3,108,1,AP_ALS-PCI,0.8918918918918918
lrzip,distance,3,108,1,Default,0.894736842105263
lrzip,distance,3,108,1,MDAP_MF-DF-ALS-PCI,0.8888888888888888
lrzip,distance,3,108,1,MDA_MF-DF-ALS,0.8888888888888888
lrzip,distance,3,108,1,MDP_MF-DF-PCI,0.8888888888888888
lrzip,distance,3,108,1,MD_MF-DF,0.8888888888888888
lrzip,distance,3,108,1,PCI,0.894736842105263
lrzip,distance,3,108,2,ALS,0.7708542713567839
lrzip,distance,3,108,2,AP_ALS-PCI,0.7758503401360544
lrzip,distance,3,108,2,Default,0.7632492113564667
lrzip,distance,3,108,2,MDAP_MF-DF-ALS-PCI,0.7683453237410072
lrzip,distance,3,108,2,MDA_MF-DF-ALS,0.7632798573975044
lrzip,distance,3,108,2,MDP_MF-DF-PCI,0.7683453237410072
lrzip,distance,3,108,2,MD_MF-DF,0.7632798573975044
lrzip,distance,3,108,2,PCI,0.7786991869918698
lrzip,distance,3,108,3,ALS,0.6473398058252426
lrzip,distance,3,108,3,AP_ALS-PCI,0.6604281742354031
lrzip,distance,3,108,3,Default,0.6247157457681252
lrzip,distance,3,108,3,MDAP_MF-DF-ALS-PCI,0.6484508460918614
lrzip,distance,3,108,3,MDA_MF-DF-ALS,0.6346238244514106
lrzip,distance,3,108,3,MDP_MF-DF-PCI,0.6484508460918614
lrzip,distance,3,108,3,MD_MF-DF,0.6346238244514106
lrzip,distance,3,108,3,PCI,0.66200979534721
lrzip,random,1,9,1,ALS,0.7883783783783784
lrzip,random,1,9,1,AP_ALS-PCI,0.7883783783783784
lrzip,random,1,9,1,Default,0.7852631578947369
lrzip,random,1,9,1,MDAP_MF-DF-ALS-PCI,0.7825
lrzip,random,1,9,1,MDA_MF-DF-ALS,0.7825
lrzip,random,1,9,1,MDP_MF-DF-PCI,0.7825
lrzip,random,1,9,1,MD_MF-DF,0.7825
lrzip,random,1,9,1,PCI,0.7852631578947369
lrzip,random,1,9,2,ALS,0.5749748743718592
lrzip,random,1,9,2,AP_ALS-PCI,0.5781632653061224
lrzip,random,1,9,2,Default,0.5615141955835962
lrzip,random,1,9,2,MDAP_MF-DF-ALS-PCI,0.5668165467625899
lrzip,random,1,9,2,MDA_MF-DF-ALS,0.5627094474153297
lrzip,random,1,9,2,MDP_MF-DF-PCI,0.5668165467625899
lrzip,random,1,9,2,MD_MF-DF,0.5627094474153297
lrzip,random,1,9,2,PCI,0.5725365853658536
lrzip,random,1,9,3,ALS,0.40916857899382164
lrzip,random,1,9,3,AP_ALS-PCI,0.41703243744207596
lrzip,random,1,9,3,Default,0.38808048546790164
lrzip,random,1,9,3,MDAP_MF-DF-ALS-PCI,0.4039826752618855
lrzip,random,1,9,3,MDA_MF-DF-ALS,0.39451998432601876
lrzip,random,1,9,3,MDP_MF-DF-PCI,0.4039826752618855
lrzip,random,1,9,3,MD_MF-DF,0.39451998432601876
lrzip,random,1,9,3,PCI,0.41128389015217764
lrzip,random,2,54,1,ALS,0.8916216216216215
lrzip,random,2,54,1,AP_ALS-PCI,0.8916216216216215
lrzip,random,2,54,1,Default,0.8944736842105262
lrzip,random,2,54,1,MDAP_MF-DF-ALS-PCI,0.888611111111111
lrzip,random,2,54,1,MDA_MF-DF-ALS,0.888611111111111
lrzip,random,2,54,1,MDP_MF-DF-PCI,0.888611111111111
lrzip,random,2,54,1,MD_MF-DF,0.888611111111111
lrzip,random,2,54,1,PCI,0.8944736842105262
lrzip,random,2,54,2,ALS,0.7549916247906198
lrzip,random,2,54,2,AP_ALS-PCI,0.7597448979591835
lrzip,random,2,54,2,Default,0.7475236593059936
lrzip,random,2,54,2,MDAP_MF-DF-ALS-PCI,0.7513309352517986
lrzip,random,2,54,2,MDA_MF-DF-ALS,0.7464171122994653
lrzip,random,2,54,2,MDP_MF-DF-PCI,0.7513309352517986
lrzip,random,2,54,2,MD_MF-DF,0.7464171122994653
lrzip,random,2,54,2,PCI,0.7624878048780488
lrzip,random,2,54,3,ALS,0.6186195939982347
lrzip,random,2,54,3,AP_ALS-PCI,0.6309935125115848
lrzip,random,2,54,3,Default,0.5975918236984988
lrzip,random,2,54,3,MDAP_MF-DF-ALS-PCI,0.6179089443996777
lrzip,random,2,54,3,MDA_MF-DF-ALS,0.6047629310344828
lrzip,random,2,54,3,MDP_MF-DF-PCI,0.6179089443996777
lrzip,random,2,54,3,MD_MF-DF,0.6047629310344828
lrzip,random,2,54,3,PCI,0.6330820360328844
lrzip,random,3,108,1,ALS,0.8918918918918918
lrzip,random,3,108,1,AP_ALS-PCI,0.8918918918918918
lrzip,random,3,108,1,Default,0.894736842105263
lrzip,random,3,108,1,MDAP_MF-DF-ALS-PCI,0.8888888888888888
lrzip,random,3,108,1,MDA_MF-DF-ALS,0.8888888888888888
lrzip,random,3,108,1,MDP_MF-DF-PCI,0.8888888888888888
lrzip,random,3,108,1,MD_MF-DF,0.8888888888888888
lrzip,random,3,108,1,PCI,0.894736842105263
lrzip,random,3,108,2,ALS,0.7740536013400334
lrzip,random,3,108,2,AP_ALS-PCI,0.7790986394557824
lrzip,random,3,108,2,Default,0.7677760252365929
lrzip,random,3,108,2,MDAP_MF-DF-ALS-PCI,0.7717805755395684
lrzip,random,3,108,2,MDA_MF-DF-ALS,0.7666844919786096
lrzip,random,3,108,2,MDP_MF-DF-PCI,0.7717805755395684
lrzip,random,3,108,2,MD_MF-DF,0.7666844919786096
lrzip,random,3,108,2,PCI,0.7833658536585365
lrzip,random,3,108,3,ALS,0.6537210944395411
lrzip,random,3,108,3,AP_ALS-PCI,0.6670064874884152
lrzip,random,3,108,3,Default,0.6335723411050782
lrzip,random,3,108,3,MDAP_MF-DF-ALS-PCI,0.6550624496373891
lrzip,random,3,108,3,MDA_MF-DF-ALS,0.6413126959247648
lrzip,random,3,108,3,MDP_MF-DF-PCI,0.6550624496373891
lrzip,random,3,108,3,MD_MF-DF,0.6413126959247648
lrzip,random,3,108,3,PCI,0.6713835927934231
lrzip,solver,1,9,1,ALS,0.6575675675675674
lrzip,solver,1,9,1,AP_ALS-PCI,0.6575675675675674
lrzip,solver,1,9,1,Default,0.646842105263158
lrzip,solver,1,9,1,MDAP_MF-DF-ALS-PCI,0.6480555555555556
lrzip,solver,1,9,1,MDA_MF-DF-ALS,0.6480555555555556
lrzip,solver,1,9,1,MDP_MF-DF-PCI,0.6480555555555556
lrzip,solver,1,9,1,MD_MF-DF,0.6480555555555556
lrzip,solver,1,9,1,PCI,0.646842105263158
lrzip,solver,1,9,2,ALS,0.43616415410385256
lrzip,solver,1,9,2,AP_ALS-PCI,0.43897959183673463
lrzip,solver,1,9,2,Default,0.41902208201892743
lrzip,solver,1,9,2,MDAP_MF-DF-ALS-PCI,0.4264748201438849
lrzip,solver,1,9,2,MDA_MF-DF-ALS,0.42281639928698744
lrzip,solver,1,9,2,MDP_MF-DF-PCI,0.4264748201438849
lrzip,solver,1,9,2,MD_MF-DF,0.42281639928698744
lrzip,solver,1,9,2,PCI,0.42786991869918695
lrzip,solver,1,9,3,ALS,0.29191350397175636
lrzip,solver,1,9,3,AP_ALS-PCI,0.2984596848934198
lrzip,solver,1,9,3,Default,0.2721031619290961
lrzip,solver,1,9,3,MDAP_MF-DF-ALS-PCI,0.2869923448831587
lrzip,solver,1,9,3,MDA_MF-DF-ALS,0.2793554075235109
lrzip,solver,1,9,3,MDP_MF-DF-PCI,0.2869923448831587
lrzip,solver,1,9,3,MD_MF-DF,0.2793554075235109
lrzip,solver,1,9,3,PCI,0.2896134336190309
lrzip,solver,2,54,1,ALS,0.8413513513513513
lrzip,solver,2,54,1,AP_ALS-PCI,0.8413513513513513
lrzip,solver,2,54,1,Default,0.8436842105263157
lrzip,solver,2,54,1,MDAP_MF-DF-ALS-PCI,0.8369444444444444
lrzip,solver,2,54,1,MDA_MF-DF-ALS,0.8369444444444444
lrzip,solver,2,54,1,MDP_MF-DF-PCI,0.8369444444444444
lrzip,solver,2,54,1,MD_MF-DF,0.8369444444444444
lrzip,solver,2,54,1,PCI,0.8436842105263157
lrzip,solver,2,54,2,ALS,0.6653266331658291
lrzip,solver,2,54,2,AP_ALS-PCI,0.6692006802721088
lrzip,solver,2,54,2,Default,0.6580283911671924
lrzip,solver,2,54,2,MDAP_MF-DF-ALS-PCI,0.6595323741007193
lrzip,solver,2,54,2,MDA_MF-DF-ALS,0.6551336898395722
lrzip,solver,2,54,2,MDP_MF-DF-PCI,0.6595323741007193
lrzip,solver,2,54,2,MD_MF-DF,0.6551336898395722
lrzip,solver,2,54,2,PCI,0.6709756097560975
lrzip,solver,2,54,3,ALS,0.5141253309796998
lrzip,solver,2,54,3,AP_ALS-PCI,0.524368860055607
lrzip,solver,2,54,3,Default,0.49632226125838386
lrzip,solver,2,54,3,MDAP_MF-DF-ALS-PCI,0.5118835616438355
lrzip,solver,2,54,3,MDA_MF-DF-ALS,0.5006171630094043
lrzip,solver,2,54,3,MDP_MF-DF-PCI,0.5118835616438355
lrzip,solver,2,54,3,MD_MF-DF,0.5006171630094043
lrzip,solver,2,54,3,PCI,0.5260206401959069
lrzip,solver,3,108,1,ALS,0.8918918918918918
lrzip,solver,3,108,1,AP_ALS-PCI,0.8918918918918918
lrzip,solver,3,108,1,Default,0.894736842105263
lrzip,solver,3,108,1,MDAP_MF-DF-ALS-PCI,0.8888888888888888
lrzip,solver,3,108,1,MDA_MF-DF-ALS,0.8888888888888888
lrzip,solver,3,108,1,MDP_MF-DF-PCI,0.8888888888888888
lrzip,solver,3,108,1,MD_MF-DF,0.8888888888888888
lrzip,solver,3,108,1,PCI,0.894736842105263
lrzip,solver,3,108,2,ALS,0.7509380234505862
lrzip,solver,3,108,2,AP_ALS-PCI,0.7556292517006803
lrzip,solver,3,108,2,Default,0.743186119873817
lrzip,solver,3,108,2,MDAP_MF-DF-ALS-PCI,0.7471402877697841
lrzip,solver,3,108,2,MDA_MF-DF-ALS,0.7422638146167557
lrzip,solver,3,108,2,MDP_MF-DF-PCI,0.7471402877697841
lrzip,solver,3,108,2,MD_MF-DF,0.7422638146167557
lrzip,solver,3,108,2,PCI,0.7580487804878048
lrzip,solver,3,108,3,ALS,0.6135834068843777
lrzip,solver,3,108,3,AP_ALS-PCI,0.6258962001853567
lrzip,solver,3,108,3,Default,0.5924033854998403
lrzip,solver,3,108,3,MDAP_MF-DF-ALS-PCI,0.6130278001611603
lrzip,solver,3,108,3,MDA_MF-DF-ALS,0.6000528996865203
lrzip,solver,3,108,3,MDP_MF-DF-PCI,0.6130278001611603
lrzip,solver,3,108,3,MD_MF-DF,0.6000528996865203
lrzip,solver,3,108,3,PCI,0.6277155850970789
x264,distance,1,3,1,ALS,0.6585185185185185
x264,distance,1,3,1,AP_ALS-PCI,0.6585185185185185
x264,distance,1,3,1,Default,0.6513333333333332
x264,distance,1,3,1,MDAP_MF-DF-ALS-PCI,0.6534615384615384
x264,distance,1,3,1,MDA_MF-DF-ALS,0.6534615384615384
x264,distance,1,3,1,MDP_MF-DF-PCI,0.6534615384615384
x264,distance,1,3,1,MD_MF-DF,0.6534615384615384
x264,distance,1,3,1,PCI,0.6513333333333332
x264,distance,1,3,2,ALS,0.37075301204819266
x264,distance,1,3,2,AP_ALS-PCI,0.36332307692307686
x264,distance,1,3,2,Default,0.3636298076923077
x264,distance,1,3,2,MDAP_MF-DF-ALS-PCI,0.3664052287581699
x264,distance,1,3,2,MDA_MF-DF-ALS,0.3664052287581699
x264,distance,1,3,2,MDP_MF-DF-PCI,0.3664052287581699
x264,distance,1,3,2,MD_MF-DF,0.3664052287581699
x264,distance,1,3,2,PCI,0.3628
x264,distance,1,3,3,ALS,0.1929058441558441
x264,distance,1,3,3,AP_ALS-PCI,0.1852783772119119
x264,distance,1,3,3,Default,0.1869395821569734
x264,distance,1,3,3,MDAP_MF-DF-ALS-PCI,0.19043558850787762
x264,distance,1,3,3,MDA_MF-DF-ALS,0.19043558850787762
x264,distance,1,3,3,MDP_MF-DF-PCI,0.19043558850787762
x264,distance,1,3,3,MD_MF-DF,0.19043558850787762
x264,distance,1,3,3,PCI,0.18944479495268132
x264,distance,2,12,1,ALS,0.7607407407407406
x264,distance,2,12,1,AP_ALS-PCI,0.7607407407407406
x264,distance,2,12,1,Default,0.7616666666666667
x264,distance,2,12,1,MDAP_MF-DF-ALS-PCI,0.7515384615384615
x264,distance,2,12,1,MDA_MF-DF-ALS,0.7515384615384615
x264,distance,2,12,1,MDP_MF-DF-PCI,0.7515384615384615
x264,distance,2,12,1,MD_MF-DF,0.7515384615384615
x264,distance,2,12,1,PCI,0.7616666666666667
x264,distance,2,12,2,ALS,0.5246084337349397
x264,distance,2,12,2,AP_ALS-PCI,0.5143692307692307
x264,distance,2,12,2,Default,0.5238221153846153
x264,distance,2,12,2,MDAP_MF-DF-ALS-PCI,0.5098692810457516
x264,distance,2,12,2,MDA_MF-DF-ALS,0.5098692810457516
x264,distance,2,12,2,MDP_MF-DF-PCI,0.5098692810457516
x264,distance,2,12,2,MD_MF-DF,0.5098692810457516
x264,distance,2,12,2,PCI,0.5213
x264,distance,2,12,3,ALS,0.32954951298701296
x264,distance,2,12,3,AP_ALS-PCI,0.31491152352179536
x264,distance,2,12,3,Default,0.32697346132128735
x264,distance,2,12,3,MDAP_MF-DF-ALS-PCI,0.3168118628359592
x264,distance,2,12,3,MDA_MF-DF-ALS,0.3168118628359592
x264,distance,2,12,3,MDP_MF-DF-PCI,0.3168118628359592
x264,distance,2,12,3,MD_MF-DF,0.3168118628359592
x264,distance,2,12,3,PCI,0.3275488958990536
x264,distance,3,25,1,ALS,0.7759259259259258
x264,distance,3,25,1,AP_ALS-PCI,0.7759259259259258
x264,distance,3,25,1,Default,0.7963333333333334
x264,distance,3,25,1,MDAP_MF-DF-ALS-PCI,0.7673076923076922
x264,distance,3,25,1,MDA_MF-DF-ALS,0.7673076923076922
x264,distance,3,25,1,MDP_MF-DF-PCI,0.7673076923076922
x264,distance,3,25,1,MD_MF-DF,0.7673076923076922
x264,distance,3,25,1,PCI,0.7963333333333334
x264,distance,3,25,2,ALS,0.5726807228915662
x264,distance,3,25,2,AP_ALS-PCI,0.5634769230769231
x264,distance,3,25,2,Default,0.5942788461538462
x264,distance,3,25,2,MDAP_MF-DF-ALS-PCI,0.558921568627451
x264,distance,3,25,2,MDA_MF-DF-ALS,0.558921568627451
x264,distance,3,25,2,MDP_MF-DF-PCI,0.558921568627451
x264,distance,3,25,2,MD_MF-DF,0.558921568627451
x264,distance,3,25,2,PCI,0.591125
x264,distance,3,25,3,ALS,0.394512987012987
x264,distance,3,25,3,AP_ALS-PCI,0.3783426845058265
x264,distance,3,25,3,Default,0.4089836250705815
x264,distance,3,25,3,MDAP_MF-DF-ALS-PCI,0.3805699721964782
x264,distance,3,25,3,MDA_MF-DF-ALS,0.3805699721964782
x264,distance,3,25,3,MDP_MF-DF-PCI,0.3805699721964782
x264,distance,3,25,3,MD_MF-DF,0.3805699721964782
x264,distance,3,25,3,PCI,0.4072018927444795
x264,random,1,3,1,ALS,0.6977777777777777
x264,random,1,3,1,AP_ALS-PCI,0.6977777777777777
x264,random,1,3,1,Default,0.7036666666666666
x264,random,1,3,1,MDAP_MF-DF-ALS-PCI,0.6911538461538461
x264,random,1,3,1,MDA_MF-DF-ALS,0.6911538461538461
x264,random,1,3,1,MDP_MF-DF-PCI,0.6911538461538461
x264,random,1,3,1,MD_MF-DF,0.6911538461538461
x264,random,1,3,1,PCI,0.7036666666666666
x264,random,1,3,2,ALS,0.41451807228915655
x264,random,1,3,2,AP_ALS-PCI,0.4091076923076923
x264,random,1,3,2,Default,0.41187499999999994
x264,random,1,3,2,MDAP_MF-DF-ALS-PCI,0.4081372549019608
x264,random,1,3,2,MDA_MF-DF-ALS,0.4081372549019608
x264,random,1,3,2,MDP_MF-DF-PCI,0.4081372549019608
x264,random,1,3,2,MD_MF-DF,0.4081372549019608
x264,random,1,3,2,PCI,0.41112499999999996
x264,random,1,3,3,ALS,0.2255113636363636
x264,random,1,3,3,AP_ALS-PCI,0.21886059559775567
x264,random,1,3,3,Default,0.21872953133822695
x264,random,1,3,3,MDAP_MF-DF-ALS-PCI,0.22105189990732155
x264,random,1,3,3,MDA_MF-DF-ALS,0.22105189990732155
x264,random,1,3,3,MDP_MF-DF-PCI,0.22105189990732155
x264,random,1,3,3,MD_MF-DF,0.22105189990732155
x264,random,1,3,3,PCI,0.2198580441640378
x264,random,2,12,1,ALS,0.7759259259259258
x264,random,2,12,1,AP_ALS-PCI,0.7759259259259258
x264,random,2,12,1,Default,0.7980000000000002
x264,random,2,12,1,MDAP_MF-DF-ALS-PCI,0.7673076923076922
x264,random,2,12,1,MDA_MF-DF-ALS,0.7673076923076922
x264,random,2,12,1,MDP_MF-DF-PCI,0.7673076923076922
x264,random,2,12,1,MD_MF-DF,0.7673076923076922
x264,random,2,12,1,PCI,0.7980000000000002
x264,random,2,12,2,ALS,0.5818373493975904
x264,random,2,12,2,AP_ALS-PCI,0.5731692307692308
x264,random,2,12,2,Default,0.6048798076923076
x264,random,2,12,2,MDAP_MF-DF-ALS-PCI,0.567843137254902
x264,random,2,12,2,MDA_MF-DF-ALS,0.567843137254902
x264,random,2,12,2,MDP_MF-DF-PCI,0.567843137254902
x264,random,2,12,2,MD_MF-DF,0.567843137254902
x264,random,2,12,2,PCI,0.602725
x264,random,2,12,3,ALS,0.40245129870129864
x264,random,2,12,3,AP_ALS-PCI,0.3878420371169616
x264,random,2,12,3,Default,0.41387634105025406
x264,random,2,12,3,MDAP_MF-DF-ALS-PCI,0.3884476367006487
x264,random,2,12,3,MDA_MF-DF-ALS,0.3884476367006487
x264,random,2,12,3,MDP_MF-DF-PCI,0.3884476367006487
x264,random,2,12,3,MD_MF-DF,0.3884476367006487
x264,random,2,12,3,PCI,0.4138044164037854
x264,random,3,25,1,ALS,0.7777777777777777
x264,random,3,25,1,AP_ALS-PCI,0.7777777777777777
x264,random,3,25,1,Default,0.8
x264,random,3,25,1,MDAP_MF-DF-ALS-PCI,0.7692307692307692
x264,random,3,25,1,MDA_MF-DF-ALS,0.7692307692307692
x264,random,3,25,1,MDP_MF-DF-PCI,0.7692307692307692
x264,random,3,25,1,MD_MF-DF,0.7692307692307692
x264,random,3,25,1,PCI,0.8
x264,random,3,25,2,ALS,0.5975301204819277
x264,random,3,25,2,AP_ALS-PCI,0.5888615384615385
x264,random,3,25,2,Default,0.6275240384615384
x264,random,3,25,2,MDAP_MF-DF-ALS-PCI,0.5830065359477125
x264,random,3,25,2,MDA_MF-DF-ALS,0.5830065359477125
x264,random,3,25,2,MDP_MF-DF-PCI,0.5830065359477125
x264,random,3,25,2,MD_MF-DF,0.5830065359477125
x264,random,3,25,2,PCI,0.6252
x264,random,3,25,3,ALS,0.4441112012987013
x264,random,3,25,3,AP_ALS-PCI,0.42724212343547685
x264,random,3,25,3,Default,0.46941276115189157
x264,random,3,25,3,MDAP_MF-DF-ALS-PCI,0.4267377201112141
x264,random,3,25,3,MDA_MF-DF-ALS,0.4267377201112141
x264,random,3,25,3,MDP_MF-DF-PCI,0.4267377201112141
x264,random,3,25,3,MD_MF-DF,0.4267377201112141
x264,random,3,25,3,PCI,0.46819873817034696
x264,solver,1,3,1,ALS,0.49962962962962953
x264,solver,1,3,1,AP_ALS-PCI,0.49962962962962953
x264,solver,1,3,1,Default,0.5023333333333333
x264,solver,1,3,1,MDAP_MF-DF-ALS-PCI,0.5
x264,solver,1,3,1,MDA_MF-DF-ALS,0.5
x264,solver,1,3,1,MDP_MF-DF-PCI,0.5
x264,solver,1,3,1,MD_MF-DF,0.5
x264,solver,1,3,1,PCI,0.5023333333333333
x264,solver,1,3,2,ALS,0.2490060240963855
x264,solver,1,3,2,AP_ALS-PCI,0.24670769230769227
x264,solver,1,3,2,Default,0.2503365384615384
x264,solver,1,3,2,MDAP_MF-DF-ALS-PCI,0.24934640522875814
x264,solver,1,3,2,MDA_MF-DF-ALS,0.24934640522875814
x264,solver,1,3,2,MDP_MF-DF-PCI,0.24934640522875814
x264,solver,1,3,2,MD_MF-DF,0.24934640522875814
x264,solver,1,3,2,PCI,0.25147499999999995
x264,solver,1,3,3,ALS,0.12365665584415579
x264,solver,1,3,3,AP_ALS-PCI,0.1210919292188174
x264,solver,1,3,3,Default,0.12376623376623373
x264,solver,1,3,3,MDAP_MF-DF-ALS-PCI,0.1238646895273401
x264,solver,1,3,3,MDA_MF-DF-ALS,0.1238646895273401
x264,solver,1,3,3,MDP_MF-DF-PCI,0.1238646895273401
x264,solver,1,3,3,MD_MF-DF,0.1238646895273401
x264,solver,1,3,3,PCI,0.1262965299684542
x264,solver,2,12,1,ALS,0.7037037037037037
x264,solver,2,12,1,AP_ALS-PCI,0.7037037037037037
x264,solver,2,12,1,Default,0.7093333333333333
x264,solver,2,12,1,MDAP_MF-DF-ALS-PCI,0.6923076923076921
x264,solver,2,12,1,MDA_MF-DF-ALS,0.6923076923076921
x264,solver,2,12,1,MDP_MF-DF-PCI,0.6923076923076921
x264,solver,2,12,1,MD_MF-DF,0.6923076923076921
x264,solver,2,12,1,PCI,0.7093333333333333
x264,solver,2,12,2,ALS,0.4704518072289156
x264,solver,2,12,2,AP_ALS-PCI,0.46052307692307687
x264,solver,2,12,2,Default,0.4684615384615384
x264,solver,2,12,2,MDAP_MF-DF-ALS-PCI,0.45660130718954245
x264,solver,2,12,2,MDA_MF-DF-ALS,0.45660130718954245
x264,solver,2,12,2,MDP_MF-DF-PCI,0.45660130718954245
x264,solver,2,12,2,MD_MF-DF,0.45660130718954245
x264,solver,2,12,2,PCI,0.46364999999999995
x264,solver,2,12,3,ALS,0.29529626623376615
x264,solver,2,12,3,AP_ALS-PCI,0.28238670694864043
x264,solver,2,12,3,Default,0.28824392998306037
x264,solver,2,12,3,MDAP_MF-DF-ALS-PCI,0.28409638554216865
x264,solver,2,12,3,MDA_MF-DF-ALS,0.28409638554216865
x264,solver,2,12,3,MDP_MF-DF-PCI,0.28409638554216865
x264,solver,2,12,3,MD_MF-DF,0.28409638554216865
x264,solver,2,12,3,PCI,0.2849463722397476
x264,solver,3,25,1,ALS,0.7429629629629629
x264,solver,3,25,1,AP_ALS-PCI,0.7429629629629629
x264,solver,3,25,1,Default,0.763
x264,solver,3,25,1,MDAP_MF-DF-ALS-PCI,0.7330769230769231
x264,solver,3,25,1,MDA_MF-DF-ALS,0.7330769230769231
x264,solver,3,25,1,MDP_MF-DF-PCI,0.7330769230769231
x264,solver,3,25,1,MD_MF-DF,0.7330769230769231
x264,solver,3,25,1,PCI,0.763
x264,solver,3,25,2,ALS,0.535421686746988
x264,solver,3,25,2,AP_ALS-PCI,0.5254153846153845
x264,solver,3,25,2,Default,0.5564423076923076
x264,solver,3,25,2,MDAP_MF-DF-ALS-PCI,0.5198692810457516
x264,solver,3,25,2,MDA_MF-DF-ALS,0.5198692810457516
x264,solver,3,25,2,MDP_MF-DF-PCI,0.5198692810457516
x264,solver,3,25,2,MD_MF-DF,0.5198692810457516
x264,solver,3,25,2,PCI,0.552275
x264,solver,3,25,3,ALS,0.3640909090909091
x264,solver,3,25,3,AP_ALS-PCI,0.3480750971083297
x264,solver,3,25,3,Default,0.37990118577075094
x264,solver,3,25,3,MDAP_MF-DF-ALS-PCI,0.34813253012048184
x264,solver,3,25,3,MDA_MF-DF-ALS,0.34813253012048184
x264,solver,3,25,3,MDP_MF-DF-PCI,0.34813253012048184
x264,solver,3,25,3,MD_MF-DF,0.34813253012048184
x264,solver,3,25,3,PCI,0.37599999999999995
z3,distance,1,4,1,ALS,0.7637037037037037
z3,distance,1,4,1,AP_ALS-PCI,0.7637037037037037
z3,distance,1,4,1,Default,0.7721428571428571
z3,distance,1,4,1,MDAP_MF-DF-ALS-PCI,0.755
z3,distance,1,4,1,MDA_MF-DF-ALS,0.755
z3,distance,1,4,1,MDP_MF-DF-PCI,0.755
z3,distance,1,4,1,MD_MF-DF,0.755
z3,distance,1,4,1,PCI,0.7721428571428571
z3,distance,1,4,2,ALS,0.47771084337349395
z3,distance,1,4,2,AP_ALS-PCI,0.46715170278637763
z3,distance,1,4,2,Default,0.48935933147632305
z3,distance,1,4,2,MDAP_MF-DF-ALS-PCI,0.4633006535947712
z3,distance,1,4,2,MDA_MF-DF-ALS,0.4633006535947712
z3,distance,1,4,2,MDP_MF-DF-PCI,0.4633006535947712
z3,distance,1,4,2,MD_MF-DF,0.4633006535947712
z3,distance,1,4,2,PCI,0.4840289855072464
z3,distance,1,4,3,ALS,0.2701781376518218
z3,distance,1,4,3,AP_ALS-PCI,0.2593624454148471
z3,distance,1,4,3,Default,0.2810599571734475
z3,distance,1,4,3,MDAP_MF-DF-ALS-PCI,0.2578096118299445
z3,distance,1,4,3,MDA_MF-DF-ALS,0.2578096118299445
z3,distance,1,4,3,MDP_MF-DF-PCI,0.2578096118299445
z3,distance,1,4,3,MD_MF-DF,0.2578096118299445
z3,distance,1,4,3,PCI,0.2784394904458598
z3,distance,2,12,1,ALS,0.8359259259259259
z3,distance,2,12,1,AP_ALS-PCI,0.8359259259259259
z3,distance,2,12,1,Default,0.8417857142857144
z3,distance,2,12,1,MDAP_MF-DF-ALS-PCI,0.8296153846153846
z3,distance,2,12,1,MDA_MF-DF-ALS,0.8296153846153846
z3,distance,2,12,1,MDP_MF-DF-PCI,0.8296153846153846
z3,distance,2,12,1,MD_MF-DF,0.8296153846153846
z3,distance,2,12,1,PCI,0.8417857142857144
z3,distance,2,12,2,ALS,0.6305421686746988
z3,distance,2,12,2,AP_ALS-PCI,0.6204024767801858
z3,distance,2,12,2,Default,0.6398607242339832
z3,distance,2,12,2,MDAP_MF-DF-ALS-PCI,0.6160457516339869
z3,distance,2,12,2,MDA_MF-DF-ALS,0.6160457516339869
z3,distance,2,12,2,MDP_MF-DF-PCI,0.6160457516339869
z3,distance,2,12,2,MD_MF-DF,0.6160457516339869
z3,distance,2,12,2,PCI,0.6369855072463768
z3,distance,2,12,3,ALS,0.4221781376518219
z3,distance,2,12,3,AP_ALS-PCI,0.4074759825327511
z3,distance,2,12,3,Default,0.4317344753747323
z3,distance,2,12,3,MDAP_MF-DF-ALS-PCI,0.4046025878003697
z3,distance,2,12,3,MDA_MF-DF-ALS,0.4046025878003697
z3,distance,2,12,3,MDP_MF-DF-PCI,0.4046025878003697
z3,distance,2,12,3,MD_MF-DF,0.4046025878003697
z3,distance,2,12,3,PCI,0.430374203821656
z3,distance,3,30,1,ALS,0.8518518518518517
z3,distance,3,30,1,AP_ALS-PCI,0.8518518518518517
z3,distance,3,30,1,Default,0.8571428571428571
z3,distance,3,30,1,MDAP_MF-DF-ALS-PCI,0.8461538461538461
z3,distance,3,30,1,MDA_MF-DF-ALS,0.8461538461538461
z3,distance,3,30,1,MDP_MF-DF-PCI,0.8461538461538461
z3,distance,3,30,1,MD_MF-DF,0.8461538461538461
z3,distance,3,30,1,PCI,0.8571428571428571
z3,distance,3,30,2,ALS,0.7093373493975903
z3,distance,3,30,2,AP_ALS-PCI,0.7012383900928792
z3,distance,3,30,2,Default,0.7144289693593315
z3,distance,3,30,2,MDAP_MF-DF-ALS-PCI,0.6984967320261437
z3,distance,3,30,2,MDA_MF-DF-ALS,0.6984967320261437
z3,distance,3,30,2,MDP_MF-DF-PCI,0.6984967320261437
z3,distance,3,30,2,MD_MF-DF,0.6984967320261437
z3,distance,3,30,2,PCI,0.7144347826086955
z3,distance,3,30,3,ALS,0.5418947368421052
z3,distance,3,30,3,AP_ALS-PCI,0.5252882096069869
z3,distance,3,30,3,Default,0.546277658815132
z3,distance,3,30,3,MDAP_MF-DF-ALS-PCI,0.525720887245841
z3,distance,3,30,3,MDA_MF-DF-ALS,0.525720887245841
z3,distance,3,30,3,MDP_MF-DF-PCI,0.525720887245841
z3,distance,3,30,3,MD_MF-DF,0.525720887245841
z3,distance,3,30,3,PCI,0.5474203821656051
z3,random,1,4,1,ALS,0.7888888888888889
z3,random,1,4,1,AP_ALS-PCI,0.7888888888888889
z3,random,1,4,1,Default,0.785
z3,random,1,4,1,MDAP_MF-DF-ALS-PCI,0.7819230769230769
z3,random,1,4,1,MDA_MF-DF-ALS,0.7819230769230769
z3,random,1,4,1,MDP_MF-DF-PCI,0.7819230769230769
z3,random,1,4,1,MD_MF-DF,0.7819230769230769
z3,random,1,4,1,PCI,0.785
z3,random,1,4,2,ALS,0.5232530120481927
z3,random,1,4,2,AP_ALS-PCI,0.5172136222910216
z3,random,1,4,2,Default,0.5120891364902507
z3,random,1,4,2,MDAP_MF-DF-ALS-PCI,0.5145098039215685
z3,random,1,4,2,MDA_MF-DF-ALS,0.5145098039215685
z3,random,1,4,2,MDP_MF-DF-PCI,0.5145098039215685
z3,random,1,4,2,MD_MF-DF,0.5145098039215685
z3,random,1,4,2,PCI,0.5122028985507245
z3,random,1,4,3,ALS,0.30602834008097163
z3,random,1,4,3,AP_ALS-PCI,0.2992227074235807
z3,random,1,4,3,Default,0.2930049964311206
z3,random,1,4,3,MDAP_MF-DF-ALS-PCI,0.29913123844731976
z3,random,1,4,3,MDA_MF-DF-ALS,0.29913123844731976
z3,random,1,4,3,MDP_MF-DF-PCI,0.29913123844731976
z3,random,1,4,3,MD_MF-DF,0.29913123844731976
z3,random,1,4,3,PCI,0.2963773885350318
z3,random,2,12,1,ALS,0.851111111111111
z3,random,2,12,1,AP_ALS-PCI,0.851111111111111
z3,random,2,12,1,Default,0.8553571428571428
z3,random,2,12,1,MDAP_MF-DF-ALS-PCI,0.8453846153846153
z3,random,2,12,1,MDA_MF-DF-ALS,0.8453846153846153
z3,random,2,12,1,MDP_MF-DF-PCI,0.8453846153846153
z3,random,2,12,1,MD_MF-DF,0.8453846153846153
z3,random,2,12,1,PCI,0.8553571428571428
z3,random,2,12,2,ALS,0.6950301204819277
z3,random,2,12,2,AP_ALS-PCI,0.6872755417956655
z3,random,2,12,2,Default,0.6913927576601671
z3,random,2,12,2,MDAP_MF-DF-ALS-PCI,0.6851960784313725
z3,random,2,12,2,MDA_MF-DF-ALS,0.6851960784313725
z3,random,2,12,2,MDP_MF-DF-PCI,0.6851960784313725
z3,random,2,12,2,MD_MF-DF,0.6851960784313725
z3,random,2,12,2,PCI,0.6916521739130433
z3,random,2,12,3,ALS,0.5088056680161943
z3,random,2,12,3,AP_ALS-PCI,0.49723580786026195
z3,random,2,12,3,Default,0.49494646680942184
z3,random,2,12,3,MDAP_MF-DF-ALS-PCI,0.4988493530499076
z3,random,2,12,3,MDA_MF-DF-ALS,0.4988493530499076
z3,random,2,12,3,MDP_MF-DF-PCI,0.4988493530499076
z3,random,2,12,3,MD_MF-DF,0.4988493530499076
z3,random,2,12,3,PCI,0.5002547770700637
z3,random,3,30,1,ALS,0.8518518518518517
z3,random,3,30,1,AP_ALS-PCI,0.8518518518518517
z3,random,3,30,1,Default,0.8571428571428571
z3,random,3,30,1,MDAP_MF-DF-ALS-PCI,0.8461538461538461
z3,random,3,30,1,MDA_MF-DF-ALS,0.8461538461538461
z3,random,3,30,1,MDP_MF-DF-PCI,0.8461538461538461
z3,random,3,30,1,MD_MF-DF,0.8461538461538461
z3,random,3,30,1,PCI,0.8571428571428571
z3,random,3,30,2,ALS,0.7270180722891566
z3,random,3,30,2,AP_ALS-PCI,0.7194117647058823
z3,random,3,30,2,Default,0.7300835654596101
z3,random,3,30,2,MDAP_MF-DF-ALS-PCI,0.7170588235294117
z3,random,3,30,2,MDA_MF-DF-ALS,0.7170588235294117
z3,random,3,30,2,MDP_MF-DF-PCI,0.7170588235294117
z3,random,3,30,2,MD_MF-DF,0.7170588235294117
z3,random,3,30,2,PCI,0.7308115942028985
z3,random,3,30,3,ALS,0.6037732793522267
z3,random,3,30,3,AP_ALS-PCI,0.589471615720524
z3,random,3,30,3,Default,0.598051391862955
z3,random,3,30,3,MDAP_MF-DF-ALS-PCI,0.5904112754158964
z3,random,3,30,3,MDA_MF-DF-ALS,0.5904112754158964
z3,random,3,30,3,MDP_MF-DF-PCI,0.5904112754158964
z3,random,3,30,3,MD_MF-DF,0.5904112754158964
z3,random,3,30,3,PCI,0.6037141719745223
z3,solver,1,4,1,ALS,0.5755555555555554
z3,solver,1,4,1,AP_ALS-PCI,0.5755555555555554
z3,solver,1,4,1,Default,0.5589285714285714
z3,solver,1,4,1,MDAP_MF-DF-ALS-PCI,0.5769230769230768
z3,solver,1,4,1,MDA_MF-DF-ALS,0.5769230769230768
z3,solver,1,4,1,MDP_MF-DF-PCI,0.5769230769230768
z3,solver,1,4,1,MD_MF-DF,0.5769230769230768
z3,solver,1,4,1,PCI,0.5589285714285714
z3,solver,1,4,2,ALS,0.3225903614457831
z3,solver,1,4,2,AP_ALS-PCI,0.3207739938080494
z3,solver,1,4,2,Default,0.30314763231197767
z3,solver,1,4,2,MDAP_MF-DF-ALS-PCI,0.32352941176470584
z3,solver,1,4,2,MDA_MF-DF-ALS,0.32352941176470584
z3,solver,1,4,2,MDP_MF-DF-PCI,0.32352941176470584
z3,solver,1,4,2,MD_MF-DF,0.32352941176470584
z3,solver,1,4,2,PCI,0.30510144927536226
z3,solver,1,4,3,ALS,0.17751417004048575
z3,solver,1,4,3,AP_ALS-PCI,0.17565938864628816
z3,solver,1,4,3,Default,0.16079586009992855
z3,solver,1,4,3,MDAP_MF-DF-ALS-PCI,0.1779112754158964
z3,solver,1,4,3,MDA_MF-DF-ALS,0.1779112754158964
z3,solver,1,4,3,MDP_MF-DF-PCI,0.1779112754158964
z3,solver,1,4,3,MD_MF-DF,0.1779112754158964
z3,solver,1,4,3,PCI,0.16447054140127382
z3,solver,2,12,1,ALS,0.7885185185185183
z3,solver,2,12,1,AP_ALS-PCI,0.7885185185185183
z3,solver,2,12,1,Default,0.7960714285714287
z3,solver,2,12,1,MDAP_MF-DF-ALS-PCI,0.79
z3,solver,2,12,1,MDA_MF-DF-ALS,0.79
z3,solver,2,12,1,MDP_MF-DF-PCI,0.79
z3,solver,2,12,1,MD_MF-DF,0.79
z3,solver,2,12,1,PCI,0.7960714285714287
z3,solver,2,12,2,ALS,0.5505722891566265
z3,solver,2,12,2,AP_ALS-PCI,0.5475541795665635
z3,solver,2,12,2,Default,0.5508077994428969
z3,solver,2,12,2,MDAP_MF-DF-ALS-PCI,0.552875816993464
z3,solver,2,12,2,MDA_MF-DF-ALS,0.552875816993464
z3,solver,2,12,2,MDP_MF-DF-PCI,0.552875816993464
z3,solver,2,12,2,MD_MF-DF,0.552875816993464
z3,solver,2,12,2,PCI,0.5537971014492754
z3,solver,2,12,3,ALS,0.34987449392712544
z3,solver,2,12,3,AP_ALS-PCI,0.346122270742358
z3,solver,2,12,3,Default,0.34428979300499635
z3,solver,2,12,3,MDAP_MF-DF-ALS-PCI,0.3507393715341959
z3,solver,2,12,3,MDA_MF-DF-ALS,0.3507393715341959
z3,solver,2,12,3,MDP_MF-DF-PCI,0.3507393715341959
z3,solver,2,12,3,MD_MF-DF,0.3507393715341959
z3,solver,2,12,3,PCI,0.35144108280254777
z3,solver,3,30,1,ALS,0.7977777777777777
z3,solver,3,30,1,AP_ALS-PCI,0.7977777777777777
z3,solver,3,30,1,Default,0.805
z3,solver,3,30,1,MDAP_MF-DF-ALS-PCI,0.79
z3,solver,3,30,1,MDA_MF-DF-ALS,0.79
z3,solver,3,30,1,MDP_MF-DF-PCI,0.79
z3,solver,3,30,1,MD_MF-DF,0.79
z3,solver,3,30,1,PCI,0.805
z3,solver,3,30,2,ALS,0.6402108433734939
z3,solver,3,30,2,AP_ALS-PCI,0.6301857585139319
z3,solver,3,30,2,Default,0.6504735376044567
z3,solver,3,30,2,MDAP_MF-DF-ALS-PCI,0.6283006535947712
z3,solver,3,30,2,MDA_MF-DF-ALS,0.6283006535947712
z3,solver,3,30,2,MDP_MF-DF-PCI,0.6283006535947712
z3,solver,3,30,2,MD_MF-DF,0.6283006535947712
z3,solver,3,30,2,PCI,0.6479710144927536
z3,solver,3,30,3,ALS,0.4801983805668016
z3,solver,3,30,3,AP_ALS-PCI,0.4662925764192139
z3,solver,3,30,3,Default,0.49407922912205565
z3,solver,3,30,3,MDAP_MF-DF-ALS-PCI,0.4683364140480591
z3,solver,3,30,3,MDA_MF-DF-ALS,0.4683364140480591
z3,solver,3,30,3,MDP_MF-DF-PCI,0.4683364140480591
z3,solver,3,30,3,MD_MF-DF,0.4683364140480591
z3,solver,3,30,3,PCI,0.4963097133757961
