system,strategy,sample_size_source_t,sample_size,coverage_t,run,metric,coverage,ratio,constraint_level,setting
7z,random,1,10,1,1,ALS,0.8734177215189873,7.8e-09,Very Strong,"(1,1)"
7z,random,1,10,1,1,AP_ALS-PCI,0.8734177215189873,7.8e-09,Very Strong,"(1,1)"
7z,random,1,10,1,1,Default,0.8795180722891565,7.8e-09,Very Strong,"(1,1)"
7z,random,1,10,1,1,MDAP_MF-DF-ALS-PCI,0.8717948717948718,7.8e-09,Very Strong,"(1,1)"
7z,random,1,10,1,1,MDA_MF-DF-ALS,0.8717948717948718,7.8e-09,Very Strong,"(1,1)"
7z,random,1,10,1,1,MDP_MF-DF-PCI,0.8717948717948718,7.8e-09,Very Strong,"(1,1)"
7z,random,1,10,1,1,MD_MF-DF,0.8717948717948718,7.8e-09,Very Strong,"(1,1)"
7z,random,1,10,1,1,PCI,0.8795180722891565,7.8e-09,Very Strong,"(1,1)"
7z,random,1,10,2,1,ALS,0.6719833564493759,7.8e-09,Very Strong,"(2,1)"
7z,random,1,10,2,1,AP_ALS-PCI,0.6715277777777777,7.8e-09,Very Strong,"(2,1)"
7z,random,1,10,2,1,Default,0.692451653150343,7.8e-09,Very Strong,"(2,1)"
7z,random,1,10,2,1,MDAP_MF-DF-ALS-PCI,0.6664290805416963,7.8e-09,Very Strong,"(2,1)"
7z,random,1,10,2,1,MDA_MF-DF-ALS,0.6664290805416963,7.8e-09,Very Strong,"(2,1)"
7z,random,1,10,2,1,MDP_MF-DF-PCI,0.6664290805416963,7.8e-09,Very Strong,"(2,1)"
7z,random,1,10,2,1,MD_MF-DF,0.6664290805416963,7.8e-09,Very Strong,"(2,1)"
7z,random,1,10,2,1,PCI,0.6914321846348404,7.8e-09,Very Strong,"(2,1)"
7z,random,1,10,3,1,ALS,0.4942474074983125,7.8e-09,Very Strong,"(3,1)"
7z,random,1,10,3,1,AP_ALS-PCI,0.4930035444598551,7.8e-09,Very Strong,"(3,1)"
7z,random,1,10,3,1,Default,0.5231600217610942,7.8e-09,Very Strong,"(3,1)"
7z,random,1,10,3,1,MDAP_MF-DF-ALS-PCI,0.486502516751627,7.8e-09,Very Strong,"(3,1)"
7z,random,1,10,3,1,MDA_MF-DF-ALS,0.486502516751627,7.8e-09,Very Strong,"(3,1)"
7z,random,1,10,3,1,MDP_MF-DF-PCI,0.486502516751627,7.8e-09,Very Strong,"(3,1)"
7z,random,1,10,3,1,MD_MF-DF,0.486502516751627,7.8e-09,Very Strong,"(3,1)"
7z,random,1,10,3,1,PCI,0.5230721502083979,7.8e-09,Very Strong,"(3,1)"
7z,random,1,10,1,2,ALS,0.8860759493670884,7.8e-09,Very Strong,"(1,1)"
7z,random,1,10,1,2,AP_ALS-PCI,0.8860759493670884,7.8e-09,Very Strong,"(1,1)"
7z,random,1,10,1,2,Default,0.891566265060241,7.8e-09,Very Strong,"(1,1)"
7z,random,1,10,1,2,MDAP_MF-DF-ALS-PCI,0.8846153846153845,7.8e-09,Very Strong,"(1,1)"
7z,random,1,10,1,2,MDA_MF-DF-ALS,0.8846153846153845,7.8e-09,Very Strong,"(1,1)"
7z,random,1,10,1,2,MDP_MF-DF-PCI,0.8846153846153845,7.8e-09,Very Strong,"(1,1)"
7z,random,1,10,1,2,MD_MF-DF,0.8846153846153845,7.8e-09,Very Strong,"(1,1)"
7z,random,1,10,1,2,PCI,0.891566265060241,7.8e-09,Very Strong,"(1,1)"
7z,random,1,10,2,2,ALS,0.6893203883495145,7.8e-09,Very Strong,"(2,1)"
7z,random,1,10,2,2,AP_ALS-PCI,0.6888888888888888,7.8e-09,Very Strong,"(2,1)"
7z,random,1,10,2,2,Default,0.7092950717404864,7.8e-09,Very Strong,"(2,1)"
7z,random,1,10,2,2,MDAP_MF-DF-ALS-PCI,0.6838916607270135,7.8e-09,Very Strong,"(2,1)"
7z,random,1,10,2,2,MDA_MF-DF-ALS,0.6838916607270135,7.8e-09,Very Strong,"(2,1)"
7z,random,1,10,2,2,MDP_MF-DF-PCI,0.6838916607270135,7.8e-09,Very Strong,"(2,1)"
7z,random,1,10,2,2,MD_MF-DF,0.6838916607270135,7.8e-09,Very Strong,"(2,1)"
7z,random,1,10,2,2,PCI,0.7081884287069237,7.8e-09,Very Strong,"(2,1)"
7z,random,1,10,3,2,ALS,0.5107535129164877,7.8e-09,Very Strong,"(3,1)"
7z,random,1,10,3,2,AP_ALS-PCI,0.5094775774387424,7.8e-09,Very Strong,"(3,1)"
7z,random,1,10,3,2,Default,0.539765809175928,7.8e-09,Very Strong,"(3,1)"
7z,random,1,10,3,2,MDAP_MF-DF-ALS-PCI,0.5029655990510083,7.8e-09,Very Strong,"(3,1)"
7z,random,1,10,3,2,MDA_MF-DF-ALS,0.5029655990510083,7.8e-09,Very Strong,"(3,1)"
7z,random,1,10,3,2,MDP_MF-DF-PCI,0.5029655990510083,7.8e-09,Very Strong,"(3,1)"
7z,random,1,10,3,2,MD_MF-DF,0.5029655990510083,7.8e-09,Very Strong,"(3,1)"
7z,random,1,10,3,2,PCI,0.5395146822774054,7.8e-09,Very Strong,"(3,1)"
7z,distance,1,10,1,1,ALS,0.6962025316455696,7.8e-09,Very Strong,"(1,1)"
7z,distance,1,10,1,1,AP_ALS-PCI,0.6962025316455696,7.8e-09,Very Strong,"(1,1)"
7z,distance,1,10,1,1,Default,0.6867469879518072,7.8e-09,Very Strong,"(1,1)"
7z,distance,1,10,1,1,MDAP_MF-DF-ALS-PCI,0.6923076923076922,7.8e-09,Very Strong,"(1,1)"
7z,distance,1,10,1,1,MDA_MF-DF-ALS,0.6923076923076922,7.8e-09,Very Strong,"(1,1)"
7z,distance,1,10,1,1,MDP_MF-DF-PCI,0.6923076923076922,7.8e-09,Very Strong,"(1,1)"
7z,distance,1,10,1,1,MD_MF-DF,0.6923076923076922,7.8e-09,Very Strong,"(1,1)"
7z,distance,1,10,1,1,PCI,0.6867469879518072,7.8e-09,Very Strong,"(1,1)"
7z,distance,1,10,2,1,ALS,0.4719140083217753,7.8e-09,Very Strong,"(2,1)"
7z,distance,1,10,2,1,AP_ALS-PCI,0.4711805555555555,7.8e-09,Very Strong,"(2,1)"
7z,distance,1,10,2,1,Default,0.4516531503431066,7.8e-09,Very Strong,"(2,1)"
7z,distance,1,10,2,1,MDAP_MF-DF-ALS-PCI,0.4657875980042765,7.8e-09,Very Strong,"(2,1)"
7z,distance,1,10,2,1,MDA_MF-DF-ALS,0.4657875980042765,7.8e-09,Very Strong,"(2,1)"
7z,distance,1,10,2,1,MDP_MF-DF-PCI,0.4657875980042765,7.8e-09,Very Strong,"(2,1)"
7z,distance,1,10,2,1,MD_MF-DF,0.4657875980042765,7.8e-09,Very Strong,"(2,1)"
7z,distance,1,10,2,1,PCI,0.4555801454315523,7.8e-09,Very Strong,"(2,1)"
7z,distance,1,10,3,1,ALS,0.3175891268331594,7.8e-09,Very Strong,"(3,1)"
7z,distance,1,10,3,1,AP_ALS-PCI,0.3162428725535521,7.8e-09,Very Strong,"(3,1)"
7z,distance,1,10,3,1,Default,0.2915338980855418,7.8e-09,Very Strong,"(3,1)"
7z,distance,1,10,3,1,MDAP_MF-DF-ALS-PCI,0.3109230226667948,7.8e-09,Very Strong,"(3,1)"
7z,distance,1,10,3,1,MDA_MF-DF-ALS,0.3109230226667948,7.8e-09,Very Strong,"(3,1)"
7z,distance,1,10,3,1,MDP_MF-DF-PCI,0.3109230226667948,7.8e-09,Very Strong,"(3,1)"
7z,distance,1,10,3,1,MD_MF-DF,0.3109230226667948,7.8e-09,Very Strong,"(3,1)"
7z,distance,1,10,3,1,PCI,0.2993646896961031,7.8e-09,Very Strong,"(3,1)"
7z,distance,1,10,1,2,ALS,0.7088607594936708,7.8e-09,Very Strong,"(1,1)"
7z,distance,1,10,1,2,AP_ALS-PCI,0.7088607594936708,7.8e-09,Very Strong,"(1,1)"
7z,distance,1,10,1,2,Default,0.6987951807228916,7.8e-09,Very Strong,"(1,1)"
7z,distance,1,10,1,2,MDAP_MF-DF-ALS-PCI,0.7051282051282051,7.8e-09,Very Strong,"(1,1)"
7z,distance,1,10,1,2,MDA_MF-DF-ALS,0.7051282051282051,7.8e-09,Very Strong,"(1,1)"
7z,distance,1,10,1,2,MDP_MF-DF-PCI,0.7051282051282051,7.8e-09,Very Strong,"(1,1)"
7z,distance,1,10,1,2,MD_MF-DF,0.7051282051282051,7.8e-09,Very Strong,"(1,1)"
7z,distance,1,10,1,2,PCI,0.6987951807228916,7.8e-09,Very Strong,"(1,1)"
7z,distance,1,10,2,2,ALS,0.4802357836338419,7.8e-09,Very Strong,"(2,1)"
7z,distance,1,10,2,2,AP_ALS-PCI,0.4795138888888889,7.8e-09,Very Strong,"(2,1)"
7z,distance,1,10,2,2,Default,0.4600748596381784,7.8e-09,Very Strong,"(2,1)"
7z,distance,1,10,2,2,MDAP_MF-DF-ALS-PCI,0.4739843193157519,7.8e-09,Very Strong,"(2,1)"
7z,distance,1,10,2,2,MDA_MF-DF-ALS,0.4739843193157519,7.8e-09,Very Strong,"(2,1)"
7z,distance,1,10,2,2,MDP_MF-DF-PCI,0.4739843193157519,7.8e-09,Very Strong,"(2,1)"
7z,distance,1,10,2,2,MD_MF-DF,0.4739843193157519,7.8e-09,Very Strong,"(2,1)"
7z,distance,1,10,2,2,PCI,0.464116345241859,7.8e-09,Very Strong,"(2,1)"
7z,distance,1,10,3,2,ALS,0.3208105786341044,7.8e-09,Very Strong,"(3,1)"
7z,distance,1,10,3,2,AP_ALS-PCI,0.3194174757281553,7.8e-09,Very Strong,"(3,1)"
7z,distance,1,10,3,2,Default,0.2957177275200124,7.8e-09,Very Strong,"(3,1)"
7z,distance,1,10,3,2,MDAP_MF-DF-ALS-PCI,0.3139206822480843,7.8e-09,Very Strong,"(3,1)"
7z,distance,1,10,3,2,MDA_MF-DF-ALS,0.3139206822480843,7.8e-09,Very Strong,"(3,1)"
7z,distance,1,10,3,2,MDP_MF-DF-PCI,0.3139206822480843,7.8e-09,Very Strong,"(3,1)"
7z,distance,1,10,3,2,MD_MF-DF,0.3139206822480843,7.8e-09,Very Strong,"(3,1)"
7z,distance,1,10,3,2,PCI,0.3035866031805981,7.8e-09,Very Strong,"(3,1)"
7z,solver,1,10,1,1,ALS,0.6075949367088607,7.8e-09,Very Strong,"(1,1)"
7z,solver,1,10,1,1,AP_ALS-PCI,0.6075949367088607,7.8e-09,Very Strong,"(1,1)"
7z,solver,1,10,1,1,Default,0.6265060240963854,7.8e-09,Very Strong,"(1,1)"
7z,solver,1,10,1,1,MDAP_MF-DF-ALS-PCI,0.6025641025641025,7.8e-09,Very Strong,"(1,1)"
7z,solver,1,10,1,1,MDA_MF-DF-ALS,0.6025641025641025,7.8e-09,Very Strong,"(1,1)"
7z,solver,1,10,1,1,MDP_MF-DF-PCI,0.6025641025641025,7.8e-09,Very Strong,"(1,1)"
7z,solver,1,10,1,1,MD_MF-DF,0.6025641025641025,7.8e-09,Very Strong,"(1,1)"
7z,solver,1,10,1,1,PCI,0.6265060240963854,7.8e-09,Very Strong,"(1,1)"
7z,solver,1,10,2,1,ALS,0.377253814147018,7.8e-09,Very Strong,"(2,1)"
7z,solver,1,10,2,1,AP_ALS-PCI,0.3763888888888888,7.8e-09,Very Strong,"(2,1)"
7z,solver,1,10,2,1,Default,0.3948845913911416,7.8e-09,Very Strong,"(2,1)"
7z,solver,1,10,2,1,MDAP_MF-DF-ALS-PCI,0.3709907341411261,7.8e-09,Very Strong,"(2,1)"
7z,solver,1,10,2,1,MDA_MF-DF-ALS,0.3709907341411261,7.8e-09,Very Strong,"(2,1)"
7z,solver,1,10,2,1,MDP_MF-DF-PCI,0.3709907341411261,7.8e-09,Very Strong,"(2,1)"
7z,solver,1,10,2,1,MD_MF-DF,0.3709907341411261,7.8e-09,Very Strong,"(2,1)"
7z,solver,1,10,2,1,PCI,0.3970913689535251,7.8e-09,Very Strong,"(2,1)"
7z,solver,1,10,3,1,ALS,0.2393692090568816,7.8e-09,Very Strong,"(3,1)"
7z,solver,1,10,3,1,AP_ALS-PCI,0.2378948990599476,7.8e-09,Very Strong,"(3,1)"
7z,solver,1,10,3,1,Default,0.2516385585865651,7.8e-09,Very Strong,"(3,1)"
7z,solver,1,10,3,1,MDAP_MF-DF-ALS-PCI,0.2334487512423455,7.8e-09,Very Strong,"(3,1)"
7z,solver,1,10,3,1,MDA_MF-DF-ALS,0.2334487512423455,7.8e-09,Very Strong,"(3,1)"
7z,solver,1,10,3,1,MDP_MF-DF-PCI,0.2334487512423455,7.8e-09,Very Strong,"(3,1)"
7z,solver,1,10,3,1,MD_MF-DF,0.2334487512423455,7.8e-09,Very Strong,"(3,1)"
7z,solver,1,10,3,1,PCI,0.2562822881961773,7.8e-09,Very Strong,"(3,1)"
7z,solver,1,10,1,2,ALS,0.6075949367088607,7.8e-09,Very Strong,"(1,1)"
7z,solver,1,10,1,2,AP_ALS-PCI,0.6075949367088607,7.8e-09,Very Strong,"(1,1)"
7z,solver,1,10,1,2,Default,0.6265060240963854,7.8e-09,Very Strong,"(1,1)"
7z,solver,1,10,1,2,MDAP_MF-DF-ALS-PCI,0.6025641025641025,7.8e-09,Very Strong,"(1,1)"
7z,solver,1,10,1,2,MDA_MF-DF-ALS,0.6025641025641025,7.8e-09,Very Strong,"(1,1)"
7z,solver,1,10,1,2,MDP_MF-DF-PCI,0.6025641025641025,7.8e-09,Very Strong,"(1,1)"
7z,solver,1,10,1,2,MD_MF-DF,0.6025641025641025,7.8e-09,Very Strong,"(1,1)"
7z,solver,1,10,1,2,PCI,0.6265060240963854,7.8e-09,Very Strong,"(1,1)"
7z,solver,1,10,2,2,ALS,0.377253814147018,7.8e-09,Very Strong,"(2,1)"
7z,solver,1,10,2,2,AP_ALS-PCI,0.3763888888888888,7.8e-09,Very Strong,"(2,1)"
7z,solver,1,10,2,2,Default,0.3948845913911416,7.8e-09,Very Strong,"(2,1)"
7z,solver,1,10,2,2,MDAP_MF-DF-ALS-PCI,0.3709907341411261,7.8e-09,Very Strong,"(2,1)"
7z,solver,1,10,2,2,MDA_MF-DF-ALS,0.3709907341411261,7.8e-09,Very Strong,"(2,1)"
7z,solver,1,10,2,2,MDP_MF-DF-PCI,0.3709907341411261,7.8e-09,Very Strong,"(2,1)"
7z,solver,1,10,2,2,MD_MF-DF,0.3709907341411261,7.8e-09,Very Strong,"(2,1)"
7z,solver,1,10,2,2,PCI,0.3970913689535251,7.8e-09,Very Strong,"(2,1)"
7z,solver,1,10,3,2,ALS,0.2393692090568816,7.8e-09,Very Strong,"(3,1)"
7z,solver,1,10,3,2,AP_ALS-PCI,0.2378948990599476,7.8e-09,Very Strong,"(3,1)"
7z,solver,1,10,3,2,Default,0.2516385585865651,7.8e-09,Very Strong,"(3,1)"
7z,solver,1,10,3,2,MDAP_MF-DF-ALS-PCI,0.2334487512423455,7.8e-09,Very Strong,"(3,1)"
7z,solver,1,10,3,2,MDA_MF-DF-ALS,0.2334487512423455,7.8e-09,Very Strong,"(3,1)"
7z,solver,1,10,3,2,MDP_MF-DF-PCI,0.2334487512423455,7.8e-09,Very Strong,"(3,1)"
7z,solver,1,10,3,2,MD_MF-DF,0.2334487512423455,7.8e-09,Very Strong,"(3,1)"
7z,solver,1,10,3,2,PCI,0.2562822881961773,7.8e-09,Very Strong,"(3,1)"
7z,random,2,10,1,1,ALS,0.8227848101265823,7.8e-09,Very Strong,"(1,2)"
7z,random,2,10,1,1,AP_ALS-PCI,0.8227848101265823,7.8e-09,Very Strong,"(1,2)"
7z,random,2,10,1,1,Default,0.8313253012048192,7.8e-09,Very Strong,"(1,2)"
7z,random,2,10,1,1,MDAP_MF-DF-ALS-PCI,0.8205128205128204,7.8e-09,Very Strong,"(1,2)"
7z,random,2,10,1,1,MDA_MF-DF-ALS,0.8205128205128204,7.8e-09,Very Strong,"(1,2)"
7z,random,2,10,1,1,MDP_MF-DF-PCI,0.8205128205128204,7.8e-09,Very Strong,"(1,2)"
7z,random,2,10,1,1,MD_MF-DF,0.8205128205128204,7.8e-09,Very Strong,"(1,2)"
7z,random,2,10,1,1,PCI,0.8313253012048192,7.8e-09,Very Strong,"(1,2)"
7z,random,2,10,2,1,ALS,0.6345353675450763,7.8e-09,Very Strong,"(2,2)"
7z,random,2,10,2,1,AP_ALS-PCI,0.6340277777777777,7.8e-09,Very Strong,"(2,2)"
7z,random,2,10,2,1,Default,0.6537741734248284,7.8e-09,Very Strong,"(2,2)"
7z,random,2,10,2,1,MDAP_MF-DF-ALS-PCI,0.6293656450463293,7.8e-09,Very Strong,"(2,2)"
7z,random,2,10,2,1,MDA_MF-DF-ALS,0.6293656450463293,7.8e-09,Very Strong,"(2,2)"
7z,random,2,10,2,1,MDP_MF-DF-PCI,0.6293656450463293,7.8e-09,Very Strong,"(2,2)"
7z,random,2,10,2,1,MD_MF-DF,0.6293656450463293,7.8e-09,Very Strong,"(2,2)"
7z,random,2,10,2,1,PCI,0.6534935188112551,7.8e-09,Very Strong,"(2,2)"
7z,random,2,10,3,1,ALS,0.4744278087991655,7.8e-09,Very Strong,"(3,2)"
7z,random,2,10,3,1,AP_ALS-PCI,0.4732470334412082,7.8e-09,Very Strong,"(3,2)"
7z,random,2,10,3,1,Default,0.5005181212921945,7.8e-09,Very Strong,"(3,2)"
7z,random,2,10,3,1,MDAP_MF-DF-ALS-PCI,0.4674585617646115,7.8e-09,Very Strong,"(3,2)"
7z,random,2,10,3,1,MDA_MF-DF-ALS,0.4674585617646115,7.8e-09,Very Strong,"(3,2)"
7z,random,2,10,3,1,MDP_MF-DF-PCI,0.4674585617646115,7.8e-09,Very Strong,"(3,2)"
7z,random,2,10,3,1,MD_MF-DF,0.4674585617646115,7.8e-09,Very Strong,"(3,2)"
7z,random,2,10,3,1,PCI,0.501423041126563,7.8e-09,Very Strong,"(3,2)"
7z,random,2,10,1,2,ALS,0.8481012658227847,7.8e-09,Very Strong,"(1,2)"
7z,random,2,10,1,2,AP_ALS-PCI,0.8481012658227847,7.8e-09,Very Strong,"(1,2)"
7z,random,2,10,1,2,Default,0.8554216867469879,7.8e-09,Very Strong,"(1,2)"
7z,random,2,10,1,2,MDAP_MF-DF-ALS-PCI,0.8461538461538461,7.8e-09,Very Strong,"(1,2)"
7z,random,2,10,1,2,MDA_MF-DF-ALS,0.8461538461538461,7.8e-09,Very Strong,"(1,2)"
7z,random,2,10,1,2,MDP_MF-DF-PCI,0.8461538461538461,7.8e-09,Very Strong,"(1,2)"
7z,random,2,10,1,2,MD_MF-DF,0.8461538461538461,7.8e-09,Very Strong,"(1,2)"
7z,random,2,10,1,2,PCI,0.8554216867469879,7.8e-09,Very Strong,"(1,2)"
7z,random,2,10,2,2,ALS,0.6536061026352288,7.8e-09,Very Strong,"(2,2)"
7z,random,2,10,2,2,AP_ALS-PCI,0.6531249999999998,7.8e-09,Very Strong,"(2,2)"
7z,random,2,10,2,2,Default,0.6734248284466625,7.8e-09,Very Strong,"(2,2)"
7z,random,2,10,2,2,MDAP_MF-DF-ALS-PCI,0.6482537419814682,7.8e-09,Very Strong,"(2,2)"
7z,random,2,10,2,2,MDA_MF-DF-ALS,0.6482537419814682,7.8e-09,Very Strong,"(2,2)"
7z,random,2,10,2,2,MDP_MF-DF-PCI,0.6482537419814682,7.8e-09,Very Strong,"(2,2)"
7z,random,2,10,2,2,MD_MF-DF,0.6482537419814682,7.8e-09,Very Strong,"(2,2)"
7z,random,2,10,2,2,PCI,0.6727790072715775,7.8e-09,Very Strong,"(2,2)"
7z,random,2,10,3,2,ALS,0.4850892802356262,7.8e-09,Very Strong,"(3,2)"
7z,random,2,10,3,2,AP_ALS-PCI,0.483942055786716,7.8e-09,Very Strong,"(3,2)"
7z,random,2,10,3,2,Default,0.512525582238802,7.8e-09,Very Strong,"(3,2)"
7z,random,2,10,3,2,MDAP_MF-DF-ALS-PCI,0.4777499919848674,7.8e-09,Very Strong,"(3,2)"
7z,random,2,10,3,2,MDA_MF-DF-ALS,0.4777499919848674,7.8e-09,Very Strong,"(3,2)"
7z,random,2,10,3,2,MDP_MF-DF-PCI,0.4777499919848674,7.8e-09,Very Strong,"(3,2)"
7z,random,2,10,3,2,MD_MF-DF,0.4777499919848674,7.8e-09,Very Strong,"(3,2)"
7z,random,2,10,3,2,PCI,0.513009698261327,7.8e-09,Very Strong,"(3,2)"
7z,distance,2,10,1,1,ALS,0.6962025316455696,7.8e-09,Very Strong,"(1,2)"
7z,distance,2,10,1,1,AP_ALS-PCI,0.6962025316455696,7.8e-09,Very Strong,"(1,2)"
7z,distance,2,10,1,1,Default,0.6867469879518072,7.8e-09,Very Strong,"(1,2)"
7z,distance,2,10,1,1,MDAP_MF-DF-ALS-PCI,0.6923076923076922,7.8e-09,Very Strong,"(1,2)"
7z,distance,2,10,1,1,MDA_MF-DF-ALS,0.6923076923076922,7.8e-09,Very Strong,"(1,2)"
7z,distance,2,10,1,1,MDP_MF-DF-PCI,0.6923076923076922,7.8e-09,Very Strong,"(1,2)"
7z,distance,2,10,1,1,MD_MF-DF,0.6923076923076922,7.8e-09,Very Strong,"(1,2)"
7z,distance,2,10,1,1,PCI,0.6867469879518072,7.8e-09,Very Strong,"(1,2)"
7z,distance,2,10,2,1,ALS,0.4719140083217753,7.8e-09,Very Strong,"(2,2)"
7z,distance,2,10,2,1,AP_ALS-PCI,0.4711805555555555,7.8e-09,Very Strong,"(2,2)"
7z,distance,2,10,2,1,Default,0.4516531503431066,7.8e-09,Very Strong,"(2,2)"
7z,distance,2,10,2,1,MDAP_MF-DF-ALS-PCI,0.4657875980042765,7.8e-09,Very Strong,"(2,2)"
7z,distance,2,10,2,1,MDA_MF-DF-ALS,0.4657875980042765,7.8e-09,Very Strong,"(2,2)"
7z,distance,2,10,2,1,MDP_MF-DF-PCI,0.4657875980042765,7.8e-09,Very Strong,"(2,2)"
7z,distance,2,10,2,1,MD_MF-DF,0.4657875980042765,7.8e-09,Very Strong,"(2,2)"
7z,distance,2,10,2,1,PCI,0.4555801454315523,7.8e-09,Very Strong,"(2,2)"
7z,distance,2,10,3,1,ALS,0.3175891268331594,7.8e-09,Very Strong,"(3,2)"
7z,distance,2,10,3,1,AP_ALS-PCI,0.3162428725535521,7.8e-09,Very Strong,"(3,2)"
7z,distance,2,10,3,1,Default,0.2915338980855418,7.8e-09,Very Strong,"(3,2)"
7z,distance,2,10,3,1,MDAP_MF-DF-ALS-PCI,0.3109230226667948,7.8e-09,Very Strong,"(3,2)"
7z,distance,2,10,3,1,MDA_MF-DF-ALS,0.3109230226667948,7.8e-09,Very Strong,"(3,2)"
7z,distance,2,10,3,1,MDP_MF-DF-PCI,0.3109230226667948,7.8e-09,Very Strong,"(3,2)"
7z,distance,2,10,3,1,MD_MF-DF,0.3109230226667948,7.8e-09,Very Strong,"(3,2)"
7z,distance,2,10,3,1,PCI,0.2993646896961031,7.8e-09,Very Strong,"(3,2)"
7z,distance,2,10,1,2,ALS,0.7088607594936708,7.8e-09,Very Strong,"(1,2)"
7z,distance,2,10,1,2,AP_ALS-PCI,0.7088607594936708,7.8e-09,Very Strong,"(1,2)"
7z,distance,2,10,1,2,Default,0.6987951807228916,7.8e-09,Very Strong,"(1,2)"
7z,distance,2,10,1,2,MDAP_MF-DF-ALS-PCI,0.7051282051282051,7.8e-09,Very Strong,"(1,2)"
7z,distance,2,10,1,2,MDA_MF-DF-ALS,0.7051282051282051,7.8e-09,Very Strong,"(1,2)"
7z,distance,2,10,1,2,MDP_MF-DF-PCI,0.7051282051282051,7.8e-09,Very Strong,"(1,2)"
7z,distance,2,10,1,2,MD_MF-DF,0.7051282051282051,7.8e-09,Very Strong,"(1,2)"
7z,distance,2,10,1,2,PCI,0.6987951807228916,7.8e-09,Very Strong,"(1,2)"
7z,distance,2,10,2,2,ALS,0.4802357836338419,7.8e-09,Very Strong,"(2,2)"
7z,distance,2,10,2,2,AP_ALS-PCI,0.4795138888888889,7.8e-09,Very Strong,"(2,2)"
7z,distance,2,10,2,2,Default,0.4600748596381784,7.8e-09,Very Strong,"(2,2)"
7z,distance,2,10,2,2,MDAP_MF-DF-ALS-PCI,0.4739843193157519,7.8e-09,Very Strong,"(2,2)"
7z,distance,2,10,2,2,MDA_MF-DF-ALS,0.4739843193157519,7.8e-09,Very Strong,"(2,2)"
7z,distance,2,10,2,2,MDP_MF-DF-PCI,0.4739843193157519,7.8e-09,Very Strong,"(2,2)"
7z,distance,2,10,2,2,MD_MF-DF,0.4739843193157519,7.8e-09,Very Strong,"(2,2)"
7z,distance,2,10,2,2,PCI,0.464116345241859,7.8e-09,Very Strong,"(2,2)"
7z,distance,2,10,3,2,ALS,0.3208105786341044,7.8e-09,Very Strong,"(3,2)"
7z,distance,2,10,3,2,AP_ALS-PCI,0.3194174757281553,7.8e-09,Very Strong,"(3,2)"
7z,distance,2,10,3,2,Default,0.2957177275200124,7.8e-09,Very Strong,"(3,2)"
7z,distance,2,10,3,2,MDAP_MF-DF-ALS-PCI,0.3139206822480843,7.8e-09,Very Strong,"(3,2)"
7z,distance,2,10,3,2,MDA_MF-DF-ALS,0.3139206822480843,7.8e-09,Very Strong,"(3,2)"
7z,distance,2,10,3,2,MDP_MF-DF-PCI,0.3139206822480843,7.8e-09,Very Strong,"(3,2)"
7z,distance,2,10,3,2,MD_MF-DF,0.3139206822480843,7.8e-09,Very Strong,"(3,2)"
7z,distance,2,10,3,2,PCI,0.3035866031805981,7.8e-09,Very Strong,"(3,2)"
7z,solver,2,10,1,1,ALS,0.6075949367088607,7.8e-09,Very Strong,"(1,2)"
7z,solver,2,10,1,1,AP_ALS-PCI,0.6075949367088607,7.8e-09,Very Strong,"(1,2)"
7z,solver,2,10,1,1,Default,0.6265060240963854,7.8e-09,Very Strong,"(1,2)"
7z,solver,2,10,1,1,MDAP_MF-DF-ALS-PCI,0.6025641025641025,7.8e-09,Very Strong,"(1,2)"
7z,solver,2,10,1,1,MDA_MF-DF-ALS,0.6025641025641025,7.8e-09,Very Strong,"(1,2)"
7z,solver,2,10,1,1,MDP_MF-DF-PCI,0.6025641025641025,7.8e-09,Very Strong,"(1,2)"
7z,solver,2,10,1,1,MD_MF-DF,0.6025641025641025,7.8e-09,Very Strong,"(1,2)"
7z,solver,2,10,1,1,PCI,0.6265060240963854,7.8e-09,Very Strong,"(1,2)"
7z,solver,2,10,2,1,ALS,0.377253814147018,7.8e-09,Very Strong,"(2,2)"
7z,solver,2,10,2,1,AP_ALS-PCI,0.3763888888888888,7.8e-09,Very Strong,"(2,2)"
7z,solver,2,10,2,1,Default,0.3948845913911416,7.8e-09,Very Strong,"(2,2)"
7z,solver,2,10,2,1,MDAP_MF-DF-ALS-PCI,0.3709907341411261,7.8e-09,Very Strong,"(2,2)"
7z,solver,2,10,2,1,MDA_MF-DF-ALS,0.3709907341411261,7.8e-09,Very Strong,"(2,2)"
7z,solver,2,10,2,1,MDP_MF-DF-PCI,0.3709907341411261,7.8e-09,Very Strong,"(2,2)"
7z,solver,2,10,2,1,MD_MF-DF,0.3709907341411261,7.8e-09,Very Strong,"(2,2)"
7z,solver,2,10,2,1,PCI,0.3970913689535251,7.8e-09,Very Strong,"(2,2)"
7z,solver,2,10,3,1,ALS,0.2393692090568816,7.8e-09,Very Strong,"(3,2)"
7z,solver,2,10,3,1,AP_ALS-PCI,0.2378948990599476,7.8e-09,Very Strong,"(3,2)"
7z,solver,2,10,3,1,Default,0.2516385585865651,7.8e-09,Very Strong,"(3,2)"
7z,solver,2,10,3,1,MDAP_MF-DF-ALS-PCI,0.2334487512423455,7.8e-09,Very Strong,"(3,2)"
7z,solver,2,10,3,1,MDA_MF-DF-ALS,0.2334487512423455,7.8e-09,Very Strong,"(3,2)"
7z,solver,2,10,3,1,MDP_MF-DF-PCI,0.2334487512423455,7.8e-09,Very Strong,"(3,2)"
7z,solver,2,10,3,1,MD_MF-DF,0.2334487512423455,7.8e-09,Very Strong,"(3,2)"
7z,solver,2,10,3,1,PCI,0.2562822881961773,7.8e-09,Very Strong,"(3,2)"
7z,solver,2,10,1,2,ALS,0.6075949367088607,7.8e-09,Very Strong,"(1,2)"
7z,solver,2,10,1,2,AP_ALS-PCI,0.6075949367088607,7.8e-09,Very Strong,"(1,2)"
7z,solver,2,10,1,2,Default,0.6265060240963854,7.8e-09,Very Strong,"(1,2)"
7z,solver,2,10,1,2,MDAP_MF-DF-ALS-PCI,0.6025641025641025,7.8e-09,Very Strong,"(1,2)"
7z,solver,2,10,1,2,MDA_MF-DF-ALS,0.6025641025641025,7.8e-09,Very Strong,"(1,2)"
7z,solver,2,10,1,2,MDP_MF-DF-PCI,0.6025641025641025,7.8e-09,Very Strong,"(1,2)"
7z,solver,2,10,1,2,MD_MF-DF,0.6025641025641025,7.8e-09,Very Strong,"(1,2)"
7z,solver,2,10,1,2,PCI,0.6265060240963854,7.8e-09,Very Strong,"(1,2)"
7z,solver,2,10,2,2,ALS,0.377253814147018,7.8e-09,Very Strong,"(2,2)"
7z,solver,2,10,2,2,AP_ALS-PCI,0.3763888888888888,7.8e-09,Very Strong,"(2,2)"
7z,solver,2,10,2,2,Default,0.3948845913911416,7.8e-09,Very Strong,"(2,2)"
7z,solver,2,10,2,2,MDAP_MF-DF-ALS-PCI,0.3709907341411261,7.8e-09,Very Strong,"(2,2)"
7z,solver,2,10,2,2,MDA_MF-DF-ALS,0.3709907341411261,7.8e-09,Very Strong,"(2,2)"
7z,solver,2,10,2,2,MDP_MF-DF-PCI,0.3709907341411261,7.8e-09,Very Strong,"(2,2)"
7z,solver,2,10,2,2,MD_MF-DF,0.3709907341411261,7.8e-09,Very Strong,"(2,2)"
7z,solver,2,10,2,2,PCI,0.3970913689535251,7.8e-09,Very Strong,"(2,2)"
7z,solver,2,10,3,2,ALS,0.2393692090568816,7.8e-09,Very Strong,"(3,2)"
7z,solver,2,10,3,2,AP_ALS-PCI,0.2378948990599476,7.8e-09,Very Strong,"(3,2)"
7z,solver,2,10,3,2,Default,0.2516385585865651,7.8e-09,Very Strong,"(3,2)"
7z,solver,2,10,3,2,MDAP_MF-DF-ALS-PCI,0.2334487512423455,7.8e-09,Very Strong,"(3,2)"
7z,solver,2,10,3,2,MDA_MF-DF-ALS,0.2334487512423455,7.8e-09,Very Strong,"(3,2)"
7z,solver,2,10,3,2,MDP_MF-DF-PCI,0.2334487512423455,7.8e-09,Very Strong,"(3,2)"
7z,solver,2,10,3,2,MD_MF-DF,0.2334487512423455,7.8e-09,Very Strong,"(3,2)"
7z,solver,2,10,3,2,PCI,0.2562822881961773,7.8e-09,Very Strong,"(3,2)"
BerkeleyDBC,random,1,10,1,1,ALS,0.9696969696969696,0.01953125,Strong,"(1,1)"
BerkeleyDBC,random,1,10,1,1,AP_ALS-PCI,0.9696969696969696,0.01953125,Strong,"(1,1)"
BerkeleyDBC,random,1,10,1,1,Default,0.9714285714285714,0.01953125,Strong,"(1,1)"
BerkeleyDBC,random,1,10,1,1,MDAP_MF-DF-ALS-PCI,0.96875,0.01953125,Strong,"(1,1)"
BerkeleyDBC,random,1,10,1,1,MDA_MF-DF-ALS,0.96875,0.01953125,Strong,"(1,1)"
BerkeleyDBC,random,1,10,1,1,MDP_MF-DF-PCI,0.96875,0.01953125,Strong,"(1,1)"
BerkeleyDBC,random,1,10,1,1,MD_MF-DF,0.96875,0.01953125,Strong,"(1,1)"
BerkeleyDBC,random,1,10,1,1,PCI,0.9714285714285714,0.01953125,Strong,"(1,1)"
BerkeleyDBC,random,1,10,2,1,ALS,0.8487903225806451,0.01953125,Strong,"(2,1)"
BerkeleyDBC,random,1,10,2,1,AP_ALS-PCI,0.8466257668711656,0.01953125,Strong,"(2,1)"
BerkeleyDBC,random,1,10,2,1,Default,0.8632326820603907,0.01953125,Strong,"(2,1)"
BerkeleyDBC,random,1,10,2,1,MDAP_MF-DF-ALS-PCI,0.8405172413793103,0.01953125,Strong,"(2,1)"
BerkeleyDBC,random,1,10,2,1,MDA_MF-DF-ALS,0.8405172413793103,0.01953125,Strong,"(2,1)"
BerkeleyDBC,random,1,10,2,1,MDP_MF-DF-PCI,0.8405172413793103,0.01953125,Strong,"(2,1)"
BerkeleyDBC,random,1,10,2,1,MD_MF-DF,0.8405172413793103,0.01953125,Strong,"(2,1)"
BerkeleyDBC,random,1,10,2,1,PCI,0.8605504587155963,0.01953125,Strong,"(2,1)"
BerkeleyDBC,random,1,10,3,1,ALS,0.6702033598585323,0.01953125,Strong,"(3,1)"
BerkeleyDBC,random,1,10,3,1,AP_ALS-PCI,0.6602076124567474,0.01953125,Strong,"(3,1)"
BerkeleyDBC,random,1,10,3,1,Default,0.7039106145251397,0.01953125,Strong,"(3,1)"
BerkeleyDBC,random,1,10,3,1,MDAP_MF-DF-ALS-PCI,0.6507389162561577,0.01953125,Strong,"(3,1)"
BerkeleyDBC,random,1,10,3,1,MDA_MF-DF-ALS,0.6507389162561577,0.01953125,Strong,"(3,1)"
BerkeleyDBC,random,1,10,3,1,MDP_MF-DF-PCI,0.6507389162561577,0.01953125,Strong,"(3,1)"
BerkeleyDBC,random,1,10,3,1,MD_MF-DF,0.6507389162561577,0.01953125,Strong,"(3,1)"
BerkeleyDBC,random,1,10,3,1,PCI,0.6945324881141046,0.01953125,Strong,"(3,1)"
BerkeleyDBC,random,1,10,1,2,ALS,1.0,0.01953125,Strong,"(1,1)"
BerkeleyDBC,random,1,10,1,2,AP_ALS-PCI,1.0,0.01953125,Strong,"(1,1)"
BerkeleyDBC,random,1,10,1,2,Default,1.0,0.01953125,Strong,"(1,1)"
BerkeleyDBC,random,1,10,1,2,MDAP_MF-DF-ALS-PCI,1.0,0.01953125,Strong,"(1,1)"
BerkeleyDBC,random,1,10,1,2,MDA_MF-DF-ALS,1.0,0.01953125,Strong,"(1,1)"
BerkeleyDBC,random,1,10,1,2,MDP_MF-DF-PCI,1.0,0.01953125,Strong,"(1,1)"
BerkeleyDBC,random,1,10,1,2,MD_MF-DF,1.0,0.01953125,Strong,"(1,1)"
BerkeleyDBC,random,1,10,1,2,PCI,1.0,0.01953125,Strong,"(1,1)"
BerkeleyDBC,random,1,10,2,2,ALS,0.8971774193548387,0.01953125,Strong,"(2,1)"
BerkeleyDBC,random,1,10,2,2,AP_ALS-PCI,0.8957055214723926,0.01953125,Strong,"(2,1)"
BerkeleyDBC,random,1,10,2,2,Default,0.9094138543516874,0.01953125,Strong,"(2,1)"
BerkeleyDBC,random,1,10,2,2,MDAP_MF-DF-ALS-PCI,0.8900862068965517,0.01953125,Strong,"(2,1)"
BerkeleyDBC,random,1,10,2,2,MDA_MF-DF-ALS,0.8900862068965517,0.01953125,Strong,"(2,1)"
BerkeleyDBC,random,1,10,2,2,MDP_MF-DF-PCI,0.8900862068965517,0.01953125,Strong,"(2,1)"
BerkeleyDBC,random,1,10,2,2,MD_MF-DF,0.8900862068965517,0.01953125,Strong,"(2,1)"
BerkeleyDBC,random,1,10,2,2,PCI,0.906422018348624,0.01953125,Strong,"(2,1)"
BerkeleyDBC,random,1,10,3,2,ALS,0.7292219274977895,0.01953125,Strong,"(3,1)"
BerkeleyDBC,random,1,10,3,2,AP_ALS-PCI,0.7222606689734717,0.01953125,Strong,"(3,1)"
BerkeleyDBC,random,1,10,3,2,Default,0.7608578122184178,0.01953125,Strong,"(3,1)"
BerkeleyDBC,random,1,10,3,2,MDAP_MF-DF-ALS-PCI,0.7108374384236453,0.01953125,Strong,"(3,1)"
BerkeleyDBC,random,1,10,3,2,MDA_MF-DF-ALS,0.7108374384236453,0.01953125,Strong,"(3,1)"
BerkeleyDBC,random,1,10,3,2,MDP_MF-DF-PCI,0.7108374384236453,0.01953125,Strong,"(3,1)"
BerkeleyDBC,random,1,10,3,2,MD_MF-DF,0.7108374384236453,0.01953125,Strong,"(3,1)"
BerkeleyDBC,random,1,10,3,2,PCI,0.7535657686212361,0.01953125,Strong,"(3,1)"
BerkeleyDBC,distance,1,10,1,1,ALS,0.7878787878787878,0.01953125,Strong,"(1,1)"
BerkeleyDBC,distance,1,10,1,1,AP_ALS-PCI,0.7878787878787878,0.01953125,Strong,"(1,1)"
BerkeleyDBC,distance,1,10,1,1,Default,0.7714285714285714,0.01953125,Strong,"(1,1)"
BerkeleyDBC,distance,1,10,1,1,MDAP_MF-DF-ALS-PCI,0.78125,0.01953125,Strong,"(1,1)"
BerkeleyDBC,distance,1,10,1,1,MDA_MF-DF-ALS,0.78125,0.01953125,Strong,"(1,1)"
BerkeleyDBC,distance,1,10,1,1,MDP_MF-DF-PCI,0.78125,0.01953125,Strong,"(1,1)"
BerkeleyDBC,distance,1,10,1,1,MD_MF-DF,0.78125,0.01953125,Strong,"(1,1)"
BerkeleyDBC,distance,1,10,1,1,PCI,0.7714285714285714,0.01953125,Strong,"(1,1)"
BerkeleyDBC,distance,1,10,2,1,ALS,0.5705645161290323,0.01953125,Strong,"(2,1)"
BerkeleyDBC,distance,1,10,2,1,AP_ALS-PCI,0.5644171779141103,0.01953125,Strong,"(2,1)"
BerkeleyDBC,distance,1,10,2,1,Default,0.5470692717584368,0.01953125,Strong,"(2,1)"
BerkeleyDBC,distance,1,10,2,1,MDAP_MF-DF-ALS-PCI,0.5560344827586206,0.01953125,Strong,"(2,1)"
BerkeleyDBC,distance,1,10,2,1,MDA_MF-DF-ALS,0.5560344827586206,0.01953125,Strong,"(2,1)"
BerkeleyDBC,distance,1,10,2,1,MDP_MF-DF-PCI,0.5560344827586206,0.01953125,Strong,"(2,1)"
BerkeleyDBC,distance,1,10,2,1,MD_MF-DF,0.5560344827586206,0.01953125,Strong,"(2,1)"
BerkeleyDBC,distance,1,10,2,1,PCI,0.5504587155963303,0.01953125,Strong,"(2,1)"
BerkeleyDBC,distance,1,10,3,1,ALS,0.3883731211317418,0.01953125,Strong,"(3,1)"
BerkeleyDBC,distance,1,10,3,1,AP_ALS-PCI,0.3778546712802768,0.01953125,Strong,"(3,1)"
BerkeleyDBC,distance,1,10,3,1,Default,0.3616867904126869,0.01953125,Strong,"(3,1)"
BerkeleyDBC,distance,1,10,3,1,MDAP_MF-DF-ALS-PCI,0.3692118226600985,0.01953125,Strong,"(3,1)"
BerkeleyDBC,distance,1,10,3,1,MDA_MF-DF-ALS,0.3692118226600985,0.01953125,Strong,"(3,1)"
BerkeleyDBC,distance,1,10,3,1,MDP_MF-DF-PCI,0.3692118226600985,0.01953125,Strong,"(3,1)"
BerkeleyDBC,distance,1,10,3,1,MD_MF-DF,0.3692118226600985,0.01953125,Strong,"(3,1)"
BerkeleyDBC,distance,1,10,3,1,PCI,0.3692551505546751,0.01953125,Strong,"(3,1)"
BerkeleyDBC,distance,1,10,1,2,ALS,0.8181818181818182,0.01953125,Strong,"(1,1)"
BerkeleyDBC,distance,1,10,1,2,AP_ALS-PCI,0.8181818181818182,0.01953125,Strong,"(1,1)"
BerkeleyDBC,distance,1,10,1,2,Default,0.8,0.01953125,Strong,"(1,1)"
BerkeleyDBC,distance,1,10,1,2,MDAP_MF-DF-ALS-PCI,0.8125,0.01953125,Strong,"(1,1)"
BerkeleyDBC,distance,1,10,1,2,MDA_MF-DF-ALS,0.8125,0.01953125,Strong,"(1,1)"
BerkeleyDBC,distance,1,10,1,2,MDP_MF-DF-PCI,0.8125,0.01953125,Strong,"(1,1)"
BerkeleyDBC,distance,1,10,1,2,MD_MF-DF,0.8125,0.01953125,Strong,"(1,1)"
BerkeleyDBC,distance,1,10,1,2,PCI,0.8,0.01953125,Strong,"(1,1)"
BerkeleyDBC,distance,1,10,2,2,ALS,0.5987903225806451,0.01953125,Strong,"(2,1)"
BerkeleyDBC,distance,1,10,2,2,AP_ALS-PCI,0.5930470347648262,0.01953125,Strong,"(2,1)"
BerkeleyDBC,distance,1,10,2,2,Default,0.5719360568383659,0.01953125,Strong,"(2,1)"
BerkeleyDBC,distance,1,10,2,2,MDAP_MF-DF-ALS-PCI,0.584051724137931,0.01953125,Strong,"(2,1)"
BerkeleyDBC,distance,1,10,2,2,MDA_MF-DF-ALS,0.584051724137931,0.01953125,Strong,"(2,1)"
BerkeleyDBC,distance,1,10,2,2,MDP_MF-DF-PCI,0.584051724137931,0.01953125,Strong,"(2,1)"
BerkeleyDBC,distance,1,10,2,2,MD_MF-DF,0.584051724137931,0.01953125,Strong,"(2,1)"
BerkeleyDBC,distance,1,10,2,2,PCI,0.5761467889908257,0.01953125,Strong,"(2,1)"
BerkeleyDBC,distance,1,10,3,2,ALS,0.4007515473032714,0.01953125,Strong,"(3,1)"
BerkeleyDBC,distance,1,10,3,2,AP_ALS-PCI,0.3907727797001153,0.01953125,Strong,"(3,1)"
BerkeleyDBC,distance,1,10,3,2,Default,0.3723193368174445,0.01953125,Strong,"(3,1)"
BerkeleyDBC,distance,1,10,3,2,MDAP_MF-DF-ALS-PCI,0.3798029556650246,0.01953125,Strong,"(3,1)"
BerkeleyDBC,distance,1,10,3,2,MDA_MF-DF-ALS,0.3798029556650246,0.01953125,Strong,"(3,1)"
BerkeleyDBC,distance,1,10,3,2,MDP_MF-DF-PCI,0.3798029556650246,0.01953125,Strong,"(3,1)"
BerkeleyDBC,distance,1,10,3,2,MD_MF-DF,0.3798029556650246,0.01953125,Strong,"(3,1)"
BerkeleyDBC,distance,1,10,3,2,PCI,0.3809429477020602,0.01953125,Strong,"(3,1)"
BerkeleyDBC,solver,1,10,1,1,ALS,0.7272727272727272,0.01953125,Strong,"(1,1)"
BerkeleyDBC,solver,1,10,1,1,AP_ALS-PCI,0.7272727272727272,0.01953125,Strong,"(1,1)"
BerkeleyDBC,solver,1,10,1,1,Default,0.7428571428571428,0.01953125,Strong,"(1,1)"
BerkeleyDBC,solver,1,10,1,1,MDAP_MF-DF-ALS-PCI,0.71875,0.01953125,Strong,"(1,1)"
BerkeleyDBC,solver,1,10,1,1,MDA_MF-DF-ALS,0.71875,0.01953125,Strong,"(1,1)"
BerkeleyDBC,solver,1,10,1,1,MDP_MF-DF-PCI,0.71875,0.01953125,Strong,"(1,1)"
BerkeleyDBC,solver,1,10,1,1,MD_MF-DF,0.71875,0.01953125,Strong,"(1,1)"
BerkeleyDBC,solver,1,10,1,1,PCI,0.7428571428571428,0.01953125,Strong,"(1,1)"
BerkeleyDBC,solver,1,10,2,1,ALS,0.4959677419354838,0.01953125,Strong,"(2,1)"
BerkeleyDBC,solver,1,10,2,1,AP_ALS-PCI,0.4887525562372188,0.01953125,Strong,"(2,1)"
BerkeleyDBC,solver,1,10,2,1,Default,0.5222024866785079,0.01953125,Strong,"(2,1)"
BerkeleyDBC,solver,1,10,2,1,MDAP_MF-DF-ALS-PCI,0.480603448275862,0.01953125,Strong,"(2,1)"
BerkeleyDBC,solver,1,10,2,1,MDA_MF-DF-ALS,0.480603448275862,0.01953125,Strong,"(2,1)"
BerkeleyDBC,solver,1,10,2,1,MDP_MF-DF-PCI,0.480603448275862,0.01953125,Strong,"(2,1)"
BerkeleyDBC,solver,1,10,2,1,MD_MF-DF,0.480603448275862,0.01953125,Strong,"(2,1)"
BerkeleyDBC,solver,1,10,2,1,PCI,0.5211009174311926,0.01953125,Strong,"(2,1)"
BerkeleyDBC,solver,1,10,3,1,ALS,0.3247126436781609,0.01953125,Strong,"(3,1)"
BerkeleyDBC,solver,1,10,3,1,AP_ALS-PCI,0.3132641291810842,0.01953125,Strong,"(3,1)"
BerkeleyDBC,solver,1,10,3,1,Default,0.3537574337718507,0.01953125,Strong,"(3,1)"
BerkeleyDBC,solver,1,10,3,1,MDAP_MF-DF-ALS-PCI,0.3068965517241379,0.01953125,Strong,"(3,1)"
BerkeleyDBC,solver,1,10,3,1,MDA_MF-DF-ALS,0.3068965517241379,0.01953125,Strong,"(3,1)"
BerkeleyDBC,solver,1,10,3,1,MDP_MF-DF-PCI,0.3068965517241379,0.01953125,Strong,"(3,1)"
BerkeleyDBC,solver,1,10,3,1,MD_MF-DF,0.3068965517241379,0.01953125,Strong,"(3,1)"
BerkeleyDBC,solver,1,10,3,1,PCI,0.3534072900158478,0.01953125,Strong,"(3,1)"
BerkeleyDBC,solver,1,10,1,2,ALS,0.7272727272727272,0.01953125,Strong,"(1,1)"
BerkeleyDBC,solver,1,10,1,2,AP_ALS-PCI,0.7272727272727272,0.01953125,Strong,"(1,1)"
BerkeleyDBC,solver,1,10,1,2,Default,0.7428571428571428,0.01953125,Strong,"(1,1)"
BerkeleyDBC,solver,1,10,1,2,MDAP_MF-DF-ALS-PCI,0.71875,0.01953125,Strong,"(1,1)"
BerkeleyDBC,solver,1,10,1,2,MDA_MF-DF-ALS,0.71875,0.01953125,Strong,"(1,1)"
BerkeleyDBC,solver,1,10,1,2,MDP_MF-DF-PCI,0.71875,0.01953125,Strong,"(1,1)"
BerkeleyDBC,solver,1,10,1,2,MD_MF-DF,0.71875,0.01953125,Strong,"(1,1)"
BerkeleyDBC,solver,1,10,1,2,PCI,0.7428571428571428,0.01953125,Strong,"(1,1)"
BerkeleyDBC,solver,1,10,2,2,ALS,0.4959677419354838,0.01953125,Strong,"(2,1)"
BerkeleyDBC,solver,1,10,2,2,AP_ALS-PCI,0.4887525562372188,0.01953125,Strong,"(2,1)"
BerkeleyDBC,solver,1,10,2,2,Default,0.5222024866785079,0.01953125,Strong,"(2,1)"
BerkeleyDBC,solver,1,10,2,2,MDAP_MF-DF-ALS-PCI,0.480603448275862,0.01953125,Strong,"(2,1)"
BerkeleyDBC,solver,1,10,2,2,MDA_MF-DF-ALS,0.480603448275862,0.01953125,Strong,"(2,1)"
BerkeleyDBC,solver,1,10,2,2,MDP_MF-DF-PCI,0.480603448275862,0.01953125,Strong,"(2,1)"
BerkeleyDBC,solver,1,10,2,2,MD_MF-DF,0.480603448275862,0.01953125,Strong,"(2,1)"
BerkeleyDBC,solver,1,10,2,2,PCI,0.5211009174311926,0.01953125,Strong,"(2,1)"
BerkeleyDBC,solver,1,10,3,2,ALS,0.3247126436781609,0.01953125,Strong,"(3,1)"
BerkeleyDBC,solver,1,10,3,2,AP_ALS-PCI,0.3132641291810842,0.01953125,Strong,"(3,1)"
BerkeleyDBC,solver,1,10,3,2,Default,0.3537574337718507,0.01953125,Strong,"(3,1)"
BerkeleyDBC,solver,1,10,3,2,MDAP_MF-DF-ALS-PCI,0.3068965517241379,0.01953125,Strong,"(3,1)"
BerkeleyDBC,solver,1,10,3,2,MDA_MF-DF-ALS,0.3068965517241379,0.01953125,Strong,"(3,1)"
BerkeleyDBC,solver,1,10,3,2,MDP_MF-DF-PCI,0.3068965517241379,0.01953125,Strong,"(3,1)"
BerkeleyDBC,solver,1,10,3,2,MD_MF-DF,0.3068965517241379,0.01953125,Strong,"(3,1)"
BerkeleyDBC,solver,1,10,3,2,PCI,0.3534072900158478,0.01953125,Strong,"(3,1)"
BerkeleyDBC,random,2,10,1,1,ALS,0.9696969696969696,0.01953125,Strong,"(1,2)"
BerkeleyDBC,random,2,10,1,1,AP_ALS-PCI,0.9696969696969696,0.01953125,Strong,"(1,2)"
BerkeleyDBC,random,2,10,1,1,Default,0.9714285714285714,0.01953125,Strong,"(1,2)"
BerkeleyDBC,random,2,10,1,1,MDAP_MF-DF-ALS-PCI,0.96875,0.01953125,Strong,"(1,2)"
BerkeleyDBC,random,2,10,1,1,MDA_MF-DF-ALS,0.96875,0.01953125,Strong,"(1,2)"
BerkeleyDBC,random,2,10,1,1,MDP_MF-DF-PCI,0.96875,0.01953125,Strong,"(1,2)"
BerkeleyDBC,random,2,10,1,1,MD_MF-DF,0.96875,0.01953125,Strong,"(1,2)"
BerkeleyDBC,random,2,10,1,1,PCI,0.9714285714285714,0.01953125,Strong,"(1,2)"
BerkeleyDBC,random,2,10,2,1,ALS,0.8790322580645161,0.01953125,Strong,"(2,2)"
BerkeleyDBC,random,2,10,2,1,AP_ALS-PCI,0.8773006134969324,0.01953125,Strong,"(2,2)"
BerkeleyDBC,random,2,10,2,1,Default,0.8898756660746003,0.01953125,Strong,"(2,2)"
BerkeleyDBC,random,2,10,2,1,MDAP_MF-DF-ALS-PCI,0.8728448275862069,0.01953125,Strong,"(2,2)"
BerkeleyDBC,random,2,10,2,1,MDA_MF-DF-ALS,0.8728448275862069,0.01953125,Strong,"(2,2)"
BerkeleyDBC,random,2,10,2,1,MDP_MF-DF-PCI,0.8728448275862069,0.01953125,Strong,"(2,2)"
BerkeleyDBC,random,2,10,2,1,MD_MF-DF,0.8728448275862069,0.01953125,Strong,"(2,2)"
BerkeleyDBC,random,2,10,2,1,PCI,0.8880733944954128,0.01953125,Strong,"(2,2)"
BerkeleyDBC,random,2,10,3,1,ALS,0.7133068081343942,0.01953125,Strong,"(3,2)"
BerkeleyDBC,random,2,10,3,1,AP_ALS-PCI,0.7044982698961938,0.01953125,Strong,"(3,2)"
BerkeleyDBC,random,2,10,3,1,Default,0.744458460983961,0.01953125,Strong,"(3,2)"
BerkeleyDBC,random,2,10,3,1,MDAP_MF-DF-ALS-PCI,0.6950738916256157,0.01953125,Strong,"(3,2)"
BerkeleyDBC,random,2,10,3,1,MDA_MF-DF-ALS,0.6950738916256157,0.01953125,Strong,"(3,2)"
BerkeleyDBC,random,2,10,3,1,MDP_MF-DF-PCI,0.6950738916256157,0.01953125,Strong,"(3,2)"
BerkeleyDBC,random,2,10,3,1,MD_MF-DF,0.6950738916256157,0.01953125,Strong,"(3,2)"
BerkeleyDBC,random,2,10,3,1,PCI,0.7365293185419968,0.01953125,Strong,"(3,2)"
BerkeleyDBC,random,2,10,1,2,ALS,0.9696969696969696,0.01953125,Strong,"(1,2)"
BerkeleyDBC,random,2,10,1,2,AP_ALS-PCI,0.9696969696969696,0.01953125,Strong,"(1,2)"
BerkeleyDBC,random,2,10,1,2,Default,0.9714285714285714,0.01953125,Strong,"(1,2)"
BerkeleyDBC,random,2,10,1,2,MDAP_MF-DF-ALS-PCI,0.96875,0.01953125,Strong,"(1,2)"
BerkeleyDBC,random,2,10,1,2,MDA_MF-DF-ALS,0.96875,0.01953125,Strong,"(1,2)"
BerkeleyDBC,random,2,10,1,2,MDP_MF-DF-PCI,0.96875,0.01953125,Strong,"(1,2)"
BerkeleyDBC,random,2,10,1,2,MD_MF-DF,0.96875,0.01953125,Strong,"(1,2)"
BerkeleyDBC,random,2,10,1,2,PCI,0.9714285714285714,0.01953125,Strong,"(1,2)"
BerkeleyDBC,random,2,10,2,2,ALS,0.8487903225806451,0.01953125,Strong,"(2,2)"
BerkeleyDBC,random,2,10,2,2,AP_ALS-PCI,0.8466257668711656,0.01953125,Strong,"(2,2)"
BerkeleyDBC,random,2,10,2,2,Default,0.8632326820603907,0.01953125,Strong,"(2,2)"
BerkeleyDBC,random,2,10,2,2,MDAP_MF-DF-ALS-PCI,0.8405172413793103,0.01953125,Strong,"(2,2)"
BerkeleyDBC,random,2,10,2,2,MDA_MF-DF-ALS,0.8405172413793103,0.01953125,Strong,"(2,2)"
BerkeleyDBC,random,2,10,2,2,MDP_MF-DF-PCI,0.8405172413793103,0.01953125,Strong,"(2,2)"
BerkeleyDBC,random,2,10,2,2,MD_MF-DF,0.8405172413793103,0.01953125,Strong,"(2,2)"
BerkeleyDBC,random,2,10,2,2,PCI,0.8605504587155963,0.01953125,Strong,"(2,2)"
BerkeleyDBC,random,2,10,3,2,ALS,0.6748452696728559,0.01953125,Strong,"(3,2)"
BerkeleyDBC,random,2,10,3,2,AP_ALS-PCI,0.665282583621684,0.01953125,Strong,"(3,2)"
BerkeleyDBC,random,2,10,3,2,Default,0.7076950801946296,0.01953125,Strong,"(3,2)"
BerkeleyDBC,random,2,10,3,2,MDAP_MF-DF-ALS-PCI,0.655911330049261,0.01953125,Strong,"(3,2)"
BerkeleyDBC,random,2,10,3,2,MDA_MF-DF-ALS,0.655911330049261,0.01953125,Strong,"(3,2)"
BerkeleyDBC,random,2,10,3,2,MDP_MF-DF-PCI,0.655911330049261,0.01953125,Strong,"(3,2)"
BerkeleyDBC,random,2,10,3,2,MD_MF-DF,0.655911330049261,0.01953125,Strong,"(3,2)"
BerkeleyDBC,random,2,10,3,2,PCI,0.6982963549920761,0.01953125,Strong,"(3,2)"
BerkeleyDBC,distance,2,10,1,1,ALS,0.7878787878787878,0.01953125,Strong,"(1,2)"
BerkeleyDBC,distance,2,10,1,1,AP_ALS-PCI,0.7878787878787878,0.01953125,Strong,"(1,2)"
BerkeleyDBC,distance,2,10,1,1,Default,0.7714285714285714,0.01953125,Strong,"(1,2)"
BerkeleyDBC,distance,2,10,1,1,MDAP_MF-DF-ALS-PCI,0.78125,0.01953125,Strong,"(1,2)"
BerkeleyDBC,distance,2,10,1,1,MDA_MF-DF-ALS,0.78125,0.01953125,Strong,"(1,2)"
BerkeleyDBC,distance,2,10,1,1,MDP_MF-DF-PCI,0.78125,0.01953125,Strong,"(1,2)"
BerkeleyDBC,distance,2,10,1,1,MD_MF-DF,0.78125,0.01953125,Strong,"(1,2)"
BerkeleyDBC,distance,2,10,1,1,PCI,0.7714285714285714,0.01953125,Strong,"(1,2)"
BerkeleyDBC,distance,2,10,2,1,ALS,0.5705645161290323,0.01953125,Strong,"(2,2)"
BerkeleyDBC,distance,2,10,2,1,AP_ALS-PCI,0.5644171779141103,0.01953125,Strong,"(2,2)"
BerkeleyDBC,distance,2,10,2,1,Default,0.5470692717584368,0.01953125,Strong,"(2,2)"
BerkeleyDBC,distance,2,10,2,1,MDAP_MF-DF-ALS-PCI,0.5560344827586206,0.01953125,Strong,"(2,2)"
BerkeleyDBC,distance,2,10,2,1,MDA_MF-DF-ALS,0.5560344827586206,0.01953125,Strong,"(2,2)"
BerkeleyDBC,distance,2,10,2,1,MDP_MF-DF-PCI,0.5560344827586206,0.01953125,Strong,"(2,2)"
BerkeleyDBC,distance,2,10,2,1,MD_MF-DF,0.5560344827586206,0.01953125,Strong,"(2,2)"
BerkeleyDBC,distance,2,10,2,1,PCI,0.5504587155963303,0.01953125,Strong,"(2,2)"
BerkeleyDBC,distance,2,10,3,1,ALS,0.3883731211317418,0.01953125,Strong,"(3,2)"
BerkeleyDBC,distance,2,10,3,1,AP_ALS-PCI,0.3778546712802768,0.01953125,Strong,"(3,2)"
BerkeleyDBC,distance,2,10,3,1,Default,0.3616867904126869,0.01953125,Strong,"(3,2)"
BerkeleyDBC,distance,2,10,3,1,MDAP_MF-DF-ALS-PCI,0.3692118226600985,0.01953125,Strong,"(3,2)"
BerkeleyDBC,distance,2,10,3,1,MDA_MF-DF-ALS,0.3692118226600985,0.01953125,Strong,"(3,2)"
BerkeleyDBC,distance,2,10,3,1,MDP_MF-DF-PCI,0.3692118226600985,0.01953125,Strong,"(3,2)"
BerkeleyDBC,distance,2,10,3,1,MD_MF-DF,0.3692118226600985,0.01953125,Strong,"(3,2)"
BerkeleyDBC,distance,2,10,3,1,PCI,0.3692551505546751,0.01953125,Strong,"(3,2)"
BerkeleyDBC,distance,2,10,1,2,ALS,0.8181818181818182,0.01953125,Strong,"(1,2)"
BerkeleyDBC,distance,2,10,1,2,AP_ALS-PCI,0.8181818181818182,0.01953125,Strong,"(1,2)"
BerkeleyDBC,distance,2,10,1,2,Default,0.8,0.01953125,Strong,"(1,2)"
BerkeleyDBC,distance,2,10,1,2,MDAP_MF-DF-ALS-PCI,0.8125,0.01953125,Strong,"(1,2)"
BerkeleyDBC,distance,2,10,1,2,MDA_MF-DF-ALS,0.8125,0.01953125,Strong,"(1,2)"
BerkeleyDBC,distance,2,10,1,2,MDP_MF-DF-PCI,0.8125,0.01953125,Strong,"(1,2)"
BerkeleyDBC,distance,2,10,1,2,MD_MF-DF,0.8125,0.01953125,Strong,"(1,2)"
BerkeleyDBC,distance,2,10,1,2,PCI,0.8,0.01953125,Strong,"(1,2)"
BerkeleyDBC,distance,2,10,2,2,ALS,0.5987903225806451,0.01953125,Strong,"(2,2)"
BerkeleyDBC,distance,2,10,2,2,AP_ALS-PCI,0.5930470347648262,0.01953125,Strong,"(2,2)"
BerkeleyDBC,distance,2,10,2,2,Default,0.5719360568383659,0.01953125,Strong,"(2,2)"
BerkeleyDBC,distance,2,10,2,2,MDAP_MF-DF-ALS-PCI,0.584051724137931,0.01953125,Strong,"(2,2)"
BerkeleyDBC,distance,2,10,2,2,MDA_MF-DF-ALS,0.584051724137931,0.01953125,Strong,"(2,2)"
BerkeleyDBC,distance,2,10,2,2,MDP_MF-DF-PCI,0.584051724137931,0.01953125,Strong,"(2,2)"
BerkeleyDBC,distance,2,10,2,2,MD_MF-DF,0.584051724137931,0.01953125,Strong,"(2,2)"
BerkeleyDBC,distance,2,10,2,2,PCI,0.5761467889908257,0.01953125,Strong,"(2,2)"
BerkeleyDBC,distance,2,10,3,2,ALS,0.4007515473032714,0.01953125,Strong,"(3,2)"
BerkeleyDBC,distance,2,10,3,2,AP_ALS-PCI,0.3907727797001153,0.01953125,Strong,"(3,2)"
BerkeleyDBC,distance,2,10,3,2,Default,0.3723193368174445,0.01953125,Strong,"(3,2)"
BerkeleyDBC,distance,2,10,3,2,MDAP_MF-DF-ALS-PCI,0.3798029556650246,0.01953125,Strong,"(3,2)"
BerkeleyDBC,distance,2,10,3,2,MDA_MF-DF-ALS,0.3798029556650246,0.01953125,Strong,"(3,2)"
BerkeleyDBC,distance,2,10,3,2,MDP_MF-DF-PCI,0.3798029556650246,0.01953125,Strong,"(3,2)"
BerkeleyDBC,distance,2,10,3,2,MD_MF-DF,0.3798029556650246,0.01953125,Strong,"(3,2)"
BerkeleyDBC,distance,2,10,3,2,PCI,0.3809429477020602,0.01953125,Strong,"(3,2)"
BerkeleyDBC,solver,2,10,1,1,ALS,0.7272727272727272,0.01953125,Strong,"(1,2)"
BerkeleyDBC,solver,2,10,1,1,AP_ALS-PCI,0.7272727272727272,0.01953125,Strong,"(1,2)"
BerkeleyDBC,solver,2,10,1,1,Default,0.7428571428571428,0.01953125,Strong,"(1,2)"
BerkeleyDBC,solver,2,10,1,1,MDAP_MF-DF-ALS-PCI,0.71875,0.01953125,Strong,"(1,2)"
BerkeleyDBC,solver,2,10,1,1,MDA_MF-DF-ALS,0.71875,0.01953125,Strong,"(1,2)"
BerkeleyDBC,solver,2,10,1,1,MDP_MF-DF-PCI,0.71875,0.01953125,Strong,"(1,2)"
BerkeleyDBC,solver,2,10,1,1,MD_MF-DF,0.71875,0.01953125,Strong,"(1,2)"
BerkeleyDBC,solver,2,10,1,1,PCI,0.7428571428571428,0.01953125,Strong,"(1,2)"
BerkeleyDBC,solver,2,10,2,1,ALS,0.4959677419354838,0.01953125,Strong,"(2,2)"
BerkeleyDBC,solver,2,10,2,1,AP_ALS-PCI,0.4887525562372188,0.01953125,Strong,"(2,2)"
BerkeleyDBC,solver,2,10,2,1,Default,0.5222024866785079,0.01953125,Strong,"(2,2)"
BerkeleyDBC,solver,2,10,2,1,MDAP_MF-DF-ALS-PCI,0.480603448275862,0.01953125,Strong,"(2,2)"
BerkeleyDBC,solver,2,10,2,1,MDA_MF-DF-ALS,0.480603448275862,0.01953125,Strong,"(2,2)"
BerkeleyDBC,solver,2,10,2,1,MDP_MF-DF-PCI,0.480603448275862,0.01953125,Strong,"(2,2)"
BerkeleyDBC,solver,2,10,2,1,MD_MF-DF,0.480603448275862,0.01953125,Strong,"(2,2)"
BerkeleyDBC,solver,2,10,2,1,PCI,0.5211009174311926,0.01953125,Strong,"(2,2)"
BerkeleyDBC,solver,2,10,3,1,ALS,0.3247126436781609,0.01953125,Strong,"(3,2)"
BerkeleyDBC,solver,2,10,3,1,AP_ALS-PCI,0.3132641291810842,0.01953125,Strong,"(3,2)"
BerkeleyDBC,solver,2,10,3,1,Default,0.3537574337718507,0.01953125,Strong,"(3,2)"
BerkeleyDBC,solver,2,10,3,1,MDAP_MF-DF-ALS-PCI,0.3068965517241379,0.01953125,Strong,"(3,2)"
BerkeleyDBC,solver,2,10,3,1,MDA_MF-DF-ALS,0.3068965517241379,0.01953125,Strong,"(3,2)"
BerkeleyDBC,solver,2,10,3,1,MDP_MF-DF-PCI,0.3068965517241379,0.01953125,Strong,"(3,2)"
BerkeleyDBC,solver,2,10,3,1,MD_MF-DF,0.3068965517241379,0.01953125,Strong,"(3,2)"
BerkeleyDBC,solver,2,10,3,1,PCI,0.3534072900158478,0.01953125,Strong,"(3,2)"
BerkeleyDBC,solver,2,10,1,2,ALS,0.7272727272727272,0.01953125,Strong,"(1,2)"
BerkeleyDBC,solver,2,10,1,2,AP_ALS-PCI,0.7272727272727272,0.01953125,Strong,"(1,2)"
BerkeleyDBC,solver,2,10,1,2,Default,0.7428571428571428,0.01953125,Strong,"(1,2)"
BerkeleyDBC,solver,2,10,1,2,MDAP_MF-DF-ALS-PCI,0.71875,0.01953125,Strong,"(1,2)"
BerkeleyDBC,solver,2,10,1,2,MDA_MF-DF-ALS,0.71875,0.01953125,Strong,"(1,2)"
BerkeleyDBC,solver,2,10,1,2,MDP_MF-DF-PCI,0.71875,0.01953125,Strong,"(1,2)"
BerkeleyDBC,solver,2,10,1,2,MD_MF-DF,0.71875,0.01953125,Strong,"(1,2)"
BerkeleyDBC,solver,2,10,1,2,PCI,0.7428571428571428,0.01953125,Strong,"(1,2)"
BerkeleyDBC,solver,2,10,2,2,ALS,0.4959677419354838,0.01953125,Strong,"(2,2)"
BerkeleyDBC,solver,2,10,2,2,AP_ALS-PCI,0.4887525562372188,0.01953125,Strong,"(2,2)"
BerkeleyDBC,solver,2,10,2,2,Default,0.5222024866785079,0.01953125,Strong,"(2,2)"
BerkeleyDBC,solver,2,10,2,2,MDAP_MF-DF-ALS-PCI,0.480603448275862,0.01953125,Strong,"(2,2)"
BerkeleyDBC,solver,2,10,2,2,MDA_MF-DF-ALS,0.480603448275862,0.01953125,Strong,"(2,2)"
BerkeleyDBC,solver,2,10,2,2,MDP_MF-DF-PCI,0.480603448275862,0.01953125,Strong,"(2,2)"
BerkeleyDBC,solver,2,10,2,2,MD_MF-DF,0.480603448275862,0.01953125,Strong,"(2,2)"
BerkeleyDBC,solver,2,10,2,2,PCI,0.5211009174311926,0.01953125,Strong,"(2,2)"
BerkeleyDBC,solver,2,10,3,2,ALS,0.3247126436781609,0.01953125,Strong,"(3,2)"
BerkeleyDBC,solver,2,10,3,2,AP_ALS-PCI,0.3132641291810842,0.01953125,Strong,"(3,2)"
BerkeleyDBC,solver,2,10,3,2,Default,0.3537574337718507,0.01953125,Strong,"(3,2)"
BerkeleyDBC,solver,2,10,3,2,MDAP_MF-DF-ALS-PCI,0.3068965517241379,0.01953125,Strong,"(3,2)"
BerkeleyDBC,solver,2,10,3,2,MDA_MF-DF-ALS,0.3068965517241379,0.01953125,Strong,"(3,2)"
BerkeleyDBC,solver,2,10,3,2,MDP_MF-DF-PCI,0.3068965517241379,0.01953125,Strong,"(3,2)"
BerkeleyDBC,solver,2,10,3,2,MD_MF-DF,0.3068965517241379,0.01953125,Strong,"(3,2)"
BerkeleyDBC,solver,2,10,3,2,PCI,0.3534072900158478,0.01953125,Strong,"(3,2)"
Dune,random,1,10,1,1,ALS,0.9019607843137256,1.0729e-06,Very Strong,"(1,1)"
Dune,random,1,10,1,1,AP_ALS-PCI,0.9019607843137256,1.0729e-06,Very Strong,"(1,1)"
Dune,random,1,10,1,1,Default,0.913793103448276,1.0729e-06,Very Strong,"(1,1)"
Dune,random,1,10,1,1,MDAP_MF-DF-ALS-PCI,0.9,1.0729e-06,Very Strong,"(1,1)"
Dune,random,1,10,1,1,MDA_MF-DF-ALS,0.9,1.0729e-06,Very Strong,"(1,1)"
Dune,random,1,10,1,1,MDP_MF-DF-PCI,0.9038461538461539,1.0729e-06,Very Strong,"(1,1)"
Dune,random,1,10,1,1,MD_MF-DF,0.9038461538461539,1.0729e-06,Very Strong,"(1,1)"
Dune,random,1,10,1,1,PCI,0.913793103448276,1.0729e-06,Very Strong,"(1,1)"
Dune,random,1,10,2,1,ALS,0.7335581787521079,1.0729e-06,Very Strong,"(2,1)"
Dune,random,1,10,2,1,AP_ALS-PCI,0.7335581787521079,1.0729e-06,Very Strong,"(2,1)"
Dune,random,1,10,2,1,Default,0.76873798846893,1.0729e-06,Very Strong,"(2,1)"
Dune,random,1,10,2,1,MDAP_MF-DF-ALS-PCI,0.7262323943661971,1.0729e-06,Very Strong,"(2,1)"
Dune,random,1,10,2,1,MDA_MF-DF-ALS,0.7262323943661971,1.0729e-06,Very Strong,"(2,1)"
Dune,random,1,10,2,1,MDP_MF-DF-PCI,0.7317666126418152,1.0729e-06,Very Strong,"(2,1)"
Dune,random,1,10,2,1,MD_MF-DF,0.7317666126418152,1.0729e-06,Very Strong,"(2,1)"
Dune,random,1,10,2,1,PCI,0.7673202614379085,1.0729e-06,Very Strong,"(2,1)"
Dune,random,1,10,3,1,ALS,0.5675917103382562,1.0729e-06,Very Strong,"(3,1)"
Dune,random,1,10,3,1,AP_ALS-PCI,0.5675917103382562,1.0729e-06,Very Strong,"(3,1)"
Dune,random,1,10,3,1,Default,0.6192579505300352,1.0729e-06,Very Strong,"(3,1)"
Dune,random,1,10,3,1,MDAP_MF-DF-ALS-PCI,0.5560807358201328,1.0729e-06,Very Strong,"(3,1)"
Dune,random,1,10,3,1,MDA_MF-DF-ALS,0.5560807358201328,1.0729e-06,Very Strong,"(3,1)"
Dune,random,1,10,3,1,MDP_MF-DF-PCI,0.5596680125616867,1.0729e-06,Very Strong,"(3,1)"
Dune,random,1,10,3,1,MD_MF-DF,0.5596680125616867,1.0729e-06,Very Strong,"(3,1)"
Dune,random,1,10,3,1,PCI,0.6177935652457945,1.0729e-06,Very Strong,"(3,1)"
Dune,random,1,10,1,2,ALS,0.9607843137254902,1.0729e-06,Very Strong,"(1,1)"
Dune,random,1,10,1,2,AP_ALS-PCI,0.9607843137254902,1.0729e-06,Very Strong,"(1,1)"
Dune,random,1,10,1,2,Default,0.9655172413793104,1.0729e-06,Very Strong,"(1,1)"
Dune,random,1,10,1,2,MDAP_MF-DF-ALS-PCI,0.96,1.0729e-06,Very Strong,"(1,1)"
Dune,random,1,10,1,2,MDA_MF-DF-ALS,0.96,1.0729e-06,Very Strong,"(1,1)"
Dune,random,1,10,1,2,MDP_MF-DF-PCI,0.9615384615384616,1.0729e-06,Very Strong,"(1,1)"
Dune,random,1,10,1,2,MD_MF-DF,0.9615384615384616,1.0729e-06,Very Strong,"(1,1)"
Dune,random,1,10,1,2,PCI,0.9655172413793104,1.0729e-06,Very Strong,"(1,1)"
Dune,random,1,10,2,2,ALS,0.7824620573355818,1.0729e-06,Very Strong,"(2,1)"
Dune,random,1,10,2,2,AP_ALS-PCI,0.7824620573355818,1.0729e-06,Very Strong,"(2,1)"
Dune,random,1,10,2,2,Default,0.817424727738629,1.0729e-06,Very Strong,"(2,1)"
Dune,random,1,10,2,2,MDAP_MF-DF-ALS-PCI,0.7746478873239436,1.0729e-06,Very Strong,"(2,1)"
Dune,random,1,10,2,2,MDA_MF-DF-ALS,0.7746478873239436,1.0729e-06,Very Strong,"(2,1)"
Dune,random,1,10,2,2,MDP_MF-DF-PCI,0.7787682333873582,1.0729e-06,Very Strong,"(2,1)"
Dune,random,1,10,2,2,MD_MF-DF,0.7787682333873582,1.0729e-06,Very Strong,"(2,1)"
Dune,random,1,10,2,2,PCI,0.815032679738562,1.0729e-06,Very Strong,"(2,1)"
Dune,random,1,10,3,2,ALS,0.5989161505478799,1.0729e-06,Very Strong,"(3,1)"
Dune,random,1,10,3,2,AP_ALS-PCI,0.5989161505478799,1.0729e-06,Very Strong,"(3,1)"
Dune,random,1,10,3,2,Default,0.6544015977876785,1.0729e-06,Very Strong,"(3,1)"
Dune,random,1,10,3,2,MDAP_MF-DF-ALS-PCI,0.5861650485436893,1.0729e-06,Very Strong,"(3,1)"
Dune,random,1,10,3,2,MDA_MF-DF-ALS,0.5861650485436893,1.0729e-06,Very Strong,"(3,1)"
Dune,random,1,10,3,2,MDP_MF-DF-PCI,0.588941229250785,1.0729e-06,Very Strong,"(3,1)"
Dune,random,1,10,3,2,MD_MF-DF,0.588941229250785,1.0729e-06,Very Strong,"(3,1)"
Dune,random,1,10,3,2,PCI,0.6515596929609668,1.0729e-06,Very Strong,"(3,1)"
Dune,distance,1,10,1,1,ALS,0.588235294117647,1.0729e-06,Very Strong,"(1,1)"
Dune,distance,1,10,1,1,AP_ALS-PCI,0.588235294117647,1.0729e-06,Very Strong,"(1,1)"
Dune,distance,1,10,1,1,Default,0.5517241379310344,1.0729e-06,Very Strong,"(1,1)"
Dune,distance,1,10,1,1,MDAP_MF-DF-ALS-PCI,0.5799999999999998,1.0729e-06,Very Strong,"(1,1)"
Dune,distance,1,10,1,1,MDA_MF-DF-ALS,0.5799999999999998,1.0729e-06,Very Strong,"(1,1)"
Dune,distance,1,10,1,1,MDP_MF-DF-PCI,0.5769230769230768,1.0729e-06,Very Strong,"(1,1)"
Dune,distance,1,10,1,1,MD_MF-DF,0.5769230769230768,1.0729e-06,Very Strong,"(1,1)"
Dune,distance,1,10,1,1,PCI,0.5517241379310344,1.0729e-06,Very Strong,"(1,1)"
Dune,distance,1,10,2,1,ALS,0.3541315345699831,1.0729e-06,Very Strong,"(2,1)"
Dune,distance,1,10,2,1,AP_ALS-PCI,0.3541315345699831,1.0729e-06,Very Strong,"(2,1)"
Dune,distance,1,10,2,1,Default,0.3055733504163997,1.0729e-06,Very Strong,"(2,1)"
Dune,distance,1,10,2,1,MDAP_MF-DF-ALS-PCI,0.3441901408450704,1.0729e-06,Very Strong,"(2,1)"
Dune,distance,1,10,2,1,MDA_MF-DF-ALS,0.3441901408450704,1.0729e-06,Very Strong,"(2,1)"
Dune,distance,1,10,2,1,MDP_MF-DF-PCI,0.339546191247974,1.0729e-06,Very Strong,"(2,1)"
Dune,distance,1,10,2,1,MD_MF-DF,0.339546191247974,1.0729e-06,Very Strong,"(2,1)"
Dune,distance,1,10,2,1,PCI,0.3111111111111111,1.0729e-06,Very Strong,"(2,1)"
Dune,distance,1,10,3,1,ALS,0.2181395902810862,1.0729e-06,Very Strong,"(3,1)"
Dune,distance,1,10,3,1,AP_ALS-PCI,0.2181395902810862,1.0729e-06,Very Strong,"(3,1)"
Dune,distance,1,10,3,1,Default,0.1698801659241051,1.0729e-06,Very Strong,"(3,1)"
Dune,distance,1,10,3,1,MDAP_MF-DF-ALS-PCI,0.2089933571793561,1.0729e-06,Very Strong,"(3,1)"
Dune,distance,1,10,3,1,MDA_MF-DF-ALS,0.2089933571793561,1.0729e-06,Very Strong,"(3,1)"
Dune,distance,1,10,3,1,MDP_MF-DF-PCI,0.2038470165993719,1.0729e-06,Very Strong,"(3,1)"
Dune,distance,1,10,3,1,MD_MF-DF,0.2038470165993719,1.0729e-06,Very Strong,"(3,1)"
Dune,distance,1,10,3,1,PCI,0.1794871794871794,1.0729e-06,Very Strong,"(3,1)"
Dune,distance,1,10,1,2,ALS,0.588235294117647,1.0729e-06,Very Strong,"(1,1)"
Dune,distance,1,10,1,2,AP_ALS-PCI,0.588235294117647,1.0729e-06,Very Strong,"(1,1)"
Dune,distance,1,10,1,2,Default,0.5517241379310344,1.0729e-06,Very Strong,"(1,1)"
Dune,distance,1,10,1,2,MDAP_MF-DF-ALS-PCI,0.5799999999999998,1.0729e-06,Very Strong,"(1,1)"
Dune,distance,1,10,1,2,MDA_MF-DF-ALS,0.5799999999999998,1.0729e-06,Very Strong,"(1,1)"
Dune,distance,1,10,1,2,MDP_MF-DF-PCI,0.5769230769230768,1.0729e-06,Very Strong,"(1,1)"
Dune,distance,1,10,1,2,MD_MF-DF,0.5769230769230768,1.0729e-06,Very Strong,"(1,1)"
Dune,distance,1,10,1,2,PCI,0.5517241379310344,1.0729e-06,Very Strong,"(1,1)"
Dune,distance,1,10,2,2,ALS,0.3541315345699831,1.0729e-06,Very Strong,"(2,1)"
Dune,distance,1,10,2,2,AP_ALS-PCI,0.3541315345699831,1.0729e-06,Very Strong,"(2,1)"
Dune,distance,1,10,2,2,Default,0.3055733504163997,1.0729e-06,Very Strong,"(2,1)"
Dune,distance,1,10,2,2,MDAP_MF-DF-ALS-PCI,0.3441901408450704,1.0729e-06,Very Strong,"(2,1)"
Dune,distance,1,10,2,2,MDA_MF-DF-ALS,0.3441901408450704,1.0729e-06,Very Strong,"(2,1)"
Dune,distance,1,10,2,2,MDP_MF-DF-PCI,0.339546191247974,1.0729e-06,Very Strong,"(2,1)"
Dune,distance,1,10,2,2,MD_MF-DF,0.339546191247974,1.0729e-06,Very Strong,"(2,1)"
Dune,distance,1,10,2,2,PCI,0.3111111111111111,1.0729e-06,Very Strong,"(2,1)"
Dune,distance,1,10,3,2,ALS,0.2181395902810862,1.0729e-06,Very Strong,"(3,1)"
Dune,distance,1,10,3,2,AP_ALS-PCI,0.2181395902810862,1.0729e-06,Very Strong,"(3,1)"
Dune,distance,1,10,3,2,Default,0.1698801659241051,1.0729e-06,Very Strong,"(3,1)"
Dune,distance,1,10,3,2,MDAP_MF-DF-ALS-PCI,0.2089933571793561,1.0729e-06,Very Strong,"(3,1)"
Dune,distance,1,10,3,2,MDA_MF-DF-ALS,0.2089933571793561,1.0729e-06,Very Strong,"(3,1)"
Dune,distance,1,10,3,2,MDP_MF-DF-PCI,0.2038470165993719,1.0729e-06,Very Strong,"(3,1)"
Dune,distance,1,10,3,2,MD_MF-DF,0.2038470165993719,1.0729e-06,Very Strong,"(3,1)"
Dune,distance,1,10,3,2,PCI,0.1794871794871794,1.0729e-06,Very Strong,"(3,1)"
Dune,solver,1,10,1,1,ALS,0.6666666666666666,1.0729e-06,Very Strong,"(1,1)"
Dune,solver,1,10,1,1,AP_ALS-PCI,0.6666666666666666,1.0729e-06,Very Strong,"(1,1)"
Dune,solver,1,10,1,1,Default,0.6724137931034482,1.0729e-06,Very Strong,"(1,1)"
Dune,solver,1,10,1,1,MDAP_MF-DF-ALS-PCI,0.66,1.0729e-06,Very Strong,"(1,1)"
Dune,solver,1,10,1,1,MDA_MF-DF-ALS,0.66,1.0729e-06,Very Strong,"(1,1)"
Dune,solver,1,10,1,1,MDP_MF-DF-PCI,0.6538461538461539,1.0729e-06,Very Strong,"(1,1)"
Dune,solver,1,10,1,1,MD_MF-DF,0.6538461538461539,1.0729e-06,Very Strong,"(1,1)"
Dune,solver,1,10,1,1,PCI,0.6724137931034482,1.0729e-06,Very Strong,"(1,1)"
Dune,solver,1,10,2,1,ALS,0.4283305227655986,1.0729e-06,Very Strong,"(2,1)"
Dune,solver,1,10,2,1,AP_ALS-PCI,0.4283305227655986,1.0729e-06,Very Strong,"(2,1)"
Dune,solver,1,10,2,1,Default,0.4311338885329916,1.0729e-06,Very Strong,"(2,1)"
Dune,solver,1,10,2,1,MDAP_MF-DF-ALS-PCI,0.4181338028169014,1.0729e-06,Very Strong,"(2,1)"
Dune,solver,1,10,2,1,MDA_MF-DF-ALS,0.4181338028169014,1.0729e-06,Very Strong,"(2,1)"
Dune,solver,1,10,2,1,MDP_MF-DF-PCI,0.4108589951377633,1.0729e-06,Very Strong,"(2,1)"
Dune,solver,1,10,2,1,MD_MF-DF,0.4108589951377633,1.0729e-06,Very Strong,"(2,1)"
Dune,solver,1,10,2,1,PCI,0.4352941176470588,1.0729e-06,Very Strong,"(2,1)"
Dune,solver,1,10,3,1,ALS,0.2734635540733682,1.0729e-06,Very Strong,"(3,1)"
Dune,solver,1,10,3,1,AP_ALS-PCI,0.2734635540733682,1.0729e-06,Very Strong,"(3,1)"
Dune,solver,1,10,3,1,Default,0.2717391304347825,1.0729e-06,Very Strong,"(3,1)"
Dune,solver,1,10,3,1,MDAP_MF-DF-ALS-PCI,0.2629662749105773,1.0729e-06,Very Strong,"(3,1)"
Dune,solver,1,10,3,1,MDA_MF-DF-ALS,0.2629662749105773,1.0729e-06,Very Strong,"(3,1)"
Dune,solver,1,10,3,1,MDP_MF-DF-PCI,0.2558882907133243,1.0729e-06,Very Strong,"(3,1)"
Dune,solver,1,10,3,1,MD_MF-DF,0.2558882907133243,1.0729e-06,Very Strong,"(3,1)"
Dune,solver,1,10,3,1,PCI,0.279764821166095,1.0729e-06,Very Strong,"(3,1)"
Dune,solver,1,10,1,2,ALS,0.6666666666666666,1.0729e-06,Very Strong,"(1,1)"
Dune,solver,1,10,1,2,AP_ALS-PCI,0.6666666666666666,1.0729e-06,Very Strong,"(1,1)"
Dune,solver,1,10,1,2,Default,0.6724137931034482,1.0729e-06,Very Strong,"(1,1)"
Dune,solver,1,10,1,2,MDAP_MF-DF-ALS-PCI,0.66,1.0729e-06,Very Strong,"(1,1)"
Dune,solver,1,10,1,2,MDA_MF-DF-ALS,0.66,1.0729e-06,Very Strong,"(1,1)"
Dune,solver,1,10,1,2,MDP_MF-DF-PCI,0.6538461538461539,1.0729e-06,Very Strong,"(1,1)"
Dune,solver,1,10,1,2,MD_MF-DF,0.6538461538461539,1.0729e-06,Very Strong,"(1,1)"
Dune,solver,1,10,1,2,PCI,0.6724137931034482,1.0729e-06,Very Strong,"(1,1)"
Dune,solver,1,10,2,2,ALS,0.4283305227655986,1.0729e-06,Very Strong,"(2,1)"
Dune,solver,1,10,2,2,AP_ALS-PCI,0.4283305227655986,1.0729e-06,Very Strong,"(2,1)"
Dune,solver,1,10,2,2,Default,0.4311338885329916,1.0729e-06,Very Strong,"(2,1)"
Dune,solver,1,10,2,2,MDAP_MF-DF-ALS-PCI,0.4181338028169014,1.0729e-06,Very Strong,"(2,1)"
Dune,solver,1,10,2,2,MDA_MF-DF-ALS,0.4181338028169014,1.0729e-06,Very Strong,"(2,1)"
Dune,solver,1,10,2,2,MDP_MF-DF-PCI,0.4108589951377633,1.0729e-06,Very Strong,"(2,1)"
Dune,solver,1,10,2,2,MD_MF-DF,0.4108589951377633,1.0729e-06,Very Strong,"(2,1)"
Dune,solver,1,10,2,2,PCI,0.4352941176470588,1.0729e-06,Very Strong,"(2,1)"
Dune,solver,1,10,3,2,ALS,0.2734635540733682,1.0729e-06,Very Strong,"(3,1)"
Dune,solver,1,10,3,2,AP_ALS-PCI,0.2734635540733682,1.0729e-06,Very Strong,"(3,1)"
Dune,solver,1,10,3,2,Default,0.2717391304347825,1.0729e-06,Very Strong,"(3,1)"
Dune,solver,1,10,3,2,MDAP_MF-DF-ALS-PCI,0.2629662749105773,1.0729e-06,Very Strong,"(3,1)"
Dune,solver,1,10,3,2,MDA_MF-DF-ALS,0.2629662749105773,1.0729e-06,Very Strong,"(3,1)"
Dune,solver,1,10,3,2,MDP_MF-DF-PCI,0.2558882907133243,1.0729e-06,Very Strong,"(3,1)"
Dune,solver,1,10,3,2,MD_MF-DF,0.2558882907133243,1.0729e-06,Very Strong,"(3,1)"
Dune,solver,1,10,3,2,PCI,0.279764821166095,1.0729e-06,Very Strong,"(3,1)"
Dune,random,2,10,1,1,ALS,0.9607843137254902,1.0729e-06,Very Strong,"(1,2)"
Dune,random,2,10,1,1,AP_ALS-PCI,0.9607843137254902,1.0729e-06,Very Strong,"(1,2)"
Dune,random,2,10,1,1,Default,0.9655172413793104,1.0729e-06,Very Strong,"(1,2)"
Dune,random,2,10,1,1,MDAP_MF-DF-ALS-PCI,0.96,1.0729e-06,Very Strong,"(1,2)"
Dune,random,2,10,1,1,MDA_MF-DF-ALS,0.96,1.0729e-06,Very Strong,"(1,2)"
Dune,random,2,10,1,1,MDP_MF-DF-PCI,0.9615384615384616,1.0729e-06,Very Strong,"(1,2)"
Dune,random,2,10,1,1,MD_MF-DF,0.9615384615384616,1.0729e-06,Very Strong,"(1,2)"
Dune,random,2,10,1,1,PCI,0.9655172413793104,1.0729e-06,Very Strong,"(1,2)"
Dune,random,2,10,2,1,ALS,0.7917369308600337,1.0729e-06,Very Strong,"(2,2)"
Dune,random,2,10,2,1,AP_ALS-PCI,0.7917369308600337,1.0729e-06,Very Strong,"(2,2)"
Dune,random,2,10,2,1,Default,0.8244714926329276,1.0729e-06,Very Strong,"(2,2)"
Dune,random,2,10,2,1,MDAP_MF-DF-ALS-PCI,0.784330985915493,1.0729e-06,Very Strong,"(2,2)"
Dune,random,2,10,2,1,MDA_MF-DF-ALS,0.784330985915493,1.0729e-06,Very Strong,"(2,2)"
Dune,random,2,10,2,1,MDP_MF-DF-PCI,0.7876823338735818,1.0729e-06,Very Strong,"(2,2)"
Dune,random,2,10,2,1,MD_MF-DF,0.7876823338735818,1.0729e-06,Very Strong,"(2,2)"
Dune,random,2,10,2,1,PCI,0.8222222222222221,1.0729e-06,Very Strong,"(2,2)"
Dune,random,2,10,3,1,ALS,0.6121962839447355,1.0729e-06,Very Strong,"(3,2)"
Dune,random,2,10,3,1,AP_ALS-PCI,0.6121962839447355,1.0729e-06,Very Strong,"(3,2)"
Dune,random,2,10,3,1,Default,0.6655784298663387,1.0729e-06,Very Strong,"(3,2)"
Dune,random,2,10,3,1,MDAP_MF-DF-ALS-PCI,0.5997061829330607,1.0729e-06,Very Strong,"(3,2)"
Dune,random,2,10,3,1,MDA_MF-DF-ALS,0.5997061829330607,1.0729e-06,Very Strong,"(3,2)"
Dune,random,2,10,3,1,MDP_MF-DF-PCI,0.6015589950650516,1.0729e-06,Very Strong,"(3,2)"
Dune,random,2,10,3,1,MD_MF-DF,0.6015589950650516,1.0729e-06,Very Strong,"(3,2)"
Dune,random,2,10,3,1,PCI,0.6629103380695737,1.0729e-06,Very Strong,"(3,2)"
Dune,random,2,10,1,2,ALS,0.9019607843137256,1.0729e-06,Very Strong,"(1,2)"
Dune,random,2,10,1,2,AP_ALS-PCI,0.9019607843137256,1.0729e-06,Very Strong,"(1,2)"
Dune,random,2,10,1,2,Default,0.913793103448276,1.0729e-06,Very Strong,"(1,2)"
Dune,random,2,10,1,2,MDAP_MF-DF-ALS-PCI,0.9,1.0729e-06,Very Strong,"(1,2)"
Dune,random,2,10,1,2,MDA_MF-DF-ALS,0.9,1.0729e-06,Very Strong,"(1,2)"
Dune,random,2,10,1,2,MDP_MF-DF-PCI,0.9038461538461539,1.0729e-06,Very Strong,"(1,2)"
Dune,random,2,10,1,2,MD_MF-DF,0.9038461538461539,1.0729e-06,Very Strong,"(1,2)"
Dune,random,2,10,1,2,PCI,0.913793103448276,1.0729e-06,Very Strong,"(1,2)"
Dune,random,2,10,2,2,ALS,0.7327150084317032,1.0729e-06,Very Strong,"(2,2)"
Dune,random,2,10,2,2,AP_ALS-PCI,0.7327150084317032,1.0729e-06,Very Strong,"(2,2)"
Dune,random,2,10,2,2,Default,0.7674567584881486,1.0729e-06,Very Strong,"(2,2)"
Dune,random,2,10,2,2,MDAP_MF-DF-ALS-PCI,0.7253521126760563,1.0729e-06,Very Strong,"(2,2)"
Dune,random,2,10,2,2,MDA_MF-DF-ALS,0.7253521126760563,1.0729e-06,Very Strong,"(2,2)"
Dune,random,2,10,2,2,MDP_MF-DF-PCI,0.7301458670988655,1.0729e-06,Very Strong,"(2,2)"
Dune,random,2,10,2,2,MD_MF-DF,0.7301458670988655,1.0729e-06,Very Strong,"(2,2)"
Dune,random,2,10,2,2,PCI,0.7660130718954248,1.0729e-06,Very Strong,"(2,2)"
Dune,random,2,10,3,2,ALS,0.565924249642687,1.0729e-06,Very Strong,"(3,2)"
Dune,random,2,10,3,2,AP_ALS-PCI,0.565924249642687,1.0729e-06,Very Strong,"(3,2)"
Dune,random,2,10,3,2,Default,0.6167998156398832,1.0729e-06,Very Strong,"(3,2)"
Dune,random,2,10,3,2,MDAP_MF-DF-ALS-PCI,0.5543561573837505,1.0729e-06,Very Strong,"(3,2)"
Dune,random,2,10,3,2,MDA_MF-DF-ALS,0.5543561573837505,1.0729e-06,Very Strong,"(3,2)"
Dune,random,2,10,3,2,MDP_MF-DF-PCI,0.5567519066846119,1.0729e-06,Very Strong,"(3,2)"
Dune,random,2,10,3,2,MD_MF-DF,0.5567519066846119,1.0729e-06,Very Strong,"(3,2)"
Dune,random,2,10,3,2,PCI,0.6153846153846154,1.0729e-06,Very Strong,"(3,2)"
Dune,distance,2,10,1,1,ALS,0.588235294117647,1.0729e-06,Very Strong,"(1,2)"
Dune,distance,2,10,1,1,AP_ALS-PCI,0.588235294117647,1.0729e-06,Very Strong,"(1,2)"
Dune,distance,2,10,1,1,Default,0.5517241379310344,1.0729e-06,Very Strong,"(1,2)"
Dune,distance,2,10,1,1,MDAP_MF-DF-ALS-PCI,0.5799999999999998,1.0729e-06,Very Strong,"(1,2)"
Dune,distance,2,10,1,1,MDA_MF-DF-ALS,0.5799999999999998,1.0729e-06,Very Strong,"(1,2)"
Dune,distance,2,10,1,1,MDP_MF-DF-PCI,0.5769230769230768,1.0729e-06,Very Strong,"(1,2)"
Dune,distance,2,10,1,1,MD_MF-DF,0.5769230769230768,1.0729e-06,Very Strong,"(1,2)"
Dune,distance,2,10,1,1,PCI,0.5517241379310344,1.0729e-06,Very Strong,"(1,2)"
Dune,distance,2,10,2,1,ALS,0.3541315345699831,1.0729e-06,Very Strong,"(2,2)"
Dune,distance,2,10,2,1,AP_ALS-PCI,0.3541315345699831,1.0729e-06,Very Strong,"(2,2)"
Dune,distance,2,10,2,1,Default,0.3055733504163997,1.0729e-06,Very Strong,"(2,2)"
Dune,distance,2,10,2,1,MDAP_MF-DF-ALS-PCI,0.3441901408450704,1.0729e-06,Very Strong,"(2,2)"
Dune,distance,2,10,2,1,MDA_MF-DF-ALS,0.3441901408450704,1.0729e-06,Very Strong,"(2,2)"
Dune,distance,2,10,2,1,MDP_MF-DF-PCI,0.339546191247974,1.0729e-06,Very Strong,"(2,2)"
Dune,distance,2,10,2,1,MD_MF-DF,0.339546191247974,1.0729e-06,Very Strong,"(2,2)"
Dune,distance,2,10,2,1,PCI,0.3111111111111111,1.0729e-06,Very Strong,"(2,2)"
Dune,distance,2,10,3,1,ALS,0.2181395902810862,1.0729e-06,Very Strong,"(3,2)"
Dune,distance,2,10,3,1,AP_ALS-PCI,0.2181395902810862,1.0729e-06,Very Strong,"(3,2)"
Dune,distance,2,10,3,1,Default,0.1698801659241051,1.0729e-06,Very Strong,"(3,2)"
Dune,distance,2,10,3,1,MDAP_MF-DF-ALS-PCI,0.2089933571793561,1.0729e-06,Very Strong,"(3,2)"
Dune,distance,2,10,3,1,MDA_MF-DF-ALS,0.2089933571793561,1.0729e-06,Very Strong,"(3,2)"
Dune,distance,2,10,3,1,MDP_MF-DF-PCI,0.2038470165993719,1.0729e-06,Very Strong,"(3,2)"
Dune,distance,2,10,3,1,MD_MF-DF,0.2038470165993719,1.0729e-06,Very Strong,"(3,2)"
Dune,distance,2,10,3,1,PCI,0.1794871794871794,1.0729e-06,Very Strong,"(3,2)"
Dune,distance,2,10,1,2,ALS,0.588235294117647,1.0729e-06,Very Strong,"(1,2)"
Dune,distance,2,10,1,2,AP_ALS-PCI,0.588235294117647,1.0729e-06,Very Strong,"(1,2)"
Dune,distance,2,10,1,2,Default,0.5517241379310344,1.0729e-06,Very Strong,"(1,2)"
Dune,distance,2,10,1,2,MDAP_MF-DF-ALS-PCI,0.5799999999999998,1.0729e-06,Very Strong,"(1,2)"
Dune,distance,2,10,1,2,MDA_MF-DF-ALS,0.5799999999999998,1.0729e-06,Very Strong,"(1,2)"
Dune,distance,2,10,1,2,MDP_MF-DF-PCI,0.5769230769230768,1.0729e-06,Very Strong,"(1,2)"
Dune,distance,2,10,1,2,MD_MF-DF,0.5769230769230768,1.0729e-06,Very Strong,"(1,2)"
Dune,distance,2,10,1,2,PCI,0.5517241379310344,1.0729e-06,Very Strong,"(1,2)"
Dune,distance,2,10,2,2,ALS,0.3541315345699831,1.0729e-06,Very Strong,"(2,2)"
Dune,distance,2,10,2,2,AP_ALS-PCI,0.3541315345699831,1.0729e-06,Very Strong,"(2,2)"
Dune,distance,2,10,2,2,Default,0.3055733504163997,1.0729e-06,Very Strong,"(2,2)"
Dune,distance,2,10,2,2,MDAP_MF-DF-ALS-PCI,0.3441901408450704,1.0729e-06,Very Strong,"(2,2)"
Dune,distance,2,10,2,2,MDA_MF-DF-ALS,0.3441901408450704,1.0729e-06,Very Strong,"(2,2)"
Dune,distance,2,10,2,2,MDP_MF-DF-PCI,0.339546191247974,1.0729e-06,Very Strong,"(2,2)"
Dune,distance,2,10,2,2,MD_MF-DF,0.339546191247974,1.0729e-06,Very Strong,"(2,2)"
Dune,distance,2,10,2,2,PCI,0.3111111111111111,1.0729e-06,Very Strong,"(2,2)"
Dune,distance,2,10,3,2,ALS,0.2181395902810862,1.0729e-06,Very Strong,"(3,2)"
Dune,distance,2,10,3,2,AP_ALS-PCI,0.2181395902810862,1.0729e-06,Very Strong,"(3,2)"
Dune,distance,2,10,3,2,Default,0.1698801659241051,1.0729e-06,Very Strong,"(3,2)"
Dune,distance,2,10,3,2,MDAP_MF-DF-ALS-PCI,0.2089933571793561,1.0729e-06,Very Strong,"(3,2)"
Dune,distance,2,10,3,2,MDA_MF-DF-ALS,0.2089933571793561,1.0729e-06,Very Strong,"(3,2)"
Dune,distance,2,10,3,2,MDP_MF-DF-PCI,0.2038470165993719,1.0729e-06,Very Strong,"(3,2)"
Dune,distance,2,10,3,2,MD_MF-DF,0.2038470165993719,1.0729e-06,Very Strong,"(3,2)"
Dune,distance,2,10,3,2,PCI,0.1794871794871794,1.0729e-06,Very Strong,"(3,2)"
Dune,solver,2,10,1,1,ALS,0.6666666666666666,1.0729e-06,Very Strong,"(1,2)"
Dune,solver,2,10,1,1,AP_ALS-PCI,0.6666666666666666,1.0729e-06,Very Strong,"(1,2)"
Dune,solver,2,10,1,1,Default,0.6724137931034482,1.0729e-06,Very Strong,"(1,2)"
Dune,solver,2,10,1,1,MDAP_MF-DF-ALS-PCI,0.66,1.0729e-06,Very Strong,"(1,2)"
Dune,solver,2,10,1,1,MDA_MF-DF-ALS,0.66,1.0729e-06,Very Strong,"(1,2)"
Dune,solver,2,10,1,1,MDP_MF-DF-PCI,0.6538461538461539,1.0729e-06,Very Strong,"(1,2)"
Dune,solver,2,10,1,1,MD_MF-DF,0.6538461538461539,1.0729e-06,Very Strong,"(1,2)"
Dune,solver,2,10,1,1,PCI,0.6724137931034482,1.0729e-06,Very Strong,"(1,2)"
Dune,solver,2,10,2,1,ALS,0.4283305227655986,1.0729e-06,Very Strong,"(2,2)"
Dune,solver,2,10,2,1,AP_ALS-PCI,0.4283305227655986,1.0729e-06,Very Strong,"(2,2)"
Dune,solver,2,10,2,1,Default,0.4311338885329916,1.0729e-06,Very Strong,"(2,2)"
Dune,solver,2,10,2,1,MDAP_MF-DF-ALS-PCI,0.4181338028169014,1.0729e-06,Very Strong,"(2,2)"
Dune,solver,2,10,2,1,MDA_MF-DF-ALS,0.4181338028169014,1.0729e-06,Very Strong,"(2,2)"
Dune,solver,2,10,2,1,MDP_MF-DF-PCI,0.4108589951377633,1.0729e-06,Very Strong,"(2,2)"
Dune,solver,2,10,2,1,MD_MF-DF,0.4108589951377633,1.0729e-06,Very Strong,"(2,2)"
Dune,solver,2,10,2,1,PCI,0.4352941176470588,1.0729e-06,Very Strong,"(2,2)"
Dune,solver,2,10,3,1,ALS,0.2734635540733682,1.0729e-06,Very Strong,"(3,2)"
Dune,solver,2,10,3,1,AP_ALS-PCI,0.2734635540733682,1.0729e-06,Very Strong,"(3,2)"
Dune,solver,2,10,3,1,Default,0.2717391304347825,1.0729e-06,Very Strong,"(3,2)"
Dune,solver,2,10,3,1,MDAP_MF-DF-ALS-PCI,0.2629662749105773,1.0729e-06,Very Strong,"(3,2)"
Dune,solver,2,10,3,1,MDA_MF-DF-ALS,0.2629662749105773,1.0729e-06,Very Strong,"(3,2)"
Dune,solver,2,10,3,1,MDP_MF-DF-PCI,0.2558882907133243,1.0729e-06,Very Strong,"(3,2)"
Dune,solver,2,10,3,1,MD_MF-DF,0.2558882907133243,1.0729e-06,Very Strong,"(3,2)"
Dune,solver,2,10,3,1,PCI,0.279764821166095,1.0729e-06,Very Strong,"(3,2)"
Dune,solver,2,10,1,2,ALS,0.6666666666666666,1.0729e-06,Very Strong,"(1,2)"
Dune,solver,2,10,1,2,AP_ALS-PCI,0.6666666666666666,1.0729e-06,Very Strong,"(1,2)"
Dune,solver,2,10,1,2,Default,0.6724137931034482,1.0729e-06,Very Strong,"(1,2)"
Dune,solver,2,10,1,2,MDAP_MF-DF-ALS-PCI,0.66,1.0729e-06,Very Strong,"(1,2)"
Dune,solver,2,10,1,2,MDA_MF-DF-ALS,0.66,1.0729e-06,Very Strong,"(1,2)"
Dune,solver,2,10,1,2,MDP_MF-DF-PCI,0.6538461538461539,1.0729e-06,Very Strong,"(1,2)"
Dune,solver,2,10,1,2,MD_MF-DF,0.6538461538461539,1.0729e-06,Very Strong,"(1,2)"
Dune,solver,2,10,1,2,PCI,0.6724137931034482,1.0729e-06,Very Strong,"(1,2)"
Dune,solver,2,10,2,2,ALS,0.4283305227655986,1.0729e-06,Very Strong,"(2,2)"
Dune,solver,2,10,2,2,AP_ALS-PCI,0.4283305227655986,1.0729e-06,Very Strong,"(2,2)"
Dune,solver,2,10,2,2,Default,0.4311338885329916,1.0729e-06,Very Strong,"(2,2)"
Dune,solver,2,10,2,2,MDAP_MF-DF-ALS-PCI,0.4181338028169014,1.0729e-06,Very Strong,"(2,2)"
Dune,solver,2,10,2,2,MDA_MF-DF-ALS,0.4181338028169014,1.0729e-06,Very Strong,"(2,2)"
Dune,solver,2,10,2,2,MDP_MF-DF-PCI,0.4108589951377633,1.0729e-06,Very Strong,"(2,2)"
Dune,solver,2,10,2,2,MD_MF-DF,0.4108589951377633,1.0729e-06,Very Strong,"(2,2)"
Dune,solver,2,10,2,2,PCI,0.4352941176470588,1.0729e-06,Very Strong,"(2,2)"
Dune,solver,2,10,3,2,ALS,0.2734635540733682,1.0729e-06,Very Strong,"(3,2)"
Dune,solver,2,10,3,2,AP_ALS-PCI,0.2734635540733682,1.0729e-06,Very Strong,"(3,2)"
Dune,solver,2,10,3,2,Default,0.2717391304347825,1.0729e-06,Very Strong,"(3,2)"
Dune,solver,2,10,3,2,MDAP_MF-DF-ALS-PCI,0.2629662749105773,1.0729e-06,Very Strong,"(3,2)"
Dune,solver,2,10,3,2,MDA_MF-DF-ALS,0.2629662749105773,1.0729e-06,Very Strong,"(3,2)"
Dune,solver,2,10,3,2,MDP_MF-DF-PCI,0.2558882907133243,1.0729e-06,Very Strong,"(3,2)"
Dune,solver,2,10,3,2,MD_MF-DF,0.2558882907133243,1.0729e-06,Very Strong,"(3,2)"
Dune,solver,2,10,3,2,PCI,0.279764821166095,1.0729e-06,Very Strong,"(3,2)"
Hipacc,random,1,10,1,1,ALS,0.7575757575757575,0.0,Very Strong,"(1,1)"
Hipacc,random,1,10,1,1,AP_ALS-PCI,0.7575757575757575,0.0,Very Strong,"(1,1)"
Hipacc,random,1,10,1,1,Default,0.7714285714285714,0.0,Very Strong,"(1,1)"
Hipacc,random,1,10,1,1,MDAP_MF-DF-ALS-PCI,0.7551020408163264,0.0,Very Strong,"(1,1)"
Hipacc,random,1,10,1,1,MDA_MF-DF-ALS,0.7551020408163264,0.0,Very Strong,"(1,1)"
Hipacc,random,1,10,1,1,MDP_MF-DF-PCI,0.76,0.0,Very Strong,"(1,1)"
Hipacc,random,1,10,1,1,MD_MF-DF,0.76,0.0,Very Strong,"(1,1)"
Hipacc,random,1,10,1,1,PCI,0.7714285714285714,0.0,Very Strong,"(1,1)"
Hipacc,random,1,10,2,1,ALS,0.5588235294117647,0.0,Very Strong,"(2,1)"
Hipacc,random,1,10,2,1,AP_ALS-PCI,0.5586769370185772,0.0,Very Strong,"(2,1)"
Hipacc,random,1,10,2,1,Default,0.5799323113677085,0.0,Very Strong,"(2,1)"
Hipacc,random,1,10,2,1,MDAP_MF-DF-ALS-PCI,0.5544233441408059,0.0,Very Strong,"(2,1)"
Hipacc,random,1,10,2,1,MDA_MF-DF-ALS,0.5543729754743174,0.0,Very Strong,"(2,1)"
Hipacc,random,1,10,2,1,MDP_MF-DF-PCI,0.5591040141938346,0.0,Very Strong,"(2,1)"
Hipacc,random,1,10,2,1,MD_MF-DF,0.5590516286284068,0.0,Very Strong,"(2,1)"
Hipacc,random,1,10,2,1,PCI,0.5801972227812437,0.0,Very Strong,"(2,1)"
Hipacc,random,1,10,3,1,ALS,0.4160505407194879,0.0,Very Strong,"(3,1)"
Hipacc,random,1,10,3,1,AP_ALS-PCI,0.4159635520150819,0.0,Very Strong,"(3,1)"
Hipacc,random,1,10,3,1,Default,0.4404541582209688,0.0,Very Strong,"(3,1)"
Hipacc,random,1,10,3,1,MDAP_MF-DF-ALS-PCI,0.4106439401218317,0.0,Very Strong,"(3,1)"
Hipacc,random,1,10,3,1,MDA_MF-DF-ALS,0.4103254103541399,0.0,Very Strong,"(3,1)"
Hipacc,random,1,10,3,1,MDP_MF-DF-PCI,0.4141037063435495,0.0,Very Strong,"(3,1)"
Hipacc,random,1,10,3,1,MD_MF-DF,0.4137970849727771,0.0,Very Strong,"(3,1)"
Hipacc,random,1,10,3,1,PCI,0.4426334243491356,0.0,Very Strong,"(3,1)"
Hipacc,random,1,10,1,2,ALS,0.7676767676767676,0.0,Very Strong,"(1,1)"
Hipacc,random,1,10,1,2,AP_ALS-PCI,0.7676767676767676,0.0,Very Strong,"(1,1)"
Hipacc,random,1,10,1,2,Default,0.780952380952381,0.0,Very Strong,"(1,1)"
Hipacc,random,1,10,1,2,MDAP_MF-DF-ALS-PCI,0.7653061224489796,0.0,Very Strong,"(1,1)"
Hipacc,random,1,10,1,2,MDA_MF-DF-ALS,0.7653061224489796,0.0,Very Strong,"(1,1)"
Hipacc,random,1,10,1,2,MDP_MF-DF-PCI,0.77,0.0,Very Strong,"(1,1)"
Hipacc,random,1,10,1,2,MD_MF-DF,0.77,0.0,Very Strong,"(1,1)"
Hipacc,random,1,10,1,2,PCI,0.780952380952381,0.0,Very Strong,"(1,1)"
Hipacc,random,1,10,2,2,ALS,0.5701357466063348,0.0,Very Strong,"(2,1)"
Hipacc,random,1,10,2,2,AP_ALS-PCI,0.5700045310376076,0.0,Very Strong,"(2,1)"
Hipacc,random,1,10,2,2,Default,0.5908819430619152,0.0,Very Strong,"(2,1)"
Hipacc,random,1,10,2,2,MDAP_MF-DF-ALS-PCI,0.5657711903659101,0.0,Very Strong,"(2,1)"
Hipacc,random,1,10,2,2,MDA_MF-DF-ALS,0.5657103192966219,0.0,Very Strong,"(2,1)"
Hipacc,random,1,10,2,2,MDP_MF-DF-PCI,0.5701929474384563,0.0,Very Strong,"(2,1)"
Hipacc,random,1,10,2,2,MD_MF-DF,0.5701307334367381,0.0,Very Strong,"(2,1)"
Hipacc,random,1,10,2,2,PCI,0.591064600523244,0.0,Very Strong,"(2,1)"
Hipacc,random,1,10,3,2,ALS,0.4182652018160218,0.0,Very Strong,"(3,1)"
Hipacc,random,1,10,3,2,AP_ALS-PCI,0.4182260721491106,0.0,Very Strong,"(3,1)"
Hipacc,random,1,10,3,2,Default,0.4440588490467542,0.0,Very Strong,"(3,1)"
Hipacc,random,1,10,3,2,MDAP_MF-DF-ALS-PCI,0.4124784696361729,0.0,Very Strong,"(3,1)"
Hipacc,random,1,10,3,2,MDA_MF-DF-ALS,0.4121534138317972,0.0,Very Strong,"(3,1)"
Hipacc,random,1,10,3,2,MDP_MF-DF-PCI,0.4161216933577195,0.0,Very Strong,"(3,1)"
Hipacc,random,1,10,3,2,MD_MF-DF,0.4158083853638578,0.0,Very Strong,"(3,1)"
Hipacc,random,1,10,3,2,PCI,0.4459352441290244,0.0,Very Strong,"(3,1)"
Hipacc,distance,1,10,1,1,ALS,0.5656565656565656,0.0,Very Strong,"(1,1)"
Hipacc,distance,1,10,1,1,AP_ALS-PCI,0.5656565656565656,0.0,Very Strong,"(1,1)"
Hipacc,distance,1,10,1,1,Default,0.5619047619047619,0.0,Very Strong,"(1,1)"
Hipacc,distance,1,10,1,1,MDAP_MF-DF-ALS-PCI,0.5612244897959183,0.0,Very Strong,"(1,1)"
Hipacc,distance,1,10,1,1,MDA_MF-DF-ALS,0.5612244897959183,0.0,Very Strong,"(1,1)"
Hipacc,distance,1,10,1,1,MDP_MF-DF-PCI,0.56,0.0,Very Strong,"(1,1)"
Hipacc,distance,1,10,1,1,MD_MF-DF,0.56,0.0,Very Strong,"(1,1)"
Hipacc,distance,1,10,1,1,PCI,0.5619047619047619,0.0,Very Strong,"(1,1)"
Hipacc,distance,1,10,2,1,ALS,0.3432126696832579,0.0,Very Strong,"(2,1)"
Hipacc,distance,1,10,2,1,AP_ALS-PCI,0.3432260987766198,0.0,Very Strong,"(2,1)"
Hipacc,distance,1,10,2,1,Default,0.3336651403543698,0.0,Very Strong,"(2,1)"
Hipacc,distance,1,10,2,1,MDAP_MF-DF-ALS-PCI,0.3385826771653543,0.0,Very Strong,"(2,1)"
Hipacc,distance,1,10,2,1,MDA_MF-DF-ALS,0.3382693197593706,0.0,Very Strong,"(2,1)"
Hipacc,distance,1,10,2,1,MDP_MF-DF-PCI,0.336216455976935,0.0,Very Strong,"(2,1)"
Hipacc,distance,1,10,2,1,MD_MF-DF,0.3359184577886106,0.0,Very Strong,"(2,1)"
Hipacc,distance,1,10,2,1,PCI,0.3362849667941235,0.0,Very Strong,"(2,1)"
Hipacc,distance,1,10,3,1,ALS,0.2118421416521474,0.0,Very Strong,"(3,1)"
Hipacc,distance,1,10,3,1,AP_ALS-PCI,0.2119378925719367,0.0,Very Strong,"(3,1)"
Hipacc,distance,1,10,3,1,Default,0.1992464881491129,0.0,Very Strong,"(3,1)"
Hipacc,distance,1,10,3,1,MDAP_MF-DF-ALS-PCI,0.207280538671239,0.0,Very Strong,"(3,1)"
Hipacc,distance,1,10,3,1,MDA_MF-DF-ALS,0.2065959387451394,0.0,Very Strong,"(3,1)"
Hipacc,distance,1,10,3,1,MDP_MF-DF-PCI,0.2047189947576648,0.0,Very Strong,"(3,1)"
Hipacc,distance,1,10,3,1,MD_MF-DF,0.2040829045066861,0.0,Very Strong,"(3,1)"
Hipacc,distance,1,10,3,1,PCI,0.2043944151449562,0.0,Very Strong,"(3,1)"
Hipacc,distance,1,10,1,2,ALS,0.5959595959595959,0.0,Very Strong,"(1,1)"
Hipacc,distance,1,10,1,2,AP_ALS-PCI,0.5959595959595959,0.0,Very Strong,"(1,1)"
Hipacc,distance,1,10,1,2,Default,0.580952380952381,0.0,Very Strong,"(1,1)"
Hipacc,distance,1,10,1,2,MDAP_MF-DF-ALS-PCI,0.5918367346938775,0.0,Very Strong,"(1,1)"
Hipacc,distance,1,10,1,2,MDA_MF-DF-ALS,0.5918367346938775,0.0,Very Strong,"(1,1)"
Hipacc,distance,1,10,1,2,MDP_MF-DF-PCI,0.5899999999999999,0.0,Very Strong,"(1,1)"
Hipacc,distance,1,10,1,2,MD_MF-DF,0.5899999999999999,0.0,Very Strong,"(1,1)"
Hipacc,distance,1,10,1,2,PCI,0.580952380952381,0.0,Very Strong,"(1,1)"
Hipacc,distance,1,10,2,2,ALS,0.3748868778280543,0.0,Very Strong,"(2,1)"
Hipacc,distance,1,10,2,2,AP_ALS-PCI,0.3749433620299048,0.0,Very Strong,"(2,1)"
Hipacc,distance,1,10,2,2,Default,0.352777224766076,0.0,Very Strong,"(2,1)"
Hipacc,distance,1,10,2,2,MDAP_MF-DF-ALS-PCI,0.3703103288559518,0.0,Very Strong,"(2,1)"
Hipacc,distance,1,10,2,2,MDA_MF-DF-ALS,0.3699676075890791,0.0,Very Strong,"(2,1)"
Hipacc,distance,1,10,2,2,MDP_MF-DF-PCI,0.3672654690618762,0.0,Very Strong,"(2,1)"
Hipacc,distance,1,10,2,2,MD_MF-DF,0.3669399512519388,0.0,Very Strong,"(2,1)"
Hipacc,distance,1,10,2,2,PCI,0.3558059971825317,0.0,Very Strong,"(2,1)"
Hipacc,distance,1,10,3,2,ALS,0.2385540389637955,0.0,Very Strong,"(3,1)"
Hipacc,distance,1,10,3,2,AP_ALS-PCI,0.2387175159058448,0.0,Very Strong,"(3,1)"
Hipacc,distance,1,10,3,2,Default,0.2136297016431354,0.0,Very Strong,"(3,1)"
Hipacc,distance,1,10,3,2,MDAP_MF-DF-ALS-PCI,0.2338679345362664,0.0,Very Strong,"(3,1)"
Hipacc,distance,1,10,3,2,MDA_MF-DF-ALS,0.2330946316143605,0.0,Very Strong,"(3,1)"
Hipacc,distance,1,10,3,2,MDP_MF-DF-PCI,0.2305615405934574,0.0,Very Strong,"(3,1)"
Hipacc,distance,1,10,3,2,MD_MF-DF,0.2298443878005739,0.0,Very Strong,"(3,1)"
Hipacc,distance,1,10,3,2,PCI,0.2195633600829951,0.0,Very Strong,"(3,1)"
Hipacc,solver,1,10,1,1,ALS,0.5959595959595959,0.0,Very Strong,"(1,1)"
Hipacc,solver,1,10,1,1,AP_ALS-PCI,0.5959595959595959,0.0,Very Strong,"(1,1)"
Hipacc,solver,1,10,1,1,Default,0.5999999999999999,0.0,Very Strong,"(1,1)"
Hipacc,solver,1,10,1,1,MDAP_MF-DF-ALS-PCI,0.5918367346938775,0.0,Very Strong,"(1,1)"
Hipacc,solver,1,10,1,1,MDA_MF-DF-ALS,0.5918367346938775,0.0,Very Strong,"(1,1)"
Hipacc,solver,1,10,1,1,MDP_MF-DF-PCI,0.5899999999999999,0.0,Very Strong,"(1,1)"
Hipacc,solver,1,10,1,1,MD_MF-DF,0.5899999999999999,0.0,Very Strong,"(1,1)"
Hipacc,solver,1,10,1,1,PCI,0.5999999999999999,0.0,Very Strong,"(1,1)"
Hipacc,solver,1,10,2,1,ALS,0.3744343891402715,0.0,Very Strong,"(2,1)"
Hipacc,solver,1,10,2,1,AP_ALS-PCI,0.3747168101495242,0.0,Very Strong,"(2,1)"
Hipacc,solver,1,10,2,1,Default,0.3760700776428429,0.0,Very Strong,"(2,1)"
Hipacc,solver,1,10,2,1,MDAP_MF-DF-ALS-PCI,0.3698471514590088,0.0,Very Strong,"(2,1)"
Hipacc,solver,1,10,2,1,MDA_MF-DF-ALS,0.3695048588616381,0.0,Very Strong,"(2,1)"
Hipacc,solver,1,10,2,1,MDP_MF-DF-PCI,0.3670436903969838,0.0,Very Strong,"(2,1)"
Hipacc,solver,1,10,2,1,MD_MF-DF,0.3667183691557722,0.0,Very Strong,"(2,1)"
Hipacc,solver,1,10,2,1,PCI,0.3789494868182732,0.0,Very Strong,"(2,1)"
Hipacc,solver,1,10,3,1,ALS,0.2472115021506664,0.0,Very Strong,"(3,1)"
Hipacc,solver,1,10,3,1,AP_ALS-PCI,0.2479081047058387,0.0,Very Strong,"(3,1)"
Hipacc,solver,1,10,3,1,Default,0.245678022810333,0.0,Very Strong,"(3,1)"
Hipacc,solver,1,10,3,1,MDAP_MF-DF-ALS-PCI,0.2429430729993744,0.0,Very Strong,"(3,1)"
Hipacc,solver,1,10,3,1,MDA_MF-DF-ALS,0.2421414114284069,0.0,Very Strong,"(3,1)"
Hipacc,solver,1,10,3,1,MDP_MF-DF-PCI,0.2394995850696458,0.0,Very Strong,"(3,1)"
Hipacc,solver,1,10,3,1,MD_MF-DF,0.238756048961002,0.0,Very Strong,"(3,1)"
Hipacc,solver,1,10,3,1,PCI,0.2517782888824577,0.0,Very Strong,"(3,1)"
Hipacc,solver,1,10,1,2,ALS,0.5959595959595959,0.0,Very Strong,"(1,1)"
Hipacc,solver,1,10,1,2,AP_ALS-PCI,0.5959595959595959,0.0,Very Strong,"(1,1)"
Hipacc,solver,1,10,1,2,Default,0.5999999999999999,0.0,Very Strong,"(1,1)"
Hipacc,solver,1,10,1,2,MDAP_MF-DF-ALS-PCI,0.5918367346938775,0.0,Very Strong,"(1,1)"
Hipacc,solver,1,10,1,2,MDA_MF-DF-ALS,0.5918367346938775,0.0,Very Strong,"(1,1)"
Hipacc,solver,1,10,1,2,MDP_MF-DF-PCI,0.5899999999999999,0.0,Very Strong,"(1,1)"
Hipacc,solver,1,10,1,2,MD_MF-DF,0.5899999999999999,0.0,Very Strong,"(1,1)"
Hipacc,solver,1,10,1,2,PCI,0.5999999999999999,0.0,Very Strong,"(1,1)"
Hipacc,solver,1,10,2,2,ALS,0.3744343891402715,0.0,Very Strong,"(2,1)"
Hipacc,solver,1,10,2,2,AP_ALS-PCI,0.3747168101495242,0.0,Very Strong,"(2,1)"
Hipacc,solver,1,10,2,2,Default,0.3760700776428429,0.0,Very Strong,"(2,1)"
Hipacc,solver,1,10,2,2,MDAP_MF-DF-ALS-PCI,0.3698471514590088,0.0,Very Strong,"(2,1)"
Hipacc,solver,1,10,2,2,MDA_MF-DF-ALS,0.3695048588616381,0.0,Very Strong,"(2,1)"
Hipacc,solver,1,10,2,2,MDP_MF-DF-PCI,0.3670436903969838,0.0,Very Strong,"(2,1)"
Hipacc,solver,1,10,2,2,MD_MF-DF,0.3667183691557722,0.0,Very Strong,"(2,1)"
Hipacc,solver,1,10,2,2,PCI,0.3789494868182732,0.0,Very Strong,"(2,1)"
Hipacc,solver,1,10,3,2,ALS,0.2469051333278597,0.0,Very Strong,"(3,1)"
Hipacc,solver,1,10,3,2,AP_ALS-PCI,0.2475935534735336,0.0,Very Strong,"(3,1)"
Hipacc,solver,1,10,3,2,Default,0.2454446609309894,0.0,Very Strong,"(3,1)"
Hipacc,solver,1,10,3,2,MDAP_MF-DF-ALS-PCI,0.2426656249106725,0.0,Very Strong,"(3,1)"
Hipacc,solver,1,10,3,2,MDA_MF-DF-ALS,0.2418728334678759,0.0,Very Strong,"(3,1)"
Hipacc,solver,1,10,3,2,MDP_MF-DF-PCI,0.2392740003359472,0.0,Very Strong,"(3,1)"
Hipacc,solver,1,10,3,2,MD_MF-DF,0.2385380127267278,0.0,Very Strong,"(3,1)"
Hipacc,solver,1,10,3,2,PCI,0.2514884550290135,0.0,Very Strong,"(3,1)"
Hipacc,random,2,10,1,1,ALS,0.7777777777777777,0.0,Very Strong,"(1,2)"
Hipacc,random,2,10,1,1,AP_ALS-PCI,0.7777777777777777,0.0,Very Strong,"(1,2)"
Hipacc,random,2,10,1,1,Default,0.7904761904761904,0.0,Very Strong,"(1,2)"
Hipacc,random,2,10,1,1,MDAP_MF-DF-ALS-PCI,0.7755102040816326,0.0,Very Strong,"(1,2)"
Hipacc,random,2,10,1,1,MDA_MF-DF-ALS,0.7755102040816326,0.0,Very Strong,"(1,2)"
Hipacc,random,2,10,1,1,MDP_MF-DF-PCI,0.78,0.0,Very Strong,"(1,2)"
Hipacc,random,2,10,1,1,MD_MF-DF,0.78,0.0,Very Strong,"(1,2)"
Hipacc,random,2,10,1,1,PCI,0.7904761904761904,0.0,Very Strong,"(1,2)"
Hipacc,random,2,10,2,1,ALS,0.577601809954751,0.0,Very Strong,"(2,2)"
Hipacc,random,2,10,2,1,AP_ALS-PCI,0.577254191209787,0.0,Very Strong,"(2,2)"
Hipacc,random,2,10,2,1,Default,0.5968544694405734,0.0,Very Strong,"(2,2)"
Hipacc,random,2,10,2,1,MDAP_MF-DF-ALS-PCI,0.5729504400185271,0.0,Very Strong,"(2,2)"
Hipacc,random,2,10,2,1,MDA_MF-DF-ALS,0.5731142989356778,0.0,Very Strong,"(2,2)"
Hipacc,random,2,10,2,1,MDP_MF-DF-PCI,0.5755156353958749,0.0,Very Strong,"(2,2)"
Hipacc,random,2,10,2,1,MD_MF-DF,0.575670285840904,0.0,Very Strong,"(2,2)"
Hipacc,random,2,10,2,1,PCI,0.5969007848661702,0.0,Very Strong,"(2,2)"
Hipacc,random,2,10,3,1,ALS,0.4254441419408426,0.0,Very Strong,"(3,2)"
Hipacc,random,2,10,3,1,AP_ALS-PCI,0.424893340753107,0.0,Very Strong,"(3,2)"
Hipacc,random,2,10,3,1,Default,0.4483078622721414,0.0,Very Strong,"(3,2)"
Hipacc,random,2,10,3,1,MDAP_MF-DF-ALS-PCI,0.4191958645565103,0.0,Very Strong,"(3,2)"
Hipacc,random,2,10,3,1,MDA_MF-DF-ALS,0.4193092576394028,0.0,Very Strong,"(3,2)"
Hipacc,random,2,10,3,1,MDP_MF-DF-PCI,0.4195760431288053,0.0,Very Strong,"(3,2)"
Hipacc,random,2,10,3,1,MD_MF-DF,0.4196880570409982,0.0,Very Strong,"(3,2)"
Hipacc,random,2,10,3,1,PCI,0.4499809291326569,0.0,Very Strong,"(3,2)"
Hipacc,random,2,10,1,2,ALS,0.7676767676767676,0.0,Very Strong,"(1,2)"
Hipacc,random,2,10,1,2,AP_ALS-PCI,0.7676767676767676,0.0,Very Strong,"(1,2)"
Hipacc,random,2,10,1,2,Default,0.780952380952381,0.0,Very Strong,"(1,2)"
Hipacc,random,2,10,1,2,MDAP_MF-DF-ALS-PCI,0.7653061224489796,0.0,Very Strong,"(1,2)"
Hipacc,random,2,10,1,2,MDA_MF-DF-ALS,0.7653061224489796,0.0,Very Strong,"(1,2)"
Hipacc,random,2,10,1,2,MDP_MF-DF-PCI,0.77,0.0,Very Strong,"(1,2)"
Hipacc,random,2,10,1,2,MD_MF-DF,0.77,0.0,Very Strong,"(1,2)"
Hipacc,random,2,10,1,2,PCI,0.780952380952381,0.0,Very Strong,"(1,2)"
Hipacc,random,2,10,2,2,ALS,0.5687782805429864,0.0,Very Strong,"(2,2)"
Hipacc,random,2,10,2,2,AP_ALS-PCI,0.5684186678749433,0.0,Very Strong,"(2,2)"
Hipacc,random,2,10,2,2,Default,0.5890901851483177,0.0,Very Strong,"(2,2)"
Hipacc,random,2,10,2,2,MDAP_MF-DF-ALS-PCI,0.5641500694766095,0.0,Very Strong,"(2,2)"
Hipacc,random,2,10,2,2,MDA_MF-DF-ALS,0.5643220731142989,0.0,Very Strong,"(2,2)"
Hipacc,random,2,10,2,2,MDP_MF-DF-PCI,0.567975160789532,0.0,Very Strong,"(2,2)"
Hipacc,random,2,10,2,2,MD_MF-DF,0.5681364945712386,0.0,Very Strong,"(2,2)"
Hipacc,random,2,10,2,2,PCI,0.5892533708995774,0.0,Very Strong,"(2,2)"
Hipacc,random,2,10,3,2,ALS,0.4207114377008572,0.0,Very Strong,"(3,2)"
Hipacc,random,2,10,3,2,AP_ALS-PCI,0.4202587403527604,0.0,Very Strong,"(3,2)"
Hipacc,random,2,10,3,2,Default,0.4447605813979135,0.0,Very Strong,"(3,2)"
Hipacc,random,2,10,3,2,MDAP_MF-DF-ALS-PCI,0.4146597261644745,0.0,Very Strong,"(3,2)"
Hipacc,random,2,10,3,2,MDA_MF-DF-ALS,0.4147590505873891,0.0,Very Strong,"(3,2)"
Hipacc,random,2,10,3,2,MDP_MF-DF-PCI,0.4169662690801388,0.0,Very Strong,"(3,2)"
Hipacc,random,2,10,3,2,MD_MF-DF,0.4170594617669554,0.0,Very Strong,"(3,2)"
Hipacc,random,2,10,3,2,PCI,0.446722809368623,0.0,Very Strong,"(3,2)"
Hipacc,distance,2,10,1,1,ALS,0.5656565656565656,0.0,Very Strong,"(1,2)"
Hipacc,distance,2,10,1,1,AP_ALS-PCI,0.5656565656565656,0.0,Very Strong,"(1,2)"
Hipacc,distance,2,10,1,1,Default,0.5619047619047619,0.0,Very Strong,"(1,2)"
Hipacc,distance,2,10,1,1,MDAP_MF-DF-ALS-PCI,0.5612244897959183,0.0,Very Strong,"(1,2)"
Hipacc,distance,2,10,1,1,MDA_MF-DF-ALS,0.5612244897959183,0.0,Very Strong,"(1,2)"
Hipacc,distance,2,10,1,1,MDP_MF-DF-PCI,0.56,0.0,Very Strong,"(1,2)"
Hipacc,distance,2,10,1,1,MD_MF-DF,0.56,0.0,Very Strong,"(1,2)"
Hipacc,distance,2,10,1,1,PCI,0.5619047619047619,0.0,Very Strong,"(1,2)"
Hipacc,distance,2,10,2,1,ALS,0.3432126696832579,0.0,Very Strong,"(2,2)"
Hipacc,distance,2,10,2,1,AP_ALS-PCI,0.3432260987766198,0.0,Very Strong,"(2,2)"
Hipacc,distance,2,10,2,1,Default,0.3336651403543698,0.0,Very Strong,"(2,2)"
Hipacc,distance,2,10,2,1,MDAP_MF-DF-ALS-PCI,0.3385826771653543,0.0,Very Strong,"(2,2)"
Hipacc,distance,2,10,2,1,MDA_MF-DF-ALS,0.3382693197593706,0.0,Very Strong,"(2,2)"
Hipacc,distance,2,10,2,1,MDP_MF-DF-PCI,0.336216455976935,0.0,Very Strong,"(2,2)"
Hipacc,distance,2,10,2,1,MD_MF-DF,0.3359184577886106,0.0,Very Strong,"(2,2)"
Hipacc,distance,2,10,2,1,PCI,0.3362849667941235,0.0,Very Strong,"(2,2)"
Hipacc,distance,2,10,3,1,ALS,0.2115505684553568,0.0,Very Strong,"(3,2)"
Hipacc,distance,2,10,3,1,AP_ALS-PCI,0.2116452822464341,0.0,Very Strong,"(3,2)"
Hipacc,distance,2,10,3,1,Default,0.1989707011636836,0.0,Very Strong,"(3,2)"
Hipacc,distance,2,10,3,1,MDAP_MF-DF-ALS-PCI,0.2069552764499835,0.0,Very Strong,"(3,2)"
Hipacc,distance,2,10,3,1,MDA_MF-DF-ALS,0.2062686855048702,0.0,Very Strong,"(3,2)"
Hipacc,distance,2,10,3,1,MDP_MF-DF-PCI,0.204406858700721,0.0,Very Strong,"(3,2)"
Hipacc,distance,2,10,3,1,MD_MF-DF,0.2037690980448251,0.0,Very Strong,"(3,2)"
Hipacc,distance,2,10,3,1,PCI,0.2041270545404483,0.0,Very Strong,"(3,2)"
Hipacc,distance,2,10,1,2,ALS,0.5959595959595959,0.0,Very Strong,"(1,2)"
Hipacc,distance,2,10,1,2,AP_ALS-PCI,0.5959595959595959,0.0,Very Strong,"(1,2)"
Hipacc,distance,2,10,1,2,Default,0.580952380952381,0.0,Very Strong,"(1,2)"
Hipacc,distance,2,10,1,2,MDAP_MF-DF-ALS-PCI,0.5918367346938775,0.0,Very Strong,"(1,2)"
Hipacc,distance,2,10,1,2,MDA_MF-DF-ALS,0.5918367346938775,0.0,Very Strong,"(1,2)"
Hipacc,distance,2,10,1,2,MDP_MF-DF-PCI,0.5899999999999999,0.0,Very Strong,"(1,2)"
Hipacc,distance,2,10,1,2,MD_MF-DF,0.5899999999999999,0.0,Very Strong,"(1,2)"
Hipacc,distance,2,10,1,2,PCI,0.580952380952381,0.0,Very Strong,"(1,2)"
Hipacc,distance,2,10,2,2,ALS,0.3748868778280543,0.0,Very Strong,"(2,2)"
Hipacc,distance,2,10,2,2,AP_ALS-PCI,0.3749433620299048,0.0,Very Strong,"(2,2)"
Hipacc,distance,2,10,2,2,Default,0.352777224766076,0.0,Very Strong,"(2,2)"
Hipacc,distance,2,10,2,2,MDAP_MF-DF-ALS-PCI,0.3703103288559518,0.0,Very Strong,"(2,2)"
Hipacc,distance,2,10,2,2,MDA_MF-DF-ALS,0.3699676075890791,0.0,Very Strong,"(2,2)"
Hipacc,distance,2,10,2,2,MDP_MF-DF-PCI,0.3672654690618762,0.0,Very Strong,"(2,2)"
Hipacc,distance,2,10,2,2,MD_MF-DF,0.3669399512519388,0.0,Very Strong,"(2,2)"
Hipacc,distance,2,10,2,2,PCI,0.3558059971825317,0.0,Very Strong,"(2,2)"
Hipacc,distance,2,10,3,2,ALS,0.238657940824039,0.0,Very Strong,"(3,2)"
Hipacc,distance,2,10,3,2,AP_ALS-PCI,0.2388217312769209,0.0,Very Strong,"(3,2)"
Hipacc,distance,2,10,3,2,Default,0.2137370318593186,0.0,Very Strong,"(3,2)"
Hipacc,distance,2,10,3,2,MDAP_MF-DF-ALS-PCI,0.2339825088611496,0.0,Very Strong,"(3,2)"
Hipacc,distance,2,10,3,2,MDA_MF-DF-ALS,0.2332098149143691,0.0,Very Strong,"(3,2)"
Hipacc,distance,2,10,3,2,MDP_MF-DF-PCI,0.2306716911042451,0.0,Very Strong,"(3,2)"
Hipacc,distance,2,10,3,2,MD_MF-DF,0.2299550451773712,0.0,Very Strong,"(3,2)"
Hipacc,distance,2,10,3,2,PCI,0.2196685082872928,0.0,Very Strong,"(3,2)"
Hipacc,solver,2,10,1,1,ALS,0.5959595959595959,0.0,Very Strong,"(1,2)"
Hipacc,solver,2,10,1,1,AP_ALS-PCI,0.5959595959595959,0.0,Very Strong,"(1,2)"
Hipacc,solver,2,10,1,1,Default,0.5999999999999999,0.0,Very Strong,"(1,2)"
Hipacc,solver,2,10,1,1,MDAP_MF-DF-ALS-PCI,0.5918367346938775,0.0,Very Strong,"(1,2)"
Hipacc,solver,2,10,1,1,MDA_MF-DF-ALS,0.5918367346938775,0.0,Very Strong,"(1,2)"
Hipacc,solver,2,10,1,1,MDP_MF-DF-PCI,0.5899999999999999,0.0,Very Strong,"(1,2)"
Hipacc,solver,2,10,1,1,MD_MF-DF,0.5899999999999999,0.0,Very Strong,"(1,2)"
Hipacc,solver,2,10,1,1,PCI,0.5999999999999999,0.0,Very Strong,"(1,2)"
Hipacc,solver,2,10,2,1,ALS,0.3744343891402715,0.0,Very Strong,"(2,2)"
Hipacc,solver,2,10,2,1,AP_ALS-PCI,0.3747168101495242,0.0,Very Strong,"(2,2)"
Hipacc,solver,2,10,2,1,Default,0.3760700776428429,0.0,Very Strong,"(2,2)"
Hipacc,solver,2,10,2,1,MDAP_MF-DF-ALS-PCI,0.3698471514590088,0.0,Very Strong,"(2,2)"
Hipacc,solver,2,10,2,1,MDA_MF-DF-ALS,0.3695048588616381,0.0,Very Strong,"(2,2)"
Hipacc,solver,2,10,2,1,MDP_MF-DF-PCI,0.3670436903969838,0.0,Very Strong,"(2,2)"
Hipacc,solver,2,10,2,1,MD_MF-DF,0.3667183691557722,0.0,Very Strong,"(2,2)"
Hipacc,solver,2,10,2,1,PCI,0.3789494868182732,0.0,Very Strong,"(2,2)"
Hipacc,solver,2,10,3,1,ALS,0.247406041042195,0.0,Very Strong,"(3,2)"
Hipacc,solver,2,10,3,1,AP_ALS-PCI,0.2481045509315043,0.0,Very Strong,"(3,2)"
Hipacc,solver,2,10,3,1,Default,0.2458316463616621,0.0,Very Strong,"(3,2)"
Hipacc,solver,2,10,3,1,MDAP_MF-DF-ALS-PCI,0.2431403540897657,0.0,Very Strong,"(3,2)"
Hipacc,solver,2,10,3,1,MDA_MF-DF-ALS,0.2423369163232567,0.0,Very Strong,"(3,2)"
Hipacc,solver,2,10,3,1,MDP_MF-DF-PCI,0.2396779871516516,0.0,Very Strong,"(3,2)"
Hipacc,solver,2,10,3,1,MD_MF-DF,0.2389329295448472,0.0,Very Strong,"(3,2)"
Hipacc,solver,2,10,3,1,PCI,0.2519441903019213,0.0,Very Strong,"(3,2)"
Hipacc,solver,2,10,1,2,ALS,0.5959595959595959,0.0,Very Strong,"(1,2)"
Hipacc,solver,2,10,1,2,AP_ALS-PCI,0.5959595959595959,0.0,Very Strong,"(1,2)"
Hipacc,solver,2,10,1,2,Default,0.5999999999999999,0.0,Very Strong,"(1,2)"
Hipacc,solver,2,10,1,2,MDAP_MF-DF-ALS-PCI,0.5918367346938775,0.0,Very Strong,"(1,2)"
Hipacc,solver,2,10,1,2,MDA_MF-DF-ALS,0.5918367346938775,0.0,Very Strong,"(1,2)"
Hipacc,solver,2,10,1,2,MDP_MF-DF-PCI,0.5899999999999999,0.0,Very Strong,"(1,2)"
Hipacc,solver,2,10,1,2,MD_MF-DF,0.5899999999999999,0.0,Very Strong,"(1,2)"
Hipacc,solver,2,10,1,2,PCI,0.5999999999999999,0.0,Very Strong,"(1,2)"
Hipacc,solver,2,10,2,2,ALS,0.3744343891402715,0.0,Very Strong,"(2,2)"
Hipacc,solver,2,10,2,2,AP_ALS-PCI,0.3747168101495242,0.0,Very Strong,"(2,2)"
Hipacc,solver,2,10,2,2,Default,0.3760700776428429,0.0,Very Strong,"(2,2)"
Hipacc,solver,2,10,2,2,MDAP_MF-DF-ALS-PCI,0.3698471514590088,0.0,Very Strong,"(2,2)"
Hipacc,solver,2,10,2,2,MDA_MF-DF-ALS,0.3695048588616381,0.0,Very Strong,"(2,2)"
Hipacc,solver,2,10,2,2,MDP_MF-DF-PCI,0.3670436903969838,0.0,Very Strong,"(2,2)"
Hipacc,solver,2,10,2,2,MD_MF-DF,0.3667183691557722,0.0,Very Strong,"(2,2)"
Hipacc,solver,2,10,2,2,PCI,0.3789494868182732,0.0,Very Strong,"(2,2)"
Hipacc,solver,2,10,3,2,ALS,0.2474250569392064,0.0,Very Strong,"(3,2)"
Hipacc,solver,2,10,3,2,AP_ALS-PCI,0.2481235057545823,0.0,Very Strong,"(3,2)"
Hipacc,solver,2,10,3,2,Default,0.2458471027239473,0.0,Very Strong,"(3,2)"
Hipacc,solver,2,10,3,2,MDAP_MF-DF-ALS-PCI,0.2431612113737317,0.0,Very Strong,"(3,2)"
Hipacc,solver,2,10,3,2,MDA_MF-DF-ALS,0.2423578898844679,0.0,Very Strong,"(3,2)"
Hipacc,solver,2,10,3,2,MDP_MF-DF-PCI,0.2396980660145607,0.0,Very Strong,"(3,2)"
Hipacc,solver,2,10,3,2,MD_MF-DF,0.2389531052415979,0.0,Very Strong,"(3,2)"
Hipacc,solver,2,10,3,2,PCI,0.2519590803756555,0.0,Very Strong,"(3,2)"
JavaGC,random,1,10,1,1,ALS,0.9846153846153846,7.041e-07,Very Strong,"(1,1)"
JavaGC,random,1,10,1,1,AP_ALS-PCI,0.9846153846153846,7.041e-07,Very Strong,"(1,1)"
JavaGC,random,1,10,1,1,Default,0.9859154929577464,7.041e-07,Very Strong,"(1,1)"
JavaGC,random,1,10,1,1,MDAP_MF-DF-ALS-PCI,0.984375,7.041e-07,Very Strong,"(1,1)"
JavaGC,random,1,10,1,1,MDA_MF-DF-ALS,0.984375,7.041e-07,Very Strong,"(1,1)"
JavaGC,random,1,10,1,1,MDP_MF-DF-PCI,0.984375,7.041e-07,Very Strong,"(1,1)"
JavaGC,random,1,10,1,1,MD_MF-DF,0.984375,7.041e-07,Very Strong,"(1,1)"
JavaGC,random,1,10,1,1,PCI,0.9859154929577464,7.041e-07,Very Strong,"(1,1)"
JavaGC,random,1,10,2,1,ALS,0.8174523570712136,7.041e-07,Very Strong,"(2,1)"
JavaGC,random,1,10,2,1,AP_ALS-PCI,0.8169934640522875,7.041e-07,Very Strong,"(2,1)"
JavaGC,random,1,10,2,1,Default,0.8457690704460191,7.041e-07,Very Strong,"(2,1)"
JavaGC,random,1,10,2,1,MDAP_MF-DF-ALS-PCI,0.8119170984455959,7.041e-07,Very Strong,"(2,1)"
JavaGC,random,1,10,2,1,MDA_MF-DF-ALS,0.8119170984455959,7.041e-07,Very Strong,"(2,1)"
JavaGC,random,1,10,2,1,MDP_MF-DF-PCI,0.8119170984455959,7.041e-07,Very Strong,"(2,1)"
JavaGC,random,1,10,2,1,MD_MF-DF,0.8119170984455959,7.041e-07,Very Strong,"(2,1)"
JavaGC,random,1,10,2,1,PCI,0.843710292249047,7.041e-07,Very Strong,"(2,1)"
JavaGC,random,1,10,3,1,ALS,0.6170190659255026,7.041e-07,Very Strong,"(3,1)"
JavaGC,random,1,10,3,1,AP_ALS-PCI,0.6148227655898214,7.041e-07,Very Strong,"(3,1)"
JavaGC,random,1,10,3,1,Default,0.6707347882698174,7.041e-07,Very Strong,"(3,1)"
JavaGC,random,1,10,3,1,MDAP_MF-DF-ALS-PCI,0.6067326624371034,7.041e-07,Very Strong,"(3,1)"
JavaGC,random,1,10,3,1,MDA_MF-DF-ALS,0.6067326624371034,7.041e-07,Very Strong,"(3,1)"
JavaGC,random,1,10,3,1,MDP_MF-DF-PCI,0.6067326624371034,7.041e-07,Very Strong,"(3,1)"
JavaGC,random,1,10,3,1,MD_MF-DF,0.6067326624371034,7.041e-07,Very Strong,"(3,1)"
JavaGC,random,1,10,3,1,PCI,0.6666123081313574,7.041e-07,Very Strong,"(3,1)"
JavaGC,random,1,10,1,2,ALS,0.953846153846154,7.041e-07,Very Strong,"(1,1)"
JavaGC,random,1,10,1,2,AP_ALS-PCI,0.953846153846154,7.041e-07,Very Strong,"(1,1)"
JavaGC,random,1,10,1,2,Default,0.9577464788732392,7.041e-07,Very Strong,"(1,1)"
JavaGC,random,1,10,1,2,MDAP_MF-DF-ALS-PCI,0.953125,7.041e-07,Very Strong,"(1,1)"
JavaGC,random,1,10,1,2,MDA_MF-DF-ALS,0.953125,7.041e-07,Very Strong,"(1,1)"
JavaGC,random,1,10,1,2,MDP_MF-DF-PCI,0.953125,7.041e-07,Very Strong,"(1,1)"
JavaGC,random,1,10,1,2,MD_MF-DF,0.953125,7.041e-07,Very Strong,"(1,1)"
JavaGC,random,1,10,1,2,PCI,0.9577464788732392,7.041e-07,Very Strong,"(1,1)"
JavaGC,random,1,10,2,2,ALS,0.7978936810431294,7.041e-07,Very Strong,"(2,1)"
JavaGC,random,1,10,2,2,AP_ALS-PCI,0.7973856209150327,7.041e-07,Very Strong,"(2,1)"
JavaGC,random,1,10,2,2,Default,0.8245102125885785,7.041e-07,Very Strong,"(2,1)"
JavaGC,random,1,10,2,2,MDAP_MF-DF-ALS-PCI,0.7927461139896373,7.041e-07,Very Strong,"(2,1)"
JavaGC,random,1,10,2,2,MDA_MF-DF-ALS,0.7927461139896373,7.041e-07,Very Strong,"(2,1)"
JavaGC,random,1,10,2,2,MDP_MF-DF-PCI,0.7927461139896373,7.041e-07,Very Strong,"(2,1)"
JavaGC,random,1,10,2,2,MD_MF-DF,0.7927461139896373,7.041e-07,Very Strong,"(2,1)"
JavaGC,random,1,10,2,2,PCI,0.8229563744176197,7.041e-07,Very Strong,"(2,1)"
JavaGC,random,1,10,3,2,ALS,0.6047327133877084,7.041e-07,Very Strong,"(3,1)"
JavaGC,random,1,10,3,2,AP_ALS-PCI,0.6028587884182418,7.041e-07,Very Strong,"(3,1)"
JavaGC,random,1,10,3,2,Default,0.656412149950444,7.041e-07,Very Strong,"(3,1)"
JavaGC,random,1,10,3,2,MDAP_MF-DF-ALS-PCI,0.5948096696565301,7.041e-07,Very Strong,"(3,1)"
JavaGC,random,1,10,3,2,MDA_MF-DF-ALS,0.5948096696565301,7.041e-07,Very Strong,"(3,1)"
JavaGC,random,1,10,3,2,MDP_MF-DF-PCI,0.5948096696565301,7.041e-07,Very Strong,"(3,1)"
JavaGC,random,1,10,3,2,MD_MF-DF,0.5948096696565301,7.041e-07,Very Strong,"(3,1)"
JavaGC,random,1,10,3,2,PCI,0.6531178017408321,7.041e-07,Very Strong,"(3,1)"
JavaGC,distance,1,10,1,1,ALS,0.6615384615384615,7.041e-07,Very Strong,"(1,1)"
JavaGC,distance,1,10,1,1,AP_ALS-PCI,0.6615384615384615,7.041e-07,Very Strong,"(1,1)"
JavaGC,distance,1,10,1,1,Default,0.6197183098591548,7.041e-07,Very Strong,"(1,1)"
JavaGC,distance,1,10,1,1,MDAP_MF-DF-ALS-PCI,0.671875,7.041e-07,Very Strong,"(1,1)"
JavaGC,distance,1,10,1,1,MDA_MF-DF-ALS,0.671875,7.041e-07,Very Strong,"(1,1)"
JavaGC,distance,1,10,1,1,MDP_MF-DF-PCI,0.671875,7.041e-07,Very Strong,"(1,1)"
JavaGC,distance,1,10,1,1,MD_MF-DF,0.671875,7.041e-07,Very Strong,"(1,1)"
JavaGC,distance,1,10,1,1,PCI,0.6197183098591548,7.041e-07,Very Strong,"(1,1)"
JavaGC,distance,1,10,2,1,ALS,0.4162487462387161,7.041e-07,Very Strong,"(2,1)"
JavaGC,distance,1,10,2,1,AP_ALS-PCI,0.4172951231774761,7.041e-07,Very Strong,"(2,1)"
JavaGC,distance,1,10,2,1,Default,0.3626511046269279,7.041e-07,Very Strong,"(2,1)"
JavaGC,distance,1,10,2,1,MDAP_MF-DF-ALS-PCI,0.4300518134715025,7.041e-07,Very Strong,"(2,1)"
JavaGC,distance,1,10,2,1,MDA_MF-DF-ALS,0.4300518134715025,7.041e-07,Very Strong,"(2,1)"
JavaGC,distance,1,10,2,1,MDP_MF-DF-PCI,0.4300518134715025,7.041e-07,Very Strong,"(2,1)"
JavaGC,distance,1,10,2,1,MD_MF-DF,0.4300518134715025,7.041e-07,Very Strong,"(2,1)"
JavaGC,distance,1,10,2,1,PCI,0.3680643795002117,7.041e-07,Very Strong,"(2,1)"
JavaGC,distance,1,10,3,1,ALS,0.2528702789755312,7.041e-07,Very Strong,"(3,1)"
JavaGC,distance,1,10,3,1,AP_ALS-PCI,0.2548562751976543,7.041e-07,Very Strong,"(3,1)"
JavaGC,distance,1,10,3,1,Default,0.2031210525292963,7.041e-07,Very Strong,"(3,1)"
JavaGC,distance,1,10,3,1,MDAP_MF-DF-ALS-PCI,0.2662163640341281,7.041e-07,Very Strong,"(3,1)"
JavaGC,distance,1,10,3,1,MDA_MF-DF-ALS,0.2662163640341281,7.041e-07,Very Strong,"(3,1)"
JavaGC,distance,1,10,3,1,MDP_MF-DF-PCI,0.2662163640341281,7.041e-07,Very Strong,"(3,1)"
JavaGC,distance,1,10,3,1,MD_MF-DF,0.2662163640341281,7.041e-07,Very Strong,"(3,1)"
JavaGC,distance,1,10,3,1,PCI,0.2123244389179933,7.041e-07,Very Strong,"(3,1)"
JavaGC,distance,1,10,1,2,ALS,0.7538461538461538,7.041e-07,Very Strong,"(1,1)"
JavaGC,distance,1,10,1,2,AP_ALS-PCI,0.7538461538461538,7.041e-07,Very Strong,"(1,1)"
JavaGC,distance,1,10,1,2,Default,0.7183098591549296,7.041e-07,Very Strong,"(1,1)"
JavaGC,distance,1,10,1,2,MDAP_MF-DF-ALS-PCI,0.75,7.041e-07,Very Strong,"(1,1)"
JavaGC,distance,1,10,1,2,MDA_MF-DF-ALS,0.75,7.041e-07,Very Strong,"(1,1)"
JavaGC,distance,1,10,1,2,MDP_MF-DF-PCI,0.75,7.041e-07,Very Strong,"(1,1)"
JavaGC,distance,1,10,1,2,MD_MF-DF,0.75,7.041e-07,Very Strong,"(1,1)"
JavaGC,distance,1,10,1,2,PCI,0.7183098591549296,7.041e-07,Very Strong,"(1,1)"
JavaGC,distance,1,10,2,2,ALS,0.4969909729187562,7.041e-07,Very Strong,"(2,1)"
JavaGC,distance,1,10,2,2,AP_ALS-PCI,0.4967320261437908,7.041e-07,Very Strong,"(2,1)"
JavaGC,distance,1,10,2,2,Default,0.4401834097540641,7.041e-07,Very Strong,"(2,1)"
JavaGC,distance,1,10,2,2,MDAP_MF-DF-ALS-PCI,0.4963730569948186,7.041e-07,Very Strong,"(2,1)"
JavaGC,distance,1,10,2,2,MDA_MF-DF-ALS,0.4963730569948186,7.041e-07,Very Strong,"(2,1)"
JavaGC,distance,1,10,2,2,MDP_MF-DF-PCI,0.4963730569948186,7.041e-07,Very Strong,"(2,1)"
JavaGC,distance,1,10,2,2,MD_MF-DF,0.4963730569948186,7.041e-07,Very Strong,"(2,1)"
JavaGC,distance,1,10,2,2,PCI,0.4447268106734434,7.041e-07,Very Strong,"(2,1)"
JavaGC,distance,1,10,3,2,ALS,0.3070029611927892,7.041e-07,Very Strong,"(3,1)"
JavaGC,distance,1,10,3,2,AP_ALS-PCI,0.3069794230064401,7.041e-07,Very Strong,"(3,1)"
JavaGC,distance,1,10,3,2,Default,0.2493149620071127,7.041e-07,Very Strong,"(3,1)"
JavaGC,distance,1,10,3,2,MDAP_MF-DF-ALS-PCI,0.3090406913148107,7.041e-07,Very Strong,"(3,1)"
JavaGC,distance,1,10,3,2,MDA_MF-DF-ALS,0.3090406913148107,7.041e-07,Very Strong,"(3,1)"
JavaGC,distance,1,10,3,2,MDP_MF-DF-PCI,0.3090406913148107,7.041e-07,Very Strong,"(3,1)"
JavaGC,distance,1,10,3,2,MD_MF-DF,0.3090406913148107,7.041e-07,Very Strong,"(3,1)"
JavaGC,distance,1,10,3,2,PCI,0.2577613796196261,7.041e-07,Very Strong,"(3,1)"
JavaGC,solver,1,10,1,1,ALS,0.5846153846153846,7.041e-07,Very Strong,"(1,1)"
JavaGC,solver,1,10,1,1,AP_ALS-PCI,0.5846153846153846,7.041e-07,Very Strong,"(1,1)"
JavaGC,solver,1,10,1,1,Default,0.6197183098591548,7.041e-07,Very Strong,"(1,1)"
JavaGC,solver,1,10,1,1,MDAP_MF-DF-ALS-PCI,0.578125,7.041e-07,Very Strong,"(1,1)"
JavaGC,solver,1,10,1,1,MDA_MF-DF-ALS,0.578125,7.041e-07,Very Strong,"(1,1)"
JavaGC,solver,1,10,1,1,MDP_MF-DF-PCI,0.578125,7.041e-07,Very Strong,"(1,1)"
JavaGC,solver,1,10,1,1,MD_MF-DF,0.578125,7.041e-07,Very Strong,"(1,1)"
JavaGC,solver,1,10,1,1,PCI,0.6197183098591548,7.041e-07,Very Strong,"(1,1)"
JavaGC,solver,1,10,2,1,ALS,0.3380140421263791,7.041e-07,Very Strong,"(2,1)"
JavaGC,solver,1,10,2,1,AP_ALS-PCI,0.3383609854198089,7.041e-07,Very Strong,"(2,1)"
JavaGC,solver,1,10,2,1,Default,0.3764068361817423,7.041e-07,Very Strong,"(2,1)"
JavaGC,solver,1,10,2,1,MDAP_MF-DF-ALS-PCI,0.3316062176165803,7.041e-07,Very Strong,"(2,1)"
JavaGC,solver,1,10,2,1,MDA_MF-DF-ALS,0.3316062176165803,7.041e-07,Very Strong,"(2,1)"
JavaGC,solver,1,10,2,1,MDP_MF-DF-PCI,0.3316062176165803,7.041e-07,Very Strong,"(2,1)"
JavaGC,solver,1,10,2,1,MD_MF-DF,0.3316062176165803,7.041e-07,Very Strong,"(2,1)"
JavaGC,solver,1,10,2,1,PCI,0.3778060144006776,7.041e-07,Very Strong,"(2,1)"
JavaGC,solver,1,10,3,1,ALS,0.1948932412073354,7.041e-07,Very Strong,"(3,1)"
JavaGC,solver,1,10,3,1,AP_ALS-PCI,0.1955599769621446,7.041e-07,Very Strong,"(3,1)"
JavaGC,solver,1,10,3,1,Default,0.2265775307538333,7.041e-07,Very Strong,"(3,1)"
JavaGC,solver,1,10,3,1,MDAP_MF-DF-ALS-PCI,0.190111572959965,7.041e-07,Very Strong,"(3,1)"
JavaGC,solver,1,10,3,1,MDA_MF-DF-ALS,0.190111572959965,7.041e-07,Very Strong,"(3,1)"
JavaGC,solver,1,10,3,1,MDP_MF-DF-PCI,0.190111572959965,7.041e-07,Very Strong,"(3,1)"
JavaGC,solver,1,10,3,1,MD_MF-DF,0.190111572959965,7.041e-07,Very Strong,"(3,1)"
JavaGC,solver,1,10,3,1,PCI,0.2294677619911531,7.041e-07,Very Strong,"(3,1)"
JavaGC,solver,1,10,1,2,ALS,0.5846153846153846,7.041e-07,Very Strong,"(1,1)"
JavaGC,solver,1,10,1,2,AP_ALS-PCI,0.5846153846153846,7.041e-07,Very Strong,"(1,1)"
JavaGC,solver,1,10,1,2,Default,0.6197183098591548,7.041e-07,Very Strong,"(1,1)"
JavaGC,solver,1,10,1,2,MDAP_MF-DF-ALS-PCI,0.578125,7.041e-07,Very Strong,"(1,1)"
JavaGC,solver,1,10,1,2,MDA_MF-DF-ALS,0.578125,7.041e-07,Very Strong,"(1,1)"
JavaGC,solver,1,10,1,2,MDP_MF-DF-PCI,0.578125,7.041e-07,Very Strong,"(1,1)"
JavaGC,solver,1,10,1,2,MD_MF-DF,0.578125,7.041e-07,Very Strong,"(1,1)"
JavaGC,solver,1,10,1,2,PCI,0.6197183098591548,7.041e-07,Very Strong,"(1,1)"
JavaGC,solver,1,10,2,2,ALS,0.3380140421263791,7.041e-07,Very Strong,"(2,1)"
JavaGC,solver,1,10,2,2,AP_ALS-PCI,0.3383609854198089,7.041e-07,Very Strong,"(2,1)"
JavaGC,solver,1,10,2,2,Default,0.3764068361817423,7.041e-07,Very Strong,"(2,1)"
JavaGC,solver,1,10,2,2,MDAP_MF-DF-ALS-PCI,0.3316062176165803,7.041e-07,Very Strong,"(2,1)"
JavaGC,solver,1,10,2,2,MDA_MF-DF-ALS,0.3316062176165803,7.041e-07,Very Strong,"(2,1)"
JavaGC,solver,1,10,2,2,MDP_MF-DF-PCI,0.3316062176165803,7.041e-07,Very Strong,"(2,1)"
JavaGC,solver,1,10,2,2,MD_MF-DF,0.3316062176165803,7.041e-07,Very Strong,"(2,1)"
JavaGC,solver,1,10,2,2,PCI,0.3778060144006776,7.041e-07,Very Strong,"(2,1)"
JavaGC,solver,1,10,3,2,ALS,0.1948932412073354,7.041e-07,Very Strong,"(3,1)"
JavaGC,solver,1,10,3,2,AP_ALS-PCI,0.1955599769621446,7.041e-07,Very Strong,"(3,1)"
JavaGC,solver,1,10,3,2,Default,0.2265775307538333,7.041e-07,Very Strong,"(3,1)"
JavaGC,solver,1,10,3,2,MDAP_MF-DF-ALS-PCI,0.190111572959965,7.041e-07,Very Strong,"(3,1)"
JavaGC,solver,1,10,3,2,MDA_MF-DF-ALS,0.190111572959965,7.041e-07,Very Strong,"(3,1)"
JavaGC,solver,1,10,3,2,MDP_MF-DF-PCI,0.190111572959965,7.041e-07,Very Strong,"(3,1)"
JavaGC,solver,1,10,3,2,MD_MF-DF,0.190111572959965,7.041e-07,Very Strong,"(3,1)"
JavaGC,solver,1,10,3,2,PCI,0.2294677619911531,7.041e-07,Very Strong,"(3,1)"
JavaGC,random,2,10,1,1,ALS,0.9230769230769232,7.041e-07,Very Strong,"(1,2)"
JavaGC,random,2,10,1,1,AP_ALS-PCI,0.9230769230769232,7.041e-07,Very Strong,"(1,2)"
JavaGC,random,2,10,1,1,Default,0.9295774647887324,7.041e-07,Very Strong,"(1,2)"
JavaGC,random,2,10,1,1,MDAP_MF-DF-ALS-PCI,0.921875,7.041e-07,Very Strong,"(1,2)"
JavaGC,random,2,10,1,1,MDA_MF-DF-ALS,0.921875,7.041e-07,Very Strong,"(1,2)"
JavaGC,random,2,10,1,1,MDP_MF-DF-PCI,0.921875,7.041e-07,Very Strong,"(1,2)"
JavaGC,random,2,10,1,1,MD_MF-DF,0.921875,7.041e-07,Very Strong,"(1,2)"
JavaGC,random,2,10,1,1,PCI,0.9295774647887324,7.041e-07,Very Strong,"(1,2)"
JavaGC,random,2,10,2,1,ALS,0.7828485456369108,7.041e-07,Very Strong,"(2,2)"
JavaGC,random,2,10,2,1,AP_ALS-PCI,0.7823026646556058,7.041e-07,Very Strong,"(2,2)"
JavaGC,random,2,10,2,1,Default,0.807002917882451,7.041e-07,Very Strong,"(2,2)"
JavaGC,random,2,10,2,1,MDAP_MF-DF-ALS-PCI,0.778238341968912,7.041e-07,Very Strong,"(2,2)"
JavaGC,random,2,10,2,1,MDA_MF-DF-ALS,0.778238341968912,7.041e-07,Very Strong,"(2,2)"
JavaGC,random,2,10,2,1,MDP_MF-DF-PCI,0.778238341968912,7.041e-07,Very Strong,"(2,2)"
JavaGC,random,2,10,2,1,MD_MF-DF,0.778238341968912,7.041e-07,Very Strong,"(2,2)"
JavaGC,random,2,10,2,1,PCI,0.8060144006776789,7.041e-07,Very Strong,"(2,2)"
JavaGC,random,2,10,3,1,ALS,0.601979323601226,7.041e-07,Very Strong,"(3,2)"
JavaGC,random,2,10,3,1,AP_ALS-PCI,0.6000837740195821,7.041e-07,Very Strong,"(3,2)"
JavaGC,random,2,10,3,1,Default,0.650271100141866,7.041e-07,Very Strong,"(3,2)"
JavaGC,random,2,10,3,1,MDAP_MF-DF-ALS-PCI,0.5926766571866112,7.041e-07,Very Strong,"(3,2)"
JavaGC,random,2,10,3,1,MDA_MF-DF-ALS,0.5926766571866112,7.041e-07,Very Strong,"(3,2)"
JavaGC,random,2,10,3,1,MDP_MF-DF-PCI,0.5926766571866112,7.041e-07,Very Strong,"(3,2)"
JavaGC,random,2,10,3,1,MD_MF-DF,0.5926766571866112,7.041e-07,Very Strong,"(3,2)"
JavaGC,random,2,10,3,1,PCI,0.6476955378437327,7.041e-07,Very Strong,"(3,2)"
JavaGC,random,2,10,1,2,ALS,0.9230769230769232,7.041e-07,Very Strong,"(1,2)"
JavaGC,random,2,10,1,2,AP_ALS-PCI,0.9230769230769232,7.041e-07,Very Strong,"(1,2)"
JavaGC,random,2,10,1,2,Default,0.9295774647887324,7.041e-07,Very Strong,"(1,2)"
JavaGC,random,2,10,1,2,MDAP_MF-DF-ALS-PCI,0.921875,7.041e-07,Very Strong,"(1,2)"
JavaGC,random,2,10,1,2,MDA_MF-DF-ALS,0.921875,7.041e-07,Very Strong,"(1,2)"
JavaGC,random,2,10,1,2,MDP_MF-DF-PCI,0.921875,7.041e-07,Very Strong,"(1,2)"
JavaGC,random,2,10,1,2,MD_MF-DF,0.921875,7.041e-07,Very Strong,"(1,2)"
JavaGC,random,2,10,1,2,PCI,0.9295774647887324,7.041e-07,Very Strong,"(1,2)"
JavaGC,random,2,10,2,2,ALS,0.7477432296890671,7.041e-07,Very Strong,"(2,2)"
JavaGC,random,2,10,2,2,AP_ALS-PCI,0.7471091000502765,7.041e-07,Very Strong,"(2,2)"
JavaGC,random,2,10,2,2,Default,0.7778240933722383,7.041e-07,Very Strong,"(2,2)"
JavaGC,random,2,10,2,2,MDAP_MF-DF-ALS-PCI,0.7419689119170984,7.041e-07,Very Strong,"(2,2)"
JavaGC,random,2,10,2,2,MDA_MF-DF-ALS,0.7419689119170984,7.041e-07,Very Strong,"(2,2)"
JavaGC,random,2,10,2,2,MDP_MF-DF-PCI,0.7419689119170984,7.041e-07,Very Strong,"(2,2)"
JavaGC,random,2,10,2,2,MD_MF-DF,0.7419689119170984,7.041e-07,Very Strong,"(2,2)"
JavaGC,random,2,10,2,2,PCI,0.7763659466327826,7.041e-07,Very Strong,"(2,2)"
JavaGC,random,2,10,3,2,ALS,0.5559769338666943,7.041e-07,Very Strong,"(3,2)"
JavaGC,random,2,10,3,2,AP_ALS-PCI,0.5543745745850567,7.041e-07,Very Strong,"(3,2)"
JavaGC,random,2,10,3,2,Default,0.6076918592222632,7.041e-07,Very Strong,"(3,2)"
JavaGC,random,2,10,3,2,MDAP_MF-DF-ALS-PCI,0.5461605775541457,7.041e-07,Very Strong,"(3,2)"
JavaGC,random,2,10,3,2,MDA_MF-DF-ALS,0.5461605775541457,7.041e-07,Very Strong,"(3,2)"
JavaGC,random,2,10,3,2,MDP_MF-DF-PCI,0.5461605775541457,7.041e-07,Very Strong,"(3,2)"
JavaGC,random,2,10,3,2,MD_MF-DF,0.5461605775541457,7.041e-07,Very Strong,"(3,2)"
JavaGC,random,2,10,3,2,PCI,0.6049085757384267,7.041e-07,Very Strong,"(3,2)"
JavaGC,distance,2,10,1,1,ALS,0.6615384615384615,7.041e-07,Very Strong,"(1,2)"
JavaGC,distance,2,10,1,1,AP_ALS-PCI,0.6615384615384615,7.041e-07,Very Strong,"(1,2)"
JavaGC,distance,2,10,1,1,Default,0.6197183098591548,7.041e-07,Very Strong,"(1,2)"
JavaGC,distance,2,10,1,1,MDAP_MF-DF-ALS-PCI,0.671875,7.041e-07,Very Strong,"(1,2)"
JavaGC,distance,2,10,1,1,MDA_MF-DF-ALS,0.671875,7.041e-07,Very Strong,"(1,2)"
JavaGC,distance,2,10,1,1,MDP_MF-DF-PCI,0.671875,7.041e-07,Very Strong,"(1,2)"
JavaGC,distance,2,10,1,1,MD_MF-DF,0.671875,7.041e-07,Very Strong,"(1,2)"
JavaGC,distance,2,10,1,1,PCI,0.6197183098591548,7.041e-07,Very Strong,"(1,2)"
JavaGC,distance,2,10,2,1,ALS,0.4162487462387161,7.041e-07,Very Strong,"(2,2)"
JavaGC,distance,2,10,2,1,AP_ALS-PCI,0.4172951231774761,7.041e-07,Very Strong,"(2,2)"
JavaGC,distance,2,10,2,1,Default,0.3626511046269279,7.041e-07,Very Strong,"(2,2)"
JavaGC,distance,2,10,2,1,MDAP_MF-DF-ALS-PCI,0.4300518134715025,7.041e-07,Very Strong,"(2,2)"
JavaGC,distance,2,10,2,1,MDA_MF-DF-ALS,0.4300518134715025,7.041e-07,Very Strong,"(2,2)"
JavaGC,distance,2,10,2,1,MDP_MF-DF-PCI,0.4300518134715025,7.041e-07,Very Strong,"(2,2)"
JavaGC,distance,2,10,2,1,MD_MF-DF,0.4300518134715025,7.041e-07,Very Strong,"(2,2)"
JavaGC,distance,2,10,2,1,PCI,0.3680643795002117,7.041e-07,Very Strong,"(2,2)"
JavaGC,distance,2,10,3,1,ALS,0.2528702789755312,7.041e-07,Very Strong,"(3,2)"
JavaGC,distance,2,10,3,1,AP_ALS-PCI,0.2548562751976543,7.041e-07,Very Strong,"(3,2)"
JavaGC,distance,2,10,3,1,Default,0.2031210525292963,7.041e-07,Very Strong,"(3,2)"
JavaGC,distance,2,10,3,1,MDAP_MF-DF-ALS-PCI,0.2662163640341281,7.041e-07,Very Strong,"(3,2)"
JavaGC,distance,2,10,3,1,MDA_MF-DF-ALS,0.2662163640341281,7.041e-07,Very Strong,"(3,2)"
JavaGC,distance,2,10,3,1,MDP_MF-DF-PCI,0.2662163640341281,7.041e-07,Very Strong,"(3,2)"
JavaGC,distance,2,10,3,1,MD_MF-DF,0.2662163640341281,7.041e-07,Very Strong,"(3,2)"
JavaGC,distance,2,10,3,1,PCI,0.2123244389179933,7.041e-07,Very Strong,"(3,2)"
JavaGC,distance,2,10,1,2,ALS,0.7538461538461538,7.041e-07,Very Strong,"(1,2)"
JavaGC,distance,2,10,1,2,AP_ALS-PCI,0.7538461538461538,7.041e-07,Very Strong,"(1,2)"
JavaGC,distance,2,10,1,2,Default,0.7183098591549296,7.041e-07,Very Strong,"(1,2)"
JavaGC,distance,2,10,1,2,MDAP_MF-DF-ALS-PCI,0.75,7.041e-07,Very Strong,"(1,2)"
JavaGC,distance,2,10,1,2,MDA_MF-DF-ALS,0.75,7.041e-07,Very Strong,"(1,2)"
JavaGC,distance,2,10,1,2,MDP_MF-DF-PCI,0.75,7.041e-07,Very Strong,"(1,2)"
JavaGC,distance,2,10,1,2,MD_MF-DF,0.75,7.041e-07,Very Strong,"(1,2)"
JavaGC,distance,2,10,1,2,PCI,0.7183098591549296,7.041e-07,Very Strong,"(1,2)"
JavaGC,distance,2,10,2,2,ALS,0.4969909729187562,7.041e-07,Very Strong,"(2,2)"
JavaGC,distance,2,10,2,2,AP_ALS-PCI,0.4967320261437908,7.041e-07,Very Strong,"(2,2)"
JavaGC,distance,2,10,2,2,Default,0.4401834097540641,7.041e-07,Very Strong,"(2,2)"
JavaGC,distance,2,10,2,2,MDAP_MF-DF-ALS-PCI,0.4963730569948186,7.041e-07,Very Strong,"(2,2)"
JavaGC,distance,2,10,2,2,MDA_MF-DF-ALS,0.4963730569948186,7.041e-07,Very Strong,"(2,2)"
JavaGC,distance,2,10,2,2,MDP_MF-DF-PCI,0.4963730569948186,7.041e-07,Very Strong,"(2,2)"
JavaGC,distance,2,10,2,2,MD_MF-DF,0.4963730569948186,7.041e-07,Very Strong,"(2,2)"
JavaGC,distance,2,10,2,2,PCI,0.4447268106734434,7.041e-07,Very Strong,"(2,2)"
JavaGC,distance,2,10,3,2,ALS,0.3070029611927892,7.041e-07,Very Strong,"(3,2)"
JavaGC,distance,2,10,3,2,AP_ALS-PCI,0.3069794230064401,7.041e-07,Very Strong,"(3,2)"
JavaGC,distance,2,10,3,2,Default,0.2493149620071127,7.041e-07,Very Strong,"(3,2)"
JavaGC,distance,2,10,3,2,MDAP_MF-DF-ALS-PCI,0.3090406913148107,7.041e-07,Very Strong,"(3,2)"
JavaGC,distance,2,10,3,2,MDA_MF-DF-ALS,0.3090406913148107,7.041e-07,Very Strong,"(3,2)"
JavaGC,distance,2,10,3,2,MDP_MF-DF-PCI,0.3090406913148107,7.041e-07,Very Strong,"(3,2)"
JavaGC,distance,2,10,3,2,MD_MF-DF,0.3090406913148107,7.041e-07,Very Strong,"(3,2)"
JavaGC,distance,2,10,3,2,PCI,0.2577613796196261,7.041e-07,Very Strong,"(3,2)"
JavaGC,solver,2,10,1,1,ALS,0.5846153846153846,7.041e-07,Very Strong,"(1,2)"
JavaGC,solver,2,10,1,1,AP_ALS-PCI,0.5846153846153846,7.041e-07,Very Strong,"(1,2)"
JavaGC,solver,2,10,1,1,Default,0.6197183098591548,7.041e-07,Very Strong,"(1,2)"
JavaGC,solver,2,10,1,1,MDAP_MF-DF-ALS-PCI,0.578125,7.041e-07,Very Strong,"(1,2)"
JavaGC,solver,2,10,1,1,MDA_MF-DF-ALS,0.578125,7.041e-07,Very Strong,"(1,2)"
JavaGC,solver,2,10,1,1,MDP_MF-DF-PCI,0.578125,7.041e-07,Very Strong,"(1,2)"
JavaGC,solver,2,10,1,1,MD_MF-DF,0.578125,7.041e-07,Very Strong,"(1,2)"
JavaGC,solver,2,10,1,1,PCI,0.6197183098591548,7.041e-07,Very Strong,"(1,2)"
JavaGC,solver,2,10,2,1,ALS,0.3380140421263791,7.041e-07,Very Strong,"(2,2)"
JavaGC,solver,2,10,2,1,AP_ALS-PCI,0.3383609854198089,7.041e-07,Very Strong,"(2,2)"
JavaGC,solver,2,10,2,1,Default,0.3764068361817423,7.041e-07,Very Strong,"(2,2)"
JavaGC,solver,2,10,2,1,MDAP_MF-DF-ALS-PCI,0.3316062176165803,7.041e-07,Very Strong,"(2,2)"
JavaGC,solver,2,10,2,1,MDA_MF-DF-ALS,0.3316062176165803,7.041e-07,Very Strong,"(2,2)"
JavaGC,solver,2,10,2,1,MDP_MF-DF-PCI,0.3316062176165803,7.041e-07,Very Strong,"(2,2)"
JavaGC,solver,2,10,2,1,MD_MF-DF,0.3316062176165803,7.041e-07,Very Strong,"(2,2)"
JavaGC,solver,2,10,2,1,PCI,0.3778060144006776,7.041e-07,Very Strong,"(2,2)"
JavaGC,solver,2,10,3,1,ALS,0.1948932412073354,7.041e-07,Very Strong,"(3,2)"
JavaGC,solver,2,10,3,1,AP_ALS-PCI,0.1955599769621446,7.041e-07,Very Strong,"(3,2)"
JavaGC,solver,2,10,3,1,Default,0.2265775307538333,7.041e-07,Very Strong,"(3,2)"
JavaGC,solver,2,10,3,1,MDAP_MF-DF-ALS-PCI,0.190111572959965,7.041e-07,Very Strong,"(3,2)"
JavaGC,solver,2,10,3,1,MDA_MF-DF-ALS,0.190111572959965,7.041e-07,Very Strong,"(3,2)"
JavaGC,solver,2,10,3,1,MDP_MF-DF-PCI,0.190111572959965,7.041e-07,Very Strong,"(3,2)"
JavaGC,solver,2,10,3,1,MD_MF-DF,0.190111572959965,7.041e-07,Very Strong,"(3,2)"
JavaGC,solver,2,10,3,1,PCI,0.2294677619911531,7.041e-07,Very Strong,"(3,2)"
JavaGC,solver,2,10,1,2,ALS,0.5846153846153846,7.041e-07,Very Strong,"(1,2)"
JavaGC,solver,2,10,1,2,AP_ALS-PCI,0.5846153846153846,7.041e-07,Very Strong,"(1,2)"
JavaGC,solver,2,10,1,2,Default,0.6197183098591548,7.041e-07,Very Strong,"(1,2)"
JavaGC,solver,2,10,1,2,MDAP_MF-DF-ALS-PCI,0.578125,7.041e-07,Very Strong,"(1,2)"
JavaGC,solver,2,10,1,2,MDA_MF-DF-ALS,0.578125,7.041e-07,Very Strong,"(1,2)"
JavaGC,solver,2,10,1,2,MDP_MF-DF-PCI,0.578125,7.041e-07,Very Strong,"(1,2)"
JavaGC,solver,2,10,1,2,MD_MF-DF,0.578125,7.041e-07,Very Strong,"(1,2)"
JavaGC,solver,2,10,1,2,PCI,0.6197183098591548,7.041e-07,Very Strong,"(1,2)"
JavaGC,solver,2,10,2,2,ALS,0.3380140421263791,7.041e-07,Very Strong,"(2,2)"
JavaGC,solver,2,10,2,2,AP_ALS-PCI,0.3383609854198089,7.041e-07,Very Strong,"(2,2)"
JavaGC,solver,2,10,2,2,Default,0.3764068361817423,7.041e-07,Very Strong,"(2,2)"
JavaGC,solver,2,10,2,2,MDAP_MF-DF-ALS-PCI,0.3316062176165803,7.041e-07,Very Strong,"(2,2)"
JavaGC,solver,2,10,2,2,MDA_MF-DF-ALS,0.3316062176165803,7.041e-07,Very Strong,"(2,2)"
JavaGC,solver,2,10,2,2,MDP_MF-DF-PCI,0.3316062176165803,7.041e-07,Very Strong,"(2,2)"
JavaGC,solver,2,10,2,2,MD_MF-DF,0.3316062176165803,7.041e-07,Very Strong,"(2,2)"
JavaGC,solver,2,10,2,2,PCI,0.3778060144006776,7.041e-07,Very Strong,"(2,2)"
JavaGC,solver,2,10,3,2,ALS,0.1948932412073354,7.041e-07,Very Strong,"(3,2)"
JavaGC,solver,2,10,3,2,AP_ALS-PCI,0.1955599769621446,7.041e-07,Very Strong,"(3,2)"
JavaGC,solver,2,10,3,2,Default,0.2265775307538333,7.041e-07,Very Strong,"(3,2)"
JavaGC,solver,2,10,3,2,MDAP_MF-DF-ALS-PCI,0.190111572959965,7.041e-07,Very Strong,"(3,2)"
JavaGC,solver,2,10,3,2,MDA_MF-DF-ALS,0.190111572959965,7.041e-07,Very Strong,"(3,2)"
JavaGC,solver,2,10,3,2,MDP_MF-DF-PCI,0.190111572959965,7.041e-07,Very Strong,"(3,2)"
JavaGC,solver,2,10,3,2,MD_MF-DF,0.190111572959965,7.041e-07,Very Strong,"(3,2)"
JavaGC,solver,2,10,3,2,PCI,0.2294677619911531,7.041e-07,Very Strong,"(3,2)"
LLVM,random,1,10,1,1,ALS,1.0,1.0,Weak,"(1,1)"
LLVM,random,1,10,1,1,AP_ALS-PCI,1.0,1.0,Weak,"(1,1)"
LLVM,random,1,10,1,1,Default,1.0,1.0,Weak,"(1,1)"
LLVM,random,1,10,1,1,MDAP_MF-DF-ALS-PCI,1.0,1.0,Weak,"(1,1)"
LLVM,random,1,10,1,1,MDA_MF-DF-ALS,1.0,1.0,Weak,"(1,1)"
LLVM,random,1,10,1,1,MDP_MF-DF-PCI,1.0,1.0,Weak,"(1,1)"
LLVM,random,1,10,1,1,MD_MF-DF,1.0,1.0,Weak,"(1,1)"
LLVM,random,1,10,1,1,PCI,1.0,1.0,Weak,"(1,1)"
LLVM,random,1,10,2,1,ALS,0.93,1.0,Weak,"(2,1)"
LLVM,random,1,10,2,1,AP_ALS-PCI,0.9263157894736842,1.0,Weak,"(2,1)"
LLVM,random,1,10,2,1,Default,0.9366515837104072,1.0,Weak,"(2,1)"
LLVM,random,1,10,2,1,MDAP_MF-DF-ALS-PCI,0.9222222222222222,1.0,Weak,"(2,1)"
LLVM,random,1,10,2,1,MDA_MF-DF-ALS,0.9222222222222222,1.0,Weak,"(2,1)"
LLVM,random,1,10,2,1,MDP_MF-DF-PCI,0.9222222222222222,1.0,Weak,"(2,1)"
LLVM,random,1,10,2,1,MD_MF-DF,0.9222222222222222,1.0,Weak,"(2,1)"
LLVM,random,1,10,2,1,PCI,0.9333333333333332,1.0,Weak,"(2,1)"
LLVM,random,1,10,3,1,ALS,0.7535087719298245,1.0,Weak,"(3,1)"
LLVM,random,1,10,3,1,AP_ALS-PCI,0.7323383084577114,1.0,Weak,"(3,1)"
LLVM,random,1,10,3,1,Default,0.7798507462686566,1.0,Weak,"(3,1)"
LLVM,random,1,10,3,1,MDAP_MF-DF-ALS-PCI,0.721875,1.0,Weak,"(3,1)"
LLVM,random,1,10,3,1,MDA_MF-DF-ALS,0.721875,1.0,Weak,"(3,1)"
LLVM,random,1,10,3,1,MDP_MF-DF-PCI,0.721875,1.0,Weak,"(3,1)"
LLVM,random,1,10,3,1,MD_MF-DF,0.721875,1.0,Weak,"(3,1)"
LLVM,random,1,10,3,1,PCI,0.7611814345991561,1.0,Weak,"(3,1)"
LLVM,random,1,10,1,2,ALS,1.0,1.0,Weak,"(1,1)"
LLVM,random,1,10,1,2,AP_ALS-PCI,1.0,1.0,Weak,"(1,1)"
LLVM,random,1,10,1,2,Default,1.0,1.0,Weak,"(1,1)"
LLVM,random,1,10,1,2,MDAP_MF-DF-ALS-PCI,1.0,1.0,Weak,"(1,1)"
LLVM,random,1,10,1,2,MDA_MF-DF-ALS,1.0,1.0,Weak,"(1,1)"
LLVM,random,1,10,1,2,MDP_MF-DF-PCI,1.0,1.0,Weak,"(1,1)"
LLVM,random,1,10,1,2,MD_MF-DF,1.0,1.0,Weak,"(1,1)"
LLVM,random,1,10,1,2,PCI,1.0,1.0,Weak,"(1,1)"
LLVM,random,1,10,2,2,ALS,0.955,1.0,Weak,"(2,1)"
LLVM,random,1,10,2,2,AP_ALS-PCI,0.9526315789473684,1.0,Weak,"(2,1)"
LLVM,random,1,10,2,2,Default,0.9592760180995475,1.0,Weak,"(2,1)"
LLVM,random,1,10,2,2,MDAP_MF-DF-ALS-PCI,0.95,1.0,Weak,"(2,1)"
LLVM,random,1,10,2,2,MDA_MF-DF-ALS,0.95,1.0,Weak,"(2,1)"
LLVM,random,1,10,2,2,MDP_MF-DF-PCI,0.95,1.0,Weak,"(2,1)"
LLVM,random,1,10,2,2,MD_MF-DF,0.95,1.0,Weak,"(2,1)"
LLVM,random,1,10,2,2,PCI,0.9571428571428572,1.0,Weak,"(2,1)"
LLVM,random,1,10,3,2,ALS,0.7587719298245614,1.0,Weak,"(3,1)"
LLVM,random,1,10,3,2,AP_ALS-PCI,0.7343283582089551,1.0,Weak,"(3,1)"
LLVM,random,1,10,3,2,Default,0.7880597014925373,1.0,Weak,"(3,1)"
LLVM,random,1,10,3,2,MDAP_MF-DF-ALS-PCI,0.7229166666666667,1.0,Weak,"(3,1)"
LLVM,random,1,10,3,2,MDA_MF-DF-ALS,0.7229166666666667,1.0,Weak,"(3,1)"
LLVM,random,1,10,3,2,MDP_MF-DF-PCI,0.7229166666666667,1.0,Weak,"(3,1)"
LLVM,random,1,10,3,2,MD_MF-DF,0.7229166666666667,1.0,Weak,"(3,1)"
LLVM,random,1,10,3,2,PCI,0.7670886075949366,1.0,Weak,"(3,1)"
LLVM,distance,1,10,1,1,ALS,0.9523809523809524,1.0,Weak,"(1,1)"
LLVM,distance,1,10,1,1,AP_ALS-PCI,0.9523809523809524,1.0,Weak,"(1,1)"
LLVM,distance,1,10,1,1,Default,0.909090909090909,1.0,Weak,"(1,1)"
LLVM,distance,1,10,1,1,MDAP_MF-DF-ALS-PCI,0.95,1.0,Weak,"(1,1)"
LLVM,distance,1,10,1,1,MDA_MF-DF-ALS,0.95,1.0,Weak,"(1,1)"
LLVM,distance,1,10,1,1,MDP_MF-DF-PCI,0.95,1.0,Weak,"(1,1)"
LLVM,distance,1,10,1,1,MD_MF-DF,0.95,1.0,Weak,"(1,1)"
LLVM,distance,1,10,1,1,PCI,0.909090909090909,1.0,Weak,"(1,1)"
LLVM,distance,1,10,2,1,ALS,0.745,1.0,Weak,"(2,1)"
LLVM,distance,1,10,2,1,AP_ALS-PCI,0.7368421052631579,1.0,Weak,"(2,1)"
LLVM,distance,1,10,2,1,Default,0.6742081447963801,1.0,Weak,"(2,1)"
LLVM,distance,1,10,2,1,MDAP_MF-DF-ALS-PCI,0.75,1.0,Weak,"(2,1)"
LLVM,distance,1,10,2,1,MDA_MF-DF-ALS,0.75,1.0,Weak,"(2,1)"
LLVM,distance,1,10,2,1,MDP_MF-DF-PCI,0.75,1.0,Weak,"(2,1)"
LLVM,distance,1,10,2,1,MD_MF-DF,0.75,1.0,Weak,"(2,1)"
LLVM,distance,1,10,2,1,PCI,0.6666666666666666,1.0,Weak,"(2,1)"
LLVM,distance,1,10,3,1,ALS,0.4991228070175438,1.0,Weak,"(3,1)"
LLVM,distance,1,10,3,1,AP_ALS-PCI,0.4955223880597015,1.0,Weak,"(3,1)"
LLVM,distance,1,10,3,1,Default,0.4246268656716418,1.0,Weak,"(3,1)"
LLVM,distance,1,10,3,1,MDAP_MF-DF-ALS-PCI,0.5114583333333333,1.0,Weak,"(3,1)"
LLVM,distance,1,10,3,1,MDA_MF-DF-ALS,0.5114583333333333,1.0,Weak,"(3,1)"
LLVM,distance,1,10,3,1,MDP_MF-DF-PCI,0.5114583333333333,1.0,Weak,"(3,1)"
LLVM,distance,1,10,3,1,MD_MF-DF,0.5114583333333333,1.0,Weak,"(3,1)"
LLVM,distance,1,10,3,1,PCI,0.420253164556962,1.0,Weak,"(3,1)"
LLVM,distance,1,10,1,2,ALS,0.9523809523809524,1.0,Weak,"(1,1)"
LLVM,distance,1,10,1,2,AP_ALS-PCI,0.9523809523809524,1.0,Weak,"(1,1)"
LLVM,distance,1,10,1,2,Default,0.909090909090909,1.0,Weak,"(1,1)"
LLVM,distance,1,10,1,2,MDAP_MF-DF-ALS-PCI,0.95,1.0,Weak,"(1,1)"
LLVM,distance,1,10,1,2,MDA_MF-DF-ALS,0.95,1.0,Weak,"(1,1)"
LLVM,distance,1,10,1,2,MDP_MF-DF-PCI,0.95,1.0,Weak,"(1,1)"
LLVM,distance,1,10,1,2,MD_MF-DF,0.95,1.0,Weak,"(1,1)"
LLVM,distance,1,10,1,2,PCI,0.909090909090909,1.0,Weak,"(1,1)"
LLVM,distance,1,10,2,2,ALS,0.7049999999999998,1.0,Weak,"(2,1)"
LLVM,distance,1,10,2,2,AP_ALS-PCI,0.6947368421052632,1.0,Weak,"(2,1)"
LLVM,distance,1,10,2,2,Default,0.6380090497737556,1.0,Weak,"(2,1)"
LLVM,distance,1,10,2,2,MDAP_MF-DF-ALS-PCI,0.7222222222222222,1.0,Weak,"(2,1)"
LLVM,distance,1,10,2,2,MDA_MF-DF-ALS,0.7222222222222222,1.0,Weak,"(2,1)"
LLVM,distance,1,10,2,2,MDP_MF-DF-PCI,0.7222222222222222,1.0,Weak,"(2,1)"
LLVM,distance,1,10,2,2,MD_MF-DF,0.7222222222222222,1.0,Weak,"(2,1)"
LLVM,distance,1,10,2,2,PCI,0.6285714285714284,1.0,Weak,"(2,1)"
LLVM,distance,1,10,3,2,ALS,0.4491228070175438,1.0,Weak,"(3,1)"
LLVM,distance,1,10,3,2,AP_ALS-PCI,0.4567164179104477,1.0,Weak,"(3,1)"
LLVM,distance,1,10,3,2,Default,0.3820895522388059,1.0,Weak,"(3,1)"
LLVM,distance,1,10,3,2,MDAP_MF-DF-ALS-PCI,0.4770833333333333,1.0,Weak,"(3,1)"
LLVM,distance,1,10,3,2,MDA_MF-DF-ALS,0.4770833333333333,1.0,Weak,"(3,1)"
LLVM,distance,1,10,3,2,MDP_MF-DF-PCI,0.4770833333333333,1.0,Weak,"(3,1)"
LLVM,distance,1,10,3,2,MD_MF-DF,0.4770833333333333,1.0,Weak,"(3,1)"
LLVM,distance,1,10,3,2,PCI,0.3873417721518987,1.0,Weak,"(3,1)"
LLVM,solver,1,10,1,1,ALS,0.9047619047619048,1.0,Weak,"(1,1)"
LLVM,solver,1,10,1,1,AP_ALS-PCI,0.9047619047619048,1.0,Weak,"(1,1)"
LLVM,solver,1,10,1,1,Default,0.8636363636363636,1.0,Weak,"(1,1)"
LLVM,solver,1,10,1,1,MDAP_MF-DF-ALS-PCI,0.95,1.0,Weak,"(1,1)"
LLVM,solver,1,10,1,1,MDA_MF-DF-ALS,0.95,1.0,Weak,"(1,1)"
LLVM,solver,1,10,1,1,MDP_MF-DF-PCI,0.95,1.0,Weak,"(1,1)"
LLVM,solver,1,10,1,1,MD_MF-DF,0.95,1.0,Weak,"(1,1)"
LLVM,solver,1,10,1,1,PCI,0.8636363636363636,1.0,Weak,"(1,1)"
LLVM,solver,1,10,2,1,ALS,0.63,1.0,Weak,"(2,1)"
LLVM,solver,1,10,2,1,AP_ALS-PCI,0.663157894736842,1.0,Weak,"(2,1)"
LLVM,solver,1,10,2,1,Default,0.5701357466063348,1.0,Weak,"(2,1)"
LLVM,solver,1,10,2,1,MDAP_MF-DF-ALS-PCI,0.6999999999999998,1.0,Weak,"(2,1)"
LLVM,solver,1,10,2,1,MDA_MF-DF-ALS,0.6999999999999998,1.0,Weak,"(2,1)"
LLVM,solver,1,10,2,1,MDP_MF-DF-PCI,0.6999999999999998,1.0,Weak,"(2,1)"
LLVM,solver,1,10,2,1,MD_MF-DF,0.6999999999999998,1.0,Weak,"(2,1)"
LLVM,solver,1,10,2,1,PCI,0.5999999999999999,1.0,Weak,"(2,1)"
LLVM,solver,1,10,3,1,ALS,0.3894736842105263,1.0,Weak,"(3,1)"
LLVM,solver,1,10,3,1,AP_ALS-PCI,0.4417910447761194,1.0,Weak,"(3,1)"
LLVM,solver,1,10,3,1,Default,0.3313432835820895,1.0,Weak,"(3,1)"
LLVM,solver,1,10,3,1,MDAP_MF-DF-ALS-PCI,0.4625,1.0,Weak,"(3,1)"
LLVM,solver,1,10,3,1,MDA_MF-DF-ALS,0.4625,1.0,Weak,"(3,1)"
LLVM,solver,1,10,3,1,MDP_MF-DF-PCI,0.4625,1.0,Weak,"(3,1)"
LLVM,solver,1,10,3,1,MD_MF-DF,0.4625,1.0,Weak,"(3,1)"
LLVM,solver,1,10,3,1,PCI,0.3746835443037974,1.0,Weak,"(3,1)"
LLVM,solver,1,10,1,2,ALS,0.9047619047619048,1.0,Weak,"(1,1)"
LLVM,solver,1,10,1,2,AP_ALS-PCI,0.9047619047619048,1.0,Weak,"(1,1)"
LLVM,solver,1,10,1,2,Default,0.8636363636363636,1.0,Weak,"(1,1)"
LLVM,solver,1,10,1,2,MDAP_MF-DF-ALS-PCI,0.95,1.0,Weak,"(1,1)"
LLVM,solver,1,10,1,2,MDA_MF-DF-ALS,0.95,1.0,Weak,"(1,1)"
LLVM,solver,1,10,1,2,MDP_MF-DF-PCI,0.95,1.0,Weak,"(1,1)"
LLVM,solver,1,10,1,2,MD_MF-DF,0.95,1.0,Weak,"(1,1)"
LLVM,solver,1,10,1,2,PCI,0.8636363636363636,1.0,Weak,"(1,1)"
LLVM,solver,1,10,2,2,ALS,0.63,1.0,Weak,"(2,1)"
LLVM,solver,1,10,2,2,AP_ALS-PCI,0.663157894736842,1.0,Weak,"(2,1)"
LLVM,solver,1,10,2,2,Default,0.5701357466063348,1.0,Weak,"(2,1)"
LLVM,solver,1,10,2,2,MDAP_MF-DF-ALS-PCI,0.6999999999999998,1.0,Weak,"(2,1)"
LLVM,solver,1,10,2,2,MDA_MF-DF-ALS,0.6999999999999998,1.0,Weak,"(2,1)"
LLVM,solver,1,10,2,2,MDP_MF-DF-PCI,0.6999999999999998,1.0,Weak,"(2,1)"
LLVM,solver,1,10,2,2,MD_MF-DF,0.6999999999999998,1.0,Weak,"(2,1)"
LLVM,solver,1,10,2,2,PCI,0.5999999999999999,1.0,Weak,"(2,1)"
LLVM,solver,1,10,3,2,ALS,0.3894736842105263,1.0,Weak,"(3,1)"
LLVM,solver,1,10,3,2,AP_ALS-PCI,0.4417910447761194,1.0,Weak,"(3,1)"
LLVM,solver,1,10,3,2,Default,0.3313432835820895,1.0,Weak,"(3,1)"
LLVM,solver,1,10,3,2,MDAP_MF-DF-ALS-PCI,0.4625,1.0,Weak,"(3,1)"
LLVM,solver,1,10,3,2,MDA_MF-DF-ALS,0.4625,1.0,Weak,"(3,1)"
LLVM,solver,1,10,3,2,MDP_MF-DF-PCI,0.4625,1.0,Weak,"(3,1)"
LLVM,solver,1,10,3,2,MD_MF-DF,0.4625,1.0,Weak,"(3,1)"
LLVM,solver,1,10,3,2,PCI,0.3746835443037974,1.0,Weak,"(3,1)"
LLVM,random,2,10,1,1,ALS,1.0,1.0,Weak,"(1,2)"
LLVM,random,2,10,1,1,AP_ALS-PCI,1.0,1.0,Weak,"(1,2)"
LLVM,random,2,10,1,1,Default,1.0,1.0,Weak,"(1,2)"
LLVM,random,2,10,1,1,MDAP_MF-DF-ALS-PCI,1.0,1.0,Weak,"(1,2)"
LLVM,random,2,10,1,1,MDA_MF-DF-ALS,1.0,1.0,Weak,"(1,2)"
LLVM,random,2,10,1,1,MDP_MF-DF-PCI,1.0,1.0,Weak,"(1,2)"
LLVM,random,2,10,1,1,MD_MF-DF,1.0,1.0,Weak,"(1,2)"
LLVM,random,2,10,1,1,PCI,1.0,1.0,Weak,"(1,2)"
LLVM,random,2,10,2,1,ALS,0.975,1.0,Weak,"(2,2)"
LLVM,random,2,10,2,1,AP_ALS-PCI,0.9736842105263158,1.0,Weak,"(2,2)"
LLVM,random,2,10,2,1,Default,0.9773755656108596,1.0,Weak,"(2,2)"
LLVM,random,2,10,2,1,MDAP_MF-DF-ALS-PCI,0.9722222222222222,1.0,Weak,"(2,2)"
LLVM,random,2,10,2,1,MDA_MF-DF-ALS,0.9722222222222222,1.0,Weak,"(2,2)"
LLVM,random,2,10,2,1,MDP_MF-DF-PCI,0.9722222222222222,1.0,Weak,"(2,2)"
LLVM,random,2,10,2,1,MD_MF-DF,0.9722222222222222,1.0,Weak,"(2,2)"
LLVM,random,2,10,2,1,PCI,0.976190476190476,1.0,Weak,"(2,2)"
LLVM,random,2,10,3,1,ALS,0.7842105263157894,1.0,Weak,"(3,2)"
LLVM,random,2,10,3,1,AP_ALS-PCI,0.7601990049751243,1.0,Weak,"(3,2)"
LLVM,random,2,10,3,1,Default,0.812686567164179,1.0,Weak,"(3,2)"
LLVM,random,2,10,3,1,MDAP_MF-DF-ALS-PCI,0.7489583333333332,1.0,Weak,"(3,2)"
LLVM,random,2,10,3,1,MDA_MF-DF-ALS,0.7489583333333332,1.0,Weak,"(3,2)"
LLVM,random,2,10,3,1,MDP_MF-DF-PCI,0.7489583333333332,1.0,Weak,"(3,2)"
LLVM,random,2,10,3,1,MD_MF-DF,0.7489583333333332,1.0,Weak,"(3,2)"
LLVM,random,2,10,3,1,PCI,0.7924050632911392,1.0,Weak,"(3,2)"
LLVM,random,2,10,1,2,ALS,1.0,1.0,Weak,"(1,2)"
LLVM,random,2,10,1,2,AP_ALS-PCI,1.0,1.0,Weak,"(1,2)"
LLVM,random,2,10,1,2,Default,1.0,1.0,Weak,"(1,2)"
LLVM,random,2,10,1,2,MDAP_MF-DF-ALS-PCI,1.0,1.0,Weak,"(1,2)"
LLVM,random,2,10,1,2,MDA_MF-DF-ALS,1.0,1.0,Weak,"(1,2)"
LLVM,random,2,10,1,2,MDP_MF-DF-PCI,1.0,1.0,Weak,"(1,2)"
LLVM,random,2,10,1,2,MD_MF-DF,1.0,1.0,Weak,"(1,2)"
LLVM,random,2,10,1,2,PCI,1.0,1.0,Weak,"(1,2)"
LLVM,random,2,10,2,2,ALS,0.885,1.0,Weak,"(2,2)"
LLVM,random,2,10,2,2,AP_ALS-PCI,0.8789473684210525,1.0,Weak,"(2,2)"
LLVM,random,2,10,2,2,Default,0.8959276018099547,1.0,Weak,"(2,2)"
LLVM,random,2,10,2,2,MDAP_MF-DF-ALS-PCI,0.8722222222222222,1.0,Weak,"(2,2)"
LLVM,random,2,10,2,2,MDA_MF-DF-ALS,0.8722222222222222,1.0,Weak,"(2,2)"
LLVM,random,2,10,2,2,MDP_MF-DF-PCI,0.8722222222222222,1.0,Weak,"(2,2)"
LLVM,random,2,10,2,2,MD_MF-DF,0.8722222222222222,1.0,Weak,"(2,2)"
LLVM,random,2,10,2,2,PCI,0.8904761904761904,1.0,Weak,"(2,2)"
LLVM,random,2,10,3,2,ALS,0.6850877192982456,1.0,Weak,"(3,2)"
LLVM,random,2,10,3,2,AP_ALS-PCI,0.6606965174129353,1.0,Weak,"(3,2)"
LLVM,random,2,10,3,2,Default,0.7149253731343282,1.0,Weak,"(3,2)"
LLVM,random,2,10,3,2,MDAP_MF-DF-ALS-PCI,0.65,1.0,Weak,"(3,2)"
LLVM,random,2,10,3,2,MDA_MF-DF-ALS,0.65,1.0,Weak,"(3,2)"
LLVM,random,2,10,3,2,MDP_MF-DF-PCI,0.65,1.0,Weak,"(3,2)"
LLVM,random,2,10,3,2,MD_MF-DF,0.65,1.0,Weak,"(3,2)"
LLVM,random,2,10,3,2,PCI,0.6928270042194092,1.0,Weak,"(3,2)"
LLVM,distance,2,10,1,1,ALS,0.9523809523809524,1.0,Weak,"(1,2)"
LLVM,distance,2,10,1,1,AP_ALS-PCI,0.9523809523809524,1.0,Weak,"(1,2)"
LLVM,distance,2,10,1,1,Default,0.909090909090909,1.0,Weak,"(1,2)"
LLVM,distance,2,10,1,1,MDAP_MF-DF-ALS-PCI,0.95,1.0,Weak,"(1,2)"
LLVM,distance,2,10,1,1,MDA_MF-DF-ALS,0.95,1.0,Weak,"(1,2)"
LLVM,distance,2,10,1,1,MDP_MF-DF-PCI,0.95,1.0,Weak,"(1,2)"
LLVM,distance,2,10,1,1,MD_MF-DF,0.95,1.0,Weak,"(1,2)"
LLVM,distance,2,10,1,1,PCI,0.909090909090909,1.0,Weak,"(1,2)"
LLVM,distance,2,10,2,1,ALS,0.745,1.0,Weak,"(2,2)"
LLVM,distance,2,10,2,1,AP_ALS-PCI,0.7368421052631579,1.0,Weak,"(2,2)"
LLVM,distance,2,10,2,1,Default,0.6742081447963801,1.0,Weak,"(2,2)"
LLVM,distance,2,10,2,1,MDAP_MF-DF-ALS-PCI,0.75,1.0,Weak,"(2,2)"
LLVM,distance,2,10,2,1,MDA_MF-DF-ALS,0.75,1.0,Weak,"(2,2)"
LLVM,distance,2,10,2,1,MDP_MF-DF-PCI,0.75,1.0,Weak,"(2,2)"
LLVM,distance,2,10,2,1,MD_MF-DF,0.75,1.0,Weak,"(2,2)"
LLVM,distance,2,10,2,1,PCI,0.6666666666666666,1.0,Weak,"(2,2)"
LLVM,distance,2,10,3,1,ALS,0.4991228070175438,1.0,Weak,"(3,2)"
LLVM,distance,2,10,3,1,AP_ALS-PCI,0.4955223880597015,1.0,Weak,"(3,2)"
LLVM,distance,2,10,3,1,Default,0.4246268656716418,1.0,Weak,"(3,2)"
LLVM,distance,2,10,3,1,MDAP_MF-DF-ALS-PCI,0.5114583333333333,1.0,Weak,"(3,2)"
LLVM,distance,2,10,3,1,MDA_MF-DF-ALS,0.5114583333333333,1.0,Weak,"(3,2)"
LLVM,distance,2,10,3,1,MDP_MF-DF-PCI,0.5114583333333333,1.0,Weak,"(3,2)"
LLVM,distance,2,10,3,1,MD_MF-DF,0.5114583333333333,1.0,Weak,"(3,2)"
LLVM,distance,2,10,3,1,PCI,0.420253164556962,1.0,Weak,"(3,2)"
LLVM,distance,2,10,1,2,ALS,0.9523809523809524,1.0,Weak,"(1,2)"
LLVM,distance,2,10,1,2,AP_ALS-PCI,0.9523809523809524,1.0,Weak,"(1,2)"
LLVM,distance,2,10,1,2,Default,0.909090909090909,1.0,Weak,"(1,2)"
LLVM,distance,2,10,1,2,MDAP_MF-DF-ALS-PCI,0.95,1.0,Weak,"(1,2)"
LLVM,distance,2,10,1,2,MDA_MF-DF-ALS,0.95,1.0,Weak,"(1,2)"
LLVM,distance,2,10,1,2,MDP_MF-DF-PCI,0.95,1.0,Weak,"(1,2)"
LLVM,distance,2,10,1,2,MD_MF-DF,0.95,1.0,Weak,"(1,2)"
LLVM,distance,2,10,1,2,PCI,0.909090909090909,1.0,Weak,"(1,2)"
LLVM,distance,2,10,2,2,ALS,0.7049999999999998,1.0,Weak,"(2,2)"
LLVM,distance,2,10,2,2,AP_ALS-PCI,0.6947368421052632,1.0,Weak,"(2,2)"
LLVM,distance,2,10,2,2,Default,0.6380090497737556,1.0,Weak,"(2,2)"
LLVM,distance,2,10,2,2,MDAP_MF-DF-ALS-PCI,0.7222222222222222,1.0,Weak,"(2,2)"
LLVM,distance,2,10,2,2,MDA_MF-DF-ALS,0.7222222222222222,1.0,Weak,"(2,2)"
LLVM,distance,2,10,2,2,MDP_MF-DF-PCI,0.7222222222222222,1.0,Weak,"(2,2)"
LLVM,distance,2,10,2,2,MD_MF-DF,0.7222222222222222,1.0,Weak,"(2,2)"
LLVM,distance,2,10,2,2,PCI,0.6285714285714284,1.0,Weak,"(2,2)"
LLVM,distance,2,10,3,2,ALS,0.4491228070175438,1.0,Weak,"(3,2)"
LLVM,distance,2,10,3,2,AP_ALS-PCI,0.4567164179104477,1.0,Weak,"(3,2)"
LLVM,distance,2,10,3,2,Default,0.3820895522388059,1.0,Weak,"(3,2)"
LLVM,distance,2,10,3,2,MDAP_MF-DF-ALS-PCI,0.4770833333333333,1.0,Weak,"(3,2)"
LLVM,distance,2,10,3,2,MDA_MF-DF-ALS,0.4770833333333333,1.0,Weak,"(3,2)"
LLVM,distance,2,10,3,2,MDP_MF-DF-PCI,0.4770833333333333,1.0,Weak,"(3,2)"
LLVM,distance,2,10,3,2,MD_MF-DF,0.4770833333333333,1.0,Weak,"(3,2)"
LLVM,distance,2,10,3,2,PCI,0.3873417721518987,1.0,Weak,"(3,2)"
LLVM,solver,2,10,1,1,ALS,0.9047619047619048,1.0,Weak,"(1,2)"
LLVM,solver,2,10,1,1,AP_ALS-PCI,0.9047619047619048,1.0,Weak,"(1,2)"
LLVM,solver,2,10,1,1,Default,0.8636363636363636,1.0,Weak,"(1,2)"
LLVM,solver,2,10,1,1,MDAP_MF-DF-ALS-PCI,0.95,1.0,Weak,"(1,2)"
LLVM,solver,2,10,1,1,MDA_MF-DF-ALS,0.95,1.0,Weak,"(1,2)"
LLVM,solver,2,10,1,1,MDP_MF-DF-PCI,0.95,1.0,Weak,"(1,2)"
LLVM,solver,2,10,1,1,MD_MF-DF,0.95,1.0,Weak,"(1,2)"
LLVM,solver,2,10,1,1,PCI,0.8636363636363636,1.0,Weak,"(1,2)"
LLVM,solver,2,10,2,1,ALS,0.63,1.0,Weak,"(2,2)"
LLVM,solver,2,10,2,1,AP_ALS-PCI,0.663157894736842,1.0,Weak,"(2,2)"
LLVM,solver,2,10,2,1,Default,0.5701357466063348,1.0,Weak,"(2,2)"
LLVM,solver,2,10,2,1,MDAP_MF-DF-ALS-PCI,0.6999999999999998,1.0,Weak,"(2,2)"
LLVM,solver,2,10,2,1,MDA_MF-DF-ALS,0.6999999999999998,1.0,Weak,"(2,2)"
LLVM,solver,2,10,2,1,MDP_MF-DF-PCI,0.6999999999999998,1.0,Weak,"(2,2)"
LLVM,solver,2,10,2,1,MD_MF-DF,0.6999999999999998,1.0,Weak,"(2,2)"
LLVM,solver,2,10,2,1,PCI,0.5999999999999999,1.0,Weak,"(2,2)"
LLVM,solver,2,10,3,1,ALS,0.3894736842105263,1.0,Weak,"(3,2)"
LLVM,solver,2,10,3,1,AP_ALS-PCI,0.4417910447761194,1.0,Weak,"(3,2)"
LLVM,solver,2,10,3,1,Default,0.3313432835820895,1.0,Weak,"(3,2)"
LLVM,solver,2,10,3,1,MDAP_MF-DF-ALS-PCI,0.4625,1.0,Weak,"(3,2)"
LLVM,solver,2,10,3,1,MDA_MF-DF-ALS,0.4625,1.0,Weak,"(3,2)"
LLVM,solver,2,10,3,1,MDP_MF-DF-PCI,0.4625,1.0,Weak,"(3,2)"
LLVM,solver,2,10,3,1,MD_MF-DF,0.4625,1.0,Weak,"(3,2)"
LLVM,solver,2,10,3,1,PCI,0.3746835443037974,1.0,Weak,"(3,2)"
LLVM,solver,2,10,1,2,ALS,0.9047619047619048,1.0,Weak,"(1,2)"
LLVM,solver,2,10,1,2,AP_ALS-PCI,0.9047619047619048,1.0,Weak,"(1,2)"
LLVM,solver,2,10,1,2,Default,0.8636363636363636,1.0,Weak,"(1,2)"
LLVM,solver,2,10,1,2,MDAP_MF-DF-ALS-PCI,0.95,1.0,Weak,"(1,2)"
LLVM,solver,2,10,1,2,MDA_MF-DF-ALS,0.95,1.0,Weak,"(1,2)"
LLVM,solver,2,10,1,2,MDP_MF-DF-PCI,0.95,1.0,Weak,"(1,2)"
LLVM,solver,2,10,1,2,MD_MF-DF,0.95,1.0,Weak,"(1,2)"
LLVM,solver,2,10,1,2,PCI,0.8636363636363636,1.0,Weak,"(1,2)"
LLVM,solver,2,10,2,2,ALS,0.63,1.0,Weak,"(2,2)"
LLVM,solver,2,10,2,2,AP_ALS-PCI,0.663157894736842,1.0,Weak,"(2,2)"
LLVM,solver,2,10,2,2,Default,0.5701357466063348,1.0,Weak,"(2,2)"
LLVM,solver,2,10,2,2,MDAP_MF-DF-ALS-PCI,0.6999999999999998,1.0,Weak,"(2,2)"
LLVM,solver,2,10,2,2,MDA_MF-DF-ALS,0.6999999999999998,1.0,Weak,"(2,2)"
LLVM,solver,2,10,2,2,MDP_MF-DF-PCI,0.6999999999999998,1.0,Weak,"(2,2)"
LLVM,solver,2,10,2,2,MD_MF-DF,0.6999999999999998,1.0,Weak,"(2,2)"
LLVM,solver,2,10,2,2,PCI,0.5999999999999999,1.0,Weak,"(2,2)"
LLVM,solver,2,10,3,2,ALS,0.3894736842105263,1.0,Weak,"(3,2)"
LLVM,solver,2,10,3,2,AP_ALS-PCI,0.4417910447761194,1.0,Weak,"(3,2)"
LLVM,solver,2,10,3,2,Default,0.3313432835820895,1.0,Weak,"(3,2)"
LLVM,solver,2,10,3,2,MDAP_MF-DF-ALS-PCI,0.4625,1.0,Weak,"(3,2)"
LLVM,solver,2,10,3,2,MDA_MF-DF-ALS,0.4625,1.0,Weak,"(3,2)"
LLVM,solver,2,10,3,2,MDP_MF-DF-PCI,0.4625,1.0,Weak,"(3,2)"
LLVM,solver,2,10,3,2,MD_MF-DF,0.4625,1.0,Weak,"(3,2)"
LLVM,solver,2,10,3,2,PCI,0.3746835443037974,1.0,Weak,"(3,2)"
lrzip,random,1,10,1,1,ALS,0.9189189189189187,0.0016479492,Very Strong,"(1,1)"
lrzip,random,1,10,1,1,AP_ALS-PCI,0.9189189189189187,0.0016479492,Very Strong,"(1,1)"
lrzip,random,1,10,1,1,Default,0.9210526315789472,0.0016479492,Very Strong,"(1,1)"
lrzip,random,1,10,1,1,MDAP_MF-DF-ALS-PCI,0.9166666666666666,0.0016479492,Very Strong,"(1,1)"
lrzip,random,1,10,1,1,MDA_MF-DF-ALS,0.9166666666666666,0.0016479492,Very Strong,"(1,1)"
lrzip,random,1,10,1,1,MDP_MF-DF-PCI,0.9166666666666666,0.0016479492,Very Strong,"(1,1)"
lrzip,random,1,10,1,1,MD_MF-DF,0.9166666666666666,0.0016479492,Very Strong,"(1,1)"
lrzip,random,1,10,1,1,PCI,0.9210526315789472,0.0016479492,Very Strong,"(1,1)"
lrzip,random,1,10,2,1,ALS,0.7604690117252931,0.0016479492,Very Strong,"(2,1)"
lrzip,random,1,10,2,1,AP_ALS-PCI,0.7585034013605441,0.0016479492,Very Strong,"(2,1)"
lrzip,random,1,10,2,1,Default,0.7697160883280757,0.0016479492,Very Strong,"(2,1)"
lrzip,random,1,10,2,1,MDAP_MF-DF-ALS-PCI,0.75,0.0016479492,Very Strong,"(2,1)"
lrzip,random,1,10,2,1,MDA_MF-DF-ALS,0.750445632798574,0.0016479492,Very Strong,"(2,1)"
lrzip,random,1,10,2,1,MDP_MF-DF-PCI,0.75,0.0016479492,Very Strong,"(2,1)"
lrzip,random,1,10,2,1,MD_MF-DF,0.750445632798574,0.0016479492,Very Strong,"(2,1)"
lrzip,random,1,10,2,1,PCI,0.767479674796748,0.0016479492,Very Strong,"(2,1)"
lrzip,random,1,10,3,1,ALS,0.6114739629302735,0.0016479492,Very Strong,"(3,1)"
lrzip,random,1,10,3,1,AP_ALS-PCI,0.6075996292863762,0.0016479492,Very Strong,"(3,1)"
lrzip,random,1,10,3,1,Default,0.6256786969019482,0.0016479492,Very Strong,"(3,1)"
lrzip,random,1,10,3,1,MDAP_MF-DF-ALS-PCI,0.5975020145044319,0.0016479492,Very Strong,"(3,1)"
lrzip,random,1,10,3,1,MDA_MF-DF-ALS,0.5961990595611285,0.0016479492,Very Strong,"(3,1)"
lrzip,random,1,10,3,1,MDP_MF-DF-PCI,0.5975020145044319,0.0016479492,Very Strong,"(3,1)"
lrzip,random,1,10,3,1,MD_MF-DF,0.5961990595611285,0.0016479492,Very Strong,"(3,1)"
lrzip,random,1,10,3,1,PCI,0.6241035508133636,0.0016479492,Very Strong,"(3,1)"
lrzip,random,1,10,1,2,ALS,0.9189189189189187,0.0016479492,Very Strong,"(1,1)"
lrzip,random,1,10,1,2,AP_ALS-PCI,0.9189189189189187,0.0016479492,Very Strong,"(1,1)"
lrzip,random,1,10,1,2,Default,0.9210526315789472,0.0016479492,Very Strong,"(1,1)"
lrzip,random,1,10,1,2,MDAP_MF-DF-ALS-PCI,0.9166666666666666,0.0016479492,Very Strong,"(1,1)"
lrzip,random,1,10,1,2,MDA_MF-DF-ALS,0.9166666666666666,0.0016479492,Very Strong,"(1,1)"
lrzip,random,1,10,1,2,MDP_MF-DF-PCI,0.9166666666666666,0.0016479492,Very Strong,"(1,1)"
lrzip,random,1,10,1,2,MD_MF-DF,0.9166666666666666,0.0016479492,Very Strong,"(1,1)"
lrzip,random,1,10,1,2,PCI,0.9210526315789472,0.0016479492,Very Strong,"(1,1)"
lrzip,random,1,10,2,2,ALS,0.7638190954773869,0.0016479492,Very Strong,"(2,1)"
lrzip,random,1,10,2,2,AP_ALS-PCI,0.7636054421768707,0.0016479492,Very Strong,"(2,1)"
lrzip,random,1,10,2,2,Default,0.7728706624605677,0.0016479492,Very Strong,"(2,1)"
lrzip,random,1,10,2,2,MDAP_MF-DF-ALS-PCI,0.7553956834532373,0.0016479492,Very Strong,"(2,1)"
lrzip,random,1,10,2,2,MDA_MF-DF-ALS,0.7540106951871657,0.0016479492,Very Strong,"(2,1)"
lrzip,random,1,10,2,2,MDP_MF-DF-PCI,0.7553956834532373,0.0016479492,Very Strong,"(2,1)"
lrzip,random,1,10,2,2,MD_MF-DF,0.7540106951871657,0.0016479492,Very Strong,"(2,1)"
lrzip,random,1,10,2,2,PCI,0.7707317073170731,0.0016479492,Very Strong,"(2,1)"
lrzip,random,1,10,3,2,ALS,0.616946160635481,0.0016479492,Very Strong,"(3,1)"
lrzip,random,1,10,3,2,AP_ALS-PCI,0.6176088971269694,0.0016479492,Very Strong,"(3,1)"
lrzip,random,1,10,3,2,Default,0.6309485787288405,0.0016479492,Very Strong,"(3,1)"
lrzip,random,1,10,3,2,MDAP_MF-DF-ALS-PCI,0.6069701853344077,0.0016479492,Very Strong,"(3,1)"
lrzip,random,1,10,3,2,MDA_MF-DF-ALS,0.6018808777429467,0.0016479492,Very Strong,"(3,1)"
lrzip,random,1,10,3,2,MDP_MF-DF-PCI,0.6069701853344077,0.0016479492,Very Strong,"(3,1)"
lrzip,random,1,10,3,2,MD_MF-DF,0.6018808777429467,0.0016479492,Very Strong,"(3,1)"
lrzip,random,1,10,3,2,PCI,0.63145006122092,0.0016479492,Very Strong,"(3,1)"
lrzip,distance,1,10,1,1,ALS,0.7837837837837837,0.0016479492,Very Strong,"(1,1)"
lrzip,distance,1,10,1,1,AP_ALS-PCI,0.7837837837837837,0.0016479492,Very Strong,"(1,1)"
lrzip,distance,1,10,1,1,Default,0.7631578947368421,0.0016479492,Very Strong,"(1,1)"
lrzip,distance,1,10,1,1,MDAP_MF-DF-ALS-PCI,0.7777777777777777,0.0016479492,Very Strong,"(1,1)"
lrzip,distance,1,10,1,1,MDA_MF-DF-ALS,0.7777777777777777,0.0016479492,Very Strong,"(1,1)"
lrzip,distance,1,10,1,1,MDP_MF-DF-PCI,0.7777777777777777,0.0016479492,Very Strong,"(1,1)"
lrzip,distance,1,10,1,1,MD_MF-DF,0.7777777777777777,0.0016479492,Very Strong,"(1,1)"
lrzip,distance,1,10,1,1,PCI,0.7631578947368421,0.0016479492,Very Strong,"(1,1)"
lrzip,distance,1,10,2,1,ALS,0.559463986599665,0.0016479492,Very Strong,"(2,1)"
lrzip,distance,1,10,2,1,AP_ALS-PCI,0.5612244897959183,0.0016479492,Very Strong,"(2,1)"
lrzip,distance,1,10,2,1,Default,0.526813880126183,0.0016479492,Very Strong,"(2,1)"
lrzip,distance,1,10,2,1,MDAP_MF-DF-ALS-PCI,0.5557553956834532,0.0016479492,Very Strong,"(2,1)"
lrzip,distance,1,10,2,1,MDA_MF-DF-ALS,0.552584670231729,0.0016479492,Very Strong,"(2,1)"
lrzip,distance,1,10,2,1,MDP_MF-DF-PCI,0.5557553956834532,0.0016479492,Very Strong,"(2,1)"
lrzip,distance,1,10,2,1,MD_MF-DF,0.552584670231729,0.0016479492,Very Strong,"(2,1)"
lrzip,distance,1,10,2,1,PCI,0.5365853658536585,0.0016479492,Very Strong,"(2,1)"
lrzip,distance,1,10,3,1,ALS,0.3881729920564872,0.0016479492,Very Strong,"(3,1)"
lrzip,distance,1,10,3,1,AP_ALS-PCI,0.3948100092678406,0.0016479492,Very Strong,"(3,1)"
lrzip,distance,1,10,3,1,Default,0.351165761737464,0.0016479492,Very Strong,"(3,1)"
lrzip,distance,1,10,3,1,MDAP_MF-DF-ALS-PCI,0.3928283642224013,0.0016479492,Very Strong,"(3,1)"
lrzip,distance,1,10,3,1,MDA_MF-DF-ALS,0.3849921630094043,0.0016479492,Very Strong,"(3,1)"
lrzip,distance,1,10,3,1,MDP_MF-DF-PCI,0.3928283642224013,0.0016479492,Very Strong,"(3,1)"
lrzip,distance,1,10,3,1,MD_MF-DF,0.3849921630094043,0.0016479492,Very Strong,"(3,1)"
lrzip,distance,1,10,3,1,PCI,0.3725730278117894,0.0016479492,Very Strong,"(3,1)"
lrzip,distance,1,10,1,2,ALS,0.7297297297297297,0.0016479492,Very Strong,"(1,1)"
lrzip,distance,1,10,1,2,AP_ALS-PCI,0.7297297297297297,0.0016479492,Very Strong,"(1,1)"
lrzip,distance,1,10,1,2,Default,0.7105263157894736,0.0016479492,Very Strong,"(1,1)"
lrzip,distance,1,10,1,2,MDAP_MF-DF-ALS-PCI,0.7222222222222222,0.0016479492,Very Strong,"(1,1)"
lrzip,distance,1,10,1,2,MDA_MF-DF-ALS,0.7222222222222222,0.0016479492,Very Strong,"(1,1)"
lrzip,distance,1,10,1,2,MDP_MF-DF-PCI,0.7222222222222222,0.0016479492,Very Strong,"(1,1)"
lrzip,distance,1,10,1,2,MD_MF-DF,0.7222222222222222,0.0016479492,Very Strong,"(1,1)"
lrzip,distance,1,10,1,2,PCI,0.7105263157894736,0.0016479492,Very Strong,"(1,1)"
lrzip,distance,1,10,2,2,ALS,0.5175879396984924,0.0016479492,Very Strong,"(2,1)"
lrzip,distance,1,10,2,2,AP_ALS-PCI,0.5187074829931972,0.0016479492,Very Strong,"(2,1)"
lrzip,distance,1,10,2,2,Default,0.4873817034700315,0.0016479492,Very Strong,"(2,1)"
lrzip,distance,1,10,2,2,MDAP_MF-DF-ALS-PCI,0.5089928057553957,0.0016479492,Very Strong,"(2,1)"
lrzip,distance,1,10,2,2,MDA_MF-DF-ALS,0.5062388591800356,0.0016479492,Very Strong,"(2,1)"
lrzip,distance,1,10,2,2,MDP_MF-DF-PCI,0.5089928057553957,0.0016479492,Very Strong,"(2,1)"
lrzip,distance,1,10,2,2,MD_MF-DF,0.5062388591800356,0.0016479492,Very Strong,"(2,1)"
lrzip,distance,1,10,2,2,PCI,0.4959349593495934,0.0016479492,Very Strong,"(2,1)"
lrzip,distance,1,10,3,2,ALS,0.3650485436893203,0.0016479492,Very Strong,"(3,1)"
lrzip,distance,1,10,3,2,AP_ALS-PCI,0.3690454124189063,0.0016479492,Very Strong,"(3,1)"
lrzip,distance,1,10,3,2,Default,0.3302459278185883,0.0016479492,Very Strong,"(3,1)"
lrzip,distance,1,10,3,2,MDAP_MF-DF-ALS-PCI,0.3601933924254633,0.0016479492,Very Strong,"(3,1)"
lrzip,distance,1,10,3,2,MDA_MF-DF-ALS,0.3532523510971786,0.0016479492,Very Strong,"(3,1)"
lrzip,distance,1,10,3,2,MDP_MF-DF-PCI,0.3601933924254633,0.0016479492,Very Strong,"(3,1)"
lrzip,distance,1,10,3,2,MD_MF-DF,0.3532523510971786,0.0016479492,Very Strong,"(3,1)"
lrzip,distance,1,10,3,2,PCI,0.348259576701067,0.0016479492,Very Strong,"(3,1)"
lrzip,solver,1,10,1,1,ALS,0.6486486486486486,0.0016479492,Very Strong,"(1,1)"
lrzip,solver,1,10,1,1,AP_ALS-PCI,0.6486486486486486,0.0016479492,Very Strong,"(1,1)"
lrzip,solver,1,10,1,1,Default,0.6578947368421053,0.0016479492,Very Strong,"(1,1)"
lrzip,solver,1,10,1,1,MDAP_MF-DF-ALS-PCI,0.6388888888888888,0.0016479492,Very Strong,"(1,1)"
lrzip,solver,1,10,1,1,MDA_MF-DF-ALS,0.6388888888888888,0.0016479492,Very Strong,"(1,1)"
lrzip,solver,1,10,1,1,MDP_MF-DF-PCI,0.6388888888888888,0.0016479492,Very Strong,"(1,1)"
lrzip,solver,1,10,1,1,MD_MF-DF,0.6388888888888888,0.0016479492,Very Strong,"(1,1)"
lrzip,solver,1,10,1,1,PCI,0.6578947368421053,0.0016479492,Very Strong,"(1,1)"
lrzip,solver,1,10,2,1,ALS,0.4237855946398659,0.0016479492,Very Strong,"(2,1)"
lrzip,solver,1,10,2,1,AP_ALS-PCI,0.4268707482993197,0.0016479492,Very Strong,"(2,1)"
lrzip,solver,1,10,2,1,Default,0.4290220820189274,0.0016479492,Very Strong,"(2,1)"
lrzip,solver,1,10,2,1,MDAP_MF-DF-ALS-PCI,0.4190647482014388,0.0016479492,Very Strong,"(2,1)"
lrzip,solver,1,10,2,1,MDA_MF-DF-ALS,0.4153297682709447,0.0016479492,Very Strong,"(2,1)"
lrzip,solver,1,10,2,1,MDP_MF-DF-PCI,0.4190647482014388,0.0016479492,Very Strong,"(2,1)"
lrzip,solver,1,10,2,1,MD_MF-DF,0.4153297682709447,0.0016479492,Very Strong,"(2,1)"
lrzip,solver,1,10,2,1,PCI,0.4390243902439024,0.0016479492,Very Strong,"(2,1)"
lrzip,solver,1,10,3,1,ALS,0.2806707855251544,0.0016479492,Very Strong,"(3,1)"
lrzip,solver,1,10,3,1,AP_ALS-PCI,0.288044485634847,0.0016479492,Very Strong,"(3,1)"
lrzip,solver,1,10,3,1,Default,0.2805812839348451,0.0016479492,Very Strong,"(3,1)"
lrzip,solver,1,10,3,1,MDAP_MF-DF-ALS-PCI,0.2838436744560838,0.0016479492,Very Strong,"(3,1)"
lrzip,solver,1,10,3,1,MDA_MF-DF-ALS,0.2760579937304075,0.0016479492,Very Strong,"(3,1)"
lrzip,solver,1,10,3,1,MDP_MF-DF-PCI,0.2838436744560838,0.0016479492,Very Strong,"(3,1)"
lrzip,solver,1,10,3,1,MD_MF-DF,0.2760579937304075,0.0016479492,Very Strong,"(3,1)"
lrzip,solver,1,10,3,1,PCI,0.3010320097953472,0.0016479492,Very Strong,"(3,1)"
lrzip,solver,1,10,1,2,ALS,0.6486486486486486,0.0016479492,Very Strong,"(1,1)"
lrzip,solver,1,10,1,2,AP_ALS-PCI,0.6486486486486486,0.0016479492,Very Strong,"(1,1)"
lrzip,solver,1,10,1,2,Default,0.6578947368421053,0.0016479492,Very Strong,"(1,1)"
lrzip,solver,1,10,1,2,MDAP_MF-DF-ALS-PCI,0.6388888888888888,0.0016479492,Very Strong,"(1,1)"
lrzip,solver,1,10,1,2,MDA_MF-DF-ALS,0.6388888888888888,0.0016479492,Very Strong,"(1,1)"
lrzip,solver,1,10,1,2,MDP_MF-DF-PCI,0.6388888888888888,0.0016479492,Very Strong,"(1,1)"
lrzip,solver,1,10,1,2,MD_MF-DF,0.6388888888888888,0.0016479492,Very Strong,"(1,1)"
lrzip,solver,1,10,1,2,PCI,0.6578947368421053,0.0016479492,Very Strong,"(1,1)"
lrzip,solver,1,10,2,2,ALS,0.4254606365159128,0.0016479492,Very Strong,"(2,1)"
lrzip,solver,1,10,2,2,AP_ALS-PCI,0.4268707482993197,0.0016479492,Very Strong,"(2,1)"
lrzip,solver,1,10,2,2,Default,0.4305993690851734,0.0016479492,Very Strong,"(2,1)"
lrzip,solver,1,10,2,2,MDAP_MF-DF-ALS-PCI,0.4208633093525179,0.0016479492,Very Strong,"(2,1)"
lrzip,solver,1,10,2,2,MDA_MF-DF-ALS,0.4171122994652406,0.0016479492,Very Strong,"(2,1)"
lrzip,solver,1,10,2,2,MDP_MF-DF-PCI,0.4208633093525179,0.0016479492,Very Strong,"(2,1)"
lrzip,solver,1,10,2,2,MD_MF-DF,0.4171122994652406,0.0016479492,Very Strong,"(2,1)"
lrzip,solver,1,10,2,2,PCI,0.4390243902439024,0.0016479492,Very Strong,"(2,1)"
lrzip,solver,1,10,3,2,ALS,0.2834951456310679,0.0016479492,Very Strong,"(3,1)"
lrzip,solver,1,10,3,2,AP_ALS-PCI,0.2884151992585727,0.0016479492,Very Strong,"(3,1)"
lrzip,solver,1,10,3,2,Default,0.2831363781539444,0.0016479492,Very Strong,"(3,1)"
lrzip,solver,1,10,3,2,MDAP_MF-DF-ALS-PCI,0.2868654311039484,0.0016479492,Very Strong,"(3,1)"
lrzip,solver,1,10,3,2,MDA_MF-DF-ALS,0.2789968652037617,0.0016479492,Very Strong,"(3,1)"
lrzip,solver,1,10,3,2,MDP_MF-DF-PCI,0.2868654311039484,0.0016479492,Very Strong,"(3,1)"
lrzip,solver,1,10,3,2,MD_MF-DF,0.2789968652037617,0.0016479492,Very Strong,"(3,1)"
lrzip,solver,1,10,3,2,PCI,0.3013818436242784,0.0016479492,Very Strong,"(3,1)"
lrzip,random,2,10,1,1,ALS,0.9189189189189187,0.0016479492,Very Strong,"(1,2)"
lrzip,random,2,10,1,1,AP_ALS-PCI,0.9189189189189187,0.0016479492,Very Strong,"(1,2)"
lrzip,random,2,10,1,1,Default,0.9210526315789472,0.0016479492,Very Strong,"(1,2)"
lrzip,random,2,10,1,1,MDAP_MF-DF-ALS-PCI,0.9166666666666666,0.0016479492,Very Strong,"(1,2)"
lrzip,random,2,10,1,1,MDA_MF-DF-ALS,0.9166666666666666,0.0016479492,Very Strong,"(1,2)"
lrzip,random,2,10,1,1,MDP_MF-DF-PCI,0.9166666666666666,0.0016479492,Very Strong,"(1,2)"
lrzip,random,2,10,1,1,MD_MF-DF,0.9166666666666666,0.0016479492,Very Strong,"(1,2)"
lrzip,random,2,10,1,1,PCI,0.9210526315789472,0.0016479492,Very Strong,"(1,2)"
lrzip,random,2,10,2,1,ALS,0.7638190954773869,0.0016479492,Very Strong,"(2,2)"
lrzip,random,2,10,2,1,AP_ALS-PCI,0.760204081632653,0.0016479492,Very Strong,"(2,2)"
lrzip,random,2,10,2,1,Default,0.7728706624605677,0.0016479492,Very Strong,"(2,2)"
lrzip,random,2,10,2,1,MDAP_MF-DF-ALS-PCI,0.7517985611510791,0.0016479492,Very Strong,"(2,2)"
lrzip,random,2,10,2,1,MDA_MF-DF-ALS,0.7540106951871657,0.0016479492,Very Strong,"(2,2)"
lrzip,random,2,10,2,1,MDP_MF-DF-PCI,0.7517985611510791,0.0016479492,Very Strong,"(2,2)"
lrzip,random,2,10,2,1,MD_MF-DF,0.7540106951871657,0.0016479492,Very Strong,"(2,2)"
lrzip,random,2,10,2,1,PCI,0.7707317073170731,0.0016479492,Very Strong,"(2,2)"
lrzip,random,2,10,3,1,ALS,0.6134157105030891,0.0016479492,Very Strong,"(3,2)"
lrzip,random,2,10,3,1,AP_ALS-PCI,0.6090824837812789,0.0016479492,Very Strong,"(3,2)"
lrzip,random,2,10,3,1,Default,0.6277547109549664,0.0016479492,Very Strong,"(3,2)"
lrzip,random,2,10,3,1,MDAP_MF-DF-ALS-PCI,0.5973005640612408,0.0016479492,Very Strong,"(3,2)"
lrzip,random,2,10,3,1,MDA_MF-DF-ALS,0.5979623824451411,0.0016479492,Very Strong,"(3,2)"
lrzip,random,2,10,3,1,MDP_MF-DF-PCI,0.5973005640612408,0.0016479492,Very Strong,"(3,2)"
lrzip,random,2,10,3,1,MD_MF-DF,0.5979623824451411,0.0016479492,Very Strong,"(3,2)"
lrzip,random,2,10,3,1,PCI,0.6277768060171418,0.0016479492,Very Strong,"(3,2)"
lrzip,random,2,10,1,2,ALS,0.8648648648648649,0.0016479492,Very Strong,"(1,2)"
lrzip,random,2,10,1,2,AP_ALS-PCI,0.8648648648648649,0.0016479492,Very Strong,"(1,2)"
lrzip,random,2,10,1,2,Default,0.8684210526315789,0.0016479492,Very Strong,"(1,2)"
lrzip,random,2,10,1,2,MDAP_MF-DF-ALS-PCI,0.861111111111111,0.0016479492,Very Strong,"(1,2)"
lrzip,random,2,10,1,2,MDA_MF-DF-ALS,0.861111111111111,0.0016479492,Very Strong,"(1,2)"
lrzip,random,2,10,1,2,MDP_MF-DF-PCI,0.861111111111111,0.0016479492,Very Strong,"(1,2)"
lrzip,random,2,10,1,2,MD_MF-DF,0.861111111111111,0.0016479492,Very Strong,"(1,2)"
lrzip,random,2,10,1,2,PCI,0.8684210526315789,0.0016479492,Very Strong,"(1,2)"
lrzip,random,2,10,2,2,ALS,0.7135678391959798,0.0016479492,Very Strong,"(2,2)"
lrzip,random,2,10,2,2,AP_ALS-PCI,0.7125850340136054,0.0016479492,Very Strong,"(2,2)"
lrzip,random,2,10,2,2,Default,0.7223974763406938,0.0016479492,Very Strong,"(2,2)"
lrzip,random,2,10,2,2,MDAP_MF-DF-ALS-PCI,0.7050359712230215,0.0016479492,Very Strong,"(2,2)"
lrzip,random,2,10,2,2,MDA_MF-DF-ALS,0.7040998217468805,0.0016479492,Very Strong,"(2,2)"
lrzip,random,2,10,2,2,MDP_MF-DF-PCI,0.7050359712230215,0.0016479492,Very Strong,"(2,2)"
lrzip,random,2,10,2,2,MD_MF-DF,0.7040998217468805,0.0016479492,Very Strong,"(2,2)"
lrzip,random,2,10,2,2,PCI,0.7219512195121951,0.0016479492,Very Strong,"(2,2)"
lrzip,random,2,10,3,2,ALS,0.5784642541924095,0.0016479492,Very Strong,"(3,2)"
lrzip,random,2,10,3,2,AP_ALS-PCI,0.5775718257645968,0.0016479492,Very Strong,"(3,2)"
lrzip,random,2,10,3,2,Default,0.591344618332801,0.0016479492,Very Strong,"(3,2)"
lrzip,random,2,10,3,2,MDAP_MF-DF-ALS-PCI,0.5686946011281225,0.0016479492,Very Strong,"(3,2)"
lrzip,random,2,10,3,2,MDA_MF-DF-ALS,0.5646551724137931,0.0016479492,Very Strong,"(3,2)"
lrzip,random,2,10,3,2,MDP_MF-DF-PCI,0.5686946011281225,0.0016479492,Very Strong,"(3,2)"
lrzip,random,2,10,3,2,MD_MF-DF,0.5646551724137931,0.0016479492,Very Strong,"(3,2)"
lrzip,random,2,10,3,2,PCI,0.5933181738674129,0.0016479492,Very Strong,"(3,2)"
lrzip,distance,2,10,1,1,ALS,0.7837837837837837,0.0016479492,Very Strong,"(1,2)"
lrzip,distance,2,10,1,1,AP_ALS-PCI,0.7837837837837837,0.0016479492,Very Strong,"(1,2)"
lrzip,distance,2,10,1,1,Default,0.7631578947368421,0.0016479492,Very Strong,"(1,2)"
lrzip,distance,2,10,1,1,MDAP_MF-DF-ALS-PCI,0.7777777777777777,0.0016479492,Very Strong,"(1,2)"
lrzip,distance,2,10,1,1,MDA_MF-DF-ALS,0.7777777777777777,0.0016479492,Very Strong,"(1,2)"
lrzip,distance,2,10,1,1,MDP_MF-DF-PCI,0.7777777777777777,0.0016479492,Very Strong,"(1,2)"
lrzip,distance,2,10,1,1,MD_MF-DF,0.7777777777777777,0.0016479492,Very Strong,"(1,2)"
lrzip,distance,2,10,1,1,PCI,0.7631578947368421,0.0016479492,Very Strong,"(1,2)"
lrzip,distance,2,10,2,1,ALS,0.559463986599665,0.0016479492,Very Strong,"(2,2)"
lrzip,distance,2,10,2,1,AP_ALS-PCI,0.5612244897959183,0.0016479492,Very Strong,"(2,2)"
lrzip,distance,2,10,2,1,Default,0.526813880126183,0.0016479492,Very Strong,"(2,2)"
lrzip,distance,2,10,2,1,MDAP_MF-DF-ALS-PCI,0.5557553956834532,0.0016479492,Very Strong,"(2,2)"
lrzip,distance,2,10,2,1,MDA_MF-DF-ALS,0.552584670231729,0.0016479492,Very Strong,"(2,2)"
lrzip,distance,2,10,2,1,MDP_MF-DF-PCI,0.5557553956834532,0.0016479492,Very Strong,"(2,2)"
lrzip,distance,2,10,2,1,MD_MF-DF,0.552584670231729,0.0016479492,Very Strong,"(2,2)"
lrzip,distance,2,10,2,1,PCI,0.5365853658536585,0.0016479492,Very Strong,"(2,2)"
lrzip,distance,2,10,3,1,ALS,0.3881729920564872,0.0016479492,Very Strong,"(3,2)"
lrzip,distance,2,10,3,1,AP_ALS-PCI,0.3948100092678406,0.0016479492,Very Strong,"(3,2)"
lrzip,distance,2,10,3,1,Default,0.351165761737464,0.0016479492,Very Strong,"(3,2)"
lrzip,distance,2,10,3,1,MDAP_MF-DF-ALS-PCI,0.3928283642224013,0.0016479492,Very Strong,"(3,2)"
lrzip,distance,2,10,3,1,MDA_MF-DF-ALS,0.3849921630094043,0.0016479492,Very Strong,"(3,2)"
lrzip,distance,2,10,3,1,MDP_MF-DF-PCI,0.3928283642224013,0.0016479492,Very Strong,"(3,2)"
lrzip,distance,2,10,3,1,MD_MF-DF,0.3849921630094043,0.0016479492,Very Strong,"(3,2)"
lrzip,distance,2,10,3,1,PCI,0.3725730278117894,0.0016479492,Very Strong,"(3,2)"
lrzip,distance,2,10,1,2,ALS,0.7297297297297297,0.0016479492,Very Strong,"(1,2)"
lrzip,distance,2,10,1,2,AP_ALS-PCI,0.7297297297297297,0.0016479492,Very Strong,"(1,2)"
lrzip,distance,2,10,1,2,Default,0.7105263157894736,0.0016479492,Very Strong,"(1,2)"
lrzip,distance,2,10,1,2,MDAP_MF-DF-ALS-PCI,0.7222222222222222,0.0016479492,Very Strong,"(1,2)"
lrzip,distance,2,10,1,2,MDA_MF-DF-ALS,0.7222222222222222,0.0016479492,Very Strong,"(1,2)"
lrzip,distance,2,10,1,2,MDP_MF-DF-PCI,0.7222222222222222,0.0016479492,Very Strong,"(1,2)"
lrzip,distance,2,10,1,2,MD_MF-DF,0.7222222222222222,0.0016479492,Very Strong,"(1,2)"
lrzip,distance,2,10,1,2,PCI,0.7105263157894736,0.0016479492,Very Strong,"(1,2)"
lrzip,distance,2,10,2,2,ALS,0.5175879396984924,0.0016479492,Very Strong,"(2,2)"
lrzip,distance,2,10,2,2,AP_ALS-PCI,0.5187074829931972,0.0016479492,Very Strong,"(2,2)"
lrzip,distance,2,10,2,2,Default,0.4873817034700315,0.0016479492,Very Strong,"(2,2)"
lrzip,distance,2,10,2,2,MDAP_MF-DF-ALS-PCI,0.5089928057553957,0.0016479492,Very Strong,"(2,2)"
lrzip,distance,2,10,2,2,MDA_MF-DF-ALS,0.5062388591800356,0.0016479492,Very Strong,"(2,2)"
lrzip,distance,2,10,2,2,MDP_MF-DF-PCI,0.5089928057553957,0.0016479492,Very Strong,"(2,2)"
lrzip,distance,2,10,2,2,MD_MF-DF,0.5062388591800356,0.0016479492,Very Strong,"(2,2)"
lrzip,distance,2,10,2,2,PCI,0.4959349593495934,0.0016479492,Very Strong,"(2,2)"
lrzip,distance,2,10,3,2,ALS,0.3650485436893203,0.0016479492,Very Strong,"(3,2)"
lrzip,distance,2,10,3,2,AP_ALS-PCI,0.3690454124189063,0.0016479492,Very Strong,"(3,2)"
lrzip,distance,2,10,3,2,Default,0.3302459278185883,0.0016479492,Very Strong,"(3,2)"
lrzip,distance,2,10,3,2,MDAP_MF-DF-ALS-PCI,0.3601933924254633,0.0016479492,Very Strong,"(3,2)"
lrzip,distance,2,10,3,2,MDA_MF-DF-ALS,0.3532523510971786,0.0016479492,Very Strong,"(3,2)"
lrzip,distance,2,10,3,2,MDP_MF-DF-PCI,0.3601933924254633,0.0016479492,Very Strong,"(3,2)"
lrzip,distance,2,10,3,2,MD_MF-DF,0.3532523510971786,0.0016479492,Very Strong,"(3,2)"
lrzip,distance,2,10,3,2,PCI,0.348259576701067,0.0016479492,Very Strong,"(3,2)"
lrzip,solver,2,10,1,1,ALS,0.6486486486486486,0.0016479492,Very Strong,"(1,2)"
lrzip,solver,2,10,1,1,AP_ALS-PCI,0.6486486486486486,0.0016479492,Very Strong,"(1,2)"
lrzip,solver,2,10,1,1,Default,0.6578947368421053,0.0016479492,Very Strong,"(1,2)"
lrzip,solver,2,10,1,1,MDAP_MF-DF-ALS-PCI,0.6388888888888888,0.0016479492,Very Strong,"(1,2)"
lrzip,solver,2,10,1,1,MDA_MF-DF-ALS,0.6388888888888888,0.0016479492,Very Strong,"(1,2)"
lrzip,solver,2,10,1,1,MDP_MF-DF-PCI,0.6388888888888888,0.0016479492,Very Strong,"(1,2)"
lrzip,solver,2,10,1,1,MD_MF-DF,0.6388888888888888,0.0016479492,Very Strong,"(1,2)"
lrzip,solver,2,10,1,1,PCI,0.6578947368421053,0.0016479492,Very Strong,"(1,2)"
lrzip,solver,2,10,2,1,ALS,0.4237855946398659,0.0016479492,Very Strong,"(2,2)"
lrzip,solver,2,10,2,1,AP_ALS-PCI,0.4268707482993197,0.0016479492,Very Strong,"(2,2)"
lrzip,solver,2,10,2,1,Default,0.4290220820189274,0.0016479492,Very Strong,"(2,2)"
lrzip,solver,2,10,2,1,MDAP_MF-DF-ALS-PCI,0.4190647482014388,0.0016479492,Very Strong,"(2,2)"
lrzip,solver,2,10,2,1,MDA_MF-DF-ALS,0.4153297682709447,0.0016479492,Very Strong,"(2,2)"
lrzip,solver,2,10,2,1,MDP_MF-DF-PCI,0.4190647482014388,0.0016479492,Very Strong,"(2,2)"
lrzip,solver,2,10,2,1,MD_MF-DF,0.4153297682709447,0.0016479492,Very Strong,"(2,2)"
lrzip,solver,2,10,2,1,PCI,0.4390243902439024,0.0016479492,Very Strong,"(2,2)"
lrzip,solver,2,10,3,1,ALS,0.2806707855251544,0.0016479492,Very Strong,"(3,2)"
lrzip,solver,2,10,3,1,AP_ALS-PCI,0.288044485634847,0.0016479492,Very Strong,"(3,2)"
lrzip,solver,2,10,3,1,Default,0.2805812839348451,0.0016479492,Very Strong,"(3,2)"
lrzip,solver,2,10,3,1,MDAP_MF-DF-ALS-PCI,0.2838436744560838,0.0016479492,Very Strong,"(3,2)"
lrzip,solver,2,10,3,1,MDA_MF-DF-ALS,0.2760579937304075,0.0016479492,Very Strong,"(3,2)"
lrzip,solver,2,10,3,1,MDP_MF-DF-PCI,0.2838436744560838,0.0016479492,Very Strong,"(3,2)"
lrzip,solver,2,10,3,1,MD_MF-DF,0.2760579937304075,0.0016479492,Very Strong,"(3,2)"
lrzip,solver,2,10,3,1,PCI,0.3010320097953472,0.0016479492,Very Strong,"(3,2)"
lrzip,solver,2,10,1,2,ALS,0.6486486486486486,0.0016479492,Very Strong,"(1,2)"
lrzip,solver,2,10,1,2,AP_ALS-PCI,0.6486486486486486,0.0016479492,Very Strong,"(1,2)"
lrzip,solver,2,10,1,2,Default,0.6578947368421053,0.0016479492,Very Strong,"(1,2)"
lrzip,solver,2,10,1,2,MDAP_MF-DF-ALS-PCI,0.6388888888888888,0.0016479492,Very Strong,"(1,2)"
lrzip,solver,2,10,1,2,MDA_MF-DF-ALS,0.6388888888888888,0.0016479492,Very Strong,"(1,2)"
lrzip,solver,2,10,1,2,MDP_MF-DF-PCI,0.6388888888888888,0.0016479492,Very Strong,"(1,2)"
lrzip,solver,2,10,1,2,MD_MF-DF,0.6388888888888888,0.0016479492,Very Strong,"(1,2)"
lrzip,solver,2,10,1,2,PCI,0.6578947368421053,0.0016479492,Very Strong,"(1,2)"
lrzip,solver,2,10,2,2,ALS,0.4254606365159128,0.0016479492,Very Strong,"(2,2)"
lrzip,solver,2,10,2,2,AP_ALS-PCI,0.4268707482993197,0.0016479492,Very Strong,"(2,2)"
lrzip,solver,2,10,2,2,Default,0.4305993690851734,0.0016479492,Very Strong,"(2,2)"
lrzip,solver,2,10,2,2,MDAP_MF-DF-ALS-PCI,0.4208633093525179,0.0016479492,Very Strong,"(2,2)"
lrzip,solver,2,10,2,2,MDA_MF-DF-ALS,0.4171122994652406,0.0016479492,Very Strong,"(2,2)"
lrzip,solver,2,10,2,2,MDP_MF-DF-PCI,0.4208633093525179,0.0016479492,Very Strong,"(2,2)"
lrzip,solver,2,10,2,2,MD_MF-DF,0.4171122994652406,0.0016479492,Very Strong,"(2,2)"
lrzip,solver,2,10,2,2,PCI,0.4390243902439024,0.0016479492,Very Strong,"(2,2)"
lrzip,solver,2,10,3,2,ALS,0.2834951456310679,0.0016479492,Very Strong,"(3,2)"
lrzip,solver,2,10,3,2,AP_ALS-PCI,0.2884151992585727,0.0016479492,Very Strong,"(3,2)"
lrzip,solver,2,10,3,2,Default,0.2831363781539444,0.0016479492,Very Strong,"(3,2)"
lrzip,solver,2,10,3,2,MDAP_MF-DF-ALS-PCI,0.2868654311039484,0.0016479492,Very Strong,"(3,2)"
lrzip,solver,2,10,3,2,MDA_MF-DF-ALS,0.2789968652037617,0.0016479492,Very Strong,"(3,2)"
lrzip,solver,2,10,3,2,MDP_MF-DF-PCI,0.2868654311039484,0.0016479492,Very Strong,"(3,2)"
lrzip,solver,2,10,3,2,MD_MF-DF,0.2789968652037617,0.0016479492,Very Strong,"(3,2)"
lrzip,solver,2,10,3,2,PCI,0.3013818436242784,0.0016479492,Very Strong,"(3,2)"
Polly,random,1,10,1,1,ALS,0.9649122807017544,1.091e-07,Very Strong,"(1,1)"
Polly,random,1,10,1,1,AP_ALS-PCI,0.9649122807017544,1.091e-07,Very Strong,"(1,1)"
Polly,random,1,10,1,1,Default,0.971830985915493,1.091e-07,Very Strong,"(1,1)"
Polly,random,1,10,1,1,MDAP_MF-DF-ALS-PCI,0.9642857142857144,1.091e-07,Very Strong,"(1,1)"
Polly,random,1,10,1,1,MDA_MF-DF-ALS,0.9642857142857144,1.091e-07,Very Strong,"(1,1)"
Polly,random,1,10,1,1,MDP_MF-DF-PCI,0.967741935483871,1.091e-07,Very Strong,"(1,1)"
Polly,random,1,10,1,1,MD_MF-DF,0.967741935483871,1.091e-07,Very Strong,"(1,1)"
Polly,random,1,10,1,1,PCI,0.971830985915493,1.091e-07,Very Strong,"(1,1)"
Polly,random,1,10,2,1,ALS,0.8275409836065573,1.091e-07,Very Strong,"(2,1)"
Polly,random,1,10,2,1,AP_ALS-PCI,0.8269736842105263,1.091e-07,Very Strong,"(2,1)"
Polly,random,1,10,2,1,Default,0.864033264033264,1.091e-07,Very Strong,"(2,1)"
Polly,random,1,10,2,1,MDAP_MF-DF-ALS-PCI,0.8220858895705521,1.091e-07,Very Strong,"(2,1)"
Polly,random,1,10,2,1,MDA_MF-DF-ALS,0.8223281143635126,1.091e-07,Very Strong,"(2,1)"
Polly,random,1,10,2,1,MDP_MF-DF-PCI,0.8291873963515753,1.091e-07,Very Strong,"(2,1)"
Polly,random,1,10,2,1,MD_MF-DF,0.8293760353395913,1.091e-07,Very Strong,"(2,1)"
Polly,random,1,10,2,1,PCI,0.8626373626373626,1.091e-07,Very Strong,"(2,1)"
Polly,random,1,10,3,1,ALS,0.6396050466264399,1.091e-07,Very Strong,"(3,1)"
Polly,random,1,10,3,1,AP_ALS-PCI,0.6377815605082933,1.091e-07,Very Strong,"(3,1)"
Polly,random,1,10,3,1,Default,0.7093642644845022,1.091e-07,Very Strong,"(3,1)"
Polly,random,1,10,3,1,MDAP_MF-DF-ALS-PCI,0.6281157362949354,1.091e-07,Very Strong,"(3,1)"
Polly,random,1,10,3,1,MDA_MF-DF-ALS,0.6284455161518314,1.091e-07,Very Strong,"(3,1)"
Polly,random,1,10,3,1,MDP_MF-DF-PCI,0.632099138582439,1.091e-07,Very Strong,"(3,1)"
Polly,random,1,10,3,1,MD_MF-DF,0.6323383234434771,1.091e-07,Very Strong,"(3,1)"
Polly,random,1,10,3,1,PCI,0.7052121556145721,1.091e-07,Very Strong,"(3,1)"
Polly,random,1,10,1,2,ALS,1.0,1.091e-07,Very Strong,"(1,1)"
Polly,random,1,10,1,2,AP_ALS-PCI,1.0,1.091e-07,Very Strong,"(1,1)"
Polly,random,1,10,1,2,Default,1.0,1.091e-07,Very Strong,"(1,1)"
Polly,random,1,10,1,2,MDAP_MF-DF-ALS-PCI,1.0,1.091e-07,Very Strong,"(1,1)"
Polly,random,1,10,1,2,MDA_MF-DF-ALS,1.0,1.091e-07,Very Strong,"(1,1)"
Polly,random,1,10,1,2,MDP_MF-DF-PCI,1.0,1.091e-07,Very Strong,"(1,1)"
Polly,random,1,10,1,2,MD_MF-DF,1.0,1.091e-07,Very Strong,"(1,1)"
Polly,random,1,10,1,2,PCI,1.0,1.091e-07,Very Strong,"(1,1)"
Polly,random,1,10,2,2,ALS,0.8439344262295082,1.091e-07,Very Strong,"(2,1)"
Polly,random,1,10,2,2,AP_ALS-PCI,0.8434210526315788,1.091e-07,Very Strong,"(2,1)"
Polly,random,1,10,2,2,Default,0.8827442827442827,1.091e-07,Very Strong,"(2,1)"
Polly,random,1,10,2,2,MDAP_MF-DF-ALS-PCI,0.8377641445126107,1.091e-07,Very Strong,"(2,1)"
Polly,random,1,10,2,2,MDA_MF-DF-ALS,0.8379850238257318,1.091e-07,Very Strong,"(2,1)"
Polly,random,1,10,2,2,MDP_MF-DF-PCI,0.8441127694859037,1.091e-07,Very Strong,"(2,1)"
Polly,random,1,10,2,2,MD_MF-DF,0.8442849254555495,1.091e-07,Very Strong,"(2,1)"
Polly,random,1,10,2,2,PCI,0.8808114961961115,1.091e-07,Very Strong,"(2,1)"
Polly,random,1,10,3,2,ALS,0.6413682313298331,1.091e-07,Very Strong,"(3,1)"
Polly,random,1,10,3,2,AP_ALS-PCI,0.6395233759550295,1.091e-07,Very Strong,"(3,1)"
Polly,random,1,10,3,2,Default,0.7171034855444474,1.091e-07,Very Strong,"(3,1)"
Polly,random,1,10,3,2,MDAP_MF-DF-ALS-PCI,0.6285332553964343,1.091e-07,Very Strong,"(3,1)"
Polly,random,1,10,3,2,MDA_MF-DF-ALS,0.6293601629734336,1.091e-07,Very Strong,"(3,1)"
Polly,random,1,10,3,2,MDP_MF-DF-PCI,0.6342149010125434,1.091e-07,Very Strong,"(3,1)"
Polly,random,1,10,3,2,MD_MF-DF,0.6349287629145455,1.091e-07,Very Strong,"(3,1)"
Polly,random,1,10,3,2,PCI,0.711983295152756,1.091e-07,Very Strong,"(3,1)"
Polly,distance,1,10,1,1,ALS,0.7192982456140351,1.091e-07,Very Strong,"(1,1)"
Polly,distance,1,10,1,1,AP_ALS-PCI,0.7192982456140351,1.091e-07,Very Strong,"(1,1)"
Polly,distance,1,10,1,1,Default,0.704225352112676,1.091e-07,Very Strong,"(1,1)"
Polly,distance,1,10,1,1,MDAP_MF-DF-ALS-PCI,0.7142857142857143,1.091e-07,Very Strong,"(1,1)"
Polly,distance,1,10,1,1,MDA_MF-DF-ALS,0.7142857142857143,1.091e-07,Very Strong,"(1,1)"
Polly,distance,1,10,1,1,MDP_MF-DF-PCI,0.7258064516129032,1.091e-07,Very Strong,"(1,1)"
Polly,distance,1,10,1,1,MD_MF-DF,0.7258064516129032,1.091e-07,Very Strong,"(1,1)"
Polly,distance,1,10,1,1,PCI,0.704225352112676,1.091e-07,Very Strong,"(1,1)"
Polly,distance,1,10,2,1,ALS,0.4681967213114753,1.091e-07,Very Strong,"(2,1)"
Polly,distance,1,10,2,1,AP_ALS-PCI,0.4671052631578947,1.091e-07,Very Strong,"(2,1)"
Polly,distance,1,10,2,1,Default,0.4428274428274428,1.091e-07,Very Strong,"(2,1)"
Polly,distance,1,10,2,1,MDAP_MF-DF-ALS-PCI,0.4587593728698023,1.091e-07,Very Strong,"(2,1)"
Polly,distance,1,10,2,1,MDA_MF-DF-ALS,0.4588155207624234,1.091e-07,Very Strong,"(2,1)"
Polly,distance,1,10,2,1,MDP_MF-DF-PCI,0.472636815920398,1.091e-07,Very Strong,"(2,1)"
Polly,distance,1,10,2,1,MD_MF-DF,0.4726670347874102,1.091e-07,Very Strong,"(2,1)"
Polly,distance,1,10,2,1,PCI,0.4463229078613694,1.091e-07,Very Strong,"(2,1)"
Polly,distance,1,10,3,1,ALS,0.2900634746493221,1.091e-07,Very Strong,"(3,1)"
Polly,distance,1,10,3,1,AP_ALS-PCI,0.2883496298642175,1.091e-07,Very Strong,"(3,1)"
Polly,distance,1,10,3,1,Default,0.2612421353302196,1.091e-07,Very Strong,"(3,1)"
Polly,distance,1,10,3,1,MDAP_MF-DF-ALS-PCI,0.2799048056448582,1.091e-07,Very Strong,"(3,1)"
Polly,distance,1,10,3,1,MDA_MF-DF-ALS,0.2797572028437201,1.091e-07,Very Strong,"(3,1)"
Polly,distance,1,10,3,1,MDP_MF-DF-PCI,0.2906150823636088,1.091e-07,Very Strong,"(3,1)"
Polly,distance,1,10,3,1,MD_MF-DF,0.2904605560408445,1.091e-07,Very Strong,"(3,1)"
Polly,distance,1,10,3,1,PCI,0.2676627404869544,1.091e-07,Very Strong,"(3,1)"
Polly,distance,1,10,1,2,ALS,0.7192982456140351,1.091e-07,Very Strong,"(1,1)"
Polly,distance,1,10,1,2,AP_ALS-PCI,0.7192982456140351,1.091e-07,Very Strong,"(1,1)"
Polly,distance,1,10,1,2,Default,0.7323943661971831,1.091e-07,Very Strong,"(1,1)"
Polly,distance,1,10,1,2,MDAP_MF-DF-ALS-PCI,0.7142857142857143,1.091e-07,Very Strong,"(1,1)"
Polly,distance,1,10,1,2,MDA_MF-DF-ALS,0.7142857142857143,1.091e-07,Very Strong,"(1,1)"
Polly,distance,1,10,1,2,MDP_MF-DF-PCI,0.7258064516129032,1.091e-07,Very Strong,"(1,1)"
Polly,distance,1,10,1,2,MD_MF-DF,0.7258064516129032,1.091e-07,Very Strong,"(1,1)"
Polly,distance,1,10,1,2,PCI,0.7323943661971831,1.091e-07,Very Strong,"(1,1)"
Polly,distance,1,10,2,2,ALS,0.4727868852459016,1.091e-07,Very Strong,"(2,1)"
Polly,distance,1,10,2,2,AP_ALS-PCI,0.4717105263157894,1.091e-07,Very Strong,"(2,1)"
Polly,distance,1,10,2,2,Default,0.4765072765072765,1.091e-07,Very Strong,"(2,1)"
Polly,distance,1,10,2,2,MDAP_MF-DF-ALS-PCI,0.4635310156782549,1.091e-07,Very Strong,"(2,1)"
Polly,distance,1,10,2,2,MDA_MF-DF-ALS,0.4635806671204901,1.091e-07,Very Strong,"(2,1)"
Polly,distance,1,10,2,2,MDP_MF-DF-PCI,0.4754007739082366,1.091e-07,Very Strong,"(2,1)"
Polly,distance,1,10,2,2,MD_MF-DF,0.4754279403644395,1.091e-07,Very Strong,"(2,1)"
Polly,distance,1,10,2,2,PCI,0.4788672865595942,1.091e-07,Very Strong,"(2,1)"
Polly,distance,1,10,3,2,ALS,0.2966460308753232,1.091e-07,Very Strong,"(3,1)"
Polly,distance,1,10,3,2,AP_ALS-PCI,0.2946835042159851,1.091e-07,Very Strong,"(3,1)"
Polly,distance,1,10,3,2,Default,0.2897672443741073,1.091e-07,Very Strong,"(3,1)"
Polly,distance,1,10,3,2,MDAP_MF-DF-ALS-PCI,0.2864598555383908,1.091e-07,Very Strong,"(3,1)"
Polly,distance,1,10,3,2,MDA_MF-DF-ALS,0.2864507545836278,1.091e-07,Very Strong,"(3,1)"
Polly,distance,1,10,3,2,MDP_MF-DF-PCI,0.2937282756536194,1.091e-07,Very Strong,"(3,1)"
Polly,distance,1,10,3,2,MD_MF-DF,0.2937136660742793,1.091e-07,Very Strong,"(3,1)"
Polly,distance,1,10,3,2,PCI,0.2946256614024773,1.091e-07,Very Strong,"(3,1)"
Polly,solver,1,10,1,1,ALS,0.5789473684210527,1.091e-07,Very Strong,"(1,1)"
Polly,solver,1,10,1,1,AP_ALS-PCI,0.5789473684210527,1.091e-07,Very Strong,"(1,1)"
Polly,solver,1,10,1,1,Default,0.647887323943662,1.091e-07,Very Strong,"(1,1)"
Polly,solver,1,10,1,1,MDAP_MF-DF-ALS-PCI,0.5714285714285714,1.091e-07,Very Strong,"(1,1)"
Polly,solver,1,10,1,1,MDA_MF-DF-ALS,0.5714285714285714,1.091e-07,Very Strong,"(1,1)"
Polly,solver,1,10,1,1,MDP_MF-DF-PCI,0.5967741935483871,1.091e-07,Very Strong,"(1,1)"
Polly,solver,1,10,1,1,MD_MF-DF,0.5967741935483871,1.091e-07,Very Strong,"(1,1)"
Polly,solver,1,10,1,1,PCI,0.647887323943662,1.091e-07,Very Strong,"(1,1)"
Polly,solver,1,10,2,1,ALS,0.3324590163934426,1.091e-07,Very Strong,"(2,1)"
Polly,solver,1,10,2,1,AP_ALS-PCI,0.3322368421052631,1.091e-07,Very Strong,"(2,1)"
Polly,solver,1,10,2,1,Default,0.4133056133056133,1.091e-07,Very Strong,"(2,1)"
Polly,solver,1,10,2,1,MDAP_MF-DF-ALS-PCI,0.3237900477164281,1.091e-07,Very Strong,"(2,1)"
Polly,solver,1,10,2,1,MDA_MF-DF-ALS,0.3233492171545269,1.091e-07,Very Strong,"(2,1)"
Polly,solver,1,10,2,1,MDP_MF-DF-PCI,0.3499170812603648,1.091e-07,Very Strong,"(2,1)"
Polly,solver,1,10,2,1,MD_MF-DF,0.349530646051905,1.091e-07,Very Strong,"(2,1)"
Polly,solver,1,10,2,1,PCI,0.4137785291631445,1.091e-07,Very Strong,"(2,1)"
Polly,solver,1,10,3,1,ALS,0.1908157667894365,1.091e-07,Very Strong,"(3,1)"
Polly,solver,1,10,3,1,AP_ALS-PCI,0.1905308578441075,1.091e-07,Very Strong,"(3,1)"
Polly,solver,1,10,3,1,Default,0.2618211294244798,1.091e-07,Very Strong,"(3,1)"
Polly,solver,1,10,3,1,MDAP_MF-DF-ALS-PCI,0.1834996451087637,1.091e-07,Very Strong,"(3,1)"
Polly,solver,1,10,3,1,MDA_MF-DF-ALS,0.182721490042822,1.091e-07,Very Strong,"(3,1)"
Polly,solver,1,10,3,1,MDP_MF-DF-PCI,0.2038688227293335,1.091e-07,Very Strong,"(3,1)"
Polly,solver,1,10,3,1,MD_MF-DF,0.203168770143679,1.091e-07,Very Strong,"(3,1)"
Polly,solver,1,10,3,1,PCI,0.2629797068542583,1.091e-07,Very Strong,"(3,1)"
Polly,solver,1,10,1,2,ALS,0.5789473684210527,1.091e-07,Very Strong,"(1,1)"
Polly,solver,1,10,1,2,AP_ALS-PCI,0.5789473684210527,1.091e-07,Very Strong,"(1,1)"
Polly,solver,1,10,1,2,Default,0.647887323943662,1.091e-07,Very Strong,"(1,1)"
Polly,solver,1,10,1,2,MDAP_MF-DF-ALS-PCI,0.5714285714285714,1.091e-07,Very Strong,"(1,1)"
Polly,solver,1,10,1,2,MDA_MF-DF-ALS,0.5714285714285714,1.091e-07,Very Strong,"(1,1)"
Polly,solver,1,10,1,2,MDP_MF-DF-PCI,0.5967741935483871,1.091e-07,Very Strong,"(1,1)"
Polly,solver,1,10,1,2,MD_MF-DF,0.5967741935483871,1.091e-07,Very Strong,"(1,1)"
Polly,solver,1,10,1,2,PCI,0.647887323943662,1.091e-07,Very Strong,"(1,1)"
Polly,solver,1,10,2,2,ALS,0.3324590163934426,1.091e-07,Very Strong,"(2,1)"
Polly,solver,1,10,2,2,AP_ALS-PCI,0.3322368421052631,1.091e-07,Very Strong,"(2,1)"
Polly,solver,1,10,2,2,Default,0.4133056133056133,1.091e-07,Very Strong,"(2,1)"
Polly,solver,1,10,2,2,MDAP_MF-DF-ALS-PCI,0.3237900477164281,1.091e-07,Very Strong,"(2,1)"
Polly,solver,1,10,2,2,MDA_MF-DF-ALS,0.3233492171545269,1.091e-07,Very Strong,"(2,1)"
Polly,solver,1,10,2,2,MDP_MF-DF-PCI,0.3499170812603648,1.091e-07,Very Strong,"(2,1)"
Polly,solver,1,10,2,2,MD_MF-DF,0.349530646051905,1.091e-07,Very Strong,"(2,1)"
Polly,solver,1,10,2,2,PCI,0.4137785291631445,1.091e-07,Very Strong,"(2,1)"
Polly,solver,1,10,3,2,ALS,0.1908157667894365,1.091e-07,Very Strong,"(3,1)"
Polly,solver,1,10,3,2,AP_ALS-PCI,0.1905308578441075,1.091e-07,Very Strong,"(3,1)"
Polly,solver,1,10,3,2,Default,0.2618211294244798,1.091e-07,Very Strong,"(3,1)"
Polly,solver,1,10,3,2,MDAP_MF-DF-ALS-PCI,0.1834996451087637,1.091e-07,Very Strong,"(3,1)"
Polly,solver,1,10,3,2,MDA_MF-DF-ALS,0.182721490042822,1.091e-07,Very Strong,"(3,1)"
Polly,solver,1,10,3,2,MDP_MF-DF-PCI,0.2038688227293335,1.091e-07,Very Strong,"(3,1)"
Polly,solver,1,10,3,2,MD_MF-DF,0.203168770143679,1.091e-07,Very Strong,"(3,1)"
Polly,solver,1,10,3,2,PCI,0.2629797068542583,1.091e-07,Very Strong,"(3,1)"
Polly,random,2,10,1,1,ALS,1.0,1.091e-07,Very Strong,"(1,2)"
Polly,random,2,10,1,1,AP_ALS-PCI,1.0,1.091e-07,Very Strong,"(1,2)"
Polly,random,2,10,1,1,Default,1.0,1.091e-07,Very Strong,"(1,2)"
Polly,random,2,10,1,1,MDAP_MF-DF-ALS-PCI,1.0,1.091e-07,Very Strong,"(1,2)"
Polly,random,2,10,1,1,MDA_MF-DF-ALS,1.0,1.091e-07,Very Strong,"(1,2)"
Polly,random,2,10,1,1,MDP_MF-DF-PCI,1.0,1.091e-07,Very Strong,"(1,2)"
Polly,random,2,10,1,1,MD_MF-DF,1.0,1.091e-07,Very Strong,"(1,2)"
Polly,random,2,10,1,1,PCI,1.0,1.091e-07,Very Strong,"(1,2)"
Polly,random,2,10,2,1,ALS,0.8308196721311474,1.091e-07,Very Strong,"(2,2)"
Polly,random,2,10,2,1,AP_ALS-PCI,0.8302631578947368,1.091e-07,Very Strong,"(2,2)"
Polly,random,2,10,2,1,Default,0.8636174636174636,1.091e-07,Very Strong,"(2,2)"
Polly,random,2,10,2,1,MDAP_MF-DF-ALS-PCI,0.8241308793456033,1.091e-07,Very Strong,"(2,2)"
Polly,random,2,10,2,1,MDA_MF-DF-ALS,0.8243703199455412,1.091e-07,Very Strong,"(2,2)"
Polly,random,2,10,2,1,MDP_MF-DF-PCI,0.8186843559977888,1.091e-07,Very Strong,"(2,2)"
Polly,random,2,10,2,1,MD_MF-DF,0.8188845941468802,1.091e-07,Very Strong,"(2,2)"
Polly,random,2,10,2,1,PCI,0.8613693998309383,1.091e-07,Very Strong,"(2,2)"
Polly,random,2,10,3,1,ALS,0.6222474727685918,1.091e-07,Very Strong,"(3,2)"
Polly,random,2,10,3,1,AP_ALS-PCI,0.6196508451763588,1.091e-07,Very Strong,"(3,2)"
Polly,random,2,10,3,1,Default,0.686976492839773,1.091e-07,Very Strong,"(3,2)"
Polly,random,2,10,3,1,MDAP_MF-DF-ALS-PCI,0.609076865266586,1.091e-07,Very Strong,"(3,2)"
Polly,random,2,10,3,1,MDA_MF-DF-ALS,0.609903130586621,1.091e-07,Very Strong,"(3,2)"
Polly,random,2,10,3,1,MDP_MF-DF-PCI,0.5996675230466979,1.091e-07,Very Strong,"(3,2)"
Polly,random,2,10,3,1,MD_MF-DF,0.6003795295039007,1.091e-07,Very Strong,"(3,2)"
Polly,random,2,10,3,1,PCI,0.6811482555192895,1.091e-07,Very Strong,"(3,2)"
Polly,random,2,10,1,2,ALS,0.9824561403508772,1.091e-07,Very Strong,"(1,2)"
Polly,random,2,10,1,2,AP_ALS-PCI,0.9824561403508772,1.091e-07,Very Strong,"(1,2)"
Polly,random,2,10,1,2,Default,0.9859154929577464,1.091e-07,Very Strong,"(1,2)"
Polly,random,2,10,1,2,MDAP_MF-DF-ALS-PCI,0.9821428571428572,1.091e-07,Very Strong,"(1,2)"
Polly,random,2,10,1,2,MDA_MF-DF-ALS,0.9821428571428572,1.091e-07,Very Strong,"(1,2)"
Polly,random,2,10,1,2,MDP_MF-DF-PCI,0.9838709677419356,1.091e-07,Very Strong,"(1,2)"
Polly,random,2,10,1,2,MD_MF-DF,0.9838709677419356,1.091e-07,Very Strong,"(1,2)"
Polly,random,2,10,1,2,PCI,0.9859154929577464,1.091e-07,Very Strong,"(1,2)"
Polly,random,2,10,2,2,ALS,0.8347540983606557,1.091e-07,Very Strong,"(2,2)"
Polly,random,2,10,2,2,AP_ALS-PCI,0.8342105263157895,1.091e-07,Very Strong,"(2,2)"
Polly,random,2,10,2,2,Default,0.8652806652806652,1.091e-07,Very Strong,"(2,2)"
Polly,random,2,10,2,2,MDAP_MF-DF-ALS-PCI,0.8289025221540559,1.091e-07,Very Strong,"(2,2)"
Polly,random,2,10,2,2,MDA_MF-DF-ALS,0.8291354663036079,1.091e-07,Very Strong,"(2,2)"
Polly,random,2,10,2,2,MDP_MF-DF-PCI,0.8258706467661691,1.091e-07,Very Strong,"(2,2)"
Polly,random,2,10,2,2,MD_MF-DF,0.8260629486471562,1.091e-07,Very Strong,"(2,2)"
Polly,random,2,10,2,2,PCI,0.8634826711749789,1.091e-07,Very Strong,"(2,2)"
Polly,random,2,10,3,2,ALS,0.6390565002742731,1.091e-07,Very Strong,"(3,2)"
Polly,random,2,10,3,2,AP_ALS-PCI,0.6372669332172122,1.091e-07,Very Strong,"(3,2)"
Polly,random,2,10,3,2,Default,0.701644343227699,1.091e-07,Very Strong,"(3,2)"
Polly,random,2,10,3,2,MDAP_MF-DF-ALS-PCI,0.6270301866310383,1.091e-07,Very Strong,"(3,2)"
Polly,random,2,10,3,2,MDA_MF-DF-ALS,0.6274477196191743,1.091e-07,Very Strong,"(3,2)"
Polly,random,2,10,3,2,MDP_MF-DF-PCI,0.6204624452168656,1.091e-07,Very Strong,"(3,2)"
Polly,random,2,10,3,2,MD_MF-DF,0.6208319527696617,1.091e-07,Very Strong,"(3,2)"
Polly,random,2,10,3,2,PCI,0.6969813692298334,1.091e-07,Very Strong,"(3,2)"
Polly,distance,2,10,1,1,ALS,0.7192982456140351,1.091e-07,Very Strong,"(1,2)"
Polly,distance,2,10,1,1,AP_ALS-PCI,0.7192982456140351,1.091e-07,Very Strong,"(1,2)"
Polly,distance,2,10,1,1,Default,0.704225352112676,1.091e-07,Very Strong,"(1,2)"
Polly,distance,2,10,1,1,MDAP_MF-DF-ALS-PCI,0.7142857142857143,1.091e-07,Very Strong,"(1,2)"
Polly,distance,2,10,1,1,MDA_MF-DF-ALS,0.7142857142857143,1.091e-07,Very Strong,"(1,2)"
Polly,distance,2,10,1,1,MDP_MF-DF-PCI,0.7258064516129032,1.091e-07,Very Strong,"(1,2)"
Polly,distance,2,10,1,1,MD_MF-DF,0.7258064516129032,1.091e-07,Very Strong,"(1,2)"
Polly,distance,2,10,1,1,PCI,0.704225352112676,1.091e-07,Very Strong,"(1,2)"
Polly,distance,2,10,2,1,ALS,0.4681967213114753,1.091e-07,Very Strong,"(2,2)"
Polly,distance,2,10,2,1,AP_ALS-PCI,0.4671052631578947,1.091e-07,Very Strong,"(2,2)"
Polly,distance,2,10,2,1,Default,0.4428274428274428,1.091e-07,Very Strong,"(2,2)"
Polly,distance,2,10,2,1,MDAP_MF-DF-ALS-PCI,0.4587593728698023,1.091e-07,Very Strong,"(2,2)"
Polly,distance,2,10,2,1,MDA_MF-DF-ALS,0.4588155207624234,1.091e-07,Very Strong,"(2,2)"
Polly,distance,2,10,2,1,MDP_MF-DF-PCI,0.472636815920398,1.091e-07,Very Strong,"(2,2)"
Polly,distance,2,10,2,1,MD_MF-DF,0.4726670347874102,1.091e-07,Very Strong,"(2,2)"
Polly,distance,2,10,2,1,PCI,0.4463229078613694,1.091e-07,Very Strong,"(2,2)"
Polly,distance,2,10,3,1,ALS,0.2900634746493221,1.091e-07,Very Strong,"(3,2)"
Polly,distance,2,10,3,1,AP_ALS-PCI,0.2883496298642175,1.091e-07,Very Strong,"(3,2)"
Polly,distance,2,10,3,1,Default,0.2612421353302196,1.091e-07,Very Strong,"(3,2)"
Polly,distance,2,10,3,1,MDAP_MF-DF-ALS-PCI,0.2799048056448582,1.091e-07,Very Strong,"(3,2)"
Polly,distance,2,10,3,1,MDA_MF-DF-ALS,0.2797572028437201,1.091e-07,Very Strong,"(3,2)"
Polly,distance,2,10,3,1,MDP_MF-DF-PCI,0.2906150823636088,1.091e-07,Very Strong,"(3,2)"
Polly,distance,2,10,3,1,MD_MF-DF,0.2904605560408445,1.091e-07,Very Strong,"(3,2)"
Polly,distance,2,10,3,1,PCI,0.2676627404869544,1.091e-07,Very Strong,"(3,2)"
Polly,distance,2,10,1,2,ALS,0.7192982456140351,1.091e-07,Very Strong,"(1,2)"
Polly,distance,2,10,1,2,AP_ALS-PCI,0.7192982456140351,1.091e-07,Very Strong,"(1,2)"
Polly,distance,2,10,1,2,Default,0.7323943661971831,1.091e-07,Very Strong,"(1,2)"
Polly,distance,2,10,1,2,MDAP_MF-DF-ALS-PCI,0.7142857142857143,1.091e-07,Very Strong,"(1,2)"
Polly,distance,2,10,1,2,MDA_MF-DF-ALS,0.7142857142857143,1.091e-07,Very Strong,"(1,2)"
Polly,distance,2,10,1,2,MDP_MF-DF-PCI,0.7258064516129032,1.091e-07,Very Strong,"(1,2)"
Polly,distance,2,10,1,2,MD_MF-DF,0.7258064516129032,1.091e-07,Very Strong,"(1,2)"
Polly,distance,2,10,1,2,PCI,0.7323943661971831,1.091e-07,Very Strong,"(1,2)"
Polly,distance,2,10,2,2,ALS,0.4727868852459016,1.091e-07,Very Strong,"(2,2)"
Polly,distance,2,10,2,2,AP_ALS-PCI,0.4717105263157894,1.091e-07,Very Strong,"(2,2)"
Polly,distance,2,10,2,2,Default,0.4765072765072765,1.091e-07,Very Strong,"(2,2)"
Polly,distance,2,10,2,2,MDAP_MF-DF-ALS-PCI,0.4635310156782549,1.091e-07,Very Strong,"(2,2)"
Polly,distance,2,10,2,2,MDA_MF-DF-ALS,0.4635806671204901,1.091e-07,Very Strong,"(2,2)"
Polly,distance,2,10,2,2,MDP_MF-DF-PCI,0.4754007739082366,1.091e-07,Very Strong,"(2,2)"
Polly,distance,2,10,2,2,MD_MF-DF,0.4754279403644395,1.091e-07,Very Strong,"(2,2)"
Polly,distance,2,10,2,2,PCI,0.4788672865595942,1.091e-07,Very Strong,"(2,2)"
Polly,distance,2,10,3,2,ALS,0.2966460308753232,1.091e-07,Very Strong,"(3,2)"
Polly,distance,2,10,3,2,AP_ALS-PCI,0.2946835042159851,1.091e-07,Very Strong,"(3,2)"
Polly,distance,2,10,3,2,Default,0.2897672443741073,1.091e-07,Very Strong,"(3,2)"
Polly,distance,2,10,3,2,MDAP_MF-DF-ALS-PCI,0.2864598555383908,1.091e-07,Very Strong,"(3,2)"
Polly,distance,2,10,3,2,MDA_MF-DF-ALS,0.2864507545836278,1.091e-07,Very Strong,"(3,2)"
Polly,distance,2,10,3,2,MDP_MF-DF-PCI,0.2937282756536194,1.091e-07,Very Strong,"(3,2)"
Polly,distance,2,10,3,2,MD_MF-DF,0.2937136660742793,1.091e-07,Very Strong,"(3,2)"
Polly,distance,2,10,3,2,PCI,0.2946256614024773,1.091e-07,Very Strong,"(3,2)"
Polly,solver,2,10,1,1,ALS,0.5789473684210527,1.091e-07,Very Strong,"(1,2)"
Polly,solver,2,10,1,1,AP_ALS-PCI,0.5789473684210527,1.091e-07,Very Strong,"(1,2)"
Polly,solver,2,10,1,1,Default,0.647887323943662,1.091e-07,Very Strong,"(1,2)"
Polly,solver,2,10,1,1,MDAP_MF-DF-ALS-PCI,0.5714285714285714,1.091e-07,Very Strong,"(1,2)"
Polly,solver,2,10,1,1,MDA_MF-DF-ALS,0.5714285714285714,1.091e-07,Very Strong,"(1,2)"
Polly,solver,2,10,1,1,MDP_MF-DF-PCI,0.5967741935483871,1.091e-07,Very Strong,"(1,2)"
Polly,solver,2,10,1,1,MD_MF-DF,0.5967741935483871,1.091e-07,Very Strong,"(1,2)"
Polly,solver,2,10,1,1,PCI,0.647887323943662,1.091e-07,Very Strong,"(1,2)"
Polly,solver,2,10,2,1,ALS,0.3324590163934426,1.091e-07,Very Strong,"(2,2)"
Polly,solver,2,10,2,1,AP_ALS-PCI,0.3322368421052631,1.091e-07,Very Strong,"(2,2)"
Polly,solver,2,10,2,1,Default,0.4133056133056133,1.091e-07,Very Strong,"(2,2)"
Polly,solver,2,10,2,1,MDAP_MF-DF-ALS-PCI,0.3237900477164281,1.091e-07,Very Strong,"(2,2)"
Polly,solver,2,10,2,1,MDA_MF-DF-ALS,0.3233492171545269,1.091e-07,Very Strong,"(2,2)"
Polly,solver,2,10,2,1,MDP_MF-DF-PCI,0.3499170812603648,1.091e-07,Very Strong,"(2,2)"
Polly,solver,2,10,2,1,MD_MF-DF,0.349530646051905,1.091e-07,Very Strong,"(2,2)"
Polly,solver,2,10,2,1,PCI,0.4137785291631445,1.091e-07,Very Strong,"(2,2)"
Polly,solver,2,10,3,1,ALS,0.1908157667894365,1.091e-07,Very Strong,"(3,2)"
Polly,solver,2,10,3,1,AP_ALS-PCI,0.1905308578441075,1.091e-07,Very Strong,"(3,2)"
Polly,solver,2,10,3,1,Default,0.2618211294244798,1.091e-07,Very Strong,"(3,2)"
Polly,solver,2,10,3,1,MDAP_MF-DF-ALS-PCI,0.1834996451087637,1.091e-07,Very Strong,"(3,2)"
Polly,solver,2,10,3,1,MDA_MF-DF-ALS,0.182721490042822,1.091e-07,Very Strong,"(3,2)"
Polly,solver,2,10,3,1,MDP_MF-DF-PCI,0.2038688227293335,1.091e-07,Very Strong,"(3,2)"
Polly,solver,2,10,3,1,MD_MF-DF,0.203168770143679,1.091e-07,Very Strong,"(3,2)"
Polly,solver,2,10,3,1,PCI,0.2629797068542583,1.091e-07,Very Strong,"(3,2)"
Polly,solver,2,10,1,2,ALS,0.5789473684210527,1.091e-07,Very Strong,"(1,2)"
Polly,solver,2,10,1,2,AP_ALS-PCI,0.5789473684210527,1.091e-07,Very Strong,"(1,2)"
Polly,solver,2,10,1,2,Default,0.647887323943662,1.091e-07,Very Strong,"(1,2)"
Polly,solver,2,10,1,2,MDAP_MF-DF-ALS-PCI,0.5714285714285714,1.091e-07,Very Strong,"(1,2)"
Polly,solver,2,10,1,2,MDA_MF-DF-ALS,0.5714285714285714,1.091e-07,Very Strong,"(1,2)"
Polly,solver,2,10,1,2,MDP_MF-DF-PCI,0.5967741935483871,1.091e-07,Very Strong,"(1,2)"
Polly,solver,2,10,1,2,MD_MF-DF,0.5967741935483871,1.091e-07,Very Strong,"(1,2)"
Polly,solver,2,10,1,2,PCI,0.647887323943662,1.091e-07,Very Strong,"(1,2)"
Polly,solver,2,10,2,2,ALS,0.3324590163934426,1.091e-07,Very Strong,"(2,2)"
Polly,solver,2,10,2,2,AP_ALS-PCI,0.3322368421052631,1.091e-07,Very Strong,"(2,2)"
Polly,solver,2,10,2,2,Default,0.4133056133056133,1.091e-07,Very Strong,"(2,2)"
Polly,solver,2,10,2,2,MDAP_MF-DF-ALS-PCI,0.3237900477164281,1.091e-07,Very Strong,"(2,2)"
Polly,solver,2,10,2,2,MDA_MF-DF-ALS,0.3233492171545269,1.091e-07,Very Strong,"(2,2)"
Polly,solver,2,10,2,2,MDP_MF-DF-PCI,0.3499170812603648,1.091e-07,Very Strong,"(2,2)"
Polly,solver,2,10,2,2,MD_MF-DF,0.349530646051905,1.091e-07,Very Strong,"(2,2)"
Polly,solver,2,10,2,2,PCI,0.4137785291631445,1.091e-07,Very Strong,"(2,2)"
Polly,solver,2,10,3,2,ALS,0.1908157667894365,1.091e-07,Very Strong,"(3,2)"
Polly,solver,2,10,3,2,AP_ALS-PCI,0.1905308578441075,1.091e-07,Very Strong,"(3,2)"
Polly,solver,2,10,3,2,Default,0.2618211294244798,1.091e-07,Very Strong,"(3,2)"
Polly,solver,2,10,3,2,MDAP_MF-DF-ALS-PCI,0.1834996451087637,1.091e-07,Very Strong,"(3,2)"
Polly,solver,2,10,3,2,MDA_MF-DF-ALS,0.182721490042822,1.091e-07,Very Strong,"(3,2)"
Polly,solver,2,10,3,2,MDP_MF-DF-PCI,0.2038688227293335,1.091e-07,Very Strong,"(3,2)"
Polly,solver,2,10,3,2,MD_MF-DF,0.203168770143679,1.091e-07,Very Strong,"(3,2)"
Polly,solver,2,10,3,2,PCI,0.2629797068542583,1.091e-07,Very Strong,"(3,2)"
VP9,random,1,10,1,1,ALS,0.9692307692307692,9.82e-08,Very Strong,"(1,1)"
VP9,random,1,10,1,1,AP_ALS-PCI,0.9692307692307692,9.82e-08,Very Strong,"(1,1)"
VP9,random,1,10,1,1,Default,0.9733333333333332,9.82e-08,Very Strong,"(1,1)"
VP9,random,1,10,1,1,MDAP_MF-DF-ALS-PCI,0.96875,9.82e-08,Very Strong,"(1,1)"
VP9,random,1,10,1,1,MDA_MF-DF-ALS,0.96875,9.82e-08,Very Strong,"(1,1)"
VP9,random,1,10,1,1,MDP_MF-DF-PCI,0.9696969696969696,9.82e-08,Very Strong,"(1,1)"
VP9,random,1,10,1,1,MD_MF-DF,0.9696969696969696,9.82e-08,Very Strong,"(1,1)"
VP9,random,1,10,1,1,PCI,0.9733333333333332,9.82e-08,Very Strong,"(1,1)"
VP9,random,1,10,2,1,ALS,0.8267598602096855,9.82e-08,Very Strong,"(2,1)"
VP9,random,1,10,2,1,AP_ALS-PCI,0.8265,9.82e-08,Very Strong,"(2,1)"
VP9,random,1,10,2,1,Default,0.8589981447124304,9.82e-08,Very Strong,"(2,1)"
VP9,random,1,10,2,1,MDAP_MF-DF-ALS-PCI,0.82207323362558,9.82e-08,Very Strong,"(2,1)"
VP9,random,1,10,2,1,MDA_MF-DF-ALS,0.82207323362558,9.82e-08,Very Strong,"(2,1)"
VP9,random,1,10,2,1,MDP_MF-DF-PCI,0.8246973365617433,9.82e-08,Very Strong,"(2,1)"
VP9,random,1,10,2,1,MD_MF-DF,0.8246973365617433,9.82e-08,Very Strong,"(2,1)"
VP9,random,1,10,2,1,PCI,0.8575734740015071,9.82e-08,Very Strong,"(2,1)"
VP9,random,1,10,3,1,ALS,0.6325981020774557,9.82e-08,Very Strong,"(3,1)"
VP9,random,1,10,3,1,AP_ALS-PCI,0.6313293993351715,9.82e-08,Very Strong,"(3,1)"
VP9,random,1,10,3,1,Default,0.6981891673403395,9.82e-08,Very Strong,"(3,1)"
VP9,random,1,10,3,1,MDAP_MF-DF-ALS-PCI,0.6226822487922054,9.82e-08,Very Strong,"(3,1)"
VP9,random,1,10,3,1,MDA_MF-DF-ALS,0.6226822487922054,9.82e-08,Very Strong,"(3,1)"
VP9,random,1,10,3,1,MDP_MF-DF-PCI,0.6241391986276191,9.82e-08,Very Strong,"(3,1)"
VP9,random,1,10,3,1,MD_MF-DF,0.6241391986276191,9.82e-08,Very Strong,"(3,1)"
VP9,random,1,10,3,1,PCI,0.6941270083125942,9.82e-08,Very Strong,"(3,1)"
VP9,random,1,10,1,2,ALS,0.9846153846153846,9.82e-08,Very Strong,"(1,1)"
VP9,random,1,10,1,2,AP_ALS-PCI,0.9846153846153846,9.82e-08,Very Strong,"(1,1)"
VP9,random,1,10,1,2,Default,0.9866666666666666,9.82e-08,Very Strong,"(1,1)"
VP9,random,1,10,1,2,MDAP_MF-DF-ALS-PCI,0.984375,9.82e-08,Very Strong,"(1,1)"
VP9,random,1,10,1,2,MDA_MF-DF-ALS,0.984375,9.82e-08,Very Strong,"(1,1)"
VP9,random,1,10,1,2,MDP_MF-DF-PCI,0.9848484848484848,9.82e-08,Very Strong,"(1,1)"
VP9,random,1,10,1,2,MD_MF-DF,0.9848484848484848,9.82e-08,Very Strong,"(1,1)"
VP9,random,1,10,1,2,PCI,0.9866666666666666,9.82e-08,Very Strong,"(1,1)"
VP9,random,1,10,2,2,ALS,0.8317523714428356,9.82e-08,Very Strong,"(2,1)"
VP9,random,1,10,2,2,AP_ALS-PCI,0.8315,9.82e-08,Very Strong,"(2,1)"
VP9,random,1,10,2,2,Default,0.8664192949907235,9.82e-08,Very Strong,"(2,1)"
VP9,random,1,10,2,2,MDAP_MF-DF-ALS-PCI,0.8267148014440433,9.82e-08,Very Strong,"(2,1)"
VP9,random,1,10,2,2,MDA_MF-DF-ALS,0.8267148014440433,9.82e-08,Very Strong,"(2,1)"
VP9,random,1,10,2,2,MDP_MF-DF-PCI,0.8300242130750605,9.82e-08,Very Strong,"(2,1)"
VP9,random,1,10,2,2,MD_MF-DF,0.8300242130750605,9.82e-08,Very Strong,"(2,1)"
VP9,random,1,10,2,2,PCI,0.8647324792765637,9.82e-08,Very Strong,"(2,1)"
VP9,random,1,10,3,2,ALS,0.6332392921261862,9.82e-08,Very Strong,"(3,1)"
VP9,random,1,10,3,2,AP_ALS-PCI,0.6321282242894322,9.82e-08,Very Strong,"(3,1)"
VP9,random,1,10,3,2,Default,0.7018916734033953,9.82e-08,Very Strong,"(3,1)"
VP9,random,1,10,3,2,MDAP_MF-DF-ALS-PCI,0.6231140859895818,9.82e-08,Very Strong,"(3,1)"
VP9,random,1,10,3,2,MDA_MF-DF-ALS,0.6231140859895818,9.82e-08,Very Strong,"(3,1)"
VP9,random,1,10,3,2,MDP_MF-DF-PCI,0.6264428378875136,9.82e-08,Very Strong,"(3,1)"
VP9,random,1,10,3,2,MD_MF-DF,0.6264428378875136,9.82e-08,Very Strong,"(3,1)"
VP9,random,1,10,3,2,PCI,0.6977161528433812,9.82e-08,Very Strong,"(3,1)"
VP9,distance,1,10,1,1,ALS,0.7538461538461538,9.82e-08,Very Strong,"(1,1)"
VP9,distance,1,10,1,1,AP_ALS-PCI,0.7538461538461538,9.82e-08,Very Strong,"(1,1)"
VP9,distance,1,10,1,1,Default,0.76,9.82e-08,Very Strong,"(1,1)"
VP9,distance,1,10,1,1,MDAP_MF-DF-ALS-PCI,0.75,9.82e-08,Very Strong,"(1,1)"
VP9,distance,1,10,1,1,MDA_MF-DF-ALS,0.75,9.82e-08,Very Strong,"(1,1)"
VP9,distance,1,10,1,1,MDP_MF-DF-PCI,0.7424242424242424,9.82e-08,Very Strong,"(1,1)"
VP9,distance,1,10,1,1,MD_MF-DF,0.7424242424242424,9.82e-08,Very Strong,"(1,1)"
VP9,distance,1,10,1,1,PCI,0.76,9.82e-08,Very Strong,"(1,1)"
VP9,distance,1,10,2,1,ALS,0.5132301547678482,9.82e-08,Very Strong,"(2,1)"
VP9,distance,1,10,2,1,AP_ALS-PCI,0.5124999999999998,9.82e-08,Very Strong,"(2,1)"
VP9,distance,1,10,2,1,Default,0.5105751391465677,9.82e-08,Very Strong,"(2,1)"
VP9,distance,1,10,2,1,MDAP_MF-DF-ALS-PCI,0.5054151624548736,9.82e-08,Very Strong,"(2,1)"
VP9,distance,1,10,2,1,MDA_MF-DF-ALS,0.5054151624548736,9.82e-08,Very Strong,"(2,1)"
VP9,distance,1,10,2,1,MDP_MF-DF-PCI,0.4973365617433414,9.82e-08,Very Strong,"(2,1)"
VP9,distance,1,10,2,1,MD_MF-DF,0.4973365617433414,9.82e-08,Very Strong,"(2,1)"
VP9,distance,1,10,2,1,PCI,0.5128108515448379,9.82e-08,Very Strong,"(2,1)"
VP9,distance,1,10,3,1,ALS,0.3300076942805847,9.82e-08,Very Strong,"(3,1)"
VP9,distance,1,10,3,1,AP_ALS-PCI,0.3280078336382611,9.82e-08,Very Strong,"(3,1)"
VP9,distance,1,10,3,1,Default,0.3196604688763136,9.82e-08,Very Strong,"(3,1)"
VP9,distance,1,10,3,1,MDAP_MF-DF-ALS-PCI,0.3208280478259696,9.82e-08,Very Strong,"(3,1)"
VP9,distance,1,10,3,1,MDA_MF-DF-ALS,0.3208280478259696,9.82e-08,Very Strong,"(3,1)"
VP9,distance,1,10,3,1,MDP_MF-DF-PCI,0.3143732385737041,9.82e-08,Very Strong,"(3,1)"
VP9,distance,1,10,3,1,MD_MF-DF,0.3143732385737041,9.82e-08,Very Strong,"(3,1)"
VP9,distance,1,10,3,1,PCI,0.3237340647061811,9.82e-08,Very Strong,"(3,1)"
VP9,distance,1,10,1,2,ALS,0.723076923076923,9.82e-08,Very Strong,"(1,1)"
VP9,distance,1,10,1,2,AP_ALS-PCI,0.723076923076923,9.82e-08,Very Strong,"(1,1)"
VP9,distance,1,10,1,2,Default,0.7199999999999999,9.82e-08,Very Strong,"(1,1)"
VP9,distance,1,10,1,2,MDAP_MF-DF-ALS-PCI,0.71875,9.82e-08,Very Strong,"(1,1)"
VP9,distance,1,10,1,2,MDA_MF-DF-ALS,0.71875,9.82e-08,Very Strong,"(1,1)"
VP9,distance,1,10,1,2,MDP_MF-DF-PCI,0.7121212121212122,9.82e-08,Very Strong,"(1,1)"
VP9,distance,1,10,1,2,MD_MF-DF,0.7121212121212122,9.82e-08,Very Strong,"(1,1)"
VP9,distance,1,10,1,2,PCI,0.7199999999999999,9.82e-08,Very Strong,"(1,1)"
VP9,distance,1,10,2,2,ALS,0.4822765851223165,9.82e-08,Very Strong,"(2,1)"
VP9,distance,1,10,2,2,AP_ALS-PCI,0.4814999999999999,9.82e-08,Very Strong,"(2,1)"
VP9,distance,1,10,2,2,Default,0.4686456400742115,9.82e-08,Very Strong,"(2,1)"
VP9,distance,1,10,2,2,MDAP_MF-DF-ALS-PCI,0.4744713769984528,9.82e-08,Very Strong,"(2,1)"
VP9,distance,1,10,2,2,MDA_MF-DF-ALS,0.4744713769984528,9.82e-08,Very Strong,"(2,1)"
VP9,distance,1,10,2,2,MDP_MF-DF-PCI,0.4673123486682808,9.82e-08,Very Strong,"(2,1)"
VP9,distance,1,10,2,2,MD_MF-DF,0.4673123486682808,9.82e-08,Very Strong,"(2,1)"
VP9,distance,1,10,2,2,PCI,0.4706103993971363,9.82e-08,Very Strong,"(2,1)"
VP9,distance,1,10,3,2,ALS,0.3060528340600153,9.82e-08,Very Strong,"(3,1)"
VP9,distance,1,10,3,2,AP_ALS-PCI,0.3040946221042595,9.82e-08,Very Strong,"(3,1)"
VP9,distance,1,10,3,2,Default,0.2862894098625707,9.82e-08,Very Strong,"(3,1)"
VP9,distance,1,10,3,2,MDAP_MF-DF-ALS-PCI,0.2972389409192734,9.82e-08,Very Strong,"(3,1)"
VP9,distance,1,10,3,2,MDA_MF-DF-ALS,0.2972389409192734,9.82e-08,Very Strong,"(3,1)"
VP9,distance,1,10,3,2,MDP_MF-DF-PCI,0.2915329003798554,9.82e-08,Very Strong,"(3,1)"
VP9,distance,1,10,3,2,MD_MF-DF,0.2915329003798554,9.82e-08,Very Strong,"(3,1)"
VP9,distance,1,10,3,2,PCI,0.2900265799854402,9.82e-08,Very Strong,"(3,1)"
VP9,solver,1,10,1,1,ALS,0.5999999999999999,9.82e-08,Very Strong,"(1,1)"
VP9,solver,1,10,1,1,AP_ALS-PCI,0.5999999999999999,9.82e-08,Very Strong,"(1,1)"
VP9,solver,1,10,1,1,Default,0.64,9.82e-08,Very Strong,"(1,1)"
VP9,solver,1,10,1,1,MDAP_MF-DF-ALS-PCI,0.59375,9.82e-08,Very Strong,"(1,1)"
VP9,solver,1,10,1,1,MDA_MF-DF-ALS,0.59375,9.82e-08,Very Strong,"(1,1)"
VP9,solver,1,10,1,1,MDP_MF-DF-PCI,0.5909090909090909,9.82e-08,Very Strong,"(1,1)"
VP9,solver,1,10,1,1,MD_MF-DF,0.5909090909090909,9.82e-08,Very Strong,"(1,1)"
VP9,solver,1,10,1,1,PCI,0.64,9.82e-08,Very Strong,"(1,1)"
VP9,solver,1,10,2,1,ALS,0.3559660509236145,9.82e-08,Very Strong,"(2,1)"
VP9,solver,1,10,2,1,AP_ALS-PCI,0.3549999999999999,9.82e-08,Very Strong,"(2,1)"
VP9,solver,1,10,2,1,Default,0.4025974025974026,9.82e-08,Very Strong,"(2,1)"
VP9,solver,1,10,2,1,MDAP_MF-DF-ALS-PCI,0.3481175863847343,9.82e-08,Very Strong,"(2,1)"
VP9,solver,1,10,2,1,MDA_MF-DF-ALS,0.3481175863847343,9.82e-08,Very Strong,"(2,1)"
VP9,solver,1,10,2,1,MDP_MF-DF-PCI,0.3447941888619854,9.82e-08,Very Strong,"(2,1)"
VP9,solver,1,10,2,1,MD_MF-DF,0.3447941888619854,9.82e-08,Very Strong,"(2,1)"
VP9,solver,1,10,2,1,PCI,0.4024114544084401,9.82e-08,Very Strong,"(2,1)"
VP9,solver,1,10,3,1,ALS,0.2103103359835855,9.82e-08,Very Strong,"(3,1)"
VP9,solver,1,10,3,1,AP_ALS-PCI,0.208519081608988,9.82e-08,Very Strong,"(3,1)"
VP9,solver,1,10,3,1,Default,0.2510913500404203,9.82e-08,Very Strong,"(3,1)"
VP9,solver,1,10,3,1,MDAP_MF-DF-ALS-PCI,0.203098431891177,9.82e-08,Very Strong,"(3,1)"
VP9,solver,1,10,3,1,MDA_MF-DF-ALS,0.203098431891177,9.82e-08,Very Strong,"(3,1)"
VP9,solver,1,10,3,1,MDP_MF-DF-PCI,0.2001715476044602,9.82e-08,Very Strong,"(3,1)"
VP9,solver,1,10,3,1,MD_MF-DF,0.2001715476044602,9.82e-08,Very Strong,"(3,1)"
VP9,solver,1,10,3,1,PCI,0.2513755565713511,9.82e-08,Very Strong,"(3,1)"
VP9,solver,1,10,1,2,ALS,0.5999999999999999,9.82e-08,Very Strong,"(1,1)"
VP9,solver,1,10,1,2,AP_ALS-PCI,0.5999999999999999,9.82e-08,Very Strong,"(1,1)"
VP9,solver,1,10,1,2,Default,0.64,9.82e-08,Very Strong,"(1,1)"
VP9,solver,1,10,1,2,MDAP_MF-DF-ALS-PCI,0.59375,9.82e-08,Very Strong,"(1,1)"
VP9,solver,1,10,1,2,MDA_MF-DF-ALS,0.59375,9.82e-08,Very Strong,"(1,1)"
VP9,solver,1,10,1,2,MDP_MF-DF-PCI,0.5909090909090909,9.82e-08,Very Strong,"(1,1)"
VP9,solver,1,10,1,2,MD_MF-DF,0.5909090909090909,9.82e-08,Very Strong,"(1,1)"
VP9,solver,1,10,1,2,PCI,0.64,9.82e-08,Very Strong,"(1,1)"
VP9,solver,1,10,2,2,ALS,0.3559660509236145,9.82e-08,Very Strong,"(2,1)"
VP9,solver,1,10,2,2,AP_ALS-PCI,0.3549999999999999,9.82e-08,Very Strong,"(2,1)"
VP9,solver,1,10,2,2,Default,0.4025974025974026,9.82e-08,Very Strong,"(2,1)"
VP9,solver,1,10,2,2,MDAP_MF-DF-ALS-PCI,0.3481175863847343,9.82e-08,Very Strong,"(2,1)"
VP9,solver,1,10,2,2,MDA_MF-DF-ALS,0.3481175863847343,9.82e-08,Very Strong,"(2,1)"
VP9,solver,1,10,2,2,MDP_MF-DF-PCI,0.3447941888619854,9.82e-08,Very Strong,"(2,1)"
VP9,solver,1,10,2,2,MD_MF-DF,0.3447941888619854,9.82e-08,Very Strong,"(2,1)"
VP9,solver,1,10,2,2,PCI,0.4024114544084401,9.82e-08,Very Strong,"(2,1)"
VP9,solver,1,10,3,2,ALS,0.2103103359835855,9.82e-08,Very Strong,"(3,1)"
VP9,solver,1,10,3,2,AP_ALS-PCI,0.208519081608988,9.82e-08,Very Strong,"(3,1)"
VP9,solver,1,10,3,2,Default,0.2510913500404203,9.82e-08,Very Strong,"(3,1)"
VP9,solver,1,10,3,2,MDAP_MF-DF-ALS-PCI,0.203098431891177,9.82e-08,Very Strong,"(3,1)"
VP9,solver,1,10,3,2,MDA_MF-DF-ALS,0.203098431891177,9.82e-08,Very Strong,"(3,1)"
VP9,solver,1,10,3,2,MDP_MF-DF-PCI,0.2001715476044602,9.82e-08,Very Strong,"(3,1)"
VP9,solver,1,10,3,2,MD_MF-DF,0.2001715476044602,9.82e-08,Very Strong,"(3,1)"
VP9,solver,1,10,3,2,PCI,0.2513755565713511,9.82e-08,Very Strong,"(3,1)"
VP9,random,2,10,1,1,ALS,0.9846153846153846,9.82e-08,Very Strong,"(1,2)"
VP9,random,2,10,1,1,AP_ALS-PCI,0.9846153846153846,9.82e-08,Very Strong,"(1,2)"
VP9,random,2,10,1,1,Default,0.9866666666666666,9.82e-08,Very Strong,"(1,2)"
VP9,random,2,10,1,1,MDAP_MF-DF-ALS-PCI,0.984375,9.82e-08,Very Strong,"(1,2)"
VP9,random,2,10,1,1,MDA_MF-DF-ALS,0.984375,9.82e-08,Very Strong,"(1,2)"
VP9,random,2,10,1,1,MDP_MF-DF-PCI,0.9848484848484848,9.82e-08,Very Strong,"(1,2)"
VP9,random,2,10,1,1,MD_MF-DF,0.9848484848484848,9.82e-08,Very Strong,"(1,2)"
VP9,random,2,10,1,1,PCI,0.9866666666666666,9.82e-08,Very Strong,"(1,2)"
VP9,random,2,10,2,1,ALS,0.8447329006490265,9.82e-08,Very Strong,"(2,2)"
VP9,random,2,10,2,1,AP_ALS-PCI,0.8445,9.82e-08,Very Strong,"(2,2)"
VP9,random,2,10,2,1,Default,0.87569573283859,9.82e-08,Very Strong,"(2,2)"
VP9,random,2,10,2,1,MDAP_MF-DF-ALS-PCI,0.8401237751418256,9.82e-08,Very Strong,"(2,2)"
VP9,random,2,10,2,1,MDA_MF-DF-ALS,0.8401237751418256,9.82e-08,Very Strong,"(2,2)"
VP9,random,2,10,2,1,MDP_MF-DF-PCI,0.8421307506053268,9.82e-08,Very Strong,"(2,2)"
VP9,random,2,10,2,1,MD_MF-DF,0.8421307506053268,9.82e-08,Very Strong,"(2,2)"
VP9,random,2,10,2,1,PCI,0.8741522230595327,9.82e-08,Very Strong,"(2,2)"
VP9,random,2,10,3,1,ALS,0.6460630931007951,9.82e-08,Very Strong,"(3,2)"
VP9,random,2,10,3,1,AP_ALS-PCI,0.6449867291983405,9.82e-08,Very Strong,"(3,2)"
VP9,random,2,10,3,1,Default,0.7124494745351657,9.82e-08,Very Strong,"(3,2)"
VP9,random,2,10,3,1,MDAP_MF-DF-ALS-PCI,0.6359072629618634,9.82e-08,Very Strong,"(3,2)"
VP9,random,2,10,3,1,MDA_MF-DF-ALS,0.6359072629618634,9.82e-08,Very Strong,"(3,2)"
VP9,random,2,10,3,1,MDP_MF-DF-PCI,0.6369317485602255,9.82e-08,Very Strong,"(3,2)"
VP9,random,2,10,3,1,MD_MF-DF,0.6369317485602255,9.82e-08,Very Strong,"(3,2)"
VP9,random,2,10,3,1,PCI,0.7082127076032301,9.82e-08,Very Strong,"(3,2)"
VP9,random,2,10,1,2,ALS,0.9692307692307692,9.82e-08,Very Strong,"(1,2)"
VP9,random,2,10,1,2,AP_ALS-PCI,0.9692307692307692,9.82e-08,Very Strong,"(1,2)"
VP9,random,2,10,1,2,Default,0.9733333333333332,9.82e-08,Very Strong,"(1,2)"
VP9,random,2,10,1,2,MDAP_MF-DF-ALS-PCI,0.96875,9.82e-08,Very Strong,"(1,2)"
VP9,random,2,10,1,2,MDA_MF-DF-ALS,0.96875,9.82e-08,Very Strong,"(1,2)"
VP9,random,2,10,1,2,MDP_MF-DF-PCI,0.9696969696969696,9.82e-08,Very Strong,"(1,2)"
VP9,random,2,10,1,2,MD_MF-DF,0.9696969696969696,9.82e-08,Very Strong,"(1,2)"
VP9,random,2,10,1,2,PCI,0.9733333333333332,9.82e-08,Very Strong,"(1,2)"
VP9,random,2,10,2,2,ALS,0.8097853220169745,9.82e-08,Very Strong,"(2,2)"
VP9,random,2,10,2,2,AP_ALS-PCI,0.8095,9.82e-08,Very Strong,"(2,2)"
VP9,random,2,10,2,2,Default,0.8456400742115027,9.82e-08,Very Strong,"(2,2)"
VP9,random,2,10,2,2,MDAP_MF-DF-ALS-PCI,0.8045384218669416,9.82e-08,Very Strong,"(2,2)"
VP9,random,2,10,2,2,MDA_MF-DF-ALS,0.8045384218669416,9.82e-08,Very Strong,"(2,2)"
VP9,random,2,10,2,2,MDP_MF-DF-PCI,0.8072639225181598,9.82e-08,Very Strong,"(2,2)"
VP9,random,2,10,2,2,MD_MF-DF,0.8072639225181598,9.82e-08,Very Strong,"(2,2)"
VP9,random,2,10,2,2,PCI,0.8440090429540316,9.82e-08,Very Strong,"(2,2)"
VP9,random,2,10,3,2,ALS,0.6066940241087458,9.82e-08,Very Strong,"(3,2)"
VP9,random,2,10,3,2,AP_ALS-PCI,0.605612389517355,9.82e-08,Very Strong,"(3,2)"
VP9,random,2,10,3,2,Default,0.676394502829426,9.82e-08,Very Strong,"(3,2)"
VP9,random,2,10,3,2,MDAP_MF-DF-ALS-PCI,0.5963401797522334,9.82e-08,Very Strong,"(3,2)"
VP9,random,2,10,3,2,MDA_MF-DF-ALS,0.5963401797522334,9.82e-08,Very Strong,"(3,2)"
VP9,random,2,10,3,2,MDP_MF-DF-PCI,0.5990442347751501,9.82e-08,Very Strong,"(3,2)"
VP9,random,2,10,3,2,MD_MF-DF,0.5990442347751501,9.82e-08,Very Strong,"(3,2)"
VP9,random,2,10,3,2,PCI,0.6723381922223916,9.82e-08,Very Strong,"(3,2)"
VP9,distance,2,10,1,1,ALS,0.7538461538461538,9.82e-08,Very Strong,"(1,2)"
VP9,distance,2,10,1,1,AP_ALS-PCI,0.7538461538461538,9.82e-08,Very Strong,"(1,2)"
VP9,distance,2,10,1,1,Default,0.76,9.82e-08,Very Strong,"(1,2)"
VP9,distance,2,10,1,1,MDAP_MF-DF-ALS-PCI,0.75,9.82e-08,Very Strong,"(1,2)"
VP9,distance,2,10,1,1,MDA_MF-DF-ALS,0.75,9.82e-08,Very Strong,"(1,2)"
VP9,distance,2,10,1,1,MDP_MF-DF-PCI,0.7424242424242424,9.82e-08,Very Strong,"(1,2)"
VP9,distance,2,10,1,1,MD_MF-DF,0.7424242424242424,9.82e-08,Very Strong,"(1,2)"
VP9,distance,2,10,1,1,PCI,0.76,9.82e-08,Very Strong,"(1,2)"
VP9,distance,2,10,2,1,ALS,0.5132301547678482,9.82e-08,Very Strong,"(2,2)"
VP9,distance,2,10,2,1,AP_ALS-PCI,0.5124999999999998,9.82e-08,Very Strong,"(2,2)"
VP9,distance,2,10,2,1,Default,0.5105751391465677,9.82e-08,Very Strong,"(2,2)"
VP9,distance,2,10,2,1,MDAP_MF-DF-ALS-PCI,0.5054151624548736,9.82e-08,Very Strong,"(2,2)"
VP9,distance,2,10,2,1,MDA_MF-DF-ALS,0.5054151624548736,9.82e-08,Very Strong,"(2,2)"
VP9,distance,2,10,2,1,MDP_MF-DF-PCI,0.4973365617433414,9.82e-08,Very Strong,"(2,2)"
VP9,distance,2,10,2,1,MD_MF-DF,0.4973365617433414,9.82e-08,Very Strong,"(2,2)"
VP9,distance,2,10,2,1,PCI,0.5128108515448379,9.82e-08,Very Strong,"(2,2)"
VP9,distance,2,10,3,1,ALS,0.3300076942805847,9.82e-08,Very Strong,"(3,2)"
VP9,distance,2,10,3,1,AP_ALS-PCI,0.3280078336382611,9.82e-08,Very Strong,"(3,2)"
VP9,distance,2,10,3,1,Default,0.3196604688763136,9.82e-08,Very Strong,"(3,2)"
VP9,distance,2,10,3,1,MDAP_MF-DF-ALS-PCI,0.3208280478259696,9.82e-08,Very Strong,"(3,2)"
VP9,distance,2,10,3,1,MDA_MF-DF-ALS,0.3208280478259696,9.82e-08,Very Strong,"(3,2)"
VP9,distance,2,10,3,1,MDP_MF-DF-PCI,0.3143732385737041,9.82e-08,Very Strong,"(3,2)"
VP9,distance,2,10,3,1,MD_MF-DF,0.3143732385737041,9.82e-08,Very Strong,"(3,2)"
VP9,distance,2,10,3,1,PCI,0.3237340647061811,9.82e-08,Very Strong,"(3,2)"
VP9,distance,2,10,1,2,ALS,0.723076923076923,9.82e-08,Very Strong,"(1,2)"
VP9,distance,2,10,1,2,AP_ALS-PCI,0.723076923076923,9.82e-08,Very Strong,"(1,2)"
VP9,distance,2,10,1,2,Default,0.7199999999999999,9.82e-08,Very Strong,"(1,2)"
VP9,distance,2,10,1,2,MDAP_MF-DF-ALS-PCI,0.71875,9.82e-08,Very Strong,"(1,2)"
VP9,distance,2,10,1,2,MDA_MF-DF-ALS,0.71875,9.82e-08,Very Strong,"(1,2)"
VP9,distance,2,10,1,2,MDP_MF-DF-PCI,0.7121212121212122,9.82e-08,Very Strong,"(1,2)"
VP9,distance,2,10,1,2,MD_MF-DF,0.7121212121212122,9.82e-08,Very Strong,"(1,2)"
VP9,distance,2,10,1,2,PCI,0.7199999999999999,9.82e-08,Very Strong,"(1,2)"
VP9,distance,2,10,2,2,ALS,0.4822765851223165,9.82e-08,Very Strong,"(2,2)"
VP9,distance,2,10,2,2,AP_ALS-PCI,0.4814999999999999,9.82e-08,Very Strong,"(2,2)"
VP9,distance,2,10,2,2,Default,0.4686456400742115,9.82e-08,Very Strong,"(2,2)"
VP9,distance,2,10,2,2,MDAP_MF-DF-ALS-PCI,0.4744713769984528,9.82e-08,Very Strong,"(2,2)"
VP9,distance,2,10,2,2,MDA_MF-DF-ALS,0.4744713769984528,9.82e-08,Very Strong,"(2,2)"
VP9,distance,2,10,2,2,MDP_MF-DF-PCI,0.4673123486682808,9.82e-08,Very Strong,"(2,2)"
VP9,distance,2,10,2,2,MD_MF-DF,0.4673123486682808,9.82e-08,Very Strong,"(2,2)"
VP9,distance,2,10,2,2,PCI,0.4706103993971363,9.82e-08,Very Strong,"(2,2)"
VP9,distance,2,10,3,2,ALS,0.3060528340600153,9.82e-08,Very Strong,"(3,2)"
VP9,distance,2,10,3,2,AP_ALS-PCI,0.3040946221042595,9.82e-08,Very Strong,"(3,2)"
VP9,distance,2,10,3,2,Default,0.2862894098625707,9.82e-08,Very Strong,"(3,2)"
VP9,distance,2,10,3,2,MDAP_MF-DF-ALS-PCI,0.2972389409192734,9.82e-08,Very Strong,"(3,2)"
VP9,distance,2,10,3,2,MDA_MF-DF-ALS,0.2972389409192734,9.82e-08,Very Strong,"(3,2)"
VP9,distance,2,10,3,2,MDP_MF-DF-PCI,0.2915329003798554,9.82e-08,Very Strong,"(3,2)"
VP9,distance,2,10,3,2,MD_MF-DF,0.2915329003798554,9.82e-08,Very Strong,"(3,2)"
VP9,distance,2,10,3,2,PCI,0.2900265799854402,9.82e-08,Very Strong,"(3,2)"
VP9,solver,2,10,1,1,ALS,0.5999999999999999,9.82e-08,Very Strong,"(1,2)"
VP9,solver,2,10,1,1,AP_ALS-PCI,0.5999999999999999,9.82e-08,Very Strong,"(1,2)"
VP9,solver,2,10,1,1,Default,0.64,9.82e-08,Very Strong,"(1,2)"
VP9,solver,2,10,1,1,MDAP_MF-DF-ALS-PCI,0.59375,9.82e-08,Very Strong,"(1,2)"
VP9,solver,2,10,1,1,MDA_MF-DF-ALS,0.59375,9.82e-08,Very Strong,"(1,2)"
VP9,solver,2,10,1,1,MDP_MF-DF-PCI,0.5909090909090909,9.82e-08,Very Strong,"(1,2)"
VP9,solver,2,10,1,1,MD_MF-DF,0.5909090909090909,9.82e-08,Very Strong,"(1,2)"
VP9,solver,2,10,1,1,PCI,0.64,9.82e-08,Very Strong,"(1,2)"
VP9,solver,2,10,2,1,ALS,0.3559660509236145,9.82e-08,Very Strong,"(2,2)"
VP9,solver,2,10,2,1,AP_ALS-PCI,0.3549999999999999,9.82e-08,Very Strong,"(2,2)"
VP9,solver,2,10,2,1,Default,0.4025974025974026,9.82e-08,Very Strong,"(2,2)"
VP9,solver,2,10,2,1,MDAP_MF-DF-ALS-PCI,0.3481175863847343,9.82e-08,Very Strong,"(2,2)"
VP9,solver,2,10,2,1,MDA_MF-DF-ALS,0.3481175863847343,9.82e-08,Very Strong,"(2,2)"
VP9,solver,2,10,2,1,MDP_MF-DF-PCI,0.3447941888619854,9.82e-08,Very Strong,"(2,2)"
VP9,solver,2,10,2,1,MD_MF-DF,0.3447941888619854,9.82e-08,Very Strong,"(2,2)"
VP9,solver,2,10,2,1,PCI,0.4024114544084401,9.82e-08,Very Strong,"(2,2)"
VP9,solver,2,10,3,1,ALS,0.2103103359835855,9.82e-08,Very Strong,"(3,2)"
VP9,solver,2,10,3,1,AP_ALS-PCI,0.208519081608988,9.82e-08,Very Strong,"(3,2)"
VP9,solver,2,10,3,1,Default,0.2510913500404203,9.82e-08,Very Strong,"(3,2)"
VP9,solver,2,10,3,1,MDAP_MF-DF-ALS-PCI,0.203098431891177,9.82e-08,Very Strong,"(3,2)"
VP9,solver,2,10,3,1,MDA_MF-DF-ALS,0.203098431891177,9.82e-08,Very Strong,"(3,2)"
VP9,solver,2,10,3,1,MDP_MF-DF-PCI,0.2001715476044602,9.82e-08,Very Strong,"(3,2)"
VP9,solver,2,10,3,1,MD_MF-DF,0.2001715476044602,9.82e-08,Very Strong,"(3,2)"
VP9,solver,2,10,3,1,PCI,0.2513755565713511,9.82e-08,Very Strong,"(3,2)"
VP9,solver,2,10,1,2,ALS,0.5999999999999999,9.82e-08,Very Strong,"(1,2)"
VP9,solver,2,10,1,2,AP_ALS-PCI,0.5999999999999999,9.82e-08,Very Strong,"(1,2)"
VP9,solver,2,10,1,2,Default,0.64,9.82e-08,Very Strong,"(1,2)"
VP9,solver,2,10,1,2,MDAP_MF-DF-ALS-PCI,0.59375,9.82e-08,Very Strong,"(1,2)"
VP9,solver,2,10,1,2,MDA_MF-DF-ALS,0.59375,9.82e-08,Very Strong,"(1,2)"
VP9,solver,2,10,1,2,MDP_MF-DF-PCI,0.5909090909090909,9.82e-08,Very Strong,"(1,2)"
VP9,solver,2,10,1,2,MD_MF-DF,0.5909090909090909,9.82e-08,Very Strong,"(1,2)"
VP9,solver,2,10,1,2,PCI,0.64,9.82e-08,Very Strong,"(1,2)"
VP9,solver,2,10,2,2,ALS,0.3559660509236145,9.82e-08,Very Strong,"(2,2)"
VP9,solver,2,10,2,2,AP_ALS-PCI,0.3549999999999999,9.82e-08,Very Strong,"(2,2)"
VP9,solver,2,10,2,2,Default,0.4025974025974026,9.82e-08,Very Strong,"(2,2)"
VP9,solver,2,10,2,2,MDAP_MF-DF-ALS-PCI,0.3481175863847343,9.82e-08,Very Strong,"(2,2)"
VP9,solver,2,10,2,2,MDA_MF-DF-ALS,0.3481175863847343,9.82e-08,Very Strong,"(2,2)"
VP9,solver,2,10,2,2,MDP_MF-DF-PCI,0.3447941888619854,9.82e-08,Very Strong,"(2,2)"
VP9,solver,2,10,2,2,MD_MF-DF,0.3447941888619854,9.82e-08,Very Strong,"(2,2)"
VP9,solver,2,10,2,2,PCI,0.4024114544084401,9.82e-08,Very Strong,"(2,2)"
VP9,solver,2,10,3,2,ALS,0.2103103359835855,9.82e-08,Very Strong,"(3,2)"
VP9,solver,2,10,3,2,AP_ALS-PCI,0.208519081608988,9.82e-08,Very Strong,"(3,2)"
VP9,solver,2,10,3,2,Default,0.2510913500404203,9.82e-08,Very Strong,"(3,2)"
VP9,solver,2,10,3,2,MDAP_MF-DF-ALS-PCI,0.203098431891177,9.82e-08,Very Strong,"(3,2)"
VP9,solver,2,10,3,2,MDA_MF-DF-ALS,0.203098431891177,9.82e-08,Very Strong,"(3,2)"
VP9,solver,2,10,3,2,MDP_MF-DF-PCI,0.2001715476044602,9.82e-08,Very Strong,"(3,2)"
VP9,solver,2,10,3,2,MD_MF-DF,0.2001715476044602,9.82e-08,Very Strong,"(3,2)"
VP9,solver,2,10,3,2,PCI,0.2513755565713511,9.82e-08,Very Strong,"(3,2)"
x264,random,1,10,1,1,ALS,1.0,0.03515625,Strong,"(1,1)"
x264,random,1,10,1,1,AP_ALS-PCI,1.0,0.03515625,Strong,"(1,1)"
x264,random,1,10,1,1,Default,1.0,0.03515625,Strong,"(1,1)"
x264,random,1,10,1,1,MDAP_MF-DF-ALS-PCI,1.0,0.03515625,Strong,"(1,1)"
x264,random,1,10,1,1,MDA_MF-DF-ALS,1.0,0.03515625,Strong,"(1,1)"
x264,random,1,10,1,1,MDP_MF-DF-PCI,1.0,0.03515625,Strong,"(1,1)"
x264,random,1,10,1,1,MD_MF-DF,1.0,0.03515625,Strong,"(1,1)"
x264,random,1,10,1,1,PCI,1.0,0.03515625,Strong,"(1,1)"
x264,random,1,10,2,1,ALS,0.9186746987951808,0.03515625,Strong,"(2,1)"
x264,random,1,10,2,1,AP_ALS-PCI,0.9169230769230768,0.03515625,Strong,"(2,1)"
x264,random,1,10,2,1,Default,0.9350961538461539,0.03515625,Strong,"(2,1)"
x264,random,1,10,2,1,MDAP_MF-DF-ALS-PCI,0.9117647058823528,0.03515625,Strong,"(2,1)"
x264,random,1,10,2,1,MDA_MF-DF-ALS,0.9117647058823528,0.03515625,Strong,"(2,1)"
x264,random,1,10,2,1,MDP_MF-DF-PCI,0.9117647058823528,0.03515625,Strong,"(2,1)"
x264,random,1,10,2,1,MD_MF-DF,0.9117647058823528,0.03515625,Strong,"(2,1)"
x264,random,1,10,2,1,PCI,0.9325,0.03515625,Strong,"(2,1)"
x264,random,1,10,3,1,ALS,0.7337662337662337,0.03515625,Strong,"(3,1)"
x264,random,1,10,3,1,AP_ALS-PCI,0.7216227880880449,0.03515625,Strong,"(3,1)"
x264,random,1,10,3,1,Default,0.7919254658385093,0.03515625,Strong,"(3,1)"
x264,random,1,10,3,1,MDAP_MF-DF-ALS-PCI,0.7085264133456904,0.03515625,Strong,"(3,1)"
x264,random,1,10,3,1,MDA_MF-DF-ALS,0.7085264133456904,0.03515625,Strong,"(3,1)"
x264,random,1,10,3,1,MDP_MF-DF-PCI,0.7085264133456904,0.03515625,Strong,"(3,1)"
x264,random,1,10,3,1,MD_MF-DF,0.7085264133456904,0.03515625,Strong,"(3,1)"
x264,random,1,10,3,1,PCI,0.7760252365930598,0.03515625,Strong,"(3,1)"
x264,random,1,10,1,2,ALS,1.0,0.03515625,Strong,"(1,1)"
x264,random,1,10,1,2,AP_ALS-PCI,1.0,0.03515625,Strong,"(1,1)"
x264,random,1,10,1,2,Default,1.0,0.03515625,Strong,"(1,1)"
x264,random,1,10,1,2,MDAP_MF-DF-ALS-PCI,1.0,0.03515625,Strong,"(1,1)"
x264,random,1,10,1,2,MDA_MF-DF-ALS,1.0,0.03515625,Strong,"(1,1)"
x264,random,1,10,1,2,MDP_MF-DF-PCI,1.0,0.03515625,Strong,"(1,1)"
x264,random,1,10,1,2,MD_MF-DF,1.0,0.03515625,Strong,"(1,1)"
x264,random,1,10,1,2,PCI,1.0,0.03515625,Strong,"(1,1)"
x264,random,1,10,2,2,ALS,0.9487951807228916,0.03515625,Strong,"(2,1)"
x264,random,1,10,2,2,AP_ALS-PCI,0.9476923076923076,0.03515625,Strong,"(2,1)"
x264,random,1,10,2,2,Default,0.9591346153846154,0.03515625,Strong,"(2,1)"
x264,random,1,10,2,2,MDAP_MF-DF-ALS-PCI,0.9444444444444444,0.03515625,Strong,"(2,1)"
x264,random,1,10,2,2,MDA_MF-DF-ALS,0.9444444444444444,0.03515625,Strong,"(2,1)"
x264,random,1,10,2,2,MDP_MF-DF-PCI,0.9444444444444444,0.03515625,Strong,"(2,1)"
x264,random,1,10,2,2,MD_MF-DF,0.9444444444444444,0.03515625,Strong,"(2,1)"
x264,random,1,10,2,2,PCI,0.9575,0.03515625,Strong,"(2,1)"
x264,random,1,10,3,2,ALS,0.7820616883116883,0.03515625,Strong,"(3,1)"
x264,random,1,10,3,2,AP_ALS-PCI,0.7708243418213206,0.03515625,Strong,"(3,1)"
x264,random,1,10,3,2,Default,0.83399209486166,0.03515625,Strong,"(3,1)"
x264,random,1,10,3,2,MDAP_MF-DF-ALS-PCI,0.7590361445783133,0.03515625,Strong,"(3,1)"
x264,random,1,10,3,2,MDA_MF-DF-ALS,0.7590361445783133,0.03515625,Strong,"(3,1)"
x264,random,1,10,3,2,MDP_MF-DF-PCI,0.7590361445783133,0.03515625,Strong,"(3,1)"
x264,random,1,10,3,2,MD_MF-DF,0.7590361445783133,0.03515625,Strong,"(3,1)"
x264,random,1,10,3,2,PCI,0.8214511041009463,0.03515625,Strong,"(3,1)"
x264,distance,1,10,1,1,ALS,0.7777777777777777,0.03515625,Strong,"(1,1)"
x264,distance,1,10,1,1,AP_ALS-PCI,0.7777777777777777,0.03515625,Strong,"(1,1)"
x264,distance,1,10,1,1,Default,0.7666666666666667,0.03515625,Strong,"(1,1)"
x264,distance,1,10,1,1,MDAP_MF-DF-ALS-PCI,0.7692307692307692,0.03515625,Strong,"(1,1)"
x264,distance,1,10,1,1,MDA_MF-DF-ALS,0.7692307692307692,0.03515625,Strong,"(1,1)"
x264,distance,1,10,1,1,MDP_MF-DF-PCI,0.7692307692307692,0.03515625,Strong,"(1,1)"
x264,distance,1,10,1,1,MD_MF-DF,0.7692307692307692,0.03515625,Strong,"(1,1)"
x264,distance,1,10,1,1,PCI,0.7666666666666667,0.03515625,Strong,"(1,1)"
x264,distance,1,10,2,1,ALS,0.5060240963855421,0.03515625,Strong,"(2,1)"
x264,distance,1,10,2,1,AP_ALS-PCI,0.4953846153846153,0.03515625,Strong,"(2,1)"
x264,distance,1,10,2,1,Default,0.5,0.03515625,Strong,"(2,1)"
x264,distance,1,10,2,1,MDAP_MF-DF-ALS-PCI,0.5,0.03515625,Strong,"(2,1)"
x264,distance,1,10,2,1,MDA_MF-DF-ALS,0.5,0.03515625,Strong,"(2,1)"
x264,distance,1,10,2,1,MDP_MF-DF-PCI,0.5,0.03515625,Strong,"(2,1)"
x264,distance,1,10,2,1,MD_MF-DF,0.5,0.03515625,Strong,"(2,1)"
x264,distance,1,10,2,1,PCI,0.4975,0.03515625,Strong,"(2,1)"
x264,distance,1,10,3,1,ALS,0.2978896103896103,0.03515625,Strong,"(3,1)"
x264,distance,1,10,3,1,AP_ALS-PCI,0.2848511005610703,0.03515625,Strong,"(3,1)"
x264,distance,1,10,3,1,Default,0.2930547713156408,0.03515625,Strong,"(3,1)"
x264,distance,1,10,3,1,MDAP_MF-DF-ALS-PCI,0.2947173308619091,0.03515625,Strong,"(3,1)"
x264,distance,1,10,3,1,MDA_MF-DF-ALS,0.2947173308619091,0.03515625,Strong,"(3,1)"
x264,distance,1,10,3,1,MDP_MF-DF-PCI,0.2947173308619091,0.03515625,Strong,"(3,1)"
x264,distance,1,10,3,1,MD_MF-DF,0.2947173308619091,0.03515625,Strong,"(3,1)"
x264,distance,1,10,3,1,PCI,0.2952681388012618,0.03515625,Strong,"(3,1)"
x264,distance,1,10,1,2,ALS,0.7407407407407407,0.03515625,Strong,"(1,1)"
x264,distance,1,10,1,2,AP_ALS-PCI,0.7407407407407407,0.03515625,Strong,"(1,1)"
x264,distance,1,10,1,2,Default,0.7333333333333332,0.03515625,Strong,"(1,1)"
x264,distance,1,10,1,2,MDAP_MF-DF-ALS-PCI,0.7307692307692307,0.03515625,Strong,"(1,1)"
x264,distance,1,10,1,2,MDA_MF-DF-ALS,0.7307692307692307,0.03515625,Strong,"(1,1)"
x264,distance,1,10,1,2,MDP_MF-DF-PCI,0.7307692307692307,0.03515625,Strong,"(1,1)"
x264,distance,1,10,1,2,MD_MF-DF,0.7307692307692307,0.03515625,Strong,"(1,1)"
x264,distance,1,10,1,2,PCI,0.7333333333333332,0.03515625,Strong,"(1,1)"
x264,distance,1,10,2,2,ALS,0.4879518072289156,0.03515625,Strong,"(2,1)"
x264,distance,1,10,2,2,AP_ALS-PCI,0.4769230769230769,0.03515625,Strong,"(2,1)"
x264,distance,1,10,2,2,Default,0.4831730769230769,0.03515625,Strong,"(2,1)"
x264,distance,1,10,2,2,MDAP_MF-DF-ALS-PCI,0.4673202614379085,0.03515625,Strong,"(2,1)"
x264,distance,1,10,2,2,MDA_MF-DF-ALS,0.4673202614379085,0.03515625,Strong,"(2,1)"
x264,distance,1,10,2,2,MDP_MF-DF-PCI,0.4673202614379085,0.03515625,Strong,"(2,1)"
x264,distance,1,10,2,2,MD_MF-DF,0.4673202614379085,0.03515625,Strong,"(2,1)"
x264,distance,1,10,2,2,PCI,0.4799999999999999,0.03515625,Strong,"(2,1)"
x264,distance,1,10,3,2,ALS,0.2962662337662337,0.03515625,Strong,"(3,1)"
x264,distance,1,10,3,2,AP_ALS-PCI,0.2805351747949935,0.03515625,Strong,"(3,1)"
x264,distance,1,10,3,2,Default,0.2933370976849237,0.03515625,Strong,"(3,1)"
x264,distance,1,10,3,2,MDAP_MF-DF-ALS-PCI,0.2761816496756255,0.03515625,Strong,"(3,1)"
x264,distance,1,10,3,2,MDA_MF-DF-ALS,0.2761816496756255,0.03515625,Strong,"(3,1)"
x264,distance,1,10,3,2,MDP_MF-DF-PCI,0.2761816496756255,0.03515625,Strong,"(3,1)"
x264,distance,1,10,3,2,MD_MF-DF,0.2761816496756255,0.03515625,Strong,"(3,1)"
x264,distance,1,10,3,2,PCI,0.2924290220820189,0.03515625,Strong,"(3,1)"
x264,solver,1,10,1,1,ALS,0.7037037037037037,0.03515625,Strong,"(1,1)"
x264,solver,1,10,1,1,AP_ALS-PCI,0.7037037037037037,0.03515625,Strong,"(1,1)"
x264,solver,1,10,1,1,Default,0.7333333333333332,0.03515625,Strong,"(1,1)"
x264,solver,1,10,1,1,MDAP_MF-DF-ALS-PCI,0.6923076923076922,0.03515625,Strong,"(1,1)"
x264,solver,1,10,1,1,MDA_MF-DF-ALS,0.6923076923076922,0.03515625,Strong,"(1,1)"
x264,solver,1,10,1,1,MDP_MF-DF-PCI,0.6923076923076922,0.03515625,Strong,"(1,1)"
x264,solver,1,10,1,1,MD_MF-DF,0.6923076923076922,0.03515625,Strong,"(1,1)"
x264,solver,1,10,1,1,PCI,0.7333333333333332,0.03515625,Strong,"(1,1)"
x264,solver,1,10,2,1,ALS,0.4367469879518072,0.03515625,Strong,"(2,1)"
x264,solver,1,10,2,1,AP_ALS-PCI,0.4246153846153846,0.03515625,Strong,"(2,1)"
x264,solver,1,10,2,1,Default,0.4879807692307692,0.03515625,Strong,"(2,1)"
x264,solver,1,10,2,1,MDAP_MF-DF-ALS-PCI,0.4313725490196078,0.03515625,Strong,"(2,1)"
x264,solver,1,10,2,1,MDA_MF-DF-ALS,0.4313725490196078,0.03515625,Strong,"(2,1)"
x264,solver,1,10,2,1,MDP_MF-DF-PCI,0.4313725490196078,0.03515625,Strong,"(2,1)"
x264,solver,1,10,2,1,MD_MF-DF,0.4313725490196078,0.03515625,Strong,"(2,1)"
x264,solver,1,10,2,1,PCI,0.4824999999999999,0.03515625,Strong,"(2,1)"
x264,solver,1,10,3,1,ALS,0.2536525974025973,0.03515625,Strong,"(3,1)"
x264,solver,1,10,3,1,AP_ALS-PCI,0.2429866206301251,0.03515625,Strong,"(3,1)"
x264,solver,1,10,3,1,Default,0.3077357425183512,0.03515625,Strong,"(3,1)"
x264,solver,1,10,3,1,MDAP_MF-DF-ALS-PCI,0.2544022242817423,0.03515625,Strong,"(3,1)"
x264,solver,1,10,3,1,MDA_MF-DF-ALS,0.2544022242817423,0.03515625,Strong,"(3,1)"
x264,solver,1,10,3,1,MDP_MF-DF-PCI,0.2544022242817423,0.03515625,Strong,"(3,1)"
x264,solver,1,10,3,1,MD_MF-DF,0.2544022242817423,0.03515625,Strong,"(3,1)"
x264,solver,1,10,3,1,PCI,0.3100946372239747,0.03515625,Strong,"(3,1)"
x264,solver,1,10,1,2,ALS,0.7037037037037037,0.03515625,Strong,"(1,1)"
x264,solver,1,10,1,2,AP_ALS-PCI,0.7037037037037037,0.03515625,Strong,"(1,1)"
x264,solver,1,10,1,2,Default,0.7333333333333332,0.03515625,Strong,"(1,1)"
x264,solver,1,10,1,2,MDAP_MF-DF-ALS-PCI,0.6923076923076922,0.03515625,Strong,"(1,1)"
x264,solver,1,10,1,2,MDA_MF-DF-ALS,0.6923076923076922,0.03515625,Strong,"(1,1)"
x264,solver,1,10,1,2,MDP_MF-DF-PCI,0.6923076923076922,0.03515625,Strong,"(1,1)"
x264,solver,1,10,1,2,MD_MF-DF,0.6923076923076922,0.03515625,Strong,"(1,1)"
x264,solver,1,10,1,2,PCI,0.7333333333333332,0.03515625,Strong,"(1,1)"
x264,solver,1,10,2,2,ALS,0.4367469879518072,0.03515625,Strong,"(2,1)"
x264,solver,1,10,2,2,AP_ALS-PCI,0.4246153846153846,0.03515625,Strong,"(2,1)"
x264,solver,1,10,2,2,Default,0.4879807692307692,0.03515625,Strong,"(2,1)"
x264,solver,1,10,2,2,MDAP_MF-DF-ALS-PCI,0.4313725490196078,0.03515625,Strong,"(2,1)"
x264,solver,1,10,2,2,MDA_MF-DF-ALS,0.4313725490196078,0.03515625,Strong,"(2,1)"
x264,solver,1,10,2,2,MDP_MF-DF-PCI,0.4313725490196078,0.03515625,Strong,"(2,1)"
x264,solver,1,10,2,2,MD_MF-DF,0.4313725490196078,0.03515625,Strong,"(2,1)"
x264,solver,1,10,2,2,PCI,0.4824999999999999,0.03515625,Strong,"(2,1)"
x264,solver,1,10,3,2,ALS,0.2536525974025973,0.03515625,Strong,"(3,1)"
x264,solver,1,10,3,2,AP_ALS-PCI,0.2429866206301251,0.03515625,Strong,"(3,1)"
x264,solver,1,10,3,2,Default,0.3077357425183512,0.03515625,Strong,"(3,1)"
x264,solver,1,10,3,2,MDAP_MF-DF-ALS-PCI,0.2544022242817423,0.03515625,Strong,"(3,1)"
x264,solver,1,10,3,2,MDA_MF-DF-ALS,0.2544022242817423,0.03515625,Strong,"(3,1)"
x264,solver,1,10,3,2,MDP_MF-DF-PCI,0.2544022242817423,0.03515625,Strong,"(3,1)"
x264,solver,1,10,3,2,MD_MF-DF,0.2544022242817423,0.03515625,Strong,"(3,1)"
x264,solver,1,10,3,2,PCI,0.3100946372239747,0.03515625,Strong,"(3,1)"
x264,random,2,10,1,1,ALS,1.0,0.03515625,Strong,"(1,2)"
x264,random,2,10,1,1,AP_ALS-PCI,1.0,0.03515625,Strong,"(1,2)"
x264,random,2,10,1,1,Default,1.0,0.03515625,Strong,"(1,2)"
x264,random,2,10,1,1,MDAP_MF-DF-ALS-PCI,1.0,0.03515625,Strong,"(1,2)"
x264,random,2,10,1,1,MDA_MF-DF-ALS,1.0,0.03515625,Strong,"(1,2)"
x264,random,2,10,1,1,MDP_MF-DF-PCI,1.0,0.03515625,Strong,"(1,2)"
x264,random,2,10,1,1,MD_MF-DF,1.0,0.03515625,Strong,"(1,2)"
x264,random,2,10,1,1,PCI,1.0,0.03515625,Strong,"(1,2)"
x264,random,2,10,2,1,ALS,0.9638554216867468,0.03515625,Strong,"(2,2)"
x264,random,2,10,2,1,AP_ALS-PCI,0.963076923076923,0.03515625,Strong,"(2,2)"
x264,random,2,10,2,1,Default,0.971153846153846,0.03515625,Strong,"(2,2)"
x264,random,2,10,2,1,MDAP_MF-DF-ALS-PCI,0.9607843137254902,0.03515625,Strong,"(2,2)"
x264,random,2,10,2,1,MDA_MF-DF-ALS,0.9607843137254902,0.03515625,Strong,"(2,2)"
x264,random,2,10,2,1,MDP_MF-DF-PCI,0.9607843137254902,0.03515625,Strong,"(2,2)"
x264,random,2,10,2,1,MD_MF-DF,0.9607843137254902,0.03515625,Strong,"(2,2)"
x264,random,2,10,2,1,PCI,0.97,0.03515625,Strong,"(2,2)"
x264,random,2,10,3,1,ALS,0.8015422077922078,0.03515625,Strong,"(3,2)"
x264,random,2,10,3,1,AP_ALS-PCI,0.790677600345274,0.03515625,Strong,"(3,2)"
x264,random,2,10,3,1,Default,0.8517786561264821,0.03515625,Strong,"(3,2)"
x264,random,2,10,3,1,MDAP_MF-DF-ALS-PCI,0.7789620018535681,0.03515625,Strong,"(3,2)"
x264,random,2,10,3,1,MDA_MF-DF-ALS,0.7789620018535681,0.03515625,Strong,"(3,2)"
x264,random,2,10,3,1,MDP_MF-DF-PCI,0.7789620018535681,0.03515625,Strong,"(3,2)"
x264,random,2,10,3,1,MD_MF-DF,0.7789620018535681,0.03515625,Strong,"(3,2)"
x264,random,2,10,3,1,PCI,0.8394321766561514,0.03515625,Strong,"(3,2)"
x264,random,2,10,1,2,ALS,1.0,0.03515625,Strong,"(1,2)"
x264,random,2,10,1,2,AP_ALS-PCI,1.0,0.03515625,Strong,"(1,2)"
x264,random,2,10,1,2,Default,1.0,0.03515625,Strong,"(1,2)"
x264,random,2,10,1,2,MDAP_MF-DF-ALS-PCI,1.0,0.03515625,Strong,"(1,2)"
x264,random,2,10,1,2,MDA_MF-DF-ALS,1.0,0.03515625,Strong,"(1,2)"
x264,random,2,10,1,2,MDP_MF-DF-PCI,1.0,0.03515625,Strong,"(1,2)"
x264,random,2,10,1,2,MD_MF-DF,1.0,0.03515625,Strong,"(1,2)"
x264,random,2,10,1,2,PCI,1.0,0.03515625,Strong,"(1,2)"
x264,random,2,10,2,2,ALS,0.9518072289156626,0.03515625,Strong,"(2,2)"
x264,random,2,10,2,2,AP_ALS-PCI,0.9507692307692308,0.03515625,Strong,"(2,2)"
x264,random,2,10,2,2,Default,0.9615384615384616,0.03515625,Strong,"(2,2)"
x264,random,2,10,2,2,MDAP_MF-DF-ALS-PCI,0.9477124183006536,0.03515625,Strong,"(2,2)"
x264,random,2,10,2,2,MDA_MF-DF-ALS,0.9477124183006536,0.03515625,Strong,"(2,2)"
x264,random,2,10,2,2,MDP_MF-DF-PCI,0.9477124183006536,0.03515625,Strong,"(2,2)"
x264,random,2,10,2,2,MD_MF-DF,0.9477124183006536,0.03515625,Strong,"(2,2)"
x264,random,2,10,2,2,PCI,0.96,0.03515625,Strong,"(2,2)"
x264,random,2,10,3,2,ALS,0.7905844155844156,0.03515625,Strong,"(3,2)"
x264,random,2,10,3,2,AP_ALS-PCI,0.7803193785066896,0.03515625,Strong,"(3,2)"
x264,random,2,10,3,2,Default,0.8407679277244494,0.03515625,Strong,"(3,2)"
x264,random,2,10,3,2,MDAP_MF-DF-ALS-PCI,0.768303985171455,0.03515625,Strong,"(3,2)"
x264,random,2,10,3,2,MDA_MF-DF-ALS,0.768303985171455,0.03515625,Strong,"(3,2)"
x264,random,2,10,3,2,MDP_MF-DF-PCI,0.768303985171455,0.03515625,Strong,"(3,2)"
x264,random,2,10,3,2,MD_MF-DF,0.768303985171455,0.03515625,Strong,"(3,2)"
x264,random,2,10,3,2,PCI,0.8287066246056782,0.03515625,Strong,"(3,2)"
x264,distance,2,10,1,1,ALS,0.7777777777777777,0.03515625,Strong,"(1,2)"
x264,distance,2,10,1,1,AP_ALS-PCI,0.7777777777777777,0.03515625,Strong,"(1,2)"
x264,distance,2,10,1,1,Default,0.7666666666666667,0.03515625,Strong,"(1,2)"
x264,distance,2,10,1,1,MDAP_MF-DF-ALS-PCI,0.7692307692307692,0.03515625,Strong,"(1,2)"
x264,distance,2,10,1,1,MDA_MF-DF-ALS,0.7692307692307692,0.03515625,Strong,"(1,2)"
x264,distance,2,10,1,1,MDP_MF-DF-PCI,0.7692307692307692,0.03515625,Strong,"(1,2)"
x264,distance,2,10,1,1,MD_MF-DF,0.7692307692307692,0.03515625,Strong,"(1,2)"
x264,distance,2,10,1,1,PCI,0.7666666666666667,0.03515625,Strong,"(1,2)"
x264,distance,2,10,2,1,ALS,0.5060240963855421,0.03515625,Strong,"(2,2)"
x264,distance,2,10,2,1,AP_ALS-PCI,0.4953846153846153,0.03515625,Strong,"(2,2)"
x264,distance,2,10,2,1,Default,0.5,0.03515625,Strong,"(2,2)"
x264,distance,2,10,2,1,MDAP_MF-DF-ALS-PCI,0.5,0.03515625,Strong,"(2,2)"
x264,distance,2,10,2,1,MDA_MF-DF-ALS,0.5,0.03515625,Strong,"(2,2)"
x264,distance,2,10,2,1,MDP_MF-DF-PCI,0.5,0.03515625,Strong,"(2,2)"
x264,distance,2,10,2,1,MD_MF-DF,0.5,0.03515625,Strong,"(2,2)"
x264,distance,2,10,2,1,PCI,0.4975,0.03515625,Strong,"(2,2)"
x264,distance,2,10,3,1,ALS,0.2978896103896103,0.03515625,Strong,"(3,2)"
x264,distance,2,10,3,1,AP_ALS-PCI,0.2848511005610703,0.03515625,Strong,"(3,2)"
x264,distance,2,10,3,1,Default,0.2930547713156408,0.03515625,Strong,"(3,2)"
x264,distance,2,10,3,1,MDAP_MF-DF-ALS-PCI,0.2947173308619091,0.03515625,Strong,"(3,2)"
x264,distance,2,10,3,1,MDA_MF-DF-ALS,0.2947173308619091,0.03515625,Strong,"(3,2)"
x264,distance,2,10,3,1,MDP_MF-DF-PCI,0.2947173308619091,0.03515625,Strong,"(3,2)"
x264,distance,2,10,3,1,MD_MF-DF,0.2947173308619091,0.03515625,Strong,"(3,2)"
x264,distance,2,10,3,1,PCI,0.2952681388012618,0.03515625,Strong,"(3,2)"
x264,distance,2,10,1,2,ALS,0.7407407407407407,0.03515625,Strong,"(1,2)"
x264,distance,2,10,1,2,AP_ALS-PCI,0.7407407407407407,0.03515625,Strong,"(1,2)"
x264,distance,2,10,1,2,Default,0.7333333333333332,0.03515625,Strong,"(1,2)"
x264,distance,2,10,1,2,MDAP_MF-DF-ALS-PCI,0.7307692307692307,0.03515625,Strong,"(1,2)"
x264,distance,2,10,1,2,MDA_MF-DF-ALS,0.7307692307692307,0.03515625,Strong,"(1,2)"
x264,distance,2,10,1,2,MDP_MF-DF-PCI,0.7307692307692307,0.03515625,Strong,"(1,2)"
x264,distance,2,10,1,2,MD_MF-DF,0.7307692307692307,0.03515625,Strong,"(1,2)"
x264,distance,2,10,1,2,PCI,0.7333333333333332,0.03515625,Strong,"(1,2)"
x264,distance,2,10,2,2,ALS,0.4879518072289156,0.03515625,Strong,"(2,2)"
x264,distance,2,10,2,2,AP_ALS-PCI,0.4769230769230769,0.03515625,Strong,"(2,2)"
x264,distance,2,10,2,2,Default,0.4831730769230769,0.03515625,Strong,"(2,2)"
x264,distance,2,10,2,2,MDAP_MF-DF-ALS-PCI,0.4673202614379085,0.03515625,Strong,"(2,2)"
x264,distance,2,10,2,2,MDA_MF-DF-ALS,0.4673202614379085,0.03515625,Strong,"(2,2)"
x264,distance,2,10,2,2,MDP_MF-DF-PCI,0.4673202614379085,0.03515625,Strong,"(2,2)"
x264,distance,2,10,2,2,MD_MF-DF,0.4673202614379085,0.03515625,Strong,"(2,2)"
x264,distance,2,10,2,2,PCI,0.4799999999999999,0.03515625,Strong,"(2,2)"
x264,distance,2,10,3,2,ALS,0.2962662337662337,0.03515625,Strong,"(3,2)"
x264,distance,2,10,3,2,AP_ALS-PCI,0.2805351747949935,0.03515625,Strong,"(3,2)"
x264,distance,2,10,3,2,Default,0.2933370976849237,0.03515625,Strong,"(3,2)"
x264,distance,2,10,3,2,MDAP_MF-DF-ALS-PCI,0.2761816496756255,0.03515625,Strong,"(3,2)"
x264,distance,2,10,3,2,MDA_MF-DF-ALS,0.2761816496756255,0.03515625,Strong,"(3,2)"
x264,distance,2,10,3,2,MDP_MF-DF-PCI,0.2761816496756255,0.03515625,Strong,"(3,2)"
x264,distance,2,10,3,2,MD_MF-DF,0.2761816496756255,0.03515625,Strong,"(3,2)"
x264,distance,2,10,3,2,PCI,0.2924290220820189,0.03515625,Strong,"(3,2)"
x264,solver,2,10,1,1,ALS,0.7037037037037037,0.03515625,Strong,"(1,2)"
x264,solver,2,10,1,1,AP_ALS-PCI,0.7037037037037037,0.03515625,Strong,"(1,2)"
x264,solver,2,10,1,1,Default,0.7333333333333332,0.03515625,Strong,"(1,2)"
x264,solver,2,10,1,1,MDAP_MF-DF-ALS-PCI,0.6923076923076922,0.03515625,Strong,"(1,2)"
x264,solver,2,10,1,1,MDA_MF-DF-ALS,0.6923076923076922,0.03515625,Strong,"(1,2)"
x264,solver,2,10,1,1,MDP_MF-DF-PCI,0.6923076923076922,0.03515625,Strong,"(1,2)"
x264,solver,2,10,1,1,MD_MF-DF,0.6923076923076922,0.03515625,Strong,"(1,2)"
x264,solver,2,10,1,1,PCI,0.7333333333333332,0.03515625,Strong,"(1,2)"
x264,solver,2,10,2,1,ALS,0.4367469879518072,0.03515625,Strong,"(2,2)"
x264,solver,2,10,2,1,AP_ALS-PCI,0.4246153846153846,0.03515625,Strong,"(2,2)"
x264,solver,2,10,2,1,Default,0.4879807692307692,0.03515625,Strong,"(2,2)"
x264,solver,2,10,2,1,MDAP_MF-DF-ALS-PCI,0.4313725490196078,0.03515625,Strong,"(2,2)"
x264,solver,2,10,2,1,MDA_MF-DF-ALS,0.4313725490196078,0.03515625,Strong,"(2,2)"
x264,solver,2,10,2,1,MDP_MF-DF-PCI,0.4313725490196078,0.03515625,Strong,"(2,2)"
x264,solver,2,10,2,1,MD_MF-DF,0.4313725490196078,0.03515625,Strong,"(2,2)"
x264,solver,2,10,2,1,PCI,0.4824999999999999,0.03515625,Strong,"(2,2)"
x264,solver,2,10,3,1,ALS,0.2536525974025973,0.03515625,Strong,"(3,2)"
x264,solver,2,10,3,1,AP_ALS-PCI,0.2429866206301251,0.03515625,Strong,"(3,2)"
x264,solver,2,10,3,1,Default,0.3077357425183512,0.03515625,Strong,"(3,2)"
x264,solver,2,10,3,1,MDAP_MF-DF-ALS-PCI,0.2544022242817423,0.03515625,Strong,"(3,2)"
x264,solver,2,10,3,1,MDA_MF-DF-ALS,0.2544022242817423,0.03515625,Strong,"(3,2)"
x264,solver,2,10,3,1,MDP_MF-DF-PCI,0.2544022242817423,0.03515625,Strong,"(3,2)"
x264,solver,2,10,3,1,MD_MF-DF,0.2544022242817423,0.03515625,Strong,"(3,2)"
x264,solver,2,10,3,1,PCI,0.3100946372239747,0.03515625,Strong,"(3,2)"
x264,solver,2,10,1,2,ALS,0.7037037037037037,0.03515625,Strong,"(1,2)"
x264,solver,2,10,1,2,AP_ALS-PCI,0.7037037037037037,0.03515625,Strong,"(1,2)"
x264,solver,2,10,1,2,Default,0.7333333333333332,0.03515625,Strong,"(1,2)"
x264,solver,2,10,1,2,MDAP_MF-DF-ALS-PCI,0.6923076923076922,0.03515625,Strong,"(1,2)"
x264,solver,2,10,1,2,MDA_MF-DF-ALS,0.6923076923076922,0.03515625,Strong,"(1,2)"
x264,solver,2,10,1,2,MDP_MF-DF-PCI,0.6923076923076922,0.03515625,Strong,"(1,2)"
x264,solver,2,10,1,2,MD_MF-DF,0.6923076923076922,0.03515625,Strong,"(1,2)"
x264,solver,2,10,1,2,PCI,0.7333333333333332,0.03515625,Strong,"(1,2)"
x264,solver,2,10,2,2,ALS,0.4367469879518072,0.03515625,Strong,"(2,2)"
x264,solver,2,10,2,2,AP_ALS-PCI,0.4246153846153846,0.03515625,Strong,"(2,2)"
x264,solver,2,10,2,2,Default,0.4879807692307692,0.03515625,Strong,"(2,2)"
x264,solver,2,10,2,2,MDAP_MF-DF-ALS-PCI,0.4313725490196078,0.03515625,Strong,"(2,2)"
x264,solver,2,10,2,2,MDA_MF-DF-ALS,0.4313725490196078,0.03515625,Strong,"(2,2)"
x264,solver,2,10,2,2,MDP_MF-DF-PCI,0.4313725490196078,0.03515625,Strong,"(2,2)"
x264,solver,2,10,2,2,MD_MF-DF,0.4313725490196078,0.03515625,Strong,"(2,2)"
x264,solver,2,10,2,2,PCI,0.4824999999999999,0.03515625,Strong,"(2,2)"
x264,solver,2,10,3,2,ALS,0.2536525974025973,0.03515625,Strong,"(3,2)"
x264,solver,2,10,3,2,AP_ALS-PCI,0.2429866206301251,0.03515625,Strong,"(3,2)"
x264,solver,2,10,3,2,Default,0.3077357425183512,0.03515625,Strong,"(3,2)"
x264,solver,2,10,3,2,MDAP_MF-DF-ALS-PCI,0.2544022242817423,0.03515625,Strong,"(3,2)"
x264,solver,2,10,3,2,MDA_MF-DF-ALS,0.2544022242817423,0.03515625,Strong,"(3,2)"
x264,solver,2,10,3,2,MDP_MF-DF-PCI,0.2544022242817423,0.03515625,Strong,"(3,2)"
x264,solver,2,10,3,2,MD_MF-DF,0.2544022242817423,0.03515625,Strong,"(3,2)"
x264,solver,2,10,3,2,PCI,0.3100946372239747,0.03515625,Strong,"(3,2)"
AJStats,random,1,10,1,1,ALS,0.9696969696969696,0.125,Moderate,"(1,1)"
AJStats,random,1,10,1,1,AP_ALS-PCI,0.9696969696969696,0.125,Moderate,"(1,1)"
AJStats,random,1,10,1,1,Default,0.972972972972973,0.125,Moderate,"(1,1)"
AJStats,random,1,10,1,1,MDAP_MF-DF-ALS-PCI,0.96875,0.125,Moderate,"(1,1)"
AJStats,random,1,10,1,1,MDA_MF-DF-ALS,0.96875,0.125,Moderate,"(1,1)"
AJStats,random,1,10,1,1,MDP_MF-DF-PCI,0.96875,0.125,Moderate,"(1,1)"
AJStats,random,1,10,1,1,MD_MF-DF,0.96875,0.125,Moderate,"(1,1)"
AJStats,random,1,10,1,1,PCI,0.972972972972973,0.125,Moderate,"(1,1)"
AJStats,random,1,10,2,1,ALS,0.890625,0.125,Moderate,"(2,1)"
AJStats,random,1,10,2,1,AP_ALS-PCI,0.8891129032258064,0.125,Moderate,"(2,1)"
AJStats,random,1,10,2,1,Default,0.9076923076923076,0.125,Moderate,"(2,1)"
AJStats,random,1,10,2,1,MDAP_MF-DF-ALS-PCI,0.8854166666666666,0.125,Moderate,"(2,1)"
AJStats,random,1,10,2,1,MDA_MF-DF-ALS,0.8854166666666666,0.125,Moderate,"(2,1)"
AJStats,random,1,10,2,1,MDP_MF-DF-PCI,0.8854166666666666,0.125,Moderate,"(2,1)"
AJStats,random,1,10,2,1,MD_MF-DF,0.8854166666666666,0.125,Moderate,"(2,1)"
AJStats,random,1,10,2,1,PCI,0.9063492063492063,0.125,Moderate,"(2,1)"
AJStats,random,1,10,3,1,ALS,0.7038306451612903,0.125,Moderate,"(3,1)"
AJStats,random,1,10,3,1,AP_ALS-PCI,0.6926086956521738,0.125,Moderate,"(3,1)"
AJStats,random,1,10,3,1,Default,0.7643550624133147,0.125,Moderate,"(3,1)"
AJStats,random,1,10,3,1,MDAP_MF-DF-ALS-PCI,0.6843749999999998,0.125,Moderate,"(3,1)"
AJStats,random,1,10,3,1,MDA_MF-DF-ALS,0.6843749999999998,0.125,Moderate,"(3,1)"
AJStats,random,1,10,3,1,MDP_MF-DF-PCI,0.6843749999999998,0.125,Moderate,"(3,1)"
AJStats,random,1,10,3,1,MD_MF-DF,0.6843749999999998,0.125,Moderate,"(3,1)"
AJStats,random,1,10,3,1,PCI,0.7558070279928529,0.125,Moderate,"(3,1)"
AJStats,random,1,10,1,2,ALS,1.0,0.125,Moderate,"(1,1)"
AJStats,random,1,10,1,2,AP_ALS-PCI,1.0,0.125,Moderate,"(1,1)"
AJStats,random,1,10,1,2,Default,1.0,0.125,Moderate,"(1,1)"
AJStats,random,1,10,1,2,MDAP_MF-DF-ALS-PCI,1.0,0.125,Moderate,"(1,1)"
AJStats,random,1,10,1,2,MDA_MF-DF-ALS,1.0,0.125,Moderate,"(1,1)"
AJStats,random,1,10,1,2,MDP_MF-DF-PCI,1.0,0.125,Moderate,"(1,1)"
AJStats,random,1,10,1,2,MD_MF-DF,1.0,0.125,Moderate,"(1,1)"
AJStats,random,1,10,1,2,PCI,1.0,0.125,Moderate,"(1,1)"
AJStats,random,1,10,2,2,ALS,0.966796875,0.125,Moderate,"(2,1)"
AJStats,random,1,10,2,2,AP_ALS-PCI,0.9657258064516128,0.125,Moderate,"(2,1)"
AJStats,random,1,10,2,2,Default,0.9738461538461538,0.125,Moderate,"(2,1)"
AJStats,random,1,10,2,2,MDAP_MF-DF-ALS-PCI,0.9645833333333332,0.125,Moderate,"(2,1)"
AJStats,random,1,10,2,2,MDA_MF-DF-ALS,0.9645833333333332,0.125,Moderate,"(2,1)"
AJStats,random,1,10,2,2,MDP_MF-DF-PCI,0.9645833333333332,0.125,Moderate,"(2,1)"
AJStats,random,1,10,2,2,MD_MF-DF,0.9645833333333332,0.125,Moderate,"(2,1)"
AJStats,random,1,10,2,2,PCI,0.973015873015873,0.125,Moderate,"(2,1)"
AJStats,random,1,10,3,2,ALS,0.7830645161290322,0.125,Moderate,"(3,1)"
AJStats,random,1,10,3,2,AP_ALS-PCI,0.7697826086956521,0.125,Moderate,"(3,1)"
AJStats,random,1,10,3,2,Default,0.8413314840499306,0.125,Moderate,"(3,1)"
AJStats,random,1,10,3,2,MDAP_MF-DF-ALS-PCI,0.7636160714285714,0.125,Moderate,"(3,1)"
AJStats,random,1,10,3,2,MDA_MF-DF-ALS,0.7636160714285714,0.125,Moderate,"(3,1)"
AJStats,random,1,10,3,2,MDP_MF-DF-PCI,0.7636160714285714,0.125,Moderate,"(3,1)"
AJStats,random,1,10,3,2,MD_MF-DF,0.7636160714285714,0.125,Moderate,"(3,1)"
AJStats,random,1,10,3,2,PCI,0.8321917808219178,0.125,Moderate,"(3,1)"
AJStats,distance,1,10,1,1,ALS,0.909090909090909,0.125,Moderate,"(1,1)"
AJStats,distance,1,10,1,1,AP_ALS-PCI,0.909090909090909,0.125,Moderate,"(1,1)"
AJStats,distance,1,10,1,1,Default,0.8918918918918918,0.125,Moderate,"(1,1)"
AJStats,distance,1,10,1,1,MDAP_MF-DF-ALS-PCI,0.90625,0.125,Moderate,"(1,1)"
AJStats,distance,1,10,1,1,MDA_MF-DF-ALS,0.90625,0.125,Moderate,"(1,1)"
AJStats,distance,1,10,1,1,MDP_MF-DF-PCI,0.90625,0.125,Moderate,"(1,1)"
AJStats,distance,1,10,1,1,MD_MF-DF,0.90625,0.125,Moderate,"(1,1)"
AJStats,distance,1,10,1,1,PCI,0.8918918918918918,0.125,Moderate,"(1,1)"
AJStats,distance,1,10,2,1,ALS,0.662109375,0.125,Moderate,"(2,1)"
AJStats,distance,1,10,2,1,AP_ALS-PCI,0.655241935483871,0.125,Moderate,"(2,1)"
AJStats,distance,1,10,2,1,Default,0.6384615384615384,0.125,Moderate,"(2,1)"
AJStats,distance,1,10,2,1,MDAP_MF-DF-ALS-PCI,0.6729166666666667,0.125,Moderate,"(2,1)"
AJStats,distance,1,10,2,1,MDA_MF-DF-ALS,0.6729166666666667,0.125,Moderate,"(2,1)"
AJStats,distance,1,10,2,1,MDP_MF-DF-PCI,0.6729166666666667,0.125,Moderate,"(2,1)"
AJStats,distance,1,10,2,1,MD_MF-DF,0.6729166666666667,0.125,Moderate,"(2,1)"
AJStats,distance,1,10,2,1,PCI,0.6317460317460317,0.125,Moderate,"(2,1)"
AJStats,distance,1,10,3,1,ALS,0.4249999999999999,0.125,Moderate,"(3,1)"
AJStats,distance,1,10,3,1,AP_ALS-PCI,0.432391304347826,0.125,Moderate,"(3,1)"
AJStats,distance,1,10,3,1,Default,0.4042995839112343,0.125,Moderate,"(3,1)"
AJStats,distance,1,10,3,1,MDAP_MF-DF-ALS-PCI,0.4437499999999999,0.125,Moderate,"(3,1)"
AJStats,distance,1,10,3,1,MDA_MF-DF-ALS,0.4437499999999999,0.125,Moderate,"(3,1)"
AJStats,distance,1,10,3,1,MDP_MF-DF-PCI,0.4437499999999999,0.125,Moderate,"(3,1)"
AJStats,distance,1,10,3,1,MD_MF-DF,0.4437499999999999,0.125,Moderate,"(3,1)"
AJStats,distance,1,10,3,1,PCI,0.4087254318046456,0.125,Moderate,"(3,1)"
AJStats,distance,1,10,1,2,ALS,0.909090909090909,0.125,Moderate,"(1,1)"
AJStats,distance,1,10,1,2,AP_ALS-PCI,0.909090909090909,0.125,Moderate,"(1,1)"
AJStats,distance,1,10,1,2,Default,0.8918918918918918,0.125,Moderate,"(1,1)"
AJStats,distance,1,10,1,2,MDAP_MF-DF-ALS-PCI,0.90625,0.125,Moderate,"(1,1)"
AJStats,distance,1,10,1,2,MDA_MF-DF-ALS,0.90625,0.125,Moderate,"(1,1)"
AJStats,distance,1,10,1,2,MDP_MF-DF-PCI,0.90625,0.125,Moderate,"(1,1)"
AJStats,distance,1,10,1,2,MD_MF-DF,0.90625,0.125,Moderate,"(1,1)"
AJStats,distance,1,10,1,2,PCI,0.8918918918918918,0.125,Moderate,"(1,1)"
AJStats,distance,1,10,2,2,ALS,0.6328125,0.125,Moderate,"(2,1)"
AJStats,distance,1,10,2,2,AP_ALS-PCI,0.6229838709677418,0.125,Moderate,"(2,1)"
AJStats,distance,1,10,2,2,Default,0.6153846153846154,0.125,Moderate,"(2,1)"
AJStats,distance,1,10,2,2,MDAP_MF-DF-ALS-PCI,0.6416666666666667,0.125,Moderate,"(2,1)"
AJStats,distance,1,10,2,2,MDA_MF-DF-ALS,0.6416666666666667,0.125,Moderate,"(2,1)"
AJStats,distance,1,10,2,2,MDP_MF-DF-PCI,0.6416666666666667,0.125,Moderate,"(2,1)"
AJStats,distance,1,10,2,2,MD_MF-DF,0.6416666666666667,0.125,Moderate,"(2,1)"
AJStats,distance,1,10,2,2,PCI,0.6063492063492063,0.125,Moderate,"(2,1)"
AJStats,distance,1,10,3,2,ALS,0.3931451612903225,0.125,Moderate,"(3,1)"
AJStats,distance,1,10,3,2,AP_ALS-PCI,0.3978260869565217,0.125,Moderate,"(3,1)"
AJStats,distance,1,10,3,2,Default,0.3803051317614424,0.125,Moderate,"(3,1)"
AJStats,distance,1,10,3,2,MDAP_MF-DF-ALS-PCI,0.4084821428571428,0.125,Moderate,"(3,1)"
AJStats,distance,1,10,3,2,MDA_MF-DF-ALS,0.4084821428571428,0.125,Moderate,"(3,1)"
AJStats,distance,1,10,3,2,MDP_MF-DF-PCI,0.4084821428571428,0.125,Moderate,"(3,1)"
AJStats,distance,1,10,3,2,MD_MF-DF,0.4084821428571428,0.125,Moderate,"(3,1)"
AJStats,distance,1,10,3,2,PCI,0.3828171530673019,0.125,Moderate,"(3,1)"
AJStats,solver,1,10,1,1,ALS,0.696969696969697,0.125,Moderate,"(1,1)"
AJStats,solver,1,10,1,1,AP_ALS-PCI,0.696969696969697,0.125,Moderate,"(1,1)"
AJStats,solver,1,10,1,1,Default,0.7027027027027027,0.125,Moderate,"(1,1)"
AJStats,solver,1,10,1,1,MDAP_MF-DF-ALS-PCI,0.71875,0.125,Moderate,"(1,1)"
AJStats,solver,1,10,1,1,MDA_MF-DF-ALS,0.71875,0.125,Moderate,"(1,1)"
AJStats,solver,1,10,1,1,MDP_MF-DF-PCI,0.71875,0.125,Moderate,"(1,1)"
AJStats,solver,1,10,1,1,MD_MF-DF,0.71875,0.125,Moderate,"(1,1)"
AJStats,solver,1,10,1,1,PCI,0.7027027027027027,0.125,Moderate,"(1,1)"
AJStats,solver,1,10,2,1,ALS,0.439453125,0.125,Moderate,"(2,1)"
AJStats,solver,1,10,2,1,AP_ALS-PCI,0.4536290322580645,0.125,Moderate,"(2,1)"
AJStats,solver,1,10,2,1,Default,0.443076923076923,0.125,Moderate,"(2,1)"
AJStats,solver,1,10,2,1,MDAP_MF-DF-ALS-PCI,0.46875,0.125,Moderate,"(2,1)"
AJStats,solver,1,10,2,1,MDA_MF-DF-ALS,0.46875,0.125,Moderate,"(2,1)"
AJStats,solver,1,10,2,1,MDP_MF-DF-PCI,0.46875,0.125,Moderate,"(2,1)"
AJStats,solver,1,10,2,1,MD_MF-DF,0.46875,0.125,Moderate,"(2,1)"
AJStats,solver,1,10,2,1,PCI,0.4571428571428571,0.125,Moderate,"(2,1)"
AJStats,solver,1,10,3,1,ALS,0.2610887096774193,0.125,Moderate,"(3,1)"
AJStats,solver,1,10,3,1,AP_ALS-PCI,0.2815217391304347,0.125,Moderate,"(3,1)"
AJStats,solver,1,10,3,1,Default,0.262135922330097,0.125,Moderate,"(3,1)"
AJStats,solver,1,10,3,1,MDAP_MF-DF-ALS-PCI,0.2890625,0.125,Moderate,"(3,1)"
AJStats,solver,1,10,3,1,MDA_MF-DF-ALS,0.2890625,0.125,Moderate,"(3,1)"
AJStats,solver,1,10,3,1,MDP_MF-DF-PCI,0.2890625,0.125,Moderate,"(3,1)"
AJStats,solver,1,10,3,1,MD_MF-DF,0.2890625,0.125,Moderate,"(3,1)"
AJStats,solver,1,10,3,1,PCI,0.2814175104228707,0.125,Moderate,"(3,1)"
AJStats,solver,1,10,1,2,ALS,0.696969696969697,0.125,Moderate,"(1,1)"
AJStats,solver,1,10,1,2,AP_ALS-PCI,0.696969696969697,0.125,Moderate,"(1,1)"
AJStats,solver,1,10,1,2,Default,0.7027027027027027,0.125,Moderate,"(1,1)"
AJStats,solver,1,10,1,2,MDAP_MF-DF-ALS-PCI,0.71875,0.125,Moderate,"(1,1)"
AJStats,solver,1,10,1,2,MDA_MF-DF-ALS,0.71875,0.125,Moderate,"(1,1)"
AJStats,solver,1,10,1,2,MDP_MF-DF-PCI,0.71875,0.125,Moderate,"(1,1)"
AJStats,solver,1,10,1,2,MD_MF-DF,0.71875,0.125,Moderate,"(1,1)"
AJStats,solver,1,10,1,2,PCI,0.7027027027027027,0.125,Moderate,"(1,1)"
AJStats,solver,1,10,2,2,ALS,0.439453125,0.125,Moderate,"(2,1)"
AJStats,solver,1,10,2,2,AP_ALS-PCI,0.4536290322580645,0.125,Moderate,"(2,1)"
AJStats,solver,1,10,2,2,Default,0.443076923076923,0.125,Moderate,"(2,1)"
AJStats,solver,1,10,2,2,MDAP_MF-DF-ALS-PCI,0.46875,0.125,Moderate,"(2,1)"
AJStats,solver,1,10,2,2,MDA_MF-DF-ALS,0.46875,0.125,Moderate,"(2,1)"
AJStats,solver,1,10,2,2,MDP_MF-DF-PCI,0.46875,0.125,Moderate,"(2,1)"
AJStats,solver,1,10,2,2,MD_MF-DF,0.46875,0.125,Moderate,"(2,1)"
AJStats,solver,1,10,2,2,PCI,0.4571428571428571,0.125,Moderate,"(2,1)"
AJStats,solver,1,10,3,2,ALS,0.2610887096774193,0.125,Moderate,"(3,1)"
AJStats,solver,1,10,3,2,AP_ALS-PCI,0.2815217391304347,0.125,Moderate,"(3,1)"
AJStats,solver,1,10,3,2,Default,0.262135922330097,0.125,Moderate,"(3,1)"
AJStats,solver,1,10,3,2,MDAP_MF-DF-ALS-PCI,0.2890625,0.125,Moderate,"(3,1)"
AJStats,solver,1,10,3,2,MDA_MF-DF-ALS,0.2890625,0.125,Moderate,"(3,1)"
AJStats,solver,1,10,3,2,MDP_MF-DF-PCI,0.2890625,0.125,Moderate,"(3,1)"
AJStats,solver,1,10,3,2,MD_MF-DF,0.2890625,0.125,Moderate,"(3,1)"
AJStats,solver,1,10,3,2,PCI,0.2814175104228707,0.125,Moderate,"(3,1)"
AJStats,random,2,10,1,1,ALS,1.0,0.125,Moderate,"(1,2)"
AJStats,random,2,10,1,1,AP_ALS-PCI,1.0,0.125,Moderate,"(1,2)"
AJStats,random,2,10,1,1,Default,1.0,0.125,Moderate,"(1,2)"
AJStats,random,2,10,1,1,MDAP_MF-DF-ALS-PCI,1.0,0.125,Moderate,"(1,2)"
AJStats,random,2,10,1,1,MDA_MF-DF-ALS,1.0,0.125,Moderate,"(1,2)"
AJStats,random,2,10,1,1,MDP_MF-DF-PCI,1.0,0.125,Moderate,"(1,2)"
AJStats,random,2,10,1,1,MD_MF-DF,1.0,0.125,Moderate,"(1,2)"
AJStats,random,2,10,1,1,PCI,1.0,0.125,Moderate,"(1,2)"
AJStats,random,2,10,2,1,ALS,0.98046875,0.125,Moderate,"(2,2)"
AJStats,random,2,10,2,1,AP_ALS-PCI,0.9798387096774192,0.125,Moderate,"(2,2)"
AJStats,random,2,10,2,1,Default,0.9846153846153846,0.125,Moderate,"(2,2)"
AJStats,random,2,10,2,1,MDAP_MF-DF-ALS-PCI,0.9791666666666666,0.125,Moderate,"(2,2)"
AJStats,random,2,10,2,1,MDA_MF-DF-ALS,0.9791666666666666,0.125,Moderate,"(2,2)"
AJStats,random,2,10,2,1,MDP_MF-DF-PCI,0.9791666666666666,0.125,Moderate,"(2,2)"
AJStats,random,2,10,2,1,MD_MF-DF,0.9791666666666666,0.125,Moderate,"(2,2)"
AJStats,random,2,10,2,1,PCI,0.984126984126984,0.125,Moderate,"(2,2)"
AJStats,random,2,10,3,1,ALS,0.8066532258064516,0.125,Moderate,"(3,2)"
AJStats,random,2,10,3,1,AP_ALS-PCI,0.7934782608695651,0.125,Moderate,"(3,2)"
AJStats,random,2,10,3,1,Default,0.8614424410540915,0.125,Moderate,"(3,2)"
AJStats,random,2,10,3,1,MDAP_MF-DF-ALS-PCI,0.7881696428571427,0.125,Moderate,"(3,2)"
AJStats,random,2,10,3,1,MDA_MF-DF-ALS,0.7881696428571427,0.125,Moderate,"(3,2)"
AJStats,random,2,10,3,1,MDP_MF-DF-PCI,0.7881696428571427,0.125,Moderate,"(3,2)"
AJStats,random,2,10,3,1,MD_MF-DF,0.7881696428571427,0.125,Moderate,"(3,2)"
AJStats,random,2,10,3,1,PCI,0.8525908278737344,0.125,Moderate,"(3,2)"
AJStats,random,2,10,1,2,ALS,1.0,0.125,Moderate,"(1,2)"
AJStats,random,2,10,1,2,AP_ALS-PCI,1.0,0.125,Moderate,"(1,2)"
AJStats,random,2,10,1,2,Default,1.0,0.125,Moderate,"(1,2)"
AJStats,random,2,10,1,2,MDAP_MF-DF-ALS-PCI,1.0,0.125,Moderate,"(1,2)"
AJStats,random,2,10,1,2,MDA_MF-DF-ALS,1.0,0.125,Moderate,"(1,2)"
AJStats,random,2,10,1,2,MDP_MF-DF-PCI,1.0,0.125,Moderate,"(1,2)"
AJStats,random,2,10,1,2,MD_MF-DF,1.0,0.125,Moderate,"(1,2)"
AJStats,random,2,10,1,2,PCI,1.0,0.125,Moderate,"(1,2)"
AJStats,random,2,10,2,2,ALS,0.947265625,0.125,Moderate,"(2,2)"
AJStats,random,2,10,2,2,AP_ALS-PCI,0.9455645161290323,0.125,Moderate,"(2,2)"
AJStats,random,2,10,2,2,Default,0.9584615384615384,0.125,Moderate,"(2,2)"
AJStats,random,2,10,2,2,MDAP_MF-DF-ALS-PCI,0.94375,0.125,Moderate,"(2,2)"
AJStats,random,2,10,2,2,MDA_MF-DF-ALS,0.94375,0.125,Moderate,"(2,2)"
AJStats,random,2,10,2,2,MDP_MF-DF-PCI,0.94375,0.125,Moderate,"(2,2)"
AJStats,random,2,10,2,2,MD_MF-DF,0.94375,0.125,Moderate,"(2,2)"
AJStats,random,2,10,2,2,PCI,0.9571428571428572,0.125,Moderate,"(2,2)"
AJStats,random,2,10,3,2,ALS,0.7651209677419355,0.125,Moderate,"(3,2)"
AJStats,random,2,10,3,2,AP_ALS-PCI,0.7513043478260869,0.125,Moderate,"(3,2)"
AJStats,random,2,10,3,2,Default,0.8234396671289875,0.125,Moderate,"(3,2)"
AJStats,random,2,10,3,2,MDAP_MF-DF-ALS-PCI,0.7459821428571428,0.125,Moderate,"(3,2)"
AJStats,random,2,10,3,2,MDA_MF-DF-ALS,0.7459821428571428,0.125,Moderate,"(3,2)"
AJStats,random,2,10,3,2,MDP_MF-DF-PCI,0.7459821428571428,0.125,Moderate,"(3,2)"
AJStats,random,2,10,3,2,MD_MF-DF,0.7459821428571428,0.125,Moderate,"(3,2)"
AJStats,random,2,10,3,2,PCI,0.813579511614056,0.125,Moderate,"(3,2)"
AJStats,distance,2,10,1,1,ALS,0.909090909090909,0.125,Moderate,"(1,2)"
AJStats,distance,2,10,1,1,AP_ALS-PCI,0.909090909090909,0.125,Moderate,"(1,2)"
AJStats,distance,2,10,1,1,Default,0.8918918918918918,0.125,Moderate,"(1,2)"
AJStats,distance,2,10,1,1,MDAP_MF-DF-ALS-PCI,0.90625,0.125,Moderate,"(1,2)"
AJStats,distance,2,10,1,1,MDA_MF-DF-ALS,0.90625,0.125,Moderate,"(1,2)"
AJStats,distance,2,10,1,1,MDP_MF-DF-PCI,0.90625,0.125,Moderate,"(1,2)"
AJStats,distance,2,10,1,1,MD_MF-DF,0.90625,0.125,Moderate,"(1,2)"
AJStats,distance,2,10,1,1,PCI,0.8918918918918918,0.125,Moderate,"(1,2)"
AJStats,distance,2,10,2,1,ALS,0.662109375,0.125,Moderate,"(2,2)"
AJStats,distance,2,10,2,1,AP_ALS-PCI,0.655241935483871,0.125,Moderate,"(2,2)"
AJStats,distance,2,10,2,1,Default,0.6384615384615384,0.125,Moderate,"(2,2)"
AJStats,distance,2,10,2,1,MDAP_MF-DF-ALS-PCI,0.6729166666666667,0.125,Moderate,"(2,2)"
AJStats,distance,2,10,2,1,MDA_MF-DF-ALS,0.6729166666666667,0.125,Moderate,"(2,2)"
AJStats,distance,2,10,2,1,MDP_MF-DF-PCI,0.6729166666666667,0.125,Moderate,"(2,2)"
AJStats,distance,2,10,2,1,MD_MF-DF,0.6729166666666667,0.125,Moderate,"(2,2)"
AJStats,distance,2,10,2,1,PCI,0.6317460317460317,0.125,Moderate,"(2,2)"
AJStats,distance,2,10,3,1,ALS,0.4249999999999999,0.125,Moderate,"(3,2)"
AJStats,distance,2,10,3,1,AP_ALS-PCI,0.432391304347826,0.125,Moderate,"(3,2)"
AJStats,distance,2,10,3,1,Default,0.4042995839112343,0.125,Moderate,"(3,2)"
AJStats,distance,2,10,3,1,MDAP_MF-DF-ALS-PCI,0.4437499999999999,0.125,Moderate,"(3,2)"
AJStats,distance,2,10,3,1,MDA_MF-DF-ALS,0.4437499999999999,0.125,Moderate,"(3,2)"
AJStats,distance,2,10,3,1,MDP_MF-DF-PCI,0.4437499999999999,0.125,Moderate,"(3,2)"
AJStats,distance,2,10,3,1,MD_MF-DF,0.4437499999999999,0.125,Moderate,"(3,2)"
AJStats,distance,2,10,3,1,PCI,0.4087254318046456,0.125,Moderate,"(3,2)"
AJStats,distance,2,10,1,2,ALS,0.909090909090909,0.125,Moderate,"(1,2)"
AJStats,distance,2,10,1,2,AP_ALS-PCI,0.909090909090909,0.125,Moderate,"(1,2)"
AJStats,distance,2,10,1,2,Default,0.8918918918918918,0.125,Moderate,"(1,2)"
AJStats,distance,2,10,1,2,MDAP_MF-DF-ALS-PCI,0.90625,0.125,Moderate,"(1,2)"
AJStats,distance,2,10,1,2,MDA_MF-DF-ALS,0.90625,0.125,Moderate,"(1,2)"
AJStats,distance,2,10,1,2,MDP_MF-DF-PCI,0.90625,0.125,Moderate,"(1,2)"
AJStats,distance,2,10,1,2,MD_MF-DF,0.90625,0.125,Moderate,"(1,2)"
AJStats,distance,2,10,1,2,PCI,0.8918918918918918,0.125,Moderate,"(1,2)"
AJStats,distance,2,10,2,2,ALS,0.6328125,0.125,Moderate,"(2,2)"
AJStats,distance,2,10,2,2,AP_ALS-PCI,0.6229838709677418,0.125,Moderate,"(2,2)"
AJStats,distance,2,10,2,2,Default,0.6153846153846154,0.125,Moderate,"(2,2)"
AJStats,distance,2,10,2,2,MDAP_MF-DF-ALS-PCI,0.6416666666666667,0.125,Moderate,"(2,2)"
AJStats,distance,2,10,2,2,MDA_MF-DF-ALS,0.6416666666666667,0.125,Moderate,"(2,2)"
AJStats,distance,2,10,2,2,MDP_MF-DF-PCI,0.6416666666666667,0.125,Moderate,"(2,2)"
AJStats,distance,2,10,2,2,MD_MF-DF,0.6416666666666667,0.125,Moderate,"(2,2)"
AJStats,distance,2,10,2,2,PCI,0.6063492063492063,0.125,Moderate,"(2,2)"
AJStats,distance,2,10,3,2,ALS,0.3931451612903225,0.125,Moderate,"(3,2)"
AJStats,distance,2,10,3,2,AP_ALS-PCI,0.3978260869565217,0.125,Moderate,"(3,2)"
AJStats,distance,2,10,3,2,Default,0.3803051317614424,0.125,Moderate,"(3,2)"
AJStats,distance,2,10,3,2,MDAP_MF-DF-ALS-PCI,0.4084821428571428,0.125,Moderate,"(3,2)"
AJStats,distance,2,10,3,2,MDA_MF-DF-ALS,0.4084821428571428,0.125,Moderate,"(3,2)"
AJStats,distance,2,10,3,2,MDP_MF-DF-PCI,0.4084821428571428,0.125,Moderate,"(3,2)"
AJStats,distance,2,10,3,2,MD_MF-DF,0.4084821428571428,0.125,Moderate,"(3,2)"
AJStats,distance,2,10,3,2,PCI,0.3828171530673019,0.125,Moderate,"(3,2)"
AJStats,solver,2,10,1,1,ALS,0.696969696969697,0.125,Moderate,"(1,2)"
AJStats,solver,2,10,1,1,AP_ALS-PCI,0.696969696969697,0.125,Moderate,"(1,2)"
AJStats,solver,2,10,1,1,Default,0.7027027027027027,0.125,Moderate,"(1,2)"
AJStats,solver,2,10,1,1,MDAP_MF-DF-ALS-PCI,0.71875,0.125,Moderate,"(1,2)"
AJStats,solver,2,10,1,1,MDA_MF-DF-ALS,0.71875,0.125,Moderate,"(1,2)"
AJStats,solver,2,10,1,1,MDP_MF-DF-PCI,0.71875,0.125,Moderate,"(1,2)"
AJStats,solver,2,10,1,1,MD_MF-DF,0.71875,0.125,Moderate,"(1,2)"
AJStats,solver,2,10,1,1,PCI,0.7027027027027027,0.125,Moderate,"(1,2)"
AJStats,solver,2,10,2,1,ALS,0.439453125,0.125,Moderate,"(2,2)"
AJStats,solver,2,10,2,1,AP_ALS-PCI,0.4536290322580645,0.125,Moderate,"(2,2)"
AJStats,solver,2,10,2,1,Default,0.443076923076923,0.125,Moderate,"(2,2)"
AJStats,solver,2,10,2,1,MDAP_MF-DF-ALS-PCI,0.46875,0.125,Moderate,"(2,2)"
AJStats,solver,2,10,2,1,MDA_MF-DF-ALS,0.46875,0.125,Moderate,"(2,2)"
AJStats,solver,2,10,2,1,MDP_MF-DF-PCI,0.46875,0.125,Moderate,"(2,2)"
AJStats,solver,2,10,2,1,MD_MF-DF,0.46875,0.125,Moderate,"(2,2)"
AJStats,solver,2,10,2,1,PCI,0.4571428571428571,0.125,Moderate,"(2,2)"
AJStats,solver,2,10,3,1,ALS,0.2610887096774193,0.125,Moderate,"(3,2)"
AJStats,solver,2,10,3,1,AP_ALS-PCI,0.2815217391304347,0.125,Moderate,"(3,2)"
AJStats,solver,2,10,3,1,Default,0.262135922330097,0.125,Moderate,"(3,2)"
AJStats,solver,2,10,3,1,MDAP_MF-DF-ALS-PCI,0.2890625,0.125,Moderate,"(3,2)"
AJStats,solver,2,10,3,1,MDA_MF-DF-ALS,0.2890625,0.125,Moderate,"(3,2)"
AJStats,solver,2,10,3,1,MDP_MF-DF-PCI,0.2890625,0.125,Moderate,"(3,2)"
AJStats,solver,2,10,3,1,MD_MF-DF,0.2890625,0.125,Moderate,"(3,2)"
AJStats,solver,2,10,3,1,PCI,0.2814175104228707,0.125,Moderate,"(3,2)"
AJStats,solver,2,10,1,2,ALS,0.696969696969697,0.125,Moderate,"(1,2)"
AJStats,solver,2,10,1,2,AP_ALS-PCI,0.696969696969697,0.125,Moderate,"(1,2)"
AJStats,solver,2,10,1,2,Default,0.7027027027027027,0.125,Moderate,"(1,2)"
AJStats,solver,2,10,1,2,MDAP_MF-DF-ALS-PCI,0.71875,0.125,Moderate,"(1,2)"
AJStats,solver,2,10,1,2,MDA_MF-DF-ALS,0.71875,0.125,Moderate,"(1,2)"
AJStats,solver,2,10,1,2,MDP_MF-DF-PCI,0.71875,0.125,Moderate,"(1,2)"
AJStats,solver,2,10,1,2,MD_MF-DF,0.71875,0.125,Moderate,"(1,2)"
AJStats,solver,2,10,1,2,PCI,0.7027027027027027,0.125,Moderate,"(1,2)"
AJStats,solver,2,10,2,2,ALS,0.439453125,0.125,Moderate,"(2,2)"
AJStats,solver,2,10,2,2,AP_ALS-PCI,0.4536290322580645,0.125,Moderate,"(2,2)"
AJStats,solver,2,10,2,2,Default,0.443076923076923,0.125,Moderate,"(2,2)"
AJStats,solver,2,10,2,2,MDAP_MF-DF-ALS-PCI,0.46875,0.125,Moderate,"(2,2)"
AJStats,solver,2,10,2,2,MDA_MF-DF-ALS,0.46875,0.125,Moderate,"(2,2)"
AJStats,solver,2,10,2,2,MDP_MF-DF-PCI,0.46875,0.125,Moderate,"(2,2)"
AJStats,solver,2,10,2,2,MD_MF-DF,0.46875,0.125,Moderate,"(2,2)"
AJStats,solver,2,10,2,2,PCI,0.4571428571428571,0.125,Moderate,"(2,2)"
AJStats,solver,2,10,3,2,ALS,0.2610887096774193,0.125,Moderate,"(3,2)"
AJStats,solver,2,10,3,2,AP_ALS-PCI,0.2815217391304347,0.125,Moderate,"(3,2)"
AJStats,solver,2,10,3,2,Default,0.262135922330097,0.125,Moderate,"(3,2)"
AJStats,solver,2,10,3,2,MDAP_MF-DF-ALS-PCI,0.2890625,0.125,Moderate,"(3,2)"
AJStats,solver,2,10,3,2,MDA_MF-DF-ALS,0.2890625,0.125,Moderate,"(3,2)"
AJStats,solver,2,10,3,2,MDP_MF-DF-PCI,0.2890625,0.125,Moderate,"(3,2)"
AJStats,solver,2,10,3,2,MD_MF-DF,0.2890625,0.125,Moderate,"(3,2)"
AJStats,solver,2,10,3,2,PCI,0.2814175104228707,0.125,Moderate,"(3,2)"
Curl,random,1,10,1,1,ALS,1.0,0.1875,Moderate,"(1,1)"
Curl,random,1,10,1,1,AP_ALS-PCI,1.0,0.1875,Moderate,"(1,1)"
Curl,random,1,10,1,1,Default,1.0,0.1875,Moderate,"(1,1)"
Curl,random,1,10,1,1,MDAP_MF-DF-ALS-PCI,1.0,0.1875,Moderate,"(1,1)"
Curl,random,1,10,1,1,MDA_MF-DF-ALS,1.0,0.1875,Moderate,"(1,1)"
Curl,random,1,10,1,1,MDP_MF-DF-PCI,1.0,0.1875,Moderate,"(1,1)"
Curl,random,1,10,1,1,MD_MF-DF,1.0,0.1875,Moderate,"(1,1)"
Curl,random,1,10,1,1,PCI,1.0,0.1875,Moderate,"(1,1)"
Curl,random,1,10,2,1,ALS,0.903765690376569,0.1875,Moderate,"(2,1)"
Curl,random,1,10,2,1,AP_ALS-PCI,0.9004329004329004,0.1875,Moderate,"(2,1)"
Curl,random,1,10,2,1,Default,0.9122137404580152,0.1875,Moderate,"(2,1)"
Curl,random,1,10,2,1,MDAP_MF-DF-ALS-PCI,0.8940092165898617,0.1875,Moderate,"(2,1)"
Curl,random,1,10,2,1,MDA_MF-DF-ALS,0.8940092165898617,0.1875,Moderate,"(2,1)"
Curl,random,1,10,2,1,MDP_MF-DF-PCI,0.8940092165898617,0.1875,Moderate,"(2,1)"
Curl,random,1,10,2,1,MD_MF-DF,0.8940092165898617,0.1875,Moderate,"(2,1)"
Curl,random,1,10,2,1,PCI,0.908,0.1875,Moderate,"(2,1)"
Curl,random,1,10,3,1,ALS,0.7163072776280323,0.1875,Moderate,"(3,1)"
Curl,random,1,10,3,1,AP_ALS-PCI,0.6960059171597633,0.1875,Moderate,"(3,1)"
Curl,random,1,10,3,1,Default,0.7423099245502031,0.1875,Moderate,"(3,1)"
Curl,random,1,10,3,1,MDAP_MF-DF-ALS-PCI,0.6858721389108128,0.1875,Moderate,"(3,1)"
Curl,random,1,10,3,1,MDA_MF-DF-ALS,0.6858721389108128,0.1875,Moderate,"(3,1)"
Curl,random,1,10,3,1,MDP_MF-DF-PCI,0.6858721389108128,0.1875,Moderate,"(3,1)"
Curl,random,1,10,3,1,MD_MF-DF,0.6858721389108128,0.1875,Moderate,"(3,1)"
Curl,random,1,10,3,1,PCI,0.7221122112211221,0.1875,Moderate,"(3,1)"
Curl,random,1,10,1,2,ALS,1.0,0.1875,Moderate,"(1,1)"
Curl,random,1,10,1,2,AP_ALS-PCI,1.0,0.1875,Moderate,"(1,1)"
Curl,random,1,10,1,2,Default,1.0,0.1875,Moderate,"(1,1)"
Curl,random,1,10,1,2,MDAP_MF-DF-ALS-PCI,1.0,0.1875,Moderate,"(1,1)"
Curl,random,1,10,1,2,MDA_MF-DF-ALS,1.0,0.1875,Moderate,"(1,1)"
Curl,random,1,10,1,2,MDP_MF-DF-PCI,1.0,0.1875,Moderate,"(1,1)"
Curl,random,1,10,1,2,MD_MF-DF,1.0,0.1875,Moderate,"(1,1)"
Curl,random,1,10,1,2,PCI,1.0,0.1875,Moderate,"(1,1)"
Curl,random,1,10,2,2,ALS,0.9665271966527196,0.1875,Moderate,"(2,1)"
Curl,random,1,10,2,2,AP_ALS-PCI,0.9653679653679652,0.1875,Moderate,"(2,1)"
Curl,random,1,10,2,2,Default,0.9694656488549616,0.1875,Moderate,"(2,1)"
Curl,random,1,10,2,2,MDAP_MF-DF-ALS-PCI,0.9631336405529954,0.1875,Moderate,"(2,1)"
Curl,random,1,10,2,2,MDA_MF-DF-ALS,0.9631336405529954,0.1875,Moderate,"(2,1)"
Curl,random,1,10,2,2,MDP_MF-DF-PCI,0.9631336405529954,0.1875,Moderate,"(2,1)"
Curl,random,1,10,2,2,MD_MF-DF,0.9631336405529954,0.1875,Moderate,"(2,1)"
Curl,random,1,10,2,2,PCI,0.968,0.1875,Moderate,"(2,1)"
Curl,random,1,10,3,2,ALS,0.8018867924528302,0.1875,Moderate,"(3,1)"
Curl,random,1,10,3,2,AP_ALS-PCI,0.7855029585798816,0.1875,Moderate,"(3,1)"
Curl,random,1,10,3,2,Default,0.8247243180499129,0.1875,Moderate,"(3,1)"
Curl,random,1,10,3,2,MDAP_MF-DF-ALS-PCI,0.7742699289660616,0.1875,Moderate,"(3,1)"
Curl,random,1,10,3,2,MDA_MF-DF-ALS,0.7742699289660616,0.1875,Moderate,"(3,1)"
Curl,random,1,10,3,2,MDP_MF-DF-PCI,0.7742699289660616,0.1875,Moderate,"(3,1)"
Curl,random,1,10,3,2,MD_MF-DF,0.7742699289660616,0.1875,Moderate,"(3,1)"
Curl,random,1,10,3,2,PCI,0.8059405940594059,0.1875,Moderate,"(3,1)"
Curl,distance,1,10,1,1,ALS,0.8260869565217391,0.1875,Moderate,"(1,1)"
Curl,distance,1,10,1,1,AP_ALS-PCI,0.8260869565217391,0.1875,Moderate,"(1,1)"
Curl,distance,1,10,1,1,Default,0.8333333333333333,0.1875,Moderate,"(1,1)"
Curl,distance,1,10,1,1,MDAP_MF-DF-ALS-PCI,0.8181818181818182,0.1875,Moderate,"(1,1)"
Curl,distance,1,10,1,1,MDA_MF-DF-ALS,0.8181818181818182,0.1875,Moderate,"(1,1)"
Curl,distance,1,10,1,1,MDP_MF-DF-PCI,0.8181818181818182,0.1875,Moderate,"(1,1)"
Curl,distance,1,10,1,1,MD_MF-DF,0.8181818181818182,0.1875,Moderate,"(1,1)"
Curl,distance,1,10,1,1,PCI,0.8333333333333333,0.1875,Moderate,"(1,1)"
Curl,distance,1,10,2,1,ALS,0.5983263598326359,0.1875,Moderate,"(2,1)"
Curl,distance,1,10,2,1,AP_ALS-PCI,0.5844155844155843,0.1875,Moderate,"(2,1)"
Curl,distance,1,10,2,1,Default,0.6106870229007633,0.1875,Moderate,"(2,1)"
Curl,distance,1,10,2,1,MDAP_MF-DF-ALS-PCI,0.5852534562211981,0.1875,Moderate,"(2,1)"
Curl,distance,1,10,2,1,MDA_MF-DF-ALS,0.5852534562211981,0.1875,Moderate,"(2,1)"
Curl,distance,1,10,2,1,MDP_MF-DF-PCI,0.5852534562211981,0.1875,Moderate,"(2,1)"
Curl,distance,1,10,2,1,MD_MF-DF,0.5852534562211981,0.1875,Moderate,"(2,1)"
Curl,distance,1,10,2,1,PCI,0.6039999999999999,0.1875,Moderate,"(2,1)"
Curl,distance,1,10,3,1,ALS,0.3814016172506738,0.1875,Moderate,"(3,1)"
Curl,distance,1,10,3,1,AP_ALS-PCI,0.363905325443787,0.1875,Moderate,"(3,1)"
Curl,distance,1,10,3,1,Default,0.3969820081253627,0.1875,Moderate,"(3,1)"
Curl,distance,1,10,3,1,MDAP_MF-DF-ALS-PCI,0.3662194159431728,0.1875,Moderate,"(3,1)"
Curl,distance,1,10,3,1,MDA_MF-DF-ALS,0.3662194159431728,0.1875,Moderate,"(3,1)"
Curl,distance,1,10,3,1,MDP_MF-DF-PCI,0.3662194159431728,0.1875,Moderate,"(3,1)"
Curl,distance,1,10,3,1,MD_MF-DF,0.3662194159431728,0.1875,Moderate,"(3,1)"
Curl,distance,1,10,3,1,PCI,0.392079207920792,0.1875,Moderate,"(3,1)"
Curl,distance,1,10,1,2,ALS,0.782608695652174,0.1875,Moderate,"(1,1)"
Curl,distance,1,10,1,2,AP_ALS-PCI,0.782608695652174,0.1875,Moderate,"(1,1)"
Curl,distance,1,10,1,2,Default,0.7916666666666666,0.1875,Moderate,"(1,1)"
Curl,distance,1,10,1,2,MDAP_MF-DF-ALS-PCI,0.7727272727272727,0.1875,Moderate,"(1,1)"
Curl,distance,1,10,1,2,MDA_MF-DF-ALS,0.7727272727272727,0.1875,Moderate,"(1,1)"
Curl,distance,1,10,1,2,MDP_MF-DF-PCI,0.7727272727272727,0.1875,Moderate,"(1,1)"
Curl,distance,1,10,1,2,MD_MF-DF,0.7727272727272727,0.1875,Moderate,"(1,1)"
Curl,distance,1,10,1,2,PCI,0.7916666666666666,0.1875,Moderate,"(1,1)"
Curl,distance,1,10,2,2,ALS,0.5355648535564853,0.1875,Moderate,"(2,1)"
Curl,distance,1,10,2,2,AP_ALS-PCI,0.5281385281385281,0.1875,Moderate,"(2,1)"
Curl,distance,1,10,2,2,Default,0.5458015267175572,0.1875,Moderate,"(2,1)"
Curl,distance,1,10,2,2,MDAP_MF-DF-ALS-PCI,0.5253456221198156,0.1875,Moderate,"(2,1)"
Curl,distance,1,10,2,2,MDA_MF-DF-ALS,0.5253456221198156,0.1875,Moderate,"(2,1)"
Curl,distance,1,10,2,2,MDP_MF-DF-PCI,0.5253456221198156,0.1875,Moderate,"(2,1)"
Curl,distance,1,10,2,2,MD_MF-DF,0.5253456221198156,0.1875,Moderate,"(2,1)"
Curl,distance,1,10,2,2,PCI,0.544,0.1875,Moderate,"(2,1)"
Curl,distance,1,10,3,2,ALS,0.3355795148247978,0.1875,Moderate,"(3,1)"
Curl,distance,1,10,3,2,AP_ALS-PCI,0.3276627218934911,0.1875,Moderate,"(3,1)"
Curl,distance,1,10,3,2,Default,0.3470690655832849,0.1875,Moderate,"(3,1)"
Curl,distance,1,10,3,2,MDAP_MF-DF-ALS-PCI,0.3275453827940015,0.1875,Moderate,"(3,1)"
Curl,distance,1,10,3,2,MDA_MF-DF-ALS,0.3275453827940015,0.1875,Moderate,"(3,1)"
Curl,distance,1,10,3,2,MDP_MF-DF-PCI,0.3275453827940015,0.1875,Moderate,"(3,1)"
Curl,distance,1,10,3,2,MD_MF-DF,0.3275453827940015,0.1875,Moderate,"(3,1)"
Curl,distance,1,10,3,2,PCI,0.3491749174917491,0.1875,Moderate,"(3,1)"
Curl,solver,1,10,1,1,ALS,0.782608695652174,0.1875,Moderate,"(1,1)"
Curl,solver,1,10,1,1,AP_ALS-PCI,0.782608695652174,0.1875,Moderate,"(1,1)"
Curl,solver,1,10,1,1,Default,0.7916666666666666,0.1875,Moderate,"(1,1)"
Curl,solver,1,10,1,1,MDAP_MF-DF-ALS-PCI,0.8181818181818182,0.1875,Moderate,"(1,1)"
Curl,solver,1,10,1,1,MDA_MF-DF-ALS,0.8181818181818182,0.1875,Moderate,"(1,1)"
Curl,solver,1,10,1,1,MDP_MF-DF-PCI,0.8181818181818182,0.1875,Moderate,"(1,1)"
Curl,solver,1,10,1,1,MD_MF-DF,0.8181818181818182,0.1875,Moderate,"(1,1)"
Curl,solver,1,10,1,1,PCI,0.7916666666666666,0.1875,Moderate,"(1,1)"
Curl,solver,1,10,2,1,ALS,0.5104602510460251,0.1875,Moderate,"(2,1)"
Curl,solver,1,10,2,1,AP_ALS-PCI,0.5281385281385281,0.1875,Moderate,"(2,1)"
Curl,solver,1,10,2,1,Default,0.5305343511450382,0.1875,Moderate,"(2,1)"
Curl,solver,1,10,2,1,MDAP_MF-DF-ALS-PCI,0.5622119815668202,0.1875,Moderate,"(2,1)"
Curl,solver,1,10,2,1,MDA_MF-DF-ALS,0.5622119815668202,0.1875,Moderate,"(2,1)"
Curl,solver,1,10,2,1,MDP_MF-DF-PCI,0.5622119815668202,0.1875,Moderate,"(2,1)"
Curl,solver,1,10,2,1,MD_MF-DF,0.5622119815668202,0.1875,Moderate,"(2,1)"
Curl,solver,1,10,2,1,PCI,0.556,0.1875,Moderate,"(2,1)"
Curl,solver,1,10,3,1,ALS,0.2951482479784366,0.1875,Moderate,"(3,1)"
Curl,solver,1,10,3,1,AP_ALS-PCI,0.3239644970414201,0.1875,Moderate,"(3,1)"
Curl,solver,1,10,3,1,Default,0.3168891468369123,0.1875,Moderate,"(3,1)"
Curl,solver,1,10,3,1,MDAP_MF-DF-ALS-PCI,0.345698500394633,0.1875,Moderate,"(3,1)"
Curl,solver,1,10,3,1,MDA_MF-DF-ALS,0.345698500394633,0.1875,Moderate,"(3,1)"
Curl,solver,1,10,3,1,MDP_MF-DF-PCI,0.345698500394633,0.1875,Moderate,"(3,1)"
Curl,solver,1,10,3,1,MD_MF-DF,0.345698500394633,0.1875,Moderate,"(3,1)"
Curl,solver,1,10,3,1,PCI,0.3603960396039603,0.1875,Moderate,"(3,1)"
Curl,solver,1,10,1,2,ALS,0.782608695652174,0.1875,Moderate,"(1,1)"
Curl,solver,1,10,1,2,AP_ALS-PCI,0.782608695652174,0.1875,Moderate,"(1,1)"
Curl,solver,1,10,1,2,Default,0.7916666666666666,0.1875,Moderate,"(1,1)"
Curl,solver,1,10,1,2,MDAP_MF-DF-ALS-PCI,0.8181818181818182,0.1875,Moderate,"(1,1)"
Curl,solver,1,10,1,2,MDA_MF-DF-ALS,0.8181818181818182,0.1875,Moderate,"(1,1)"
Curl,solver,1,10,1,2,MDP_MF-DF-PCI,0.8181818181818182,0.1875,Moderate,"(1,1)"
Curl,solver,1,10,1,2,MD_MF-DF,0.8181818181818182,0.1875,Moderate,"(1,1)"
Curl,solver,1,10,1,2,PCI,0.7916666666666666,0.1875,Moderate,"(1,1)"
Curl,solver,1,10,2,2,ALS,0.5104602510460251,0.1875,Moderate,"(2,1)"
Curl,solver,1,10,2,2,AP_ALS-PCI,0.5281385281385281,0.1875,Moderate,"(2,1)"
Curl,solver,1,10,2,2,Default,0.5305343511450382,0.1875,Moderate,"(2,1)"
Curl,solver,1,10,2,2,MDAP_MF-DF-ALS-PCI,0.5622119815668202,0.1875,Moderate,"(2,1)"
Curl,solver,1,10,2,2,MDA_MF-DF-ALS,0.5622119815668202,0.1875,Moderate,"(2,1)"
Curl,solver,1,10,2,2,MDP_MF-DF-PCI,0.5622119815668202,0.1875,Moderate,"(2,1)"
Curl,solver,1,10,2,2,MD_MF-DF,0.5622119815668202,0.1875,Moderate,"(2,1)"
Curl,solver,1,10,2,2,PCI,0.556,0.1875,Moderate,"(2,1)"
Curl,solver,1,10,3,2,ALS,0.2951482479784366,0.1875,Moderate,"(3,1)"
Curl,solver,1,10,3,2,AP_ALS-PCI,0.3239644970414201,0.1875,Moderate,"(3,1)"
Curl,solver,1,10,3,2,Default,0.3168891468369123,0.1875,Moderate,"(3,1)"
Curl,solver,1,10,3,2,MDAP_MF-DF-ALS-PCI,0.345698500394633,0.1875,Moderate,"(3,1)"
Curl,solver,1,10,3,2,MDA_MF-DF-ALS,0.345698500394633,0.1875,Moderate,"(3,1)"
Curl,solver,1,10,3,2,MDP_MF-DF-PCI,0.345698500394633,0.1875,Moderate,"(3,1)"
Curl,solver,1,10,3,2,MD_MF-DF,0.345698500394633,0.1875,Moderate,"(3,1)"
Curl,solver,1,10,3,2,PCI,0.3603960396039603,0.1875,Moderate,"(3,1)"
Curl,random,2,10,1,1,ALS,1.0,0.1875,Moderate,"(1,2)"
Curl,random,2,10,1,1,AP_ALS-PCI,1.0,0.1875,Moderate,"(1,2)"
Curl,random,2,10,1,1,Default,1.0,0.1875,Moderate,"(1,2)"
Curl,random,2,10,1,1,MDAP_MF-DF-ALS-PCI,1.0,0.1875,Moderate,"(1,2)"
Curl,random,2,10,1,1,MDA_MF-DF-ALS,1.0,0.1875,Moderate,"(1,2)"
Curl,random,2,10,1,1,MDP_MF-DF-PCI,1.0,0.1875,Moderate,"(1,2)"
Curl,random,2,10,1,1,MD_MF-DF,1.0,0.1875,Moderate,"(1,2)"
Curl,random,2,10,1,1,PCI,1.0,0.1875,Moderate,"(1,2)"
Curl,random,2,10,2,1,ALS,0.9790794979079496,0.1875,Moderate,"(2,2)"
Curl,random,2,10,2,1,AP_ALS-PCI,0.9783549783549784,0.1875,Moderate,"(2,2)"
Curl,random,2,10,2,1,Default,0.9809160305343512,0.1875,Moderate,"(2,2)"
Curl,random,2,10,2,1,MDAP_MF-DF-ALS-PCI,0.976958525345622,0.1875,Moderate,"(2,2)"
Curl,random,2,10,2,1,MDA_MF-DF-ALS,0.976958525345622,0.1875,Moderate,"(2,2)"
Curl,random,2,10,2,1,MDP_MF-DF-PCI,0.976958525345622,0.1875,Moderate,"(2,2)"
Curl,random,2,10,2,1,MD_MF-DF,0.976958525345622,0.1875,Moderate,"(2,2)"
Curl,random,2,10,2,1,PCI,0.98,0.1875,Moderate,"(2,2)"
Curl,random,2,10,3,1,ALS,0.8247978436657682,0.1875,Moderate,"(3,2)"
Curl,random,2,10,3,1,AP_ALS-PCI,0.8099112426035503,0.1875,Moderate,"(3,2)"
Curl,random,2,10,3,1,Default,0.8461984910040626,0.1875,Moderate,"(3,2)"
Curl,random,2,10,3,1,MDAP_MF-DF-ALS-PCI,0.7987371744277821,0.1875,Moderate,"(3,2)"
Curl,random,2,10,3,1,MDA_MF-DF-ALS,0.7987371744277821,0.1875,Moderate,"(3,2)"
Curl,random,2,10,3,1,MDP_MF-DF-PCI,0.7987371744277821,0.1875,Moderate,"(3,2)"
Curl,random,2,10,3,1,MD_MF-DF,0.7987371744277821,0.1875,Moderate,"(3,2)"
Curl,random,2,10,3,1,PCI,0.8283828382838284,0.1875,Moderate,"(3,2)"
Curl,random,2,10,1,2,ALS,1.0,0.1875,Moderate,"(1,2)"
Curl,random,2,10,1,2,AP_ALS-PCI,1.0,0.1875,Moderate,"(1,2)"
Curl,random,2,10,1,2,Default,1.0,0.1875,Moderate,"(1,2)"
Curl,random,2,10,1,2,MDAP_MF-DF-ALS-PCI,1.0,0.1875,Moderate,"(1,2)"
Curl,random,2,10,1,2,MDA_MF-DF-ALS,1.0,0.1875,Moderate,"(1,2)"
Curl,random,2,10,1,2,MDP_MF-DF-PCI,1.0,0.1875,Moderate,"(1,2)"
Curl,random,2,10,1,2,MD_MF-DF,1.0,0.1875,Moderate,"(1,2)"
Curl,random,2,10,1,2,PCI,1.0,0.1875,Moderate,"(1,2)"
Curl,random,2,10,2,2,ALS,0.9288702928870292,0.1875,Moderate,"(2,2)"
Curl,random,2,10,2,2,AP_ALS-PCI,0.9264069264069263,0.1875,Moderate,"(2,2)"
Curl,random,2,10,2,2,Default,0.9351145038167938,0.1875,Moderate,"(2,2)"
Curl,random,2,10,2,2,MDAP_MF-DF-ALS-PCI,0.9216589861751152,0.1875,Moderate,"(2,2)"
Curl,random,2,10,2,2,MDA_MF-DF-ALS,0.9216589861751152,0.1875,Moderate,"(2,2)"
Curl,random,2,10,2,2,MDP_MF-DF-PCI,0.9216589861751152,0.1875,Moderate,"(2,2)"
Curl,random,2,10,2,2,MD_MF-DF,0.9216589861751152,0.1875,Moderate,"(2,2)"
Curl,random,2,10,2,2,PCI,0.932,0.1875,Moderate,"(2,2)"
Curl,random,2,10,3,2,ALS,0.761455525606469,0.1875,Moderate,"(3,2)"
Curl,random,2,10,3,2,AP_ALS-PCI,0.7455621301775148,0.1875,Moderate,"(3,2)"
Curl,random,2,10,3,2,Default,0.7846778874056877,0.1875,Moderate,"(3,2)"
Curl,random,2,10,3,2,MDAP_MF-DF-ALS-PCI,0.7340173638516179,0.1875,Moderate,"(3,2)"
Curl,random,2,10,3,2,MDA_MF-DF-ALS,0.7340173638516179,0.1875,Moderate,"(3,2)"
Curl,random,2,10,3,2,MDP_MF-DF-PCI,0.7340173638516179,0.1875,Moderate,"(3,2)"
Curl,random,2,10,3,2,MD_MF-DF,0.7340173638516179,0.1875,Moderate,"(3,2)"
Curl,random,2,10,3,2,PCI,0.7676567656765677,0.1875,Moderate,"(3,2)"
Curl,distance,2,10,1,1,ALS,0.8260869565217391,0.1875,Moderate,"(1,2)"
Curl,distance,2,10,1,1,AP_ALS-PCI,0.8260869565217391,0.1875,Moderate,"(1,2)"
Curl,distance,2,10,1,1,Default,0.8333333333333333,0.1875,Moderate,"(1,2)"
Curl,distance,2,10,1,1,MDAP_MF-DF-ALS-PCI,0.8181818181818182,0.1875,Moderate,"(1,2)"
Curl,distance,2,10,1,1,MDA_MF-DF-ALS,0.8181818181818182,0.1875,Moderate,"(1,2)"
Curl,distance,2,10,1,1,MDP_MF-DF-PCI,0.8181818181818182,0.1875,Moderate,"(1,2)"
Curl,distance,2,10,1,1,MD_MF-DF,0.8181818181818182,0.1875,Moderate,"(1,2)"
Curl,distance,2,10,1,1,PCI,0.8333333333333333,0.1875,Moderate,"(1,2)"
Curl,distance,2,10,2,1,ALS,0.5983263598326359,0.1875,Moderate,"(2,2)"
Curl,distance,2,10,2,1,AP_ALS-PCI,0.5844155844155843,0.1875,Moderate,"(2,2)"
Curl,distance,2,10,2,1,Default,0.6106870229007633,0.1875,Moderate,"(2,2)"
Curl,distance,2,10,2,1,MDAP_MF-DF-ALS-PCI,0.5852534562211981,0.1875,Moderate,"(2,2)"
Curl,distance,2,10,2,1,MDA_MF-DF-ALS,0.5852534562211981,0.1875,Moderate,"(2,2)"
Curl,distance,2,10,2,1,MDP_MF-DF-PCI,0.5852534562211981,0.1875,Moderate,"(2,2)"
Curl,distance,2,10,2,1,MD_MF-DF,0.5852534562211981,0.1875,Moderate,"(2,2)"
Curl,distance,2,10,2,1,PCI,0.6039999999999999,0.1875,Moderate,"(2,2)"
Curl,distance,2,10,3,1,ALS,0.3814016172506738,0.1875,Moderate,"(3,2)"
Curl,distance,2,10,3,1,AP_ALS-PCI,0.363905325443787,0.1875,Moderate,"(3,2)"
Curl,distance,2,10,3,1,Default,0.3969820081253627,0.1875,Moderate,"(3,2)"
Curl,distance,2,10,3,1,MDAP_MF-DF-ALS-PCI,0.3662194159431728,0.1875,Moderate,"(3,2)"
Curl,distance,2,10,3,1,MDA_MF-DF-ALS,0.3662194159431728,0.1875,Moderate,"(3,2)"
Curl,distance,2,10,3,1,MDP_MF-DF-PCI,0.3662194159431728,0.1875,Moderate,"(3,2)"
Curl,distance,2,10,3,1,MD_MF-DF,0.3662194159431728,0.1875,Moderate,"(3,2)"
Curl,distance,2,10,3,1,PCI,0.392079207920792,0.1875,Moderate,"(3,2)"
Curl,distance,2,10,1,2,ALS,0.782608695652174,0.1875,Moderate,"(1,2)"
Curl,distance,2,10,1,2,AP_ALS-PCI,0.782608695652174,0.1875,Moderate,"(1,2)"
Curl,distance,2,10,1,2,Default,0.7916666666666666,0.1875,Moderate,"(1,2)"
Curl,distance,2,10,1,2,MDAP_MF-DF-ALS-PCI,0.7727272727272727,0.1875,Moderate,"(1,2)"
Curl,distance,2,10,1,2,MDA_MF-DF-ALS,0.7727272727272727,0.1875,Moderate,"(1,2)"
Curl,distance,2,10,1,2,MDP_MF-DF-PCI,0.7727272727272727,0.1875,Moderate,"(1,2)"
Curl,distance,2,10,1,2,MD_MF-DF,0.7727272727272727,0.1875,Moderate,"(1,2)"
Curl,distance,2,10,1,2,PCI,0.7916666666666666,0.1875,Moderate,"(1,2)"
Curl,distance,2,10,2,2,ALS,0.5355648535564853,0.1875,Moderate,"(2,2)"
Curl,distance,2,10,2,2,AP_ALS-PCI,0.5281385281385281,0.1875,Moderate,"(2,2)"
Curl,distance,2,10,2,2,Default,0.5458015267175572,0.1875,Moderate,"(2,2)"
Curl,distance,2,10,2,2,MDAP_MF-DF-ALS-PCI,0.5253456221198156,0.1875,Moderate,"(2,2)"
Curl,distance,2,10,2,2,MDA_MF-DF-ALS,0.5253456221198156,0.1875,Moderate,"(2,2)"
Curl,distance,2,10,2,2,MDP_MF-DF-PCI,0.5253456221198156,0.1875,Moderate,"(2,2)"
Curl,distance,2,10,2,2,MD_MF-DF,0.5253456221198156,0.1875,Moderate,"(2,2)"
Curl,distance,2,10,2,2,PCI,0.544,0.1875,Moderate,"(2,2)"
Curl,distance,2,10,3,2,ALS,0.3355795148247978,0.1875,Moderate,"(3,2)"
Curl,distance,2,10,3,2,AP_ALS-PCI,0.3276627218934911,0.1875,Moderate,"(3,2)"
Curl,distance,2,10,3,2,Default,0.3470690655832849,0.1875,Moderate,"(3,2)"
Curl,distance,2,10,3,2,MDAP_MF-DF-ALS-PCI,0.3275453827940015,0.1875,Moderate,"(3,2)"
Curl,distance,2,10,3,2,MDA_MF-DF-ALS,0.3275453827940015,0.1875,Moderate,"(3,2)"
Curl,distance,2,10,3,2,MDP_MF-DF-PCI,0.3275453827940015,0.1875,Moderate,"(3,2)"
Curl,distance,2,10,3,2,MD_MF-DF,0.3275453827940015,0.1875,Moderate,"(3,2)"
Curl,distance,2,10,3,2,PCI,0.3491749174917491,0.1875,Moderate,"(3,2)"
Curl,solver,2,10,1,1,ALS,0.782608695652174,0.1875,Moderate,"(1,2)"
Curl,solver,2,10,1,1,AP_ALS-PCI,0.782608695652174,0.1875,Moderate,"(1,2)"
Curl,solver,2,10,1,1,Default,0.7916666666666666,0.1875,Moderate,"(1,2)"
Curl,solver,2,10,1,1,MDAP_MF-DF-ALS-PCI,0.8181818181818182,0.1875,Moderate,"(1,2)"
Curl,solver,2,10,1,1,MDA_MF-DF-ALS,0.8181818181818182,0.1875,Moderate,"(1,2)"
Curl,solver,2,10,1,1,MDP_MF-DF-PCI,0.8181818181818182,0.1875,Moderate,"(1,2)"
Curl,solver,2,10,1,1,MD_MF-DF,0.8181818181818182,0.1875,Moderate,"(1,2)"
Curl,solver,2,10,1,1,PCI,0.7916666666666666,0.1875,Moderate,"(1,2)"
Curl,solver,2,10,2,1,ALS,0.5104602510460251,0.1875,Moderate,"(2,2)"
Curl,solver,2,10,2,1,AP_ALS-PCI,0.5281385281385281,0.1875,Moderate,"(2,2)"
Curl,solver,2,10,2,1,Default,0.5305343511450382,0.1875,Moderate,"(2,2)"
Curl,solver,2,10,2,1,MDAP_MF-DF-ALS-PCI,0.5622119815668202,0.1875,Moderate,"(2,2)"
Curl,solver,2,10,2,1,MDA_MF-DF-ALS,0.5622119815668202,0.1875,Moderate,"(2,2)"
Curl,solver,2,10,2,1,MDP_MF-DF-PCI,0.5622119815668202,0.1875,Moderate,"(2,2)"
Curl,solver,2,10,2,1,MD_MF-DF,0.5622119815668202,0.1875,Moderate,"(2,2)"
Curl,solver,2,10,2,1,PCI,0.556,0.1875,Moderate,"(2,2)"
Curl,solver,2,10,3,1,ALS,0.2951482479784366,0.1875,Moderate,"(3,2)"
Curl,solver,2,10,3,1,AP_ALS-PCI,0.3239644970414201,0.1875,Moderate,"(3,2)"
Curl,solver,2,10,3,1,Default,0.3168891468369123,0.1875,Moderate,"(3,2)"
Curl,solver,2,10,3,1,MDAP_MF-DF-ALS-PCI,0.345698500394633,0.1875,Moderate,"(3,2)"
Curl,solver,2,10,3,1,MDA_MF-DF-ALS,0.345698500394633,0.1875,Moderate,"(3,2)"
Curl,solver,2,10,3,1,MDP_MF-DF-PCI,0.345698500394633,0.1875,Moderate,"(3,2)"
Curl,solver,2,10,3,1,MD_MF-DF,0.345698500394633,0.1875,Moderate,"(3,2)"
Curl,solver,2,10,3,1,PCI,0.3603960396039603,0.1875,Moderate,"(3,2)"
Curl,solver,2,10,1,2,ALS,0.782608695652174,0.1875,Moderate,"(1,2)"
Curl,solver,2,10,1,2,AP_ALS-PCI,0.782608695652174,0.1875,Moderate,"(1,2)"
Curl,solver,2,10,1,2,Default,0.7916666666666666,0.1875,Moderate,"(1,2)"
Curl,solver,2,10,1,2,MDAP_MF-DF-ALS-PCI,0.8181818181818182,0.1875,Moderate,"(1,2)"
Curl,solver,2,10,1,2,MDA_MF-DF-ALS,0.8181818181818182,0.1875,Moderate,"(1,2)"
Curl,solver,2,10,1,2,MDP_MF-DF-PCI,0.8181818181818182,0.1875,Moderate,"(1,2)"
Curl,solver,2,10,1,2,MD_MF-DF,0.8181818181818182,0.1875,Moderate,"(1,2)"
Curl,solver,2,10,1,2,PCI,0.7916666666666666,0.1875,Moderate,"(1,2)"
Curl,solver,2,10,2,2,ALS,0.5104602510460251,0.1875,Moderate,"(2,2)"
Curl,solver,2,10,2,2,AP_ALS-PCI,0.5281385281385281,0.1875,Moderate,"(2,2)"
Curl,solver,2,10,2,2,Default,0.5305343511450382,0.1875,Moderate,"(2,2)"
Curl,solver,2,10,2,2,MDAP_MF-DF-ALS-PCI,0.5622119815668202,0.1875,Moderate,"(2,2)"
Curl,solver,2,10,2,2,MDA_MF-DF-ALS,0.5622119815668202,0.1875,Moderate,"(2,2)"
Curl,solver,2,10,2,2,MDP_MF-DF-PCI,0.5622119815668202,0.1875,Moderate,"(2,2)"
Curl,solver,2,10,2,2,MD_MF-DF,0.5622119815668202,0.1875,Moderate,"(2,2)"
Curl,solver,2,10,2,2,PCI,0.556,0.1875,Moderate,"(2,2)"
Curl,solver,2,10,3,2,ALS,0.2951482479784366,0.1875,Moderate,"(3,2)"
Curl,solver,2,10,3,2,AP_ALS-PCI,0.3239644970414201,0.1875,Moderate,"(3,2)"
Curl,solver,2,10,3,2,Default,0.3168891468369123,0.1875,Moderate,"(3,2)"
Curl,solver,2,10,3,2,MDAP_MF-DF-ALS-PCI,0.345698500394633,0.1875,Moderate,"(3,2)"
Curl,solver,2,10,3,2,MDA_MF-DF-ALS,0.345698500394633,0.1875,Moderate,"(3,2)"
Curl,solver,2,10,3,2,MDP_MF-DF-PCI,0.345698500394633,0.1875,Moderate,"(3,2)"
Curl,solver,2,10,3,2,MD_MF-DF,0.345698500394633,0.1875,Moderate,"(3,2)"
Curl,solver,2,10,3,2,PCI,0.3603960396039603,0.1875,Moderate,"(3,2)"
HSMGP,random,1,10,1,1,ALS,0.9454545454545454,8.047e-07,Very Strong,"(1,1)"
HSMGP,random,1,10,1,1,AP_ALS-PCI,0.9454545454545454,8.047e-07,Very Strong,"(1,1)"
HSMGP,random,1,10,1,1,Default,0.95,8.047e-07,Very Strong,"(1,1)"
HSMGP,random,1,10,1,1,MDAP_MF-DF-ALS-PCI,0.9444444444444444,8.047e-07,Very Strong,"(1,1)"
HSMGP,random,1,10,1,1,MDA_MF-DF-ALS,0.9444444444444444,8.047e-07,Very Strong,"(1,1)"
HSMGP,random,1,10,1,1,MDP_MF-DF-PCI,0.9444444444444444,8.047e-07,Very Strong,"(1,1)"
HSMGP,random,1,10,1,1,MD_MF-DF,0.9444444444444444,8.047e-07,Very Strong,"(1,1)"
HSMGP,random,1,10,1,1,PCI,0.95,8.047e-07,Very Strong,"(1,1)"
HSMGP,random,1,10,2,1,ALS,0.7562904385334291,8.047e-07,Very Strong,"(2,1)"
HSMGP,random,1,10,2,1,AP_ALS-PCI,0.7562904385334291,8.047e-07,Very Strong,"(2,1)"
HSMGP,random,1,10,2,1,Default,0.788782816229117,8.047e-07,Very Strong,"(2,1)"
HSMGP,random,1,10,2,1,MDAP_MF-DF-ALS-PCI,0.7486910994764397,8.047e-07,Very Strong,"(2,1)"
HSMGP,random,1,10,2,1,MDA_MF-DF-ALS,0.7486910994764397,8.047e-07,Very Strong,"(2,1)"
HSMGP,random,1,10,2,1,MDP_MF-DF-PCI,0.7486910994764397,8.047e-07,Very Strong,"(2,1)"
HSMGP,random,1,10,2,1,MD_MF-DF,0.7486910994764397,8.047e-07,Very Strong,"(2,1)"
HSMGP,random,1,10,2,1,PCI,0.7864963503649633,8.047e-07,Very Strong,"(2,1)"
HSMGP,random,1,10,3,1,ALS,0.5663331480452102,8.047e-07,Very Strong,"(3,1)"
HSMGP,random,1,10,3,1,AP_ALS-PCI,0.5663331480452102,8.047e-07,Very Strong,"(3,1)"
HSMGP,random,1,10,3,1,Default,0.619042710373501,8.047e-07,Very Strong,"(3,1)"
HSMGP,random,1,10,3,1,MDAP_MF-DF-ALS-PCI,0.5542936151301169,8.047e-07,Very Strong,"(3,1)"
HSMGP,random,1,10,3,1,MDA_MF-DF-ALS,0.5542936151301169,8.047e-07,Very Strong,"(3,1)"
HSMGP,random,1,10,3,1,MDP_MF-DF-PCI,0.5542936151301169,8.047e-07,Very Strong,"(3,1)"
HSMGP,random,1,10,3,1,MD_MF-DF,0.5542936151301169,8.047e-07,Very Strong,"(3,1)"
HSMGP,random,1,10,3,1,PCI,0.6166879212971397,8.047e-07,Very Strong,"(3,1)"
HSMGP,random,1,10,1,2,ALS,0.9272727272727272,8.047e-07,Very Strong,"(1,1)"
HSMGP,random,1,10,1,2,AP_ALS-PCI,0.9272727272727272,8.047e-07,Very Strong,"(1,1)"
HSMGP,random,1,10,1,2,Default,0.9333333333333332,8.047e-07,Very Strong,"(1,1)"
HSMGP,random,1,10,1,2,MDAP_MF-DF-ALS-PCI,0.925925925925926,8.047e-07,Very Strong,"(1,1)"
HSMGP,random,1,10,1,2,MDA_MF-DF-ALS,0.925925925925926,8.047e-07,Very Strong,"(1,1)"
HSMGP,random,1,10,1,2,MDP_MF-DF-PCI,0.925925925925926,8.047e-07,Very Strong,"(1,1)"
HSMGP,random,1,10,1,2,MD_MF-DF,0.925925925925926,8.047e-07,Very Strong,"(1,1)"
HSMGP,random,1,10,1,2,PCI,0.9333333333333332,8.047e-07,Very Strong,"(1,1)"
HSMGP,random,1,10,2,2,ALS,0.7354421279654924,8.047e-07,Very Strong,"(2,1)"
HSMGP,random,1,10,2,2,AP_ALS-PCI,0.7354421279654924,8.047e-07,Very Strong,"(2,1)"
HSMGP,random,1,10,2,2,Default,0.7684964200477326,8.047e-07,Very Strong,"(2,1)"
HSMGP,random,1,10,2,2,MDAP_MF-DF-ALS-PCI,0.7277486910994764,8.047e-07,Very Strong,"(2,1)"
HSMGP,random,1,10,2,2,MDA_MF-DF-ALS,0.7277486910994764,8.047e-07,Very Strong,"(2,1)"
HSMGP,random,1,10,2,2,MDP_MF-DF-PCI,0.7277486910994764,8.047e-07,Very Strong,"(2,1)"
HSMGP,random,1,10,2,2,MD_MF-DF,0.7277486910994764,8.047e-07,Very Strong,"(2,1)"
HSMGP,random,1,10,2,2,PCI,0.7664233576642335,8.047e-07,Very Strong,"(2,1)"
HSMGP,random,1,10,3,2,ALS,0.5496108949416342,8.047e-07,Very Strong,"(3,1)"
HSMGP,random,1,10,3,2,AP_ALS-PCI,0.5496108949416342,8.047e-07,Very Strong,"(3,1)"
HSMGP,random,1,10,3,2,Default,0.6013125794591622,8.047e-07,Very Strong,"(3,1)"
HSMGP,random,1,10,3,2,MDAP_MF-DF-ALS-PCI,0.5378499827169028,8.047e-07,Very Strong,"(3,1)"
HSMGP,random,1,10,3,2,MDA_MF-DF-ALS,0.5378499827169028,8.047e-07,Very Strong,"(3,1)"
HSMGP,random,1,10,3,2,MDP_MF-DF-PCI,0.5378499827169028,8.047e-07,Very Strong,"(3,1)"
HSMGP,random,1,10,3,2,MD_MF-DF,0.5378499827169028,8.047e-07,Very Strong,"(3,1)"
HSMGP,random,1,10,3,2,PCI,0.5992348333029694,8.047e-07,Very Strong,"(3,1)"
HSMGP,distance,1,10,1,1,ALS,0.5818181818181817,8.047e-07,Very Strong,"(1,1)"
HSMGP,distance,1,10,1,1,AP_ALS-PCI,0.5818181818181817,8.047e-07,Very Strong,"(1,1)"
HSMGP,distance,1,10,1,1,Default,0.5666666666666667,8.047e-07,Very Strong,"(1,1)"
HSMGP,distance,1,10,1,1,MDAP_MF-DF-ALS-PCI,0.574074074074074,8.047e-07,Very Strong,"(1,1)"
HSMGP,distance,1,10,1,1,MDA_MF-DF-ALS,0.574074074074074,8.047e-07,Very Strong,"(1,1)"
HSMGP,distance,1,10,1,1,MDP_MF-DF-PCI,0.574074074074074,8.047e-07,Very Strong,"(1,1)"
HSMGP,distance,1,10,1,1,MD_MF-DF,0.574074074074074,8.047e-07,Very Strong,"(1,1)"
HSMGP,distance,1,10,1,1,PCI,0.5666666666666667,8.047e-07,Very Strong,"(1,1)"
HSMGP,distance,1,10,2,1,ALS,0.3450754852624011,8.047e-07,Very Strong,"(2,1)"
HSMGP,distance,1,10,2,1,AP_ALS-PCI,0.3450754852624011,8.047e-07,Very Strong,"(2,1)"
HSMGP,distance,1,10,2,1,Default,0.321599045346062,8.047e-07,Very Strong,"(2,1)"
HSMGP,distance,1,10,2,1,MDAP_MF-DF-ALS-PCI,0.3358264771877337,8.047e-07,Very Strong,"(2,1)"
HSMGP,distance,1,10,2,1,MDA_MF-DF-ALS,0.3358264771877337,8.047e-07,Very Strong,"(2,1)"
HSMGP,distance,1,10,2,1,MDP_MF-DF-PCI,0.3358264771877337,8.047e-07,Very Strong,"(2,1)"
HSMGP,distance,1,10,2,1,MD_MF-DF,0.3358264771877337,8.047e-07,Very Strong,"(2,1)"
HSMGP,distance,1,10,2,1,PCI,0.3260340632603406,8.047e-07,Very Strong,"(2,1)"
HSMGP,distance,1,10,3,1,ALS,0.2087270705947748,8.047e-07,Very Strong,"(3,1)"
HSMGP,distance,1,10,3,1,AP_ALS-PCI,0.2087270705947748,8.047e-07,Very Strong,"(3,1)"
HSMGP,distance,1,10,3,1,Default,0.1832113527815001,8.047e-07,Very Strong,"(3,1)"
HSMGP,distance,1,10,3,1,MDAP_MF-DF-ALS-PCI,0.2003357858871166,8.047e-07,Very Strong,"(3,1)"
HSMGP,distance,1,10,3,1,MDA_MF-DF-ALS,0.2003357858871166,8.047e-07,Very Strong,"(3,1)"
HSMGP,distance,1,10,3,1,MDP_MF-DF-PCI,0.2003357858871166,8.047e-07,Very Strong,"(3,1)"
HSMGP,distance,1,10,3,1,MD_MF-DF,0.2003357858871166,8.047e-07,Very Strong,"(3,1)"
HSMGP,distance,1,10,3,1,PCI,0.1911459282200765,8.047e-07,Very Strong,"(3,1)"
HSMGP,distance,1,10,1,2,ALS,0.5818181818181817,8.047e-07,Very Strong,"(1,1)"
HSMGP,distance,1,10,1,2,AP_ALS-PCI,0.5818181818181817,8.047e-07,Very Strong,"(1,1)"
HSMGP,distance,1,10,1,2,Default,0.5666666666666667,8.047e-07,Very Strong,"(1,1)"
HSMGP,distance,1,10,1,2,MDAP_MF-DF-ALS-PCI,0.574074074074074,8.047e-07,Very Strong,"(1,1)"
HSMGP,distance,1,10,1,2,MDA_MF-DF-ALS,0.574074074074074,8.047e-07,Very Strong,"(1,1)"
HSMGP,distance,1,10,1,2,MDP_MF-DF-PCI,0.574074074074074,8.047e-07,Very Strong,"(1,1)"
HSMGP,distance,1,10,1,2,MD_MF-DF,0.574074074074074,8.047e-07,Very Strong,"(1,1)"
HSMGP,distance,1,10,1,2,PCI,0.5666666666666667,8.047e-07,Very Strong,"(1,1)"
HSMGP,distance,1,10,2,2,ALS,0.3450754852624011,8.047e-07,Very Strong,"(2,1)"
HSMGP,distance,1,10,2,2,AP_ALS-PCI,0.3450754852624011,8.047e-07,Very Strong,"(2,1)"
HSMGP,distance,1,10,2,2,Default,0.321599045346062,8.047e-07,Very Strong,"(2,1)"
HSMGP,distance,1,10,2,2,MDAP_MF-DF-ALS-PCI,0.3358264771877337,8.047e-07,Very Strong,"(2,1)"
HSMGP,distance,1,10,2,2,MDA_MF-DF-ALS,0.3358264771877337,8.047e-07,Very Strong,"(2,1)"
HSMGP,distance,1,10,2,2,MDP_MF-DF-PCI,0.3358264771877337,8.047e-07,Very Strong,"(2,1)"
HSMGP,distance,1,10,2,2,MD_MF-DF,0.3358264771877337,8.047e-07,Very Strong,"(2,1)"
HSMGP,distance,1,10,2,2,PCI,0.3260340632603406,8.047e-07,Very Strong,"(2,1)"
HSMGP,distance,1,10,3,2,ALS,0.2087270705947748,8.047e-07,Very Strong,"(3,1)"
HSMGP,distance,1,10,3,2,AP_ALS-PCI,0.2087270705947748,8.047e-07,Very Strong,"(3,1)"
HSMGP,distance,1,10,3,2,Default,0.1832113527815001,8.047e-07,Very Strong,"(3,1)"
HSMGP,distance,1,10,3,2,MDAP_MF-DF-ALS-PCI,0.2003357858871166,8.047e-07,Very Strong,"(3,1)"
HSMGP,distance,1,10,3,2,MDA_MF-DF-ALS,0.2003357858871166,8.047e-07,Very Strong,"(3,1)"
HSMGP,distance,1,10,3,2,MDP_MF-DF-PCI,0.2003357858871166,8.047e-07,Very Strong,"(3,1)"
HSMGP,distance,1,10,3,2,MD_MF-DF,0.2003357858871166,8.047e-07,Very Strong,"(3,1)"
HSMGP,distance,1,10,3,2,PCI,0.1911459282200765,8.047e-07,Very Strong,"(3,1)"
HSMGP,solver,1,10,1,1,ALS,0.6727272727272727,8.047e-07,Very Strong,"(1,1)"
HSMGP,solver,1,10,1,1,AP_ALS-PCI,0.6727272727272727,8.047e-07,Very Strong,"(1,1)"
HSMGP,solver,1,10,1,1,Default,0.6833333333333333,8.047e-07,Very Strong,"(1,1)"
HSMGP,solver,1,10,1,1,MDAP_MF-DF-ALS-PCI,0.6666666666666666,8.047e-07,Very Strong,"(1,1)"
HSMGP,solver,1,10,1,1,MDA_MF-DF-ALS,0.6666666666666666,8.047e-07,Very Strong,"(1,1)"
HSMGP,solver,1,10,1,1,MDP_MF-DF-PCI,0.6666666666666666,8.047e-07,Very Strong,"(1,1)"
HSMGP,solver,1,10,1,1,MD_MF-DF,0.6666666666666666,8.047e-07,Very Strong,"(1,1)"
HSMGP,solver,1,10,1,1,PCI,0.6833333333333333,8.047e-07,Very Strong,"(1,1)"
HSMGP,solver,1,10,2,1,ALS,0.4342199856218547,8.047e-07,Very Strong,"(2,1)"
HSMGP,solver,1,10,2,1,AP_ALS-PCI,0.4342199856218547,8.047e-07,Very Strong,"(2,1)"
HSMGP,solver,1,10,2,1,Default,0.4433174224343675,8.047e-07,Very Strong,"(2,1)"
HSMGP,solver,1,10,2,1,MDAP_MF-DF-ALS-PCI,0.4248317127898279,8.047e-07,Very Strong,"(2,1)"
HSMGP,solver,1,10,2,1,MDA_MF-DF-ALS,0.4248317127898279,8.047e-07,Very Strong,"(2,1)"
HSMGP,solver,1,10,2,1,MDP_MF-DF-PCI,0.4248317127898279,8.047e-07,Very Strong,"(2,1)"
HSMGP,solver,1,10,2,1,MD_MF-DF,0.4248317127898279,8.047e-07,Very Strong,"(2,1)"
HSMGP,solver,1,10,2,1,PCI,0.4476885644768856,8.047e-07,Very Strong,"(2,1)"
HSMGP,solver,1,10,3,1,ALS,0.2770057439318139,8.047e-07,Very Strong,"(3,1)"
HSMGP,solver,1,10,3,1,AP_ALS-PCI,0.2770057439318139,8.047e-07,Very Strong,"(3,1)"
HSMGP,solver,1,10,3,1,Default,0.2817578943751503,8.047e-07,Very Strong,"(3,1)"
HSMGP,solver,1,10,3,1,MDAP_MF-DF-ALS-PCI,0.2672460619228679,8.047e-07,Very Strong,"(3,1)"
HSMGP,solver,1,10,3,1,MDA_MF-DF-ALS,0.2672460619228679,8.047e-07,Very Strong,"(3,1)"
HSMGP,solver,1,10,3,1,MDP_MF-DF-PCI,0.2672460619228679,8.047e-07,Very Strong,"(3,1)"
HSMGP,solver,1,10,3,1,MD_MF-DF,0.2672460619228679,8.047e-07,Very Strong,"(3,1)"
HSMGP,solver,1,10,3,1,PCI,0.2902532337402076,8.047e-07,Very Strong,"(3,1)"
HSMGP,solver,1,10,1,2,ALS,0.6727272727272727,8.047e-07,Very Strong,"(1,1)"
HSMGP,solver,1,10,1,2,AP_ALS-PCI,0.6727272727272727,8.047e-07,Very Strong,"(1,1)"
HSMGP,solver,1,10,1,2,Default,0.6833333333333333,8.047e-07,Very Strong,"(1,1)"
HSMGP,solver,1,10,1,2,MDAP_MF-DF-ALS-PCI,0.6666666666666666,8.047e-07,Very Strong,"(1,1)"
HSMGP,solver,1,10,1,2,MDA_MF-DF-ALS,0.6666666666666666,8.047e-07,Very Strong,"(1,1)"
HSMGP,solver,1,10,1,2,MDP_MF-DF-PCI,0.6666666666666666,8.047e-07,Very Strong,"(1,1)"
HSMGP,solver,1,10,1,2,MD_MF-DF,0.6666666666666666,8.047e-07,Very Strong,"(1,1)"
HSMGP,solver,1,10,1,2,PCI,0.6833333333333333,8.047e-07,Very Strong,"(1,1)"
HSMGP,solver,1,10,2,2,ALS,0.4342199856218547,8.047e-07,Very Strong,"(2,1)"
HSMGP,solver,1,10,2,2,AP_ALS-PCI,0.4342199856218547,8.047e-07,Very Strong,"(2,1)"
HSMGP,solver,1,10,2,2,Default,0.4433174224343675,8.047e-07,Very Strong,"(2,1)"
HSMGP,solver,1,10,2,2,MDAP_MF-DF-ALS-PCI,0.4248317127898279,8.047e-07,Very Strong,"(2,1)"
HSMGP,solver,1,10,2,2,MDA_MF-DF-ALS,0.4248317127898279,8.047e-07,Very Strong,"(2,1)"
HSMGP,solver,1,10,2,2,MDP_MF-DF-PCI,0.4248317127898279,8.047e-07,Very Strong,"(2,1)"
HSMGP,solver,1,10,2,2,MD_MF-DF,0.4248317127898279,8.047e-07,Very Strong,"(2,1)"
HSMGP,solver,1,10,2,2,PCI,0.4476885644768856,8.047e-07,Very Strong,"(2,1)"
HSMGP,solver,1,10,3,2,ALS,0.2770057439318139,8.047e-07,Very Strong,"(3,1)"
HSMGP,solver,1,10,3,2,AP_ALS-PCI,0.2770057439318139,8.047e-07,Very Strong,"(3,1)"
HSMGP,solver,1,10,3,2,Default,0.2817578943751503,8.047e-07,Very Strong,"(3,1)"
HSMGP,solver,1,10,3,2,MDAP_MF-DF-ALS-PCI,0.2672460619228679,8.047e-07,Very Strong,"(3,1)"
HSMGP,solver,1,10,3,2,MDA_MF-DF-ALS,0.2672460619228679,8.047e-07,Very Strong,"(3,1)"
HSMGP,solver,1,10,3,2,MDP_MF-DF-PCI,0.2672460619228679,8.047e-07,Very Strong,"(3,1)"
HSMGP,solver,1,10,3,2,MD_MF-DF,0.2672460619228679,8.047e-07,Very Strong,"(3,1)"
HSMGP,solver,1,10,3,2,PCI,0.2902532337402076,8.047e-07,Very Strong,"(3,1)"
HSMGP,random,2,10,1,1,ALS,0.9272727272727272,8.047e-07,Very Strong,"(1,2)"
HSMGP,random,2,10,1,1,AP_ALS-PCI,0.9272727272727272,8.047e-07,Very Strong,"(1,2)"
HSMGP,random,2,10,1,1,Default,0.9333333333333332,8.047e-07,Very Strong,"(1,2)"
HSMGP,random,2,10,1,1,MDAP_MF-DF-ALS-PCI,0.925925925925926,8.047e-07,Very Strong,"(1,2)"
HSMGP,random,2,10,1,1,MDA_MF-DF-ALS,0.925925925925926,8.047e-07,Very Strong,"(1,2)"
HSMGP,random,2,10,1,1,MDP_MF-DF-PCI,0.925925925925926,8.047e-07,Very Strong,"(1,2)"
HSMGP,random,2,10,1,1,MD_MF-DF,0.925925925925926,8.047e-07,Very Strong,"(1,2)"
HSMGP,random,2,10,1,1,PCI,0.9333333333333332,8.047e-07,Very Strong,"(1,2)"
HSMGP,random,2,10,2,1,ALS,0.7641984184040259,8.047e-07,Very Strong,"(2,2)"
HSMGP,random,2,10,2,1,AP_ALS-PCI,0.7641984184040259,8.047e-07,Very Strong,"(2,2)"
HSMGP,random,2,10,2,1,Default,0.79236276849642,8.047e-07,Very Strong,"(2,2)"
HSMGP,random,2,10,2,1,MDAP_MF-DF-ALS-PCI,0.7576664173522812,8.047e-07,Very Strong,"(2,2)"
HSMGP,random,2,10,2,1,MDA_MF-DF-ALS,0.7576664173522812,8.047e-07,Very Strong,"(2,2)"
HSMGP,random,2,10,2,1,MDP_MF-DF-PCI,0.7576664173522812,8.047e-07,Very Strong,"(2,2)"
HSMGP,random,2,10,2,1,MD_MF-DF,0.7576664173522812,8.047e-07,Very Strong,"(2,2)"
HSMGP,random,2,10,2,1,PCI,0.7907542579075426,8.047e-07,Very Strong,"(2,2)"
HSMGP,random,2,10,3,1,ALS,0.5894015193626088,8.047e-07,Very Strong,"(3,2)"
HSMGP,random,2,10,3,1,AP_ALS-PCI,0.5894015193626088,8.047e-07,Very Strong,"(3,2)"
HSMGP,random,2,10,3,1,Default,0.6377005806961482,8.047e-07,Very Strong,"(3,2)"
HSMGP,random,2,10,3,1,MDAP_MF-DF-ALS-PCI,0.5782924300034566,8.047e-07,Very Strong,"(3,2)"
HSMGP,random,2,10,3,1,MDA_MF-DF-ALS,0.5782924300034566,8.047e-07,Very Strong,"(3,2)"
HSMGP,random,2,10,3,1,MDP_MF-DF-PCI,0.5782924300034566,8.047e-07,Very Strong,"(3,2)"
HSMGP,random,2,10,3,1,MD_MF-DF,0.5782924300034566,8.047e-07,Very Strong,"(3,2)"
HSMGP,random,2,10,3,1,PCI,0.6359263982510475,8.047e-07,Very Strong,"(3,2)"
HSMGP,random,2,10,1,2,ALS,0.909090909090909,8.047e-07,Very Strong,"(1,2)"
HSMGP,random,2,10,1,2,AP_ALS-PCI,0.909090909090909,8.047e-07,Very Strong,"(1,2)"
HSMGP,random,2,10,1,2,Default,0.9166666666666666,8.047e-07,Very Strong,"(1,2)"
HSMGP,random,2,10,1,2,MDAP_MF-DF-ALS-PCI,0.9074074074074074,8.047e-07,Very Strong,"(1,2)"
HSMGP,random,2,10,1,2,MDA_MF-DF-ALS,0.9074074074074074,8.047e-07,Very Strong,"(1,2)"
HSMGP,random,2,10,1,2,MDP_MF-DF-PCI,0.9074074074074074,8.047e-07,Very Strong,"(1,2)"
HSMGP,random,2,10,1,2,MD_MF-DF,0.9074074074074074,8.047e-07,Very Strong,"(1,2)"
HSMGP,random,2,10,1,2,PCI,0.9166666666666666,8.047e-07,Very Strong,"(1,2)"
HSMGP,random,2,10,2,2,ALS,0.7318475916606758,8.047e-07,Very Strong,"(2,2)"
HSMGP,random,2,10,2,2,AP_ALS-PCI,0.7318475916606758,8.047e-07,Very Strong,"(2,2)"
HSMGP,random,2,10,2,2,Default,0.7625298329355608,8.047e-07,Very Strong,"(2,2)"
HSMGP,random,2,10,2,2,MDAP_MF-DF-ALS-PCI,0.7247569184741959,8.047e-07,Very Strong,"(2,2)"
HSMGP,random,2,10,2,2,MDA_MF-DF-ALS,0.7247569184741959,8.047e-07,Very Strong,"(2,2)"
HSMGP,random,2,10,2,2,MDP_MF-DF-PCI,0.7247569184741959,8.047e-07,Very Strong,"(2,2)"
HSMGP,random,2,10,2,2,MD_MF-DF,0.7247569184741959,8.047e-07,Very Strong,"(2,2)"
HSMGP,random,2,10,2,2,PCI,0.760948905109489,8.047e-07,Very Strong,"(2,2)"
HSMGP,random,2,10,3,2,ALS,0.5569297758013712,8.047e-07,Very Strong,"(3,2)"
HSMGP,random,2,10,3,2,AP_ALS-PCI,0.5569297758013712,8.047e-07,Very Strong,"(3,2)"
HSMGP,random,2,10,3,2,Default,0.6055389478747895,8.047e-07,Very Strong,"(3,2)"
HSMGP,random,2,10,3,2,MDAP_MF-DF-ALS-PCI,0.5458495876746827,8.047e-07,Very Strong,"(3,2)"
HSMGP,random,2,10,3,2,MDA_MF-DF-ALS,0.5458495876746827,8.047e-07,Very Strong,"(3,2)"
HSMGP,random,2,10,3,2,MDP_MF-DF-PCI,0.5458495876746827,8.047e-07,Very Strong,"(3,2)"
HSMGP,random,2,10,3,2,MD_MF-DF,0.5458495876746827,8.047e-07,Very Strong,"(3,2)"
HSMGP,random,2,10,3,2,PCI,0.6040444525414465,8.047e-07,Very Strong,"(3,2)"
HSMGP,distance,2,10,1,1,ALS,0.5818181818181817,8.047e-07,Very Strong,"(1,2)"
HSMGP,distance,2,10,1,1,AP_ALS-PCI,0.5818181818181817,8.047e-07,Very Strong,"(1,2)"
HSMGP,distance,2,10,1,1,Default,0.5666666666666667,8.047e-07,Very Strong,"(1,2)"
HSMGP,distance,2,10,1,1,MDAP_MF-DF-ALS-PCI,0.574074074074074,8.047e-07,Very Strong,"(1,2)"
HSMGP,distance,2,10,1,1,MDA_MF-DF-ALS,0.574074074074074,8.047e-07,Very Strong,"(1,2)"
HSMGP,distance,2,10,1,1,MDP_MF-DF-PCI,0.574074074074074,8.047e-07,Very Strong,"(1,2)"
HSMGP,distance,2,10,1,1,MD_MF-DF,0.574074074074074,8.047e-07,Very Strong,"(1,2)"
HSMGP,distance,2,10,1,1,PCI,0.5666666666666667,8.047e-07,Very Strong,"(1,2)"
HSMGP,distance,2,10,2,1,ALS,0.3450754852624011,8.047e-07,Very Strong,"(2,2)"
HSMGP,distance,2,10,2,1,AP_ALS-PCI,0.3450754852624011,8.047e-07,Very Strong,"(2,2)"
HSMGP,distance,2,10,2,1,Default,0.321599045346062,8.047e-07,Very Strong,"(2,2)"
HSMGP,distance,2,10,2,1,MDAP_MF-DF-ALS-PCI,0.3358264771877337,8.047e-07,Very Strong,"(2,2)"
HSMGP,distance,2,10,2,1,MDA_MF-DF-ALS,0.3358264771877337,8.047e-07,Very Strong,"(2,2)"
HSMGP,distance,2,10,2,1,MDP_MF-DF-PCI,0.3358264771877337,8.047e-07,Very Strong,"(2,2)"
HSMGP,distance,2,10,2,1,MD_MF-DF,0.3358264771877337,8.047e-07,Very Strong,"(2,2)"
HSMGP,distance,2,10,2,1,PCI,0.3260340632603406,8.047e-07,Very Strong,"(2,2)"
HSMGP,distance,2,10,3,1,ALS,0.2087270705947748,8.047e-07,Very Strong,"(3,2)"
HSMGP,distance,2,10,3,1,AP_ALS-PCI,0.2087270705947748,8.047e-07,Very Strong,"(3,2)"
HSMGP,distance,2,10,3,1,Default,0.1832113527815001,8.047e-07,Very Strong,"(3,2)"
HSMGP,distance,2,10,3,1,MDAP_MF-DF-ALS-PCI,0.2003357858871166,8.047e-07,Very Strong,"(3,2)"
HSMGP,distance,2,10,3,1,MDA_MF-DF-ALS,0.2003357858871166,8.047e-07,Very Strong,"(3,2)"
HSMGP,distance,2,10,3,1,MDP_MF-DF-PCI,0.2003357858871166,8.047e-07,Very Strong,"(3,2)"
HSMGP,distance,2,10,3,1,MD_MF-DF,0.2003357858871166,8.047e-07,Very Strong,"(3,2)"
HSMGP,distance,2,10,3,1,PCI,0.1911459282200765,8.047e-07,Very Strong,"(3,2)"
HSMGP,distance,2,10,1,2,ALS,0.5818181818181817,8.047e-07,Very Strong,"(1,2)"
HSMGP,distance,2,10,1,2,AP_ALS-PCI,0.5818181818181817,8.047e-07,Very Strong,"(1,2)"
HSMGP,distance,2,10,1,2,Default,0.5666666666666667,8.047e-07,Very Strong,"(1,2)"
HSMGP,distance,2,10,1,2,MDAP_MF-DF-ALS-PCI,0.574074074074074,8.047e-07,Very Strong,"(1,2)"
HSMGP,distance,2,10,1,2,MDA_MF-DF-ALS,0.574074074074074,8.047e-07,Very Strong,"(1,2)"
HSMGP,distance,2,10,1,2,MDP_MF-DF-PCI,0.574074074074074,8.047e-07,Very Strong,"(1,2)"
HSMGP,distance,2,10,1,2,MD_MF-DF,0.574074074074074,8.047e-07,Very Strong,"(1,2)"
HSMGP,distance,2,10,1,2,PCI,0.5666666666666667,8.047e-07,Very Strong,"(1,2)"
HSMGP,distance,2,10,2,2,ALS,0.3450754852624011,8.047e-07,Very Strong,"(2,2)"
HSMGP,distance,2,10,2,2,AP_ALS-PCI,0.3450754852624011,8.047e-07,Very Strong,"(2,2)"
HSMGP,distance,2,10,2,2,Default,0.321599045346062,8.047e-07,Very Strong,"(2,2)"
HSMGP,distance,2,10,2,2,MDAP_MF-DF-ALS-PCI,0.3358264771877337,8.047e-07,Very Strong,"(2,2)"
HSMGP,distance,2,10,2,2,MDA_MF-DF-ALS,0.3358264771877337,8.047e-07,Very Strong,"(2,2)"
HSMGP,distance,2,10,2,2,MDP_MF-DF-PCI,0.3358264771877337,8.047e-07,Very Strong,"(2,2)"
HSMGP,distance,2,10,2,2,MD_MF-DF,0.3358264771877337,8.047e-07,Very Strong,"(2,2)"
HSMGP,distance,2,10,2,2,PCI,0.3260340632603406,8.047e-07,Very Strong,"(2,2)"
HSMGP,distance,2,10,3,2,ALS,0.2087270705947748,8.047e-07,Very Strong,"(3,2)"
HSMGP,distance,2,10,3,2,AP_ALS-PCI,0.2087270705947748,8.047e-07,Very Strong,"(3,2)"
HSMGP,distance,2,10,3,2,Default,0.1832113527815001,8.047e-07,Very Strong,"(3,2)"
HSMGP,distance,2,10,3,2,MDAP_MF-DF-ALS-PCI,0.2003357858871166,8.047e-07,Very Strong,"(3,2)"
HSMGP,distance,2,10,3,2,MDA_MF-DF-ALS,0.2003357858871166,8.047e-07,Very Strong,"(3,2)"
HSMGP,distance,2,10,3,2,MDP_MF-DF-PCI,0.2003357858871166,8.047e-07,Very Strong,"(3,2)"
HSMGP,distance,2,10,3,2,MD_MF-DF,0.2003357858871166,8.047e-07,Very Strong,"(3,2)"
HSMGP,distance,2,10,3,2,PCI,0.1911459282200765,8.047e-07,Very Strong,"(3,2)"
HSMGP,solver,2,10,1,1,ALS,0.6727272727272727,8.047e-07,Very Strong,"(1,2)"
HSMGP,solver,2,10,1,1,AP_ALS-PCI,0.6727272727272727,8.047e-07,Very Strong,"(1,2)"
HSMGP,solver,2,10,1,1,Default,0.6833333333333333,8.047e-07,Very Strong,"(1,2)"
HSMGP,solver,2,10,1,1,MDAP_MF-DF-ALS-PCI,0.6666666666666666,8.047e-07,Very Strong,"(1,2)"
HSMGP,solver,2,10,1,1,MDA_MF-DF-ALS,0.6666666666666666,8.047e-07,Very Strong,"(1,2)"
HSMGP,solver,2,10,1,1,MDP_MF-DF-PCI,0.6666666666666666,8.047e-07,Very Strong,"(1,2)"
HSMGP,solver,2,10,1,1,MD_MF-DF,0.6666666666666666,8.047e-07,Very Strong,"(1,2)"
HSMGP,solver,2,10,1,1,PCI,0.6833333333333333,8.047e-07,Very Strong,"(1,2)"
HSMGP,solver,2,10,2,1,ALS,0.4342199856218547,8.047e-07,Very Strong,"(2,2)"
HSMGP,solver,2,10,2,1,AP_ALS-PCI,0.4342199856218547,8.047e-07,Very Strong,"(2,2)"
HSMGP,solver,2,10,2,1,Default,0.4433174224343675,8.047e-07,Very Strong,"(2,2)"
HSMGP,solver,2,10,2,1,MDAP_MF-DF-ALS-PCI,0.4248317127898279,8.047e-07,Very Strong,"(2,2)"
HSMGP,solver,2,10,2,1,MDA_MF-DF-ALS,0.4248317127898279,8.047e-07,Very Strong,"(2,2)"
HSMGP,solver,2,10,2,1,MDP_MF-DF-PCI,0.4248317127898279,8.047e-07,Very Strong,"(2,2)"
HSMGP,solver,2,10,2,1,MD_MF-DF,0.4248317127898279,8.047e-07,Very Strong,"(2,2)"
HSMGP,solver,2,10,2,1,PCI,0.4476885644768856,8.047e-07,Very Strong,"(2,2)"
HSMGP,solver,2,10,3,1,ALS,0.2770057439318139,8.047e-07,Very Strong,"(3,2)"
HSMGP,solver,2,10,3,1,AP_ALS-PCI,0.2770057439318139,8.047e-07,Very Strong,"(3,2)"
HSMGP,solver,2,10,3,1,Default,0.2817578943751503,8.047e-07,Very Strong,"(3,2)"
HSMGP,solver,2,10,3,1,MDAP_MF-DF-ALS-PCI,0.2672460619228679,8.047e-07,Very Strong,"(3,2)"
HSMGP,solver,2,10,3,1,MDA_MF-DF-ALS,0.2672460619228679,8.047e-07,Very Strong,"(3,2)"
HSMGP,solver,2,10,3,1,MDP_MF-DF-PCI,0.2672460619228679,8.047e-07,Very Strong,"(3,2)"
HSMGP,solver,2,10,3,1,MD_MF-DF,0.2672460619228679,8.047e-07,Very Strong,"(3,2)"
HSMGP,solver,2,10,3,1,PCI,0.2902532337402076,8.047e-07,Very Strong,"(3,2)"
HSMGP,solver,2,10,1,2,ALS,0.6727272727272727,8.047e-07,Very Strong,"(1,2)"
HSMGP,solver,2,10,1,2,AP_ALS-PCI,0.6727272727272727,8.047e-07,Very Strong,"(1,2)"
HSMGP,solver,2,10,1,2,Default,0.6833333333333333,8.047e-07,Very Strong,"(1,2)"
HSMGP,solver,2,10,1,2,MDAP_MF-DF-ALS-PCI,0.6666666666666666,8.047e-07,Very Strong,"(1,2)"
HSMGP,solver,2,10,1,2,MDA_MF-DF-ALS,0.6666666666666666,8.047e-07,Very Strong,"(1,2)"
HSMGP,solver,2,10,1,2,MDP_MF-DF-PCI,0.6666666666666666,8.047e-07,Very Strong,"(1,2)"
HSMGP,solver,2,10,1,2,MD_MF-DF,0.6666666666666666,8.047e-07,Very Strong,"(1,2)"
HSMGP,solver,2,10,1,2,PCI,0.6833333333333333,8.047e-07,Very Strong,"(1,2)"
HSMGP,solver,2,10,2,2,ALS,0.4342199856218547,8.047e-07,Very Strong,"(2,2)"
HSMGP,solver,2,10,2,2,AP_ALS-PCI,0.4342199856218547,8.047e-07,Very Strong,"(2,2)"
HSMGP,solver,2,10,2,2,Default,0.4433174224343675,8.047e-07,Very Strong,"(2,2)"
HSMGP,solver,2,10,2,2,MDAP_MF-DF-ALS-PCI,0.4248317127898279,8.047e-07,Very Strong,"(2,2)"
HSMGP,solver,2,10,2,2,MDA_MF-DF-ALS,0.4248317127898279,8.047e-07,Very Strong,"(2,2)"
HSMGP,solver,2,10,2,2,MDP_MF-DF-PCI,0.4248317127898279,8.047e-07,Very Strong,"(2,2)"
HSMGP,solver,2,10,2,2,MD_MF-DF,0.4248317127898279,8.047e-07,Very Strong,"(2,2)"
HSMGP,solver,2,10,2,2,PCI,0.4476885644768856,8.047e-07,Very Strong,"(2,2)"
HSMGP,solver,2,10,3,2,ALS,0.2770057439318139,8.047e-07,Very Strong,"(3,2)"
HSMGP,solver,2,10,3,2,AP_ALS-PCI,0.2770057439318139,8.047e-07,Very Strong,"(3,2)"
HSMGP,solver,2,10,3,2,Default,0.2817578943751503,8.047e-07,Very Strong,"(3,2)"
HSMGP,solver,2,10,3,2,MDAP_MF-DF-ALS-PCI,0.2672460619228679,8.047e-07,Very Strong,"(3,2)"
HSMGP,solver,2,10,3,2,MDA_MF-DF-ALS,0.2672460619228679,8.047e-07,Very Strong,"(3,2)"
HSMGP,solver,2,10,3,2,MDP_MF-DF-PCI,0.2672460619228679,8.047e-07,Very Strong,"(3,2)"
HSMGP,solver,2,10,3,2,MD_MF-DF,0.2672460619228679,8.047e-07,Very Strong,"(3,2)"
HSMGP,solver,2,10,3,2,PCI,0.2902532337402076,8.047e-07,Very Strong,"(3,2)"
HSQLDB,random,1,10,1,1,ALS,1.0,0.0065917969,Very Strong,"(1,1)"
HSQLDB,random,1,10,1,1,AP_ALS-PCI,1.0,0.0065917969,Very Strong,"(1,1)"
HSQLDB,random,1,10,1,1,Default,1.0,0.0065917969,Very Strong,"(1,1)"
HSQLDB,random,1,10,1,1,MDAP_MF-DF-ALS-PCI,1.0,0.0065917969,Very Strong,"(1,1)"
HSQLDB,random,1,10,1,1,MDA_MF-DF-ALS,1.0,0.0065917969,Very Strong,"(1,1)"
HSQLDB,random,1,10,1,1,MDP_MF-DF-PCI,1.0,0.0065917969,Very Strong,"(1,1)"
HSQLDB,random,1,10,1,1,MD_MF-DF,1.0,0.0065917969,Very Strong,"(1,1)"
HSQLDB,random,1,10,1,1,PCI,1.0,0.0065917969,Very Strong,"(1,1)"
HSQLDB,random,1,10,2,1,ALS,0.9214659685863874,0.0065917969,Very Strong,"(2,1)"
HSQLDB,random,1,10,2,1,AP_ALS-PCI,0.9193548387096772,0.0065917969,Very Strong,"(2,1)"
HSQLDB,random,1,10,2,1,Default,0.9298597194388778,0.0065917969,Very Strong,"(2,1)"
HSQLDB,random,1,10,2,1,MDAP_MF-DF-ALS-PCI,0.9140401146131804,0.0065917969,Very Strong,"(2,1)"
HSQLDB,random,1,10,2,1,MDA_MF-DF-ALS,0.9152542372881356,0.0065917969,Very Strong,"(2,1)"
HSQLDB,random,1,10,2,1,MDP_MF-DF-PCI,0.912718204488778,0.0065917969,Very Strong,"(2,1)"
HSQLDB,random,1,10,2,1,MD_MF-DF,0.913793103448276,0.0065917969,Very Strong,"(2,1)"
HSQLDB,random,1,10,2,1,PCI,0.9273858921161826,0.0065917969,Very Strong,"(2,1)"
HSQLDB,random,1,10,3,1,ALS,0.7458745874587459,0.0065917969,Very Strong,"(3,1)"
HSQLDB,random,1,10,3,1,AP_ALS-PCI,0.7349570200573065,0.0065917969,Very Strong,"(3,1)"
HSQLDB,random,1,10,3,1,Default,0.78116162714814,0.0065917969,Very Strong,"(3,1)"
HSQLDB,random,1,10,3,1,MDAP_MF-DF-ALS-PCI,0.71796875,0.0065917969,Very Strong,"(3,1)"
HSQLDB,random,1,10,3,1,MDA_MF-DF-ALS,0.7234678624813154,0.0065917969,Very Strong,"(3,1)"
HSQLDB,random,1,10,3,1,MDP_MF-DF-PCI,0.7212389380530972,0.0065917969,Very Strong,"(3,1)"
HSQLDB,random,1,10,3,1,MD_MF-DF,0.7259732360097324,0.0065917969,Very Strong,"(3,1)"
HSQLDB,random,1,10,3,1,PCI,0.7684312303601643,0.0065917969,Very Strong,"(3,1)"
HSQLDB,random,1,10,1,2,ALS,1.0,0.0065917969,Very Strong,"(1,1)"
HSQLDB,random,1,10,1,2,AP_ALS-PCI,1.0,0.0065917969,Very Strong,"(1,1)"
HSQLDB,random,1,10,1,2,Default,1.0,0.0065917969,Very Strong,"(1,1)"
HSQLDB,random,1,10,1,2,MDAP_MF-DF-ALS-PCI,1.0,0.0065917969,Very Strong,"(1,1)"
HSQLDB,random,1,10,1,2,MDA_MF-DF-ALS,1.0,0.0065917969,Very Strong,"(1,1)"
HSQLDB,random,1,10,1,2,MDP_MF-DF-PCI,1.0,0.0065917969,Very Strong,"(1,1)"
HSQLDB,random,1,10,1,2,MD_MF-DF,1.0,0.0065917969,Very Strong,"(1,1)"
HSQLDB,random,1,10,1,2,PCI,1.0,0.0065917969,Very Strong,"(1,1)"
HSQLDB,random,1,10,2,2,ALS,0.869109947643979,0.0065917969,Very Strong,"(2,1)"
HSQLDB,random,1,10,2,2,AP_ALS-PCI,0.8655913978494623,0.0065917969,Very Strong,"(2,1)"
HSQLDB,random,1,10,2,2,Default,0.8837675350701402,0.0065917969,Very Strong,"(2,1)"
HSQLDB,random,1,10,2,2,MDAP_MF-DF-ALS-PCI,0.8567335243553008,0.0065917969,Very Strong,"(2,1)"
HSQLDB,random,1,10,2,2,MDA_MF-DF-ALS,0.8587570621468926,0.0065917969,Very Strong,"(2,1)"
HSQLDB,random,1,10,2,2,MDP_MF-DF-PCI,0.855361596009975,0.0065917969,Very Strong,"(2,1)"
HSQLDB,random,1,10,2,2,MD_MF-DF,0.8571428571428571,0.0065917969,Very Strong,"(2,1)"
HSQLDB,random,1,10,2,2,PCI,0.8796680497925311,0.0065917969,Very Strong,"(2,1)"
HSQLDB,random,1,10,3,2,ALS,0.6801980198019802,0.0065917969,Very Strong,"(3,1)"
HSQLDB,random,1,10,3,2,AP_ALS-PCI,0.6697707736389685,0.0065917969,Very Strong,"(3,1)"
HSQLDB,random,1,10,3,2,Default,0.7182945399173373,0.0065917969,Very Strong,"(3,1)"
HSQLDB,random,1,10,3,2,MDAP_MF-DF-ALS-PCI,0.65234375,0.0065917969,Very Strong,"(3,1)"
HSQLDB,random,1,10,3,2,MDA_MF-DF-ALS,0.656576980568012,0.0065917969,Very Strong,"(3,1)"
HSQLDB,random,1,10,3,2,MDP_MF-DF-PCI,0.6554993678887484,0.0065917969,Very Strong,"(3,1)"
HSQLDB,random,1,10,3,2,MD_MF-DF,0.6590632603406325,0.0065917969,Very Strong,"(3,1)"
HSQLDB,random,1,10,3,2,PCI,0.7058254773990814,0.0065917969,Very Strong,"(3,1)"
HSQLDB,distance,1,10,1,1,ALS,0.8620689655172413,0.0065917969,Very Strong,"(1,1)"
HSQLDB,distance,1,10,1,1,AP_ALS-PCI,0.8620689655172413,0.0065917969,Very Strong,"(1,1)"
HSQLDB,distance,1,10,1,1,Default,0.8484848484848485,0.0065917969,Very Strong,"(1,1)"
HSQLDB,distance,1,10,1,1,MDAP_MF-DF-ALS-PCI,0.8571428571428571,0.0065917969,Very Strong,"(1,1)"
HSQLDB,distance,1,10,1,1,MDA_MF-DF-ALS,0.8571428571428571,0.0065917969,Very Strong,"(1,1)"
HSQLDB,distance,1,10,1,1,MDP_MF-DF-PCI,0.8333333333333333,0.0065917969,Very Strong,"(1,1)"
HSQLDB,distance,1,10,1,1,MD_MF-DF,0.8333333333333333,0.0065917969,Very Strong,"(1,1)"
HSQLDB,distance,1,10,1,1,PCI,0.8484848484848485,0.0065917969,Very Strong,"(1,1)"
HSQLDB,distance,1,10,2,1,ALS,0.6282722513089005,0.0065917969,Very Strong,"(2,1)"
HSQLDB,distance,1,10,2,1,AP_ALS-PCI,0.6263440860215053,0.0065917969,Very Strong,"(2,1)"
HSQLDB,distance,1,10,2,1,Default,0.6052104208416834,0.0065917969,Very Strong,"(2,1)"
HSQLDB,distance,1,10,2,1,MDAP_MF-DF-ALS-PCI,0.6131805157593123,0.0065917969,Very Strong,"(2,1)"
HSQLDB,distance,1,10,2,1,MDA_MF-DF-ALS,0.6101694915254237,0.0065917969,Very Strong,"(2,1)"
HSQLDB,distance,1,10,2,1,MDP_MF-DF-PCI,0.5860349127182045,0.0065917969,Very Strong,"(2,1)"
HSQLDB,distance,1,10,2,1,MD_MF-DF,0.583743842364532,0.0065917969,Very Strong,"(2,1)"
HSQLDB,distance,1,10,2,1,PCI,0.6037344398340247,0.0065917969,Very Strong,"(2,1)"
HSQLDB,distance,1,10,3,1,ALS,0.4112211221122112,0.0065917969,Very Strong,"(3,1)"
HSQLDB,distance,1,10,3,1,AP_ALS-PCI,0.4068767908309455,0.0065917969,Very Strong,"(3,1)"
HSQLDB,distance,1,10,3,1,Default,0.3902545138133565,0.0065917969,Very Strong,"(3,1)"
HSQLDB,distance,1,10,3,1,MDAP_MF-DF-ALS-PCI,0.3921875,0.0065917969,Very Strong,"(3,1)"
HSQLDB,distance,1,10,3,1,MDA_MF-DF-ALS,0.3852765321375186,0.0065917969,Very Strong,"(3,1)"
HSQLDB,distance,1,10,3,1,MDP_MF-DF-PCI,0.3729456384323641,0.0065917969,Very Strong,"(3,1)"
HSQLDB,distance,1,10,3,1,MD_MF-DF,0.3677007299270073,0.0065917969,Very Strong,"(3,1)"
HSQLDB,distance,1,10,3,1,PCI,0.3874788494077834,0.0065917969,Very Strong,"(3,1)"
HSQLDB,distance,1,10,1,2,ALS,0.8620689655172413,0.0065917969,Very Strong,"(1,1)"
HSQLDB,distance,1,10,1,2,AP_ALS-PCI,0.8620689655172413,0.0065917969,Very Strong,"(1,1)"
HSQLDB,distance,1,10,1,2,Default,0.8484848484848485,0.0065917969,Very Strong,"(1,1)"
HSQLDB,distance,1,10,1,2,MDAP_MF-DF-ALS-PCI,0.8571428571428571,0.0065917969,Very Strong,"(1,1)"
HSQLDB,distance,1,10,1,2,MDA_MF-DF-ALS,0.8571428571428571,0.0065917969,Very Strong,"(1,1)"
HSQLDB,distance,1,10,1,2,MDP_MF-DF-PCI,0.8333333333333333,0.0065917969,Very Strong,"(1,1)"
HSQLDB,distance,1,10,1,2,MD_MF-DF,0.8333333333333333,0.0065917969,Very Strong,"(1,1)"
HSQLDB,distance,1,10,1,2,PCI,0.8484848484848485,0.0065917969,Very Strong,"(1,1)"
HSQLDB,distance,1,10,2,2,ALS,0.5916230366492146,0.0065917969,Very Strong,"(2,1)"
HSQLDB,distance,1,10,2,2,AP_ALS-PCI,0.5887096774193548,0.0065917969,Very Strong,"(2,1)"
HSQLDB,distance,1,10,2,2,Default,0.5991983967935872,0.0065917969,Very Strong,"(2,1)"
HSQLDB,distance,1,10,2,2,MDAP_MF-DF-ALS-PCI,0.5902578796561605,0.0065917969,Very Strong,"(2,1)"
HSQLDB,distance,1,10,2,2,MDA_MF-DF-ALS,0.5875706214689265,0.0065917969,Very Strong,"(2,1)"
HSQLDB,distance,1,10,2,2,MDP_MF-DF-PCI,0.5660847880299252,0.0065917969,Very Strong,"(2,1)"
HSQLDB,distance,1,10,2,2,MD_MF-DF,0.5640394088669951,0.0065917969,Very Strong,"(2,1)"
HSQLDB,distance,1,10,2,2,PCI,0.5975103734439833,0.0065917969,Very Strong,"(2,1)"
HSQLDB,distance,1,10,3,2,ALS,0.3547854785478548,0.0065917969,Very Strong,"(3,1)"
HSQLDB,distance,1,10,3,2,AP_ALS-PCI,0.3520773638968481,0.0065917969,Very Strong,"(3,1)"
HSQLDB,distance,1,10,3,2,Default,0.3806830541657602,0.0065917969,Very Strong,"(3,1)"
HSQLDB,distance,1,10,3,2,MDAP_MF-DF-ALS-PCI,0.3609375,0.0065917969,Very Strong,"(3,1)"
HSQLDB,distance,1,10,3,2,MDA_MF-DF-ALS,0.3553811659192825,0.0065917969,Very Strong,"(3,1)"
HSQLDB,distance,1,10,3,2,MDP_MF-DF-PCI,0.3445006321112515,0.0065917969,Very Strong,"(3,1)"
HSQLDB,distance,1,10,3,2,MD_MF-DF,0.3403284671532846,0.0065917969,Very Strong,"(3,1)"
HSQLDB,distance,1,10,3,2,PCI,0.3802272177906695,0.0065917969,Very Strong,"(3,1)"
HSQLDB,solver,1,10,1,1,ALS,0.6206896551724138,0.0065917969,Very Strong,"(1,1)"
HSQLDB,solver,1,10,1,1,AP_ALS-PCI,0.6206896551724138,0.0065917969,Very Strong,"(1,1)"
HSQLDB,solver,1,10,1,1,Default,0.6363636363636364,0.0065917969,Very Strong,"(1,1)"
HSQLDB,solver,1,10,1,1,MDAP_MF-DF-ALS-PCI,0.6071428571428571,0.0065917969,Very Strong,"(1,1)"
HSQLDB,solver,1,10,1,1,MDA_MF-DF-ALS,0.6071428571428571,0.0065917969,Very Strong,"(1,1)"
HSQLDB,solver,1,10,1,1,MDP_MF-DF-PCI,0.5999999999999999,0.0065917969,Very Strong,"(1,1)"
HSQLDB,solver,1,10,1,1,MD_MF-DF,0.5999999999999999,0.0065917969,Very Strong,"(1,1)"
HSQLDB,solver,1,10,1,1,PCI,0.6363636363636364,0.0065917969,Very Strong,"(1,1)"
HSQLDB,solver,1,10,2,1,ALS,0.3612565445026177,0.0065917969,Very Strong,"(2,1)"
HSQLDB,solver,1,10,2,1,AP_ALS-PCI,0.3629032258064516,0.0065917969,Very Strong,"(2,1)"
HSQLDB,solver,1,10,2,1,Default,0.3867735470941883,0.0065917969,Very Strong,"(2,1)"
HSQLDB,solver,1,10,2,1,MDAP_MF-DF-ALS-PCI,0.3581661891117478,0.0065917969,Very Strong,"(2,1)"
HSQLDB,solver,1,10,2,1,MDA_MF-DF-ALS,0.3531073446327683,0.0065917969,Very Strong,"(2,1)"
HSQLDB,solver,1,10,2,1,MDP_MF-DF-PCI,0.3516209476309227,0.0065917969,Very Strong,"(2,1)"
HSQLDB,solver,1,10,2,1,MD_MF-DF,0.3472906403940886,0.0065917969,Very Strong,"(2,1)"
HSQLDB,solver,1,10,2,1,PCI,0.3879668049792531,0.0065917969,Very Strong,"(2,1)"
HSQLDB,solver,1,10,3,1,ALS,0.2026402640264026,0.0065917969,Very Strong,"(3,1)"
HSQLDB,solver,1,10,3,1,AP_ALS-PCI,0.2080945558739255,0.0065917969,Very Strong,"(3,1)"
HSQLDB,solver,1,10,3,1,Default,0.2290624320208831,0.0065917969,Very Strong,"(3,1)"
HSQLDB,solver,1,10,3,1,MDAP_MF-DF-ALS-PCI,0.209765625,0.0065917969,Very Strong,"(3,1)"
HSQLDB,solver,1,10,3,1,MDA_MF-DF-ALS,0.2006726457399103,0.0065917969,Very Strong,"(3,1)"
HSQLDB,solver,1,10,3,1,MDP_MF-DF-PCI,0.2051201011378002,0.0065917969,Very Strong,"(3,1)"
HSQLDB,solver,1,10,3,1,MD_MF-DF,0.1973844282238442,0.0065917969,Very Strong,"(3,1)"
HSQLDB,solver,1,10,3,1,PCI,0.2349528643944887,0.0065917969,Very Strong,"(3,1)"
HSQLDB,solver,1,10,1,2,ALS,0.6206896551724138,0.0065917969,Very Strong,"(1,1)"
HSQLDB,solver,1,10,1,2,AP_ALS-PCI,0.6206896551724138,0.0065917969,Very Strong,"(1,1)"
HSQLDB,solver,1,10,1,2,Default,0.6363636363636364,0.0065917969,Very Strong,"(1,1)"
HSQLDB,solver,1,10,1,2,MDAP_MF-DF-ALS-PCI,0.6071428571428571,0.0065917969,Very Strong,"(1,1)"
HSQLDB,solver,1,10,1,2,MDA_MF-DF-ALS,0.6071428571428571,0.0065917969,Very Strong,"(1,1)"
HSQLDB,solver,1,10,1,2,MDP_MF-DF-PCI,0.5999999999999999,0.0065917969,Very Strong,"(1,1)"
HSQLDB,solver,1,10,1,2,MD_MF-DF,0.5999999999999999,0.0065917969,Very Strong,"(1,1)"
HSQLDB,solver,1,10,1,2,PCI,0.6363636363636364,0.0065917969,Very Strong,"(1,1)"
HSQLDB,solver,1,10,2,2,ALS,0.3612565445026177,0.0065917969,Very Strong,"(2,1)"
HSQLDB,solver,1,10,2,2,AP_ALS-PCI,0.3629032258064516,0.0065917969,Very Strong,"(2,1)"
HSQLDB,solver,1,10,2,2,Default,0.3867735470941883,0.0065917969,Very Strong,"(2,1)"
HSQLDB,solver,1,10,2,2,MDAP_MF-DF-ALS-PCI,0.3581661891117478,0.0065917969,Very Strong,"(2,1)"
HSQLDB,solver,1,10,2,2,MDA_MF-DF-ALS,0.3531073446327683,0.0065917969,Very Strong,"(2,1)"
HSQLDB,solver,1,10,2,2,MDP_MF-DF-PCI,0.3516209476309227,0.0065917969,Very Strong,"(2,1)"
HSQLDB,solver,1,10,2,2,MD_MF-DF,0.3472906403940886,0.0065917969,Very Strong,"(2,1)"
HSQLDB,solver,1,10,2,2,PCI,0.3879668049792531,0.0065917969,Very Strong,"(2,1)"
HSQLDB,solver,1,10,3,2,ALS,0.2026402640264026,0.0065917969,Very Strong,"(3,1)"
HSQLDB,solver,1,10,3,2,AP_ALS-PCI,0.2080945558739255,0.0065917969,Very Strong,"(3,1)"
HSQLDB,solver,1,10,3,2,Default,0.2290624320208831,0.0065917969,Very Strong,"(3,1)"
HSQLDB,solver,1,10,3,2,MDAP_MF-DF-ALS-PCI,0.209765625,0.0065917969,Very Strong,"(3,1)"
HSQLDB,solver,1,10,3,2,MDA_MF-DF-ALS,0.2006726457399103,0.0065917969,Very Strong,"(3,1)"
HSQLDB,solver,1,10,3,2,MDP_MF-DF-PCI,0.2051201011378002,0.0065917969,Very Strong,"(3,1)"
HSQLDB,solver,1,10,3,2,MD_MF-DF,0.1973844282238442,0.0065917969,Very Strong,"(3,1)"
HSQLDB,solver,1,10,3,2,PCI,0.2349528643944887,0.0065917969,Very Strong,"(3,1)"
HSQLDB,random,2,10,1,1,ALS,1.0,0.0065917969,Very Strong,"(1,2)"
HSQLDB,random,2,10,1,1,AP_ALS-PCI,1.0,0.0065917969,Very Strong,"(1,2)"
HSQLDB,random,2,10,1,1,Default,1.0,0.0065917969,Very Strong,"(1,2)"
HSQLDB,random,2,10,1,1,MDAP_MF-DF-ALS-PCI,1.0,0.0065917969,Very Strong,"(1,2)"
HSQLDB,random,2,10,1,1,MDA_MF-DF-ALS,1.0,0.0065917969,Very Strong,"(1,2)"
HSQLDB,random,2,10,1,1,MDP_MF-DF-PCI,1.0,0.0065917969,Very Strong,"(1,2)"
HSQLDB,random,2,10,1,1,MD_MF-DF,1.0,0.0065917969,Very Strong,"(1,2)"
HSQLDB,random,2,10,1,1,PCI,1.0,0.0065917969,Very Strong,"(1,2)"
HSQLDB,random,2,10,2,1,ALS,0.9083769633507852,0.0065917969,Very Strong,"(2,2)"
HSQLDB,random,2,10,2,1,AP_ALS-PCI,0.9059139784946236,0.0065917969,Very Strong,"(2,2)"
HSQLDB,random,2,10,2,1,Default,0.9218436873747496,0.0065917969,Very Strong,"(2,2)"
HSQLDB,random,2,10,2,1,MDAP_MF-DF-ALS-PCI,0.8997134670487105,0.0065917969,Very Strong,"(2,2)"
HSQLDB,random,2,10,2,1,MDA_MF-DF-ALS,0.9011299435028248,0.0065917969,Very Strong,"(2,2)"
HSQLDB,random,2,10,2,1,MDP_MF-DF-PCI,0.9027431421446384,0.0065917969,Very Strong,"(2,2)"
HSQLDB,random,2,10,2,1,MD_MF-DF,0.9039408866995072,0.0065917969,Very Strong,"(2,2)"
HSQLDB,random,2,10,2,1,PCI,0.9190871369294604,0.0065917969,Very Strong,"(2,2)"
HSQLDB,random,2,10,3,1,ALS,0.733993399339934,0.0065917969,Very Strong,"(3,2)"
HSQLDB,random,2,10,3,1,AP_ALS-PCI,0.7242120343839542,0.0065917969,Very Strong,"(3,2)"
HSQLDB,random,2,10,3,1,Default,0.7733304328910158,0.0065917969,Very Strong,"(3,2)"
HSQLDB,random,2,10,3,1,MDAP_MF-DF-ALS-PCI,0.7113281249999999,0.0065917969,Very Strong,"(3,2)"
HSQLDB,random,2,10,3,1,MDA_MF-DF-ALS,0.7118834080717488,0.0065917969,Very Strong,"(3,2)"
HSQLDB,random,2,10,3,1,MDP_MF-DF-PCI,0.718078381795196,0.0065917969,Very Strong,"(3,2)"
HSQLDB,random,2,10,3,1,MD_MF-DF,0.7186739659367397,0.0065917969,Very Strong,"(3,2)"
HSQLDB,random,2,10,3,1,PCI,0.7606961566352429,0.0065917969,Very Strong,"(3,2)"
HSQLDB,random,2,10,1,2,ALS,0.9655172413793104,0.0065917969,Very Strong,"(1,2)"
HSQLDB,random,2,10,1,2,AP_ALS-PCI,0.9655172413793104,0.0065917969,Very Strong,"(1,2)"
HSQLDB,random,2,10,1,2,Default,0.9696969696969696,0.0065917969,Very Strong,"(1,2)"
HSQLDB,random,2,10,1,2,MDAP_MF-DF-ALS-PCI,0.9642857142857144,0.0065917969,Very Strong,"(1,2)"
HSQLDB,random,2,10,1,2,MDA_MF-DF-ALS,0.9642857142857144,0.0065917969,Very Strong,"(1,2)"
HSQLDB,random,2,10,1,2,MDP_MF-DF-PCI,0.9666666666666666,0.0065917969,Very Strong,"(1,2)"
HSQLDB,random,2,10,1,2,MD_MF-DF,0.9666666666666666,0.0065917969,Very Strong,"(1,2)"
HSQLDB,random,2,10,1,2,PCI,0.9696969696969696,0.0065917969,Very Strong,"(1,2)"
HSQLDB,random,2,10,2,2,ALS,0.8507853403141361,0.0065917969,Very Strong,"(2,2)"
HSQLDB,random,2,10,2,2,AP_ALS-PCI,0.8467741935483871,0.0065917969,Very Strong,"(2,2)"
HSQLDB,random,2,10,2,2,Default,0.8697394789579158,0.0065917969,Very Strong,"(2,2)"
HSQLDB,random,2,10,2,2,MDAP_MF-DF-ALS-PCI,0.839541547277937,0.0065917969,Very Strong,"(2,2)"
HSQLDB,random,2,10,2,2,MDA_MF-DF-ALS,0.8418079096045197,0.0065917969,Very Strong,"(2,2)"
HSQLDB,random,2,10,2,2,MDP_MF-DF-PCI,0.8453865336658353,0.0065917969,Very Strong,"(2,2)"
HSQLDB,random,2,10,2,2,MD_MF-DF,0.8472906403940886,0.0065917969,Very Strong,"(2,2)"
HSQLDB,random,2,10,2,2,PCI,0.867219917012448,0.0065917969,Very Strong,"(2,2)"
HSQLDB,random,2,10,3,2,ALS,0.6636963696369635,0.0065917969,Very Strong,"(3,2)"
HSQLDB,random,2,10,3,2,AP_ALS-PCI,0.6500716332378224,0.0065917969,Very Strong,"(3,2)"
HSQLDB,random,2,10,3,2,Default,0.7078529475745051,0.0065917969,Very Strong,"(3,2)"
HSQLDB,random,2,10,3,2,MDAP_MF-DF-ALS-PCI,0.634765625,0.0065917969,Very Strong,"(3,2)"
HSQLDB,random,2,10,3,2,MDA_MF-DF-ALS,0.640134529147982,0.0065917969,Very Strong,"(3,2)"
HSQLDB,random,2,10,3,2,MDP_MF-DF-PCI,0.6444374209860935,0.0065917969,Very Strong,"(3,2)"
HSQLDB,random,2,10,3,2,MD_MF-DF,0.6490267639902676,0.0065917969,Very Strong,"(3,2)"
HSQLDB,random,2,10,3,2,PCI,0.6954314720812182,0.0065917969,Very Strong,"(3,2)"
HSQLDB,distance,2,10,1,1,ALS,0.8620689655172413,0.0065917969,Very Strong,"(1,2)"
HSQLDB,distance,2,10,1,1,AP_ALS-PCI,0.8620689655172413,0.0065917969,Very Strong,"(1,2)"
HSQLDB,distance,2,10,1,1,Default,0.8484848484848485,0.0065917969,Very Strong,"(1,2)"
HSQLDB,distance,2,10,1,1,MDAP_MF-DF-ALS-PCI,0.8571428571428571,0.0065917969,Very Strong,"(1,2)"
HSQLDB,distance,2,10,1,1,MDA_MF-DF-ALS,0.8571428571428571,0.0065917969,Very Strong,"(1,2)"
HSQLDB,distance,2,10,1,1,MDP_MF-DF-PCI,0.8333333333333333,0.0065917969,Very Strong,"(1,2)"
HSQLDB,distance,2,10,1,1,MD_MF-DF,0.8333333333333333,0.0065917969,Very Strong,"(1,2)"
HSQLDB,distance,2,10,1,1,PCI,0.8484848484848485,0.0065917969,Very Strong,"(1,2)"
HSQLDB,distance,2,10,2,1,ALS,0.6282722513089005,0.0065917969,Very Strong,"(2,2)"
HSQLDB,distance,2,10,2,1,AP_ALS-PCI,0.6263440860215053,0.0065917969,Very Strong,"(2,2)"
HSQLDB,distance,2,10,2,1,Default,0.6052104208416834,0.0065917969,Very Strong,"(2,2)"
HSQLDB,distance,2,10,2,1,MDAP_MF-DF-ALS-PCI,0.6131805157593123,0.0065917969,Very Strong,"(2,2)"
HSQLDB,distance,2,10,2,1,MDA_MF-DF-ALS,0.6101694915254237,0.0065917969,Very Strong,"(2,2)"
HSQLDB,distance,2,10,2,1,MDP_MF-DF-PCI,0.5860349127182045,0.0065917969,Very Strong,"(2,2)"
HSQLDB,distance,2,10,2,1,MD_MF-DF,0.583743842364532,0.0065917969,Very Strong,"(2,2)"
HSQLDB,distance,2,10,2,1,PCI,0.6037344398340247,0.0065917969,Very Strong,"(2,2)"
HSQLDB,distance,2,10,3,1,ALS,0.4112211221122112,0.0065917969,Very Strong,"(3,2)"
HSQLDB,distance,2,10,3,1,AP_ALS-PCI,0.4068767908309455,0.0065917969,Very Strong,"(3,2)"
HSQLDB,distance,2,10,3,1,Default,0.3902545138133565,0.0065917969,Very Strong,"(3,2)"
HSQLDB,distance,2,10,3,1,MDAP_MF-DF-ALS-PCI,0.3921875,0.0065917969,Very Strong,"(3,2)"
HSQLDB,distance,2,10,3,1,MDA_MF-DF-ALS,0.3852765321375186,0.0065917969,Very Strong,"(3,2)"
HSQLDB,distance,2,10,3,1,MDP_MF-DF-PCI,0.3729456384323641,0.0065917969,Very Strong,"(3,2)"
HSQLDB,distance,2,10,3,1,MD_MF-DF,0.3677007299270073,0.0065917969,Very Strong,"(3,2)"
HSQLDB,distance,2,10,3,1,PCI,0.3874788494077834,0.0065917969,Very Strong,"(3,2)"
HSQLDB,distance,2,10,1,2,ALS,0.8620689655172413,0.0065917969,Very Strong,"(1,2)"
HSQLDB,distance,2,10,1,2,AP_ALS-PCI,0.8620689655172413,0.0065917969,Very Strong,"(1,2)"
HSQLDB,distance,2,10,1,2,Default,0.8484848484848485,0.0065917969,Very Strong,"(1,2)"
HSQLDB,distance,2,10,1,2,MDAP_MF-DF-ALS-PCI,0.8571428571428571,0.0065917969,Very Strong,"(1,2)"
HSQLDB,distance,2,10,1,2,MDA_MF-DF-ALS,0.8571428571428571,0.0065917969,Very Strong,"(1,2)"
HSQLDB,distance,2,10,1,2,MDP_MF-DF-PCI,0.8333333333333333,0.0065917969,Very Strong,"(1,2)"
HSQLDB,distance,2,10,1,2,MD_MF-DF,0.8333333333333333,0.0065917969,Very Strong,"(1,2)"
HSQLDB,distance,2,10,1,2,PCI,0.8484848484848485,0.0065917969,Very Strong,"(1,2)"
HSQLDB,distance,2,10,2,2,ALS,0.5916230366492146,0.0065917969,Very Strong,"(2,2)"
HSQLDB,distance,2,10,2,2,AP_ALS-PCI,0.5887096774193548,0.0065917969,Very Strong,"(2,2)"
HSQLDB,distance,2,10,2,2,Default,0.5991983967935872,0.0065917969,Very Strong,"(2,2)"
HSQLDB,distance,2,10,2,2,MDAP_MF-DF-ALS-PCI,0.5902578796561605,0.0065917969,Very Strong,"(2,2)"
HSQLDB,distance,2,10,2,2,MDA_MF-DF-ALS,0.5875706214689265,0.0065917969,Very Strong,"(2,2)"
HSQLDB,distance,2,10,2,2,MDP_MF-DF-PCI,0.5660847880299252,0.0065917969,Very Strong,"(2,2)"
HSQLDB,distance,2,10,2,2,MD_MF-DF,0.5640394088669951,0.0065917969,Very Strong,"(2,2)"
HSQLDB,distance,2,10,2,2,PCI,0.5975103734439833,0.0065917969,Very Strong,"(2,2)"
HSQLDB,distance,2,10,3,2,ALS,0.3547854785478548,0.0065917969,Very Strong,"(3,2)"
HSQLDB,distance,2,10,3,2,AP_ALS-PCI,0.3520773638968481,0.0065917969,Very Strong,"(3,2)"
HSQLDB,distance,2,10,3,2,Default,0.3806830541657602,0.0065917969,Very Strong,"(3,2)"
HSQLDB,distance,2,10,3,2,MDAP_MF-DF-ALS-PCI,0.3609375,0.0065917969,Very Strong,"(3,2)"
HSQLDB,distance,2,10,3,2,MDA_MF-DF-ALS,0.3553811659192825,0.0065917969,Very Strong,"(3,2)"
HSQLDB,distance,2,10,3,2,MDP_MF-DF-PCI,0.3445006321112515,0.0065917969,Very Strong,"(3,2)"
HSQLDB,distance,2,10,3,2,MD_MF-DF,0.3403284671532846,0.0065917969,Very Strong,"(3,2)"
HSQLDB,distance,2,10,3,2,PCI,0.3802272177906695,0.0065917969,Very Strong,"(3,2)"
HSQLDB,solver,2,10,1,1,ALS,0.6206896551724138,0.0065917969,Very Strong,"(1,2)"
HSQLDB,solver,2,10,1,1,AP_ALS-PCI,0.6206896551724138,0.0065917969,Very Strong,"(1,2)"
HSQLDB,solver,2,10,1,1,Default,0.6363636363636364,0.0065917969,Very Strong,"(1,2)"
HSQLDB,solver,2,10,1,1,MDAP_MF-DF-ALS-PCI,0.6071428571428571,0.0065917969,Very Strong,"(1,2)"
HSQLDB,solver,2,10,1,1,MDA_MF-DF-ALS,0.6071428571428571,0.0065917969,Very Strong,"(1,2)"
HSQLDB,solver,2,10,1,1,MDP_MF-DF-PCI,0.5999999999999999,0.0065917969,Very Strong,"(1,2)"
HSQLDB,solver,2,10,1,1,MD_MF-DF,0.5999999999999999,0.0065917969,Very Strong,"(1,2)"
HSQLDB,solver,2,10,1,1,PCI,0.6363636363636364,0.0065917969,Very Strong,"(1,2)"
HSQLDB,solver,2,10,2,1,ALS,0.3612565445026177,0.0065917969,Very Strong,"(2,2)"
HSQLDB,solver,2,10,2,1,AP_ALS-PCI,0.3629032258064516,0.0065917969,Very Strong,"(2,2)"
HSQLDB,solver,2,10,2,1,Default,0.3867735470941883,0.0065917969,Very Strong,"(2,2)"
HSQLDB,solver,2,10,2,1,MDAP_MF-DF-ALS-PCI,0.3581661891117478,0.0065917969,Very Strong,"(2,2)"
HSQLDB,solver,2,10,2,1,MDA_MF-DF-ALS,0.3531073446327683,0.0065917969,Very Strong,"(2,2)"
HSQLDB,solver,2,10,2,1,MDP_MF-DF-PCI,0.3516209476309227,0.0065917969,Very Strong,"(2,2)"
HSQLDB,solver,2,10,2,1,MD_MF-DF,0.3472906403940886,0.0065917969,Very Strong,"(2,2)"
HSQLDB,solver,2,10,2,1,PCI,0.3879668049792531,0.0065917969,Very Strong,"(2,2)"
HSQLDB,solver,2,10,3,1,ALS,0.2026402640264026,0.0065917969,Very Strong,"(3,2)"
HSQLDB,solver,2,10,3,1,AP_ALS-PCI,0.2080945558739255,0.0065917969,Very Strong,"(3,2)"
HSQLDB,solver,2,10,3,1,Default,0.2290624320208831,0.0065917969,Very Strong,"(3,2)"
HSQLDB,solver,2,10,3,1,MDAP_MF-DF-ALS-PCI,0.209765625,0.0065917969,Very Strong,"(3,2)"
HSQLDB,solver,2,10,3,1,MDA_MF-DF-ALS,0.2006726457399103,0.0065917969,Very Strong,"(3,2)"
HSQLDB,solver,2,10,3,1,MDP_MF-DF-PCI,0.2051201011378002,0.0065917969,Very Strong,"(3,2)"
HSQLDB,solver,2,10,3,1,MD_MF-DF,0.1973844282238442,0.0065917969,Very Strong,"(3,2)"
HSQLDB,solver,2,10,3,1,PCI,0.2349528643944887,0.0065917969,Very Strong,"(3,2)"
HSQLDB,solver,2,10,1,2,ALS,0.6206896551724138,0.0065917969,Very Strong,"(1,2)"
HSQLDB,solver,2,10,1,2,AP_ALS-PCI,0.6206896551724138,0.0065917969,Very Strong,"(1,2)"
HSQLDB,solver,2,10,1,2,Default,0.6363636363636364,0.0065917969,Very Strong,"(1,2)"
HSQLDB,solver,2,10,1,2,MDAP_MF-DF-ALS-PCI,0.6071428571428571,0.0065917969,Very Strong,"(1,2)"
HSQLDB,solver,2,10,1,2,MDA_MF-DF-ALS,0.6071428571428571,0.0065917969,Very Strong,"(1,2)"
HSQLDB,solver,2,10,1,2,MDP_MF-DF-PCI,0.5999999999999999,0.0065917969,Very Strong,"(1,2)"
HSQLDB,solver,2,10,1,2,MD_MF-DF,0.5999999999999999,0.0065917969,Very Strong,"(1,2)"
HSQLDB,solver,2,10,1,2,PCI,0.6363636363636364,0.0065917969,Very Strong,"(1,2)"
HSQLDB,solver,2,10,2,2,ALS,0.3612565445026177,0.0065917969,Very Strong,"(2,2)"
HSQLDB,solver,2,10,2,2,AP_ALS-PCI,0.3629032258064516,0.0065917969,Very Strong,"(2,2)"
HSQLDB,solver,2,10,2,2,Default,0.3867735470941883,0.0065917969,Very Strong,"(2,2)"
HSQLDB,solver,2,10,2,2,MDAP_MF-DF-ALS-PCI,0.3581661891117478,0.0065917969,Very Strong,"(2,2)"
HSQLDB,solver,2,10,2,2,MDA_MF-DF-ALS,0.3531073446327683,0.0065917969,Very Strong,"(2,2)"
HSQLDB,solver,2,10,2,2,MDP_MF-DF-PCI,0.3516209476309227,0.0065917969,Very Strong,"(2,2)"
HSQLDB,solver,2,10,2,2,MD_MF-DF,0.3472906403940886,0.0065917969,Very Strong,"(2,2)"
HSQLDB,solver,2,10,2,2,PCI,0.3879668049792531,0.0065917969,Very Strong,"(2,2)"
HSQLDB,solver,2,10,3,2,ALS,0.2026402640264026,0.0065917969,Very Strong,"(3,2)"
HSQLDB,solver,2,10,3,2,AP_ALS-PCI,0.2080945558739255,0.0065917969,Very Strong,"(3,2)"
HSQLDB,solver,2,10,3,2,Default,0.2290624320208831,0.0065917969,Very Strong,"(3,2)"
HSQLDB,solver,2,10,3,2,MDAP_MF-DF-ALS-PCI,0.209765625,0.0065917969,Very Strong,"(3,2)"
HSQLDB,solver,2,10,3,2,MDA_MF-DF-ALS,0.2006726457399103,0.0065917969,Very Strong,"(3,2)"
HSQLDB,solver,2,10,3,2,MDP_MF-DF-PCI,0.2051201011378002,0.0065917969,Very Strong,"(3,2)"
HSQLDB,solver,2,10,3,2,MD_MF-DF,0.1973844282238442,0.0065917969,Very Strong,"(3,2)"
HSQLDB,solver,2,10,3,2,PCI,0.2349528643944887,0.0065917969,Very Strong,"(3,2)"
HyTeG,random,1,10,1,1,ALS,1.0,0.25,Moderate,"(1,1)"
HyTeG,random,1,10,1,1,AP_ALS-PCI,1.0,0.25,Moderate,"(1,1)"
HyTeG,random,1,10,1,1,Default,1.0,0.25,Moderate,"(1,1)"
HyTeG,random,1,10,1,1,MDAP_MF-DF-ALS-PCI,1.0,0.25,Moderate,"(1,1)"
HyTeG,random,1,10,1,1,MDA_MF-DF-ALS,1.0,0.25,Moderate,"(1,1)"
HyTeG,random,1,10,1,1,MDP_MF-DF-PCI,1.0,0.25,Moderate,"(1,1)"
HyTeG,random,1,10,1,1,MD_MF-DF,1.0,0.25,Moderate,"(1,1)"
HyTeG,random,1,10,1,1,PCI,1.0,0.25,Moderate,"(1,1)"
HyTeG,random,1,10,2,1,ALS,0.96,0.25,Moderate,"(2,1)"
HyTeG,random,1,10,2,1,AP_ALS-PCI,0.96,0.25,Moderate,"(2,1)"
HyTeG,random,1,10,2,1,Default,0.9726027397260274,0.25,Moderate,"(2,1)"
HyTeG,random,1,10,2,1,MDAP_MF-DF-ALS-PCI,0.95,0.25,Moderate,"(2,1)"
HyTeG,random,1,10,2,1,MDA_MF-DF-ALS,0.95,0.25,Moderate,"(2,1)"
HyTeG,random,1,10,2,1,MDP_MF-DF-PCI,0.95,0.25,Moderate,"(2,1)"
HyTeG,random,1,10,2,1,MD_MF-DF,0.95,0.25,Moderate,"(2,1)"
HyTeG,random,1,10,2,1,PCI,0.9696969696969696,0.25,Moderate,"(2,1)"
HyTeG,random,1,10,3,1,ALS,0.8499999999999999,0.25,Moderate,"(3,1)"
HyTeG,random,1,10,3,1,AP_ALS-PCI,0.8499999999999999,0.25,Moderate,"(3,1)"
HyTeG,random,1,10,3,1,Default,0.9047619047619048,0.25,Moderate,"(3,1)"
HyTeG,random,1,10,3,1,MDAP_MF-DF-ALS-PCI,0.8,0.25,Moderate,"(3,1)"
HyTeG,random,1,10,3,1,MDA_MF-DF-ALS,0.8,0.25,Moderate,"(3,1)"
HyTeG,random,1,10,3,1,MDP_MF-DF-PCI,0.8,0.25,Moderate,"(3,1)"
HyTeG,random,1,10,3,1,MD_MF-DF,0.8,0.25,Moderate,"(3,1)"
HyTeG,random,1,10,3,1,PCI,0.8757396449704142,0.25,Moderate,"(3,1)"
HyTeG,random,1,10,1,2,ALS,1.0,0.25,Moderate,"(1,1)"
HyTeG,random,1,10,1,2,AP_ALS-PCI,1.0,0.25,Moderate,"(1,1)"
HyTeG,random,1,10,1,2,Default,1.0,0.25,Moderate,"(1,1)"
HyTeG,random,1,10,1,2,MDAP_MF-DF-ALS-PCI,1.0,0.25,Moderate,"(1,1)"
HyTeG,random,1,10,1,2,MDA_MF-DF-ALS,1.0,0.25,Moderate,"(1,1)"
HyTeG,random,1,10,1,2,MDP_MF-DF-PCI,1.0,0.25,Moderate,"(1,1)"
HyTeG,random,1,10,1,2,MD_MF-DF,1.0,0.25,Moderate,"(1,1)"
HyTeG,random,1,10,1,2,PCI,1.0,0.25,Moderate,"(1,1)"
HyTeG,random,1,10,2,2,ALS,0.92,0.25,Moderate,"(2,1)"
HyTeG,random,1,10,2,2,AP_ALS-PCI,0.92,0.25,Moderate,"(2,1)"
HyTeG,random,1,10,2,2,Default,0.9452054794520548,0.25,Moderate,"(2,1)"
HyTeG,random,1,10,2,2,MDAP_MF-DF-ALS-PCI,0.9,0.25,Moderate,"(2,1)"
HyTeG,random,1,10,2,2,MDA_MF-DF-ALS,0.9,0.25,Moderate,"(2,1)"
HyTeG,random,1,10,2,2,MDP_MF-DF-PCI,0.9,0.25,Moderate,"(2,1)"
HyTeG,random,1,10,2,2,MD_MF-DF,0.9,0.25,Moderate,"(2,1)"
HyTeG,random,1,10,2,2,PCI,0.9393939393939394,0.25,Moderate,"(2,1)"
HyTeG,random,1,10,3,2,ALS,0.7666666666666667,0.25,Moderate,"(3,1)"
HyTeG,random,1,10,3,2,AP_ALS-PCI,0.7666666666666667,0.25,Moderate,"(3,1)"
HyTeG,random,1,10,3,2,Default,0.8441558441558441,0.25,Moderate,"(3,1)"
HyTeG,random,1,10,3,2,MDAP_MF-DF-ALS-PCI,0.6999999999999998,0.25,Moderate,"(3,1)"
HyTeG,random,1,10,3,2,MDA_MF-DF-ALS,0.6999999999999998,0.25,Moderate,"(3,1)"
HyTeG,random,1,10,3,2,MDP_MF-DF-PCI,0.6999999999999998,0.25,Moderate,"(3,1)"
HyTeG,random,1,10,3,2,MD_MF-DF,0.6999999999999998,0.25,Moderate,"(3,1)"
HyTeG,random,1,10,3,2,PCI,0.8047337278106508,0.25,Moderate,"(3,1)"
HyTeG,distance,1,10,1,1,ALS,0.6363636363636364,0.25,Moderate,"(1,1)"
HyTeG,distance,1,10,1,1,AP_ALS-PCI,0.6363636363636364,0.25,Moderate,"(1,1)"
HyTeG,distance,1,10,1,1,Default,0.6923076923076922,0.25,Moderate,"(1,1)"
HyTeG,distance,1,10,1,1,MDAP_MF-DF-ALS-PCI,0.5999999999999999,0.25,Moderate,"(1,1)"
HyTeG,distance,1,10,1,1,MDA_MF-DF-ALS,0.5999999999999999,0.25,Moderate,"(1,1)"
HyTeG,distance,1,10,1,1,MDP_MF-DF-PCI,0.5999999999999999,0.25,Moderate,"(1,1)"
HyTeG,distance,1,10,1,1,MD_MF-DF,0.5999999999999999,0.25,Moderate,"(1,1)"
HyTeG,distance,1,10,1,1,PCI,0.6923076923076922,0.25,Moderate,"(1,1)"
HyTeG,distance,1,10,2,1,ALS,0.38,0.25,Moderate,"(2,1)"
HyTeG,distance,1,10,2,1,AP_ALS-PCI,0.38,0.25,Moderate,"(2,1)"
HyTeG,distance,1,10,2,1,Default,0.4657534246575342,0.25,Moderate,"(2,1)"
HyTeG,distance,1,10,2,1,MDAP_MF-DF-ALS-PCI,0.325,0.25,Moderate,"(2,1)"
HyTeG,distance,1,10,2,1,MDA_MF-DF-ALS,0.325,0.25,Moderate,"(2,1)"
HyTeG,distance,1,10,2,1,MDP_MF-DF-PCI,0.325,0.25,Moderate,"(2,1)"
HyTeG,distance,1,10,2,1,MD_MF-DF,0.325,0.25,Moderate,"(2,1)"
HyTeG,distance,1,10,2,1,PCI,0.4393939393939393,0.25,Moderate,"(2,1)"
HyTeG,distance,1,10,3,1,ALS,0.2083333333333333,0.25,Moderate,"(3,1)"
HyTeG,distance,1,10,3,1,AP_ALS-PCI,0.2083333333333333,0.25,Moderate,"(3,1)"
HyTeG,distance,1,10,3,1,Default,0.2943722943722944,0.25,Moderate,"(3,1)"
HyTeG,distance,1,10,3,1,MDAP_MF-DF-ALS-PCI,0.1499999999999999,0.25,Moderate,"(3,1)"
HyTeG,distance,1,10,3,1,MDA_MF-DF-ALS,0.1499999999999999,0.25,Moderate,"(3,1)"
HyTeG,distance,1,10,3,1,MDP_MF-DF-PCI,0.1499999999999999,0.25,Moderate,"(3,1)"
HyTeG,distance,1,10,3,1,MD_MF-DF,0.1499999999999999,0.25,Moderate,"(3,1)"
HyTeG,distance,1,10,3,1,PCI,0.2366863905325443,0.25,Moderate,"(3,1)"
HyTeG,distance,1,10,1,2,ALS,0.6363636363636364,0.25,Moderate,"(1,1)"
HyTeG,distance,1,10,1,2,AP_ALS-PCI,0.6363636363636364,0.25,Moderate,"(1,1)"
HyTeG,distance,1,10,1,2,Default,0.6923076923076922,0.25,Moderate,"(1,1)"
HyTeG,distance,1,10,1,2,MDAP_MF-DF-ALS-PCI,0.5999999999999999,0.25,Moderate,"(1,1)"
HyTeG,distance,1,10,1,2,MDA_MF-DF-ALS,0.5999999999999999,0.25,Moderate,"(1,1)"
HyTeG,distance,1,10,1,2,MDP_MF-DF-PCI,0.5999999999999999,0.25,Moderate,"(1,1)"
HyTeG,distance,1,10,1,2,MD_MF-DF,0.5999999999999999,0.25,Moderate,"(1,1)"
HyTeG,distance,1,10,1,2,PCI,0.6923076923076922,0.25,Moderate,"(1,1)"
HyTeG,distance,1,10,2,2,ALS,0.38,0.25,Moderate,"(2,1)"
HyTeG,distance,1,10,2,2,AP_ALS-PCI,0.38,0.25,Moderate,"(2,1)"
HyTeG,distance,1,10,2,2,Default,0.4520547945205479,0.25,Moderate,"(2,1)"
HyTeG,distance,1,10,2,2,MDAP_MF-DF-ALS-PCI,0.325,0.25,Moderate,"(2,1)"
HyTeG,distance,1,10,2,2,MDA_MF-DF-ALS,0.325,0.25,Moderate,"(2,1)"
HyTeG,distance,1,10,2,2,MDP_MF-DF-PCI,0.325,0.25,Moderate,"(2,1)"
HyTeG,distance,1,10,2,2,MD_MF-DF,0.325,0.25,Moderate,"(2,1)"
HyTeG,distance,1,10,2,2,PCI,0.4242424242424242,0.25,Moderate,"(2,1)"
HyTeG,distance,1,10,3,2,ALS,0.2083333333333333,0.25,Moderate,"(3,1)"
HyTeG,distance,1,10,3,2,AP_ALS-PCI,0.2083333333333333,0.25,Moderate,"(3,1)"
HyTeG,distance,1,10,3,2,Default,0.2683982683982684,0.25,Moderate,"(3,1)"
HyTeG,distance,1,10,3,2,MDAP_MF-DF-ALS-PCI,0.1499999999999999,0.25,Moderate,"(3,1)"
HyTeG,distance,1,10,3,2,MDA_MF-DF-ALS,0.1499999999999999,0.25,Moderate,"(3,1)"
HyTeG,distance,1,10,3,2,MDP_MF-DF-PCI,0.1499999999999999,0.25,Moderate,"(3,1)"
HyTeG,distance,1,10,3,2,MD_MF-DF,0.1499999999999999,0.25,Moderate,"(3,1)"
HyTeG,distance,1,10,3,2,PCI,0.2130177514792899,0.25,Moderate,"(3,1)"
HyTeG,solver,1,10,1,1,ALS,0.6363636363636364,0.25,Moderate,"(1,1)"
HyTeG,solver,1,10,1,1,AP_ALS-PCI,0.6363636363636364,0.25,Moderate,"(1,1)"
HyTeG,solver,1,10,1,1,Default,0.6923076923076922,0.25,Moderate,"(1,1)"
HyTeG,solver,1,10,1,1,MDAP_MF-DF-ALS-PCI,0.5999999999999999,0.25,Moderate,"(1,1)"
HyTeG,solver,1,10,1,1,MDA_MF-DF-ALS,0.5999999999999999,0.25,Moderate,"(1,1)"
HyTeG,solver,1,10,1,1,MDP_MF-DF-PCI,0.5999999999999999,0.25,Moderate,"(1,1)"
HyTeG,solver,1,10,1,1,MD_MF-DF,0.5999999999999999,0.25,Moderate,"(1,1)"
HyTeG,solver,1,10,1,1,PCI,0.6923076923076922,0.25,Moderate,"(1,1)"
HyTeG,solver,1,10,2,1,ALS,0.38,0.25,Moderate,"(2,1)"
HyTeG,solver,1,10,2,1,AP_ALS-PCI,0.38,0.25,Moderate,"(2,1)"
HyTeG,solver,1,10,2,1,Default,0.4657534246575342,0.25,Moderate,"(2,1)"
HyTeG,solver,1,10,2,1,MDAP_MF-DF-ALS-PCI,0.325,0.25,Moderate,"(2,1)"
HyTeG,solver,1,10,2,1,MDA_MF-DF-ALS,0.325,0.25,Moderate,"(2,1)"
HyTeG,solver,1,10,2,1,MDP_MF-DF-PCI,0.325,0.25,Moderate,"(2,1)"
HyTeG,solver,1,10,2,1,MD_MF-DF,0.325,0.25,Moderate,"(2,1)"
HyTeG,solver,1,10,2,1,PCI,0.4393939393939393,0.25,Moderate,"(2,1)"
HyTeG,solver,1,10,3,1,ALS,0.2083333333333333,0.25,Moderate,"(3,1)"
HyTeG,solver,1,10,3,1,AP_ALS-PCI,0.2083333333333333,0.25,Moderate,"(3,1)"
HyTeG,solver,1,10,3,1,Default,0.29004329004329,0.25,Moderate,"(3,1)"
HyTeG,solver,1,10,3,1,MDAP_MF-DF-ALS-PCI,0.1499999999999999,0.25,Moderate,"(3,1)"
HyTeG,solver,1,10,3,1,MDA_MF-DF-ALS,0.1499999999999999,0.25,Moderate,"(3,1)"
HyTeG,solver,1,10,3,1,MDP_MF-DF-PCI,0.1499999999999999,0.25,Moderate,"(3,1)"
HyTeG,solver,1,10,3,1,MD_MF-DF,0.1499999999999999,0.25,Moderate,"(3,1)"
HyTeG,solver,1,10,3,1,PCI,0.2366863905325443,0.25,Moderate,"(3,1)"
HyTeG,solver,1,10,1,2,ALS,0.6363636363636364,0.25,Moderate,"(1,1)"
HyTeG,solver,1,10,1,2,AP_ALS-PCI,0.6363636363636364,0.25,Moderate,"(1,1)"
HyTeG,solver,1,10,1,2,Default,0.6923076923076922,0.25,Moderate,"(1,1)"
HyTeG,solver,1,10,1,2,MDAP_MF-DF-ALS-PCI,0.5999999999999999,0.25,Moderate,"(1,1)"
HyTeG,solver,1,10,1,2,MDA_MF-DF-ALS,0.5999999999999999,0.25,Moderate,"(1,1)"
HyTeG,solver,1,10,1,2,MDP_MF-DF-PCI,0.5999999999999999,0.25,Moderate,"(1,1)"
HyTeG,solver,1,10,1,2,MD_MF-DF,0.5999999999999999,0.25,Moderate,"(1,1)"
HyTeG,solver,1,10,1,2,PCI,0.6923076923076922,0.25,Moderate,"(1,1)"
HyTeG,solver,1,10,2,2,ALS,0.38,0.25,Moderate,"(2,1)"
HyTeG,solver,1,10,2,2,AP_ALS-PCI,0.38,0.25,Moderate,"(2,1)"
HyTeG,solver,1,10,2,2,Default,0.4657534246575342,0.25,Moderate,"(2,1)"
HyTeG,solver,1,10,2,2,MDAP_MF-DF-ALS-PCI,0.325,0.25,Moderate,"(2,1)"
HyTeG,solver,1,10,2,2,MDA_MF-DF-ALS,0.325,0.25,Moderate,"(2,1)"
HyTeG,solver,1,10,2,2,MDP_MF-DF-PCI,0.325,0.25,Moderate,"(2,1)"
HyTeG,solver,1,10,2,2,MD_MF-DF,0.325,0.25,Moderate,"(2,1)"
HyTeG,solver,1,10,2,2,PCI,0.4393939393939393,0.25,Moderate,"(2,1)"
HyTeG,solver,1,10,3,2,ALS,0.2083333333333333,0.25,Moderate,"(3,1)"
HyTeG,solver,1,10,3,2,AP_ALS-PCI,0.2083333333333333,0.25,Moderate,"(3,1)"
HyTeG,solver,1,10,3,2,Default,0.29004329004329,0.25,Moderate,"(3,1)"
HyTeG,solver,1,10,3,2,MDAP_MF-DF-ALS-PCI,0.1499999999999999,0.25,Moderate,"(3,1)"
HyTeG,solver,1,10,3,2,MDA_MF-DF-ALS,0.1499999999999999,0.25,Moderate,"(3,1)"
HyTeG,solver,1,10,3,2,MDP_MF-DF-PCI,0.1499999999999999,0.25,Moderate,"(3,1)"
HyTeG,solver,1,10,3,2,MD_MF-DF,0.1499999999999999,0.25,Moderate,"(3,1)"
HyTeG,solver,1,10,3,2,PCI,0.2366863905325443,0.25,Moderate,"(3,1)"
HyTeG,random,2,10,1,1,ALS,1.0,0.25,Moderate,"(1,2)"
HyTeG,random,2,10,1,1,AP_ALS-PCI,1.0,0.25,Moderate,"(1,2)"
HyTeG,random,2,10,1,1,Default,1.0,0.25,Moderate,"(1,2)"
HyTeG,random,2,10,1,1,MDAP_MF-DF-ALS-PCI,1.0,0.25,Moderate,"(1,2)"
HyTeG,random,2,10,1,1,MDA_MF-DF-ALS,1.0,0.25,Moderate,"(1,2)"
HyTeG,random,2,10,1,1,MDP_MF-DF-PCI,1.0,0.25,Moderate,"(1,2)"
HyTeG,random,2,10,1,1,MD_MF-DF,1.0,0.25,Moderate,"(1,2)"
HyTeG,random,2,10,1,1,PCI,1.0,0.25,Moderate,"(1,2)"
HyTeG,random,2,10,2,1,ALS,0.98,0.25,Moderate,"(2,2)"
HyTeG,random,2,10,2,1,AP_ALS-PCI,0.98,0.25,Moderate,"(2,2)"
HyTeG,random,2,10,2,1,Default,0.9863013698630136,0.25,Moderate,"(2,2)"
HyTeG,random,2,10,2,1,MDAP_MF-DF-ALS-PCI,0.975,0.25,Moderate,"(2,2)"
HyTeG,random,2,10,2,1,MDA_MF-DF-ALS,0.975,0.25,Moderate,"(2,2)"
HyTeG,random,2,10,2,1,MDP_MF-DF-PCI,0.975,0.25,Moderate,"(2,2)"
HyTeG,random,2,10,2,1,MD_MF-DF,0.975,0.25,Moderate,"(2,2)"
HyTeG,random,2,10,2,1,PCI,0.9848484848484848,0.25,Moderate,"(2,2)"
HyTeG,random,2,10,3,1,ALS,0.8499999999999999,0.25,Moderate,"(3,2)"
HyTeG,random,2,10,3,1,AP_ALS-PCI,0.8499999999999999,0.25,Moderate,"(3,2)"
HyTeG,random,2,10,3,1,Default,0.9134199134199134,0.25,Moderate,"(3,2)"
HyTeG,random,2,10,3,1,MDAP_MF-DF-ALS-PCI,0.7874999999999999,0.25,Moderate,"(3,2)"
HyTeG,random,2,10,3,1,MDA_MF-DF-ALS,0.7874999999999999,0.25,Moderate,"(3,2)"
HyTeG,random,2,10,3,1,MDP_MF-DF-PCI,0.7874999999999999,0.25,Moderate,"(3,2)"
HyTeG,random,2,10,3,1,MD_MF-DF,0.7874999999999999,0.25,Moderate,"(3,2)"
HyTeG,random,2,10,3,1,PCI,0.8875739644970414,0.25,Moderate,"(3,2)"
HyTeG,random,2,10,1,2,ALS,0.909090909090909,0.25,Moderate,"(1,2)"
HyTeG,random,2,10,1,2,AP_ALS-PCI,0.909090909090909,0.25,Moderate,"(1,2)"
HyTeG,random,2,10,1,2,Default,0.9230769230769232,0.25,Moderate,"(1,2)"
HyTeG,random,2,10,1,2,MDAP_MF-DF-ALS-PCI,0.9,0.25,Moderate,"(1,2)"
HyTeG,random,2,10,1,2,MDA_MF-DF-ALS,0.9,0.25,Moderate,"(1,2)"
HyTeG,random,2,10,1,2,MDP_MF-DF-PCI,0.9,0.25,Moderate,"(1,2)"
HyTeG,random,2,10,1,2,MD_MF-DF,0.9,0.25,Moderate,"(1,2)"
HyTeG,random,2,10,1,2,PCI,0.9230769230769232,0.25,Moderate,"(1,2)"
HyTeG,random,2,10,2,2,ALS,0.82,0.25,Moderate,"(2,2)"
HyTeG,random,2,10,2,2,AP_ALS-PCI,0.82,0.25,Moderate,"(2,2)"
HyTeG,random,2,10,2,2,Default,0.8493150684931506,0.25,Moderate,"(2,2)"
HyTeG,random,2,10,2,2,MDAP_MF-DF-ALS-PCI,0.8,0.25,Moderate,"(2,2)"
HyTeG,random,2,10,2,2,MDA_MF-DF-ALS,0.8,0.25,Moderate,"(2,2)"
HyTeG,random,2,10,2,2,MDP_MF-DF-PCI,0.8,0.25,Moderate,"(2,2)"
HyTeG,random,2,10,2,2,MD_MF-DF,0.8,0.25,Moderate,"(2,2)"
HyTeG,random,2,10,2,2,PCI,0.8484848484848485,0.25,Moderate,"(2,2)"
HyTeG,random,2,10,3,2,ALS,0.6583333333333333,0.25,Moderate,"(3,2)"
HyTeG,random,2,10,3,2,AP_ALS-PCI,0.6583333333333333,0.25,Moderate,"(3,2)"
HyTeG,random,2,10,3,2,Default,0.7402597402597402,0.25,Moderate,"(3,2)"
HyTeG,random,2,10,3,2,MDAP_MF-DF-ALS-PCI,0.5875,0.25,Moderate,"(3,2)"
HyTeG,random,2,10,3,2,MDA_MF-DF-ALS,0.5875,0.25,Moderate,"(3,2)"
HyTeG,random,2,10,3,2,MDP_MF-DF-PCI,0.5875,0.25,Moderate,"(3,2)"
HyTeG,random,2,10,3,2,MD_MF-DF,0.5875,0.25,Moderate,"(3,2)"
HyTeG,random,2,10,3,2,PCI,0.727810650887574,0.25,Moderate,"(3,2)"
HyTeG,distance,2,10,1,1,ALS,0.6363636363636364,0.25,Moderate,"(1,2)"
HyTeG,distance,2,10,1,1,AP_ALS-PCI,0.6363636363636364,0.25,Moderate,"(1,2)"
HyTeG,distance,2,10,1,1,Default,0.6923076923076922,0.25,Moderate,"(1,2)"
HyTeG,distance,2,10,1,1,MDAP_MF-DF-ALS-PCI,0.5999999999999999,0.25,Moderate,"(1,2)"
HyTeG,distance,2,10,1,1,MDA_MF-DF-ALS,0.5999999999999999,0.25,Moderate,"(1,2)"
HyTeG,distance,2,10,1,1,MDP_MF-DF-PCI,0.5999999999999999,0.25,Moderate,"(1,2)"
HyTeG,distance,2,10,1,1,MD_MF-DF,0.5999999999999999,0.25,Moderate,"(1,2)"
HyTeG,distance,2,10,1,1,PCI,0.6923076923076922,0.25,Moderate,"(1,2)"
HyTeG,distance,2,10,2,1,ALS,0.38,0.25,Moderate,"(2,2)"
HyTeG,distance,2,10,2,1,AP_ALS-PCI,0.38,0.25,Moderate,"(2,2)"
HyTeG,distance,2,10,2,1,Default,0.4657534246575342,0.25,Moderate,"(2,2)"
HyTeG,distance,2,10,2,1,MDAP_MF-DF-ALS-PCI,0.325,0.25,Moderate,"(2,2)"
HyTeG,distance,2,10,2,1,MDA_MF-DF-ALS,0.325,0.25,Moderate,"(2,2)"
HyTeG,distance,2,10,2,1,MDP_MF-DF-PCI,0.325,0.25,Moderate,"(2,2)"
HyTeG,distance,2,10,2,1,MD_MF-DF,0.325,0.25,Moderate,"(2,2)"
HyTeG,distance,2,10,2,1,PCI,0.4393939393939393,0.25,Moderate,"(2,2)"
HyTeG,distance,2,10,3,1,ALS,0.2083333333333333,0.25,Moderate,"(3,2)"
HyTeG,distance,2,10,3,1,AP_ALS-PCI,0.2083333333333333,0.25,Moderate,"(3,2)"
HyTeG,distance,2,10,3,1,Default,0.2943722943722944,0.25,Moderate,"(3,2)"
HyTeG,distance,2,10,3,1,MDAP_MF-DF-ALS-PCI,0.1499999999999999,0.25,Moderate,"(3,2)"
HyTeG,distance,2,10,3,1,MDA_MF-DF-ALS,0.1499999999999999,0.25,Moderate,"(3,2)"
HyTeG,distance,2,10,3,1,MDP_MF-DF-PCI,0.1499999999999999,0.25,Moderate,"(3,2)"
HyTeG,distance,2,10,3,1,MD_MF-DF,0.1499999999999999,0.25,Moderate,"(3,2)"
HyTeG,distance,2,10,3,1,PCI,0.2366863905325443,0.25,Moderate,"(3,2)"
HyTeG,distance,2,10,1,2,ALS,0.6363636363636364,0.25,Moderate,"(1,2)"
HyTeG,distance,2,10,1,2,AP_ALS-PCI,0.6363636363636364,0.25,Moderate,"(1,2)"
HyTeG,distance,2,10,1,2,Default,0.6923076923076922,0.25,Moderate,"(1,2)"
HyTeG,distance,2,10,1,2,MDAP_MF-DF-ALS-PCI,0.5999999999999999,0.25,Moderate,"(1,2)"
HyTeG,distance,2,10,1,2,MDA_MF-DF-ALS,0.5999999999999999,0.25,Moderate,"(1,2)"
HyTeG,distance,2,10,1,2,MDP_MF-DF-PCI,0.5999999999999999,0.25,Moderate,"(1,2)"
HyTeG,distance,2,10,1,2,MD_MF-DF,0.5999999999999999,0.25,Moderate,"(1,2)"
HyTeG,distance,2,10,1,2,PCI,0.6923076923076922,0.25,Moderate,"(1,2)"
HyTeG,distance,2,10,2,2,ALS,0.38,0.25,Moderate,"(2,2)"
HyTeG,distance,2,10,2,2,AP_ALS-PCI,0.38,0.25,Moderate,"(2,2)"
HyTeG,distance,2,10,2,2,Default,0.4520547945205479,0.25,Moderate,"(2,2)"
HyTeG,distance,2,10,2,2,MDAP_MF-DF-ALS-PCI,0.325,0.25,Moderate,"(2,2)"
HyTeG,distance,2,10,2,2,MDA_MF-DF-ALS,0.325,0.25,Moderate,"(2,2)"
HyTeG,distance,2,10,2,2,MDP_MF-DF-PCI,0.325,0.25,Moderate,"(2,2)"
HyTeG,distance,2,10,2,2,MD_MF-DF,0.325,0.25,Moderate,"(2,2)"
HyTeG,distance,2,10,2,2,PCI,0.4242424242424242,0.25,Moderate,"(2,2)"
HyTeG,distance,2,10,3,2,ALS,0.2083333333333333,0.25,Moderate,"(3,2)"
HyTeG,distance,2,10,3,2,AP_ALS-PCI,0.2083333333333333,0.25,Moderate,"(3,2)"
HyTeG,distance,2,10,3,2,Default,0.2683982683982684,0.25,Moderate,"(3,2)"
HyTeG,distance,2,10,3,2,MDAP_MF-DF-ALS-PCI,0.1499999999999999,0.25,Moderate,"(3,2)"
HyTeG,distance,2,10,3,2,MDA_MF-DF-ALS,0.1499999999999999,0.25,Moderate,"(3,2)"
HyTeG,distance,2,10,3,2,MDP_MF-DF-PCI,0.1499999999999999,0.25,Moderate,"(3,2)"
HyTeG,distance,2,10,3,2,MD_MF-DF,0.1499999999999999,0.25,Moderate,"(3,2)"
HyTeG,distance,2,10,3,2,PCI,0.2130177514792899,0.25,Moderate,"(3,2)"
HyTeG,solver,2,10,1,1,ALS,0.6363636363636364,0.25,Moderate,"(1,2)"
HyTeG,solver,2,10,1,1,AP_ALS-PCI,0.6363636363636364,0.25,Moderate,"(1,2)"
HyTeG,solver,2,10,1,1,Default,0.6923076923076922,0.25,Moderate,"(1,2)"
HyTeG,solver,2,10,1,1,MDAP_MF-DF-ALS-PCI,0.5999999999999999,0.25,Moderate,"(1,2)"
HyTeG,solver,2,10,1,1,MDA_MF-DF-ALS,0.5999999999999999,0.25,Moderate,"(1,2)"
HyTeG,solver,2,10,1,1,MDP_MF-DF-PCI,0.5999999999999999,0.25,Moderate,"(1,2)"
HyTeG,solver,2,10,1,1,MD_MF-DF,0.5999999999999999,0.25,Moderate,"(1,2)"
HyTeG,solver,2,10,1,1,PCI,0.6923076923076922,0.25,Moderate,"(1,2)"
HyTeG,solver,2,10,2,1,ALS,0.38,0.25,Moderate,"(2,2)"
HyTeG,solver,2,10,2,1,AP_ALS-PCI,0.38,0.25,Moderate,"(2,2)"
HyTeG,solver,2,10,2,1,Default,0.4657534246575342,0.25,Moderate,"(2,2)"
HyTeG,solver,2,10,2,1,MDAP_MF-DF-ALS-PCI,0.325,0.25,Moderate,"(2,2)"
HyTeG,solver,2,10,2,1,MDA_MF-DF-ALS,0.325,0.25,Moderate,"(2,2)"
HyTeG,solver,2,10,2,1,MDP_MF-DF-PCI,0.325,0.25,Moderate,"(2,2)"
HyTeG,solver,2,10,2,1,MD_MF-DF,0.325,0.25,Moderate,"(2,2)"
HyTeG,solver,2,10,2,1,PCI,0.4393939393939393,0.25,Moderate,"(2,2)"
HyTeG,solver,2,10,3,1,ALS,0.2083333333333333,0.25,Moderate,"(3,2)"
HyTeG,solver,2,10,3,1,AP_ALS-PCI,0.2083333333333333,0.25,Moderate,"(3,2)"
HyTeG,solver,2,10,3,1,Default,0.29004329004329,0.25,Moderate,"(3,2)"
HyTeG,solver,2,10,3,1,MDAP_MF-DF-ALS-PCI,0.1499999999999999,0.25,Moderate,"(3,2)"
HyTeG,solver,2,10,3,1,MDA_MF-DF-ALS,0.1499999999999999,0.25,Moderate,"(3,2)"
HyTeG,solver,2,10,3,1,MDP_MF-DF-PCI,0.1499999999999999,0.25,Moderate,"(3,2)"
HyTeG,solver,2,10,3,1,MD_MF-DF,0.1499999999999999,0.25,Moderate,"(3,2)"
HyTeG,solver,2,10,3,1,PCI,0.2366863905325443,0.25,Moderate,"(3,2)"
HyTeG,solver,2,10,1,2,ALS,0.6363636363636364,0.25,Moderate,"(1,2)"
HyTeG,solver,2,10,1,2,AP_ALS-PCI,0.6363636363636364,0.25,Moderate,"(1,2)"
HyTeG,solver,2,10,1,2,Default,0.6923076923076922,0.25,Moderate,"(1,2)"
HyTeG,solver,2,10,1,2,MDAP_MF-DF-ALS-PCI,0.5999999999999999,0.25,Moderate,"(1,2)"
HyTeG,solver,2,10,1,2,MDA_MF-DF-ALS,0.5999999999999999,0.25,Moderate,"(1,2)"
HyTeG,solver,2,10,1,2,MDP_MF-DF-PCI,0.5999999999999999,0.25,Moderate,"(1,2)"
HyTeG,solver,2,10,1,2,MD_MF-DF,0.5999999999999999,0.25,Moderate,"(1,2)"
HyTeG,solver,2,10,1,2,PCI,0.6923076923076922,0.25,Moderate,"(1,2)"
HyTeG,solver,2,10,2,2,ALS,0.38,0.25,Moderate,"(2,2)"
HyTeG,solver,2,10,2,2,AP_ALS-PCI,0.38,0.25,Moderate,"(2,2)"
HyTeG,solver,2,10,2,2,Default,0.4657534246575342,0.25,Moderate,"(2,2)"
HyTeG,solver,2,10,2,2,MDAP_MF-DF-ALS-PCI,0.325,0.25,Moderate,"(2,2)"
HyTeG,solver,2,10,2,2,MDA_MF-DF-ALS,0.325,0.25,Moderate,"(2,2)"
HyTeG,solver,2,10,2,2,MDP_MF-DF-PCI,0.325,0.25,Moderate,"(2,2)"
HyTeG,solver,2,10,2,2,MD_MF-DF,0.325,0.25,Moderate,"(2,2)"
HyTeG,solver,2,10,2,2,PCI,0.4393939393939393,0.25,Moderate,"(2,2)"
HyTeG,solver,2,10,3,2,ALS,0.2083333333333333,0.25,Moderate,"(3,2)"
HyTeG,solver,2,10,3,2,AP_ALS-PCI,0.2083333333333333,0.25,Moderate,"(3,2)"
HyTeG,solver,2,10,3,2,Default,0.29004329004329,0.25,Moderate,"(3,2)"
HyTeG,solver,2,10,3,2,MDAP_MF-DF-ALS-PCI,0.1499999999999999,0.25,Moderate,"(3,2)"
HyTeG,solver,2,10,3,2,MDA_MF-DF-ALS,0.1499999999999999,0.25,Moderate,"(3,2)"
HyTeG,solver,2,10,3,2,MDP_MF-DF-PCI,0.1499999999999999,0.25,Moderate,"(3,2)"
HyTeG,solver,2,10,3,2,MD_MF-DF,0.1499999999999999,0.25,Moderate,"(3,2)"
HyTeG,solver,2,10,3,2,PCI,0.2366863905325443,0.25,Moderate,"(3,2)"
PKJab,random,1,10,1,1,ALS,0.9333333333333332,0.0703125,Strong,"(1,1)"
PKJab,random,1,10,1,1,AP_ALS-PCI,0.9333333333333332,0.0703125,Strong,"(1,1)"
PKJab,random,1,10,1,1,Default,0.95,0.0703125,Strong,"(1,1)"
PKJab,random,1,10,1,1,MDAP_MF-DF-ALS-PCI,0.9285714285714286,0.0703125,Strong,"(1,1)"
PKJab,random,1,10,1,1,MDA_MF-DF-ALS,0.9285714285714286,0.0703125,Strong,"(1,1)"
PKJab,random,1,10,1,1,MDP_MF-DF-PCI,0.9375,0.0703125,Strong,"(1,1)"
PKJab,random,1,10,1,1,MD_MF-DF,0.9375,0.0703125,Strong,"(1,1)"
PKJab,random,1,10,1,1,PCI,0.95,0.0703125,Strong,"(1,1)"
PKJab,random,1,10,2,1,ALS,0.8229166666666666,0.0703125,Strong,"(2,1)"
PKJab,random,1,10,2,1,AP_ALS-PCI,0.8202247191011236,0.0703125,Strong,"(2,1)"
PKJab,random,1,10,2,1,Default,0.8644067796610169,0.0703125,Strong,"(2,1)"
PKJab,random,1,10,2,1,MDAP_MF-DF-ALS-PCI,0.8125,0.0703125,Strong,"(2,1)"
PKJab,random,1,10,2,1,MDA_MF-DF-ALS,0.8048780487804879,0.0703125,Strong,"(2,1)"
PKJab,random,1,10,2,1,MDP_MF-DF-PCI,0.8173076923076922,0.0703125,Strong,"(2,1)"
PKJab,random,1,10,2,1,MD_MF-DF,0.8130841121495326,0.0703125,Strong,"(2,1)"
PKJab,random,1,10,2,1,PCI,0.8614457831325301,0.0703125,Strong,"(2,1)"
PKJab,random,1,10,3,1,ALS,0.6695906432748538,0.0703125,Strong,"(3,1)"
PKJab,random,1,10,3,1,AP_ALS-PCI,0.6580882352941176,0.0703125,Strong,"(3,1)"
PKJab,random,1,10,3,1,Default,0.7562568008705113,0.0703125,Strong,"(3,1)"
PKJab,random,1,10,3,1,MDAP_MF-DF-ALS-PCI,0.65,0.0703125,Strong,"(3,1)"
PKJab,random,1,10,3,1,MDA_MF-DF-ALS,0.6269230769230769,0.0703125,Strong,"(3,1)"
PKJab,random,1,10,3,1,MDP_MF-DF-PCI,0.6582633053221288,0.0703125,Strong,"(3,1)"
PKJab,random,1,10,3,1,MD_MF-DF,0.6470588235294118,0.0703125,Strong,"(3,1)"
PKJab,random,1,10,3,1,PCI,0.7447368421052631,0.0703125,Strong,"(3,1)"
PKJab,random,1,10,1,2,ALS,1.0,0.0703125,Strong,"(1,1)"
PKJab,random,1,10,1,2,AP_ALS-PCI,1.0,0.0703125,Strong,"(1,1)"
PKJab,random,1,10,1,2,Default,1.0,0.0703125,Strong,"(1,1)"
PKJab,random,1,10,1,2,MDAP_MF-DF-ALS-PCI,1.0,0.0703125,Strong,"(1,1)"
PKJab,random,1,10,1,2,MDA_MF-DF-ALS,1.0,0.0703125,Strong,"(1,1)"
PKJab,random,1,10,1,2,MDP_MF-DF-PCI,1.0,0.0703125,Strong,"(1,1)"
PKJab,random,1,10,1,2,MD_MF-DF,1.0,0.0703125,Strong,"(1,1)"
PKJab,random,1,10,1,2,PCI,1.0,0.0703125,Strong,"(1,1)"
PKJab,random,1,10,2,2,ALS,0.9583333333333331,0.0703125,Strong,"(2,1)"
PKJab,random,1,10,2,2,AP_ALS-PCI,0.9550561797752808,0.0703125,Strong,"(2,1)"
PKJab,random,1,10,2,2,Default,0.9774011299435028,0.0703125,Strong,"(2,1)"
PKJab,random,1,10,2,2,MDAP_MF-DF-ALS-PCI,0.95,0.0703125,Strong,"(2,1)"
PKJab,random,1,10,2,2,MDA_MF-DF-ALS,0.951219512195122,0.0703125,Strong,"(2,1)"
PKJab,random,1,10,2,2,MDP_MF-DF-PCI,0.9615384615384616,0.0703125,Strong,"(2,1)"
PKJab,random,1,10,2,2,MD_MF-DF,0.9626168224299064,0.0703125,Strong,"(2,1)"
PKJab,random,1,10,2,2,PCI,0.9759036144578312,0.0703125,Strong,"(2,1)"
PKJab,random,1,10,3,2,ALS,0.827485380116959,0.0703125,Strong,"(3,1)"
PKJab,random,1,10,3,2,AP_ALS-PCI,0.8051470588235294,0.0703125,Strong,"(3,1)"
PKJab,random,1,10,3,2,Default,0.9042437431991294,0.0703125,Strong,"(3,1)"
PKJab,random,1,10,3,2,MDAP_MF-DF-ALS-PCI,0.7791666666666666,0.0703125,Strong,"(3,1)"
PKJab,random,1,10,3,2,MDA_MF-DF-ALS,0.7884615384615384,0.0703125,Strong,"(3,1)"
PKJab,random,1,10,3,2,MDP_MF-DF-PCI,0.803921568627451,0.0703125,Strong,"(3,1)"
PKJab,random,1,10,3,2,MD_MF-DF,0.8158567774936061,0.0703125,Strong,"(3,1)"
PKJab,random,1,10,3,2,PCI,0.8921052631578947,0.0703125,Strong,"(3,1)"
PKJab,distance,1,10,1,1,ALS,0.8,0.0703125,Strong,"(1,1)"
PKJab,distance,1,10,1,1,AP_ALS-PCI,0.8,0.0703125,Strong,"(1,1)"
PKJab,distance,1,10,1,1,Default,0.8499999999999999,0.0703125,Strong,"(1,1)"
PKJab,distance,1,10,1,1,MDAP_MF-DF-ALS-PCI,0.7857142857142857,0.0703125,Strong,"(1,1)"
PKJab,distance,1,10,1,1,MDA_MF-DF-ALS,0.7857142857142857,0.0703125,Strong,"(1,1)"
PKJab,distance,1,10,1,1,MDP_MF-DF-PCI,0.8125,0.0703125,Strong,"(1,1)"
PKJab,distance,1,10,1,1,MD_MF-DF,0.8125,0.0703125,Strong,"(1,1)"
PKJab,distance,1,10,1,1,PCI,0.8499999999999999,0.0703125,Strong,"(1,1)"
PKJab,distance,1,10,2,1,ALS,0.5625,0.0703125,Strong,"(2,1)"
PKJab,distance,1,10,2,1,AP_ALS-PCI,0.550561797752809,0.0703125,Strong,"(2,1)"
PKJab,distance,1,10,2,1,Default,0.655367231638418,0.0703125,Strong,"(2,1)"
PKJab,distance,1,10,2,1,MDAP_MF-DF-ALS-PCI,0.525,0.0703125,Strong,"(2,1)"
PKJab,distance,1,10,2,1,MDA_MF-DF-ALS,0.524390243902439,0.0703125,Strong,"(2,1)"
PKJab,distance,1,10,2,1,MDP_MF-DF-PCI,0.5673076923076922,0.0703125,Strong,"(2,1)"
PKJab,distance,1,10,2,1,MD_MF-DF,0.5700934579439251,0.0703125,Strong,"(2,1)"
PKJab,distance,1,10,2,1,PCI,0.644578313253012,0.0703125,Strong,"(2,1)"
PKJab,distance,1,10,3,1,ALS,0.3567251461988303,0.0703125,Strong,"(3,1)"
PKJab,distance,1,10,3,1,AP_ALS-PCI,0.3345588235294117,0.0703125,Strong,"(3,1)"
PKJab,distance,1,10,3,1,Default,0.4678998911860718,0.0703125,Strong,"(3,1)"
PKJab,distance,1,10,3,1,MDAP_MF-DF-ALS-PCI,0.3041666666666666,0.0703125,Strong,"(3,1)"
PKJab,distance,1,10,3,1,MDA_MF-DF-ALS,0.3038461538461538,0.0703125,Strong,"(3,1)"
PKJab,distance,1,10,3,1,MDP_MF-DF-PCI,0.3445378151260504,0.0703125,Strong,"(3,1)"
PKJab,distance,1,10,3,1,MD_MF-DF,0.3503836317135549,0.0703125,Strong,"(3,1)"
PKJab,distance,1,10,3,1,PCI,0.4394736842105262,0.0703125,Strong,"(3,1)"
PKJab,distance,1,10,1,2,ALS,0.8,0.0703125,Strong,"(1,1)"
PKJab,distance,1,10,1,2,AP_ALS-PCI,0.8,0.0703125,Strong,"(1,1)"
PKJab,distance,1,10,1,2,Default,0.8499999999999999,0.0703125,Strong,"(1,1)"
PKJab,distance,1,10,1,2,MDAP_MF-DF-ALS-PCI,0.7857142857142857,0.0703125,Strong,"(1,1)"
PKJab,distance,1,10,1,2,MDA_MF-DF-ALS,0.7857142857142857,0.0703125,Strong,"(1,1)"
PKJab,distance,1,10,1,2,MDP_MF-DF-PCI,0.8125,0.0703125,Strong,"(1,1)"
PKJab,distance,1,10,1,2,MD_MF-DF,0.8125,0.0703125,Strong,"(1,1)"
PKJab,distance,1,10,1,2,PCI,0.8499999999999999,0.0703125,Strong,"(1,1)"
PKJab,distance,1,10,2,2,ALS,0.53125,0.0703125,Strong,"(2,1)"
PKJab,distance,1,10,2,2,AP_ALS-PCI,0.5168539325842697,0.0703125,Strong,"(2,1)"
PKJab,distance,1,10,2,2,Default,0.6271186440677966,0.0703125,Strong,"(2,1)"
PKJab,distance,1,10,2,2,MDAP_MF-DF-ALS-PCI,0.4874999999999999,0.0703125,Strong,"(2,1)"
PKJab,distance,1,10,2,2,MDA_MF-DF-ALS,0.4878048780487804,0.0703125,Strong,"(2,1)"
PKJab,distance,1,10,2,2,MDP_MF-DF-PCI,0.5384615384615384,0.0703125,Strong,"(2,1)"
PKJab,distance,1,10,2,2,MD_MF-DF,0.542056074766355,0.0703125,Strong,"(2,1)"
PKJab,distance,1,10,2,2,PCI,0.6144578313253011,0.0703125,Strong,"(2,1)"
PKJab,distance,1,10,3,2,ALS,0.3187134502923976,0.0703125,Strong,"(3,1)"
PKJab,distance,1,10,3,2,AP_ALS-PCI,0.3014705882352941,0.0703125,Strong,"(3,1)"
PKJab,distance,1,10,3,2,Default,0.4221980413492927,0.0703125,Strong,"(3,1)"
PKJab,distance,1,10,3,2,MDAP_MF-DF-ALS-PCI,0.2625,0.0703125,Strong,"(3,1)"
PKJab,distance,1,10,3,2,MDA_MF-DF-ALS,0.2653846153846153,0.0703125,Strong,"(3,1)"
PKJab,distance,1,10,3,2,MDP_MF-DF-PCI,0.3025210084033613,0.0703125,Strong,"(3,1)"
PKJab,distance,1,10,3,2,MD_MF-DF,0.3120204603580562,0.0703125,Strong,"(3,1)"
PKJab,distance,1,10,3,2,PCI,0.3921052631578947,0.0703125,Strong,"(3,1)"
PKJab,solver,1,10,1,1,ALS,0.8,0.0703125,Strong,"(1,1)"
PKJab,solver,1,10,1,1,AP_ALS-PCI,0.8,0.0703125,Strong,"(1,1)"
PKJab,solver,1,10,1,1,Default,0.8499999999999999,0.0703125,Strong,"(1,1)"
PKJab,solver,1,10,1,1,MDAP_MF-DF-ALS-PCI,0.7857142857142857,0.0703125,Strong,"(1,1)"
PKJab,solver,1,10,1,1,MDA_MF-DF-ALS,0.7857142857142857,0.0703125,Strong,"(1,1)"
PKJab,solver,1,10,1,1,MDP_MF-DF-PCI,0.8125,0.0703125,Strong,"(1,1)"
PKJab,solver,1,10,1,1,MD_MF-DF,0.8125,0.0703125,Strong,"(1,1)"
PKJab,solver,1,10,1,1,PCI,0.8499999999999999,0.0703125,Strong,"(1,1)"
PKJab,solver,1,10,2,1,ALS,0.5520833333333333,0.0703125,Strong,"(2,1)"
PKJab,solver,1,10,2,1,AP_ALS-PCI,0.5393258426966292,0.0703125,Strong,"(2,1)"
PKJab,solver,1,10,2,1,Default,0.6440677966101694,0.0703125,Strong,"(2,1)"
PKJab,solver,1,10,2,1,MDAP_MF-DF-ALS-PCI,0.5124999999999998,0.0703125,Strong,"(2,1)"
PKJab,solver,1,10,2,1,MDA_MF-DF-ALS,0.5121951219512195,0.0703125,Strong,"(2,1)"
PKJab,solver,1,10,2,1,MDP_MF-DF-PCI,0.5480769230769231,0.0703125,Strong,"(2,1)"
PKJab,solver,1,10,2,1,MD_MF-DF,0.5514018691588785,0.0703125,Strong,"(2,1)"
PKJab,solver,1,10,2,1,PCI,0.6325301204819276,0.0703125,Strong,"(2,1)"
PKJab,solver,1,10,3,1,ALS,0.347953216374269,0.0703125,Strong,"(3,1)"
PKJab,solver,1,10,3,1,AP_ALS-PCI,0.3272058823529411,0.0703125,Strong,"(3,1)"
PKJab,solver,1,10,3,1,Default,0.455930359085963,0.0703125,Strong,"(3,1)"
PKJab,solver,1,10,3,1,MDAP_MF-DF-ALS-PCI,0.2999999999999999,0.0703125,Strong,"(3,1)"
PKJab,solver,1,10,3,1,MDA_MF-DF-ALS,0.2961538461538461,0.0703125,Strong,"(3,1)"
PKJab,solver,1,10,3,1,MDP_MF-DF-PCI,0.3361344537815126,0.0703125,Strong,"(3,1)"
PKJab,solver,1,10,3,1,MD_MF-DF,0.3375959079283887,0.0703125,Strong,"(3,1)"
PKJab,solver,1,10,3,1,PCI,0.4276315789473684,0.0703125,Strong,"(3,1)"
PKJab,solver,1,10,1,2,ALS,0.8,0.0703125,Strong,"(1,1)"
PKJab,solver,1,10,1,2,AP_ALS-PCI,0.8,0.0703125,Strong,"(1,1)"
PKJab,solver,1,10,1,2,Default,0.8499999999999999,0.0703125,Strong,"(1,1)"
PKJab,solver,1,10,1,2,MDAP_MF-DF-ALS-PCI,0.7857142857142857,0.0703125,Strong,"(1,1)"
PKJab,solver,1,10,1,2,MDA_MF-DF-ALS,0.7857142857142857,0.0703125,Strong,"(1,1)"
PKJab,solver,1,10,1,2,MDP_MF-DF-PCI,0.8125,0.0703125,Strong,"(1,1)"
PKJab,solver,1,10,1,2,MD_MF-DF,0.8125,0.0703125,Strong,"(1,1)"
PKJab,solver,1,10,1,2,PCI,0.8499999999999999,0.0703125,Strong,"(1,1)"
PKJab,solver,1,10,2,2,ALS,0.5520833333333333,0.0703125,Strong,"(2,1)"
PKJab,solver,1,10,2,2,AP_ALS-PCI,0.5393258426966292,0.0703125,Strong,"(2,1)"
PKJab,solver,1,10,2,2,Default,0.6440677966101694,0.0703125,Strong,"(2,1)"
PKJab,solver,1,10,2,2,MDAP_MF-DF-ALS-PCI,0.5124999999999998,0.0703125,Strong,"(2,1)"
PKJab,solver,1,10,2,2,MDA_MF-DF-ALS,0.5121951219512195,0.0703125,Strong,"(2,1)"
PKJab,solver,1,10,2,2,MDP_MF-DF-PCI,0.5480769230769231,0.0703125,Strong,"(2,1)"
PKJab,solver,1,10,2,2,MD_MF-DF,0.5514018691588785,0.0703125,Strong,"(2,1)"
PKJab,solver,1,10,2,2,PCI,0.6325301204819276,0.0703125,Strong,"(2,1)"
PKJab,solver,1,10,3,2,ALS,0.347953216374269,0.0703125,Strong,"(3,1)"
PKJab,solver,1,10,3,2,AP_ALS-PCI,0.3272058823529411,0.0703125,Strong,"(3,1)"
PKJab,solver,1,10,3,2,Default,0.455930359085963,0.0703125,Strong,"(3,1)"
PKJab,solver,1,10,3,2,MDAP_MF-DF-ALS-PCI,0.2999999999999999,0.0703125,Strong,"(3,1)"
PKJab,solver,1,10,3,2,MDA_MF-DF-ALS,0.2961538461538461,0.0703125,Strong,"(3,1)"
PKJab,solver,1,10,3,2,MDP_MF-DF-PCI,0.3361344537815126,0.0703125,Strong,"(3,1)"
PKJab,solver,1,10,3,2,MD_MF-DF,0.3375959079283887,0.0703125,Strong,"(3,1)"
PKJab,solver,1,10,3,2,PCI,0.4276315789473684,0.0703125,Strong,"(3,1)"
PKJab,random,2,10,1,1,ALS,1.0,0.0703125,Strong,"(1,2)"
PKJab,random,2,10,1,1,AP_ALS-PCI,1.0,0.0703125,Strong,"(1,2)"
PKJab,random,2,10,1,1,Default,1.0,0.0703125,Strong,"(1,2)"
PKJab,random,2,10,1,1,MDAP_MF-DF-ALS-PCI,1.0,0.0703125,Strong,"(1,2)"
PKJab,random,2,10,1,1,MDA_MF-DF-ALS,1.0,0.0703125,Strong,"(1,2)"
PKJab,random,2,10,1,1,MDP_MF-DF-PCI,1.0,0.0703125,Strong,"(1,2)"
PKJab,random,2,10,1,1,MD_MF-DF,1.0,0.0703125,Strong,"(1,2)"
PKJab,random,2,10,1,1,PCI,1.0,0.0703125,Strong,"(1,2)"
PKJab,random,2,10,2,1,ALS,0.90625,0.0703125,Strong,"(2,2)"
PKJab,random,2,10,2,1,AP_ALS-PCI,0.898876404494382,0.0703125,Strong,"(2,2)"
PKJab,random,2,10,2,1,Default,0.9209039548022598,0.0703125,Strong,"(2,2)"
PKJab,random,2,10,2,1,MDAP_MF-DF-ALS-PCI,0.8874999999999998,0.0703125,Strong,"(2,2)"
PKJab,random,2,10,2,1,MDA_MF-DF-ALS,0.8902439024390244,0.0703125,Strong,"(2,2)"
PKJab,random,2,10,2,1,MDP_MF-DF-PCI,0.8653846153846154,0.0703125,Strong,"(2,2)"
PKJab,random,2,10,2,1,MD_MF-DF,0.8691588785046728,0.0703125,Strong,"(2,2)"
PKJab,random,2,10,2,1,PCI,0.9156626506024096,0.0703125,Strong,"(2,2)"
PKJab,random,2,10,3,1,ALS,0.7368421052631579,0.0703125,Strong,"(3,2)"
PKJab,random,2,10,3,1,AP_ALS-PCI,0.6911764705882352,0.0703125,Strong,"(3,2)"
PKJab,random,2,10,3,1,Default,0.8041349292709467,0.0703125,Strong,"(3,2)"
PKJab,random,2,10,3,1,MDAP_MF-DF-ALS-PCI,0.6708333333333332,0.0703125,Strong,"(3,2)"
PKJab,random,2,10,3,1,MDA_MF-DF-ALS,0.6884615384615383,0.0703125,Strong,"(3,2)"
PKJab,random,2,10,3,1,MDP_MF-DF-PCI,0.6610644257703081,0.0703125,Strong,"(3,2)"
PKJab,random,2,10,3,1,MD_MF-DF,0.6828644501278772,0.0703125,Strong,"(3,2)"
PKJab,random,2,10,3,1,PCI,0.775,0.0703125,Strong,"(3,2)"
PKJab,random,2,10,1,2,ALS,1.0,0.0703125,Strong,"(1,2)"
PKJab,random,2,10,1,2,AP_ALS-PCI,1.0,0.0703125,Strong,"(1,2)"
PKJab,random,2,10,1,2,Default,1.0,0.0703125,Strong,"(1,2)"
PKJab,random,2,10,1,2,MDAP_MF-DF-ALS-PCI,1.0,0.0703125,Strong,"(1,2)"
PKJab,random,2,10,1,2,MDA_MF-DF-ALS,1.0,0.0703125,Strong,"(1,2)"
PKJab,random,2,10,1,2,MDP_MF-DF-PCI,1.0,0.0703125,Strong,"(1,2)"
PKJab,random,2,10,1,2,MD_MF-DF,1.0,0.0703125,Strong,"(1,2)"
PKJab,random,2,10,1,2,PCI,1.0,0.0703125,Strong,"(1,2)"
PKJab,random,2,10,2,2,ALS,0.9479166666666666,0.0703125,Strong,"(2,2)"
PKJab,random,2,10,2,2,AP_ALS-PCI,0.9438202247191012,0.0703125,Strong,"(2,2)"
PKJab,random,2,10,2,2,Default,0.9717514124293783,0.0703125,Strong,"(2,2)"
PKJab,random,2,10,2,2,MDAP_MF-DF-ALS-PCI,0.9375,0.0703125,Strong,"(2,2)"
PKJab,random,2,10,2,2,MDA_MF-DF-ALS,0.9390243902439024,0.0703125,Strong,"(2,2)"
PKJab,random,2,10,2,2,MDP_MF-DF-PCI,0.9519230769230768,0.0703125,Strong,"(2,2)"
PKJab,random,2,10,2,2,MD_MF-DF,0.9532710280373832,0.0703125,Strong,"(2,2)"
PKJab,random,2,10,2,2,PCI,0.9698795180722892,0.0703125,Strong,"(2,2)"
PKJab,random,2,10,3,2,ALS,0.7923976608187134,0.0703125,Strong,"(3,2)"
PKJab,random,2,10,3,2,AP_ALS-PCI,0.7573529411764705,0.0703125,Strong,"(3,2)"
PKJab,random,2,10,3,2,Default,0.8803046789989118,0.0703125,Strong,"(3,2)"
PKJab,random,2,10,3,2,MDAP_MF-DF-ALS-PCI,0.7333333333333332,0.0703125,Strong,"(3,2)"
PKJab,random,2,10,3,2,MDA_MF-DF-ALS,0.7461538461538461,0.0703125,Strong,"(3,2)"
PKJab,random,2,10,3,2,MDP_MF-DF-PCI,0.753501400560224,0.0703125,Strong,"(3,2)"
PKJab,random,2,10,3,2,MD_MF-DF,0.7698209718670077,0.0703125,Strong,"(3,2)"
PKJab,random,2,10,3,2,PCI,0.8618421052631579,0.0703125,Strong,"(3,2)"
PKJab,distance,2,10,1,1,ALS,0.8,0.0703125,Strong,"(1,2)"
PKJab,distance,2,10,1,1,AP_ALS-PCI,0.8,0.0703125,Strong,"(1,2)"
PKJab,distance,2,10,1,1,Default,0.8499999999999999,0.0703125,Strong,"(1,2)"
PKJab,distance,2,10,1,1,MDAP_MF-DF-ALS-PCI,0.7857142857142857,0.0703125,Strong,"(1,2)"
PKJab,distance,2,10,1,1,MDA_MF-DF-ALS,0.7857142857142857,0.0703125,Strong,"(1,2)"
PKJab,distance,2,10,1,1,MDP_MF-DF-PCI,0.8125,0.0703125,Strong,"(1,2)"
PKJab,distance,2,10,1,1,MD_MF-DF,0.8125,0.0703125,Strong,"(1,2)"
PKJab,distance,2,10,1,1,PCI,0.8499999999999999,0.0703125,Strong,"(1,2)"
PKJab,distance,2,10,2,1,ALS,0.5625,0.0703125,Strong,"(2,2)"
PKJab,distance,2,10,2,1,AP_ALS-PCI,0.550561797752809,0.0703125,Strong,"(2,2)"
PKJab,distance,2,10,2,1,Default,0.655367231638418,0.0703125,Strong,"(2,2)"
PKJab,distance,2,10,2,1,MDAP_MF-DF-ALS-PCI,0.525,0.0703125,Strong,"(2,2)"
PKJab,distance,2,10,2,1,MDA_MF-DF-ALS,0.524390243902439,0.0703125,Strong,"(2,2)"
PKJab,distance,2,10,2,1,MDP_MF-DF-PCI,0.5673076923076922,0.0703125,Strong,"(2,2)"
PKJab,distance,2,10,2,1,MD_MF-DF,0.5700934579439251,0.0703125,Strong,"(2,2)"
PKJab,distance,2,10,2,1,PCI,0.644578313253012,0.0703125,Strong,"(2,2)"
PKJab,distance,2,10,3,1,ALS,0.3567251461988303,0.0703125,Strong,"(3,2)"
PKJab,distance,2,10,3,1,AP_ALS-PCI,0.3345588235294117,0.0703125,Strong,"(3,2)"
PKJab,distance,2,10,3,1,Default,0.4678998911860718,0.0703125,Strong,"(3,2)"
PKJab,distance,2,10,3,1,MDAP_MF-DF-ALS-PCI,0.3041666666666666,0.0703125,Strong,"(3,2)"
PKJab,distance,2,10,3,1,MDA_MF-DF-ALS,0.3038461538461538,0.0703125,Strong,"(3,2)"
PKJab,distance,2,10,3,1,MDP_MF-DF-PCI,0.3445378151260504,0.0703125,Strong,"(3,2)"
PKJab,distance,2,10,3,1,MD_MF-DF,0.3503836317135549,0.0703125,Strong,"(3,2)"
PKJab,distance,2,10,3,1,PCI,0.4394736842105262,0.0703125,Strong,"(3,2)"
PKJab,distance,2,10,1,2,ALS,0.8,0.0703125,Strong,"(1,2)"
PKJab,distance,2,10,1,2,AP_ALS-PCI,0.8,0.0703125,Strong,"(1,2)"
PKJab,distance,2,10,1,2,Default,0.8499999999999999,0.0703125,Strong,"(1,2)"
PKJab,distance,2,10,1,2,MDAP_MF-DF-ALS-PCI,0.7857142857142857,0.0703125,Strong,"(1,2)"
PKJab,distance,2,10,1,2,MDA_MF-DF-ALS,0.7857142857142857,0.0703125,Strong,"(1,2)"
PKJab,distance,2,10,1,2,MDP_MF-DF-PCI,0.8125,0.0703125,Strong,"(1,2)"
PKJab,distance,2,10,1,2,MD_MF-DF,0.8125,0.0703125,Strong,"(1,2)"
PKJab,distance,2,10,1,2,PCI,0.8499999999999999,0.0703125,Strong,"(1,2)"
PKJab,distance,2,10,2,2,ALS,0.53125,0.0703125,Strong,"(2,2)"
PKJab,distance,2,10,2,2,AP_ALS-PCI,0.5168539325842697,0.0703125,Strong,"(2,2)"
PKJab,distance,2,10,2,2,Default,0.6271186440677966,0.0703125,Strong,"(2,2)"
PKJab,distance,2,10,2,2,MDAP_MF-DF-ALS-PCI,0.4874999999999999,0.0703125,Strong,"(2,2)"
PKJab,distance,2,10,2,2,MDA_MF-DF-ALS,0.4878048780487804,0.0703125,Strong,"(2,2)"
PKJab,distance,2,10,2,2,MDP_MF-DF-PCI,0.5384615384615384,0.0703125,Strong,"(2,2)"
PKJab,distance,2,10,2,2,MD_MF-DF,0.542056074766355,0.0703125,Strong,"(2,2)"
PKJab,distance,2,10,2,2,PCI,0.6144578313253011,0.0703125,Strong,"(2,2)"
PKJab,distance,2,10,3,2,ALS,0.3187134502923976,0.0703125,Strong,"(3,2)"
PKJab,distance,2,10,3,2,AP_ALS-PCI,0.3014705882352941,0.0703125,Strong,"(3,2)"
PKJab,distance,2,10,3,2,Default,0.4221980413492927,0.0703125,Strong,"(3,2)"
PKJab,distance,2,10,3,2,MDAP_MF-DF-ALS-PCI,0.2625,0.0703125,Strong,"(3,2)"
PKJab,distance,2,10,3,2,MDA_MF-DF-ALS,0.2653846153846153,0.0703125,Strong,"(3,2)"
PKJab,distance,2,10,3,2,MDP_MF-DF-PCI,0.3025210084033613,0.0703125,Strong,"(3,2)"
PKJab,distance,2,10,3,2,MD_MF-DF,0.3120204603580562,0.0703125,Strong,"(3,2)"
PKJab,distance,2,10,3,2,PCI,0.3921052631578947,0.0703125,Strong,"(3,2)"
PKJab,solver,2,10,1,1,ALS,0.8,0.0703125,Strong,"(1,2)"
PKJab,solver,2,10,1,1,AP_ALS-PCI,0.8,0.0703125,Strong,"(1,2)"
PKJab,solver,2,10,1,1,Default,0.8499999999999999,0.0703125,Strong,"(1,2)"
PKJab,solver,2,10,1,1,MDAP_MF-DF-ALS-PCI,0.7857142857142857,0.0703125,Strong,"(1,2)"
PKJab,solver,2,10,1,1,MDA_MF-DF-ALS,0.7857142857142857,0.0703125,Strong,"(1,2)"
PKJab,solver,2,10,1,1,MDP_MF-DF-PCI,0.8125,0.0703125,Strong,"(1,2)"
PKJab,solver,2,10,1,1,MD_MF-DF,0.8125,0.0703125,Strong,"(1,2)"
PKJab,solver,2,10,1,1,PCI,0.8499999999999999,0.0703125,Strong,"(1,2)"
PKJab,solver,2,10,2,1,ALS,0.5520833333333333,0.0703125,Strong,"(2,2)"
PKJab,solver,2,10,2,1,AP_ALS-PCI,0.5393258426966292,0.0703125,Strong,"(2,2)"
PKJab,solver,2,10,2,1,Default,0.6440677966101694,0.0703125,Strong,"(2,2)"
PKJab,solver,2,10,2,1,MDAP_MF-DF-ALS-PCI,0.5124999999999998,0.0703125,Strong,"(2,2)"
PKJab,solver,2,10,2,1,MDA_MF-DF-ALS,0.5121951219512195,0.0703125,Strong,"(2,2)"
PKJab,solver,2,10,2,1,MDP_MF-DF-PCI,0.5480769230769231,0.0703125,Strong,"(2,2)"
PKJab,solver,2,10,2,1,MD_MF-DF,0.5514018691588785,0.0703125,Strong,"(2,2)"
PKJab,solver,2,10,2,1,PCI,0.6325301204819276,0.0703125,Strong,"(2,2)"
PKJab,solver,2,10,3,1,ALS,0.347953216374269,0.0703125,Strong,"(3,2)"
PKJab,solver,2,10,3,1,AP_ALS-PCI,0.3272058823529411,0.0703125,Strong,"(3,2)"
PKJab,solver,2,10,3,1,Default,0.455930359085963,0.0703125,Strong,"(3,2)"
PKJab,solver,2,10,3,1,MDAP_MF-DF-ALS-PCI,0.2999999999999999,0.0703125,Strong,"(3,2)"
PKJab,solver,2,10,3,1,MDA_MF-DF-ALS,0.2961538461538461,0.0703125,Strong,"(3,2)"
PKJab,solver,2,10,3,1,MDP_MF-DF-PCI,0.3361344537815126,0.0703125,Strong,"(3,2)"
PKJab,solver,2,10,3,1,MD_MF-DF,0.3375959079283887,0.0703125,Strong,"(3,2)"
PKJab,solver,2,10,3,1,PCI,0.4276315789473684,0.0703125,Strong,"(3,2)"
PKJab,solver,2,10,1,2,ALS,0.8,0.0703125,Strong,"(1,2)"
PKJab,solver,2,10,1,2,AP_ALS-PCI,0.8,0.0703125,Strong,"(1,2)"
PKJab,solver,2,10,1,2,Default,0.8499999999999999,0.0703125,Strong,"(1,2)"
PKJab,solver,2,10,1,2,MDAP_MF-DF-ALS-PCI,0.7857142857142857,0.0703125,Strong,"(1,2)"
PKJab,solver,2,10,1,2,MDA_MF-DF-ALS,0.7857142857142857,0.0703125,Strong,"(1,2)"
PKJab,solver,2,10,1,2,MDP_MF-DF-PCI,0.8125,0.0703125,Strong,"(1,2)"
PKJab,solver,2,10,1,2,MD_MF-DF,0.8125,0.0703125,Strong,"(1,2)"
PKJab,solver,2,10,1,2,PCI,0.8499999999999999,0.0703125,Strong,"(1,2)"
PKJab,solver,2,10,2,2,ALS,0.5520833333333333,0.0703125,Strong,"(2,2)"
PKJab,solver,2,10,2,2,AP_ALS-PCI,0.5393258426966292,0.0703125,Strong,"(2,2)"
PKJab,solver,2,10,2,2,Default,0.6440677966101694,0.0703125,Strong,"(2,2)"
PKJab,solver,2,10,2,2,MDAP_MF-DF-ALS-PCI,0.5124999999999998,0.0703125,Strong,"(2,2)"
PKJab,solver,2,10,2,2,MDA_MF-DF-ALS,0.5121951219512195,0.0703125,Strong,"(2,2)"
PKJab,solver,2,10,2,2,MDP_MF-DF-PCI,0.5480769230769231,0.0703125,Strong,"(2,2)"
PKJab,solver,2,10,2,2,MD_MF-DF,0.5514018691588785,0.0703125,Strong,"(2,2)"
PKJab,solver,2,10,2,2,PCI,0.6325301204819276,0.0703125,Strong,"(2,2)"
PKJab,solver,2,10,3,2,ALS,0.347953216374269,0.0703125,Strong,"(3,2)"
PKJab,solver,2,10,3,2,AP_ALS-PCI,0.3272058823529411,0.0703125,Strong,"(3,2)"
PKJab,solver,2,10,3,2,Default,0.455930359085963,0.0703125,Strong,"(3,2)"
PKJab,solver,2,10,3,2,MDAP_MF-DF-ALS-PCI,0.2999999999999999,0.0703125,Strong,"(3,2)"
PKJab,solver,2,10,3,2,MDA_MF-DF-ALS,0.2961538461538461,0.0703125,Strong,"(3,2)"
PKJab,solver,2,10,3,2,MDP_MF-DF-PCI,0.3361344537815126,0.0703125,Strong,"(3,2)"
PKJab,solver,2,10,3,2,MD_MF-DF,0.3375959079283887,0.0703125,Strong,"(3,2)"
PKJab,solver,2,10,3,2,PCI,0.4276315789473684,0.0703125,Strong,"(3,2)"
SQLite,random,1,10,1,1,ALS,0.9824561403508772,1.43051e-05,Very Strong,"(1,1)"
SQLite,random,1,10,1,1,AP_ALS-PCI,0.9824561403508772,1.43051e-05,Very Strong,"(1,1)"
SQLite,random,1,10,1,1,Default,0.9857142857142857,1.43051e-05,Very Strong,"(1,1)"
SQLite,random,1,10,1,1,MDAP_MF-DF-ALS-PCI,0.9821428571428572,1.43051e-05,Very Strong,"(1,1)"
SQLite,random,1,10,1,1,MDA_MF-DF-ALS,0.9821428571428572,1.43051e-05,Very Strong,"(1,1)"
SQLite,random,1,10,1,1,MDP_MF-DF-PCI,0.9833333333333332,1.43051e-05,Very Strong,"(1,1)"
SQLite,random,1,10,1,1,MD_MF-DF,0.9833333333333332,1.43051e-05,Very Strong,"(1,1)"
SQLite,random,1,10,1,1,PCI,0.9857142857142857,1.43051e-05,Very Strong,"(1,1)"
SQLite,random,1,10,2,1,ALS,0.8766946417043253,1.43051e-05,Very Strong,"(2,1)"
SQLite,random,1,10,2,1,AP_ALS-PCI,0.8763754045307443,1.43051e-05,Very Strong,"(2,1)"
SQLite,random,1,10,2,1,Default,0.9047417442845048,1.43051e-05,Very Strong,"(2,1)"
SQLite,random,1,10,2,1,MDAP_MF-DF-ALS-PCI,0.8723975822699798,1.43051e-05,Very Strong,"(2,1)"
SQLite,random,1,10,2,1,MDA_MF-DF-ALS,0.8727394507702612,1.43051e-05,Very Strong,"(2,1)"
SQLite,random,1,10,2,1,MDP_MF-DF-PCI,0.8744892002335085,1.43051e-05,Very Strong,"(2,1)"
SQLite,random,1,10,2,1,MD_MF-DF,0.8747815958066395,1.43051e-05,Very Strong,"(2,1)"
SQLite,random,1,10,2,1,PCI,0.9031424881618596,1.43051e-05,Very Strong,"(2,1)"
SQLite,random,1,10,3,1,ALS,0.6798668760750878,1.43051e-05,Very Strong,"(3,1)"
SQLite,random,1,10,3,1,AP_ALS-PCI,0.6796021400045211,1.43051e-05,Very Strong,"(3,1)"
SQLite,random,1,10,3,1,Default,0.7556774911640077,1.43051e-05,Very Strong,"(3,1)"
SQLite,random,1,10,3,1,MDAP_MF-DF-ALS-PCI,0.6681435357043068,1.43051e-05,Very Strong,"(3,1)"
SQLite,random,1,10,3,1,MDA_MF-DF-ALS,0.6684621173115766,1.43051e-05,Very Strong,"(3,1)"
SQLite,random,1,10,3,1,MDP_MF-DF-PCI,0.6692573123931762,1.43051e-05,Very Strong,"(3,1)"
SQLite,random,1,10,3,1,MD_MF-DF,0.6695493417891804,1.43051e-05,Very Strong,"(3,1)"
SQLite,random,1,10,3,1,PCI,0.7479062320387552,1.43051e-05,Very Strong,"(3,1)"
SQLite,random,1,10,1,2,ALS,1.0,1.43051e-05,Very Strong,"(1,1)"
SQLite,random,1,10,1,2,AP_ALS-PCI,1.0,1.43051e-05,Very Strong,"(1,1)"
SQLite,random,1,10,1,2,Default,1.0,1.43051e-05,Very Strong,"(1,1)"
SQLite,random,1,10,1,2,MDAP_MF-DF-ALS-PCI,1.0,1.43051e-05,Very Strong,"(1,1)"
SQLite,random,1,10,1,2,MDA_MF-DF-ALS,1.0,1.43051e-05,Very Strong,"(1,1)"
SQLite,random,1,10,1,2,MDP_MF-DF-PCI,1.0,1.43051e-05,Very Strong,"(1,1)"
SQLite,random,1,10,1,2,MD_MF-DF,1.0,1.43051e-05,Very Strong,"(1,1)"
SQLite,random,1,10,1,2,PCI,1.0,1.43051e-05,Very Strong,"(1,1)"
SQLite,random,1,10,2,2,ALS,0.9076823757262747,1.43051e-05,Very Strong,"(2,1)"
SQLite,random,1,10,2,2,AP_ALS-PCI,0.9074433656957928,1.43051e-05,Very Strong,"(2,1)"
SQLite,random,1,10,2,2,Default,0.9335309060118544,1.43051e-05,Very Strong,"(2,1)"
SQLite,random,1,10,2,2,MDAP_MF-DF-ALS-PCI,0.9039623908663532,1.43051e-05,Very Strong,"(2,1)"
SQLite,random,1,10,2,2,MDA_MF-DF-ALS,0.9042196918955124,1.43051e-05,Very Strong,"(2,1)"
SQLite,random,1,10,2,2,MDP_MF-DF-PCI,0.908347927612376,1.43051e-05,Very Strong,"(2,1)"
SQLite,random,1,10,2,2,MD_MF-DF,0.908561444379732,1.43051e-05,Very Strong,"(2,1)"
SQLite,random,1,10,2,2,PCI,0.9324149806284976,1.43051e-05,Very Strong,"(2,1)"
SQLite,random,1,10,3,2,ALS,0.7157280682073143,1.43051e-05,Very Strong,"(3,1)"
SQLite,random,1,10,3,2,AP_ALS-PCI,0.7158842589104061,1.43051e-05,Very Strong,"(3,1)"
SQLite,random,1,10,3,2,Default,0.7915682177657144,1.43051e-05,Very Strong,"(3,1)"
SQLite,random,1,10,3,2,MDAP_MF-DF-ALS-PCI,0.7047060232307508,1.43051e-05,Very Strong,"(3,1)"
SQLite,random,1,10,3,2,MDA_MF-DF-ALS,0.7045823596974137,1.43051e-05,Very Strong,"(3,1)"
SQLite,random,1,10,3,2,MDP_MF-DF-PCI,0.7085362314166854,1.43051e-05,Very Strong,"(3,1)"
SQLite,random,1,10,3,2,MD_MF-DF,0.7084013964959482,1.43051e-05,Very Strong,"(3,1)"
SQLite,random,1,10,3,2,PCI,0.7850808769192873,1.43051e-05,Very Strong,"(3,1)"
SQLite,distance,1,10,1,1,ALS,0.807017543859649,1.43051e-05,Very Strong,"(1,1)"
SQLite,distance,1,10,1,1,AP_ALS-PCI,0.807017543859649,1.43051e-05,Very Strong,"(1,1)"
SQLite,distance,1,10,1,1,Default,0.8142857142857142,1.43051e-05,Very Strong,"(1,1)"
SQLite,distance,1,10,1,1,MDAP_MF-DF-ALS-PCI,0.8035714285714286,1.43051e-05,Very Strong,"(1,1)"
SQLite,distance,1,10,1,1,MDA_MF-DF-ALS,0.8035714285714286,1.43051e-05,Very Strong,"(1,1)"
SQLite,distance,1,10,1,1,MDP_MF-DF-PCI,0.7833333333333333,1.43051e-05,Very Strong,"(1,1)"
SQLite,distance,1,10,1,1,MD_MF-DF,0.7833333333333333,1.43051e-05,Very Strong,"(1,1)"
SQLite,distance,1,10,1,1,PCI,0.8142857142857142,1.43051e-05,Very Strong,"(1,1)"
SQLite,distance,1,10,2,1,ALS,0.5874757908327953,1.43051e-05,Very Strong,"(2,1)"
SQLite,distance,1,10,2,1,AP_ALS-PCI,0.5883495145631068,1.43051e-05,Very Strong,"(2,1)"
SQLite,distance,1,10,2,1,Default,0.6033022861981371,1.43051e-05,Very Strong,"(2,1)"
SQLite,distance,1,10,2,1,MDAP_MF-DF-ALS-PCI,0.58025520483546,1.43051e-05,Very Strong,"(2,1)"
SQLite,distance,1,10,2,1,MDA_MF-DF-ALS,0.579370395177495,1.43051e-05,Very Strong,"(2,1)"
SQLite,distance,1,10,2,1,MDP_MF-DF-PCI,0.556333917104495,1.43051e-05,Very Strong,"(2,1)"
SQLite,distance,1,10,2,1,MD_MF-DF,0.5556202679091438,1.43051e-05,Very Strong,"(2,1)"
SQLite,distance,1,10,2,1,PCI,0.6013775290572535,1.43051e-05,Very Strong,"(2,1)"
SQLite,distance,1,10,3,1,ALS,0.3949592401465859,1.43051e-05,Very Strong,"(3,1)"
SQLite,distance,1,10,3,1,AP_ALS-PCI,0.3966166829929922,1.43051e-05,Very Strong,"(3,1)"
SQLite,distance,1,10,3,1,Default,0.414403155572045,1.43051e-05,Very Strong,"(3,1)"
SQLite,distance,1,10,3,1,MDAP_MF-DF-ALS-PCI,0.3857023111004669,1.43051e-05,Very Strong,"(3,1)"
SQLite,distance,1,10,3,1,MDA_MF-DF-ALS,0.3840548140520416,1.43051e-05,Very Strong,"(3,1)"
SQLite,distance,1,10,3,1,MDP_MF-DF-PCI,0.3666677416233996,1.43051e-05,Very Strong,"(3,1)"
SQLite,distance,1,10,3,1,MD_MF-DF,0.3653310271932353,1.43051e-05,Very Strong,"(3,1)"
SQLite,distance,1,10,3,1,PCI,0.409598489202726,1.43051e-05,Very Strong,"(3,1)"
SQLite,distance,1,10,1,2,ALS,0.8245614035087719,1.43051e-05,Very Strong,"(1,1)"
SQLite,distance,1,10,1,2,AP_ALS-PCI,0.8245614035087719,1.43051e-05,Very Strong,"(1,1)"
SQLite,distance,1,10,1,2,Default,0.8285714285714286,1.43051e-05,Very Strong,"(1,1)"
SQLite,distance,1,10,1,2,MDAP_MF-DF-ALS-PCI,0.8214285714285714,1.43051e-05,Very Strong,"(1,1)"
SQLite,distance,1,10,1,2,MDA_MF-DF-ALS,0.8214285714285714,1.43051e-05,Very Strong,"(1,1)"
SQLite,distance,1,10,1,2,MDP_MF-DF-PCI,0.8,1.43051e-05,Very Strong,"(1,1)"
SQLite,distance,1,10,1,2,MD_MF-DF,0.8,1.43051e-05,Very Strong,"(1,1)"
SQLite,distance,1,10,1,2,PCI,0.8285714285714286,1.43051e-05,Very Strong,"(1,1)"
SQLite,distance,1,10,2,2,ALS,0.5971594577146546,1.43051e-05,Very Strong,"(2,1)"
SQLite,distance,1,10,2,2,AP_ALS-PCI,0.5980582524271844,1.43051e-05,Very Strong,"(2,1)"
SQLite,distance,1,10,2,2,Default,0.6096528365791702,1.43051e-05,Very Strong,"(2,1)"
SQLite,distance,1,10,2,2,MDAP_MF-DF-ALS-PCI,0.5896574882471457,1.43051e-05,Very Strong,"(2,1)"
SQLite,distance,1,10,2,2,MDA_MF-DF-ALS,0.5887474882786335,1.43051e-05,Very Strong,"(2,1)"
SQLite,distance,1,10,2,2,MDP_MF-DF-PCI,0.5656742556917688,1.43051e-05,Very Strong,"(2,1)"
SQLite,distance,1,10,2,2,MD_MF-DF,0.564938846825859,1.43051e-05,Very Strong,"(2,1)"
SQLite,distance,1,10,2,2,PCI,0.6078346965131296,1.43051e-05,Very Strong,"(2,1)"
SQLite,distance,1,10,3,2,ALS,0.3961184653354274,1.43051e-05,Very Strong,"(3,1)"
SQLite,distance,1,10,3,2,AP_ALS-PCI,0.3978599954788636,1.43051e-05,Very Strong,"(3,1)"
SQLite,distance,1,10,3,2,Default,0.413348694616391,1.43051e-05,Very Strong,"(3,1)"
SQLite,distance,1,10,3,2,MDAP_MF-DF-ALS-PCI,0.3864607033089849,1.43051e-05,Very Strong,"(3,1)"
SQLite,distance,1,10,3,2,MDA_MF-DF-ALS,0.3847281080438829,1.43051e-05,Very Strong,"(3,1)"
SQLite,distance,1,10,3,2,MDP_MF-DF-PCI,0.3681511819149279,1.43051e-05,Very Strong,"(3,1)"
SQLite,distance,1,10,3,2,MD_MF-DF,0.3667403350309086,1.43051e-05,Very Strong,"(3,1)"
SQLite,distance,1,10,3,2,PCI,0.409967977666475,1.43051e-05,Very Strong,"(3,1)"
SQLite,solver,1,10,1,1,ALS,0.6140350877192982,1.43051e-05,Very Strong,"(1,1)"
SQLite,solver,1,10,1,1,AP_ALS-PCI,0.6140350877192982,1.43051e-05,Very Strong,"(1,1)"
SQLite,solver,1,10,1,1,Default,0.6285714285714284,1.43051e-05,Very Strong,"(1,1)"
SQLite,solver,1,10,1,1,MDAP_MF-DF-ALS-PCI,0.6071428571428571,1.43051e-05,Very Strong,"(1,1)"
SQLite,solver,1,10,1,1,MDA_MF-DF-ALS,0.6071428571428571,1.43051e-05,Very Strong,"(1,1)"
SQLite,solver,1,10,1,1,MDP_MF-DF-PCI,0.5999999999999999,1.43051e-05,Very Strong,"(1,1)"
SQLite,solver,1,10,1,1,MD_MF-DF,0.5999999999999999,1.43051e-05,Very Strong,"(1,1)"
SQLite,solver,1,10,1,1,PCI,0.6285714285714284,1.43051e-05,Very Strong,"(1,1)"
SQLite,solver,1,10,2,1,ALS,0.3660426081342801,1.43051e-05,Very Strong,"(2,1)"
SQLite,solver,1,10,2,1,AP_ALS-PCI,0.3669902912621359,1.43051e-05,Very Strong,"(2,1)"
SQLite,solver,1,10,2,1,Default,0.3873835732430143,1.43051e-05,Very Strong,"(2,1)"
SQLite,solver,1,10,2,1,MDAP_MF-DF-ALS-PCI,0.3579583613163197,1.43051e-05,Very Strong,"(2,1)"
SQLite,solver,1,10,2,1,MDA_MF-DF-ALS,0.3569993302076356,1.43051e-05,Very Strong,"(2,1)"
SQLite,solver,1,10,2,1,MDP_MF-DF-PCI,0.3514302393461762,1.43051e-05,Very Strong,"(2,1)"
SQLite,solver,1,10,2,1,MD_MF-DF,0.3506115317414094,1.43051e-05,Very Strong,"(2,1)"
SQLite,solver,1,10,2,1,PCI,0.3861386138613861,1.43051e-05,Very Strong,"(2,1)"
SQLite,solver,1,10,3,1,ALS,0.2143818712138209,1.43051e-05,Very Strong,"(3,1)"
SQLite,solver,1,10,3,1,AP_ALS-PCI,0.2159972873182126,1.43051e-05,Very Strong,"(3,1)"
SQLite,solver,1,10,3,1,Default,0.2358087129718224,1.43051e-05,Very Strong,"(3,1)"
SQLite,solver,1,10,3,1,MDAP_MF-DF-ALS-PCI,0.207559972857542,1.43051e-05,Very Strong,"(3,1)"
SQLite,solver,1,10,3,1,MDA_MF-DF-ALS,0.2059487504455622,1.43051e-05,Very Strong,"(3,1)"
SQLite,solver,1,10,3,1,MDP_MF-DF-PCI,0.2031668225353929,1.43051e-05,Very Strong,"(3,1)"
SQLite,solver,1,10,3,1,MD_MF-DF,0.2017872585759585,1.43051e-05,Very Strong,"(3,1)"
SQLite,solver,1,10,3,1,PCI,0.2338656704162903,1.43051e-05,Very Strong,"(3,1)"
SQLite,solver,1,10,1,2,ALS,0.6140350877192982,1.43051e-05,Very Strong,"(1,1)"
SQLite,solver,1,10,1,2,AP_ALS-PCI,0.6140350877192982,1.43051e-05,Very Strong,"(1,1)"
SQLite,solver,1,10,1,2,Default,0.6285714285714284,1.43051e-05,Very Strong,"(1,1)"
SQLite,solver,1,10,1,2,MDAP_MF-DF-ALS-PCI,0.6071428571428571,1.43051e-05,Very Strong,"(1,1)"
SQLite,solver,1,10,1,2,MDA_MF-DF-ALS,0.6071428571428571,1.43051e-05,Very Strong,"(1,1)"
SQLite,solver,1,10,1,2,MDP_MF-DF-PCI,0.5999999999999999,1.43051e-05,Very Strong,"(1,1)"
SQLite,solver,1,10,1,2,MD_MF-DF,0.5999999999999999,1.43051e-05,Very Strong,"(1,1)"
SQLite,solver,1,10,1,2,PCI,0.6285714285714284,1.43051e-05,Very Strong,"(1,1)"
SQLite,solver,1,10,2,2,ALS,0.3660426081342801,1.43051e-05,Very Strong,"(2,1)"
SQLite,solver,1,10,2,2,AP_ALS-PCI,0.3669902912621359,1.43051e-05,Very Strong,"(2,1)"
SQLite,solver,1,10,2,2,Default,0.3873835732430143,1.43051e-05,Very Strong,"(2,1)"
SQLite,solver,1,10,2,2,MDAP_MF-DF-ALS-PCI,0.3579583613163197,1.43051e-05,Very Strong,"(2,1)"
SQLite,solver,1,10,2,2,MDA_MF-DF-ALS,0.3569993302076356,1.43051e-05,Very Strong,"(2,1)"
SQLite,solver,1,10,2,2,MDP_MF-DF-PCI,0.3514302393461762,1.43051e-05,Very Strong,"(2,1)"
SQLite,solver,1,10,2,2,MD_MF-DF,0.3506115317414094,1.43051e-05,Very Strong,"(2,1)"
SQLite,solver,1,10,2,2,PCI,0.3861386138613861,1.43051e-05,Very Strong,"(2,1)"
SQLite,solver,1,10,3,2,ALS,0.2143818712138209,1.43051e-05,Very Strong,"(3,1)"
SQLite,solver,1,10,3,2,AP_ALS-PCI,0.2159972873182126,1.43051e-05,Very Strong,"(3,1)"
SQLite,solver,1,10,3,2,Default,0.2358087129718224,1.43051e-05,Very Strong,"(3,1)"
SQLite,solver,1,10,3,2,MDAP_MF-DF-ALS-PCI,0.207559972857542,1.43051e-05,Very Strong,"(3,1)"
SQLite,solver,1,10,3,2,MDA_MF-DF-ALS,0.2059487504455622,1.43051e-05,Very Strong,"(3,1)"
SQLite,solver,1,10,3,2,MDP_MF-DF-PCI,0.2031668225353929,1.43051e-05,Very Strong,"(3,1)"
SQLite,solver,1,10,3,2,MD_MF-DF,0.2017872585759585,1.43051e-05,Very Strong,"(3,1)"
SQLite,solver,1,10,3,2,PCI,0.2338656704162903,1.43051e-05,Very Strong,"(3,1)"
SQLite,random,2,10,1,1,ALS,0.9649122807017544,1.43051e-05,Very Strong,"(1,2)"
SQLite,random,2,10,1,1,AP_ALS-PCI,0.9649122807017544,1.43051e-05,Very Strong,"(1,2)"
SQLite,random,2,10,1,1,Default,0.9714285714285714,1.43051e-05,Very Strong,"(1,2)"
SQLite,random,2,10,1,1,MDAP_MF-DF-ALS-PCI,0.9642857142857144,1.43051e-05,Very Strong,"(1,2)"
SQLite,random,2,10,1,1,MDA_MF-DF-ALS,0.9642857142857144,1.43051e-05,Very Strong,"(1,2)"
SQLite,random,2,10,1,1,MDP_MF-DF-PCI,0.9666666666666666,1.43051e-05,Very Strong,"(1,2)"
SQLite,random,2,10,1,1,MD_MF-DF,0.9666666666666666,1.43051e-05,Very Strong,"(1,2)"
SQLite,random,2,10,1,1,PCI,0.9714285714285714,1.43051e-05,Very Strong,"(1,2)"
SQLite,random,2,10,2,1,ALS,0.8644286636539703,1.43051e-05,Very Strong,"(2,2)"
SQLite,random,2,10,2,1,AP_ALS-PCI,0.8653721682847896,1.43051e-05,Very Strong,"(2,2)"
SQLite,random,2,10,2,1,Default,0.8966977138018628,1.43051e-05,Very Strong,"(2,2)"
SQLite,random,2,10,2,1,MDAP_MF-DF-ALS-PCI,0.8616521155137676,1.43051e-05,Very Strong,"(2,2)"
SQLite,random,2,10,2,1,MDA_MF-DF-ALS,0.8606831882116543,1.43051e-05,Very Strong,"(2,2)"
SQLite,random,2,10,2,1,MDP_MF-DF-PCI,0.8704028021015761,1.43051e-05,Very Strong,"(2,2)"
SQLite,random,2,10,2,1,MD_MF-DF,0.8695398951659871,1.43051e-05,Very Strong,"(2,2)"
SQLite,random,2,10,2,1,PCI,0.8958243650452001,1.43051e-05,Very Strong,"(2,2)"
SQLite,random,2,10,3,1,ALS,0.6732854685513424,1.43051e-05,Very Strong,"(3,2)"
SQLite,random,2,10,3,1,AP_ALS-PCI,0.6755707934594228,1.43051e-05,Very Strong,"(3,2)"
SQLite,random,2,10,3,1,Default,0.7546620843178223,1.43051e-05,Very Strong,"(3,2)"
SQLite,random,2,10,3,1,MDAP_MF-DF-ALS-PCI,0.6645112361792997,1.43051e-05,Very Strong,"(3,2)"
SQLite,random,2,10,3,1,MDA_MF-DF-ALS,0.6622044437403461,1.43051e-05,Very Strong,"(3,2)"
SQLite,random,2,10,3,1,MDP_MF-DF-PCI,0.6742881099035763,1.43051e-05,Very Strong,"(3,2)"
SQLite,random,2,10,3,1,MD_MF-DF,0.6722078088466096,1.43051e-05,Very Strong,"(3,2)"
SQLite,random,2,10,3,1,PCI,0.7492815502093768,1.43051e-05,Very Strong,"(3,2)"
SQLite,random,2,10,1,2,ALS,0.9649122807017544,1.43051e-05,Very Strong,"(1,2)"
SQLite,random,2,10,1,2,AP_ALS-PCI,0.9649122807017544,1.43051e-05,Very Strong,"(1,2)"
SQLite,random,2,10,1,2,Default,0.9714285714285714,1.43051e-05,Very Strong,"(1,2)"
SQLite,random,2,10,1,2,MDAP_MF-DF-ALS-PCI,0.9642857142857144,1.43051e-05,Very Strong,"(1,2)"
SQLite,random,2,10,1,2,MDA_MF-DF-ALS,0.9642857142857144,1.43051e-05,Very Strong,"(1,2)"
SQLite,random,2,10,1,2,MDP_MF-DF-PCI,0.9666666666666666,1.43051e-05,Very Strong,"(1,2)"
SQLite,random,2,10,1,2,MD_MF-DF,0.9666666666666666,1.43051e-05,Very Strong,"(1,2)"
SQLite,random,2,10,1,2,PCI,0.9714285714285714,1.43051e-05,Very Strong,"(1,2)"
SQLite,random,2,10,2,2,ALS,0.8663653970303422,1.43051e-05,Very Strong,"(2,2)"
SQLite,random,2,10,2,2,AP_ALS-PCI,0.8666666666666667,1.43051e-05,Very Strong,"(2,2)"
SQLite,random,2,10,2,2,Default,0.8966977138018628,1.43051e-05,Very Strong,"(2,2)"
SQLite,random,2,10,2,2,MDAP_MF-DF-ALS-PCI,0.8629952988582941,1.43051e-05,Very Strong,"(2,2)"
SQLite,random,2,10,2,2,MDA_MF-DF-ALS,0.8626925653047555,1.43051e-05,Very Strong,"(2,2)"
SQLite,random,2,10,2,2,MDP_MF-DF-PCI,0.8698190309398715,1.43051e-05,Very Strong,"(2,2)"
SQLite,random,2,10,2,2,MD_MF-DF,0.8695398951659871,1.43051e-05,Very Strong,"(2,2)"
SQLite,random,2,10,2,2,PCI,0.8958243650452001,1.43051e-05,Very Strong,"(2,2)"
SQLite,random,2,10,3,2,ALS,0.68009124224067,1.43051e-05,Very Strong,"(3,2)"
SQLite,random,2,10,3,2,AP_ALS-PCI,0.6807701002185215,1.43051e-05,Very Strong,"(3,2)"
SQLite,random,2,10,3,2,Default,0.7572787096522231,1.43051e-05,Very Strong,"(3,2)"
SQLite,random,2,10,3,2,MDAP_MF-DF-ALS-PCI,0.6699397277771125,1.43051e-05,Very Strong,"(3,2)"
SQLite,random,2,10,3,2,MDA_MF-DF-ALS,0.6692938334191452,1.43051e-05,Very Strong,"(3,2)"
SQLite,random,2,10,3,2,MDP_MF-DF-PCI,0.6771259956786739,1.43051e-05,Very Strong,"(3,2)"
SQLite,random,2,10,3,2,MD_MF-DF,0.6764997918067966,1.43051e-05,Very Strong,"(3,2)"
SQLite,random,2,10,3,2,PCI,0.7516626980868708,1.43051e-05,Very Strong,"(3,2)"
SQLite,distance,2,10,1,1,ALS,0.807017543859649,1.43051e-05,Very Strong,"(1,2)"
SQLite,distance,2,10,1,1,AP_ALS-PCI,0.807017543859649,1.43051e-05,Very Strong,"(1,2)"
SQLite,distance,2,10,1,1,Default,0.8142857142857142,1.43051e-05,Very Strong,"(1,2)"
SQLite,distance,2,10,1,1,MDAP_MF-DF-ALS-PCI,0.8035714285714286,1.43051e-05,Very Strong,"(1,2)"
SQLite,distance,2,10,1,1,MDA_MF-DF-ALS,0.8035714285714286,1.43051e-05,Very Strong,"(1,2)"
SQLite,distance,2,10,1,1,MDP_MF-DF-PCI,0.7833333333333333,1.43051e-05,Very Strong,"(1,2)"
SQLite,distance,2,10,1,1,MD_MF-DF,0.7833333333333333,1.43051e-05,Very Strong,"(1,2)"
SQLite,distance,2,10,1,1,PCI,0.8142857142857142,1.43051e-05,Very Strong,"(1,2)"
SQLite,distance,2,10,2,1,ALS,0.5874757908327953,1.43051e-05,Very Strong,"(2,2)"
SQLite,distance,2,10,2,1,AP_ALS-PCI,0.5883495145631068,1.43051e-05,Very Strong,"(2,2)"
SQLite,distance,2,10,2,1,Default,0.6033022861981371,1.43051e-05,Very Strong,"(2,2)"
SQLite,distance,2,10,2,1,MDAP_MF-DF-ALS-PCI,0.58025520483546,1.43051e-05,Very Strong,"(2,2)"
SQLite,distance,2,10,2,1,MDA_MF-DF-ALS,0.579370395177495,1.43051e-05,Very Strong,"(2,2)"
SQLite,distance,2,10,2,1,MDP_MF-DF-PCI,0.556333917104495,1.43051e-05,Very Strong,"(2,2)"
SQLite,distance,2,10,2,1,MD_MF-DF,0.5556202679091438,1.43051e-05,Very Strong,"(2,2)"
SQLite,distance,2,10,2,1,PCI,0.6013775290572535,1.43051e-05,Very Strong,"(2,2)"
SQLite,distance,2,10,3,1,ALS,0.3949592401465859,1.43051e-05,Very Strong,"(3,2)"
SQLite,distance,2,10,3,1,AP_ALS-PCI,0.3966166829929922,1.43051e-05,Very Strong,"(3,2)"
SQLite,distance,2,10,3,1,Default,0.414403155572045,1.43051e-05,Very Strong,"(3,2)"
SQLite,distance,2,10,3,1,MDAP_MF-DF-ALS-PCI,0.3857023111004669,1.43051e-05,Very Strong,"(3,2)"
SQLite,distance,2,10,3,1,MDA_MF-DF-ALS,0.3840548140520416,1.43051e-05,Very Strong,"(3,2)"
SQLite,distance,2,10,3,1,MDP_MF-DF-PCI,0.3666677416233996,1.43051e-05,Very Strong,"(3,2)"
SQLite,distance,2,10,3,1,MD_MF-DF,0.3653310271932353,1.43051e-05,Very Strong,"(3,2)"
SQLite,distance,2,10,3,1,PCI,0.409598489202726,1.43051e-05,Very Strong,"(3,2)"
SQLite,distance,2,10,1,2,ALS,0.8245614035087719,1.43051e-05,Very Strong,"(1,2)"
SQLite,distance,2,10,1,2,AP_ALS-PCI,0.8245614035087719,1.43051e-05,Very Strong,"(1,2)"
SQLite,distance,2,10,1,2,Default,0.8285714285714286,1.43051e-05,Very Strong,"(1,2)"
SQLite,distance,2,10,1,2,MDAP_MF-DF-ALS-PCI,0.8214285714285714,1.43051e-05,Very Strong,"(1,2)"
SQLite,distance,2,10,1,2,MDA_MF-DF-ALS,0.8214285714285714,1.43051e-05,Very Strong,"(1,2)"
SQLite,distance,2,10,1,2,MDP_MF-DF-PCI,0.8,1.43051e-05,Very Strong,"(1,2)"
SQLite,distance,2,10,1,2,MD_MF-DF,0.8,1.43051e-05,Very Strong,"(1,2)"
SQLite,distance,2,10,1,2,PCI,0.8285714285714286,1.43051e-05,Very Strong,"(1,2)"
SQLite,distance,2,10,2,2,ALS,0.5971594577146546,1.43051e-05,Very Strong,"(2,2)"
SQLite,distance,2,10,2,2,AP_ALS-PCI,0.5980582524271844,1.43051e-05,Very Strong,"(2,2)"
SQLite,distance,2,10,2,2,Default,0.6096528365791702,1.43051e-05,Very Strong,"(2,2)"
SQLite,distance,2,10,2,2,MDAP_MF-DF-ALS-PCI,0.5896574882471457,1.43051e-05,Very Strong,"(2,2)"
SQLite,distance,2,10,2,2,MDA_MF-DF-ALS,0.5887474882786335,1.43051e-05,Very Strong,"(2,2)"
SQLite,distance,2,10,2,2,MDP_MF-DF-PCI,0.5656742556917688,1.43051e-05,Very Strong,"(2,2)"
SQLite,distance,2,10,2,2,MD_MF-DF,0.564938846825859,1.43051e-05,Very Strong,"(2,2)"
SQLite,distance,2,10,2,2,PCI,0.6078346965131296,1.43051e-05,Very Strong,"(2,2)"
SQLite,distance,2,10,3,2,ALS,0.3961184653354274,1.43051e-05,Very Strong,"(3,2)"
SQLite,distance,2,10,3,2,AP_ALS-PCI,0.3978599954788636,1.43051e-05,Very Strong,"(3,2)"
SQLite,distance,2,10,3,2,Default,0.413348694616391,1.43051e-05,Very Strong,"(3,2)"
SQLite,distance,2,10,3,2,MDAP_MF-DF-ALS-PCI,0.3864607033089849,1.43051e-05,Very Strong,"(3,2)"
SQLite,distance,2,10,3,2,MDA_MF-DF-ALS,0.3847281080438829,1.43051e-05,Very Strong,"(3,2)"
SQLite,distance,2,10,3,2,MDP_MF-DF-PCI,0.3681511819149279,1.43051e-05,Very Strong,"(3,2)"
SQLite,distance,2,10,3,2,MD_MF-DF,0.3667403350309086,1.43051e-05,Very Strong,"(3,2)"
SQLite,distance,2,10,3,2,PCI,0.409967977666475,1.43051e-05,Very Strong,"(3,2)"
SQLite,solver,2,10,1,1,ALS,0.6140350877192982,1.43051e-05,Very Strong,"(1,2)"
SQLite,solver,2,10,1,1,AP_ALS-PCI,0.6140350877192982,1.43051e-05,Very Strong,"(1,2)"
SQLite,solver,2,10,1,1,Default,0.6285714285714284,1.43051e-05,Very Strong,"(1,2)"
SQLite,solver,2,10,1,1,MDAP_MF-DF-ALS-PCI,0.6071428571428571,1.43051e-05,Very Strong,"(1,2)"
SQLite,solver,2,10,1,1,MDA_MF-DF-ALS,0.6071428571428571,1.43051e-05,Very Strong,"(1,2)"
SQLite,solver,2,10,1,1,MDP_MF-DF-PCI,0.5999999999999999,1.43051e-05,Very Strong,"(1,2)"
SQLite,solver,2,10,1,1,MD_MF-DF,0.5999999999999999,1.43051e-05,Very Strong,"(1,2)"
SQLite,solver,2,10,1,1,PCI,0.6285714285714284,1.43051e-05,Very Strong,"(1,2)"
SQLite,solver,2,10,2,1,ALS,0.3660426081342801,1.43051e-05,Very Strong,"(2,2)"
SQLite,solver,2,10,2,1,AP_ALS-PCI,0.3669902912621359,1.43051e-05,Very Strong,"(2,2)"
SQLite,solver,2,10,2,1,Default,0.3873835732430143,1.43051e-05,Very Strong,"(2,2)"
SQLite,solver,2,10,2,1,MDAP_MF-DF-ALS-PCI,0.3579583613163197,1.43051e-05,Very Strong,"(2,2)"
SQLite,solver,2,10,2,1,MDA_MF-DF-ALS,0.3569993302076356,1.43051e-05,Very Strong,"(2,2)"
SQLite,solver,2,10,2,1,MDP_MF-DF-PCI,0.3514302393461762,1.43051e-05,Very Strong,"(2,2)"
SQLite,solver,2,10,2,1,MD_MF-DF,0.3506115317414094,1.43051e-05,Very Strong,"(2,2)"
SQLite,solver,2,10,2,1,PCI,0.3861386138613861,1.43051e-05,Very Strong,"(2,2)"
SQLite,solver,2,10,3,1,ALS,0.2143818712138209,1.43051e-05,Very Strong,"(3,2)"
SQLite,solver,2,10,3,1,AP_ALS-PCI,0.2159972873182126,1.43051e-05,Very Strong,"(3,2)"
SQLite,solver,2,10,3,1,Default,0.2358087129718224,1.43051e-05,Very Strong,"(3,2)"
SQLite,solver,2,10,3,1,MDAP_MF-DF-ALS-PCI,0.207559972857542,1.43051e-05,Very Strong,"(3,2)"
SQLite,solver,2,10,3,1,MDA_MF-DF-ALS,0.2059487504455622,1.43051e-05,Very Strong,"(3,2)"
SQLite,solver,2,10,3,1,MDP_MF-DF-PCI,0.2031668225353929,1.43051e-05,Very Strong,"(3,2)"
SQLite,solver,2,10,3,1,MD_MF-DF,0.2017872585759585,1.43051e-05,Very Strong,"(3,2)"
SQLite,solver,2,10,3,1,PCI,0.2338656704162903,1.43051e-05,Very Strong,"(3,2)"
SQLite,solver,2,10,1,2,ALS,0.6140350877192982,1.43051e-05,Very Strong,"(1,2)"
SQLite,solver,2,10,1,2,AP_ALS-PCI,0.6140350877192982,1.43051e-05,Very Strong,"(1,2)"
SQLite,solver,2,10,1,2,Default,0.6285714285714284,1.43051e-05,Very Strong,"(1,2)"
SQLite,solver,2,10,1,2,MDAP_MF-DF-ALS-PCI,0.6071428571428571,1.43051e-05,Very Strong,"(1,2)"
SQLite,solver,2,10,1,2,MDA_MF-DF-ALS,0.6071428571428571,1.43051e-05,Very Strong,"(1,2)"
SQLite,solver,2,10,1,2,MDP_MF-DF-PCI,0.5999999999999999,1.43051e-05,Very Strong,"(1,2)"
SQLite,solver,2,10,1,2,MD_MF-DF,0.5999999999999999,1.43051e-05,Very Strong,"(1,2)"
SQLite,solver,2,10,1,2,PCI,0.6285714285714284,1.43051e-05,Very Strong,"(1,2)"
SQLite,solver,2,10,2,2,ALS,0.3660426081342801,1.43051e-05,Very Strong,"(2,2)"
SQLite,solver,2,10,2,2,AP_ALS-PCI,0.3669902912621359,1.43051e-05,Very Strong,"(2,2)"
SQLite,solver,2,10,2,2,Default,0.3873835732430143,1.43051e-05,Very Strong,"(2,2)"
SQLite,solver,2,10,2,2,MDAP_MF-DF-ALS-PCI,0.3579583613163197,1.43051e-05,Very Strong,"(2,2)"
SQLite,solver,2,10,2,2,MDA_MF-DF-ALS,0.3569993302076356,1.43051e-05,Very Strong,"(2,2)"
SQLite,solver,2,10,2,2,MDP_MF-DF-PCI,0.3514302393461762,1.43051e-05,Very Strong,"(2,2)"
SQLite,solver,2,10,2,2,MD_MF-DF,0.3506115317414094,1.43051e-05,Very Strong,"(2,2)"
SQLite,solver,2,10,2,2,PCI,0.3861386138613861,1.43051e-05,Very Strong,"(2,2)"
SQLite,solver,2,10,3,2,ALS,0.2143818712138209,1.43051e-05,Very Strong,"(3,2)"
SQLite,solver,2,10,3,2,AP_ALS-PCI,0.2159972873182126,1.43051e-05,Very Strong,"(3,2)"
SQLite,solver,2,10,3,2,Default,0.2358087129718224,1.43051e-05,Very Strong,"(3,2)"
SQLite,solver,2,10,3,2,MDAP_MF-DF-ALS-PCI,0.207559972857542,1.43051e-05,Very Strong,"(3,2)"
SQLite,solver,2,10,3,2,MDA_MF-DF-ALS,0.2059487504455622,1.43051e-05,Very Strong,"(3,2)"
SQLite,solver,2,10,3,2,MDP_MF-DF-PCI,0.2031668225353929,1.43051e-05,Very Strong,"(3,2)"
SQLite,solver,2,10,3,2,MD_MF-DF,0.2017872585759585,1.43051e-05,Very Strong,"(3,2)"
SQLite,solver,2,10,3,2,PCI,0.2338656704162903,1.43051e-05,Very Strong,"(3,2)"
TriMesh,random,1,10,1,1,ALS,0.7768595041322313,0.0,Very Strong,"(1,1)"
TriMesh,random,1,10,1,1,AP_ALS-PCI,0.7768595041322313,0.0,Very Strong,"(1,1)"
TriMesh,random,1,10,1,1,Default,0.7906976744186046,0.0,Very Strong,"(1,1)"
TriMesh,random,1,10,1,1,MDAP_MF-DF-ALS-PCI,0.775,0.0,Very Strong,"(1,1)"
TriMesh,random,1,10,1,1,MDA_MF-DF-ALS,0.775,0.0,Very Strong,"(1,1)"
TriMesh,random,1,10,1,1,MDP_MF-DF-PCI,0.7786885245901639,0.0,Very Strong,"(1,1)"
TriMesh,random,1,10,1,1,MD_MF-DF,0.7786885245901639,0.0,Very Strong,"(1,1)"
TriMesh,random,1,10,1,1,PCI,0.7906976744186046,0.0,Very Strong,"(1,1)"
TriMesh,random,1,10,2,1,ALS,0.574722970949386,0.0,Very Strong,"(2,1)"
TriMesh,random,1,10,2,1,AP_ALS-PCI,0.5746592781189157,0.0,Very Strong,"(2,1)"
TriMesh,random,1,10,2,1,Default,0.5977056446356406,0.0,Very Strong,"(2,1)"
TriMesh,random,1,10,2,1,MDAP_MF-DF-ALS-PCI,0.5710582494663006,0.0,Very Strong,"(2,1)"
TriMesh,random,1,10,2,1,MDA_MF-DF-ALS,0.5710582494663006,0.0,Very Strong,"(2,1)"
TriMesh,random,1,10,2,1,MDP_MF-DF-PCI,0.5737198351971748,0.0,Very Strong,"(2,1)"
TriMesh,random,1,10,2,1,MD_MF-DF,0.5737198351971748,0.0,Very Strong,"(2,1)"
TriMesh,random,1,10,2,1,PCI,0.5977117306680694,0.0,Very Strong,"(2,1)"
TriMesh,random,1,10,3,1,ALS,0.3865692270767295,0.0,Very Strong,"(3,1)"
TriMesh,random,1,10,3,1,AP_ALS-PCI,0.3862843698481471,0.0,Very Strong,"(3,1)"
TriMesh,random,1,10,3,1,Default,0.4158605047906844,0.0,Very Strong,"(3,1)"
TriMesh,random,1,10,3,1,MDAP_MF-DF-ALS-PCI,0.3759812372559486,0.0,Very Strong,"(3,1)"
TriMesh,random,1,10,3,1,MDA_MF-DF-ALS,0.3759812372559486,0.0,Very Strong,"(3,1)"
TriMesh,random,1,10,3,1,MDP_MF-DF-PCI,0.3761783642667069,0.0,Very Strong,"(3,1)"
TriMesh,random,1,10,3,1,MD_MF-DF,0.3761783642667069,0.0,Very Strong,"(3,1)"
TriMesh,random,1,10,3,1,PCI,0.4160862208389679,0.0,Very Strong,"(3,1)"
TriMesh,random,1,10,1,2,ALS,0.7933884297520661,0.0,Very Strong,"(1,1)"
TriMesh,random,1,10,1,2,AP_ALS-PCI,0.7933884297520661,0.0,Very Strong,"(1,1)"
TriMesh,random,1,10,1,2,Default,0.8062015503875968,0.0,Very Strong,"(1,1)"
TriMesh,random,1,10,1,2,MDAP_MF-DF-ALS-PCI,0.7916666666666666,0.0,Very Strong,"(1,1)"
TriMesh,random,1,10,1,2,MDA_MF-DF-ALS,0.7916666666666666,0.0,Very Strong,"(1,1)"
TriMesh,random,1,10,1,2,MDP_MF-DF-PCI,0.7950819672131147,0.0,Very Strong,"(1,1)"
TriMesh,random,1,10,1,2,MD_MF-DF,0.7950819672131147,0.0,Very Strong,"(1,1)"
TriMesh,random,1,10,1,2,PCI,0.8062015503875968,0.0,Very Strong,"(1,1)"
TriMesh,random,1,10,2,2,ALS,0.5943396226415094,0.0,Very Strong,"(2,1)"
TriMesh,random,1,10,2,2,AP_ALS-PCI,0.5942788677549797,0.0,Very Strong,"(2,1)"
TriMesh,random,1,10,2,2,Default,0.617520531873289,0.0,Very Strong,"(2,1)"
TriMesh,random,1,10,2,2,MDAP_MF-DF-ALS-PCI,0.5907288807563281,0.0,Very Strong,"(2,1)"
TriMesh,random,1,10,2,2,MDA_MF-DF-ALS,0.5907288807563281,0.0,Very Strong,"(2,1)"
TriMesh,random,1,10,2,2,MDP_MF-DF-PCI,0.5940258975868157,0.0,Very Strong,"(2,1)"
TriMesh,random,1,10,2,2,MD_MF-DF,0.5940258975868157,0.0,Very Strong,"(2,1)"
TriMesh,random,1,10,2,2,PCI,0.6174381904260914,0.0,Very Strong,"(2,1)"
TriMesh,random,1,10,3,2,ALS,0.4071701468941439,0.0,Very Strong,"(3,1)"
TriMesh,random,1,10,3,2,AP_ALS-PCI,0.4068655732300338,0.0,Very Strong,"(3,1)"
TriMesh,random,1,10,3,2,Default,0.4373229345913019,0.0,Very Strong,"(3,1)"
TriMesh,random,1,10,3,2,MDAP_MF-DF-ALS-PCI,0.3966924884672295,0.0,Very Strong,"(3,1)"
TriMesh,random,1,10,3,2,MDA_MF-DF-ALS,0.3966924884672295,0.0,Very Strong,"(3,1)"
TriMesh,random,1,10,3,2,MDP_MF-DF-PCI,0.3973341108843254,0.0,Very Strong,"(3,1)"
TriMesh,random,1,10,3,2,MD_MF-DF,0.3973341108843254,0.0,Very Strong,"(3,1)"
TriMesh,random,1,10,3,2,PCI,0.4375727404218103,0.0,Very Strong,"(3,1)"
TriMesh,distance,1,10,1,1,ALS,0.5702479338842975,0.0,Very Strong,"(1,1)"
TriMesh,distance,1,10,1,1,AP_ALS-PCI,0.5702479338842975,0.0,Very Strong,"(1,1)"
TriMesh,distance,1,10,1,1,Default,0.5581395348837209,0.0,Very Strong,"(1,1)"
TriMesh,distance,1,10,1,1,MDAP_MF-DF-ALS-PCI,0.5666666666666667,0.0,Very Strong,"(1,1)"
TriMesh,distance,1,10,1,1,MDA_MF-DF-ALS,0.5666666666666667,0.0,Very Strong,"(1,1)"
TriMesh,distance,1,10,1,1,MDP_MF-DF-PCI,0.5655737704918032,0.0,Very Strong,"(1,1)"
TriMesh,distance,1,10,1,1,MD_MF-DF,0.5655737704918032,0.0,Very Strong,"(1,1)"
TriMesh,distance,1,10,1,1,PCI,0.5581395348837209,0.0,Very Strong,"(1,1)"
TriMesh,distance,1,10,2,1,ALS,0.3432165318957771,0.0,Very Strong,"(2,1)"
TriMesh,distance,1,10,2,1,AP_ALS-PCI,0.3431181668413958,0.0,Very Strong,"(2,1)"
TriMesh,distance,1,10,2,1,Default,0.324729500716986,0.0,Very Strong,"(2,1)"
TriMesh,distance,1,10,2,1,MDAP_MF-DF-ALS-PCI,0.3391277828606282,0.0,Very Strong,"(2,1)"
TriMesh,distance,1,10,2,1,MDA_MF-DF-ALS,0.3391277828606282,0.0,Very Strong,"(2,1)"
TriMesh,distance,1,10,2,1,MDP_MF-DF-PCI,0.337110064743967,0.0,Very Strong,"(2,1)"
TriMesh,distance,1,10,2,1,MD_MF-DF,0.337110064743967,0.0,Very Strong,"(2,1)"
TriMesh,distance,1,10,2,1,PCI,0.3270647027880063,0.0,Very Strong,"(2,1)"
TriMesh,distance,1,10,3,1,ALS,0.2000544006857783,0.0,Very Strong,"(3,1)"
TriMesh,distance,1,10,3,1,AP_ALS-PCI,0.199696379657437,0.0,Very Strong,"(3,1)"
TriMesh,distance,1,10,3,1,Default,0.1785043660954631,0.0,Very Strong,"(3,1)"
TriMesh,distance,1,10,3,1,MDAP_MF-DF-ALS-PCI,0.192107281028894,0.0,Very Strong,"(3,1)"
TriMesh,distance,1,10,3,1,MDA_MF-DF-ALS,0.192107281028894,0.0,Very Strong,"(3,1)"
TriMesh,distance,1,10,3,1,MDP_MF-DF-PCI,0.190253515481479,0.0,Very Strong,"(3,1)"
TriMesh,distance,1,10,3,1,MD_MF-DF,0.190253515481479,0.0,Very Strong,"(3,1)"
TriMesh,distance,1,10,3,1,PCI,0.1820163303866657,0.0,Very Strong,"(3,1)"
TriMesh,distance,1,10,1,2,ALS,0.5702479338842975,0.0,Very Strong,"(1,1)"
TriMesh,distance,1,10,1,2,AP_ALS-PCI,0.5702479338842975,0.0,Very Strong,"(1,1)"
TriMesh,distance,1,10,1,2,Default,0.5581395348837209,0.0,Very Strong,"(1,1)"
TriMesh,distance,1,10,1,2,MDAP_MF-DF-ALS-PCI,0.5666666666666667,0.0,Very Strong,"(1,1)"
TriMesh,distance,1,10,1,2,MDA_MF-DF-ALS,0.5666666666666667,0.0,Very Strong,"(1,1)"
TriMesh,distance,1,10,1,2,MDP_MF-DF-PCI,0.5655737704918032,0.0,Very Strong,"(1,1)"
TriMesh,distance,1,10,1,2,MD_MF-DF,0.5655737704918032,0.0,Very Strong,"(1,1)"
TriMesh,distance,1,10,1,2,PCI,0.5581395348837209,0.0,Very Strong,"(1,1)"
TriMesh,distance,1,10,2,2,ALS,0.3432165318957771,0.0,Very Strong,"(2,1)"
TriMesh,distance,1,10,2,2,AP_ALS-PCI,0.3431181668413958,0.0,Very Strong,"(2,1)"
TriMesh,distance,1,10,2,2,Default,0.324729500716986,0.0,Very Strong,"(2,1)"
TriMesh,distance,1,10,2,2,MDAP_MF-DF-ALS-PCI,0.3391277828606282,0.0,Very Strong,"(2,1)"
TriMesh,distance,1,10,2,2,MDA_MF-DF-ALS,0.3391277828606282,0.0,Very Strong,"(2,1)"
TriMesh,distance,1,10,2,2,MDP_MF-DF-PCI,0.337110064743967,0.0,Very Strong,"(2,1)"
TriMesh,distance,1,10,2,2,MD_MF-DF,0.337110064743967,0.0,Very Strong,"(2,1)"
TriMesh,distance,1,10,2,2,PCI,0.3270647027880063,0.0,Very Strong,"(2,1)"
TriMesh,distance,1,10,3,2,ALS,0.1958595557324444,0.0,Very Strong,"(3,1)"
TriMesh,distance,1,10,3,2,AP_ALS-PCI,0.195586423210485,0.0,Very Strong,"(3,1)"
TriMesh,distance,1,10,3,2,Default,0.175074928622497,0.0,Very Strong,"(3,1)"
TriMesh,distance,1,10,3,2,MDAP_MF-DF-ALS-PCI,0.1897682922085499,0.0,Very Strong,"(3,1)"
TriMesh,distance,1,10,3,2,MDA_MF-DF-ALS,0.1897682922085499,0.0,Very Strong,"(3,1)"
TriMesh,distance,1,10,3,2,MDP_MF-DF-PCI,0.1879964965792649,0.0,Very Strong,"(3,1)"
TriMesh,distance,1,10,3,2,MD_MF-DF,0.1879964965792649,0.0,Very Strong,"(3,1)"
TriMesh,distance,1,10,3,2,PCI,0.1797264107556973,0.0,Very Strong,"(3,1)"
TriMesh,solver,1,10,1,1,ALS,0.5619834710743801,0.0,Very Strong,"(1,1)"
TriMesh,solver,1,10,1,1,AP_ALS-PCI,0.5619834710743801,0.0,Very Strong,"(1,1)"
TriMesh,solver,1,10,1,1,Default,0.5581395348837209,0.0,Very Strong,"(1,1)"
TriMesh,solver,1,10,1,1,MDAP_MF-DF-ALS-PCI,0.5583333333333333,0.0,Very Strong,"(1,1)"
TriMesh,solver,1,10,1,1,MDA_MF-DF-ALS,0.5583333333333333,0.0,Very Strong,"(1,1)"
TriMesh,solver,1,10,1,1,MDP_MF-DF-PCI,0.5573770491803278,0.0,Very Strong,"(1,1)"
TriMesh,solver,1,10,1,1,MD_MF-DF,0.5573770491803278,0.0,Very Strong,"(1,1)"
TriMesh,solver,1,10,1,1,PCI,0.5581395348837209,0.0,Very Strong,"(1,1)"
TriMesh,solver,1,10,2,1,ALS,0.3360287511230907,0.0,Very Strong,"(2,1)"
TriMesh,solver,1,10,2,1,AP_ALS-PCI,0.3359293095701662,0.0,Very Strong,"(2,1)"
TriMesh,solver,1,10,2,1,Default,0.326815278320949,0.0,Very Strong,"(2,1)"
TriMesh,solver,1,10,2,1,MDAP_MF-DF-ALS-PCI,0.3319609637084476,0.0,Very Strong,"(2,1)"
TriMesh,solver,1,10,2,1,MDA_MF-DF-ALS,0.3319609637084476,0.0,Very Strong,"(2,1)"
TriMesh,solver,1,10,2,1,MDP_MF-DF-PCI,0.3300470865214832,0.0,Very Strong,"(2,1)"
TriMesh,solver,1,10,2,1,MD_MF-DF,0.3300470865214832,0.0,Very Strong,"(2,1)"
TriMesh,solver,1,10,2,1,PCI,0.3290373487638085,0.0,Very Strong,"(2,1)"
TriMesh,solver,1,10,3,1,ALS,0.2095337830037765,0.0,Very Strong,"(3,1)"
TriMesh,solver,1,10,3,1,AP_ALS-PCI,0.209193106408267,0.0,Very Strong,"(3,1)"
TriMesh,solver,1,10,3,1,Default,0.1945183346140962,0.0,Very Strong,"(3,1)"
TriMesh,solver,1,10,3,1,MDAP_MF-DF-ALS-PCI,0.2025349558910701,0.0,Very Strong,"(3,1)"
TriMesh,solver,1,10,3,1,MDA_MF-DF-ALS,0.2025349558910701,0.0,Very Strong,"(3,1)"
TriMesh,solver,1,10,3,1,MDP_MF-DF-PCI,0.2008036825704475,0.0,Very Strong,"(3,1)"
TriMesh,solver,1,10,3,1,MD_MF-DF,0.2008036825704475,0.0,Very Strong,"(3,1)"
TriMesh,solver,1,10,3,1,PCI,0.1980044959597118,0.0,Very Strong,"(3,1)"
TriMesh,solver,1,10,1,2,ALS,0.5619834710743801,0.0,Very Strong,"(1,1)"
TriMesh,solver,1,10,1,2,AP_ALS-PCI,0.5619834710743801,0.0,Very Strong,"(1,1)"
TriMesh,solver,1,10,1,2,Default,0.5581395348837209,0.0,Very Strong,"(1,1)"
TriMesh,solver,1,10,1,2,MDAP_MF-DF-ALS-PCI,0.5583333333333333,0.0,Very Strong,"(1,1)"
TriMesh,solver,1,10,1,2,MDA_MF-DF-ALS,0.5583333333333333,0.0,Very Strong,"(1,1)"
TriMesh,solver,1,10,1,2,MDP_MF-DF-PCI,0.5573770491803278,0.0,Very Strong,"(1,1)"
TriMesh,solver,1,10,1,2,MD_MF-DF,0.5573770491803278,0.0,Very Strong,"(1,1)"
TriMesh,solver,1,10,1,2,PCI,0.5581395348837209,0.0,Very Strong,"(1,1)"
TriMesh,solver,1,10,2,2,ALS,0.3360287511230907,0.0,Very Strong,"(2,1)"
TriMesh,solver,1,10,2,2,AP_ALS-PCI,0.3359293095701662,0.0,Very Strong,"(2,1)"
TriMesh,solver,1,10,2,2,Default,0.326815278320949,0.0,Very Strong,"(2,1)"
TriMesh,solver,1,10,2,2,MDAP_MF-DF-ALS-PCI,0.3319609637084476,0.0,Very Strong,"(2,1)"
TriMesh,solver,1,10,2,2,MDA_MF-DF-ALS,0.3319609637084476,0.0,Very Strong,"(2,1)"
TriMesh,solver,1,10,2,2,MDP_MF-DF-PCI,0.3300470865214832,0.0,Very Strong,"(2,1)"
TriMesh,solver,1,10,2,2,MD_MF-DF,0.3300470865214832,0.0,Very Strong,"(2,1)"
TriMesh,solver,1,10,2,2,PCI,0.3290373487638085,0.0,Very Strong,"(2,1)"
TriMesh,solver,1,10,3,2,ALS,0.190089257469653,0.0,Very Strong,"(3,1)"
TriMesh,solver,1,10,3,2,AP_ALS-PCI,0.1898188093183779,0.0,Very Strong,"(3,1)"
TriMesh,solver,1,10,3,2,Default,0.1803155414891844,0.0,Very Strong,"(3,1)"
TriMesh,solver,1,10,3,2,MDAP_MF-DF-ALS-PCI,0.1840735544190196,0.0,Very Strong,"(3,1)"
TriMesh,solver,1,10,3,2,MDA_MF-DF-ALS,0.1840735544190196,0.0,Very Strong,"(3,1)"
TriMesh,solver,1,10,3,2,MDP_MF-DF-PCI,0.1822307462084888,0.0,Very Strong,"(3,1)"
TriMesh,solver,1,10,3,2,MD_MF-DF,0.1822307462084888,0.0,Very Strong,"(3,1)"
TriMesh,solver,1,10,3,2,PCI,0.1845912660579314,0.0,Very Strong,"(3,1)"
TriMesh,random,2,10,1,1,ALS,0.8099173553719007,0.0,Very Strong,"(1,2)"
TriMesh,random,2,10,1,1,AP_ALS-PCI,0.8099173553719007,0.0,Very Strong,"(1,2)"
TriMesh,random,2,10,1,1,Default,0.821705426356589,0.0,Very Strong,"(1,2)"
TriMesh,random,2,10,1,1,MDAP_MF-DF-ALS-PCI,0.8083333333333333,0.0,Very Strong,"(1,2)"
TriMesh,random,2,10,1,1,MDA_MF-DF-ALS,0.8083333333333333,0.0,Very Strong,"(1,2)"
TriMesh,random,2,10,1,1,MDP_MF-DF-PCI,0.8114754098360655,0.0,Very Strong,"(1,2)"
TriMesh,random,2,10,1,1,MD_MF-DF,0.8114754098360655,0.0,Very Strong,"(1,2)"
TriMesh,random,2,10,1,1,PCI,0.821705426356589,0.0,Very Strong,"(1,2)"
TriMesh,random,2,10,2,1,ALS,0.6078167115902964,0.0,Very Strong,"(2,2)"
TriMesh,random,2,10,2,1,AP_ALS-PCI,0.6077579751385352,0.0,Very Strong,"(2,2)"
TriMesh,random,2,10,2,1,Default,0.6306870029983052,0.0,Very Strong,"(2,2)"
TriMesh,random,2,10,2,1,MDAP_MF-DF-ALS-PCI,0.6041476059774321,0.0,Very Strong,"(2,2)"
TriMesh,random,2,10,2,1,MDA_MF-DF-ALS,0.6041476059774321,0.0,Very Strong,"(2,2)"
TriMesh,random,2,10,2,1,MDP_MF-DF-PCI,0.6068275456150676,0.0,Very Strong,"(2,2)"
TriMesh,random,2,10,2,1,MD_MF-DF,0.6068275456150676,0.0,Very Strong,"(2,2)"
TriMesh,random,2,10,2,1,PCI,0.630457653866386,0.0,Very Strong,"(2,2)"
TriMesh,random,2,10,3,1,ALS,0.4182297675951871,0.0,Very Strong,"(3,2)"
TriMesh,random,2,10,3,1,AP_ALS-PCI,0.4179934335351668,0.0,Very Strong,"(3,2)"
TriMesh,random,2,10,3,1,Default,0.4488036455323842,0.0,Very Strong,"(3,2)"
TriMesh,random,2,10,3,1,MDAP_MF-DF-ALS-PCI,0.4076074645850394,0.0,Very Strong,"(3,2)"
TriMesh,random,2,10,3,1,MDA_MF-DF-ALS,0.4076074645850394,0.0,Very Strong,"(3,2)"
TriMesh,random,2,10,3,1,MDP_MF-DF-PCI,0.4080356098946067,0.0,Very Strong,"(3,2)"
TriMesh,random,2,10,3,1,MD_MF-DF,0.4080356098946067,0.0,Very Strong,"(3,2)"
TriMesh,random,2,10,3,1,PCI,0.4489121045243494,0.0,Very Strong,"(3,2)"
TriMesh,random,2,10,1,2,ALS,0.7933884297520661,0.0,Very Strong,"(1,2)"
TriMesh,random,2,10,1,2,AP_ALS-PCI,0.7933884297520661,0.0,Very Strong,"(1,2)"
TriMesh,random,2,10,1,2,Default,0.8062015503875968,0.0,Very Strong,"(1,2)"
TriMesh,random,2,10,1,2,MDAP_MF-DF-ALS-PCI,0.7916666666666666,0.0,Very Strong,"(1,2)"
TriMesh,random,2,10,1,2,MDA_MF-DF-ALS,0.7916666666666666,0.0,Very Strong,"(1,2)"
TriMesh,random,2,10,1,2,MDP_MF-DF-PCI,0.7950819672131147,0.0,Very Strong,"(1,2)"
TriMesh,random,2,10,1,2,MD_MF-DF,0.7950819672131147,0.0,Very Strong,"(1,2)"
TriMesh,random,2,10,1,2,PCI,0.8062015503875968,0.0,Very Strong,"(1,2)"
TriMesh,random,2,10,2,2,ALS,0.5932914046121593,0.0,Very Strong,"(2,2)"
TriMesh,random,2,10,2,2,AP_ALS-PCI,0.5932304927362588,0.0,Very Strong,"(2,2)"
TriMesh,random,2,10,2,2,Default,0.6169990874722981,0.0,Very Strong,"(2,2)"
TriMesh,random,2,10,2,2,MDAP_MF-DF-ALS-PCI,0.5896614821591948,0.0,Very Strong,"(2,2)"
TriMesh,random,2,10,2,2,MDA_MF-DF-ALS,0.5896614821591948,0.0,Very Strong,"(2,2)"
TriMesh,random,2,10,2,2,MDP_MF-DF-PCI,0.5934373160682754,0.0,Very Strong,"(2,2)"
TriMesh,random,2,10,2,2,MD_MF-DF,0.5934373160682754,0.0,Very Strong,"(2,2)"
TriMesh,random,2,10,2,2,PCI,0.6169121514992109,0.0,Very Strong,"(2,2)"
TriMesh,random,2,10,3,2,ALS,0.4045788377519222,0.0,Very Strong,"(3,2)"
TriMesh,random,2,10,3,2,AP_ALS-PCI,0.4043181818181818,0.0,Very Strong,"(3,2)"
TriMesh,random,2,10,3,2,Default,0.4369973519780294,0.0,Very Strong,"(3,2)"
TriMesh,random,2,10,3,2,MDAP_MF-DF-ALS-PCI,0.3945609111918124,0.0,Very Strong,"(3,2)"
TriMesh,random,2,10,3,2,MDA_MF-DF-ALS,0.3945609111918124,0.0,Very Strong,"(3,2)"
TriMesh,random,2,10,3,2,MDP_MF-DF-PCI,0.3957179858850367,0.0,Very Strong,"(3,2)"
TriMesh,random,2,10,3,2,MD_MF-DF,0.3957179858850367,0.0,Very Strong,"(3,2)"
TriMesh,random,2,10,3,2,PCI,0.4376080719022554,0.0,Very Strong,"(3,2)"
TriMesh,distance,2,10,1,1,ALS,0.5702479338842975,0.0,Very Strong,"(1,2)"
TriMesh,distance,2,10,1,1,AP_ALS-PCI,0.5702479338842975,0.0,Very Strong,"(1,2)"
TriMesh,distance,2,10,1,1,Default,0.5581395348837209,0.0,Very Strong,"(1,2)"
TriMesh,distance,2,10,1,1,MDAP_MF-DF-ALS-PCI,0.5666666666666667,0.0,Very Strong,"(1,2)"
TriMesh,distance,2,10,1,1,MDA_MF-DF-ALS,0.5666666666666667,0.0,Very Strong,"(1,2)"
TriMesh,distance,2,10,1,1,MDP_MF-DF-PCI,0.5655737704918032,0.0,Very Strong,"(1,2)"
TriMesh,distance,2,10,1,1,MD_MF-DF,0.5655737704918032,0.0,Very Strong,"(1,2)"
TriMesh,distance,2,10,1,1,PCI,0.5581395348837209,0.0,Very Strong,"(1,2)"
TriMesh,distance,2,10,2,1,ALS,0.3432165318957771,0.0,Very Strong,"(2,2)"
TriMesh,distance,2,10,2,1,AP_ALS-PCI,0.3431181668413958,0.0,Very Strong,"(2,2)"
TriMesh,distance,2,10,2,1,Default,0.324729500716986,0.0,Very Strong,"(2,2)"
TriMesh,distance,2,10,2,1,MDAP_MF-DF-ALS-PCI,0.3391277828606282,0.0,Very Strong,"(2,2)"
TriMesh,distance,2,10,2,1,MDA_MF-DF-ALS,0.3391277828606282,0.0,Very Strong,"(2,2)"
TriMesh,distance,2,10,2,1,MDP_MF-DF-PCI,0.337110064743967,0.0,Very Strong,"(2,2)"
TriMesh,distance,2,10,2,1,MD_MF-DF,0.337110064743967,0.0,Very Strong,"(2,2)"
TriMesh,distance,2,10,2,1,PCI,0.3270647027880063,0.0,Very Strong,"(2,2)"
TriMesh,distance,2,10,3,1,ALS,0.1969241414532484,0.0,Very Strong,"(3,2)"
TriMesh,distance,2,10,3,1,AP_ALS-PCI,0.1965632962013209,0.0,Very Strong,"(3,2)"
TriMesh,distance,2,10,3,1,Default,0.1759869067103109,0.0,Very Strong,"(3,2)"
TriMesh,distance,2,10,3,1,MDAP_MF-DF-ALS-PCI,0.1888034552721636,0.0,Very Strong,"(3,2)"
TriMesh,distance,2,10,3,1,MDA_MF-DF-ALS,0.1888034552721636,0.0,Very Strong,"(3,2)"
TriMesh,distance,2,10,3,1,MDP_MF-DF-PCI,0.1869257832691377,0.0,Very Strong,"(3,2)"
TriMesh,distance,2,10,3,1,MD_MF-DF,0.1869257832691377,0.0,Very Strong,"(3,2)"
TriMesh,distance,2,10,3,1,PCI,0.179501332830717,0.0,Very Strong,"(3,2)"
TriMesh,distance,2,10,1,2,ALS,0.5702479338842975,0.0,Very Strong,"(1,2)"
TriMesh,distance,2,10,1,2,AP_ALS-PCI,0.5702479338842975,0.0,Very Strong,"(1,2)"
TriMesh,distance,2,10,1,2,Default,0.5581395348837209,0.0,Very Strong,"(1,2)"
TriMesh,distance,2,10,1,2,MDAP_MF-DF-ALS-PCI,0.5666666666666667,0.0,Very Strong,"(1,2)"
TriMesh,distance,2,10,1,2,MDA_MF-DF-ALS,0.5666666666666667,0.0,Very Strong,"(1,2)"
TriMesh,distance,2,10,1,2,MDP_MF-DF-PCI,0.5655737704918032,0.0,Very Strong,"(1,2)"
TriMesh,distance,2,10,1,2,MD_MF-DF,0.5655737704918032,0.0,Very Strong,"(1,2)"
TriMesh,distance,2,10,1,2,PCI,0.5581395348837209,0.0,Very Strong,"(1,2)"
TriMesh,distance,2,10,2,2,ALS,0.3432165318957771,0.0,Very Strong,"(2,2)"
TriMesh,distance,2,10,2,2,AP_ALS-PCI,0.3431181668413958,0.0,Very Strong,"(2,2)"
TriMesh,distance,2,10,2,2,Default,0.324729500716986,0.0,Very Strong,"(2,2)"
TriMesh,distance,2,10,2,2,MDAP_MF-DF-ALS-PCI,0.3391277828606282,0.0,Very Strong,"(2,2)"
TriMesh,distance,2,10,2,2,MDA_MF-DF-ALS,0.3391277828606282,0.0,Very Strong,"(2,2)"
TriMesh,distance,2,10,2,2,MDP_MF-DF-PCI,0.337110064743967,0.0,Very Strong,"(2,2)"
TriMesh,distance,2,10,2,2,MD_MF-DF,0.337110064743967,0.0,Very Strong,"(2,2)"
TriMesh,distance,2,10,2,2,PCI,0.3270647027880063,0.0,Very Strong,"(2,2)"
TriMesh,distance,2,10,3,2,ALS,0.1948246683756004,0.0,Very Strong,"(3,2)"
TriMesh,distance,2,10,3,2,AP_ALS-PCI,0.1945506394530714,0.0,Very Strong,"(3,2)"
TriMesh,distance,2,10,3,2,Default,0.1759091735829911,0.0,Very Strong,"(3,2)"
TriMesh,distance,2,10,3,2,MDAP_MF-DF-ALS-PCI,0.188686221345822,0.0,Very Strong,"(3,2)"
TriMesh,distance,2,10,3,2,MDA_MF-DF-ALS,0.188686221345822,0.0,Very Strong,"(3,2)"
TriMesh,distance,2,10,3,2,MDP_MF-DF-PCI,0.1867068450193542,0.0,Very Strong,"(3,2)"
TriMesh,distance,2,10,3,2,MD_MF-DF,0.1867068450193542,0.0,Very Strong,"(3,2)"
TriMesh,distance,2,10,3,2,PCI,0.1802759042926125,0.0,Very Strong,"(3,2)"
TriMesh,solver,2,10,1,1,ALS,0.5619834710743801,0.0,Very Strong,"(1,2)"
TriMesh,solver,2,10,1,1,AP_ALS-PCI,0.5619834710743801,0.0,Very Strong,"(1,2)"
TriMesh,solver,2,10,1,1,Default,0.5581395348837209,0.0,Very Strong,"(1,2)"
TriMesh,solver,2,10,1,1,MDAP_MF-DF-ALS-PCI,0.5583333333333333,0.0,Very Strong,"(1,2)"
TriMesh,solver,2,10,1,1,MDA_MF-DF-ALS,0.5583333333333333,0.0,Very Strong,"(1,2)"
TriMesh,solver,2,10,1,1,MDP_MF-DF-PCI,0.5573770491803278,0.0,Very Strong,"(1,2)"
TriMesh,solver,2,10,1,1,MD_MF-DF,0.5573770491803278,0.0,Very Strong,"(1,2)"
TriMesh,solver,2,10,1,1,PCI,0.5581395348837209,0.0,Very Strong,"(1,2)"
TriMesh,solver,2,10,2,1,ALS,0.3360287511230907,0.0,Very Strong,"(2,2)"
TriMesh,solver,2,10,2,1,AP_ALS-PCI,0.3359293095701662,0.0,Very Strong,"(2,2)"
TriMesh,solver,2,10,2,1,Default,0.326815278320949,0.0,Very Strong,"(2,2)"
TriMesh,solver,2,10,2,1,MDAP_MF-DF-ALS-PCI,0.3319609637084476,0.0,Very Strong,"(2,2)"
TriMesh,solver,2,10,2,1,MDA_MF-DF-ALS,0.3319609637084476,0.0,Very Strong,"(2,2)"
TriMesh,solver,2,10,2,1,MDP_MF-DF-PCI,0.3300470865214832,0.0,Very Strong,"(2,2)"
TriMesh,solver,2,10,2,1,MD_MF-DF,0.3300470865214832,0.0,Very Strong,"(2,2)"
TriMesh,solver,2,10,2,1,PCI,0.3290373487638085,0.0,Very Strong,"(2,2)"
TriMesh,solver,2,10,3,1,ALS,0.2056709528519617,0.0,Very Strong,"(3,2)"
TriMesh,solver,2,10,3,1,AP_ALS-PCI,0.2053266447748387,0.0,Very Strong,"(3,2)"
TriMesh,solver,2,10,3,1,Default,0.1914475930351655,0.0,Very Strong,"(3,2)"
TriMesh,solver,2,10,3,1,MDAP_MF-DF-ALS-PCI,0.1984541921541973,0.0,Very Strong,"(3,2)"
TriMesh,solver,2,10,3,1,MDA_MF-DF-ALS,0.1984541921541973,0.0,Very Strong,"(3,2)"
TriMesh,solver,2,10,3,1,MDP_MF-DF-PCI,0.1968936578848482,0.0,Very Strong,"(3,2)"
TriMesh,solver,2,10,3,1,MD_MF-DF,0.1968936578848482,0.0,Very Strong,"(3,2)"
TriMesh,solver,2,10,3,1,PCI,0.19484708613383,0.0,Very Strong,"(3,2)"
TriMesh,solver,2,10,1,2,ALS,0.5619834710743801,0.0,Very Strong,"(1,2)"
TriMesh,solver,2,10,1,2,AP_ALS-PCI,0.5619834710743801,0.0,Very Strong,"(1,2)"
TriMesh,solver,2,10,1,2,Default,0.5581395348837209,0.0,Very Strong,"(1,2)"
TriMesh,solver,2,10,1,2,MDAP_MF-DF-ALS-PCI,0.5583333333333333,0.0,Very Strong,"(1,2)"
TriMesh,solver,2,10,1,2,MDA_MF-DF-ALS,0.5583333333333333,0.0,Very Strong,"(1,2)"
TriMesh,solver,2,10,1,2,MDP_MF-DF-PCI,0.5573770491803278,0.0,Very Strong,"(1,2)"
TriMesh,solver,2,10,1,2,MD_MF-DF,0.5573770491803278,0.0,Very Strong,"(1,2)"
TriMesh,solver,2,10,1,2,PCI,0.5581395348837209,0.0,Very Strong,"(1,2)"
TriMesh,solver,2,10,2,2,ALS,0.3360287511230907,0.0,Very Strong,"(2,2)"
TriMesh,solver,2,10,2,2,AP_ALS-PCI,0.3359293095701662,0.0,Very Strong,"(2,2)"
TriMesh,solver,2,10,2,2,Default,0.326815278320949,0.0,Very Strong,"(2,2)"
TriMesh,solver,2,10,2,2,MDAP_MF-DF-ALS-PCI,0.3319609637084476,0.0,Very Strong,"(2,2)"
TriMesh,solver,2,10,2,2,MDA_MF-DF-ALS,0.3319609637084476,0.0,Very Strong,"(2,2)"
TriMesh,solver,2,10,2,2,MDP_MF-DF-PCI,0.3300470865214832,0.0,Very Strong,"(2,2)"
TriMesh,solver,2,10,2,2,MD_MF-DF,0.3300470865214832,0.0,Very Strong,"(2,2)"
TriMesh,solver,2,10,2,2,PCI,0.3290373487638085,0.0,Very Strong,"(2,2)"
TriMesh,solver,2,10,3,2,ALS,0.2120420358541108,0.0,Very Strong,"(3,2)"
TriMesh,solver,2,10,3,2,AP_ALS-PCI,0.2117039444916547,0.0,Very Strong,"(3,2)"
TriMesh,solver,2,10,3,2,Default,0.1967496224308884,0.0,Very Strong,"(3,2)"
TriMesh,solver,2,10,3,2,MDAP_MF-DF-ALS-PCI,0.2051896451070429,0.0,Very Strong,"(3,2)"
TriMesh,solver,2,10,3,2,MDA_MF-DF-ALS,0.2051896451070429,0.0,Very Strong,"(3,2)"
TriMesh,solver,2,10,3,2,MDP_MF-DF-PCI,0.2036396739493552,0.0,Very Strong,"(3,2)"
TriMesh,solver,2,10,3,2,MD_MF-DF,0.2036396739493552,0.0,Very Strong,"(3,2)"
TriMesh,solver,2,10,3,2,PCI,0.2002969561989606,0.0,Very Strong,"(3,2)"
WGet,random,1,10,1,1,ALS,1.0,0.15625,Moderate,"(1,1)"
WGet,random,1,10,1,1,AP_ALS-PCI,1.0,0.15625,Moderate,"(1,1)"
WGet,random,1,10,1,1,Default,1.0,0.15625,Moderate,"(1,1)"
WGet,random,1,10,1,1,MDAP_MF-DF-ALS-PCI,1.0,0.15625,Moderate,"(1,1)"
WGet,random,1,10,1,1,MDA_MF-DF-ALS,1.0,0.15625,Moderate,"(1,1)"
WGet,random,1,10,1,1,MDP_MF-DF-PCI,1.0,0.15625,Moderate,"(1,1)"
WGet,random,1,10,1,1,MD_MF-DF,1.0,0.15625,Moderate,"(1,1)"
WGet,random,1,10,1,1,PCI,1.0,0.15625,Moderate,"(1,1)"
WGet,random,1,10,2,1,ALS,0.9329896907216496,0.15625,Moderate,"(2,1)"
WGet,random,1,10,2,1,AP_ALS-PCI,0.9310344827586206,0.15625,Moderate,"(2,1)"
WGet,random,1,10,2,1,Default,0.9376498800959232,0.15625,Moderate,"(2,1)"
WGet,random,1,10,2,1,MDAP_MF-DF-ALS-PCI,0.9277777777777778,0.15625,Moderate,"(2,1)"
WGet,random,1,10,2,1,MDA_MF-DF-ALS,0.9277777777777778,0.15625,Moderate,"(2,1)"
WGet,random,1,10,2,1,MDP_MF-DF-PCI,0.9277777777777778,0.15625,Moderate,"(2,1)"
WGet,random,1,10,2,1,MD_MF-DF,0.9277777777777778,0.15625,Moderate,"(2,1)"
WGet,random,1,10,2,1,PCI,0.935323383084577,0.15625,Moderate,"(2,1)"
WGet,random,1,10,3,1,ALS,0.7441787287602265,0.15625,Moderate,"(3,1)"
WGet,random,1,10,3,1,AP_ALS-PCI,0.7282903663500678,0.15625,Moderate,"(3,1)"
WGet,random,1,10,3,1,Default,0.7647223780145822,0.15625,Moderate,"(3,1)"
WGet,random,1,10,3,1,MDAP_MF-DF-ALS-PCI,0.7207239176721078,0.15625,Moderate,"(3,1)"
WGet,random,1,10,3,1,MDA_MF-DF-ALS,0.7207239176721078,0.15625,Moderate,"(3,1)"
WGet,random,1,10,3,1,MDP_MF-DF-PCI,0.7207239176721078,0.15625,Moderate,"(3,1)"
WGet,random,1,10,3,1,MD_MF-DF,0.7207239176721078,0.15625,Moderate,"(3,1)"
WGet,random,1,10,3,1,PCI,0.7479147358665431,0.15625,Moderate,"(3,1)"
WGet,random,1,10,1,2,ALS,1.0,0.15625,Moderate,"(1,1)"
WGet,random,1,10,1,2,AP_ALS-PCI,1.0,0.15625,Moderate,"(1,1)"
WGet,random,1,10,1,2,Default,1.0,0.15625,Moderate,"(1,1)"
WGet,random,1,10,1,2,MDAP_MF-DF-ALS-PCI,1.0,0.15625,Moderate,"(1,1)"
WGet,random,1,10,1,2,MDA_MF-DF-ALS,1.0,0.15625,Moderate,"(1,1)"
WGet,random,1,10,1,2,MDP_MF-DF-PCI,1.0,0.15625,Moderate,"(1,1)"
WGet,random,1,10,1,2,MD_MF-DF,1.0,0.15625,Moderate,"(1,1)"
WGet,random,1,10,1,2,PCI,1.0,0.15625,Moderate,"(1,1)"
WGet,random,1,10,2,2,ALS,0.8994845360824743,0.15625,Moderate,"(2,1)"
WGet,random,1,10,2,2,AP_ALS-PCI,0.896551724137931,0.15625,Moderate,"(2,1)"
WGet,random,1,10,2,2,Default,0.9064748201438848,0.15625,Moderate,"(2,1)"
WGet,random,1,10,2,2,MDAP_MF-DF-ALS-PCI,0.8916666666666667,0.15625,Moderate,"(2,1)"
WGet,random,1,10,2,2,MDA_MF-DF-ALS,0.8916666666666667,0.15625,Moderate,"(2,1)"
WGet,random,1,10,2,2,MDP_MF-DF-PCI,0.8916666666666667,0.15625,Moderate,"(2,1)"
WGet,random,1,10,2,2,MD_MF-DF,0.8916666666666667,0.15625,Moderate,"(2,1)"
WGet,random,1,10,2,2,PCI,0.9029850746268656,0.15625,Moderate,"(2,1)"
WGet,random,1,10,3,2,ALS,0.709565764631844,0.15625,Moderate,"(3,1)"
WGet,random,1,10,3,2,AP_ALS-PCI,0.6974219810040706,0.15625,Moderate,"(3,1)"
WGet,random,1,10,3,2,Default,0.7302299495232752,0.15625,Moderate,"(3,1)"
WGet,random,1,10,3,2,MDAP_MF-DF-ALS-PCI,0.6863023420865862,0.15625,Moderate,"(3,1)"
WGet,random,1,10,3,2,MDA_MF-DF-ALS,0.6863023420865862,0.15625,Moderate,"(3,1)"
WGet,random,1,10,3,2,MDP_MF-DF-PCI,0.6863023420865862,0.15625,Moderate,"(3,1)"
WGet,random,1,10,3,2,MD_MF-DF,0.6863023420865862,0.15625,Moderate,"(3,1)"
WGet,random,1,10,3,2,PCI,0.717330861909175,0.15625,Moderate,"(3,1)"
WGet,distance,1,10,1,1,ALS,0.8620689655172413,0.15625,Moderate,"(1,1)"
WGet,distance,1,10,1,1,AP_ALS-PCI,0.8620689655172413,0.15625,Moderate,"(1,1)"
WGet,distance,1,10,1,1,Default,0.8666666666666667,0.15625,Moderate,"(1,1)"
WGet,distance,1,10,1,1,MDAP_MF-DF-ALS-PCI,0.8571428571428571,0.15625,Moderate,"(1,1)"
WGet,distance,1,10,1,1,MDA_MF-DF-ALS,0.8571428571428571,0.15625,Moderate,"(1,1)"
WGet,distance,1,10,1,1,MDP_MF-DF-PCI,0.8571428571428571,0.15625,Moderate,"(1,1)"
WGet,distance,1,10,1,1,MD_MF-DF,0.8571428571428571,0.15625,Moderate,"(1,1)"
WGet,distance,1,10,1,1,PCI,0.8666666666666667,0.15625,Moderate,"(1,1)"
WGet,distance,1,10,2,1,ALS,0.6623711340206185,0.15625,Moderate,"(2,1)"
WGet,distance,1,10,2,1,AP_ALS-PCI,0.6525198938992042,0.15625,Moderate,"(2,1)"
WGet,distance,1,10,2,1,Default,0.6690647482014388,0.15625,Moderate,"(2,1)"
WGet,distance,1,10,2,1,MDAP_MF-DF-ALS-PCI,0.6472222222222223,0.15625,Moderate,"(2,1)"
WGet,distance,1,10,2,1,MDA_MF-DF-ALS,0.6472222222222223,0.15625,Moderate,"(2,1)"
WGet,distance,1,10,2,1,MDP_MF-DF-PCI,0.6472222222222223,0.15625,Moderate,"(2,1)"
WGet,distance,1,10,2,1,MD_MF-DF,0.6472222222222223,0.15625,Moderate,"(2,1)"
WGet,distance,1,10,2,1,PCI,0.6641791044776119,0.15625,Moderate,"(2,1)"
WGet,distance,1,10,3,1,ALS,0.4376966645689112,0.15625,Moderate,"(3,1)"
WGet,distance,1,10,3,1,AP_ALS-PCI,0.4209633649932157,0.15625,Moderate,"(3,1)"
WGet,distance,1,10,3,1,Default,0.4369040942232193,0.15625,Moderate,"(3,1)"
WGet,distance,1,10,3,1,MDAP_MF-DF-ALS-PCI,0.4183818310858765,0.15625,Moderate,"(3,1)"
WGet,distance,1,10,3,1,MDA_MF-DF-ALS,0.4183818310858765,0.15625,Moderate,"(3,1)"
WGet,distance,1,10,3,1,MDP_MF-DF-PCI,0.4183818310858765,0.15625,Moderate,"(3,1)"
WGet,distance,1,10,3,1,MD_MF-DF,0.4183818310858765,0.15625,Moderate,"(3,1)"
WGet,distance,1,10,3,1,PCI,0.4284831634229224,0.15625,Moderate,"(3,1)"
WGet,distance,1,10,1,2,ALS,0.8620689655172413,0.15625,Moderate,"(1,1)"
WGet,distance,1,10,1,2,AP_ALS-PCI,0.8620689655172413,0.15625,Moderate,"(1,1)"
WGet,distance,1,10,1,2,Default,0.8666666666666667,0.15625,Moderate,"(1,1)"
WGet,distance,1,10,1,2,MDAP_MF-DF-ALS-PCI,0.8571428571428571,0.15625,Moderate,"(1,1)"
WGet,distance,1,10,1,2,MDA_MF-DF-ALS,0.8571428571428571,0.15625,Moderate,"(1,1)"
WGet,distance,1,10,1,2,MDP_MF-DF-PCI,0.8571428571428571,0.15625,Moderate,"(1,1)"
WGet,distance,1,10,1,2,MD_MF-DF,0.8571428571428571,0.15625,Moderate,"(1,1)"
WGet,distance,1,10,1,2,PCI,0.8666666666666667,0.15625,Moderate,"(1,1)"
WGet,distance,1,10,2,2,ALS,0.6546391752577319,0.15625,Moderate,"(2,1)"
WGet,distance,1,10,2,2,AP_ALS-PCI,0.6445623342175066,0.15625,Moderate,"(2,1)"
WGet,distance,1,10,2,2,Default,0.6522781774580336,0.15625,Moderate,"(2,1)"
WGet,distance,1,10,2,2,MDAP_MF-DF-ALS-PCI,0.6388888888888888,0.15625,Moderate,"(2,1)"
WGet,distance,1,10,2,2,MDA_MF-DF-ALS,0.6388888888888888,0.15625,Moderate,"(2,1)"
WGet,distance,1,10,2,2,MDP_MF-DF-PCI,0.6388888888888888,0.15625,Moderate,"(2,1)"
WGet,distance,1,10,2,2,MD_MF-DF,0.6388888888888888,0.15625,Moderate,"(2,1)"
WGet,distance,1,10,2,2,PCI,0.6467661691542289,0.15625,Moderate,"(2,1)"
WGet,distance,1,10,3,2,ALS,0.4260541220893643,0.15625,Moderate,"(3,1)"
WGet,distance,1,10,3,2,AP_ALS-PCI,0.4097693351424694,0.15625,Moderate,"(3,1)"
WGet,distance,1,10,3,2,Default,0.4197980931015142,0.15625,Moderate,"(3,1)"
WGet,distance,1,10,3,2,MDAP_MF-DF-ALS-PCI,0.4073811213626685,0.15625,Moderate,"(3,1)"
WGet,distance,1,10,3,2,MDA_MF-DF-ALS,0.4073811213626685,0.15625,Moderate,"(3,1)"
WGet,distance,1,10,3,2,MDP_MF-DF-PCI,0.4073811213626685,0.15625,Moderate,"(3,1)"
WGet,distance,1,10,3,2,MD_MF-DF,0.4073811213626685,0.15625,Moderate,"(3,1)"
WGet,distance,1,10,3,2,PCI,0.4121099783750386,0.15625,Moderate,"(3,1)"
WGet,solver,1,10,1,1,ALS,0.7586206896551723,0.15625,Moderate,"(1,1)"
WGet,solver,1,10,1,1,AP_ALS-PCI,0.7586206896551723,0.15625,Moderate,"(1,1)"
WGet,solver,1,10,1,1,Default,0.7666666666666667,0.15625,Moderate,"(1,1)"
WGet,solver,1,10,1,1,MDAP_MF-DF-ALS-PCI,0.7857142857142857,0.15625,Moderate,"(1,1)"
WGet,solver,1,10,1,1,MDA_MF-DF-ALS,0.7857142857142857,0.15625,Moderate,"(1,1)"
WGet,solver,1,10,1,1,MDP_MF-DF-PCI,0.7857142857142857,0.15625,Moderate,"(1,1)"
WGet,solver,1,10,1,1,MD_MF-DF,0.7857142857142857,0.15625,Moderate,"(1,1)"
WGet,solver,1,10,1,1,PCI,0.7666666666666667,0.15625,Moderate,"(1,1)"
WGet,solver,1,10,2,1,ALS,0.479381443298969,0.15625,Moderate,"(2,1)"
WGet,solver,1,10,2,1,AP_ALS-PCI,0.4933687002652519,0.15625,Moderate,"(2,1)"
WGet,solver,1,10,2,1,Default,0.4988009592326139,0.15625,Moderate,"(2,1)"
WGet,solver,1,10,2,1,MDAP_MF-DF-ALS-PCI,0.5166666666666667,0.15625,Moderate,"(2,1)"
WGet,solver,1,10,2,1,MDA_MF-DF-ALS,0.5166666666666667,0.15625,Moderate,"(2,1)"
WGet,solver,1,10,2,1,MDP_MF-DF-PCI,0.5166666666666667,0.15625,Moderate,"(2,1)"
WGet,solver,1,10,2,1,MD_MF-DF,0.5166666666666667,0.15625,Moderate,"(2,1)"
WGet,solver,1,10,2,1,PCI,0.517412935323383,0.15625,Moderate,"(2,1)"
WGet,solver,1,10,3,1,ALS,0.276903713027061,0.15625,Moderate,"(3,1)"
WGet,solver,1,10,3,1,AP_ALS-PCI,0.2985074626865671,0.15625,Moderate,"(3,1)"
WGet,solver,1,10,3,1,Default,0.2989343802579921,0.15625,Moderate,"(3,1)"
WGet,solver,1,10,3,1,MDAP_MF-DF-ALS-PCI,0.3122782114975159,0.15625,Moderate,"(3,1)"
WGet,solver,1,10,3,1,MDA_MF-DF-ALS,0.3122782114975159,0.15625,Moderate,"(3,1)"
WGet,solver,1,10,3,1,MDP_MF-DF-PCI,0.3122782114975159,0.15625,Moderate,"(3,1)"
WGet,solver,1,10,3,1,MD_MF-DF,0.3122782114975159,0.15625,Moderate,"(3,1)"
WGet,solver,1,10,3,1,PCI,0.3293172690763052,0.15625,Moderate,"(3,1)"
WGet,solver,1,10,1,2,ALS,0.7586206896551723,0.15625,Moderate,"(1,1)"
WGet,solver,1,10,1,2,AP_ALS-PCI,0.7586206896551723,0.15625,Moderate,"(1,1)"
WGet,solver,1,10,1,2,Default,0.7666666666666667,0.15625,Moderate,"(1,1)"
WGet,solver,1,10,1,2,MDAP_MF-DF-ALS-PCI,0.7857142857142857,0.15625,Moderate,"(1,1)"
WGet,solver,1,10,1,2,MDA_MF-DF-ALS,0.7857142857142857,0.15625,Moderate,"(1,1)"
WGet,solver,1,10,1,2,MDP_MF-DF-PCI,0.7857142857142857,0.15625,Moderate,"(1,1)"
WGet,solver,1,10,1,2,MD_MF-DF,0.7857142857142857,0.15625,Moderate,"(1,1)"
WGet,solver,1,10,1,2,PCI,0.7666666666666667,0.15625,Moderate,"(1,1)"
WGet,solver,1,10,2,2,ALS,0.479381443298969,0.15625,Moderate,"(2,1)"
WGet,solver,1,10,2,2,AP_ALS-PCI,0.4933687002652519,0.15625,Moderate,"(2,1)"
WGet,solver,1,10,2,2,Default,0.4988009592326139,0.15625,Moderate,"(2,1)"
WGet,solver,1,10,2,2,MDAP_MF-DF-ALS-PCI,0.5166666666666667,0.15625,Moderate,"(2,1)"
WGet,solver,1,10,2,2,MDA_MF-DF-ALS,0.5166666666666667,0.15625,Moderate,"(2,1)"
WGet,solver,1,10,2,2,MDP_MF-DF-PCI,0.5166666666666667,0.15625,Moderate,"(2,1)"
WGet,solver,1,10,2,2,MD_MF-DF,0.5166666666666667,0.15625,Moderate,"(2,1)"
WGet,solver,1,10,2,2,PCI,0.517412935323383,0.15625,Moderate,"(2,1)"
WGet,solver,1,10,3,2,ALS,0.276903713027061,0.15625,Moderate,"(3,1)"
WGet,solver,1,10,3,2,AP_ALS-PCI,0.2985074626865671,0.15625,Moderate,"(3,1)"
WGet,solver,1,10,3,2,Default,0.2989343802579921,0.15625,Moderate,"(3,1)"
WGet,solver,1,10,3,2,MDAP_MF-DF-ALS-PCI,0.3122782114975159,0.15625,Moderate,"(3,1)"
WGet,solver,1,10,3,2,MDA_MF-DF-ALS,0.3122782114975159,0.15625,Moderate,"(3,1)"
WGet,solver,1,10,3,2,MDP_MF-DF-PCI,0.3122782114975159,0.15625,Moderate,"(3,1)"
WGet,solver,1,10,3,2,MD_MF-DF,0.3122782114975159,0.15625,Moderate,"(3,1)"
WGet,solver,1,10,3,2,PCI,0.3293172690763052,0.15625,Moderate,"(3,1)"
WGet,random,2,10,1,1,ALS,1.0,0.15625,Moderate,"(1,2)"
WGet,random,2,10,1,1,AP_ALS-PCI,1.0,0.15625,Moderate,"(1,2)"
WGet,random,2,10,1,1,Default,1.0,0.15625,Moderate,"(1,2)"
WGet,random,2,10,1,1,MDAP_MF-DF-ALS-PCI,1.0,0.15625,Moderate,"(1,2)"
WGet,random,2,10,1,1,MDA_MF-DF-ALS,1.0,0.15625,Moderate,"(1,2)"
WGet,random,2,10,1,1,MDP_MF-DF-PCI,1.0,0.15625,Moderate,"(1,2)"
WGet,random,2,10,1,1,MD_MF-DF,1.0,0.15625,Moderate,"(1,2)"
WGet,random,2,10,1,1,PCI,1.0,0.15625,Moderate,"(1,2)"
WGet,random,2,10,2,1,ALS,0.9201030927835052,0.15625,Moderate,"(2,2)"
WGet,random,2,10,2,1,AP_ALS-PCI,0.9177718832891246,0.15625,Moderate,"(2,2)"
WGet,random,2,10,2,1,Default,0.9256594724220624,0.15625,Moderate,"(2,2)"
WGet,random,2,10,2,1,MDAP_MF-DF-ALS-PCI,0.9138888888888888,0.15625,Moderate,"(2,2)"
WGet,random,2,10,2,1,MDA_MF-DF-ALS,0.9138888888888888,0.15625,Moderate,"(2,2)"
WGet,random,2,10,2,1,MDP_MF-DF-PCI,0.9138888888888888,0.15625,Moderate,"(2,2)"
WGet,random,2,10,2,1,MD_MF-DF,0.9138888888888888,0.15625,Moderate,"(2,2)"
WGet,random,2,10,2,1,PCI,0.9228855721393034,0.15625,Moderate,"(2,2)"
WGet,random,2,10,3,1,ALS,0.7350534927627439,0.15625,Moderate,"(3,2)"
WGet,random,2,10,3,1,AP_ALS-PCI,0.7218453188602442,0.15625,Moderate,"(3,2)"
WGet,random,2,10,3,1,Default,0.7551878855860908,0.15625,Moderate,"(3,2)"
WGet,random,2,10,3,1,MDAP_MF-DF-ALS-PCI,0.7122072391767211,0.15625,Moderate,"(3,2)"
WGet,random,2,10,3,1,MDA_MF-DF-ALS,0.7122072391767211,0.15625,Moderate,"(3,2)"
WGet,random,2,10,3,1,MDP_MF-DF-PCI,0.7122072391767211,0.15625,Moderate,"(3,2)"
WGet,random,2,10,3,1,MD_MF-DF,0.7122072391767211,0.15625,Moderate,"(3,2)"
WGet,random,2,10,3,1,PCI,0.7389558232931726,0.15625,Moderate,"(3,2)"
WGet,random,2,10,1,2,ALS,1.0,0.15625,Moderate,"(1,2)"
WGet,random,2,10,1,2,AP_ALS-PCI,1.0,0.15625,Moderate,"(1,2)"
WGet,random,2,10,1,2,Default,1.0,0.15625,Moderate,"(1,2)"
WGet,random,2,10,1,2,MDAP_MF-DF-ALS-PCI,1.0,0.15625,Moderate,"(1,2)"
WGet,random,2,10,1,2,MDA_MF-DF-ALS,1.0,0.15625,Moderate,"(1,2)"
WGet,random,2,10,1,2,MDP_MF-DF-PCI,1.0,0.15625,Moderate,"(1,2)"
WGet,random,2,10,1,2,MD_MF-DF,1.0,0.15625,Moderate,"(1,2)"
WGet,random,2,10,1,2,PCI,1.0,0.15625,Moderate,"(1,2)"
WGet,random,2,10,2,2,ALS,0.9304123711340206,0.15625,Moderate,"(2,2)"
WGet,random,2,10,2,2,AP_ALS-PCI,0.9283819628647216,0.15625,Moderate,"(2,2)"
WGet,random,2,10,2,2,Default,0.935251798561151,0.15625,Moderate,"(2,2)"
WGet,random,2,10,2,2,MDAP_MF-DF-ALS-PCI,0.925,0.15625,Moderate,"(2,2)"
WGet,random,2,10,2,2,MDA_MF-DF-ALS,0.925,0.15625,Moderate,"(2,2)"
WGet,random,2,10,2,2,MDP_MF-DF-PCI,0.925,0.15625,Moderate,"(2,2)"
WGet,random,2,10,2,2,MD_MF-DF,0.925,0.15625,Moderate,"(2,2)"
WGet,random,2,10,2,2,PCI,0.9328358208955224,0.15625,Moderate,"(2,2)"
WGet,random,2,10,3,2,ALS,0.7501573316551289,0.15625,Moderate,"(3,2)"
WGet,random,2,10,3,2,AP_ALS-PCI,0.7367706919945725,0.15625,Moderate,"(3,2)"
WGet,random,2,10,3,2,Default,0.7697700504767246,0.15625,Moderate,"(3,2)"
WGet,random,2,10,3,2,MDAP_MF-DF-ALS-PCI,0.7278211497515968,0.15625,Moderate,"(3,2)"
WGet,random,2,10,3,2,MDA_MF-DF-ALS,0.7278211497515968,0.15625,Moderate,"(3,2)"
WGet,random,2,10,3,2,MDP_MF-DF-PCI,0.7278211497515968,0.15625,Moderate,"(3,2)"
WGet,random,2,10,3,2,MD_MF-DF,0.7278211497515968,0.15625,Moderate,"(3,2)"
WGet,random,2,10,3,2,PCI,0.7568736484399134,0.15625,Moderate,"(3,2)"
WGet,distance,2,10,1,1,ALS,0.8620689655172413,0.15625,Moderate,"(1,2)"
WGet,distance,2,10,1,1,AP_ALS-PCI,0.8620689655172413,0.15625,Moderate,"(1,2)"
WGet,distance,2,10,1,1,Default,0.8666666666666667,0.15625,Moderate,"(1,2)"
WGet,distance,2,10,1,1,MDAP_MF-DF-ALS-PCI,0.8571428571428571,0.15625,Moderate,"(1,2)"
WGet,distance,2,10,1,1,MDA_MF-DF-ALS,0.8571428571428571,0.15625,Moderate,"(1,2)"
WGet,distance,2,10,1,1,MDP_MF-DF-PCI,0.8571428571428571,0.15625,Moderate,"(1,2)"
WGet,distance,2,10,1,1,MD_MF-DF,0.8571428571428571,0.15625,Moderate,"(1,2)"
WGet,distance,2,10,1,1,PCI,0.8666666666666667,0.15625,Moderate,"(1,2)"
WGet,distance,2,10,2,1,ALS,0.6623711340206185,0.15625,Moderate,"(2,2)"
WGet,distance,2,10,2,1,AP_ALS-PCI,0.6525198938992042,0.15625,Moderate,"(2,2)"
WGet,distance,2,10,2,1,Default,0.6690647482014388,0.15625,Moderate,"(2,2)"
WGet,distance,2,10,2,1,MDAP_MF-DF-ALS-PCI,0.6472222222222223,0.15625,Moderate,"(2,2)"
WGet,distance,2,10,2,1,MDA_MF-DF-ALS,0.6472222222222223,0.15625,Moderate,"(2,2)"
WGet,distance,2,10,2,1,MDP_MF-DF-PCI,0.6472222222222223,0.15625,Moderate,"(2,2)"
WGet,distance,2,10,2,1,MD_MF-DF,0.6472222222222223,0.15625,Moderate,"(2,2)"
WGet,distance,2,10,2,1,PCI,0.6641791044776119,0.15625,Moderate,"(2,2)"
WGet,distance,2,10,3,1,ALS,0.4376966645689112,0.15625,Moderate,"(3,2)"
WGet,distance,2,10,3,1,AP_ALS-PCI,0.4209633649932157,0.15625,Moderate,"(3,2)"
WGet,distance,2,10,3,1,Default,0.4369040942232193,0.15625,Moderate,"(3,2)"
WGet,distance,2,10,3,1,MDAP_MF-DF-ALS-PCI,0.4183818310858765,0.15625,Moderate,"(3,2)"
WGet,distance,2,10,3,1,MDA_MF-DF-ALS,0.4183818310858765,0.15625,Moderate,"(3,2)"
WGet,distance,2,10,3,1,MDP_MF-DF-PCI,0.4183818310858765,0.15625,Moderate,"(3,2)"
WGet,distance,2,10,3,1,MD_MF-DF,0.4183818310858765,0.15625,Moderate,"(3,2)"
WGet,distance,2,10,3,1,PCI,0.4284831634229224,0.15625,Moderate,"(3,2)"
WGet,distance,2,10,1,2,ALS,0.8620689655172413,0.15625,Moderate,"(1,2)"
WGet,distance,2,10,1,2,AP_ALS-PCI,0.8620689655172413,0.15625,Moderate,"(1,2)"
WGet,distance,2,10,1,2,Default,0.8666666666666667,0.15625,Moderate,"(1,2)"
WGet,distance,2,10,1,2,MDAP_MF-DF-ALS-PCI,0.8571428571428571,0.15625,Moderate,"(1,2)"
WGet,distance,2,10,1,2,MDA_MF-DF-ALS,0.8571428571428571,0.15625,Moderate,"(1,2)"
WGet,distance,2,10,1,2,MDP_MF-DF-PCI,0.8571428571428571,0.15625,Moderate,"(1,2)"
WGet,distance,2,10,1,2,MD_MF-DF,0.8571428571428571,0.15625,Moderate,"(1,2)"
WGet,distance,2,10,1,2,PCI,0.8666666666666667,0.15625,Moderate,"(1,2)"
WGet,distance,2,10,2,2,ALS,0.6546391752577319,0.15625,Moderate,"(2,2)"
WGet,distance,2,10,2,2,AP_ALS-PCI,0.6445623342175066,0.15625,Moderate,"(2,2)"
WGet,distance,2,10,2,2,Default,0.6522781774580336,0.15625,Moderate,"(2,2)"
WGet,distance,2,10,2,2,MDAP_MF-DF-ALS-PCI,0.6388888888888888,0.15625,Moderate,"(2,2)"
WGet,distance,2,10,2,2,MDA_MF-DF-ALS,0.6388888888888888,0.15625,Moderate,"(2,2)"
WGet,distance,2,10,2,2,MDP_MF-DF-PCI,0.6388888888888888,0.15625,Moderate,"(2,2)"
WGet,distance,2,10,2,2,MD_MF-DF,0.6388888888888888,0.15625,Moderate,"(2,2)"
WGet,distance,2,10,2,2,PCI,0.6467661691542289,0.15625,Moderate,"(2,2)"
WGet,distance,2,10,3,2,ALS,0.4260541220893643,0.15625,Moderate,"(3,2)"
WGet,distance,2,10,3,2,AP_ALS-PCI,0.4097693351424694,0.15625,Moderate,"(3,2)"
WGet,distance,2,10,3,2,Default,0.4197980931015142,0.15625,Moderate,"(3,2)"
WGet,distance,2,10,3,2,MDAP_MF-DF-ALS-PCI,0.4073811213626685,0.15625,Moderate,"(3,2)"
WGet,distance,2,10,3,2,MDA_MF-DF-ALS,0.4073811213626685,0.15625,Moderate,"(3,2)"
WGet,distance,2,10,3,2,MDP_MF-DF-PCI,0.4073811213626685,0.15625,Moderate,"(3,2)"
WGet,distance,2,10,3,2,MD_MF-DF,0.4073811213626685,0.15625,Moderate,"(3,2)"
WGet,distance,2,10,3,2,PCI,0.4121099783750386,0.15625,Moderate,"(3,2)"
WGet,solver,2,10,1,1,ALS,0.7586206896551723,0.15625,Moderate,"(1,2)"
WGet,solver,2,10,1,1,AP_ALS-PCI,0.7586206896551723,0.15625,Moderate,"(1,2)"
WGet,solver,2,10,1,1,Default,0.7666666666666667,0.15625,Moderate,"(1,2)"
WGet,solver,2,10,1,1,MDAP_MF-DF-ALS-PCI,0.7857142857142857,0.15625,Moderate,"(1,2)"
WGet,solver,2,10,1,1,MDA_MF-DF-ALS,0.7857142857142857,0.15625,Moderate,"(1,2)"
WGet,solver,2,10,1,1,MDP_MF-DF-PCI,0.7857142857142857,0.15625,Moderate,"(1,2)"
WGet,solver,2,10,1,1,MD_MF-DF,0.7857142857142857,0.15625,Moderate,"(1,2)"
WGet,solver,2,10,1,1,PCI,0.7666666666666667,0.15625,Moderate,"(1,2)"
WGet,solver,2,10,2,1,ALS,0.479381443298969,0.15625,Moderate,"(2,2)"
WGet,solver,2,10,2,1,AP_ALS-PCI,0.4933687002652519,0.15625,Moderate,"(2,2)"
WGet,solver,2,10,2,1,Default,0.4988009592326139,0.15625,Moderate,"(2,2)"
WGet,solver,2,10,2,1,MDAP_MF-DF-ALS-PCI,0.5166666666666667,0.15625,Moderate,"(2,2)"
WGet,solver,2,10,2,1,MDA_MF-DF-ALS,0.5166666666666667,0.15625,Moderate,"(2,2)"
WGet,solver,2,10,2,1,MDP_MF-DF-PCI,0.5166666666666667,0.15625,Moderate,"(2,2)"
WGet,solver,2,10,2,1,MD_MF-DF,0.5166666666666667,0.15625,Moderate,"(2,2)"
WGet,solver,2,10,2,1,PCI,0.517412935323383,0.15625,Moderate,"(2,2)"
WGet,solver,2,10,3,1,ALS,0.276903713027061,0.15625,Moderate,"(3,2)"
WGet,solver,2,10,3,1,AP_ALS-PCI,0.2985074626865671,0.15625,Moderate,"(3,2)"
WGet,solver,2,10,3,1,Default,0.2989343802579921,0.15625,Moderate,"(3,2)"
WGet,solver,2,10,3,1,MDAP_MF-DF-ALS-PCI,0.3122782114975159,0.15625,Moderate,"(3,2)"
WGet,solver,2,10,3,1,MDA_MF-DF-ALS,0.3122782114975159,0.15625,Moderate,"(3,2)"
WGet,solver,2,10,3,1,MDP_MF-DF-PCI,0.3122782114975159,0.15625,Moderate,"(3,2)"
WGet,solver,2,10,3,1,MD_MF-DF,0.3122782114975159,0.15625,Moderate,"(3,2)"
WGet,solver,2,10,3,1,PCI,0.3293172690763052,0.15625,Moderate,"(3,2)"
WGet,solver,2,10,1,2,ALS,0.7586206896551723,0.15625,Moderate,"(1,2)"
WGet,solver,2,10,1,2,AP_ALS-PCI,0.7586206896551723,0.15625,Moderate,"(1,2)"
WGet,solver,2,10,1,2,Default,0.7666666666666667,0.15625,Moderate,"(1,2)"
WGet,solver,2,10,1,2,MDAP_MF-DF-ALS-PCI,0.7857142857142857,0.15625,Moderate,"(1,2)"
WGet,solver,2,10,1,2,MDA_MF-DF-ALS,0.7857142857142857,0.15625,Moderate,"(1,2)"
WGet,solver,2,10,1,2,MDP_MF-DF-PCI,0.7857142857142857,0.15625,Moderate,"(1,2)"
WGet,solver,2,10,1,2,MD_MF-DF,0.7857142857142857,0.15625,Moderate,"(1,2)"
WGet,solver,2,10,1,2,PCI,0.7666666666666667,0.15625,Moderate,"(1,2)"
WGet,solver,2,10,2,2,ALS,0.479381443298969,0.15625,Moderate,"(2,2)"
WGet,solver,2,10,2,2,AP_ALS-PCI,0.4933687002652519,0.15625,Moderate,"(2,2)"
WGet,solver,2,10,2,2,Default,0.4988009592326139,0.15625,Moderate,"(2,2)"
WGet,solver,2,10,2,2,MDAP_MF-DF-ALS-PCI,0.5166666666666667,0.15625,Moderate,"(2,2)"
WGet,solver,2,10,2,2,MDA_MF-DF-ALS,0.5166666666666667,0.15625,Moderate,"(2,2)"
WGet,solver,2,10,2,2,MDP_MF-DF-PCI,0.5166666666666667,0.15625,Moderate,"(2,2)"
WGet,solver,2,10,2,2,MD_MF-DF,0.5166666666666667,0.15625,Moderate,"(2,2)"
WGet,solver,2,10,2,2,PCI,0.517412935323383,0.15625,Moderate,"(2,2)"
WGet,solver,2,10,3,2,ALS,0.276903713027061,0.15625,Moderate,"(3,2)"
WGet,solver,2,10,3,2,AP_ALS-PCI,0.2985074626865671,0.15625,Moderate,"(3,2)"
WGet,solver,2,10,3,2,Default,0.2989343802579921,0.15625,Moderate,"(3,2)"
WGet,solver,2,10,3,2,MDAP_MF-DF-ALS-PCI,0.3122782114975159,0.15625,Moderate,"(3,2)"
WGet,solver,2,10,3,2,MDA_MF-DF-ALS,0.3122782114975159,0.15625,Moderate,"(3,2)"
WGet,solver,2,10,3,2,MDP_MF-DF-PCI,0.3122782114975159,0.15625,Moderate,"(3,2)"
WGet,solver,2,10,3,2,MD_MF-DF,0.3122782114975159,0.15625,Moderate,"(3,2)"
WGet,solver,2,10,3,2,PCI,0.3293172690763052,0.15625,Moderate,"(3,2)"
clasp,random,1,10,1,1,ALS,0.8113207547169811,2.026e-07,Very Strong,"(1,1)"
clasp,random,1,10,1,1,AP_ALS-PCI,0.8113207547169811,2.026e-07,Very Strong,"(1,1)"
clasp,random,1,10,1,1,Default,0.7538461538461538,2.026e-07,Very Strong,"(1,1)"
clasp,random,1,10,1,1,MDAP_MF-DF-ALS-PCI,0.8076923076923077,2.026e-07,Very Strong,"(1,1)"
clasp,random,1,10,1,1,MDA_MF-DF-ALS,0.8076923076923077,2.026e-07,Very Strong,"(1,1)"
clasp,random,1,10,1,1,MDP_MF-DF-PCI,0.75,2.026e-07,Very Strong,"(1,1)"
clasp,random,1,10,1,1,MD_MF-DF,0.75,2.026e-07,Very Strong,"(1,1)"
clasp,random,1,10,1,1,PCI,0.7538461538461538,2.026e-07,Very Strong,"(1,1)"
clasp,random,1,10,2,1,ALS,0.7051282051282051,2.026e-07,Very Strong,"(2,1)"
clasp,random,1,10,2,1,AP_ALS-PCI,0.7093723129836629,2.026e-07,Very Strong,"(2,1)"
clasp,random,1,10,2,1,Default,0.6559139784946236,2.026e-07,Very Strong,"(2,1)"
clasp,random,1,10,2,1,MDAP_MF-DF-ALS-PCI,0.7041366906474819,2.026e-07,Very Strong,"(2,1)"
clasp,random,1,10,2,1,MDA_MF-DF-ALS,0.7003577817531305,2.026e-07,Very Strong,"(2,1)"
clasp,random,1,10,2,1,MDP_MF-DF-PCI,0.65126582278481,2.026e-07,Very Strong,"(2,1)"
clasp,random,1,10,2,1,MD_MF-DF,0.6521739130434782,2.026e-07,Very Strong,"(2,1)"
clasp,random,1,10,2,1,PCI,0.6552984165651644,2.026e-07,Very Strong,"(2,1)"
clasp,random,1,10,3,1,ALS,0.608451250242295,2.026e-07,Very Strong,"(3,1)"
clasp,random,1,10,3,1,AP_ALS-PCI,0.6154097503594301,2.026e-07,Very Strong,"(3,1)"
clasp,random,1,10,3,1,Default,0.5856775500662355,2.026e-07,Very Strong,"(3,1)"
clasp,random,1,10,3,1,MDAP_MF-DF-ALS-PCI,0.6073865634892718,2.026e-07,Very Strong,"(3,1)"
clasp,random,1,10,3,1,MDA_MF-DF-ALS,0.6012953548297235,2.026e-07,Very Strong,"(3,1)"
clasp,random,1,10,3,1,MDP_MF-DF-PCI,0.5772097509645738,2.026e-07,Very Strong,"(3,1)"
clasp,random,1,10,3,1,MD_MF-DF,0.5812271366810775,2.026e-07,Very Strong,"(3,1)"
clasp,random,1,10,3,1,PCI,0.5821165631555135,2.026e-07,Very Strong,"(3,1)"
clasp,random,1,10,1,2,ALS,0.8679245283018868,2.026e-07,Very Strong,"(1,1)"
clasp,random,1,10,1,2,AP_ALS-PCI,0.8679245283018868,2.026e-07,Very Strong,"(1,1)"
clasp,random,1,10,1,2,Default,0.8,2.026e-07,Very Strong,"(1,1)"
clasp,random,1,10,1,2,MDAP_MF-DF-ALS-PCI,0.8653846153846154,2.026e-07,Very Strong,"(1,1)"
clasp,random,1,10,1,2,MDA_MF-DF-ALS,0.8653846153846154,2.026e-07,Very Strong,"(1,1)"
clasp,random,1,10,1,2,MDP_MF-DF-PCI,0.796875,2.026e-07,Very Strong,"(1,1)"
clasp,random,1,10,1,2,MD_MF-DF,0.796875,2.026e-07,Very Strong,"(1,1)"
clasp,random,1,10,1,2,PCI,0.8,2.026e-07,Very Strong,"(1,1)"
clasp,random,1,10,2,2,ALS,0.7905982905982905,2.026e-07,Very Strong,"(2,1)"
clasp,random,1,10,2,2,AP_ALS-PCI,0.7953568357695615,2.026e-07,Very Strong,"(2,1)"
clasp,random,1,10,2,2,Default,0.7264038231780167,2.026e-07,Very Strong,"(2,1)"
clasp,random,1,10,2,2,MDAP_MF-DF-ALS-PCI,0.7913669064748201,2.026e-07,Very Strong,"(2,1)"
clasp,random,1,10,2,2,MDA_MF-DF-ALS,0.7871198568872988,2.026e-07,Very Strong,"(2,1)"
clasp,random,1,10,2,2,MDP_MF-DF-PCI,0.7221518987341771,2.026e-07,Very Strong,"(2,1)"
clasp,random,1,10,2,2,MD_MF-DF,0.7236024844720496,2.026e-07,Very Strong,"(2,1)"
clasp,random,1,10,2,2,PCI,0.7253349573690621,2.026e-07,Very Strong,"(2,1)"
clasp,random,1,10,3,2,ALS,0.6999418491955804,2.026e-07,Very Strong,"(3,1)"
clasp,random,1,10,3,2,AP_ALS-PCI,0.707946673637433,2.026e-07,Very Strong,"(3,1)"
clasp,random,1,10,3,2,Default,0.6659783370996649,2.026e-07,Very Strong,"(3,1)"
clasp,random,1,10,3,2,MDAP_MF-DF-ALS-PCI,0.7001758705592683,2.026e-07,Very Strong,"(3,1)"
clasp,random,1,10,3,2,MDA_MF-DF-ALS,0.693154119367644,2.026e-07,Very Strong,"(3,1)"
clasp,random,1,10,3,2,MDP_MF-DF-PCI,0.6563048053314626,2.026e-07,Very Strong,"(3,1)"
clasp,random,1,10,3,2,MD_MF-DF,0.6621217159960093,2.026e-07,Very Strong,"(3,1)"
clasp,random,1,10,3,2,PCI,0.6607987496401102,2.026e-07,Very Strong,"(3,1)"
clasp,distance,1,10,1,1,ALS,0.8490566037735849,2.026e-07,Very Strong,"(1,1)"
clasp,distance,1,10,1,1,AP_ALS-PCI,0.8490566037735849,2.026e-07,Very Strong,"(1,1)"
clasp,distance,1,10,1,1,Default,0.8615384615384615,2.026e-07,Very Strong,"(1,1)"
clasp,distance,1,10,1,1,MDAP_MF-DF-ALS-PCI,0.8461538461538461,2.026e-07,Very Strong,"(1,1)"
clasp,distance,1,10,1,1,MDA_MF-DF-ALS,0.8461538461538461,2.026e-07,Very Strong,"(1,1)"
clasp,distance,1,10,1,1,MDP_MF-DF-PCI,0.859375,2.026e-07,Very Strong,"(1,1)"
clasp,distance,1,10,1,1,MD_MF-DF,0.859375,2.026e-07,Very Strong,"(1,1)"
clasp,distance,1,10,1,1,PCI,0.8615384615384615,2.026e-07,Very Strong,"(1,1)"
clasp,distance,1,10,2,1,ALS,0.6384615384615384,2.026e-07,Very Strong,"(2,1)"
clasp,distance,1,10,2,1,AP_ALS-PCI,0.641444539982803,2.026e-07,Very Strong,"(2,1)"
clasp,distance,1,10,2,1,Default,0.6475507765830346,2.026e-07,Very Strong,"(2,1)"
clasp,distance,1,10,2,1,MDAP_MF-DF-ALS-PCI,0.6438848920863309,2.026e-07,Very Strong,"(2,1)"
clasp,distance,1,10,2,1,MDA_MF-DF-ALS,0.6404293381037566,2.026e-07,Very Strong,"(2,1)"
clasp,distance,1,10,2,1,MDP_MF-DF-PCI,0.6582278481012657,2.026e-07,Very Strong,"(2,1)"
clasp,distance,1,10,2,1,MD_MF-DF,0.6503105590062112,2.026e-07,Very Strong,"(2,1)"
clasp,distance,1,10,2,1,PCI,0.6552984165651644,2.026e-07,Very Strong,"(2,1)"
clasp,distance,1,10,3,1,ALS,0.4569360987271435,2.026e-07,Very Strong,"(3,1)"
clasp,distance,1,10,3,1,AP_ALS-PCI,0.4605933864854267,2.026e-07,Very Strong,"(3,1)"
clasp,distance,1,10,3,1,Default,0.4652848125925348,2.026e-07,Very Strong,"(3,1)"
clasp,distance,1,10,3,1,MDAP_MF-DF-ALS-PCI,0.4666197678508617,2.026e-07,Very Strong,"(3,1)"
clasp,distance,1,10,3,1,MDA_MF-DF-ALS,0.461940246535274,2.026e-07,Very Strong,"(3,1)"
clasp,distance,1,10,3,1,MDP_MF-DF-PCI,0.4881182041388986,2.026e-07,Very Strong,"(3,1)"
clasp,distance,1,10,3,1,MD_MF-DF,0.4700698370468905,2.026e-07,Very Strong,"(3,1)"
clasp,distance,1,10,3,1,PCI,0.4827458561263521,2.026e-07,Very Strong,"(3,1)"
clasp,distance,1,10,1,2,ALS,0.7924528301886792,2.026e-07,Very Strong,"(1,1)"
clasp,distance,1,10,1,2,AP_ALS-PCI,0.7924528301886792,2.026e-07,Very Strong,"(1,1)"
clasp,distance,1,10,1,2,Default,0.8153846153846153,2.026e-07,Very Strong,"(1,1)"
clasp,distance,1,10,1,2,MDAP_MF-DF-ALS-PCI,0.7884615384615384,2.026e-07,Very Strong,"(1,1)"
clasp,distance,1,10,1,2,MDA_MF-DF-ALS,0.7884615384615384,2.026e-07,Very Strong,"(1,1)"
clasp,distance,1,10,1,2,MDP_MF-DF-PCI,0.8125,2.026e-07,Very Strong,"(1,1)"
clasp,distance,1,10,1,2,MD_MF-DF,0.8125,2.026e-07,Very Strong,"(1,1)"
clasp,distance,1,10,1,2,PCI,0.8153846153846153,2.026e-07,Very Strong,"(1,1)"
clasp,distance,1,10,2,2,ALS,0.5777777777777777,2.026e-07,Very Strong,"(2,1)"
clasp,distance,1,10,2,2,AP_ALS-PCI,0.5812553740326741,2.026e-07,Very Strong,"(2,1)"
clasp,distance,1,10,2,2,Default,0.5943847072879331,2.026e-07,Very Strong,"(2,1)"
clasp,distance,1,10,2,2,MDAP_MF-DF-ALS-PCI,0.5827338129496403,2.026e-07,Very Strong,"(2,1)"
clasp,distance,1,10,2,2,MDA_MF-DF-ALS,0.5796064400715563,2.026e-07,Very Strong,"(2,1)"
clasp,distance,1,10,2,2,MDP_MF-DF-PCI,0.6050632911392405,2.026e-07,Very Strong,"(2,1)"
clasp,distance,1,10,2,2,MD_MF-DF,0.5968944099378882,2.026e-07,Very Strong,"(2,1)"
clasp,distance,1,10,2,2,PCI,0.6029232643118148,2.026e-07,Very Strong,"(2,1)"
clasp,distance,1,10,3,2,ALS,0.4035019706661497,2.026e-07,Very Strong,"(3,1)"
clasp,distance,1,10,3,2,AP_ALS-PCI,0.4081165860671807,2.026e-07,Very Strong,"(3,1)"
clasp,distance,1,10,3,2,Default,0.4143224499337644,2.026e-07,Very Strong,"(3,1)"
clasp,distance,1,10,3,2,MDAP_MF-DF-ALS-PCI,0.4133661625043967,2.026e-07,Very Strong,"(3,1)"
clasp,distance,1,10,3,2,MDA_MF-DF-ALS,0.4092206978201824,2.026e-07,Very Strong,"(3,1)"
clasp,distance,1,10,3,2,MDP_MF-DF-PCI,0.4368204138898632,2.026e-07,Very Strong,"(3,1)"
clasp,distance,1,10,3,2,MD_MF-DF,0.4193548387096774,2.026e-07,Very Strong,"(3,1)"
clasp,distance,1,10,3,2,PCI,0.4322378974211327,2.026e-07,Very Strong,"(3,1)"
clasp,solver,1,10,1,1,ALS,0.8113207547169811,2.026e-07,Very Strong,"(1,1)"
clasp,solver,1,10,1,1,AP_ALS-PCI,0.8113207547169811,2.026e-07,Very Strong,"(1,1)"
clasp,solver,1,10,1,1,Default,0.8,2.026e-07,Very Strong,"(1,1)"
clasp,solver,1,10,1,1,MDAP_MF-DF-ALS-PCI,0.8076923076923077,2.026e-07,Very Strong,"(1,1)"
clasp,solver,1,10,1,1,MDA_MF-DF-ALS,0.8076923076923077,2.026e-07,Very Strong,"(1,1)"
clasp,solver,1,10,1,1,MDP_MF-DF-PCI,0.796875,2.026e-07,Very Strong,"(1,1)"
clasp,solver,1,10,1,1,MD_MF-DF,0.796875,2.026e-07,Very Strong,"(1,1)"
clasp,solver,1,10,1,1,PCI,0.8,2.026e-07,Very Strong,"(1,1)"
clasp,solver,1,10,2,1,ALS,0.5965811965811965,2.026e-07,Very Strong,"(2,1)"
clasp,solver,1,10,2,1,AP_ALS-PCI,0.5993121238177128,2.026e-07,Very Strong,"(2,1)"
clasp,solver,1,10,2,1,Default,0.5890083632019116,2.026e-07,Very Strong,"(2,1)"
clasp,solver,1,10,2,1,MDAP_MF-DF-ALS-PCI,0.5998201438848921,2.026e-07,Very Strong,"(2,1)"
clasp,solver,1,10,2,1,MDA_MF-DF-ALS,0.5966010733452592,2.026e-07,Very Strong,"(2,1)"
clasp,solver,1,10,2,1,MDP_MF-DF-PCI,0.5993670886075949,2.026e-07,Very Strong,"(2,1)"
clasp,solver,1,10,2,1,MD_MF-DF,0.5894409937888198,2.026e-07,Very Strong,"(2,1)"
clasp,solver,1,10,2,1,PCI,0.5986601705237515,2.026e-07,Very Strong,"(2,1)"
clasp,solver,1,10,3,1,ALS,0.4220456160754668,2.026e-07,Very Strong,"(3,1)"
clasp,solver,1,10,3,1,AP_ALS-PCI,0.4253038818455103,2.026e-07,Very Strong,"(3,1)"
clasp,solver,1,10,3,1,Default,0.4222317462791241,2.026e-07,Very Strong,"(3,1)"
clasp,solver,1,10,3,1,MDAP_MF-DF-ALS-PCI,0.428631727048892,2.026e-07,Very Strong,"(3,1)"
clasp,solver,1,10,3,1,MDA_MF-DF-ALS,0.4243331708336234,2.026e-07,Very Strong,"(3,1)"
clasp,solver,1,10,3,1,MDP_MF-DF-PCI,0.4449754472115047,2.026e-07,Very Strong,"(3,1)"
clasp,solver,1,10,3,1,MD_MF-DF,0.4241353508480212,2.026e-07,Very Strong,"(3,1)"
clasp,solver,1,10,3,1,PCI,0.4422736807469255,2.026e-07,Very Strong,"(3,1)"
clasp,solver,1,10,1,2,ALS,0.8113207547169811,2.026e-07,Very Strong,"(1,1)"
clasp,solver,1,10,1,2,AP_ALS-PCI,0.8113207547169811,2.026e-07,Very Strong,"(1,1)"
clasp,solver,1,10,1,2,Default,0.8,2.026e-07,Very Strong,"(1,1)"
clasp,solver,1,10,1,2,MDAP_MF-DF-ALS-PCI,0.8076923076923077,2.026e-07,Very Strong,"(1,1)"
clasp,solver,1,10,1,2,MDA_MF-DF-ALS,0.8076923076923077,2.026e-07,Very Strong,"(1,1)"
clasp,solver,1,10,1,2,MDP_MF-DF-PCI,0.796875,2.026e-07,Very Strong,"(1,1)"
clasp,solver,1,10,1,2,MD_MF-DF,0.796875,2.026e-07,Very Strong,"(1,1)"
clasp,solver,1,10,1,2,PCI,0.8,2.026e-07,Very Strong,"(1,1)"
clasp,solver,1,10,2,2,ALS,0.5965811965811965,2.026e-07,Very Strong,"(2,1)"
clasp,solver,1,10,2,2,AP_ALS-PCI,0.5993121238177128,2.026e-07,Very Strong,"(2,1)"
clasp,solver,1,10,2,2,Default,0.5890083632019116,2.026e-07,Very Strong,"(2,1)"
clasp,solver,1,10,2,2,MDAP_MF-DF-ALS-PCI,0.5998201438848921,2.026e-07,Very Strong,"(2,1)"
clasp,solver,1,10,2,2,MDA_MF-DF-ALS,0.5966010733452592,2.026e-07,Very Strong,"(2,1)"
clasp,solver,1,10,2,2,MDP_MF-DF-PCI,0.5993670886075949,2.026e-07,Very Strong,"(2,1)"
clasp,solver,1,10,2,2,MD_MF-DF,0.5894409937888198,2.026e-07,Very Strong,"(2,1)"
clasp,solver,1,10,2,2,PCI,0.5986601705237515,2.026e-07,Very Strong,"(2,1)"
clasp,solver,1,10,3,2,ALS,0.4220456160754668,2.026e-07,Very Strong,"(3,1)"
clasp,solver,1,10,3,2,AP_ALS-PCI,0.4253038818455103,2.026e-07,Very Strong,"(3,1)"
clasp,solver,1,10,3,2,Default,0.4222317462791241,2.026e-07,Very Strong,"(3,1)"
clasp,solver,1,10,3,2,MDAP_MF-DF-ALS-PCI,0.428631727048892,2.026e-07,Very Strong,"(3,1)"
clasp,solver,1,10,3,2,MDA_MF-DF-ALS,0.4243331708336234,2.026e-07,Very Strong,"(3,1)"
clasp,solver,1,10,3,2,MDP_MF-DF-PCI,0.4449754472115047,2.026e-07,Very Strong,"(3,1)"
clasp,solver,1,10,3,2,MD_MF-DF,0.4241353508480212,2.026e-07,Very Strong,"(3,1)"
clasp,solver,1,10,3,2,PCI,0.4422736807469255,2.026e-07,Very Strong,"(3,1)"
clasp,random,2,10,1,1,ALS,0.8490566037735849,2.026e-07,Very Strong,"(1,2)"
clasp,random,2,10,1,1,AP_ALS-PCI,0.8490566037735849,2.026e-07,Very Strong,"(1,2)"
clasp,random,2,10,1,1,Default,0.7846153846153846,2.026e-07,Very Strong,"(1,2)"
clasp,random,2,10,1,1,MDAP_MF-DF-ALS-PCI,0.8461538461538461,2.026e-07,Very Strong,"(1,2)"
clasp,random,2,10,1,1,MDA_MF-DF-ALS,0.8461538461538461,2.026e-07,Very Strong,"(1,2)"
clasp,random,2,10,1,1,MDP_MF-DF-PCI,0.78125,2.026e-07,Very Strong,"(1,2)"
clasp,random,2,10,1,1,MD_MF-DF,0.78125,2.026e-07,Very Strong,"(1,2)"
clasp,random,2,10,1,1,PCI,0.7846153846153846,2.026e-07,Very Strong,"(1,2)"
clasp,random,2,10,2,1,ALS,0.7564102564102563,2.026e-07,Very Strong,"(2,2)"
clasp,random,2,10,2,1,AP_ALS-PCI,0.7609630266552021,2.026e-07,Very Strong,"(2,2)"
clasp,random,2,10,2,1,Default,0.6989247311827957,2.026e-07,Very Strong,"(2,2)"
clasp,random,2,10,2,1,MDAP_MF-DF-ALS-PCI,0.7562949640287769,2.026e-07,Very Strong,"(2,2)"
clasp,random,2,10,2,1,MDA_MF-DF-ALS,0.7522361359570661,2.026e-07,Very Strong,"(2,2)"
clasp,random,2,10,2,1,MDP_MF-DF-PCI,0.6943037974683544,2.026e-07,Very Strong,"(2,2)"
clasp,random,2,10,2,1,MD_MF-DF,0.6956521739130433,2.026e-07,Very Strong,"(2,2)"
clasp,random,2,10,2,1,PCI,0.6979293544457978,2.026e-07,Very Strong,"(2,2)"
clasp,random,2,10,3,1,ALS,0.6588486140724946,2.026e-07,Very Strong,"(3,2)"
clasp,random,2,10,3,1,AP_ALS-PCI,0.6663834792837537,2.026e-07,Very Strong,"(3,2)"
clasp,random,2,10,3,1,Default,0.6312631496921997,2.026e-07,Very Strong,"(3,2)"
clasp,random,2,10,3,1,MDAP_MF-DF-ALS-PCI,0.6581779810059795,2.026e-07,Very Strong,"(3,2)"
clasp,random,2,10,3,1,MDA_MF-DF-ALS,0.6515774078974857,2.026e-07,Very Strong,"(3,2)"
clasp,random,2,10,3,1,MDP_MF-DF-PCI,0.6218432129077516,2.026e-07,Very Strong,"(3,2)"
clasp,random,2,10,3,1,MD_MF-DF,0.6269537745261057,2.026e-07,Very Strong,"(3,2)"
clasp,random,2,10,3,1,PCI,0.6267017644881339,2.026e-07,Very Strong,"(3,2)"
clasp,random,2,10,1,2,ALS,0.830188679245283,2.026e-07,Very Strong,"(1,2)"
clasp,random,2,10,1,2,AP_ALS-PCI,0.830188679245283,2.026e-07,Very Strong,"(1,2)"
clasp,random,2,10,1,2,Default,0.7692307692307692,2.026e-07,Very Strong,"(1,2)"
clasp,random,2,10,1,2,MDAP_MF-DF-ALS-PCI,0.8269230769230768,2.026e-07,Very Strong,"(1,2)"
clasp,random,2,10,1,2,MDA_MF-DF-ALS,0.8269230769230768,2.026e-07,Very Strong,"(1,2)"
clasp,random,2,10,1,2,MDP_MF-DF-PCI,0.765625,2.026e-07,Very Strong,"(1,2)"
clasp,random,2,10,1,2,MD_MF-DF,0.765625,2.026e-07,Very Strong,"(1,2)"
clasp,random,2,10,1,2,PCI,0.7692307692307692,2.026e-07,Very Strong,"(1,2)"
clasp,random,2,10,2,2,ALS,0.729059829059829,2.026e-07,Very Strong,"(2,2)"
clasp,random,2,10,2,2,AP_ALS-PCI,0.7334479793637145,2.026e-07,Very Strong,"(2,2)"
clasp,random,2,10,2,2,Default,0.6762246117084826,2.026e-07,Very Strong,"(2,2)"
clasp,random,2,10,2,2,MDAP_MF-DF-ALS-PCI,0.7284172661870503,2.026e-07,Very Strong,"(2,2)"
clasp,random,2,10,2,2,MDA_MF-DF-ALS,0.7245080500894454,2.026e-07,Very Strong,"(2,2)"
clasp,random,2,10,2,2,MDP_MF-DF-PCI,0.6715189873417721,2.026e-07,Very Strong,"(2,2)"
clasp,random,2,10,2,2,MD_MF-DF,0.6726708074534161,2.026e-07,Very Strong,"(2,2)"
clasp,random,2,10,2,2,PCI,0.6753958587088916,2.026e-07,Very Strong,"(2,2)"
clasp,random,2,10,3,2,ALS,0.6346191122310525,2.026e-07,Very Strong,"(3,2)"
clasp,random,2,10,3,2,AP_ALS-PCI,0.6418768788393673,2.026e-07,Very Strong,"(3,2)"
clasp,random,2,10,3,2,Default,0.6085872360321047,2.026e-07,Very Strong,"(3,2)"
clasp,random,2,10,3,2,MDAP_MF-DF-ALS-PCI,0.6339781920506506,2.026e-07,Very Strong,"(3,2)"
clasp,random,2,10,3,2,MDA_MF-DF-ALS,0.6276203078208789,2.026e-07,Very Strong,"(3,2)"
clasp,random,2,10,3,2,MDP_MF-DF-PCI,0.5997457032620133,2.026e-07,Very Strong,"(3,2)"
clasp,random,2,10,3,2,MD_MF-DF,0.6042983039574326,2.026e-07,Very Strong,"(3,2)"
clasp,random,2,10,3,2,PCI,0.6045325546004195,2.026e-07,Very Strong,"(3,2)"
clasp,distance,2,10,1,1,ALS,0.8490566037735849,2.026e-07,Very Strong,"(1,2)"
clasp,distance,2,10,1,1,AP_ALS-PCI,0.8490566037735849,2.026e-07,Very Strong,"(1,2)"
clasp,distance,2,10,1,1,Default,0.8615384615384615,2.026e-07,Very Strong,"(1,2)"
clasp,distance,2,10,1,1,MDAP_MF-DF-ALS-PCI,0.8461538461538461,2.026e-07,Very Strong,"(1,2)"
clasp,distance,2,10,1,1,MDA_MF-DF-ALS,0.8461538461538461,2.026e-07,Very Strong,"(1,2)"
clasp,distance,2,10,1,1,MDP_MF-DF-PCI,0.859375,2.026e-07,Very Strong,"(1,2)"
clasp,distance,2,10,1,1,MD_MF-DF,0.859375,2.026e-07,Very Strong,"(1,2)"
clasp,distance,2,10,1,1,PCI,0.8615384615384615,2.026e-07,Very Strong,"(1,2)"
clasp,distance,2,10,2,1,ALS,0.6384615384615384,2.026e-07,Very Strong,"(2,2)"
clasp,distance,2,10,2,1,AP_ALS-PCI,0.641444539982803,2.026e-07,Very Strong,"(2,2)"
clasp,distance,2,10,2,1,Default,0.6475507765830346,2.026e-07,Very Strong,"(2,2)"
clasp,distance,2,10,2,1,MDAP_MF-DF-ALS-PCI,0.6438848920863309,2.026e-07,Very Strong,"(2,2)"
clasp,distance,2,10,2,1,MDA_MF-DF-ALS,0.6404293381037566,2.026e-07,Very Strong,"(2,2)"
clasp,distance,2,10,2,1,MDP_MF-DF-PCI,0.6582278481012657,2.026e-07,Very Strong,"(2,2)"
clasp,distance,2,10,2,1,MD_MF-DF,0.6503105590062112,2.026e-07,Very Strong,"(2,2)"
clasp,distance,2,10,2,1,PCI,0.6552984165651644,2.026e-07,Very Strong,"(2,2)"
clasp,distance,2,10,3,1,ALS,0.4569360987271435,2.026e-07,Very Strong,"(3,2)"
clasp,distance,2,10,3,1,AP_ALS-PCI,0.4605933864854267,2.026e-07,Very Strong,"(3,2)"
clasp,distance,2,10,3,1,Default,0.4652848125925348,2.026e-07,Very Strong,"(3,2)"
clasp,distance,2,10,3,1,MDAP_MF-DF-ALS-PCI,0.4666197678508617,2.026e-07,Very Strong,"(3,2)"
clasp,distance,2,10,3,1,MDA_MF-DF-ALS,0.461940246535274,2.026e-07,Very Strong,"(3,2)"
clasp,distance,2,10,3,1,MDP_MF-DF-PCI,0.4881182041388986,2.026e-07,Very Strong,"(3,2)"
clasp,distance,2,10,3,1,MD_MF-DF,0.4700698370468905,2.026e-07,Very Strong,"(3,2)"
clasp,distance,2,10,3,1,PCI,0.4827458561263521,2.026e-07,Very Strong,"(3,2)"
clasp,distance,2,10,1,2,ALS,0.7924528301886792,2.026e-07,Very Strong,"(1,2)"
clasp,distance,2,10,1,2,AP_ALS-PCI,0.7924528301886792,2.026e-07,Very Strong,"(1,2)"
clasp,distance,2,10,1,2,Default,0.8153846153846153,2.026e-07,Very Strong,"(1,2)"
clasp,distance,2,10,1,2,MDAP_MF-DF-ALS-PCI,0.7884615384615384,2.026e-07,Very Strong,"(1,2)"
clasp,distance,2,10,1,2,MDA_MF-DF-ALS,0.7884615384615384,2.026e-07,Very Strong,"(1,2)"
clasp,distance,2,10,1,2,MDP_MF-DF-PCI,0.8125,2.026e-07,Very Strong,"(1,2)"
clasp,distance,2,10,1,2,MD_MF-DF,0.8125,2.026e-07,Very Strong,"(1,2)"
clasp,distance,2,10,1,2,PCI,0.8153846153846153,2.026e-07,Very Strong,"(1,2)"
clasp,distance,2,10,2,2,ALS,0.5777777777777777,2.026e-07,Very Strong,"(2,2)"
clasp,distance,2,10,2,2,AP_ALS-PCI,0.5812553740326741,2.026e-07,Very Strong,"(2,2)"
clasp,distance,2,10,2,2,Default,0.5943847072879331,2.026e-07,Very Strong,"(2,2)"
clasp,distance,2,10,2,2,MDAP_MF-DF-ALS-PCI,0.5827338129496403,2.026e-07,Very Strong,"(2,2)"
clasp,distance,2,10,2,2,MDA_MF-DF-ALS,0.5796064400715563,2.026e-07,Very Strong,"(2,2)"
clasp,distance,2,10,2,2,MDP_MF-DF-PCI,0.6050632911392405,2.026e-07,Very Strong,"(2,2)"
clasp,distance,2,10,2,2,MD_MF-DF,0.5968944099378882,2.026e-07,Very Strong,"(2,2)"
clasp,distance,2,10,2,2,PCI,0.6029232643118148,2.026e-07,Very Strong,"(2,2)"
clasp,distance,2,10,3,2,ALS,0.4035019706661497,2.026e-07,Very Strong,"(3,2)"
clasp,distance,2,10,3,2,AP_ALS-PCI,0.4081165860671807,2.026e-07,Very Strong,"(3,2)"
clasp,distance,2,10,3,2,Default,0.4143224499337644,2.026e-07,Very Strong,"(3,2)"
clasp,distance,2,10,3,2,MDAP_MF-DF-ALS-PCI,0.4133661625043967,2.026e-07,Very Strong,"(3,2)"
clasp,distance,2,10,3,2,MDA_MF-DF-ALS,0.4092206978201824,2.026e-07,Very Strong,"(3,2)"
clasp,distance,2,10,3,2,MDP_MF-DF-PCI,0.4368204138898632,2.026e-07,Very Strong,"(3,2)"
clasp,distance,2,10,3,2,MD_MF-DF,0.4193548387096774,2.026e-07,Very Strong,"(3,2)"
clasp,distance,2,10,3,2,PCI,0.4322378974211327,2.026e-07,Very Strong,"(3,2)"
clasp,solver,2,10,1,1,ALS,0.7735849056603774,2.026e-07,Very Strong,"(1,2)"
clasp,solver,2,10,1,1,AP_ALS-PCI,0.7735849056603774,2.026e-07,Very Strong,"(1,2)"
clasp,solver,2,10,1,1,Default,0.8,2.026e-07,Very Strong,"(1,2)"
clasp,solver,2,10,1,1,MDAP_MF-DF-ALS-PCI,0.7692307692307692,2.026e-07,Very Strong,"(1,2)"
clasp,solver,2,10,1,1,MDA_MF-DF-ALS,0.7692307692307692,2.026e-07,Very Strong,"(1,2)"
clasp,solver,2,10,1,1,MDP_MF-DF-PCI,0.796875,2.026e-07,Very Strong,"(1,2)"
clasp,solver,2,10,1,1,MD_MF-DF,0.796875,2.026e-07,Very Strong,"(1,2)"
clasp,solver,2,10,1,1,PCI,0.8,2.026e-07,Very Strong,"(1,2)"
clasp,solver,2,10,2,1,ALS,0.564957264957265,2.026e-07,Very Strong,"(2,2)"
clasp,solver,2,10,2,1,AP_ALS-PCI,0.5674978503869303,2.026e-07,Very Strong,"(2,2)"
clasp,solver,2,10,2,1,Default,0.597968936678614,2.026e-07,Very Strong,"(2,2)"
clasp,solver,2,10,2,1,MDAP_MF-DF-ALS-PCI,0.566546762589928,2.026e-07,Very Strong,"(2,2)"
clasp,solver,2,10,2,1,MDA_MF-DF-ALS,0.5635062611806798,2.026e-07,Very Strong,"(2,2)"
clasp,solver,2,10,2,1,MDP_MF-DF-PCI,0.6075949367088607,2.026e-07,Very Strong,"(2,2)"
clasp,solver,2,10,2,1,MD_MF-DF,0.5987577639751552,2.026e-07,Very Strong,"(2,2)"
clasp,solver,2,10,2,1,PCI,0.6065773447015834,2.026e-07,Very Strong,"(2,2)"
clasp,solver,2,10,3,1,ALS,0.4009821024746397,2.026e-07,Very Strong,"(3,2)"
clasp,solver,2,10,3,1,AP_ALS-PCI,0.4039994771925238,2.026e-07,Very Strong,"(3,2)"
clasp,solver,2,10,3,1,Default,0.4350892230967038,2.026e-07,Very Strong,"(3,2)"
clasp,solver,2,10,3,1,MDAP_MF-DF-ALS-PCI,0.4056982061202954,2.026e-07,Very Strong,"(3,2)"
clasp,solver,2,10,3,1,MDA_MF-DF-ALS,0.4016296399470715,2.026e-07,Very Strong,"(3,2)"
clasp,solver,2,10,3,1,MDP_MF-DF-PCI,0.4570764643984566,2.026e-07,Very Strong,"(3,2)"
clasp,solver,2,10,3,1,MD_MF-DF,0.4378533422015297,2.026e-07,Very Strong,"(3,2)"
clasp,solver,2,10,3,1,PCI,0.4536256323777402,2.026e-07,Very Strong,"(3,2)"
clasp,solver,2,10,1,2,ALS,0.7735849056603774,2.026e-07,Very Strong,"(1,2)"
clasp,solver,2,10,1,2,AP_ALS-PCI,0.7735849056603774,2.026e-07,Very Strong,"(1,2)"
clasp,solver,2,10,1,2,Default,0.8,2.026e-07,Very Strong,"(1,2)"
clasp,solver,2,10,1,2,MDAP_MF-DF-ALS-PCI,0.7692307692307692,2.026e-07,Very Strong,"(1,2)"
clasp,solver,2,10,1,2,MDA_MF-DF-ALS,0.7692307692307692,2.026e-07,Very Strong,"(1,2)"
clasp,solver,2,10,1,2,MDP_MF-DF-PCI,0.796875,2.026e-07,Very Strong,"(1,2)"
clasp,solver,2,10,1,2,MD_MF-DF,0.796875,2.026e-07,Very Strong,"(1,2)"
clasp,solver,2,10,1,2,PCI,0.8,2.026e-07,Very Strong,"(1,2)"
clasp,solver,2,10,2,2,ALS,0.564957264957265,2.026e-07,Very Strong,"(2,2)"
clasp,solver,2,10,2,2,AP_ALS-PCI,0.5674978503869303,2.026e-07,Very Strong,"(2,2)"
clasp,solver,2,10,2,2,Default,0.597968936678614,2.026e-07,Very Strong,"(2,2)"
clasp,solver,2,10,2,2,MDAP_MF-DF-ALS-PCI,0.566546762589928,2.026e-07,Very Strong,"(2,2)"
clasp,solver,2,10,2,2,MDA_MF-DF-ALS,0.5635062611806798,2.026e-07,Very Strong,"(2,2)"
clasp,solver,2,10,2,2,MDP_MF-DF-PCI,0.6075949367088607,2.026e-07,Very Strong,"(2,2)"
clasp,solver,2,10,2,2,MD_MF-DF,0.5987577639751552,2.026e-07,Very Strong,"(2,2)"
clasp,solver,2,10,2,2,PCI,0.6065773447015834,2.026e-07,Very Strong,"(2,2)"
clasp,solver,2,10,3,2,ALS,0.4009821024746397,2.026e-07,Very Strong,"(3,2)"
clasp,solver,2,10,3,2,AP_ALS-PCI,0.4039994771925238,2.026e-07,Very Strong,"(3,2)"
clasp,solver,2,10,3,2,Default,0.4350892230967038,2.026e-07,Very Strong,"(3,2)"
clasp,solver,2,10,3,2,MDAP_MF-DF-ALS-PCI,0.4056982061202954,2.026e-07,Very Strong,"(3,2)"
clasp,solver,2,10,3,2,MDA_MF-DF-ALS,0.4016296399470715,2.026e-07,Very Strong,"(3,2)"
clasp,solver,2,10,3,2,MDP_MF-DF-PCI,0.4570764643984566,2.026e-07,Very Strong,"(3,2)"
clasp,solver,2,10,3,2,MD_MF-DF,0.4378533422015297,2.026e-07,Very Strong,"(3,2)"
clasp,solver,2,10,3,2,PCI,0.4536256323777402,2.026e-07,Very Strong,"(3,2)"
z3,random,1,10,1,1,ALS,1.0,0.125,Moderate,"(1,1)"
z3,random,1,10,1,1,AP_ALS-PCI,1.0,0.125,Moderate,"(1,1)"
z3,random,1,10,1,1,Default,1.0,0.125,Moderate,"(1,1)"
z3,random,1,10,1,1,MDAP_MF-DF-ALS-PCI,1.0,0.125,Moderate,"(1,1)"
z3,random,1,10,1,1,MDA_MF-DF-ALS,1.0,0.125,Moderate,"(1,1)"
z3,random,1,10,1,1,MDP_MF-DF-PCI,1.0,0.125,Moderate,"(1,1)"
z3,random,1,10,1,1,MD_MF-DF,1.0,0.125,Moderate,"(1,1)"
z3,random,1,10,1,1,PCI,1.0,0.125,Moderate,"(1,1)"
z3,random,1,10,2,1,ALS,0.930722891566265,0.125,Moderate,"(2,1)"
z3,random,1,10,2,1,AP_ALS-PCI,0.9287925696594426,0.125,Moderate,"(2,1)"
z3,random,1,10,2,1,Default,0.935933147632312,0.125,Moderate,"(2,1)"
z3,random,1,10,2,1,MDAP_MF-DF-ALS-PCI,0.9248366013071896,0.125,Moderate,"(2,1)"
z3,random,1,10,2,1,MDA_MF-DF-ALS,0.9248366013071896,0.125,Moderate,"(2,1)"
z3,random,1,10,2,1,MDP_MF-DF-PCI,0.9248366013071896,0.125,Moderate,"(2,1)"
z3,random,1,10,2,1,MD_MF-DF,0.9248366013071896,0.125,Moderate,"(2,1)"
z3,random,1,10,2,1,PCI,0.9333333333333332,0.125,Moderate,"(2,1)"
z3,random,1,10,3,1,ALS,0.7708502024291498,0.125,Moderate,"(3,1)"
z3,random,1,10,3,1,AP_ALS-PCI,0.7580786026200873,0.125,Moderate,"(3,1)"
z3,random,1,10,3,1,Default,0.7897930049964311,0.125,Moderate,"(3,1)"
z3,random,1,10,3,1,MDAP_MF-DF-ALS-PCI,0.749075785582255,0.125,Moderate,"(3,1)"
z3,random,1,10,3,1,MDA_MF-DF-ALS,0.749075785582255,0.125,Moderate,"(3,1)"
z3,random,1,10,3,1,MDP_MF-DF-PCI,0.749075785582255,0.125,Moderate,"(3,1)"
z3,random,1,10,3,1,MD_MF-DF,0.749075785582255,0.125,Moderate,"(3,1)"
z3,random,1,10,3,1,PCI,0.7782643312101911,0.125,Moderate,"(3,1)"
z3,random,1,10,1,2,ALS,1.0,0.125,Moderate,"(1,1)"
z3,random,1,10,1,2,AP_ALS-PCI,1.0,0.125,Moderate,"(1,1)"
z3,random,1,10,1,2,Default,1.0,0.125,Moderate,"(1,1)"
z3,random,1,10,1,2,MDAP_MF-DF-ALS-PCI,1.0,0.125,Moderate,"(1,1)"
z3,random,1,10,1,2,MDA_MF-DF-ALS,1.0,0.125,Moderate,"(1,1)"
z3,random,1,10,1,2,MDP_MF-DF-PCI,1.0,0.125,Moderate,"(1,1)"
z3,random,1,10,1,2,MD_MF-DF,1.0,0.125,Moderate,"(1,1)"
z3,random,1,10,1,2,PCI,1.0,0.125,Moderate,"(1,1)"
z3,random,1,10,2,2,ALS,0.9457831325301204,0.125,Moderate,"(2,1)"
z3,random,1,10,2,2,AP_ALS-PCI,0.9442724458204333,0.125,Moderate,"(2,1)"
z3,random,1,10,2,2,Default,0.9498607242339832,0.125,Moderate,"(2,1)"
z3,random,1,10,2,2,MDAP_MF-DF-ALS-PCI,0.9411764705882352,0.125,Moderate,"(2,1)"
z3,random,1,10,2,2,MDA_MF-DF-ALS,0.9411764705882352,0.125,Moderate,"(2,1)"
z3,random,1,10,2,2,MDP_MF-DF-PCI,0.9411764705882352,0.125,Moderate,"(2,1)"
z3,random,1,10,2,2,MD_MF-DF,0.9411764705882352,0.125,Moderate,"(2,1)"
z3,random,1,10,2,2,PCI,0.9478260869565216,0.125,Moderate,"(2,1)"
z3,random,1,10,3,2,ALS,0.7761133603238866,0.125,Moderate,"(3,1)"
z3,random,1,10,3,2,AP_ALS-PCI,0.7646288209606987,0.125,Moderate,"(3,1)"
z3,random,1,10,3,2,Default,0.7962169878658101,0.125,Moderate,"(3,1)"
z3,random,1,10,3,2,MDAP_MF-DF-ALS-PCI,0.7527726432532347,0.125,Moderate,"(3,1)"
z3,random,1,10,3,2,MDA_MF-DF-ALS,0.7527726432532347,0.125,Moderate,"(3,1)"
z3,random,1,10,3,2,MDP_MF-DF-PCI,0.7527726432532347,0.125,Moderate,"(3,1)"
z3,random,1,10,3,2,MD_MF-DF,0.7527726432532347,0.125,Moderate,"(3,1)"
z3,random,1,10,3,2,PCI,0.7842356687898088,0.125,Moderate,"(3,1)"
z3,distance,1,10,1,1,ALS,0.8148148148148147,0.125,Moderate,"(1,1)"
z3,distance,1,10,1,1,AP_ALS-PCI,0.8148148148148147,0.125,Moderate,"(1,1)"
z3,distance,1,10,1,1,Default,0.8214285714285714,0.125,Moderate,"(1,1)"
z3,distance,1,10,1,1,MDAP_MF-DF-ALS-PCI,0.8076923076923077,0.125,Moderate,"(1,1)"
z3,distance,1,10,1,1,MDA_MF-DF-ALS,0.8076923076923077,0.125,Moderate,"(1,1)"
z3,distance,1,10,1,1,MDP_MF-DF-PCI,0.8076923076923077,0.125,Moderate,"(1,1)"
z3,distance,1,10,1,1,MD_MF-DF,0.8076923076923077,0.125,Moderate,"(1,1)"
z3,distance,1,10,1,1,PCI,0.8214285714285714,0.125,Moderate,"(1,1)"
z3,distance,1,10,2,1,ALS,0.5813253012048192,0.125,Moderate,"(2,1)"
z3,distance,1,10,2,1,AP_ALS-PCI,0.5696594427244582,0.125,Moderate,"(2,1)"
z3,distance,1,10,2,1,Default,0.596100278551532,0.125,Moderate,"(2,1)"
z3,distance,1,10,2,1,MDAP_MF-DF-ALS-PCI,0.5686274509803921,0.125,Moderate,"(2,1)"
z3,distance,1,10,2,1,MDA_MF-DF-ALS,0.5686274509803921,0.125,Moderate,"(2,1)"
z3,distance,1,10,2,1,MDP_MF-DF-PCI,0.5686274509803921,0.125,Moderate,"(2,1)"
z3,distance,1,10,2,1,MD_MF-DF,0.5686274509803921,0.125,Moderate,"(2,1)"
z3,distance,1,10,2,1,PCI,0.5913043478260869,0.125,Moderate,"(2,1)"
z3,distance,1,10,3,1,ALS,0.3748987854251011,0.125,Moderate,"(3,1)"
z3,distance,1,10,3,1,AP_ALS-PCI,0.3602620087336244,0.125,Moderate,"(3,1)"
z3,distance,1,10,3,1,Default,0.3922198429693076,0.125,Moderate,"(3,1)"
z3,distance,1,10,3,1,MDAP_MF-DF-ALS-PCI,0.3618299445471349,0.125,Moderate,"(3,1)"
z3,distance,1,10,3,1,MDA_MF-DF-ALS,0.3618299445471349,0.125,Moderate,"(3,1)"
z3,distance,1,10,3,1,MDP_MF-DF-PCI,0.3618299445471349,0.125,Moderate,"(3,1)"
z3,distance,1,10,3,1,MD_MF-DF,0.3618299445471349,0.125,Moderate,"(3,1)"
z3,distance,1,10,3,1,PCI,0.3897292993630573,0.125,Moderate,"(3,1)"
z3,distance,1,10,1,2,ALS,0.8518518518518517,0.125,Moderate,"(1,1)"
z3,distance,1,10,1,2,AP_ALS-PCI,0.8518518518518517,0.125,Moderate,"(1,1)"
z3,distance,1,10,1,2,Default,0.8571428571428571,0.125,Moderate,"(1,1)"
z3,distance,1,10,1,2,MDAP_MF-DF-ALS-PCI,0.8461538461538461,0.125,Moderate,"(1,1)"
z3,distance,1,10,1,2,MDA_MF-DF-ALS,0.8461538461538461,0.125,Moderate,"(1,1)"
z3,distance,1,10,1,2,MDP_MF-DF-PCI,0.8461538461538461,0.125,Moderate,"(1,1)"
z3,distance,1,10,1,2,MD_MF-DF,0.8461538461538461,0.125,Moderate,"(1,1)"
z3,distance,1,10,1,2,PCI,0.8571428571428571,0.125,Moderate,"(1,1)"
z3,distance,1,10,2,2,ALS,0.6656626506024095,0.125,Moderate,"(2,1)"
z3,distance,1,10,2,2,AP_ALS-PCI,0.6563467492260062,0.125,Moderate,"(2,1)"
z3,distance,1,10,2,2,Default,0.6740947075208914,0.125,Moderate,"(2,1)"
z3,distance,1,10,2,2,MDAP_MF-DF-ALS-PCI,0.6503267973856209,0.125,Moderate,"(2,1)"
z3,distance,1,10,2,2,MDA_MF-DF-ALS,0.6503267973856209,0.125,Moderate,"(2,1)"
z3,distance,1,10,2,2,MDP_MF-DF-PCI,0.6503267973856209,0.125,Moderate,"(2,1)"
z3,distance,1,10,2,2,MD_MF-DF,0.6503267973856209,0.125,Moderate,"(2,1)"
z3,distance,1,10,2,2,PCI,0.672463768115942,0.125,Moderate,"(2,1)"
z3,distance,1,10,3,2,ALS,0.4469635627530364,0.125,Moderate,"(3,1)"
z3,distance,1,10,3,2,AP_ALS-PCI,0.4336244541484716,0.125,Moderate,"(3,1)"
z3,distance,1,10,3,2,Default,0.4543183440399714,0.125,Moderate,"(3,1)"
z3,distance,1,10,3,2,MDAP_MF-DF-ALS-PCI,0.4302218114602587,0.125,Moderate,"(3,1)"
z3,distance,1,10,3,2,MDA_MF-DF-ALS,0.4302218114602587,0.125,Moderate,"(3,1)"
z3,distance,1,10,3,2,MDP_MF-DF-PCI,0.4302218114602587,0.125,Moderate,"(3,1)"
z3,distance,1,10,3,2,MD_MF-DF,0.4302218114602587,0.125,Moderate,"(3,1)"
z3,distance,1,10,3,2,PCI,0.4554140127388535,0.125,Moderate,"(3,1)"
z3,solver,1,10,1,1,ALS,0.7777777777777777,0.125,Moderate,"(1,1)"
z3,solver,1,10,1,1,AP_ALS-PCI,0.7777777777777777,0.125,Moderate,"(1,1)"
z3,solver,1,10,1,1,Default,0.7857142857142857,0.125,Moderate,"(1,1)"
z3,solver,1,10,1,1,MDAP_MF-DF-ALS-PCI,0.8076923076923077,0.125,Moderate,"(1,1)"
z3,solver,1,10,1,1,MDA_MF-DF-ALS,0.8076923076923077,0.125,Moderate,"(1,1)"
z3,solver,1,10,1,1,MDP_MF-DF-PCI,0.8076923076923077,0.125,Moderate,"(1,1)"
z3,solver,1,10,1,1,MD_MF-DF,0.8076923076923077,0.125,Moderate,"(1,1)"
z3,solver,1,10,1,1,PCI,0.7857142857142857,0.125,Moderate,"(1,1)"
z3,solver,1,10,2,1,ALS,0.4969879518072289,0.125,Moderate,"(2,1)"
z3,solver,1,10,2,1,AP_ALS-PCI,0.5108359133126935,0.125,Moderate,"(2,1)"
z3,solver,1,10,2,1,Default,0.5153203342618384,0.125,Moderate,"(2,1)"
z3,solver,1,10,2,1,MDAP_MF-DF-ALS-PCI,0.5392156862745097,0.125,Moderate,"(2,1)"
z3,solver,1,10,2,1,MDA_MF-DF-ALS,0.5392156862745097,0.125,Moderate,"(2,1)"
z3,solver,1,10,2,1,MDP_MF-DF-PCI,0.5392156862745097,0.125,Moderate,"(2,1)"
z3,solver,1,10,2,1,MD_MF-DF,0.5392156862745097,0.125,Moderate,"(2,1)"
z3,solver,1,10,2,1,PCI,0.536231884057971,0.125,Moderate,"(2,1)"
z3,solver,1,10,3,1,ALS,0.2894736842105263,0.125,Moderate,"(3,1)"
z3,solver,1,10,3,1,AP_ALS-PCI,0.3122270742358078,0.125,Moderate,"(3,1)"
z3,solver,1,10,3,1,Default,0.3101356174161313,0.125,Moderate,"(3,1)"
z3,solver,1,10,3,1,MDAP_MF-DF-ALS-PCI,0.3304066543438077,0.125,Moderate,"(3,1)"
z3,solver,1,10,3,1,MDA_MF-DF-ALS,0.3304066543438077,0.125,Moderate,"(3,1)"
z3,solver,1,10,3,1,MDP_MF-DF-PCI,0.3304066543438077,0.125,Moderate,"(3,1)"
z3,solver,1,10,3,1,MD_MF-DF,0.3304066543438077,0.125,Moderate,"(3,1)"
z3,solver,1,10,3,1,PCI,0.3459394904458598,0.125,Moderate,"(3,1)"
z3,solver,1,10,1,2,ALS,0.7777777777777777,0.125,Moderate,"(1,1)"
z3,solver,1,10,1,2,AP_ALS-PCI,0.7777777777777777,0.125,Moderate,"(1,1)"
z3,solver,1,10,1,2,Default,0.7857142857142857,0.125,Moderate,"(1,1)"
z3,solver,1,10,1,2,MDAP_MF-DF-ALS-PCI,0.8076923076923077,0.125,Moderate,"(1,1)"
z3,solver,1,10,1,2,MDA_MF-DF-ALS,0.8076923076923077,0.125,Moderate,"(1,1)"
z3,solver,1,10,1,2,MDP_MF-DF-PCI,0.8076923076923077,0.125,Moderate,"(1,1)"
z3,solver,1,10,1,2,MD_MF-DF,0.8076923076923077,0.125,Moderate,"(1,1)"
z3,solver,1,10,1,2,PCI,0.7857142857142857,0.125,Moderate,"(1,1)"
z3,solver,1,10,2,2,ALS,0.4969879518072289,0.125,Moderate,"(2,1)"
z3,solver,1,10,2,2,AP_ALS-PCI,0.5108359133126935,0.125,Moderate,"(2,1)"
z3,solver,1,10,2,2,Default,0.5153203342618384,0.125,Moderate,"(2,1)"
z3,solver,1,10,2,2,MDAP_MF-DF-ALS-PCI,0.5392156862745097,0.125,Moderate,"(2,1)"
z3,solver,1,10,2,2,MDA_MF-DF-ALS,0.5392156862745097,0.125,Moderate,"(2,1)"
z3,solver,1,10,2,2,MDP_MF-DF-PCI,0.5392156862745097,0.125,Moderate,"(2,1)"
z3,solver,1,10,2,2,MD_MF-DF,0.5392156862745097,0.125,Moderate,"(2,1)"
z3,solver,1,10,2,2,PCI,0.536231884057971,0.125,Moderate,"(2,1)"
z3,solver,1,10,3,2,ALS,0.2894736842105263,0.125,Moderate,"(3,1)"
z3,solver,1,10,3,2,AP_ALS-PCI,0.3122270742358078,0.125,Moderate,"(3,1)"
z3,solver,1,10,3,2,Default,0.3101356174161313,0.125,Moderate,"(3,1)"
z3,solver,1,10,3,2,MDAP_MF-DF-ALS-PCI,0.3304066543438077,0.125,Moderate,"(3,1)"
z3,solver,1,10,3,2,MDA_MF-DF-ALS,0.3304066543438077,0.125,Moderate,"(3,1)"
z3,solver,1,10,3,2,MDP_MF-DF-PCI,0.3304066543438077,0.125,Moderate,"(3,1)"
z3,solver,1,10,3,2,MD_MF-DF,0.3304066543438077,0.125,Moderate,"(3,1)"
z3,solver,1,10,3,2,PCI,0.3459394904458598,0.125,Moderate,"(3,1)"
z3,random,2,10,1,1,ALS,1.0,0.125,Moderate,"(1,2)"
z3,random,2,10,1,1,AP_ALS-PCI,1.0,0.125,Moderate,"(1,2)"
z3,random,2,10,1,1,Default,1.0,0.125,Moderate,"(1,2)"
z3,random,2,10,1,1,MDAP_MF-DF-ALS-PCI,1.0,0.125,Moderate,"(1,2)"
z3,random,2,10,1,1,MDA_MF-DF-ALS,1.0,0.125,Moderate,"(1,2)"
z3,random,2,10,1,1,MDP_MF-DF-PCI,1.0,0.125,Moderate,"(1,2)"
z3,random,2,10,1,1,MD_MF-DF,1.0,0.125,Moderate,"(1,2)"
z3,random,2,10,1,1,PCI,1.0,0.125,Moderate,"(1,2)"
z3,random,2,10,2,1,ALS,0.933734939759036,0.125,Moderate,"(2,2)"
z3,random,2,10,2,1,AP_ALS-PCI,0.9318885448916407,0.125,Moderate,"(2,2)"
z3,random,2,10,2,1,Default,0.9387186629526462,0.125,Moderate,"(2,2)"
z3,random,2,10,2,1,MDAP_MF-DF-ALS-PCI,0.9281045751633988,0.125,Moderate,"(2,2)"
z3,random,2,10,2,1,MDA_MF-DF-ALS,0.9281045751633988,0.125,Moderate,"(2,2)"
z3,random,2,10,2,1,MDP_MF-DF-PCI,0.9281045751633988,0.125,Moderate,"(2,2)"
z3,random,2,10,2,1,MD_MF-DF,0.9281045751633988,0.125,Moderate,"(2,2)"
z3,random,2,10,2,1,PCI,0.9362318840579708,0.125,Moderate,"(2,2)"
z3,random,2,10,3,1,ALS,0.7619433198380566,0.125,Moderate,"(3,2)"
z3,random,2,10,3,1,AP_ALS-PCI,0.7475982532751092,0.125,Moderate,"(3,2)"
z3,random,2,10,3,1,Default,0.7822983583154888,0.125,Moderate,"(3,2)"
z3,random,2,10,3,1,MDAP_MF-DF-ALS-PCI,0.7384473197781884,0.125,Moderate,"(3,2)"
z3,random,2,10,3,1,MDA_MF-DF-ALS,0.7384473197781884,0.125,Moderate,"(3,2)"
z3,random,2,10,3,1,MDP_MF-DF-PCI,0.7384473197781884,0.125,Moderate,"(3,2)"
z3,random,2,10,3,1,MD_MF-DF,0.7384473197781884,0.125,Moderate,"(3,2)"
z3,random,2,10,3,1,PCI,0.7663216560509553,0.125,Moderate,"(3,2)"
z3,random,2,10,1,2,ALS,1.0,0.125,Moderate,"(1,2)"
z3,random,2,10,1,2,AP_ALS-PCI,1.0,0.125,Moderate,"(1,2)"
z3,random,2,10,1,2,Default,1.0,0.125,Moderate,"(1,2)"
z3,random,2,10,1,2,MDAP_MF-DF-ALS-PCI,1.0,0.125,Moderate,"(1,2)"
z3,random,2,10,1,2,MDA_MF-DF-ALS,1.0,0.125,Moderate,"(1,2)"
z3,random,2,10,1,2,MDP_MF-DF-PCI,1.0,0.125,Moderate,"(1,2)"
z3,random,2,10,1,2,MD_MF-DF,1.0,0.125,Moderate,"(1,2)"
z3,random,2,10,1,2,PCI,1.0,0.125,Moderate,"(1,2)"
z3,random,2,10,2,2,ALS,0.9006024096385542,0.125,Moderate,"(2,2)"
z3,random,2,10,2,2,AP_ALS-PCI,0.8978328173374613,0.125,Moderate,"(2,2)"
z3,random,2,10,2,2,Default,0.9080779944289692,0.125,Moderate,"(2,2)"
z3,random,2,10,2,2,MDAP_MF-DF-ALS-PCI,0.892156862745098,0.125,Moderate,"(2,2)"
z3,random,2,10,2,2,MDA_MF-DF-ALS,0.892156862745098,0.125,Moderate,"(2,2)"
z3,random,2,10,2,2,MDP_MF-DF-PCI,0.892156862745098,0.125,Moderate,"(2,2)"
z3,random,2,10,2,2,MD_MF-DF,0.892156862745098,0.125,Moderate,"(2,2)"
z3,random,2,10,2,2,PCI,0.9043478260869564,0.125,Moderate,"(2,2)"
z3,random,2,10,3,2,ALS,0.7121457489878542,0.125,Moderate,"(3,2)"
z3,random,2,10,3,2,AP_ALS-PCI,0.6991266375545852,0.125,Moderate,"(3,2)"
z3,random,2,10,3,2,Default,0.734475374732334,0.125,Moderate,"(3,2)"
z3,random,2,10,3,2,MDAP_MF-DF-ALS-PCI,0.6866913123844732,0.125,Moderate,"(3,2)"
z3,random,2,10,3,2,MDA_MF-DF-ALS,0.6866913123844732,0.125,Moderate,"(3,2)"
z3,random,2,10,3,2,MDP_MF-DF-PCI,0.6866913123844732,0.125,Moderate,"(3,2)"
z3,random,2,10,3,2,MD_MF-DF,0.6866913123844732,0.125,Moderate,"(3,2)"
z3,random,2,10,3,2,PCI,0.7189490445859873,0.125,Moderate,"(3,2)"
z3,distance,2,10,1,1,ALS,0.8148148148148147,0.125,Moderate,"(1,2)"
z3,distance,2,10,1,1,AP_ALS-PCI,0.8148148148148147,0.125,Moderate,"(1,2)"
z3,distance,2,10,1,1,Default,0.8214285714285714,0.125,Moderate,"(1,2)"
z3,distance,2,10,1,1,MDAP_MF-DF-ALS-PCI,0.8076923076923077,0.125,Moderate,"(1,2)"
z3,distance,2,10,1,1,MDA_MF-DF-ALS,0.8076923076923077,0.125,Moderate,"(1,2)"
z3,distance,2,10,1,1,MDP_MF-DF-PCI,0.8076923076923077,0.125,Moderate,"(1,2)"
z3,distance,2,10,1,1,MD_MF-DF,0.8076923076923077,0.125,Moderate,"(1,2)"
z3,distance,2,10,1,1,PCI,0.8214285714285714,0.125,Moderate,"(1,2)"
z3,distance,2,10,2,1,ALS,0.5813253012048192,0.125,Moderate,"(2,2)"
z3,distance,2,10,2,1,AP_ALS-PCI,0.5696594427244582,0.125,Moderate,"(2,2)"
z3,distance,2,10,2,1,Default,0.596100278551532,0.125,Moderate,"(2,2)"
z3,distance,2,10,2,1,MDAP_MF-DF-ALS-PCI,0.5686274509803921,0.125,Moderate,"(2,2)"
z3,distance,2,10,2,1,MDA_MF-DF-ALS,0.5686274509803921,0.125,Moderate,"(2,2)"
z3,distance,2,10,2,1,MDP_MF-DF-PCI,0.5686274509803921,0.125,Moderate,"(2,2)"
z3,distance,2,10,2,1,MD_MF-DF,0.5686274509803921,0.125,Moderate,"(2,2)"
z3,distance,2,10,2,1,PCI,0.5913043478260869,0.125,Moderate,"(2,2)"
z3,distance,2,10,3,1,ALS,0.3748987854251011,0.125,Moderate,"(3,2)"
z3,distance,2,10,3,1,AP_ALS-PCI,0.3602620087336244,0.125,Moderate,"(3,2)"
z3,distance,2,10,3,1,Default,0.3922198429693076,0.125,Moderate,"(3,2)"
z3,distance,2,10,3,1,MDAP_MF-DF-ALS-PCI,0.3618299445471349,0.125,Moderate,"(3,2)"
z3,distance,2,10,3,1,MDA_MF-DF-ALS,0.3618299445471349,0.125,Moderate,"(3,2)"
z3,distance,2,10,3,1,MDP_MF-DF-PCI,0.3618299445471349,0.125,Moderate,"(3,2)"
z3,distance,2,10,3,1,MD_MF-DF,0.3618299445471349,0.125,Moderate,"(3,2)"
z3,distance,2,10,3,1,PCI,0.3897292993630573,0.125,Moderate,"(3,2)"
z3,distance,2,10,1,2,ALS,0.8518518518518517,0.125,Moderate,"(1,2)"
z3,distance,2,10,1,2,AP_ALS-PCI,0.8518518518518517,0.125,Moderate,"(1,2)"
z3,distance,2,10,1,2,Default,0.8571428571428571,0.125,Moderate,"(1,2)"
z3,distance,2,10,1,2,MDAP_MF-DF-ALS-PCI,0.8461538461538461,0.125,Moderate,"(1,2)"
z3,distance,2,10,1,2,MDA_MF-DF-ALS,0.8461538461538461,0.125,Moderate,"(1,2)"
z3,distance,2,10,1,2,MDP_MF-DF-PCI,0.8461538461538461,0.125,Moderate,"(1,2)"
z3,distance,2,10,1,2,MD_MF-DF,0.8461538461538461,0.125,Moderate,"(1,2)"
z3,distance,2,10,1,2,PCI,0.8571428571428571,0.125,Moderate,"(1,2)"
z3,distance,2,10,2,2,ALS,0.6656626506024095,0.125,Moderate,"(2,2)"
z3,distance,2,10,2,2,AP_ALS-PCI,0.6563467492260062,0.125,Moderate,"(2,2)"
z3,distance,2,10,2,2,Default,0.6740947075208914,0.125,Moderate,"(2,2)"
z3,distance,2,10,2,2,MDAP_MF-DF-ALS-PCI,0.6503267973856209,0.125,Moderate,"(2,2)"
z3,distance,2,10,2,2,MDA_MF-DF-ALS,0.6503267973856209,0.125,Moderate,"(2,2)"
z3,distance,2,10,2,2,MDP_MF-DF-PCI,0.6503267973856209,0.125,Moderate,"(2,2)"
z3,distance,2,10,2,2,MD_MF-DF,0.6503267973856209,0.125,Moderate,"(2,2)"
z3,distance,2,10,2,2,PCI,0.672463768115942,0.125,Moderate,"(2,2)"
z3,distance,2,10,3,2,ALS,0.4469635627530364,0.125,Moderate,"(3,2)"
z3,distance,2,10,3,2,AP_ALS-PCI,0.4336244541484716,0.125,Moderate,"(3,2)"
z3,distance,2,10,3,2,Default,0.4543183440399714,0.125,Moderate,"(3,2)"
z3,distance,2,10,3,2,MDAP_MF-DF-ALS-PCI,0.4302218114602587,0.125,Moderate,"(3,2)"
z3,distance,2,10,3,2,MDA_MF-DF-ALS,0.4302218114602587,0.125,Moderate,"(3,2)"
z3,distance,2,10,3,2,MDP_MF-DF-PCI,0.4302218114602587,0.125,Moderate,"(3,2)"
z3,distance,2,10,3,2,MD_MF-DF,0.4302218114602587,0.125,Moderate,"(3,2)"
z3,distance,2,10,3,2,PCI,0.4554140127388535,0.125,Moderate,"(3,2)"
z3,solver,2,10,1,1,ALS,0.7777777777777777,0.125,Moderate,"(1,2)"
z3,solver,2,10,1,1,AP_ALS-PCI,0.7777777777777777,0.125,Moderate,"(1,2)"
z3,solver,2,10,1,1,Default,0.7857142857142857,0.125,Moderate,"(1,2)"
z3,solver,2,10,1,1,MDAP_MF-DF-ALS-PCI,0.8076923076923077,0.125,Moderate,"(1,2)"
z3,solver,2,10,1,1,MDA_MF-DF-ALS,0.8076923076923077,0.125,Moderate,"(1,2)"
z3,solver,2,10,1,1,MDP_MF-DF-PCI,0.8076923076923077,0.125,Moderate,"(1,2)"
z3,solver,2,10,1,1,MD_MF-DF,0.8076923076923077,0.125,Moderate,"(1,2)"
z3,solver,2,10,1,1,PCI,0.7857142857142857,0.125,Moderate,"(1,2)"
z3,solver,2,10,2,1,ALS,0.4969879518072289,0.125,Moderate,"(2,2)"
z3,solver,2,10,2,1,AP_ALS-PCI,0.5108359133126935,0.125,Moderate,"(2,2)"
z3,solver,2,10,2,1,Default,0.5153203342618384,0.125,Moderate,"(2,2)"
z3,solver,2,10,2,1,MDAP_MF-DF-ALS-PCI,0.5392156862745097,0.125,Moderate,"(2,2)"
z3,solver,2,10,2,1,MDA_MF-DF-ALS,0.5392156862745097,0.125,Moderate,"(2,2)"
z3,solver,2,10,2,1,MDP_MF-DF-PCI,0.5392156862745097,0.125,Moderate,"(2,2)"
z3,solver,2,10,2,1,MD_MF-DF,0.5392156862745097,0.125,Moderate,"(2,2)"
z3,solver,2,10,2,1,PCI,0.536231884057971,0.125,Moderate,"(2,2)"
z3,solver,2,10,3,1,ALS,0.2894736842105263,0.125,Moderate,"(3,2)"
z3,solver,2,10,3,1,AP_ALS-PCI,0.3122270742358078,0.125,Moderate,"(3,2)"
z3,solver,2,10,3,1,Default,0.3101356174161313,0.125,Moderate,"(3,2)"
z3,solver,2,10,3,1,MDAP_MF-DF-ALS-PCI,0.3304066543438077,0.125,Moderate,"(3,2)"
z3,solver,2,10,3,1,MDA_MF-DF-ALS,0.3304066543438077,0.125,Moderate,"(3,2)"
z3,solver,2,10,3,1,MDP_MF-DF-PCI,0.3304066543438077,0.125,Moderate,"(3,2)"
z3,solver,2,10,3,1,MD_MF-DF,0.3304066543438077,0.125,Moderate,"(3,2)"
z3,solver,2,10,3,1,PCI,0.3459394904458598,0.125,Moderate,"(3,2)"
z3,solver,2,10,1,2,ALS,0.7777777777777777,0.125,Moderate,"(1,2)"
z3,solver,2,10,1,2,AP_ALS-PCI,0.7777777777777777,0.125,Moderate,"(1,2)"
z3,solver,2,10,1,2,Default,0.7857142857142857,0.125,Moderate,"(1,2)"
z3,solver,2,10,1,2,MDAP_MF-DF-ALS-PCI,0.8076923076923077,0.125,Moderate,"(1,2)"
z3,solver,2,10,1,2,MDA_MF-DF-ALS,0.8076923076923077,0.125,Moderate,"(1,2)"
z3,solver,2,10,1,2,MDP_MF-DF-PCI,0.8076923076923077,0.125,Moderate,"(1,2)"
z3,solver,2,10,1,2,MD_MF-DF,0.8076923076923077,0.125,Moderate,"(1,2)"
z3,solver,2,10,1,2,PCI,0.7857142857142857,0.125,Moderate,"(1,2)"
z3,solver,2,10,2,2,ALS,0.4969879518072289,0.125,Moderate,"(2,2)"
z3,solver,2,10,2,2,AP_ALS-PCI,0.5108359133126935,0.125,Moderate,"(2,2)"
z3,solver,2,10,2,2,Default,0.5153203342618384,0.125,Moderate,"(2,2)"
z3,solver,2,10,2,2,MDAP_MF-DF-ALS-PCI,0.5392156862745097,0.125,Moderate,"(2,2)"
z3,solver,2,10,2,2,MDA_MF-DF-ALS,0.5392156862745097,0.125,Moderate,"(2,2)"
z3,solver,2,10,2,2,MDP_MF-DF-PCI,0.5392156862745097,0.125,Moderate,"(2,2)"
z3,solver,2,10,2,2,MD_MF-DF,0.5392156862745097,0.125,Moderate,"(2,2)"
z3,solver,2,10,2,2,PCI,0.536231884057971,0.125,Moderate,"(2,2)"
z3,solver,2,10,3,2,ALS,0.2894736842105263,0.125,Moderate,"(3,2)"
z3,solver,2,10,3,2,AP_ALS-PCI,0.3122270742358078,0.125,Moderate,"(3,2)"
z3,solver,2,10,3,2,Default,0.3101356174161313,0.125,Moderate,"(3,2)"
z3,solver,2,10,3,2,MDAP_MF-DF-ALS-PCI,0.3304066543438077,0.125,Moderate,"(3,2)"
z3,solver,2,10,3,2,MDA_MF-DF-ALS,0.3304066543438077,0.125,Moderate,"(3,2)"
z3,solver,2,10,3,2,MDP_MF-DF-PCI,0.3304066543438077,0.125,Moderate,"(3,2)"
z3,solver,2,10,3,2,MD_MF-DF,0.3304066543438077,0.125,Moderate,"(3,2)"
z3,solver,2,10,3,2,PCI,0.3459394904458598,0.125,Moderate,"(3,2)"
