ConfigID,Count
0,2
1,5
2,1
3,1
4,2
5,2
6,2
7,7
8,3
9,1
10,3
11,3
12,1
13,2
14,2
15,1
16,2
17,1
18,3
19,1
20,1
21,3
22,3
23,1
24,3
25,3
26,1
27,2
28,2
29,1
30,2
31,1
32,3
33,3
34,3
35,4
36,2
37,2
38,1
39,2
40,1
41,3
42,1
43,1
44,1
45,2
46,2
47,6
48,3
49,3
50,1
51,3
52,3
53,1
54,1
55,1
56,3
57,2
58,3
59,1
60,1
61,4
62,3
63,5
64,3
65,1
66,2
67,4
68,3
69,3
70,4
71,1
72,1
73,3
74,4
75,4
76,2
77,1
78,2
79,1
80,5
81,1
82,3
83,2
84,3
85,1
86,2
87,2
88,3
89,4
90,2
91,1
92,1
93,3
94,1
95,3
96,2
97,1
98,2
99,4
100,4
101,3
102,1
103,2
104,3
105,3
106,2
107,3
108,3
109,2
110,1
111,2
112,2
113,4
114,1
115,3
116,2
117,3
118,2
119,2
120,4
121,3
122,6
123,2
124,2
125,3
126,4
127,2
128,3
129,1
130,3
131,2
132,3
133,2
134,3
135,1
136,1
137,2
138,5
139,2
140,2
141,2
142,6
143,1
144,1
145,1
146,3
147,6
148,2
149,2
150,1
151,1
152,3
153,4
154,5
155,2
156,2
157,1
158,2
159,2
160,1
161,2
162,2
163,1
164,3
165,3
166,3
167,4
168,4
169,3
170,4
171,1
172,3
173,1
174,3
175,1
176,2
177,3
178,1
179,1
180,5
181,4
182,1
183,2
184,1
185,2
186,1
187,3
188,1
189,2
190,4
191,4
192,1
193,1
194,3
195,4
196,6
197,2
198,2
199,1
200,6
201,4
202,6
203,3
204,4
205,3
206,8
207,2
208,3
209,3
210,2
211,2
212,3
213,1
214,2
215,3
216,3
217,1
218,2
219,2
220,4
221,5
222,3
223,3
224,3
225,2
226,4
227,1
228,7
229,3
230,5
231,1
232,1
233,2
234,2
235,5
236,1
237,3
238,2
239,1
240,3
241,4
242,1
243,3
244,1
245,2
246,3
247,5
248,1
249,5
250,4
251,1
252,2
253,3
254,5
255,5
256,3
257,5
258,3
259,4
260,2
261,3
262,3
263,2
264,2
265,5
266,3
267,3
268,2
269,1
270,1
271,3
272,4
273,1
274,1
275,5
276,3
277,3
278,2
279,1
280,5
281,1
282,2
283,4
284,1
285,1
286,3
287,2
288,1
289,2
290,4
291,2
292,4
293,1
294,2
295,2
296,3
297,3
298,1
299,3
300,2
301,3
302,4
303,3
304,1
305,1
306,5
307,1
308,2
309,3
310,3
311,3
312,2
313,2
314,1
315,3
316,5
317,2
318,3
319,3
320,3
321,1
322,2
323,5
324,1
325,5
326,3
327,1
328,1
329,4
330,2
331,4
332,4
333,2
334,3
335,1
336,2
337,1
338,1
339,1
340,2
341,6
342,3
343,1
344,3
345,2
346,2
347,1
348,2
349,1
350,3
351,1
352,3
353,2
354,2
355,4
356,3
357,1
358,3
359,3
360,2
361,7
362,2
363,2
364,1
365,2
366,4
367,3
368,1
369,2
370,1
371,4
372,3
373,2
374,3
375,3
376,3
377,3
378,2
379,4
380,2
381,4
382,3
383,1
384,2
385,2
386,1
387,3
388,2
389,4
390,4
391,2
392,2
393,6
394,1
395,3
396,2
397,2
398,1
399,1
400,2
401,2
402,3
403,4
404,6
405,1
406,1
407,2
408,1
409,4
410,1
411,3
412,2
413,3
414,1
415,4
416,4
417,2
418,2
419,1
420,3
421,2
422,1
423,1
424,1
425,2
426,4
427,1
428,3
429,4
430,3
431,3
432,3
433,5
434,1
435,5
436,2
437,3
438,1
439,3
440,1
441,2
442,4
443,1
444,1
445,2
446,5
447,3
448,5
449,5
450,2
451,3
452,4
453,4
454,4
455,5
456,3
457,1
458,5
459,7
460,4
461,3
462,2
463,3
464,2
465,3
466,2
467,2
468,1
469,2
470,2
471,4
472,3
473,2
474,1
475,2
476,4
477,1
478,4
479,3
480,4
481,7
482,3
483,3
484,5
485,2
486,3
487,3
488,1
489,3
490,2
491,2
492,3
493,5
494,1
495,2
496,1
497,1
498,3
499,1
500,1
501,1
502,4
503,4
504,4
505,1
506,2
507,2
508,3
509,5
510,5
511,2
512,1
513,1
514,3
515,3
516,2
517,5
518,1
519,1
520,1
521,2
522,7
523,5
524,2
525,4
526,2
527,1
528,1
529,3
530,1
531,1
532,2
533,2
534,2
535,3
536,2
537,3
538,2
539,4
540,1
541,7
542,4
543,4
544,4
545,3
546,1
547,5
548,2
549,1
550,1
551,1
552,1
553,3
554,1
555,3
556,1
557,3
558,3
559,3
560,1
561,3
562,3
563,2
564,4
565,2
566,3
567,2
568,4
569,2
570,2
571,3
572,3
573,3
574,3
575,3
576,2
577,3
578,2
579,3
580,2
581,4
582,3
583,4
584,2
585,2
586,2
587,2
588,3
589,2
590,3
591,2
592,2
593,1
594,5
595,3
596,1
597,3
598,2
599,1
600,2
601,2
602,4
603,3
604,1
605,3
606,1
607,3
608,1
609,3
610,4
611,3
612,2
613,1
614,3
615,2
616,3
617,5
618,3
619,3
620,1
621,1
622,2
623,1
624,3
625,3
626,1
627,3
628,1
629,1
630,3
631,1
632,4
633,1
634,3
635,1
636,3
637,2
638,2
639,1
640,3
641,1
642,2
643,1
644,2
645,1
646,3
647,2
648,3
649,2
650,5
651,6
652,2
653,4
654,4
655,1
656,1
657,1
658,4
659,1
660,2
661,1
662,2
663,2
664,1
665,2
666,5
667,3
668,5
669,2
670,3
671,3
672,3
673,4
674,3
675,1
676,2
677,4
678,1
679,2
680,2
681,4
682,1
683,4
684,1
685,1
686,3
687,2
688,3
689,4
690,1
691,3
692,4
693,4
694,3
695,1
696,6
697,2
698,2
699,6
700,2
701,2
702,5
703,1
704,1
705,2
706,1
707,2
708,2
709,5
710,4
711,1
712,4
713,2
714,1
715,2
716,6
717,2
718,3
719,3
720,4
721,3
722,3
723,1
724,1
725,2
726,1
727,3
728,1
729,4
730,2
731,5
732,1
733,3
734,5
735,2
736,1
737,4
738,3
739,2
740,3
741,3
742,3
743,3
744,3
745,1
746,3
747,2
748,2
749,2
750,2
751,3
752,3
753,1
754,2
755,2
756,1
757,2
758,2
759,1
760,7
761,1
762,3
763,2
764,5
765,1
766,3
767,3
768,1
769,2
770,5
771,3
772,2
773,2
774,3
775,1
776,4
777,3
778,6
779,4
780,4
781,8
782,2
783,3
784,2
785,3
786,1
787,2
788,5
789,5
790,1
791,1
792,2
793,2
794,3
795,7
796,2
797,2
798,2
799,2
800,3
801,4
802,2
803,5
804,3
805,4
806,1
807,1
808,2
809,1
810,1
811,1
812,2
813,2
814,1
815,3
816,1
817,3
818,1
819,2
820,4
821,2
822,1
823,1
824,1
825,1
826,4
827,6
828,1
829,3
830,3
831,4
832,2
833,1
834,2
835,2
836,2
837,1
838,4
839,3
840,2
841,3
842,1
843,2
844,2
845,2
846,2
847,3
848,1
849,4
850,2
851,4
852,4
853,1
854,5
855,4
856,4
857,3
858,2
859,2
860,3
861,1
862,2
863,5
864,5
865,2
866,1
867,3
868,3
869,3
870,3
871,2
872,1
873,3
874,2
875,4
876,5
877,1
878,2
879,5
880,1
881,3
882,3
883,1
884,1
885,3
886,1
887,2
888,1
889,3
890,3
891,1
892,1
893,3
894,1
895,2
896,3
897,1
898,3
899,2
900,1
901,1
902,5
903,1
904,3
905,4
906,2
907,4
908,2
909,5
910,2
911,2
912,2
913,3
914,1
915,1
916,3
917,4
918,4
919,3
920,1
921,1
922,4
923,2
924,2
925,3
926,2
927,3
928,2
929,1
930,1
931,3
932,1
933,1
934,3
935,2
936,1
937,2
938,1
939,2
940,3
941,1
942,3
943,3
944,3
945,2
946,2
947,3
948,1
949,4
950,5
951,2
952,1
953,1
954,1
955,2
956,4
957,6
958,2
959,3
960,3
961,4
962,2
963,2
964,1
965,2
966,2
967,2
968,4
969,3
970,2
971,2
972,2
973,3
974,4
975,1
976,1
977,2
978,1
979,3
980,1
981,4
982,3
983,2
984,1
985,2
986,1
987,1
988,2
989,2
990,1
991,1
992,3
993,1
994,2
995,2
996,1
997,7
998,1
999,2
1000,2
1001,1
1002,5
1003,3
1004,4
1005,1
1006,2
1007,1
1008,5
1009,1
1010,2
1011,3
1012,3
1013,1
1014,1
1015,1
1016,6
1017,2
1018,5
1019,7
1020,2
1021,1
1022,1
1023,1
1024,2
1025,1
1026,5
1027,4
1028,4
1029,4
1030,2
1031,1
1032,1
1033,2
1034,3
1035,2
1036,2
1037,5
1038,1
1039,1
1040,2
1041,3
1042,1
1043,2
1044,3
1045,1
1046,5
1047,3
1048,5
1049,3
1050,3
1051,5
1052,3
1053,2
1054,2
1055,2
1056,3
1057,5
1058,1
1059,2
1060,2
1061,1
1062,3
1063,2
1064,1
1065,2
1066,5
1067,2
1068,2
1069,4
1070,2
1071,2
1072,4
1073,3
1074,4
1075,4
1076,2
1077,1
1078,3
1079,5
1080,2
1081,2
1082,4
1083,1
1084,2
1085,3
1086,3
1087,4
1088,1
1089,2
1090,4
1091,2
1092,3
1093,2
1094,1
1095,2
1096,5
1097,6
1098,3
1099,4
1100,2
1101,1
1102,2
1103,2
1104,4
1105,3
1106,2
1107,6
1108,1
1109,2
1110,4
1111,6
1112,1
1113,2
1114,3
1115,4
1116,2
1117,1
1118,3
1119,3
1120,1
1121,5
1122,4
1123,3
1124,4
1125,6
1126,2
1127,3
1128,1
1129,1
1130,3
1131,2
1132,2
1133,2
1134,1
1135,4
1136,2
1137,1
1138,2
1139,2
1140,5
1141,2
1142,1
1143,3
1144,2
1145,1
1146,3
1147,2
1148,2
1149,1
1150,6
1151,2
1152,4
1153,2
1154,2
1155,3
1156,1
1157,2
1158,4
1159,6
1160,5
1161,1
1162,3
1163,6
1164,5
1165,3
1166,2
1167,1
1168,1
1169,2
1170,3
1171,1
1172,1
1173,2
1174,1
1175,1
1176,2
1177,6
1178,1
1179,3
1180,4
1181,1
1182,7
1183,4
1184,1
1185,2
1186,2
1187,5
1188,2
1189,3
1190,1
1191,2
1192,1
1193,3
1194,1
1195,2
1196,2
1197,6
1198,2
1199,4
1200,3
1201,3
1202,2
1203,4
1204,2
1205,1
1206,1
1207,4
1208,1
1209,2
1210,2
1211,2
1212,1
1213,2
1214,3
1215,5
1216,2
1217,2
1218,3
1219,2
1220,2
1221,3
1222,1
1223,2
1224,3
1225,4
1226,2
1227,3
1228,4
1229,2
1230,1
1231,5
1232,2
1233,2
1234,1
1235,2
1236,1
1237,1
1238,1
1239,1
1240,5
1241,6
1242,1
1243,3
1244,2
1245,2
1246,5
1247,4
1248,4
1249,3
1250,2
1251,1
1252,2
1253,3
1254,2
1255,3
1256,2
1257,1
1258,3
1259,2
1260,3
1261,3
1262,2
1263,4
1264,4
1265,2
1266,2
1267,3
1268,1
1269,3
1270,1
1271,3
1272,1
1273,1
1274,3
1275,1
1276,4
1277,4
1278,1
1279,3
1280,2
1281,2
1282,1
1283,2
1284,4
1285,2
1286,2
1287,4
1288,2
1289,1
1290,1
1291,2
1292,2
1293,2
1294,2
1295,4
1296,4
1297,1
1298,2
1299,2
1300,2
1301,4
1302,1
1303,2
1304,5
1305,3
1306,2
1307,7
1308,2
1309,4
1310,3
1311,2
1312,3
1313,2
1314,6
1315,3
1316,4
1317,1
1318,4
1319,3
1320,1
1321,4
1322,2
1323,3
1324,4
1325,2
1326,2
1327,3
1328,2
1329,7
1330,3
1331,6
1332,1
1333,3
1334,2
1335,2
1336,4
1337,2
1338,2
1339,3
1340,4
1341,1
1342,4
1343,4
1344,2
1345,1
1346,2
1347,3
1348,4
1349,3
1350,5
1351,4
1352,1
1353,4
1354,3
1355,3
1356,1
1357,3
1358,1
1359,3
1360,3
1361,3
1362,1
1363,4
1364,4
1365,3
1366,3
1367,1
1368,2
1369,2
1370,1
1371,2
1372,2
1373,3
1374,5
1375,3
1376,2
1377,1
1378,3
1379,1
1380,1
1381,1
1382,4
1383,4
1384,2
1385,1
1386,1
1387,4
1388,3
1389,1
1390,2
1391,3
1392,1
1393,1
1394,1
1395,2
1396,5
1397,2
1398,1
1399,3
1400,1
1401,2
1402,1
1403,3
1404,5
1405,2
1406,3
1407,2
1408,3
1409,1
1410,2
1411,2
1412,2
1413,2
1414,2
1415,1
1416,2
1417,3
1418,3
1419,3
1420,2
1421,2
1422,2
1423,3
1424,3
1425,1
1426,2
1427,5
1428,1
1429,2
1430,2
1431,2
1432,1
1433,1
1434,1
1435,4
1436,2
1437,2
1438,6
1439,2
1440,1
1441,2
1442,2
1443,2
1444,5
1445,1
1446,3
1447,1
1448,5
1449,2
1450,1
1451,1
1452,2
1453,2
1454,5
1455,1
1456,3
1457,2
1458,4
1459,3
1460,3
1461,2
1462,3
1463,3
1464,3
1465,6
1466,1
1467,3
1468,3
1469,2
1470,1
1471,3
1472,3
1473,6
1474,2
1475,3
1476,1
1477,3
1478,1
1479,2
1480,2
1481,2
1482,2
1483,4
1484,4
1485,4
1486,3
1487,2
1488,1
1489,1
1490,4
1491,3
1492,2
1493,1
1494,4
1495,3
1496,2
1497,2
1498,3
1499,1
1500,2
1501,2
1502,1
1503,3
1504,2
1505,3
1506,2
1507,2
1508,4
1509,2
1510,2
1511,3
1512,2
1513,3
1514,1
1515,3
1516,4
1517,2
1518,3
1519,2
1520,2
1521,4
1522,1
1523,2
1524,4
1525,1
1526,2
1527,1
1528,3
1529,4
1530,2
1531,3
1532,2
1533,2
1534,2
1535,3
1536,2
1537,3
1538,2
1539,3
1540,2
1541,2
1542,1
1543,3
1544,7
1545,3
1546,2
1547,2
1548,3
1549,2
1550,5
1551,1
1552,1
1553,5
1554,5
1555,5
1556,2
1557,4
1558,1
1559,2
1560,2
1561,1
1562,4
1563,2
1564,4
1565,1
1566,1
1567,1
1568,3
1569,4
1570,1
1571,2
1572,3
1573,3
1574,2
1575,2
1576,2
1577,1
1578,7
1579,2
1580,1
1581,2
1582,1
1583,1
1584,3
1585,2
1586,2
1587,5
1588,1
1589,1
1590,2
1591,1
1592,3
1593,1
1594,2
1595,2
1596,3
1597,2
1598,7
1599,1
1600,6
1601,3
1602,2
1603,1
1604,3
1605,2
1606,4
1607,1
1608,5
1609,1
1610,2
1611,1
1612,3
1613,4
1614,3
1615,4
1616,3
1617,5
1618,3
1619,1
1620,2
1621,4
1622,1
1623,1
1624,1
1625,4
1626,1
1627,2
1628,1
1629,4
1630,2
1631,1
1632,2
1633,1
1634,6
1635,2
1636,1
1637,5
1638,1
1639,2
1640,2
1641,3
1642,4
1643,3
1644,1
1645,2
1646,3
1647,2
1648,2
1649,2
1650,4
1651,3
1652,1
1653,2
1654,2
1655,2
1656,1
1657,1
1658,2
1659,5
1660,1
1661,1
1662,2
1663,1
1664,2
1665,4
1666,3
1667,4
1668,2
1669,2
1670,3
1671,3
1672,1
1673,1
1674,4
1675,6
1676,4
1677,1
1678,1
1679,5
1680,3
1681,2
1682,4
1683,1
1684,2
1685,1
1686,2
1687,1
1688,2
1689,2
1690,3
1691,2
1692,1
1693,4
1694,5
1695,5
1696,1
1697,3
1698,5
1699,2
1700,2
1701,2
1702,1
1703,1
1704,3
1705,2
1706,1
1707,1
1708,2
1709,2
1710,1
1711,2
1712,2
1713,3
1714,1
1715,5
1716,2
1717,4
1718,1
1719,2
1720,3
1721,1
1722,1
1723,1
1724,2
1725,2
1726,2
1727,6
1728,3
1729,5
1730,2
1731,3
1732,4
1733,2
1734,3
1735,4
1736,1
1737,2
1738,4
1739,4
1740,3
1741,1
1742,3
1743,4
1744,1
1745,1
1746,4
1747,1
1748,5
1749,1
1750,1
1751,1
1752,1
1753,3
1754,5
1755,1
1756,3
1757,3
1758,2
1759,9
1760,3
1761,1
1762,2
1763,4
1764,5
1765,2
1766,5
1767,4
1768,2
1769,2
1770,2
1771,3
1772,1
1773,1
1774,3
1775,3
1776,1
1777,2
1778,2
1779,3
1780,1
1781,4
1782,1
1783,1
1784,4
1785,4
1786,2
1787,4
1788,3
1789,2
1790,4
1791,3
1792,1
1793,2
1794,1
1795,2
1796,2
1797,5
1798,1
1799,3
1800,3
1801,5
1802,1
1803,2
1804,2
1805,1
1806,2
1807,3
1808,3
1809,2
1810,1
1811,4
1812,4
1813,3
1814,5
1815,2
1816,3
1817,2
1818,3
1819,1
1820,2
1821,1
1822,1
1823,2
1824,2
1825,1
1826,1
1827,4
1828,2
1829,4
1830,3
1831,4
1832,3
1833,3
1834,1
1835,2
1836,2
1837,3
1838,2
1839,3
1840,1
1841,3
1842,1
1843,1
1844,1
1845,2
1846,5
1847,2
1848,3
1849,2
1850,5
1851,2
1852,3
1853,1
1854,2
1855,1
1856,1
1857,1
1858,3
1859,3
1860,2
1861,1
1862,2
1863,2
1864,1
1865,3
1866,3
1867,1
1868,5
1869,3
1870,3
1871,2
1872,1
1873,2
1874,1
1875,2
1876,1
1877,2
1878,3
1879,2
1880,4
1881,2
1882,2
1883,4
1884,7
1885,2
1886,3
1887,1
1888,1
1889,2
1890,1
1891,3
1892,2
1893,1
1894,1
1895,3
1896,2
1897,1
1898,2
1899,5
1900,1
1901,5
1902,1
1903,1
1904,1
1905,2
1906,2
1907,3
1908,3
1909,4
1910,4
1911,3
1912,2
1913,6
1914,1
1915,2
1916,2
1917,2
1918,1
1919,1
1920,3
1921,2
1922,2
1923,4
1924,4
1925,1
1926,5
1927,1
1928,3
1929,3
1930,3
1931,2
1932,4
1933,2
1934,1
1935,2
1936,5
1937,1
1938,3
1939,3
1940,3
1941,2
1942,1
1943,1
1944,1
1945,3
1946,1
1947,2
1948,6
1949,4
1950,1
1951,2
1952,1
1953,1
1954,2
1955,1
1956,2
1957,3
1958,2
1959,2
1960,5
1961,2
1962,2
1963,2
1964,1
1965,2
1966,2
1967,2
1968,4
1969,2
1970,1
1971,2
1972,3
1973,3
1974,5
1975,1
1976,3
1977,5
1978,1
1979,3
1980,3
1981,1
1982,3
1983,4
1984,2
1985,3
1986,4
1987,2
1988,3
1989,4
1990,3
1991,6
1992,2
1993,6
1994,3
1995,2
1996,1
1997,4
1998,2
1999,4
2000,5
2001,3
2002,1
2003,1
2004,7
2005,2
2006,1
2007,2
2008,1
2009,3
2010,3
2011,1
2012,2
2013,1
2014,5
2015,1
2016,2
2017,6
2018,2
2019,1
2020,2
2021,2
2022,1
2023,1
2024,4
2025,5
2026,2
2027,2
2028,1
2029,2
2030,1
2031,1
2032,3
2033,1
2034,2
2035,3
2036,1
2037,2
2038,6
2039,3
2040,2
2041,2
2042,2
2043,4
2044,2
2045,2
2046,3
2047,5
2048,3
2049,2
2050,1
2051,1
2052,1
2053,1
2054,2
2055,3
2056,1
2057,1
2058,4
2059,1
2060,3
2061,3
2062,1
2063,4
2064,1
2065,3
2066,2
2067,2
2068,3
2069,1
2070,3
2071,2
2072,2
2073,1
2074,2
2075,3
2076,3
2077,1
2078,2
2079,1
2080,2
2081,2
2082,4
2083,3
2084,3
2085,6
2086,1
2087,3
2088,1
2089,3
2090,2
2091,2
2092,2
2093,1
2094,2
2095,1
2096,2
2097,4
2098,4
2099,2
2100,1
2101,5
2102,3
2103,2
2104,3
2105,1
2106,2
2107,5
2108,2
2109,1
2110,2
2111,1
2112,3
2113,2
2114,1
2115,5
2116,1
2117,5
2118,3
2119,2
2120,2
2121,4
2122,3
2123,3
2124,1
2125,1
2126,2
2127,4
2128,2
2129,1
2130,3
2131,2
2132,1
2133,1
2134,2
2135,1
2136,4
2137,3
2138,1
2139,2
2140,1
2141,2
2142,1
2143,4
2144,3
2145,1
2146,2
2147,2
2148,4
2149,1
2150,1
2151,2
2152,3
2153,1
2154,3
2155,4
2156,4
2157,3
2158,2
2159,3
2160,4
2161,3
2162,3
2163,3
2164,5
2165,3
2166,1
2167,2
2168,2
2169,4
2170,2
2171,5
2172,2
2173,2
2174,2
2175,4
2176,4
2177,2
2178,3
2179,1
2180,4
2181,4
2182,2
2183,1
2184,3
2185,6
2186,3
2187,2
2188,2
2189,1
2190,1
2191,5
2192,3
2193,3
2194,1
2195,2
2196,1
2197,1
2198,3
2199,3
2200,1
2201,4
2202,3
2203,1
2204,2
2205,1
2206,3
2207,3
2208,3
2209,3
2210,1
2211,2
2212,4
2213,3
2214,3
2215,2
2216,2
2217,2
2218,2
2219,1
2220,3
2221,3
2222,1
2223,3
2224,2
2225,2
2226,3
2227,3
2228,2
2229,2
2230,2
2231,1
2232,1
2233,1
2234,1
2235,2
2236,3
2237,1
2238,3
2239,3
2240,2
2241,3
2242,2
2243,3
2244,4
2245,2
2246,6
2247,3
2248,3
2249,1
2250,1
2251,2
2252,2
2253,4
2254,1
2255,2
2256,2
2257,4
2258,1
2259,3
2260,3
2261,3
2262,2
2263,1
2264,1
2265,2
2266,4
2267,1
2268,4
2269,1
2270,1
2271,1
2272,2
2273,2
2274,2
2275,1
2276,5
2277,2
2278,1
2279,1
2280,3
2281,2
2282,1
2283,1
2284,4
2285,1
2286,1
2287,2
2288,2
2289,1
2290,2
2291,4
2292,2
2293,1
2294,4
2295,1
2296,3
2297,4
2298,1
2299,3
2300,7
2301,1
2302,4
2303,3
2304,1
2305,3
2306,4
2307,4
2308,3
2309,1
2310,5
2311,3
2312,1
2313,2
2314,2
2315,2
2316,4
2317,3
2318,1
2319,3
2320,2
2321,2
2322,2
2323,3
2324,1
2325,2
2326,3
2327,4
2328,3
2329,2
2330,1
2331,1
2332,4
2333,1
2334,3
2335,2
2336,2
2337,1
2338,3
2339,5
2340,4
2341,2
2342,1
2343,4
2344,2
2345,3
2346,2
2347,3
2348,3
2349,1
2350,2
2351,1
2352,5
2353,1
2354,1
2355,3
2356,1
2357,2
2358,1
2359,2
2360,2
2361,2
2362,3
2363,3
2364,1
2365,7
2366,7
2367,2
2368,2
2369,1
2370,4
2371,2
2372,1
2373,1
2374,2
2375,3
2376,2
2377,3
2378,2
2379,4
2380,3
2381,4
2382,2
2383,6
2384,2
2385,2
2386,2
2387,3
2388,2
2389,3
2390,1
2391,1
2392,2
2393,5
2394,2
2395,4
2396,3
2397,1
2398,1
2399,4
2400,3
2401,2
2402,3
2403,3
2404,4
2405,1
2406,2
2407,1
2408,1
2409,2
2410,3
2411,3
2412,5
2413,1
2414,2
2415,2
2416,2
2417,2
2418,1
2419,2
2420,1
2421,4
2422,2
2423,2
2424,3
2425,6
2426,3
2427,1
2428,1
2429,6
2430,2
2431,3
2432,2
2433,4
2434,2
2435,3
2436,5
2437,1
2438,5
2439,2
2440,1
2441,1
2442,1
2443,2
2444,2
2445,1
2446,3
2447,2
2448,2
2449,1
2450,4
2451,1
2452,3
2453,3
2454,3
2455,2
2456,1
2457,1
2458,1
2459,2
2460,2
2461,3
2462,1
2463,1
2464,1
2465,2
2466,3
2467,2
2468,3
2469,3
2470,4
2471,1
2472,3
2473,1
2474,7
2475,2
2476,2
2477,2
2478,3
2479,5
2480,2
2481,1
2482,1
2483,1
2484,2
2485,6
2486,1
2487,1
2488,1
2489,1
2490,1
2491,4
2492,2
2493,2
2494,1
2495,1
2496,2
2497,4
2498,4
2499,1
2500,4
2501,1
2502,1
2503,2
2504,2
2505,1
2506,3
2507,1
2508,2
2509,2
2510,1
2511,3
2512,2
2513,1
2514,5
2515,2
2516,1
2517,2
2518,1
2519,2
2520,3
2521,5
2522,1
2523,2
2524,6
2525,4
2526,2
2527,4
2528,2
2529,2
2530,1
2531,1
2532,5
2533,2
2534,1
2535,3
2536,1
2537,3
2538,2
2539,3
2540,1
2541,3
2542,5
2543,2
2544,4
2545,1
2546,4
2547,4
2548,2
2549,1
2550,3
2551,1
2552,2
2553,5
2554,3
2555,3
2556,3
2557,1
2558,2
2559,4
2560,3
2561,3
2562,2
2563,4
2564,2
2565,4
2566,1
2567,3
2568,3
2569,2
2570,1
2571,1
2572,4
2573,2
2574,4
2575,1
2576,2
2577,4
2578,1
2579,1
2580,1
2581,3
2582,1
2583,3
2584,1
2585,3
2586,3
2587,4
2588,2
2589,3
2590,2
2591,2
2592,2
2593,5
2594,1
2595,4
2596,2
2597,2
2598,1
2599,2
2600,5
2601,1
2602,4
2603,4
2604,3
2605,2
2606,1
2607,5
2608,2
2609,2
2610,3
2611,4
2612,2
2613,4
2614,1
2615,4
2616,2
2617,3
2618,3
2619,1
2620,1
2621,3
2622,4
2623,3
2624,2
2625,1
2626,4
2627,3
2628,2
2629,4
2630,1
2631,2
2632,2
2633,1
2634,1
2635,2
2636,2
2637,2
2638,1
2639,1
2640,2
2641,3
2642,2
2643,1
2644,2
2645,1
2646,3
2647,3
2648,3
2649,2
2650,2
2651,1
2652,7
2653,1
2654,2
2655,2
2656,4
2657,4
2658,2
2659,1
2660,2
2661,2
2662,3
2663,1
2664,1
2665,3
2666,3
2667,3
2668,2
2669,3
2670,3
2671,2
2672,4
2673,4
2674,1
2675,2
2676,3
2677,3
2678,3
2679,3
2680,5
2681,1
2682,1
2683,1
2684,2
2685,1
2686,1
2687,1
2688,1
2689,1
2690,1
2691,1
2692,1
2693,3
2694,2
2695,2
2696,3
2697,3
2698,3
2699,3
2700,1
2701,1
2702,2
2703,2
2704,1
2705,2
2706,2
2707,2
2708,1
2709,2
2710,2
2711,3
2712,5
2713,2
2714,2
2715,1
2716,3
2717,2
2718,4
2719,5
2720,1
2721,3
2722,4
2723,1
2724,4
2725,7
2726,2
2727,4
2728,3
2729,2
2730,2
2731,4
2732,2
2733,1
2734,5
2735,1
2736,6
2737,1
2738,3
2739,4
2740,2
2741,5
2742,2
2743,2
2744,4
2745,4
2746,4
2747,1
2748,3
2749,1
2750,4
2751,4
2752,1
2753,1
2754,2
2755,4
2756,2
2757,3
2758,1
2759,4
2760,2
2761,2
2762,5
2763,2
2764,5
2765,2
2766,2
2767,2
2768,2
2769,2
2770,1
2771,2
2772,4
2773,5
2774,5
2775,2
2776,2
2777,2
2778,2
2779,2
2780,2
2781,1
2782,1
2783,3
2784,3
2785,2
2786,4
2787,3
2788,2
2789,1
2790,1
2791,2
2792,3
2793,2
2794,1
2795,1
2796,2
2797,1
2798,2
2799,1
2800,4
2801,3
2802,1
2803,2
2804,2
2805,1
2806,7
2807,1
2808,1
2809,4
2810,4
2811,2
2812,3
2813,3
2814,4
2815,3
2816,1
2817,3
2818,1
2819,1
2820,1
2821,1
2822,5
2823,3
2824,2
2825,3
2826,5
2827,2
2828,2
2829,3
2830,1
2831,1
2832,2
2833,1
2834,2
2835,1
2836,2
2837,2
2838,1
2839,1
2840,1
2841,1
2842,1
2843,5
2844,1
2845,1
2846,3
2847,2
2848,4
2849,3
2850,3
2851,1
2852,2
2853,2
2854,1
2855,1
2856,6
2857,2
2858,2
2859,1
2860,1
2861,2
2862,1
2863,4
2864,2
2865,1
2866,3
2867,3
2868,3
2869,1
2870,2
2871,1
2872,3
2873,3
2874,3
2875,4
2876,4
2877,3
2878,5
2879,3
2880,2
2881,1
2882,2
2883,1
2884,4
2885,2
2886,3
2887,3
2888,4
2889,4
2890,7
2891,2
2892,2
2893,1
2894,4
2895,1
2896,3
2897,6
2898,1
2899,2
2900,5
2901,1
2902,3
2903,4
2904,1
2905,4
2906,3
2907,3
2908,3
2909,5
2910,3
2911,3
2912,3
2913,2
2914,3
2915,1
2916,4
2917,1
2918,3
2919,1
2920,3
2921,3
2922,2
2923,2
2924,3
2925,2
2926,2
2927,1
2928,2
2929,1
2930,2
2931,3
2932,4
2933,2
2934,3
2935,1
2936,2
2937,3
2938,2
2939,1
2940,3
2941,1
2942,2
2943,3
2944,2
2945,3
2946,3
2947,1
2948,1
2949,3
2950,1
2951,2
2952,2
2953,2
2954,1
2955,3
2956,2
2957,1
2958,5
2959,2
2960,3
2961,3
2962,5
2963,4
2964,1
2965,3
2966,1
2967,2
2968,4
2969,3
2970,2
2971,2
2972,2
2973,1
2974,4
2975,3
2976,1
2977,2
2978,2
2979,1
2980,5
2981,1
2982,3
2983,1
2984,1
2985,2
2986,1
2987,6
2988,6
2989,2
2990,3
2991,5
2992,2
2993,2
2994,5
2995,3
2996,3
2997,2
2998,1
2999,4
3000,2
3001,5
3002,2
3003,4
3004,4
3005,1
3006,2
3007,2
3008,1
3009,6
3010,2
3011,3
3012,2
3013,3
3014,1
3015,3
3016,6
3017,4
3018,5
3019,3
3020,1
3021,1
3022,5
3023,2
3024,2
3025,5
3026,1
3027,2
3028,3
3029,3
3030,1
3031,4
3032,5
3033,1
3034,2
3035,2
3036,4
3037,3
3038,2
3039,4
3040,1
3041,1
3042,2
3043,1
3044,1
3045,2
3046,2
3047,4
3048,1
3049,2
3050,2
3051,4
3052,1
3053,2
3054,1
3055,6
3056,2
3057,2
3058,3
3059,1
3060,3
3061,1
3062,1
3063,1
3064,1
3065,2
3066,1
3067,6
3068,1
3069,4
3070,1
3071,5
3072,1
3073,2
3074,2
3075,1
3076,4
3077,2
3078,1
3079,5
3080,2
3081,4
3082,3
3083,5
3084,1
3085,4
3086,5
3087,3
3088,2
3089,2
3090,2
3091,2
3092,2
3093,2
3094,2
3095,4
3096,4
3097,1
3098,1
3099,1
3100,2
3101,2
3102,3
3103,4
3104,4
3105,4
3106,1
3107,4
3108,2
3109,2
3110,2
3111,1
3112,1
3113,1
3114,4
3115,4
3116,2
3117,2
3118,1
3119,2
3120,2
3121,1
3122,2
3123,3
3124,3
3125,1
3126,5
3127,1
3128,1
3129,1
3130,4
3131,5
3132,3
3133,3
3134,6
3135,3
3136,4
3137,3
3138,1
3139,4
3140,3
3141,2
3142,4
3143,1
3144,4
3145,2
3146,2
3147,2
3148,1
3149,1
3150,4
3151,1
3152,2
3153,1
3154,2
3155,4
3156,3
3157,1
3158,1
3159,2
3160,2
3161,3
3162,2
3163,1
3164,2
3165,1
3166,5
3167,3
3168,1
3169,1
3170,3
3171,5
3172,3
3173,2
3174,2
3175,1
3176,1
3177,4
3178,1
3179,3
3180,2
3181,3
3182,2
3183,1
3184,2
3185,2
3186,1
3187,2
3188,1
3189,4
3190,1
3191,7
3192,1
3193,2
3194,2
3195,1
3196,1
3197,1
3198,1
3199,3
3200,3
3201,2
3202,2
3203,3
3204,3
3205,4
3206,4
3207,6
3208,4
3209,1
3210,2
3211,3
3212,3
3213,4
3214,3
3215,4
3216,5
3217,1
3218,2
3219,4
3220,2
3221,1
3222,1
3223,4
3224,2
3225,2
3226,1
3227,5
3228,5
3229,4
3230,3
3231,1
3232,3
3233,3
3234,1
3235,2
3236,1
3237,2
3238,2
3239,3
3240,3
3241,2
3242,2
3243,1
3244,6
3245,3
3246,3
3247,1
3248,5
3249,2
3250,3
3251,4
3252,1
3253,2
3254,2
3255,1
3256,5
3257,3
3258,2
3259,2
3260,2
3261,3
3262,4
3263,3
3264,2
3265,2
3266,3
3267,3
3268,4
3269,3
3270,1
3271,1
3272,3
3273,2
3274,1
3275,2
3276,1
3277,2
3278,3
3279,1
3280,1
3281,3
3282,3
3283,1
3284,1
3285,3
3286,3
3287,5
3288,3
3289,2
3290,6
3291,6
3292,5
3293,3
3294,5
3295,2
3296,2
3297,2
3298,4
3299,6
3300,5
3301,2
3302,1
3303,1
3304,2
3305,3
3306,1
3307,2
3308,4
3309,2
3310,2
3311,2
3312,3
3313,3
3314,1
3315,3
3316,4
3317,2
3318,2
3319,5
3320,1
3321,6
3322,1
3323,6
3324,2
3325,1
3326,3
3327,3
3328,1
3329,3
3330,2
3331,1
3332,1
3333,1
3334,1
3335,3
3336,3
3337,1
3338,1
3339,1
3340,4
3341,2
3342,2
3343,4
3344,2
3345,1
3346,1
3347,3
3348,4
3349,3
3350,2
3351,1
3352,5
3353,9
3354,5
3355,5
3356,3
3357,3
3358,3
3359,2
3360,1
3361,3
3362,4
3363,1
3364,1
3365,2
3366,1
3367,1
3368,2
3369,4
3370,3
3371,1
3372,2
3373,3
3374,2
3375,4
3376,5
3377,2
3378,1
3379,2
3380,4
3381,1
3382,2
3383,3
3384,1
3385,3
3386,2
3387,5
3388,4
3389,1
3390,3
3391,3
3392,5
3393,2
3394,2
3395,4
3396,2
3397,1
3398,4
3399,2
3400,3
3401,5
3402,4
3403,2
3404,3
3405,5
3406,3
3407,1
3408,1
3409,1
3410,1
3411,3
3412,3
3413,3
3414,2
3415,2
3416,3
3417,6
3418,1
3419,2
3420,2
3421,4
3422,4
3423,2
3424,3
3425,3
3426,2
3427,3
3428,1
3429,2
3430,2
3431,4
3432,4
3433,3
3434,2
3435,2
3436,1
3437,3
3438,4
3439,2
3440,7
3441,3
3442,6
3443,3
3444,2
3445,3
3446,1
3447,2
3448,6
3449,3
3450,1
3451,4
3452,3
3453,1
3454,3
3455,1
3456,1
3457,2
3458,1
3459,2
3460,3
3461,2
3462,1
3463,2
3464,1
3465,3
3466,1
3467,1
3468,2
3469,3
3470,2
3471,1
3472,2
3473,1
3474,2
3475,1
3476,2
3477,2
3478,2
3479,3
3480,6
3481,1
3482,1
3483,2
3484,1
3485,2
3486,1
3487,5
3488,3
3489,3
3490,1
3491,4
3492,3
3493,2
3494,2
3495,2
3496,4
3497,2
3498,2
3499,2
3500,2
3501,2
3502,3
3503,3
3504,1
3505,3
3506,2
3507,2
3508,4
3509,2
3510,1
3511,3
3512,10
3513,2
3514,2
3515,2
3516,4
3517,3
3518,2
3519,3
3520,2
3521,3
3522,2
3523,3
3524,2
3525,2
3526,1
3527,1
3528,1
3529,1
3530,2
3531,3
3532,1
3533,1
3534,2
3535,6
3536,2
3537,2
3538,1
3539,3
3540,2
3541,1
3542,2
3543,3
3544,2
3545,3
3546,2
3547,1
3548,4
3549,2
3550,6
3551,1
3552,2
3553,4
3554,1
3555,1
3556,5
3557,4
3558,2
3559,1
3560,3
3561,3
3562,1
3563,1
3564,1
3565,2
3566,3
3567,4
3568,2
3569,2
3570,2
3571,2
3572,2
3573,3
3574,4
3575,2
3576,3
3577,3
3578,2
3579,4
3580,1
3581,1
3582,3
3583,4
3584,4
3585,2
3586,1
3587,1
3588,5
3589,5
3590,2
3591,1
3592,3
3593,2
3594,3
3595,1
3596,2
3597,4
3598,2
3599,1
3600,2
3601,1
3602,2
3603,4
3604,3
3605,1
3606,2
3607,1
3608,1
3609,3
3610,2
3611,2
3612,2
3613,2
3614,2
3615,3
3616,3
3617,2
3618,2
3619,1
3620,1
3621,1
3622,3
3623,1
3624,2
3625,1
3626,1
3627,3
3628,3
3629,1
3630,2
3631,3
3632,2
3633,4
3634,2
3635,1
3636,1
3637,2
3638,1
3639,1
3640,5
3641,2
3642,1
3643,3
3644,3
3645,1
3646,6
3647,2
3648,1
3649,1
3650,1
3651,2
3652,1
3653,2
3654,1
3655,2
3656,1
3657,2
3658,1
3659,2
3660,3
3661,1
3662,1
3663,3
3664,1
3665,2
3666,1
3667,1
3668,1
3669,2
3670,4
3671,1
3672,4
3673,3
3674,3
3675,1
3676,5
3677,1
3678,3
3679,2
3680,2
3681,3
3682,2
3683,5
3684,4
3685,4
3686,3
3687,3
3688,7
3689,4
3690,4
3691,4
3692,1
3693,3
3694,2
3695,1
3696,1
3697,3
3698,2
3699,2
3700,2
3701,1
3702,1
3703,4
3704,2
3705,5
3706,2
3707,1
3708,1
3709,2
3710,1
3711,2
3712,5
3713,1
3714,3
3715,4
3716,2
3717,3
3718,3
3719,4
3720,1
3721,2
3722,1
3723,1
3724,3
3725,3
3726,3
3727,3
3728,1
3729,2
3730,1
3731,1
3732,1
3733,1
3734,5
3735,3
3736,1
3737,2
3738,2
3739,3
3740,4
3741,4
3742,5
3743,3
3744,4
3745,1
3746,3
3747,2
3748,3
3749,2
3750,4
3751,1
3752,3
3753,2
3754,3
3755,2
3756,1
3757,2
3758,2
3759,5
3760,1
3761,1
3762,2
3763,2
3764,3
3765,2
3766,2
3767,1
3768,2
3769,1
3770,3
3771,3
3772,3
3773,1
3774,2
3775,2
3776,2
3777,4
3778,8
3779,2
3780,2
3781,3
3782,3
3783,4
3784,4
3785,3
3786,1
3787,3
3788,4
3789,2
3790,2
3791,3
3792,1
3793,2
3794,1
3795,1
3796,1
3797,1
3798,1
3799,1
3800,1
3801,2
3802,2
3803,3
3804,4
3805,2
3806,2
3807,1
3808,4
3809,1
3810,3
3811,1
3812,1
3813,2
3814,4
3815,1
3816,2
3817,3
3818,2
3819,1
3820,2
3821,6
3822,2
3823,2
3824,1
3825,2
3826,3
3827,3
3828,2
3829,2
3830,3
3831,1
3832,1
3833,2
3834,1
3835,4
3836,4
3837,3
3838,1
3839,2
3840,5
3841,1
3842,3
3843,2
3844,5
3845,3
3846,4
3847,2
3848,2
3849,2
3850,4
3851,4
3852,3
3853,3
3854,2
3855,3
3856,6
3857,3
3858,1
3859,3
3860,3
3861,2
3862,1
3863,1
3864,3
3865,2
3866,4
3867,1
3868,8
3869,7
3870,3
3871,2
3872,1
3873,1
3874,2
3875,2
3876,1
3877,3
3878,1
3879,2
3880,6
3881,3
3882,2
3883,2
3884,1
3885,3
3886,4
3887,5
3888,2
3889,1
3890,1
3891,2
3892,2
3893,1
3894,1
3895,3
3896,1
3897,6
3898,1
3899,2
3900,1
3901,4
3902,2
3903,3
3904,5
3905,1
3906,2
3907,3
3908,2
3909,2
3910,5
3911,1
3912,2
3913,2
3914,5
3915,2
3916,1
3917,1
3918,3
3919,1
3920,2
3921,2
3922,1
3923,1
3924,4
3925,5
3926,4
3927,2
3928,1
3929,2
3930,2
3931,1
3932,2
3933,3
3934,1
3935,3
3936,2
3937,5
3938,1
3939,3
3940,2
3941,2
3942,5
3943,1
3944,2
3945,3
3946,3
3947,5
3948,2
3949,2
3950,3
3951,3
3952,4
3953,2
3954,3
3955,6
3956,5
3957,5
3958,1
3959,4
3960,2
3961,1
3962,1
3963,2
3964,2
3965,4
3966,3
3967,2
3968,5
3969,1
3970,3
3971,3
3972,3
3973,1
3974,6
3975,3
3976,2
3977,2
3978,1
3979,5
3980,9
3981,5
3982,2
3983,2
3984,3
3985,1
3986,1
3987,2
3988,1
3989,1
3990,1
3991,1
3992,1
3993,1
3994,2
3995,1
3996,1
3997,1
3998,3
3999,3
4000,4
4001,2
4002,1
4003,5
4004,3
4005,1
4006,1
4007,2
4008,2
4009,1
4010,5
4011,3
4012,6
4013,1
4014,2
4015,1
4016,2
4017,2
4018,1
4019,3
4020,4
4021,1
4022,2
4023,2
4024,3
4025,2
4026,3
4027,2
4028,5
4029,2
4030,2
4031,3
4032,1
4033,1
4034,4
4035,3
4036,2
4037,2
4038,1
4039,1
4040,1
4041,3
4042,2
4043,3
4044,1
4045,1
4046,3
4047,1
4048,3
4049,2
4050,1
4051,6
4052,3
4053,3
4054,3
4055,4
4056,5
4057,2
4058,1
4059,3
4060,1
4061,4
4062,1
4063,3
4064,1
4065,2
4066,1
4067,4
4068,3
4069,2
4070,3
4071,5
4072,3
4073,1
4074,1
4075,1
4076,3
4077,3
4078,6
4079,3
4080,2
4081,1
4082,3
4083,3
4084,4
4085,2
4086,3
4087,4
4088,2
4089,3
4090,1
4091,7
4092,1
4093,5
4094,1
4095,3
4096,1
4097,4
4098,4
4099,3
4100,3
4101,4
4102,6
4103,1
4104,1
4105,1
4106,3
4107,2
4108,2
4109,1
4110,1
4111,2
4112,2
4113,3
4114,1
4115,3
4116,1
4117,3
4118,3
4119,3
4120,2
4121,2
4122,1
4123,2
4124,3
4125,2
4126,3
4127,1
4128,4
4129,3
4130,3
4131,1
4132,1
4133,1
4134,1
4135,4
4136,2
4137,4
4138,1
4139,1
4140,2
4141,3
4142,6
4143,6
4144,3
4145,2
4146,1
4147,2
4148,2
4149,1
4150,1
4151,6
4152,2
4153,4
4154,4
4155,3
4156,4
4157,2
4158,2
4159,3
4160,4
4161,3
4162,7
4163,2
4164,4
4165,5
4166,3
4167,1
4168,2
4169,1
4170,3
4171,2
4172,2
4173,1
4174,2
4175,2
4176,2
4177,2
4178,1
4179,4
4180,3
4181,4
4182,1
4183,2
4184,2
4185,4
4186,1
4187,2
4188,1
4189,4
4190,4
4191,3
4192,2
4193,2
4194,3
4195,4
4196,1
4197,3
4198,1
4199,4
4200,2
4201,4
4202,4
4203,4
4204,4
4205,1
4206,1
4207,1
4208,4
4209,1
4210,5
4211,3
4212,2
4213,2
4214,2
4215,2
4216,3
4217,2
4218,3
4219,6
4220,4
4221,2
4222,3
4223,1
4224,1
4225,2
4226,2
4227,2
4228,2
4229,1
4230,3
4231,1
4232,3
4233,2
4234,2
4235,1
4236,3
4237,3
4238,3
4239,1
4240,2
4241,1
4242,1
4243,4
4244,3
4245,3
4246,1
4247,2
4248,1
4249,2
4250,1
4251,3
4252,3
4253,2
4254,1
4255,2
4256,1
4257,2
4258,1
4259,2
4260,3
4261,2
4262,5
4263,2
4264,1
4265,3
4266,5
4267,1
4268,2
4269,3
4270,3
4271,2
4272,2
4273,2
4274,1
4275,2
4276,5
4277,1
4278,1
4279,2
4280,4
4281,2
4282,7
4283,3
4284,1
4285,2
4286,3
4287,3
4288,2
4289,1
4290,2
4291,1
4292,3
4293,3
4294,1
4295,1
4296,3
4297,1
4298,1
4299,2
4300,4
4301,2
4302,3
4303,2
4304,5
4305,2
4306,1
4307,4
4308,4
4309,2
4310,5
4311,2
4312,8
4313,6
4314,2
4315,1
4316,2
4317,1
4318,2
4319,2
4320,1
4321,4
4322,1
4323,1
4324,2
4325,3
4326,7
4327,5
4328,5
4329,5
4330,2
4331,3
4332,2
4333,4
4334,3
4335,3
4336,2
4337,3
4338,2
4339,2
4340,2
4341,5
4342,1
4343,1
4344,2
4345,1
4346,1
4347,1
4348,3
4349,1
4350,4
4351,1
4352,2
4353,2
4354,3
4355,5
4356,1
4357,1
4358,3
4359,2
4360,1
4361,3
4362,2
4363,3
4364,3
4365,3
4366,4
4367,4
4368,1
4369,2
4370,2
4371,1
4372,3
4373,3
4374,3
4375,5
4376,1
4377,2
4378,1
4379,1
4380,1
4381,3
4382,3
4383,2
4384,2
4385,3
4386,2
4387,2
4388,3
4389,2
4390,3
4391,3
4392,1
4393,3
4394,2
4395,3
4396,2
4397,3
4398,1
4399,4
4400,4
4401,2
4402,1
4403,6
4404,4
4405,4
4406,4
4407,1
4408,2
4409,3
4410,5
4411,3
4412,2
4413,7
4414,3
4415,3
4416,1
4417,1
4418,3
4419,2
4420,1
4421,1
4422,1
4423,1
4424,3
4425,2
4426,1
4427,3
4428,2
4429,1
4430,2
4431,1
4432,2
4433,1
4434,1
4435,1
4436,2
4437,1
4438,2
4439,2
4440,2
4441,1
4442,3
4443,2
4444,4
4445,2
4446,3
4447,5
4448,1
4449,1
4450,1
4451,1
4452,3
4453,3
4454,4
4455,1
4456,3
4457,2
4458,2
4459,5
4460,3
4461,1
4462,2
4463,3
4464,1
4465,3
4466,2
4467,5
4468,1
4469,1
4470,2
4471,4
4472,2
4473,2
4474,3
4475,1
4476,1
4477,4
4478,2
4479,2
4480,2
4481,3
4482,3
4483,3
4484,2
4485,4
4486,3
4487,2
4488,2
4489,1
4490,3
4491,1
4492,3
4493,4
4494,2
4495,3
4496,1
4497,5
4498,1
4499,1
4500,3
4501,1
4502,4
4503,5
4504,2
4505,2
4506,2
4507,3
4508,1
4509,1
4510,3
4511,2
4512,2
4513,1
4514,3
4515,1
4516,4
4517,3
4518,2
4519,5
4520,2
4521,6
4522,1
4523,3
4524,6
4525,8
4526,3
4527,2
4528,1
4529,3
4530,3
4531,1
4532,3
4533,3
4534,1
4535,2
4536,2
4537,1
4538,2
4539,2
4540,3
4541,2
4542,3
4543,1
4544,1
4545,2
4546,2
4547,1
4548,2
4549,1
4550,1
4551,1
4552,3
4553,1
4554,3
4555,3
4556,4
4557,1
4558,1
4559,2
4560,1
4561,2
4562,4
4563,1
4564,1
4565,1
4566,1
4567,4
4568,1
4569,3
4570,2
4571,1
4572,6
4573,1
4574,2
4575,3
4576,2
4577,2
4578,3
4579,2
4580,3
4581,2
4582,1
4583,4
4584,4
4585,2
4586,2
4587,2
4588,7
4589,1
4590,2
4591,2
4592,1
4593,5
4594,2
4595,5
4596,3
4597,2
4598,1
4599,1
4600,2
4601,5
4602,2
4603,2
4604,4
4605,3
4606,3
4607,1
4608,1
4609,1
4610,2
4611,3
4612,1
4613,3
4614,3
4615,1
4616,2
4617,2
4618,1
4619,2
4620,1
4621,4
4622,2
4623,3
4624,3
4625,2
4626,1
4627,4
4628,2
4629,2
4630,2
4631,4
4632,3
4633,2
4634,2
4635,3
4636,3
4637,6
4638,2
4639,3
4640,1
4641,2
4642,2
4643,4
4644,1
4645,1
4646,3
4647,6
4648,2
4649,1
4650,3
4651,2
4652,3
4653,2
4654,3
4655,2
4656,1
4657,1
4658,5
4659,1
4660,4
4661,2
4662,4
4663,2
4664,4
4665,1
4666,4
4667,4
4668,1
4669,5
4670,1
4671,5
4672,2
4673,4
4674,4
4675,2
4676,2
4677,4
4678,2
4679,2
4680,1
4681,2
4682,4
4683,2
4684,1
4685,1
4686,2
4687,2
4688,3
4689,3
4690,2
4691,3
4692,1
4693,5
4694,3
4695,5
4696,2
4697,2
4698,1
4699,5
4700,2
4701,6
4702,1
4703,3
4704,2
4705,1
4706,7
4707,3
4708,4
4709,2
4710,6
4711,1
4712,2
4713,4
4714,2
4715,2
4716,2
4717,2
4718,2
4719,1
4720,3
4721,2
4722,4
4723,5
4724,4
4725,1
4726,3
4727,1
4728,1
4729,3
4730,3
4731,3
4732,1
4733,2
4734,3
4735,1
4736,1
4737,3
4738,1
4739,2
4740,3
4741,1
4742,1
4743,5
4744,3
4745,1
4746,3
4747,2
4748,1
4749,2
4750,2
4751,2
4752,1
4753,1
4754,2
4755,4
4756,2
4757,4
4758,1
4759,3
4760,2
4761,2
4762,2
4763,1
4764,1
4765,1
4766,1
4767,2
4768,2
4769,3
4770,4
4771,1
4772,3
4773,2
4774,2
4775,3
4776,5
4777,3
4778,3
4779,2
4780,4
4781,7
4782,1
4783,3
4784,2
4785,1
4786,2
4787,2
4788,1
4789,2
4790,3
4791,3
4792,2
4793,3
4794,1
4795,1
4796,1
4797,5
4798,4
4799,2
4800,4
4801,4
4802,1
4803,5
4804,4
4805,1
4806,2
4807,3
4808,3
4809,2
4810,1
4811,3
4812,2
4813,3
4814,3
4815,1
4816,4
4817,1
4818,3
4819,2
4820,3
4821,3
4822,2
4823,1
4824,4
4825,2
4826,1
4827,2
4828,2
4829,1
4830,2
4831,2
4832,4
4833,3
4834,1
4835,1
4836,2
4837,4
4838,2
4839,5
4840,5
4841,2
4842,1
4843,3
4844,3
4845,2
4846,1
4847,2
4848,1
4849,2
4850,2
4851,2
4852,1
4853,4
4854,5
4855,5
4856,1
4857,2
4858,2
4859,5
4860,2
4861,3
4862,2
4863,1
4864,2
4865,4
4866,4
4867,5
4868,1
4869,2
4870,2
4871,5
4872,2
4873,3
4874,2
4875,1
4876,2
4877,3
4878,5
4879,1
4880,3
4881,2
4882,1
4883,1
4884,1
4885,1
4886,2
4887,2
4888,2
4889,2
4890,5
4891,2
4892,4
4893,3
4894,2
4895,2
4896,2
4897,3
4898,1
4899,3
4900,4
4901,3
4902,4
4903,3
4904,2
4905,6
4906,1
4907,1
4908,2
4909,4
4910,2
4911,1
4912,2
4913,3
4914,4
4915,3
4916,2
4917,1
4918,2
4919,2
4920,3
4921,3
4922,2
4923,1
4924,4
4925,2
4926,2
4927,1
4928,3
4929,1
4930,3
4931,3
4932,2
4933,1
4934,3
4935,2
4936,5
4937,3
4938,3
4939,3
4940,4
4941,4
4942,4
4943,1
4944,2
4945,2
4946,5
4947,1
4948,2
4949,2
4950,1
4951,1
4952,3
4953,3
4954,3
4955,1
4956,6
4957,2
4958,2
4959,2
4960,3
4961,2
4962,3
4963,3
4964,2
4965,1
4966,4
4967,2
4968,3
4969,3
4970,5
4971,1
4972,5
4973,3
4974,1
4975,5
4976,3
4977,2
4978,1
4979,3
4980,2
4981,2
4982,4
4983,4
4984,4
4985,3
4986,3
4987,4
4988,3
4989,2
4990,4
4991,1
4992,3
4993,3
4994,2
4995,1
4996,2
4997,8
4998,4
4999,1
5000,1
5001,1
5002,4
5003,2
5004,1
5005,2
5006,3
5007,2
5008,3
5009,4
5010,5
5011,1
5012,2
5013,1
5014,2
5015,3
5016,3
5017,3
5018,2
5019,4
5020,3
5021,3
5022,1
5023,1
5024,2
5025,4
5026,3
5027,1
5028,5
5029,2
5030,4
5031,1
5032,3
5033,2
5034,3
5035,4
5036,2
5037,2
5038,1
5039,3
5040,2
5041,3
5042,2
5043,2
5044,3
5045,4
5046,6
5047,2
5048,2
5049,4
5050,2
5051,2
5052,2
5053,2
5054,2
5055,5
5056,3
5057,2
5058,2
5059,2
5060,3
5061,3
5062,1
5063,2
5064,2
5065,1
5066,2
5067,1
5068,3
5069,4
5070,1
5071,1
5072,6
5073,1
5074,1
5075,2
5076,1
5077,3
5078,4
5079,3
5080,6
5081,3
5082,5
5083,6
5084,4
5085,1
5086,5
5087,2
5088,3
5089,1
5090,4
5091,2
5092,2
5093,2
5094,1
5095,1
5096,3
5097,1
5098,1
5099,2
5100,5
5101,2
5102,3
5103,2
5104,4
5105,5
5106,2
5107,5
5108,2
5109,2
5110,1
5111,2
5112,1
5113,3
5114,3
5115,2
5116,2
5117,7
5118,3
5119,3
5120,2
5121,2
5122,4
5123,3
5124,2
5125,2
5126,2
5127,3
5128,2
5129,2
5130,2
5131,4
5132,2
5133,4
5134,1
5135,1
5136,2
5137,5
5138,1
5139,1
5140,2
5141,2
5142,3
5143,1
5144,3
5145,2
5146,2
5147,2
5148,3
5149,4
5150,1
5151,2
5152,1
5153,4
5154,1
5155,5
5156,4
5157,3
5158,1
5159,4
5160,1
5161,2
5162,5
5163,5
5164,4
5165,4
5166,3
5167,4
5168,1
5169,3
5170,1
5171,2
5172,2
5173,3
5174,1
5175,1
5176,1
5177,2
5178,2
5179,1
5180,3
5181,3
5182,1
5183,2
5184,1
5185,2
5186,2
5187,1
5188,2
5189,2
5190,2
5191,2
5192,3
5193,2
5194,4
5195,1
5196,4
5197,3
5198,2
5199,1
5200,2
5201,2
5202,5
5203,2
5204,1
5205,4
5206,2
5207,2
5208,4
5209,5
5210,1
5211,4
5212,2
5213,1
5214,3
5215,3
5216,3
5217,3
5218,4
5219,2
5220,5
5221,1
5222,2
5223,1
5224,4
5225,2
5226,3
5227,3
5228,2
5229,2
5230,3
5231,2
5232,1
5233,1
5234,3
5235,1
5236,5
5237,2
5238,4
5239,1
5240,1
5241,3
5242,2
5243,5
5244,3
5245,3
5246,1
5247,1
5248,2
5249,2
5250,3
5251,3
5252,5
5253,3
5254,2
5255,1
5256,2
5257,2
5258,2
5259,2
5260,3
5261,2
5262,1
5263,2
5264,2
5265,1
5266,2
5267,1
5268,4
5269,1
5270,2
5271,2
5272,4
5273,1
5274,2
5275,4
5276,5
5277,3
5278,2
5279,2
5280,1
5281,1
5282,2
5283,5
5284,3
5285,2
5286,5
5287,1
5288,1
5289,1
5290,3
5291,2
5292,2
5293,5
5294,3
5295,2
5296,2
5297,4
5298,2
5299,5
5300,3
5301,3
5302,1
5303,1
5304,1
5305,1
5306,1
5307,3
5308,2
5309,4
5310,2
5311,3
5312,2
5313,2
5314,2
5315,2
5316,2
5317,3
5318,3
5319,1
5320,2
5321,2
5322,3
5323,1
5324,2
5325,1
5326,2
5327,3
5328,2
5329,3
5330,4
5331,7
5332,5
5333,1
5334,2
5335,5
5336,4
5337,2
5338,3
5339,2
5340,3
5341,2
5342,3
5343,5
5344,1
5345,2
5346,3
5347,1
5348,2
5349,5
5350,5
5351,1
5352,7
5353,1
5354,2
5355,2
5356,2
5357,2
5358,1
5359,2
5360,3
5361,3
5362,5
5363,1
5364,4
5365,2
5366,4
5367,2
5368,3
5369,2
5370,2
5371,4
5372,1
5373,2
5374,3
5375,2
5376,1
5377,5
5378,1
5379,5
5380,3
5381,1
5382,4
5383,2
5384,3
5385,3
5386,2
5387,1
5388,2
5389,1
5390,3
5391,2
5392,3
5393,3
5394,1
5395,2
5396,2
5397,1
5398,2
5399,1
5400,1
5401,1
5402,1
5403,2
5404,2
5405,4
5406,3
5407,2
5408,1
5409,4
5410,2
5411,3
5412,3
5413,1
5414,3
5415,1
5416,3
5417,2
5418,2
5419,1
5420,1
5421,2
5422,1
5423,7
5424,4
5425,1
5426,2
5427,2
5428,3
5429,3
5430,2
5431,4
5432,1
5433,4
5434,2
5435,2
5436,3
5437,3
5438,1
5439,2
5440,1
5441,2
5442,3
5443,4
5444,2
5445,3
5446,2
5447,6
5448,4
5449,1
5450,4
5451,3
5452,3
5453,1
5454,1
5455,3
5456,1
5457,2
5458,2
5459,1
5460,3
5461,3
5462,7
5463,3
5464,2
5465,3
5466,1
5467,5
5468,4
5469,3
5470,2
5471,3
5472,3
5473,3
5474,2
5475,2
5476,2
5477,2
5478,2
5479,1
5480,1
5481,2
5482,3
5483,3
5484,3
5485,4
5486,2
5487,2
5488,1
5489,5
5490,1
5491,2
5492,3
5493,3
5494,2
5495,2
5496,2
5497,2
5498,3
5499,3
5500,2
5501,1
5502,3
5503,4
5504,2
5505,2
5506,6
5507,2
5508,4
5509,5
5510,2
5511,4
5512,4
5513,2
5514,1
5515,3
5516,1
5517,4
5518,1
5519,3
5520,2
5521,2
5522,1
5523,4
5524,2
5525,3
5526,3
5527,2
5528,2
5529,4
5530,1
5531,5
5532,2
5533,3
5534,3
5535,5
5536,3
5537,3
5538,3
5539,2
5540,3
5541,8
5542,4
5543,3
5544,2
5545,2
5546,3
5547,1
5548,1
5549,1
5550,3
5551,3
5552,4
5553,2
5554,5
5555,3
5556,4
5557,2
5558,6
5559,4
5560,5
5561,4
5562,2
5563,3
5564,3
5565,4
5566,2
5567,2
5568,1
5569,2
5570,4
5571,1
5572,4
5573,2
5574,2
5575,3
5576,1
5577,4
5578,4
5579,2
5580,3
5581,3
5582,2
5583,1
5584,3
5585,2
5586,3
5587,5
5588,1
5589,4
5590,1
5591,3
5592,2
5593,3
5594,4
5595,1
5596,1
5597,2
5598,3
5599,2
5600,2
5601,3
5602,1
5603,2
5604,2
5605,3
5606,1
5607,4
5608,2
5609,3
5610,2
5611,1
5612,6
5613,2
5614,4
5615,2
5616,1
5617,1
5618,5
5619,1
5620,2
5621,2
5622,3
5623,2
5624,1
5625,1
5626,1
5627,4
5628,3
5629,1
5630,2
5631,3
5632,2
5633,3
5634,3
5635,4
5636,5
5637,2
5638,2
5639,2
5640,3
5641,3
5642,2
5643,3
5644,2
5645,1
5646,2
5647,2
5648,1
5649,3
5650,1
5651,3
5652,1
5653,1
5654,2
5655,3
5656,3
5657,2
5658,1
5659,3
5660,2
5661,1
5662,5
5663,2
5664,1
5665,3
5666,4
5667,1
5668,3
5669,2
5670,1
5671,6
5672,5
5673,2
5674,1
5675,1
5676,2
5677,2
5678,6
5679,2
5680,3
5681,5
5682,4
5683,2
5684,1
5685,4
5686,4
5687,5
5688,2
5689,3
5690,3
5691,1
5692,2
5693,1
5694,4
5695,4
5696,3
5697,1
5698,3
5699,3
5700,1
5701,4
5702,3
5703,3
5704,4
5705,2
5706,1
5707,3
5708,5
5709,1
5710,3
5711,3
5712,3
5713,3
5714,1
5715,6
5716,3
5717,1
5718,3
5719,3
5720,4
5721,2
5722,3
5723,3
5724,4
5725,2
5726,3
5727,4
5728,1
5729,4
5730,2
5731,2
5732,2
5733,2
5734,1
5735,1
5736,1
5737,1
5738,3
5739,1
5740,1
5741,2
5742,5
5743,3
5744,2
5745,1
5746,3
5747,2
5748,6
5749,3
5750,2
5751,2
5752,3
5753,2
5754,1
5755,2
5756,1
5757,4
5758,2
5759,2
5760,3
5761,2
5762,3
5763,1
5764,4
5765,1
5766,1
5767,2
5768,2
5769,5
5770,2
5771,2
5772,3
5773,2
5774,2
5775,1
5776,1
5777,3
5778,3
5779,2
5780,2
5781,2
5782,1
5783,1
5784,2
5785,2
5786,1
5787,2
5788,2
5789,2
5790,2
5791,2
5792,6
5793,3
5794,2
5795,2
5796,3
5797,1
5798,2
5799,4
5800,4
5801,2
5802,4
5803,1
5804,2
5805,3
5806,5
5807,3
5808,3
5809,4
5810,3
5811,5
5812,2
5813,1
5814,1
5815,2
5816,2
5817,2
5818,2
5819,2
5820,2
5821,2
5822,1
5823,3
5824,3
5825,1
5826,2
5827,4
5828,1
5829,1
5830,2
5831,4
5832,2
5833,3
5834,1
5835,4
5836,2
5837,1
5838,1
5839,3
5840,2
5841,4
5842,1
5843,4
5844,1
5845,3
5846,2
5847,3
5848,2
5849,3
5850,1
5851,3
5852,2
5853,4
5854,1
5855,1
5856,3
5857,4
5858,3
5859,1
5860,5
5861,2
5862,1
5863,1
5864,1
5865,3
5866,2
5867,2
5868,2
5869,1
5870,5
5871,5
5872,5
5873,4
5874,2
5875,2
5876,4
5877,2
5878,2
5879,5
5880,3
5881,3
5882,1
5883,4
5884,2
5885,2
5886,4
5887,3
5888,4
5889,1
5890,4
5891,4
5892,5
5893,2
5894,3
5895,1
5896,6
5897,1
5898,5
5899,1
5900,2
5901,1
5902,3
5903,3
5904,3
5905,2
5906,4
5907,2
5908,1
5909,2
5910,1
5911,6
5912,2
5913,2
5914,3
5915,5
5916,3
5917,1
5918,3
5919,3
5920,1
5921,2
5922,4
5923,1
5924,3
5925,2
5926,7
5927,2
5928,3
5929,1
5930,2
5931,2
5932,4
5933,3
5934,1
5935,1
5936,1
5937,1
5938,3
5939,1
5940,3
5941,1
5942,1
5943,5
5944,3
5945,2
5946,1
5947,1
5948,1
5949,2
5950,4
5951,1
5952,2
5953,2
5954,1
5955,1
5956,1
5957,1
5958,5
5959,6
5960,3
5961,1
5962,2
5963,2
5964,1
5965,4
5966,1
5967,1
5968,1
5969,3
5970,1
5971,3
5972,2
5973,3
5974,2
5975,6
5976,1
5977,2
5978,3
5979,2
5980,1
5981,2
5982,3
5983,2
5984,1
5985,1
5986,2
5987,4
5988,2
5989,1
5990,3
5991,7
5992,2
5993,4
5994,1
5995,2
5996,1
5997,1
5998,3
5999,2
6000,3
6001,3
6002,4
6003,5
6004,1
6005,1
6006,3
6007,4
6008,5
6009,5
6010,3
6011,4
6012,2
6013,1
6014,1
6015,4
6016,1
6017,4
6018,2
6019,1
6020,4
6021,1
6022,2
6023,1
6024,4
6025,2
6026,4
6027,1
6028,5
6029,2
6030,3
6031,1
6032,2
6033,4
6034,5
6035,3
6036,1
6037,3
6038,2
6039,2
6040,3
6041,1
6042,2
6043,2
6044,2
6045,2
6046,1
6047,1
6048,2
6049,1
6050,2
6051,4
6052,3
6053,1
6054,3
6055,4
6056,1
6057,1
6058,2
6059,3
6060,2
6061,2
6062,2
6063,2
6064,1
6065,2
6066,5
6067,2
6068,1
6069,2
6070,1
6071,1
6072,1
6073,1
6074,1
6075,3
6076,1
6077,3
6078,1
6079,2
6080,4
6081,4
6082,3
6083,6
6084,2
6085,3
6086,5
6087,3
6088,2
6089,1
6090,3
6091,3
6092,2
6093,1
6094,2
6095,3
6096,2
6097,4
6098,4
6099,4
6100,6
6101,2
6102,1
6103,3
6104,1
6105,1
6106,3
6107,1
6108,4
6109,5
6110,1
6111,2
6112,2
6113,3
6114,1
6115,2
6116,3
6117,2
6118,2
6119,3
6120,2
6121,2
6122,4
6123,4
6124,2
6125,2
6126,3
6127,1
6128,5
6129,4
6130,4
6131,3
6132,4
6133,5
6134,1
6135,2
6136,1
6137,3
6138,1
6139,1
6140,1
6141,2
6142,4
6143,6
6144,1
6145,5
6146,3
6147,4
6148,1
6149,1
6150,2
6151,4
6152,1
6153,3
6154,2
6155,1
6156,2
6157,2
6158,1
6159,4
6160,3
6161,5
6162,2
6163,2
6164,2
6165,5
6166,2
6167,4
6168,4
6169,2
6170,1
6171,1
6172,4
6173,5
6174,1
6175,2
6176,3
6177,2
6178,5
6179,2
6180,5
6181,5
6182,6
6183,2
6184,2
6185,2
6186,1
6187,2
6188,1
6189,1
6190,4
6191,2
6192,2
6193,2
6194,1
6195,2
6196,2
6197,4
6198,1
6199,4
6200,1
6201,6
6202,2
6203,5
6204,1
6205,3
6206,1
6207,3
6208,2
6209,3
6210,3
6211,4
6212,4
6213,1
6214,1
6215,2
6216,3
6217,1
6218,4
6219,1
6220,1
6221,4
6222,3
6223,2
6224,4
6225,4
6226,4
6227,1
6228,3
6229,7
6230,5
6231,2
6232,2
6233,2
6234,2
6235,2
6236,3
6237,3
6238,2
6239,5
6240,5
6241,3
6242,4
6243,4
6244,7
6245,2
6246,3
6247,1
6248,1
6249,1
6250,2
6251,2
6252,1
6253,2
6254,1
6255,5
6256,2
6257,4
6258,2
6259,4
6260,2
6261,1
6262,2
6263,1
6264,4
6265,5
6266,5
6267,3
6268,3
6269,3
6270,3
6271,4
6272,2
6273,2
6274,2
6275,6
6276,2
6277,1
6278,4
6279,3
6280,4
6281,5
6282,2
6283,8
6284,4
6285,4
6286,3
6287,5
6288,2
6289,3
6290,2
6291,2
6292,2
6293,4
6294,4
6295,4
6296,3
6297,3
6298,1
6299,3
6300,3
6301,1
6302,4
6303,2
6304,3
6305,3
6306,1
6307,2
6308,4
6309,1
6310,4
6311,2
6312,4
6313,5
6314,3
6315,2
6316,1
6317,2
6318,4
6319,5
6320,1
6321,1
6322,1
6323,2
6324,2
6325,3
6326,2
6327,4
6328,2
6329,2
6330,2
6331,1
6332,1
6333,2
6334,4
6335,3
6336,1
6337,2
6338,1
6339,4
6340,2
6341,3
6342,1
6343,1
6344,1
6345,1
6346,3
6347,3
6348,1
6349,2
6350,8
6351,1
6352,3
6353,4
6354,2
6355,3
6356,2
6357,4
6358,1
6359,3
6360,2
6361,2
6362,1
6363,5
6364,1
6365,2
6366,4
6367,1
6368,4
6369,1
6370,1
6371,3
6372,3
6373,3
6374,3
6375,3
6376,1
6377,1
6378,2
6379,2
6380,3
6381,2
6382,5
6383,2
6384,3
6385,3
6386,2
6387,3
6388,2
6389,4
6390,2
6391,1
6392,3
6393,2
6394,3
6395,3
6396,1
6397,1
6398,3
6399,1
6400,3
6401,3
6402,2
6403,3
6404,1
6405,2
6406,6
6407,2
6408,2
6409,2
6410,3
6411,2
6412,3
6413,3
6414,2
6415,2
6416,3
6417,3
6418,2
6419,2
6420,4
6421,1
6422,2
6423,1
6424,2
6425,2
6426,2
6427,2
6428,2
6429,1
6430,3
6431,1
6432,2
6433,2
6434,2
6435,2
6436,4
6437,2
6438,2
6439,3
6440,5
6441,2
6442,4
6443,1
6444,2
6445,4
6446,3
6447,4
6448,2
6449,3
6450,4
6451,3
6452,3
6453,1
6454,3
6455,3
6456,1
6457,4
6458,2
6459,1
6460,2
6461,3
6462,1
6463,2
6464,2
6465,1
6466,3
6467,2
6468,3
6469,4
6470,5
6471,3
6472,2
6473,1
6474,4
6475,2
6476,3
6477,2
6478,4
6479,2
6480,4
6481,1
6482,7
6483,1
6484,2
6485,3
6486,6
6487,2
6488,3
6489,3
6490,1
6491,3
6492,3
6493,1
6494,1
6495,2
6496,5
6497,2
6498,5
6499,2
6500,2
6501,2
6502,1
6503,1
6504,1
6505,3
6506,2
6507,4
6508,3
6509,1
6510,3
6511,3
6512,2
6513,1
6514,3
6515,3
6516,2
6517,3
6518,2
6519,3
6520,2
6521,1
6522,3
6523,4
6524,1
6525,2
6526,2
6527,2
6528,1
6529,4
6530,2
6531,2
6532,2
6533,3
6534,6
6535,2
6536,3
6537,3
6538,1
6539,3
6540,2
6541,2
6542,2
6543,6
6544,1
6545,4
6546,2
6547,6
6548,1
6549,2
6550,1
6551,2
6552,3
6553,3
6554,1
6555,2
6556,3
6557,2
6558,3
6559,1
6560,5
6561,2
6562,4
6563,2
6564,1
6565,2
6566,2
6567,2
6568,3
6569,2
6570,6
6571,1
6572,2
6573,1
6574,2
6575,1
6576,2
6577,2
6578,1
6579,3
6580,3
6581,3
6582,1
6583,5
6584,3
6585,2
6586,2
6587,1
6588,2
6589,3
6590,3
6591,1
6592,1
6593,4
6594,2
6595,1
6596,1
6597,2
6598,2
6599,2
6600,1
6601,5
6602,1
6603,1
6604,3
6605,1
6606,1
6607,4
6608,3
6609,2
6610,2
6611,1
6612,2
6613,6
6614,1
6615,1
6616,1
6617,1
6618,1
6619,3
6620,1
6621,3
6622,3
6623,3
6624,2
6625,2
6626,1
6627,3
6628,2
6629,1
6630,1
6631,1
6632,2
6633,2
6634,2
6635,3
6636,4
6637,3
6638,1
6639,2
6640,4
6641,2
6642,2
6643,6
6644,5
6645,3
6646,2
6647,4
6648,1
6649,1
6650,3
6651,1
6652,4
6653,2
6654,4
6655,2
6656,3
6657,2
6658,4
6659,3
6660,2
6661,3
6662,4
6663,2
6664,2
6665,1
6666,4
6667,2
6668,3
6669,2
6670,2
6671,2
6672,1
6673,2
6674,1
6675,3
6676,2
6677,1
6678,2
6679,1
6680,2
6681,1
6682,4
6683,1
6684,3
6685,1
6686,3
6687,2
6688,3
6689,5
6690,6
6691,4
6692,4
6693,6
6694,2
6695,4
6696,1
6697,3
6698,3
6699,1
6700,2
6701,1
6702,3
6703,2
6704,2
6705,1
6706,4
6707,2
6708,2
6709,3
6710,2
6711,3
6712,1
6713,5
6714,1
6715,2
6716,1
6717,2
6718,4
6719,3
6720,5
6721,3
6722,5
6723,2
6724,1
6725,3
6726,1
6727,1
6728,3
6729,3
6730,3
6731,2
6732,1
6733,4
6734,2
6735,3
6736,4
6737,1
6738,1
6739,1
6740,2
6741,3
6742,2
6743,2
6744,3
6745,2
6746,2
6747,3
6748,3
6749,4
6750,4
6751,2
6752,1
6753,4
6754,1
6755,1
6756,2
6757,3
6758,3
6759,4
6760,2
6761,2
6762,2
6763,2
6764,1
6765,1
6766,1
6767,5
6768,1
6769,2
6770,3
6771,1
6772,1
6773,1
6774,2
6775,5
6776,3
6777,2
6778,3
6779,1
6780,2
6781,1
6782,1
6783,4
6784,6
6785,4
6786,3
6787,3
6788,2
6789,3
6790,3
6791,2
6792,5
6793,3
6794,4
6795,2
6796,4
6797,1
6798,2
6799,2
6800,3
6801,1
6802,4
6803,5
6804,1
6805,1
6806,4
6807,3
6808,2
6809,6
6810,1
6811,2
6812,1
6813,2
6814,2
6815,2
6816,3
6817,1
6818,3
6819,1
6820,6
6821,3
6822,6
6823,2
6824,1
6825,1
6826,4
6827,4
6828,1
6829,3
6830,3
6831,4
6832,3
6833,5
6834,4
6835,1
6836,3
6837,3
6838,2
6839,4
6840,1
6841,5
6842,2
6843,2
6844,1
6845,2
6846,7
6847,2
6848,2
6849,3
6850,4
6851,2
6852,2
6853,1
6854,3
6855,1
6856,4
6857,1
6858,1
6859,3
6860,3
6861,1
6862,4
6863,1
6864,2
6865,7
6866,5
6867,5
6868,1
6869,3
6870,2
6871,2
6872,3
6873,1
6874,1
6875,3
6876,1
6877,1
6878,1
6879,5
6880,1
6881,2
6882,1
6883,6
6884,1
6885,3
6886,4
6887,2
6888,3
6889,1
6890,4
6891,4
6892,2
6893,5
6894,1
6895,4
6896,1
6897,2
6898,2
6899,2
6900,4
6901,5
6902,2
6903,4
6904,4
6905,2
6906,4
6907,1
6908,4
6909,1
6910,2
6911,2
6912,4
6913,2
6914,1
6915,1
6916,4
6917,2
6918,3
6919,1
6920,1
6921,3
6922,4
6923,2
6924,5
6925,2
6926,1
6927,1
6928,1
6929,2
6930,3
6931,3
6932,4
6933,3
6934,1
6935,3
6936,1
6937,1
6938,1
6939,3
6940,1
6941,2
6942,4
6943,2
6944,2
6945,3
6946,1
6947,4
6948,6
6949,1
6950,2
6951,3
6952,4
6953,1
6954,4
6955,2
6956,3
6957,1
6958,3
6959,5
6960,2
6961,1
6962,2
6963,1
6964,4
6965,4
6966,2
6967,2
6968,3
6969,3
6970,1
6971,1
6972,2
6973,1
6974,2
6975,3
6976,3
6977,2
6978,4
6979,3
6980,1
6981,7
6982,1
6983,1
6984,2
6985,2
6986,6
6987,2
6988,1
6989,3
6990,1
6991,3
6992,3
6993,5
6994,2
6995,3
6996,7
6997,2
6998,1
6999,3
7000,2
7001,2
7002,6
7003,4
7004,3
7005,5
7006,5
7007,3
7008,2
7009,1
7010,4
7011,3
7012,2
7013,3
7014,3
7015,5
7016,3
7017,1
7018,1
7019,4
7020,4
7021,4
7022,1
7023,3
7024,2
7025,1
7026,2
7027,4
7028,6
7029,5
7030,1
7031,2
7032,2
7033,2
7034,4
7035,4
7036,1
7037,3
7038,1
7039,3
7040,3
7041,4
7042,2
7043,2
7044,1
7045,1
7046,2
7047,3
7048,2
7049,2
7050,3
7051,2
7052,2
7053,2
7054,4
7055,2
7056,2
7057,4
7058,2
7059,1
7060,2
7061,2
7062,1
7063,3
7064,4
7065,3
7066,3
7067,1
7068,3
7069,2
7070,2
7071,4
7072,3
7073,1
7074,1
7075,3
7076,3
7077,2
7078,1
7079,2
7080,4
7081,3
7082,1
7083,4
7084,4
7085,1
7086,2
7087,2
7088,4
7089,1
7090,1
7091,2
7092,3
7093,3
7094,4
7095,2
7096,4
7097,2
7098,7
7099,1
7100,2
7101,2
7102,3
7103,2
7104,1
7105,3
7106,3
7107,4
7108,3
7109,5
7110,4
7111,3
7112,2
7113,2
7114,3
7115,4
7116,3
7117,4
7118,4
7119,1
7120,2
7121,2
7122,5
7123,2
7124,3
7125,3
7126,3
7127,2
7128,1
7129,2
7130,2
7131,2
7132,4
7133,1
7134,1
7135,2
7136,2
7137,4
7138,2
7139,1
7140,3
7141,3
7142,3
7143,3
7144,2
7145,2
7146,3
7147,3
7148,1
7149,3
7150,2
7151,3
7152,1
7153,1
7154,1
7155,4
7156,2
7157,4
7158,2
7159,5
7160,2
7161,4
7162,1
7163,2
7164,4
7165,1
7166,4
7167,3
7168,3
7169,2
7170,1
7171,3
7172,1
7173,5
7174,5
7175,6
7176,3
7177,3
7178,2
7179,3
7180,1
7181,3
7182,3
7183,1
7184,2
7185,6
7186,3
7187,1
7188,3
7189,1
7190,3
7191,2
7192,2
7193,3
7194,2
7195,4
7196,6
7197,1
7198,2
7199,3
7200,3
7201,1
7202,1
7203,2
7204,2
7205,3
7206,3
7207,1
7208,3
7209,1
7210,4
7211,4
7212,2
7213,1
7214,5
7215,3
7216,1
7217,4
7218,5
7219,1
7220,3
7221,2
7222,3
7223,1
7224,1
7225,4
7226,3
7227,4
7228,3
7229,1
7230,2
7231,1
7232,1
7233,4
7234,1
7235,1
7236,2
7237,1
7238,2
7239,4
7240,2
7241,2
7242,2
7243,2
7244,4
7245,1
7246,4
7247,7
7248,2
7249,3
7250,3
7251,3
7252,2
7253,1
7254,1
7255,3
7256,3
7257,1
7258,2
7259,1
7260,3
7261,3
7262,1
7263,1
7264,2
7265,1
7266,5
7267,1
7268,3
7269,4
7270,1
7271,1
7272,3
7273,4
7274,4
7275,5
7276,4
7277,3
7278,1
7279,4
7280,1
7281,2
7282,3
7283,3
7284,2
7285,1
7286,4
7287,2
7288,4
7289,1
7290,2
7291,3
7292,4
7293,3
7294,3
7295,2
7296,5
7297,5
7298,2
7299,3
7300,1
7301,2
7302,1
7303,4
7304,1
7305,2
7306,1
7307,1
7308,2
7309,2
7310,2
7311,3
7312,3
7313,4
7314,2
7315,1
7316,5
7317,1
7318,3
7319,2
7320,3
7321,5
7322,2
7323,3
7324,1
7325,3
7326,2
7327,1
7328,2
7329,2
7330,1
7331,4
7332,2
7333,1
7334,2
7335,4
7336,1
7337,4
7338,2
7339,3
7340,2
7341,1
7342,1
7343,4
7344,4
7345,3
7346,1
7347,3
7348,3
7349,2
7350,2
7351,4
7352,1
7353,3
7354,1
7355,3
7356,1
7357,2
7358,4
7359,2
7360,2
7361,2
7362,2
7363,1
7364,3
7365,6
7366,4
7367,4
7368,2
7369,2
7370,2
7371,1
7372,4
7373,4
7374,4
7375,2
7376,3
7377,2
7378,3
7379,2
7380,2
7381,1
7382,3
7383,3
7384,5
7385,2
7386,3
7387,2
7388,2
7389,2
7390,1
7391,1
7392,3
7393,1
7394,2
7395,1
7396,2
7397,4
7398,2
7399,1
7400,3
7401,3
7402,2
7403,3
7404,2
7405,1
7406,2
7407,1
7408,1
7409,1
7410,1
7411,1
7412,4
7413,2
7414,2
7415,2
7416,2
7417,2
7418,2
7419,1
7420,1
7421,1
7422,1
7423,5
7424,1
7425,1
7426,2
7427,4
7428,8
7429,4
7430,5
7431,1
7432,1
7433,7
7434,2
7435,4
7436,1
7437,4
7438,6
7439,3
7440,1
7441,7
7442,1
7443,1
7444,1
7445,1
7446,3
7447,1
7448,2
7449,3
7450,2
7451,1
7452,2
7453,3
7454,2
7455,1
7456,3
7457,1
7458,2
7459,3
7460,1
7461,3
7462,3
7463,1
7464,2
7465,2
7466,2
7467,2
7468,3
7469,1
7470,3
7471,1
7472,1
7473,3
7474,4
7475,2
7476,2
7477,1
7478,5
7479,1
7480,2
7481,2
7482,2
7483,4
7484,1
7485,1
7486,5
7487,1
7488,5
7489,2
7490,3
7491,2
7492,2
7493,2
7494,3
7495,2
7496,2
7497,3
7498,3
7499,2
7500,1
7501,1
7502,4
7503,3
7504,1
7505,2
7506,1
7507,4
7508,2
7509,3
7510,4
7511,4
7512,1
7513,2
7514,3
7515,2
7516,4
7517,1
7518,1
7519,1
7520,4
7521,5
7522,1
7523,1
7524,2
7525,1
7526,2
7527,2
7528,2
7529,1
7530,3
7531,2
7532,4
7533,1
7534,2
7535,5
7536,1
7537,1
7538,1
7539,2
7540,3
7541,2
7542,1
7543,4
7544,2
7545,3
7546,4
7547,1
7548,3
7549,5
7550,1
7551,3
7552,2
7553,4
7554,2
7555,2
7556,5
7557,3
7558,2
7559,3
7560,2
7561,2
7562,1
7563,3
7564,2
7565,3
7566,2
7567,1
7568,2
7569,2
7570,1
7571,4
7572,5
7573,3
7574,5
7575,5
7576,3
7577,1
7578,3
7579,2
7580,3
7581,3
7582,2
7583,3
7584,1
7585,1
7586,1
7587,2
7588,2
7589,4
7590,2
7591,1
7592,3
7593,1
7594,2
7595,1
7596,2
7597,3
7598,2
7599,4
7600,4
7601,3
7602,1
7603,1
7604,3
7605,3
7606,5
7607,3
7608,2
7609,2
7610,2
7611,3
7612,3
7613,3
7614,1
7615,3
7616,3
7617,2
7618,2
7619,1
7620,1
7621,3
7622,5
7623,1
7624,1
7625,4
7626,6
7627,4
7628,1
7629,4
7630,1
7631,4
7632,6
7633,4
7634,2
7635,1
7636,1
7637,2
7638,3
7639,5
7640,3
7641,2
7642,1
7643,6
7644,1
7645,2
7646,2
7647,1
7648,2
7649,2
7650,2
7651,2
7652,1
7653,1
7654,2
7655,1
7656,3
7657,4
7658,1
7659,2
7660,4
7661,4
7662,1
7663,3
7664,2
7665,5
7666,1
7667,6
7668,5
7669,1
7670,3
7671,1
7672,2
7673,1
7674,3
7675,2
7676,1
7677,1
7678,3
7679,4
7680,2
7681,2
7682,4
7683,3
7684,1
7685,3
7686,5
7687,1
7688,3
7689,2
7690,3
7691,3
7692,3
7693,5
7694,2
7695,2
7696,2
7697,1
7698,2
7699,3
7700,2
7701,1
7702,2
7703,4
7704,1
7705,3
7706,2
7707,2
7708,3
7709,4
7710,1
7711,1
7712,2
7713,5
7714,1
7715,2
7716,1
7717,1
7718,1
7719,2
7720,4
7721,1
7722,2
7723,3
7724,2
7725,1
7726,1
7727,1
7728,1
7729,1
7730,5
7731,5
7732,1
7733,1
7734,3
7735,4
7736,5
7737,2
7738,4
7739,2
7740,1
7741,3
7742,2
7743,3
7744,4
7745,7
7746,7
7747,2
7748,3
7749,2
7750,6
7751,6
7752,3
7753,5
7754,1
7755,4
7756,1
7757,2
7758,1
7759,2
7760,5
7761,1
7762,1
7763,4
7764,3
7765,7
7766,3
7767,3
7768,3
7769,3
7770,2
7771,1
7772,2
7773,6
7774,3
7775,4
7776,3
7777,1
7778,2
7779,2
7780,2
7781,3
7782,4
7783,1
7784,1
7785,3
7786,2
7787,2
7788,1
7789,1
7790,3
7791,1
7792,3
7793,1
7794,3
7795,2
7796,1
7797,3
7798,1
7799,2
7800,2
7801,2
7802,6
7803,3
7804,4
7805,4
7806,4
7807,1
7808,7
7809,2
7810,2
7811,3
7812,3
7813,3
7814,1
7815,3
7816,3
7817,2
7818,3
7819,4
7820,2
7821,1
7822,3
7823,6
7824,3
7825,4
7826,1
7827,3
7828,1
7829,1
7830,3
7831,2
7832,1
7833,2
7834,2
7835,2
7836,1
7837,3
7838,2
7839,3
7840,3
7841,3
7842,2
7843,3
7844,1
7845,3
7846,2
7847,3
7848,3
7849,1
7850,3
7851,1
7852,5
7853,3
7854,1
7855,3
7856,2
7857,3
7858,3
7859,2
7860,4
7861,3
7862,3
7863,4
7864,1
7865,2
7866,2
7867,2
7868,1
7869,5
7870,3
7871,3
7872,4
7873,5
7874,2
7875,4
7876,3
7877,2
7878,1
7879,2
7880,3
7881,1
7882,2
7883,4
7884,4
7885,2
7886,1
7887,2
7888,3
7889,2
7890,1
7891,1
7892,2
7893,5
7894,2
7895,2
7896,1
7897,4
7898,2
7899,3
7900,2
7901,1
7902,2
7903,2
7904,2
7905,3
7906,2
7907,2
7908,2
7909,2
7910,1
7911,2
7912,1
7913,5
7914,1
7915,5
7916,1
7917,2
7918,3
7919,2
7920,4
7921,2
7922,2
7923,1
7924,1
7925,4
7926,3
7927,1
7928,4
7929,3
7930,1
7931,1
7932,4
7933,3
7934,2
7935,3
7936,2
7937,3
7938,2
7939,2
7940,2
7941,2
7942,4
7943,1
7944,2
7945,2
7946,1
7947,1
7948,1
7949,1
7950,7
7951,3
7952,2
7953,2
7954,2
7955,2
7956,1
7957,2
7958,2
7959,3
7960,1
7961,1
7962,2
7963,6
7964,4
7965,4
7966,2
7967,6
7968,5
7969,3
7970,2
7971,1
7972,2
7973,2
7974,4
7975,4
7976,4
7977,5
7978,2
7979,1
7980,1
7981,4
7982,3
7983,3
7984,3
7985,3
7986,4
7987,4
7988,1
7989,1
7990,2
7991,2
7992,4
7993,2
7994,3
7995,3
7996,3
7997,6
7998,3
7999,3
8000,3
8001,3
8002,1
8003,3
8004,1
8005,1
8006,1
8007,1
8008,1
8009,1
8010,3
8011,1
8012,2
8013,1
8014,4
8015,2
8016,2
8017,1
8018,2
8019,1
8020,1
8021,4
8022,4
8023,1
8024,3
8025,2
8026,5
8027,2
8028,1
8029,4
8030,4
8031,2
8032,2
8033,2
8034,3
8035,2
8036,4
8037,2
8038,2
8039,1
8040,4
8041,3
8042,4
8043,2
8044,1
8045,1
8046,2
8047,1
8048,2
8049,2
8050,1
8051,2
8052,1
8053,2
8054,3
8055,1
8056,2
8057,1
8058,3
8059,5
8060,1
8061,1
8062,3
8063,1
8064,4
8065,4
8066,3
8067,2
8068,5
8069,3
8070,3
8071,2
8072,1
8073,2
8074,4
8075,3
8076,2
8077,3
8078,2
8079,1
8080,3
8081,3
8082,2
8083,4
8084,3
8085,6
8086,4
8087,3
8088,3
8089,2
8090,4
8091,1
8092,1
8093,5
8094,1
8095,4
8096,1
8097,2
8098,1
8099,4
8100,2
8101,2
8102,3
8103,2
8104,2
8105,3
8106,3
8107,2
8108,4
8109,1
8110,6
8111,4
8112,1
8113,1
8114,3
8115,2
8116,2
8117,5
8118,1
8119,4
8120,1
8121,3
8122,3
8123,2
8124,2
8125,4
8126,1
8127,3
8128,5
8129,1
8130,8
8131,3
8132,1
8133,2
8134,2
8135,1
8136,1
8137,2
8138,3
8139,2
8140,2
8141,3
8142,2
8143,5
8144,4
8145,1
8146,4
8147,6
8148,1
8149,5
8150,5
8151,3
8152,5
8153,2
8154,2
8155,3
8156,2
8157,2
8158,1
8159,2
8160,2
8161,2
8162,1
8163,1
8164,3
8165,2
8166,2
8167,1
8168,2
8169,1
8170,3
8171,2
8172,1
8173,3
8174,3
8175,2
8176,3
8177,4
8178,2
8179,3
8180,3
8181,1
8182,1
8183,2
8184,1
8185,2
8186,1
8187,4
8188,1
8189,1
8190,2
8191,2
8192,1
8193,1
8194,1
8195,4
8196,3
8197,1
8198,2
8199,1
8200,1
8201,1
8202,2
8203,4
8204,1
8205,2
8206,1
8207,2
8208,1
8209,2
8210,5
8211,3
8212,1
8213,3
8214,2
8215,1
8216,1
8217,1
8218,3
8219,3
8220,1
8221,3
8222,4
8223,4
8224,6
8225,1
8226,2
8227,2
8228,2
8229,5
8230,1
8231,6
8232,2
8233,2
8234,1
8235,1
8236,3
8237,2
8238,4
8239,2
8240,1
8241,1
8242,5
8243,1
8244,1
8245,3
8246,2
8247,1
8248,2
8249,3
8250,3
8251,1
8252,4
8253,1
8254,6
8255,3
8256,3
8257,4
8258,3
8259,3
8260,1
8261,5
8262,2
8263,1
8264,1
8265,2
8266,1
8267,5
8268,2
8269,1
8270,2
8271,1
8272,1
8273,1
8274,1
8275,1
8276,5
8277,2
8278,2
8279,2
8280,2
8281,1
8282,4
8283,3
8284,4
8285,3
8286,1
8287,3
8288,2
8289,4
8290,2
8291,2
8292,3
8293,1
8294,4
8295,1
8296,3
8297,2
8298,3
8299,4
8300,7
8301,3
8302,2
8303,2
8304,2
8305,1
8306,3
8307,3
8308,2
8309,3
8310,2
8311,3
8312,6
8313,2
8314,1
8315,1
8316,1
8317,2
8318,1
8319,3
8320,5
8321,3
8322,2
8323,1
8324,3
8325,3
8326,1
8327,2
8328,5
8329,2
8330,4
8331,2
8332,1
8333,3
8334,1
8335,2
8336,2
8337,3
8338,3
8339,2
8340,3
8341,2
8342,3
8343,4
8344,2
8345,2
8346,5
8347,1
8348,2
8349,2
8350,1
8351,1
8352,4
8353,5
8354,3
8355,3
8356,3
8357,1
8358,2
8359,3
8360,1
8361,4
8362,1
8363,5
8364,3
8365,2
8366,3
8367,1
8368,4
8369,2
8370,2
8371,1
8372,2
8373,4
8374,4
8375,2
8376,1
8377,3
8378,3
8379,2
8380,4
8381,2
8382,2
8383,1
8384,4
8385,3
8386,4
8387,2
8388,5
8389,2
8390,2
8391,2
8392,3
8393,3
8394,2
8395,1
8396,3
8397,3
8398,3
8399,2
8400,1
8401,2
8402,2
8403,5
8404,3
8405,3
8406,1
8407,2
8408,1
8409,3
8410,2
8411,2
8412,4
8413,2
8414,1
8415,2
8416,2
8417,1
8418,6
8419,2
8420,4
8421,1
8422,1
8423,3
8424,5
8425,5
8426,1
8427,1
8428,1
8429,1
8430,6
8431,3
8432,2
8433,6
8434,1
8435,2
8436,1
8437,3
8438,2
8439,5
8440,2
8441,2
8442,1
8443,1
8444,2
8445,2
8446,5
8447,1
8448,1
8449,5
8450,3
8451,2
8452,2
8453,5
8454,2
8455,4
8456,3
8457,2
8458,2
8459,1
8460,3
8461,3
8462,1
8463,2
8464,1
8465,1
8466,3
8467,2
8468,1
8469,2
8470,3
8471,3
8472,3
8473,2
8474,3
8475,1
8476,1
8477,1
8478,1
8479,4
8480,3
8481,1
8482,2
8483,2
8484,4
8485,3
8486,1
8487,3
8488,2
8489,3
8490,2
8491,1
8492,4
8493,1
8494,3
8495,1
8496,5
8497,2
8498,1
8499,3
8500,5
8501,2
8502,5
8503,2
8504,1
8505,2
8506,1
8507,2
8508,2
8509,4
8510,4
8511,2
8512,1
8513,5
8514,1
8515,1
8516,3
8517,4
8518,3
8519,2
8520,4
8521,1
8522,4
8523,4
8524,2
8525,2
8526,3
8527,2
8528,1
8529,2
8530,1
8531,2
8532,2
8533,3
8534,2
8535,2
8536,2
8537,1
8538,2
8539,4
8540,4
8541,2
8542,1
8543,3
8544,4
8545,4
8546,3
8547,2
8548,3
8549,3
8550,4
8551,1
8552,2
8553,3
8554,1
8555,2
8556,1
8557,2
8558,2
8559,2
8560,3
8561,3
8562,3
8563,2
8564,4
8565,2
8566,3
8567,3
8568,1
8569,2
8570,3
8571,1
8572,2
8573,3
8574,2
8575,1
8576,2
8577,1
8578,2
8579,5
8580,4
8581,3
8582,2
8583,3
8584,1
8585,2
8586,2
8587,4
8588,3
8589,1
8590,1
8591,3
8592,2
8593,2
8594,2
8595,3
8596,1
8597,1
8598,1
8599,1
8600,3
8601,4
8602,2
8603,3
8604,4
8605,1
8606,2
8607,1
8608,2
8609,1
8610,1
8611,2
8612,3
8613,1
8614,1
8615,1
8616,4
8617,1
8618,2
8619,2
8620,3
8621,1
8622,5
8623,3
8624,3
8625,1
8626,1
8627,3
8628,3
8629,2
8630,3
8631,3
8632,1
8633,2
8634,5
8635,2
8636,3
8637,4
8638,1
8639,3
8640,3
8641,4
8642,3
8643,1
8644,1
8645,3
8646,4
8647,1
8648,4
8649,2
8650,2
8651,2
8652,3
8653,5
8654,3
8655,2
8656,4
8657,3
8658,1
8659,2
8660,1
8661,4
8662,3
8663,5
8664,3
8665,2
8666,1
8667,2
8668,3
8669,2
8670,1
8671,2
8672,1
8673,3
8674,2
8675,2
8676,3
8677,1
8678,1
8679,1
8680,4
8681,2
8682,3
8683,1
8684,3
8685,3
8686,3
8687,1
8688,2
8689,3
8690,2
8691,6
8692,3
8693,4
8694,4
8695,1
8696,1
8697,3
8698,3
8699,2
8700,3
8701,1
8702,1
8703,2
8704,2
8705,4
8706,3
8707,3
8708,4
8709,1
8710,1
8711,2
8712,1
8713,1
8714,3
8715,1
8716,2
8717,3
8718,3
8719,6
8720,2
8721,4
8722,1
8723,1
8724,4
8725,1
8726,1
8727,2
8728,1
8729,1
8730,1
8731,1
8732,1
8733,2
8734,3
8735,1
8736,4
8737,4
8738,2
8739,1
8740,2
8741,2
8742,2
8743,1
8744,1
8745,3
8746,2
8747,5
8748,1
8749,2
8750,2
8751,3
8752,1
8753,4
8754,3
8755,3
8756,5
8757,3
8758,5
8759,4
8760,3
8761,1
8762,6
8763,3
8764,3
8765,3
8766,2
8767,1
8768,2
8769,2
8770,2
8771,1
8772,3
8773,2
8774,10
8775,1
8776,2
8777,3
8778,2
8779,2
8780,2
8781,1
8782,2
8783,2
8784,3
8785,3
8786,1
8787,6
8788,3
8789,3
8790,2
8791,1
8792,5
8793,3
8794,1
8795,2
8796,1
8797,3
8798,3
8799,4
8800,2
8801,1
8802,1
8803,4
8804,3
8805,1
8806,3
8807,2
8808,5
8809,1
8810,1
8811,3
8812,3
8813,3
8814,3
8815,1
8816,3
8817,2
8818,3
8819,2
8820,3
8821,2
8822,3
8823,2
8824,2
8825,2
8826,1
8827,3
8828,2
8829,3
8830,5
8831,3
8832,1
8833,2
8834,3
8835,1
8836,1
8837,2
8838,1
8839,2
8840,1
8841,4
8842,1
8843,1
8844,2
8845,1
8846,3
8847,1
8848,3
8849,3
8850,1
8851,1
8852,4
8853,4
8854,1
8855,1
8856,4
8857,2
8858,3
8859,5
8860,4
8861,1
8862,2
8863,3
8864,1
8865,3
8866,2
8867,2
8868,4
8869,2
8870,3
8871,3
8872,4
8873,2
8874,1
8875,2
8876,1
8877,1
8878,2
8879,3
8880,2
8881,2
8882,1
8883,1
8884,1
8885,3
8886,2
8887,3
8888,2
8889,1
8890,1
8891,2
8892,1
8893,1
8894,1
8895,3
8896,3
8897,1
8898,1
8899,6
8900,2
8901,4
8902,1
8903,4
8904,6
8905,3
8906,3
8907,3
8908,1
8909,3
8910,5
8911,2
8912,5
8913,2
8914,4
8915,2
8916,1
8917,3
8918,1
8919,4
8920,1
8921,2
8922,2
8923,3
8924,1
8925,1
8926,2
8927,1
8928,3
8929,3
8930,1
8931,1
8932,2
8933,2
8934,2
8935,1
8936,4
8937,3
8938,3
8939,1
8940,3
8941,1
8942,3
8943,4
8944,4
8945,3
8946,1
8947,2
8948,4
8949,1
8950,5
8951,2
8952,1
8953,4
8954,1
8955,3
8956,2
8957,3
8958,1
8959,2
8960,2
8961,1
8962,3
8963,4
8964,5
8965,2
8966,6
8967,1
8968,4
8969,1
8970,4
8971,5
8972,1
8973,3
8974,2
8975,1
8976,5
8977,2
8978,2
8979,3
8980,1
8981,1
8982,3
8983,3
8984,2
8985,1
8986,1
8987,1
8988,1
8989,2
8990,1
8991,2
8992,1
8993,2
8994,2
8995,1
8996,1
8997,4
8998,1
8999,3
9000,4
9001,1
9002,1
9003,3
9004,3
9005,4
9006,5
9007,2
9008,1
9009,1
9010,6
9011,4
9012,3
9013,5
9014,2
9015,3
9016,3
9017,1
9018,1
9019,1
9020,3
9021,1
9022,4
9023,1
9024,1
9025,2
9026,3
9027,2
9028,1
9029,3
9030,2
9031,1
9032,3
9033,3
9034,5
9035,1
9036,1
9037,2
9038,2
9039,2
9040,2
9041,1
9042,5
9043,3
9044,5
9045,2
9046,2
9047,1
9048,4
9049,3
9050,2
9051,2
9052,1
9053,1
9054,4
9055,3
9056,1
9057,4
9058,2
9059,3
9060,2
9061,4
9062,2
9063,2
9064,2
9065,2
9066,1
9067,1
9068,1
9069,2
9070,3
9071,2
9072,2
9073,2
9074,2
9075,2
9076,4
9077,3
9078,1
9079,2
9080,2
9081,2
9082,3
9083,1
9084,2
9085,2
9086,3
9087,2
9088,1
9089,2
9090,3
9091,3
9092,1
9093,3
9094,1
9095,5
9096,3
9097,1
9098,4
9099,3
9100,1
9101,1
9102,2
9103,1
9104,2
9105,4
9106,2
9107,2
9108,4
9109,3
9110,4
9111,1
9112,3
9113,3
9114,4
9115,5
9116,3
9117,5
9118,1
9119,2
9120,2
9121,2
9122,3
9123,2
9124,1
9125,4
9126,2
9127,2
9128,1
9129,4
9130,4
9131,2
9132,4
9133,1
9134,2
9135,2
9136,2
9137,7
9138,1
9139,3
9140,1
9141,1
9142,3
9143,1
9144,3
9145,2
9146,1
9147,3
9148,4
9149,1
9150,1
9151,2
9152,2
9153,2
9154,3
9155,2
9156,1
9157,1
9158,1
9159,3
9160,1
9161,3
9162,2
9163,5
9164,4
9165,3
9166,3
9167,4
9168,1
9169,2
9170,2
9171,1
9172,3
9173,2
9174,1
9175,3
9176,5
9177,2
9178,1
9179,2
9180,1
9181,1
9182,4
9183,6
9184,6
9185,2
9186,2
9187,4
9188,3
9189,2
9190,1
9191,2
9192,4
9193,6
9194,2
9195,2
9196,3
9197,1
9198,1
9199,2
9200,1
9201,3
9202,3
9203,2
9204,3
9205,1
9206,5
9207,1
9208,4
9209,3
9210,2
9211,3
9212,2
9213,4
9214,2
9215,5
9216,1
9217,4
9218,3
9219,3
9220,1
9221,1
9222,5
9223,4
9224,5
9225,1
9226,2
9227,2
9228,2
9229,2
9230,2
9231,3
9232,1
9233,1
9234,3
9235,2
9236,2
9237,2
9238,5
9239,2
9240,3
9241,1
9242,1
9243,2
9244,3
9245,6
9246,3
9247,4
9248,3
9249,1
9250,1
9251,2
9252,1
9253,3
9254,2
9255,4
9256,1
9257,3
9258,2
9259,2
9260,1
9261,4
9262,2
9263,2
9264,3
9265,3
9266,3
9267,1
9268,3
9269,4
9270,4
9271,5
9272,3
9273,4
9274,3
9275,4
9276,2
9277,3
9278,1
9279,1
9280,3
9281,3
9282,1
9283,3
9284,4
9285,3
9286,2
9287,1
9288,3
9289,4
9290,2
9291,2
9292,2
9293,3
9294,3
9295,2
9296,3
9297,3
9298,6
9299,4
9300,2
9301,1
9302,1
9303,3
9304,2
9305,1
9306,3
9307,1
9308,3
9309,2
9310,3
9311,3
9312,1
9313,1
9314,5
9315,1
9316,2
9317,4
9318,1
9319,5
9320,3
9321,3
9322,4
9323,2
9324,3
9325,2
9326,3
9327,3
9328,4
9329,3
9330,1
9331,1
9332,3
9333,2
9334,2
9335,1
9336,2
9337,1
9338,2
9339,7
9340,1
9341,1
9342,7
9343,2
9344,4
9345,5
9346,1
9347,3
9348,2
9349,2
9350,2
9351,3
9352,5
9353,1
9354,5
9355,1
9356,1
9357,2
9358,4
9359,1
9360,3
9361,4
9362,1
9363,2
9364,2
9365,1
9366,1
9367,1
9368,4
9369,3
9370,2
9371,2
9372,4
9373,2
9374,3
9375,1
9376,6
9377,2
9378,1
9379,2
9380,3
9381,1
9382,3
9383,2
9384,3
9385,2
9386,1
9387,5
9388,3
9389,4
9390,1
9391,4
9392,2
9393,1
9394,2
9395,1
9396,1
9397,3
9398,3
9399,5
9400,2
9401,1
9402,3
9403,4
9404,2
9405,1
9406,1
9407,1
9408,3
9409,2
9410,2
9411,4
9412,1
9413,1
9414,3
9415,5
9416,1
9417,4
9418,3
9419,1
9420,1
9421,2
9422,2
9423,1
9424,2
9425,4
9426,5
9427,2
9428,4
9429,1
9430,6
9431,3
9432,1
9433,1
9434,1
9435,3
9436,4
9437,2
9438,4
9439,4
9440,1
9441,2
9442,2
9443,2
9444,1
9445,1
9446,3
9447,4
9448,2
9449,4
9450,6
9451,1
9452,2
9453,2
9454,5
9455,2
9456,1
9457,1
9458,2
9459,4
9460,4
9461,3
9462,2
9463,2
9464,1
9465,7
9466,2
9467,2
9468,1
9469,1
9470,1
9471,6
9472,3
9473,2
9474,3
9475,1
9476,2
9477,2
9478,1
9479,2
9480,1
9481,2
9482,2
9483,3
9484,2
9485,5
9486,3
9487,2
9488,2
9489,2
9490,2
9491,3
9492,3
9493,3
9494,3
9495,1
9496,2
9497,3
9498,3
9499,5
9500,1
9501,1
9502,3
9503,2
9504,5
9505,2
9506,1
9507,2
9508,2
9509,2
9510,3
9511,5
9512,2
9513,7
9514,2
9515,3
9516,4
9517,2
9518,2
9519,3
9520,3
9521,1
9522,1
9523,2
9524,1
9525,1
9526,2
9527,3
9528,2
9529,4
9530,1
9531,1
9532,1
9533,2
9534,1
9535,3
9536,1
9537,5
9538,1
9539,3
9540,4
9541,2
9542,2
9543,2
9544,2
9545,3
9546,2
9547,2
9548,3
9549,4
9550,4
9551,1
9552,1
9553,2
9554,4
9555,1
9556,2
9557,1
9558,2
9559,4
9560,1
9561,1
9562,1
9563,1
9564,1
9565,1
9566,2
9567,3
9568,4
9569,2
9570,1
9571,3
9572,3
9573,3
9574,3
9575,2
9576,2
9577,1
9578,1
9579,3
9580,1
9581,2
9582,3
9583,1
9584,3
9585,3
9586,3
9587,1
9588,3
9589,4
9590,1
9591,1
9592,3
9593,3
9594,3
9595,3
9596,2
9597,6
9598,3
9599,2
9600,2
9601,4
9602,2
9603,4
9604,1
9605,3
9606,2
9607,2
9608,3
9609,5
9610,3
9611,2
9612,4
9613,1
9614,1
9615,3
9616,2
9617,5
9618,4
9619,2
9620,6
9621,2
9622,2
9623,3
9624,4
9625,1
9626,2
9627,4
9628,1
9629,4
9630,3
9631,3
9632,3
9633,2
9634,2
9635,2
9636,3
9637,1
9638,3
9639,5
9640,2
9641,2
9642,2
9643,3
9644,1
9645,6
9646,3
9647,2
9648,1
9649,1
9650,2
9651,3
9652,3
9653,1
9654,3
9655,2
9656,3
9657,1
9658,2
9659,1
9660,3
9661,2
9662,1
9663,1
9664,2
9665,5
9666,3
9667,3
9668,5
9669,2
9670,2
9671,4
9672,3
9673,3
9674,4
9675,2
9676,1
9677,2
9678,1
9679,5
9680,5
9681,1
9682,2
9683,5
9684,2
9685,1
9686,1
9687,3
9688,3
9689,3
9690,5
9691,2
9692,5
9693,5
9694,1
9695,3
9696,2
9697,4
9698,2
9699,2
9700,3
9701,1
9702,1
9703,2
9704,3
9705,5
9706,3
9707,5
9708,1
9709,2
9710,2
9711,2
9712,3
9713,2
9714,2
9715,3
9716,1
9717,5
9718,3
9719,1
9720,2
9721,2
9722,1
9723,2
9724,3
9725,3
9726,3
9727,4
9728,1
9729,2
9730,2
9731,1
9732,2
9733,2
9734,1
9735,2
9736,1
9737,2
9738,1
9739,2
9740,5
9741,3
9742,1
9743,2
9744,1
9745,1
9746,4
9747,2
9748,4
9749,1
9750,2
9751,1
9752,2
9753,2
9754,3
9755,1
9756,3
9757,3
9758,1
9759,3
9760,2
9761,2
9762,6
9763,1
9764,1
9765,2
9766,3
9767,4
9768,4
9769,2
9770,2
9771,3
9772,2
9773,4
9774,4
9775,1
9776,2
9777,2
9778,1
9779,5
9780,1
9781,1
9782,1
9783,5
9784,4
9785,1
9786,2
9787,2
9788,2
9789,4
9790,1
9791,5
9792,5
9793,1
9794,2
9795,2
9796,3
9797,3
9798,4
9799,4
9800,2
9801,4
9802,5
9803,2
9804,3
9805,4
9806,1
9807,2
9808,1
9809,3
9810,1
9811,1
9812,2
9813,1
9814,3
9815,1
9816,1
9817,2
9818,1
9819,1
9820,4
9821,1
9822,2
9823,4
9824,1
9825,1
9826,1
9827,1
9828,2
9829,2
9830,1
9831,2
9832,3
9833,2
9834,4
9835,5
9836,2
9837,5
9838,2
9839,2
9840,4
9841,3
9842,2
9843,1
9844,1
9845,5
9846,3
9847,5
9848,3
9849,2
9850,2
9851,2
9852,3
9853,2
9854,1
9855,2
9856,3
9857,2
9858,1
9859,1
9860,1
9861,5
9862,4
9863,4
9864,1
9865,2
9866,1
9867,3
9868,3
9869,1
9870,3
9871,3
9872,1
9873,1
9874,1
9875,1
9876,6
9877,5
9878,2
9879,3
9880,2
9881,3
9882,1
9883,1
9884,3
9885,3
9886,1
9887,3
9888,3
9889,1
9890,3
9891,5
9892,2
9893,2
9894,2
9895,2
9896,1
9897,1
9898,6
9899,2
9900,3
9901,2
9902,3
9903,3
9904,7
9905,3
9906,1
9907,4
9908,4
9909,2
9910,1
9911,4
9912,2
9913,1
9914,3
9915,2
9916,3
9917,1
9918,2
9919,3
9920,1
9921,3
9922,2
9923,3
9924,2
9925,2
9926,1
9927,1
9928,4
9929,1
9930,5
9931,1
9932,3
9933,1
9934,2
9935,3
9936,1
9937,4
9938,2
9939,4
9940,1
9941,2
9942,6
9943,1
9944,1
9945,2
9946,1
9947,2
9948,3
9949,2
9950,5
9951,2
9952,1
9953,3
9954,2
9955,5
9956,4
9957,5
9958,3
9959,6
9960,1
9961,1
9962,2
9963,2
9964,2
9965,3
9966,1
9967,2
9968,2
9969,1
9970,2
9971,2
9972,2
9973,1
9974,1
9975,3
9976,5
9977,2
9978,4
9979,3
9980,4
9981,2
9982,3
9983,2
9984,5
9985,2
9986,2
9987,2
9988,4
9989,1
9990,1
9991,4
9992,1
9993,2
9994,4
9995,1
9996,4
9997,3
9998,3
9999,2
10000,3
10001,2
10002,6
10003,6
10004,2
10005,1
10006,3
10007,1
10008,2
10009,2
10010,1
10011,1
10012,3
10013,2
10014,2
10015,4
10016,1
10017,4
10018,2
10019,2
10020,3
10021,3
10022,2
10023,1
10024,4
10025,3
10026,2
10027,4
10028,4
10029,2
10030,3
10031,2
10032,2
10033,1
10034,2
10035,2
10036,5
10037,2
10038,1
10039,2
10040,1
10041,1
10042,2
10043,1
10044,2
10045,1
10046,1
10047,1
10048,5
10049,3
10050,3
10051,1
10052,2
10053,1
10054,1
10055,3
10056,1
10057,1
10058,5
10059,2
10060,6
10061,1
10062,1
10063,3
10064,1
10065,1
10066,3
10067,3
10068,3
10069,1
10070,3
10071,1
10072,1
10073,2
10074,5
10075,2
10076,2
10077,3
10078,4
10079,1
10080,2
10081,6
10082,2
10083,2
10084,2
10085,1
10086,6
10087,1
10088,1
10089,2
10090,2
10091,2
10092,2
10093,3
10094,4
10095,3
10096,2
10097,3
10098,1
10099,1
10100,4
10101,1
10102,2
10103,4
10104,4
10105,1
10106,3
10107,2
10108,1
10109,2
10110,1
10111,1
10112,2
10113,5
10114,1
10115,1
10116,1
10117,2
10118,1
10119,2
10120,2
10121,2
10122,1
10123,2
10124,1
10125,2
10126,2
10127,3
10128,2
10129,3
10130,3
10131,5
10132,3
10133,2
10134,2
10135,2
10136,1
10137,3
10138,2
10139,1
10140,2
10141,3
10142,1
10143,2
10144,3
10145,3
10146,1
10147,1
10148,1
10149,1
10150,1
10151,1
10152,1
10153,5
10154,3
10155,3
10156,3
10157,3
10158,2
10159,4
10160,2
10161,3
10162,3
10163,1
10164,5
10165,2
10166,2
10167,2
10168,2
10169,2
10170,3
10171,2
10172,1
10173,4
10174,1
10175,5
10176,5
10177,4
10178,3
10179,1
10180,2
10181,1
10182,2
10183,2
10184,5
10185,3
10186,2
10187,2
10188,1
10189,3
10190,4
10191,3
10192,3
10193,1
10194,1
10195,3
10196,2
10197,2
10198,2
10199,3
10200,4
10201,1
10202,2
10203,2
10204,2
10205,3
10206,2
10207,2
10208,4
10209,2
10210,1
10211,1
10212,1
10213,2
10214,4
10215,3
10216,3
10217,2
10218,3
10219,5
10220,1
10221,3
10222,1
10223,3
10224,2
10225,2
10226,3
10227,2
10228,2
10229,2
10230,4
10231,3
10232,2
10233,1
10234,1
10235,3
10236,2
10237,3
10238,4
10239,4
10240,5
10241,1
10242,2
10243,4
10244,3
10245,3
10246,2
10247,2
10248,2
10249,2
10250,4
10251,3
10252,1
10253,4
10254,2
10255,2
10256,4
10257,2
10258,1
10259,7
10260,3
10261,5
10262,1
10263,4
10264,4
10265,1
10266,2
10267,3
10268,1
10269,2
10270,2
10271,1
10272,1
10273,2
10274,1
10275,4
10276,4
10277,1
10278,2
10279,4
10280,2
10281,1
10282,4
10283,2
10284,1
10285,2
10286,5
10287,2
10288,4
10289,1
10290,2
10291,4
10292,2
10293,4
10294,1
10295,4
10296,2
10297,2
10298,2
10299,4
10300,5
10301,3
10302,1
10303,1
10304,3
10305,1
10306,1
10307,3
10308,1
10309,2
10310,3
10311,2
10312,5
10313,1
10314,1
10315,2
10316,2
10317,2
10318,1
10319,1
10320,1
10321,2
10322,4
10323,2
10324,3
10325,4
10326,1
10327,2
10328,3
10329,1
10330,4
10331,3
10332,2
10333,3
10334,2
10335,1
10336,1
10337,1
10338,2
10339,3
10340,5
10341,3
10342,3
10343,3
10344,2
10345,3
10346,2
10347,2
10348,3
10349,4
10350,1
10351,2
10352,4
10353,1
10354,2
10355,2
10356,3
10357,2
10358,2
10359,1
10360,6
10361,1
10362,4
10363,2
10364,1
10365,2
10366,4
10367,3
10368,3
10369,3
10370,4
10371,3
10372,3
10373,2
10374,3
10375,1
10376,2
10377,1
10378,4
10379,1
10380,1
10381,1
10382,3
10383,7
10384,3
10385,2
10386,3
10387,4
10388,4
10389,2
10390,1
10391,1
10392,7
10393,2
10394,2
10395,1
10396,1
10397,3
10398,4
10399,2
10400,1
10401,4
10402,2
10403,2
10404,2
10405,3
10406,3
10407,3
10408,3
10409,1
10410,3
10411,3
10412,1
10413,3
10414,5
10415,2
10416,2
10417,3
10418,4
10419,4
10420,2
10421,3
10422,2
10423,4
10424,3
10425,2
10426,2
10427,3
10428,2
10429,4
10430,4
10431,2
10432,5
10433,1
10434,2
10435,2
10436,3
10437,4
10438,4
10439,4
10440,3
10441,2
10442,3
10443,3
10444,1
10445,2
10446,5
10447,1
10448,3
10449,1
10450,4
10451,4
10452,2
10453,4
10454,2
10455,5
10456,2
10457,1
10458,4
10459,1
10460,3
10461,2
10462,1
10463,1
10464,2
10465,4
10466,2
10467,3
10468,1
10469,3
10470,2
10471,1
10472,1
10473,2
10474,1
10475,5
10476,2
10477,3
10478,2
10479,3
10480,2
10481,2
10482,1
10483,1
10484,3
10485,2
10486,3
10487,4
10488,4
10489,3
10490,2
10491,1
10492,4
10493,3
10494,1
10495,2
10496,6
10497,2
10498,2
10499,1
10500,1
10501,7
10502,5
10503,4
10504,2
10505,1
10506,1
10507,4
10508,1
10509,2
10510,3
10511,2
10512,2
10513,1
10514,4
10515,3
10516,1
10517,1
10518,6
10519,2
10520,2
10521,2
10522,2
10523,1
10524,3
10525,3
10526,4
10527,5
10528,3
10529,2
10530,1
10531,2
10532,3
10533,1
10534,2
10535,4
10536,6
10537,1
10538,3
10539,2
10540,2
10541,3
10542,3
10543,3
10544,2
10545,2
10546,5
10547,1
10548,4
10549,3
10550,4
10551,1
10552,1
10553,3
10554,2
10555,1
10556,2
10557,2
10558,1
10559,2
10560,6
10561,2
10562,2
10563,2
10564,3
10565,1
10566,3
10567,3
10568,4
10569,2
10570,5
10571,2
10572,1
10573,4
10574,8
10575,3
10576,2
10577,2
10578,1
10579,3
10580,2
10581,4
10582,2
10583,2
10584,1
10585,1
10586,2
10587,4
10588,1
10589,1
10590,4
10591,1
10592,1
10593,5
10594,3
10595,1
10596,4
10597,2
10598,2
10599,3
10600,1
10601,2
10602,1
10603,6
10604,2
10605,1
10606,3
10607,2
10608,2
10609,2
10610,3
10611,4
10612,1
10613,4
10614,3
10615,1
10616,1
10617,2
10618,1
10619,2
10620,2
10621,2
10622,3
10623,2
10624,1
10625,2
10626,2
10627,2
10628,5
10629,2
10630,4
10631,3
10632,3
10633,3
10634,1
10635,1
10636,2
10637,1
10638,2
10639,4
10640,3
10641,2
10642,1
10643,5
10644,5
10645,4
10646,3
10647,1
10648,3
10649,4
10650,2
10651,1
10652,4
10653,5
10654,4
10655,2
10656,1
10657,2
10658,1
10659,4
10660,2
10661,2
10662,3
10663,1
10664,5
10665,1
10666,6
10667,2
10668,1
10669,2
10670,4
10671,5
10672,5
10673,3
10674,5
10675,4
10676,2
10677,1
10678,3
10679,3
10680,1
10681,3
10682,2
10683,2
10684,3
10685,3
10686,2
10687,1
10688,1
10689,4
10690,3
10691,6
10692,1
10693,2
10694,1
10695,2
10696,1
10697,1
10698,2
10699,1
10700,3
10701,3
10702,1
10703,1
10704,2
10705,4
10706,8
10707,1
10708,2
10709,1
10710,4
10711,3
10712,4
10713,1
10714,2
10715,4
10716,2
10717,2
10718,3
10719,5
10720,2
10721,1
10722,3
10723,3
10724,1
10725,4
10726,3
10727,5
10728,2
10729,2
10730,3
10731,5
10732,2
10733,2
10734,1
10735,1
10736,1
10737,4
10738,3
10739,2
10740,1
10741,1
10742,5
10743,1
10744,4
10745,2
10746,2
10747,2
10748,1
10749,2
10750,3
10751,4
10752,3
10753,2
10754,4
10755,2
10756,3
10757,3
10758,4
10759,1
10760,2
10761,6
10762,1
10763,1
10764,4
10765,3
10766,5
10767,5
10768,4
10769,4
10770,1
10771,1
10772,2
10773,1
10774,4
10775,5
10776,2
10777,3
10778,2
10779,1
10780,2
10781,3
10782,4
10783,4
10784,5
10785,3
10786,3
10787,5
10788,2
10789,3
10790,2
10791,3
10792,2
10793,1
10794,3
10795,1
10796,5
10797,2
10798,2
10799,3
10800,3
10801,3
10802,1
10803,5
10804,1
10805,5
10806,1
10807,3
10808,1
10809,4
10810,1
10811,3
10812,2
10813,3
10814,1
10815,3
10816,2
10817,2
10818,2
10819,5
10820,5
10821,1
10822,1
10823,2
10824,5
10825,4
10826,3
10827,1
10828,4
10829,2
10830,3
10831,3
10832,2
10833,1
10834,3
10835,4
10836,2
10837,6
10838,2
10839,2
10840,5
10841,3
10842,2
10843,3
10844,2
10845,3
10846,3
10847,2
10848,2
10849,1
10850,4
10851,1
10852,2
10853,1
10854,2
10855,4
10856,2
10857,4
10858,1
10859,2
10860,2
10861,3
10862,2
10863,1
10864,2
10865,1
10866,1
10867,7
10868,4
10869,3
10870,2
10871,3
10872,7
10873,3
10874,1
10875,2
10876,1
10877,3
10878,5
10879,4
10880,3
10881,1
10882,1
10883,3
10884,3
10885,1
10886,3
10887,2
10888,1
10889,2
10890,2
10891,2
10892,1
10893,1
10894,3
10895,3
10896,2
10897,3
10898,1
10899,5
10900,3
10901,2
10902,2
10903,2
10904,2
10905,4
10906,1
10907,2
10908,4
10909,3
10910,5
10911,2
10912,1
10913,2
10914,3
10915,1
10916,1
10917,6
10918,1
10919,1
10920,1
10921,3
10922,1
10923,2
10924,3
10925,2
10926,3
10927,1
10928,1
10929,1
10930,3
10931,2
10932,1
10933,2
10934,2
10935,4
10936,2
10937,4
10938,1
10939,1
10940,3
10941,1
10942,2
10943,2
10944,2
10945,3
10946,2
10947,2
10948,1
10949,2
10950,3
10951,2
10952,5
10953,1
10954,1
10955,2
10956,2
10957,4
10958,1
10959,2
10960,3
10961,1
10962,6
10963,2
10964,2
10965,2
10966,2
10967,3
10968,4
10969,2
10970,3
10971,1
10972,2
10973,2
10974,4
10975,2
10976,2
10977,5
10978,1
10979,1
10980,3
10981,4
10982,2
10983,3
10984,1
10985,1
10986,4
10987,2
10988,1
10989,6
10990,1
10991,5
10992,2
10993,4
10994,2
10995,1
10996,3
10997,1
10998,4
10999,2
11000,4
11001,1
11002,1
11003,4
11004,5
11005,1
11006,4
11007,1
11008,3
11009,1
11010,3
11011,1
11012,2
11013,1
11014,3
11015,8
11016,2
11017,1
11018,2
11019,1
11020,1
11021,1
11022,3
11023,3
11024,3
11025,1
11026,1
11027,3
11028,2
11029,3
11030,2
11031,2
11032,5
11033,2
11034,1
11035,3
11036,2
11037,3
11038,1
11039,2
11040,2
11041,2
11042,4
11043,2
11044,4
11045,2
11046,3
11047,2
11048,3
11049,3
11050,3
11051,2
11052,2
11053,2
11054,2
11055,1
11056,7
11057,1
11058,5
11059,1
11060,4
11061,2
11062,3
11063,3
11064,4
11065,1
11066,3
11067,2
11068,8
11069,1
11070,4
11071,3
11072,3
11073,2
11074,1
11075,2
11076,3
11077,5
11078,2
11079,2
11080,3
11081,2
11082,3
11083,2
11084,2
11085,2
11086,3
11087,6
11088,4
11089,2
11090,3
11091,2
11092,3
11093,4
11094,1
11095,2
11096,1
11097,2
11098,3
11099,4
11100,1
11101,2
11102,2
11103,2
11104,1
11105,2
11106,1
11107,1
11108,1
11109,3
11110,5
11111,1
11112,1
11113,3
11114,3
11115,4
11116,6
11117,3
11118,4
11119,4
11120,3
11121,1
11122,2
11123,2
11124,1
11125,1
11126,2
11127,2
11128,1
11129,1
11130,2
11131,1
11132,2
11133,1
11134,2
11135,1
11136,3
11137,1
11138,1
11139,2
11140,3
11141,4
11142,1
11143,1
11144,5
11145,1
11146,2
11147,2
11148,1
11149,4
11150,5
11151,1
11152,8
11153,5
11154,4
11155,2
11156,4
11157,1
11158,1
11159,4
11160,2
11161,1
11162,6
11163,2
11164,2
11165,3
11166,1
11167,3
11168,3
11169,3
11170,1
11171,2
11172,1
11173,2
11174,3
11175,5
11176,2
11177,1
11178,3
11179,5
11180,2
11181,3
11182,3
11183,1
11184,3
11185,2
11186,2
11187,4
11188,2
11189,3
11190,2
11191,3
11192,1
11193,1
11194,1
11195,2
11196,1
11197,4
11198,2
11199,2
11200,2
11201,2
11202,2
11203,4
11204,4
11205,1
11206,2
11207,3
11208,1
11209,1
11210,2
11211,2
11212,2
11213,1
11214,2
11215,5
11216,3
11217,4
11218,4
11219,2
11220,1
11221,1
11222,5
11223,2
11224,2
11225,2
11226,1
11227,4
11228,1
11229,4
11230,3
11231,1
11232,3
11233,1
11234,3
11235,2
11236,1
11237,1
11238,3
11239,1
11240,2
11241,2
11242,3
11243,2
11244,3
11245,2
11246,1
11247,4
11248,3
11249,4
11250,2
11251,4
11252,2
11253,2
11254,2
11255,1
11256,1
11257,3
11258,2
11259,3
11260,3
11261,3
11262,2
11263,3
11264,3
11265,2
11266,2
11267,4
11268,2
11269,1
11270,1
11271,4
11272,1
11273,6
11274,1
11275,6
11276,4
11277,1
11278,2
11279,3
11280,1
11281,1
11282,3
11283,4
11284,5
11285,1
11286,3
11287,4
11288,3
11289,1
11290,3
11291,2
11292,2
11293,1
11294,2
11295,3
11296,1
11297,2
11298,2
11299,4
11300,1
11301,2
11302,2
11303,2
11304,1
11305,4
11306,3
11307,2
11308,4
11309,2
11310,2
11311,6
11312,3
11313,1
11314,3
11315,1
11316,3
11317,2
11318,4
11319,3
11320,1
11321,1
11322,1
11323,1
11324,1
11325,2
11326,1
11327,4
11328,1
11329,2
11330,2
11331,4
11332,3
11333,3
11334,1
11335,3
11336,2
11337,1
11338,2
11339,5
11340,2
11341,5
11342,1
11343,1
11344,1
11345,1
11346,3
11347,1
11348,4
11349,3
11350,3
11351,2
11352,1
11353,5
11354,1
11355,4
11356,2
11357,2
11358,4
11359,3
11360,4
11361,1
11362,3
11363,2
11364,2
11365,4
11366,1
11367,2
11368,3
11369,2
11370,2
11371,3
11372,1
11373,8
11374,1
11375,3
11376,1
11377,3
11378,2
11379,2
11380,2
11381,1
11382,2
11383,1
11384,1
11385,5
11386,1
11387,2
11388,2
11389,1
11390,2
11391,4
11392,3
11393,3
11394,1
11395,4
11396,1
11397,2
11398,1
11399,3
11400,3
11401,1
11402,2
11403,2
11404,4
11405,1
11406,4
11407,1
11408,1
11409,2
11410,2
11411,1
11412,2
11413,2
11414,1
11415,4
11416,3
11417,3
11418,3
11419,2
11420,2
11421,1
11422,2
11423,2
11424,4
11425,2
11426,2
11427,1
11428,2
11429,4
11430,4
11431,5
11432,3
11433,2
11434,1
11435,3
11436,1
11437,2
11438,1
11439,5
11440,2
11441,1
11442,3
11443,1
11444,1
11445,1
11446,3
11447,4
11448,4
11449,1
11450,4
11451,1
11452,4
11453,4
11454,1
11455,1
11456,2
11457,3
11458,3
11459,5
11460,4
11461,1
11462,3
11463,4
11464,2
11465,2
11466,2
11467,2
11468,2
11469,2
11470,2
11471,2
11472,3
11473,5
11474,3
11475,3
11476,1
11477,3
11478,2
11479,3
11480,1
11481,2
11482,2
11483,2
11484,3
11485,2
11486,1
11487,3
11488,1
11489,3
11490,1
11491,2
11492,4
11493,3
11494,2
11495,3
11496,2
11497,4
11498,4
11499,4
11500,2
11501,2
11502,5
11503,3
11504,3
11505,1
11506,2
11507,2
11508,1
11509,2
11510,3
11511,3
11512,3
11513,1
11514,2
11515,1
11516,2
11517,2
11518,1
11519,5
11520,1
11521,1
11522,4
11523,4
11524,2
11525,2
11526,3
11527,3
11528,5
11529,4
11530,2
11531,3
11532,1
11533,1
11534,1
11535,2
11536,5
11537,2
11538,1
11539,3
11540,1
11541,3
11542,4
11543,2
11544,5
11545,1
11546,1
11547,2
11548,2
11549,3
11550,2
11551,2
11552,2
11553,2
11554,1
11555,1
11556,2
11557,1
11558,7
11559,2
11560,2
11561,2
11562,1
11563,3
11564,3
11565,1
11566,4
11567,5
11568,4
11569,4
11570,3
11571,4
11572,4
11573,3
11574,3
11575,4
11576,1
11577,3
11578,1
11579,4
11580,1
11581,1
11582,2
11583,2
11584,1
11585,1
11586,2
11587,2
11588,1
11589,3
11590,2
11591,2
11592,4
11593,2
11594,6
11595,1
11596,1
11597,1
11598,5
11599,2
11600,3
11601,1
11602,3
11603,1
11604,1
11605,4
11606,4
11607,1
11608,2
11609,2
11610,1
11611,1
11612,3
11613,2
11614,2
11615,1
11616,1
11617,3
11618,2
11619,2
11620,3
11621,1
11622,1
11623,1
11624,5
11625,4
11626,4
11627,2
11628,2
11629,3
11630,2
11631,4
11632,2
11633,3
11634,2
11635,2
11636,2
11637,1
11638,2
11639,1
11640,3
11641,2
11642,3
11643,3
11644,2
11645,1
11646,2
11647,2
11648,3
11649,3
11650,1
11651,3
11652,1
11653,7
11654,1
11655,1
11656,1
11657,1
11658,2
11659,2
11660,3
11661,4
11662,5
11663,2
11664,5
11665,1
11666,2
11667,4
11668,3
11669,2
11670,3
11671,2
11672,4
11673,4
11674,1
11675,2
11676,4
11677,1
11678,2
11679,3
11680,3
11681,3
11682,3
11683,3
11684,2
11685,5
11686,2
11687,4
11688,2
11689,4
11690,4
11691,1
11692,3
11693,5
11694,1
11695,7
11696,1
11697,1
11698,3
11699,1
11700,1
11701,5
11702,1
11703,3
11704,3
11705,2
11706,2
11707,5
11708,2
11709,2
11710,1
11711,2
11712,3
11713,1
11714,2
11715,2
11716,1
11717,3
11718,5
11719,2
11720,2
11721,4
11722,2
11723,2
11724,2
11725,1
11726,3
11727,1
11728,2
11729,4
11730,1
11731,3
11732,2
11733,4
11734,2
11735,3
11736,2
11737,1
11738,3
11739,1
11740,2
11741,3
11742,2
11743,4
11744,2
11745,2
11746,2
11747,2
11748,1
11749,4
11750,2
11751,1
11752,2
11753,2
11754,2
11755,2
11756,1
11757,2
11758,1
11759,3
11760,2
11761,4
11762,1
11763,2
11764,1
11765,1
11766,3
11767,3
11768,6
11769,2
11770,3
11771,1
11772,1
11773,4
11774,2
11775,6
11776,4
11777,2
11778,4
11779,2
11780,6
11781,2
11782,3
11783,3
11784,5
11785,1
11786,3
11787,2
11788,1
11789,1
11790,3
11791,6
11792,1
11793,3
11794,4
11795,3
11796,1
11797,3
11798,2
11799,1
11800,2
11801,5
11802,1
11803,2
11804,3
11805,4
11806,3
11807,4
11808,3
11809,1
11810,2
11811,1
11812,1
11813,1
11814,2
11815,3
11816,2
11817,3
11818,1
11819,3
11820,1
11821,1
11822,3
11823,1
11824,3
11825,3
11826,3
11827,3
11828,3
11829,3
11830,2
11831,1
11832,1
11833,3
11834,4
11835,3
11836,2
11837,3
11838,1
11839,5
11840,4
11841,1
11842,2
11843,1
11844,3
11845,3
11846,4
11847,2
11848,3
11849,1
11850,1
11851,4
11852,2
11853,5
11854,2
11855,2
11856,5
11857,1
11858,2
11859,2
11860,2
11861,2
11862,4
11863,2
11864,2
11865,4
11866,2
11867,2
11868,3
11869,3
11870,1
11871,4
11872,3
11873,5
11874,2
11875,4
11876,2
11877,4
11878,3
11879,3
11880,1
11881,2
11882,1
11883,1
11884,1
11885,3
11886,5
11887,3
11888,2
11889,5
11890,3
11891,2
11892,2
11893,6
11894,3
11895,2
11896,2
11897,2
11898,2
11899,3
11900,2
11901,6
11902,2
11903,1
11904,1
11905,3
11906,3
11907,3
11908,1
11909,1
11910,4
11911,4
11912,3
11913,1
11914,2
11915,3
11916,1
11917,4
11918,1
11919,1
11920,2
11921,2
11922,3
11923,3
11924,1
11925,1
11926,5
11927,2
11928,1
11929,1
11930,2
11931,2
11932,2
11933,3
11934,3
11935,3
11936,2
11937,3
11938,4
11939,2
11940,1
11941,2
11942,3
11943,1
11944,3
11945,2
11946,3
11947,3
11948,3
11949,1
11950,1
11951,2
11952,4
11953,2
11954,1
11955,3
11956,1
11957,2
11958,2
11959,2
11960,4
11961,3
11962,1
11963,2
11964,4
11965,1
11966,1
11967,2
11968,3
11969,2
11970,3
11971,1
11972,5
11973,2
11974,7
11975,4
11976,1
11977,2
11978,1
11979,2
11980,4
11981,4
11982,4
11983,1
11984,7
11985,3
11986,5
11987,1
11988,4
11989,2
11990,3
11991,1
11992,2
11993,2
11994,3
11995,3
11996,6
11997,2
11998,1
11999,2
12000,2
12001,2
12002,3
12003,1
12004,4
12005,5
12006,2
12007,3
12008,2
12009,2
12010,3
12011,3
12012,1
12013,2
12014,1
12015,1
12016,3
12017,4
12018,2
12019,2
12020,3
12021,3
12022,3
12023,5
12024,3
12025,1
12026,1
12027,3
12028,1
12029,2
12030,3
12031,3
12032,10
12033,2
12034,4
12035,4
12036,1
12037,2
12038,2
12039,2
12040,1
12041,1
12042,2
12043,2
12044,1
12045,2
12046,5
12047,4
12048,2
12049,3
12050,4
12051,2
12052,2
12053,3
12054,3
12055,2
12056,4
12057,1
12058,1
12059,6
12060,2
12061,3
12062,4
12063,1
12064,3
12065,6
12066,1
12067,2
12068,1
12069,2
12070,2
12071,5
12072,4
12073,1
12074,4
12075,4
12076,4
12077,5
12078,4
12079,4
12080,1
12081,1
12082,3
12083,2
12084,4
12085,4
12086,1
12087,3
12088,2
12089,5
12090,3
12091,1
12092,2
12093,1
12094,2
12095,3
12096,3
12097,2
12098,3
12099,3
12100,1
12101,2
12102,4
12103,2
12104,3
12105,2
12106,2
12107,3
12108,2
12109,4
12110,2
12111,3
12112,1
12113,2
12114,2
12115,2
12116,1
12117,1
12118,1
12119,2
12120,3
12121,2
12122,4
12123,2
12124,1
12125,4
12126,3
12127,4
12128,3
12129,1
12130,5
12131,3
12132,1
12133,2
12134,1
12135,4
12136,2
12137,2
12138,3
12139,1
12140,2
12141,1
12142,2
12143,1
12144,1
12145,1
12146,5
12147,2
12148,1
12149,2
12150,2
12151,3
12152,3
12153,2
12154,2
12155,3
12156,1
12157,1
12158,2
12159,1
12160,6
12161,3
12162,2
12163,3
12164,3
12165,6
12166,2
12167,3
12168,1
12169,5
12170,4
12171,1
12172,1
12173,2
12174,1
12175,2
12176,3
12177,4
12178,1
12179,5
12180,2
12181,1
12182,1
12183,1
12184,5
12185,3
12186,2
12187,4
12188,4
12189,3
12190,4
12191,1
12192,2
12193,2
12194,1
12195,4
12196,3
12197,4
12198,2
12199,4
12200,1
12201,1
12202,1
12203,1
12204,2
12205,2
12206,1
12207,1
12208,1
12209,1
12210,2
12211,5
12212,4
12213,3
12214,1
12215,2
12216,2
12217,4
12218,4
12219,1
12220,1
12221,1
12222,3
12223,4
12224,4
12225,4
12226,2
12227,3
12228,5
12229,2
12230,2
12231,2
12232,4
12233,4
12234,3
12235,2
12236,2
12237,5
12238,1
12239,1
12240,2
12241,6
12242,1
12243,1
12244,1
12245,4
12246,2
12247,2
12248,2
12249,5
12250,6
12251,3
12252,1
12253,2
12254,1
12255,1
12256,3
12257,1
12258,2
12259,2
12260,2
12261,3
12262,3
12263,2
12264,5
12265,1
12266,2
12267,2
12268,1
12269,2
12270,1
12271,1
12272,4
12273,6
12274,1
12275,3
12276,3
12277,2
12278,1
12279,2
12280,2
12281,2
12282,2
12283,1
12284,1
12285,2
12286,4
12287,2
12288,1
12289,4
12290,4
12291,1
12292,1
12293,1
12294,2
12295,1
12296,2
12297,3
12298,3
12299,3
12300,3
12301,2
12302,4
12303,2
12304,3
12305,4
12306,3
12307,5
12308,1
12309,2
12310,3
12311,3
12312,1
12313,1
12314,2
12315,3
12316,2
12317,2
12318,2
12319,5
12320,2
12321,1
12322,1
12323,2
12324,2
12325,4
12326,2
12327,2
12328,5
12329,4
12330,2
12331,1
12332,3
12333,4
12334,1
12335,1
12336,1
12337,3
12338,2
12339,1
12340,1
12341,1
12342,2
12343,2
12344,1
12345,3
12346,1
12347,1
12348,3
12349,1
12350,2
12351,3
12352,3
12353,5
12354,4
12355,3
12356,1
12357,1
12358,2
12359,1
12360,2
12361,2
12362,3
12363,2
12364,1
12365,2
12366,5
12367,1
12368,2
12369,2
12370,1
12371,2
12372,4
12373,1
12374,5
12375,1
12376,3
12377,4
12378,2
12379,4
12380,2
12381,3
12382,4
12383,3
12384,3
12385,1
12386,3
12387,3
12388,5
12389,6
12390,3
12391,1
12392,5
12393,2
12394,1
12395,4
12396,2
12397,3
12398,2
12399,3
12400,3
12401,1
12402,4
12403,1
12404,6
12405,2
12406,4
12407,1
12408,3
12409,2
12410,3
12411,4
12412,2
12413,3
12414,1
12415,4
12416,4
12417,1
12418,4
12419,2
12420,3
12421,1
12422,4
12423,3
12424,4
12425,3
12426,2
12427,3
12428,2
12429,2
12430,4
12431,2
12432,6
12433,1
12434,2
12435,4
12436,2
12437,1
12438,1
12439,4
12440,2
12441,2
12442,3
12443,4
12444,5
12445,2
12446,3
12447,2
12448,2
12449,3
12450,5
12451,2
12452,1
12453,5
12454,1
12455,2
12456,3
12457,1
12458,3
12459,3
12460,4
12461,2
12462,2
12463,3
12464,5
12465,2
12466,2
12467,4
12468,1
12469,3
12470,2
12471,3
12472,2
12473,2
12474,3
12475,2
12476,3
12477,1
12478,1
12479,1
12480,2
12481,2
12482,3
12483,6
12484,2
12485,4
12486,1
12487,5
12488,5
12489,4
12490,1
12491,1
12492,3
12493,3
12494,3
12495,2
12496,4
12497,2
12498,3
12499,2
12500,2
12501,3
12502,1
12503,2
12504,2
12505,4
12506,4
12507,1
12508,5
12509,2
12510,2
12511,3
12512,1
12513,1
12514,3
12515,2
12516,2
12517,1
12518,2
12519,1
12520,8
12521,3
12522,9
12523,5
12524,3
12525,2
12526,1
12527,5
12528,3
12529,3
12530,1
12531,4
12532,3
12533,5
12534,4
12535,2
12536,3
12537,1
12538,1
12539,3
12540,5
12541,1
12542,2
12543,2
12544,1
12545,2
12546,4
12547,1
12548,1
12549,1
12550,2
12551,3
12552,3
12553,1
12554,2
12555,2
12556,2
12557,2
12558,1
12559,8
12560,1
12561,4
12562,5
12563,4
12564,2
12565,2
12566,3
12567,4
12568,1
12569,2
12570,2
12571,2
12572,2
12573,5
12574,2
12575,4
12576,1
12577,1
12578,2
12579,2
12580,1
12581,4
12582,7
12583,5
12584,2
12585,1
12586,1
12587,2
12588,1
12589,2
12590,5
12591,2
12592,3
12593,7
12594,1
12595,3
12596,3
12597,1
12598,3
12599,2
12600,1
12601,2
12602,4
12603,2
12604,3
12605,1
12606,1
12607,1
12608,2
12609,3
12610,1
12611,2
12612,3
12613,1
12614,5
12615,1
12616,2
12617,1
12618,2
12619,2
12620,2
12621,1
12622,1
12623,5
12624,2
12625,1
12626,2
12627,1
12628,3
12629,1
12630,2
12631,1
12632,3
12633,1
12634,5
12635,1
12636,2
12637,2
12638,3
12639,3
12640,1
12641,1
12642,1
12643,3
12644,5
12645,3
12646,4
12647,1
12648,3
12649,4
12650,1
12651,4
12652,2
12653,1
12654,1
12655,3
12656,3
12657,1
12658,3
12659,2
12660,3
12661,1
12662,2
12663,1
12664,5
12665,1
12666,4
12667,1
12668,3
12669,2
12670,4
12671,1
12672,3
12673,3
12674,1
12675,2
12676,1
12677,7
12678,3
12679,2
12680,3
12681,2
12682,1
12683,1
12684,3
12685,4
12686,2
12687,4
12688,1
12689,2
12690,3
12691,1
12692,2
12693,3
12694,7
12695,4
12696,2
12697,2
12698,1
12699,4
12700,2
12701,2
12702,1
12703,3
12704,4
12705,1
12706,1
12707,1
12708,3
12709,1
12710,2
12711,2
12712,3
12713,1
12714,3
12715,5
12716,2
12717,2
12718,2
12719,2
12720,3
12721,1
12722,4
12723,3
12724,2
12725,1
12726,4
12727,2
12728,4
12729,2
12730,5
12731,2
12732,4
12733,3
12734,4
12735,2
12736,1
12737,3
12738,5
12739,4
12740,2
12741,2
12742,4
12743,2
12744,2
12745,3
12746,1
12747,1
12748,1
12749,1
12750,2
12751,3
12752,2
12753,3
12754,3
12755,3
12756,3
12757,5
12758,2
12759,2
12760,2
12761,2
12762,3
12763,2
12764,2
12765,1
12766,3
12767,6
12768,5
12769,2
12770,2
12771,5
12772,3
12773,1
12774,1
12775,4
12776,2
12777,1
12778,3
12779,2
12780,1
12781,4
12782,1
12783,3
12784,2
12785,1
12786,1
12787,2
12788,3
12789,3
12790,3
12791,4
12792,1
12793,1
12794,3
12795,1
12796,3
12797,1
12798,1
12799,5
12800,2
12801,1
12802,2
12803,4
12804,4
12805,1
12806,3
12807,3
12808,4
12809,2
12810,1
12811,2
12812,2
12813,3
12814,3
12815,1
12816,1
12817,6
12818,2
12819,2
12820,2
12821,2
12822,1
12823,2
12824,1
12825,1
12826,4
12827,3
12828,1
12829,4
12830,3
12831,1
12832,2
12833,2
12834,4
12835,1
12836,4
12837,5
12838,3
12839,2
12840,1
12841,1
12842,3
12843,1
12844,6
12845,3
12846,1
12847,3
12848,1
12849,2
12850,6
12851,3
12852,2
12853,2
12854,2
12855,2
12856,3
12857,5
12858,1
12859,1
12860,3
12861,3
12862,1
12863,5
12864,2
12865,2
12866,1
12867,1
12868,4
12869,4
12870,1
12871,5
12872,3
12873,2
12874,1
12875,4
12876,4
12877,3
12878,1
12879,3
12880,1
12881,4
12882,4
12883,1
12884,3
12885,3
12886,1
12887,4
12888,1
12889,4
12890,3
12891,6
12892,4
12893,4
12894,3
12895,3
12896,3
12897,3
12898,1
12899,1
12900,3
12901,5
12902,1
12903,5
12904,4
12905,1
12906,3
12907,2
12908,6
12909,2
12910,2
12911,3
12912,1
12913,3
12914,5
12915,4
12916,4
12917,3
12918,3
12919,5
12920,3
12921,2
12922,5
12923,3
12924,1
12925,3
12926,3
12927,1
12928,1
12929,2
12930,2
12931,4
12932,3
12933,3
12934,6
12935,1
12936,1
12937,3
12938,3
12939,1
12940,5
12941,3
12942,3
12943,1
12944,1
12945,1
12946,3
12947,2
12948,2
12949,3
12950,3
12951,2
12952,2
12953,3
12954,3
12955,3
12956,4
12957,1
12958,4
12959,4
12960,1
12961,1
12962,2
12963,3
12964,4
12965,2
12966,1
12967,2
12968,2
12969,2
12970,6
12971,2
12972,4
12973,1
12974,1
12975,1
12976,1
12977,3
12978,2
12979,2
12980,2
12981,2
12982,4
12983,4
12984,3
12985,1
12986,1
12987,3
12988,3
12989,3
12990,3
12991,3
12992,2
12993,2
12994,3
12995,1
12996,4
12997,2
12998,1
12999,2
13000,3
13001,2
13002,1
13003,4
13004,4
13005,1
13006,5
13007,4
13008,2
13009,2
13010,2
13011,4
13012,2
13013,6
13014,5
13015,4
13016,1
13017,2
13018,2
13019,3
13020,4
13021,3
13022,1
13023,3
13024,2
13025,4
13026,3
13027,3
13028,3
13029,4
13030,2
13031,1
13032,2
13033,1
13034,5
13035,1
13036,3
13037,3
13038,3
13039,1
13040,2
13041,2
13042,4
13043,2
13044,2
13045,1
13046,1
13047,4
13048,1
13049,2
13050,1
13051,4
13052,3
13053,2
13054,2
13055,1
13056,3
13057,3
13058,1
13059,3
13060,4
13061,4
13062,2
13063,4
13064,2
13065,3
13066,2
13067,1
13068,1
13069,1
13070,4
13071,1
13072,4
13073,1
13074,2
13075,1
13076,2
13077,1
13078,2
13079,2
13080,4
13081,5
13082,3
13083,2
13084,3
13085,2
13086,1
13087,2
13088,4
13089,2
13090,2
13091,4
13092,2
13093,3
13094,2
13095,2
13096,5
13097,2
13098,4
13099,4
13100,1
13101,4
13102,3
13103,1
13104,2
13105,4
13106,3
13107,3
13108,4
13109,6
13110,4
13111,2
13112,3
13113,4
13114,1
13115,2
13116,1
13117,3
13118,2
13119,1
13120,2
13121,1
13122,1
13123,3
13124,1
13125,1
13126,2
13127,5
13128,3
13129,2
13130,1
13131,3
13132,1
13133,1
13134,2
13135,2
13136,3
13137,6
13138,1
13139,3
13140,2
13141,3
13142,1
13143,2
13144,2
13145,2
13146,1
13147,1
13148,1
13149,2
13150,3
13151,3
13152,1
13153,3
13154,3
13155,1
13156,3
13157,2
13158,3
13159,3
13160,1
13161,2
13162,2
13163,2
13164,1
13165,2
13166,2
13167,4
13168,2
13169,1
13170,1
13171,6
13172,2
13173,2
13174,1
13175,1
13176,4
13177,4
13178,2
13179,2
13180,2
13181,3
13182,2
13183,2
13184,4
13185,3
13186,1
13187,2
13188,6
13189,3
13190,1
13191,2
13192,1
13193,5
13194,3
13195,2
13196,4
13197,5
13198,1
13199,6
13200,3
13201,3
13202,4
13203,2
13204,2
13205,2
13206,3
13207,1
13208,1
13209,2
13210,1
13211,1
13212,6
13213,5
13214,5
13215,1
13216,1
13217,2
13218,3
13219,2
13220,3
13221,3
13222,2
13223,5
13224,3
13225,2
13226,1
13227,2
13228,3
13229,1
13230,1
13231,3
13232,4
13233,1
13234,3
13235,3
13236,2
13237,2
13238,5
13239,8
13240,2
13241,1
13242,1
13243,3
13244,2
13245,2
13246,3
13247,1
13248,1
13249,2
13250,2
13251,4
13252,2
13253,1
13254,3
13255,2
13256,3
13257,4
13258,3
13259,2
13260,1
13261,3
13262,5
13263,4
13264,3
13265,2
13266,2
13267,5
13268,2
13269,2
13270,2
13271,2
13272,4
13273,1
13274,2
13275,1
13276,4
13277,3
13278,3
13279,3
13280,2
13281,2
13282,2
13283,3
13284,1
13285,4
13286,4
13287,4
13288,4
13289,3
13290,2
13291,2
13292,1
13293,4
13294,2
13295,1
13296,8
13297,2
13298,2
13299,1
13300,4
13301,2
13302,1
13303,3
13304,3
13305,1
13306,3
13307,1
13308,2
13309,1
13310,4
13311,1
13312,2
13313,3
13314,3
13315,2
13316,5
13317,6
13318,2
13319,3
13320,4
13321,1
13322,3
13323,2
13324,1
13325,2
13326,4
13327,2
13328,1
13329,2
13330,2
13331,2
13332,3
13333,1
13334,2
13335,3
13336,2
13337,1
13338,5
13339,2
13340,1
13341,5
13342,1
13343,3
13344,5
13345,3
13346,1
13347,2
13348,1
13349,2
13350,4
13351,4
13352,5
13353,1
13354,3
13355,3
13356,2
13357,3
13358,4
13359,3
13360,3
13361,4
13362,1
13363,1
13364,1
13365,3
13366,2
13367,3
13368,2
13369,1
13370,4
13371,1
13372,2
13373,3
13374,3
13375,4
13376,4
13377,2
13378,3
13379,2
13380,4
13381,5
13382,2
13383,2
13384,3
13385,2
13386,1
13387,2
13388,5
13389,3
13390,1
13391,2
13392,1
13393,2
13394,2
13395,1
13396,2
13397,2
13398,2
13399,3
13400,2
13401,3
13402,2
13403,8
13404,2
13405,2
13406,1
13407,2
13408,1
13409,6
13410,2
13411,2
13412,1
13413,1
13414,2
13415,2
13416,3
13417,1
13418,1
13419,3
13420,3
13421,3
13422,3
13423,2
13424,3
13425,1
13426,2
13427,3
13428,4
13429,2
13430,4
13431,1
13432,5
13433,3
13434,4
13435,5
13436,2
13437,7
13438,4
13439,3
13440,5
13441,1
13442,1
13443,1
13444,2
13445,2
13446,3
13447,2
13448,2
13449,3
13450,5
13451,1
13452,1
13453,1
13454,1
13455,4
13456,3
13457,3
13458,2
13459,3
13460,3
13461,3
13462,3
13463,2
13464,3
13465,5
13466,3
13467,3
13468,1
13469,2
13470,3
13471,3
13472,2
13473,2
13474,3
13475,3
13476,4
13477,2
13478,2
13479,3
13480,3
13481,1
13482,2
13483,2
13484,1
13485,6
13486,1
13487,5
13488,5
13489,2
13490,2
13491,5
13492,4
13493,3
13494,3
13495,2
13496,4
13497,3
13498,4
13499,4
13500,3
13501,1
13502,1
13503,1
13504,1
13505,4
13506,2
13507,4
13508,1
13509,2
13510,4
13511,3
13512,1
13513,3
13514,4
13515,2
13516,2
13517,5
13518,1
13519,1
13520,2
13521,3
13522,7
13523,3
13524,1
13525,2
13526,4
13527,3
13528,3
13529,1
13530,1
13531,6
13532,4
13533,2
13534,4
13535,1
13536,2
13537,3
13538,3
13539,1
13540,2
13541,1
13542,2
13543,6
13544,4
13545,1
13546,1
13547,2
13548,2
13549,1
13550,5
13551,2
13552,2
13553,3
13554,2
13555,2
13556,4
13557,2
13558,1
13559,2
13560,4
13561,1
13562,2
13563,4
13564,3
13565,1
13566,3
13567,3
13568,4
13569,1
13570,3
13571,3
13572,1
13573,3
13574,1
13575,1
13576,4
13577,2
13578,3
13579,3
13580,5
13581,3
13582,3
13583,2
13584,6
13585,2
13586,2
13587,2
13588,3
13589,2
13590,4
13591,4
13592,5
13593,2
13594,1
13595,2
13596,3
13597,1
13598,3
13599,1
13600,4
13601,3
13602,2
13603,2
13604,1
13605,1
13606,1
13607,1
13608,3
13609,3
13610,4
13611,1
13612,3
13613,2
13614,1
13615,3
13616,3
13617,4
13618,2
13619,2
13620,1
13621,5
13622,3
13623,5
13624,3
13625,3
13626,2
13627,3
13628,3
13629,2
13630,7
13631,2
13632,2
13633,1
13634,1
13635,3
13636,3
13637,2
13638,1
13639,1
13640,5
13641,2
13642,1
13643,5
13644,1
13645,1
13646,2
13647,2
13648,2
13649,3
13650,2
13651,2
13652,3
13653,3
13654,4
13655,2
13656,1
13657,5
13658,5
13659,1
13660,1
13661,2
13662,2
13663,2
13664,3
13665,5
13666,1
13667,2
13668,2
13669,1
13670,2
13671,3
13672,3
13673,5
13674,1
13675,6
13676,2
13677,6
13678,2
13679,2
13680,1
13681,2
13682,3
13683,3
13684,2
13685,1
13686,1
13687,4
13688,5
13689,4
13690,3
13691,2
13692,2
13693,1
13694,5
13695,5
13696,8
13697,1
13698,2
13699,2
13700,3
13701,4
13702,4
13703,2
13704,1
13705,2
13706,3
13707,1
13708,2
13709,1
13710,3
13711,3
13712,1
13713,2
13714,2
13715,1
13716,4
13717,3
13718,3
13719,1
13720,2
13721,9
13722,2
13723,2
13724,4
13725,2
13726,2
13727,1
13728,1
13729,3
13730,1
13731,3
13732,2
13733,2
13734,3
13735,3
13736,1
13737,3
13738,4
13739,2
13740,4
13741,4
13742,3
13743,2
13744,3
13745,5
13746,3
13747,4
13748,2
13749,2
13750,1
13751,7
13752,3
13753,1
13754,2
13755,4
13756,2
13757,4
13758,2
13759,2
13760,4
13761,1
13762,1
13763,2
13764,1
13765,4
13766,1
13767,4
13768,1
13769,4
13770,2
13771,2
13772,1
13773,2
13774,2
13775,1
13776,3
13777,1
13778,2
13779,2
13780,3
13781,2
13782,4
13783,2
13784,2
13785,4
13786,1
13787,2
13788,2
13789,3
13790,1
13791,2
13792,5
13793,2
13794,1
13795,1
13796,2
13797,1
13798,2
13799,4
13800,2
13801,2
13802,1
13803,7
13804,1
13805,2
13806,2
13807,4
13808,3
13809,1
13810,2
13811,1
13812,3
13813,1
13814,3
13815,2
13816,1
13817,2
13818,4
13819,3
13820,1
13821,3
13822,2
13823,2
13824,4
13825,1
13826,3
13827,3
13828,1
13829,1
13830,4
13831,2
13832,1
13833,2
13834,2
13835,3
13836,2
13837,5
13838,1
13839,3
13840,4
13841,1
13842,5
13843,2
13844,5
13845,5
13846,1
13847,5
13848,3
13849,3
13850,2
13851,6
13852,2
13853,2
13854,3
13855,2
13856,1
13857,3
13858,1
13859,3
13860,2
13861,4
13862,4
13863,4
13864,5
13865,1
13866,1
13867,2
13868,5
13869,1
13870,3
13871,1
13872,1
13873,4
13874,3
13875,2
13876,2
13877,8
13878,2
13879,3
13880,1
13881,1
13882,2
13883,1
13884,2
13885,1
13886,1
13887,3
13888,3
13889,2
13890,2
13891,4
13892,3
13893,4
13894,3
13895,4
13896,4
13897,3
13898,4
13899,4
13900,2
13901,2
13902,2
13903,2
13904,5
13905,2
13906,3
13907,4
13908,4
13909,2
13910,5
13911,3
13912,1
13913,1
13914,2
13915,4
13916,4
13917,1
13918,1
13919,1
13920,2
13921,3
13922,4
13923,4
13924,4
13925,2
13926,4
13927,2
13928,1
13929,1
13930,1
13931,3
13932,3
13933,2
13934,2
13935,3
13936,1
13937,1
13938,4
13939,4
13940,1
13941,4
13942,2
13943,2
13944,4
13945,1
13946,1
13947,2
13948,1
13949,3
13950,1
13951,2
13952,1
13953,1
13954,3
13955,5
13956,1
13957,2
13958,3
13959,1
13960,2
13961,2
13962,2
13963,4
13964,4
13965,3
13966,1
13967,2
13968,2
13969,2
13970,3
13971,3
13972,1
13973,2
13974,2
13975,2
13976,2
13977,4
13978,1
13979,2
13980,3
13981,2
13982,5
13983,2
13984,1
13985,6
13986,3
13987,1
13988,3
13989,1
13990,2
13991,1
13992,1
13993,1
13994,3
13995,2
13996,3
13997,1
13998,2
13999,2
14000,1
14001,1
14002,2
14003,2
14004,3
14005,3
14006,3
14007,1
14008,2
14009,3
14010,5
14011,2
14012,2
14013,3
14014,5
14015,2
14016,2
14017,2
14018,5
14019,3
14020,1
14021,1
14022,2
14023,3
14024,3
14025,5
14026,1
14027,1
14028,1
14029,4
14030,4
14031,2
14032,6
14033,3
14034,1
14035,3
14036,2
14037,3
14038,2
14039,2
14040,2
14041,2
14042,1
14043,2
14044,3
14045,3
14046,4
14047,2
14048,2
14049,2
14050,2
14051,4
14052,2
14053,3
14054,2
14055,3
14056,5
14057,4
14058,2
14059,2
14060,1
14061,2
14062,1
14063,3
14064,2
14065,4
14066,2
14067,3
14068,4
14069,3
14070,3
14071,2
14072,1
14073,2
14074,2
14075,2
14076,2
14077,2
14078,2
14079,4
14080,1
14081,1
14082,3
14083,2
14084,2
14085,5
14086,1
14087,3
14088,1
14089,1
14090,2
14091,3
14092,3
14093,1
14094,4
14095,1
14096,3
14097,4
14098,3
14099,1
14100,1
14101,3
14102,2
14103,1
14104,1
14105,3
14106,5
14107,1
14108,3
14109,3
14110,4
14111,2
14112,2
14113,2
14114,6
14115,2
14116,1
14117,4
14118,1
14119,3
14120,1
14121,4
14122,2
14123,1
14124,1
14125,2
14126,3
14127,4
14128,1
14129,2
14130,2
14131,4
14132,2
14133,4
14134,1
14135,1
14136,2
14137,3
14138,2
14139,4
14140,3
14141,3
14142,1
14143,3
14144,3
14145,2
14146,5
14147,2
14148,3
14149,2
14150,2
14151,5
14152,4
14153,2
14154,1
14155,4
14156,3
14157,2
14158,2
14159,2
14160,5
14161,1
14162,2
14163,1
14164,2
14165,3
14166,5
14167,2
14168,1
14169,4
14170,6
14171,1
14172,1
14173,2
14174,1
14175,3
14176,2
14177,1
14178,2
14179,1
14180,1
14181,1
14182,1
14183,2
14184,2
14185,2
14186,2
14187,1
14188,3
14189,4
14190,3
14191,1
14192,3
14193,2
14194,6
14195,2
14196,2
14197,2
14198,4
14199,3
14200,2
14201,1
14202,3
14203,3
14204,1
14205,2
14206,2
14207,1
14208,6
14209,2
14210,3
14211,2
14212,1
14213,2
14214,2
14215,6
14216,1
14217,4
14218,3
14219,1
14220,2
14221,4
14222,2
14223,4
14224,1
14225,6
14226,4
14227,2
14228,3
14229,2
14230,2
14231,1
14232,1
14233,3
14234,1
14235,1
14236,1
14237,3
14238,4
14239,1
14240,4
14241,2
14242,4
14243,3
14244,1
14245,3
14246,3
14247,1
14248,4
14249,6
14250,1
14251,5
14252,2
14253,1
14254,2
14255,3
14256,5
14257,2
14258,1
14259,3
14260,2
14261,3
14262,3
14263,3
14264,4
14265,1
14266,1
14267,2
14268,2
14269,1
14270,2
14271,1
14272,1
14273,1
14274,1
14275,2
14276,4
14277,2
14278,2
14279,1
14280,2
14281,4
14282,1
14283,2
14284,3
14285,2
14286,4
14287,2
14288,2
14289,1
14290,1
14291,3
14292,2
14293,2
14294,1
14295,1
14296,2
14297,1
14298,3
14299,3
14300,1
14301,1
14302,1
14303,3
14304,2
14305,1
14306,1
14307,4
14308,4
14309,3
14310,1
14311,2
14312,2
14313,1
14314,2
14315,3
14316,2
14317,2
14318,2
14319,2
14320,2
14321,5
14322,2
14323,2
14324,3
14325,3
14326,3
14327,3
14328,4
14329,3
14330,1
14331,2
14332,4
14333,3
14334,4
14335,2
14336,2
14337,2
14338,1
14339,2
14340,5
14341,1
14342,2
14343,2
14344,3
14345,2
14346,3
14347,3
14348,1
14349,3
14350,2
14351,2
14352,1
14353,2
14354,4
14355,4
14356,1
14357,2
14358,2
14359,2
14360,4
14361,2
14362,2
14363,2
14364,1
14365,1
14366,2
14367,1
14368,4
14369,4
14370,1
14371,3
14372,1
14373,2
14374,1
14375,5
14376,1
14377,1
14378,3
14379,2
14380,1
14381,1
14382,2
14383,2
14384,3
14385,3
14386,4
14387,3
14388,1
14389,5
14390,2
14391,5
14392,2
14393,1
14394,2
14395,3
14396,4
14397,3
14398,2
14399,1
14400,3
14401,1
14402,4
14403,1
14404,3
14405,4
14406,4
14407,4
14408,4
14409,3
14410,1
14411,1
14412,2
14413,2
14414,3
14415,4
14416,2
14417,2
14418,1
14419,5
14420,4
14421,3
14422,4
14423,1
14424,3
14425,2
14426,4
14427,1
14428,1
14429,2
14430,1
14431,2
14432,5
14433,2
14434,5
14435,1
14436,1
14437,2
14438,3
14439,3
14440,1
14441,1
14442,1
14443,2
14444,1
14445,1
14446,4
14447,1
14448,2
14449,1
14450,3
14451,4
14452,4
14453,2
14454,3
14455,4
14456,2
14457,2
14458,3
14459,2
14460,1
14461,2
14462,2
14463,2
14464,3
14465,5
14466,3
14467,1
14468,6
14469,1
14470,3
14471,2
14472,1
14473,2
14474,2
14475,1
14476,2
14477,3
14478,7
14479,2
14480,3
14481,1
14482,3
14483,3
14484,2
14485,2
14486,1
14487,2
14488,5
14489,2
14490,3
14491,3
14492,1
14493,2
14494,2
14495,3
14496,1
14497,2
14498,3
14499,1
14500,2
14501,4
14502,1
14503,3
14504,3
14505,3
14506,2
14507,1
14508,1
14509,3
14510,1
14511,4
14512,3
14513,3
14514,1
14515,2
14516,1
14517,4
14518,5
14519,1
14520,4
14521,1
14522,4
14523,1
14524,1
14525,1
14526,5
14527,3
14528,1
14529,3
14530,3
14531,3
14532,3
14533,1
14534,1
14535,1
14536,4
14537,6
14538,3
14539,1
14540,2
14541,5
14542,2
14543,2
14544,3
14545,5
14546,3
14547,5
14548,3
14549,3
14550,1
14551,1
14552,3
14553,1
14554,2
14555,1
14556,2
14557,3
14558,1
14559,5
14560,1
14561,8
14562,3
14563,2
14564,1
14565,3
14566,1
14567,2
14568,5
14569,2
14570,6
14571,4
14572,1
14573,1
14574,3
14575,1
14576,4
14577,2
14578,3
14579,1
14580,4
14581,1
14582,3
14583,1
14584,3
14585,1
14586,2
14587,1
14588,3
14589,1
14590,2
14591,2
14592,2
14593,1
14594,5
14595,1
14596,1
14597,1
14598,1
14599,1
14600,1
14601,2
14602,4
14603,2
14604,1
14605,3
14606,1
14607,3
14608,1
14609,1
14610,2
14611,1
14612,2
14613,2
14614,4
14615,3
14616,4
14617,1
14618,2
14619,2
14620,3
14621,3
14622,5
14623,2
14624,3
14625,1
14626,3
14627,1
14628,1
14629,5
14630,3
14631,3
14632,2
14633,2
14634,1
14635,3
14636,4
14637,4
14638,2
14639,6
14640,2
14641,1
14642,5
14643,2
14644,4
14645,1
14646,1
14647,1
14648,4
14649,3
14650,2
14651,3
14652,3
14653,1
14654,6
14655,2
14656,1
14657,3
14658,6
14659,2
14660,3
14661,3
14662,1
14663,2
14664,2
14665,4
14666,3
14667,4
14668,1
14669,1
14670,1
14671,4
14672,2
14673,2
14674,1
14675,4
14676,1
14677,3
14678,1
14679,2
14680,2
14681,1
14682,2
14683,1
14684,2
14685,3
14686,3
14687,2
14688,4
14689,1
14690,3
14691,2
14692,1
14693,5
14694,3
14695,2
14696,3
14697,2
14698,2
14699,5
14700,2
14701,2
14702,3
14703,5
14704,3
14705,3
14706,6
14707,5
14708,3
14709,3
14710,1
14711,2
14712,3
14713,3
14714,4
14715,2
14716,1
14717,2
14718,6
14719,1
14720,1
14721,1
14722,1
14723,2
14724,3
14725,1
14726,4
14727,4
14728,1
14729,2
14730,5
14731,3
14732,2
14733,1
14734,2
14735,2
14736,2
14737,4
14738,3
14739,3
14740,2
14741,7
14742,1
14743,4
14744,2
14745,7
14746,2
14747,2
14748,5
14749,3
14750,5
14751,4
14752,6
14753,4
14754,1
14755,2
14756,5
14757,5
14758,7
14759,1
14760,2
14761,3
14762,1
14763,2
14764,3
14765,1
14766,2
14767,2
14768,1
14769,2
14770,3
14771,3
14772,1
14773,2
14774,2
14775,1
14776,1
14777,4
14778,1
14779,1
14780,3
14781,4
14782,3
14783,3
14784,1
14785,1
14786,3
14787,1
14788,4
14789,2
14790,1
14791,2
14792,2
14793,2
14794,2
14795,2
14796,2
14797,3
14798,3
14799,1
14800,2
14801,4
14802,2
14803,2
14804,3
14805,1
14806,2
14807,3
14808,4
14809,3
14810,3
14811,3
14812,4
14813,3
14814,3
14815,1
14816,3
14817,1
14818,1
14819,3
14820,4
14821,4
14822,1
14823,2
14824,1
14825,3
14826,2
14827,4
14828,1
14829,2
14830,2
14831,3
14832,1
14833,3
14834,2
14835,3
14836,4
14837,4
14838,1
14839,3
14840,1
14841,5
14842,2
14843,3
14844,2
14845,2
14846,3
14847,6
14848,3
14849,2
14850,5
14851,2
14852,2
14853,2
14854,3
14855,3
14856,3
14857,1
14858,3
14859,2
14860,4
14861,1
14862,1
14863,3
14864,4
14865,1
14866,1
14867,2
14868,2
14869,3
14870,3
14871,2
14872,2
14873,2
14874,2
14875,3
14876,2
14877,1
14878,2
14879,2
14880,3
14881,5
14882,4
14883,2
14884,4
14885,3
14886,4
14887,6
14888,2
14889,5
14890,6
14891,2
14892,1
14893,2
14894,1
14895,3
14896,5
14897,3
14898,3
14899,2
14900,1
14901,6
14902,5
14903,1
14904,3
14905,2
14906,1
14907,1
14908,1
14909,4
14910,3
14911,2
14912,2
14913,2
14914,1
14915,1
14916,1
14917,3
14918,1
14919,5
14920,1
14921,2
14922,6
14923,7
14924,2
14925,2
14926,2
14927,3
14928,3
14929,4
14930,2
14931,3
14932,4
14933,4
14934,2
14935,1
14936,2
14937,2
14938,4
14939,2
14940,1
14941,2
14942,4
14943,4
14944,3
14945,2
14946,1
14947,2
14948,2
14949,3
14950,1
14951,5
14952,1
14953,3
14954,3
14955,2
14956,3
14957,2
14958,2
14959,3
14960,2
14961,3
14962,3
14963,4
14964,2
14965,3
14966,3
14967,3
14968,1
14969,4
14970,1
14971,1
14972,1
14973,3
14974,1
14975,1
14976,1
14977,1
14978,2
14979,1
14980,2
14981,3
14982,2
14983,2
14984,4
14985,1
14986,1
14987,4
14988,3
14989,1
14990,1
14991,8
14992,3
14993,1
14994,4
14995,3
14996,2
14997,1
14998,3
14999,1
15000,2
15001,3
15002,3
15003,3
15004,1
15005,4
15006,3
15007,1
15008,4
15009,3
15010,1
15011,1
15012,4
15013,7
15014,2
15015,2
15016,1
15017,3
15018,4
15019,4
15020,3
15021,2
15022,3
15023,3
15024,5
15025,1
15026,3
15027,3
15028,3
15029,3
15030,3
15031,2
15032,2
15033,4
15034,3
15035,3
15036,1
15037,1
15038,1
15039,1
15040,3
15041,3
15042,1
15043,2
15044,4
15045,3
15046,2
15047,2
15048,1
15049,1
15050,2
15051,4
15052,1
15053,7
15054,2
15055,3
15056,5
15057,1
15058,2
15059,2
15060,2
15061,3
15062,2
15063,3
15064,3
15065,2
15066,1
15067,3
15068,1
15069,1
15070,1
15071,1
15072,1
15073,3
15074,3
15075,4
15076,2
15077,1
15078,1
15079,2
15080,5
15081,2
15082,2
15083,2
15084,1
15085,4
15086,1
15087,3
15088,3
15089,3
15090,3
15091,3
15092,3
15093,2
15094,3
15095,3
15096,4
15097,6
15098,3
15099,2
15100,2
15101,1
15102,2
15103,3
15104,3
15105,1
15106,2
15107,2
15108,2
15109,1
15110,3
15111,5
15112,2
15113,5
15114,4
15115,3
15116,1
15117,4
15118,3
15119,2
15120,2
15121,1
15122,2
15123,2
15124,5
15125,2
15126,2
15127,3
15128,4
15129,4
15130,2
15131,1
15132,3
15133,1
15134,3
15135,1
15136,2
15137,4
15138,2
15139,3
15140,2
15141,1
15142,1
15143,2
15144,3
15145,4
15146,2
15147,4
15148,1
15149,2
15150,3
15151,2
15152,2
15153,4
15154,4
15155,4
15156,1
15157,2
15158,3
15159,1
15160,4
15161,1
15162,4
15163,3
15164,3
15165,2
15166,1
15167,1
15168,1
15169,4
15170,5
15171,2
15172,4
15173,1
15174,5
15175,2
15176,5
15177,1
15178,5
15179,2
15180,3
15181,3
15182,4
15183,3
15184,2
15185,6
15186,3
15187,2
15188,2
15189,1
15190,1
15191,3
15192,5
15193,3
15194,2
15195,2
15196,3
15197,2
15198,3
15199,2
15200,5
15201,5
15202,1
15203,3
15204,1
15205,3
15206,3
15207,2
15208,3
15209,2
15210,1
15211,1
15212,2
15213,1
15214,1
15215,1
15216,1
15217,2
15218,4
15219,4
15220,3
15221,4
15222,4
15223,3
15224,3
15225,1
15226,2
15227,2
15228,2
15229,5
15230,2
15231,3
15232,2
15233,3
15234,1
15235,2
15236,2
15237,3
15238,2
15239,4
15240,2
15241,6
15242,1
15243,3
15244,2
15245,1
15246,3
15247,2
15248,1
15249,3
15250,2
15251,2
15252,3
15253,3
15254,4
15255,1
15256,4
15257,3
15258,3
15259,3
15260,1
15261,5
15262,2
15263,5
15264,2
15265,3
15266,1
15267,2
15268,2
15269,1
15270,2
15271,1
15272,4
15273,2
15274,2
15275,5
15276,4
15277,2
15278,2
15279,2
15280,1
15281,3
15282,6
15283,3
15284,2
15285,2
15286,4
15287,2
15288,2
15289,1
15290,1
15291,3
15292,1
15293,1
15294,5
15295,1
15296,1
15297,2
15298,4
15299,2
15300,2
15301,3
15302,3
15303,1
15304,2
15305,1
15306,5
15307,6
15308,2
15309,1
15310,2
15311,1
15312,5
15313,3
15314,5
15315,3
15316,4
15317,2
15318,3
15319,2
15320,3
15321,2
15322,1
15323,3
15324,1
15325,2
15326,3
15327,3
15328,2
15329,2
15330,2
15331,2
15332,2
15333,2
15334,2
15335,1
15336,2
15337,3
15338,2
15339,4
15340,2
15341,4
15342,2
15343,1
15344,1
15345,4
15346,1
15347,1
15348,2
15349,2
15350,2
15351,1
15352,1
15353,2
15354,1
15355,3
15356,5
15357,3
15358,3
15359,3
15360,2
15361,1
15362,2
15363,4
15364,2
15365,2
15366,3
15367,2
15368,3
15369,2
15370,3
15371,6
15372,2
15373,2
15374,5
15375,2
15376,3
15377,4
15378,3
15379,1
15380,2
15381,1
15382,2
15383,4
15384,4
15385,1
15386,2
15387,1
15388,4
15389,4
15390,3
15391,3
15392,2
15393,4
15394,2
15395,2
15396,1
15397,1
15398,1
15399,1
15400,2
15401,1
15402,5
15403,2
15404,2
15405,1
15406,2
15407,2
15408,2
15409,5
15410,3
15411,2
15412,3
15413,1
15414,1
15415,5
15416,1
15417,1
15418,2
15419,2
15420,3
15421,2
15422,2
15423,2
15424,2
15425,2
15426,2
15427,1
15428,2
15429,1
15430,1
15431,2
15432,1
15433,6
15434,1
15435,3
15436,2
15437,2
15438,2
15439,2
15440,2
15441,1
15442,1
15443,1
15444,1
15445,2
15446,2
15447,4
15448,3
15449,3
15450,1
15451,3
15452,4
15453,4
15454,1
15455,4
15456,2
15457,1
15458,1
15459,3
15460,3
15461,6
15462,1
15463,1
15464,3
15465,1
15466,5
15467,3
15468,3
15469,2
15470,5
15471,1
15472,1
15473,1
15474,3
15475,1
15476,5
15477,2
15478,3
15479,1
15480,3
15481,3
15482,1
15483,1
15484,3
15485,1
15486,2
15487,2
15488,1
15489,3
15490,2
15491,5
15492,2
15493,2
15494,4
15495,5
15496,2
15497,3
15498,4
15499,3
15500,3
15501,4
15502,1
15503,2
15504,4
15505,2
15506,6
15507,1
15508,4
15509,3
15510,3
15511,4
15512,3
15513,2
15514,2
15515,5
15516,5
15517,3
15518,1
15519,7
15520,2
15521,2
15522,6
15523,5
15524,2
15525,3
15526,6
15527,3
15528,5
15529,4
15530,1
15531,2
15532,3
15533,2
15534,2
15535,3
15536,5
15537,2
15538,4
15539,4
15540,2
15541,2
15542,1
15543,2
15544,2
15545,2
15546,2
15547,2
15548,1
15549,3
15550,3
15551,4
15552,2
15553,2
15554,2
15555,3
15556,1
15557,2
15558,2
15559,2
15560,4
15561,3
15562,3
15563,2
15564,3
15565,1
15566,3
15567,2
15568,1
15569,1
15570,1
15571,3
15572,1
15573,6
15574,1
15575,2
15576,1
15577,4
15578,1
15579,2
15580,7
15581,5
15582,3
15583,3
15584,3
15585,5
15586,2
15587,1
15588,1
15589,2
15590,1
15591,4
15592,2
15593,4
15594,4
15595,4
15596,1
15597,5
15598,1
15599,1
15600,3
15601,3
15602,1
15603,1
15604,1
15605,2
15606,2
15607,4
15608,2
15609,2
15610,5
15611,4
15612,2
15613,4
15614,2
15615,1
15616,2
15617,4
15618,3
15619,5
15620,3
15621,4
15622,2
15623,2
15624,3
15625,4
15626,2
15627,3
15628,2
15629,4
15630,1
15631,3
15632,1
15633,1
15634,2
15635,5
15636,2
15637,1
15638,3
15639,2
15640,2
15641,2
15642,2
15643,4
15644,4
15645,2
15646,2
15647,2
15648,1
15649,4
15650,1
15651,1
15652,2
15653,2
15654,3
15655,4
15656,4
15657,3
15658,1
15659,4
15660,3
15661,1
15662,1
15663,3
15664,1
15665,4
15666,3
15667,1
15668,3
15669,1
15670,1
15671,8
15672,2
15673,6
15674,1
15675,1
15676,3
15677,2
15678,1
15679,1
15680,1
15681,2
15682,2
15683,3
15684,1
15685,6
15686,3
15687,2
15688,2
15689,3
15690,2
15691,3
15692,5
15693,3
15694,1
15695,2
15696,2
15697,4
15698,1
15699,3
15700,4
15701,2
15702,3
15703,3
15704,2
15705,3
15706,3
15707,1
15708,3
15709,1
15710,1
15711,4
15712,1
15713,2
15714,1
15715,3
15716,1
15717,4
15718,4
15719,1
15720,2
15721,4
15722,3
15723,4
15724,3
15725,4
15726,2
15727,3
15728,2
15729,2
15730,3
15731,1
15732,1
15733,1
15734,3
15735,3
15736,2
15737,3
15738,5
15739,1
15740,4
15741,1
15742,2
15743,1
15744,2
15745,1
15746,2
15747,2
15748,4
15749,4
15750,1
15751,3
15752,3
15753,5
15754,4
15755,2
15756,2
15757,1
15758,5
15759,6
15760,5
15761,1
15762,2
15763,4
15764,2
15765,3
15766,3
15767,1
15768,1
15769,3
15770,1
15771,1
15772,2
15773,1
15774,1
15775,4
15776,6
15777,7
15778,2
15779,2
15780,1
15781,2
15782,3
15783,3
15784,2
15785,3
15786,2
15787,2
15788,2
15789,4
15790,1
15791,3
15792,3
15793,2
15794,1
15795,2
15796,1
15797,3
15798,4
15799,2
15800,2
15801,3
15802,2
15803,4
15804,3
15805,1
15806,1
15807,6
15808,3
15809,1
15810,3
15811,1
15812,2
15813,1
15814,1
15815,1
15816,2
15817,4
15818,5
15819,1
15820,4
15821,3
15822,1
15823,5
15824,2
15825,3
15826,1
15827,2
15828,4
15829,2
15830,1
15831,1
15832,5
15833,2
15834,4
15835,3
15836,4
15837,1
15838,7
15839,1
15840,2
15841,1
15842,2
15843,1
15844,1
15845,5
15846,1
15847,1
15848,2
15849,1
15850,4
15851,1
15852,2
15853,5
15854,3
15855,4
15856,2
15857,6
15858,3
15859,3
15860,2
15861,3
15862,2
15863,4
15864,3
15865,1
15866,1
15867,3
15868,3
15869,2
15870,3
15871,1
15872,1
15873,5
15874,2
15875,4
15876,2
15877,4
15878,2
15879,3
15880,3
15881,4
15882,1
15883,1
15884,4
15885,3
15886,1
15887,2
15888,2
15889,2
15890,3
15891,2
15892,2
15893,1
15894,3
15895,2
15896,2
15897,4
15898,4
15899,2
15900,1
15901,1
15902,3
15903,5
15904,1
15905,4
15906,3
15907,1
15908,6
15909,5
15910,3
15911,1
15912,1
15913,4
15914,4
15915,1
15916,1
15917,2
15918,2
15919,2
15920,1
15921,2
15922,5
15923,1
15924,5
15925,2
15926,2
15927,2
15928,2
15929,3
15930,1
15931,2
15932,3
15933,3
15934,2
15935,2
15936,4
15937,3
15938,4
15939,2
15940,2
15941,1
15942,2
15943,2
15944,1
15945,2
15946,1
15947,1
15948,1
15949,2
15950,3
15951,6
15952,3
15953,2
15954,4
15955,4
15956,1
15957,1
15958,4
15959,4
15960,1
15961,2
15962,3
15963,4
15964,1
15965,6
15966,2
15967,2
15968,2
15969,5
15970,6
15971,1
15972,2
15973,1
15974,3
15975,1
15976,3
15977,4
15978,5
15979,1
15980,3
15981,2
15982,2
15983,2
15984,2
15985,5
15986,1
15987,2
15988,2
15989,3
15990,5
15991,2
15992,2
15993,1
15994,2
15995,3
15996,3
15997,4
15998,1
15999,1
16000,1
16001,3
16002,3
16003,6
16004,4
16005,1
16006,5
16007,1
16008,3
16009,2
16010,3
16011,2
16012,2
16013,3
16014,1
16015,2
16016,1
16017,1
16018,3
16019,3
16020,3
16021,2
16022,1
16023,1
16024,3
16025,3
16026,2
16027,4
16028,1
16029,2
16030,2
16031,1
16032,2
16033,1
16034,1
16035,2
16036,3
16037,4
16038,2
16039,2
16040,2
16041,2
16042,2
16043,1
16044,4
16045,3
16046,3
16047,5
16048,1
16049,1
16050,1
16051,2
16052,5
16053,2
16054,3
16055,1
16056,3
16057,3
16058,3
16059,1
16060,5
16061,3
16062,1
16063,2
16064,3
16065,3
16066,6
16067,3
16068,3
16069,2
16070,2
16071,4
16072,3
16073,1
16074,2
16075,2
16076,1
16077,2
16078,2
16079,1
16080,1
16081,4
16082,3
16083,1
16084,4
16085,1
16086,1
16087,2
16088,3
16089,4
16090,1
16091,2
16092,1
16093,4
16094,1
16095,3
16096,2
16097,2
16098,4
16099,2
16100,1
16101,2
16102,2
16103,1
16104,3
16105,5
16106,2
16107,3
16108,3
16109,1
16110,4
16111,2
16112,3
16113,1
16114,2
16115,2
16116,1
16117,2
16118,2
16119,1
16120,2
16121,4
16122,1
16123,6
16124,1
16125,2
16126,3
16127,1
16128,3
16129,1
16130,2
16131,3
16132,4
16133,2
16134,3
16135,2
16136,2
16137,4
16138,1
16139,4
16140,2
16141,4
16142,2
16143,1
16144,1
16145,1
16146,2
16147,3
16148,2
16149,2
16150,2
16151,4
16152,4
16153,1
16154,2
16155,4
16156,2
16157,3
16158,2
16159,1
16160,3
16161,4
16162,2
16163,3
16164,2
16165,3
16166,2
16167,1
16168,2
16169,1
16170,2
16171,1
16172,2
16173,4
16174,1
16175,1
16176,6
16177,1
16178,3
16179,2
16180,4
16181,2
16182,5
16183,3
16184,1
16185,1
16186,2
16187,2
16188,6
16189,2
16190,1
16191,5
16192,1
16193,2
16194,2
16195,1
16196,3
16197,2
16198,4
16199,4
16200,2
16201,1
16202,3
16203,1
16204,1
16205,4
16206,2
16207,4
16208,3
16209,2
16210,3
16211,4
16212,4
16213,1
16214,3
16215,1
16216,1
16217,2
16218,3
16219,3
16220,1
16221,2
16222,3
16223,2
16224,1
16225,2
16226,6
16227,1
16228,2
16229,3
16230,2
16231,3
16232,4
16233,2
16234,2
16235,2
16236,1
16237,7
16238,1
16239,1
16240,6
16241,1
16242,1
16243,1
16244,1
16245,3
16246,4
16247,3
16248,2
16249,2
16250,1
16251,3
16252,1
16253,4
16254,3
16255,1
16256,2
16257,3
16258,1
16259,1
16260,4
16261,2
16262,4
16263,2
16264,4
16265,1
16266,2
16267,2
16268,2
16269,5
16270,1
16271,2
16272,1
16273,3
16274,3
16275,1
16276,2
16277,3
16278,2
16279,1
16280,1
16281,2
16282,2
16283,1
16284,2
16285,2
16286,2
16287,4
16288,1
16289,2
16290,2
16291,8
16292,1
16293,3
16294,2
16295,1
16296,1
16297,2
16298,3
16299,2
16300,4
16301,3
16302,3
16303,2
16304,5
16305,6
16306,3
16307,1
16308,1
16309,5
16310,1
16311,3
16312,3
16313,3
16314,1
16315,6
16316,2
16317,2
16318,1
16319,2
16320,3
16321,2
16322,2
16323,1
16324,3
16325,1
16326,4
16327,2
16328,2
16329,1
16330,2
16331,3
16332,2
16333,2
16334,2
16335,1
16336,6
16337,2
16338,5
16339,6
16340,1
16341,1
16342,2
16343,2
16344,2
16345,2
16346,1
16347,1
16348,3
16349,3
16350,5
16351,2
16352,2
16353,1
16354,2
16355,3
16356,4
16357,3
16358,2
16359,2
16360,6
16361,2
16362,2
16363,2
16364,4
16365,1
16366,2
16367,1
16368,4
16369,1
16370,2
16371,1
16372,2
16373,1
16374,3
16375,3
16376,3
16377,2
16378,3
16379,2
16380,2
16381,3
16382,3
16383,1
16384,2
16385,5
16386,2
16387,2
16388,2
16389,4
16390,2
16391,2
16392,2
16393,3
16394,1
16395,2
16396,2
16397,2
16398,2
16399,1
16400,1
16401,1
16402,4
16403,2
16404,3
16405,3
16406,2
16407,4
16408,5
16409,2
16410,2
16411,6
16412,1
16413,2
16414,1
16415,2
16416,3
16417,1
16418,2
16419,3
16420,2
16421,2
16422,1
16423,3
16424,1
16425,3
16426,5
16427,4
16428,2
16429,1
16430,1
16431,1
16432,1
16433,2
16434,2
16435,2
16436,1
16437,3
16438,2
16439,2
16440,2
16441,2
16442,2
16443,2
16444,1
16445,5
16446,4
16447,1
16448,1
16449,3
16450,2
16451,1
16452,3
16453,2
16454,1
16455,2
16456,2
16457,6
16458,1
16459,6
16460,3
16461,2
16462,1
16463,2
16464,4
16465,3
16466,2
16467,4
16468,2
16469,3
16470,4
16471,2
16472,1
16473,3
16474,1
16475,2
16476,4
16477,1
16478,2
16479,3
16480,3
16481,2
16482,3
16483,3
16484,1
16485,2
16486,2
16487,3
16488,4
16489,3
16490,1
16491,1
16492,2
16493,2
16494,3
16495,1
16496,3
16497,2
16498,1
16499,5
16500,2
16501,4
16502,3
16503,2
16504,1
16505,1
16506,2
16507,4
16508,3
16509,6
16510,1
16511,2
16512,1
16513,1
16514,4
16515,3
16516,3
16517,2
16518,2
16519,2
16520,1
16521,3
16522,4
16523,1
16524,3
16525,1
16526,1
16527,4
16528,3
16529,3
16530,2
16531,4
16532,3
16533,1
16534,2
16535,1
16536,2
16537,1
16538,4
16539,5
16540,1
16541,3
16542,3
16543,1
16544,2
16545,4
16546,2
16547,3
16548,1
16549,2
16550,2
16551,1
16552,2
16553,3
16554,2
16555,3
16556,3
16557,2
16558,2
16559,3
16560,4
16561,3
16562,2
16563,2
16564,3
16565,5
16566,1
16567,2
16568,6
16569,1
16570,6
16571,3
16572,3
16573,4
16574,2
16575,1
16576,3
16577,2
16578,3
16579,2
16580,2
16581,1
16582,2
16583,1
16584,3
16585,5
16586,9
16587,2
16588,1
16589,2
16590,2
16591,4
16592,3
16593,1
16594,2
16595,1
16596,1
16597,3
16598,3
16599,5
16600,4
16601,3
16602,2
16603,2
16604,3
16605,1
16606,1
16607,1
16608,3
16609,2
16610,2
16611,3
16612,1
16613,1
16614,3
16615,5
16616,2
16617,1
16618,1
16619,4
16620,1
16621,3
16622,4
16623,2
16624,2
16625,2
16626,4
16627,1
16628,3
16629,2
16630,2
16631,2
16632,2
16633,4
16634,3
16635,2
16636,2
16637,1
16638,1
16639,2
16640,1
16641,3
16642,2
16643,3
16644,2
16645,2
16646,2
16647,2
16648,1
16649,2
16650,3
16651,2
16652,1
16653,5
16654,1
16655,2
16656,1
16657,1
16658,3
16659,1
16660,5
16661,1
16662,2
16663,2
16664,6
16665,1
16666,2
16667,1
16668,3
16669,3
16670,3
16671,2
16672,4
16673,5
16674,1
16675,2
16676,8
16677,1
16678,1
16679,6
16680,4
16681,3
16682,1
16683,2
16684,1
16685,2
16686,1
16687,2
16688,2
16689,2
16690,2
16691,1
16692,2
16693,1
16694,4
16695,4
16696,6
16697,2
16698,2
16699,2
16700,3
16701,4
16702,4
16703,2
16704,4
16705,1
16706,1
16707,6
16708,6
16709,1
16710,3
16711,2
16712,2
16713,1
16714,1
16715,3
16716,4
16717,3
16718,2
16719,3
16720,2
16721,1
16722,2
16723,1
16724,1
16725,1
16726,1
16727,2
16728,3
16729,1
16730,1
16731,4
16732,4
16733,2
16734,1
16735,5
16736,1
16737,2
16738,3
16739,3
16740,2
16741,2
16742,2
16743,7
16744,3
16745,1
16746,5
16747,2
16748,3
16749,2
16750,1
16751,2
16752,1
16753,2
16754,7
16755,1
16756,2
16757,1
16758,2
16759,5
16760,3
16761,1
16762,1
16763,1
16764,1
16765,3
16766,2
16767,1
16768,1
16769,1
16770,3
16771,2
16772,3
16773,3
16774,5
16775,2
16776,2
16777,3
16778,1
16779,3
16780,1
16781,1
16782,1
16783,2
16784,2
16785,3
16786,2
16787,2
16788,2
16789,1
16790,3
16791,1
16792,3
16793,1
16794,2
16795,5
16796,6
16797,6
16798,1
16799,2
16800,2
16801,1
16802,3
16803,1
16804,3
16805,1
16806,1
16807,3
16808,1
16809,3
16810,2
16811,2
16812,1
16813,3
16814,4
16815,6
16816,4
16817,3
16818,2
16819,4
16820,5
16821,2
16822,5
16823,4
16824,1
16825,1
16826,1
16827,3
16828,4
16829,2
16830,1
16831,3
16832,4
16833,4
16834,3
16835,6
16836,3
16837,5
16838,3
16839,3
16840,2
16841,3
16842,1
16843,1
16844,2
16845,1
16846,3
16847,2
16848,3
16849,3
16850,5
16851,6
16852,1
16853,3
16854,1
16855,2
16856,1
16857,3
16858,4
16859,2
16860,1
16861,3
16862,1
16863,5
16864,3
16865,2
16866,4
16867,4
16868,5
16869,1
16870,5
16871,1
16872,1
16873,4
16874,3
16875,1
16876,2
16877,1
16878,2
16879,1
16880,2
16881,6
16882,2
16883,1
16884,2
16885,1
16886,4
16887,1
16888,2
16889,1
16890,3
16891,3
16892,6
16893,1
16894,1
16895,1
16896,2
16897,2
16898,3
16899,3
16900,2
16901,3
16902,3
16903,1
16904,5
16905,5
16906,3
16907,3
16908,1
16909,1
16910,1
16911,2
16912,2
16913,2
16914,1
16915,1
16916,3
16917,2
16918,2
16919,4
16920,1
16921,1
16922,4
16923,1
16924,2
16925,1
16926,3
16927,2
16928,1
16929,2
16930,4
16931,3
16932,2
16933,3
16934,2
16935,2
16936,2
16937,2
16938,1
16939,4
16940,4
16941,2
16942,5
16943,3
16944,2
16945,3
16946,7
16947,1
16948,1
16949,3
16950,2
16951,1
16952,3
16953,1
16954,4
16955,4
16956,2
16957,1
16958,2
16959,3
16960,4
16961,2
16962,2
16963,2
16964,1
16965,1
16966,2
16967,2
16968,3
16969,3
16970,5
16971,5
16972,3
16973,1
16974,3
16975,2
16976,4
16977,3
16978,2
16979,4
16980,3
16981,2
16982,4
16983,1
16984,3
16985,3
16986,1
16987,1
16988,2
16989,5
16990,1
16991,2
16992,6
16993,1
16994,3
16995,1
16996,2
16997,1
16998,3
16999,1
17000,2
17001,1
17002,1
17003,3
17004,2
17005,1
17006,2
17007,5
17008,1
17009,4
17010,3
17011,3
17012,1
17013,1
17014,1
17015,2
17016,2
17017,2
17018,2
17019,1
17020,4
17021,3
17022,4
17023,1
17024,4
17025,1
17026,2
17027,2
17028,2
17029,4
17030,1
17031,2
17032,1
17033,2
17034,2
17035,1
17036,2
17037,3
17038,4
17039,1
17040,4
17041,1
17042,3
17043,7
17044,3
17045,3
17046,1
17047,1
17048,2
17049,3
17050,3
17051,2
17052,6
17053,4
17054,1
17055,1
17056,1
17057,3
17058,2
17059,1
17060,5
17061,1
17062,1
17063,1
17064,2
17065,1
17066,2
17067,5
17068,1
17069,1
17070,3
17071,1
17072,2
17073,2
17074,2
17075,4
17076,2
17077,3
17078,3
17079,2
17080,2
17081,3
17082,3
17083,3
17084,4
17085,1
17086,1
17087,2
17088,4
17089,5
17090,2
17091,4
17092,2
17093,1
17094,6
17095,3
17096,2
17097,4
17098,4
17099,2
17100,3
17101,1
17102,2
17103,3
17104,6
17105,2
17106,1
17107,2
17108,6
17109,2
17110,2
17111,3
17112,2
17113,2
17114,3
17115,2
17116,3
17117,5
17118,2
17119,2
17120,1
17121,2
17122,3
17123,2
17124,4
17125,1
17126,1
17127,2
17128,2
17129,5
17130,3
17131,1
17132,4
17133,1
17134,4
17135,3
17136,1
17137,3
17138,5
17139,1
17140,4
17141,1
17142,4
17143,4
17144,5
17145,5
17146,2
17147,2
17148,3
17149,4
17150,3
17151,2
17152,6
17153,2
17154,2
17155,2
17156,1
17157,1
17158,3
17159,3
17160,1
17161,2
17162,4
17163,2
17164,3
17165,4
17166,3
17167,2
17168,2
17169,1
17170,1
17171,5
17172,1
17173,2
17174,1
17175,1
17176,1
17177,3
17178,1
17179,1
17180,2
17181,2
17182,2
17183,3
17184,4
17185,6
17186,2
17187,1
17188,1
17189,3
17190,3
17191,2
17192,1
17193,3
17194,2
17195,2
17196,3
17197,3
17198,3
17199,1
17200,1
17201,5
17202,2
17203,2
17204,3
17205,4
17206,2
17207,3
17208,2
17209,1
17210,8
17211,3
17212,1
17213,5
17214,4
17215,4
17216,4
17217,2
17218,1
17219,1
17220,5
17221,3
17222,6
17223,4
17224,3
17225,2
17226,1
17227,3
17228,4
17229,1
17230,3
17231,1
17232,4
17233,4
17234,3
17235,3
17236,2
17237,1
17238,2
17239,3
17240,2
17241,2
17242,3
17243,2
17244,3
17245,1
17246,4
17247,2
17248,1
17249,4
17250,2
17251,4
17252,2
17253,4
17254,1
17255,1
17256,3
17257,2
17258,2
17259,1
17260,4
17261,4
17262,5
17263,1
17264,1
17265,3
17266,4
17267,1
17268,1
17269,1
17270,3
17271,3
17272,4
17273,2
17274,7
17275,1
17276,3
17277,2
17278,5
17279,2
17280,3
17281,2
17282,4
17283,3
17284,2
17285,3
17286,1
17287,2
17288,1
17289,2
17290,5
17291,4
17292,1
17293,2
17294,3
17295,2
17296,4
17297,2
17298,2
17299,1
17300,2
17301,2
17302,4
17303,1
17304,3
17305,1
17306,2
17307,2
17308,3
17309,5
17310,5
17311,1
17312,3
17313,1
17314,1
17315,3
17316,2
17317,3
17318,2
17319,4
17320,3
17321,1
17322,5
17323,2
17324,1
17325,5
17326,1
17327,5
17328,1
17329,2
17330,1
17331,4
17332,1
17333,3
17334,3
17335,3
17336,6
17337,2
17338,2
17339,2
17340,2
17341,3
17342,2
17343,1
17344,1
17345,1
17346,3
17347,1
17348,3
17349,2
17350,2
17351,1
17352,3
17353,2
17354,2
17355,3
17356,1
17357,4
17358,4
17359,1
17360,3
17361,1
17362,3
17363,2
17364,3
17365,4
17366,3
17367,4
17368,3
17369,2
17370,5
17371,3
17372,1
17373,1
17374,3
17375,3
17376,1
17377,1
17378,1
17379,4
17380,1
17381,2
17382,1
17383,3
17384,1
17385,4
17386,3
17387,2
17388,3
17389,5
17390,3
17391,4
17392,2
17393,8
17394,4
17395,3
17396,5
17397,2
17398,5
17399,4
17400,1
17401,1
17402,4
17403,2
17404,4
17405,3
17406,2
17407,3
17408,5
17409,5
17410,3
17411,1
17412,3
17413,2
17414,4
17415,4
17416,2
17417,4
17418,2
17419,2
17420,1
17421,2
17422,2
17423,1
17424,1
17425,4
17426,3
17427,1
17428,4
17429,1
17430,3
17431,4
17432,1
17433,3
17434,4
17435,2
17436,5
17437,2
17438,2
17439,1
17440,1
17441,3
17442,1
17443,1
17444,1
17445,1
17446,3
17447,3
17448,3
17449,2
17450,1
17451,1
17452,4
17453,6
17454,1
17455,4
17456,3
17457,2
17458,3
17459,1
17460,2
17461,4
17462,3
17463,3
17464,4
17465,1
17466,2
17467,2
17468,1
17469,3
17470,1
17471,4
17472,3
17473,2
17474,2
17475,4
17476,5
17477,3
17478,4
17479,4
17480,2
17481,2
17482,1
17483,5
17484,1
17485,3
17486,4
17487,5
17488,1
17489,2
17490,4
17491,3
17492,2
17493,3
17494,1
17495,1
17496,3
17497,1
17498,3
17499,4
17500,2
17501,2
17502,3
17503,1
17504,1
17505,2
17506,1
17507,1
17508,2
17509,2
17510,1
17511,2
17512,4
17513,4
17514,1
17515,2
17516,1
17517,2
17518,3
17519,3
17520,4
17521,3
17522,1
17523,1
17524,3
17525,2
17526,1
17527,4
17528,1
17529,4
17530,1
17531,3
17532,1
17533,2
17534,6
17535,5
17536,1
17537,2
17538,1
17539,3
17540,1
17541,2
17542,2
17543,1
17544,2
17545,2
17546,4
17547,3
17548,4
17549,3
17550,3
17551,1
17552,1
17553,2
17554,3
17555,1
17556,2
17557,1
17558,1
17559,2
17560,3
17561,2
17562,4
17563,1
17564,3
17565,5
17566,2
17567,3
17568,2
17569,5
17570,4
17571,1
17572,1
17573,4
17574,2
17575,1
17576,2
17577,3
17578,1
17579,2
17580,2
17581,3
17582,5
17583,2
17584,2
17585,1
17586,2
17587,3
17588,1
17589,9
17590,1
17591,2
17592,1
17593,3
17594,5
17595,1
17596,3
17597,2
17598,3
17599,2
17600,3
17601,3
17602,5
17603,2
17604,2
17605,3
17606,3
17607,2
17608,2
17609,2
17610,4
17611,3
17612,3
17613,4
17614,2
17615,1
17616,3
17617,3
17618,3
17619,5
17620,1
17621,2
17622,3
17623,1
17624,2
17625,2
17626,4
17627,3
17628,1
17629,6
17630,4
17631,4
17632,4
17633,1
17634,3
17635,3
17636,1
17637,1
17638,1
17639,3
17640,6
17641,1
17642,1
17643,3
17644,1
17645,2
17646,2
17647,4
17648,1
17649,1
17650,3
17651,4
17652,3
17653,4
17654,4
17655,3
17656,1
17657,2
17658,1
17659,3
17660,2
17661,7
17662,2
17663,5
17664,2
17665,2
17666,2
17667,2
17668,4
17669,3
17670,1
17671,4
17672,2
17673,3
17674,3
17675,3
17676,2
17677,1
17678,2
17679,2
17680,4
17681,2
17682,1
17683,1
17684,2
17685,3
17686,3
17687,3
17688,3
17689,4
17690,2
17691,3
17692,4
17693,2
17694,2
17695,1
17696,1
17697,4
17698,3
17699,5
17700,1
17701,2
17702,3
17703,1
17704,1
17705,2
17706,1
17707,8
17708,2
17709,1
17710,2
17711,3
17712,2
17713,1
17714,3
17715,1
17716,3
17717,2
17718,4
17719,2
17720,3
17721,3
17722,3
17723,1
17724,1
17725,2
17726,3
17727,1
17728,2
17729,3
17730,2
17731,3
17732,2
17733,3
17734,3
17735,2
17736,1
17737,1
17738,2
17739,3
17740,4
17741,3
17742,5
17743,3
17744,1
17745,2
17746,2
17747,4
17748,2
17749,1
17750,2
17751,6
17752,4
17753,2
17754,5
17755,2
17756,2
17757,3
17758,2
17759,1
17760,4
17761,2
17762,3
17763,1
17764,3
17765,2
17766,1
17767,5
17768,1
17769,5
17770,1
17771,3
17772,7
17773,2
17774,3
17775,2
17776,3
17777,2
17778,3
17779,2
17780,2
17781,1
17782,1
17783,2
17784,3
17785,3
17786,2
17787,3
17788,3
17789,3
17790,6
17791,2
17792,6
17793,1
17794,2
17795,1
17796,2
17797,2
17798,2
17799,3
17800,2
17801,2
17802,6
17803,4
17804,1
17805,5
17806,3
17807,2
17808,4
17809,6
17810,3
17811,3
17812,2
17813,5
17814,1
17815,3
17816,1
17817,1
17818,1
17819,3
17820,2
17821,2
17822,3
17823,1
17824,4
17825,5
17826,3
17827,1
17828,1
17829,2
17830,3
17831,1
17832,6
17833,1
17834,2
17835,2
17836,3
17837,1
17838,2
17839,4
17840,3
17841,3
17842,1
17843,1
17844,3
17845,1
17846,4
17847,4
17848,2
17849,2
17850,2
17851,2
17852,1
17853,1
17854,2
17855,4
17856,2
17857,4
17858,1
17859,2
17860,3
17861,5
17862,2
17863,1
17864,4
17865,1
17866,4
17867,3
17868,3
17869,4
17870,4
17871,4
17872,2
17873,1
17874,3
17875,4
17876,2
17877,4
17878,2
17879,1
17880,2
17881,5
17882,2
17883,4
17884,2
17885,2
17886,4
17887,3
17888,3
17889,1
17890,2
17891,3
17892,5
17893,2
17894,1
17895,2
17896,2
17897,1
17898,2
17899,4
17900,1
17901,6
17902,2
17903,2
17904,6
17905,2
17906,1
17907,1
17908,4
17909,2
17910,1
17911,1
17912,1
17913,2
17914,2
17915,2
17916,3
17917,3
17918,2
17919,6
17920,3
17921,1
17922,5
17923,3
17924,2
17925,2
17926,1
17927,2
17928,2
17929,1
17930,1
17931,2
17932,2
17933,3
17934,1
17935,4
17936,1
17937,1
17938,1
17939,3
17940,3
17941,3
17942,2
17943,6
17944,3
17945,1
17946,2
17947,3
17948,3
17949,2
17950,3
17951,4
17952,1
17953,2
17954,2
17955,2
17956,2
17957,4
17958,4
17959,5
17960,3
17961,3
17962,1
17963,2
17964,3
17965,2
17966,3
17967,1
17968,3
17969,1
17970,2
17971,1
17972,2
17973,1
17974,4
17975,5
17976,2
17977,4
17978,1
17979,1
17980,4
17981,5
17982,2
17983,4
17984,4
17985,2
17986,1
17987,2
17988,3
17989,2
17990,1
17991,5
17992,2
17993,2
17994,3
17995,3
17996,2
17997,1
17998,4
17999,3
18000,1
18001,3
18002,3
18003,2
18004,3
18005,2
18006,2
18007,3
18008,3
18009,1
18010,4
18011,2
18012,3
18013,3
18014,1
18015,1
18016,5
18017,2
18018,5
18019,1
18020,5
18021,2
18022,4
18023,4
18024,2
18025,2
18026,4
18027,2
18028,6
18029,5
18030,2
18031,1
18032,3
18033,2
18034,3
18035,3
18036,2
18037,1
18038,3
18039,1
18040,5
18041,3
18042,5
18043,1
18044,2
18045,4
18046,1
18047,4
18048,3
18049,2
18050,1
18051,4
18052,1
18053,1
18054,4
18055,1
18056,2
18057,4
18058,4
18059,1
18060,3
18061,2
18062,1
18063,3
18064,4
18065,3
18066,6
18067,2
18068,5
18069,2
18070,1
18071,3
18072,4
18073,1
18074,4
18075,1
18076,5
18077,4
18078,1
18079,1
18080,3
18081,4
18082,2
18083,1
18084,2
18085,4
18086,2
18087,2
18088,5
18089,1
18090,1
18091,3
18092,3
18093,2
18094,1
18095,2
18096,1
18097,1
18098,3
18099,4
18100,1
18101,1
18102,2
18103,1
18104,2
18105,2
18106,1
18107,2
18108,2
18109,3
18110,2
18111,3
18112,1
18113,3
18114,1
18115,1
18116,4
18117,2
18118,5
18119,1
18120,2
18121,2
18122,3
18123,2
18124,2
18125,3
18126,4
18127,5
18128,1
18129,4
18130,4
18131,2
18132,1
18133,2
18134,4
18135,4
18136,3
18137,1
18138,3
18139,2
18140,4
18141,1
18142,2
18143,4
18144,2
18145,4
18146,1
18147,3
18148,3
18149,2
18150,2
18151,2
18152,2
18153,2
18154,3
18155,1
18156,4
18157,4
18158,1
18159,1
18160,3
18161,7
18162,2
18163,2
18164,1
18165,1
18166,1
18167,3
18168,3
18169,4
18170,3
18171,4
18172,3
18173,1
18174,1
18175,3
18176,3
18177,1
18178,2
18179,2
18180,5
18181,3
18182,3
18183,5
18184,1
18185,4
18186,4
18187,1
18188,2
18189,1
18190,2
18191,3
18192,2
18193,2
18194,2
18195,3
18196,2
18197,4
18198,1
18199,2
18200,5
18201,2
18202,2
18203,1
18204,1
18205,1
18206,1
18207,2
18208,2
18209,1
18210,3
18211,3
18212,2
18213,4
18214,4
18215,3
18216,2
18217,6
18218,2
18219,1
18220,1
18221,1
18222,4
18223,1
18224,4
18225,3
18226,3
18227,1
18228,2
18229,5
18230,1
18231,2
18232,1
18233,6
18234,1
18235,3
18236,3
18237,2
18238,1
18239,2
18240,2
18241,3
18242,2
18243,1
18244,3
18245,1
18246,5
18247,2
18248,1
18249,1
18250,3
18251,5
18252,3
18253,2
18254,4
18255,2
18256,4
18257,3
18258,1
18259,1
18260,1
18261,1
18262,1
18263,1
18264,1
18265,1
18266,2
18267,2
18268,1
18269,3
18270,4
18271,3
18272,2
18273,2
18274,1
18275,1
18276,2
18277,2
18278,3
18279,1
18280,5
18281,2
18282,1
18283,1
18284,2
18285,4
18286,1
18287,1
18288,2
18289,3
18290,1
18291,1
18292,7
18293,2
18294,3
18295,3
18296,2
18297,1
18298,3
18299,1
18300,1
18301,1
18302,2
18303,5
18304,1
18305,2
18306,2
18307,1
18308,2
18309,4
18310,4
18311,4
18312,4
18313,2
18314,1
18315,3
18316,3
18317,2
18318,2
18319,4
18320,4
18321,2
18322,3
18323,2
18324,1
18325,1
18326,2
18327,3
18328,3
18329,3
18330,1
18331,4
18332,5
18333,3
18334,3
18335,1
18336,5
18337,5
18338,2
18339,4
18340,1
18341,4
18342,3
18343,1
18344,1
18345,4
18346,3
18347,3
18348,2
18349,2
18350,4
18351,1
18352,3
18353,2
18354,2
18355,4
18356,3
18357,1
18358,2
18359,2
18360,2
18361,2
18362,2
18363,1
18364,3
18365,3
18366,4
18367,2
18368,2
18369,2
18370,2
18371,4
18372,1
18373,4
18374,1
18375,1
18376,3
18377,1
18378,1
18379,3
18380,3
18381,2
18382,2
18383,2
18384,2
18385,1
18386,2
18387,2
18388,3
18389,3
18390,1
18391,2
18392,4
18393,2
18394,3
18395,5
18396,4
18397,1
18398,2
18399,3
18400,1
18401,1
18402,2
18403,1
18404,1
18405,1
18406,2
18407,1
18408,3
18409,2
18410,3
18411,2
18412,1
18413,1
18414,2
18415,1
18416,2
18417,2
18418,4
18419,2
18420,4
18421,3
18422,3
18423,3
18424,1
18425,3
18426,2
18427,2
18428,1
18429,5
18430,1
18431,4
18432,2
18433,3
18434,2
18435,5
18436,1
18437,3
18438,1
18439,3
18440,2
18441,1
18442,2
18443,1
18444,7
18445,5
18446,2
18447,2
18448,1
18449,1
18450,3
18451,5
18452,4
18453,1
18454,3
18455,1
18456,2
18457,1
18458,1
18459,1
18460,2
18461,3
18462,6
18463,2
18464,1
18465,3
18466,2
18467,1
18468,2
18469,5
18470,3
18471,4
18472,2
18473,6
18474,1
18475,3
18476,1
18477,1
18478,2
18479,1
18480,3
18481,1
18482,1
18483,2
18484,3
18485,1
18486,3
18487,1
18488,4
18489,2
18490,3
18491,2
18492,2
18493,2
18494,2
18495,1
18496,1
18497,5
18498,2
18499,1
18500,1
18501,2
18502,5
18503,2
18504,1
18505,1
18506,3
18507,1
18508,2
18509,4
18510,4
18511,7
18512,2
18513,2
18514,1
18515,2
18516,1
18517,2
18518,2
18519,4
18520,2
18521,3
18522,1
18523,2
18524,1
18525,4
18526,1
18527,5
18528,1
18529,1
18530,1
18531,4
18532,1
18533,4
18534,4
18535,3
18536,1
18537,2
18538,5
18539,1
18540,1
18541,6
18542,1
18543,3
18544,4
18545,1
18546,3
18547,3
18548,3
18549,2
18550,1
18551,2
18552,3
18553,1
18554,3
18555,1
18556,1
18557,2
18558,1
18559,1
18560,2
18561,4
18562,3
18563,3
18564,1
18565,1
18566,2
18567,3
18568,1
18569,3
18570,5
18571,1
18572,4
18573,3
18574,3
18575,3
18576,4
18577,1
18578,3
18579,3
18580,1
18581,2
18582,3
18583,1
18584,3
18585,2
18586,3
18587,1
18588,1
18589,2
18590,1
18591,3
18592,2
18593,1
18594,2
18595,2
18596,1
18597,5
18598,2
18599,2
18600,2
18601,1
18602,2
18603,1
18604,5
18605,3
18606,3
18607,1
18608,2
18609,4
18610,2
18611,3
18612,1
18613,3
18614,2
18615,1
18616,1
18617,3
18618,1
18619,5
18620,2
18621,2
18622,2
18623,2
18624,2
18625,4
18626,3
18627,4
18628,3
18629,2
18630,7
18631,5
18632,3
18633,4
18634,1
18635,4
18636,1
18637,3
18638,2
18639,3
18640,1
18641,1
18642,1
18643,3
18644,2
18645,3
18646,1
18647,4
18648,3
18649,3
18650,3
18651,1
18652,1
18653,2
18654,1
18655,6
18656,1
18657,3
18658,1
18659,2
18660,3
18661,1
18662,3
18663,1
18664,2
18665,2
18666,1
18667,5
18668,3
18669,1
18670,5
18671,2
18672,3
18673,1
18674,5
18675,2
18676,3
18677,2
18678,2
18679,6
18680,5
18681,2
18682,3
18683,2
18684,2
18685,2
18686,1
18687,3
18688,4
18689,1
18690,6
18691,1
18692,2
18693,1
18694,2
18695,1
18696,3
18697,3
18698,2
18699,1
18700,2
18701,4
18702,1
18703,4
18704,1
18705,3
18706,3
18707,5
18708,2
18709,2
18710,4
18711,2
18712,2
18713,2
18714,2
18715,3
18716,5
18717,2
18718,2
18719,4
18720,2
18721,3
18722,4
18723,7
18724,1
18725,5
18726,5
18727,3
18728,3
18729,2
18730,4
18731,2
18732,5
18733,1
18734,3
18735,3
18736,1
18737,1
18738,3
18739,2
18740,1
18741,4
18742,4
18743,2
18744,3
18745,2
18746,4
18747,1
18748,2
18749,1
18750,2
18751,4
18752,3
18753,2
18754,3
18755,2
18756,3
18757,1
18758,8
18759,1
18760,3
18761,3
18762,2
18763,1
18764,4
18765,1
18766,2
18767,3
18768,2
18769,4
18770,4
18771,1
18772,1
18773,4
18774,5
18775,5
18776,1
18777,3
18778,1
18779,3
18780,3
18781,2
18782,4
18783,4
18784,3
18785,4
18786,4
18787,1
18788,2
18789,2
18790,1
18791,2
18792,1
18793,2
18794,1
18795,1
18796,2
18797,2
18798,1
18799,3
18800,1
18801,2
18802,2
18803,5
18804,4
18805,1
18806,2
18807,5
18808,3
18809,3
18810,4
18811,1
18812,1
18813,4
18814,3
18815,3
18816,4
18817,1
18818,5
18819,2
18820,1
18821,1
18822,2
18823,2
18824,4
18825,4
18826,2
18827,2
18828,2
18829,4
18830,5
18831,3
18832,1
18833,3
18834,4
18835,7
18836,1
18837,1
18838,2
18839,1
18840,3
18841,2
18842,2
18843,2
18844,2
18845,2
18846,2
18847,3
18848,3
18849,2
18850,3
18851,5
18852,1
18853,5
18854,1
18855,2
18856,5
18857,4
18858,4
18859,4
18860,3
18861,2
18862,1
18863,3
18864,1
18865,3
18866,1
18867,2
18868,3
18869,2
18870,3
18871,2
18872,4
18873,2
18874,1
18875,2
18876,1
18877,2
18878,2
18879,2
18880,2
18881,2
18882,2
18883,3
18884,3
18885,2
18886,6
18887,5
18888,1
18889,1
18890,3
18891,1
18892,8
18893,2
18894,2
18895,1
18896,3
18897,2
18898,1
18899,2
18900,2
18901,2
18902,2
18903,2
18904,1
18905,3
18906,1
18907,4
18908,1
18909,1
18910,3
18911,3
18912,5
18913,2
18914,3
18915,2
18916,1
18917,2
18918,1
18919,1
18920,6
18921,1
18922,3
18923,3
18924,3
18925,2
18926,1
18927,4
18928,4
18929,2
18930,3
18931,5
18932,2
18933,6
18934,2
18935,3
18936,5
18937,4
18938,1
18939,2
18940,2
18941,4
18942,2
18943,1
18944,6
18945,2
18946,1
18947,2
18948,4
18949,4
18950,5
18951,4
18952,2
18953,2
18954,1
18955,2
18956,4
18957,7
18958,1
18959,1
18960,2
18961,1
18962,1
18963,5
18964,2
18965,3
18966,4
18967,4
18968,2
18969,4
18970,2
18971,1
18972,1
18973,2
18974,6
18975,2
18976,2
18977,3
18978,2
18979,1
18980,3
18981,1
18982,3
18983,3
18984,4
18985,2
18986,2
18987,5
18988,2
18989,1
18990,2
18991,2
18992,3
18993,4
18994,4
18995,2
18996,3
18997,4
18998,1
18999,2
19000,3
19001,5
19002,1
19003,3
19004,2
19005,1
19006,2
19007,4
19008,3
19009,1
19010,2
19011,2
19012,2
19013,2
19014,3
19015,1
19016,2
19017,4
19018,2
19019,5
19020,2
19021,3
19022,2
19023,1
19024,1
19025,2
19026,1
19027,2
19028,2
19029,5
19030,3
19031,3
19032,1
19033,2
19034,1
19035,2
19036,1
19037,2
19038,2
19039,1
19040,1
19041,3
19042,4
19043,2
19044,2
19045,3
19046,2
19047,2
19048,1
19049,1
19050,3
19051,1
19052,3
19053,1
19054,2
19055,3
19056,5
19057,1
19058,1
19059,2
19060,6
19061,2
19062,5
19063,3
19064,1
19065,2
19066,1
19067,2
19068,1
19069,3
19070,4
19071,2
19072,1
19073,2
19074,4
19075,1
19076,3
19077,1
19078,3
19079,2
19080,1
19081,2
19082,2
19083,1
19084,2
19085,4
19086,4
19087,1
19088,1
19089,2
19090,4
19091,1
19092,2
19093,3
19094,4
19095,3
19096,2
19097,1
19098,1
19099,5
19100,4
19101,4
19102,2
19103,3
19104,3
19105,2
19106,3
19107,1
19108,6
19109,4
19110,2
19111,3
19112,2
19113,3
19114,3
19115,1
19116,2
19117,1
19118,2
19119,2
19120,2
19121,3
19122,2
19123,1
19124,2
19125,3
19126,2
19127,3
19128,3
19129,4
19130,1
19131,1
19132,5
19133,2
19134,4
19135,6
19136,2
19137,4
19138,3
19139,2
19140,1
19141,2
19142,3
19143,2
19144,1
19145,3
19146,3
19147,2
19148,3
19149,3
19150,3
19151,3
19152,4
19153,3
19154,3
19155,4
19156,3
19157,2
19158,2
19159,3
19160,3
19161,1
19162,1
19163,1
19164,4
19165,5
19166,1
19167,1
19168,2
19169,5
19170,2
19171,2
19172,2
19173,7
19174,3
19175,3
19176,2
19177,3
19178,1
19179,2
19180,1
19181,1
19182,4
19183,3
19184,4
19185,1
19186,2
19187,4
19188,1
19189,3
19190,4
19191,1
19192,2
19193,1
19194,3
19195,3
19196,5
19197,2
19198,6
19199,2
19200,4
19201,2
19202,3
19203,4
19204,5
19205,4
19206,1
19207,5
19208,5
19209,1
19210,1
19211,5
19212,6
19213,3
19214,3
19215,1
19216,1
19217,2
19218,2
19219,1
19220,4
19221,2
19222,1
19223,3
19224,2
19225,3
19226,2
19227,5
19228,1
19229,2
19230,2
19231,1
19232,2
19233,1
19234,1
19235,2
19236,1
19237,2
19238,3
19239,1
19240,2
19241,2
19242,1
19243,4
19244,4
19245,5
19246,3
19247,2
19248,1
19249,2
19250,7
19251,1
19252,2
19253,1
19254,1
19255,3
19256,2
19257,5
19258,2
19259,4
19260,3
19261,2
19262,2
19263,4
19264,3
19265,3
19266,2
19267,2
19268,2
19269,4
19270,3
19271,2
19272,3
19273,3
19274,3
19275,1
19276,2
19277,2
19278,1
19279,1
19280,2
19281,4
19282,2
19283,4
19284,1
19285,2
19286,1
19287,1
19288,3
19289,1
19290,1
19291,2
19292,4
19293,2
19294,1
19295,2
19296,3
19297,2
19298,1
19299,2
19300,1
19301,1
19302,1
19303,5
19304,2
19305,4
19306,4
19307,2
19308,3
19309,3
19310,2
19311,1
19312,3
19313,5
19314,3
19315,3
19316,7
19317,1
19318,2
19319,2
19320,2
19321,3
19322,3
19323,2
19324,6
19325,3
19326,1
19327,2
19328,1
19329,1
19330,3
19331,1
19332,1
19333,2
19334,3
19335,4
19336,1
19337,4
19338,1
19339,2
19340,3
19341,1
19342,2
19343,3
19344,3
19345,1
19346,4
19347,2
19348,1
19349,2
19350,4
19351,3
19352,3
19353,3
19354,4
19355,5
19356,1
19357,4
19358,2
19359,3
19360,2
19361,2
19362,1
19363,2
19364,6
19365,2
19366,4
19367,4
19368,1
19369,5
19370,1
19371,3
19372,3
19373,3
19374,2
19375,4
19376,1
19377,1
19378,4
19379,2
19380,3
19381,5
19382,1
19383,1
19384,1
19385,1
19386,1
19387,1
19388,4
19389,4
19390,4
19391,1
19392,1
19393,2
19394,3
19395,4
19396,3
19397,1
19398,2
19399,1
19400,1
19401,2
19402,5
19403,3
19404,3
19405,5
19406,2
19407,1
19408,2
19409,1
19410,1
19411,2
19412,1
19413,1
19414,1
19415,4
19416,1
19417,2
19418,5
19419,3
19420,3
19421,3
19422,7
19423,2
19424,3
19425,2
19426,3
19427,5
19428,1
19429,4
19430,1
19431,3
19432,2
19433,3
19434,2
19435,2
19436,1
19437,1
19438,2
19439,2
19440,1
19441,1
19442,1
19443,2
19444,1
19445,4
19446,4
19447,1
19448,1
19449,5
19450,1
19451,2
19452,1
19453,3
19454,3
19455,3
19456,1
19457,5
19458,2
19459,1
19460,3
19461,1
19462,3
19463,3
19464,1
19465,4
19466,3
19467,1
19468,4
19469,2
19470,2
19471,3
19472,6
19473,1
19474,5
19475,3
19476,1
19477,2
19478,2
19479,2
19480,4
19481,1
19482,6
19483,3
19484,3
19485,2
19486,5
19487,3
19488,2
19489,2
19490,4
19491,1
19492,2
19493,1
19494,2
19495,5
19496,2
19497,2
19498,2
19499,4
19500,3
19501,5
19502,1
19503,2
19504,5
19505,2
19506,4
19507,2
19508,2
19509,2
19510,5
19511,5
19512,2
19513,1
19514,1
19515,3
19516,3
19517,1
19518,5
19519,2
19520,2
19521,2
19522,3
19523,3
19524,2
19525,1
19526,2
19527,3
19528,2
19529,1
19530,4
19531,4
19532,3
19533,1
19534,3
19535,2
19536,1
19537,3
19538,2
19539,6
19540,1
19541,5
19542,1
19543,3
19544,1
19545,1
19546,3
19547,3
19548,4
19549,2
19550,3
19551,3
19552,1
19553,4
19554,3
19555,1
19556,1
19557,3
19558,3
19559,4
19560,2
19561,3
19562,3
19563,2
19564,3
19565,2
19566,2
19567,2
19568,3
19569,1
19570,2
19571,2
19572,5
19573,1
19574,3
19575,2
19576,3
19577,2
19578,2
19579,5
19580,1
19581,2
19582,3
19583,2
19584,3
19585,3
19586,2
19587,1
19588,1
19589,5
19590,1
19591,2
19592,3
19593,2
19594,2
19595,1
19596,1
19597,3
19598,4
19599,1
19600,2
19601,5
19602,2
19603,5
19604,3
19605,9
19606,1
19607,1
19608,1
19609,4
19610,2
19611,2
19612,1
19613,1
19614,3
19615,2
19616,1
19617,3
19618,2
19619,2
19620,1
19621,6
19622,4
19623,3
19624,2
19625,1
19626,2
19627,2
19628,4
19629,1
19630,1
19631,2
19632,4
19633,1
19634,2
19635,1
19636,2
19637,2
19638,3
19639,1
19640,3
19641,3
19642,2
19643,1
19644,1
19645,1
19646,2
19647,7
19648,7
19649,2
19650,2
19651,4
19652,2
19653,1
19654,1
19655,2
19656,1
19657,2
19658,2
19659,2
19660,2
19661,1
19662,1
19663,1
19664,1
19665,2
19666,2
19667,5
19668,2
19669,5
19670,1
19671,3
19672,6
19673,3
19674,1
19675,1
19676,6
19677,1
19678,3
19679,2
19680,4
19681,2
19682,1
19683,5
19684,2
19685,2
19686,4
19687,3
19688,1
19689,3
19690,3
19691,4
19692,3
19693,1
19694,1
19695,5
19696,4
19697,3
19698,4
19699,3
19700,3
19701,2
19702,3
19703,2
19704,2
19705,1
19706,1
19707,4
19708,2
19709,3
19710,3
19711,2
19712,1
19713,4
19714,3
19715,5
19716,2
19717,4
19718,1
19719,4
19720,2
19721,3
19722,2
19723,3
19724,1
19725,1
19726,3
19727,3
19728,1
19729,3
19730,1
19731,1
19732,4
19733,1
19734,3
19735,1
19736,2
19737,1
19738,3
19739,1
19740,3
19741,3
19742,4
19743,2
19744,3
19745,3
19746,2
19747,4
19748,3
19749,2
19750,1
19751,2
19752,1
19753,1
19754,5
19755,3
19756,3
19757,1
19758,1
19759,1
19760,1
19761,2
19762,1
19763,2
19764,1
19765,3
19766,1
19767,5
19768,3
19769,2
19770,4
19771,2
19772,3
19773,2
19774,2
19775,1
19776,2
19777,2
19778,1
19779,2
19780,2
19781,2
19782,3
19783,1
19784,1
19785,5
19786,2
19787,1
19788,1
19789,5
19790,1
19791,3
19792,2
19793,2
19794,4
19795,5
19796,1
19797,3
19798,3
19799,1
19800,1
19801,5
19802,2
19803,1
19804,2
19805,2
19806,3
19807,1
19808,1
19809,6
19810,2
19811,4
19812,1
19813,4
19814,4
19815,2
19816,3
19817,1
19818,1
19819,4
19820,5
19821,3
19822,7
19823,1
19824,1
19825,3
19826,2
19827,2
19828,2
19829,1
19830,2
19831,1
19832,1
19833,3
19834,2
19835,1
19836,2
19837,7
19838,2
19839,2
19840,1
19841,2
19842,2
19843,2
19844,3
19845,5
19846,3
19847,3
19848,1
19849,1
19850,2
19851,2
19852,4
19853,2
19854,4
19855,5
19856,3
19857,1
19858,1
19859,1
19860,1
19861,2
19862,3
19863,1
19864,5
19865,2
19866,4
19867,2
19868,3
19869,3
19870,3
19871,6
19872,2
19873,2
19874,6
19875,1
19876,3
19877,1
19878,2
19879,2
19880,1
19881,1
19882,1
19883,1
19884,2
19885,2
19886,3
19887,3
19888,5
19889,1
19890,1
19891,3
19892,2
19893,1
19894,5
19895,4
19896,2
19897,1
19898,6
19899,1
19900,1
19901,3
19902,3
19903,3
19904,2
19905,3
19906,3
19907,2
19908,2
19909,1
19910,5
19911,3
19912,3
19913,2
19914,1
19915,5
19916,2
19917,2
19918,2
19919,3
19920,1
19921,1
19922,2
19923,2
19924,1
19925,3
19926,4
19927,3
19928,1
19929,6
19930,4
19931,1
19932,4
19933,2
19934,3
19935,1
19936,2
19937,2
19938,2
19939,4
19940,3
19941,1
19942,1
19943,1
19944,6
19945,2
19946,4
19947,2
19948,1
19949,6
19950,4
19951,1
19952,4
19953,2
19954,1
19955,3
19956,4
19957,5
19958,4
19959,7
19960,2
19961,3
19962,3
19963,2
19964,1
19965,5
19966,2
19967,5
19968,3
19969,2
19970,5
19971,2
19972,5
19973,2
19974,4
19975,3
19976,4
19977,4
19978,4
19979,5
19980,2
19981,3
19982,3
19983,5
19984,1
19985,2
19986,1
19987,1
19988,2
19989,4
19990,3
19991,2
19992,2
19993,2
19994,1
19995,5
19996,4
19997,4
19998,5
19999,4
20000,9
20001,2
20002,2
20003,3
20004,1
20005,5
20006,3
20007,3
20008,1
20009,4
20010,1
20011,3
20012,5
20013,1
20014,3
20015,4
20016,3
20017,3
20018,3
20019,2
20020,3
20021,6
20022,2
20023,1
20024,2
20025,4
20026,2
20027,4
20028,4
20029,4
20030,3
20031,3
20032,3
20033,1
20034,2
20035,1
20036,2
20037,1
20038,4
20039,1
20040,3
20041,1
20042,2
20043,2
20044,3
20045,2
20046,1
20047,2
20048,2
20049,3
20050,1
20051,1
20052,2
20053,2
20054,3
20055,3
20056,1
20057,4
20058,2
20059,3
20060,6
20061,1
20062,6
20063,3
20064,2
20065,2
20066,3
20067,2
20068,2
20069,4
20070,2
20071,6
20072,2
20073,2
20074,1
20075,2
20076,6
20077,2
20078,4
20079,3
20080,1
20081,7
20082,3
20083,3
20084,4
20085,3
20086,7
20087,1
20088,3
20089,2
20090,2
20091,2
20092,2
20093,2
20094,2
20095,1
20096,3
20097,1
20098,3
20099,1
20100,3
20101,3
20102,3
20103,2
20104,5
20105,3
20106,7
20107,1
20108,1
20109,2
20110,1
20111,1
20112,3
20113,3
20114,6
20115,1
20116,1
20117,3
20118,1
20119,2
20120,2
20121,2
20122,3
20123,4
20124,2
20125,4
20126,4
20127,2
20128,2
20129,2
20130,1
20131,2
20132,3
20133,1
20134,2
20135,2
20136,1
20137,1
20138,4
20139,2
20140,4
20141,2
20142,1
20143,4
20144,1
20145,4
20146,2
20147,3
20148,3
20149,5
20150,3
20151,6
20152,2
20153,2
20154,4
20155,2
20156,2
20157,3
20158,3
20159,2
20160,2
20161,4
20162,4
20163,3
20164,2
20165,1
20166,5
20167,2
20168,4
20169,1
20170,1
20171,4
20172,1
20173,2
20174,3
20175,4
20176,1
20177,2
20178,4
20179,1
20180,2
20181,2
20182,1
20183,2
20184,6
20185,2
20186,3
20187,2
20188,3
20189,1
20190,1
20191,3
20192,2
20193,4
20194,1
20195,1
20196,2
20197,1
20198,1
20199,1
20200,3
20201,1
20202,5
20203,3
20204,3
20205,2
20206,1
20207,3
20208,1
20209,2
20210,2
20211,2
20212,3
20213,2
20214,4
20215,2
20216,3
20217,2
20218,4
20219,2
20220,1
20221,1
20222,2
20223,3
20224,5
20225,1
20226,4
20227,3
20228,4
20229,4
20230,4
20231,1
20232,2
20233,3
20234,3
20235,3
20236,3
20237,3
20238,3
20239,4
20240,1
20241,1
20242,1
20243,2
20244,1
20245,1
20246,4
20247,3
20248,3
20249,4
20250,3
20251,1
20252,3
20253,1
20254,1
20255,4
20256,4
20257,4
20258,1
20259,2
20260,3
20261,3
20262,3
20263,1
20264,3
20265,4
20266,2
20267,1
20268,1
20269,2
20270,4
20271,1
20272,5
20273,1
20274,5
20275,2
20276,3
20277,2
20278,4
20279,2
20280,2
20281,1
20282,2
20283,4
20284,3
20285,3
20286,3
20287,1
20288,3
20289,2
20290,5
20291,1
20292,1
20293,2
20294,2
20295,2
20296,2
20297,1
20298,1
20299,1
20300,3
20301,1
20302,2
20303,1
20304,4
20305,3
20306,4
20307,1
20308,1
20309,2
20310,3
20311,2
20312,5
20313,1
20314,3
20315,2
20316,2
20317,1
20318,3
20319,1
20320,6
20321,1
20322,3
20323,2
20324,3
20325,1
20326,3
20327,2
20328,5
20329,1
20330,4
20331,5
20332,2
20333,1
20334,4
20335,2
20336,2
20337,1
20338,3
20339,3
20340,6
20341,2
20342,1
20343,2
20344,2
20345,1
20346,3
20347,3
20348,2
20349,2
20350,1
20351,3
20352,2
20353,2
20354,1
20355,2
20356,4
20357,2
20358,3
20359,2
20360,1
20361,1
20362,1
20363,1
20364,2
20365,2
20366,2
20367,1
20368,4
20369,3
20370,3
20371,4
20372,1
20373,5
20374,1
20375,2
20376,3
20377,1
20378,2
20379,5
20380,3
20381,3
20382,1
20383,1
20384,2
20385,1
20386,2
20387,6
20388,1
20389,3
20390,3
20391,5
20392,4
20393,1
20394,1
20395,4
20396,2
20397,4
20398,2
20399,6
20400,3
20401,2
20402,2
20403,2
20404,3
20405,2
20406,3
20407,2
20408,2
20409,5
20410,2
20411,3
20412,4
20413,3
20414,1
20415,1
20416,2
20417,2
20418,4
20419,3
20420,3
20421,2
20422,1
20423,1
20424,2
20425,2
20426,2
20427,2
20428,3
20429,1
20430,2
20431,4
20432,1
20433,2
20434,3
20435,4
20436,1
20437,1
20438,4
20439,1
20440,3
20441,3
20442,1
20443,4
20444,2
20445,1
20446,3
20447,2
20448,1
20449,5
20450,1
20451,3
20452,2
20453,3
20454,1
20455,2
20456,2
20457,2
20458,2
20459,1
20460,1
20461,3
20462,1
20463,3
20464,7
20465,4
20466,3
20467,1
20468,2
20469,4
20470,4
20471,2
20472,4
20473,3
20474,2
20475,3
20476,1
20477,2
20478,1
20479,3
20480,2
20481,2
20482,2
20483,1
20484,3
20485,1
20486,4
20487,2
20488,2
20489,4
20490,1
20491,2
20492,3
20493,2
20494,3
20495,5
20496,4
20497,1
20498,2
20499,2
20500,3
20501,1
20502,3
20503,2
20504,2
20505,2
20506,1
20507,1
20508,1
20509,3
20510,6
20511,3
20512,3
20513,4
20514,5
20515,2
20516,1
20517,2
20518,1
20519,3
20520,4
20521,1
20522,2
20523,1
20524,1
20525,2
20526,2
20527,3
20528,3
20529,1
20530,1
20531,4
20532,3
20533,1
20534,2
20535,1
20536,2
20537,2
20538,1
20539,3
20540,6
20541,3
20542,2
20543,2
20544,4
20545,2
20546,1
20547,2
20548,4
20549,4
20550,3
20551,1
20552,1
20553,1
20554,3
20555,3
20556,2
20557,5
20558,1
20559,1
20560,2
20561,4
20562,2
20563,1
20564,3
20565,3
20566,6
20567,3
20568,2
20569,3
20570,2
20571,1
20572,4
20573,3
20574,2
20575,2
20576,2
20577,5
20578,5
20579,1
20580,2
20581,4
20582,2
20583,3
20584,4
20585,1
20586,1
20587,4
20588,3
20589,1
20590,4
20591,1
20592,3
20593,1
20594,1
20595,5
20596,2
20597,3
20598,3
20599,2
20600,2
20601,2
20602,1
20603,4
20604,1
20605,1
20606,6
20607,1
20608,4
20609,1
20610,3
20611,2
20612,7
20613,1
20614,2
20615,1
20616,3
20617,2
20618,1
20619,4
20620,1
20621,1
20622,2
20623,2
20624,3
20625,4
20626,2
20627,2
20628,1
20629,2
20630,1
20631,1
20632,2
20633,1
20634,2
20635,1
20636,2
20637,2
20638,1
20639,4
20640,3
20641,2
20642,2
20643,4
20644,4
20645,2
20646,1
20647,1
20648,5
20649,1
20650,1
20651,3
20652,4
20653,2
20654,5
20655,1
20656,2
20657,4
20658,3
20659,1
20660,3
20661,2
20662,2
20663,2
20664,1
20665,2
20666,2
20667,2
20668,2
20669,2
20670,4
20671,8
20672,2
20673,2
20674,4
20675,2
20676,3
20677,2
20678,2
20679,2
20680,4
20681,4
20682,3
20683,2
20684,2
20685,2
20686,2
20687,1
20688,3
20689,2
20690,5
20691,1
20692,7
20693,3
20694,3
20695,4
20696,2
20697,4
20698,2
20699,3
20700,2
20701,2
20702,3
20703,1
20704,5
20705,3
20706,2
20707,2
20708,1
20709,3
20710,2
20711,1
20712,1
20713,3
20714,1
20715,4
20716,2
20717,1
20718,4
20719,5
20720,2
20721,1
20722,3
20723,5
20724,2
20725,7
20726,4
20727,4
20728,3
20729,1
20730,5
20731,4
20732,3
20733,2
20734,4
20735,6
20736,3
20737,1
20738,1
20739,3
20740,3
20741,4
20742,2
20743,1
20744,3
20745,2
20746,5
20747,2
20748,1
20749,4
20750,4
20751,4
20752,1
20753,1
20754,2
20755,1
20756,2
20757,4
20758,4
20759,5
20760,3
20761,3
20762,1
20763,3
20764,3
20765,3
20766,5
20767,1
20768,4
20769,1
20770,2
20771,3
20772,5
20773,5
20774,2
20775,6
20776,2
20777,2
20778,2
20779,4
20780,3
20781,4
20782,1
20783,5
20784,2
20785,1
20786,3
20787,3
20788,2
20789,2
20790,2
20791,1
20792,2
20793,1
20794,1
20795,3
20796,2
20797,5
20798,5
20799,4
20800,2
20801,5
20802,2
20803,6
20804,2
20805,5
20806,2
20807,3
20808,3
20809,3
20810,1
20811,2
20812,3
20813,2
20814,1
20815,3
20816,3
20817,4
20818,3
20819,4
20820,2
20821,2
20822,3
20823,3
20824,5
20825,4
20826,4
20827,1
20828,5
20829,3
20830,1
20831,6
20832,4
20833,1
20834,4
20835,1
20836,4
20837,2
20838,2
20839,1
20840,3
20841,6
20842,1
20843,1
20844,3
20845,2
20846,5
20847,1
20848,3
20849,4
20850,4
20851,2
20852,2
20853,2
20854,1
20855,2
20856,2
20857,8
20858,3
20859,4
20860,3
20861,3
20862,3
20863,6
20864,2
20865,3
20866,3
20867,6
20868,3
20869,5
20870,2
20871,1
20872,1
20873,3
20874,1
20875,2
20876,3
20877,2
20878,3
20879,2
20880,3
20881,2
20882,3
20883,1
20884,4
20885,4
20886,2
20887,2
20888,2
20889,3
20890,3
20891,2
20892,2
20893,4
20894,1
20895,8
20896,1
20897,2
20898,1
20899,1
20900,3
20901,2
20902,3
20903,2
20904,2
20905,2
20906,3
20907,1
20908,2
20909,7
20910,1
20911,2
20912,1
20913,4
20914,2
20915,3
20916,2
20917,2
20918,2
20919,2
20920,4
20921,1
20922,4
20923,2
20924,3
20925,2
20926,2
20927,3
20928,1
20929,2
20930,2
20931,2
20932,1
20933,4
20934,1
20935,1
20936,2
20937,1
20938,4
20939,2
20940,2
20941,1
20942,5
20943,1
20944,5
20945,3
20946,2
20947,2
20948,2
20949,1
20950,2
20951,1
20952,2
20953,3
20954,3
20955,3
20956,4
20957,1
20958,1
20959,1
20960,6
20961,4
20962,2
20963,2
20964,1
20965,1
20966,2
20967,3
20968,4
20969,2
20970,2
20971,1
20972,2
20973,2
20974,1
20975,1
20976,3
20977,1
20978,1
20979,1
20980,1
20981,2
20982,2
20983,1
20984,2
20985,2
20986,5
20987,3
20988,1
20989,1
20990,1
20991,7
20992,2
20993,1
20994,4
20995,3
20996,3
20997,1
20998,1
20999,2
21000,1
21001,2
21002,4
21003,2
21004,2
21005,4
21006,2
21007,2
21008,3
21009,2
21010,1
21011,3
21012,4
21013,5
21014,2
21015,5
21016,4
21017,1
21018,4
21019,4
21020,3
21021,2
21022,4
21023,1
21024,2
21025,2
21026,2
21027,1
21028,3
21029,1
21030,3
21031,5
21032,1
21033,2
21034,4
21035,1
21036,3
21037,2
21038,1
21039,3
21040,1
21041,1
21042,3
21043,1
21044,1
21045,2
21046,3
21047,2
21048,1
21049,3
21050,2
21051,5
21052,4
21053,1
21054,2
21055,1
21056,1
21057,1
21058,2
21059,3
21060,3
21061,3
21062,5
21063,2
21064,1
21065,4
21066,1
21067,2
21068,1
21069,3
21070,1
21071,2
21072,3
21073,1
21074,2
21075,3
21076,1
21077,2
21078,4
21079,2
21080,4
21081,2
21082,1
21083,2
21084,1
21085,3
21086,3
21087,3
21088,1
21089,3
21090,2
21091,1
21092,1
21093,2
21094,1
21095,2
21096,1
21097,6
21098,2
21099,3
21100,5
21101,1
21102,2
21103,2
21104,2
21105,2
21106,2
21107,2
21108,1
21109,3
21110,5
21111,3
21112,4
21113,2
21114,2
21115,1
21116,4
21117,1
21118,2
21119,2
21120,3
21121,2
21122,4
21123,4
21124,4
21125,2
21126,1
21127,5
21128,3
21129,2
21130,4
21131,1
21132,3
21133,5
21134,1
21135,2
21136,5
21137,3
21138,4
21139,3
21140,4
21141,1
21142,2
21143,4
21144,3
21145,2
21146,2
21147,5
21148,1
21149,3
21150,2
21151,2
21152,1
21153,4
21154,5
21155,5
21156,2
21157,1
21158,3
21159,2
21160,2
21161,1
21162,2
21163,3
21164,4
21165,1
21166,2
21167,3
21168,1
21169,1
21170,1
21171,5
21172,4
21173,2
21174,3
21175,2
21176,2
21177,3
21178,4
21179,2
21180,2
21181,1
21182,2
21183,1
21184,6
21185,1
21186,1
21187,2
21188,2
21189,2
21190,5
21191,2
21192,2
21193,4
21194,3
21195,3
21196,2
21197,2
21198,5
21199,4
21200,1
21201,5
21202,4
21203,2
21204,6
21205,3
21206,1
21207,3
21208,5
21209,2
21210,2
21211,2
21212,2
21213,4
21214,1
21215,7
21216,1
21217,3
21218,3
21219,3
21220,3
21221,6
21222,2
21223,2
21224,2
21225,2
21226,4
21227,3
21228,1
21229,3
21230,2
21231,2
21232,3
21233,2
21234,2
21235,1
21236,2
21237,2
21238,3
21239,3
21240,1
21241,4
21242,1
21243,2
21244,1
21245,1
21246,2
21247,3
21248,4
21249,1
21250,1
21251,1
21252,3
21253,4
21254,1
21255,2
21256,2
21257,3
21258,1
21259,2
21260,3
21261,2
21262,1
21263,3
21264,2
21265,5
21266,2
21267,2
21268,2
21269,4
21270,2
21271,3
21272,2
21273,1
21274,1
21275,1
21276,3
21277,1
21278,2
21279,1
21280,2
21281,2
21282,4
21283,8
21284,6
21285,1
21286,3
21287,2
21288,4
21289,2
21290,1
21291,1
21292,3
21293,2
21294,3
21295,4
21296,3
21297,2
21298,2
21299,2
21300,2
21301,6
21302,1
21303,4
21304,5
21305,3
21306,2
21307,1
21308,2
21309,2
21310,3
21311,1
21312,3
21313,1
21314,2
21315,1
21316,4
21317,3
21318,1
21319,6
21320,3
21321,2
21322,2
21323,3
21324,1
21325,4
21326,3
21327,1
21328,1
21329,3
21330,1
21331,6
21332,2
21333,4
21334,1
21335,3
21336,1
21337,1
21338,1
21339,1
21340,3
21341,1
21342,3
21343,1
21344,1
21345,4
21346,4
21347,2
21348,1
21349,2
21350,4
21351,1
21352,2
21353,4
21354,5
21355,2
21356,3
21357,2
21358,1
21359,1
21360,2
21361,2
21362,5
21363,3
21364,1
21365,2
21366,1
21367,1
21368,1
21369,1
21370,1
21371,2
21372,3
21373,2
21374,2
21375,2
21376,2
21377,3
21378,2
21379,2
21380,4
21381,2
21382,4
21383,2
21384,4
21385,1
21386,3
21387,2
21388,1
21389,1
21390,2
21391,2
21392,2
21393,1
21394,4
21395,4
21396,2
21397,5
21398,3
21399,3
21400,3
21401,3
21402,3
21403,4
21404,4
21405,2
21406,2
21407,1
21408,2
21409,3
21410,1
21411,2
21412,4
21413,4
21414,4
21415,5
21416,2
21417,2
21418,4
21419,1
21420,4
21421,1
21422,3
21423,1
21424,5
21425,2
21426,3
21427,4
21428,1
21429,4
21430,2
21431,2
21432,1
21433,3
21434,3
21435,3
21436,4
21437,2
21438,5
21439,1
21440,2
21441,2
21442,1
21443,2
21444,6
21445,2
21446,4
21447,3
21448,1
21449,2
21450,3
21451,1
21452,1
21453,2
21454,1
21455,4
21456,3
21457,2
21458,3
21459,3
21460,5
21461,3
21462,1
21463,2
21464,2
21465,4
21466,2
21467,1
21468,3
21469,2
21470,3
21471,2
21472,3
21473,3
21474,1
21475,3
21476,1
21477,1
21478,1
21479,1
21480,3
21481,2
21482,2
21483,3
21484,1
21485,2
21486,2
21487,3
21488,5
21489,1
21490,2
21491,2
21492,3
21493,1
21494,4
21495,2
21496,2
21497,1
21498,3
21499,4
21500,3
21501,2
21502,2
21503,3
21504,4
21505,3
21506,1
21507,5
21508,2
21509,2
21510,1
21511,1
21512,1
21513,1
21514,3
21515,2
21516,2
21517,1
21518,3
21519,3
21520,3
21521,3
21522,6
21523,5
21524,1
21525,1
21526,3
21527,3
21528,1
21529,2
21530,1
21531,3
21532,1
21533,3
21534,3
21535,3
21536,4
21537,2
21538,2
21539,1
21540,3
21541,2
21542,4
21543,2
21544,1
21545,2
21546,2
21547,3
21548,3
21549,2
21550,5
21551,1
21552,1
21553,1
21554,3
21555,1
21556,1
21557,4
21558,2
21559,4
21560,3
21561,2
21562,3
21563,4
21564,5
21565,2
21566,1
21567,4
21568,2
21569,2
21570,2
21571,2
21572,1
21573,3
21574,3
21575,1
21576,3
21577,1
21578,2
21579,1
21580,3
21581,1
21582,4
21583,1
21584,2
21585,2
21586,2
21587,1
21588,1
21589,2
21590,2
21591,1
21592,4
21593,1
21594,4
21595,4
21596,1
21597,4
21598,1
21599,3
21600,1
21601,3
21602,8
21603,6
21604,4
21605,5
21606,4
21607,1
21608,1
21609,2
21610,6
21611,3
21612,3
21613,1
21614,1
21615,5
21616,2
21617,1
21618,2
21619,1
21620,2
21621,3
21622,3
21623,3
21624,1
21625,2
21626,2
21627,1
21628,2
21629,3
21630,3
21631,3
21632,3
21633,1
21634,1
21635,2
21636,2
21637,2
21638,2
21639,2
21640,8
21641,2
21642,3
21643,1
21644,2
21645,3
21646,1
21647,1
21648,1
21649,3
21650,1
21651,1
21652,3
21653,2
21654,1
21655,4
21656,2
21657,1
21658,4
21659,1
21660,6
21661,3
21662,1
21663,2
21664,3
21665,6
21666,3
21667,2
21668,1
21669,2
21670,2
21671,3
21672,1
21673,3
21674,1
21675,1
21676,1
21677,3
21678,3
21679,4
21680,2
21681,5
21682,6
21683,1
21684,3
21685,2
21686,2
21687,6
21688,4
21689,2
21690,3
21691,2
21692,2
21693,5
21694,5
21695,2
21696,1
21697,2
21698,4
21699,2
21700,2
21701,2
21702,1
21703,2
21704,1
21705,1
21706,1
21707,1
21708,2
21709,2
21710,4
21711,1
21712,6
21713,2
21714,4
21715,3
21716,1
21717,3
21718,3
21719,3
21720,2
21721,2
21722,2
21723,1
21724,1
21725,2
21726,1
21727,1
21728,1
21729,4
21730,1
21731,4
21732,1
21733,1
21734,4
21735,2
21736,1
21737,5
21738,3
21739,1
21740,4
21741,4
21742,3
21743,4
21744,4
21745,2
21746,1
21747,1
21748,3
21749,1
21750,3
21751,2
21752,2
21753,1
21754,1
21755,3
21756,3
21757,4
21758,1
21759,4
21760,1
21761,4
21762,2
21763,4
21764,4
21765,4
21766,2
21767,6
21768,5
21769,3
21770,1
21771,2
21772,5
21773,2
21774,4
21775,1
21776,3
21777,2
21778,1
21779,2
21780,1
21781,2
21782,3
21783,2
21784,2
21785,1
21786,2
21787,4
21788,2
21789,2
21790,4
21791,3
21792,3
21793,5
21794,3
21795,1
21796,3
21797,2
21798,1
21799,3
21800,2
21801,2
21802,2
21803,4
21804,1
21805,1
21806,3
21807,3
21808,3
21809,4
21810,2
21811,2
21812,2
21813,3
21814,1
21815,4
21816,4
21817,1
21818,1
21819,2
21820,3
21821,2
21822,2
21823,5
21824,1
21825,4
21826,1
21827,1
21828,2
21829,1
21830,1
21831,3
21832,1
21833,1
21834,3
21835,2
21836,4
21837,2
21838,2
21839,2
21840,2
21841,1
21842,2
21843,4
21844,2
21845,1
21846,1
21847,3
21848,4
21849,2
21850,4
21851,3
21852,1
21853,2
21854,2
21855,2
21856,1
21857,2
21858,3
21859,3
21860,1
21861,1
21862,1
21863,4
21864,6
21865,3
21866,3
21867,4
21868,4
21869,1
21870,1
21871,2
21872,2
21873,2
21874,1
21875,2
21876,2
21877,3
21878,2
21879,2
21880,2
21881,1
21882,2
21883,1
21884,1
21885,2
21886,3
21887,2
21888,2
21889,3
21890,2
21891,1
21892,1
21893,3
21894,3
21895,4
21896,5
21897,2
21898,2
21899,4
21900,2
21901,6
21902,3
21903,3
21904,3
21905,4
21906,2
21907,3
21908,4
21909,2
21910,3
21911,4
21912,4
21913,1
21914,2
21915,3
21916,5
21917,7
21918,2
21919,2
21920,2
21921,3
21922,5
21923,2
21924,3
21925,2
21926,1
21927,1
21928,6
21929,4
21930,3
21931,2
21932,1
21933,2
21934,1
21935,3
21936,4
21937,2
21938,2
21939,7
21940,2
21941,3
21942,1
21943,3
21944,2
21945,5
21946,3
21947,1
21948,2
21949,4
21950,1
21951,2
21952,2
21953,3
21954,2
21955,1
21956,3
21957,1
21958,3
21959,3
21960,4
21961,1
21962,1
21963,2
21964,1
21965,4
21966,3
21967,2
21968,4
21969,3
21970,1
21971,4
21972,2
21973,1
21974,5
21975,2
21976,5
21977,3
21978,4
21979,2
21980,4
21981,5
21982,1
21983,3
21984,4
21985,2
21986,2
21987,2
21988,5
21989,2
21990,2
21991,1
21992,2
21993,1
21994,1
21995,2
21996,3
21997,5
21998,1
21999,4
22000,2
22001,1
22002,2
22003,3
22004,3
22005,2
22006,3
22007,3
22008,1
22009,1
22010,2
22011,2
22012,3
22013,2
22014,6
22015,2
22016,1
22017,2
22018,3
22019,1
22020,3
22021,4
22022,3
22023,2
22024,3
22025,3
22026,3
22027,5
22028,5
22029,2
22030,1
22031,3
22032,2
22033,3
22034,1
22035,5
22036,2
22037,3
22038,5
22039,4
22040,5
22041,5
22042,1
22043,5
22044,5
22045,1
22046,2
22047,4
22048,2
22049,2
22050,3
22051,3
22052,4
22053,1
22054,3
22055,3
22056,2
22057,2
22058,1
22059,1
22060,7
22061,1
22062,1
22063,2
22064,1
22065,1
22066,4
22067,4
22068,4
22069,2
22070,3
22071,3
22072,3
22073,2
22074,5
22075,2
22076,2
22077,2
22078,2
22079,5
22080,1
22081,2
22082,2
22083,1
22084,4
22085,1
22086,1
22087,3
22088,3
22089,3
22090,2
22091,1
22092,3
22093,3
22094,6
22095,1
22096,3
22097,2
22098,2
22099,3
22100,1
22101,3
22102,3
22103,1
22104,3
22105,5
22106,2
22107,1
22108,4
22109,2
22110,1
22111,3
22112,4
22113,1
22114,1
22115,1
22116,1
22117,6
22118,1
22119,1
22120,1
22121,3
22122,4
22123,5
22124,4
22125,3
22126,1
22127,1
22128,4
22129,1
22130,1
22131,1
22132,1
22133,2
22134,1
22135,3
22136,1
22137,2
22138,2
22139,3
22140,3
22141,3
22142,3
22143,1
22144,3
22145,1
22146,2
22147,2
22148,1
22149,2
22150,2
22151,1
22152,4
22153,3
22154,1
22155,4
22156,4
22157,2
22158,1
22159,1
22160,3
22161,1
22162,4
22163,1
22164,1
22165,3
22166,1
22167,1
22168,3
22169,2
22170,3
22171,3
22172,2
22173,2
22174,1
22175,3
22176,2
22177,2
22178,2
22179,2
22180,1
22181,4
22182,2
22183,3
22184,4
22185,2
22186,3
22187,3
22188,2
22189,2
22190,1
22191,3
22192,5
22193,3
22194,1
22195,3
22196,2
22197,1
22198,2
22199,2
22200,3
22201,3
22202,1
22203,2
22204,3
22205,1
22206,2
22207,1
22208,2
22209,1
22210,2
22211,1
22212,1
22213,3
22214,2
22215,1
22216,2
22217,1
22218,1
22219,2
22220,2
22221,3
22222,3
22223,1
22224,3
22225,4
22226,3
22227,1
22228,1
22229,3
22230,3
22231,2
22232,3
22233,3
22234,2
22235,3
22236,3
22237,1
22238,4
22239,1
22240,1
22241,4
22242,3
22243,2
22244,3
22245,3
22246,1
22247,3
22248,4
22249,3
22250,1
22251,4
22252,1
22253,2
22254,3
22255,1
22256,2
22257,4
22258,2
22259,3
22260,1
22261,4
22262,2
22263,1
22264,3
22265,1
22266,3
22267,4
22268,2
22269,3
22270,3
22271,4
22272,4
22273,3
22274,3
22275,1
22276,3
22277,3
22278,4
22279,4
22280,1
22281,2
22282,4
22283,2
22284,2
22285,1
22286,2
22287,4
22288,4
22289,2
22290,2
22291,3
22292,2
22293,3
22294,1
22295,2
22296,3
22297,2
22298,2
22299,4
22300,4
22301,2
22302,2
22303,3
22304,2
22305,3
22306,3
22307,2
22308,1
22309,5
22310,2
22311,6
22312,5
22313,5
22314,5
22315,8
22316,2
22317,1
22318,3
22319,1
22320,1
22321,3
22322,2
22323,3
22324,2
22325,2
22326,3
22327,2
22328,3
22329,2
22330,1
22331,2
22332,2
22333,2
22334,2
22335,2
22336,1
22337,3
22338,1
22339,1
22340,4
22341,1
22342,3
22343,3
22344,2
22345,1
22346,5
22347,4
22348,2
22349,2
22350,1
22351,2
22352,5
22353,1
22354,3
22355,1
22356,1
22357,3
22358,3
22359,2
22360,2
22361,1
22362,2
22363,1
22364,2
22365,4
22366,4
22367,6
22368,3
22369,1
22370,5
22371,5
22372,1
22373,1
22374,2
22375,1
22376,2
22377,3
22378,3
22379,2
22380,4
22381,4
22382,6
22383,3
22384,3
22385,2
22386,2
22387,2
22388,2
22389,3
22390,1
22391,4
22392,1
22393,4
22394,2
22395,5
22396,3
22397,2
22398,1
22399,2
22400,1
22401,1
22402,4
22403,1
22404,2
22405,1
22406,3
22407,2
22408,4
22409,3
22410,1
22411,2
22412,2
22413,1
22414,4
22415,2
22416,1
22417,5
22418,2
22419,2
22420,1
22421,2
22422,2
22423,2
22424,3
22425,3
22426,2
22427,2
22428,1
22429,2
22430,2
22431,2
22432,2
22433,1
22434,2
22435,3
22436,2
22437,2
22438,4
22439,1
22440,3
22441,2
22442,1
22443,3
22444,2
22445,3
22446,4
22447,1
22448,6
22449,3
22450,2
22451,1
22452,2
22453,3
22454,4
22455,2
22456,4
22457,4
22458,3
22459,2
22460,3
22461,3
22462,3
22463,6
22464,4
22465,4
22466,4
22467,5
22468,2
22469,5
22470,4
22471,4
22472,1
22473,2
22474,1
22475,1
22476,5
22477,1
22478,1
22479,2
22480,4
22481,3
22482,5
22483,3
22484,2
22485,3
22486,3
22487,4
22488,4
22489,3
22490,1
22491,3
22492,3
22493,1
22494,1
22495,2
22496,2
22497,3
22498,2
22499,3
22500,2
22501,2
22502,4
22503,2
22504,1
22505,2
22506,2
22507,5
22508,4
22509,5
22510,2
22511,4
22512,4
22513,2
22514,1
22515,4
22516,2
22517,6
22518,2
22519,4
22520,1
22521,1
22522,2
22523,4
22524,4
22525,2
22526,3
22527,1
22528,1
22529,4
22530,2
22531,1
22532,1
22533,1
22534,3
22535,3
22536,3
22537,4
22538,3
22539,2
22540,3
22541,1
22542,5
22543,1
22544,3
22545,2
22546,4
22547,3
22548,3
22549,1
22550,4
22551,2
22552,4
22553,1
22554,2
22555,2
22556,3
22557,1
22558,10
22559,1
22560,1
22561,3
22562,2
22563,3
22564,2
22565,4
22566,2
22567,3
22568,2
22569,2
22570,4
22571,2
22572,3
22573,6
22574,1
22575,2
22576,2
22577,3
22578,1
22579,3
22580,1
22581,2
22582,3
22583,1
22584,3
22585,7
22586,1
22587,1
22588,5
22589,1
22590,7
22591,2
22592,1
22593,2
22594,4
22595,1
22596,1
22597,1
22598,3
22599,1
22600,3
22601,2
22602,1
22603,2
22604,4
22605,3
22606,2
22607,4
22608,5
22609,1
22610,3
22611,2
22612,4
22613,2
22614,3
22615,2
22616,3
22617,1
22618,1
22619,1
22620,3
22621,3
22622,2
22623,3
22624,1
22625,3
22626,4
22627,1
22628,2
22629,4
22630,3
22631,2
22632,2
22633,2
22634,2
22635,2
22636,2
22637,4
22638,1
22639,3
22640,4
22641,3
22642,3
22643,4
22644,1
22645,4
22646,4
22647,1
22648,3
22649,2
22650,1
22651,2
22652,2
22653,2
22654,3
22655,4
22656,2
22657,2
22658,3
22659,1
22660,2
22661,4
22662,2
22663,2
22664,1
22665,3
22666,1
22667,2
22668,4
22669,3
22670,2
22671,1
22672,3
22673,2
22674,3
22675,2
22676,3
22677,1
22678,3
22679,2
22680,5
22681,3
22682,1
22683,3
22684,3
22685,1
22686,2
22687,1
22688,1
22689,2
22690,3
22691,1
22692,1
22693,2
22694,2
22695,1
22696,1
22697,3
22698,2
22699,1
22700,1
22701,3
22702,1
22703,2
22704,2
22705,2
22706,3
22707,6
22708,3
22709,2
22710,2
22711,3
22712,3
22713,2
22714,1
22715,1
22716,2
22717,4
22718,4
22719,5
22720,2
22721,1
22722,1
22723,3
22724,4
22725,3
22726,4
22727,5
22728,5
22729,2
22730,3
22731,2
22732,4
22733,4
22734,3
22735,2
22736,2
22737,6
22738,1
22739,2
22740,1
22741,2
22742,6
22743,3
22744,1
22745,3
22746,1
22747,2
22748,3
22749,2
22750,1
22751,1
22752,3
22753,1
22754,1
22755,2
22756,2
22757,3
22758,1
22759,3
22760,6
22761,6
22762,3
22763,3
22764,3
22765,3
22766,1
22767,1
22768,2
22769,1
22770,2
22771,3
22772,1
22773,2
22774,7
22775,3
22776,4
22777,2
22778,9
22779,6
22780,2
22781,1
22782,5
22783,1
22784,1
22785,2
22786,3
22787,7
22788,3
22789,6
22790,2
22791,1
22792,1
22793,3
22794,7
22795,2
22796,4
22797,1
22798,4
22799,1
22800,2
22801,1
22802,2
22803,1
22804,3
22805,2
22806,3
22807,3
22808,2
22809,3
22810,1
22811,1
22812,3
22813,4
22814,3
22815,4
22816,1
22817,3
22818,2
22819,3
22820,2
22821,2
22822,1
22823,5
22824,1
22825,2
22826,1
22827,1
22828,3
22829,2
22830,4
22831,1
22832,3
22833,4
22834,2
22835,1
22836,3
22837,1
22838,1
22839,2
22840,2
22841,3
22842,3
22843,1
22844,4
22845,4
22846,1
22847,3
22848,3
22849,2
22850,1
22851,4
22852,3
22853,1
22854,5
22855,1
22856,1
22857,3
22858,2
22859,7
22860,5
22861,3
22862,6
22863,3
22864,2
22865,2
22866,2
22867,3
22868,4
22869,2
22870,4
22871,3
22872,2
22873,2
22874,5
22875,2
22876,2
22877,2
22878,1
22879,8
22880,1
22881,2
22882,3
22883,1
22884,1
22885,4
22886,3
22887,1
22888,2
22889,1
22890,4
22891,2
22892,2
22893,2
22894,4
22895,3
22896,2
22897,4
22898,2
22899,2
22900,1
22901,3
22902,2
22903,5
22904,5
22905,3
22906,4
22907,3
22908,2
22909,2
22910,4
22911,1
22912,3
22913,3
22914,1
22915,3
22916,2
22917,2
22918,1
22919,1
22920,2
22921,2
22922,4
22923,2
22924,3
22925,1
22926,2
22927,2
22928,2
22929,2
22930,1
22931,3
22932,3
22933,4
22934,2
22935,2
22936,1
22937,2
22938,1
22939,1
22940,2
22941,3
22942,1
22943,4
22944,1
22945,4
22946,2
22947,6
22948,3
22949,2
22950,1
22951,1
22952,6
22953,3
22954,1
22955,7
22956,1
22957,2
22958,3
22959,2
22960,1
22961,2
22962,1
22963,4
22964,1
22965,1
22966,4
22967,8
22968,3
22969,3
22970,1
22971,1
22972,4
22973,1
22974,2
22975,1
22976,1
22977,4
22978,5
22979,3
22980,3
22981,1
22982,5
22983,3
22984,3
22985,3
22986,2
22987,3
22988,3
22989,3
22990,4
22991,3
22992,1
22993,1
22994,4
22995,3
22996,3
22997,1
22998,1
22999,4
23000,2
23001,2
23002,3
23003,4
23004,1
23005,2
23006,3
23007,2
23008,3
23009,2
23010,1
23011,1
23012,1
23013,2
23014,2
23015,1
23016,2
23017,1
23018,1
23019,2
23020,3
23021,3
23022,3
23023,3
23024,1
23025,2
23026,1
23027,5
23028,2
23029,3
23030,1
23031,1
23032,3
23033,2
23034,2
23035,1
23036,3
23037,3
23038,1
23039,3
23040,2
23041,1
23042,3
23043,2
23044,3
23045,3
23046,6
23047,2
23048,5
23049,4
23050,2
23051,3
23052,1
23053,2
23054,1
23055,4
23056,2
23057,3
23058,2
23059,1
23060,2
23061,2
23062,2
23063,6
23064,1
23065,3
23066,2
23067,2
23068,3
23069,1
23070,2
23071,2
23072,1
23073,1
23074,1
23075,1
23076,4
23077,3
23078,4
23079,1
23080,3
23081,2
23082,1
23083,1
23084,3
23085,5
23086,4
23087,1
23088,1
23089,4
23090,3
23091,3
23092,2
23093,1
23094,3
23095,1
23096,6
23097,2
23098,6
23099,4
23100,1
23101,3
23102,1
23103,5
23104,3
23105,3
23106,2
23107,5
23108,3
23109,2
23110,1
23111,1
23112,2
23113,2
23114,3
23115,2
23116,2
23117,4
23118,2
23119,5
23120,2
23121,5
23122,4
23123,2
23124,2
23125,1
23126,2
23127,2
23128,1
23129,3
23130,2
23131,3
23132,1
23133,3
23134,5
23135,1
23136,1
23137,2
23138,3
23139,2
23140,2
23141,6
23142,4
23143,3
23144,1
23145,3
23146,1
23147,2
23148,1
23149,4
23150,1
23151,2
23152,2
23153,1
23154,5
23155,5
23156,3
23157,1
23158,1
23159,5
23160,2
23161,1
23162,1
23163,2
23164,1
23165,5
23166,1
23167,3
23168,2
23169,2
23170,1
23171,3
23172,3
23173,1
23174,2
23175,3
23176,2
23177,1
23178,1
23179,2
23180,2
23181,4
23182,1
23183,2
23184,5
23185,4
23186,2
23187,2
23188,1
23189,1
23190,1
23191,1
23192,6
23193,2
23194,3
23195,1
23196,1
23197,3
23198,3
23199,1
23200,4
23201,2
23202,2
23203,1
23204,4
23205,1
23206,4
23207,5
23208,2
23209,2
23210,2
23211,2
23212,1
23213,4
23214,4
23215,2
23216,2
23217,4
23218,2
23219,1
23220,1
23221,2
23222,1
23223,1
23224,2
23225,2
23226,1
23227,3
23228,3
23229,3
23230,2
23231,4
23232,3
23233,1
23234,2
23235,2
23236,2
23237,2
23238,1
23239,4
23240,1
23241,2
23242,1
23243,2
23244,3
23245,3
23246,2
23247,1
23248,2
23249,3
23250,2
23251,1
23252,3
23253,7
23254,1
23255,3
23256,4
23257,2
23258,2
23259,1
23260,4
23261,3
23262,2
23263,3
23264,4
23265,2
23266,1
23267,3
23268,1
23269,2
23270,3
23271,4
23272,3
23273,3
23274,1
23275,3
23276,1
23277,5
23278,3
23279,3
23280,5
23281,3
23282,3
23283,5
23284,2
23285,2
23286,3
23287,1
23288,3
23289,1
23290,4
23291,3
23292,1
23293,3
23294,3
23295,2
23296,1
23297,1
23298,1
23299,1
23300,2
23301,2
23302,2
23303,2
23304,4
23305,2
23306,1
23307,3
23308,1
23309,2
23310,3
23311,2
23312,1
23313,1
23314,3
23315,1
23316,3
23317,5
23318,3
23319,1
23320,2
23321,3
23322,1
23323,3
23324,1
23325,1
23326,2
23327,1
23328,3
23329,1
23330,2
23331,1
23332,1
23333,3
23334,2
23335,6
23336,4
23337,6
23338,3
23339,2
23340,4
23341,5
23342,3
23343,2
23344,4
23345,3
23346,2
23347,2
23348,1
23349,2
23350,1
23351,1
23352,1
23353,4
23354,3
23355,3
23356,3
23357,1
23358,1
23359,3
23360,4
23361,2
23362,4
23363,2
23364,1
23365,2
23366,2
23367,4
23368,2
23369,1
23370,1
23371,3
23372,2
23373,3
23374,2
23375,1
23376,3
23377,4
23378,1
23379,1
23380,1
23381,5
23382,1
23383,3
23384,2
23385,2
23386,1
23387,3
23388,4
23389,1
23390,1
23391,2
23392,1
23393,5
23394,3
23395,2
23396,1
23397,4
23398,3
23399,1
23400,2
23401,3
23402,2
23403,3
23404,6
23405,4
23406,1
23407,1
23408,1
23409,1
23410,5
23411,1
23412,1
23413,2
23414,4
23415,2
23416,3
23417,1
23418,3
23419,1
23420,1
23421,3
23422,3
23423,2
23424,2
23425,1
23426,2
23427,1
23428,1
23429,2
23430,1
23431,1
23432,1
23433,4
23434,2
23435,5
23436,5
23437,4
23438,1
23439,4
23440,1
23441,2
23442,3
23443,1
23444,6
23445,4
23446,4
23447,2
23448,2
23449,3
23450,2
23451,3
23452,1
23453,1
23454,3
23455,2
23456,5
23457,3
23458,1
23459,1
23460,2
23461,6
23462,4
23463,2
23464,2
23465,4
23466,2
23467,2
23468,1
23469,2
23470,1
23471,2
23472,1
23473,1
23474,4
23475,4
23476,3
23477,3
23478,2
23479,1
23480,2
23481,2
23482,2
23483,3
23484,2
23485,3
23486,2
23487,1
23488,3
23489,1
23490,5
23491,4
23492,1
23493,4
23494,4
23495,4
23496,3
23497,1
23498,5
23499,2
23500,2
23501,3
23502,5
23503,1
23504,3
23505,5
23506,3
23507,3
23508,3
23509,2
23510,3
23511,5
23512,3
23513,2
23514,2
23515,1
23516,1
23517,2
23518,2
23519,4
23520,3
23521,1
23522,2
23523,3
23524,5
23525,4
23526,3
23527,2
23528,3
23529,2
23530,4
23531,3
23532,1
23533,1
23534,2
23535,4
23536,2
23537,1
23538,11
23539,2
23540,5
23541,1
23542,1
23543,1
23544,2
23545,4
23546,1
23547,4
23548,1
23549,5
23550,2
23551,3
23552,3
23553,3
23554,2
23555,1
23556,1
23557,2
23558,3
23559,1
23560,5
23561,2
23562,3
23563,2
23564,3
23565,4
23566,3
23567,3
23568,2
23569,1
23570,1
23571,1
23572,1
23573,4
23574,1
23575,4
23576,1
23577,2
23578,2
23579,2
23580,1
23581,2
23582,1
23583,4
23584,4
23585,3
23586,2
23587,2
23588,1
23589,5
23590,2
23591,4
23592,3
23593,3
23594,3
23595,1
23596,2
23597,2
23598,5
23599,2
23600,1
23601,1
23602,1
23603,5
23604,4
23605,2
23606,3
23607,4
23608,2
23609,6
23610,2
23611,3
23612,2
23613,1
23614,3
23615,1
23616,2
23617,4
23618,1
23619,3
23620,2
23621,2
23622,2
23623,2
23624,3
23625,3
23626,1
23627,2
23628,2
23629,6
23630,2
23631,1
23632,1
23633,2
23634,3
23635,3
23636,4
23637,1
23638,2
23639,2
23640,2
23641,3
23642,2
23643,3
23644,1
23645,1
23646,2
23647,5
23648,3
23649,1
23650,2
23651,1
23652,1
23653,4
23654,2
23655,2
23656,4
23657,2
23658,4
23659,2
23660,2
23661,3
23662,2
23663,1
23664,2
23665,1
23666,2
23667,3
23668,3
23669,1
23670,1
23671,1
23672,3
23673,2
23674,1
23675,5
23676,2
23677,1
23678,2
23679,2
23680,3
23681,2
23682,1
23683,6
23684,2
23685,2
23686,3
23687,2
23688,2
23689,2
23690,3
23691,3
23692,3
23693,2
23694,1
23695,3
23696,2
23697,1
23698,2
23699,3
23700,1
23701,3
23702,1
23703,4
23704,6
23705,2
23706,1
23707,2
23708,2
23709,4
23710,1
23711,5
23712,3
23713,1
23714,3
23715,3
23716,1
23717,1
23718,3
23719,1
23720,3
23721,3
23722,3
23723,1
23724,5
23725,3
23726,2
23727,1
23728,3
23729,1
23730,3
23731,2
23732,2
23733,2
23734,1
23735,3
23736,3
23737,3
23738,1
23739,1
23740,2
23741,2
23742,3
23743,3
23744,1
23745,3
23746,1
23747,5
23748,4
23749,3
23750,1
23751,2
23752,3
23753,2
23754,1
23755,3
23756,1
23757,1
23758,3
23759,4
23760,1
23761,2
23762,4
23763,5
23764,1
23765,2
23766,4
23767,4
23768,1
23769,4
23770,1
23771,1
23772,3
23773,1
23774,6
23775,6
23776,2
23777,4
23778,2
23779,2
23780,3
23781,5
23782,2
23783,1
23784,4
23785,2
23786,1
23787,3
23788,1
23789,2
23790,3
23791,3
23792,2
23793,7
23794,1
23795,3
23796,3
23797,4
23798,2
23799,5
23800,2
23801,1
23802,2
23803,1
23804,1
23805,2
23806,4
23807,1
23808,1
23809,3
23810,2
23811,2
23812,1
23813,2
23814,1
23815,2
23816,5
23817,3
23818,2
23819,3
23820,2
23821,3
23822,6
23823,1
23824,3
23825,2
23826,1
23827,4
23828,1
23829,1
23830,2
23831,2
23832,6
23833,3
23834,4
23835,3
23836,2
23837,2
23838,3
23839,3
23840,1
23841,2
23842,4
23843,3
23844,3
23845,6
23846,2
23847,2
23848,1
23849,4
23850,4
23851,1
23852,2
23853,1
23854,4
23855,3
23856,1
23857,1
23858,1
23859,3
23860,2
23861,1
23862,2
23863,3
23864,6
23865,7
23866,5
23867,1
23868,1
23869,1
23870,4
23871,1
23872,1
23873,2
23874,2
23875,2
23876,3
23877,2
23878,8
23879,2
23880,1
23881,2
23882,1
23883,3
23884,4
23885,2
23886,2
23887,4
23888,1
23889,4
23890,5
23891,2
23892,3
23893,2
23894,6
23895,1
23896,3
23897,1
23898,2
23899,1
23900,2
23901,5
23902,1
23903,2
23904,2
23905,1
23906,1
23907,4
23908,3
23909,4
23910,1
23911,2
23912,6
23913,2
23914,1
23915,1
23916,1
23917,1
23918,2
23919,3
23920,1
23921,1
23922,2
23923,2
23924,3
23925,2
23926,1
23927,4
23928,5
23929,2
23930,2
23931,2
23932,5
23933,2
23934,4
23935,1
23936,2
23937,2
23938,2
23939,3
23940,5
23941,2
23942,5
23943,3
23944,2
23945,3
23946,3
23947,3
23948,3
23949,4
23950,3
23951,4
23952,3
23953,4
23954,2
23955,2
23956,2
23957,2
23958,3
23959,3
23960,4
23961,3
23962,1
23963,4
23964,1
23965,3
23966,3
23967,1
23968,3
23969,2
23970,3
23971,4
23972,4
23973,2
23974,2
23975,2
23976,1
23977,3
23978,1
23979,2
23980,4
23981,3
23982,3
23983,2
23984,1
23985,1
23986,2
23987,3
23988,2
23989,4
23990,1
23991,1
23992,8
23993,2
23994,2
23995,1
23996,1
23997,3
23998,3
23999,1
24000,1
24001,1
24002,4
24003,4
24004,2
24005,2
24006,2
24007,1
24008,4
24009,4
24010,1
24011,1
24012,1
24013,1
24014,1
24015,3
24016,2
24017,1
24018,2
24019,2
24020,1
24021,3
24022,1
24023,1
24024,3
24025,4
24026,1
24027,2
24028,4
24029,2
24030,4
24031,2
24032,9
24033,4
24034,2
24035,1
24036,2
24037,5
24038,1
24039,1
24040,5
24041,3
24042,4
24043,1
24044,4
24045,4
24046,2
24047,1
24048,2
24049,3
24050,5
24051,2
24052,2
24053,1
24054,4
24055,2
24056,3
24057,3
24058,6
24059,2
24060,5
24061,1
24062,3
24063,1
24064,2
24065,3
24066,1
24067,4
24068,1
24069,5
24070,2
24071,4
24072,3
24073,2
24074,3
24075,2
24076,5
24077,4
24078,2
24079,1
24080,4
24081,1
24082,2
24083,1
24084,1
24085,1
24086,5
24087,3
24088,3
24089,1
24090,2
24091,2
24092,4
24093,8
24094,5
24095,3
24096,3
24097,2
24098,3
24099,1
24100,4
24101,2
24102,1
24103,1
24104,5
24105,2
24106,2
24107,3
24108,1
24109,1
24110,1
24111,3
24112,2
24113,6
24114,4
24115,2
24116,4
24117,4
24118,2
24119,1
24120,4
24121,5
24122,3
24123,4
24124,3
24125,2
24126,3
24127,4
24128,1
24129,1
24130,2
24131,1
24132,1
24133,3
24134,3
24135,4
24136,3
24137,2
24138,2
24139,4
24140,2
24141,1
24142,4
24143,1
24144,2
24145,2
24146,2
24147,2
24148,1
24149,2
24150,2
24151,2
24152,2
24153,1
24154,3
24155,3
24156,3
24157,3
24158,2
24159,1
24160,2
24161,1
24162,2
24163,1
24164,3
24165,3
24166,2
24167,1
24168,6
24169,2
24170,1
24171,1
24172,2
24173,2
24174,1
24175,7
24176,5
24177,2
24178,2
24179,4
24180,4
24181,3
24182,3
24183,2
24184,4
24185,4
24186,2
24187,2
24188,1
24189,4
24190,4
24191,5
24192,3
24193,2
24194,2
24195,3
24196,2
24197,1
24198,6
24199,3
24200,3
24201,4
24202,2
24203,1
24204,1
24205,4
24206,1
24207,3
24208,4
24209,3
24210,1
24211,4
24212,8
24213,1
24214,1
24215,2
24216,2
24217,2
24218,4
24219,1
24220,2
24221,3
24222,2
24223,3
24224,1
24225,5
24226,2
24227,3
24228,1
24229,1
24230,4
24231,2
24232,1
24233,1
24234,3
24235,6
24236,2
24237,1
24238,4
24239,1
24240,1
24241,1
24242,3
24243,1
24244,4
24245,4
24246,1
24247,4
24248,3
24249,3
24250,8
24251,1
24252,2
24253,2
24254,2
24255,3
24256,4
24257,3
24258,2
24259,4
24260,2
24261,2
24262,2
24263,3
24264,3
24265,2
24266,1
24267,4
24268,5
24269,1
24270,1
24271,5
24272,2
24273,2
24274,4
24275,1
24276,1
24277,4
24278,2
24279,4
24280,3
24281,3
24282,5
24283,4
24284,2
24285,2
24286,3
24287,2
24288,1
24289,2
24290,3
24291,5
24292,2
24293,1
24294,3
24295,1
24296,3
24297,2
24298,3
24299,2
24300,2
24301,4
24302,3
24303,2
24304,2
24305,2
24306,2
24307,3
24308,4
24309,4
24310,2
24311,3
24312,3
24313,1
24314,3
24315,2
24316,2
24317,1
24318,7
24319,5
24320,5
24321,4
24322,2
24323,6
24324,2
24325,2
24326,4
24327,4
24328,1
24329,2
24330,2
24331,2
24332,3
24333,3
24334,4
24335,3
24336,1
24337,3
24338,5
24339,4
24340,4
24341,1
24342,3
24343,4
24344,6
24345,2
24346,1
24347,2
24348,1
24349,7
24350,1
24351,3
24352,1
24353,3
24354,2
24355,2
24356,2
24357,5
24358,1
24359,1
24360,2
24361,1
24362,6
24363,1
24364,4
24365,2
24366,2
24367,3
24368,3
24369,2
24370,1
24371,3
24372,3
24373,5
24374,1
24375,2
24376,2
24377,2
24378,4
24379,3
24380,3
24381,4
24382,2
24383,3
24384,4
24385,2
24386,3
24387,1
24388,2
24389,1
24390,5
24391,4
24392,3
24393,1
24394,3
24395,2
24396,2
24397,3
24398,2
24399,3
24400,2
24401,3
24402,4
24403,3
24404,3
24405,1
24406,4
24407,4
24408,2
24409,3
24410,1
24411,2
24412,3
24413,1
24414,2
24415,3
24416,4
24417,4
24418,4
24419,3
24420,2
24421,5
24422,1
24423,2
24424,2
24425,1
24426,4
24427,4
24428,1
24429,1
24430,4
24431,3
24432,1
24433,1
24434,2
24435,3
24436,2
24437,1
24438,1
24439,2
24440,1
24441,3
24442,1
24443,1
24444,3
24445,4
24446,5
24447,2
24448,4
24449,2
24450,1
24451,2
24452,1
24453,3
24454,1
24455,3
24456,1
24457,2
24458,7
24459,2
24460,3
24461,6
24462,3
24463,1
24464,1
24465,3
24466,5
24467,1
24468,1
24469,3
24470,1
24471,4
24472,2
24473,3
24474,3
24475,5
24476,2
24477,1
24478,2
24479,3
24480,2
24481,1
24482,2
24483,1
24484,3
24485,2
24486,4
24487,3
24488,2
24489,3
24490,2
24491,1
24492,2
24493,3
24494,1
24495,2
24496,3
24497,1
24498,1
24499,2
24500,1
24501,1
24502,2
24503,4
24504,2
24505,2
24506,4
24507,1
24508,4
24509,2
24510,2
24511,2
24512,3
24513,3
24514,1
24515,1
24516,1
24517,2
24518,3
24519,1
24520,3
24521,2
24522,1
24523,1
24524,3
24525,1
24526,2
24527,3
24528,2
24529,4
24530,3
24531,5
24532,1
24533,3
24534,5
24535,3
24536,3
24537,3
24538,3
24539,2
24540,1
24541,3
24542,3
24543,3
24544,3
24545,2
24546,1
24547,1
24548,1
24549,3
24550,2
24551,4
24552,2
24553,2
24554,1
24555,3
24556,2
24557,1
24558,1
24559,3
24560,3
24561,4
24562,4
24563,1
24564,1
24565,2
24566,2
24567,2
24568,1
24569,5
24570,5
24571,3
24572,3
24573,4
24574,2
24575,1
24576,3
24577,6
24578,3
24579,3
24580,3
24581,2
24582,2
24583,3
24584,4
24585,1
24586,1
24587,2
24588,2
24589,3
24590,2
24591,5
24592,1
24593,1
24594,3
24595,7
24596,4
24597,1
24598,1
24599,6
24600,1
24601,7
24602,3
24603,1
24604,2
24605,2
24606,2
24607,4
24608,2
24609,2
24610,2
24611,3
24612,1
24613,3
24614,3
24615,3
24616,2
24617,3
24618,4
24619,2
24620,2
24621,2
24622,4
24623,2
24624,2
24625,2
24626,2
24627,4
24628,3
24629,3
24630,2
24631,2
24632,2
24633,2
24634,4
24635,1
24636,2
24637,5
24638,2
24639,1
24640,2
24641,3
24642,1
24643,2
24644,1
24645,2
24646,3
24647,4
24648,2
24649,1
24650,1
24651,3
24652,1
24653,1
24654,3
24655,2
24656,2
24657,4
24658,6
24659,2
24660,1
24661,2
24662,3
24663,3
24664,2
24665,2
24666,3
24667,1
24668,5
24669,4
24670,2
24671,2
24672,1
24673,4
24674,3
24675,2
24676,2
24677,1
24678,3
24679,1
24680,5
24681,4
24682,4
24683,5
24684,5
24685,2
24686,4
24687,1
24688,1
24689,1
24690,1
24691,4
24692,1
24693,3
24694,2
24695,4
24696,1
24697,5
24698,1
24699,4
24700,3
24701,3
24702,7
24703,2
24704,3
24705,2
24706,2
24707,3
24708,2
24709,3
24710,2
24711,2
24712,5
24713,3
24714,4
24715,3
24716,1
24717,2
24718,2
24719,2
24720,2
24721,3
24722,4
24723,2
24724,3
24725,2
24726,3
24727,2
24728,2
24729,4
24730,1
24731,4
24732,1
24733,1
24734,3
24735,3
24736,3
24737,1
24738,4
24739,5
24740,1
24741,4
24742,1
24743,2
24744,2
24745,4
24746,1
24747,2
24748,2
24749,1
24750,2
24751,1
24752,3
24753,2
24754,4
24755,2
24756,1
24757,7
24758,1
24759,3
24760,2
24761,3
24762,3
24763,2
24764,1
24765,2
24766,3
24767,1
24768,1
24769,2
24770,4
24771,5
24772,2
24773,3
24774,3
24775,1
24776,2
24777,4
24778,4
24779,1
24780,3
24781,2
24782,1
24783,4
24784,5
24785,2
24786,1
24787,2
24788,6
24789,2
24790,3
24791,2
24792,2
24793,1
24794,3
24795,4
24796,4
24797,3
24798,2
24799,6
24800,2
24801,2
24802,1
24803,4
24804,4
24805,1
24806,1
24807,1
24808,2
24809,3
24810,2
24811,1
24812,1
24813,3
24814,3
24815,4
24816,2
24817,2
24818,2
24819,3
24820,1
24821,3
24822,5
24823,3
24824,1
24825,5
24826,2
24827,2
24828,2
24829,3
24830,2
24831,5
24832,3
24833,2
24834,4
24835,1
24836,1
24837,2
24838,2
24839,2
24840,6
24841,1
24842,1
24843,1
24844,2
24845,1
24846,2
24847,1
24848,4
24849,1
24850,3
24851,4
24852,2
24853,3
24854,2
24855,2
24856,4
24857,3
24858,3
24859,3
24860,1
24861,2
24862,2
24863,3
24864,3
24865,3
24866,2
24867,3
24868,2
24869,4
24870,3
24871,1
24872,1
24873,3
24874,3
24875,3
24876,2
24877,2
24878,2
24879,3
24880,2
24881,4
24882,4
24883,2
24884,1
24885,3
24886,6
24887,1
24888,2
24889,3
24890,3
24891,2
24892,2
24893,2
24894,1
24895,3
24896,1
24897,3
24898,4
24899,4
24900,3
24901,1
24902,1
24903,1
24904,5
24905,2
24906,4
24907,4
24908,4
24909,5
24910,4
24911,2
24912,4
24913,3
24914,1
24915,3
24916,2
24917,1
24918,3
24919,1
24920,3
24921,1
24922,2
24923,1
24924,1
24925,2
24926,3
24927,6
24928,3
24929,6
24930,3
24931,1
24932,4
24933,5
24934,2
24935,7
24936,4
24937,1
24938,2
24939,5
24940,1
24941,1
24942,4
24943,1
24944,1
24945,2
24946,3
24947,1
24948,1
24949,1
24950,2
24951,3
24952,2
24953,2
24954,2
24955,4
24956,4
24957,2
24958,1
24959,4
24960,1
24961,3
24962,2
24963,5
24964,1
24965,3
24966,2
24967,1
24968,1
24969,3
24970,3
24971,4
24972,3
24973,2
24974,1
24975,2
24976,3
24977,3
24978,1
24979,1
24980,1
24981,2
24982,1
24983,4
24984,1
24985,5
24986,1
24987,4
24988,5
24989,1
24990,3
24991,2
24992,1
24993,5
24994,2
24995,3
24996,6
24997,1
24998,1
24999,2
25000,2
25001,4
25002,2
25003,6
25004,2
25005,3
25006,1
25007,3
25008,2
25009,4
25010,4
25011,5
25012,1
25013,1
25014,1
25015,2
25016,1
25017,3
25018,2
25019,3
25020,4
25021,2
25022,4
25023,1
25024,1
25025,2
25026,1
25027,2
25028,3
25029,4
25030,1
25031,1
25032,4
25033,2
25034,3
25035,3
25036,2
25037,2
25038,3
25039,3
25040,2
25041,3
25042,3
25043,2
25044,2
25045,3
25046,1
25047,3
25048,2
25049,1
25050,1
25051,1
25052,5
25053,2
25054,3
25055,2
25056,3
25057,4
25058,2
25059,1
25060,2
25061,1
25062,3
25063,1
25064,1
25065,3
25066,1
25067,3
25068,2
25069,2
25070,4
25071,1
25072,1
25073,4
25074,2
25075,2
25076,1
25077,1
25078,3
25079,3
25080,4
25081,1
25082,2
25083,3
25084,3
25085,2
25086,2
25087,4
25088,3
25089,3
25090,3
25091,2
25092,1
25093,2
25094,2
25095,4
25096,4
25097,4
25098,2
25099,3
25100,2
25101,3
25102,1
25103,2
25104,2
25105,2
25106,4
25107,1
25108,2
25109,5
25110,3
25111,2
25112,5
25113,3
25114,4
25115,2
25116,4
25117,2
25118,2
25119,2
25120,3
25121,3
25122,3
25123,2
25124,2
25125,1
25126,3
25127,2
25128,4
25129,3
25130,1
25131,1
25132,2
25133,1
25134,3
25135,3
25136,2
25137,2
25138,2
25139,2
25140,3
25141,1
25142,3
25143,5
25144,2
25145,1
25146,1
25147,1
25148,1
25149,2
25150,6
25151,1
25152,2
25153,6
25154,2
25155,1
25156,5
25157,2
25158,1
25159,6
25160,2
25161,2
25162,1
25163,1
25164,1
25165,3
25166,2
25167,4
25168,2
25169,2
25170,3
25171,5
25172,3
25173,2
25174,6
25175,1
25176,3
25177,2
25178,3
25179,1
25180,4
25181,1
25182,3
25183,4
25184,4
25185,3
25186,2
25187,1
25188,3
25189,1
25190,1
25191,4
25192,1
25193,1
25194,1
25195,1
25196,3
25197,2
25198,1
25199,4
25200,2
25201,2
25202,3
25203,2
25204,2
25205,1
25206,1
25207,2
25208,2
25209,1
25210,5
25211,3
25212,2
25213,2
25214,7
25215,3
25216,3
25217,2
25218,1
25219,2
25220,2
25221,1
25222,4
25223,1
25224,1
25225,1
25226,2
25227,3
25228,4
25229,4
25230,1
25231,2
25232,2
25233,1
25234,4
25235,1
25236,2
25237,1
25238,4
25239,1
25240,1
25241,5
25242,1
25243,3
25244,1
25245,3
25246,1
25247,2
25248,3
25249,6
25250,4
25251,2
25252,2
25253,2
25254,1
25255,1
25256,4
25257,1
25258,2
25259,1
25260,2
25261,3
25262,2
25263,1
25264,3
25265,3
25266,2
25267,2
25268,3
25269,5
25270,1
25271,2
25272,2
25273,2
25274,2
25275,1
25276,4
25277,1
25278,3
25279,1
25280,2
25281,2
25282,4
25283,5
25284,1
25285,2
25286,2
25287,5
25288,2
25289,3
25290,1
25291,3
25292,4
25293,2
25294,3
25295,1
25296,2
25297,3
25298,1
25299,3
25300,1
25301,4
25302,1
25303,2
25304,4
25305,3
25306,2
25307,1
25308,4
25309,1
25310,2
25311,3
25312,3
25313,1
25314,3
25315,1
25316,4
25317,2
25318,2
25319,2
25320,1
25321,3
25322,4
25323,1
25324,1
25325,1
25326,4
25327,3
25328,2
25329,1
25330,2
25331,3
25332,1
25333,1
25334,4
25335,2
25336,3
25337,1
25338,2
25339,1
25340,6
25341,2
25342,2
25343,3
25344,2
25345,1
25346,1
25347,2
25348,6
25349,4
25350,1
25351,4
25352,2
25353,3
25354,4
25355,1
25356,1
25357,1
25358,7
25359,2
25360,1
25361,3
25362,4
25363,3
25364,2
25365,2
25366,1
25367,1
25368,1
25369,1
25370,4
25371,1
25372,1
25373,1
25374,1
25375,3
25376,6
25377,1
25378,1
25379,2
25380,4
25381,1
25382,2
25383,3
25384,2
25385,1
25386,3
25387,2
25388,1
25389,3
25390,4
25391,4
25392,2
25393,1
25394,1
25395,1
25396,4
25397,1
25398,4
25399,2
25400,4
25401,1
25402,3
25403,4
25404,1
25405,1
25406,2
25407,1
25408,2
25409,3
25410,1
25411,3
25412,2
25413,2
25414,2
25415,2
25416,1
25417,2
25418,4
25419,1
25420,3
25421,2
25422,3
25423,1
25424,3
25425,4
25426,1
25427,4
25428,3
25429,2
25430,1
25431,3
25432,2
25433,2
25434,3
25435,2
25436,2
25437,5
25438,4
25439,1
25440,2
25441,2
25442,3
25443,1
25444,3
25445,3
25446,1
25447,1
25448,4
25449,2
25450,1
25451,3
25452,3
25453,2
25454,7
25455,2
25456,3
25457,3
25458,1
25459,3
25460,1
25461,2
25462,2
25463,5
25464,1
25465,3
25466,2
25467,4
25468,2
25469,1
25470,1
25471,1
25472,3
25473,3
25474,3
25475,2
25476,2
25477,2
25478,1
25479,1
25480,2
25481,3
25482,1
25483,3
25484,2
25485,8
25486,1
25487,2
25488,2
25489,1
25490,3
25491,2
25492,3
25493,1
25494,2
25495,2
25496,3
25497,4
25498,1
25499,1
25500,2
25501,2
25502,2
25503,2
25504,2
25505,3
25506,1
25507,4
25508,6
25509,4
25510,2
25511,3
25512,1
25513,3
25514,1
25515,2
25516,2
25517,4
25518,2
25519,3
25520,3
25521,1
25522,2
25523,1
25524,1
25525,2
25526,5
25527,2
25528,1
25529,2
25530,4
25531,1
25532,2
25533,3
25534,3
25535,1
25536,1
25537,2
25538,3
25539,5
25540,3
25541,4
25542,1
25543,2
25544,2
25545,2
25546,2
25547,5
25548,3
25549,1
25550,2
25551,2
25552,2
25553,1
25554,4
25555,1
25556,3
25557,3
25558,4
25559,2
25560,1
25561,1
25562,3
25563,1
25564,4
25565,1
25566,3
25567,1
25568,5
25569,3
25570,4
25571,5
25572,2
25573,2
25574,1
25575,2
25576,5
25577,1
25578,4
25579,4
25580,1
25581,2
25582,2
25583,1
25584,3
25585,3
25586,3
25587,1
25588,2
25589,3
25590,2
25591,2
25592,2
25593,5
25594,1
25595,2
25596,1
25597,3
25598,2
25599,3
25600,2
25601,1
25602,2
25603,3
25604,3
25605,1
25606,2
25607,2
25608,2
25609,4
25610,2
25611,2
25612,2
25613,2
25614,4
25615,3
25616,3
25617,3
25618,4
25619,3
25620,2
25621,2
25622,4
25623,2
25624,2
25625,2
25626,4
25627,2
25628,2
25629,1
25630,4
25631,2
25632,2
25633,1
25634,3
25635,4
25636,5
25637,5
25638,2
25639,1
25640,3
25641,5
25642,2
25643,3
25644,3
25645,4
25646,3
25647,5
25648,2
25649,2
25650,3
25651,5
25652,1
25653,2
25654,3
25655,1
25656,5
25657,5
25658,1
25659,1
25660,1
25661,2
25662,4
25663,3
25664,2
25665,1
25666,1
25667,2
25668,2
25669,1
25670,4
25671,3
25672,5
25673,2
25674,4
25675,3
25676,2
25677,3
25678,4
25679,2
25680,5
25681,2
25682,2
25683,4
25684,1
25685,5
25686,4
25687,3
25688,3
25689,8
25690,1
25691,4
25692,1
25693,1
25694,6
25695,2
25696,2
25697,2
25698,2
25699,3
25700,1
25701,1
25702,2
25703,2
25704,3
25705,3
25706,2
25707,1
25708,3
25709,5
25710,1
25711,6
25712,7
25713,2
25714,3
25715,2
25716,3
25717,5
25718,1
25719,2
25720,4
25721,3
25722,2
25723,3
25724,1
25725,1
25726,3
25727,2
25728,2
25729,1
25730,1
25731,2
25732,6
25733,1
25734,2
25735,1
25736,3
25737,3
25738,4
25739,4
25740,1
25741,1
25742,2
25743,1
25744,1
25745,2
25746,2
25747,3
25748,3
25749,3
25750,2
25751,1
25752,1
25753,1
25754,1
25755,2
25756,4
25757,1
25758,2
25759,3
25760,2
25761,3
25762,4
25763,1
25764,1
25765,4
25766,1
25767,1
25768,2
25769,4
25770,2
25771,3
25772,4
25773,4
25774,3
25775,2
25776,1
25777,3
25778,2
25779,3
25780,1
25781,4
25782,4
25783,3
25784,2
25785,2
25786,2
25787,2
25788,1
25789,2
25790,1
25791,2
25792,1
25793,3
25794,5
25795,3
25796,6
25797,1
25798,3
25799,1
25800,1
25801,2
25802,3
25803,3
25804,3
25805,2
25806,1
25807,3
25808,4
25809,4
25810,1
25811,4
25812,1
25813,3
25814,3
25815,1
25816,3
25817,2
25818,3
25819,1
25820,1
25821,1
25822,2
25823,4
25824,1
25825,2
25826,3
25827,3
25828,1
25829,5
25830,2
25831,3
25832,4
25833,6
25834,4
25835,1
25836,2
25837,2
25838,1
25839,2
25840,1
25841,4
25842,4
25843,3
25844,1
25845,2
25846,2
25847,3
25848,3
25849,1
25850,3
25851,2
25852,2
25853,2
25854,1
25855,1
25856,2
25857,3
25858,1
25859,2
25860,4
25861,2
25862,6
25863,1
25864,1
25865,2
25866,5
25867,1
25868,1
25869,2
25870,2
25871,3
25872,3
25873,5
25874,3
25875,2
25876,1
25877,3
25878,1
25879,2
25880,4
25881,3
25882,2
25883,9
25884,2
25885,7
25886,3
25887,1
25888,3
25889,2
25890,2
25891,1
25892,2
25893,1
25894,1
25895,1
25896,4
25897,2
25898,1
25899,2
25900,2
25901,1
25902,3
25903,2
25904,1
25905,3
25906,7
25907,4
25908,1
25909,5
25910,2
25911,1
25912,2
25913,4
25914,2
25915,3
25916,2
25917,2
25918,4
25919,2
25920,1
25921,4
25922,3
25923,4
25924,2
25925,2
25926,1
25927,1
25928,3
25929,3
25930,4
25931,3
25932,2
25933,4
25934,2
25935,3
25936,3
25937,1
25938,2
25939,3
25940,2
25941,3
25942,2
25943,4
25944,6
25945,4
25946,2
25947,3
25948,3
25949,1
25950,2
25951,1
25952,2
25953,3
25954,4
25955,1
25956,3
25957,2
25958,1
25959,4
25960,2
25961,2
25962,2
25963,1
25964,3
25965,3
25966,1
25967,2
25968,3
25969,1
25970,1
25971,1
25972,1
25973,2
25974,2
25975,5
25976,3
25977,1
25978,4
25979,1
25980,1
25981,1
25982,1
25983,3
25984,2
25985,2
25986,2
25987,5
25988,5
25989,3
25990,1
25991,3
25992,4
25993,1
25994,3
25995,5
25996,4
25997,1
25998,2
25999,1
26000,2
26001,3
26002,1
26003,5
26004,2
26005,2
26006,4
26007,7
26008,2
26009,3
26010,3
26011,2
26012,2
26013,3
26014,1
26015,2
26016,4
26017,3
26018,4
26019,2
26020,1
26021,1
26022,5
26023,4
26024,2
26025,3
26026,3
26027,2
26028,4
26029,2
26030,1
26031,2
26032,3
26033,4
26034,1
26035,2
26036,3
26037,3
26038,3
26039,3
26040,3
26041,2
26042,4
26043,3
26044,2
26045,3
26046,4
26047,1
26048,2
26049,1
26050,2
26051,1
26052,1
26053,6
26054,4
26055,3
26056,2
26057,1
26058,2
26059,1
26060,1
26061,2
26062,2
26063,3
26064,2
26065,2
26066,1
26067,1
26068,1
26069,1
26070,2
26071,2
26072,1
26073,2
26074,1
26075,1
26076,4
26077,2
26078,2
26079,2
26080,2
26081,6
26082,4
26083,2
26084,1
26085,2
26086,2
26087,3
26088,2
26089,3
26090,3
26091,3
26092,1
26093,2
26094,4
26095,1
26096,5
26097,3
26098,1
26099,3
26100,2
26101,6
26102,3
26103,1
26104,1
26105,3
26106,1
26107,2
26108,2
26109,2
26110,3
26111,1
26112,3
26113,2
26114,3
26115,4
26116,3
26117,3
26118,4
26119,2
26120,1
26121,4
26122,2
26123,2
26124,3
26125,5
26126,1
26127,7
26128,2
26129,1
26130,3
26131,2
26132,2
26133,3
26134,1
26135,2
26136,2
26137,2
26138,3
26139,2
26140,9
26141,3
26142,1
26143,5
26144,3
26145,4
26146,3
26147,1
26148,5
26149,1
26150,4
26151,1
26152,1
26153,3
26154,5
26155,2
26156,1
26157,1
26158,2
26159,2
26160,3
26161,4
26162,5
26163,2
26164,4
26165,1
26166,1
26167,1
26168,1
26169,1
26170,1
26171,1
26172,2
26173,2
26174,4
26175,4
26176,3
26177,2
26178,5
26179,5
26180,1
26181,4
26182,1
26183,3
26184,3
26185,3
26186,2
26187,1
26188,3
26189,3
26190,2
26191,2
26192,1
26193,4
26194,3
26195,3
26196,2
26197,3
26198,2
26199,2
26200,2
26201,3
26202,3
26203,1
26204,1
26205,2
26206,2
26207,2
26208,3
26209,1
26210,4
26211,1
26212,4
26213,1
26214,1
26215,2
26216,2
26217,7
26218,3
26219,3
26220,1
26221,2
26222,1
26223,2
26224,1
26225,1
26226,1
26227,3
26228,2
26229,2
26230,7
26231,1
26232,1
26233,2
26234,3
26235,4
26236,3
26237,2
26238,6
26239,1
26240,3
26241,2
26242,4
26243,3
26244,1
26245,2
26246,2
26247,1
26248,3
26249,1
26250,5
26251,2
26252,2
26253,1
26254,3
26255,2
26256,3
26257,1
26258,2
26259,4
26260,3
26261,3
26262,2
26263,1
26264,1
26265,3
26266,2
26267,3
26268,5
26269,2
26270,5
26271,4
26272,2
26273,1
26274,1
26275,2
26276,1
26277,2
26278,4
26279,2
26280,1
26281,3
26282,3
26283,3
26284,3
26285,3
26286,1
26287,3
26288,2
26289,1
26290,2
26291,2
26292,2
26293,1
26294,2
26295,1
26296,3
26297,2
26298,1
26299,3
26300,3
26301,4
26302,4
26303,1
26304,4
26305,3
26306,3
26307,2
26308,2
26309,3
26310,4
26311,3
26312,3
26313,3
26314,5
26315,4
26316,1
26317,1
26318,5
26319,2
26320,6
26321,1
26322,1
26323,3
26324,2
26325,4
26326,2
26327,3
26328,3
26329,1
26330,3
26331,3
26332,1
26333,3
26334,2
26335,1
26336,3
26337,2
26338,5
26339,1
26340,2
26341,2
26342,4
26343,1
26344,4
26345,5
26346,5
26347,2
26348,1
26349,2
26350,4
26351,6
26352,4
26353,3
26354,2
26355,2
26356,3
26357,3
26358,2
26359,2
26360,3
26361,3
26362,4
26363,2
26364,2
26365,5
26366,1
26367,1
26368,4
26369,4
26370,4
26371,3
26372,2
26373,3
26374,3
26375,1
26376,1
26377,2
26378,4
26379,5
26380,1
26381,3
26382,1
26383,2
26384,1
26385,1
26386,1
26387,4
26388,3
26389,2
26390,3
26391,1
26392,2
26393,1
26394,2
26395,5
26396,1
26397,4
26398,2
26399,3
26400,2
26401,4
26402,3
26403,4
26404,2
26405,2
26406,3
26407,3
26408,3
26409,1
26410,2
26411,2
26412,5
26413,1
26414,3
26415,1
26416,2
26417,1
26418,3
26419,3
26420,2
26421,1
26422,2
26423,3
26424,3
26425,3
26426,2
26427,2
26428,2
26429,1
26430,2
26431,2
26432,1
26433,5
26434,1
26435,5
26436,2
26437,4
26438,3
26439,1
26440,1
26441,4
26442,5
26443,3
26444,5
26445,3
26446,1
26447,1
26448,4
26449,2
26450,1
26451,1
26452,3
26453,2
26454,1
26455,5
26456,1
26457,2
26458,1
26459,3
26460,3
26461,1
26462,4
26463,2
26464,3
26465,1
26466,1
26467,3
26468,2
26469,3
26470,1
26471,3
26472,4
26473,1
26474,3
26475,4
26476,3
26477,1
26478,3
26479,2
26480,3
26481,1
26482,1
26483,1
26484,3
26485,1
26486,4
26487,1
26488,2
26489,1
26490,3
26491,4
26492,3
26493,4
26494,2
26495,2
26496,3
26497,1
26498,3
26499,3
26500,1
26501,1
26502,1
26503,2
26504,2
26505,4
26506,3
26507,5
26508,2
26509,2
26510,1
26511,3
26512,2
26513,3
26514,3
26515,2
26516,1
26517,1
26518,5
26519,2
26520,2
26521,3
26522,1
26523,2
26524,4
26525,2
26526,4
26527,3
26528,7
26529,4
26530,4
26531,4
26532,1
26533,4
26534,3
26535,2
26536,1
26537,3
26538,3
26539,2
26540,4
26541,2
26542,2
26543,1
26544,3
26545,1
26546,3
26547,3
26548,5
26549,1
26550,2
26551,2
26552,3
26553,3
26554,3
26555,6
26556,2
26557,1
26558,1
26559,2
26560,6
26561,2
26562,7
26563,3
26564,3
26565,1
26566,5
26567,3
26568,2
26569,1
26570,4
26571,1
26572,2
26573,3
26574,1
26575,1
26576,1
26577,5
26578,1
26579,3
26580,3
26581,2
26582,3
26583,4
26584,1
26585,2
26586,4
26587,4
26588,4
26589,2
26590,2
26591,3
26592,3
26593,8
26594,6
26595,2
26596,2
26597,3
26598,4
26599,1
26600,8
26601,2
26602,3
26603,2
26604,2
26605,1
26606,3
26607,3
26608,1
26609,1
26610,3
26611,2
26612,2
26613,3
26614,4
26615,3
26616,4
26617,2
26618,2
26619,5
26620,4
26621,3
26622,3
26623,1
26624,1
26625,2
26626,2
26627,1
26628,1
26629,4
26630,5
26631,7
26632,3
26633,4
26634,2
26635,3
26636,4
26637,1
26638,1
26639,3
26640,4
26641,4
26642,5
26643,1
26644,2
26645,2
26646,3
26647,1
26648,2
26649,2
26650,3
26651,5
26652,2
26653,3
26654,1
26655,2
26656,3
26657,2
26658,2
26659,6
26660,3
26661,2
26662,4
26663,4
26664,1
26665,3
26666,4
26667,4
26668,1
26669,6
26670,7
26671,4
26672,3
26673,3
26674,1
26675,2
26676,3
26677,1
26678,1
26679,5
26680,3
26681,8
26682,2
26683,3
26684,6
26685,2
26686,2
26687,1
26688,2
26689,1
26690,3
26691,2
26692,1
26693,3
26694,3
26695,4
26696,1
26697,2
26698,3
26699,3
26700,3
26701,2
26702,1
26703,1
26704,2
26705,2
26706,1
26707,3
26708,2
26709,2
26710,2
26711,1
26712,4
26713,2
26714,2
26715,1
26716,2
26717,3
26718,1
26719,1
26720,2
26721,2
26722,4
26723,3
26724,2
26725,1
26726,3
26727,6
26728,5
26729,3
26730,2
26731,1
26732,1
26733,4
26734,2
26735,2
26736,3
26737,3
26738,2
26739,1
26740,6
26741,2
26742,1
26743,6
26744,4
26745,4
26746,3
26747,2
26748,2
26749,4
26750,2
26751,6
26752,1
26753,1
26754,1
26755,4
26756,1
26757,3
26758,2
26759,2
26760,3
26761,3
26762,3
26763,4
26764,5
26765,4
26766,6
26767,1
26768,3
26769,1
26770,4
26771,1
26772,2
26773,1
26774,2
26775,4
26776,4
26777,1
26778,5
26779,1
26780,3
26781,5
26782,4
26783,2
26784,4
26785,1
26786,3
26787,1
26788,1
26789,4
26790,4
26791,2
26792,2
26793,2
26794,1
26795,2
26796,2
26797,1
26798,3
26799,2
26800,3
26801,1
26802,1
26803,1
26804,3
26805,1
26806,3
26807,3
26808,2
26809,1
26810,2
26811,4
26812,3
26813,1
26814,3
26815,3
26816,1
26817,3
26818,1
26819,2
26820,4
26821,1
26822,1
26823,2
26824,6
26825,2
26826,1
26827,1
26828,3
26829,2
26830,1
26831,2
26832,1
26833,2
26834,2
26835,2
26836,1
26837,4
26838,2
26839,1
26840,3
26841,3
26842,2
26843,5
26844,1
26845,1
26846,4
26847,4
26848,2
26849,2
26850,3
26851,2
26852,2
26853,1
26854,2
26855,2
26856,2
26857,2
26858,2
26859,4
26860,1
26861,2
26862,3
26863,5
26864,3
26865,4
26866,2
26867,4
26868,3
26869,2
26870,2
26871,1
26872,1
26873,2
26874,1
26875,1
26876,2
26877,2
26878,1
26879,1
26880,4
26881,2
26882,2
26883,2
26884,1
26885,1
26886,5
26887,3
26888,2
26889,2
26890,2
26891,3
26892,3
26893,3
26894,3
26895,2
26896,1
26897,3
26898,1
26899,1
26900,1
26901,3
26902,2
26903,3
26904,4
26905,3
26906,5
26907,2
26908,2
26909,2
26910,1
26911,2
26912,1
26913,3
26914,4
26915,4
26916,1
26917,1
26918,2
26919,1
26920,2
26921,1
26922,2
26923,2
26924,3
26925,2
26926,1
26927,3
26928,1
26929,1
26930,3
26931,2
26932,5
26933,1
26934,3
26935,3
26936,1
26937,2
26938,4
26939,3
26940,3
26941,1
26942,2
26943,1
26944,2
26945,1
26946,3
26947,3
26948,1
26949,6
26950,1
26951,1
26952,3
26953,1
26954,5
26955,4
26956,3
26957,4
26958,2
26959,1
26960,5
26961,3
26962,3
26963,2
26964,2
26965,5
26966,5
26967,1
26968,2
26969,2
26970,2
26971,1
26972,4
26973,1
26974,5
26975,1
26976,4
26977,3
26978,3
26979,4
26980,3
26981,1
26982,2
26983,3
26984,1
26985,4
26986,3
26987,6
26988,4
26989,3
26990,2
26991,2
26992,1
26993,3
26994,1
26995,2
26996,2
26997,3
26998,1
26999,1
27000,2
27001,1
27002,2
27003,3
27004,1
27005,2
27006,1
27007,4
27008,2
27009,2
27010,5
27011,2
27012,2
27013,3
27014,1
27015,1
27016,1
27017,2
27018,1
27019,1
27020,5
27021,1
27022,2
27023,2
27024,2
27025,3
27026,2
27027,2
27028,3
27029,2
27030,2
27031,4
27032,1
27033,2
27034,4
27035,3
27036,2
27037,4
27038,3
27039,2
27040,1
27041,2
27042,1
27043,2
27044,3
27045,3
27046,2
27047,2
27048,2
27049,1
27050,2
27051,1
27052,2
27053,1
27054,3
27055,5
27056,2
27057,2
27058,2
27059,3
27060,1
27061,5
27062,1
27063,1
27064,1
27065,4
27066,2
27067,4
27068,1
27069,4
27070,5
27071,3
27072,1
27073,1
27074,1
27075,6
27076,1
27077,2
27078,2
27079,1
27080,2
27081,4
27082,1
27083,4
27084,4
27085,4
27086,2
27087,3
27088,3
27089,4
27090,1
27091,3
27092,2
27093,1
27094,5
27095,5
27096,2
27097,3
27098,7
27099,3
27100,1
27101,2
27102,2
27103,4
27104,1
27105,2
27106,4
27107,3
27108,1
27109,3
27110,2
27111,3
27112,2
27113,2
27114,4
27115,1
27116,4
27117,1
27118,1
27119,3
27120,1
27121,2
27122,4
27123,5
27124,1
27125,1
27126,2
27127,3
27128,1
27129,2
27130,1
27131,1
27132,1
27133,2
27134,2
27135,5
27136,1
27137,2
27138,4
27139,1
27140,2
27141,1
27142,2
27143,4
27144,1
27145,5
27146,1
27147,3
27148,1
27149,3
27150,1
27151,3
27152,3
27153,3
27154,2
27155,2
27156,3
27157,2
27158,3
27159,3
27160,1
27161,4
27162,2
27163,1
27164,4
27165,2
27166,1
27167,1
27168,1
27169,3
27170,2
27171,2
27172,1
27173,3
27174,3
27175,1
27176,5
27177,1
27178,7
27179,2
27180,1
27181,4
27182,1
27183,1
27184,2
27185,2
27186,3
27187,1
27188,2
27189,3
27190,5
27191,2
27192,2
27193,1
27194,3
27195,1
27196,3
27197,2
27198,1
27199,1
27200,4
27201,3
27202,2
27203,2
27204,3
27205,1
27206,1
27207,2
27208,3
27209,1
27210,3
27211,3
27212,3
27213,1
27214,2
27215,2
27216,1
27217,1
27218,1
27219,4
27220,5
27221,5
27222,3
27223,1
27224,2
27225,1
27226,2
27227,1
27228,1
27229,4
27230,2
27231,1
27232,3
27233,2
27234,3
27235,3
27236,3
27237,2
27238,1
27239,4
27240,1
27241,4
27242,2
27243,3
27244,2
27245,3
27246,2
27247,4
27248,3
27249,2
27250,1
27251,3
27252,1
27253,2
27254,2
27255,5
27256,2
27257,3
27258,3
27259,1
27260,4
27261,3
27262,1
27263,2
27264,2
27265,1
27266,5
27267,2
27268,2
27269,2
27270,2
27271,1
27272,3
27273,2
27274,2
27275,4
27276,2
27277,1
27278,3
27279,1
27280,3
27281,5
27282,3
27283,1
27284,3
27285,5
27286,3
27287,2
27288,1
27289,6
27290,1
27291,1
27292,4
27293,1
27294,2
27295,1
27296,5
27297,3
27298,5
27299,2
27300,4
27301,3
27302,1
27303,1
27304,4
27305,3
27306,3
27307,1
27308,3
27309,1
27310,2
27311,2
27312,3
27313,4
27314,6
27315,2
27316,4
27317,2
27318,3
27319,2
27320,4
27321,1
27322,3
27323,1
27324,3
27325,1
27326,2
27327,3
27328,3
27329,2
27330,3
27331,5
27332,3
27333,5
27334,2
27335,3
27336,1
27337,3
27338,1
27339,3
27340,2
27341,1
27342,3
27343,1
27344,1
27345,3
27346,3
27347,1
27348,1
27349,2
27350,6
27351,1
27352,1
27353,4
27354,4
27355,1
27356,2
27357,4
27358,3
27359,3
27360,5
27361,3
27362,2
27363,3
27364,2
27365,2
27366,2
27367,1
27368,1
27369,2
27370,3
27371,2
27372,2
27373,3
27374,4
27375,2
27376,3
27377,1
27378,1
27379,1
27380,3
27381,2
27382,2
27383,2
27384,2
27385,1
27386,2
27387,3
27388,3
27389,2
27390,3
27391,6
27392,3
27393,2
27394,1
27395,3
27396,1
27397,2
27398,4
27399,3
27400,3
27401,3
27402,1
27403,3
27404,2
27405,3
27406,1
27407,1
27408,2
27409,2
27410,3
27411,6
27412,1
27413,1
27414,4
27415,5
27416,3
27417,5
27418,1
27419,2
27420,4
27421,2
27422,1
27423,1
27424,3
27425,2
27426,1
27427,1
27428,2
27429,4
27430,3
27431,3
27432,2
27433,3
27434,1
27435,2
27436,2
27437,1
27438,4
27439,3
27440,1
27441,2
27442,2
27443,3
27444,1
27445,2
27446,4
27447,2
27448,4
27449,1
27450,3
27451,1
27452,5
27453,2
27454,2
27455,3
27456,1
27457,3
27458,2
27459,4
27460,3
27461,1
27462,2
27463,2
27464,3
27465,1
27466,2
27467,2
27468,2
27469,2
27470,2
27471,2
27472,1
27473,3
27474,5
27475,2
27476,2
27477,1
27478,3
27479,2
27480,3
27481,2
27482,4
27483,3
27484,3
27485,1
27486,3
27487,1
27488,1
27489,3
27490,1
27491,1
27492,1
27493,5
27494,3
27495,5
27496,3
27497,4
27498,1
27499,1
27500,1
27501,3
27502,2
27503,3
27504,3
27505,1
27506,5
27507,3
27508,2
27509,7
27510,4
27511,5
27512,2
27513,2
27514,1
27515,1
27516,3
27517,2
27518,2
27519,6
27520,2
27521,1
27522,5
27523,5
27524,2
27525,2
27526,5
27527,4
27528,1
27529,3
27530,1
27531,5
27532,1
27533,2
27534,2
27535,2
27536,4
27537,1
27538,4
27539,3
27540,3
27541,4
27542,2
27543,7
27544,3
27545,1
27546,5
27547,5
27548,3
27549,4
27550,1
27551,6
27552,3
27553,1
27554,1
27555,8
27556,3
27557,2
27558,1
27559,4
27560,3
27561,2
27562,2
27563,3
27564,3
27565,1
27566,2
27567,3
27568,3
27569,3
27570,2
27571,5
27572,1
27573,1
27574,1
27575,1
27576,4
27577,3
27578,1
27579,2
27580,5
27581,2
27582,6
27583,3
27584,3
27585,1
27586,3
27587,1
27588,2
27589,2
27590,1
27591,1
27592,1
27593,4
27594,2
27595,4
27596,2
27597,3
27598,3
27599,2
27600,2
27601,3
27602,3
27603,2
27604,2
27605,1
27606,3
27607,4
27608,2
27609,2
27610,4
27611,2
27612,2
27613,3
27614,2
27615,3
27616,6
27617,2
27618,2
27619,1
27620,3
27621,4
27622,5
27623,1
27624,3
27625,3
27626,3
27627,4
27628,3
27629,2
27630,1
27631,4
27632,2
27633,4
27634,3
27635,1
27636,2
27637,2
27638,2
27639,1
27640,3
27641,3
27642,1
27643,4
27644,4
27645,4
27646,4
27647,1
27648,1
27649,2
27650,1
27651,1
27652,1
27653,1
27654,2
27655,2
27656,2
27657,2
27658,2
27659,2
27660,4
27661,1
27662,2
27663,5
27664,6
27665,2
27666,5
27667,4
27668,1
27669,2
27670,5
27671,3
27672,2
27673,1
27674,3
27675,3
27676,2
27677,1
27678,3
27679,5
27680,1
27681,1
27682,1
27683,3
27684,2
27685,2
27686,3
27687,1
27688,2
27689,1
27690,2
27691,1
27692,4
27693,1
27694,1
27695,1
27696,3
27697,1
27698,2
27699,1
27700,2
27701,3
27702,4
27703,1
27704,2
27705,1
27706,6
27707,3
27708,2
27709,1
27710,3
27711,1
27712,3
27713,2
27714,2
27715,2
27716,1
27717,4
27718,2
27719,4
27720,3
27721,1
27722,2
27723,1
27724,4
27725,1
27726,4
27727,1
27728,1
27729,1
27730,3
27731,3
27732,2
27733,4
27734,1
27735,1
27736,1
27737,2
27738,1
27739,1
27740,2
27741,2
27742,3
27743,3
27744,1
27745,2
27746,4
27747,1
27748,4
27749,2
27750,2
27751,1
27752,2
27753,2
27754,1
27755,4
27756,2
27757,1
27758,5
27759,1
27760,1
27761,3
27762,1
27763,3
27764,2
27765,2
27766,2
27767,5
27768,2
27769,4
27770,2
27771,2
27772,1
27773,2
27774,1
27775,1
27776,2
27777,2
27778,1
27779,2
27780,3
27781,3
27782,2
27783,4
27784,4
27785,1
27786,3
27787,3
27788,4
27789,2
27790,4
27791,4
27792,2
27793,3
27794,5
27795,3
27796,3
27797,2
27798,3
27799,3
27800,1
27801,2
27802,2
27803,4
27804,3
27805,5
27806,3
27807,1
27808,3
27809,2
27810,2
27811,1
27812,1
27813,3
27814,2
27815,3
27816,3
27817,1
27818,3
27819,4
27820,6
27821,5
27822,3
27823,2
27824,2
27825,2
27826,2
27827,2
27828,5
27829,3
27830,2
27831,3
27832,5
27833,1
27834,2
27835,1
27836,3
27837,1
27838,2
27839,2
27840,3
27841,3
27842,3
27843,1
27844,3
27845,2
27846,2
27847,2
27848,4
27849,3
27850,2
27851,2
27852,3
27853,5
27854,3
27855,1
27856,2
27857,3
27858,2
27859,3
27860,1
27861,2
27862,2
27863,1
27864,3
27865,2
27866,1
27867,1
27868,1
27869,1
27870,2
27871,1
27872,1
27873,2
27874,2
27875,4
27876,4
27877,2
27878,4
27879,1
27880,1
27881,3
27882,6
27883,1
27884,2
27885,2
27886,2
27887,3
27888,1
27889,2
27890,3
27891,1
27892,3
27893,2
27894,4
27895,2
27896,4
27897,1
27898,2
27899,5
27900,3
27901,7
27902,5
27903,5
27904,3
27905,2
27906,2
27907,2
27908,6
27909,2
27910,1
27911,4
27912,1
27913,6
27914,3
27915,1
27916,1
27917,1
27918,4
27919,4
27920,1
27921,3
27922,2
27923,3
27924,1
27925,5
27926,3
27927,1
27928,2
27929,5
27930,2
27931,2
27932,1
27933,4
27934,4
27935,2
27936,1
27937,6
27938,2
27939,1
27940,3
27941,1
27942,3
27943,4
27944,3
27945,3
27946,1
27947,1
27948,2
27949,3
27950,2
27951,3
27952,2
27953,1
27954,1
27955,3
27956,3
27957,3
27958,2
27959,2
27960,2
27961,2
27962,2
27963,1
27964,4
27965,1
27966,4
27967,4
27968,3
27969,1
27970,1
27971,3
27972,1
27973,1
27974,1
27975,2
27976,2
27977,2
27978,2
27979,6
27980,4
27981,6
27982,2
27983,2
27984,1
27985,3
27986,1
27987,2
27988,1
27989,1
27990,1
27991,2
27992,4
27993,1
27994,1
27995,3
27996,1
27997,1
27998,4
27999,1
28000,2
28001,3
28002,2
28003,1
28004,3
28005,5
28006,3
28007,3
28008,5
28009,1
28010,1
28011,6
28012,2
28013,4
28014,5
28015,1
28016,1
28017,2
28018,2
28019,5
28020,1
28021,2
28022,2
28023,3
28024,1
28025,3
28026,3
28027,3
28028,4
28029,4
28030,1
28031,1
28032,1
28033,4
28034,3
28035,1
28036,1
28037,2
28038,3
28039,1
28040,1
28041,4
28042,5
28043,3
28044,3
28045,1
28046,4
28047,2
28048,4
28049,1
28050,2
28051,2
28052,3
28053,3
28054,1
28055,3
28056,7
28057,2
28058,2
28059,3
28060,4
28061,3
28062,2
28063,4
28064,4
28065,2
28066,3
28067,1
28068,2
28069,3
28070,4
28071,1
28072,3
28073,3
28074,3
28075,3
28076,2
28077,2
28078,2
28079,2
28080,1
28081,2
28082,3
28083,4
28084,3
28085,2
28086,2
28087,6
28088,4
28089,4
28090,3
28091,4
28092,2
28093,2
28094,1
28095,2
28096,4
28097,6
28098,3
28099,3
28100,3
28101,2
28102,2
28103,1
28104,1
28105,1
28106,2
28107,3
28108,1
28109,4
28110,5
28111,3
28112,2
28113,1
28114,2
28115,1
28116,2
28117,3
28118,2
28119,1
28120,3
28121,2
28122,1
28123,4
28124,2
28125,3
28126,1
28127,2
28128,3
28129,1
28130,4
28131,2
28132,2
28133,4
28134,4
28135,1
28136,2
28137,1
28138,1
28139,3
28140,2
28141,4
28142,1
28143,2
28144,4
28145,2
28146,3
28147,2
28148,1
28149,2
28150,1
28151,2
28152,3
28153,2
28154,2
28155,3
28156,1
28157,4
28158,2
28159,3
28160,5
28161,4
28162,2
28163,2
28164,4
28165,6
28166,4
28167,2
28168,1
28169,1
28170,1
28171,1
28172,4
28173,3
28174,1
28175,2
28176,1
28177,1
28178,2
28179,2
28180,5
28181,3
28182,2
28183,2
28184,1
28185,3
28186,4
28187,1
28188,2
28189,1
28190,1
28191,2
28192,1
28193,4
28194,3
28195,4
28196,2
28197,1
28198,3
28199,4
28200,3
28201,1
28202,1
28203,1
28204,2
28205,3
28206,1
28207,1
28208,2
28209,3
28210,3
28211,5
28212,2
28213,1
28214,3
28215,4
28216,1
28217,3
28218,4
28219,4
28220,2
28221,2
28222,2
28223,5
28224,2
28225,5
28226,4
28227,1
28228,2
28229,1
28230,4
28231,2
28232,1
28233,4
28234,5
28235,2
28236,1
28237,3
28238,1
28239,3
28240,3
28241,2
28242,3
28243,2
28244,2
28245,4
28246,2
28247,1
28248,1
28249,1
28250,2
28251,5
28252,2
28253,2
28254,3
28255,2
28256,2
28257,3
28258,3
28259,5
28260,1
28261,1
28262,4
28263,3
28264,2
28265,3
28266,2
28267,2
28268,6
28269,2
28270,1
28271,4
28272,1
28273,1
28274,1
28275,2
28276,3
28277,1
28278,1
28279,1
28280,1
28281,1
28282,3
28283,1
28284,1
28285,5
28286,1
28287,3
28288,2
28289,1
28290,3
28291,2
28292,3
28293,2
28294,2
28295,3
28296,4
28297,1
28298,1
28299,1
28300,4
28301,2
28302,3
28303,4
28304,1
28305,4
28306,3
28307,4
28308,4
28309,2
28310,3
28311,5
28312,4
28313,1
28314,3
28315,5
28316,2
28317,1
28318,2
28319,1
28320,4
28321,1
28322,2
28323,2
28324,1
28325,1
28326,1
28327,3
28328,1
28329,2
28330,2
28331,1
28332,5
28333,3
28334,5
28335,3
28336,2
28337,2
28338,3
28339,4
28340,1
28341,3
28342,2
28343,1
28344,3
28345,2
28346,2
28347,2
28348,3
28349,3
28350,3
28351,1
28352,2
28353,2
28354,1
28355,1
28356,2
28357,1
28358,2
28359,3
28360,1
28361,4
28362,4
28363,3
28364,1
28365,2
28366,1
28367,2
28368,1
28369,5
28370,2
28371,1
28372,1
28373,1
28374,1
28375,1
28376,3
28377,1
28378,2
28379,1
28380,1
28381,3
28382,2
28383,4
28384,1
28385,3
28386,2
28387,4
28388,4
28389,4
28390,3
28391,3
28392,1
28393,3
28394,3
28395,3
28396,1
28397,3
28398,2
28399,2
28400,3
28401,3
28402,1
28403,5
28404,1
28405,3
28406,3
28407,3
28408,2
28409,2
28410,2
28411,1
28412,3
28413,4
28414,2
28415,2
28416,2
28417,5
28418,1
28419,1
28420,1
28421,3
28422,1
28423,5
28424,3
28425,3
28426,3
28427,2
28428,3
28429,1
28430,2
28431,1
28432,4
28433,3
28434,2
28435,4
28436,1
28437,2
28438,1
28439,1
28440,3
28441,2
28442,2
28443,5
28444,4
28445,3
28446,2
28447,1
28448,1
28449,2
28450,5
28451,1
28452,4
28453,1
28454,2
28455,3
28456,1
28457,2
28458,3
28459,1
28460,2
28461,4
28462,1
28463,1
28464,1
28465,3
28466,3
28467,1
28468,1
28469,3
28470,3
28471,3
28472,1
28473,1
28474,3
28475,3
28476,2
28477,2
28478,1
28479,4
28480,3
28481,3
28482,1
28483,5
28484,2
28485,1
28486,1
28487,1
28488,1
28489,6
28490,2
28491,1
28492,2
28493,4
28494,5
28495,2
28496,1
28497,2
28498,2
28499,1
28500,3
28501,2
28502,5
28503,3
28504,4
28505,2
28506,3
28507,1
28508,1
28509,1
28510,2
28511,3
28512,2
28513,3
28514,3
28515,1
28516,3
28517,5
28518,2
28519,3
28520,4
28521,1
28522,1
28523,2
28524,6
28525,1
28526,3
28527,4
28528,1
28529,1
28530,2
28531,3
28532,1
28533,1
28534,2
28535,3
28536,1
28537,5
28538,2
28539,2
28540,4
28541,3
28542,3
28543,2
28544,4
28545,4
28546,4
28547,1
28548,2
28549,1
28550,1
28551,3
28552,3
28553,4
28554,1
28555,1
28556,2
28557,1
28558,2
28559,1
28560,1
28561,1
28562,3
28563,7
28564,4
28565,1
28566,2
28567,1
28568,3
28569,2
28570,3
28571,2
28572,2
28573,1
28574,1
28575,1
28576,3
28577,1
28578,1
28579,3
28580,1
28581,1
28582,3
28583,2
28584,1
28585,1
28586,7
28587,2
28588,1
28589,2
28590,2
28591,2
28592,2
28593,2
28594,1
28595,1
28596,2
28597,3
28598,3
28599,3
28600,4
28601,3
28602,2
28603,1
28604,1
28605,4
28606,5
28607,5
28608,2
28609,1
28610,3
28611,1
28612,3
28613,2
28614,4
28615,1
28616,1
28617,1
28618,1
28619,5
28620,3
28621,4
28622,6
28623,4
28624,1
28625,2
28626,3
28627,2
28628,4
28629,1
28630,4
28631,3
28632,1
28633,4
28634,2
28635,1
28636,1
28637,2
28638,1
28639,2
28640,5
28641,4
28642,4
28643,2
28644,3
28645,4
28646,4
28647,4
28648,1
28649,2
28650,2
28651,2
28652,2
28653,4
28654,4
28655,1
28656,3
28657,1
28658,1
28659,5
28660,1
28661,2
28662,2
28663,2
28664,2
28665,3
28666,2
28667,2
28668,2
28669,4
28670,1
28671,2
28672,4
28673,1
28674,3
28675,1
28676,4
28677,2
28678,4
28679,4
28680,2
28681,2
28682,4
28683,4
28684,1
28685,3
28686,1
28687,1
28688,2
28689,1
28690,6
28691,1
28692,3
28693,3
28694,2
28695,3
28696,3
28697,5
28698,4
28699,2
28700,3
28701,3
28702,1
28703,1
28704,4
28705,3
28706,4
28707,2
28708,3
28709,2
28710,4
28711,3
28712,4
28713,1
28714,1
28715,3
28716,4
28717,5
28718,4
28719,2
28720,2
28721,2
28722,4
28723,2
28724,2
28725,2
28726,1
28727,2
28728,5
28729,5
28730,2
28731,4
28732,4
28733,2
28734,3
28735,2
28736,4
28737,1
28738,1
28739,2
28740,1
28741,2
28742,2
28743,2
28744,1
28745,3
28746,4
28747,3
28748,2
28749,8
28750,1
28751,3
28752,3
28753,4
28754,3
28755,1
28756,1
28757,2
28758,6
28759,5
28760,3
28761,5
28762,3
28763,3
28764,5
28765,3
28766,2
28767,1
28768,3
28769,1
28770,2
28771,1
28772,3
28773,3
28774,5
28775,2
28776,2
28777,1
28778,2
28779,2
28780,1
28781,3
28782,1
28783,1
28784,3
28785,2
28786,1
28787,2
28788,1
28789,3
28790,1
28791,2
28792,3
28793,2
28794,2
28795,3
28796,2
28797,2
28798,1
28799,3
28800,2
28801,3
28802,1
28803,4
28804,3
28805,1
28806,4
28807,1
28808,2
28809,1
28810,1
28811,2
28812,3
28813,2
28814,4
28815,2
28816,2
28817,1
28818,3
28819,1
28820,1
28821,3
28822,2
28823,1
28824,3
28825,2
28826,3
28827,4
28828,3
28829,3
28830,3
28831,1
28832,3
28833,1
28834,2
28835,2
28836,4
28837,2
28838,4
28839,3
28840,3
28841,2
28842,1
28843,3
28844,1
28845,1
28846,2
28847,1
28848,1
28849,2
28850,1
28851,2
28852,1
28853,2
28854,1
28855,4
28856,4
28857,2
28858,2
28859,4
28860,3
28861,4
28862,1
28863,5
28864,3
28865,4
28866,2
28867,4
28868,2
28869,1
28870,1
28871,5
28872,1
28873,2
28874,2
28875,1
28876,1
28877,1
28878,2
28879,4
28880,1
28881,3
28882,1
28883,1
28884,4
28885,1
28886,1
28887,5
28888,1
28889,3
28890,5
28891,4
28892,2
28893,3
28894,2
28895,3
28896,1
28897,4
28898,4
28899,4
28900,2
28901,2
28902,3
28903,3
28904,3
28905,9
28906,2
28907,3
28908,5
28909,5
28910,1
28911,2
28912,3
28913,3
28914,2
28915,2
28916,1
28917,2
28918,2
28919,4
28920,2
28921,3
28922,3
28923,2
28924,2
28925,2
28926,3
28927,3
28928,4
28929,2
28930,4
28931,2
28932,2
28933,6
28934,3
28935,4
28936,1
28937,1
28938,2
28939,1
28940,3
28941,5
28942,4
28943,6
28944,3
28945,4
28946,2
28947,1
28948,2
28949,2
28950,2
28951,3
28952,6
28953,3
28954,1
28955,4
28956,1
28957,1
28958,2
28959,1
28960,2
28961,1
28962,3
28963,2
28964,4
28965,1
28966,6
28967,3
28968,3
28969,4
28970,3
28971,4
28972,3
28973,7
28974,3
28975,3
28976,2
28977,2
28978,5
28979,2
28980,5
28981,2
28982,3
28983,4
28984,1
28985,2
28986,2
28987,1
28988,1
28989,2
28990,2
28991,1
28992,3
28993,1
28994,4
28995,1
28996,3
28997,2
28998,1
28999,3
29000,3
29001,1
29002,2
29003,3
29004,4
29005,2
29006,2
29007,2
29008,1
29009,2
29010,3
29011,1
29012,1
29013,5
29014,1
29015,4
29016,2
29017,3
29018,2
29019,2
29020,3
29021,4
29022,2
29023,3
29024,1
29025,1
29026,3
29027,1
29028,2
29029,3
29030,4
29031,2
29032,1
29033,3
29034,5
29035,4
29036,1
29037,2
29038,3
29039,3
29040,2
29041,3
29042,4
29043,2
29044,2
29045,5
29046,5
29047,1
29048,4
29049,4
29050,1
29051,2
29052,2
29053,3
29054,1
29055,2
29056,1
29057,5
29058,2
29059,1
29060,1
29061,3
29062,3
29063,1
29064,1
29065,2
29066,1
29067,2
29068,2
29069,2
29070,2
29071,2
29072,2
29073,2
29074,4
29075,1
29076,1
29077,4
29078,5
29079,4
29080,7
29081,5
29082,2
29083,5
29084,4
29085,1
29086,3
29087,2
29088,1
29089,2
29090,4
29091,3
29092,2
29093,1
29094,1
29095,7
29096,3
29097,1
29098,2
29099,3
29100,4
29101,3
29102,4
29103,3
29104,2
29105,3
29106,2
29107,5
29108,1
29109,1
29110,1
29111,2
29112,3
29113,1
29114,1
29115,3
29116,1
29117,4
29118,3
29119,3
29120,4
29121,5
29122,2
29123,2
29124,1
29125,3
29126,4
29127,3
29128,1
29129,3
29130,1
29131,2
29132,2
29133,1
29134,1
29135,2
29136,2
29137,4
29138,3
29139,2
29140,1
29141,2
29142,2
29143,1
29144,3
29145,1
29146,2
29147,1
29148,2
29149,1
29150,2
29151,2
29152,4
29153,4
29154,2
29155,2
29156,5
29157,4
29158,1
29159,2
29160,1
29161,2
29162,3
29163,3
29164,1
29165,5
29166,1
29167,4
29168,2
29169,5
29170,3
29171,2
29172,2
29173,1
29174,3
29175,4
29176,2
29177,1
29178,1
29179,2
29180,1
29181,1
29182,1
29183,1
29184,1
29185,1
29186,3
29187,4
29188,1
29189,2
29190,1
29191,3
29192,4
29193,2
29194,1
29195,1
29196,6
29197,1
29198,4
29199,3
29200,2
29201,1
29202,3
29203,1
29204,3
29205,4
29206,1
29207,4
29208,1
29209,4
29210,3
29211,3
29212,5
29213,3
29214,1
29215,3
29216,1
29217,1
29218,3
29219,2
29220,3
29221,3
29222,2
29223,1
29224,1
29225,3
29226,1
29227,3
29228,1
29229,2
29230,1
29231,1
29232,1
29233,2
29234,1
29235,5
29236,3
29237,3
29238,2
29239,3
29240,1
29241,2
29242,3
29243,2
29244,1
29245,1
29246,4
29247,4
29248,2
29249,2
29250,2
29251,2
29252,1
29253,4
29254,4
29255,1
29256,2
29257,1
29258,1
29259,2
29260,1
29261,3
29262,4
29263,5
29264,1
29265,1
29266,1
29267,5
29268,2
29269,1
29270,3
29271,2
29272,2
29273,2
29274,5
29275,2
29276,1
29277,2
29278,2
29279,1
29280,3
29281,2
29282,4
29283,2
29284,3
29285,1
29286,3
29287,1
29288,4
29289,4
29290,2
29291,7
29292,1
29293,2
29294,2
29295,1
29296,2
29297,3
29298,2
29299,5
29300,2
29301,3
29302,4
29303,1
29304,1
29305,1
29306,1
29307,2
29308,2
29309,3
29310,2
29311,2
29312,6
29313,1
29314,1
29315,3
29316,3
29317,3
29318,3
29319,1
29320,1
29321,3
29322,3
29323,4
29324,2
29325,2
29326,2
29327,3
29328,2
29329,4
29330,5
29331,3
29332,2
29333,2
29334,4
29335,2
29336,3
29337,2
29338,1
29339,1
29340,1
29341,2
29342,3
29343,2
29344,1
29345,1
29346,2
29347,1
29348,3
29349,2
29350,3
29351,1
29352,4
29353,2
29354,4
29355,1
29356,2
29357,2
29358,2
29359,3
29360,4
29361,2
29362,1
29363,2
29364,1
29365,1
29366,3
29367,2
29368,3
29369,3
29370,1
29371,4
29372,2
29373,2
29374,2
29375,2
29376,1
29377,5
29378,2
29379,2
29380,2
29381,5
29382,2
29383,4
29384,2
29385,1
29386,5
29387,2
29388,1
29389,1
29390,3
29391,1
29392,2
29393,2
29394,3
29395,4
29396,3
29397,2
29398,5
29399,1
29400,3
29401,1
29402,7
29403,3
29404,5
29405,2
29406,1
29407,3
29408,1
29409,2
29410,4
29411,7
29412,2
29413,2
29414,1
29415,3
29416,3
29417,1
29418,4
29419,3
29420,3
29421,3
29422,2
29423,3
29424,2
29425,1
29426,7
29427,5
29428,2
29429,3
29430,5
29431,1
29432,2
29433,3
29434,4
29435,4
29436,1
29437,1
29438,3
29439,1
29440,2
29441,3
29442,2
29443,3
29444,1
29445,2
29446,1
29447,4
29448,3
29449,3
29450,3
29451,3
29452,1
29453,2
29454,2
29455,3
29456,2
29457,1
29458,3
29459,1
29460,5
29461,4
29462,3
29463,4
29464,2
29465,1
29466,2
29467,2
29468,1
29469,3
29470,5
29471,2
29472,1
29473,3
29474,1
29475,7
29476,4
29477,2
29478,1
29479,3
29480,2
29481,1
29482,1
29483,1
29484,4
29485,1
29486,4
29487,2
29488,4
29489,4
29490,1
29491,2
29492,1
29493,3
29494,4
29495,4
29496,2
29497,1
29498,2
29499,4
29500,2
29501,1
29502,3
29503,2
29504,3
29505,5
29506,2
29507,3
29508,1
29509,4
29510,1
29511,1
29512,1
29513,3
29514,4
29515,3
29516,2
29517,3
29518,1
29519,2
29520,1
29521,3
29522,1
29523,1
29524,5
29525,1
29526,2
29527,4
29528,1
29529,1
29530,3
29531,3
29532,2
29533,2
29534,2
29535,2
29536,2
29537,1
29538,3
29539,2
29540,5
29541,2
29542,3
29543,1
29544,4
29545,3
29546,2
29547,1
29548,2
29549,1
29550,2
29551,2
29552,1
29553,2
29554,4
29555,3
29556,3
29557,1
29558,1
29559,3
29560,2
29561,1
29562,2
29563,6
29564,2
29565,2
29566,3
29567,7
29568,3
29569,3
29570,3
29571,3
29572,3
29573,1
29574,5
29575,2
29576,1
29577,1
29578,2
29579,2
29580,1
29581,1
29582,2
29583,3
29584,4
29585,1
29586,2
29587,1
29588,1
29589,1
29590,3
29591,3
29592,2
29593,1
29594,2
29595,2
29596,1
29597,1
29598,1
29599,2
29600,3
29601,1
29602,4
29603,4
29604,2
29605,2
29606,4
29607,1
29608,3
29609,2
29610,3
29611,2
29612,1
29613,2
29614,1
29615,2
29616,1
29617,4
29618,3
29619,4
29620,1
29621,1
29622,2
29623,4
29624,3
29625,6
29626,3
29627,1
29628,1
29629,3
29630,2
29631,4
29632,1
29633,3
29634,4
29635,5
29636,2
29637,2
29638,2
29639,4
29640,2
29641,2
29642,1
29643,1
29644,5
29645,2
29646,1
29647,6
29648,2
29649,1
29650,3
29651,3
29652,3
29653,1
29654,2
29655,3
29656,2
29657,1
29658,3
29659,2
29660,2
29661,3
29662,6
29663,2
29664,1
29665,6
29666,1
29667,4
29668,2
29669,2
29670,2
29671,1
29672,2
29673,2
29674,1
29675,4
29676,4
29677,1
29678,2
29679,5
29680,4
29681,1
29682,2
29683,2
29684,1
29685,1
29686,5
29687,1
29688,2
29689,2
29690,4
29691,2
29692,3
29693,5
29694,4
29695,2
29696,1
29697,3
29698,5
29699,3
29700,3
29701,3
29702,1
29703,2
29704,2
29705,6
29706,2
29707,2
29708,1
29709,4
29710,2
29711,1
29712,3
29713,3
29714,2
29715,5
29716,3
29717,3
29718,3
29719,1
29720,4
29721,1
29722,4
29723,1
29724,3
29725,1
29726,1
29727,4
29728,4
29729,2
29730,3
29731,4
29732,2
29733,2
29734,4
29735,2
29736,2
29737,4
29738,2
29739,2
29740,2
29741,1
29742,5
29743,3
29744,1
29745,3
29746,2
29747,4
29748,2
29749,3
29750,5
29751,4
29752,2
29753,4
29754,3
29755,2
29756,1
29757,2
29758,4
29759,3
29760,2
29761,2
29762,3
29763,3
29764,3
29765,1
29766,2
29767,3
29768,1
29769,3
29770,2
29771,5
29772,2
29773,1
29774,2
29775,2
29776,3
29777,3
29778,2
29779,2
29780,2
29781,2
29782,5
29783,1
29784,3
29785,1
29786,1
29787,5
29788,6
29789,2
29790,3
29791,2
29792,2
29793,1
29794,5
29795,1
29796,2
29797,1
29798,4
29799,9
29800,5
29801,2
29802,4
29803,1
29804,2
29805,2
29806,2
29807,1
29808,4
29809,1
29810,5
29811,4
29812,1
29813,2
29814,2
29815,2
29816,4
29817,1
29818,3
29819,2
29820,2
29821,2
29822,3
29823,4
29824,1
29825,3
29826,2
29827,3
29828,1
29829,4
29830,1
29831,2
29832,5
29833,4
29834,1
29835,7
29836,3
29837,2
29838,1
29839,1
29840,2
29841,2
29842,1
29843,2
29844,1
29845,4
29846,2
29847,3
29848,1
29849,1
29850,2
29851,1
29852,1
29853,1
29854,1
29855,5
29856,2
29857,3
29858,3
29859,4
29860,1
29861,1
29862,1
29863,2
29864,1
29865,4
29866,2
29867,1
29868,1
29869,4
29870,5
29871,2
29872,2
29873,1
29874,3
29875,4
29876,2
29877,5
29878,3
29879,2
29880,3
29881,2
29882,2
29883,3
29884,3
29885,1
29886,3
29887,1
29888,2
29889,2
29890,2
29891,3
29892,4
29893,4
29894,2
29895,3
29896,3
29897,2
29898,1
29899,2
29900,2
29901,5
29902,2
29903,3
29904,5
29905,1
29906,3
29907,2
29908,2
29909,3
29910,1
29911,4
29912,1
29913,2
29914,3
29915,1
29916,1
29917,6
29918,4
29919,1
29920,1
29921,1
29922,4
29923,4
29924,2
29925,2
29926,1
29927,1
29928,1
29929,3
29930,2
29931,1
29932,1
29933,3
29934,5
29935,4
29936,2
29937,4
29938,3
29939,2
29940,4
29941,2
29942,2
29943,3
29944,3
29945,3
29946,2
29947,2
29948,1
29949,2
29950,1
29951,1
29952,5
29953,4
29954,3
29955,1
29956,1
29957,3
29958,2
29959,1
29960,2
29961,2
29962,2
29963,4
29964,2
29965,2
29966,1
29967,3
29968,1
29969,2
29970,1
29971,2
29972,4
29973,3
29974,4
29975,4
29976,3
29977,1
29978,2
29979,4
29980,1
29981,3
29982,1
29983,2
29984,1
29985,2
29986,2
29987,1
29988,1
29989,4
29990,4
29991,3
29992,3
29993,3
29994,3
29995,2
29996,1
29997,1
29998,5
29999,2
30000,5
30001,2
30002,2
30003,2
30004,2
30005,2
30006,1
30007,1
30008,1
30009,2
30010,2
30011,2
30012,2
30013,3
30014,2
30015,5
30016,3
30017,1
30018,2
30019,2
30020,1
30021,2
30022,4
30023,3
30024,3
30025,1
30026,4
30027,1
30028,2
30029,3
30030,6
30031,1
30032,5
30033,3
30034,1
30035,4
30036,2
30037,4
30038,4
30039,1
30040,1
30041,2
30042,5
30043,7
30044,2
30045,1
30046,2
30047,4
30048,1
30049,1
30050,3
30051,2
30052,2
30053,4
30054,4
30055,1
30056,3
30057,1
30058,2
30059,2
30060,4
30061,3
30062,1
30063,2
30064,3
30065,6
30066,5
30067,1
30068,1
30069,3
30070,4
30071,3
30072,1
30073,1
30074,5
30075,2
30076,2
30077,1
30078,3
30079,2
30080,2
30081,2
30082,2
30083,1
30084,5
30085,2
30086,2
30087,2
30088,1
30089,2
30090,1
30091,1
30092,2
30093,4
30094,1
30095,3
30096,1
30097,2
30098,2
30099,3
30100,2
30101,4
30102,3
30103,1
30104,5
30105,4
30106,1
30107,1
30108,1
30109,4
30110,2
30111,1
30112,1
30113,1
30114,2
30115,1
30116,1
30117,2
30118,1
30119,4
30120,2
30121,2
30122,1
30123,2
30124,3
30125,2
30126,1
30127,3
30128,5
30129,1
30130,1
30131,2
30132,1
30133,2
30134,3
30135,3
30136,4
30137,4
30138,3
30139,1
30140,4
30141,2
30142,1
30143,1
30144,3
30145,1
30146,2
30147,2
30148,2
30149,1
30150,3
30151,4
30152,2
30153,3
30154,4
30155,3
30156,5
30157,6
30158,4
30159,3
30160,4
30161,3
30162,4
30163,2
30164,4
30165,2
30166,2
30167,2
30168,2
30169,3
30170,3
30171,3
30172,1
30173,1
30174,5
30175,3
30176,4
30177,2
30178,1
30179,3
30180,1
30181,1
30182,2
30183,1
30184,3
30185,3
30186,2
30187,3
30188,5
30189,3
30190,2
30191,1
30192,3
30193,1
30194,4
30195,2
30196,1
30197,2
30198,1
30199,2
30200,4
30201,3
30202,2
30203,4
30204,2
30205,1
30206,1
30207,2
30208,4
30209,2
30210,1
30211,3
30212,1
30213,2
30214,1
30215,2
30216,7
30217,3
30218,1
30219,4
30220,4
30221,1
30222,5
30223,4
30224,1
30225,2
30226,1
30227,1
30228,2
30229,2
30230,4
30231,1
30232,3
30233,4
30234,1
30235,4
30236,1
30237,3
30238,1
30239,1
30240,2
30241,2
30242,2
30243,2
30244,3
30245,1
30246,1
30247,2
30248,3
30249,3
30250,2
30251,1
30252,1
30253,3
30254,2
30255,1
30256,4
30257,4
30258,4
30259,1
30260,2
30261,3
30262,4
30263,1
30264,2
30265,5
30266,3
30267,1
30268,3
30269,2
30270,5
30271,3
30272,2
30273,2
30274,2
30275,3
30276,1
30277,2
30278,3
30279,4
30280,2
30281,3
30282,2
30283,1
30284,1
30285,2
30286,4
30287,2
30288,7
30289,1
30290,2
30291,1
30292,4
30293,2
30294,3
30295,2
30296,3
30297,1
30298,2
30299,2
30300,3
30301,4
30302,3
30303,2
30304,4
30305,3
30306,1
30307,3
30308,2
30309,1
30310,1
30311,4
30312,7
30313,1
30314,4
30315,1
30316,4
30317,1
30318,1
30319,1
30320,2
30321,8
30322,2
30323,3
30324,2
30325,1
30326,1
30327,1
30328,2
30329,3
30330,2
30331,1
30332,1
30333,2
30334,2
30335,2
30336,1
30337,3
30338,1
30339,3
30340,2
30341,4
30342,2
30343,1
30344,3
30345,3
30346,1
30347,4
30348,1
30349,1
30350,3
30351,4
30352,3
30353,2
30354,1
30355,5
30356,6
30357,2
30358,3
30359,4
30360,2
30361,3
30362,5
30363,4
30364,3
30365,2
30366,2
30367,1
30368,5
30369,1
30370,3
30371,2
30372,4
30373,2
30374,2
30375,1
30376,3
30377,1
30378,3
30379,1
30380,3
30381,1
30382,3
30383,3
30384,2
30385,3
30386,4
30387,2
30388,2
30389,2
30390,3
30391,5
30392,1
30393,1
30394,4
30395,2
30396,2
30397,3
30398,1
30399,2
30400,1
30401,3
30402,3
30403,4
30404,2
30405,2
30406,1
30407,2
30408,3
30409,2
30410,1
30411,1
30412,4
30413,1
30414,2
30415,3
30416,1
30417,2
30418,2
30419,3
30420,2
30421,2
30422,2
30423,1
30424,1
30425,5
30426,3
30427,3
30428,4
30429,3
30430,4
30431,1
30432,5
30433,5
30434,1
30435,1
30436,6
30437,6
30438,3
30439,3
30440,1
30441,2
30442,3
30443,1
30444,2
30445,1
30446,1
30447,1
30448,1
30449,3
30450,4
30451,1
30452,5
30453,3
30454,4
30455,2
30456,1
30457,1
30458,2
30459,3
30460,3
30461,1
30462,2
30463,2
30464,4
30465,1
30466,4
30467,4
30468,1
30469,1
30470,1
30471,5
30472,1
30473,1
30474,2
30475,1
30476,1
30477,3
30478,4
30479,4
30480,1
30481,2
30482,2
30483,1
30484,1
30485,3
30486,2
30487,4
30488,1
30489,1
30490,2
30491,1
30492,2
30493,1
30494,2
30495,1
30496,2
30497,2
30498,1
30499,2
30500,1
30501,5
30502,3
30503,2
30504,1
30505,1
30506,2
30507,2
30508,2
30509,1
30510,3
30511,5
30512,2
30513,5
30514,4
30515,4
30516,2
30517,1
30518,2
30519,1
30520,1
30521,2
30522,3
30523,1
30524,1
30525,1
30526,3
30527,2
30528,1
30529,2
30530,6
30531,1
30532,1
30533,2
30534,3
30535,2
30536,2
30537,5
30538,2
30539,1
30540,2
30541,2
30542,2
30543,2
30544,1
30545,3
30546,1
30547,1
30548,2
30549,1
30550,2
30551,2
30552,3
30553,1
30554,3
30555,3
30556,1
30557,3
30558,3
30559,1
30560,3
30561,1
30562,3
30563,5
30564,2
30565,3
30566,2
30567,3
30568,4
30569,1
30570,1
30571,2
30572,2
30573,5
30574,5
30575,1
30576,2
30577,4
30578,2
30579,3
30580,4
30581,7
30582,2
30583,2
30584,3
30585,1
30586,3
30587,2
30588,1
30589,3
30590,5
30591,3
30592,2
30593,1
30594,1
30595,3
30596,2
30597,1
30598,1
30599,5
30600,1
30601,1
30602,2
30603,5
30604,3
30605,2
30606,1
30607,1
30608,2
30609,4
30610,1
30611,2
30612,2
30613,4
30614,1
30615,3
30616,2
30617,2
30618,2
30619,1
30620,3
30621,1
30622,2
30623,1
30624,1
30625,2
30626,1
30627,2
30628,4
30629,2
30630,2
30631,3
30632,1
30633,2
30634,2
30635,1
30636,4
30637,2
30638,1
30639,3
30640,2
30641,4
30642,1
30643,2
30644,3
30645,2
30646,1
30647,2
30648,2
30649,2
30650,1
30651,3
30652,1
30653,2
30654,4
30655,6
30656,6
30657,1
30658,3
30659,2
30660,2
30661,2
30662,3
30663,2
30664,7
30665,2
30666,1
30667,2
30668,2
30669,2
30670,1
30671,2
30672,3
30673,3
30674,5
30675,1
30676,3
30677,2
30678,1
30679,1
30680,2
30681,1
30682,4
30683,1
30684,2
30685,2
30686,3
30687,2
30688,4
30689,1
30690,1
30691,2
30692,2
30693,2
30694,3
30695,1
30696,3
30697,2
30698,2
30699,4
30700,2
30701,1
30702,1
30703,3
30704,1
30705,3
30706,1
30707,6
30708,3
30709,2
30710,3
30711,1
30712,2
30713,4
30714,2
30715,5
30716,1
30717,3
30718,5
30719,1
30720,1
30721,1
30722,2
30723,2
30724,1
30725,1
30726,2
30727,2
30728,1
30729,6
30730,2
30731,1
30732,4
30733,2
30734,3
30735,1
30736,2
30737,1
30738,2
30739,3
30740,5
30741,4
30742,2
30743,6
30744,3
30745,2
30746,3
30747,5
30748,1
30749,3
30750,1
30751,6
30752,4
30753,5
30754,7
30755,3
30756,2
30757,1
30758,1
30759,2
30760,5
30761,4
30762,6
30763,2
30764,3
30765,2
30766,3
30767,5
30768,3
30769,3
30770,6
30771,3
30772,5
30773,1
30774,2
30775,2
30776,4
30777,5
30778,1
30779,3
30780,3
30781,5
30782,4
30783,1
30784,3
30785,2
30786,3
30787,5
30788,4
30789,1
30790,2
30791,3
30792,3
30793,1
30794,3
30795,2
30796,2
30797,1
30798,3
30799,2
30800,4
30801,2
30802,1
30803,2
30804,2
30805,3
30806,5
30807,3
30808,1
30809,2
30810,2
30811,1
30812,7
30813,1
30814,4
30815,2
30816,2
30817,3
30818,1
30819,1
30820,2
30821,1
30822,1
30823,3
30824,1
30825,3
30826,3
30827,2
30828,1
30829,4
30830,4
30831,1
30832,4
30833,3
30834,1
30835,2
30836,1
30837,3
30838,1
30839,4
30840,2
30841,3
30842,2
30843,1
30844,3
30845,3
30846,1
30847,1
30848,4
30849,2
30850,2
30851,2
30852,5
30853,1
30854,4
30855,1
30856,7
30857,3
30858,2
30859,2
30860,4
30861,7
30862,1
30863,3
30864,4
30865,2
30866,1
30867,2
30868,4
30869,3
30870,2
30871,3
30872,2
30873,2
30874,2
30875,1
30876,2
30877,1
30878,1
30879,5
30880,1
30881,2
30882,2
30883,1
30884,5
30885,2
30886,1
30887,2
30888,4
30889,2
30890,1
30891,1
30892,3
30893,1
30894,1
30895,4
30896,2
30897,4
30898,2
30899,2
30900,2
30901,1
30902,1
30903,1
30904,3
30905,1
30906,4
30907,2
30908,3
30909,1
30910,2
30911,3
30912,2
30913,1
30914,2
30915,2
30916,1
30917,6
30918,2
30919,2
30920,1
30921,2
30922,1
30923,1
30924,3
30925,2
30926,3
30927,2
30928,1
30929,2
30930,2
30931,3
30932,4
30933,3
30934,5
30935,6
30936,1
30937,1
30938,3
30939,4
30940,2
30941,2
30942,1
30943,1
30944,5
30945,5
30946,2
30947,1
30948,3
30949,2
30950,2
30951,4
30952,1
30953,4
30954,2
30955,2
30956,1
30957,5
30958,2
30959,3
30960,1
30961,4
30962,1
30963,3
30964,3
30965,2
30966,6
30967,2
30968,2
30969,3
30970,1
30971,5
30972,3
30973,4
30974,3
30975,1
30976,3
30977,2
30978,4
30979,1
30980,1
30981,3
30982,3
30983,2
30984,3
30985,3
30986,2
30987,1
30988,4
30989,4
30990,3
30991,2
30992,1
30993,3
30994,2
30995,1
30996,1
30997,2
30998,1
30999,3
31000,2
31001,1
31002,1
31003,4
31004,5
31005,3
31006,1
31007,3
31008,2
31009,1
31010,1
31011,1
31012,5
31013,1
31014,2
31015,2
31016,2
31017,2
31018,1
31019,3
31020,1
31021,3
31022,3
31023,4
31024,3
31025,3
31026,5
31027,4
31028,2
31029,4
31030,2
31031,3
31032,1
31033,2
31034,2
31035,3
31036,1
31037,3
31038,7
31039,1
31040,1
31041,1
31042,1
31043,3
31044,1
31045,2
31046,4
31047,3
31048,1
31049,3
31050,3
31051,2
31052,3
31053,1
31054,3
31055,1
31056,1
31057,1
31058,2
31059,1
31060,6
31061,2
31062,2
31063,1
31064,1
31065,3
31066,2
31067,2
31068,2
31069,2
31070,2
31071,1
31072,4
31073,1
31074,6
31075,1
31076,3
31077,3
31078,3
31079,4
31080,1
31081,2
31082,3
31083,2
31084,4
31085,3
31086,1
31087,1
31088,2
31089,1
31090,1
31091,2
31092,5
31093,3
31094,8
31095,2
31096,2
31097,2
31098,1
31099,1
31100,2
31101,1
31102,2
31103,3
31104,2
31105,1
31106,2
31107,3
31108,4
31109,3
31110,3
31111,1
31112,2
31113,2
31114,1
31115,1
31116,1
31117,1
31118,2
31119,1
31120,2
31121,1
31122,2
31123,2
31124,3
31125,4
31126,4
31127,4
31128,1
31129,1
31130,2
31131,1
31132,4
31133,1
31134,2
31135,3
31136,5
31137,4
31138,4
31139,4
31140,5
31141,1
31142,2
31143,2
31144,2
31145,1
31146,2
31147,1
31148,2
31149,2
31150,2
31151,3
31152,2
31153,2
31154,4
31155,2
31156,2
31157,2
31158,3
31159,3
31160,4
31161,3
31162,3
31163,2
31164,3
31165,3
31166,5
31167,2
31168,3
31169,2
31170,2
31171,4
31172,3
31173,2
31174,4
31175,2
31176,1
31177,3
31178,3
31179,1
31180,1
31181,4
31182,2
31183,1
31184,3
31185,4
31186,2
31187,1
31188,5
31189,1
31190,3
31191,3
31192,4
31193,2
31194,4
31195,2
31196,2
31197,2
31198,2
31199,6
31200,2
31201,1
31202,3
31203,1
31204,2
31205,2
31206,3
31207,2
31208,5
31209,5
31210,1
31211,1
31212,6
31213,3
31214,2
31215,1
31216,3
31217,2
31218,3
31219,4
31220,3
31221,1
31222,2
31223,4
31224,1
31225,2
31226,5
31227,2
31228,1
31229,1
31230,1
31231,1
31232,4
31233,2
31234,1
31235,3
31236,1
31237,1
31238,2
31239,3
31240,6
31241,1
31242,3
31243,2
31244,2
31245,3
31246,3
31247,3
31248,1
31249,1
31250,1
31251,3
31252,2
31253,1
31254,1
31255,3
31256,4
31257,2
31258,1
31259,4
31260,1
31261,1
31262,2
31263,4
31264,2
31265,4
31266,4
31267,1
31268,5
31269,2
31270,2
31271,3
31272,4
31273,3
31274,2
31275,2
31276,1
31277,2
31278,1
31279,3
31280,1
31281,3
31282,2
31283,4
31284,3
31285,4
31286,2
31287,1
31288,2
31289,3
31290,2
31291,5
31292,1
31293,2
31294,2
31295,2
31296,4
31297,4
31298,3
31299,4
31300,1
31301,1
31302,4
31303,1
31304,1
31305,1
31306,4
31307,7
31308,1
31309,4
31310,2
31311,1
31312,2
31313,2
31314,3
31315,3
31316,1
31317,1
31318,3
31319,1
31320,1
31321,2
31322,2
31323,3
31324,3
31325,2
31326,1
31327,3
31328,2
31329,5
31330,1
31331,5
31332,3
31333,3
31334,1
31335,2
31336,2
31337,3
31338,3
31339,5
31340,2
31341,4
31342,3
31343,2
31344,1
31345,4
31346,2
31347,2
31348,3
31349,3
31350,3
31351,2
31352,1
31353,1
31354,4
31355,3
31356,5
31357,3
31358,3
31359,4
31360,1
31361,4
31362,1
31363,2
31364,3
31365,1
31366,2
31367,5
31368,1
31369,3
31370,4
31371,4
31372,3
31373,1
31374,3
31375,1
31376,3
31377,4
31378,1
31379,5
31380,1
31381,3
31382,2
31383,1
31384,2
31385,5
31386,1
31387,1
31388,1
31389,4
31390,5
31391,2
31392,3
31393,2
31394,2
31395,3
31396,1
31397,2
31398,3
31399,3
31400,1
31401,4
31402,3
31403,1
31404,2
31405,2
31406,1
31407,1
31408,1
31409,2
31410,2
31411,2
31412,3
31413,4
31414,2
31415,1
31416,4
31417,3
31418,4
31419,5
31420,2
31421,1
31422,3
31423,2
31424,2
31425,3
31426,3
31427,5
31428,1
31429,8
31430,1
31431,2
31432,1
31433,1
31434,1
31435,3
31436,2
31437,3
31438,1
31439,3
31440,1
31441,4
31442,2
31443,3
31444,3
31445,2
31446,1
31447,1
31448,2
31449,1
31450,2
31451,3
31452,1
31453,2
31454,3
31455,2
31456,2
31457,3
31458,1
31459,4
31460,3
31461,3
31462,5
31463,1
31464,4
31465,2
31466,4
31467,4
31468,3
31469,3
31470,3
31471,6
31472,3
31473,1
31474,2
31475,2
31476,5
31477,1
31478,4
31479,1
31480,1
31481,1
31482,2
31483,7
31484,4
31485,1
31486,2
31487,3
31488,1
31489,1
31490,3
31491,1
31492,1
31493,3
31494,4
31495,2
31496,2
31497,2
31498,1
31499,1
31500,1
31501,2
31502,6
31503,2
31504,2
31505,1
31506,2
31507,3
31508,2
31509,2
31510,3
31511,3
31512,1
31513,3
31514,2
31515,2
31516,1
31517,3
31518,2
31519,4
31520,2
31521,4
31522,7
31523,3
31524,7
31525,1
31526,2
31527,1
31528,3
31529,1
31530,2
31531,2
31532,2
31533,4
31534,7
31535,3
31536,2
31537,2
31538,3
31539,1
31540,4
31541,2
31542,8
31543,2
31544,3
31545,3
31546,5
31547,2
31548,2
31549,1
31550,2
31551,4
31552,2
31553,2
31554,1
31555,1
31556,3
31557,2
31558,2
31559,4
31560,3
31561,1
31562,8
31563,1
31564,1
31565,1
31566,3
31567,3
31568,2
31569,1
31570,1
31571,5
31572,1
31573,4
31574,2
31575,2
31576,4
31577,2
31578,4
31579,6
31580,2
31581,7
31582,2
31583,1
31584,1
31585,1
31586,4
31587,3
31588,2
31589,1
31590,1
31591,2
31592,1
31593,1
31594,1
31595,2
31596,1
31597,2
31598,3
31599,2
31600,3
31601,2
31602,2
31603,5
31604,2
31605,5
31606,2
31607,1
31608,2
31609,2
31610,3
31611,2
31612,1
31613,1
31614,3
31615,3
31616,3
31617,3
31618,1
31619,1
31620,2
31621,1
31622,2
31623,1
31624,1
31625,1
31626,2
31627,3
31628,2
31629,2
31630,1
31631,3
31632,2
31633,4
31634,5
31635,3
31636,2
31637,1
31638,1
31639,6
31640,2
31641,2
31642,1
31643,2
31644,1
31645,1
31646,2
31647,2
31648,2
31649,4
31650,1
31651,5
31652,2
31653,1
31654,1
31655,4
31656,3
31657,2
31658,3
31659,2
31660,1
31661,1
31662,2
31663,1
31664,1
31665,1
31666,3
31667,4
31668,3
31669,2
31670,1
31671,1
31672,4
31673,3
31674,1
31675,3
31676,3
31677,2
31678,1
31679,4
31680,5
31681,4
31682,1
31683,5
31684,2
31685,3
31686,3
31687,2
31688,2
31689,3
31690,2
31691,2
31692,2
31693,5
31694,3
31695,3
31696,5
31697,1
31698,2
31699,2
31700,1
31701,4
31702,2
31703,2
31704,2
31705,3
31706,3
31707,3
31708,2
31709,3
31710,2
31711,2
31712,1
31713,4
31714,6
31715,2
31716,3
31717,3
31718,2
31719,7
31720,2
31721,3
31722,4
31723,1
31724,1
31725,1
31726,1
31727,2
31728,1
31729,1
31730,2
31731,4
31732,2
31733,2
31734,1
31735,3
31736,2
31737,2
31738,3
31739,1
31740,1
31741,1
31742,1
31743,1
31744,2
31745,2
31746,2
31747,2
31748,2
31749,1
31750,5
31751,4
31752,5
31753,2
31754,2
31755,1
31756,1
31757,5
31758,1
31759,2
31760,3
31761,5
31762,3
31763,3
31764,1
31765,1
31766,1
31767,4
31768,4
31769,4
31770,1
31771,3
31772,2
31773,4
31774,3
31775,1
31776,1
31777,2
31778,5
31779,3
31780,1
31781,1
31782,1
31783,4
31784,4
31785,4
31786,1
31787,2
31788,2
31789,1
31790,3
31791,3
31792,4
31793,2
31794,1
31795,4
31796,1
31797,1
31798,3
31799,4
31800,2
31801,3
31802,3
31803,2
31804,2
31805,2
31806,1
31807,2
31808,4
31809,1
31810,1
31811,3
31812,1
31813,2
31814,2
31815,1
31816,2
31817,2
31818,1
31819,2
31820,1
31821,2
31822,2
31823,2
31824,4
31825,3
31826,1
31827,2
31828,2
31829,1
31830,3
31831,2
31832,3
31833,4
31834,2
31835,4
31836,3
31837,2
31838,8
31839,2
31840,1
31841,3
31842,2
31843,3
31844,3
31845,2
31846,2
31847,3
31848,3
31849,2
31850,1
31851,2
31852,4
31853,2
31854,1
31855,5
31856,2
31857,3
31858,4
31859,1
31860,1
31861,2
31862,2
31863,3
31864,2
31865,1
31866,2
31867,4
31868,2
31869,1
31870,2
31871,2
31872,1
31873,1
31874,1
31875,1
31876,1
31877,1
31878,2
31879,4
31880,3
31881,3
31882,4
31883,1
31884,2
31885,4
31886,2
31887,1
31888,4
31889,1
31890,3
31891,1
31892,1
31893,2
31894,4
31895,1
31896,2
31897,2
31898,1
31899,2
31900,3
31901,2
31902,2
31903,3
31904,2
31905,2
31906,2
31907,2
31908,4
31909,2
31910,2
31911,1
31912,3
31913,2
31914,1
31915,1
31916,2
31917,2
31918,1
31919,1
31920,1
31921,3
31922,3
31923,2
31924,2
31925,5
31926,2
31927,3
31928,2
31929,2
31930,4
31931,1
31932,2
31933,6
31934,3
31935,2
31936,1
31937,3
31938,3
31939,3
31940,1
31941,3
31942,3
31943,5
31944,1
31945,1
31946,4
31947,1
31948,5
31949,4
31950,2
31951,2
31952,3
31953,4
31954,2
31955,2
31956,4
31957,2
31958,4
31959,2
31960,3
31961,5
31962,1
31963,2
31964,1
31965,3
31966,3
31967,4
31968,2
31969,2
31970,1
31971,5
31972,1
31973,1
31974,3
31975,1
31976,3
31977,2
31978,3
31979,2
31980,3
31981,4
31982,2
31983,1
31984,3
31985,1
31986,2
31987,2
31988,2
31989,2
31990,3
31991,2
31992,1
31993,4
31994,1
31995,1
31996,1
31997,3
31998,2
31999,2
32000,1
32001,2
32002,3
32003,1
32004,3
32005,1
32006,2
32007,4
32008,5
32009,2
32010,2
32011,2
32012,1
32013,2
32014,1
32015,3
32016,3
32017,1
32018,4
32019,4
32020,2
32021,2
32022,2
32023,2
32024,2
32025,1
32026,7
32027,1
32028,2
32029,3
32030,4
32031,1
32032,1
32033,1
32034,3
32035,3
32036,1
32037,3
32038,2
32039,1
32040,3
32041,1
32042,3
32043,1
32044,2
32045,3
32046,1
32047,3
32048,2
32049,1
32050,2
32051,1
32052,7
32053,1
32054,1
32055,3
32056,2
32057,2
32058,3
32059,3
32060,1
32061,1
32062,4
32063,2
32064,1
32065,2
32066,3
32067,3
32068,2
32069,2
32070,2
32071,4
32072,2
32073,1
32074,1
32075,5
32076,2
32077,6
32078,3
32079,3
32080,2
32081,3
32082,1
32083,5
32084,1
32085,5
32086,4
32087,3
32088,3
32089,4
32090,3
32091,4
32092,2
32093,1
32094,3
32095,3
32096,3
32097,2
32098,1
32099,4
32100,2
32101,1
32102,2
32103,1
32104,2
32105,1
32106,1
32107,4
32108,3
32109,4
32110,2
32111,6
32112,1
32113,6
32114,5
32115,6
32116,4
32117,4
32118,3
32119,4
32120,1
32121,4
32122,3
32123,3
32124,3
32125,2
32126,1
32127,3
32128,1
32129,2
32130,4
32131,4
32132,1
32133,1
32134,5
32135,2
32136,1
32137,3
32138,6
32139,1
32140,1
32141,4
32142,2
32143,2
32144,2
32145,3
32146,1
32147,5
32148,4
32149,3
32150,1
32151,5
32152,6
32153,1
32154,2
32155,3
32156,2
32157,1
32158,3
32159,2
32160,1
32161,4
32162,2
32163,1
32164,1
32165,1
32166,1
32167,1
32168,5
32169,1
32170,1
32171,2
32172,2
32173,3
32174,2
32175,5
32176,3
32177,2
32178,3
32179,1
32180,3
32181,1
32182,4
32183,2
32184,2
32185,5
32186,2
32187,4
32188,1
32189,1
32190,3
32191,2
32192,1
32193,1
32194,3
32195,1
32196,6
32197,3
32198,2
32199,1
32200,5
32201,2
32202,2
32203,1
32204,3
32205,1
32206,1
32207,6
32208,2
32209,3
32210,2
32211,1
32212,2
32213,4
32214,1
32215,1
32216,3
32217,2
32218,3
32219,2
32220,2
32221,1
32222,1
32223,2
32224,2
32225,3
32226,1
32227,3
32228,1
32229,2
32230,3
32231,2
32232,1
32233,2
32234,1
32235,5
32236,2
32237,1
32238,3
32239,1
32240,3
32241,3
32242,3
32243,2
32244,2
32245,4
32246,1
32247,5
32248,1
32249,2
32250,1
32251,3
32252,2
32253,3
32254,2
32255,1
32256,1
32257,2
32258,1
32259,4
32260,3
32261,3
32262,2
32263,1
32264,4
32265,2
32266,1
32267,4
32268,1
32269,2
32270,1
32271,2
32272,3
32273,1
32274,2
32275,2
32276,1
32277,1
32278,4
32279,3
32280,3
32281,3
32282,1
32283,4
32284,4
32285,1
32286,9
32287,1
32288,4
32289,1
32290,4
32291,3
32292,4
32293,1
32294,1
32295,4
32296,4
32297,6
32298,1
32299,1
32300,1
32301,4
32302,2
32303,5
32304,1
32305,4
32306,2
32307,7
32308,2
32309,2
32310,2
32311,2
32312,3
32313,2
32314,3
32315,3
32316,1
32317,2
32318,3
32319,2
32320,2
32321,3
32322,1
32323,3
32324,3
32325,1
32326,3
32327,1
32328,2
32329,4
32330,2
32331,4
32332,1
32333,4
32334,3
32335,1
32336,1
32337,1
32338,4
32339,2
32340,3
32341,3
32342,3
32343,4
32344,2
32345,3
32346,4
32347,1
32348,2
32349,1
32350,2
32351,4
32352,1
32353,3
32354,2
32355,3
32356,2
32357,3
32358,3
32359,2
32360,1
32361,4
32362,3
32363,4
32364,5
32365,2
32366,2
32367,5
32368,1
32369,1
32370,2
32371,1
32372,3
32373,3
32374,1
32375,4
32376,5
32377,3
32378,2
32379,2
32380,3
32381,3
32382,3
32383,1
32384,2
32385,2
32386,2
32387,1
32388,4
32389,2
32390,1
32391,3
32392,2
32393,4
32394,4
32395,1
32396,2
32397,4
32398,2
32399,4
32400,1
32401,1
32402,2
32403,3
32404,1
32405,1
32406,1
32407,1
32408,2
32409,1
32410,1
32411,3
32412,6
32413,2
32414,2
32415,1
32416,2
32417,4
32418,1
32419,1
32420,2
32421,1
32422,3
32423,2
32424,1
32425,1
32426,1
32427,3
32428,1
32429,4
32430,2
32431,3
32432,4
32433,2
32434,1
32435,1
32436,4
32437,1
32438,2
32439,2
32440,2
32441,1
32442,3
32443,3
32444,1
32445,4
32446,3
32447,3
32448,4
32449,5
32450,1
32451,2
32452,3
32453,2
32454,4
32455,4
32456,1
32457,1
32458,5
32459,3
32460,2
32461,1
32462,5
32463,1
32464,1
32465,4
32466,3
32467,3
32468,3
32469,2
32470,2
32471,3
32472,1
32473,1
32474,1
32475,5
32476,1
32477,1
32478,2
32479,3
32480,1
32481,2
32482,4
32483,4
32484,1
32485,1
32486,5
32487,3
32488,1
32489,2
32490,1
32491,1
32492,3
32493,1
32494,2
32495,3
32496,5
32497,1
32498,3
32499,1
32500,2
32501,2
32502,1
32503,4
32504,2
32505,4
32506,3
32507,2
32508,2
32509,2
32510,3
32511,1
32512,5
32513,2
32514,4
32515,3
32516,6
32517,3
32518,5
32519,1
32520,2
32521,2
32522,5
32523,1
32524,1
32525,1
32526,3
32527,1
32528,1
32529,4
32530,2
32531,1
32532,1
32533,1
32534,2
32535,2
32536,2
32537,2
32538,1
32539,1
32540,2
32541,5
32542,2
32543,2
32544,1
32545,3
32546,5
32547,3
32548,1
32549,2
32550,2
32551,1
32552,1
32553,3
32554,1
32555,2
32556,5
32557,1
32558,1
32559,3
32560,4
32561,3
32562,3
32563,2
32564,3
32565,3
32566,4
32567,1
32568,1
32569,2
32570,3
32571,3
32572,3
32573,3
32574,4
32575,1
32576,2
32577,2
32578,3
32579,2
32580,1
32581,3
32582,3
32583,2
32584,3
32585,4
32586,3
32587,5
32588,6
32589,4
32590,4
32591,5
32592,3
32593,4
32594,5
32595,2
32596,1
32597,2
32598,1
32599,3
32600,1
32601,3
32602,2
32603,2
32604,3
32605,1
32606,4
32607,7
32608,2
32609,5
32610,2
32611,2
32612,3
32613,6
32614,1
32615,3
32616,1
32617,4
32618,2
32619,3
32620,3
32621,4
32622,2
32623,1
32624,5
32625,1
32626,4
32627,2
32628,3
32629,1
32630,2
32631,1
32632,4
32633,1
32634,2
32635,2
32636,3
32637,4
32638,5
32639,3
32640,2
32641,2
32642,3
32643,1
32644,3
32645,2
32646,3
32647,1
32648,2
32649,2
32650,3
32651,3
32652,1
32653,5
32654,1
32655,1
32656,1
32657,3
32658,4
32659,1
32660,1
32661,2
32662,3
32663,2
32664,2
32665,5
32666,2
32667,4
32668,3
32669,1
32670,1
32671,4
32672,1
32673,3
32674,2
32675,2
32676,4
32677,1
32678,5
32679,4
32680,1
32681,3
32682,3
32683,4
32684,2
32685,2
32686,2
32687,3
32688,4
32689,5
32690,2
32691,1
32692,2
32693,1
32694,4
32695,2
32696,2
32697,3
32698,6
32699,3
32700,2
32701,2
32702,3
32703,5
32704,5
32705,1
32706,1
32707,3
32708,3
32709,4
32710,4
32711,5
32712,1
32713,1
32714,2
32715,4
32716,2
32717,1
32718,3
32719,2
32720,3
32721,4
32722,3
32723,3
32724,1
32725,3
32726,2
32727,3
32728,1
32729,4
32730,3
32731,2
32732,5
32733,4
32734,5
32735,3
32736,4
32737,2
32738,3
32739,1
32740,1
32741,2
32742,2
32743,4
32744,3
32745,1
32746,2
32747,2
32748,2
32749,3
32750,2
32751,5
32752,3
32753,3
32754,1
32755,2
32756,3
32757,5
32758,5
32759,1
32760,2
32761,4
32762,1
32763,3
32764,2
32765,2
32766,2
32767,5
32768,4
32769,2
32770,2
32771,5
32772,3
32773,1
32774,3
32775,1
32776,2
32777,1
32778,3
32779,2
32780,3
32781,2
32782,3
32783,4
32784,2
32785,2
32786,2
32787,1
32788,4
32789,2
32790,2
32791,3
32792,5
32793,1
32794,3
32795,2
32796,1
32797,5
32798,2
32799,1
32800,2
32801,1
32802,5
32803,2
32804,2
32805,3
32806,3
32807,1
32808,5
32809,3
32810,3
32811,5
32812,2
32813,2
32814,2
32815,1
32816,2
32817,1
32818,3
32819,1
32820,2
32821,2
32822,2
32823,2
32824,2
32825,2
32826,2
32827,3
32828,1
32829,1
32830,2
32831,3
32832,3
32833,3
32834,3
32835,2
32836,2
32837,3
32838,2
32839,1
32840,1
32841,2
32842,1
32843,3
32844,2
32845,3
32846,1
32847,2
32848,3
32849,5
32850,5
32851,2
32852,2
32853,1
32854,3
32855,2
32856,2
32857,1
32858,2
32859,2
32860,4
32861,2
32862,3
32863,3
32864,3
32865,1
32866,2
32867,1
32868,1
32869,3
32870,5
32871,1
32872,3
32873,5
32874,1
32875,2
32876,2
32877,4
32878,3
32879,2
32880,5
32881,3
32882,2
32883,5
32884,2
32885,1
32886,2
32887,4
32888,3
32889,4
32890,2
32891,2
32892,2
32893,2
32894,1
32895,4
32896,2
32897,2
32898,3
32899,1
32900,1
32901,2
32902,2
32903,5
32904,2
32905,2
32906,2
32907,4
32908,4
32909,1
32910,1
32911,2
32912,3
32913,4
32914,3
32915,3
32916,2
32917,3
32918,4
32919,1
32920,1
32921,1
32922,6
32923,2
32924,3
32925,3
32926,1
32927,4
32928,4
32929,1
32930,4
32931,4
32932,3
32933,2
32934,2
32935,1
32936,5
32937,2
32938,4
32939,2
32940,5
32941,6
32942,2
32943,3
32944,3
32945,3
32946,3
32947,4
32948,3
32949,2
32950,1
32951,2
32952,2
32953,2
32954,4
32955,4
32956,3
32957,1
32958,1
32959,1
32960,3
32961,2
32962,1
32963,3
32964,2
32965,1
32966,1
32967,1
32968,2
32969,4
32970,3
32971,4
32972,2
32973,2
32974,3
32975,2
32976,2
32977,4
32978,6
32979,1
32980,1
32981,2
32982,3
32983,1
32984,1
32985,2
32986,3
32987,1
32988,5
32989,2
32990,2
32991,4
32992,1
32993,1
32994,2
32995,3
32996,2
32997,2
32998,4
32999,2
33000,3
33001,3
33002,2
33003,1
33004,5
33005,2
33006,2
33007,3
33008,1
33009,1
33010,3
33011,1
33012,2
33013,5
33014,1
33015,1
33016,1
33017,1
33018,2
33019,1
33020,5
33021,3
33022,5
33023,4
33024,2
33025,1
33026,3
33027,1
33028,1
33029,2
33030,2
33031,2
33032,3
33033,3
33034,3
33035,3
33036,1
33037,4
33038,3
33039,3
33040,2
33041,1
33042,1
33043,2
33044,2
33045,1
33046,3
33047,3
33048,1
33049,1
33050,2
33051,5
33052,2
33053,1
33054,2
33055,2
33056,3
33057,1
33058,2
33059,1
33060,6
33061,3
33062,3
33063,1
33064,1
33065,3
33066,3
33067,5
33068,2
33069,2
33070,6
33071,1
33072,2
33073,2
33074,1
33075,4
33076,1
33077,1
33078,5
33079,4
33080,2
33081,1
33082,3
33083,4
33084,5
33085,2
33086,2
33087,2
33088,1
33089,5
33090,3
33091,7
33092,3
33093,4
33094,1
33095,1
33096,3
33097,1
33098,1
33099,6
33100,2
33101,3
33102,1
33103,2
33104,1
33105,3
33106,2
33107,2
33108,3
33109,3
33110,3
33111,2
33112,1
33113,2
33114,2
33115,1
33116,2
33117,3
33118,2
33119,4
33120,3
33121,3
33122,2
33123,1
33124,2
33125,1
33126,2
33127,1
33128,3
33129,2
33130,2
33131,2
33132,1
33133,2
33134,2
33135,2
33136,2
33137,5
33138,4
33139,1
33140,2
33141,3
33142,4
33143,4
33144,3
33145,3
33146,5
33147,1
33148,3
33149,2
33150,3
33151,1
33152,3
33153,2
33154,2
33155,1
33156,4
33157,4
33158,7
33159,6
33160,3
33161,3
33162,3
33163,3
33164,4
33165,2
33166,4
33167,2
33168,1
33169,2
33170,4
33171,2
33172,2
33173,3
33174,3
33175,1
33176,2
33177,3
33178,6
33179,1
33180,4
33181,1
33182,1
33183,2
33184,1
33185,2
33186,4
33187,2
33188,1
33189,1
33190,2
33191,2
33192,2
33193,4
33194,5
33195,1
33196,2
33197,3
33198,3
33199,4
33200,2
33201,1
33202,2
33203,6
33204,3
33205,2
33206,3
33207,1
33208,3
33209,1
33210,4
33211,3
33212,2
33213,3
33214,3
33215,5
33216,4
33217,2
33218,2
33219,3
33220,6
33221,5
33222,2
33223,2
33224,2
33225,1
33226,1
33227,4
33228,1
33229,1
33230,2
33231,3
33232,3
33233,3
33234,2
33235,1
33236,1
33237,1
33238,3
33239,3
33240,1
33241,2
33242,1
33243,8
33244,1
33245,1
33246,2
33247,4
33248,2
33249,5
33250,3
33251,3
33252,1
33253,1
33254,3
33255,3
33256,4
33257,4
33258,3
33259,4
33260,3
33261,2
33262,4
33263,1
33264,2
33265,2
33266,2
33267,3
33268,1
33269,1
33270,1
33271,4
33272,1
33273,2
33274,2
33275,3
33276,1
33277,2
33278,2
33279,2
33280,2
33281,1
33282,2
33283,3
33284,1
33285,2
33286,1
33287,3
33288,5
33289,1
33290,4
33291,1
33292,3
33293,4
33294,2
33295,3
33296,4
33297,1
33298,2
33299,3
33300,2
33301,2
33302,2
33303,1
33304,2
33305,2
33306,2
33307,3
33308,1
33309,6
33310,4
33311,4
33312,4
33313,2
33314,2
33315,3
33316,3
33317,4
33318,4
33319,1
33320,5
33321,3
33322,3
33323,1
33324,3
33325,3
33326,4
33327,3
33328,2
33329,1
33330,3
33331,3
33332,3
33333,1
33334,3
33335,3
33336,2
33337,2
33338,2
33339,1
33340,1
33341,2
33342,3
33343,2
33344,4
33345,1
33346,3
33347,6
33348,2
33349,4
33350,1
33351,6
33352,3
33353,1
33354,1
33355,6
33356,3
33357,1
33358,3
33359,3
33360,1
33361,1
33362,4
33363,4
33364,1
33365,3
33366,3
33367,1
33368,2
33369,3
33370,1
33371,4
33372,2
33373,2
33374,3
33375,1
33376,3
33377,1
33378,4
33379,2
33380,5
33381,2
33382,3
33383,4
33384,2
33385,1
33386,3
33387,1
33388,1
33389,3
33390,2
33391,2
33392,1
33393,3
33394,3
33395,2
33396,3
33397,1
33398,1
33399,2
33400,1
33401,2
33402,2
33403,3
33404,5
33405,3
33406,1
33407,3
33408,2
33409,2
33410,1
33411,2
33412,2
33413,2
33414,2
33415,2
33416,2
33417,3
33418,2
33419,2
33420,4
33421,1
33422,4
33423,2
33424,2
33425,1
33426,2
33427,2
33428,1
33429,2
33430,2
33431,2
33432,1
33433,3
33434,4
33435,2
33436,3
33437,1
33438,1
33439,2
33440,3
33441,1
33442,3
33443,3
33444,2
33445,1
33446,3
33447,1
33448,2
33449,4
33450,3
33451,1
33452,3
33453,2
33454,4
33455,1
33456,4
33457,1
33458,1
33459,2
33460,3
33461,1
33462,4
33463,4
33464,2
33465,4
33466,1
33467,1
33468,1
33469,1
33470,2
33471,2
33472,1
33473,5
33474,1
33475,4
33476,4
33477,2
33478,2
33479,2
33480,4
33481,5
33482,1
33483,4
33484,2
33485,1
33486,3
33487,3
33488,2
33489,3
33490,2
33491,1
33492,1
33493,7
33494,2
33495,7
33496,2
33497,4
33498,5
33499,1
33500,2
33501,4
33502,4
33503,2
33504,3
33505,2
33506,4
33507,2
33508,1
33509,1
33510,4
33511,1
33512,3
33513,1
33514,2
33515,5
33516,3
33517,1
33518,4
33519,3
33520,3
33521,3
33522,1
33523,6
33524,2
33525,1
33526,4
33527,5
33528,2
33529,1
33530,3
33531,1
33532,1
33533,2
33534,1
33535,3
33536,1
33537,2
33538,4
33539,2
33540,2
33541,2
33542,1
33543,3
33544,2
33545,2
33546,3
33547,3
33548,3
33549,3
33550,2
33551,2
33552,2
33553,1
33554,2
33555,3
33556,4
33557,1
33558,4
33559,5
33560,4
33561,3
33562,1
33563,2
33564,5
33565,2
33566,4
33567,1
33568,3
33569,1
33570,2
33571,2
33572,1
33573,2
33574,3
33575,5
33576,2
33577,2
33578,3
33579,2
33580,4
33581,2
33582,1
33583,1
33584,5
33585,2
33586,1
33587,3
33588,1
33589,2
33590,2
33591,1
33592,5
33593,3
33594,3
33595,1
33596,2
33597,4
33598,1
33599,1
33600,3
33601,3
33602,3
33603,1
33604,1
33605,3
33606,2
33607,3
33608,4
33609,2
33610,1
33611,1
33612,1
33613,2
33614,2
33615,3
33616,1
33617,1
33618,4
33619,2
33620,2
33621,1
33622,2
33623,1
33624,1
33625,3
33626,2
33627,3
33628,1
33629,2
33630,2
33631,2
33632,2
33633,1
33634,2
33635,3
33636,3
33637,3
33638,1
33639,3
33640,3
33641,2
33642,3
33643,1
33644,1
33645,1
33646,3
33647,1
33648,1
33649,2
33650,3
33651,4
33652,4
33653,2
33654,1
33655,6
33656,1
33657,3
33658,3
33659,3
33660,1
33661,1
33662,4
33663,3
33664,4
33665,1
33666,1
33667,1
33668,3
33669,2
33670,2
33671,1
33672,2
33673,5
33674,2
33675,1
33676,4
33677,3
33678,3
33679,2
33680,5
33681,4
33682,3
33683,3
33684,1
33685,4
33686,1
33687,3
33688,1
33689,3
33690,1
33691,2
33692,4
33693,3
33694,2
33695,1
33696,3
33697,3
33698,2
33699,2
33700,5
33701,2
33702,4
33703,2
33704,1
33705,1
33706,2
33707,1
33708,1
33709,2
33710,1
33711,4
33712,2
33713,1
33714,2
33715,7
33716,2
33717,4
33718,2
33719,2
33720,4
33721,1
33722,3
33723,1
33724,2
33725,2
33726,5
33727,1
33728,6
33729,3
33730,2
33731,2
33732,4
33733,2
33734,5
33735,2
33736,2
33737,3
33738,2
33739,3
33740,1
33741,3
33742,3
33743,2
33744,3
33745,2
33746,1
33747,2
33748,2
33749,2
33750,3
33751,2
33752,2
33753,3
33754,4
33755,4
33756,5
33757,4
33758,2
33759,1
33760,6
33761,1
33762,2
33763,1
33764,4
33765,1
33766,2
33767,5
33768,1
33769,1
33770,3
33771,2
33772,3
33773,2
33774,1
33775,2
33776,4
33777,2
33778,3
33779,1
33780,3
33781,3
33782,4
33783,1
33784,2
33785,1
33786,1
33787,1
33788,3
33789,4
33790,1
33791,4
33792,6
33793,1
33794,2
33795,6
33796,1
33797,3
33798,5
33799,1
33800,4
33801,2
33802,5
33803,3
33804,4
33805,2
33806,2
33807,2
33808,4
33809,1
33810,2
33811,2
33812,3
33813,2
33814,2
33815,1
33816,1
33817,1
33818,3
33819,5
33820,5
33821,4
33822,3
33823,4
33824,2
33825,2
33826,3
33827,1
33828,1
33829,3
33830,4
33831,1
33832,3
33833,4
33834,1
33835,3
33836,5
33837,4
33838,3
33839,3
33840,5
33841,5
33842,3
33843,2
33844,3
33845,2
33846,1
33847,3
33848,1
33849,2
33850,4
33851,2
33852,4
33853,2
33854,6
33855,3
33856,2
33857,2
33858,1
33859,7
33860,2
33861,4
33862,2
33863,1
33864,4
33865,1
33866,2
33867,1
33868,2
33869,2
33870,2
33871,1
33872,2
33873,2
33874,6
33875,1
33876,3
33877,3
33878,1
33879,3
33880,1
33881,1
33882,1
33883,2
33884,2
33885,3
33886,4
33887,1
33888,1
33889,1
33890,4
33891,3
33892,5
33893,2
33894,1
33895,5
33896,1
33897,2
33898,2
33899,2
33900,1
33901,4
33902,3
33903,4
33904,1
33905,4
33906,3
33907,2
33908,3
33909,5
33910,2
33911,5
33912,2
33913,1
33914,2
33915,1
33916,2
33917,3
33918,2
33919,2
33920,2
33921,2
33922,4
33923,5
33924,6
33925,3
33926,2
33927,3
33928,1
33929,2
33930,2
33931,2
33932,2
33933,2
33934,4
33935,3
33936,1
33937,5
33938,4
33939,2
33940,2
33941,2
33942,2
33943,1
33944,2
33945,4
33946,3
33947,2
33948,3
33949,3
33950,3
33951,1
33952,3
33953,2
33954,3
33955,4
33956,2
33957,3
33958,2
33959,4
33960,2
33961,2
33962,1
33963,4
33964,4
33965,4
33966,2
33967,2
33968,1
33969,2
33970,1
33971,3
33972,4
33973,1
33974,6
33975,1
33976,4
33977,3
33978,1
33979,2
33980,1
33981,4
33982,3
33983,2
33984,3
33985,1
33986,2
33987,3
33988,2
33989,4
33990,3
33991,4
33992,2
33993,4
33994,2
33995,1
33996,1
33997,1
33998,2
33999,3
34000,1
34001,2
34002,1
34003,1
34004,1
34005,5
34006,4
34007,4
34008,2
34009,3
34010,1
34011,1
34012,2
34013,2
34014,1
34015,1
34016,2
34017,1
34018,3
34019,3
34020,1
34021,3
34022,2
34023,2
34024,3
34025,4
34026,1
34027,1
34028,1
34029,3
34030,3
34031,2
34032,1
34033,2
34034,5
34035,3
34036,2
34037,1
34038,4
34039,4
34040,3
34041,4
34042,3
34043,5
34044,2
34045,3
34046,1
34047,1
34048,2
34049,2
34050,4
34051,2
34052,1
34053,2
34054,1
34055,3
34056,1
34057,1
34058,6
34059,5
34060,6
34061,2
34062,1
34063,1
34064,3
34065,5
34066,5
34067,1
34068,1
34069,2
34070,2
34071,1
34072,2
34073,1
34074,2
34075,4
34076,4
34077,1
34078,2
34079,2
34080,2
34081,2
34082,3
34083,4
34084,2
34085,2
34086,3
34087,2
34088,1
34089,1
34090,5
34091,1
34092,1
34093,3
34094,3
34095,1
34096,1
34097,2
34098,4
34099,1
34100,2
34101,6
34102,1
34103,1
34104,5
34105,1
34106,3
34107,1
34108,4
34109,1
34110,2
34111,4
34112,4
34113,4
34114,2
34115,2
34116,1
34117,2
34118,4
34119,2
34120,3
34121,6
34122,1
34123,1
34124,1
34125,2
34126,1
34127,3
34128,5
34129,1
34130,4
34131,4
34132,2
34133,2
34134,1
34135,3
34136,1
34137,4
34138,2
34139,1
34140,1
34141,2
34142,2
34143,2
34144,4
34145,1
34146,2
34147,1
34148,1
34149,4
34150,2
34151,1
34152,2
34153,3
34154,2
34155,2
34156,3
34157,2
34158,1
34159,2
34160,2
34161,2
34162,3
34163,6
34164,2
34165,1
34166,6
34167,2
34168,3
34169,2
34170,4
34171,4
34172,2
34173,1
34174,2
34175,2
34176,2
34177,2
34178,1
34179,2
34180,2
34181,3
34182,2
34183,2
34184,2
34185,3
34186,2
34187,1
34188,2
34189,2
34190,2
34191,2
34192,5
34193,1
34194,3
34195,2
34196,1
34197,2
34198,2
34199,1
34200,3
34201,2
34202,3
34203,1
34204,5
34205,1
34206,1
34207,2
34208,1
34209,2
34210,2
34211,4
34212,2
34213,1
34214,3
34215,2
34216,2
34217,5
34218,2
34219,2
34220,2
34221,3
34222,1
34223,1
34224,2
34225,2
34226,7
34227,3
34228,2
34229,3
34230,3
34231,1
34232,5
34233,3
34234,4
34235,3
34236,1
34237,5
34238,2
34239,3
34240,3
34241,2
34242,2
34243,3
34244,1
34245,2
34246,6
34247,4
34248,1
34249,5
34250,1
34251,1
34252,1
34253,7
34254,2
34255,3
34256,2
34257,2
34258,2
34259,3
34260,2
34261,1
34262,2
34263,3
34264,3
34265,2
34266,2
34267,2
34268,1
34269,2
34270,1
34271,2
34272,4
34273,3
34274,4
34275,3
34276,1
34277,5
34278,3
34279,4
34280,1
34281,2
34282,2
34283,2
34284,1
34285,5
34286,3
34287,2
34288,3
34289,1
34290,1
34291,7
34292,1
34293,1
34294,4
34295,4
34296,2
34297,4
34298,1
34299,2
34300,2
34301,2
34302,1
34303,3
34304,2
34305,4
34306,1
34307,4
34308,2
34309,2
34310,1
34311,1
34312,1
34313,2
34314,1
34315,4
34316,1
34317,1
34318,4
34319,2
34320,2
34321,2
34322,3
34323,2
34324,3
34325,8
34326,3
34327,2
34328,3
34329,2
34330,1
34331,4
34332,3
34333,4
34334,2
34335,2
34336,1
34337,2
34338,6
34339,5
34340,1
34341,2
34342,3
34343,2
34344,5
34345,1
34346,2
34347,4
34348,3
34349,2
34350,2
34351,1
34352,4
34353,4
34354,3
34355,1
34356,1
34357,1
34358,5
34359,4
34360,1
34361,4
34362,3
34363,2
34364,5
34365,3
34366,3
34367,1
34368,2
34369,3
34370,1
34371,2
34372,2
34373,1
34374,1
34375,3
34376,2
34377,3
34378,1
34379,1
34380,2
34381,3
34382,1
34383,2
34384,3
34385,1
34386,4
34387,1
34388,1
34389,2
34390,4
34391,6
34392,3
34393,3
34394,2
34395,2
34396,2
34397,2
34398,4
34399,5
34400,3
34401,3
34402,4
34403,2
34404,3
34405,4
34406,1
34407,3
34408,3
34409,4
34410,4
34411,4
34412,2
34413,5
34414,1
34415,1
34416,4
34417,2
34418,2
34419,4
34420,1
34421,4
34422,4
34423,1
34424,2
34425,4
34426,2
34427,4
34428,4
34429,5
34430,1
34431,4
34432,1
34433,2
34434,1
34435,2
34436,6
34437,2
34438,3
34439,3
34440,2
34441,5
34442,2
34443,4
34444,1
34445,3
34446,1
34447,3
34448,1
34449,1
34450,2
34451,2
34452,2
34453,1
34454,1
34455,2
34456,1
34457,1
34458,4
34459,1
34460,2
34461,2
34462,2
34463,1
34464,1
34465,2
34466,2
34467,1
34468,2
34469,3
34470,3
34471,2
34472,3
34473,1
34474,3
34475,4
34476,2
34477,3
34478,2
34479,2
34480,1
34481,1
34482,2
34483,5
34484,4
34485,4
34486,3
34487,3
34488,2
34489,4
34490,4
34491,3
34492,2
34493,2
34494,1
34495,3
34496,2
34497,3
34498,2
34499,1
34500,2
34501,3
34502,4
34503,7
34504,2
34505,6
34506,1
34507,1
34508,6
34509,6
34510,5
34511,1
34512,5
34513,1
34514,2
34515,2
34516,5
34517,1
34518,2
34519,1
34520,1
34521,4
34522,2
34523,3
34524,2
34525,3
34526,1
34527,4
34528,2
34529,4
34530,3
34531,2
34532,1
34533,4
34534,2
34535,4
34536,3
34537,4
34538,4
34539,2
34540,4
34541,2
34542,1
34543,3
34544,2
34545,1
34546,2
34547,3
34548,1
34549,3
34550,1
34551,1
34552,1
34553,3
34554,1
34555,2
34556,1
34557,1
34558,1
34559,1
34560,3
34561,3
34562,2
34563,1
34564,1
34565,3
34566,2
34567,4
34568,2
34569,2
34570,2
34571,1
34572,2
34573,4
34574,6
34575,3
34576,4
34577,3
34578,2
34579,3
34580,2
34581,3
34582,2
34583,5
34584,3
34585,4
34586,2
34587,1
34588,3
34589,5
34590,1
34591,1
34592,4
34593,2
34594,1
34595,3
34596,2
34597,1
34598,1
34599,1
34600,3
34601,2
34602,2
34603,1
34604,3
34605,2
34606,3
34607,1
34608,2
34609,2
34610,3
34611,2
34612,1
34613,1
34614,7
34615,4
34616,4
34617,3
34618,2
34619,1
34620,5
34621,6
34622,1
34623,1
34624,3
34625,4
34626,2
34627,2
34628,3
34629,2
34630,2
34631,1
34632,2
34633,3
34634,2
34635,4
34636,2
34637,4
34638,3
34639,3
34640,3
34641,1
34642,1
34643,2
34644,3
34645,2
34646,3
34647,4
34648,2
34649,3
34650,4
34651,2
34652,4
34653,2
34654,2
34655,4
34656,5
34657,3
34658,2
34659,3
34660,1
34661,3
34662,3
34663,2
34664,4
34665,3
34666,5
34667,1
34668,2
34669,1
34670,2
34671,2
34672,2
34673,3
34674,2
34675,1
34676,1
34677,1
34678,5
34679,2
34680,1
34681,7
34682,2
34683,5
34684,1
34685,2
34686,1
34687,3
34688,2
34689,2
34690,2
34691,1
34692,1
34693,6
34694,2
34695,4
34696,3
34697,3
34698,3
34699,2
34700,2
34701,3
34702,4
34703,3
34704,5
34705,4
34706,3
34707,1
34708,1
34709,2
34710,2
34711,3
34712,3
34713,2
34714,2
34715,4
34716,1
34717,3
34718,4
34719,2
34720,1
34721,2
34722,5
34723,1
34724,4
34725,2
34726,2
34727,3
34728,2
34729,4
34730,3
34731,1
34732,1
34733,6
34734,6
34735,4
34736,2
34737,2
34738,3
34739,3
34740,2
34741,2
34742,2
34743,1
34744,5
34745,4
34746,5
34747,4
34748,2
34749,1
34750,5
34751,2
34752,2
34753,1
34754,2
34755,4
34756,3
34757,2
34758,2
34759,3
34760,5
34761,1
34762,2
34763,2
34764,1
34765,2
34766,4
34767,4
34768,6
34769,1
34770,1
34771,2
34772,1
34773,6
34774,3
34775,1
34776,2
34777,4
34778,1
34779,3
34780,1
34781,3
34782,2
34783,1
34784,1
34785,3
34786,3
34787,1
34788,2
34789,3
34790,2
34791,3
34792,4
34793,2
34794,2
34795,2
34796,2
34797,2
34798,3
34799,1
34800,2
34801,1
34802,3
34803,4
34804,2
34805,6
34806,2
34807,5
34808,2
34809,4
34810,4
34811,3
34812,3
34813,2
34814,2
34815,2
34816,5
34817,2
34818,4
34819,2
34820,3
34821,4
34822,1
34823,2
34824,4
34825,1
34826,1
34827,3
34828,2
34829,2
34830,1
34831,1
34832,1
34833,2
34834,3
34835,1
34836,2
34837,2
34838,2
34839,6
34840,5
34841,1
34842,2
34843,1
34844,3
34845,3
34846,5
34847,3
34848,3
34849,1
34850,2
34851,3
34852,2
34853,1
34854,2
34855,3
34856,2
34857,2
34858,2
34859,3
34860,3
34861,1
34862,2
34863,1
34864,2
34865,2
34866,1
34867,1
34868,4
34869,2
34870,3
34871,2
34872,4
34873,2
34874,2
34875,3
34876,4
34877,3
34878,3
34879,2
34880,1
34881,2
34882,2
34883,3
34884,2
34885,3
34886,1
34887,3
34888,3
34889,2
34890,1
34891,2
34892,4
34893,4
34894,3
34895,3
34896,2
34897,1
34898,2
34899,3
34900,1
34901,1
34902,3
34903,1
34904,2
34905,2
34906,1
34907,2
34908,2
34909,4
34910,2
34911,2
34912,1
34913,1
34914,1
34915,1
34916,1
34917,3
34918,5
34919,2
34920,1
34921,2
34922,2
34923,1
34924,2
34925,1
34926,2
34927,5
34928,3
34929,2
34930,4
34931,1
34932,2
34933,3
34934,1
34935,3
34936,3
34937,3
34938,1
34939,4
34940,3
34941,1
34942,3
34943,2
34944,3
34945,3
34946,2
34947,2
34948,1
34949,3
34950,1
34951,1
34952,4
34953,4
34954,3
34955,2
34956,2
34957,3
34958,1
34959,3
34960,3
34961,5
34962,3
34963,3
34964,4
34965,4
34966,1
34967,2
34968,2
34969,3
34970,1
34971,2
34972,1
34973,1
34974,6
34975,1
34976,1
34977,2
34978,3
34979,4
34980,3
34981,3
34982,3
34983,2
34984,3
34985,4
34986,1
34987,1
34988,3
34989,2
34990,3
34991,1
34992,1
34993,3
34994,1
34995,1
34996,2
34997,1
34998,3
34999,3
35000,2
35001,1
35002,4
35003,5
35004,3
35005,1
35006,1
35007,2
35008,3
35009,2
35010,1
35011,3
35012,1
35013,1
35014,2
35015,2
35016,4
35017,3
35018,4
35019,2
35020,3
35021,2
35022,2
35023,3
35024,2
35025,1
35026,2
35027,4
35028,1
35029,4
35030,4
35031,2
35032,1
35033,2
35034,3
35035,2
35036,2
35037,1
35038,5
35039,1
35040,3
35041,4
35042,4
35043,2
35044,3
35045,2
35046,2
35047,2
35048,2
35049,1
35050,2
35051,2
35052,3
35053,2
35054,3
35055,2
35056,2
35057,2
35058,1
35059,1
35060,2
35061,1
35062,4
35063,7
35064,2
35065,2
35066,2
35067,1
35068,2
35069,1
35070,2
35071,5
35072,2
35073,1
35074,3
35075,1
35076,5
35077,5
35078,1
35079,4
35080,1
35081,4
35082,2
35083,1
35084,2
35085,4
35086,3
35087,3
35088,2
35089,1
35090,3
35091,2
35092,1
35093,3
35094,1
35095,2
35096,2
35097,2
35098,5
35099,7
35100,2
35101,3
35102,2
35103,3
35104,1
35105,2
35106,1
35107,4
35108,5
35109,2
35110,1
35111,4
35112,3
35113,3
35114,3
35115,3
35116,1
35117,4
35118,5
35119,4
35120,1
35121,1
35122,1
35123,1
35124,1
35125,2
35126,2
35127,2
35128,2
35129,4
35130,1
35131,3
35132,2
35133,1
35134,1
35135,2
35136,2
35137,1
35138,5
35139,7
35140,4
35141,2
35142,4
35143,1
35144,2
35145,1
35146,3
35147,1
35148,2
35149,3
35150,2
35151,2
35152,3
35153,1
35154,2
35155,2
35156,2
35157,1
35158,2
35159,4
35160,2
35161,3
35162,2
35163,2
35164,1
35165,2
35166,2
35167,1
35168,2
35169,4
35170,3
35171,4
35172,4
35173,2
35174,1
35175,1
35176,4
35177,2
35178,3
35179,3
35180,2
35181,3
35182,1
35183,2
35184,2
35185,3
35186,1
35187,4
35188,2
35189,1
35190,2
35191,1
35192,3
35193,4
35194,2
35195,5
35196,2
35197,3
35198,5
35199,3
35200,1
35201,3
35202,3
35203,4
35204,2
35205,2
35206,1
35207,1
35208,4
35209,5
35210,3
35211,4
35212,1
35213,1
35214,3
35215,6
35216,1
35217,3
35218,2
35219,1
35220,3
35221,5
35222,3
35223,2
35224,5
35225,1
35226,3
35227,1
35228,5
35229,1
35230,4
35231,3
35232,2
35233,3
35234,1
35235,3
35236,2
35237,4
35238,2
35239,3
35240,3
35241,2
35242,1
35243,1
35244,2
35245,3
35246,1
35247,2
35248,3
35249,1
35250,4
35251,2
35252,4
35253,4
35254,3
35255,2
35256,2
35257,2
35258,1
35259,2
35260,2
35261,1
35262,1
35263,2
35264,2
35265,1
35266,1
35267,2
35268,3
35269,2
35270,1
35271,1
35272,2
35273,2
35274,1
35275,1
35276,2
35277,6
35278,2
35279,1
35280,1
35281,1
35282,3
35283,1
35284,1
35285,5
35286,2
35287,3
35288,5
35289,3
35290,2
35291,3
35292,2
35293,2
35294,3
35295,4
35296,2
35297,4
35298,4
35299,3
35300,4
35301,1
35302,1
35303,1
35304,4
35305,2
35306,1
35307,2
35308,1
35309,3
35310,3
35311,2
35312,3
35313,3
35314,2
35315,1
35316,2
35317,2
35318,1
35319,5
35320,5
35321,4
35322,1
35323,1
35324,8
35325,2
35326,3
35327,1
35328,2
35329,4
35330,3
35331,3
35332,1
35333,3
35334,3
35335,4
35336,3
35337,2
35338,3
35339,2
35340,2
35341,2
35342,1
35343,2
35344,4
35345,2
35346,1
35347,1
35348,2
35349,3
35350,1
35351,3
35352,3
35353,2
35354,2
35355,3
35356,1
35357,1
35358,1
35359,2
35360,2
35361,3
35362,2
35363,1
35364,4
35365,2
35366,1
35367,3
35368,1
35369,2
35370,3
35371,1
35372,3
35373,2
35374,3
35375,3
35376,1
35377,1
35378,6
35379,2
35380,2
35381,3
35382,1
35383,3
35384,1
35385,4
35386,2
35387,2
35388,2
35389,1
35390,3
35391,1
35392,4
35393,1
35394,2
35395,2
35396,2
35397,2
35398,4
35399,1
35400,2
35401,1
35402,2
35403,1
35404,2
35405,3
35406,4
35407,2
35408,4
35409,1
35410,2
35411,2
35412,3
35413,6
35414,2
35415,1
35416,1
35417,3
35418,3
35419,2
35420,2
35421,2
35422,3
35423,3
35424,2
35425,3
35426,2
35427,1
35428,1
35429,2
35430,2
35431,2
35432,1
35433,2
35434,2
35435,3
35436,4
35437,4
35438,2
35439,3
35440,2
35441,4
35442,2
35443,2
35444,2
35445,1
35446,2
35447,8
35448,2
35449,3
35450,3
35451,2
35452,3
35453,1
35454,3
35455,2
35456,3
35457,3
35458,5
35459,1
35460,2
35461,2
35462,2
35463,2
35464,1
35465,5
35466,1
35467,4
35468,1
35469,3
35470,3
35471,5
35472,2
35473,1
35474,4
35475,3
35476,1
35477,2
35478,2
35479,3
35480,3
35481,1
35482,4
35483,1
35484,2
35485,1
35486,1
35487,3
35488,2
35489,2
35490,2
35491,3
35492,4
35493,2
35494,1
35495,1
35496,3
35497,3
35498,1
35499,1
35500,4
35501,4
35502,1
35503,2
35504,2
35505,1
35506,4
35507,1
35508,2
35509,2
35510,2
35511,1
35512,2
35513,2
35514,5
35515,3
35516,2
35517,2
35518,3
35519,6
35520,2
35521,2
35522,6
35523,2
35524,1
35525,1
35526,1
35527,7
35528,3
35529,2
35530,1
35531,3
35532,3
35533,2
35534,3
35535,3
35536,1
35537,1
35538,3
35539,3
35540,2
35541,1
35542,2
35543,2
35544,3
35545,3
35546,4
35547,2
35548,1
35549,4
35550,4
35551,1
35552,4
35553,1
35554,3
35555,2
35556,5
35557,2
35558,1
35559,3
35560,3
35561,1
35562,2
35563,5
35564,1
35565,1
35566,1
35567,1
35568,4
35569,2
35570,2
35571,2
35572,2
35573,2
35574,6
35575,6
35576,3
35577,5
35578,2
35579,3
35580,2
35581,3
35582,3
35583,2
35584,2
35585,1
35586,1
35587,2
35588,3
35589,2
35590,3
35591,4
35592,1
35593,4
35594,3
35595,3
35596,2
35597,2
35598,2
35599,3
35600,2
35601,1
35602,2
35603,1
35604,2
35605,3
35606,2
35607,1
35608,1
35609,1
35610,1
35611,4
35612,1
35613,2
35614,3
35615,3
35616,1
35617,3
35618,1
35619,2
35620,3
35621,2
35622,7
35623,2
35624,1
35625,3
35626,1
35627,4
35628,2
35629,2
35630,1
35631,4
35632,3
35633,2
35634,2
35635,4
35636,1
35637,3
35638,5
35639,3
35640,2
35641,4
35642,2
35643,1
35644,6
35645,4
35646,1
35647,2
35648,1
35649,3
35650,2
35651,2
35652,6
35653,3
35654,2
35655,3
35656,2
35657,1
35658,3
35659,2
35660,1
35661,1
35662,2
35663,3
35664,1
35665,1
35666,2
35667,5
35668,3
35669,5
35670,3
35671,1
35672,3
35673,5
35674,3
35675,5
35676,1
35677,1
35678,5
35679,2
35680,2
35681,3
35682,2
35683,1
35684,6
35685,4
35686,3
35687,4
35688,4
35689,2
35690,1
35691,1
35692,1
35693,2
35694,1
35695,2
35696,3
35697,1
35698,4
35699,2
35700,3
35701,3
35702,1
35703,5
35704,3
35705,1
35706,3
35707,3
35708,3
35709,3
35710,4
35711,4
35712,2
35713,2
35714,3
35715,2
35716,1
35717,5
35718,4
35719,2
35720,1
35721,6
35722,3
35723,2
35724,1
35725,5
35726,5
35727,3
35728,1
35729,5
35730,4
35731,3
35732,2
35733,2
35734,2
35735,2
35736,1
35737,5
35738,2
35739,2
35740,3
35741,3
35742,3
35743,4
35744,1
35745,1
35746,2
35747,3
35748,1
35749,1
35750,1
35751,2
35752,4
35753,1
35754,2
35755,3
35756,1
35757,2
35758,1
35759,2
35760,3
35761,3
35762,1
35763,2
35764,1
35765,4
35766,2
35767,2
35768,2
35769,2
35770,5
35771,1
35772,2
35773,4
35774,2
35775,4
35776,3
35777,1
35778,2
35779,2
35780,2
35781,3
35782,3
35783,1
35784,2
35785,3
35786,5
35787,3
35788,2
35789,3
35790,1
35791,3
35792,1
35793,1
35794,2
35795,2
35796,4
35797,1
35798,4
35799,1
35800,5
35801,1
35802,3
35803,2
35804,3
35805,6
35806,5
35807,1
35808,2
35809,1
35810,5
35811,1
35812,4
35813,1
35814,2
35815,2
35816,2
35817,6
35818,4
35819,1
35820,2
35821,4
35822,4
35823,2
35824,2
35825,3
35826,2
35827,2
35828,1
35829,2
35830,2
35831,3
35832,4
35833,3
35834,2
35835,2
35836,2
35837,2
35838,1
35839,1
35840,2
35841,3
35842,5
35843,2
35844,1
35845,3
35846,1
35847,2
35848,2
35849,3
35850,1
35851,4
35852,4
35853,2
35854,3
35855,3
35856,4
35857,1
35858,1
35859,2
35860,1
35861,3
35862,2
35863,3
35864,3
35865,2
35866,2
35867,3
35868,4
35869,7
35870,6
35871,2
35872,3
35873,2
35874,3
35875,1
35876,1
35877,2
35878,1
35879,6
35880,6
35881,2
35882,2
35883,1
35884,2
35885,1
35886,3
35887,1
35888,2
35889,3
35890,3
35891,1
35892,2
35893,3
35894,2
35895,3
35896,4
35897,2
35898,2
35899,6
35900,3
35901,2
35902,1
35903,1
35904,3
35905,3
35906,2
35907,1
35908,7
35909,1
35910,5
35911,1
35912,3
35913,7
35914,2
35915,2
35916,1
35917,5
35918,3
35919,3
35920,2
35921,4
35922,4
35923,2
35924,2
35925,3
35926,5
35927,4
35928,3
35929,3
35930,3
35931,2
35932,4
35933,3
35934,3
35935,3
35936,2
35937,1
35938,5
35939,2
35940,3
35941,2
35942,3
35943,1
35944,1
35945,3
35946,2
35947,3
35948,3
35949,1
35950,2
35951,2
35952,2
35953,2
35954,4
35955,2
35956,3
35957,2
35958,2
35959,1
35960,4
35961,3
35962,2
35963,1
35964,2
35965,3
35966,1
35967,3
35968,1
35969,1
35970,4
35971,1
35972,1
35973,4
35974,2
35975,2
35976,4
35977,2
35978,2
35979,2
35980,2
35981,1
35982,3
35983,4
35984,2
35985,1
35986,2
35987,2
35988,3
35989,1
35990,5
35991,2
35992,2
35993,5
35994,3
35995,2
35996,4
35997,2
35998,1
35999,3
36000,2
36001,3
36002,1
36003,1
36004,3
36005,1
36006,2
36007,3
36008,2
36009,4
36010,4
36011,1
36012,3
36013,2
36014,1
36015,3
36016,6
36017,3
36018,1
36019,3
36020,2
36021,2
36022,1
36023,1
36024,4
36025,1
36026,6
36027,1
36028,2
36029,2
36030,1
36031,2
36032,3
36033,1
36034,4
36035,2
36036,2
36037,4
36038,4
36039,3
36040,1
36041,9
36042,3
36043,1
36044,1
36045,1
36046,1
36047,5
36048,1
36049,1
36050,2
36051,1
36052,1
36053,4
36054,3
36055,2
36056,4
36057,2
36058,2
36059,4
36060,1
36061,1
36062,1
36063,2
36064,2
36065,8
36066,3
36067,4
36068,2
36069,5
36070,6
36071,1
36072,1
36073,3
36074,1
36075,1
36076,1
36077,1
36078,2
36079,2
36080,2
36081,5
36082,3
36083,2
36084,2
36085,1
36086,4
36087,1
36088,4
36089,2
36090,1
36091,2
36092,3
36093,4
36094,2
36095,1
36096,3
36097,1
36098,1
36099,2
36100,1
36101,2
36102,3
36103,1
36104,2
36105,3
36106,4
36107,1
36108,4
36109,4
36110,3
36111,1
36112,2
36113,1
36114,1
36115,4
36116,4
36117,2
36118,3
36119,1
36120,2
36121,5
36122,3
36123,2
36124,3
36125,3
36126,2
36127,2
36128,1
36129,6
36130,2
36131,1
36132,2
36133,5
36134,3
36135,3
36136,1
36137,2
36138,3
36139,1
36140,2
36141,2
36142,3
36143,2
36144,1
36145,2
36146,3
36147,4
36148,3
36149,2
36150,2
36151,2
36152,1
36153,1
36154,4
36155,1
36156,1
36157,2
36158,1
36159,1
36160,6
36161,3
36162,2
36163,2
36164,4
36165,1
36166,2
36167,1
36168,3
36169,2
36170,1
36171,5
36172,2
36173,1
36174,1
36175,3
36176,1
36177,4
36178,4
36179,2
36180,3
36181,3
36182,3
36183,4
36184,1
36185,1
36186,4
36187,1
36188,4
36189,4
36190,3
36191,1
36192,1
36193,4
36194,2
36195,4
36196,1
36197,2
36198,2
36199,1
36200,5
36201,1
36202,2
36203,6
36204,3
36205,1
36206,3
36207,3
36208,3
36209,1
36210,3
36211,5
36212,1
36213,2
36214,1
36215,4
36216,2
36217,1
36218,2
36219,4
36220,3
36221,1
36222,2
36223,3
36224,1
36225,1
36226,5
36227,3
36228,2
36229,1
36230,3
36231,5
36232,1
36233,2
36234,5
36235,3
36236,4
36237,1
36238,3
36239,2
36240,1
36241,4
36242,2
36243,8
36244,1
36245,3
36246,2
36247,4
36248,6
36249,4
36250,2
36251,3
36252,4
36253,6
36254,5
36255,3
36256,1
36257,2
36258,3
36259,2
36260,2
36261,3
36262,2
36263,2
36264,2
36265,9
36266,2
36267,3
36268,3
36269,1
36270,5
36271,3
36272,3
36273,1
36274,5
36275,2
36276,1
36277,1
36278,1
36279,3
36280,3
36281,1
36282,1
36283,2
36284,3
36285,3
36286,1
36287,2
36288,4
36289,2
36290,2
36291,3
36292,4
36293,1
36294,1
36295,2
36296,1
36297,1
36298,7
36299,2
36300,2
36301,2
36302,3
36303,2
36304,3
36305,4
36306,1
36307,3
36308,3
36309,2
36310,3
36311,3
36312,4
36313,3
36314,7
36315,4
36316,3
36317,4
36318,4
36319,3
36320,2
36321,2
36322,3
36323,1
36324,5
36325,2
36326,4
36327,2
36328,2
36329,2
36330,1
36331,1
36332,2
36333,2
36334,3
36335,2
36336,3
36337,4
36338,2
36339,6
36340,2
36341,6
36342,3
36343,2
36344,1
36345,2
36346,4
36347,3
36348,3
36349,4
36350,4
36351,2
36352,1
36353,6
36354,3
36355,2
36356,2
36357,3
36358,1
36359,3
36360,3
36361,1
36362,1
36363,1
36364,4
36365,4
36366,2
36367,2
36368,3
36369,5
36370,4
36371,3
36372,3
36373,3
36374,3
36375,2
36376,1
36377,2
36378,2
36379,1
36380,2
36381,2
36382,2
36383,4
36384,1
36385,3
36386,2
36387,3
36388,7
36389,3
36390,3
36391,1
36392,2
36393,1
36394,3
36395,1
36396,1
36397,4
36398,1
36399,2
36400,1
36401,5
36402,2
36403,2
36404,3
36405,4
36406,2
36407,2
36408,1
36409,3
36410,1
36411,4
36412,4
36413,2
36414,3
36415,6
36416,1
36417,5
36418,6
36419,1
36420,1
36421,4
36422,1
36423,2
36424,3
36425,1
36426,5
36427,3
36428,1
36429,1
36430,4
36431,2
36432,4
36433,2
36434,4
36435,1
36436,3
36437,2
36438,2
36439,1
36440,4
36441,1
36442,4
36443,4
36444,1
36445,3
36446,2
36447,1
36448,2
36449,4
36450,3
36451,2
36452,1
36453,3
36454,2
36455,1
36456,2
36457,3
36458,2
36459,2
36460,1
36461,2
36462,2
36463,1
36464,3
36465,2
36466,5
36467,2
36468,2
36469,2
36470,1
36471,3
36472,2
36473,5
36474,3
36475,2
36476,1
36477,1
36478,1
36479,2
36480,3
36481,1
36482,4
36483,1
36484,1
36485,1
36486,1
36487,2
36488,2
36489,2
36490,1
36491,3
36492,2
36493,3
36494,4
36495,1
36496,1
36497,3
36498,3
36499,4
36500,3
36501,3
36502,2
36503,6
36504,2
36505,3
36506,3
36507,7
36508,4
36509,3
36510,5
36511,2
36512,1
36513,3
36514,2
36515,2
36516,1
36517,2
36518,1
36519,3
36520,3
36521,1
36522,2
36523,3
36524,3
36525,2
36526,5
36527,2
36528,6
36529,1
36530,2
36531,3
36532,2
36533,1
36534,2
36535,3
36536,1
36537,1
36538,3
36539,3
36540,4
36541,2
36542,3
36543,1
36544,2
36545,3
36546,1
36547,2
36548,1
36549,7
36550,3
36551,6
36552,3
36553,3
36554,1
36555,2
36556,4
36557,3
36558,3
36559,2
36560,8
36561,4
36562,2
36563,1
36564,3
36565,4
36566,4
36567,2
36568,1
36569,2
36570,1
36571,3
36572,1
36573,1
36574,2
36575,2
36576,3
36577,3
36578,5
36579,4
36580,5
36581,2
36582,5
36583,2
36584,1
36585,2
36586,3
36587,1
36588,1
36589,2
36590,4
36591,1
36592,3
36593,2
36594,7
36595,1
36596,2
36597,1
36598,5
36599,2
36600,3
36601,1
36602,1
36603,5
36604,1
36605,1
36606,1
36607,3
36608,1
36609,4
36610,1
36611,4
36612,2
36613,2
36614,3
36615,1
36616,3
36617,2
36618,2
36619,3
36620,3
36621,3
36622,3
36623,4
36624,1
36625,5
36626,3
36627,2
36628,1
36629,5
36630,3
36631,2
36632,2
36633,1
36634,4
36635,2
36636,2
36637,3
36638,2
36639,3
36640,3
36641,5
36642,2
36643,4
36644,3
36645,1
36646,2
36647,2
36648,1
36649,5
36650,3
36651,4
36652,4
36653,1
36654,2
36655,4
36656,2
36657,3
36658,1
36659,2
36660,1
36661,1
36662,1
36663,1
36664,2
36665,3
36666,1
36667,4
36668,2
36669,1
36670,1
36671,3
36672,2
36673,3
36674,1
36675,1
36676,3
36677,1
36678,3
36679,1
36680,4
36681,2
36682,5
36683,4
36684,3
36685,1
36686,5
36687,1
36688,1
36689,3
36690,2
36691,2
36692,3
36693,2
36694,3
36695,5
36696,3
36697,2
36698,1
36699,2
36700,2
36701,1
36702,1
36703,1
36704,5
36705,2
36706,2
36707,3
36708,3
36709,3
36710,2
36711,5
36712,3
36713,4
36714,4
36715,2
36716,2
36717,1
36718,2
36719,4
36720,4
36721,3
36722,1
36723,1
36724,2
36725,2
36726,4
36727,1
36728,1
36729,1
36730,2
36731,2
36732,4
36733,3
36734,2
36735,1
36736,2
36737,4
36738,5
36739,2
36740,2
36741,5
36742,1
36743,3
36744,3
36745,1
36746,2
36747,1
36748,2
36749,2
36750,2
36751,2
36752,5
36753,3
36754,3
36755,4
36756,2
36757,4
36758,1
36759,2
36760,2
36761,3
36762,2
36763,2
36764,1
36765,3
36766,1
36767,2
36768,2
36769,3
36770,4
36771,2
36772,1
36773,1
36774,1
36775,3
36776,2
36777,2
36778,4
36779,4
36780,1
36781,2
36782,3
36783,2
36784,2
36785,4
36786,3
36787,2
36788,5
36789,3
36790,4
36791,4
36792,1
36793,2
36794,1
36795,1
36796,2
36797,2
36798,3
36799,1
36800,1
36801,1
36802,1
36803,1
36804,3
36805,2
36806,5
36807,3
36808,2
36809,3
36810,4
36811,3
36812,1
36813,3
36814,5
36815,2
36816,3
36817,1
36818,2
36819,4
36820,1
36821,1
36822,4
36823,5
36824,2
36825,1
36826,3
36827,4
36828,2
36829,2
36830,2
36831,4
36832,3
36833,6
36834,5
36835,5
36836,3
36837,2
36838,1
36839,1
36840,2
36841,5
36842,1
36843,1
36844,3
36845,5
36846,3
36847,1
36848,4
36849,2
36850,2
36851,2
36852,5
36853,6
36854,2
36855,2
36856,1
36857,1
36858,1
36859,4
36860,2
36861,1
36862,2
36863,4
36864,3
36865,1
36866,1
36867,4
36868,3
36869,1
36870,3
36871,1
36872,1
36873,2
36874,2
36875,1
36876,1
36877,4
36878,3
36879,3
36880,1
36881,1
36882,1
36883,3
36884,3
36885,2
36886,2
36887,2
36888,10
36889,4
36890,1
36891,5
36892,5
36893,2
36894,1
36895,1
36896,1
36897,3
36898,3
36899,5
36900,2
36901,2
36902,1
36903,2
36904,1
36905,3
36906,5
36907,1
36908,2
36909,4
36910,1
36911,1
36912,1
36913,3
36914,2
36915,2
36916,1
36917,1
36918,2
36919,3
36920,2
36921,1
36922,1
36923,4
36924,2
36925,4
36926,2
36927,5
36928,1
36929,3
36930,2
36931,1
36932,2
36933,2
36934,2
36935,1
36936,1
36937,4
36938,1
36939,3
36940,1
36941,3
36942,1
36943,1
36944,3
36945,5
36946,3
36947,1
36948,4
36949,2
36950,1
36951,5
36952,3
36953,2
36954,2
36955,4
36956,4
36957,3
36958,2
36959,1
36960,3
36961,1
36962,5
36963,2
36964,5
36965,4
36966,3
36967,2
36968,6
36969,1
36970,1
36971,4
36972,4
36973,7
36974,1
36975,2
36976,2
36977,1
36978,1
36979,3
36980,3
36981,1
36982,1
36983,4
36984,2
36985,2
36986,2
36987,3
36988,2
36989,1
36990,3
36991,4
36992,1
36993,4
36994,2
36995,3
36996,2
36997,3
36998,4
36999,1
37000,1
37001,2
37002,2
37003,2
37004,3
37005,2
37006,1
37007,3
37008,3
37009,1
37010,1
37011,1
37012,2
37013,2
37014,2
37015,1
37016,1
37017,1
37018,2
37019,1
37020,2
37021,7
37022,3
37023,1
37024,1
37025,2
37026,1
37027,2
37028,5
37029,4
37030,3
37031,2
37032,1
37033,3
37034,1
37035,3
37036,2
37037,3
37038,1
37039,2
37040,1
37041,3
37042,4
37043,1
37044,2
37045,5
37046,2
37047,3
37048,3
37049,1
37050,4
37051,1
37052,2
37053,2
37054,3
37055,1
37056,5
37057,3
37058,3
37059,1
37060,3
37061,1
37062,5
37063,3
37064,2
37065,2
37066,2
37067,6
37068,1
37069,2
37070,3
37071,3
37072,5
37073,4
37074,3
37075,3
37076,2
37077,1
37078,1
37079,2
37080,3
37081,3
37082,2
37083,1
37084,2
37085,1
37086,2
37087,4
37088,1
37089,2
37090,1
37091,3
37092,3
37093,1
37094,1
37095,1
37096,2
37097,2
37098,2
37099,2
37100,2
37101,2
37102,2
37103,1
37104,2
37105,4
37106,4
37107,1
37108,1
37109,4
37110,2
37111,3
37112,2
37113,1
37114,2
37115,4
37116,2
37117,1
37118,2
37119,1
37120,1
37121,2
37122,2
37123,1
37124,1
37125,2
37126,1
37127,3
37128,3
37129,4
37130,4
37131,4
37132,2
37133,2
37134,5
37135,3
37136,1
37137,1
37138,4
37139,3
37140,3
37141,3
37142,3
37143,2
37144,3
37145,5
37146,5
37147,1
37148,1
37149,2
37150,1
37151,2
37152,3
37153,1
37154,3
37155,1
37156,3
37157,3
37158,1
37159,1
37160,3
37161,2
37162,2
37163,1
37164,2
37165,4
37166,2
37167,3
37168,2
37169,2
37170,3
37171,3
37172,1
37173,2
37174,3
37175,3
37176,3
37177,6
37178,5
37179,2
37180,3
37181,3
37182,2
37183,2
37184,3
37185,5
37186,2
37187,3
37188,2
37189,2
37190,1
37191,1
37192,3
37193,4
37194,2
37195,2
37196,1
37197,3
37198,1
37199,3
37200,2
37201,1
37202,1
37203,2
37204,3
37205,1
37206,4
37207,3
37208,5
37209,3
37210,3
37211,1
37212,3
37213,2
37214,4
37215,1
37216,5
37217,1
37218,2
37219,4
37220,2
37221,4
37222,3
37223,4
37224,1
37225,4
37226,1
37227,4
37228,1
37229,3
37230,3
37231,3
37232,4
37233,1
37234,3
37235,3
37236,3
37237,6
37238,2
37239,2
37240,3
37241,2
37242,2
37243,1
37244,2
37245,4
37246,2
37247,1
37248,2
37249,2
37250,3
37251,3
37252,3
37253,1
37254,1
37255,2
37256,1
37257,2
37258,1
37259,7
37260,1
37261,5
37262,4
37263,2
37264,5
37265,3
37266,3
37267,2
37268,1
37269,1
37270,1
37271,1
37272,1
37273,4
37274,1
37275,2
37276,2
37277,3
37278,2
37279,3
37280,7
37281,1
37282,1
37283,3
37284,2
37285,2
37286,4
37287,3
37288,3
37289,2
37290,1
37291,1
37292,1
37293,3
37294,1
37295,5
37296,2
37297,5
37298,1
37299,3
37300,3
37301,2
37302,1
37303,2
37304,3
37305,2
37306,2
37307,1
37308,2
37309,3
37310,1
37311,3
37312,3
37313,3
37314,2
37315,2
37316,1
37317,2
37318,2
37319,1
37320,4
37321,2
37322,8
37323,1
37324,3
37325,1
37326,2
37327,2
37328,2
37329,1
37330,3
37331,3
37332,1
37333,1
37334,4
37335,2
37336,3
37337,3
37338,3
37339,2
37340,1
37341,3
37342,2
37343,1
37344,3
37345,2
37346,3
37347,8
37348,4
37349,1
37350,3
37351,1
37352,3
37353,2
37354,6
37355,1
37356,3
37357,2
37358,2
37359,1
37360,2
37361,1
37362,3
37363,2
37364,1
37365,3
37366,1
37367,3
37368,5
37369,1
37370,1
37371,3
37372,1
37373,2
37374,5
37375,1
37376,1
37377,2
37378,3
37379,4
37380,1
37381,2
37382,2
37383,3
37384,2
37385,2
37386,3
37387,2
37388,3
37389,1
37390,2
37391,3
37392,6
37393,2
37394,2
37395,2
37396,2
37397,1
37398,3
37399,5
37400,2
37401,3
37402,1
37403,2
37404,2
37405,1
37406,2
37407,2
37408,2
37409,2
37410,2
37411,1
37412,3
37413,1
37414,4
37415,2
37416,5
37417,2
37418,3
37419,1
37420,4
37421,3
37422,1
37423,4
37424,2
37425,4
37426,3
37427,1
37428,2
37429,2
37430,5
37431,2
37432,3
37433,2
37434,3
37435,1
37436,3
37437,2
37438,5
37439,2
37440,5
37441,1
37442,3
37443,3
37444,1
37445,1
37446,4
37447,6
37448,1
37449,2
37450,1
37451,2
37452,2
37453,4
37454,1
37455,5
37456,1
37457,2
37458,2
37459,5
37460,1
37461,2
37462,4
37463,2
37464,2
37465,5
37466,4
37467,2
37468,4
37469,1
37470,1
37471,5
37472,2
37473,2
37474,6
37475,2
37476,2
37477,3
37478,1
37479,3
37480,4
37481,1
37482,2
37483,1
37484,2
37485,3
37486,2
37487,1
37488,1
37489,4
37490,1
37491,4
37492,2
37493,2
37494,2
37495,1
37496,1
37497,3
37498,2
37499,3
37500,3
37501,1
37502,1
37503,4
37504,2
37505,3
37506,1
37507,1
37508,3
37509,3
37510,2
37511,1
37512,1
37513,4
37514,1
37515,3
37516,2
37517,4
37518,3
37519,3
37520,2
37521,1
37522,4
37523,4
37524,2
37525,3
37526,3
37527,4
37528,1
37529,2
37530,1
37531,6
37532,2
37533,1
37534,1
37535,4
37536,2
37537,1
37538,6
37539,4
37540,1
37541,2
37542,4
37543,2
37544,2
37545,4
37546,1
37547,3
37548,1
37549,4
37550,5
37551,4
37552,4
37553,3
37554,3
37555,1
37556,2
37557,2
37558,1
37559,3
37560,4
37561,5
37562,3
37563,1
37564,1
37565,1
37566,1
37567,1
37568,1
37569,2
37570,1
37571,2
37572,5
37573,1
37574,1
37575,1
37576,2
37577,1
37578,3
37579,3
37580,2
37581,2
37582,2
37583,2
37584,2
37585,1
37586,1
37587,4
37588,2
37589,5
37590,1
37591,1
37592,1
37593,1
37594,4
37595,3
37596,1
37597,1
37598,2
37599,1
37600,2
37601,1
37602,4
37603,7
37604,2
37605,2
37606,3
37607,5
37608,2
37609,3
37610,1
37611,3
37612,1
37613,5
37614,3
37615,1
37616,1
37617,2
37618,2
37619,4
37620,5
37621,2
37622,2
37623,3
37624,3
37625,3
37626,3
37627,6
37628,2
37629,4
37630,4
37631,1
37632,1
37633,1
37634,3
37635,2
37636,1
37637,3
37638,1
37639,2
37640,2
37641,3
37642,3
37643,3
37644,2
37645,3
37646,5
37647,2
37648,4
37649,1
37650,2
37651,5
37652,3
37653,4
37654,2
37655,4
37656,2
37657,1
37658,3
37659,4
37660,2
37661,3
37662,2
37663,2
37664,4
37665,2
37666,2
37667,3
37668,1
37669,3
37670,1
37671,1
37672,4
37673,4
37674,4
37675,1
37676,2
37677,3
37678,1
37679,2
37680,3
37681,2
37682,2
37683,4
37684,4
37685,2
37686,3
37687,2
37688,4
37689,6
37690,5
37691,1
37692,2
37693,2
37694,1
37695,5
37696,4
37697,1
37698,3
37699,1
37700,4
37701,1
37702,3
37703,2
37704,3
37705,3
37706,3
37707,2
37708,1
37709,2
37710,3
37711,3
37712,2
37713,2
37714,3
37715,2
37716,1
37717,2
37718,1
37719,1
37720,1
37721,8
37722,6
37723,1
37724,2
37725,2
37726,2
37727,2
37728,1
37729,3
37730,1
37731,1
37732,3
37733,1
37734,1
37735,1
37736,4
37737,5
37738,1
37739,1
37740,2
37741,3
37742,2
37743,2
37744,6
37745,2
37746,3
37747,6
37748,2
37749,5
37750,2
37751,1
37752,2
37753,3
37754,2
37755,2
37756,2
37757,1
37758,4
37759,3
37760,1
37761,1
37762,2
37763,2
37764,3
37765,4
37766,1
37767,1
37768,2
37769,2
37770,1
37771,2
37772,1
37773,1
37774,1
37775,2
37776,2
37777,1
37778,1
37779,3
37780,3
37781,3
37782,5
37783,3
37784,4
37785,2
37786,3
37787,4
37788,2
37789,3
37790,2
37791,3
37792,2
37793,4
37794,2
37795,1
37796,4
37797,5
37798,5
37799,2
37800,2
37801,7
37802,4
37803,2
37804,2
37805,1
37806,3
37807,6
37808,5
37809,2
37810,1
37811,2
37812,6
37813,2
37814,4
37815,1
37816,1
37817,4
37818,3
37819,2
37820,1
37821,2
37822,5
37823,2
37824,4
37825,2
37826,3
37827,6
37828,4
37829,1
37830,2
37831,3
37832,1
37833,4
37834,5
37835,4
37836,3
37837,3
37838,1
37839,1
37840,1
37841,5
37842,2
37843,2
37844,2
37845,1
37846,1
37847,5
37848,1
37849,1
37850,4
37851,2
37852,2
37853,1
37854,3
37855,3
37856,3
37857,1
37858,2
37859,3
37860,3
37861,3
37862,1
37863,3
37864,2
37865,2
37866,1
37867,1
37868,2
37869,2
37870,2
37871,1
37872,4
37873,1
37874,1
37875,5
37876,4
37877,2
37878,1
37879,4
37880,1
37881,2
37882,1
37883,2
37884,2
37885,3
37886,2
37887,1
37888,2
37889,3
37890,2
37891,4
37892,1
37893,3
37894,3
37895,4
37896,3
37897,2
37898,7
37899,3
37900,3
37901,3
37902,1
37903,5
37904,1
37905,2
37906,4
37907,1
37908,1
37909,3
37910,1
37911,3
37912,6
37913,1
37914,4
37915,3
37916,2
37917,1
37918,2
37919,4
37920,1
37921,2
37922,3
37923,2
37924,1
37925,1
37926,1
37927,1
37928,5
37929,5
37930,4
37931,3
37932,2
37933,4
37934,4
37935,5
37936,1
37937,5
37938,1
37939,6
37940,2
37941,4
37942,4
37943,7
37944,1
37945,3
37946,2
37947,2
37948,2
37949,5
37950,2
37951,2
37952,2
37953,2
37954,1
37955,1
37956,5
37957,3
37958,2
37959,2
37960,2
37961,1
37962,2
37963,3
37964,4
37965,5
37966,3
37967,1
37968,1
37969,3
37970,4
37971,4
37972,5
37973,3
37974,4
37975,3
37976,4
37977,2
37978,3
37979,1
37980,2
37981,1
37982,3
37983,3
37984,2
37985,3
37986,3
37987,2
37988,1
37989,2
37990,4
37991,2
37992,1
37993,1
37994,4
37995,2
37996,2
37997,2
37998,2
37999,1
38000,1
38001,3
38002,1
38003,4
38004,2
38005,1
38006,4
38007,2
38008,1
38009,1
38010,2
38011,3
38012,2
38013,4
38014,1
38015,2
38016,1
38017,3
38018,6
38019,1
38020,1
38021,2
38022,4
38023,3
38024,3
38025,1
38026,1
38027,5
38028,2
38029,2
38030,2
38031,2
38032,2
38033,3
38034,2
38035,2
38036,2
38037,1
38038,4
38039,2
38040,1
38041,1
38042,1
38043,1
38044,3
38045,1
38046,3
38047,1
38048,3
38049,2
38050,2
38051,7
38052,4
38053,2
38054,1
38055,3
38056,2
38057,1
38058,2
38059,1
38060,3
38061,3
38062,1
38063,3
38064,5
38065,3
38066,5
38067,3
38068,4
38069,3
38070,4
38071,3
38072,2
38073,6
38074,2
38075,5
38076,2
38077,2
38078,7
38079,3
38080,2
38081,1
38082,3
38083,1
38084,6
38085,2
38086,2
38087,1
38088,3
38089,5
38090,1
38091,4
38092,2
38093,1
38094,5
38095,2
38096,4
38097,3
38098,3
38099,3
38100,2
38101,1
38102,4
38103,1
38104,3
38105,1
38106,3
38107,3
38108,5
38109,4
38110,3
38111,2
38112,1
38113,1
38114,1
38115,2
38116,1
38117,1
38118,2
38119,1
38120,2
38121,1
38122,3
38123,3
38124,4
38125,1
38126,2
38127,4
38128,3
38129,3
38130,1
38131,1
38132,3
38133,1
38134,1
38135,2
38136,1
38137,4
38138,7
38139,1
38140,1
38141,5
38142,1
38143,2
38144,1
38145,2
38146,2
38147,2
38148,4
38149,3
38150,2
38151,3
38152,2
38153,2
38154,2
38155,2
38156,2
38157,1
38158,2
38159,1
38160,2
38161,5
38162,3
38163,1
38164,6
38165,1
38166,4
38167,4
38168,1
38169,4
38170,3
38171,2
38172,3
38173,1
38174,2
38175,3
38176,4
38177,2
38178,2
38179,1
38180,1
38181,2
38182,5
38183,1
38184,4
38185,1
38186,1
38187,2
38188,1
38189,2
38190,3
38191,3
38192,2
38193,2
38194,2
38195,2
38196,5
38197,2
38198,2
38199,6
38200,2
38201,5
38202,2
38203,5
38204,1
38205,2
38206,4
38207,1
38208,1
38209,6
38210,2
38211,1
38212,2
38213,8
38214,4
38215,2
38216,2
38217,2
38218,1
38219,2
38220,2
38221,2
38222,1
38223,1
38224,1
38225,5
38226,4
38227,2
38228,2
38229,1
38230,2
38231,2
38232,3
38233,2
38234,2
38235,2
38236,2
38237,2
38238,2
38239,1
38240,2
38241,2
38242,3
38243,4
38244,1
38245,2
38246,5
38247,3
38248,2
38249,7
38250,2
38251,2
38252,1
38253,2
38254,2
38255,2
38256,4
38257,3
38258,1
38259,6
38260,1
38261,2
38262,2
38263,2
38264,2
38265,2
38266,3
38267,2
38268,1
38269,4
38270,1
38271,2
38272,7
38273,2
38274,2
38275,1
38276,1
38277,3
38278,2
38279,2
38280,2
38281,6
38282,1
38283,3
38284,4
38285,1
38286,4
38287,3
38288,1
38289,2
38290,4
38291,4
38292,1
38293,3
38294,2
38295,5
38296,2
38297,2
38298,3
38299,1
38300,4
38301,7
38302,2
38303,3
38304,1
38305,4
38306,1
38307,3
38308,3
38309,4
38310,4
38311,1
38312,1
38313,2
38314,2
38315,2
38316,4
38317,1
38318,2
38319,2
38320,3
38321,2
38322,3
38323,5
38324,3
38325,1
38326,6
38327,1
38328,1
38329,5
38330,7
38331,3
38332,3
38333,1
38334,2
38335,2
38336,4
38337,5
38338,2
38339,1
38340,4
38341,2
38342,3
38343,3
38344,4
38345,2
38346,2
38347,6
38348,2
38349,4
38350,1
38351,1
38352,1
38353,3
38354,3
38355,3
38356,6
38357,2
38358,2
38359,1
38360,2
38361,2
38362,3
38363,3
38364,3
38365,3
38366,3
38367,1
38368,2
38369,2
38370,3
38371,4
38372,1
38373,1
38374,3
38375,5
38376,1
38377,2
38378,2
38379,5
38380,3
38381,1
38382,3
38383,3
38384,3
38385,1
38386,1
38387,2
38388,2
38389,2
38390,3
38391,1
38392,1
38393,3
38394,1
38395,4
38396,3
38397,3
38398,1
38399,3
38400,1
38401,3
38402,2
38403,2
38404,3
38405,4
38406,3
38407,1
38408,3
38409,1
38410,3
38411,3
38412,3
38413,3
38414,2
38415,1
38416,2
38417,2
38418,3
38419,1
38420,3
38421,3
38422,4
38423,5
38424,3
38425,5
38426,2
38427,2
38428,2
38429,3
38430,2
38431,3
38432,4
38433,1
38434,2
38435,4
38436,3
38437,2
38438,1
38439,1
38440,4
38441,2
38442,1
38443,2
38444,2
38445,1
38446,2
38447,4
38448,4
38449,1
38450,3
38451,2
38452,2
38453,4
38454,3
38455,1
38456,1
38457,2
38458,4
38459,2
38460,3
38461,3
38462,2
38463,3
38464,3
38465,2
38466,1
38467,4
38468,5
38469,1
38470,3
38471,2
38472,2
38473,2
38474,2
38475,2
38476,2
38477,2
38478,6
38479,3
38480,1
38481,2
38482,1
38483,3
38484,2
38485,2
38486,2
38487,7
38488,4
38489,2
38490,3
38491,2
38492,1
38493,3
38494,2
38495,3
38496,2
38497,2
38498,1
38499,1
38500,1
38501,2
38502,5
38503,3
38504,4
38505,1
38506,2
38507,3
38508,3
38509,1
38510,4
38511,3
38512,3
38513,2
38514,5
38515,5
38516,5
38517,2
38518,3
38519,3
38520,2
38521,1
38522,4
38523,2
38524,1
38525,1
38526,3
38527,1
38528,3
38529,7
38530,2
38531,3
38532,1
38533,2
38534,3
38535,5
38536,2
38537,1
38538,2
38539,1
38540,2
38541,2
38542,5
38543,1
38544,3
38545,1
38546,1
38547,1
38548,3
38549,1
38550,3
38551,1
38552,4
38553,2
38554,3
38555,1
38556,3
38557,4
38558,4
38559,1
38560,2
38561,2
38562,4
38563,2
38564,1
38565,1
38566,3
38567,2
38568,6
38569,2
38570,2
38571,1
38572,4
38573,3
38574,1
38575,2
38576,2
38577,4
38578,2
38579,3
38580,1
38581,2
38582,2
38583,1
38584,2
38585,3
38586,3
38587,1
38588,4
38589,1
38590,3
38591,4
38592,3
38593,2
38594,3
38595,2
38596,1
38597,4
38598,4
38599,1
38600,3
38601,3
38602,1
38603,1
38604,2
38605,3
38606,2
38607,4
38608,6
38609,1
38610,3
38611,2
38612,2
38613,5
38614,3
38615,1
38616,1
38617,2
38618,1
38619,4
38620,3
38621,1
38622,4
38623,4
38624,2
38625,4
38626,4
38627,3
38628,2
38629,3
38630,4
38631,5
38632,2
38633,1
38634,1
38635,1
38636,2
38637,2
38638,3
38639,1
38640,2
38641,2
38642,3
38643,3
38644,3
38645,1
38646,1
38647,3
38648,2
38649,1
38650,3
38651,7
38652,1
38653,2
38654,3
38655,7
38656,2
38657,3
38658,5
38659,2
38660,2
38661,2
38662,1
38663,3
38664,3
38665,1
38666,3
38667,4
38668,1
38669,4
38670,2
38671,2
38672,4
38673,1
38674,4
38675,1
38676,4
38677,2
38678,3
38679,3
38680,1
38681,2
38682,1
38683,2
38684,3
38685,1
38686,3
38687,2
38688,5
38689,3
38690,1
38691,1
38692,1
38693,1
38694,2
38695,1
38696,2
38697,1
38698,2
38699,2
38700,2
38701,3
38702,1
38703,4
38704,4
38705,2
38706,5
38707,1
38708,2
38709,2
38710,3
38711,2
38712,3
38713,7
38714,4
38715,1
38716,1
38717,4
38718,1
38719,4
38720,1
38721,4
38722,1
38723,3
38724,2
38725,1
38726,3
38727,3
38728,2
38729,3
38730,2
38731,4
38732,4
38733,2
38734,4
38735,1
38736,5
38737,2
38738,1
38739,4
38740,2
38741,1
38742,2
38743,1
38744,1
38745,2
38746,1
38747,2
38748,1
38749,2
38750,2
38751,3
38752,1
38753,5
38754,3
38755,4
38756,4
38757,1
38758,1
38759,3
38760,2
38761,2
38762,2
38763,2
38764,5
38765,4
38766,1
38767,1
38768,1
38769,1
38770,2
38771,2
38772,4
38773,6
38774,2
38775,3
38776,2
38777,3
38778,1
38779,2
38780,1
38781,1
38782,3
38783,1
38784,2
38785,2
38786,4
38787,3
38788,1
38789,1
38790,1
38791,3
38792,1
38793,4
38794,2
38795,3
38796,3
38797,3
38798,1
38799,6
38800,4
38801,6
38802,2
38803,4
38804,3
38805,2
38806,1
38807,3
38808,2
38809,2
38810,3
38811,2
38812,3
38813,3
38814,4
38815,4
38816,1
38817,2
38818,2
38819,2
38820,1
38821,3
38822,3
38823,1
38824,2
38825,1
38826,3
38827,1
38828,2
38829,5
38830,1
38831,1
38832,2
38833,5
38834,3
38835,4
38836,3
38837,1
38838,4
38839,3
38840,1
38841,2
38842,5
38843,4
38844,4
38845,5
38846,5
38847,6
38848,2
38849,2
38850,5
38851,4
38852,3
38853,2
38854,2
38855,2
38856,4
38857,3
38858,1
38859,1
38860,2
38861,8
38862,2
38863,2
38864,2
38865,5
38866,2
38867,1
38868,3
38869,3
38870,4
38871,3
38872,3
38873,3
38874,2
38875,2
38876,3
38877,3
38878,2
38879,4
38880,3
38881,2
38882,1
38883,4
38884,1
38885,5
38886,1
38887,3
38888,3
38889,1
38890,2
38891,5
38892,4
38893,6
38894,1
38895,2
38896,1
38897,2
38898,3
38899,2
38900,2
38901,4
38902,2
38903,4
38904,1
38905,3
38906,2
38907,2
38908,1
38909,3
38910,4
38911,2
38912,2
38913,3
38914,3
38915,3
38916,1
38917,1
38918,1
38919,3
38920,1
38921,4
38922,1
38923,3
38924,6
38925,3
38926,4
38927,1
38928,4
38929,1
38930,2
38931,2
38932,3
38933,2
38934,2
38935,1
38936,1
38937,2
38938,1
38939,4
38940,1
38941,4
38942,2
38943,4
38944,3
38945,5
38946,2
38947,2
38948,3
38949,4
38950,1
38951,3
38952,4
38953,3
38954,5
38955,3
38956,3
38957,2
38958,1
38959,4
38960,3
38961,3
38962,2
38963,2
38964,3
38965,4
38966,3
38967,1
38968,2
38969,2
38970,2
38971,2
38972,2
38973,1
38974,3
38975,3
38976,4
38977,1
38978,1
38979,1
38980,2
38981,9
38982,3
38983,2
38984,2
38985,2
38986,1
38987,2
38988,2
38989,3
38990,1
38991,3
38992,2
38993,2
38994,5
38995,3
38996,4
38997,1
38998,2
38999,2
39000,3
39001,1
39002,1
39003,1
39004,1
39005,4
39006,4
39007,1
39008,3
39009,2
39010,2
39011,2
39012,1
39013,1
39014,5
39015,2
39016,5
39017,5
39018,2
39019,2
39020,1
39021,5
39022,2
39023,2
39024,4
39025,5
39026,3
39027,5
39028,3
39029,1
39030,2
39031,3
39032,2
39033,1
39034,2
39035,3
39036,5
39037,3
39038,1
39039,4
39040,7
39041,5
39042,2
39043,2
39044,3
39045,2
39046,1
39047,1
39048,3
39049,2
39050,2
39051,2
39052,2
39053,1
39054,1
39055,2
39056,1
39057,1
39058,3
39059,2
39060,3
39061,2
39062,2
39063,3
39064,4
39065,3
39066,1
39067,3
39068,1
39069,2
39070,4
39071,2
39072,2
39073,4
39074,3
39075,2
39076,3
39077,2
39078,4
39079,4
39080,4
39081,2
39082,1
39083,4
39084,1
39085,4
39086,1
39087,2
39088,4
39089,3
39090,2
39091,1
39092,4
39093,3
39094,3
39095,2
39096,3
39097,1
39098,3
39099,2
39100,2
39101,3
39102,6
39103,4
39104,2
39105,2
39106,3
39107,4
39108,5
39109,1
39110,2
39111,2
39112,4
39113,2
39114,1
39115,1
39116,3
39117,4
39118,1
39119,1
39120,8
39121,1
39122,2
39123,1
39124,2
39125,6
39126,4
39127,4
39128,1
39129,2
39130,2
39131,3
39132,2
39133,2
39134,3
39135,1
39136,3
39137,2
39138,1
39139,3
39140,2
39141,1
39142,4
39143,1
39144,3
39145,5
39146,2
39147,3
39148,1
39149,1
39150,2
39151,3
39152,2
39153,1
39154,2
39155,1
39156,6
39157,4
39158,2
39159,4
39160,5
39161,1
39162,2
39163,5
39164,1
39165,3
39166,2
39167,4
39168,4
39169,3
39170,2
39171,1
39172,2
39173,2
39174,3
39175,2
39176,3
39177,3
39178,2
39179,2
39180,2
39181,5
39182,4
39183,5
39184,1
39185,3
39186,4
39187,2
39188,2
39189,3
39190,5
39191,3
39192,6
39193,4
39194,2
39195,3
39196,4
39197,6
39198,3
39199,1
39200,4
39201,3
39202,1
39203,1
39204,5
39205,3
39206,1
39207,2
39208,2
39209,2
39210,2
39211,2
39212,1
39213,2
39214,1
39215,5
39216,3
39217,6
39218,2
39219,3
39220,3
39221,2
39222,2
39223,3
39224,2
39225,1
39226,3
39227,5
39228,1
39229,1
39230,4
39231,3
39232,2
39233,2
39234,2
39235,3
39236,2
39237,3
39238,1
39239,1
39240,1
39241,3
39242,2
39243,2
39244,3
39245,2
39246,2
39247,6
39248,1
39249,1
39250,2
39251,1
39252,4
39253,2
39254,1
39255,2
39256,1
39257,1
39258,1
39259,2
39260,1
39261,2
39262,1
39263,2
39264,3
39265,3
39266,1
39267,5
39268,3
39269,3
39270,1
39271,1
39272,2
39273,5
39274,1
39275,5
39276,1
39277,3
39278,2
39279,3
39280,5
39281,1
39282,6
39283,1
39284,1
39285,1
39286,4
39287,3
39288,2
39289,4
39290,3
39291,4
39292,1
39293,4
39294,4
39295,1
39296,1
39297,2
39298,2
39299,2
39300,1
39301,2
39302,2
39303,3
39304,4
39305,2
39306,2
39307,1
39308,2
39309,3
39310,1
39311,2
39312,1
39313,3
39314,3
39315,2
39316,1
39317,1
39318,5
39319,6
39320,1
39321,4
39322,1
39323,5
39324,2
39325,1
39326,2
39327,2
39328,7
39329,1
39330,1
39331,4
39332,2
39333,5
39334,1
39335,2
39336,3
39337,2
39338,3
39339,2
39340,4
39341,3
39342,3
39343,2
39344,3
39345,2
39346,3
39347,3
39348,4
39349,2
39350,2
39351,4
39352,1
39353,2
39354,2
39355,5
39356,1
39357,1
39358,1
39359,2
39360,6
39361,1
39362,4
39363,1
39364,2
39365,5
39366,2
39367,2
39368,2
39369,2
39370,1
39371,1
39372,4
39373,6
39374,1
39375,3
39376,3
39377,6
39378,2
39379,2
39380,1
39381,1
39382,2
39383,1
39384,3
39385,2
39386,4
39387,1
39388,1
39389,3
39390,1
39391,2
39392,2
39393,2
39394,4
39395,1
39396,1
39397,3
39398,2
39399,1
39400,1
39401,2
39402,1
39403,5
39404,1
39405,5
39406,2
39407,1
39408,2
39409,4
39410,3
39411,2
39412,4
39413,4
39414,1
39415,1
39416,4
39417,1
39418,4
39419,2
39420,1
39421,3
39422,3
39423,2
39424,1
39425,1
39426,2
39427,3
39428,3
39429,2
39430,4
39431,1
39432,3
39433,3
39434,1
39435,2
39436,3
39437,4
39438,4
39439,2
39440,2
39441,2
39442,1
39443,4
39444,1
39445,1
39446,4
39447,3
39448,1
39449,1
39450,8
39451,5
39452,1
39453,1
39454,2
39455,1
39456,2
39457,4
39458,4
39459,2
39460,4
39461,2
39462,2
39463,2
39464,6
39465,1
39466,2
39467,2
39468,1
39469,1
39470,1
39471,5
39472,2
39473,1
39474,2
39475,8
39476,3
39477,5
39478,2
39479,3
39480,3
39481,2
39482,2
39483,1
39484,1
39485,2
39486,1
39487,2
39488,3
39489,3
39490,1
39491,1
39492,2
39493,3
39494,1
39495,3
39496,1
39497,3
39498,5
39499,2
39500,3
39501,3
39502,5
39503,4
39504,1
39505,2
39506,1
39507,1
39508,1
39509,3
39510,2
39511,5
39512,1
39513,4
39514,2
39515,4
39516,4
39517,1
39518,2
39519,5
39520,1
39521,2
39522,1
39523,1
39524,2
39525,2
39526,4
39527,3
39528,5
39529,3
39530,4
39531,2
39532,2
39533,1
39534,3
39535,3
39536,2
39537,6
39538,2
39539,4
39540,4
39541,3
39542,1
39543,1
39544,1
39545,5
39546,1
39547,5
39548,3
39549,4
39550,2
39551,1
39552,1
39553,4
39554,2
39555,2
39556,3
39557,1
39558,4
39559,1
39560,1
39561,5
39562,1
39563,7
39564,1
39565,2
39566,5
39567,2
39568,2
39569,3
39570,2
39571,3
39572,3
39573,1
39574,2
39575,4
39576,1
39577,1
39578,3
39579,5
39580,1
39581,1
39582,4
39583,2
39584,4
39585,5
39586,2
39587,3
39588,4
39589,2
39590,1
39591,3
39592,2
39593,2
39594,3
39595,2
39596,1
39597,4
39598,1
39599,3
39600,3
39601,4
39602,2
39603,1
39604,2
39605,4
39606,2
39607,2
39608,2
39609,1
39610,3
39611,3
39612,1
39613,1
39614,1
39615,4
39616,2
39617,4
39618,2
39619,3
39620,2
39621,3
39622,2
39623,2
39624,3
39625,1
39626,6
39627,4
39628,1
39629,4
39630,5
39631,2
39632,6
39633,3
39634,6
39635,1
39636,3
39637,1
39638,1
39639,1
39640,4
39641,2
39642,2
39643,3
39644,3
39645,5
39646,3
39647,1
39648,4
39649,3
39650,2
39651,1
39652,2
39653,2
39654,1
39655,3
39656,1
39657,2
39658,3
39659,1
39660,1
39661,1
39662,5
39663,2
39664,3
39665,4
39666,1
39667,1
39668,2
39669,3
39670,1
39671,1
39672,2
39673,1
39674,6
39675,1
39676,2
39677,3
39678,6
39679,4
39680,2
39681,4
39682,2
39683,5
39684,3
39685,3
39686,1
39687,2
39688,3
39689,3
39690,1
39691,2
39692,2
39693,1
39694,2
39695,3
39696,5
39697,6
39698,1
39699,3
39700,2
39701,1
39702,6
39703,1
39704,4
39705,2
39706,5
39707,2
39708,2
39709,5
39710,2
39711,2
39712,2
39713,4
39714,3
39715,2
39716,6
39717,3
39718,3
39719,3
39720,6
39721,1
39722,1
39723,2
39724,2
39725,3
39726,2
39727,2
39728,3
39729,1
39730,2
39731,2
39732,3
39733,3
39734,1
39735,3
39736,1
39737,1
39738,4
39739,2
39740,4
39741,4
39742,3
39743,2
39744,2
39745,1
39746,3
39747,3
39748,2
39749,2
39750,1
39751,2
39752,1
39753,2
39754,2
39755,2
39756,3
39757,4
39758,4
39759,3
39760,3
39761,2
39762,2
39763,2
39764,2
39765,2
39766,1
39767,1
39768,1
39769,5
39770,2
39771,2
39772,2
39773,3
39774,1
39775,2
39776,3
39777,3
39778,2
39779,1
39780,2
39781,1
39782,1
39783,2
39784,3
39785,3
39786,1
39787,2
39788,6
39789,2
39790,1
39791,3
39792,3
39793,2
39794,2
39795,2
39796,3
39797,5
39798,1
39799,4
39800,3
39801,2
39802,2
39803,1
39804,2
39805,1
39806,2
39807,1
39808,1
39809,2
39810,4
39811,4
39812,2
39813,2
39814,5
39815,2
39816,1
39817,1
39818,1
39819,3
39820,2
39821,3
39822,5
39823,2
39824,3
39825,4
39826,4
39827,2
39828,5
39829,1
39830,2
39831,3
39832,2
39833,5
39834,3
39835,3
39836,3
39837,2
39838,1
39839,2
39840,1
39841,4
39842,1
39843,1
39844,3
39845,3
39846,2
39847,1
39848,1
39849,2
39850,2
39851,3
39852,3
39853,7
39854,1
39855,1
39856,4
39857,1
39858,1
39859,2
39860,1
39861,2
39862,2
39863,2
39864,1
39865,1
39866,3
39867,3
39868,6
39869,2
39870,1
39871,2
39872,2
39873,2
39874,2
39875,3
39876,1
39877,2
39878,1
39879,2
39880,1
39881,1
39882,1
39883,4
39884,4
39885,4
39886,1
39887,2
39888,2
39889,2
39890,2
39891,3
39892,3
39893,1
39894,2
39895,2
39896,3
39897,1
39898,5
39899,1
39900,4
39901,2
39902,3
39903,1
39904,1
39905,2
39906,2
39907,1
39908,2
39909,2
39910,2
39911,1
39912,3
39913,3
39914,4
39915,3
39916,3
39917,4
39918,4
39919,1
39920,1
39921,1
39922,3
39923,5
39924,3
39925,2
39926,3
39927,1
39928,1
39929,4
39930,5
39931,2
39932,4
39933,1
39934,1
39935,4
39936,2
39937,1
39938,5
39939,2
39940,3
39941,3
39942,1
39943,1
39944,6
39945,1
39946,1
39947,1
39948,1
39949,5
39950,2
39951,1
39952,1
39953,1
39954,4
39955,1
39956,6
39957,3
39958,1
39959,2
39960,1
39961,6
39962,1
39963,3
39964,1
39965,1
39966,2
39967,1
39968,3
39969,5
39970,2
39971,1
39972,1
39973,2
39974,2
39975,2
39976,2
39977,3
39978,5
39979,3
39980,1
39981,1
39982,2
39983,1
39984,2
39985,2
39986,2
39987,2
39988,6
39989,2
39990,1
39991,3
39992,3
39993,2
39994,4
39995,1
39996,2
39997,2
39998,1
39999,1
40000,2
40001,4
40002,3
40003,4
40004,2
40005,1
40006,1
40007,4
40008,3
40009,1
40010,3
40011,4
40012,1
40013,2
40014,3
40015,1
40016,3
40017,3
40018,1
40019,2
40020,3
40021,2
40022,1
40023,1
40024,1
40025,3
40026,5
40027,1
40028,2
40029,2
40030,4
40031,2
40032,2
40033,4
40034,2
40035,3
40036,1
40037,2
40038,2
40039,2
40040,1
40041,3
40042,2
40043,1
40044,2
40045,1
40046,3
40047,4
40048,2
40049,2
40050,3
40051,2
40052,1
40053,1
40054,2
40055,4
40056,2
40057,4
40058,2
40059,3
40060,1
40061,2
40062,1
40063,3
40064,1
40065,2
40066,2
40067,1
40068,2
40069,1
40070,2
40071,2
40072,1
40073,2
40074,1
40075,2
40076,6
40077,5
40078,4
40079,1
40080,3
40081,1
40082,1
40083,5
40084,2
40085,3
40086,2
40087,3
40088,2
40089,5
40090,2
40091,3
40092,3
40093,3
40094,3
40095,1
40096,2
40097,2
40098,1
40099,2
40100,1
40101,1
40102,5
40103,3
40104,1
40105,1
40106,1
40107,1
40108,3
40109,7
40110,3
40111,2
40112,5
40113,2
40114,1
40115,2
40116,4
40117,1
40118,3
40119,4
40120,3
40121,1
40122,3
40123,1
40124,1
40125,3
40126,1
40127,1
40128,1
40129,2
40130,1
40131,1
40132,5
40133,3
40134,2
40135,2
40136,3
40137,3
40138,4
40139,2
40140,1
40141,4
40142,1
40143,1
40144,4
40145,2
40146,1
40147,1
40148,4
40149,2
40150,3
40151,2
40152,3
40153,5
40154,2
40155,1
40156,1
40157,1
40158,2
40159,5
40160,3
40161,2
40162,2
40163,3
40164,2
40165,2
40166,2
40167,4
40168,3
40169,6
40170,4
40171,5
40172,2
40173,2
40174,2
40175,1
40176,1
40177,3
40178,2
40179,4
40180,3
40181,4
40182,1
40183,1
40184,2
40185,3
40186,3
40187,2
40188,2
40189,2
40190,3
40191,3
40192,2
40193,3
40194,1
40195,4
40196,3
40197,4
40198,5
40199,3
40200,2
40201,2
40202,3
40203,1
40204,3
40205,4
40206,5
40207,1
40208,2
40209,1
40210,2
40211,4
40212,3
40213,2
40214,5
40215,2
40216,2
40217,1
40218,4
40219,2
40220,3
40221,3
40222,2
40223,4
40224,5
40225,5
40226,2
40227,1
40228,1
40229,6
40230,2
40231,4
40232,2
40233,3
40234,3
40235,1
40236,2
40237,6
40238,1
40239,1
40240,2
40241,1
40242,1
40243,1
40244,3
40245,2
40246,6
40247,4
40248,4
40249,6
40250,4
40251,2
40252,1
40253,4
40254,1
40255,1
40256,2
40257,3
40258,6
40259,2
40260,2
40261,2
40262,1
40263,5
40264,2
40265,1
40266,5
40267,1
40268,2
40269,2
40270,3
40271,2
40272,4
40273,3
40274,2
40275,4
40276,1
40277,1
40278,5
40279,3
40280,1
40281,2
40282,2
40283,3
40284,2
40285,5
40286,2
40287,2
40288,2
40289,2
40290,1
40291,4
40292,5
40293,2
40294,1
40295,1
40296,2
40297,2
40298,2
40299,3
40300,2
40301,2
40302,2
40303,3
40304,1
40305,3
40306,2
40307,4
40308,1
40309,3
40310,2
40311,1
40312,2
40313,2
40314,4
40315,5
40316,2
40317,3
40318,2
40319,3
40320,2
40321,1
40322,3
40323,1
40324,4
40325,2
40326,2
40327,2
40328,3
40329,2
40330,4
40331,4
40332,2
40333,3
40334,3
40335,2
40336,2
40337,1
40338,5
40339,3
40340,4
40341,3
40342,3
40343,4
40344,4
40345,5
40346,3
40347,4
40348,3
40349,3
40350,5
